office,state_po,district,special,ext_D,ext_R,scored_D,scored_R,ideology_gap,year
HOUSE,AK,0,False,0.0,-0.493,False,True,-0.493,2018
HOUSE,AL,1,False,0.0,-0.0209999999999999,False,True,-0.0209999999999999,2018
HOUSE,AL,2,False,0.0,0.074,False,True,0.074,2018
HOUSE,AL,3,False,0.0,-0.02,False,True,-0.02,2018
HOUSE,AL,4,False,0.0,-0.0609999999999999,False,True,-0.0609999999999999,2018
HOUSE,AL,5,False,0.0,-0.0309999999999999,False,True,-0.0309999999999999,2018
HOUSE,AL,6,False,0.0,0.213,False,True,0.213,2018
HOUSE,AL,7,False,-0.39,,True,,0.39,2018
HOUSE,AR,1,False,0.0,-0.048,False,True,-0.048,2018
HOUSE,AR,2,False,0.0,-0.1809999999999999,False,True,-0.1809999999999999,2018
HOUSE,AR,3,False,0.0,-0.1809999999999999,False,True,-0.1809999999999999,2018
HOUSE,AR,4,False,0.0,-0.014,False,True,-0.014,2018
HOUSE,AZ,1,False,0.295,0.167,True,True,-0.128,2018
HOUSE,AZ,2,False,0.3269999999999999,0.0,True,False,-0.3269999999999999,2018
HOUSE,AZ,3,False,0.238,0.0,True,False,-0.238,2018
HOUSE,AZ,4,False,0.0,0.026,False,True,0.026,2018
HOUSE,AZ,5,False,0.0,0.209,False,True,0.209,2018
HOUSE,AZ,6,False,0.0,0.02,False,True,0.02,2018
HOUSE,AZ,7,False,-0.122,,True,,0.122,2018
HOUSE,AZ,8,False,0.0,0.0,False,False,0.0,2018
HOUSE,AZ,9,False,0.0,0.0,False,False,0.0,2018
HOUSE,CA,1,False,0.0,-0.058,False,True,-0.058,2018
HOUSE,CA,2,False,0.276,0.6220000000000001,True,True,0.3460000000000001,2018
HOUSE,CA,3,False,-0.149,-0.0729999999999999,True,True,0.076,2018
HOUSE,CA,4,False,0.0,0.149,False,True,0.149,2018
HOUSE,CA,5,False,-0.0789999999999999,,True,,0.0789999999999999,2018
HOUSE,CA,6,False,0.002,,True,,-0.002,2018
HOUSE,CA,7,False,0.29,0.0,True,False,-0.29,2018
HOUSE,CA,8,False,,-0.868,,True,-0.868,2018
HOUSE,CA,9,False,0.409,0.0,True,False,-0.409,2018
HOUSE,CA,10,False,0.0,-0.273,False,True,-0.273,2018
HOUSE,CA,11,False,0.146,0.0,True,False,-0.146,2018
HOUSE,CA,12,False,0.289,0.0,True,False,-0.289,2018
HOUSE,CA,13,False,0.381,,True,,-0.381,2018
HOUSE,CA,14,False,0.258,0.0,True,False,-0.258,2018
HOUSE,CA,15,False,0.04,0.0,True,False,-0.04,2018
HOUSE,CA,16,False,-0.751,0.0,True,False,0.751,2018
HOUSE,CA,17,False,-0.022,0.4630000000000001,True,True,0.4850000000000001,2018
HOUSE,CA,18,False,0.1889999999999999,0.0,True,False,-0.1889999999999999,2018
HOUSE,CA,19,False,0.141,0.0,True,False,-0.141,2018
HOUSE,CA,20,False,-0.368,,True,,0.368,2018
HOUSE,CA,21,False,0.287,-0.072,True,True,-0.3590000000000001,2018
HOUSE,CA,22,False,0.0,-0.0989999999999999,False,True,-0.0989999999999999,2018
HOUSE,CA,23,False,0.0,-0.363,False,True,-0.363,2018
HOUSE,CA,24,False,0.263,-0.1929999999999999,True,True,-0.4559999999999999,2018
HOUSE,CA,25,False,0.0,0.054,False,True,0.054,2018
HOUSE,CA,26,False,0.369,0.0,True,False,-0.369,2018
HOUSE,CA,27,False,-0.061,,True,,0.061,2018
HOUSE,CA,28,False,-0.014,0.0,True,False,0.014,2018
HOUSE,CA,29,False,-0.216,-1.12,True,True,-0.904,2018
HOUSE,CA,30,False,-0.256,0.0,True,False,0.256,2018
HOUSE,CA,31,False,0.15,-0.478,True,True,-0.628,2018
HOUSE,CA,32,False,-0.062,0.0,True,False,0.062,2018
HOUSE,CA,33,False,-0.132,-0.4279999999999999,True,True,-0.2959999999999999,2018
HOUSE,CA,34,False,0.0,,False,,0.0,2018
HOUSE,CA,35,False,-0.159,0.0,True,False,0.159,2018
HOUSE,CA,36,False,0.172,0.0,True,False,-0.172,2018
HOUSE,CA,37,False,0.3219999999999999,0.0,True,False,-0.3219999999999999,2018
HOUSE,CA,38,False,0.0729999999999999,0.0,True,False,-0.0729999999999999,2018
HOUSE,CA,39,False,0.0,0.0,False,False,0.0,2018
HOUSE,CA,40,False,-0.029,,True,,0.029,2018
HOUSE,CA,41,False,0.244,0.0,True,False,-0.244,2018
HOUSE,CA,42,False,0.0,-0.285,False,True,-0.285,2018
HOUSE,CA,43,False,0.144,0.054,True,True,-0.0899999999999999,2018
HOUSE,CA,44,False,0.253,,True,,-0.253,2018
HOUSE,CA,45,False,0.0,0.0569999999999999,False,True,0.0569999999999999,2018
HOUSE,CA,46,False,-0.353,0.0,True,False,0.353,2018
HOUSE,CA,47,False,0.04,0.0,True,False,-0.04,2018
HOUSE,CA,48,False,0.0,-0.126,False,True,-0.126,2018
HOUSE,CA,49,False,0.0,0.0,False,False,0.0,2018
HOUSE,CA,50,False,0.0,-0.365,False,True,-0.365,2018
HOUSE,CA,51,False,-0.502,0.0,True,False,0.502,2018
HOUSE,CA,52,False,0.245,0.0,True,False,-0.245,2018
HOUSE,CA,53,False,0.152,0.0,True,False,-0.152,2018
HOUSE,CO,1,False,0.158,0.0,True,False,-0.158,2018
HOUSE,CO,2,False,0.0,0.0,False,False,0.0,2018
HOUSE,CO,3,False,0.0,0.191,False,True,0.191,2018
HOUSE,CO,4,False,0.0,0.165,False,True,0.165,2018
HOUSE,CO,5,False,0.0,-0.1629999999999999,False,True,-0.1629999999999999,2018
HOUSE,CO,6,False,0.0,0.1559999999999999,False,True,0.1559999999999999,2018
HOUSE,CO,7,False,0.148,0.0,True,False,-0.148,2018
HOUSE,CT,1,False,-0.146,0.0,True,False,0.146,2018
HOUSE,CT,2,False,0.1759999999999999,0.0,True,False,-0.1759999999999999,2018
HOUSE,CT,3,False,0.163,0.1559999999999999,True,True,-0.0070000000000001,2018
HOUSE,CT,4,False,0.0969999999999999,0.0,True,False,-0.0969999999999999,2018
HOUSE,CT,5,False,0.0,0.0,False,False,0.0,2018
HOUSE,DE,0,False,0.0909999999999999,0.0,True,False,-0.0909999999999999,2018
HOUSE,FL,1,False,0.0,-0.0349999999999999,False,True,-0.0349999999999999,2018
HOUSE,FL,2,False,0.0,-0.028,False,True,-0.028,2018
HOUSE,FL,3,False,0.0,0.127,False,True,0.127,2018
HOUSE,FL,4,False,0.0,-0.0969999999999999,False,True,-0.0969999999999999,2018
HOUSE,FL,5,False,-0.474,0.0,True,False,0.474,2018
HOUSE,FL,6,False,0.0,0.0,False,False,0.0,2018
HOUSE,FL,7,False,0.1939999999999999,0.0,True,False,-0.1939999999999999,2018
HOUSE,FL,8,False,0.0,-0.0209999999999999,False,True,-0.0209999999999999,2018
HOUSE,FL,9,False,-0.269,-0.2099999999999999,True,True,0.059,2018
HOUSE,FL,10,False,-0.131,,True,,0.131,2018
HOUSE,FL,11,False,0.0,0.024,False,True,0.024,2018
HOUSE,FL,12,False,0.0,-0.4369999999999999,False,True,-0.4369999999999999,2018
HOUSE,FL,13,False,-1.35,0.0,True,False,1.35,2018
HOUSE,FL,14,False,-0.271,,True,,0.271,2018
HOUSE,FL,15,False,0.0,0.0,False,False,0.0,2018
HOUSE,FL,16,False,0.0,-0.137,False,True,-0.137,2018
HOUSE,FL,17,False,0.433,0.0,True,False,-0.433,2018
HOUSE,FL,18,False,0.0,0.098,False,True,0.098,2018
HOUSE,FL,19,False,0.0,0.0989999999999999,False,True,0.0989999999999999,2018
HOUSE,FL,20,False,-0.363,,True,,0.363,2018
HOUSE,FL,21,False,-0.145,,True,,0.145,2018
HOUSE,FL,22,False,-0.338,0.0,True,False,0.338,2018
HOUSE,FL,23,False,0.0969999999999999,0.3520000000000001,True,True,0.2550000000000001,2018
HOUSE,FL,24,False,0.0669999999999999,,True,,-0.0669999999999999,2018
HOUSE,FL,25,False,0.0,-0.499,False,True,-0.499,2018
HOUSE,FL,26,False,0.0,-0.25,False,True,-0.25,2018
HOUSE,FL,27,False,0.0,0.0,False,False,0.0,2018
HOUSE,GA,1,False,0.0,-0.02,False,True,-0.02,2018
HOUSE,GA,2,False,-0.537,0.0,True,False,0.537,2018
HOUSE,GA,3,False,0.0,0.06,False,True,0.06,2018
HOUSE,GA,4,False,0.045,0.0,True,False,-0.045,2018
HOUSE,GA,5,False,-0.212,,True,,0.212,2018
HOUSE,GA,6,False,0.0,0.0,False,False,0.0,2018
HOUSE,GA,7,False,0.0,0.006,False,True,0.006,2018
HOUSE,GA,8,False,,0.1340000000000001,,True,0.1340000000000001,2018
HOUSE,GA,9,False,0.0,-0.0769999999999999,False,True,-0.0769999999999999,2018
HOUSE,GA,10,False,0.0,0.3640000000000001,False,True,0.3640000000000001,2018
HOUSE,GA,11,False,0.0,0.1009999999999999,False,True,0.1009999999999999,2018
HOUSE,GA,12,False,0.0,0.2159999999999999,False,True,0.2159999999999999,2018
HOUSE,GA,13,False,-0.593,0.0,True,False,0.593,2018
HOUSE,GA,14,False,0.0,0.0,False,False,0.0,2018
HOUSE,HI,1,False,-0.24,0.0,True,False,0.24,2018
HOUSE,HI,2,False,0.245,0.0,True,False,-0.245,2018
HOUSE,IA,1,False,0.0,0.357,False,True,0.357,2018
HOUSE,IA,2,False,0.266,0.2949999999999999,True,True,0.0289999999999999,2018
HOUSE,IA,3,False,0.0,0.0689999999999999,False,True,0.0689999999999999,2018
HOUSE,IA,4,False,0.0,0.383,False,True,0.383,2018
HOUSE,ID,1,False,0.0,0.0,False,False,0.0,2018
HOUSE,ID,2,False,0.0,-0.369,False,True,-0.369,2018
HOUSE,IL,1,False,0.239,0.0,True,False,-0.239,2018
HOUSE,IL,2,False,0.122,0.0,True,False,-0.122,2018
HOUSE,IL,3,False,-0.1099999999999999,0.0,True,False,0.1099999999999999,2018
HOUSE,IL,4,False,0.0,0.0,False,False,0.0,2018
HOUSE,IL,5,False,0.027,0.0,True,False,-0.027,2018
HOUSE,IL,6,False,0.0,-0.127,False,True,-0.127,2018
HOUSE,IL,7,False,-0.1119999999999999,0.0,True,False,0.1119999999999999,2018
HOUSE,IL,8,False,0.0759999999999999,0.0,True,False,-0.0759999999999999,2018
HOUSE,IL,9,False,0.4619999999999999,0.0,True,False,-0.4619999999999999,2018
HOUSE,IL,10,False,0.1929999999999999,0.0,True,False,-0.1929999999999999,2018
HOUSE,IL,11,False,0.395,0.036,True,True,-0.359,2018
HOUSE,IL,12,False,0.0,-0.2059999999999999,False,True,-0.2059999999999999,2018
HOUSE,IL,13,False,0.0,-0.361,False,True,-0.361,2018
HOUSE,IL,14,False,0.0,-0.118,False,True,-0.118,2018
HOUSE,IL,15,False,0.0,-0.235,False,True,-0.235,2018
HOUSE,IL,16,False,0.0,-0.268,False,True,-0.268,2018
HOUSE,IL,17,False,0.251,0.0,True,False,-0.251,2018
HOUSE,IL,18,False,0.155,-0.2149999999999999,True,True,-0.37,2018
HOUSE,IN,1,False,-0.347,0.1619999999999999,True,True,0.5089999999999999,2018
HOUSE,IN,2,False,0.0,0.1109999999999999,False,True,0.1109999999999999,2018
HOUSE,IN,3,False,0.0,0.322,False,True,0.322,2018
HOUSE,IN,4,False,0.0,0.0,False,False,0.0,2018
HOUSE,IN,5,False,0.0,0.0230000000000001,False,True,0.0230000000000001,2018
HOUSE,IN,6,False,0.0,0.0,False,False,0.0,2018
HOUSE,IN,7,False,0.0889999999999999,0.6480000000000001,True,True,0.5590000000000002,2018
HOUSE,IN,8,False,0.0,0.086,False,True,0.086,2018
HOUSE,IN,9,False,0.0,0.078,False,True,0.078,2018
HOUSE,KS,1,False,-0.417,0.012,True,True,0.429,2018
HOUSE,KS,2,False,0.0,0.0,False,False,0.0,2018
HOUSE,KS,3,False,0.0,-0.0069999999999998,False,True,-0.0069999999999998,2018
HOUSE,KS,4,False,0.0,0.0,False,False,0.0,2018
HOUSE,KY,1,False,0.0,-0.3029999999999999,False,True,-0.3029999999999999,2018
HOUSE,KY,2,False,0.0,-0.2099999999999999,False,True,-0.2099999999999999,2018
HOUSE,KY,3,False,-0.059,0.0,True,False,0.059,2018
HOUSE,KY,4,False,0.0,0.2390000000000001,False,True,0.2390000000000001,2018
HOUSE,KY,5,False,0.4119999999999999,-0.4239999999999999,True,True,-0.8359999999999999,2018
HOUSE,KY,6,False,0.0,-0.1819999999999999,False,True,-0.1819999999999999,2018
HOUSE,LA,1,False,0.0,-0.24,False,True,-0.24,2018
HOUSE,LA,2,False,-0.441,,True,,0.441,2018
HOUSE,LA,3,False,0.0,0.2410000000000001,False,True,0.2410000000000001,2018
HOUSE,LA,4,False,0.0,0.197,False,True,0.197,2018
HOUSE,LA,5,False,0.0,-0.002,False,True,-0.002,2018
HOUSE,LA,6,False,0.0,-0.251,False,True,-0.251,2018
HOUSE,MA,1,False,-0.312,,True,,0.312,2018
HOUSE,MA,2,False,0.0659999999999999,0.0,True,False,-0.0659999999999999,2018
HOUSE,MA,3,False,0.0,0.0,False,False,0.0,2018
HOUSE,MA,4,False,0.0809999999999999,,True,,-0.0809999999999999,2018
HOUSE,MA,5,False,0.1899999999999999,0.0,True,False,-0.1899999999999999,2018
HOUSE,MA,6,False,0.0649999999999999,0.0,True,False,-0.0649999999999999,2018
HOUSE,MA,7,False,0.0,,False,,0.0,2018
HOUSE,MA,8,False,-0.184,,True,,0.184,2018
HOUSE,MA,9,False,-0.0769999999999999,0.0,True,False,0.0769999999999999,2018
HOUSE,MD,1,False,0.0,-0.1709999999999999,False,True,-0.1709999999999999,2018
HOUSE,MD,2,False,-0.4679999999999999,0.0,True,False,0.4679999999999999,2018
HOUSE,MD,3,False,0.0969999999999999,0.0,True,False,-0.0969999999999999,2018
HOUSE,MD,4,False,-0.047,0.0,True,False,0.047,2018
HOUSE,MD,5,False,-0.172,0.0,True,False,0.172,2018
HOUSE,MD,6,False,0.0,-0.3009999999999999,False,True,-0.3009999999999999,2018
HOUSE,MD,7,False,-0.028,0.0,True,False,0.028,2018
HOUSE,MD,8,False,0.3359999999999999,0.0,True,False,-0.3359999999999999,2018
HOUSE,ME,1,False,0.375,0.391,True,True,0.016,2018
HOUSE,ME,2,False,0.0,-0.1049999999999999,False,True,-0.1049999999999999,2018
HOUSE,MI,1,False,0.0,0.1320000000000001,False,True,0.1320000000000001,2018
HOUSE,MI,2,False,0.0,-0.0549999999999999,False,True,-0.0549999999999999,2018
HOUSE,MI,3,False,0.0,0.092,False,True,0.092,2018
HOUSE,MI,4,False,0.0,-0.1049999999999999,False,True,-0.1049999999999999,2018
HOUSE,MI,5,False,0.01,0.0,True,False,-0.01,2018
HOUSE,MI,6,False,0.0,-0.2269999999999999,False,True,-0.2269999999999999,2018
HOUSE,MI,7,False,0.257,0.1659999999999999,True,True,-0.091,2018
HOUSE,MI,8,False,0.0,0.04,False,True,0.04,2018
HOUSE,MI,9,False,0.0,0.0,False,False,0.0,2018
HOUSE,MI,10,False,0.0,0.08,False,True,0.08,2018
HOUSE,MI,11,False,0.0,0.0,False,False,0.0,2018
HOUSE,MI,12,False,-0.173,0.0829999999999999,True,True,0.2559999999999999,2018
HOUSE,MI,13,False,0.0,,False,,0.0,2018
HOUSE,MI,14,False,-0.249,0.0,True,False,0.249,2018
HOUSE,MN,1,False,0.0,0.361,False,True,0.361,2018
HOUSE,MN,2,False,0.247,0.254,True,True,0.007,2018
HOUSE,MN,3,False,0.0,-0.0609999999999999,False,True,-0.0609999999999999,2018
HOUSE,MN,4,False,0.2319999999999999,0.391,True,True,0.159,2018
HOUSE,MN,5,False,0.0,0.0,False,False,0.0,2018
HOUSE,MN,6,False,0.0,0.0809999999999999,False,True,0.0809999999999999,2018
HOUSE,MN,7,False,-0.365,0.3249999999999999,True,True,0.69,2018
HOUSE,MN,8,False,0.0,0.0,False,False,0.0,2018
HOUSE,MO,1,False,-0.01,0.0,True,False,0.01,2018
HOUSE,MO,2,False,0.0,0.018,False,True,0.018,2018
HOUSE,MO,3,False,0.0,-0.0369999999999999,False,True,-0.0369999999999999,2018
HOUSE,MO,4,False,0.0,0.1919999999999999,False,True,0.1919999999999999,2018
HOUSE,MO,5,False,-0.22,0.443,True,True,0.663,2018
HOUSE,MO,6,False,0.0,-0.241,False,True,-0.241,2018
HOUSE,MO,7,False,0.0,0.0789999999999999,False,True,0.0789999999999999,2018
HOUSE,MO,8,False,0.0,0.042,False,True,0.042,2018
HOUSE,MS,1,False,0.0,0.0369999999999999,False,True,0.0369999999999999,2018
HOUSE,MS,2,False,-0.21,,True,,0.21,2018
HOUSE,MS,3,False,0.0,0.0,False,False,0.0,2018
HOUSE,MS,4,False,0.0,0.0509999999999999,False,True,0.0509999999999999,2018
HOUSE,MT,0,False,0.0,0.0,False,False,0.0,2018
HOUSE,NC,1,False,-0.1039999999999999,0.0,True,False,0.1039999999999999,2018
HOUSE,NC,2,False,0.0,-0.002,False,True,-0.002,2018
HOUSE,NC,3,False,,0.012,,True,0.012,2018
HOUSE,NC,4,False,0.263,0.0,True,False,-0.263,2018
HOUSE,NC,5,False,0.0,-0.0869999999999999,False,True,-0.0869999999999999,2018
HOUSE,NC,6,False,0.0,0.187,False,True,0.187,2018
HOUSE,NC,7,False,0.0,0.0649999999999999,False,True,0.0649999999999999,2018
HOUSE,NC,8,False,0.0,0.066,False,True,0.066,2018
HOUSE,NC,9,False,0.0,0.3349999999999999,False,True,0.3349999999999999,2018
HOUSE,NC,10,False,0.0,-0.1729999999999999,False,True,-0.1729999999999999,2018
HOUSE,NC,11,False,0.0,0.0849999999999999,False,True,0.0849999999999999,2018
HOUSE,NC,12,False,0.2179999999999999,0.0,True,False,-0.2179999999999999,2018
HOUSE,NC,13,False,0.0,0.2270000000000001,False,True,0.2270000000000001,2018
HOUSE,ND,0,False,0.0,0.0,False,False,0.0,2018
HOUSE,NE,1,False,0.0,0.024,False,True,0.024,2018
HOUSE,NE,2,False,0.0,0.1060000000000001,False,True,0.1060000000000001,2018
HOUSE,NE,3,False,0.0,0.042,False,True,0.042,2018
HOUSE,NH,1,False,0.0,0.0,False,False,0.0,2018
HOUSE,NH,2,False,0.3429999999999999,0.0,True,False,-0.3429999999999999,2018
HOUSE,NJ,1,False,-0.47,0.0,True,False,0.47,2018
HOUSE,NJ,2,False,0.0,0.0,False,False,0.0,2018
HOUSE,NJ,3,False,0.0,-0.491,False,True,-0.491,2018
HOUSE,NJ,4,False,0.0,-0.5509999999999999,False,True,-0.5509999999999999,2018
HOUSE,NJ,5,False,0.015,0.0,True,False,-0.015,2018
HOUSE,NJ,6,False,-0.229,0.0,True,False,0.229,2018
HOUSE,NJ,7,False,0.0,-0.358,False,True,-0.358,2018
HOUSE,NJ,8,False,-0.284,0.0,True,False,0.284,2018
HOUSE,NJ,9,False,-0.206,0.0,True,False,0.206,2018
HOUSE,NJ,10,False,-0.003,0.0,True,False,0.003,2018
HOUSE,NJ,11,False,0.0,0.0,False,False,0.0,2018
HOUSE,NJ,12,False,0.2149999999999999,0.0,True,False,-0.2149999999999999,2018
HOUSE,NM,1,False,0.0,0.0,False,False,0.0,2018
HOUSE,NM,2,False,0.0,0.0,False,False,0.0,2018
HOUSE,NM,3,False,-0.014,0.0,True,False,0.014,2018
HOUSE,NV,1,False,-0.055,0.0,True,False,0.055,2018
HOUSE,NV,2,False,0.0,-0.066,False,True,-0.066,2018
HOUSE,NV,3,False,-0.237,-0.0999999999999999,True,True,0.137,2018
HOUSE,NV,4,False,0.254,0.0,True,False,-0.254,2018
HOUSE,NY,1,False,0.0,-0.3009999999999999,False,True,-0.3009999999999999,2018
HOUSE,NY,2,False,0.0,-0.862,False,True,-0.862,2018
HOUSE,NY,3,False,-0.241,0.0,True,False,0.241,2018
HOUSE,NY,4,False,-0.259,0.0,True,False,0.259,2018
HOUSE,NY,5,False,-0.0869999999999999,,True,,0.0869999999999999,2018
HOUSE,NY,6,False,-0.21,,True,,0.21,2018
HOUSE,NY,7,False,0.155,,True,,-0.155,2018
HOUSE,NY,8,False,-0.201,,True,,0.201,2018
HOUSE,NY,9,False,0.0879999999999999,0.0,True,False,-0.0879999999999999,2018
HOUSE,NY,10,False,0.121,0.0,True,False,-0.121,2018
HOUSE,NY,11,False,0.0,-0.6779999999999999,False,True,-0.6779999999999999,2018
HOUSE,NY,12,False,-0.1129999999999999,0.0,True,False,0.1129999999999999,2018
HOUSE,NY,13,False,-0.003,0.0,True,False,0.003,2018
HOUSE,NY,14,False,0.0,0.0,False,False,0.0,2018
HOUSE,NY,15,False,0.0589999999999999,0.0,True,False,-0.0589999999999999,2018
HOUSE,NY,16,False,-0.417,,True,,0.417,2018
HOUSE,NY,17,False,0.027,,True,,-0.027,2018
HOUSE,NY,18,False,0.1879999999999999,0.0,True,False,-0.1879999999999999,2018
HOUSE,NY,19,False,0.0,-0.242,False,True,-0.242,2018
HOUSE,NY,20,False,0.0569999999999999,0.0,True,False,-0.0569999999999999,2018
HOUSE,NY,21,False,0.0,-0.279,False,True,-0.279,2018
HOUSE,NY,22,False,0.0,-0.0029999999999998,False,True,-0.0029999999999998,2018
HOUSE,NY,23,False,0.0,-0.4519999999999999,False,True,-0.4519999999999999,2018
HOUSE,NY,24,False,0.0,-0.4639999999999999,False,True,-0.4639999999999999,2018
HOUSE,NY,25,False,0.0,0.0,False,False,0.0,2018
HOUSE,NY,26,False,-0.363,0.0,True,False,0.363,2018
HOUSE,NY,27,False,0.0,-0.246,False,True,-0.246,2018
HOUSE,OH,1,False,0.0,0.0210000000000001,False,True,0.0210000000000001,2018
HOUSE,OH,2,False,0.0,-0.0329999999999999,False,True,-0.0329999999999999,2018
HOUSE,OH,3,False,-0.274,0.0,True,False,0.274,2018
HOUSE,OH,4,False,0.354,0.221,True,True,-0.1329999999999999,2018
HOUSE,OH,5,False,0.0,0.046,False,True,0.046,2018
HOUSE,OH,6,False,0.0,-0.263,False,True,-0.263,2018
HOUSE,OH,7,False,0.0,-0.279,False,True,-0.279,2018
HOUSE,OH,8,False,0.0,0.302,False,True,0.302,2018
HOUSE,OH,9,False,-0.0919999999999999,0.6970000000000001,True,True,0.789,2018
HOUSE,OH,10,False,0.0,-0.353,False,True,-0.353,2018
HOUSE,OH,11,False,-0.002,-0.137,True,True,-0.135,2018
HOUSE,OH,12,False,0.0,0.0,False,False,0.0,2018
HOUSE,OH,13,False,-0.418,0.0,True,False,0.418,2018
HOUSE,OH,14,False,0.0,-0.367,False,True,-0.367,2018
HOUSE,OH,15,False,0.0,-0.281,False,True,-0.281,2018
HOUSE,OH,16,False,0.0,0.0,False,False,0.0,2018
HOUSE,OK,1,False,0.0,0.0,False,False,0.0,2018
HOUSE,OK,2,False,0.0,0.0,False,True,0.0,2018
HOUSE,OK,3,False,0.556,-0.0869999999999999,True,True,-0.643,2018
HOUSE,OK,4,False,0.0,-0.265,False,True,-0.265,2018
HOUSE,OK,5,False,0.0,0.058,False,True,0.058,2018
HOUSE,OR,1,False,0.0689999999999999,0.0,True,False,-0.0689999999999999,2018
HOUSE,OR,2,False,0.0,-0.3159999999999999,False,True,-0.3159999999999999,2018
HOUSE,OR,3,False,-0.048,0.0,True,False,0.048,2018
HOUSE,OR,4,False,-0.014,0.2250000000000001,True,True,0.2390000000000001,2018
HOUSE,OR,5,False,-0.269,0.0,True,False,0.269,2018
HOUSE,PA,1,False,0.0,-0.41,False,True,-0.41,2018
HOUSE,PA,2,False,-0.292,0.0,True,False,0.292,2018
HOUSE,PA,3,False,-0.0749999999999999,0.0,True,False,0.0749999999999999,2018
HOUSE,PA,4,False,0.0,0.0,False,False,0.0,2018
HOUSE,PA,5,False,0.0,0.0,False,False,0.0,2018
HOUSE,PA,6,False,0.0,0.0,False,False,0.0,2018
HOUSE,PA,7,False,0.0,0.0,False,False,0.0,2018
HOUSE,PA,8,False,0.0639999999999999,0.0,True,False,-0.0639999999999999,2018
HOUSE,PA,9,False,0.0,-0.397,False,True,-0.397,2018
HOUSE,PA,10,False,0.0,-0.1699999999999999,False,True,-0.1699999999999999,2018
HOUSE,PA,11,False,0.0,0.0130000000000001,False,True,0.0130000000000001,2018
HOUSE,PA,12,False,0.0,-0.1709999999999999,False,True,-0.1709999999999999,2018
HOUSE,PA,13,False,0.0,0.0,False,False,0.0,2018
HOUSE,PA,14,False,0.0,0.0,False,False,0.0,2018
HOUSE,PA,15,False,0.0,-0.1029999999999999,False,True,-0.1029999999999999,2018
HOUSE,PA,16,False,-0.642,-0.126,True,True,0.516,2018
HOUSE,PA,17,False,0.0,-0.03,False,True,-0.03,2018
HOUSE,PA,18,False,-0.121,,True,,0.121,2018
HOUSE,RI,1,False,0.168,0.0,True,False,-0.168,2018
HOUSE,RI,2,False,0.005,0.0,True,False,-0.005,2018
HOUSE,SC,1,False,0.0,0.0,False,False,0.0,2018
HOUSE,SC,2,False,0.0,0.058,False,True,0.058,2018
HOUSE,SC,3,False,0.0,0.1340000000000001,False,True,0.1340000000000001,2018
HOUSE,SC,4,False,0.0,0.0,False,False,0.0,2018
HOUSE,SC,5,False,0.0,0.0,False,False,0.0,2018
HOUSE,SC,6,False,-0.19,0.0,True,False,0.19,2018
HOUSE,SC,7,False,0.0,0.066,False,True,0.066,2018
HOUSE,SD,0,False,0.0,0.1280000000000001,False,True,0.1280000000000001,2018
HOUSE,TN,1,False,0.0,0.1169999999999999,False,True,0.1169999999999999,2018
HOUSE,TN,2,False,0.0,0.0,False,False,0.0,2018
HOUSE,TN,3,False,0.0,-0.0449999999999999,False,True,-0.0449999999999999,2018
HOUSE,TN,4,False,0.0,0.24,False,True,0.24,2018
HOUSE,TN,5,False,-0.201,0.0,True,False,0.201,2018
HOUSE,TN,6,False,0.0,0.0,False,False,0.0,2018
HOUSE,TN,7,False,0.0,0.0,False,False,0.0,2018
HOUSE,TN,8,False,0.0,-0.036,False,True,-0.036,2018
HOUSE,TN,9,False,-0.303,0.0,True,False,0.303,2018
HOUSE,TX,1,False,0.508,0.4379999999999999,True,True,-0.07,2018
HOUSE,TX,2,False,0.0,0.0,False,False,0.0,2018
HOUSE,TX,3,False,0.0,0.0,False,False,0.0,2018
HOUSE,TX,4,False,0.0,0.038,False,True,0.038,2018
HOUSE,TX,5,False,0.0,0.0,False,False,0.0,2018
HOUSE,TX,6,False,0.0,0.0,False,False,0.0,2018
HOUSE,TX,7,False,0.0,0.0669999999999999,False,True,0.0669999999999999,2018
HOUSE,TX,8,False,0.0,-0.247,False,True,-0.247,2018
HOUSE,TX,9,False,-0.267,,True,,0.267,2018
HOUSE,TX,10,False,0.0,-0.086,False,True,-0.086,2018
HOUSE,TX,11,False,0.0,0.209,False,True,0.209,2018
HOUSE,TX,12,False,0.0,-0.2259999999999999,False,True,-0.2259999999999999,2018
HOUSE,TX,13,False,0.0,0.02,False,True,0.02,2018
HOUSE,TX,14,False,0.0,-0.133,False,True,-0.133,2018
HOUSE,TX,15,False,-0.376,0.532,True,True,0.908,2018
HOUSE,TX,16,False,0.0,0.0,False,False,0.0,2018
HOUSE,TX,17,False,0.0,0.054,False,True,0.054,2018
HOUSE,TX,18,False,-0.0869999999999999,0.512,True,True,0.599,2018
HOUSE,TX,19,False,0.0,0.185,False,True,0.185,2018
HOUSE,TX,20,False,-0.06,,True,,0.06,2018
HOUSE,TX,21,False,0.0,0.0,False,False,0.0,2018
HOUSE,TX,22,False,0.0,-0.006,False,True,-0.006,2018
HOUSE,TX,23,False,0.0,0.0469999999999999,False,True,0.0469999999999999,2018
HOUSE,TX,24,False,0.248,0.0289999999999999,True,True,-0.219,2018
HOUSE,TX,25,False,0.0,0.1060000000000001,False,True,0.1060000000000001,2018
HOUSE,TX,26,False,0.0,-0.151,False,True,-0.151,2018
HOUSE,TX,27,False,0.0,0.0,False,False,0.0,2018
HOUSE,TX,28,False,-1.056,,True,,1.056,2018
HOUSE,TX,29,False,0.0,0.0,False,False,0.0,2018
HOUSE,TX,30,False,-0.377,,True,,0.377,2018
HOUSE,TX,31,False,0.0,0.0050000000000001,False,True,0.0050000000000001,2018
HOUSE,TX,32,False,0.0,-0.0349999999999999,False,True,-0.0349999999999999,2018
HOUSE,TX,33,False,-0.04,0.0,True,False,0.04,2018
HOUSE,TX,34,False,-0.501,0.312,True,True,0.8130000000000001,2018
HOUSE,TX,35,False,0.293,0.0,True,False,-0.293,2018
HOUSE,TX,36,False,0.0,0.066,False,True,0.066,2018
HOUSE,UT,1,False,0.0,-0.3019999999999999,False,True,-0.3019999999999999,2018
HOUSE,UT,2,False,0.0,-0.1149999999999999,False,True,-0.1149999999999999,2018
HOUSE,UT,3,False,0.0,0.0,False,False,0.0,2018
HOUSE,UT,4,False,0.0,0.3640000000000001,False,True,0.3640000000000001,2018
HOUSE,VA,1,False,0.0,-0.2169999999999999,False,True,-0.2169999999999999,2018
HOUSE,VA,2,False,0.0,0.01,False,True,0.01,2018
HOUSE,VA,3,False,0.0949999999999999,,True,,-0.0949999999999999,2018
HOUSE,VA,4,False,0.2109999999999999,0.0,True,False,-0.2109999999999999,2018
HOUSE,VA,5,False,0.0,0.0,False,False,0.0,2018
HOUSE,VA,6,False,0.0,0.0,False,False,0.0,2018
HOUSE,VA,7,False,0.0,0.2769999999999999,False,True,0.2769999999999999,2018
HOUSE,VA,8,False,-0.004,0.0,True,False,0.004,2018
HOUSE,VA,9,False,0.0,0.0509999999999999,False,True,0.0509999999999999,2018
HOUSE,VA,10,False,0.0,0.05,False,True,0.05,2018
HOUSE,VA,11,False,0.043,0.0,True,False,-0.043,2018
HOUSE,VT,0,False,0.1069999999999999,0.0,True,False,-0.1069999999999999,2018
HOUSE,WA,1,False,0.3639999999999999,0.0,True,False,-0.3639999999999999,2018
HOUSE,WA,2,False,-0.128,,True,,0.128,2018
HOUSE,WA,3,False,0.0,0.002,False,True,0.002,2018
HOUSE,WA,4,False,0.0,-0.384,False,True,-0.384,2018
HOUSE,WA,5,False,0.0,-0.152,False,True,-0.152,2018
HOUSE,WA,6,False,0.034,0.0,True,False,-0.034,2018
HOUSE,WA,7,False,0.419,0.286,True,True,-0.133,2018
HOUSE,WA,8,False,0.0,0.0,False,False,0.0,2018
HOUSE,WA,9,False,-0.118,,True,,0.118,2018
HOUSE,WA,10,False,0.031,0.0,True,False,-0.031,2018
HOUSE,WI,1,False,0.0,0.0,False,False,0.0,2018
HOUSE,WI,2,False,0.154,,True,,-0.154,2018
HOUSE,WI,3,False,-0.048,0.0,True,False,0.048,2018
HOUSE,WI,4,False,0.025,0.0,True,False,-0.025,2018
HOUSE,WI,5,False,0.0,0.252,False,True,0.252,2018
HOUSE,WI,6,False,0.0,0.312,False,True,0.312,2018
HOUSE,WI,7,False,0.0,0.1779999999999999,False,True,0.1779999999999999,2018
HOUSE,WI,8,False,0.0,0.032,False,True,0.032,2018
HOUSE,WV,1,False,0.0,-0.616,False,True,-0.616,2018
HOUSE,WV,2,False,0.0,-0.0009999999999998,False,True,-0.0009999999999998,2018
HOUSE,WV,3,False,0.0,0.0,False,False,0.0,2018
HOUSE,WY,0,False,0.0,0.272,False,True,0.272,2018
SEN,AZ,0,False,0.0,0.0,False,False,0.0,2018
SEN,CA,0,False,-0.028,,True,,0.028,2018
SEN,CT,0,False,0.3859999999999999,0.0,True,False,-0.3859999999999999,2018
SEN,DE,0,False,-0.154,0.0,True,False,0.154,2018
SEN,FL,0,False,-0.768,0.0,True,False,0.768,2018
SEN,HI,0,False,0.0719999999999999,0.0,True,False,-0.0719999999999999,2018
SEN,IN,0,False,-0.302,0.0,True,False,0.302,2018
SEN,MA,0,False,0.4790000000000001,0.0,True,False,-0.4790000000000001,2018
SEN,MD,0,False,-0.448,0.0,True,False,0.448,2018
SEN,ME,0,False,0.0,0.0,False,False,0.0,2018
SEN,MI,0,False,-0.0819999999999999,0.0,True,False,0.0819999999999999,2018
SEN,MN,0,False,0.026,0.0,True,False,-0.026,2018
SEN,MN,0,True,0.0,0.0,False,False,0.0,2018
SEN,MO,0,False,0.123,0.0,True,False,-0.123,2018
SEN,MS,0,False,0.0,-0.2229999999999999,False,True,-0.2229999999999999,2018
SEN,MS,0,True,0.0,0.0,False,False,0.0,2018
SEN,MT,0,False,-0.0779999999999999,0.0,True,False,0.0779999999999999,2018
SEN,ND,0,False,-0.362,0.0,True,False,0.362,2018
SEN,NE,0,False,0.0,-0.042,False,True,-0.042,2018
SEN,NJ,0,False,-0.204,0.0,True,False,0.204,2018
SEN,NM,0,False,0.125,0.0,True,False,-0.125,2018
SEN,NV,0,False,0.0,-0.24,False,True,-0.24,2018
SEN,NY,0,False,0.3229999999999999,0.0,True,False,-0.3229999999999999,2018
SEN,OH,0,False,-0.071,0.0,True,False,0.071,2018
SEN,PA,0,False,-0.295,0.0,True,False,0.295,2018
SEN,RI,0,False,0.159,0.0,True,False,-0.159,2018
SEN,TN,0,False,0.0,0.0,False,False,0.0,2018
SEN,TX,0,False,0.0,0.4019999999999999,False,True,0.4019999999999999,2018
SEN,UT,0,False,0.0,0.0,False,False,0.0,2018
SEN,VA,0,False,0.125,0.0,True,False,-0.125,2018
SEN,VT,0,False,,0.0,,False,0.0,2018
SEN,WA,0,False,0.257,0.0,True,False,-0.257,2018
SEN,WI,0,False,0.447,0.0,True,False,-0.447,2018
SEN,WV,0,False,-0.427,0.0,True,False,0.427,2018
SEN,WY,0,False,0.0,-0.143,False,True,-0.143,2018
HOUSE,AK,0,False,0.143,-0.472,True,True,-0.615,2020
HOUSE,AL,1,False,0.0,0.0,False,False,0.0,2020
HOUSE,AL,2,False,0.0,0.381,False,True,0.381,2020
HOUSE,AL,3,False,0.24,-0.06,True,True,-0.3,2020
HOUSE,AL,4,False,0.098,-0.0629999999999999,True,True,-0.161,2020
HOUSE,AL,5,False,,0.135,,True,0.135,2020
HOUSE,AL,6,False,,0.157,,True,0.157,2020
HOUSE,AL,7,False,-0.5529999999999999,,True,,0.5529999999999999,2020
HOUSE,AR,1,False,,-0.0929999999999999,,True,-0.0929999999999999,2020
HOUSE,AR,2,False,0.0,-0.1069999999999999,False,True,-0.1069999999999999,2020
HOUSE,AR,3,False,0.0,-0.179,False,True,-0.179,2020
HOUSE,AR,4,False,0.0,-0.038,False,True,-0.038,2020
HOUSE,AZ,1,False,0.092,0.1639999999999999,True,True,0.0719999999999998,2020
HOUSE,AZ,2,False,0.147,0.5229999999999999,True,True,0.3759999999999999,2020
HOUSE,AZ,3,False,0.126,0.0,True,False,-0.126,2020
HOUSE,AZ,4,False,0.3500000000000001,0.0829999999999999,True,True,-0.2670000000000001,2020
HOUSE,AZ,5,False,0.2430000000000001,0.139,True,True,-0.104,2020
HOUSE,AZ,6,False,0.169,0.012,True,True,-0.157,2020
HOUSE,AZ,7,False,-0.1729999999999999,0.0,True,False,0.1729999999999999,2020
HOUSE,AZ,8,False,0.0,0.28,False,True,0.28,2020
HOUSE,AZ,9,False,-0.3059999999999999,0.702,True,True,1.008,2020
HOUSE,CA,1,False,0.282,-0.121,True,True,-0.403,2020
HOUSE,CA,2,False,0.177,0.6020000000000001,True,True,0.425,2020
HOUSE,CA,3,False,-0.2649999999999999,0.0,True,False,0.2649999999999999,2020
HOUSE,CA,4,False,0.0,0.129,False,True,0.129,2020
HOUSE,CA,5,False,-0.124,0.0,True,False,0.124,2020
HOUSE,CA,6,False,-0.1399999999999999,0.0,True,False,0.1399999999999999,2020
HOUSE,CA,7,False,0.1080000000000001,0.0,True,False,-0.1080000000000001,2020
HOUSE,CA,8,False,0.0,0.0,False,False,0.0,2020
HOUSE,CA,9,False,0.2850000000000001,0.0,True,False,-0.2850000000000001,2020
HOUSE,CA,10,False,0.195,-0.088,True,True,-0.2830000000000001,2020
HOUSE,CA,11,False,0.051,0.0,True,False,-0.051,2020
HOUSE,CA,12,False,0.101,,True,,-0.101,2020
HOUSE,CA,13,False,0.256,0.0,True,False,-0.256,2020
HOUSE,CA,14,False,0.147,0.0,True,False,-0.147,2020
HOUSE,CA,15,False,-0.0289999999999999,0.0,True,False,0.0289999999999999,2020
HOUSE,CA,16,False,-0.7619999999999999,0.0,True,False,0.7619999999999999,2020
HOUSE,CA,17,False,-0.0389999999999999,0.0,True,False,0.0389999999999999,2020
HOUSE,CA,18,False,0.08,,True,,-0.08,2020
HOUSE,CA,19,False,-0.0349999999999999,-0.1160000000000001,True,True,-0.0810000000000001,2020
HOUSE,CA,20,False,-0.5539999999999999,0.0,True,False,0.5539999999999999,2020
HOUSE,CA,21,False,0.144,-0.062,True,True,-0.206,2020
HOUSE,CA,22,False,0.0,0.1379999999999999,False,True,0.1379999999999999,2020
HOUSE,CA,23,False,0.0,-0.38,False,True,-0.38,2020
HOUSE,CA,24,False,0.081,0.0,True,False,-0.081,2020
HOUSE,CA,25,False,0.0,0.0,False,False,0.0,2020
HOUSE,CA,26,False,0.154,0.0,True,False,-0.154,2020
HOUSE,CA,27,False,-0.2109999999999999,0.0,True,False,0.2109999999999999,2020
HOUSE,CA,28,False,0.1140000000000001,0.0,True,False,-0.1140000000000001,2020
HOUSE,CA,29,False,-0.2899999999999999,,True,,0.2899999999999999,2020
HOUSE,CA,30,False,-0.2629999999999999,0.0,True,False,0.2629999999999999,2020
HOUSE,CA,31,False,0.006,0.0,True,False,-0.006,2020
HOUSE,CA,32,False,-0.408,0.445,True,True,0.853,2020
HOUSE,CA,33,False,-0.1799999999999999,0.0,True,False,0.1799999999999999,2020
HOUSE,CA,34,False,-0.1049999999999999,,True,,0.1049999999999999,2020
HOUSE,CA,35,False,-0.3779999999999999,0.0,True,False,0.3779999999999999,2020
HOUSE,CA,36,False,0.028,0.0,True,False,-0.028,2020
HOUSE,CA,37,False,0.195,0.0,True,False,-0.195,2020
HOUSE,CA,38,False,-0.2229999999999999,,True,,0.2229999999999999,2020
HOUSE,CA,39,False,0.093,-0.305,True,True,-0.3980000000000001,2020
HOUSE,CA,40,False,-0.1619999999999999,0.0,True,False,0.1619999999999999,2020
HOUSE,CA,41,False,0.098,0.449,True,True,0.351,2020
HOUSE,CA,42,False,0.0,-0.275,False,True,-0.275,2020
HOUSE,CA,43,False,0.053,0.0,True,False,-0.053,2020
HOUSE,CA,44,False,0.021,,True,,-0.021,2020
HOUSE,CA,45,False,0.2299999999999999,0.377,True,True,0.147,2020
HOUSE,CA,46,False,-0.4739999999999999,0.0,True,False,0.4739999999999999,2020
HOUSE,CA,47,False,-0.124,0.361,True,True,0.485,2020
HOUSE,CA,48,False,0.128,0.0,True,False,-0.128,2020
HOUSE,CA,49,False,0.18,0.236,True,True,0.0559999999999999,2020
HOUSE,CA,50,False,0.217,0.0,True,False,-0.217,2020
HOUSE,CA,51,False,-0.72,0.3,True,True,1.02,2020
HOUSE,CA,52,False,0.006,0.0,True,False,-0.006,2020
HOUSE,CA,53,False,0.0,,False,,0.0,2020
HOUSE,CO,1,False,0.003,0.0,True,False,-0.003,2020
HOUSE,CO,2,False,-0.0,0.0,True,False,0.0,2020
HOUSE,CO,3,False,0.197,0.0,True,False,-0.197,2020
HOUSE,CO,4,False,0.0,0.0249999999999999,False,True,0.0249999999999999,2020
HOUSE,CO,5,False,0.0,-0.255,False,True,-0.255,2020
HOUSE,CO,6,False,0.159,0.0,True,False,-0.159,2020
HOUSE,CO,7,False,0.031,0.0,True,False,-0.031,2020
HOUSE,CT,1,False,-0.3269999999999999,0.0,True,False,0.3269999999999999,2020
HOUSE,CT,2,False,-0.0449999999999999,0.0,True,False,0.0449999999999999,2020
HOUSE,CT,3,False,0.051,0.0,True,False,-0.051,2020
HOUSE,CT,4,False,0.05,0.0,True,False,-0.05,2020
HOUSE,CT,5,False,0.096,0.0,True,False,-0.096,2020
HOUSE,DC,0,False,-0.0239999999999999,,True,,0.0239999999999999,2020
HOUSE,DE,0,False,-0.1509999999999999,-0.1899999999999999,True,True,-0.039,2020
HOUSE,FL,1,False,-0.0499999999999999,0.04,True,True,0.0899999999999999,2020
HOUSE,FL,2,False,,-0.068,,True,-0.068,2020
HOUSE,FL,3,False,0.0,0.0,False,False,0.0,2020
HOUSE,FL,4,False,0.0,-0.0829999999999999,False,True,-0.0829999999999999,2020
HOUSE,FL,5,False,-0.723,0.0,True,False,0.723,2020
HOUSE,FL,6,False,0.0,-0.0189999999999999,False,True,-0.0189999999999999,2020
HOUSE,FL,7,False,-0.1419999999999999,0.0,True,False,0.1419999999999999,2020
HOUSE,FL,8,False,0.0,-0.014,False,True,-0.014,2020
HOUSE,FL,9,False,-0.4589999999999999,0.0,True,False,0.4589999999999999,2020
HOUSE,FL,10,False,-0.346,0.1619999999999999,True,True,0.5079999999999999,2020
HOUSE,FL,11,False,0.284,0.07,True,True,-0.2139999999999999,2020
HOUSE,FL,12,False,0.4379999999999999,-0.377,True,True,-0.815,2020
HOUSE,FL,13,False,-1.419,0.0,True,False,1.419,2020
HOUSE,FL,14,False,-0.3549999999999999,0.0369999999999999,True,True,0.3919999999999998,2020
HOUSE,FL,15,False,-0.0859999999999999,0.0,True,False,0.0859999999999999,2020
HOUSE,FL,16,False,0.0,-0.167,False,True,-0.167,2020
HOUSE,FL,17,False,0.0,0.0,False,False,0.0,2020
HOUSE,FL,18,False,0.0,0.0609999999999999,False,True,0.0609999999999999,2020
HOUSE,FL,19,False,0.0,0.0,False,False,0.0,2020
HOUSE,FL,20,False,-0.4539999999999999,0.0,True,False,0.4539999999999999,2020
HOUSE,FL,21,False,-0.2329999999999999,0.0,True,False,0.2329999999999999,2020
HOUSE,FL,22,False,-0.4489999999999999,0.0,True,False,0.4489999999999999,2020
HOUSE,FL,23,False,-0.1529999999999999,0.0,True,False,0.1529999999999999,2020
HOUSE,FL,24,False,-0.0649999999999999,0.0,True,False,0.0649999999999999,2020
HOUSE,FL,25,False,,-0.546,,True,-0.546,2020
HOUSE,FL,26,False,0.004,0.0,True,False,-0.004,2020
HOUSE,FL,27,False,-0.1669999999999999,-0.171,True,True,-0.0040000000000001,2020
HOUSE,GA,1,False,-0.3919999999999999,-0.0269999999999999,True,True,0.365,2020
HOUSE,GA,2,False,-0.6359999999999999,0.0,True,False,0.6359999999999999,2020
HOUSE,GA,3,False,0.0,-0.03,False,True,-0.03,2020
HOUSE,GA,4,False,-0.2339999999999999,0.0,True,False,0.2339999999999999,2020
HOUSE,GA,5,False,0.0,0.0,False,False,0.0,2020
HOUSE,GA,6,False,0.154,0.314,True,True,0.16,2020
HOUSE,GA,7,False,0.055,0.0,True,False,-0.055,2020
HOUSE,GA,8,False,0.0,0.036,False,True,0.036,2020
HOUSE,GA,9,False,0.0,0.0,False,False,0.0,2020
HOUSE,GA,10,False,0.3369999999999999,0.373,True,True,0.036,2020
HOUSE,GA,11,False,0.0,0.121,False,True,0.121,2020
HOUSE,GA,12,False,0.0,0.236,False,True,0.236,2020
HOUSE,GA,13,False,-0.7,0.0,True,False,0.7,2020
HOUSE,GA,14,False,0.0,0.0,False,False,0.0,2020
HOUSE,HI,1,False,-0.4199999999999999,0.0,True,False,0.4199999999999999,2020
HOUSE,HI,2,False,0.0,0.0,False,False,0.0,2020
HOUSE,IA,1,False,0.0,0.0,False,False,0.0,2020
HOUSE,IA,2,False,0.0,0.2079999999999999,False,True,0.2079999999999999,2020
HOUSE,IA,3,False,0.142,0.0549999999999999,True,True,-0.087,2020
HOUSE,IA,4,False,0.183,0.0,True,False,-0.183,2020
HOUSE,ID,1,False,0.0,0.3329999999999999,False,True,0.3329999999999999,2020
HOUSE,ID,2,False,0.3209999999999999,-0.385,True,True,-0.706,2020
HOUSE,IL,1,False,-0.128,0.0,True,False,0.128,2020
HOUSE,IL,2,False,-0.0669999999999999,0.0,True,False,0.0669999999999999,2020
HOUSE,IL,3,False,0.1879999999999999,0.0,True,False,-0.1879999999999999,2020
HOUSE,IL,4,False,0.005,0.0,True,False,-0.005,2020
HOUSE,IL,5,False,-0.0679999999999999,0.0,True,False,0.0679999999999999,2020
HOUSE,IL,6,False,0.178,0.0,True,False,-0.178,2020
HOUSE,IL,7,False,-0.1369999999999999,0.0,True,False,0.1369999999999999,2020
HOUSE,IL,8,False,-0.1559999999999999,,True,,0.1559999999999999,2020
HOUSE,IL,9,False,0.306,0.589,True,True,0.2829999999999999,2020
HOUSE,IL,10,False,-0.0169999999999999,0.0,True,False,0.0169999999999999,2020
HOUSE,IL,11,False,0.26,0.0,True,False,-0.26,2020
HOUSE,IL,12,False,0.0,-0.1879999999999999,False,True,-0.1879999999999999,2020
HOUSE,IL,13,False,0.06,-0.3209999999999999,True,True,-0.381,2020
HOUSE,IL,14,False,0.213,0.141,True,True,-0.072,2020
HOUSE,IL,15,False,0.0,0.0,False,False,0.0,2020
HOUSE,IL,16,False,0.0,-0.3079999999999999,False,True,-0.3079999999999999,2020
HOUSE,IL,17,False,0.026,0.0,True,False,-0.026,2020
HOUSE,IL,18,False,0.0,-0.2279999999999999,False,True,-0.2279999999999999,2020
HOUSE,IN,1,False,0.0,0.1419999999999999,False,True,0.1419999999999999,2020
HOUSE,IN,2,False,0.158,0.034,True,True,-0.124,2020
HOUSE,IN,3,False,0.0,0.1479999999999999,False,True,0.1479999999999999,2020
HOUSE,IN,4,False,0.2430000000000001,0.0849999999999999,True,True,-0.1580000000000001,2020
HOUSE,IN,5,False,0.0,0.0,False,False,0.0,2020
HOUSE,IN,6,False,0.0,0.0969999999999999,False,True,0.0969999999999999,2020
HOUSE,IN,7,False,-0.0519999999999999,0.0,True,False,0.0519999999999999,2020
HOUSE,IN,8,False,0.0,-0.072,False,True,-0.072,2020
HOUSE,IN,9,False,0.0,-0.086,False,True,-0.086,2020
HOUSE,KS,1,False,0.0,0.1839999999999999,False,True,0.1839999999999999,2020
HOUSE,KS,2,False,0.0,0.0,False,False,0.0,2020
HOUSE,KS,3,False,0.203,0.0,True,False,-0.203,2020
HOUSE,KS,4,False,0.101,0.121,True,True,0.0199999999999999,2020
HOUSE,KY,1,False,0.0,-0.385,False,True,-0.385,2020
HOUSE,KY,2,False,0.062,-0.2009999999999999,True,True,-0.263,2020
HOUSE,KY,3,False,-0.1909999999999999,0.0,True,False,0.1909999999999999,2020
HOUSE,KY,4,False,0.0,0.183,False,True,0.183,2020
HOUSE,KY,5,False,0.0,-0.4529999999999999,False,True,-0.4529999999999999,2020
HOUSE,KY,6,False,0.0,-0.1009999999999999,False,True,-0.1009999999999999,2020
HOUSE,LA,1,False,0.0,0.026,False,True,0.026,2020
HOUSE,LA,2,False,-0.59,0.0,True,False,0.59,2020
HOUSE,LA,3,False,0.0,0.0549999999999999,False,True,0.0549999999999999,2020
HOUSE,LA,4,False,0.0,0.0789999999999999,False,True,0.0789999999999999,2020
HOUSE,LA,5,False,0.0,0.0,False,False,0.0,2020
HOUSE,LA,6,False,0.0,-0.28,False,True,-0.28,2020
HOUSE,MA,1,False,-0.5009999999999999,,True,,0.5009999999999999,2020
HOUSE,MA,2,False,0.032,0.306,True,True,0.274,2020
HOUSE,MA,3,False,-0.238,,True,,0.238,2020
HOUSE,MA,4,False,0.0,0.0,False,False,0.0,2020
HOUSE,MA,5,False,0.088,0.0,True,False,-0.088,2020
HOUSE,MA,6,False,-0.0779999999999999,0.0,True,False,0.0779999999999999,2020
HOUSE,MA,7,False,0.1859999999999999,,True,,-0.1859999999999999,2020
HOUSE,MA,8,False,-0.3669999999999999,,True,,0.3669999999999999,2020
HOUSE,MA,9,False,-0.0939999999999999,0.0,True,False,0.0939999999999999,2020
HOUSE,MD,1,False,0.0,-0.2339999999999999,False,True,-0.2339999999999999,2020
HOUSE,MD,2,False,-0.615,0.0,True,False,0.615,2020
HOUSE,MD,3,False,-0.004,0.0,True,False,0.004,2020
HOUSE,MD,4,False,-0.2679999999999999,0.0,True,False,0.2679999999999999,2020
HOUSE,MD,5,False,-0.2789999999999999,0.0,True,False,0.2789999999999999,2020
HOUSE,MD,6,False,-0.745,0.0,True,False,0.745,2020
HOUSE,MD,7,False,-0.121,0.0,True,False,0.121,2020
HOUSE,MD,8,False,0.088,0.0,True,False,-0.088,2020
HOUSE,ME,1,False,0.197,0.0,True,False,-0.197,2020
HOUSE,ME,2,False,0.151,0.0,True,False,-0.151,2020
HOUSE,MI,1,False,0.0,-0.01,False,True,-0.01,2020
HOUSE,MI,2,False,0.0,-0.1080000000000001,False,True,-0.1080000000000001,2020
HOUSE,MI,3,False,0.0,0.0,False,False,0.0,2020
HOUSE,MI,4,False,0.3440000000000001,-0.142,True,True,-0.4860000000000001,2020
HOUSE,MI,5,False,-0.1819999999999999,0.0,True,False,0.1819999999999999,2020
HOUSE,MI,6,False,0.0,-0.2059999999999999,False,True,-0.2059999999999999,2020
HOUSE,MI,7,False,0.0,0.1439999999999999,False,True,0.1439999999999999,2020
HOUSE,MI,8,False,0.093,0.0,True,False,-0.093,2020
HOUSE,MI,9,False,-0.0579999999999999,0.0,True,False,0.0579999999999999,2020
HOUSE,MI,10,False,0.2870000000000001,0.0,True,False,-0.2870000000000001,2020
HOUSE,MI,11,False,0.015,0.0,True,False,-0.015,2020
HOUSE,MI,12,False,-0.1999999999999999,0.0629999999999999,True,True,0.2629999999999999,2020
HOUSE,MI,13,False,0.166,0.0,True,False,-0.166,2020
HOUSE,MI,14,False,-0.4319999999999999,0.0,True,False,0.4319999999999999,2020
HOUSE,MN,1,False,0.054,0.25,True,True,0.1959999999999999,2020
HOUSE,MN,2,False,0.15,0.0,True,False,-0.15,2020
HOUSE,MN,3,False,-0.0199999999999999,0.0,True,False,0.0199999999999999,2020
HOUSE,MN,4,False,0.1090000000000001,0.0,True,False,-0.1090000000000001,2020
HOUSE,MN,5,False,0.0,0.0,False,False,0.0,2020
HOUSE,MN,6,False,0.0,-0.026,False,True,-0.026,2020
HOUSE,MN,7,False,-0.4979999999999999,0.0,True,False,0.4979999999999999,2020
HOUSE,MN,8,False,0.0,0.1939999999999999,False,True,0.1939999999999999,2020
HOUSE,MO,1,False,0.357,0.0,True,False,-0.357,2020
HOUSE,MO,2,False,0.0,0.0109999999999998,False,True,0.0109999999999998,2020
HOUSE,MO,3,False,0.0,-0.235,False,True,-0.235,2020
HOUSE,MO,4,False,0.0,0.2410000000000001,False,True,0.2410000000000001,2020
HOUSE,MO,5,False,-0.3119999999999999,0.0,True,False,0.3119999999999999,2020
HOUSE,MO,6,False,0.0,-0.3389999999999999,False,True,-0.3389999999999999,2020
HOUSE,MO,7,False,0.0,0.058,False,True,0.058,2020
HOUSE,MO,8,False,0.217,0.0069999999999998,True,True,-0.2100000000000002,2020
HOUSE,MS,1,False,0.0,0.0349999999999999,False,True,0.0349999999999999,2020
HOUSE,MS,2,False,-0.3409999999999999,0.0,True,False,0.3409999999999999,2020
HOUSE,MS,3,False,0.0,0.0589999999999999,False,True,0.0589999999999999,2020
HOUSE,MS,4,False,,0.058,,True,0.058,2020
HOUSE,MT,0,False,0.177,0.5129999999999999,True,True,0.3359999999999998,2020
HOUSE,NC,1,False,-0.248,0.0,True,False,0.248,2020
HOUSE,NC,2,False,0.0,0.0,False,False,0.0,2020
HOUSE,NC,3,False,0.0,0.0,False,False,0.0,2020
HOUSE,NC,4,False,0.088,0.0,True,False,-0.088,2020
HOUSE,NC,5,False,0.211,-0.044,True,True,-0.2550000000000001,2020
HOUSE,NC,6,False,-0.1389999999999999,0.0,True,False,0.1389999999999999,2020
HOUSE,NC,7,False,0.0,-0.0129999999999999,False,True,-0.0129999999999999,2020
HOUSE,NC,8,False,0.0,0.06,False,True,0.06,2020
HOUSE,NC,9,False,0.0,0.0,False,False,0.0,2020
HOUSE,NC,10,False,0.0,-0.346,False,True,-0.346,2020
HOUSE,NC,11,False,0.0,0.0,False,False,0.0,2020
HOUSE,NC,12,False,-0.0289999999999999,,True,,0.0289999999999999,2020
HOUSE,NC,13,False,0.0,0.2019999999999999,False,True,0.2019999999999999,2020
HOUSE,ND,0,False,0.0,0.1939999999999999,False,True,0.1939999999999999,2020
HOUSE,NE,1,False,0.0,-0.0069999999999998,False,True,-0.0069999999999998,2020
HOUSE,NE,2,False,0.152,0.002,True,True,-0.15,2020
HOUSE,NE,3,False,0.0,0.09,False,True,0.09,2020
HOUSE,NH,1,False,0.084,0.0,True,False,-0.084,2020
HOUSE,NH,2,False,0.177,0.3169999999999999,True,True,0.1399999999999999,2020
HOUSE,NJ,1,False,-0.6859999999999999,0.0,True,False,0.6859999999999999,2020
HOUSE,NJ,2,False,0.0,-1.178,False,True,-1.178,2020
HOUSE,NJ,3,False,0.162,0.0,True,False,-0.162,2020
HOUSE,NJ,4,False,0.0,-0.553,False,True,-0.553,2020
HOUSE,NJ,5,False,-0.3169999999999999,0.0,True,False,0.3169999999999999,2020
HOUSE,NJ,6,False,-0.4059999999999999,0.0,True,False,0.4059999999999999,2020
HOUSE,NJ,7,False,0.148,0.0,True,False,-0.148,2020
HOUSE,NJ,8,False,-0.3949999999999999,0.0,True,False,0.3949999999999999,2020
HOUSE,NJ,9,False,-0.3779999999999999,0.0,True,False,0.3779999999999999,2020
HOUSE,NJ,10,False,-0.1609999999999999,0.0,True,False,0.1609999999999999,2020
HOUSE,NJ,11,False,0.077,0.0,True,False,-0.077,2020
HOUSE,NJ,12,False,0.083,0.0,True,False,-0.083,2020
HOUSE,NM,1,False,0.141,0.0,True,False,-0.141,2020
HOUSE,NM,2,False,0.129,0.2569999999999999,True,True,0.1279999999999999,2020
HOUSE,NM,3,False,0.0,0.0,False,False,0.0,2020
HOUSE,NV,1,False,-0.1169999999999999,0.0,True,False,0.1169999999999999,2020
HOUSE,NV,2,False,0.0,-0.036,False,True,-0.036,2020
HOUSE,NV,3,False,-0.4169999999999999,0.0,True,False,0.4169999999999999,2020
HOUSE,NV,4,False,-0.0549999999999999,0.0,True,False,0.0549999999999999,2020
HOUSE,NY,1,False,0.0,-0.1979999999999999,False,True,-0.1979999999999999,2020
HOUSE,NY,2,False,0.0,0.0,False,False,0.0,2020
HOUSE,NY,3,False,-0.4359999999999999,0.0,True,False,0.4359999999999999,2020
HOUSE,NY,4,False,-0.3699999999999999,0.0,True,False,0.3699999999999999,2020
HOUSE,NY,5,False,-0.2739999999999999,,True,,0.2739999999999999,2020
HOUSE,NY,6,False,-0.3099999999999999,0.0,True,False,0.3099999999999999,2020
HOUSE,NY,7,False,0.01,0.0,True,False,-0.01,2020
HOUSE,NY,8,False,-0.3199999999999999,0.0,True,False,0.3199999999999999,2020
HOUSE,NY,9,False,-0.0659999999999999,0.0,True,False,0.0659999999999999,2020
HOUSE,NY,10,False,0.013,0.0,True,False,-0.013,2020
HOUSE,NY,11,False,0.033,0.0,True,False,-0.033,2020
HOUSE,NY,12,False,-0.2039999999999999,0.0,True,False,0.2039999999999999,2020
HOUSE,NY,13,False,-0.2239999999999999,0.0,True,False,0.2239999999999999,2020
HOUSE,NY,14,False,0.3189999999999999,0.0,True,False,-0.3189999999999999,2020
HOUSE,NY,15,False,0.0,0.0,False,False,0.0,2020
HOUSE,NY,16,False,0.0,,False,,0.0,2020
HOUSE,NY,17,False,0.0,0.0,False,False,0.0,2020
HOUSE,NY,18,False,0.008,0.0,True,False,-0.008,2020
HOUSE,NY,19,False,0.149,0.0,True,False,-0.149,2020
HOUSE,NY,20,False,-0.0249999999999999,0.0,True,False,0.0249999999999999,2020
HOUSE,NY,21,False,0.2350000000000001,-0.355,True,True,-0.5900000000000001,2020
HOUSE,NY,22,False,0.123,0.0389999999999999,True,True,-0.084,2020
HOUSE,NY,23,False,0.252,-0.565,True,True,-0.817,2020
HOUSE,NY,24,False,0.185,-0.531,True,True,-0.7160000000000001,2020
HOUSE,NY,25,False,-0.1849999999999999,0.0,True,False,0.1849999999999999,2020
HOUSE,NY,26,False,-0.563,0.0,True,False,0.563,2020
HOUSE,NY,27,False,0.097,0.0,True,False,-0.097,2020
HOUSE,OH,1,False,0.0,0.0969999999999999,False,True,0.0969999999999999,2020
HOUSE,OH,2,False,0.0,-0.028,False,True,-0.028,2020
HOUSE,OH,3,False,-0.59,0.0,True,False,0.59,2020
HOUSE,OH,4,False,0.0,0.298,False,True,0.298,2020
HOUSE,OH,5,False,0.0,-0.054,False,True,-0.054,2020
HOUSE,OH,6,False,0.2830000000000001,-0.1899999999999999,True,True,-0.4730000000000001,2020
HOUSE,OH,7,False,0.0,-0.2109999999999999,False,True,-0.2109999999999999,2020
HOUSE,OH,8,False,0.165,0.1459999999999999,True,True,-0.0190000000000001,2020
HOUSE,OH,9,False,-0.4609999999999999,0.0,True,False,0.4609999999999999,2020
HOUSE,OH,10,False,0.0,-0.381,False,True,-0.381,2020
HOUSE,OH,11,False,-0.344,0.0,True,False,0.344,2020
HOUSE,OH,12,False,0.0,-0.1140000000000001,False,True,-0.1140000000000001,2020
HOUSE,OH,13,False,-0.3699999999999999,0.274,True,True,0.6439999999999999,2020
HOUSE,OH,14,False,0.0,-0.4649999999999999,False,True,-0.4649999999999999,2020
HOUSE,OH,15,False,0.0,-0.3089999999999999,False,True,-0.3089999999999999,2020
HOUSE,OH,16,False,0.2630000000000001,-0.2219999999999999,True,True,-0.4850000000000001,2020
HOUSE,OK,1,False,0.0,-0.028,False,True,-0.028,2020
HOUSE,OK,2,False,0.0,-0.141,False,True,-0.141,2020
HOUSE,OK,3,False,0.0,-0.0789999999999999,False,True,-0.0789999999999999,2020
HOUSE,OK,4,False,0.316,-0.3299999999999999,True,True,-0.646,2020
HOUSE,OK,5,False,-0.0829999999999999,0.0,True,False,0.0829999999999999,2020
HOUSE,OR,1,False,0.021,0.0,True,False,-0.021,2020
HOUSE,OR,2,False,0.0,0.0,False,False,0.0,2020
HOUSE,OR,3,False,-0.1139999999999999,0.0,True,False,0.1139999999999999,2020
HOUSE,OR,4,False,-0.1509999999999999,0.0,True,False,0.1509999999999999,2020
HOUSE,OR,5,False,-0.4839999999999999,0.0,True,False,0.4839999999999999,2020
HOUSE,PA,1,False,0.0,-0.627,False,True,-0.627,2020
HOUSE,PA,2,False,-0.4319999999999999,0.0,True,False,0.4319999999999999,2020
HOUSE,PA,3,False,-0.1979999999999999,0.0,True,False,0.1979999999999999,2020
HOUSE,PA,4,False,-0.0969999999999999,0.0,True,False,0.0969999999999999,2020
HOUSE,PA,5,False,0.023,0.0,True,False,-0.023,2020
HOUSE,PA,6,False,0.098,0.0,True,False,-0.098,2020
HOUSE,PA,7,False,0.068,0.0,True,False,-0.068,2020
HOUSE,PA,8,False,-0.0639999999999999,0.0,True,False,0.0639999999999999,2020
HOUSE,PA,9,False,-0.1349999999999999,-0.298,True,True,-0.1630000000000001,2020
HOUSE,PA,10,False,0.0,0.07,False,True,0.07,2020
HOUSE,PA,11,False,0.0,-0.0349999999999999,False,True,-0.0349999999999999,2020
HOUSE,PA,12,False,0.0,0.0,False,False,0.0,2020
HOUSE,PA,13,False,0.0,-0.2169999999999999,False,True,-0.2169999999999999,2020
HOUSE,PA,14,False,0.0,-0.396,False,True,-0.396,2020
HOUSE,PA,15,False,0.0,-0.098,False,True,-0.098,2020
HOUSE,PA,16,False,0.0,-0.174,False,True,-0.174,2020
HOUSE,PA,17,False,0.1200000000000001,0.0,True,False,-0.1200000000000001,2020
HOUSE,PA,18,False,-0.247,0.0,True,False,0.247,2020
HOUSE,RI,1,False,0.028,,True,,-0.028,2020
HOUSE,RI,2,False,-0.1719999999999999,0.0,True,False,0.1719999999999999,2020
HOUSE,SC,1,False,-0.0229999999999999,0.0,True,False,0.0229999999999999,2020
HOUSE,SC,2,False,0.0,-0.237,False,True,-0.237,2020
HOUSE,SC,3,False,0.3169999999999999,0.191,True,True,-0.1259999999999999,2020
HOUSE,SC,4,False,0.0,0.054,False,True,0.054,2020
HOUSE,SC,5,False,0.0,0.2709999999999999,False,True,0.2709999999999999,2020
HOUSE,SC,6,False,-0.3139999999999999,0.0,True,False,0.3139999999999999,2020
HOUSE,SC,7,False,0.0,0.0309999999999999,False,True,0.0309999999999999,2020
HOUSE,SD,0,False,,0.1499999999999999,,True,0.1499999999999999,2020
HOUSE,TN,1,False,0.0,0.0,False,False,0.0,2020
HOUSE,TN,2,False,0.3349999999999999,0.024,True,True,-0.3109999999999999,2020
HOUSE,TN,3,False,0.0,-0.034,False,True,-0.034,2020
HOUSE,TN,4,False,0.2270000000000001,0.244,True,True,0.0169999999999999,2020
HOUSE,TN,5,False,-0.347,,True,,0.347,2020
HOUSE,TN,6,False,0.0,0.0,False,True,0.0,2020
HOUSE,TN,7,False,0.0,0.211,False,True,0.211,2020
HOUSE,TN,8,False,0.128,-0.0529999999999999,True,True,-0.1809999999999999,2020
HOUSE,TN,9,False,-0.5329999999999999,0.0,True,False,0.5329999999999999,2020
HOUSE,TX,1,False,0.0,0.409,False,True,0.409,2020
HOUSE,TX,2,False,0.0,0.205,False,True,0.205,2020
HOUSE,TX,3,False,0.0,0.1109999999999999,False,True,0.1109999999999999,2020
HOUSE,TX,4,False,0.0,0.0,False,False,0.0,2020
HOUSE,TX,5,False,0.0,-0.05,False,True,-0.05,2020
HOUSE,TX,6,False,0.0,0.26,False,True,0.26,2020
HOUSE,TX,7,False,0.018,0.0,True,False,-0.018,2020
HOUSE,TX,8,False,0.0,-0.265,False,True,-0.265,2020
HOUSE,TX,9,False,-0.4149999999999999,0.0,True,False,0.4149999999999999,2020
HOUSE,TX,10,False,0.248,-0.0749999999999999,True,True,-0.3229999999999999,2020
HOUSE,TX,11,False,0.0,0.0,False,False,0.0,2020
HOUSE,TX,12,False,0.0,-0.2259999999999999,False,True,-0.2259999999999999,2020
HOUSE,TX,13,False,0.0,0.0,False,False,0.0,2020
HOUSE,TX,14,False,0.1859999999999999,-0.1069999999999999,True,True,-0.2929999999999999,2020
HOUSE,TX,15,False,-0.607,0.0,True,False,0.607,2020
HOUSE,TX,16,False,-0.2799999999999999,0.0,True,False,0.2799999999999999,2020
HOUSE,TX,17,False,0.199,-0.002,True,True,-0.201,2020
HOUSE,TX,18,False,-0.2269999999999999,0.0,True,False,0.2269999999999999,2020
HOUSE,TX,19,False,0.0,0.1579999999999999,False,True,0.1579999999999999,2020
HOUSE,TX,20,False,-0.0419999999999999,0.619,True,True,0.6609999999999999,2020
HOUSE,TX,21,False,0.0,0.2969999999999999,False,True,0.2969999999999999,2020
HOUSE,TX,22,False,0.0,0.0,False,False,0.0,2020
HOUSE,TX,23,False,0.1150000000000001,0.0,True,False,-0.1150000000000001,2020
HOUSE,TX,24,False,0.0,0.0,False,False,0.0,2020
HOUSE,TX,25,False,0.102,0.028,True,True,-0.074,2020
HOUSE,TX,26,False,0.0,-0.138,False,True,-0.138,2020
HOUSE,TX,27,False,0.0,0.284,False,True,0.284,2020
HOUSE,TX,28,False,-1.246,0.0,True,False,1.246,2020
HOUSE,TX,29,False,-0.1299999999999999,0.708,True,True,0.8379999999999999,2020
HOUSE,TX,30,False,-0.4979999999999999,0.0,True,False,0.4979999999999999,2020
HOUSE,TX,31,False,0.0,0.024,False,True,0.024,2020
HOUSE,TX,32,False,0.1120000000000001,0.0,True,False,-0.1120000000000001,2020
HOUSE,TX,33,False,-0.3109999999999999,0.0,True,False,0.3109999999999999,2020
HOUSE,TX,34,False,-0.612,0.2889999999999999,True,True,0.901,2020
HOUSE,TX,35,False,0.1080000000000001,0.0,True,False,-0.1080000000000001,2020
HOUSE,TX,36,False,0.0,0.0869999999999999,False,True,0.0869999999999999,2020
HOUSE,UT,1,False,0.0,0.0,False,False,0.0,2020
HOUSE,UT,2,False,0.0,-0.2269999999999999,False,True,-0.2269999999999999,2020
HOUSE,UT,3,False,0.0,-0.242,False,True,-0.242,2020
HOUSE,UT,4,False,-0.1909999999999999,0.0,True,False,0.1909999999999999,2020
HOUSE,VA,1,False,0.0,-0.2049999999999999,False,True,-0.2049999999999999,2020
HOUSE,VA,2,False,0.095,0.014,True,True,-0.081,2020
HOUSE,VA,3,False,-0.1789999999999999,0.0,True,False,0.1789999999999999,2020
HOUSE,VA,4,False,-0.0759999999999999,0.0,True,False,0.0759999999999999,2020
HOUSE,VA,5,False,0.0,0.0,False,False,0.0,2020
HOUSE,VA,6,False,0.0,0.104,False,True,0.104,2020
HOUSE,VA,7,False,0.147,0.0,True,False,-0.147,2020
HOUSE,VA,8,False,-0.1099999999999999,0.0,True,False,0.1099999999999999,2020
HOUSE,VA,9,False,,0.062,,True,0.062,2020
HOUSE,VA,10,False,0.136,0.0,True,False,-0.136,2020
HOUSE,VA,11,False,-0.0799999999999999,0.0,True,False,0.0799999999999999,2020
HOUSE,VT,0,False,0.029,0.0,True,False,-0.029,2020
HOUSE,WA,1,False,0.139,0.302,True,True,0.163,2020
HOUSE,WA,2,False,-0.1699999999999999,0.0,True,False,0.1699999999999999,2020
HOUSE,WA,3,False,0.168,-0.0129999999999999,True,True,-0.1809999999999999,2020
HOUSE,WA,4,False,0.0,-0.4329999999999999,False,True,-0.4329999999999999,2020
HOUSE,WA,5,False,0.0,-0.034,False,True,-0.034,2020
HOUSE,WA,6,False,-0.0329999999999999,0.0,True,False,0.0329999999999999,2020
HOUSE,WA,7,False,0.213,0.2949999999999999,True,True,0.0819999999999998,2020
HOUSE,WA,8,False,0.2330000000000001,0.0,True,False,-0.2330000000000001,2020
HOUSE,WA,9,False,-0.2919999999999999,0.3640000000000001,True,True,0.656,2020
HOUSE,WA,10,False,0.0,,False,,0.0,2020
HOUSE,WI,1,False,0.0,0.211,False,True,0.211,2020
HOUSE,WI,2,False,0.053,0.4139999999999999,True,True,0.3609999999999999,2020
HOUSE,WI,3,False,-0.2019999999999999,0.0,True,False,0.2019999999999999,2020
HOUSE,WI,4,False,-0.2319999999999999,0.0,True,False,0.2319999999999999,2020
HOUSE,WI,5,False,0.207,0.0,True,False,-0.207,2020
HOUSE,WI,6,False,0.0,0.195,False,True,0.195,2020
HOUSE,WI,7,False,0.0,0.0,False,False,0.0,2020
HOUSE,WI,8,False,0.0,-0.034,False,True,-0.034,2020
HOUSE,WV,1,False,0.0,-0.6719999999999999,False,True,-0.6719999999999999,2020
HOUSE,WV,2,False,0.0,0.0429999999999999,False,True,0.0429999999999999,2020
HOUSE,WV,3,False,0.0,0.0389999999999999,False,True,0.0389999999999999,2020
HOUSE,WY,0,False,0.0,0.2470000000000001,False,True,0.2470000000000001,2020
SEN,AK,0,False,0.0,-0.397,False,True,-0.397,2020
SEN,AL,0,False,0.149,0.0,True,False,-0.149,2020
SEN,AR,0,False,,-0.044,,True,-0.044,2020
SEN,AZ,0,True,0.0,0.244,False,True,0.244,2020
SEN,CO,0,False,0.0,-0.158,False,True,-0.158,2020
SEN,DE,0,False,-0.0499999999999999,0.0,True,False,0.0499999999999999,2020
SEN,GA,0,False,0.0,0.1109999999999999,False,True,0.1109999999999999,2020
SEN,GA,0,True,0.0,0.0,False,False,0.0,2020
SEN,IA,0,False,0.0,0.1280000000000001,False,True,0.1280000000000001,2020
SEN,ID,0,False,0.0,-0.497,False,True,-0.497,2020
SEN,IL,0,False,0.166,0.0,True,False,-0.166,2020
SEN,KS,0,False,0.0,-0.012,False,True,-0.012,2020
SEN,KY,0,False,0.0,-0.525,False,True,-0.525,2020
SEN,LA,0,False,0.0,-0.245,False,True,-0.245,2020
SEN,MA,0,False,-0.121,0.0,True,False,0.121,2020
SEN,ME,0,False,0.0,-1.138,False,True,-1.138,2020
SEN,MI,0,False,0.001,0.1979999999999999,True,True,0.1969999999999999,2020
SEN,MN,0,False,0.1120000000000001,0.0,True,False,-0.1120000000000001,2020
SEN,MS,0,False,-0.0469999999999999,0.1149999999999999,True,True,0.1619999999999999,2020
SEN,MT,0,False,0.0,-0.02,False,True,-0.02,2020
SEN,NC,0,False,-0.1709999999999999,-0.248,True,True,-0.077,2020
SEN,NE,0,False,0.0,-0.413,False,True,-0.413,2020
SEN,NH,0,False,0.125,0.0,True,False,-0.125,2020
SEN,NJ,0,False,0.048,0.0,True,False,-0.048,2020
SEN,NM,0,False,0.0,0.0,False,False,0.0,2020
SEN,OK,0,False,0.0,-0.144,False,True,-0.144,2020
SEN,OR,0,False,0.2910000000000001,0.5289999999999999,True,True,0.2379999999999997,2020
SEN,RI,0,False,-0.1549999999999999,0.0,True,False,0.1549999999999999,2020
SEN,SC,0,False,0.0,-0.929,False,True,-0.929,2020
SEN,SD,0,False,0.0,-0.028,False,True,-0.028,2020
SEN,TN,0,False,0.0,0.0,False,False,0.0,2020
SEN,TX,0,False,0.0,-0.0789999999999999,False,True,-0.0789999999999999,2020
SEN,VA,0,False,-0.1799999999999999,0.0,True,False,0.1799999999999999,2020
SEN,WV,0,False,0.0,-0.282,False,True,-0.282,2020
HOUSE,AK,0,False,0.0,0.0,False,False,0.0,2022
HOUSE,AL,1,False,,0.0109999999999998,,True,0.0109999999999998,2022
HOUSE,AL,2,False,0.2310000000000001,0.1939999999999999,True,True,-0.0370000000000001,2022
HOUSE,AL,3,False,0.0,-0.1500000000000001,False,True,-0.1500000000000001,2022
HOUSE,AL,4,False,0.1089999999999999,-0.0410000000000001,True,True,-0.1500000000000001,2022
HOUSE,AL,5,False,0.0,0.0,False,False,0.0,2022
HOUSE,AL,6,False,,-0.0010000000000001,,True,-0.0010000000000001,2022
HOUSE,AL,7,False,-0.512,0.0,True,False,0.512,2022
HOUSE,AR,1,False,0.0,-0.2250000000000001,False,True,-0.2250000000000001,2022
HOUSE,AR,2,False,0.0,-0.215,False,True,-0.215,2022
HOUSE,AR,3,False,0.0,-0.2160000000000002,False,True,-0.2160000000000002,2022
HOUSE,AR,4,False,0.0,-0.133,False,True,-0.133,2022
HOUSE,AZ,1,False,0.0,0.0,False,False,0.0,2022
HOUSE,AZ,2,False,0.1119999999999999,0.0,True,False,-0.1119999999999999,2022
HOUSE,AZ,3,False,-0.122,0.0,True,False,0.122,2022
HOUSE,AZ,4,False,-0.266,0.0,True,False,0.266,2022
HOUSE,AZ,5,False,0.71,0.1399999999999999,True,True,-0.5700000000000001,2022
HOUSE,AZ,6,False,0.0,0.0,False,False,0.0,2022
HOUSE,AZ,7,False,0.035,0.0,True,False,-0.035,2022
HOUSE,AZ,8,False,0.0,0.1899999999999999,False,True,0.1899999999999999,2022
HOUSE,AZ,9,False,0.0,0.1339999999999999,False,True,0.1339999999999999,2022
HOUSE,CA,1,False,0.0,-0.149,False,True,-0.149,2022
HOUSE,CA,2,False,0.1069999999999999,0.0,True,False,-0.1069999999999999,2022
HOUSE,CA,3,False,0.0,0.0,False,False,0.0,2022
HOUSE,CA,4,False,-0.2009999999999999,0.0,True,False,0.2009999999999999,2022
HOUSE,CA,5,False,0.2810000000000001,0.0719999999999998,True,True,-0.2090000000000003,2022
HOUSE,CA,6,False,0.046,0.1829999999999998,True,True,0.1369999999999998,2022
HOUSE,CA,7,False,-0.245,0.0,True,False,0.245,2022
HOUSE,CA,8,False,-0.3239999999999999,0.0,True,False,0.3239999999999999,2022
HOUSE,CA,9,False,0.1679999999999999,0.0,True,False,-0.1679999999999999,2022
HOUSE,CA,10,False,0.018,,True,,-0.018,2022
HOUSE,CA,11,False,0.129,0.0,True,False,-0.129,2022
HOUSE,CA,12,False,0.242,0.0,True,False,-0.242,2022
HOUSE,CA,13,False,0.0,0.0,False,False,0.0,2022
HOUSE,CA,14,False,0.037,0.1919999999999999,True,True,0.1549999999999999,2022
HOUSE,CA,15,False,0.0,,False,,0.0,2022
HOUSE,CA,16,False,0.016,,True,,-0.016,2022
HOUSE,CA,17,False,0.058,-1.5510000000000002,True,True,-1.6090000000000002,2022
HOUSE,CA,18,False,0.031,0.0,True,False,-0.031,2022
HOUSE,CA,19,False,-0.524,0.1659999999999999,True,True,0.69,2022
HOUSE,CA,20,False,0.0,0.0039999999999997,False,True,0.0039999999999997,2022
HOUSE,CA,21,False,-0.73,0.0,True,False,0.73,2022
HOUSE,CA,22,False,0.0,0.0069999999999998,False,True,0.0069999999999998,2022
HOUSE,CA,23,False,0.0,0.0099999999999997,False,True,0.0099999999999997,2022
HOUSE,CA,24,False,0.031,-0.5130000000000001,True,True,-0.5440000000000002,2022
HOUSE,CA,25,False,0.028,0.0,True,False,-0.028,2022
HOUSE,CA,26,False,0.1679999999999999,0.0,True,False,-0.1679999999999999,2022
HOUSE,CA,27,False,0.145,0.1839999999999999,True,True,0.0389999999999999,2022
HOUSE,CA,28,False,-0.143,0.0,True,False,0.143,2022
HOUSE,CA,29,False,-0.369,,True,,0.369,2022
HOUSE,CA,30,False,0.153,,True,,-0.153,2022
HOUSE,CA,31,False,-0.4049999999999999,0.0,True,False,0.4049999999999999,2022
HOUSE,CA,32,False,-0.2949999999999999,0.0,True,False,0.2949999999999999,2022
HOUSE,CA,33,False,0.049,0.0,True,False,-0.049,2022
HOUSE,CA,34,False,-0.2889999999999999,,True,,0.2889999999999999,2022
HOUSE,CA,35,False,-0.245,0.0769999999999999,True,True,0.3219999999999999,2022
HOUSE,CA,36,False,-0.0899999999999999,0.2809999999999999,True,True,0.3709999999999999,2022
HOUSE,CA,37,False,0.0,,False,,0.0,2022
HOUSE,CA,38,False,-0.138,0.0,True,False,0.138,2022
HOUSE,CA,39,False,0.093,0.0,True,False,-0.093,2022
HOUSE,CA,40,False,0.0,0.1289999999999997,False,True,0.1289999999999997,2022
HOUSE,CA,41,False,0.0,-0.4030000000000001,False,True,-0.4030000000000001,2022
HOUSE,CA,42,False,0.0,0.3389999999999999,False,True,0.3389999999999999,2022
HOUSE,CA,43,False,-0.0389999999999999,0.2449999999999998,True,True,0.2839999999999998,2022
HOUSE,CA,44,False,-0.0339999999999999,0.0,True,False,0.0339999999999999,2022
HOUSE,CA,45,False,0.01,0.1359999999999999,True,True,0.1259999999999999,2022
HOUSE,CA,46,False,-0.4569999999999999,0.2919999999999998,True,True,0.7489999999999998,2022
HOUSE,CA,47,False,0.2510000000000001,-0.1720000000000001,True,True,-0.4230000000000002,2022
HOUSE,CA,48,False,0.0,0.1429999999999998,False,True,0.1429999999999998,2022
HOUSE,CA,49,False,0.148,0.1049999999999999,True,True,-0.043,2022
HOUSE,CA,50,False,-0.01,0.0,True,False,0.01,2022
HOUSE,CA,51,False,-0.021,0.0,True,False,0.021,2022
HOUSE,CA,52,False,-0.63,0.0,True,False,0.63,2022
HOUSE,CO,1,False,-0.0489999999999999,0.0,True,False,0.0489999999999999,2022
HOUSE,CO,2,False,-0.0,0.0,True,False,0.0,2022
HOUSE,CO,3,False,0.0,0.2699999999999998,False,True,0.2699999999999998,2022
HOUSE,CO,4,False,0.2099999999999999,-0.161,True,True,-0.371,2022
HOUSE,CO,5,False,0.0,-0.4010000000000001,False,True,-0.4010000000000001,2022
HOUSE,CO,6,False,0.124,0.0,True,False,-0.124,2022
HOUSE,CO,7,False,-0.0279999999999999,0.0,True,False,0.0279999999999999,2022
HOUSE,CO,8,False,0.0,0.0,False,False,0.0,2022
HOUSE,CT,1,False,-0.3019999999999999,0.0,True,False,0.3019999999999999,2022
HOUSE,CT,2,False,-0.0309999999999999,0.0,True,False,0.0309999999999999,2022
HOUSE,CT,3,False,0.028,0.0,True,False,-0.028,2022
HOUSE,CT,4,False,0.03,0.0,True,False,-0.03,2022
HOUSE,CT,5,False,0.1169999999999999,0.0,True,False,-0.1169999999999999,2022
HOUSE,DE,0,False,-0.127,0.0889999999999999,True,True,0.2159999999999999,2022
HOUSE,FL,1,False,0.0,0.2149999999999998,False,True,0.2149999999999998,2022
HOUSE,FL,2,False,-0.745,-0.189,True,True,0.5559999999999999,2022
HOUSE,FL,3,False,0.0,0.0439999999999998,False,True,0.0439999999999998,2022
HOUSE,FL,4,False,0.213,0.0,True,False,-0.213,2022
HOUSE,FL,5,False,,-0.2320000000000002,,True,-0.2320000000000002,2022
HOUSE,FL,6,False,,-0.016,,True,-0.016,2022
HOUSE,FL,7,False,0.0,0.0,False,False,0.0,2022
HOUSE,FL,8,False,0.0,-0.044,False,True,-0.044,2022
HOUSE,FL,9,False,-0.5469999999999999,0.0,True,False,0.5469999999999999,2022
HOUSE,FL,10,False,0.0,0.0,False,False,0.0,2022
HOUSE,FL,11,False,0.0,0.0489999999999999,False,True,0.0489999999999999,2022
HOUSE,FL,12,False,0.3420000000000001,-0.3860000000000001,True,True,-0.7280000000000002,2022
HOUSE,FL,13,False,-0.37,0.2799999999999998,True,True,0.6499999999999998,2022
HOUSE,FL,14,False,-0.2939999999999999,0.0,True,False,0.2939999999999999,2022
HOUSE,FL,15,False,0.044,0.0,True,False,-0.044,2022
HOUSE,FL,16,False,0.122,-0.151,True,True,-0.273,2022
HOUSE,FL,17,False,0.0,-0.024,False,True,-0.024,2022
HOUSE,FL,18,False,,-0.1100000000000001,,True,-0.1100000000000001,2022
HOUSE,FL,19,False,0.1719999999999999,0.0899999999999998,True,True,-0.082,2022
HOUSE,FL,20,False,-0.3729999999999999,0.0,True,False,0.3729999999999999,2022
HOUSE,FL,21,False,0.0,0.1429999999999998,False,True,0.1429999999999998,2022
HOUSE,FL,22,False,-0.1539999999999999,0.0,True,False,0.1539999999999999,2022
HOUSE,FL,23,False,0.0,0.0,False,False,0.0,2022
HOUSE,FL,24,False,-0.0879999999999999,0.0,True,False,0.0879999999999999,2022
HOUSE,FL,25,False,-0.148,0.2369999999999998,True,True,0.3849999999999999,2022
HOUSE,FL,26,False,0.2610000000000001,-0.6100000000000001,True,True,-0.8710000000000002,2022
HOUSE,FL,27,False,-0.001,-0.0170000000000001,True,True,-0.0160000000000001,2022
HOUSE,FL,28,False,0.0,-0.3370000000000001,False,True,-0.3370000000000001,2022
HOUSE,GA,1,False,0.0,-0.098,False,True,-0.098,2022
HOUSE,GA,2,False,-0.6419999999999999,0.0,True,False,0.6419999999999999,2022
HOUSE,GA,3,False,0.2219999999999999,0.0239999999999998,True,True,-0.1980000000000001,2022
HOUSE,GA,4,False,0.019,0.0,True,False,-0.019,2022
HOUSE,GA,5,False,0.047,0.0,True,False,-0.047,2022
HOUSE,GA,6,False,0.0,0.0819999999999998,False,True,0.0819999999999998,2022
HOUSE,GA,7,False,0.153,0.1769999999999998,True,True,0.0239999999999998,2022
HOUSE,GA,8,False,0.0,-0.0330000000000001,False,True,-0.0330000000000001,2022
HOUSE,GA,9,False,0.0,0.1689999999999998,False,True,0.1689999999999998,2022
HOUSE,GA,10,False,0.314,-0.2890000000000001,True,True,-0.6030000000000002,2022
HOUSE,GA,11,False,0.0,0.0769999999999999,False,True,0.0769999999999999,2022
HOUSE,GA,12,False,0.087,0.1649999999999998,True,True,0.0779999999999997,2022
HOUSE,GA,13,False,-0.546,0.4179999999999999,True,True,0.964,2022
HOUSE,GA,14,False,0.0,0.3159999999999998,False,True,0.3159999999999998,2022
HOUSE,HI,1,False,-0.474,0.0,True,False,0.474,2022
HOUSE,HI,2,False,0.0,-0.4200000000000001,False,True,-0.4200000000000001,2022
HOUSE,IA,1,False,0.0,0.1349999999999998,False,True,0.1349999999999998,2022
HOUSE,IA,2,False,0.0,0.1969999999999998,False,True,0.1969999999999998,2022
HOUSE,IA,3,False,0.119,0.0,True,False,-0.119,2022
HOUSE,IA,4,False,0.0,0.0219999999999997,False,True,0.0219999999999997,2022
HOUSE,ID,1,False,0.0,-0.008,False,True,-0.008,2022
HOUSE,ID,2,False,0.0,-0.5480000000000002,False,True,-0.5480000000000002,2022
HOUSE,IL,1,False,0.0,0.0,False,False,0.0,2022
HOUSE,IL,2,False,-0.007,0.0,True,False,0.007,2022
HOUSE,IL,3,False,0.0,0.0,False,False,0.0,2022
HOUSE,IL,4,False,0.0,0.0,False,False,0.0,2022
HOUSE,IL,5,False,-0.1749999999999999,0.0,True,False,0.1749999999999999,2022
HOUSE,IL,6,False,0.1699999999999999,0.0,True,False,-0.1699999999999999,2022
HOUSE,IL,7,False,-0.1769999999999999,,True,,0.1769999999999999,2022
HOUSE,IL,8,False,-0.0579999999999999,0.0,True,False,0.0579999999999999,2022
HOUSE,IL,9,False,0.29,0.0,True,False,-0.29,2022
HOUSE,IL,10,False,-0.1609999999999999,0.0,True,False,0.1609999999999999,2022
HOUSE,IL,11,False,0.207,0.0,True,False,-0.207,2022
HOUSE,IL,12,False,0.0,-0.4900000000000001,False,True,-0.4900000000000001,2022
HOUSE,IL,13,False,0.0,0.0,False,False,0.0,2022
HOUSE,IL,14,False,0.199,0.0,True,False,-0.199,2022
HOUSE,IL,15,False,0.0,0.1649999999999998,False,True,0.1649999999999998,2022
HOUSE,IL,16,False,0.0,-0.3490000000000001,False,True,-0.3490000000000001,2022
HOUSE,IL,17,False,0.0,0.0249999999999999,False,True,0.0249999999999999,2022
HOUSE,IN,1,False,-0.254,0.0,True,False,0.254,2022
HOUSE,IN,2,False,0.0,0.0,False,False,0.0,2022
HOUSE,IN,3,False,0.0,-0.056,False,True,-0.056,2022
HOUSE,IN,4,False,0.2630000000000001,-0.024,True,True,-0.2870000000000001,2022
HOUSE,IN,5,False,0.0,0.1759999999999999,False,True,0.1759999999999999,2022
HOUSE,IN,6,False,0.0,0.1089999999999999,False,True,0.1089999999999999,2022
HOUSE,IN,7,False,-0.0309999999999999,0.0,True,False,0.0309999999999999,2022
HOUSE,IN,8,False,0.0,-0.123,False,True,-0.123,2022
HOUSE,IN,9,False,0.0,-0.0270000000000001,False,True,-0.0270000000000001,2022
HOUSE,KS,1,False,0.0,0.0549999999999999,False,True,0.0549999999999999,2022
HOUSE,KS,2,False,0.0,0.0849999999999999,False,True,0.0849999999999999,2022
HOUSE,KS,3,False,0.159,-0.026,True,True,-0.185,2022
HOUSE,KS,4,False,0.0,-0.0070000000000001,False,True,-0.0070000000000001,2022
HOUSE,KY,1,False,0.0,-0.4320000000000001,False,True,-0.4320000000000001,2022
HOUSE,KY,2,False,0.087,-0.2910000000000001,True,True,-0.3780000000000002,2022
HOUSE,KY,3,False,0.0,0.0,False,False,0.0,2022
HOUSE,KY,4,False,0.0,0.1449999999999998,False,True,0.1449999999999998,2022
HOUSE,KY,5,False,0.0,-0.4240000000000001,False,True,-0.4240000000000001,2022
HOUSE,KY,6,False,0.4399999999999999,-0.2060000000000001,True,True,-0.6460000000000001,2022
HOUSE,LA,1,False,0.0,0.0879999999999998,False,True,0.0879999999999998,2022
HOUSE,LA,2,False,-0.899,0.0,True,False,0.899,2022
HOUSE,LA,3,False,0.0,0.0539999999999998,False,True,0.0539999999999998,2022
HOUSE,LA,4,False,,-0.0270000000000001,,True,-0.0270000000000001,2022
HOUSE,LA,5,False,0.0,0.0,False,False,0.0,2022
HOUSE,LA,6,False,,-0.3820000000000001,,True,-0.3820000000000001,2022
HOUSE,MA,1,False,-0.55,0.0,True,False,0.55,2022
HOUSE,MA,2,False,0.031,0.0,True,False,-0.031,2022
HOUSE,MA,3,False,-0.2059999999999999,0.0,True,False,0.2059999999999999,2022
HOUSE,MA,4,False,-0.5109999999999999,,True,,0.5109999999999999,2022
HOUSE,MA,5,False,0.035,0.0,True,False,-0.035,2022
HOUSE,MA,6,False,-0.0819999999999999,0.0,True,False,0.0819999999999999,2022
HOUSE,MA,7,False,0.256,0.0,True,False,-0.256,2022
HOUSE,MA,8,False,-0.3389999999999999,0.0,True,False,0.3389999999999999,2022
HOUSE,MA,9,False,-0.147,0.0,True,False,0.147,2022
HOUSE,MD,1,False,0.0,-0.2670000000000001,False,True,-0.2670000000000001,2022
HOUSE,MD,2,False,-0.569,0.0,True,False,0.569,2022
HOUSE,MD,3,False,0.044,0.0,True,False,-0.044,2022
HOUSE,MD,4,False,0.0,0.0,False,False,0.0,2022
HOUSE,MD,5,False,-0.3829999999999999,0.1369999999999998,True,True,0.5199999999999998,2022
HOUSE,MD,6,False,-0.752,0.0439999999999998,True,True,0.7959999999999998,2022
HOUSE,MD,7,False,-0.2109999999999999,0.0,True,False,0.2109999999999999,2022
HOUSE,MD,8,False,0.122,0.1689999999999998,True,True,0.0469999999999998,2022
HOUSE,ME,1,False,0.2079999999999999,0.0,True,False,-0.2079999999999999,2022
HOUSE,ME,2,False,0.122,-0.2080000000000001,True,True,-0.3300000000000002,2022
HOUSE,MI,1,False,0.0,-0.1680000000000001,False,True,-0.1680000000000001,2022
HOUSE,MI,2,False,0.3340000000000001,-0.199,True,True,-0.5330000000000001,2022
HOUSE,MI,3,False,0.141,0.0,True,False,-0.141,2022
HOUSE,MI,4,False,0.0,-0.04,False,True,-0.04,2022
HOUSE,MI,5,False,0.0,0.0,False,False,0.0,2022
HOUSE,MI,6,False,-0.2339999999999999,0.0,True,False,0.2339999999999999,2022
HOUSE,MI,7,False,0.089,0.0,True,False,-0.089,2022
HOUSE,MI,8,False,-0.144,0.1529999999999998,True,True,0.2969999999999998,2022
HOUSE,MI,9,False,0.2370000000000001,0.0,True,False,-0.2370000000000001,2022
HOUSE,MI,10,False,0.0,0.0,False,False,0.0,2022
HOUSE,MI,11,False,-0.012,0.0,True,False,0.012,2022
HOUSE,MI,12,False,0.2590000000000001,0.0,True,False,-0.2590000000000001,2022
HOUSE,MI,13,False,0.0,0.0,False,False,0.0,2022
HOUSE,MN,1,False,0.0,0.0,False,False,0.0,2022
HOUSE,MN,2,False,0.091,0.1649999999999998,True,True,0.0739999999999997,2022
HOUSE,MN,3,False,-0.0609999999999999,0.0,True,False,0.0609999999999999,2022
HOUSE,MN,4,False,0.052,0.0,True,False,-0.052,2022
HOUSE,MN,5,False,0.2770000000000001,0.0,True,False,-0.2770000000000001,2022
HOUSE,MN,6,False,0.0,-0.0490000000000001,False,True,-0.0490000000000001,2022
HOUSE,MN,7,False,0.0,0.1549999999999998,False,True,0.1549999999999998,2022
HOUSE,MN,8,False,0.0,-0.0810000000000001,False,True,-0.0810000000000001,2022
HOUSE,MO,1,False,0.3,0.0,True,False,-0.3,2022
HOUSE,MO,2,False,0.0,0.0289999999999999,False,True,0.0289999999999999,2022
HOUSE,MO,3,False,0.0,-0.189,False,True,-0.189,2022
HOUSE,MO,4,False,0.0,0.0,False,False,0.0,2022
HOUSE,MO,5,False,-0.3259999999999999,0.3599999999999999,True,True,0.6859999999999998,2022
HOUSE,MO,6,False,0.2219999999999999,-0.4770000000000001,True,True,-0.6990000000000001,2022
HOUSE,MO,7,False,0.0,0.0,False,False,0.0,2022
HOUSE,MO,8,False,0.0,-0.123,False,True,-0.123,2022
HOUSE,MS,1,False,0.0,-0.1120000000000001,False,True,-0.1120000000000001,2022
HOUSE,MS,2,False,-0.3749999999999999,0.4229999999999998,True,True,0.7979999999999998,2022
HOUSE,MS,3,False,0.0,-0.036,False,True,-0.036,2022
HOUSE,MS,4,False,0.0,0.0,False,False,0.0,2022
HOUSE,MT,1,False,0.0,0.0249999999999999,False,True,0.0249999999999999,2022
HOUSE,MT,2,False,0.0,0.3849999999999998,False,True,0.3849999999999998,2022
HOUSE,NC,1,False,0.0,0.0,False,False,0.0,2022
HOUSE,NC,2,False,0.041,0.0,True,False,-0.041,2022
HOUSE,NC,3,False,0.0,-0.018,False,True,-0.018,2022
HOUSE,NC,4,False,0.0,0.0,False,False,0.0,2022
HOUSE,NC,5,False,0.0,-0.1980000000000001,False,True,-0.1980000000000001,2022
HOUSE,NC,6,False,-0.1639999999999999,0.0,True,False,0.1639999999999999,2022
HOUSE,NC,7,False,0.0,-0.034,False,True,-0.034,2022
HOUSE,NC,8,False,0.242,0.1759999999999999,True,True,-0.066,2022
HOUSE,NC,9,False,0.0,-0.0150000000000001,False,True,-0.0150000000000001,2022
HOUSE,NC,10,False,0.0,-0.3480000000000001,False,True,-0.3480000000000001,2022
HOUSE,NC,11,False,0.0,0.0,False,False,0.0,2022
HOUSE,NC,12,False,-0.0489999999999999,0.0,True,False,0.0489999999999999,2022
HOUSE,NC,13,False,0.0,0.0,False,False,0.0,2022
HOUSE,NC,14,False,0.0,0.0,False,False,0.0,2022
HOUSE,ND,0,False,,-0.0370000000000001,,True,-0.0370000000000001,2022
HOUSE,NE,1,False,0.0,0.0,False,False,0.0,2022
HOUSE,NE,2,False,0.0,-0.195,False,True,-0.195,2022
HOUSE,NE,3,False,0.0,-0.0790000000000001,False,True,-0.0790000000000001,2022
HOUSE,NH,1,False,0.058,0.0,True,False,-0.058,2022
HOUSE,NH,2,False,0.157,0.0,True,False,-0.157,2022
HOUSE,NJ,1,False,-0.6829999999999999,0.1679999999999999,True,True,0.8509999999999999,2022
HOUSE,NJ,2,False,0.0,-0.0550000000000001,False,True,-0.0550000000000001,2022
HOUSE,NJ,3,False,0.124,0.0,True,False,-0.124,2022
HOUSE,NJ,4,False,0.0,-0.5990000000000001,False,True,-0.5990000000000001,2022
HOUSE,NJ,5,False,-0.4359999999999999,-0.3390000000000001,True,True,0.0969999999999998,2022
HOUSE,NJ,6,False,-0.422,0.0,True,False,0.422,2022
HOUSE,NJ,7,False,0.146,-0.4040000000000001,True,True,-0.5500000000000002,2022
HOUSE,NJ,8,False,0.0,0.0,False,False,0.0,2022
HOUSE,NJ,9,False,-0.3409999999999999,-0.1540000000000001,True,True,0.1869999999999998,2022
HOUSE,NJ,10,False,-0.1779999999999999,0.0,True,False,0.1779999999999999,2022
HOUSE,NJ,11,False,0.042,0.0,True,False,-0.042,2022
HOUSE,NJ,12,False,0.065,0.0,True,False,-0.065,2022
HOUSE,NM,1,False,0.097,0.1359999999999999,True,True,0.0389999999999998,2022
HOUSE,NM,2,False,0.0,0.1819999999999999,False,True,0.1819999999999999,2022
HOUSE,NM,3,False,0.083,0.0,True,False,-0.083,2022
HOUSE,NV,1,False,-0.1579999999999999,0.0,True,False,0.1579999999999999,2022
HOUSE,NV,2,False,0.0,-0.1980000000000001,False,True,-0.1980000000000001,2022
HOUSE,NV,3,False,-0.1039999999999999,0.0,True,False,0.1039999999999999,2022
HOUSE,NV,4,False,-0.12,0.1739999999999999,True,True,0.2939999999999999,2022
HOUSE,NY,1,False,0.001,0.0,True,False,-0.001,2022
HOUSE,NY,2,False,0.065,-0.2510000000000001,True,True,-0.3160000000000001,2022
HOUSE,NY,3,False,0.0,0.1919999999999999,False,True,0.1919999999999999,2022
HOUSE,NY,4,False,0.0,0.0,False,False,0.0,2022
HOUSE,NY,5,False,-0.3909999999999999,0.0,True,False,0.3909999999999999,2022
HOUSE,NY,6,False,-0.366,0.1369999999999998,True,True,0.5029999999999998,2022
HOUSE,NY,7,False,0.0,0.0,False,False,0.0,2022
HOUSE,NY,8,False,-0.3949999999999999,0.0,True,False,0.3949999999999999,2022
HOUSE,NY,9,False,-0.1139999999999999,,True,,0.1139999999999999,2022
HOUSE,NY,10,False,0.0,0.0,False,False,0.0,2022
HOUSE,NY,11,False,0.0,-0.2450000000000001,False,True,-0.2450000000000001,2022
HOUSE,NY,12,False,0.085,0.0,True,False,-0.085,2022
HOUSE,NY,13,False,-0.246,,True,,0.246,2022
HOUSE,NY,14,False,0.3340000000000001,0.0,True,False,-0.3340000000000001,2022
HOUSE,NY,15,False,-0.1889999999999999,0.0,True,False,0.1889999999999999,2022
HOUSE,NY,16,False,0.256,0.0,True,False,-0.256,2022
HOUSE,NY,17,False,0.075,0.0,True,False,-0.075,2022
HOUSE,NY,18,False,-0.0369999999999999,0.0,True,False,0.0369999999999999,2022
HOUSE,NY,19,False,0.0,0.0,False,False,0.0,2022
HOUSE,NY,20,False,-0.0749999999999999,0.1709999999999998,True,True,0.2459999999999997,2022
HOUSE,NY,21,False,0.0,0.0749999999999999,False,True,0.0749999999999999,2022
HOUSE,NY,22,False,-0.0279999999999999,0.0,True,False,0.0279999999999999,2022
HOUSE,NY,23,False,0.059,0.0,True,False,-0.059,2022
HOUSE,NY,24,False,0.0,0.119,False,True,0.119,2022
HOUSE,NY,25,False,-0.25,0.0,True,False,0.25,2022
HOUSE,NY,26,False,-0.5249999999999999,0.0,True,False,0.5249999999999999,2022
HOUSE,OH,1,False,0.0,0.0069999999999998,False,True,0.0069999999999998,2022
HOUSE,OH,2,False,0.0,-0.1780000000000001,False,True,-0.1780000000000001,2022
HOUSE,OH,3,False,-0.412,0.0,True,False,0.412,2022
HOUSE,OH,4,False,0.0,0.2779999999999998,False,True,0.2779999999999998,2022
HOUSE,OH,5,False,0.0,-0.145,False,True,-0.145,2022
HOUSE,OH,6,False,-0.3429999999999999,-0.3600000000000001,True,True,-0.0170000000000001,2022
HOUSE,OH,7,False,0.0,0.0,False,False,0.0,2022
HOUSE,OH,8,False,0.1899999999999999,-0.014,True,True,-0.2039999999999999,2022
HOUSE,OH,9,False,-0.508,0.0,True,False,0.508,2022
HOUSE,OH,10,False,0.2710000000000001,-0.3420000000000001,True,True,-0.6130000000000002,2022
HOUSE,OH,11,False,-0.2929999999999999,0.0,True,False,0.2929999999999999,2022
HOUSE,OH,12,False,0.0,-0.3040000000000001,False,True,-0.3040000000000001,2022
HOUSE,OH,13,False,0.0,0.0,False,False,0.0,2022
HOUSE,OH,14,False,0.0,-0.5320000000000001,False,True,-0.5320000000000001,2022
HOUSE,OH,15,False,0.0,0.0,False,False,0.0,2022
HOUSE,OK,1,False,0.0,-0.0970000000000002,False,True,-0.0970000000000002,2022
HOUSE,OK,2,False,0.0,0.0,False,False,0.0,2022
HOUSE,OK,3,False,0.0,-0.193,False,True,-0.193,2022
HOUSE,OK,4,False,0.2019999999999999,-0.4660000000000001,True,True,-0.668,2022
HOUSE,OK,5,False,0.0,0.0839999999999998,False,True,0.0839999999999998,2022
HOUSE,OR,1,False,0.036,0.0,True,False,-0.036,2022
HOUSE,OR,2,False,0.0,-0.1880000000000001,False,True,-0.1880000000000001,2022
HOUSE,OR,3,False,-0.0959999999999999,0.3319999999999998,True,True,0.4279999999999998,2022
HOUSE,OR,4,False,0.0,0.2089999999999998,False,True,0.2089999999999998,2022
HOUSE,OR,5,False,0.242,0.0,True,False,-0.242,2022
HOUSE,OR,6,False,0.0,0.0,False,False,0.0,2022
HOUSE,PA,1,False,0.0,-0.6970000000000001,False,True,-0.6970000000000001,2022
HOUSE,PA,2,False,-0.429,0.0,True,False,0.429,2022
HOUSE,PA,3,False,-0.1139999999999999,,True,,0.1139999999999999,2022
HOUSE,PA,4,False,-0.0409999999999999,0.0,True,False,0.0409999999999999,2022
HOUSE,PA,5,False,0.08,0.0,True,False,-0.08,2022
HOUSE,PA,6,False,0.043,0.0,True,False,-0.043,2022
HOUSE,PA,7,False,0.071,0.0,True,True,-0.071,2022
HOUSE,PA,8,False,-0.006,0.0689999999999999,True,True,0.0749999999999999,2022
HOUSE,PA,9,False,0.0,-0.439,False,True,-0.439,2022
HOUSE,PA,10,False,0.0,0.0729999999999999,False,True,0.0729999999999999,2022
HOUSE,PA,11,False,0.0,-0.1820000000000001,False,True,-0.1820000000000001,2022
HOUSE,PA,12,False,0.0,0.0,False,False,0.0,2022
HOUSE,PA,13,False,,-0.4270000000000001,,True,-0.4270000000000001,2022
HOUSE,PA,14,False,,-0.3330000000000001,,True,-0.3330000000000001,2022
HOUSE,PA,15,False,0.0,-0.2340000000000002,False,True,-0.2340000000000002,2022
HOUSE,PA,16,False,0.0,-0.2140000000000002,False,True,-0.2140000000000002,2022
HOUSE,PA,17,False,0.0,0.0,False,False,0.0,2022
HOUSE,RI,1,False,0.063,0.0,True,False,-0.063,2022
HOUSE,RI,2,False,0.0,0.0,False,False,0.0,2022
HOUSE,SC,1,False,0.0,0.1469999999999998,False,True,0.1469999999999998,2022
HOUSE,SC,2,False,0.0,-0.123,False,True,-0.123,2022
HOUSE,SC,3,False,,0.1179999999999998,,True,0.1179999999999998,2022
HOUSE,SC,4,False,,-0.2810000000000001,,True,-0.2810000000000001,2022
HOUSE,SC,5,False,0.0,0.0069999999999998,False,True,0.0069999999999998,2022
HOUSE,SC,6,False,-0.3299999999999999,0.0,True,False,0.3299999999999999,2022
HOUSE,SC,7,False,0.0,0.0,False,False,0.0,2022
HOUSE,SD,0,False,,-0.0710000000000001,,True,-0.0710000000000001,2022
HOUSE,TN,1,False,0.0,-0.0670000000000001,False,True,-0.0670000000000001,2022
HOUSE,TN,2,False,0.0,-0.127,False,True,-0.127,2022
HOUSE,TN,3,False,0.0,-0.145,False,True,-0.145,2022
HOUSE,TN,4,False,0.0,0.0169999999999999,False,True,0.0169999999999999,2022
HOUSE,TN,5,False,0.0,0.0,False,False,0.0,2022
HOUSE,TN,6,False,0.0,-0.1060000000000001,False,True,-0.1060000000000001,2022
HOUSE,TN,7,False,0.0,0.119,False,True,0.119,2022
HOUSE,TN,8,False,0.0,-0.123,False,True,-0.123,2022
HOUSE,TN,9,False,-0.518,0.0679999999999998,True,True,0.5859999999999999,2022
HOUSE,TX,1,False,0.0,0.0,False,False,0.0,2022
HOUSE,TX,2,False,0.0,0.2139999999999999,False,True,0.2139999999999999,2022
HOUSE,TX,3,False,0.0,0.0,False,False,0.0,2022
HOUSE,TX,4,False,0.0,0.0969999999999999,False,True,0.0969999999999999,2022
HOUSE,TX,5,False,0.0,-0.0810000000000001,False,True,-0.0810000000000001,2022
HOUSE,TX,6,False,,0.2619999999999998,,True,0.2619999999999998,2022
HOUSE,TX,7,False,-0.024,0.2289999999999998,True,True,0.2529999999999999,2022
HOUSE,TX,8,False,0.014,0.0,True,False,-0.014,2022
HOUSE,TX,9,False,-0.12,0.0,True,False,0.12,2022
HOUSE,TX,10,False,0.0,-0.1050000000000002,False,True,-0.1050000000000002,2022
HOUSE,TX,11,False,,0.1839999999999999,,True,0.1839999999999999,2022
HOUSE,TX,12,False,0.0,-0.322,False,True,-0.322,2022
HOUSE,TX,13,False,0.0,0.246,False,True,0.246,2022
HOUSE,TX,14,False,0.258,-0.167,True,True,-0.425,2022
HOUSE,TX,15,False,0.0,0.1889999999999998,False,True,0.1889999999999998,2022
HOUSE,TX,16,False,-0.41,0.3119999999999998,True,True,0.7219999999999998,2022
HOUSE,TX,17,False,0.0,-0.05,False,True,-0.05,2022
HOUSE,TX,18,False,-0.346,0.0,True,False,0.346,2022
HOUSE,TX,19,False,,0.0069999999999998,,True,0.0069999999999998,2022
HOUSE,TX,20,False,0.1019999999999999,0.0,True,False,-0.1019999999999999,2022
HOUSE,TX,21,False,0.0,0.2349999999999998,False,True,0.2349999999999998,2022
HOUSE,TX,22,False,0.0,0.0959999999999998,False,True,0.0959999999999998,2022
HOUSE,TX,23,False,0.0,0.0549999999999999,False,True,0.0549999999999999,2022
HOUSE,TX,24,False,0.2099999999999999,0.0919999999999998,True,True,-0.1180000000000001,2022
HOUSE,TX,25,False,,0.0439999999999998,,True,0.0439999999999998,2022
HOUSE,TX,26,False,,-0.1860000000000001,,True,-0.1860000000000001,2022
HOUSE,TX,27,False,0.0,0.0329999999999999,False,True,0.0329999999999999,2022
HOUSE,TX,28,False,-1.224,0.0,True,False,1.224,2022
HOUSE,TX,29,False,-0.1929999999999999,0.0,True,False,0.1929999999999999,2022
HOUSE,TX,30,False,0.0,0.0,False,False,0.0,2022
HOUSE,TX,31,False,,0.0479999999999998,,True,0.0479999999999998,2022
HOUSE,TX,32,False,0.057,0.0,True,False,-0.057,2022
HOUSE,TX,33,False,-0.255,0.0,True,False,0.255,2022
HOUSE,TX,34,False,-0.645,0.0,True,False,0.645,2022
HOUSE,TX,35,False,0.0,0.0,False,False,0.0,2022
HOUSE,TX,36,False,0.0,-0.012,False,True,-0.012,2022
HOUSE,TX,37,False,0.098,0.2779999999999998,True,True,0.1799999999999997,2022
HOUSE,TX,38,False,0.0,0.2089999999999998,False,True,0.2089999999999998,2022
HOUSE,UT,1,False,0.0,-0.3490000000000001,False,True,-0.3490000000000001,2022
HOUSE,UT,2,False,0.0,-0.2330000000000001,False,True,-0.2330000000000001,2022
HOUSE,UT,3,False,0.0,-0.3740000000000001,False,True,-0.3740000000000001,2022
HOUSE,UT,4,False,0.205,0.2259999999999999,True,True,0.0209999999999999,2022
HOUSE,VA,1,False,0.0,-0.2440000000000002,False,True,-0.2440000000000002,2022
HOUSE,VA,2,False,-0.018,0.0,True,False,0.018,2022
HOUSE,VA,3,False,-0.147,0.0,True,False,0.147,2022
HOUSE,VA,4,False,-0.0909999999999999,0.1649999999999998,True,True,0.2559999999999998,2022
HOUSE,VA,5,False,0.0,0.1989999999999998,False,True,0.1989999999999998,2022
HOUSE,VA,6,False,0.2310000000000001,-0.0090000000000001,True,True,-0.2400000000000002,2022
HOUSE,VA,7,False,0.1109999999999999,0.0,True,False,-0.1109999999999999,2022
HOUSE,VA,8,False,-0.1079999999999999,0.0,True,False,0.1079999999999999,2022
HOUSE,VA,9,False,0.0,-0.084,False,True,-0.084,2022
HOUSE,VA,10,False,0.1089999999999999,0.0,True,False,-0.1089999999999999,2022
HOUSE,VA,11,False,-0.0709999999999999,0.0,True,False,0.0709999999999999,2022
HOUSE,VT,0,False,0.0,0.0,False,False,0.0,2022
HOUSE,WA,1,False,0.096,0.0,True,False,-0.096,2022
HOUSE,WA,2,False,-0.0339999999999999,0.2019999999999999,True,True,0.2359999999999998,2022
HOUSE,WA,3,False,0.0,0.0,False,False,0.0,2022
HOUSE,WA,4,False,0.0,-0.4340000000000001,False,True,-0.4340000000000001,2022
HOUSE,WA,5,False,0.0,0.0,False,True,0.0,2022
HOUSE,WA,6,False,-0.0469999999999999,0.2599999999999998,True,True,0.3069999999999997,2022
HOUSE,WA,7,False,0.2290000000000001,0.0,True,False,-0.2290000000000001,2022
HOUSE,WA,8,False,0.2019999999999999,0.0,True,False,-0.2019999999999999,2022
HOUSE,WA,9,False,-0.3719999999999999,0.3479999999999998,True,True,0.7199999999999998,2022
HOUSE,WA,10,False,-0.0399999999999999,0.3359999999999998,True,True,0.3759999999999998,2022
HOUSE,WI,1,False,0.0,0.0419999999999998,False,True,0.0419999999999998,2022
HOUSE,WI,2,False,0.148,0.0,True,False,-0.148,2022
HOUSE,WI,3,False,0.0,0.2469999999999999,False,True,0.2469999999999999,2022
HOUSE,WI,4,False,-0.0949999999999999,0.2749999999999999,True,True,0.3699999999999999,2022
HOUSE,WI,5,False,0.0,0.2089999999999998,False,True,0.2089999999999998,2022
HOUSE,WI,6,False,,0.1879999999999999,,True,0.1879999999999999,2022
HOUSE,WI,7,False,0.0,0.2789999999999999,False,True,0.2789999999999999,2022
HOUSE,WI,8,False,0.0,-0.143,False,True,-0.143,2022
HOUSE,WV,1,False,0.0,-0.1840000000000001,False,True,-0.1840000000000001,2022
HOUSE,WV,2,False,0.0,-0.0150000000000001,False,True,-0.0150000000000001,2022
HOUSE,WY,0,False,0.2079999999999999,0.0,True,False,-0.2079999999999999,2022
SEN,AL,0,False,0.0,0.0,False,False,0.0,2022
SEN,AR,0,False,0.0,-0.221,False,True,-0.221,2022
SEN,AZ,0,False,0.2410000000000001,0.0,True,False,-0.2410000000000001,2022
SEN,CA,0,False,-0.0759999999999999,0.0,True,False,0.0759999999999999,2022
SEN,CA,0,True,-0.0759999999999999,0.0,True,False,0.0759999999999999,2022
SEN,CO,0,False,0.1089999999999999,0.0,True,False,-0.1089999999999999,2022
SEN,FL,0,False,0.0,0.1389999999999998,False,True,0.1389999999999998,2022
SEN,GA,0,False,0.2770000000000001,0.0,True,False,-0.2770000000000001,2022
SEN,HI,0,False,-0.2179999999999999,0.0,True,False,0.2179999999999999,2022
SEN,IA,0,False,0.0,-0.3930000000000001,False,True,-0.3930000000000001,2022
SEN,ID,0,False,0.0,-0.4710000000000001,False,True,-0.4710000000000001,2022
SEN,IL,0,False,,0.0,,False,0.0,2022
SEN,IN,0,False,0.0,0.0119999999999997,False,True,0.0119999999999997,2022
SEN,KS,0,False,0.0,-0.179,False,True,-0.179,2022
SEN,KY,0,False,0.2470000000000001,-0.0690000000000001,True,True,-0.3160000000000003,2022
SEN,LA,0,False,0.0,0.0939999999999998,False,True,0.0939999999999998,2022
SEN,MD,0,False,,0.0,,False,0.0,2022
SEN,MO,0,False,0.0,0.0,False,False,0.0,2022
SEN,NC,0,False,0.0,0.0,False,False,0.0,2022
SEN,ND,0,False,0.0,-0.181,False,True,-0.181,2022
SEN,NH,0,False,0.217,0.0889999999999999,True,True,-0.1280000000000001,2022
SEN,NV,0,False,0.25,0.0,True,False,-0.25,2022
SEN,NY,0,False,-0.0269999999999999,0.0,True,False,0.0269999999999999,2022
SEN,OH,0,False,0.0,0.0,False,False,0.0,2022
SEN,OK,0,False,0.0,-0.1190000000000002,False,True,-0.1190000000000002,2022
SEN,OK,0,True,0.0,0.0,False,False,0.0,2022
SEN,OR,0,False,-0.1039999999999999,0.2579999999999998,True,True,0.3619999999999997,2022
SEN,PA,0,False,0.242,0.0,True,False,-0.242,2022
SEN,SC,0,False,0.0,0.1389999999999998,False,True,0.1389999999999998,2022
SEN,SD,0,False,0.0,-0.0590000000000001,False,True,-0.0590000000000001,2022
SEN,UT,0,False,,0.0329999999999999,,True,0.0329999999999999,2022
SEN,VT,0,False,0.0,0.0,False,False,0.0,2022
SEN,WA,0,False,0.1959999999999999,0.0,True,False,-0.1959999999999999,2022
SEN,WI,0,False,0.0,0.1819999999999999,False,True,0.1819999999999999,2022
HOUSE,AK,0,False,0.217,-0.0729999999999999,True,True,-0.29,2024
HOUSE,AL,1,False,0.0,0.018,False,True,0.018,2024
HOUSE,AL,2,False,0.0,0.0,False,False,0.0,2024
HOUSE,AL,3,False,,-0.3439999999999998,,True,-0.3439999999999998,2024
HOUSE,AL,4,False,,-0.1999999999999999,,True,-0.1999999999999999,2024
HOUSE,AL,5,False,,-0.2169999999999998,,True,-0.2169999999999998,2024
HOUSE,AL,6,False,0.0,0.016,False,True,0.016,2024
HOUSE,AL,7,False,-0.37,0.0,True,False,0.37,2024
HOUSE,AR,1,False,0.0,-0.2549999999999999,False,True,-0.2549999999999999,2024
HOUSE,AR,2,False,0.0,-0.2959999999999999,False,True,-0.2959999999999999,2024
HOUSE,AR,3,False,0.0,-0.3199999999999999,False,True,-0.3199999999999999,2024
HOUSE,AR,4,False,0.0,-0.2319999999999999,False,True,-0.2319999999999999,2024
HOUSE,AZ,1,False,0.0,-0.0099999999999997,False,True,-0.0099999999999997,2024
HOUSE,AZ,2,False,0.0,0.312,False,True,0.312,2024
HOUSE,AZ,3,False,0.0,0.1980000000000001,False,True,0.1980000000000001,2024
HOUSE,AZ,4,False,-0.2259999999999999,0.1280000000000001,True,True,0.3540000000000001,2024
HOUSE,AZ,5,False,0.0,0.2340000000000002,False,True,0.2340000000000002,2024
HOUSE,AZ,6,False,0.1059999999999999,0.0330000000000001,True,True,-0.0729999999999998,2024
HOUSE,AZ,7,False,0.071,0.0,True,False,-0.071,2024
HOUSE,AZ,8,False,0.0,0.0,False,False,0.0,2024
HOUSE,AZ,9,False,0.0,0.1940000000000001,False,True,0.1940000000000001,2024
HOUSE,CA,1,False,0.0,-0.2159999999999999,False,True,-0.2159999999999999,2024
HOUSE,CA,2,False,0.1079999999999999,-0.3519999999999998,True,True,-0.4599999999999998,2024
HOUSE,CA,3,False,0.203,-0.0859999999999998,True,True,-0.2889999999999999,2024
HOUSE,CA,4,False,-0.2149999999999999,0.0,True,False,0.2149999999999999,2024
HOUSE,CA,5,False,0.24,0.012,True,True,-0.2279999999999999,2024
HOUSE,CA,6,False,-0.025,0.193,True,True,0.218,2024
HOUSE,CA,7,False,-0.0969999999999999,0.0,True,False,0.0969999999999999,2024
HOUSE,CA,8,False,-0.3139999999999999,0.217,True,True,0.531,2024
HOUSE,CA,9,False,0.145,0.0,True,False,-0.145,2024
HOUSE,CA,10,False,0.017,0.0,True,False,-0.017,2024
HOUSE,CA,11,False,0.1169999999999999,0.0,True,False,-0.1169999999999999,2024
HOUSE,CA,12,False,0.0,,False,,0.0,2024
HOUSE,CA,13,False,-0.3069999999999999,-0.0729999999999999,True,True,0.2339999999999999,2024
HOUSE,CA,14,False,0.042,0.0,True,False,-0.042,2024
HOUSE,CA,15,False,-0.0429999999999999,0.0,True,False,0.0429999999999999,2024
HOUSE,CA,16,False,0.0,,False,,0.0,2024
HOUSE,CA,17,False,-0.0,0.0,True,False,0.0,2024
HOUSE,CA,18,False,0.061,0.0470000000000001,True,True,-0.0139999999999999,2024
HOUSE,CA,19,False,-0.4059999999999999,0.0,True,False,0.4059999999999999,2024
HOUSE,CA,20,False,,0.0,,False,0.0,2024
HOUSE,CA,21,False,-0.853,-0.0629999999999999,True,True,0.79,2024
HOUSE,CA,22,False,0.082,-0.3209999999999999,True,True,-0.403,2024
HOUSE,CA,23,False,0.175,-0.1509999999999998,True,True,-0.3259999999999998,2024
HOUSE,CA,24,False,-0.007,0.0,True,False,0.007,2024
HOUSE,CA,25,False,0.003,0.0,True,False,-0.003,2024
HOUSE,CA,26,False,0.136,0.0,True,False,-0.136,2024
HOUSE,CA,27,False,0.0,0.1380000000000001,False,True,0.1380000000000001,2024
HOUSE,CA,28,False,-0.13,0.0,True,False,0.13,2024
HOUSE,CA,29,False,0.0,0.0,False,False,0.0,2024
HOUSE,CA,30,False,0.0,0.0,False,False,0.0,2024
HOUSE,CA,31,False,0.1579999999999999,0.0,True,False,-0.1579999999999999,2024
HOUSE,CA,32,False,-0.364,0.0,True,False,0.364,2024
HOUSE,CA,33,False,-0.0729999999999999,0.0,True,False,0.0729999999999999,2024
HOUSE,CA,34,False,-0.1749999999999999,,True,,0.1749999999999999,2024
HOUSE,CA,35,False,-0.3349999999999999,0.143,True,True,0.478,2024
HOUSE,CA,36,False,-0.134,-0.2089999999999998,True,True,-0.0749999999999998,2024
HOUSE,CA,37,False,-0.0459999999999999,,True,,0.0459999999999999,2024
HOUSE,CA,38,False,-0.1009999999999999,-0.564,True,True,-0.4629999999999999,2024
HOUSE,CA,39,False,0.1049999999999999,0.0,True,False,-0.1049999999999999,2024
HOUSE,CA,40,False,0.0,0.0630000000000001,False,True,0.0630000000000001,2024
HOUSE,CA,41,False,0.131,-0.3989999999999999,True,True,-0.5299999999999999,2024
HOUSE,CA,42,False,-0.2979999999999999,0.0,True,False,0.2979999999999999,2024
HOUSE,CA,43,False,-0.0499999999999999,0.0,True,False,0.0499999999999999,2024
HOUSE,CA,44,False,-0.141,0.0,True,False,0.141,2024
HOUSE,CA,45,False,0.0,0.151,False,True,0.151,2024
HOUSE,CA,46,False,-0.487,0.0,True,False,0.487,2024
HOUSE,CA,47,False,0.0,-0.1839999999999999,False,True,-0.1839999999999999,2024
HOUSE,CA,48,False,0.171,0.0830000000000001,True,True,-0.0879999999999998,2024
HOUSE,CA,49,False,0.135,0.0,True,False,-0.135,2024
HOUSE,CA,50,False,-0.1709999999999999,0.0,True,False,0.1709999999999999,2024
HOUSE,CA,51,False,-0.009,-0.2159999999999999,True,True,-0.2069999999999999,2024
HOUSE,CA,52,False,-0.744,0.0,True,False,0.744,2024
HOUSE,CO,1,False,-0.0729999999999999,0.0,True,False,0.0729999999999999,2024
HOUSE,CO,2,False,0.036,0.4750000000000001,True,True,0.439,2024
HOUSE,CO,3,False,0.136,0.0,True,False,-0.136,2024
HOUSE,CO,4,False,0.0,0.3190000000000002,False,True,0.3190000000000002,2024
HOUSE,CO,5,False,0.0,-0.1509999999999998,False,True,-0.1509999999999998,2024
HOUSE,CO,6,False,0.136,0.0,True,False,-0.136,2024
HOUSE,CO,7,False,0.035,0.0,True,False,-0.035,2024
HOUSE,CO,8,False,0.137,0.0,True,False,-0.137,2024
HOUSE,CT,1,False,-0.244,-0.6839999999999999,True,True,-0.4399999999999999,2024
HOUSE,CT,2,False,0.004,0.034,True,True,0.03,2024
HOUSE,CT,3,False,-0.0939999999999999,0.0,True,False,0.0939999999999999,2024
HOUSE,CT,4,False,-0.0539999999999999,-0.1339999999999999,True,True,-0.0799999999999999,2024
HOUSE,CT,5,False,0.071,-0.0729999999999999,True,True,-0.144,2024
HOUSE,DC,0,False,-0.0799999999999999,0.0,True,False,0.0799999999999999,2024
HOUSE,DE,0,False,0.0,0.0,False,False,0.0,2024
HOUSE,FL,1,False,0.0,0.2570000000000001,False,True,0.2570000000000001,2024
HOUSE,FL,2,False,0.0,-0.1579999999999999,False,True,-0.1579999999999999,2024
HOUSE,FL,3,False,0.262,0.0830000000000001,True,True,-0.1789999999999998,2024
HOUSE,FL,4,False,0.179,-0.1669999999999998,True,True,-0.3459999999999998,2024
HOUSE,FL,5,False,0.0,-0.3989999999999999,False,True,-0.3989999999999999,2024
HOUSE,FL,6,False,0.0,0.0510000000000001,False,True,0.0510000000000001,2024
HOUSE,FL,7,False,0.0,0.199,False,True,0.199,2024
HOUSE,FL,8,False,0.0,0.0,False,False,0.0,2024
HOUSE,FL,9,False,-0.639,0.0,True,False,0.639,2024
HOUSE,FL,10,False,0.2339999999999999,0.282,True,True,0.048,2024
HOUSE,FL,11,False,0.0,-0.0189999999999999,False,True,-0.0189999999999999,2024
HOUSE,FL,12,False,0.0,-0.4279999999999999,False,True,-0.4279999999999999,2024
HOUSE,FL,13,False,0.0,0.2790000000000001,False,True,0.2790000000000001,2024
HOUSE,FL,14,False,-0.251,0.0,True,False,0.251,2024
HOUSE,FL,15,False,0.0,-0.1699999999999999,False,True,-0.1699999999999999,2024
HOUSE,FL,16,False,0.1129999999999999,-0.3089999999999999,True,True,-0.4219999999999999,2024
HOUSE,FL,17,False,0.0,0.1169999999999999,False,True,0.1169999999999999,2024
HOUSE,FL,18,False,0.1919999999999999,-0.0149999999999999,True,True,-0.2069999999999998,2024
HOUSE,FL,19,False,0.0,0.171,False,True,0.171,2024
HOUSE,FL,20,False,-0.428,,True,,0.428,2024
HOUSE,FL,21,False,0.0,0.1900000000000001,False,True,0.1900000000000001,2024
HOUSE,FL,22,False,-0.261,0.1800000000000001,True,True,0.4410000000000001,2024
HOUSE,FL,23,False,-0.944,0.25,True,True,1.194,2024
HOUSE,FL,24,False,-0.12,0.044,True,True,0.164,2024
HOUSE,FL,25,False,-0.244,0.0,True,False,0.244,2024
HOUSE,FL,26,False,0.0,-0.5619999999999999,False,True,-0.5619999999999999,2024
HOUSE,FL,27,False,0.0,-0.1789999999999998,False,True,-0.1789999999999998,2024
HOUSE,FL,28,False,0.1859999999999999,-0.2849999999999999,True,True,-0.4709999999999998,2024
HOUSE,GA,1,False,0.0,-0.0819999999999998,False,True,-0.0819999999999998,2024
HOUSE,GA,2,False,-0.363,0.09,True,True,0.453,2024
HOUSE,GA,3,False,0.0,0.0,False,False,0.0,2024
HOUSE,GA,4,False,0.035,-0.1999999999999999,True,True,-0.235,2024
HOUSE,GA,5,False,-0.1869999999999999,0.0,True,False,0.1869999999999999,2024
HOUSE,GA,6,False,0.1099999999999999,0.0,True,False,-0.1099999999999999,2024
HOUSE,GA,7,False,0.145,0.06,True,True,-0.0849999999999999,2024
HOUSE,GA,8,False,0.236,-0.0459999999999998,True,True,-0.2819999999999998,2024
HOUSE,GA,9,False,0.0,0.1740000000000001,False,True,0.1740000000000001,2024
HOUSE,GA,10,False,0.0,0.036,False,True,0.036,2024
HOUSE,GA,11,False,0.0,-0.0599999999999998,False,True,-0.0599999999999998,2024
HOUSE,GA,12,False,0.0909999999999999,0.127,True,True,0.036,2024
HOUSE,GA,13,False,-0.634,0.0370000000000001,True,True,0.6710000000000002,2024
HOUSE,GA,14,False,0.0,0.3470000000000002,False,True,0.3470000000000002,2024
HOUSE,HI,1,False,-0.593,0.0,True,False,0.593,2024
HOUSE,HI,2,False,-0.2319999999999999,0.0,True,False,0.2319999999999999,2024
HOUSE,IA,1,False,0.1099999999999999,0.1060000000000001,True,True,-0.0039999999999998,2024
HOUSE,IA,2,False,0.0,0.1780000000000001,False,True,0.1780000000000001,2024
HOUSE,IA,3,False,0.0,0.1960000000000001,False,True,0.1960000000000001,2024
HOUSE,IA,4,False,0.2230000000000001,0.0,True,True,-0.2230000000000001,2024
HOUSE,ID,1,False,0.181,0.1460000000000001,True,True,-0.0349999999999999,2024
HOUSE,ID,2,False,0.0,-0.5529999999999999,False,True,-0.5529999999999999,2024
HOUSE,IL,1,False,-0.0789999999999999,0.0,True,False,0.0789999999999999,2024
HOUSE,IL,2,False,0.001,0.0,True,False,-0.001,2024
HOUSE,IL,3,False,0.119,0.0,True,False,-0.119,2024
HOUSE,IL,4,False,0.0,0.0,False,False,0.0,2024
HOUSE,IL,5,False,-0.2129999999999999,0.0,True,False,0.2129999999999999,2024
HOUSE,IL,6,False,0.13,-0.0669999999999999,True,True,-0.1969999999999999,2024
HOUSE,IL,7,False,-0.141,0.5570000000000002,True,True,0.6980000000000002,2024
HOUSE,IL,8,False,-0.0399999999999999,0.0,True,False,0.0399999999999999,2024
HOUSE,IL,9,False,0.264,0.0,True,False,-0.264,2024
HOUSE,IL,10,False,-0.2119999999999999,0.0,True,False,0.2119999999999999,2024
HOUSE,IL,11,False,0.1999999999999999,0.209,True,True,0.0090000000000001,2024
HOUSE,IL,12,False,0.0,-0.3369999999999998,False,True,-0.3369999999999998,2024
HOUSE,IL,13,False,0.023,0.0,True,False,-0.023,2024
HOUSE,IL,14,False,0.1739999999999999,0.3720000000000001,True,True,0.1980000000000001,2024
HOUSE,IL,15,False,,0.2510000000000001,,True,0.2510000000000001,2024
HOUSE,IL,16,False,,-0.3749999999999999,,True,-0.3749999999999999,2024
HOUSE,IL,17,False,0.125,0.0,True,False,-0.125,2024
HOUSE,IN,1,False,-0.1169999999999999,0.0,True,False,0.1169999999999999,2024
HOUSE,IN,2,False,0.0,0.0270000000000001,False,True,0.0270000000000001,2024
HOUSE,IN,3,False,0.0,0.1600000000000001,False,True,0.1600000000000001,2024
HOUSE,IN,4,False,0.0,0.016,False,True,0.016,2024
HOUSE,IN,5,False,0.0,0.1680000000000001,False,True,0.1680000000000001,2024
HOUSE,IN,6,False,0.2230000000000001,0.0,True,False,-0.2230000000000001,2024
HOUSE,IN,7,False,-0.0519999999999999,0.0,True,False,0.0519999999999999,2024
HOUSE,IN,8,False,0.0,0.0,False,False,0.0,2024
HOUSE,IN,9,False,0.0,-0.0609999999999999,False,True,-0.0609999999999999,2024
HOUSE,KS,1,False,0.0,0.0190000000000001,False,True,0.0190000000000001,2024
HOUSE,KS,2,False,-0.022,0.0,True,False,0.022,2024
HOUSE,KS,3,False,0.137,0.0,True,False,-0.137,2024
HOUSE,KS,4,False,0.0,-0.0809999999999999,False,True,-0.0809999999999999,2024
HOUSE,KY,1,False,0.0,-0.5739999999999998,False,True,-0.5739999999999998,2024
HOUSE,KY,2,False,0.1139999999999999,-0.2349999999999998,True,True,-0.3489999999999998,2024
HOUSE,KY,3,False,-0.488,0.0,True,False,0.488,2024
HOUSE,KY,4,False,,0.185,,True,0.185,2024
HOUSE,KY,5,False,,-0.4139999999999999,,True,-0.4139999999999999,2024
HOUSE,KY,6,False,-0.018,-0.2099999999999999,True,True,-0.1919999999999999,2024
HOUSE,LA,1,False,0.0,-0.0459999999999998,False,True,-0.0459999999999998,2024
HOUSE,LA,2,False,-0.91,0.0,True,False,0.91,2024
HOUSE,LA,3,False,0.0,0.0390000000000001,False,True,0.0390000000000001,2024
HOUSE,LA,4,False,,-0.1049999999999999,,True,-0.1049999999999999,2024
HOUSE,LA,5,False,0.0,-0.1479999999999999,False,True,-0.1479999999999999,2024
HOUSE,LA,6,False,0.0,0.3580000000000001,False,True,0.3580000000000001,2024
HOUSE,MA,1,False,-0.484,,True,,0.484,2024
HOUSE,MA,2,False,-0.027,,True,,0.027,2024
HOUSE,MA,3,False,-0.239,,True,,0.239,2024
HOUSE,MA,4,False,-0.4599999999999999,,True,,0.4599999999999999,2024
HOUSE,MA,5,False,-0.0499999999999999,,True,,0.0499999999999999,2024
HOUSE,MA,6,False,0.064,,True,,-0.064,2024
HOUSE,MA,7,False,0.25,,True,,-0.25,2024
HOUSE,MA,8,False,-0.3409999999999999,0.0,True,False,0.3409999999999999,2024
HOUSE,MA,9,False,-0.149,0.276,True,True,0.425,2024
HOUSE,MD,1,False,0.0,-0.2429999999999998,False,True,-0.2429999999999998,2024
HOUSE,MD,2,False,0.0,0.254,False,True,0.254,2024
HOUSE,MD,3,False,0.0,0.0,False,False,0.0,2024
HOUSE,MD,4,False,0.0,0.0,False,False,0.0,2024
HOUSE,MD,5,False,-0.3369999999999999,0.0,True,False,0.3369999999999999,2024
HOUSE,MD,6,False,0.0,0.141,False,True,0.141,2024
HOUSE,MD,7,False,-0.24,0.0,True,False,0.24,2024
HOUSE,MD,8,False,0.219,0.0,True,False,-0.219,2024
HOUSE,ME,1,False,0.119,0.0,True,False,-0.119,2024
HOUSE,ME,2,False,-0.0749999999999999,0.0,True,False,0.0749999999999999,2024
HOUSE,MI,1,False,0.0,-0.0699999999999998,False,True,-0.0699999999999998,2024
HOUSE,MI,2,False,0.0,-0.2189999999999998,False,True,-0.2189999999999998,2024
HOUSE,MI,3,False,0.0909999999999999,0.0,True,False,-0.0909999999999999,2024
HOUSE,MI,4,False,0.0,-0.0089999999999998,False,True,-0.0089999999999998,2024
HOUSE,MI,5,False,0.0,0.088,False,True,0.088,2024
HOUSE,MI,6,False,-0.2019999999999999,0.0,True,False,0.2019999999999999,2024
HOUSE,MI,7,False,0.0,0.217,False,True,0.217,2024
HOUSE,MI,8,False,0.0,0.034,False,True,0.034,2024
HOUSE,MI,9,False,0.0,-0.2129999999999998,False,True,-0.2129999999999998,2024
HOUSE,MI,10,False,-0.154,0.139,True,True,0.293,2024
HOUSE,MI,11,False,-0.25,0.0,True,False,0.25,2024
HOUSE,MI,12,False,0.238,0.1840000000000001,True,True,-0.0539999999999998,2024
HOUSE,MI,13,False,-0.247,-0.4369999999999999,True,True,-0.1899999999999999,2024
HOUSE,MN,1,False,0.0,0.036,False,True,0.036,2024
HOUSE,MN,2,False,0.083,0.0,True,False,-0.083,2024
HOUSE,MN,3,False,0.0,-0.0159999999999997,False,True,-0.0159999999999997,2024
HOUSE,MN,4,False,-0.022,0.0,True,False,0.022,2024
HOUSE,MN,5,False,0.2370000000000001,0.125,True,True,-0.1120000000000001,2024
HOUSE,MN,6,False,0.175,0.0510000000000001,True,True,-0.1239999999999998,2024
HOUSE,MN,7,False,0.0,0.127,False,True,0.127,2024
HOUSE,MN,8,False,0.1719999999999999,-0.0939999999999998,True,True,-0.2659999999999998,2024
HOUSE,MO,1,False,0.0,0.0,False,False,0.0,2024
HOUSE,MO,2,False,0.0,0.0450000000000001,False,True,0.0450000000000001,2024
HOUSE,MO,3,False,0.215,0.0,True,False,-0.215,2024
HOUSE,MO,4,False,0.0,-0.0999999999999998,False,True,-0.0999999999999998,2024
HOUSE,MO,5,False,-0.256,0.0,True,False,0.256,2024
HOUSE,MO,6,False,0.0,-0.3159999999999999,False,True,-0.3159999999999999,2024
HOUSE,MO,7,False,0.0,0.167,False,True,0.167,2024
HOUSE,MO,8,False,0.2299999999999999,-0.1449999999999998,True,True,-0.3749999999999998,2024
HOUSE,MS,1,False,0.024,-0.0619999999999998,True,True,-0.0859999999999998,2024
HOUSE,MS,2,False,-0.286,0.1900000000000001,True,True,0.4760000000000002,2024
HOUSE,MS,3,False,,-0.0819999999999998,,True,-0.0819999999999998,2024
HOUSE,MS,4,False,0.0,-0.1069999999999999,False,True,-0.1069999999999999,2024
HOUSE,MT,1,False,0.1639999999999999,0.2260000000000002,True,True,0.0620000000000002,2024
HOUSE,MT,2,False,0.0,0.0,False,False,0.0,2024
HOUSE,NC,1,False,-0.3349999999999999,0.0,True,False,0.3349999999999999,2024
HOUSE,NC,2,False,-0.009,0.0290000000000001,True,True,0.0380000000000001,2024
HOUSE,NC,3,False,,-0.0519999999999998,,True,-0.0519999999999998,2024
HOUSE,NC,4,False,-0.54,0.0,True,False,0.54,2024
HOUSE,NC,5,False,0.0,-0.1439999999999999,False,True,-0.1439999999999999,2024
HOUSE,NC,6,False,,0.0,,False,0.0,2024
HOUSE,NC,7,False,0.0,-0.0679999999999998,False,True,-0.0679999999999998,2024
HOUSE,NC,8,False,0.0,0.0,False,False,0.0,2024
HOUSE,NC,9,False,0.0,-0.0189999999999999,False,True,-0.0189999999999999,2024
HOUSE,NC,10,False,0.0,0.0990000000000002,False,True,0.0990000000000002,2024
HOUSE,NC,11,False,0.0,-0.1099999999999998,False,True,-0.1099999999999998,2024
HOUSE,NC,12,False,-0.0919999999999999,0.0,True,False,0.0919999999999999,2024
HOUSE,NC,13,False,0.0,0.0,False,False,0.0,2024
HOUSE,NC,14,False,0.0,0.0,False,False,0.0,2024
HOUSE,ND,0,False,0.0,0.0,False,False,0.0,2024
HOUSE,NE,1,False,0.0,-0.1319999999999999,False,True,-0.1319999999999999,2024
HOUSE,NE,2,False,0.081,-0.4379999999999999,True,True,-0.519,2024
HOUSE,NE,3,False,0.0,-0.0609999999999999,False,True,-0.0609999999999999,2024
HOUSE,NH,1,False,0.053,0.1240000000000001,True,True,0.071,2024
HOUSE,NH,2,False,0.0,0.1300000000000001,False,True,0.1300000000000001,2024
HOUSE,NJ,1,False,-0.655,0.0,True,False,0.655,2024
HOUSE,NJ,2,False,0.0,-0.1489999999999998,False,True,-0.1489999999999998,2024
HOUSE,NJ,3,False,-0.3389999999999999,0.0,True,False,0.3389999999999999,2024
HOUSE,NJ,4,False,0.161,-0.7609999999999999,True,True,-0.922,2024
HOUSE,NJ,5,False,-0.565,0.0,True,False,0.565,2024
HOUSE,NJ,6,False,-0.3399999999999999,0.0,True,False,0.3399999999999999,2024
HOUSE,NJ,7,False,0.0,-0.4239999999999999,False,True,-0.4239999999999999,2024
HOUSE,NJ,8,False,-0.48,0.0,True,False,0.48,2024
HOUSE,NJ,9,False,0.0,0.1150000000000002,False,True,0.1150000000000002,2024
HOUSE,NJ,10,False,0.0,0.0,False,False,0.0,2024
HOUSE,NJ,11,False,0.029,0.0,True,False,-0.029,2024
HOUSE,NJ,12,False,0.03,0.1240000000000001,True,True,0.094,2024
HOUSE,NM,1,False,0.0979999999999999,0.0,True,False,-0.0979999999999999,2024
HOUSE,NM,2,False,0.153,0.155,True,True,0.002,2024
HOUSE,NM,3,False,0.088,0.0,True,False,-0.088,2024
HOUSE,NV,1,False,-0.0419999999999999,0.1180000000000001,True,True,0.16,2024
HOUSE,NV,2,False,,-0.2099999999999999,,True,-0.2099999999999999,2024
HOUSE,NV,3,False,-0.0709999999999999,0.0,True,False,0.0709999999999999,2024
HOUSE,NV,4,False,-0.1089999999999999,0.0,True,False,0.1089999999999999,2024
HOUSE,NY,1,False,0.0,-0.3399999999999998,False,True,-0.3399999999999998,2024
HOUSE,NY,2,False,0.0,-0.5069999999999999,False,True,-0.5069999999999999,2024
HOUSE,NY,3,False,-0.474,-0.2989999999999999,True,True,0.175,2024
HOUSE,NY,4,False,-0.413,0.0,True,False,0.413,2024
HOUSE,NY,5,False,-0.615,-0.2649999999999999,True,True,0.3500000000000001,2024
HOUSE,NY,6,False,-0.361,-0.0259999999999998,True,True,0.3350000000000002,2024
HOUSE,NY,7,False,0.013,0.0,True,False,-0.013,2024
HOUSE,NY,8,False,-0.3959999999999999,0.0,True,False,0.3959999999999999,2024
HOUSE,NY,9,False,-0.0719999999999999,0.0,True,False,0.0719999999999999,2024
HOUSE,NY,10,False,-0.1839999999999999,0.0,True,False,0.1839999999999999,2024
HOUSE,NY,11,False,0.0,-0.3279999999999998,False,True,-0.3279999999999998,2024
HOUSE,NY,12,False,-0.001,-0.0679999999999998,True,True,-0.0669999999999998,2024
HOUSE,NY,13,False,-0.246,0.0,True,False,0.246,2024
HOUSE,NY,14,False,0.312,0.2670000000000001,True,True,-0.0449999999999999,2024
HOUSE,NY,15,False,-0.608,0.0,True,False,0.608,2024
HOUSE,NY,16,False,0.0,0.0,False,False,0.0,2024
HOUSE,NY,17,False,0.055,-0.3239999999999998,True,True,-0.3789999999999999,2024
HOUSE,NY,18,False,0.013,0.0,True,False,-0.013,2024
HOUSE,NY,19,False,0.083,-0.3879999999999999,True,True,-0.471,2024
HOUSE,NY,20,False,-0.0819999999999999,0.0,True,False,0.0819999999999999,2024
HOUSE,NY,21,False,0.0,0.084,False,True,0.084,2024
HOUSE,NY,22,False,0.0,-0.0189999999999999,False,True,-0.0189999999999999,2024
HOUSE,NY,23,False,0.0,-0.4149999999999999,False,True,-0.4149999999999999,2024
HOUSE,NY,24,False,0.0,0.145,False,True,0.145,2024
HOUSE,NY,25,False,-0.264,0.0,True,False,0.264,2024
HOUSE,NY,26,False,0.0,0.0,False,False,0.0,2024
HOUSE,OH,1,False,-0.013,0.0,True,False,0.013,2024
HOUSE,OH,2,False,0.0919999999999999,0.0,True,False,-0.0919999999999999,2024
HOUSE,OH,3,False,-0.422,0.0,True,False,0.422,2024
HOUSE,OH,4,False,0.0,0.2750000000000001,False,True,0.2750000000000001,2024
HOUSE,OH,5,False,0.179,0.064,True,True,-0.1149999999999999,2024
HOUSE,OH,6,False,0.0,0.0,False,False,0.0,2024
HOUSE,OH,7,False,0.128,-0.0439999999999998,True,True,-0.1719999999999998,2024
HOUSE,OH,8,False,0.1539999999999999,0.0170000000000001,True,True,-0.1369999999999998,2024
HOUSE,OH,9,False,-0.133,0.0,True,False,0.133,2024
HOUSE,OH,10,False,0.0,-0.4519999999999998,False,True,-0.4519999999999998,2024
HOUSE,OH,11,False,-0.6619999999999999,0.0,True,False,0.6619999999999999,2024
HOUSE,OH,12,False,0.0,-0.3229999999999998,False,True,-0.3229999999999998,2024
HOUSE,OH,13,False,0.069,0.0,True,False,-0.069,2024
HOUSE,OH,14,False,0.0,-0.5569999999999999,False,True,-0.5569999999999999,2024
HOUSE,OH,15,False,0.0,-0.0569999999999999,False,True,-0.0569999999999999,2024
HOUSE,OK,1,False,0.0,-0.1319999999999999,False,True,-0.1319999999999999,2024
HOUSE,OK,2,False,0.0,0.1360000000000001,False,True,0.1360000000000001,2024
HOUSE,OK,3,False,,-0.1119999999999998,,True,-0.1119999999999998,2024
HOUSE,OK,4,False,0.2139999999999999,-0.3479999999999998,True,True,-0.5619999999999998,2024
HOUSE,OK,5,False,0.0,0.022,False,True,0.022,2024
HOUSE,OR,1,False,-0.023,0.0,True,False,0.023,2024
HOUSE,OR,2,False,0.0,-0.2529999999999999,False,True,-0.2529999999999999,2024
HOUSE,OR,3,False,0.0,0.3390000000000002,False,True,0.3390000000000002,2024
HOUSE,OR,4,False,0.005,0.0,True,False,-0.005,2024
HOUSE,OR,5,False,0.0,-0.0289999999999999,False,True,-0.0289999999999999,2024
HOUSE,OR,6,False,0.1129999999999999,-0.1099999999999998,True,True,-0.2229999999999998,2024
HOUSE,PA,1,False,0.142,-0.9229999999999998,True,True,-1.065,2024
HOUSE,PA,2,False,-0.508,0.0,True,False,0.508,2024
HOUSE,PA,3,False,-0.1019999999999999,,True,,0.1019999999999999,2024
HOUSE,PA,4,False,-0.0709999999999999,0.0,True,False,0.0709999999999999,2024
HOUSE,PA,5,False,0.041,0.3640000000000001,True,True,0.323,2024
HOUSE,PA,6,False,0.032,0.0,True,False,-0.032,2024
HOUSE,PA,7,False,0.08,-0.2999999999999999,True,True,-0.38,2024
HOUSE,PA,8,False,0.018,0.0,True,False,-0.018,2024
HOUSE,PA,9,False,0.177,-0.3349999999999998,True,True,-0.5119999999999999,2024
HOUSE,PA,10,False,0.0,0.1150000000000002,False,True,0.1150000000000002,2024
HOUSE,PA,11,False,0.0,-0.1809999999999998,False,True,-0.1809999999999998,2024
HOUSE,PA,12,False,0.2310000000000001,0.0,True,False,-0.2310000000000001,2024
HOUSE,PA,13,False,0.0,-0.3729999999999999,False,True,-0.3729999999999999,2024
HOUSE,PA,14,False,0.0,-0.2729999999999999,False,True,-0.2729999999999999,2024
HOUSE,PA,15,False,0.0,-0.2109999999999998,False,True,-0.2109999999999998,2024
HOUSE,PA,16,False,0.0,-0.2109999999999998,False,True,-0.2109999999999998,2024
HOUSE,PA,17,False,0.08,0.0,True,False,-0.08,2024
HOUSE,RI,1,False,0.0,0.153,False,True,0.153,2024
HOUSE,RI,2,False,-0.0389999999999999,0.0,True,False,0.0389999999999999,2024
HOUSE,SC,1,False,0.0,-0.0529999999999999,False,True,-0.0529999999999999,2024
HOUSE,SC,2,False,0.0,-0.3169999999999999,False,True,-0.3169999999999999,2024
HOUSE,SC,3,False,0.0,0.0,False,False,0.0,2024
HOUSE,SC,4,False,0.0,-0.1089999999999999,False,True,-0.1089999999999999,2024
HOUSE,SC,5,False,0.145,0.143,True,True,-0.002,2024
HOUSE,SC,6,False,-0.3209999999999999,0.276,True,True,0.597,2024
HOUSE,SC,7,False,0.2829999999999999,0.131,True,True,-0.1519999999999999,2024
HOUSE,SD,0,False,0.0,-0.0919999999999998,False,True,-0.0919999999999998,2024
HOUSE,TN,1,False,0.0,0.131,False,True,0.131,2024
HOUSE,TN,2,False,0.0,0.0010000000000001,False,True,0.0010000000000001,2024
HOUSE,TN,3,False,0.0,-0.1529999999999998,False,True,-0.1529999999999998,2024
HOUSE,TN,4,False,0.0,-0.0969999999999999,False,True,-0.0969999999999999,2024
HOUSE,TN,5,False,0.0,0.133,False,True,0.133,2024
HOUSE,TN,6,False,0.0,-0.0189999999999999,False,True,-0.0189999999999999,2024
HOUSE,TN,7,False,-0.028,0.102,True,True,0.1300000000000001,2024
HOUSE,TN,8,False,0.0,-0.127,False,True,-0.127,2024
HOUSE,TN,9,False,-0.4519999999999999,0.326,True,True,0.778,2024
HOUSE,TX,1,False,,-0.1219999999999998,,True,-0.1219999999999998,2024
HOUSE,TX,2,False,0.0,0.2380000000000002,False,True,0.2380000000000002,2024
HOUSE,TX,3,False,-0.0449999999999999,0.0,True,False,0.0449999999999999,2024
HOUSE,TX,4,False,0.0,-0.1569999999999998,False,True,-0.1569999999999998,2024
HOUSE,TX,5,False,0.0,0.0010000000000001,False,True,0.0010000000000001,2024
HOUSE,TX,6,False,0.0,0.322,False,True,0.322,2024
HOUSE,TX,7,False,-0.1129999999999999,0.0,True,False,0.1129999999999999,2024
HOUSE,TX,8,False,0.1659999999999999,0.284,True,True,0.1180000000000001,2024
HOUSE,TX,9,False,-0.1859999999999999,,True,,0.1859999999999999,2024
HOUSE,TX,10,False,0.0,-0.2819999999999999,False,True,-0.2819999999999999,2024
HOUSE,TX,11,False,,0.161,,True,0.161,2024
HOUSE,TX,12,False,0.219,0.0,True,False,-0.219,2024
HOUSE,TX,13,False,,0.2990000000000001,,True,0.2990000000000001,2024
HOUSE,TX,14,False,0.0,-0.1989999999999998,False,True,-0.1989999999999998,2024
HOUSE,TX,15,False,0.07,0.2120000000000002,True,True,0.1420000000000001,2024
HOUSE,TX,16,False,-0.3819999999999999,0.2930000000000001,True,True,0.675,2024
HOUSE,TX,17,False,0.0,-0.1769999999999998,False,True,-0.1769999999999998,2024
HOUSE,TX,18,False,0.0,0.0,False,False,0.0,2024
HOUSE,TX,19,False,,-0.0899999999999998,,True,-0.0899999999999998,2024
HOUSE,TX,20,False,0.065,,True,,-0.065,2024
HOUSE,TX,21,False,0.0,0.203,False,True,0.203,2024
HOUSE,TX,22,False,0.0,-0.0289999999999999,False,True,-0.0289999999999999,2024
HOUSE,TX,23,False,0.0,0.1080000000000001,False,True,0.1080000000000001,2024
HOUSE,TX,24,False,0.0,0.084,False,True,0.084,2024
HOUSE,TX,25,False,,-0.0779999999999998,,True,-0.0779999999999998,2024
HOUSE,TX,26,False,0.0,0.0,False,False,0.0,2024
HOUSE,TX,27,False,0.0,0.125,False,True,0.125,2024
HOUSE,TX,28,False,-1.039,0.0,True,False,1.039,2024
HOUSE,TX,29,False,-0.3229999999999999,0.0,True,False,0.3229999999999999,2024
HOUSE,TX,30,False,-0.0529999999999999,,True,,0.0529999999999999,2024
HOUSE,TX,31,False,0.0,-0.0759999999999998,False,True,-0.0759999999999998,2024
HOUSE,TX,32,False,0.0,0.4340000000000001,False,True,0.4340000000000001,2024
HOUSE,TX,33,False,-0.1969999999999999,0.0,True,False,0.1969999999999999,2024
HOUSE,TX,34,False,-0.522,0.26,True,True,0.782,2024
HOUSE,TX,35,False,0.03,0.0,True,False,-0.03,2024
HOUSE,TX,36,False,0.1699999999999999,-0.0699999999999998,True,True,-0.2399999999999997,2024
HOUSE,TX,37,False,0.12,0.3410000000000002,True,True,0.2210000000000002,2024
HOUSE,TX,38,False,0.0,0.217,False,True,0.217,2024
HOUSE,UT,1,False,0.0,-0.4189999999999999,False,True,-0.4189999999999999,2024
HOUSE,UT,2,False,0.0,0.0,False,False,0.0,2024
HOUSE,UT,3,False,0.065,0.0,True,False,-0.065,2024
HOUSE,UT,4,False,0.0,0.1780000000000001,False,True,0.1780000000000001,2024
HOUSE,VA,1,False,0.0,-0.2729999999999999,False,True,-0.2729999999999999,2024
HOUSE,VA,2,False,0.0,0.08,False,True,0.08,2024
HOUSE,VA,3,False,-0.0849999999999999,0.0,True,False,0.0849999999999999,2024
HOUSE,VA,4,False,0.1999999999999999,0.0,True,False,-0.1999999999999999,2024
HOUSE,VA,5,False,0.0,0.0,False,False,0.0,2024
HOUSE,VA,6,False,0.0,0.0170000000000001,False,True,0.0170000000000001,2024
HOUSE,VA,7,False,0.0,0.157,False,True,0.157,2024
HOUSE,VA,8,False,-0.1149999999999999,0.0,True,False,0.1149999999999999,2024
HOUSE,VA,9,False,0.0,-0.0999999999999998,False,True,-0.0999999999999998,2024
HOUSE,VA,10,False,0.0,-0.3549999999999998,False,True,-0.3549999999999998,2024
HOUSE,VA,11,False,-0.141,0.0,True,False,0.141,2024
HOUSE,VT,0,False,0.2159999999999999,,True,,-0.2159999999999999,2024
HOUSE,WA,1,False,0.027,0.0,True,False,-0.027,2024
HOUSE,WA,2,False,-0.1049999999999999,0.0,True,False,0.1049999999999999,2024
HOUSE,WA,3,False,0.1779999999999999,0.2280000000000002,True,True,0.0500000000000002,2024
HOUSE,WA,4,False,,-0.7429999999999999,,True,-0.7429999999999999,2024
HOUSE,WA,5,False,0.0,0.0,False,False,0.0,2024
HOUSE,WA,6,False,0.0,0.0,False,False,0.0,2024
HOUSE,WA,7,False,0.2330000000000001,0.0,True,False,-0.2330000000000001,2024
HOUSE,WA,8,False,0.177,0.0,True,False,-0.177,2024
HOUSE,WA,9,False,-0.2949999999999999,,True,,0.2949999999999999,2024
HOUSE,WA,10,False,-0.0959999999999999,0.0,True,False,0.0959999999999999,2024
HOUSE,WI,1,False,0.082,-0.0189999999999999,True,True,-0.1009999999999999,2024
HOUSE,WI,2,False,0.1009999999999999,0.3370000000000002,True,True,0.2360000000000002,2024
HOUSE,WI,3,False,0.132,0.26,True,True,0.128,2024
HOUSE,WI,4,False,-0.0649999999999999,0.0,True,False,0.0649999999999999,2024
HOUSE,WI,5,False,0.0,0.199,False,True,0.199,2024
HOUSE,WI,6,False,0.0,0.1500000000000001,False,True,0.1500000000000001,2024
HOUSE,WI,7,False,0.0,0.252,False,True,0.252,2024
HOUSE,WI,8,False,0.0,0.0,False,False,0.0,2024
HOUSE,WV,1,False,0.0,-0.129,False,True,-0.129,2024
HOUSE,WV,2,False,0.0,-0.1369999999999998,False,True,-0.1369999999999998,2024
HOUSE,WY,0,False,0.0,0.2770000000000001,False,True,0.2770000000000001,2024
SEN,AZ,0,False,0.0,0.0,False,False,0.0,2024
SEN,CA,0,False,0.0,0.0,False,False,0.0,2024
SEN,CA,0,True,0.0,0.0,False,False,0.0,2024
SEN,CT,0,False,0.221,0.203,True,True,-0.018,2024
SEN,DE,0,False,0.0,0.0,False,False,0.0,2024
SEN,FL,0,False,0.0,0.1060000000000001,False,True,0.1060000000000001,2024
SEN,HI,0,False,0.073,0.548,True,True,0.475,2024
SEN,IN,0,False,0.1039999999999999,0.0,True,False,-0.1039999999999999,2024
SEN,MA,0,False,0.3269999999999999,0.0,True,False,-0.3269999999999999,2024
SEN,MD,0,False,0.0,0.0,False,False,0.0,2024
SEN,ME,0,False,0.0,0.0,False,False,0.0,2024
SEN,MI,0,False,0.0,0.0,False,False,0.0,2024
SEN,MN,0,False,0.0909999999999999,0.0,True,False,-0.0909999999999999,2024
SEN,MO,0,False,0.1919999999999999,0.262,True,True,0.07,2024
SEN,MS,0,False,0.0,-0.1349999999999998,False,True,-0.1349999999999998,2024
SEN,MT,0,False,-0.0619999999999999,0.0,True,False,0.0619999999999999,2024
SEN,ND,0,False,0.128,0.0330000000000001,True,True,-0.0949999999999998,2024
SEN,NE,0,False,,0.054,,True,0.054,2024
SEN,NE,0,True,0.0,-0.3049999999999999,False,True,-0.3049999999999999,2024
SEN,NJ,0,False,0.0,0.0,False,False,0.0,2024
SEN,NM,0,False,0.024,0.0,True,False,-0.024,2024
SEN,NV,0,False,0.161,0.2410000000000001,True,True,0.08,2024
SEN,NY,0,False,0.126,0.0,True,False,-0.126,2024
SEN,OH,0,False,-0.1169999999999999,0.0,True,False,0.1169999999999999,2024
SEN,PA,0,False,-0.2259999999999999,-0.3909999999999999,True,True,-0.1649999999999999,2024
SEN,RI,0,False,0.039,0.0,True,False,-0.039,2024
SEN,TN,0,False,0.0,0.066,False,True,0.066,2024
SEN,TX,0,False,0.0,0.2750000000000001,False,True,0.2750000000000001,2024
SEN,UT,0,False,0.0,0.0,False,False,0.0,2024
SEN,VA,0,False,-0.017,0.0,True,False,0.017,2024
SEN,VT,0,False,,0.1240000000000001,,True,0.1240000000000001,2024
SEN,WA,0,False,0.1839999999999999,0.0,True,False,-0.1839999999999999,2024
SEN,WI,0,False,0.2630000000000001,0.143,True,True,-0.1200000000000001,2024
SEN,WV,0,False,0.0,0.0,False,False,0.0,2024
SEN,WY,0,False,0.0,0.0950000000000002,False,True,0.0950000000000002,2024
HOUSE,AK,0,False,0.0,0.2084999999999999,False,True,0.2084999999999999,2026
HOUSE,AL,1,False,0.0,0.1735,False,True,0.1735,2026
HOUSE,AL,2,False,-0.01100000000000001,0.0,True,False,0.01100000000000001,2026
HOUSE,AL,3,False,0.0,-0.36850000000000005,False,True,-0.36850000000000005,2026
HOUSE,AL,4,False,0.0,-0.1915,False,True,-0.1915,2026
HOUSE,AL,5,False,0.0,-0.22850000000000004,False,True,-0.22850000000000004,2026
HOUSE,AL,6,False,0.0,0.13850000000000007,False,True,0.13850000000000007,2026
HOUSE,AL,7,False,-0.396,0.0,True,False,0.396,2026
HOUSE,AR,1,False,0.0,-0.1815,False,True,-0.1815,2026
HOUSE,AR,2,False,0.0,-0.2915,False,True,-0.2915,2026
HOUSE,AR,3,False,0.0,-0.2845,False,True,-0.2845,2026
HOUSE,AR,4,False,0.0,-0.24550000000000005,False,True,-0.24550000000000005,2026
HOUSE,AZ,1,False,0.124,0.0,True,False,-0.124,2026
HOUSE,AZ,2,False,0.2469999999999999,0.4145000000000001,True,True,0.1675000000000002,2026
HOUSE,AZ,3,False,-0.43100000000000005,,True,,0.43100000000000005,2026
HOUSE,AZ,4,False,-0.21900000000000008,-0.14349999999999996,True,True,0.07550000000000012,2026
HOUSE,AZ,5,False,0.0,0.0,False,False,0.0,2026
HOUSE,AZ,6,False,0.0,-0.08549999999999991,False,True,-0.08549999999999991,2026
HOUSE,AZ,7,False,0.0,0.4515,False,True,0.4515,2026
HOUSE,AZ,8,False,0.027999999999999914,0.2935000000000001,True,True,0.2655000000000002,2026
HOUSE,AZ,9,False,0.0,0.25550000000000006,False,True,0.25550000000000006,2026
HOUSE,CA,1,False,0.0,0.0,False,False,0.0,2026
HOUSE,CA,2,False,0.18699999999999994,0.0,True,False,-0.18699999999999994,2026
HOUSE,CA,3,False,-0.010000000000000009,0.0,True,False,0.010000000000000009,2026
HOUSE,CA,4,False,0.0,,True,,0.0,2026
HOUSE,CA,5,False,0.0,0.00550000000000006,False,True,0.00550000000000006,2026
HOUSE,CA,6,False,0.0,,False,,0.0,2026
HOUSE,CA,7,False,0.0,,True,,0.0,2026
HOUSE,CA,8,False,-0.20100000000000007,0.35250000000000004,True,True,0.5535000000000001,2026
HOUSE,CA,9,False,0.18399999999999994,0.26849999999999996,True,True,0.08450000000000002,2026
HOUSE,CA,10,False,0.04999999999999993,0.0,True,False,-0.04999999999999993,2026
HOUSE,CA,11,False,0.0,,False,,0.0,2026
HOUSE,CA,12,False,0.134,,True,,-0.134,2026
HOUSE,CA,13,False,0.09999999999999998,0.0774999999999999,True,True,-0.022500000000000075,2026
HOUSE,CA,14,False,0.244,,True,,-0.244,2026
HOUSE,CA,15,False,0.008000000000000007,0.0,True,False,-0.008000000000000007,2026
HOUSE,CA,16,False,-0.15500000000000003,0.0,True,False,0.15500000000000003,2026
HOUSE,CA,17,False,0.07699999999999996,-1.5245,True,True,-1.6015,2026
HOUSE,CA,18,False,0.14,0.0,True,False,-0.14,2026
HOUSE,CA,19,False,-0.49200000000000005,0.0,True,False,0.49200000000000005,2026
HOUSE,CA,20,False,0.0,-0.27049999999999996,False,True,-0.27049999999999996,2026
HOUSE,CA,21,False,-0.679,0.0,True,False,0.679,2026
HOUSE,CA,22,False,0.0,-0.1845000000000001,False,True,-0.1845000000000001,2026
HOUSE,CA,23,False,0.0,-0.3105,False,True,-0.3105,2026
HOUSE,CA,24,False,0.050999999999999934,0.0,True,False,-0.050999999999999934,2026
HOUSE,CA,25,False,-0.03300000000000003,0.0,True,False,0.03300000000000003,2026
HOUSE,CA,26,False,0.0,0.0,False,False,0.0,2026
HOUSE,CA,27,False,0.14,0.0,True,False,-0.14,2026
HOUSE,CA,28,False,-0.09700000000000009,-0.8215,True,True,-0.7244999999999999,2026
HOUSE,CA,29,False,0.30299999999999994,,True,,-0.30299999999999994,2026
HOUSE,CA,30,False,0.122,0.0,True,False,-0.122,2026
HOUSE,CA,31,False,0.21099999999999985,-0.49650000000000005,True,True,-0.7074999999999999,2026
HOUSE,CA,32,False,-0.35400000000000004,-0.6065,True,True,-0.2525,2026
HOUSE,CA,33,False,-0.235,0.0,True,False,0.235,2026
HOUSE,CA,34,False,0.0,,True,,0.0,2026
HOUSE,CA,35,False,-0.43800000000000006,0.2144999999999999,True,True,0.6525,2026
HOUSE,CA,36,False,-0.20700000000000007,0.0,True,False,0.20700000000000007,2026
HOUSE,CA,37,False,0.0,,True,,0.0,2026
HOUSE,CA,38,False,0.0,0.0,False,False,0.0,2026
HOUSE,CA,39,False,0.13,0.0,True,False,-0.13,2026
HOUSE,CA,40,False,,0.11149999999999993,,True,0.11149999999999993,2026
HOUSE,CA,41,False,-0.10999999999999999,0.0,True,False,0.10999999999999999,2026
HOUSE,CA,42,False,-0.0030000000000000027,0.39250000000000007,True,True,0.3955000000000001,2026
HOUSE,CA,43,False,0.0020000000000000018,0.0,True,False,-0.0020000000000000018,2026
HOUSE,CA,44,False,-0.132,0.0,True,False,0.132,2026
HOUSE,CA,45,False,0.17199999999999993,0.0,True,False,-0.17199999999999993,2026
HOUSE,CA,46,False,-0.45000000000000007,0.12850000000000006,True,True,0.5785000000000001,2026
HOUSE,CA,47,False,0.138,0.0,True,False,-0.138,2026
HOUSE,CA,48,False,0.0,0.0,False,False,0.0,2026
HOUSE,CA,49,False,0.16699999999999993,0.0,True,False,-0.16699999999999993,2026
HOUSE,CA,50,False,-0.05600000000000005,0.0,True,False,0.05600000000000005,2026
HOUSE,CA,51,False,0.08899999999999997,0.0,True,False,-0.08899999999999997,2026
HOUSE,CA,52,False,-0.52,0.0,True,False,0.52,2026
HOUSE,CO,1,False,0.0,0.0,False,False,0.0,2026
HOUSE,CO,2,False,-0.020000000000000018,0.0,True,False,0.020000000000000018,2026
HOUSE,CO,3,False,0.0,-0.07850000000000001,False,True,-0.07850000000000001,2026
HOUSE,CO,4,False,0.0,0.4075,False,True,0.4075,2026
HOUSE,CO,5,False,0.0,0.13949999999999996,False,True,0.13949999999999996,2026
HOUSE,CO,6,False,0.18399999999999994,0.0,True,False,-0.18399999999999994,2026
HOUSE,CO,7,False,-0.07500000000000007,0.0,True,False,0.07500000000000007,2026
HOUSE,CO,8,False,0.0,0.25049999999999994,False,True,0.25049999999999994,2026
HOUSE,CT,1,False,0.0,0.0,False,False,0.0,2026
HOUSE,CT,2,False,0.09299999999999997,0.0,True,False,-0.09299999999999997,2026
HOUSE,CT,3,False,0.026999999999999913,0.0,True,False,-0.026999999999999913,2026
HOUSE,CT,4,False,-0.08800000000000008,0.0,True,False,0.08800000000000008,2026
HOUSE,CT,5,False,0.16999999999999993,0.0,True,False,-0.16999999999999993,2026
HOUSE,DE,0,False,0.07499999999999996,0.0,True,False,-0.07499999999999996,2026
HOUSE,FL,1,False,0.2609999999999999,0.06149999999999989,True,True,-0.1995,2026
HOUSE,FL,2,False,0.0,0.0,False,False,0.0,2026
HOUSE,FL,3,False,0.0,0.058499999999999996,False,True,0.058499999999999996,2026
HOUSE,FL,4,False,0.19099999999999995,-0.13650000000000007,True,True,-0.3275,2026
HOUSE,FL,5,False,0.0,-0.5365,False,True,-0.5365,2026
HOUSE,FL,6,False,0.0,-0.21350000000000002,False,True,-0.21350000000000002,2026
HOUSE,FL,7,False,0.0,0.0,False,False,0.0,2026
HOUSE,FL,8,False,0.0,-0.3255,False,True,-0.3255,2026
HOUSE,FL,9,False,-0.42600000000000005,0.0,True,False,0.42600000000000005,2026
HOUSE,FL,10,False,0.2669999999999999,,True,,-0.2669999999999999,2026
HOUSE,FL,11,False,0.0,0.0,False,False,0.0,2026
HOUSE,FL,12,False,0.0,-0.27549999999999997,False,True,-0.27549999999999997,2026
HOUSE,FL,13,False,0.0,0.35450000000000004,False,True,0.35450000000000004,2026
HOUSE,FL,14,False,-0.15200000000000002,0.0,True,False,0.15200000000000002,2026
HOUSE,FL,15,False,0.0,-0.07050000000000001,False,True,-0.07050000000000001,2026
HOUSE,FL,16,False,0.0,0.0,False,False,0.0,2026
HOUSE,FL,17,False,0.2869999999999999,0.16349999999999998,True,True,-0.12349999999999994,2026
HOUSE,FL,18,False,0.0,-0.22450000000000003,False,True,-0.22450000000000003,2026
HOUSE,FL,19,False,0.0,0.0,False,False,0.0,2026
HOUSE,FL,20,False,-0.32000000000000006,0.0,True,False,0.32000000000000006,2026
HOUSE,FL,21,False,0.0,0.1685000000000001,False,True,0.1685000000000001,2026
HOUSE,FL,22,False,0.0,0.0,False,False,0.0,2026
HOUSE,FL,23,False,-0.30800000000000005,0.2015,True,True,0.5095000000000001,2026
HOUSE,FL,24,False,0.0,0.0,False,False,0.0,2026
HOUSE,FL,25,False,-0.48300000000000004,0.0,True,False,0.48300000000000004,2026
HOUSE,FL,26,False,0.0,-0.6755,False,True,-0.6755,2026
HOUSE,FL,27,False,0.0,-0.033500000000000085,False,True,-0.033500000000000085,2026
HOUSE,FL,28,False,0.19499999999999995,-0.25350000000000006,True,True,-0.4485,2026
HOUSE,GA,1,False,0.0,0.0,False,False,0.0,2026
HOUSE,GA,2,False,-0.44500000000000006,0.0,True,False,0.44500000000000006,2026
HOUSE,GA,3,False,0.2489999999999999,0.043500000000000094,True,True,-0.2054999999999998,2026
HOUSE,GA,4,False,-0.010000000000000009,0.0,True,False,0.010000000000000009,2026
HOUSE,GA,5,False,-0.127,0.0,True,False,0.127,2026
HOUSE,GA,6,False,0.04699999999999993,0.0,True,False,-0.04699999999999993,2026
HOUSE,GA,7,False,0.0,-0.02849999999999997,False,True,-0.02849999999999997,2026
HOUSE,GA,8,False,0.0,0.045500000000000096,False,True,0.045500000000000096,2026
HOUSE,GA,9,False,0.0,0.22049999999999992,False,True,0.22049999999999992,2026
HOUSE,GA,10,False,0.0,0.0,False,False,0.0,2026
HOUSE,GA,11,False,0.0,0.05449999999999999,False,True,0.05449999999999999,2026
HOUSE,GA,12,False,0.0,0.11250000000000004,False,True,0.11250000000000004,2026
HOUSE,GA,13,False,0.0,0.3025,False,True,0.3025,2026
HOUSE,GA,14,False,0.2609999999999999,-0.0625,True,True,-0.3234999999999999,2026
HOUSE,HI,1,False,-0.5030000000000001,0.0,True,False,0.5030000000000001,2026
HOUSE,HI,2,False,-0.16300000000000003,0.0,True,False,0.16300000000000003,2026
HOUSE,IA,1,False,0.15699999999999992,0.09250000000000003,True,True,-0.06449999999999989,2026
HOUSE,IA,2,False,0.0,0.0,False,False,0.0,2026
HOUSE,IA,3,False,0.0,0.1625000000000001,False,True,0.1625000000000001,2026
HOUSE,IA,4,False,0.0,0.0,False,False,0.0,2026
HOUSE,ID,1,False,0.28200000000000003,0.22950000000000004,True,True,-0.05249999999999999,2026
HOUSE,ID,2,False,0.0,-0.4535,False,True,-0.4535,2026
HOUSE,IL,1,False,-0.0030000000000000027,0.0,True,False,0.0030000000000000027,2026
HOUSE,IL,2,False,0.0,0.0,False,False,0.0,2026
HOUSE,IL,3,False,0.1469999999999999,0.0,True,False,-0.1469999999999999,2026
HOUSE,IL,4,False,0.0,0.0,False,False,0.0,2026
HOUSE,IL,5,False,-0.052000000000000046,0.0,True,False,0.052000000000000046,2026
HOUSE,IL,6,False,0.19699999999999995,0.10850000000000004,True,True,-0.08849999999999991,2026
HOUSE,IL,7,False,0.0,0.36949999999999994,False,True,0.36949999999999994,2026
HOUSE,IL,8,False,0.0,0.0,False,False,0.0,2026
HOUSE,IL,9,False,0.0,0.9295,False,True,0.9295,2026
HOUSE,IL,10,False,-0.2260000000000001,0.0,True,False,0.2260000000000001,2026
HOUSE,IL,11,False,0.21899999999999986,0.0,True,False,-0.21899999999999986,2026
HOUSE,IL,12,False,0.0,-0.26549999999999996,False,True,-0.26549999999999996,2026
HOUSE,IL,13,False,0.007000000000000006,0.0,True,False,-0.007000000000000006,2026
HOUSE,IL,14,False,0.23499999999999988,0.2905,True,True,0.055500000000000105,2026
HOUSE,IL,15,False,0.0,0.3305,False,True,0.3305,2026
HOUSE,IL,16,False,0.0,-0.3245,False,True,-0.3245,2026
HOUSE,IL,17,False,0.11399999999999999,0.16349999999999998,True,True,0.04949999999999999,2026
HOUSE,IN,1,False,-0.038000000000000034,0.0,True,False,0.038000000000000034,2026
HOUSE,IN,2,False,0.0,0.26649999999999996,False,True,0.26649999999999996,2026
HOUSE,IN,3,False,0.0,0.22750000000000004,False,True,0.22750000000000004,2026
HOUSE,IN,4,False,0.0,0.09650000000000003,False,True,0.09650000000000003,2026
HOUSE,IN,5,False,0.0,0.14149999999999996,False,True,0.14149999999999996,2026
HOUSE,IN,6,False,0.0,-0.11850000000000005,False,True,-0.11850000000000005,2026
HOUSE,IN,7,False,0.08299999999999996,0.0,True,False,-0.08299999999999996,2026
HOUSE,IN,8,False,0.0,-1.0645,False,True,-1.0645,2026
HOUSE,IN,9,False,0.0,-0.13949999999999996,False,True,-0.13949999999999996,2026
HOUSE,KS,1,False,0.0,-0.06550000000000011,False,True,-0.06550000000000011,2026
HOUSE,KS,2,False,0.0,0.13549999999999995,False,True,0.13549999999999995,2026
HOUSE,KS,3,False,0.19099999999999995,0.0,True,False,-0.19099999999999995,2026
HOUSE,KS,4,False,0.0,-0.11549999999999994,False,True,-0.11549999999999994,2026
HOUSE,KY,1,False,0.0,0.10250000000000004,False,True,0.10250000000000004,2026
HOUSE,KY,2,False,0.0,-0.27049999999999996,False,True,-0.27049999999999996,2026
HOUSE,KY,3,False,-0.405,0.0,True,False,0.405,2026
HOUSE,KY,4,False,0.0,0.0,False,False,0.0,2026
HOUSE,KY,5,False,0.0,-0.35850000000000004,False,True,-0.35850000000000004,2026
HOUSE,KY,6,False,0.0,0.0,False,False,0.0,2026
HOUSE,LA,1,False,0.0,0.0,False,True,0.0,2026
HOUSE,LA,2,False,0.0,0.0,True,False,0.0,2026
HOUSE,LA,3,False,0.18199999999999994,0.16749999999999998,True,True,-0.014499999999999957,2026
HOUSE,LA,4,False,0.0,0.22150000000000003,False,True,0.22150000000000003,2026
HOUSE,LA,5,False,0.0,0.0,False,False,0.0,2026
HOUSE,LA,6,False,0.0,0.0,False,False,0.0,2026
HOUSE,MA,1,False,-0.396,,True,,0.396,2026
HOUSE,MA,2,False,0.05699999999999994,,True,,-0.05699999999999994,2026
HOUSE,MA,3,False,-0.19300000000000006,0.0,True,False,0.19300000000000006,2026
HOUSE,MA,4,False,-0.5090000000000001,0.0,True,False,0.5090000000000001,2026
HOUSE,MA,5,False,-0.10300000000000009,,True,,0.10300000000000009,2026
HOUSE,MA,6,False,-0.09500000000000008,0.0,True,False,0.09500000000000008,2026
HOUSE,MA,7,False,0.2809999999999999,,True,,-0.2809999999999999,2026
HOUSE,MA,8,False,-0.266,0.0,True,False,0.266,2026
HOUSE,MA,9,False,-0.07100000000000006,0.0,True,False,0.07100000000000006,2026
HOUSE,MD,1,False,0.0,-0.27049999999999996,False,True,-0.27049999999999996,2026
HOUSE,MD,2,False,-0.517,0.22849999999999993,True,True,0.7454999999999999,2026
HOUSE,MD,3,False,-0.5130000000000001,0.26150000000000007,True,True,0.7745000000000002,2026
HOUSE,MD,4,False,-0.18100000000000005,0.0,True,False,0.18100000000000005,2026
HOUSE,MD,5,False,0.0,0.0,False,False,0.0,2026
HOUSE,MD,6,False,-0.342,0.0,True,False,0.342,2026
HOUSE,MD,7,False,-0.124,0.0,True,False,0.124,2026
HOUSE,MD,8,False,0.2789999999999999,0.2995000000000001,True,True,0.020500000000000185,2026
HOUSE,ME,1,False,0.18099999999999994,-0.14250000000000007,True,True,-0.3235,2026
HOUSE,ME,2,False,0.0,0.0,False,False,0.0,2026
HOUSE,MI,1,False,0.18099999999999994,-0.11949999999999994,True,True,-0.3004999999999999,2026
HOUSE,MI,2,False,0.0,-0.15149999999999997,False,True,-0.15149999999999997,2026
HOUSE,MI,3,False,0.07799999999999996,0.0,True,False,-0.07799999999999996,2026
HOUSE,MI,4,False,0.0,0.01550000000000007,False,True,0.01550000000000007,2026
HOUSE,MI,5,False,0.0,0.0665,False,True,0.0665,2026
HOUSE,MI,6,False,-0.12,0.3105,True,True,0.4305,2026
HOUSE,MI,7,False,0.0,0.2015,False,True,0.2015,2026
HOUSE,MI,8,False,0.08099999999999996,0.0,True,False,-0.08099999999999996,2026
HOUSE,MI,9,False,0.0,-0.022499999999999964,False,True,-0.022499999999999964,2026
HOUSE,MI,10,False,0.0,0.0,False,False,0.0,2026
HOUSE,MI,11,False,0.0,0.0,False,False,0.0,2026
HOUSE,MI,12,False,0.30699999999999994,0.23550000000000004,True,True,-0.0714999999999999,2026
HOUSE,MI,13,False,0.0,0.0,False,False,0.0,2026
HOUSE,MN,1,False,0.0,-0.012499999999999956,False,True,-0.012499999999999956,2026
HOUSE,MN,2,False,0.0,0.0,False,False,0.0,2026
HOUSE,MN,3,False,-0.0,0.0,True,False,0.0,2026
HOUSE,MN,4,False,-0.131,0.0,True,False,0.131,2026
HOUSE,MN,5,False,0.30000000000000004,0.0,True,False,-0.30000000000000004,2026
HOUSE,MN,6,False,0.0,-0.0674999999999999,False,True,-0.0674999999999999,2026
HOUSE,MN,7,False,0.0,0.08749999999999991,False,True,0.08749999999999991,2026
HOUSE,MN,8,False,0.0,-0.013500000000000068,False,True,-0.013500000000000068,2026
HOUSE,MO,1,False,-0.894,0.0,True,False,0.894,2026
HOUSE,MO,2,False,0.0,0.09349999999999992,False,True,0.09349999999999992,2026
HOUSE,MO,3,False,0.2769999999999999,0.12749999999999995,True,True,-0.14949999999999997,2026
HOUSE,MO,4,False,0.0,-0.11250000000000004,False,True,-0.11250000000000004,2026
HOUSE,MO,5,False,-0.18400000000000005,0.12349999999999994,True,True,0.3075,2026
HOUSE,MO,6,False,0.0,0.0,False,False,0.0,2026
HOUSE,MO,7,False,0.21199999999999997,0.2895000000000001,True,True,0.07750000000000012,2026
HOUSE,MO,8,False,0.0,0.01649999999999996,False,True,0.01649999999999996,2026
HOUSE,MS,1,False,0.0,-0.0495000000000001,False,True,-0.0495000000000001,2026
HOUSE,MS,2,False,-0.275,0.4225000000000001,True,True,0.6975000000000001,2026
HOUSE,MS,3,False,0.0,-0.011500000000000066,False,True,-0.011500000000000066,2026
HOUSE,MS,4,False,0.0,-0.09749999999999992,False,True,-0.09749999999999992,2026
HOUSE,MT,1,False,0.0,0.0,False,False,0.0,2026
HOUSE,MT,2,False,0.0,0.25550000000000006,False,True,0.25550000000000006,2026
HOUSE,NC,1,False,-0.16900000000000004,0.15250000000000008,True,True,0.3215000000000001,2026
HOUSE,NC,2,False,0.02499999999999991,0.4384999999999999,True,True,0.4135,2026
HOUSE,NC,3,False,0.0,-0.12949999999999995,False,True,-0.12949999999999995,2026
HOUSE,NC,4,False,-0.02200000000000002,0.0,True,False,0.02200000000000002,2026
HOUSE,NC,5,False,0.20299999999999996,-0.22350000000000003,True,True,-0.4265,2026
HOUSE,NC,6,False,0.0,-0.011500000000000066,False,True,-0.011500000000000066,2026
HOUSE,NC,7,False,0.0,-0.04849999999999999,False,True,-0.04849999999999999,2026
HOUSE,NC,8,False,0.0,0.24249999999999994,False,True,0.24249999999999994,2026
HOUSE,NC,9,False,0.0,-0.00550000000000006,False,True,-0.00550000000000006,2026
HOUSE,NC,10,False,0.0,0.21950000000000003,False,True,0.21950000000000003,2026
HOUSE,NC,11,False,0.0,0.0,False,False,0.0,2026
HOUSE,NC,12,False,0.08699999999999997,0.0,True,False,-0.08699999999999997,2026
HOUSE,NC,13,False,0.0,0.0774999999999999,False,True,0.0774999999999999,2026
HOUSE,NC,14,False,0.0,-0.2845,False,True,-0.2845,2026
HOUSE,ND,0,False,0.0,-0.11650000000000005,False,True,-0.11650000000000005,2026
HOUSE,NE,1,False,0.0,-0.12549999999999994,False,True,-0.12549999999999994,2026
HOUSE,NE,2,False,0.0,0.0,False,False,0.0,2026
HOUSE,NE,3,False,0.0,-0.09050000000000002,False,True,-0.09050000000000002,2026
HOUSE,NH,1,False,0.0,0.0,False,False,0.0,2026
HOUSE,NH,2,False,-0.06400000000000006,0.23350000000000004,True,True,0.2975000000000001,2026
HOUSE,NJ,1,False,-0.685,0.36250000000000004,True,True,1.0475,2026
HOUSE,NJ,2,False,0.0,0.1605000000000001,False,True,0.1605000000000001,2026
HOUSE,NJ,3,False,-0.15800000000000003,0.0,True,False,0.15800000000000003,2026
HOUSE,NJ,4,False,0.0,-0.6265000000000001,False,True,-0.6265000000000001,2026
HOUSE,NJ,5,False,-0.5660000000000001,0.0,True,False,0.5660000000000001,2026
HOUSE,NJ,6,False,-0.30900000000000005,0.0,True,False,0.30900000000000005,2026
HOUSE,NJ,7,False,0.0,-0.4455,False,True,-0.4455,2026
HOUSE,NJ,8,False,-0.468,,True,,0.468,2026
HOUSE,NJ,9,False,-0.34600000000000003,0.0,True,False,0.34600000000000003,2026
HOUSE,NJ,10,False,-0.16100000000000003,-0.9235,True,True,-0.7625,2026
HOUSE,NJ,11,False,0.0,0.0,False,False,0.0,2026
HOUSE,NJ,12,False,0.0,0.025500000000000078,False,True,0.025500000000000078,2026
HOUSE,NM,1,False,0.16499999999999992,0.0,True,False,-0.16499999999999992,2026
HOUSE,NM,2,False,0.19599999999999995,0.0,True,False,-0.19599999999999995,2026
HOUSE,NM,3,False,0.15499999999999992,0.0,True,False,-0.15499999999999992,2026
HOUSE,NV,1,False,0.05699999999999994,0.0,True,False,-0.05699999999999994,2026
HOUSE,NV,2,False,0.0,0.36050000000000004,False,True,0.36050000000000004,2026
HOUSE,NV,3,False,-0.09300000000000008,0.2995000000000001,True,True,0.3925000000000002,2026
HOUSE,NV,4,False,-0.11599999999999999,0.0,True,False,0.11599999999999999,2026
HOUSE,NY,1,False,0.0,-0.3095,False,True,-0.3095,2026
HOUSE,NY,2,False,0.0,-0.5135,False,True,-0.5135,2026
HOUSE,NY,3,False,-0.07600000000000007,-0.1995,True,True,-0.12349999999999994,2026
HOUSE,NY,4,False,-0.36000000000000004,0.0,True,False,0.36000000000000004,2026
HOUSE,NY,5,False,-0.53,0.0,True,False,0.53,2026
HOUSE,NY,6,False,-0.395,-2.4635,True,True,-2.0685,2026
HOUSE,NY,7,False,0.0,0.0,False,False,0.0,2026
HOUSE,NY,8,False,-0.015000000000000013,0.0,True,False,0.015000000000000013,2026
HOUSE,NY,9,False,-0.06800000000000006,0.0,True,False,0.06800000000000006,2026
HOUSE,NY,10,False,0.0,0.0,False,False,0.0,2026
HOUSE,NY,11,False,0.0,-0.13650000000000007,False,True,-0.13650000000000007,2026
HOUSE,NY,12,False,0.0,0.0,False,False,0.0,2026
HOUSE,NY,13,False,0.0,0.0,False,False,0.0,2026
HOUSE,NY,14,False,0.347,0.0,True,False,-0.347,2026
HOUSE,NY,15,False,-0.6200000000000001,0.0,True,False,0.6200000000000001,2026
HOUSE,NY,16,False,-1.052,0.16149999999999998,True,True,1.2135,2026
HOUSE,NY,17,False,0.0,-0.35350000000000004,False,True,-0.35350000000000004,2026
HOUSE,NY,18,False,0.025999999999999912,0.0,True,False,-0.025999999999999912,2026
HOUSE,NY,19,False,0.17599999999999993,0.0,True,False,-0.17599999999999993,2026
HOUSE,NY,20,False,0.04599999999999993,0.0,True,False,-0.04599999999999993,2026
HOUSE,NY,21,False,0.558,0.0,True,False,-0.558,2026
HOUSE,NY,22,False,0.128,0.0,True,False,-0.128,2026
HOUSE,NY,23,False,0.0,-0.4615,False,True,-0.4615,2026
HOUSE,NY,24,False,0.0,0.15949999999999998,False,True,0.15949999999999998,2026
HOUSE,NY,25,False,-0.126,0.0,True,False,0.126,2026
HOUSE,NY,26,False,-0.402,0.0,True,False,0.402,2026
HOUSE,OH,1,False,-0.16100000000000003,0.0,True,False,0.16100000000000003,2026
HOUSE,OH,2,False,0.0,-0.21150000000000002,False,True,-0.21150000000000002,2026
HOUSE,OH,3,False,-0.37200000000000005,0.0,True,False,0.37200000000000005,2026
HOUSE,OH,4,False,0.0,0.3245,False,True,0.3245,2026
HOUSE,OH,5,False,0.0,-0.10949999999999993,False,True,-0.10949999999999993,2026
HOUSE,OH,6,False,0.0,-0.4485,False,True,-0.4485,2026
HOUSE,OH,7,False,0.0,-0.40049999999999997,False,True,-0.40049999999999997,2026
HOUSE,OH,8,False,0.20299999999999996,0.021500000000000075,True,True,-0.18149999999999988,2026
HOUSE,OH,9,False,-0.06800000000000006,0.2925,True,True,0.36050000000000004,2026
HOUSE,OH,10,False,0.0,-0.48850000000000005,False,True,-0.48850000000000005,2026
HOUSE,OH,11,False,-0.525,0.0,True,False,0.525,2026
HOUSE,OH,12,False,0.22799999999999998,-0.23050000000000004,True,True,-0.4585,2026
HOUSE,OH,13,False,0.131,0.0,True,False,-0.131,2026
HOUSE,OH,14,False,0.0,-0.47150000000000003,False,True,-0.47150000000000003,2026
HOUSE,OH,15,False,0.0,-0.25849999999999995,False,True,-0.25849999999999995,2026
HOUSE,OK,1,False,0.0,0.0,False,False,0.0,2026
HOUSE,OK,2,False,0.20099999999999996,0.23249999999999993,True,True,0.03149999999999997,2026
HOUSE,OK,3,False,0.0,-0.15149999999999997,False,True,-0.15149999999999997,2026
HOUSE,OK,4,False,0.0,-0.27249999999999996,False,True,-0.27249999999999996,2026
HOUSE,OK,5,False,0.0,-0.09149999999999991,False,True,-0.09149999999999991,2026
HOUSE,OR,1,False,0.051999999999999935,0.0,True,False,-0.051999999999999935,2026
HOUSE,OR,2,False,0.0,-0.27049999999999996,False,True,-0.27049999999999996,2026
HOUSE,OR,3,False,-0.546,0.0,True,False,0.546,2026
HOUSE,OR,4,False,0.0030000000000000027,0.0,True,False,-0.0030000000000000027,2026
HOUSE,OR,5,False,0.18599999999999994,0.0,True,False,-0.18599999999999994,2026
HOUSE,OR,6,False,0.1429999999999999,0.0,True,False,-0.1429999999999999,2026
HOUSE,PA,1,False,0.0,-0.7905,False,True,-0.7905,2026
HOUSE,PA,2,False,-0.468,0.0,True,False,0.468,2026
HOUSE,PA,3,False,0.0,,False,,0.0,2026
HOUSE,PA,4,False,0.007000000000000006,0.0,True,False,-0.007000000000000006,2026
HOUSE,PA,5,False,0.08499999999999996,0.0,True,False,-0.08499999999999996,2026
HOUSE,PA,6,False,0.052999999999999936,0.0,True,False,-0.052999999999999936,2026
HOUSE,PA,7,False,0.0,0.1665000000000001,False,True,0.1665000000000001,2026
HOUSE,PA,8,False,0.0,0.23550000000000004,False,True,0.23550000000000004,2026
HOUSE,PA,9,False,0.0,-0.2885,False,True,-0.2885,2026
HOUSE,PA,10,False,0.1519999999999999,0.23449999999999993,True,True,0.08250000000000002,2026
HOUSE,PA,11,False,0.0,-0.14050000000000007,False,True,-0.14050000000000007,2026
HOUSE,PA,12,False,0.27,-0.09749999999999992,True,True,-0.36749999999999994,2026
HOUSE,PA,13,False,0.30099999999999993,-0.2885,True,True,-0.5894999999999999,2026
HOUSE,PA,14,False,0.0,0.046499999999999986,False,True,0.046499999999999986,2026
HOUSE,PA,15,False,0.0,-0.1865000000000001,False,True,-0.1865000000000001,2026
HOUSE,PA,16,False,0.0,-0.23850000000000005,False,True,-0.23850000000000005,2026
HOUSE,PA,17,False,0.119,0.0,True,False,-0.119,2026
HOUSE,RI,1,False,0.126,0.0,True,False,-0.126,2026
HOUSE,RI,2,False,-0.010000000000000009,0.0,True,False,0.010000000000000009,2026
HOUSE,SC,1,False,0.0,0.0,False,False,0.0,2026
HOUSE,SC,2,False,0.0,-0.3265,False,True,-0.3265,2026
HOUSE,SC,3,False,0.0,0.00550000000000006,False,True,0.00550000000000006,2026
HOUSE,SC,4,False,0.0,-0.09149999999999991,False,True,-0.09149999999999991,2026
HOUSE,SC,5,False,0.0,0.0,False,False,0.0,2026
HOUSE,SC,6,False,-0.10300000000000009,0.0,True,False,0.10300000000000009,2026
HOUSE,SC,7,False,0.0,0.13850000000000007,False,True,0.13850000000000007,2026
HOUSE,SD,0,False,0.0,0.0,False,False,0.0,2026
HOUSE,TN,1,False,0.0,-0.021500000000000075,False,True,-0.021500000000000075,2026
HOUSE,TN,2,False,0.0,0.046499999999999986,False,True,0.046499999999999986,2026
HOUSE,TN,3,False,0.0,-0.12650000000000006,False,True,-0.12650000000000006,2026
HOUSE,TN,4,False,0.24099999999999988,0.1665000000000001,True,True,-0.07449999999999979,2026
HOUSE,TN,5,False,0.0,0.0,False,False,0.0,2026
HOUSE,TN,6,False,0.0,0.0,False,False,0.0,2026
HOUSE,TN,7,False,0.0,0.0,False,False,0.0,2026
HOUSE,TN,8,False,0.0,-0.14949999999999997,False,True,-0.14949999999999997,2026
HOUSE,TN,9,False,0.0,0.0,False,False,0.0,2026
HOUSE,TX,1,False,0.0,-0.03249999999999997,False,True,-0.03249999999999997,2026
HOUSE,TX,2,False,0.0,0.5614999999999999,False,True,0.5614999999999999,2026
HOUSE,TX,3,False,0.0,-0.08949999999999991,False,True,-0.08949999999999991,2026
HOUSE,TX,4,False,0.0,-0.04150000000000009,False,True,-0.04150000000000009,2026
HOUSE,TX,5,False,0.0,0.03049999999999997,False,True,0.03049999999999997,2026
HOUSE,TX,6,False,0.0,0.38749999999999996,False,True,0.38749999999999996,2026
HOUSE,TX,7,False,-0.19200000000000006,0.0,True,False,0.19200000000000006,2026
HOUSE,TX,8,False,0.123,0.0,True,False,-0.123,2026
HOUSE,TX,9,False,0.0,0.0,False,False,0.0,2026
HOUSE,TX,10,False,0.0,0.0,False,False,0.0,2026
HOUSE,TX,11,False,0.0,0.24950000000000006,False,True,0.24950000000000006,2026
HOUSE,TX,12,False,0.0,-0.21650000000000003,False,True,-0.21650000000000003,2026
HOUSE,TX,13,False,0.0,0.3985000000000001,False,True,0.3985000000000001,2026
HOUSE,TX,14,False,0.0,-0.1925,False,True,-0.1925,2026
HOUSE,TX,15,False,0.0,0.3185,False,True,0.3185,2026
HOUSE,TX,16,False,-0.271,0.0,True,False,0.271,2026
HOUSE,TX,17,False,0.0,-0.11349999999999993,False,True,-0.11349999999999993,2026
HOUSE,TX,18,False,0.0,0.0,False,False,0.0,2026
HOUSE,TX,19,False,0.0,0.0,False,False,0.0,2026
HOUSE,TX,20,False,0.02299999999999991,0.0,True,False,-0.02299999999999991,2026
HOUSE,TX,21,False,0.17999999999999994,0.0,True,False,-0.17999999999999994,2026
HOUSE,TX,22,False,0.22399999999999998,0.02750000000000008,True,True,-0.1964999999999999,2026
HOUSE,TX,23,False,0.0,0.27049999999999996,False,True,0.27049999999999996,2026
HOUSE,TX,24,False,0.0,0.00649999999999995,False,True,0.00649999999999995,2026
HOUSE,TX,25,False,0.0,-0.03750000000000009,False,True,-0.03750000000000009,2026
HOUSE,TX,26,False,0.0,0.3134999999999999,False,True,0.3134999999999999,2026
HOUSE,TX,27,False,0.266,0.12250000000000005,True,True,-0.14349999999999996,2026
HOUSE,TX,28,False,-0.9660000000000001,0.0,True,False,0.9660000000000001,2026
HOUSE,TX,29,False,-0.275,0.0,True,False,0.275,2026
HOUSE,TX,30,False,0.0,0.0,False,False,0.0,2026
HOUSE,TX,31,False,0.0,-0.1985,False,True,-0.1985,2026
HOUSE,TX,32,False,0.0,0.0,False,False,0.0,2026
HOUSE,TX,33,False,0.21699999999999986,0.0,True,False,-0.21699999999999986,2026
HOUSE,TX,34,False,-0.44500000000000006,0.0,True,False,0.44500000000000006,2026
HOUSE,TX,35,False,0.0,0.0,False,False,0.0,2026
HOUSE,TX,36,False,0.17099999999999993,-0.05950000000000011,True,True,-0.23050000000000004,2026
HOUSE,TX,37,False,-0.013000000000000012,0.0,True,False,0.013000000000000012,2026
HOUSE,TX,38,False,0.21799999999999997,0.0,True,False,-0.21799999999999997,2026
HOUSE,UT,1,False,-0.118,0.0,True,False,0.118,2026
HOUSE,UT,2,False,0.0,-0.36850000000000005,False,True,-0.36850000000000005,2026
HOUSE,UT,3,False,0.0,-0.1865000000000001,False,True,-0.1865000000000001,2026
HOUSE,UT,4,False,0.0,0.01649999999999996,False,True,0.01649999999999996,2026
HOUSE,VA,1,False,0.0,-0.23950000000000005,False,True,-0.23950000000000005,2026
HOUSE,VA,2,False,0.0,0.1815,False,True,0.1815,2026
HOUSE,VA,3,False,-0.01200000000000001,0.0,True,False,0.01200000000000001,2026
HOUSE,VA,4,False,0.20199999999999996,0.0,True,False,-0.20199999999999996,2026
HOUSE,VA,5,False,0.0,0.1984999999999999,False,True,0.1984999999999999,2026
HOUSE,VA,6,False,0.0,-0.012499999999999956,False,True,-0.012499999999999956,2026
HOUSE,VA,7,False,0.23299999999999987,0.0,True,False,-0.23299999999999987,2026
HOUSE,VA,8,False,-0.07500000000000007,0.0,True,False,0.07500000000000007,2026
HOUSE,VA,9,False,0.0,-0.03849999999999998,False,True,-0.03849999999999998,2026
HOUSE,VA,10,False,-0.11199999999999999,0.5425,True,True,0.6545,2026
HOUSE,VA,11,False,0.0,0.0,False,False,0.0,2026
HOUSE,VT,0,False,0.25,0.0,True,False,-0.25,2026
HOUSE,WA,1,False,0.118,0.0,True,False,-0.118,2026
HOUSE,WA,2,False,-0.10100000000000009,0.0,True,False,0.10100000000000009,2026
HOUSE,WA,3,False,0.16699999999999993,0.0,True,False,-0.16699999999999993,2026
HOUSE,WA,4,False,0.0,0.0,False,False,0.0,2026
HOUSE,WA,5,False,0.22899999999999987,0.0794999999999999,True,True,-0.14949999999999997,2026
HOUSE,WA,6,False,0.123,0.0,True,False,-0.123,2026
HOUSE,WA,7,False,0.2769999999999999,0.7815000000000001,True,True,0.5045000000000002,2026
HOUSE,WA,8,False,0.21499999999999986,0.0,True,False,-0.21499999999999986,2026
HOUSE,WA,9,False,-0.258,0.37949999999999995,True,True,0.6375,2026
HOUSE,WA,10,False,-0.135,0.0,True,False,0.135,2026
HOUSE,WI,1,False,0.0,0.0475000000000001,False,True,0.0475000000000001,2026
HOUSE,WI,2,False,0.11199999999999999,,True,,-0.11199999999999999,2026
HOUSE,WI,3,False,0.19299999999999995,0.35050000000000003,True,True,0.15750000000000008,2026
HOUSE,WI,4,False,-0.08900000000000008,0.27049999999999996,True,True,0.35950000000000004,2026
HOUSE,WI,5,False,0.0,0.1725000000000001,False,True,0.1725000000000001,2026
HOUSE,WI,6,False,0.0,0.21750000000000003,False,True,0.21750000000000003,2026
HOUSE,WI,7,False,0.0,0.0,False,False,0.0,2026
HOUSE,WI,8,False,0.0,0.3065,False,True,0.3065,2026
HOUSE,WV,1,False,0.0,-0.09650000000000003,False,True,-0.09650000000000003,2026
HOUSE,WV,2,False,0.0,-0.12749999999999995,False,True,-0.12749999999999995,2026
HOUSE,WY,0,False,0.0,0.0,False,False,0.0,2026
SEN,AK,0,False,0.0,0.13949999999999996,False,True,0.13949999999999996,2026
SEN,AL,0,False,0.0,0.0,False,False,0.0,2026
SEN,AR,0,False,0.0,0.1705000000000001,False,True,0.1705000000000001,2026
SEN,CO,0,False,0.04999999999999993,0.0,True,False,-0.04999999999999993,2026
SEN,DE,0,False,-0.246,0.0,True,False,0.246,2026
SEN,FL,0,True,0.0,0.0,False,False,0.0,2026
SEN,GA,0,False,0.274,0.0,True,False,-0.274,2026
SEN,IA,0,False,0.0,0.0,False,False,0.0,2026
SEN,ID,0,False,,-0.3195,,True,-0.3195,2026
SEN,IL,0,False,0.0,0.0,False,False,0.0,2026
SEN,KS,0,False,0.0,-0.11349999999999993,False,True,-0.11349999999999993,2026
SEN,KY,0,False,0.0,0.0,False,False,0.0,2026
SEN,LA,0,False,0.0,0.0,False,False,0.0,2026
SEN,MA,0,False,-0.07200000000000006,0.0,True,False,0.07200000000000006,2026
SEN,ME,0,False,0.0,-0.9685,False,True,-0.9685,2026
SEN,MI,0,False,0.0,0.044499999999999984,False,True,0.044499999999999984,2026
SEN,MN,0,False,0.0,0.0,False,False,0.0,2026
SEN,MS,0,False,0.0,0.16349999999999998,False,True,0.16349999999999998,2026
SEN,MT,0,False,0.0,0.0,False,False,0.0,2026
SEN,NC,0,False,0.0,0.0,False,False,0.0,2026
SEN,NE,0,False,,-0.14450000000000007,,True,-0.14450000000000007,2026
SEN,NH,0,False,0.0,0.0,False,False,0.0,2026
SEN,NJ,0,False,0.19199999999999995,-0.4635,True,True,-0.6555,2026
SEN,NM,0,False,-0.03200000000000003,0.0,True,False,0.03200000000000003,2026
SEN,OH,0,True,0.017999999999999905,0.0,True,False,-0.017999999999999905,2026
SEN,OK,0,False,0.0,0.0,False,False,0.0,2026
SEN,OR,0,False,0.2629999999999999,0.0,True,False,-0.2629999999999999,2026
SEN,RI,0,False,-0.15300000000000002,0.15349999999999997,True,True,0.3065,2026
SEN,SC,0,False,0.0,0.0,False,False,0.0,2026
SEN,SD,0,False,,-0.1885000000000001,,True,-0.1885000000000001,2026
SEN,TN,0,False,0.0,0.1665000000000001,False,True,0.1665000000000001,2026
SEN,TX,0,False,0.0,0.0,False,False,0.0,2026
SEN,VA,0,False,-0.21100000000000008,0.0,True,False,0.21100000000000008,2026
SEN,WV,0,False,0.0,-0.36050000000000004,False,True,-0.36050000000000004,2026
SEN,WY,0,False,0.0,0.0,False,False,0.0,2026
