office,state_po,district,special,dem_name,rep_name,dem_money,rep_money,dem_found,rep_found,money_log_ratio,year
HOUSE,AK,0,False,ALYSE S GALVIN,DON YOUNG,601006.36,1137317.94,True,True,-0.618810983651181,2018
HOUSE,AL,1,False,ROBERT KENNEDY JR,BRADLEY BYRNE,133664.39,1511665.83,True,True,-2.270579086133019,2018
HOUSE,AL,2,False,TABITHA ISNER,MARTHA ROBY,240069.13,2252976.93,True,True,-2.151052356760563,2018
HOUSE,AL,3,False,MALLORY HAGAN,MIKE ROGERS,178348.86000000002,1536374.87,True,True,-2.0383990127864644,2018
HOUSE,AL,4,False,LEE AUMAN,ROBERT ADERHOLT,14857.009999999998,1778604.69,True,True,-3.812244247471231,2018
HOUSE,AL,5,False,PETER JOFFRION,MO BROOKS,315758.65,2448536.8,True,True,-1.982229852826556,2018
HOUSE,AL,6,False,DANNER KLINE,GARY PALMER,179716.06,1565939.78,True,True,-2.0504562313457035,2018
HOUSE,AL,7,False,TERRI SEWELL,,2350012.64,,True,,,2018
HOUSE,AR,1,False,CHINTAN DESAI,RICK CRAWFORD,54984.55,1073385.4,True,True,-2.619763071281394,2018
HOUSE,AR,2,False,CLARKE TUCKER,FRENCH HILL,975518.06,2682402.23,True,True,-0.9954716625844268,2018
HOUSE,AR,3,False,JOSH MAHONY,STEVE WOMACK,154709.74,2109718.2800000003,True,True,-2.474746970027024,2018
HOUSE,AR,4,False,HAYDEN CATHERINE SHAMEL,BRUCE WESTERMAN,91334.32,1706737.57,True,True,-2.7004124442928368,2018
HOUSE,AZ,1,False,TOM O'HALLERAN,WENDY ROGERS,1938604.69,512967.82,True,True,1.2947384464047476,2018
HOUSE,AZ,2,False,ANN KIRKPATRICK,LEA MARQUEZ PETERSON,1949696.58,773908.8500000001,True,True,0.9049231759945998,2018
HOUSE,AZ,3,False,RAUL GRIJALVA,"NICOLAS \""NICK\"" PIERSON",670074.05,6634.74,True,True,3.0897625028316664,2018
HOUSE,AZ,4,False,DAVID BRILL,PAUL GOSAR,159856.47,547716.51,True,True,-1.1308111612186325,2018
HOUSE,AZ,5,False,JOAN GREENE,ANDY BIGGS,97618.61,796578.24,True,True,-1.902148366920113,2018
HOUSE,AZ,6,False,ANITA MALIK,DAVID SCHWEIKERT,128826.29,1416471.66,True,True,-2.237595878064399,2018
HOUSE,AZ,7,False,RUBEN GALLEGO,,1251921.96,,True,,,2018
HOUSE,AZ,8,False,HIRAL TIPIRNENI,DEBBIE LESKO,1074457.22,386086.67,True,True,0.9837678324655976,2018
HOUSE,AZ,9,False,GREG STANTON,STEPHEN L FERRARA,1722196.32,1067620.26,True,True,0.4694336806064296,2018
HOUSE,CA,1,False,AUDREY DENNEY,DOUG LA MALFA,342954.92,703808.91,True,True,-0.6834511407821136,2018
HOUSE,CA,2,False,JARED HUFFMAN,DALE K MENSING,1374154.58,8692.55,True,True,3.7263467171011206,2018
HOUSE,CA,3,False,JOHN GARAMENDI,CHARLIE SCHAUPP,1319391.31,10503.5,True,True,3.6340653488091768,2018
HOUSE,CA,4,False,JESSICA MORSE,TOM MCCLINTOCK,1461622.61,1515442.81,True,True,-0.0355630716595688,2018
HOUSE,CA,5,False,MIKE THOMPSON,,3270063.26,,True,,,2018
HOUSE,CA,6,False,DORIS MATSUI,,1254776.1800000002,,True,,,2018
HOUSE,CA,7,False,AMI BERA,ANDREW GRANT,2469265.38,373086.78,True,True,1.835079506238692,2018
HOUSE,CA,8,False,,PAUL COOK,,1359861.21,,True,,2018
HOUSE,CA,9,False,JERRY MCNERNEY,MARLA LIVENGOOD,1185451.94,51540.5,True,True,2.760929060479485,2018
HOUSE,CA,10,False,JOSH HARDER,JEFF DENHAM,2552338.92,3866086.18,True,True,-0.4119309020143406,2018
HOUSE,CA,11,False,MARK DESAULNIER,JOHN FITZGERALD,688905.99,,True,True,,2018
HOUSE,CA,12,False,NANCY PELOSI,LISA REMMER,5293324.03,14635.0,True,True,4.899200934458693,2018
HOUSE,CA,13,False,BARBARA LEE,,1430044.05,,True,,,2018
HOUSE,CA,14,False,JACKIE SPEIER,CRISTINA OSMENA,2388001.49,0.0,True,False,4.569750858245244,2018
HOUSE,CA,15,False,ERIC SWALWELL,RUDY L PETERS JR,3196388.6100000003,16150.0,True,True,4.360343863797443,2018
HOUSE,CA,16,False,JIM COSTA,ELIZABETH HENG,1859373.8,312732.7,True,True,1.7190960888885178,2018
HOUSE,CA,17,False,RO KHANNA,RON COHEN,2309361.85,3405.55,True,True,4.408909286495976,2018
HOUSE,CA,18,False,ANNA G ESHOO,CHRISTINE RUSSELL,1498439.28,0.0,True,False,4.10984991716764,2018
HOUSE,CA,19,False,ZOE LOFGREN,JUSTIN JAMES AGUILERA,2708315.45,,True,True,,2018
HOUSE,CA,20,False,JIMMY PANETTA,,1184299.38,,True,,,2018
HOUSE,CA,21,False,TJ COX,DAVID G VALADAO,,2427227.28,True,True,,2018
HOUSE,CA,22,False,ANDREW JANZ,DEVIN G NUNES,2873015.44,10674121.31,True,True,-1.3061354458384529,2018
HOUSE,CA,23,False,TATIANA MATTA,KEVIN MCCARTHY,34979.57,8508066.67,True,True,-4.957700087463077,2018
HOUSE,CA,24,False,SALUD CARBAJAL,JUSTIN FAREED,2541403.49,905526.37,True,True,1.0145103622697065,2018
HOUSE,CA,25,False,KATIE HILL,STEVE KNIGHT,2476991.27,1774551.49,True,True,0.3295494611986581,2018
HOUSE,CA,26,False,JULIA BROWNLEY,ANTONIO SABATO JR,3804114.22,200928.0,True,True,2.8301724168324616,2018
HOUSE,CA,27,False,JUDY CHU,,3074922.23,,True,,,2018
HOUSE,CA,28,False,ADAM B SCHIFF,JOHNNY J NALBANDIAN,6809796.14,17791.0,True,True,5.073454122715225,2018
HOUSE,CA,29,False,TONY CARDENAS,BENITO BENNY BERNAL,1611037.7400000002,3849.62,True,True,4.037935764066038,2018
HOUSE,CA,30,False,BRAD SHERMAN,MARK S REED,2378050.99,0.0,True,False,4.565618629952339,2018
HOUSE,CA,31,False,PETE AGUILAR,SEAN FLYNN,3195371.71,944607.75,True,True,1.2003604614943075,2018
HOUSE,CA,32,False,GRACE FLORES NAPOLITANO,JOSHUA M SCOTT,418812.27,,True,True,,2018
HOUSE,CA,33,False,TED W LIEU,KENNETH WESTON WRIGHT,2535600.49,117614.22,True,True,2.8878538538698315,2018
HOUSE,CA,34,False,JIMMY GOMEZ,,587253.35,,True,,,2018
HOUSE,CA,35,False,NORMA J TORRES,CHRISTIAN LEONEL VALIENTE,755020.46,1384.0,True,True,3.3865623842916044,2018
HOUSE,CA,36,False,RAUL RUIZ,KIMBERLIN BROWN PELZER,3652961.02,477361.0,True,True,1.990794822204644,2018
HOUSE,CA,37,False,KAREN BASS,RON J BASSILIAN,883095.4199999999,3993.34,True,True,3.444283312746379,2018
HOUSE,CA,38,False,LINDA T SANCHEZ,RYAN DOWNING,2000012.54,0.0,True,False,4.394455347245858,2018
HOUSE,CA,39,False,GIL CISNEROS,YOUNG KIM,5512129.68,1283994.39,True,True,1.4422170569871653,2018
HOUSE,CA,40,False,LUCILLE ROYBAL-ALLARD,,513299.93,,True,,,2018
HOUSE,CA,41,False,MARK TAKANO,AJA SMITH,986279.84,25560.88,True,True,2.995793821221532,2018
HOUSE,CA,42,False,JULIA C PEACOCK,KEN CALVERT,94640.0,1873768.12,True,True,-2.7644733632231744,2018
HOUSE,CA,43,False,MAXINE WATERS,OMAR NAVARRO,1368926.12,351782.75,True,True,1.308210829951233,2018
HOUSE,CA,44,False,NANETTE DIAZ BARRAGAN,,1468686.1,,True,,,2018
HOUSE,CA,45,False,KATIE PORTER,MIMI WALTERS,2083717.55,3367479.31,True,True,-0.4754810474646018,2018
HOUSE,CA,46,False,LOU CORREA,RUSSELL RENE LAMBERT,961114.59,140.0,True,True,3.669312361726397,2018
HOUSE,CA,47,False,ALAN LOWENTHAL,JOHN BRISCOE,1078671.84,24009.9,True,True,3.1143756177543125,2018
HOUSE,CA,48,False,HARLEY ROUDA,DANA ROHRABACHER,3192959.8,2063279.21,True,True,0.4324071739160945,2018
HOUSE,CA,49,False,MIKE LEVIN,DIANE L HARKEY,2627951.93,702056.96,True,True,1.2944234110177608,2018
HOUSE,CA,50,False,AMMAR CAMPA-NAJJAR,DUNCAN HUNTER,1088270.36,1641090.1,True,True,-0.4031776700684371,2018
HOUSE,CA,51,False,JUAN VARGAS,JUAN M HIDALGO JR,860816.08,31169.85,True,True,2.7581292083301774,2018
HOUSE,CA,52,False,SCOTT PETERS,OMAR QUDRAT,3443947.09,282411.27,True,True,2.4234199018576987,2018
HOUSE,CA,53,False,SUSAN A DAVIS,MORGAN MURTAUGH,574261.42,32714.84,True,True,2.34018359746757,2018
HOUSE,CO,1,False,DIANA DEGETTE,CHARLES CASPER STOCKHAM,1158922.72,13729.04,True,True,3.4199988368108576,2018
HOUSE,CO,2,False,JOE NEGUSE,PETER YU,852007.69,7706.94,True,True,3.28892847306182,2018
HOUSE,CO,3,False,DIANE MITSCH BUSH,SCOTT R TIPTON,643540.9299999999,1178338.35,True,True,-0.5877573103306954,2018
HOUSE,CO,4,False,KAREN MCCORMICK,KEN BUCK,326617.73,866416.94,True,True,-0.930267672985307,2018
HOUSE,CO,5,False,STEPHANY ROSE SPAULDING,DOUG LAMBORN,187967.39,902712.38,True,True,-1.4715826940043977,2018
HOUSE,CO,6,False,JASON CROW,MIKE COFFMAN,2264940.25,2323634.15,True,True,-0.0253082208977986,2018
HOUSE,CO,7,False,ED PERLMUTTER,MARK BARRINGTON,1777925.41,35001.020000000004,True,True,3.4028042903309648,2018
HOUSE,CT,1,False,JOHN B LARSON,JENNIFER T NYE,1811965.86,0.0,True,False,4.296994675525344,2018
HOUSE,CT,2,False,JOE COURTNEY,DANNY POSTEMSKI JR,1525857.28,0.0,True,True,4.127687316021548,2018
HOUSE,CT,3,False,ROSA L DELAURO,ANGEL CADENA,983106.03,,True,True,,2018
HOUSE,CT,4,False,JIM HIMES,HARRY ARORA,3787428.42,720842.37,True,True,1.6315073680488283,2018
HOUSE,CT,5,False,JAHANA HAYES,MANNY SANTOS,461098.34,25859.81,True,True,2.257337924868568,2018
HOUSE,DE,0,False,LISA BLUNT ROCHESTER,SCOTT WALKER,1221070.38,0.0,True,False,3.908874357635198,2018
HOUSE,FL,1,False,JENNIFER M ZIMMERMAN,MATT GAETZ,23531.07,1018103.83,True,True,-3.067751788031196,2018
HOUSE,FL,2,False,BOB RACKLEFF,NEAL DUNN,164247.78,1338590.25,True,True,-1.97481922831395,2018
HOUSE,FL,3,False,YVONNE HAYES HINSON,TED YOHO,35743.87,872750.04,True,True,-2.693225505882449,2018
HOUSE,FL,4,False,"GEORGE \""GES\"" SELMONT",JOHN H RUTHERFORD,32479.42,656663.89,True,True,-2.473109735757197,2018
HOUSE,FL,5,False,AL LAWSON,VIRGINIA FULLER,645096.6799999999,,True,True,,2018
HOUSE,FL,6,False,NANCY SODERBERG,MICHAEL WALTZ,1706896.6800000002,1066996.06,True,True,0.461209885523625,2018
HOUSE,FL,7,False,STEPHANIE MURPHY,MIKE MILLER,2563098.83,565236.77,True,True,1.4781550811982933,2018
HOUSE,FL,8,False,SANJAY PATEL,BILL POSEY,231381.72,1179858.99,True,True,-1.5474503906772834,2018
HOUSE,FL,9,False,DARREN SOTO,WAYNE LIEBNITZKY,1176413.09,55380.01,True,True,2.7044882045483742,2018
HOUSE,FL,10,False,VAL DEMINGS,,809409.4,,True,,,2018
HOUSE,FL,11,False,DANA COTTRELL,DANIEL WEBSTER,42210.41,600329.15,True,True,-2.2304500048642613,2018
HOUSE,FL,12,False,CHRIS HUNTER,GUS MICHAEL BILIRAKIS,465627.34,1639169.6,True,True,-1.2213966813122226,2018
HOUSE,FL,13,False,CHARLIE CRIST,GEORGE BUCK,3274135.64,21335.42,True,True,4.265509106453189,2018
HOUSE,FL,14,False,KATHY CASTOR,,1285920.03,,True,,,2018
HOUSE,FL,15,False,KRISTEN CARLSON,ROSS SPANO,304688.27,220922.18,True,True,0.2931324272243497,2018
HOUSE,FL,16,False,DAVID SHAPIRO,VERN BUCHANAN,1305627.23,3815273.25,True,True,-1.0598930903537482,2018
HOUSE,FL,17,False,ALLEN ELLISON,GREG STEUBE,18086.74,527374.7,True,True,-2.5510113271802872,2018
HOUSE,FL,18,False,LAUREN BAER,BRIAN MAST,1835272.96,4200423.37,True,True,-0.8203962320598598,2018
HOUSE,FL,19,False,DAVID HOLDEN,FRANCIS ROONEY,248282.32,754898.84,True,True,-1.0486588189396424,2018
HOUSE,FL,20,False,ALCEE L HASTINGS,,839410.9299999999,,True,,,2018
HOUSE,FL,21,False,LOIS FRANKEL,,1695541.95,,True,,,2018
HOUSE,FL,22,False,TED DEUTCH,NICOLAS KIMAZ,1433397.48,146942.18,True,True,2.1379352379345726,2018
HOUSE,FL,23,False,DEBBIE WASSERMAN SCHULTZ,"JOSEPH \""JOE\"" KAUFMAN",1985402.05,430402.97,True,True,1.484907330578932,2018
HOUSE,FL,24,False,FREDERICA WILSON,,640254.94,,True,,,2018
HOUSE,FL,25,False,MARY BARZEE FLORES,MARIO DIAZ-BALART,1285354.99,2480507.04,True,True,-0.6481930399959408,2018
HOUSE,FL,26,False,DEBBIE MUCARSEL-POWELL,CARLOS CURBELO,1881140.0,3915548.17,True,True,-0.7262395882833046,2018
HOUSE,FL,27,False,DONNA SHALALA,MARIA ELVIRA SALAZAR,2079216.26,685786.03,True,True,1.0853269115703996,2018
HOUSE,GA,1,False,LISA M RING,"EARL L \""BUDDY\"" CARTER",91871.49,2189248.19,True,True,-2.9415932521845014,2018
HOUSE,GA,2,False,SANFORD BISHOP,HERMAN WEST JR,1039343.97,13519.0,True,True,3.3189622716800686,2018
HOUSE,GA,3,False,CHUCK ENDERLIN,DREW FERGUSON,6152.91,1014152.37,True,True,-3.5072529711618827,2018
HOUSE,GA,4,False,"HENRY C \""HANK\"" JOHNSON JR",JOE PROFIT,453463.61,9200.0,True,True,2.63835451377575,2018
HOUSE,GA,5,False,JOHN R LEWIS,,2966945.51,,True,,,2018
HOUSE,GA,6,False,LUCY MCBATH,KAREN HANDEL,313676.91000000003,1827264.27,True,True,-1.699117514334792,2018
HOUSE,GA,7,False,CAROLYN BOURDEAUX,ROB WOODALL,852249.41,1060247.65,True,True,-0.2127721468708664,2018
HOUSE,GA,8,False,,AUSTIN SCOTT,,1162974.77,,True,,2018
HOUSE,GA,9,False,JOSH MCCALL,DOUG COLLINS,49641.89,1237261.26,True,True,-2.8279581645156573,2018
HOUSE,GA,10,False,TABITHA A JOHNSON-GREEN,JODY HICE,9452.86,522754.16,True,True,-2.7662345602706333,2018
HOUSE,GA,11,False,FLYNN D BROADY JR,BARRY LOUDERMILK,34839.54,681338.4299999999,True,True,-2.4684278387710243,2018
HOUSE,GA,12,False,FRANCYS JOHNSON,RICK W ALLEN,116035.86,887659.48,True,True,-1.8673486585045675,2018
HOUSE,GA,13,False,DAVID SCOTT,DAVID CALLAHAN,1308319.6800000002,9948.0,True,True,3.6415658689456407,2018
HOUSE,GA,14,False,STEVEN LAMAR FOSTER,TOM GRAVES,11709.49,0.0,True,False,0.3841594798717417,2018
HOUSE,HI,1,False,ED CASE,CAM CAVASSO,354333.33,23158.0,True,True,2.0639280453317785,2018
HOUSE,HI,2,False,TULSI GABBARD,BRIAN EVANS,3414238.8200000003,,True,True,,2018
HOUSE,IA,1,False,ABBY FINKENAUER,ROD BLUM,1862401.01,2402429.66,True,True,-0.2516321887178008,2018
HOUSE,IA,2,False,DAVE LOEBSACK,CHRISTOPHER PETERS,2543864.92,358655.12000000005,True,True,1.9014753909249165,2018
HOUSE,IA,3,False,CINDY AXNE,DAVID YOUNG,1076542.69,2153087.3200000003,True,True,-0.6817354727837317,2018
HOUSE,IA,4,False,JD SCHOLTEN,STEVE KING,769613.1599999999,729250.31,True,True,0.0521311159920551,2018
HOUSE,ID,1,False,CRISTINA MCNEIL,RUSS FULCHER,0.0,612499.2300000001,False,True,-3.238677244320514,2018
HOUSE,ID,2,False,AARON SWISHER,MIKE SIMPSON,67074.89,1003800.55,True,True,-2.4135466204344698,2018
HOUSE,IL,1,False,BOBBY L RUSH,JIMMY LEE TILLMAN II,289876.35000000003,,True,True,,2018
HOUSE,IL,2,False,ROBIN KELLY,DAVID MERKLE,1156310.67,0.0,True,False,3.855504013467389,2018
HOUSE,IL,3,False,DANIEL WILLIAM LIPINSKI,ARTHUR J JONES,2665459.31,0.0,True,False,4.678591380363934,2018
HOUSE,IL,4,False,"JESUS \""CHUY\"" GARCIA",MARK WAYNE LORCH,677625.12,4153.18,True,True,3.1822594943547284,2018
HOUSE,IL,5,False,MIKE QUIGLEY,TOM HANSON,1745948.95,,True,True,,2018
HOUSE,IL,6,False,SEAN CASTEN,PETER J ROSKAM,2018660.22,4678300.54,True,True,-0.8335220791657478,2018
HOUSE,IL,7,False,DANNY K DAVIS,CRAIG CAMERON,603676.88,,True,True,,2018
HOUSE,IL,8,False,RAJA KRISHNAMOORTHI,"JITENDRA \""JD\"" DIGANVKER",5280776.68,16828.52,True,True,4.842973042087025,2018
HOUSE,IL,9,False,JANICE D SCHAKOWSKY,JOHN D ELLESON,1688923.0299999998,25750.0,True,True,3.519628573576386,2018
HOUSE,IL,10,False,BRAD SCHNEIDER,DOUGLAS R BENNETT,3982353.72,204824.58,True,True,2.858570059987214,2018
HOUSE,IL,11,False,BILL FOSTER,NICK STELLA,4251841.92,188468.92,True,True,2.997478898756233,2018
HOUSE,IL,12,False,BRENDAN KELLY,MIKE BOST,1786472.44,1980185.06,True,True,-0.1015963384249502,2018
HOUSE,IL,13,False,BETSY DIRKSEN LONDRIGAN,RODNEY DAVIS,1348943.83,2873524.95,True,True,-0.7465166573371853,2018
HOUSE,IL,14,False,LAUREN UNDERWOOD,"RANDALL M \""RANDY\"" HULTGREN",1129202.81,1684332.74,True,True,-0.3926931859578222,2018
HOUSE,IL,15,False,KEVIN GAITHER,JOHN M SHIMKUS,29622.37,2393488.51,True,True,-3.790454535569521,2018
HOUSE,IL,16,False,SARA DADY,ADAM KINZINGER,214704.88,3004030.3600000003,True,True,-2.536589334072032,2018
HOUSE,IL,17,False,CHERI BUSTOS,"WILLIAM W \""BILL\"" FAWELL",4526308.7,2225.0,True,True,5.119034428143063,2018
HOUSE,IL,18,False,JUNIUS RODRIGUEZ,DARIN LAHOOD,40253.37,2277341.96,True,True,-3.56340443495856,2018
HOUSE,IN,1,False,PETER J VISCLOSKY,MARK LEYVA,1255954.54,,True,True,,2018
HOUSE,IN,2,False,MEL HALL,JACKIE WALORSKI,1419241.54,2269659.0700000003,True,True,-0.4629999811499901,2018
HOUSE,IN,3,False,COURTNEY TRITCH,JIM BANKS,499736.35,986025.35,True,True,-0.655824346914532,2018
HOUSE,IN,4,False,TOBI BECK,JIM BAIRD,51494.97,297398.0,True,True,-1.4385618201025163,2018
HOUSE,IN,5,False,DEE THORNTON,SUSAN W BROOKS,44057.28,2371448.5,True,True,-3.5468068235512686,2018
HOUSE,IN,6,False,JEANNINE LEE LAKE,GREG PENCE,0.0,1686130.97,False,True,-4.226033991974109,2018
HOUSE,IN,7,False,ANDRE D CARSON,"WAYNE \""GUNNY\"" HARMON",1588639.28,,True,True,,2018
HOUSE,IN,8,False,WILLIAM TANOOS,LARRY D BUCSHON,155524.25,1024811.81,True,True,-1.760501080737397,2018
HOUSE,IN,9,False,LIZ WATSON,TREY HOLLINGSWORTH,1072969.71,1279115.84,True,True,-0.1720625377288751,2018
HOUSE,KS,1,False,ALAN LAPOLICE,ROGER MARSHALL,134065.5,1228213.98,True,True,-2.064150647380093,2018
HOUSE,KS,2,False,PAUL DAVIS,STEVE WATKINS,1607261.61,640158.53,True,True,0.897696419699755,2018
HOUSE,KS,3,False,SHARICE DAVIDS,KEVIN YODER,345304.14,3435254.19,True,True,-2.234772662689952,2018
HOUSE,KS,4,False,JAMES A THOMPSON,RON ESTES,1124988.69,1456896.98,True,True,-0.2535709027434446,2018
HOUSE,KY,1,False,PAUL WALKER,JAMES R COMER,5321.450000000001,700057.57,True,True,-3.174395675748991,2018
HOUSE,KY,2,False,HANK LINDERMAN,S BRETT GUTHRIE,85359.51,3339919.79,True,True,-3.417416095917254,2018
HOUSE,KY,3,False,JOHN A YARMUTH,VICKIE YATES B GLISSON,973598.47,465356.48,True,True,0.7112201291188467,2018
HOUSE,KY,4,False,SETH HALL,THOMAS MASSIE,5038.0,559838.3600000001,True,True,-2.9688722545761563,2018
HOUSE,KY,5,False,KENNETH S STEPP,"HAROLD \""HAL\"" ROGERS",1467.58,1764579.0,True,True,-4.213815087835582,2018
HOUSE,KY,6,False,AMY MCGRATH,ANDY BARR,3024975.32,3732594.16,True,True,-0.2086454027626164,2018
HOUSE,LA,1,False,TAMMY M SAVOIE,STEVE SCALISE,39745.04,4779503.67,True,True,-4.306851926255301,2018
HOUSE,LA,2,False,CEDRIC RICHMOND,,1546064.09,,True,,,2018
HOUSE,LA,3,False,"MILDRED \""MIMI\"" METHVIN",CLAY HIGGINS,81076.62,775367.19,True,True,-2.0209089466805588,2018
HOUSE,LA,4,False,RYAN TRUNDLE,"\""MIKE\"" JOHNSON",,995825.25,True,True,,2018
HOUSE,LA,5,False,JESSEE CARLTON FLEENOR,RALPH ABRAHAM,,911418.47,True,True,,2018
HOUSE,LA,6,False,JUSTIN DEWITT,GARRET GRAVES,23374.53,2704941.49,True,True,-4.033062020174426,2018
HOUSE,MA,1,False,RICHARD E NEAL,,5662766.15,,True,,,2018
HOUSE,MA,2,False,JAMES P MCGOVERN,TRACY LYN LOVVORN,1370937.55,32326.81,True,True,3.1925531447624134,2018
HOUSE,MA,3,False,LORI LOUREIRO TRAHAN,RICK GREEN,1204656.26,810030.76,True,True,0.3870213833989577,2018
HOUSE,MA,4,False,JOSEPH P KENNEDY III,,6819251.85,,True,,,2018
HOUSE,MA,5,False,KATHERINE M CLARK,JOHN HUGO,2167841.01,0.0,True,False,4.474077422061509,2018
HOUSE,MA,6,False,SETH W MOULTON,JOSEPH S SCHNEIDER,3314078.56,108321.0,True,True,3.220690413507788,2018
HOUSE,MA,7,False,AYANNA S PRESSLEY,,898193.1599999999,,True,,,2018
HOUSE,MA,8,False,STEPHEN F LYNCH,,1775077.27,,True,,,2018
HOUSE,MA,9,False,BILL KEATING,PETER D TEDESCHI,1803195.77,691047.61,True,True,0.937338182302413,2018
HOUSE,MD,1,False,JESSE COLVIN,ANDY HARRIS,691475.94,2049485.78,True,True,-1.0631239182835488,2018
HOUSE,MD,2,False,CA DUTCH RUPPERSBERGER,LIZ MATORY,1880841.99,13188.69,True,True,3.910139780937778,2018
HOUSE,MD,3,False,JOHN SARBANES,CHARLES ANTHONY,1825615.63,,True,True,,2018
HOUSE,MD,4,False,ANTHONY G BROWN,GEORGE MCDERMOTT,922142.66,0.0,True,False,3.634573901111576,2018
HOUSE,MD,5,False,STENY H HOYER,WILLIAM A DEVINE III,3972060.24,0.0,True,False,5.07443860503303,2018
HOUSE,MD,6,False,DAVID TRONE,AMIE HOEBER,0.0,364738.12,False,True,-2.746599201527514,2018
HOUSE,MD,7,False,ELIJAH CUMMINGS,RICHMOND DAVIS,1756780.16,11108.86,True,True,3.898829968828196,2018
HOUSE,MD,8,False,JAMIE RASKIN,JOHN WALSH,1381027.58,0.0,True,False,4.029647863241741,2018
HOUSE,ME,1,False,CHELLIE PINGREE,MARK I HOLBROOK,950118.34,67607.69,True,True,2.3541866544311194,2018
HOUSE,ME,2,False,JARED F GOLDEN,BRUCE POLIQUIN,1179997.22,3253449.9,True,True,-1.0008934593400811,2018
HOUSE,MI,1,False,MATTHEW W MORGAN,JACK BERGMAN,779081.54,1063611.88,True,True,-0.3029579770929803,2018
HOUSE,MI,2,False,ROB DAVIDSON,BILL HUIZENGA,498408.11,1850446.71,True,True,-1.2762406705445088,2018
HOUSE,MI,3,False,CATHY ALBRO,JUSTIN AMASH,61960.7,838260.5700000001,True,True,-2.295260288161709,2018
HOUSE,MI,4,False,JERRY HILLIARD,JOHN MOOLENAAR,0.0,1044982.41,False,True,-3.7565216632002887,2018
HOUSE,MI,5,False,DANIEL T KILDEE,TRAVIS WINES,1364468.69,,True,True,,2018
HOUSE,MI,6,False,MATT LONGJOHN,FRED UPTON,672095.47,2857202.64,True,True,-1.419387712249881,2018
HOUSE,MI,7,False,GRETCHEN DRISKELL,TIM WALBERG,1463888.54,1817000.58,True,True,-0.2128223574159405,2018
HOUSE,MI,8,False,ELISSA SLOTKIN,MIKE BISHOP,3034436.97,2382852.86,True,True,0.2394954813743412,2018
HOUSE,MI,9,False,ANDY LEVIN,CANDIUS STEARNS,900935.29,212090.95,True,True,1.3623605282007003,2018
HOUSE,MI,10,False,KIMBERLY BIZON,PAUL MITCHELL,32435.0,616063.24,True,True,-2.412474236803222,2018
HOUSE,MI,11,False,HALEY STEVENS,LENA EPSTEIN,1037752.25,1648800.34,True,True,-0.4542346883437895,2018
HOUSE,MI,12,False,DEBBIE DINGELL,JEFF JONES,1373922.01,10648.43,True,True,3.669752119529585,2018
HOUSE,MI,13,False,RASHIDA TLAIB,,1067091.84,,True,,,2018
HOUSE,MI,14,False,BRENDA LAWRENCE,MARC S HERSCHFUS,880853.06,0.0,True,False,3.590001282590836,2018
HOUSE,MN,1,False,DAN FEEHAN,JIM HAGEDORN,1132405.32,862293.12,True,True,0.2657605956873863,2018
HOUSE,MN,2,False,ANGIE CRAIG,JASON LEWIS,2533684.7,2071314.48,True,True,0.199312544022009,2018
HOUSE,MN,3,False,DEAN PHILLIPS,ERIK PAULSEN,2478333.75,4398611.99,True,True,-0.5693332111248016,2018
HOUSE,MN,4,False,BETTY MCCOLLUM,GREG RYAN,802942.17,11581.83,True,True,3.119391639902218,2018
HOUSE,MN,5,False,ILHAN OMAR,JENNIFER ZIELINSKI,246268.21,7526.120000000001,True,True,2.1210645773862025,2018
HOUSE,MN,6,False,IAN TODD,TOM EMMER,33971.19,1971842.39,True,True,-3.5222733873549026,2018
HOUSE,MN,7,False,COLLIN C PETERSON,DAVE HUGHES,1653039.43,140195.71,True,True,2.318250492736543,2018
HOUSE,MN,8,False,JOE RADINOVICH,PETE STAUBER,333198.81,960477.83,True,True,-1.0120384626902013,2018
HOUSE,MO,1,False,LACY CLAY,ROBERT VROMAN,663447.0900000001,,True,True,,2018
HOUSE,MO,2,False,CORT VANOSTRAN,ANN WAGNER,862786.12,4764171.04,True,True,-1.6853817567595757,2018
HOUSE,MO,3,False,KATY GEPPERT,BLAINE LUETKEMEYER,11552.2,2379477.87,True,True,-4.186346681195919,2018
HOUSE,MO,4,False,RENEE HOAGENSON,VICKY HARTZLER,237942.29,1223905.83,True,True,-1.5580885325243188,2018
HOUSE,MO,5,False,EMANUEL CLEAVER II,JACOB TURK,1282208.48,19133.53,True,True,3.388429400214577,2018
HOUSE,MO,6,False,HENRY ROBERT MARTIN,SAM GRAVES,2495.95,1872256.66,True,True,-4.23412553752222,2018
HOUSE,MO,7,False,JAMIE DANIEL SCHOOLCRAFT,BILLY LONG,6570.7,1704027.9,True,True,-4.0030851467750965,2018
HOUSE,MO,8,False,KATHY ELLIS,JASON SMITH,113858.76,2206883.23,True,True,-2.7771437043965665,2018
HOUSE,MS,1,False,RANDY MACK WADKINS,TRENT KELLY,124019.37,840072.15,True,True,-1.758736616361858,2018
HOUSE,MS,2,False,BENNIE G THOMPSON,,1983382.7,,True,,,2018
HOUSE,MS,3,False,MICHAEL TED EVANS,MICHAEL GUEST,0.0,612931.2,False,True,-3.239354615671167,2018
HOUSE,MS,4,False,JERAMEY ANDERSON,STEVEN PALAZZO,76311.11,886124.65,True,True,-2.1964836360860134,2018
HOUSE,MT,0,False,KATHLEEN WILLIAMS,GREG GIANFORTE,800297.73,2523525.58,True,True,-1.1275260609266613,2018
HOUSE,NC,1,False,G K BUTTERFIELD,ROGER W ALLISON,1267306.76,2991.74,True,True,3.832274619846837,2018
HOUSE,NC,2,False,LINDA COLEMAN,GEORGE HOLDING,299723.22,1902955.48,True,True,-1.7812421949005737,2018
HOUSE,NC,3,False,,WALTER B JONES,,628051.33,,True,,2018
HOUSE,NC,4,False,DAVID PRICE,"STEVE A \""VON\"" LOOR",863091.1000000001,,True,True,,2018
HOUSE,NC,5,False,DD ADAMS,VIRGINIA FOXX,196549.81,4266894.35,True,True,-2.9638360478328734,2018
HOUSE,NC,6,False,RYAN WATTS,B MARK WALKER,206649.27,1242734.9,True,True,-1.699762583186644,2018
HOUSE,NC,7,False,KYLE HORTON,DAVID ROUZER,343299.27,1857860.05,True,True,-1.6316513616368336,2018
HOUSE,NC,8,False,FRANK MCNEILL,RICHARD HUDSON,360918.51,1950866.84,True,True,-1.6331362541856291,2018
HOUSE,NC,9,False,DAN MCCREADY,MARK HARRIS,2673739.25,893490.4299999999,True,True,1.0778085130562465,2018
HOUSE,NC,10,False,DAVID WILSON BROWN,PATRICK MCHENRY,39996.26,4504588.2,True,True,-4.244056579489002,2018
HOUSE,NC,11,False,PHILLIP G PRICE,MARK MEADOWS,56622.66,1129024.86,True,True,-2.648904069798941,2018
HOUSE,NC,12,False,ALMA ADAMS,PAUL WRIGHT,531249.16,0.0,True,False,3.1023404984987497,2018
HOUSE,NC,13,False,KATHY MANNING,TED BUDD,1933778.4,1294511.06,True,True,0.3950597547367622,2018
HOUSE,ND,0,False,MAC SCHNEIDER,KELLY ARMSTRONG,346355.98,1040270.51,True,True,-1.05382292849885,2018
HOUSE,NE,1,False,JESSICA MCCLURE,JEFF FORTENBERRY,29075.300000000003,2177965.24,True,True,-3.707182048520034,2018
HOUSE,NE,2,False,KARA EASTMAN,DON BACON,788453.1699999999,2001534.89,True,True,-0.912794303866966,2018
HOUSE,NE,3,False,PAUL THEOBALD,ADRIAN SMITH,39500.85,2191154.16,True,True,-3.536850210225054,2018
HOUSE,NH,1,False,CHRIS PAPPAS,EDDIE EDWARDS,823673.69,635419.44,True,True,0.2507996178238796,2018
HOUSE,NH,2,False,ANNE MCLANE KUSTER,STEVEN NEGRON,3952631.47,327093.24,True,True,2.4245457862056736,2018
HOUSE,NJ,1,False,DONALD W NORCROSS,PAUL E DILKS,2035462.74,2300.0,True,True,4.3237991654348935,2018
HOUSE,NJ,2,False,JEFF VAN DREW,SETH GROSSMAN,1043025.47,84785.11,True,True,2.275041957871209,2018
HOUSE,NJ,3,False,ANDY KIM,TOM MACARTHUR,2166953.09,2430364.23,True,True,-0.1134821444579823,2018
HOUSE,NJ,4,False,JOSHUA WELLE,CHRISTOPHER H SMITH,660252.67,1133699.88,True,True,-0.5252662308751882,2018
HOUSE,NJ,5,False,JOSH GOTTHEIMER,JOHN J MCCANN JR,5356401.470000001,432362.51,True,True,2.4652278005562445,2018
HOUSE,NJ,6,False,FRANK PALLONE JR,RICHARD J PEZZULLO,3010013.99,80260.0,True,True,3.361537833112531,2018
HOUSE,NJ,7,False,TOM MALINOWSKI,LEONARD LANCE,2315868.84,1787336.85,True,True,0.2559050696983348,2018
HOUSE,NJ,8,False,ALBIO SIRES,JOHN R MUNIZ,572102.72,250.0,True,True,3.1632630031720645,2018
HOUSE,NJ,9,False,BILL PASCRELL JR,ERIC P FISHER,2624779.7,0.0,True,False,4.663355958580933,2018
HOUSE,NJ,10,False,DONALD M PAYNE JR,AGHA KHAN,529012.06,0.0,True,False,3.098310630595212,2018
HOUSE,NJ,11,False,MIKIE SHERRILL,JAY WEBBER,4236025.9,574410.28,True,True,1.9613189266474824,2018
HOUSE,NJ,12,False,BONNIE WATSON COLEMAN,DARYL KIPNIS,822760.0800000001,,True,True,,2018
HOUSE,NM,1,False,DEBRA A HAALAND,JANICE E ARNOLD-JONES,1141921.95,122187.43,True,True,2.070417940531996,2018
HOUSE,NM,2,False,XOCHITL TORRES SMALL,YVETTE HERRELL,934714.79,522357.36,True,True,0.5615342485042532,2018
HOUSE,NM,3,False,BEN R LUJAN,JERALD STEVE MCFALL,2329456.61,,True,True,,2018
HOUSE,NV,1,False,DINA TITUS,JOYCE BENTLEY,780620.96,0.0,True,False,3.4727375340725684,2018
HOUSE,NV,2,False,CLINT KOBLE,MARK E AMODEI,73009.08,1148668.69,True,True,-2.482829626987752,2018
HOUSE,NV,3,False,SUSIE LEE,DANNY TARKANIAN,2137519.47,1494121.16,True,True,0.3531419798168629,2018
HOUSE,NV,4,False,STEVEN A HORSFORD,CRESENT HARDY,683295.05,416167.22,True,True,0.473436756922635,2018
HOUSE,NY,1,False,PERRY GERSHON,LEE M ZELDIN,2202175.52,3628802.06,True,True,-0.4950340859985215,2018
HOUSE,NY,2,False,LIUBA GRECHEN SHIRLEY,PETER T KING,604261.71,3676810.82,True,True,-1.7720301464227437,2018
HOUSE,NY,3,False,THOMAS R SUOZZI,DAN P DEBONO,2333325.58,312311.51,True,True,1.9447002807947296,2018
HOUSE,NY,4,False,KATHLEEN M RICE,AMEER N BENNO,1753862.3199999998,30266.0,True,True,3.47157140164364,2018
HOUSE,NY,5,False,GREGORY W MEEKS,,962559.01,,True,,,2018
HOUSE,NY,6,False,GRACE MENG,,2154461.64,,True,,,2018
HOUSE,NY,7,False,NYDIA M VELAZQUEZ,,889549.6300000001,,True,,,2018
HOUSE,NY,8,False,HAKEEM S JEFFRIES,,2210887.4,,True,,,2018
HOUSE,NY,9,False,YVETTE D CLARKE,LUTCHI GAYOT,998901.03,3875.0,True,True,3.5683989816959203,2018
HOUSE,NY,10,False,JERROLD L NADLER,NAOMI LEVIN,1887574.17,27130.0,True,True,3.602464747868032,2018
HOUSE,NY,11,False,MAX N ROSE,DAN DONOVAN,1951382.46,2072654.55,True,True,-0.0595517063723072,2018
HOUSE,NY,12,False,CAROLYN B MALONEY,ELIOT RABIN,2376865.33,5530.12,True,True,4.3652871979905,2018
HOUSE,NY,13,False,ADRIANO ESPAILLAT,JINEEA BUTLER,541747.27,6027.73,True,True,2.9050321516643005,2018
HOUSE,NY,14,False,ALEXANDRIA OCASIO-CORTEZ,ANTHONY PAPPAS,875254.49,,True,True,,2018
HOUSE,NY,15,False,JOSE E SERRANO,JASON D GONZALEZ,251328.05,0.0,True,False,2.402712921995217,2018
HOUSE,NY,16,False,ELIOT L ENGEL,,2081127.66,,True,,,2018
HOUSE,NY,17,False,NITA M LOWEY,,1917815.26,,True,,,2018
HOUSE,NY,18,False,SEAN PATRICK MALONEY,JAMES O'DONNELL,4242746.1,267334.0,True,True,2.6809441372267884,2018
HOUSE,NY,19,False,ANTONIO DELGADO,JOHN J FASO,2752878.21,2520524.03,True,True,0.08735086797412,2018
HOUSE,NY,20,False,PAUL D TONKO,JOE VITOLLO,1511759.36,,True,True,,2018
HOUSE,NY,21,False,TEDRA L COBB,ELISE M STEFANIK,453301.78,2660607.3200000003,True,True,-1.72542029911699,2018
HOUSE,NY,22,False,ANTHONY J BRINDISI,CLAUDIA TENNEY,1938414.6,1919931.29,True,True,0.0094584503606395,2018
HOUSE,NY,23,False,TRACY MITRANO,THOMAS W REED II,199603.36,2915958.62,True,True,-2.572154866289602,2018
HOUSE,NY,24,False,DANA BALTER,JOHN M KATKO,455653.01,2303359.55,True,True,-1.5777736259568005,2018
HOUSE,NY,25,False,JOSEPH D MORELLE,JIM MAXWELL,862606.49,697708.23,True,True,0.2055229168086848,2018
HOUSE,NY,26,False,BRIAN HIGGINS,RENEE M ZENO,1660928.26,,True,True,,2018
HOUSE,NY,27,False,NATHAN D MCMURRAY,CHRIS COLLINS,132699.11000000002,2545059.1,True,True,-2.790995323407881,2018
HOUSE,OH,1,False,AFTAB PUREVAL,STEVE CHABOT,1571516.88,1972053.98,True,True,-0.2238487783686548,2018
HOUSE,OH,2,False,JILL SCHILLER,BRAD WENSTRUP,283196.51,1636187.2000000002,True,True,-1.68455020744742,2018
HOUSE,OH,3,False,JOYCE BEATTY,JIM BURGESS,1738387.9300000002,0.0,True,False,4.256116373029532,2018
HOUSE,OH,4,False,JANET GARRETT,JIM JORDAN,154604.41,1769014.75,True,True,-2.3014545543032128,2018
HOUSE,OH,5,False,J MICHAEL GALBRAITH,BOB LATTA,108402.96,2108268.27,True,True,-2.7720361596361665,2018
HOUSE,OH,6,False,SHAWNA ROBERTS,BILL JOHNSON,6216.2,2401790.6100000003,True,True,-4.353387735936746,2018
HOUSE,OH,7,False,KEN HARBAUGH,BOB GIBBS,1697195.9300000002,1760532.07,True,True,-0.0361162692255902,2018
HOUSE,OH,8,False,VANESSA ENOCH,WARREN DAVIDSON,8136.780000000001,707399.22,True,True,-3.095681904078829,2018
HOUSE,OH,9,False,MARCY KAPTUR,STEVEN W KRAUS,1152434.63,,True,True,,2018
HOUSE,OH,10,False,THERESA A GASPER,MIKE TURNER,468529.11,1284167.44,True,True,-0.9755648282053926,2018
HOUSE,OH,11,False,MARCIA L FUDGE,BEVERLY A GOLDSTEIN,1226717.77,22043.99,True,True,3.281188981503895,2018
HOUSE,OH,12,False,DANNY O'CONNOR,TROY BALDERSON,4033468.29,1690339.96,True,True,0.8611943455783856,2018
HOUSE,OH,13,False,TIM RYAN,CHRIS DEPIZZO,1561434.61,36196.25,True,True,3.2551584805283698,2018
HOUSE,OH,14,False,BETSY RADER,DAVID P JOYCE,1035484.02,2008697.0,True,True,-0.6511298924328861,2018
HOUSE,OH,15,False,RICK NEAL,STEVE STIVERS,921910.25,4719060.65,True,True,-1.611444409438251,2018
HOUSE,OH,16,False,SUSAN MORAN PALMER,ANTHONY GONZALEZ,72638.8,1357438.12,True,True,-2.6503290174969103,2018
HOUSE,OK,1,False,TIM GILPIN,KEVIN HERN,81947.79999999999,2449080.77,True,True,-3.141283334997011,2018
HOUSE,OK,2,False,JASON NICHOLS,MARKWAYNE MULLIN,68499.9,1465835.34,True,True,-2.76913150594186,2018
HOUSE,OK,3,False,FRANKIE ROBBINS,FRANK D LUCAS,,1265631.04,True,True,,2018
HOUSE,OK,4,False,MARY BRANNON,TOM COLE,2472.4500000000003,2749515.95,True,True,-4.615047894197531,2018
HOUSE,OK,5,False,KENDRA HORN,STEVE RUSSELL,515806.89,804272.5,True,True,-0.4274865453783203,2018
HOUSE,OR,1,False,SUZANNE BONAMICI,JOHN VERBEEK,1141880.34,0.0,True,False,3.8432132657429694,2018
HOUSE,OR,2,False,JAMIE MCLEOD-SKINNER,GREG WALDEN,282351.34,5327166.76,True,True,-2.857265236574244,2018
HOUSE,OR,3,False,EARL BLUMENAUER,TOM HARRISON,2127776.85,,True,True,,2018
HOUSE,OR,4,False,PETER DEFAZIO,ART ROBINSON,1945638.2,111930.1,True,True,2.666642152015355,2018
HOUSE,OR,5,False,KURT SCHRADER,MARK CALLAHAN,2861808.98,13311.99,True,True,4.322144109878653,2018
HOUSE,PA,1,False,HENRY SCOTT WALLACE,BRIAN K FITZPATRICK,5381117.140000001,2580667.99,True,True,0.7298420476985371,2018
HOUSE,PA,2,False,BRENDAN F BOYLE,DAVID TORRES,1438167.42,,True,True,,2018
HOUSE,PA,3,False,DWIGHT EVANS,BRYAN E LEIB,1075950.22,6818.0,True,True,3.5438967548751483,2018
HOUSE,PA,4,False,MADELEINE DEAN CUNNANE,DANIEL DAVID,744688.33,333635.0,True,True,0.763680508480993,2018
HOUSE,PA,5,False,MARY GAY SCANLON,PEARL KIM,1048398.78,350321.22000000003,True,True,1.0508030771906258,2018
HOUSE,PA,6,False,CHRISTINA JAMPOLER HOULAHAN,GREGORY MICHAEL MCCAULEY SR,2812104.5,174293.26,True,True,2.6557618605323765,2018
HOUSE,PA,7,False,SUSAN ELLIS WILD,MARTIN W NOTHSTEIN,0.0,531252.65,False,True,-3.102346772645845,2018
HOUSE,PA,8,False,MATTHEW ALTON CARTWRIGHT,JOHN ROBERT CHRIN,2356800.3000000003,1646115.34,True,True,0.3543653585395317,2018
HOUSE,PA,9,False,DENNIS WOLFF,DANIEL MEUSER,456723.33,1411687.34,True,True,-1.092725339019562,2018
HOUSE,PA,10,False,GEORGE B SCOTT,SCOTT G PERRY,358212.51,878393.86,True,True,-0.8575689349494079,2018
HOUSE,PA,11,False,JESSICA KING,LLOYD K SMUCKER,782689.51,1334853.47,True,True,-0.5209545154098276,2018
HOUSE,PA,12,False,MARC FRIEDENBERG,THOMAS A MARINO,82720.98000000001,792284.62,True,True,-2.026443040722942,2018
HOUSE,PA,13,False,BRENT M OTTAWAY,JOHN JOYCE,7537.13,1113336.51,True,True,-3.554941375200864,2018
HOUSE,PA,14,False,BIBIANA BOERIO,GUY L RESCHENTHALER,205142.86,64471.78,True,True,0.9447769782378568,2018
HOUSE,PA,15,False,SUSAN BOSER,GLENN WILLIAM THOMPSON JR,47178.02,1358712.23,True,True,-2.9533896208404187,2018
HOUSE,PA,16,False,RONALD A DINICOLA,GEORGE J KELLY JR,560686.4299999999,2607114.09,True,True,-1.5027580948006227,2018
HOUSE,PA,17,False,CONOR JAMES LAMB,KEITH ROTHFUS,2789244.46,2705121.04,True,True,0.0303478824875884,2018
HOUSE,PA,18,False,MICHAEL F DOYLE JR,,829266.16,,True,,,2018
HOUSE,RI,1,False,DAVID N CICILLINE,PATRICK J DONOVAN,2255742.3,,True,True,,2018
HOUSE,RI,2,False,JAMES R LANGEVIN,SALVATORE G CAIOZZO,1619624.4,4715.0,True,True,4.013615340042503,2018
HOUSE,SC,1,False,JOE CUNNINGHAM,KATIE ARRINGTON,791155.79,714725.5800000001,True,True,0.0983259762759959,2018
HOUSE,SC,2,False,SEAN CARRIGAN,JOE WILSON,33296.06,1545573.16,True,True,-3.293661392186599,2018
HOUSE,SC,3,False,MARY GEREN,JEFF DUNCAN,154751.74,661963.51,True,True,-1.3407044991534065,2018
HOUSE,SC,4,False,BRANDON P BROWN,WILLIAM TIMMONS,11946.96,1419169.42,True,True,-3.6658062687731,2018
HOUSE,SC,5,False,ARCHIE PARNELL,RALPH W NORMAN,916015.83,956983.49,True,True,-0.0426145336127342,2018
HOUSE,SC,6,False,JAMES E JIM CLYBURN,GERHARD R GRESSMANN,2423419.31,8979.28,True,True,4.27744698864439,2018
HOUSE,SC,7,False,ROBERT WILLIAMS,TOM RICE,12962.43,1886259.63,True,True,-3.918920809372649,2018
HOUSE,SD,0,False,TIM BJORKMAN,"DUSTIN \""DUSTY\"" JOHNSON",463396.76,911200.8,True,True,-0.6507018750759592,2018
HOUSE,TN,1,False,MARTY OLSEN,PHIL ROE,71371.98,801843.62,True,True,-2.149400088570572,2018
HOUSE,TN,2,False,RENEE HOYOS,TIM BURCHETT,152852.25,634912.2,True,True,-1.3111536464431994,2018
HOUSE,TN,3,False,DANIELLE MITCHELL,CHUCK FLEISCHMANN,179571.94,1522719.94,True,True,-2.023618422007347,2018
HOUSE,TN,4,False,MARIAH PHILLIPS,SCOTT DESJARLAIS,293178.49,547447.34,True,True,-0.5873082340405626,2018
HOUSE,TN,5,False,JIM COOPER,JODY M BALL,1316379.58,0.6,True,True,3.982554076068116,2018
HOUSE,TN,6,False,DAWN BARLOW,JOHN ROSE,7693.030000000001,2931945.0,True,True,-4.504750014410677,2018
HOUSE,TN,7,False,JUSTIN KANEW,MARK E GREEN,263135.5,1638118.08,True,True,-1.7530186252783388,2018
HOUSE,TN,8,False,ERIKA STOTTS PEARSON,DAVID KUSTOFF,,1735292.82,True,True,,2018
HOUSE,TN,9,False,STEVE COHEN,CHARLOTTE BERGMANN,1360860.66,0.0,True,False,4.015200815917241,2018
HOUSE,TX,1,False,SHIRLEY J MCKELLAR,LOUIE GOHMERT,51631.65,767376.04,True,True,-2.3360259003257657,2018
HOUSE,TX,2,False,TODD LITTON,DAN CRENSHAW,843045.04,982455.48,True,True,-0.1489395015438223,2018
HOUSE,TX,3,False,LORIE BURCH,VAN TAYLOR,179734.41,2534565.43,True,True,-2.5258791909594174,2018
HOUSE,TX,4,False,CATHERINE KRANTZ,JOHN RATCLIFFE,23481.02,994993.5,True,True,-3.046379152565302,2018
HOUSE,TX,5,False,DAN WOOD,LANCE GOODEN,81476.22,595560.0,True,True,-1.762700622350229,2018
HOUSE,TX,6,False,JANA LYNNE SANCHEZ,RON WRIGHT,355635.9,313175.68,True,True,0.1182777513976795,2018
HOUSE,TX,7,False,LIZZIE PANNILL FLETCHER,JOHN CULBERSON,2321794.64,2163714.56,True,True,0.0697360015093349,2018
HOUSE,TX,8,False,STEVEN DAVID,KEVIN BRADY,25044.48,5854941.22,True,True,-4.7663898342754845,2018
HOUSE,TX,9,False,AL GREEN,,638913.8,,True,,,2018
HOUSE,TX,10,False,MIKE SIEGEL,MICHAEL T MCCAUL,177679.62,1649134.89,True,True,-2.111425321524191,2018
HOUSE,TX,11,False,JENNIE LOU LEEDER,MIKE CONAWAY,48489.01,3138246.64,True,True,-3.762218325640653,2018
HOUSE,TX,12,False,VANESSA ADIA,KAY GRANGER,106715.19,2150211.81,True,True,-2.804239382701851,2018
HOUSE,TX,13,False,GREG SAGAN,MAC THORNBERRY,12470.43,1751146.83,True,True,-3.858649506097219,2018
HOUSE,TX,14,False,ADRIENNE BELL,RANDY WEBER,105067.44,464994.12,True,True,-1.3263403058605585,2018
HOUSE,TX,15,False,VICENTE GONZALEZ,TIM WESTLEY,1149868.22,10413.91,True,True,3.501806586284155,2018
HOUSE,TX,16,False,VERONICA ESCOBAR,RICK SEEBERGER,1185637.69,28312.24,True,True,3.12273656796031,2018
HOUSE,TX,17,False,RICK KENNEDY,BILL FLORES,81877.57,1412290.79,True,True,-2.5988312509371765,2018
HOUSE,TX,18,False,SHEILA JACKSON LEE,AVA REYNERO PATE,611844.2,10334.71,True,True,2.8916592747200816,2018
HOUSE,TX,19,False,MIGUEL LEVARIO,JODEY ARRINGTON,42480.39,1360657.55,True,True,-3.0220930341477064,2018
HOUSE,TX,20,False,JOAQUIN CASTRO,,943452.44,,True,,,2018
HOUSE,TX,21,False,JOSEPH KOPSER,CHIP ROY,1581008.79,936938.73,True,True,0.5125566093084262,2018
HOUSE,TX,22,False,SRI PRESTON KULKARNI,PETE OLSON,450780.57,1586303.27,True,True,-1.219841854445598,2018
HOUSE,TX,23,False,GINA ORTIZ JONES,WILL HURD,2284326.18,3243083.7800000003,True,True,-0.347248028131887,2018
HOUSE,TX,24,False,JAN MCDOWELL,KENNY E MARCHANT,61588.21,2349254.31,True,True,-3.311275029318515,2018
HOUSE,TX,25,False,JULIE OLIVER,ROGER WILLIAMS,202190.29,2106158.52,True,True,-2.2386330686857865,2018
HOUSE,TX,26,False,LINSEY FAGAN,MICHAEL C BURGESS,110635.23,1914723.24,True,True,-2.660331432065122,2018
HOUSE,TX,27,False,ERIC HOLGUIN,MICHAEL CLOUD,100683.68,415103.29,True,True,-1.2532411751312214,2018
HOUSE,TX,28,False,HENRY CUELLAR,,3332935.44,,True,,,2018
HOUSE,TX,29,False,SYLVIA R GARCIA,PHILLIP ARONOFF,872971.3,52560.03,True,True,2.449085890708864,2018
HOUSE,TX,30,False,EDDIE BERNICE JOHNSON,,419338.29,,True,,,2018
HOUSE,TX,31,False,"MARY JENNINGS \""MJ\"" HEGAR",JOHN CARTER,1613339.85,1504265.31,True,True,0.0688960120087004,2018
HOUSE,TX,32,False,COLIN ALLRED,PETE SESSIONS,1916601.47,3357797.0700000003,True,True,-0.5551897702416594,2018
HOUSE,TX,33,False,MARC VEASEY,WILLIE BILLUPS,1488626.48,61830.17,True,True,2.858309550939864,2018
HOUSE,TX,34,False,FILEMON B VELA,REY GONZALEZ,1067589.03,2050.75,True,True,3.698590684299648,2018
HOUSE,TX,35,False,LLOYD DOGGETT,DAVID SMALLING,4314148.37,29478.0,True,True,4.377636429280725,2018
HOUSE,TX,36,False,DAYNA STEELE,BRIAN BABIN,516829.64,1489258.46,True,True,-1.0277294980812466,2018
HOUSE,UT,1,False,LEE CASTILLO,ROB BISHOP,6272.56,1109246.52,True,True,-3.5909828147091747,2018
HOUSE,UT,2,False,SHIREEN GHORBANI,CHRIS STEWART,109604.65,845305.64,True,True,-1.8665024968791768,2018
HOUSE,UT,3,False,JAMES COURAGE SINGER,JOHN CURTIS,3609.0,558465.23,True,True,-3.0152635076247347,2018
HOUSE,UT,4,False,BEN MCADAMS,MIA B LOVE,1677140.84,3846954.12,True,True,-0.8218725437367327,2018
HOUSE,VA,1,False,VANGIE A WILLIAMS,"ROBERT J \""ROB\"" WITTMAN",97843.66,2120991.9,True,True,-2.860444658735541,2018
HOUSE,VA,2,False,ELAINE G LURIA,SCOTT W TAYLOR,1318925.69,2912180.12,True,True,-0.7818550278277746,2018
HOUSE,VA,3,False,"ROBERT C \""BOBBY\"" SCOTT",,504598.78,,True,,,2018
HOUSE,VA,4,False,A DONALD MCEACHIN,RYAN A MCADAMS,983147.58,63108.83,True,True,2.4372970917102625,2018
HOUSE,VA,5,False,LESLIE C COCKBURN,DENVER L RIGGLEMAN III,1289472.88,217442.53,True,True,1.6904263199379927,2018
HOUSE,VA,6,False,JENNIFER LYNN LEWIS,BEN L CLINE,44704.22,393628.69,True,True,-1.7927234845196551,2018
HOUSE,VA,7,False,ABIGAIL A SPANBERGER,DAVE A BRAT,1351549.69,1573713.47,True,True,-0.149619080798724,2018
HOUSE,VA,8,False,DONALD S BEYER JR,THOMAS S OH,2389922.04,17355.0,True,True,4.043335806108598,2018
HOUSE,VA,9,False,ANTHONY J FLACCAVENTO,H MORGAN GRIFFITH,317082.95,934477.81,True,True,-1.03133593703863,2018
HOUSE,VA,10,False,JENNIFER T WEXTON,BARBARA J COMSTOCK,1934197.08,3975036.28,True,True,-0.7137686948282947,2018
HOUSE,VA,11,False,GERALD EDWARD CONNOLLY,JEFF A DOVE JR,4018120.29,372691.78,True,True,2.3190947387029084,2018
HOUSE,VT,0,False,PETER WELCH,ANYA TYNIO,2566965.2299999995,,True,True,,2018
HOUSE,WA,1,False,SUZAN DELBENE,JEFFREY BEELER,2114580.95,7140.0,True,True,4.198263910774721,2018
HOUSE,WA,2,False,RICK LARSEN,,966570.36,,True,,,2018
HOUSE,WA,3,False,CAROLYN LONG,JAIME HERRERA BEUTLER,662064.85,1987467.3,True,True,-1.074688077021863,2018
HOUSE,WA,4,False,CHRISTINE BROWN,DAN NEWHOUSE,266346.87,887258.32,True,True,-1.1414086451430254,2018
HOUSE,WA,5,False,LISA BROWN,CATHY MCMORRIS RODGERS,2393047.58,4156959.0,True,True,-0.5478193676184565,2018
HOUSE,WA,6,False,DEREK KILMER,DOUGLAS DIGHTMAN,3850501.54,13300.0,True,True,4.616980466902969,2018
HOUSE,WA,7,False,PRAMILA JAYAPAL,CRAIG KELLER,1795668.63,1634.0,True,True,4.224770496644581,2018
HOUSE,WA,8,False,KIM SCHRIER,DINO ROSSI,1611071.91,3005150.0,True,True,-0.6163139312641442,2018
HOUSE,WA,9,False,ADAM SMITH,,1038163.81,,True,,,2018
HOUSE,WA,10,False,DENNY HECK,JOSEPH BRUMBLES,1974987.47,,True,True,,2018
HOUSE,WI,1,False,RANDY BRYCE,BRYAN STEIL,6254754.67,750336.8600000001,True,True,2.091788600431141,2018
HOUSE,WI,2,False,MARK POCAN,,1258180.24,,True,,,2018
HOUSE,WI,3,False,RON KIND,STEVE TOFT,4152914.31,215668.02,True,True,2.85414895861527,2018
HOUSE,WI,4,False,GWEN S MOORE,TIM ROGERS,870995.7000000001,0.0,True,False,3.579059788988072,2018
HOUSE,WI,5,False,TOM PALZEWICZ,F JAMES SENSENBRENNER JR,116117.01,760488.48,True,True,-1.7167163873778848,2018
HOUSE,WI,6,False,DAN KOHL,GLENN GROTHMAN,1724043.2999999998,1372280.67,True,True,0.2245409835478124,2018
HOUSE,WI,7,False,MARGARET ENGEBRETSON,SEAN P DUFFY,35926.46,4041167.61,True,True,-4.200788652556035,2018
HOUSE,WI,8,False,BEAU LIEGEOIS,MIKE GALLAGHER,161395.66999999998,2345593.64,True,True,-2.5430240114087588,2018
HOUSE,WV,1,False,KENDRA FERSHEE,DAVID B MCKINLEY,112762.12,1493369.54,True,True,-2.3998639374208803,2018
HOUSE,WV,2,False,TALLEY SERGENT,ALEX X MOONEY,380074.54,1859876.78,True,True,-1.5375466294909736,2018
HOUSE,WV,3,False,RICHARD OJEDA II,CAROL MILLER,514945.62,818091.81,True,True,-0.4456074299476293,2018
HOUSE,WY,0,False,GREG HUNTER,LIZ CHENEY,34554.91,888842.4500000001,True,True,-2.730759438292987,2018
SEN,AZ,0,False,KYRSTEN SINEMA,MARTHA MCSALLY,13066659.6,7717546.45,True,True,0.5252447234884136,2018
SEN,CA,0,False,DIANNE FEINSTEIN,,18109642.97,,True,,,2018
SEN,CT,0,False,CHRISTOPHER S MURPHY,MATTHEW COREY,13808548.66,31090.78,True,True,5.507880533566969,2018
SEN,DE,0,False,THOMAS R CARPER,ROBERT B ARLETT,4678983.21,78311.22,True,True,3.8184189343595567,2018
SEN,FL,0,False,BILL NELSON,RICK SCOTT,21297571.92,31203038.840000004,True,True,-0.3815501458446032,2018
SEN,HI,0,False,MAZIE K. HIRONO,RON CURTIS,4292461.69,,True,True,,2018
SEN,IN,0,False,JOE DONNELLY,MIKE BRAUN,11827477.79,8451782.940000001,True,True,0.3352059343844255,2018
SEN,MA,0,False,ELIZABETH A. WARREN,GEOFF DIEHL,33499380.61,1933370.8,True,True,2.840160050437005,2018
SEN,MD,0,False,BEN CARDIN,TONY CAMPBELL,5428088.99,42396.61,True,True,4.393342794332647,2018
SEN,ME,0,False,ZAK RINGELSTEIN,ERIC L. BRAKEY,212794.23,464074.35,True,True,-0.721108803032144,2018
SEN,MI,0,False,DEBBIE STABENOW,JOHN JAMES,16803354.31,4206903.25,True,True,1.380413387532783,2018
SEN,MN,0,False,AMY KLOBUCHAR,JIM NEWBERGER,13478570.75,105311.17,True,True,4.640784223746538,2018
SEN,MN,0,True,TINA SMITH,KARIN HOUSLEY,4855514.0600000005,1811466.91,True,True,0.977406986334808,2018
SEN,MO,0,False,CLAIRE MCCASKILL,JOSH HAWLEY,22993449.49,5320515.5,True,True,1.460038061014097,2018
SEN,MS,0,False,DAVID BARIA,ROGER F. WICKER,360869.16,8192259.529999999,True,True,-3.058493693679235,2018
SEN,MS,0,True,MIKE ESPY,CINDY HYDE-SMITH,408236.75,1654032.21,True,True,-1.3546884956079808,2018
SEN,MT,0,False,JON TESTER,MATT ROSENDALE,14787830.5,2062323.04,True,True,1.95961132799062,2018
SEN,ND,0,False,HEIDI HEITKAMP,KEVIN CRAMER,11430864.65,2436515.0,True,True,1.5377247813361743,2018
SEN,NE,0,False,JANE RAYBOULD,DEB FISCHER,1230944.24,6207724.859999999,True,True,-1.601925942228829,2018
SEN,NJ,0,False,ROBERT MENENDEZ,BOB HUGIN,11060923.19,16728877.760000002,True,True,-0.4129536171218533,2018
SEN,NM,0,False,MARTIN T HEINRICH,MICK RICH,7444232.25,689280.54,True,True,2.347271696732401,2018
SEN,NV,0,False,JACKY ROSEN,DEAN HELLER,9474593.91,11291511.78,True,True,-0.1750138272679391,2018
SEN,NY,0,False,KIRSTEN E. GILLIBRAND,CHELE CHIAVACCI FARLEY,21013472.64,855097.56,True,True,3.174075306097045,2018
SEN,OH,0,False,SHERROD BROWN,JIM RENACCI,24879249.44,7179623.67,True,True,1.2403154528469489,2018
SEN,PA,0,False,ROBERT P CASEY JR,LOUIS J. BARLETTA,19110293.39,4551119.43,True,True,1.430683098446447,2018
SEN,RI,0,False,SHELDON WHITEHOUSE,"ROBERT G. FLANDERS, JR.",7182835.26,950047.67,True,True,2.0004375817557087,2018
SEN,TN,0,False,PHIL BREDESEN,MARSHA BLACKBURN,8526739.049999999,10763440.28,True,True,-0.2323405565310563,2018
SEN,TX,0,False,BETO O'ROURKE,TED CRUZ,24059564.96,24563649.46,True,True,-0.0207137551692376,2018
SEN,UT,0,False,JENNY WILSON,MITT ROMNEY,684836.42,4097126.29,True,True,-1.759089849896551,2018
SEN,VA,0,False,TIMOTHY M. KAINE,COREY A. STEWART,18831216.13,1092279.52,True,True,2.825945897201492,2018
SEN,VT,0,False,,LAWRENCE ZUPAN,,6790.91,,True,,2018
SEN,WA,0,False,MARIA CANTWELL,SUSAN HUTCHISON,10940292.5,543276.75,True,True,2.9598818003070217,2018
SEN,WI,0,False,TAMMY BALDWIN,LEAH VUKMIR,24045156.83,2011415.02,True,True,2.469781848573324,2018
SEN,WV,0,False,JOE MANCHIN,PATRICK MORRISEY,9303858.62,3099129.6,True,True,1.0939569565784069,2018
SEN,WY,0,False,GARY TRAUNER,JOHN BARRASSO,633878.54,9482113.7,True,True,-2.6692563999407506,2018
HOUSE,AK,0,False,ALYSE S GALVIN,DON YOUNG,2449010.55,1533082.66,True,True,0.4623845370702834,2020
HOUSE,AL,1,False,JAMES AVERHART,JERRY CARL,9427.46,1742352.1,True,True,-3.938383215002376,2020
HOUSE,AL,2,False,PHYLLIS HARVEY-HALL,BARRY MOORE,1759.23,493678.0,True,True,-2.964403806175188,2020
HOUSE,AL,3,False,ADIA WINFREY,MIKE ROGERS,10951.47,1474834.5,True,True,-3.730940074213547,2020
HOUSE,AL,4,False,RICK NEIGHBORS,ROBERT B ADERHOLT,17132.89,1588324.45,True,True,-3.645223533991671,2020
HOUSE,AL,5,False,,MO BROOKS,,1066927.22,,True,,2020
HOUSE,AL,6,False,,GARY J PALMER,,1146299.74,,True,,2020
HOUSE,AL,7,False,TERRI A SEWELL,,3249285.62,,True,,,2020
HOUSE,AR,1,False,,"ERIC A \""RICK\"" CRAWFORD",,1116172.61,,True,,2020
HOUSE,AR,2,False,JOYCE ELLIOTT,J FRENCH HILL,1050501.58,2098436.91,True,True,-0.6802488211373107,2020
HOUSE,AR,3,False,CELESTE WILLIAMS,STEVE WOMACK,221229.35,1967777.39,True,True,-2.091021199370654,2020
HOUSE,AR,4,False,WILLIAM H HANSON,BRUCE WESTERMAN,73347.55,1751180.9500000002,True,True,-2.8937131711305693,2020
HOUSE,AZ,1,False,TOM O'HALLERAN,TIFFANY SHEDD,2179879.5700000003,628593.23,True,True,1.215942984134338,2020
HOUSE,AZ,2,False,ANN KIRKPATRICK,BRANDON MARTIN,1768752.4500000002,186623.73,True,True,2.1372552061067,2020
HOUSE,AZ,3,False,RAUL M GRIJALVA,DANIEL WOOD,695307.56,6205.0,True,True,3.1390999490810545,2020
HOUSE,AZ,4,False,DELINA DISANTO,PAUL A GOSAR,43423.04,593308.28,True,True,-2.201277558017151,2020
HOUSE,AZ,5,False,JOAN GREENE,ANDY BIGGS,106234.75,1305185.0,True,True,-2.31608560504206,2020
HOUSE,AZ,6,False,HIRAL TIPIRNENI,DAVID SCHWEIKERT,2721676.8200000003,1417372.5799999998,True,True,0.6441023691054628,2020
HOUSE,AZ,7,False,RUBEN GALLEGO,JOSHUA BARNETT,1880841.96,11047.0,True,True,3.967855521157404,2020
HOUSE,AZ,8,False,MICHAEL MUSCATO,DEBBIE LESKO,215514.47,1173034.54,True,True,-1.6056573555893592,2020
HOUSE,AZ,9,False,GREG STANTON,DAVE GILES,1529621.5,92248.7,True,True,2.584690066779703,2020
HOUSE,CA,1,False,AUDREY DENNEY,DOUG LAMALFA,1383895.76,887980.09,True,True,0.4338474544864422,2020
HOUSE,CA,2,False,JARED HUFFMAN,DALE K MENSING,1492025.46,10490.55,True,True,3.7552402984707727,2020
HOUSE,CA,3,False,JOHN GARAMENDI,TAMIKA HAMILTON,1536001.89,146236.4,True,True,2.2100380733467127,2020
HOUSE,CA,4,False,BRYNNE S KENNEDY,TOM MCCLINTOCK,1463813.96,1668211.3199999998,True,True,-0.1286471122269279,2020
HOUSE,CA,5,False,MIKE THOMPSON,SCOTT GIBLIN,3367682.54,,True,True,,2020
HOUSE,CA,6,False,DORIS O MATSUI,CHRIS BISH,1165579.04,,True,True,,2020
HOUSE,CA,7,False,AMI BERA,BUZZ PATTERSON,2884052.38,,True,True,,2020
HOUSE,CA,8,False,CHRISTINE BUBSER,JAY OBERNOLTE,1149155.3199999998,1617842.11,True,True,-0.3358787233525468,2020
HOUSE,CA,9,False,JERRY MCNERNEY,"ANTONIO C \""TONY\"" AMADOR",1180388.08,15370.0,True,True,3.396469917301617,2020
HOUSE,CA,10,False,JOSH HARDER,TED HOWZE,5762903.66,1371560.57,True,True,1.4217576856683698,2020
HOUSE,CA,11,False,MARK DESAULNIER,NISHA SHARMA,748516.16,81372.1,True,True,1.984003237366744,2020
HOUSE,CA,12,False,NANCY PELOSI,,15804572.09,,True,,,2020
HOUSE,CA,13,False,BARBARA LEE,NIKKA PITERMAN,1579788.1700000002,4374.8,True,True,4.000609881614899,2020
HOUSE,CA,14,False,JACKIE SPEIER,RAN S PETEL,2406534.69,0.0,True,False,4.577402071787296,2020
HOUSE,CA,15,False,ERIC SWALWELL,ALISON HAYDEN,3997435.78,,True,True,,2020
HOUSE,CA,16,False,JIM COSTA,KEVIN COOKINGHAM,1857743.75,126682.74,True,True,2.518694330674137,2020
HOUSE,CA,17,False,RO KHANNA,RITESH TANDON,4131431.71,85738.22,True,True,3.625243185568208,2020
HOUSE,CA,18,False,ANNA G ESHOO,,2219966.37,,True,,,2020
HOUSE,CA,19,False,ZOE LOFGREN,JUSTIN JAMES AGUILERA,2661234.45,13530.8,True,True,4.244437737736714,2020
HOUSE,CA,20,False,JIMMY PANETTA,JEFF GORMAN,2136303.74,47657.4,True,True,3.39271165887493,2020
HOUSE,CA,21,False,TJ COX,DAVID G VALADAO,3460706.77,2535571.7,True,True,0.3084402732222753,2020
HOUSE,CA,22,False,PHIL ARBALLO,DEVIN NUNES,2624463.43,20925289.0,True,True,-2.067795300771245,2020
HOUSE,CA,23,False,KIM MANGONE,KEVIN MCCARTHY,492038.62,18560694.19,True,True,-3.5820298622875706,2020
HOUSE,CA,24,False,SALUD O CARBAJAL,ANDY CALDWELL,2557362.46,795372.1699999999,True,True,1.146701837959032,2020
HOUSE,CA,25,False,CHRISTY SMITH,MIKE GARCIA,716824.13,4434202.3,True,True,-1.7936129790051478,2020
HOUSE,CA,26,False,JULIA BROWNLEY,RONDA BALDWIN-KENNEDY,3979511.83,127831.05,True,True,3.2658438990409286,2020
HOUSE,CA,27,False,JUDY CHU,JOHNNY J NALBANDIAN,3342887.66,21965.55,True,True,4.272626665472624,2020
HOUSE,CA,28,False,ADAM B SCHIFF,ERIC EARLY,17259182.22,1477895.0,True,True,2.442398512661509,2020
HOUSE,CA,29,False,TONY CARDENAS,,1400514.52,,True,,,2020
HOUSE,CA,30,False,BRAD SHERMAN,MARK S REED,3210234.23,0.0,True,False,4.862980784391593,2020
HOUSE,CA,31,False,PETE AGUILAR,AGNES GIBBONEY,3302888.51,92462.93,True,True,3.343970506333706,2020
HOUSE,CA,32,False,GRACE F NAPOLITANO,JOSHUA M SCOTT,670354.77,5996.22,True,True,3.110556914189301,2020
HOUSE,CA,33,False,TED LIEU,JAMES P BRADLEY,3174584.51,3986.84,True,True,4.703934305845019,2020
HOUSE,CA,34,False,JIMMY GOMEZ,,1380264.25,,True,,,2020
HOUSE,CA,35,False,NORMA J TORRES,MIKE CARGILE,743504.5800000001,16138.0,True,True,2.9275142540666,2020
HOUSE,CA,36,False,RAUL RUIZ,ERIN CRUZ,3623523.92,2098.13,True,True,4.902613237488382,2020
HOUSE,CA,37,False,KAREN BASS,ERROL WEBBER,1951775.6,10190.4,True,True,4.028448993282846,2020
HOUSE,CA,38,False,LINDA T SANCHEZ,,1662856.03,,True,,,2020
HOUSE,CA,39,False,GILBERT RAY CISNEROS JR,YOUNG KIM,2925604.66,3210625.89,True,True,-0.0922122648968909,2020
HOUSE,CA,40,False,LUCILLE ROYBAL-ALLARD,C ANTONIO DELGADO,671841.74,30725.0,True,True,2.5261294468833047,2020
HOUSE,CA,41,False,MARK TAKANO,AJA SMITH,966118.88,171756.29,True,True,1.6168686304811906,2020
HOUSE,CA,42,False,"WILLIAM \""LIAM\"" O'MARA",KEN CALVERT,56911.66,1687177.7799999998,True,True,-3.039880045300348,2020
HOUSE,CA,43,False,MAXINE WATERS,JOE E COLLINS III,1837210.97,3165012.8800000004,True,True,-0.5382604790694631,2020
HOUSE,CA,44,False,NANETTE DIAZ BARRAGAN,,1504662.31,,True,,,2020
HOUSE,CA,45,False,KATIE PORTER,GREG RATHS,8606250.91,751525.52,True,True,2.408315215117994,2020
HOUSE,CA,46,False,J LUIS CORREA,JAMES S WATERS,1569850.83,6387.0,True,True,3.928141692885959,2020
HOUSE,CA,47,False,ALAN S LOWENTHAL,JOHN BRISCOE,1096130.1,,True,True,,2020
HOUSE,CA,48,False,HARLEY ROUDA,MICHELLE STEEL,4444216.47,3332859.89,True,True,0.2859092733633122,2020
HOUSE,CA,49,False,MIKE LEVIN,BRIAN MARYOTT,3883779.560000001,1733312.16,True,True,0.7988708433659482,2020
HOUSE,CA,50,False,AMMAR CAMPA-NAJJAR,DARRELL ISSA,3193447.52,0.0,True,False,4.857778560759046,2020
HOUSE,CA,51,False,JUAN VARGAS,JUAN M HIDALGO JR,738830.37,,True,True,,2020
HOUSE,CA,52,False,SCOTT H PETERS,JIM DEBELLO,3479008.3600000003,308945.0,True,True,2.3506865291398684,2020
HOUSE,CA,53,False,SARA JACOBS,,0.0,,False,,,2020
HOUSE,CO,1,False,DIANA DEGETTE,SHANE BOLLING,1065115.71,,True,True,,2020
HOUSE,CO,2,False,JOE NEGUSE,CHARLIE WINN,1236860.77,24900.0,True,True,3.230321709376307,2020
HOUSE,CO,3,False,DIANE E MITSCH BUSH,LAUREN BOEBERT,,151974.92,True,True,,2020
HOUSE,CO,4,False,IKE MCCORKLE,KEN BUCK,126504.45,673832.45,True,True,-1.5287960164751198,2020
HOUSE,CO,5,False,JILLIAN FREELAND,DOUG LAMBORN,44698.600000000006,668861.85,True,True,-2.2980926458089432,2020
HOUSE,CO,6,False,JASON CROW,STEVE HOUSE,3094573.43,808896.9099999999,True,True,1.319341764696692,2020
HOUSE,CO,7,False,ED PERLMUTTER,"CHARLES \""CASPER\"" STOCKHAM",1889986.96,41731.66,True,True,3.35678658921853,2020
HOUSE,CT,1,False,JOHN B LARSON,MARY FAY,1510938.08,1505.0,True,True,4.0595632059552775,2020
HOUSE,CT,2,False,JOE COURTNEY,JUSTIN ANDERSON,1496079.16,51733.62,True,True,2.986835392117908,2020
HOUSE,CT,3,False,ROSA L DELAURO,MARGARET STREICKER,1123883.91,648226.54,True,True,0.534464351873298,2020
HOUSE,CT,4,False,JAMES A HIMES,JONATHAN RIDDLE,3541592.46,15331.95,True,True,4.482221967138175,2020
HOUSE,CT,5,False,JAHANA HAYES,DAVID X SULLIVAN,2062144.69,234859.9,True,True,2.0834095942227666,2020
HOUSE,DC,0,False,ELEANOR HOLMES NORTON,,348308.01,,True,,,2020
HOUSE,DE,0,False,LISA BLUNT ROCHESTER,LEE MURPHY,1674487.7999999998,25436.66,True,True,3.517363898912078,2020
HOUSE,FL,1,False,PHIL EHR,MATT GAETZ,784987.95,3307691.52,True,True,-1.4145161497564798,2020
HOUSE,FL,2,False,,NEAL P DUNN,,836306.8,,True,,2020
HOUSE,FL,3,False,ADAM CHRISTENSEN,KAT CAMMACK,33388.23,492374.96,True,True,-2.181653544329378,2020
HOUSE,FL,4,False,DONNA DEEGAN,JOHN H RUTHERFORD,645857.9299999999,1178274.18,True,True,-0.5842442177648487,2020
HOUSE,FL,5,False,AL LAWSON JR,GARY ADLER,616509.78,53576.0,True,True,2.099758120160907,2020
HOUSE,FL,6,False,CLINT CURTIS,MICHAEL WALTZ,1773.08,1837249.23,True,True,-4.242143394498832,2020
HOUSE,FL,7,False,STEPHANIE N MURPHY,LEO VALENTIN,2378238.14,496472.44,True,True,1.527915906460656,2020
HOUSE,FL,8,False,JIM KENNEDY,BILL POSEY,5848.0,1162353.88,True,True,-3.6504105614885294,2020
HOUSE,FL,9,False,DARREN SOTO,"WILLIAM P \""BILL\"" OLSON",837420.76,220933.67,True,True,1.2546814067930143,2020
HOUSE,FL,10,False,VAL BUTLER DEMINGS,VENNIA FRANCOIS,1462687.39,213866.75,True,True,1.8290722408836588,2020
HOUSE,FL,11,False,DANA MARIE COTTRELL,DANIEL WEBSTER,35070.58,617689.48,True,True,-2.370141479580168,2020
HOUSE,FL,12,False,KIMBERLY WALKER,GUS M BILIRAKIS,4844.95,1264500.96,True,True,-3.765994923499015,2020
HOUSE,FL,13,False,CHARLIE CRIST,ANNA PAULINA LUNA,4050969.05,997556.32,True,True,1.382802834000463,2020
HOUSE,FL,14,False,KATHY CASTOR,CHRISTINE Y QUINN,1352816.56,56267.65,True,True,2.8305072938599567,2020
HOUSE,FL,15,False,ALAN COHN,SCOTT FRANKLIN,588919.81,587441.31,True,True,0.002411199592366,2020
HOUSE,FL,16,False,MARGARET GOOD,VERN BUCHANAN,1799164.99,3195813.37,True,True,-0.5685115844321589,2020
HOUSE,FL,17,False,ALLEN ELLISON,W GREGORY STEUBE,37972.68,,True,True,,2020
HOUSE,FL,18,False,PAM KEITH,BRIAN J MAST,282369.59,4330258.83,True,True,-2.6510884206255705,2020
HOUSE,FL,19,False,CINDY LYN BANYAI,BYRON DONALDS,85209.38,0.0,True,False,1.483506186195617,2020
HOUSE,FL,20,False,ALCEE L HASTINGS,GREG MUSSELWHITE,587652.92,24403.28,True,True,2.517781757812965,2020
HOUSE,FL,21,False,LOIS FRANKEL,LAURA LOOMER,1854687.86,1161622.45,True,True,0.4599947368764827,2020
HOUSE,FL,22,False,THEODORE E DEUTCH,"JAMES \""JIM\"" PRUDEN",1490627.83,182744.13,True,True,1.9872778631185453,2020
HOUSE,FL,23,False,DEBBIE WASSERMAN SCHULTZ,CARLA SPALDING,1998696.12,446990.95,True,True,1.455721069122623,2020
HOUSE,FL,24,False,FREDERICA S WILSON,LAVERN SPICER,613577.55,23546.76,True,True,2.576715667450084,2020
HOUSE,FL,25,False,,MARIO DIAZ-BALART,,1527821.04,,True,,2020
HOUSE,FL,26,False,DEBBIE MUCARSEL-POWELL,CARLOS GIMENEZ,4106179.1,1153399.2,True,True,1.25440595531522,2020
HOUSE,FL,27,False,DONNA E SHALALA,MARIA ELVIRA SALAZAR,2907591.21,1880681.25,True,True,0.4310468480166542,2020
HOUSE,GA,1,False,JOYCE MARIE GRIGGS,"EARL L \""BUDDY\"" CARTER",60557.6,3054322.11,True,True,-3.583274924257604,2020
HOUSE,GA,2,False,SANFORD D BISHOP JR,DON COLE,1181956.83,44015.65,True,True,2.861524163621416,2020
HOUSE,GA,3,False,VAL ALMONORD,A DREW FERGUSON IV,15123.84,1980826.25,True,True,-3.911840678241069,2020
HOUSE,GA,4,False,"HENRY C \""HANK\"" JOHNSON JR",JOHSIE CRUZ EZAMMUDEEN,483591.38,0.0,True,False,3.0127690794901514,2020
HOUSE,GA,5,False,NIKEMA WILLIAMS,ANGELA STANTON-KING,,70300.0,True,True,,2020
HOUSE,GA,6,False,LUCY MCBATH,KAREN HANDEL,5626893.5600000005,2035468.55,True,True,1.0090572239785498,2020
HOUSE,GA,7,False,CAROLYN BOURDEAUX,RICH MCCORMICK,2457350.02,1150054.19,True,True,0.7478914345262033,2020
HOUSE,GA,8,False,LINDSAY HOLLIDAY,AUSTIN SCOTT,0.0,1229908.68,True,True,-3.915942259109948,2020
HOUSE,GA,9,False,DEVIN PANDY,ANDREW CLYDE,2062.1000000000004,876980.24,True,True,-3.506458387896038,2020
HOUSE,GA,10,False,TABITHA JOHNSON-GREEN,JODY B HICE,7712.96,513422.41,True,True,-2.800872071132333,2020
HOUSE,GA,11,False,DANA BARRETT,BARRY LOUDERMILK,132822.4,824435.3500000001,True,True,-1.68310148445028,2020
HOUSE,GA,12,False,LIZ JOHNSON,RICK W ALLEN,25313.14,966060.2,True,True,-2.980509003610693,2020
HOUSE,GA,13,False,DAVID SCOTT,BECKY E HITES,1301111.96,30756.43,True,True,3.1690138615581898,2020
HOUSE,GA,14,False,KEVIN VAN AUSDAL,MARJORIE TAYLOR GREENE,18672.95,2031887.84,True,True,-3.85222044484642,2020
HOUSE,HI,1,False,ED CASE,RON CURTIS,525436.03,,True,True,,2020
HOUSE,HI,2,False,"KAIALII \""KAI\"" KAHELE",JOE AKANA,940708.91,26857.74,True,True,2.924358253103402,2020
HOUSE,IA,1,False,ABBY FINKENAUER,ASHLEY HINSON,3658528.7,2696960.51,True,True,0.3025187822039039,2020
HOUSE,IA,2,False,RITA R HART,MARIANNETTE MILLER-MEEKS,1861225.04,868375.0700000001,True,True,0.747326273495439,2020
HOUSE,IA,3,False,CYNTHIA AXNE,DAVID YOUNG,4048686.72,2070717.43,True,True,0.6646524740104398,2020
HOUSE,IA,4,False,J D SCHOLTEN,RANDY FEENSTRA,1898586.37,1248115.86,True,True,0.4127240159354835,2020
HOUSE,ID,1,False,RUDY SOTO,RUSS FULCHER,119883.0,476127.55,True,True,-1.240934139347882,2020
HOUSE,ID,2,False,C AARON SWISHER,MICHAEL K SIMPSON,39739.65,1048368.61,True,True,-2.808183373546743,2020
HOUSE,IL,1,False,BOBBY L RUSH,PHILANISE WHITE,428624.32,,True,True,,2020
HOUSE,IL,2,False,ROBIN L KELLY,THERESA J RABORN,1696010.21,,True,True,,2020
HOUSE,IL,3,False,MARIE NEWMAN,MIKE FRICILONE,2315029.81,49580.0,True,True,3.446046572836168,2020
HOUSE,IL,4,False,"JESUS G \""CHUY\"" GARCIA",JESUS SOLORIO,703037.98,755.0,True,True,3.3417244341479835,2020
HOUSE,IL,5,False,MIKE QUIGLEY,TOMMY HANSON,1674925.0699999998,,True,True,,2020
HOUSE,IL,6,False,SEAN CASTEN,JEANNE IVES,4379597.41,1597240.25,True,True,0.998840797010846,2020
HOUSE,IL,7,False,DANNY K DAVIS,CRAIG CAMERON,659313.76,,True,True,,2020
HOUSE,IL,8,False,RAJA KRISHNAMOORTHI,,9441925.09,,True,,,2020
HOUSE,IL,9,False,JANICE D SCHAKOWSKY,SARGIS SANGARI,2003247.51,5503.280000000001,True,True,4.197093184800253,2020
HOUSE,IL,10,False,BRADLEY SCOTT SCHNEIDER,VALERIE RAMIREZ MUKHERJEE,4098245.47,119186.0,True,True,3.353291734920824,2020
HOUSE,IL,11,False,BILL FOSTER,RICK LAIB,5114868.8,4485.06,True,True,5.160899138448192,2020
HOUSE,IL,12,False,RAYMOND C LENZI,MIKE BOST,81424.86,1605435.03,True,True,-2.729162951529709,2020
HOUSE,IL,13,False,BETSY DIRKSEN LONDRIGAN,RODNEY DAVIS,2964055.3200000003,3128761.76,True,True,-0.0536385588676579,2020
HOUSE,IL,14,False,LAUREN UNDERWOOD,JIM OBERWEIS,5348414.67,1914486.29,True,True,1.0190404463518548,2020
HOUSE,IL,15,False,ERIKA C WEAVER,MARY MILLER,24855.47,465128.81000000006,True,True,-2.2855400145338405,2020
HOUSE,IL,16,False,DANI BRZOZOWSKI,ADAM KINZINGER,123225.37,2730023.19,True,True,-2.922447253179046,2020
HOUSE,IL,17,False,CHERI BUSTOS,ESTHER JOY KING,5534955.95,883263.6699999999,True,True,1.811810742641223,2020
HOUSE,IL,18,False,GEORGE PETRILLI,DARIN LAHOOD,,4057615.96,True,True,,2020
HOUSE,IN,1,False,FRANK J MRVAN,MARK LEYVA,300305.54000000004,,True,True,,2020
HOUSE,IN,2,False,"PATRICIA \""PAT\"" HACKETT",JACKIE WALORSKI,486381.17,1949202.11,True,True,-1.350804359084143,2020
HOUSE,IN,3,False,CHIP COLDIRON,JIM BANKS,9402.67,854974.5800000001,True,True,-3.241758843044962,2020
HOUSE,IN,4,False,JOE MACKEY,JAMES R BAIRD,16510.62,415997.94,True,True,-2.3630909061207563,2020
HOUSE,IN,5,False,CHRISTINA HALE,VICTORIA SPARTZ,1475301.99,1364790.68,True,True,0.0765132686365962,2020
HOUSE,IN,6,False,JEANNINE LEE LAKE,GREG PENCE,0.0,2375819.29,False,True,-4.564689504047403,2020
HOUSE,IN,7,False,ANDRE CARSON,SUSAN MARIE SMITH,1626211.64,32366.76,True,True,3.3597995831718714,2020
HOUSE,IN,8,False,E THOMASINA MARSILI,LARRY BUCSHON,37395.0,969665.2,True,True,-2.7689210541638056,2020
HOUSE,IN,9,False,ANDY RUFF,TREY HOLLINGSWORTH,49372.75,981038.31,True,True,-2.604685820138187,2020
HOUSE,KS,1,False,KALI BARNETT,TRACEY MANN,341316.06,759705.64,True,True,-0.7618121539002745,2020
HOUSE,KS,2,False,MICHELLE DE LA ISLA,JAKE LATURNER,716460.6000000001,775620.46,True,True,-0.0767649774348848,2020
HOUSE,KS,3,False,SHARICE DAVIDS,AMANDA L ADKINS,3875938.8,970034.85,True,True,1.366194759427683,2020
HOUSE,KS,4,False,LAURA LOMBARD,RON ESTES,98502.47,1851445.7,True,True,-2.7208735254378427,2020
HOUSE,KY,1,False,JAMES RHODES,JAMES COMER,,614425.35,True,True,,2020
HOUSE,KY,2,False,HANK LINDERMAN,BRETT GUTHRIE,63032.44,3150598.52,True,True,-3.5855460208850385,2020
HOUSE,KY,3,False,JOHN A YARMUTH,RHONDA PALAZZO,732570.75,10637.5,True,True,3.056718478123221,2020
HOUSE,KY,4,False,ALEXANDRA OWENSBY,THOMAS MASSIE,59013.5,1513568.8099999998,True,True,-2.907630418927941,2020
HOUSE,KY,5,False,MATTHEW RYAN BEST,HAROLD ROGERS,,1482532.59,True,True,,2020
HOUSE,KY,6,False,JOSH HICKS,ANDY BARR,1366243.48,3223535.75,True,True,-0.8480064191935881,2020
HOUSE,LA,1,False,LEE ANN DUGAS,STEVE SCALISE,0.0,29170251.9,False,True,-7.062885544001973,2020
HOUSE,LA,2,False,CEDRIC L RICHMOND,DAVID M SCHILLING,1573114.6,0.0,True,False,4.157704013529951,2020
HOUSE,LA,3,False,BRAYLON HARRIS,CLAY HIGGINS,,693092.61,True,True,,2020
HOUSE,LA,4,False,KENNY HOUSTON,MIKE JOHNSON,2298.0,1321520.74,True,True,-3.898465875595425,2020
HOUSE,LA,5,False,"SANDRA \""CANDY\"" CHRISTOPHE",LUKE J LETLOW,22322.03,572609.0,True,True,-2.5359607563478503,2020
HOUSE,LA,6,False,"DARTANYON \""DAW\"" WILLIAMS",GARRET GRAVES,27629.57,2830446.51,True,True,-3.993705376571207,2020
HOUSE,MA,1,False,RICHARD E NEAL,,7254755.62,,True,,,2020
HOUSE,MA,2,False,JAMES P MCGOVERN,TRACY LYN LOVVORN,1230638.8,16190.18,True,True,3.4171998476202043,2020
HOUSE,MA,3,False,LORI TRAHAN,,1918088.03,,True,,,2020
HOUSE,MA,4,False,JAKE AUCHINCLOSS,JULIE A HALL,1744216.99,45328.600000000006,True,True,3.2251138051934447,2020
HOUSE,MA,5,False,KATHERINE M CLARK,CAROLINE COLARUSSO,2703215.2,63772.0,True,True,3.425331616522061,2020
HOUSE,MA,6,False,SETH MOULTON,JOHN PAUL MORAN,1973620.99,154600.69,True,True,2.4094767189926425,2020
HOUSE,MA,7,False,AYANNA PRESSLEY,,1907691.87,,True,,,2020
HOUSE,MA,8,False,STEPHEN F LYNCH,,2142038.04,,True,,,2020
HOUSE,MA,9,False,WILLIAM R KEATING,HELEN BRADY,2004759.43,3177.2000000000003,True,True,4.27715941733935,2020
HOUSE,MD,1,False,MIA MASON,ANDY HARRIS,0.0,1893027.46,True,True,-4.340176747469568,2020
HOUSE,MD,2,False,C A DUTCH RUPPERSBERGER,JOHNNY RAY SALLING,1884521.09,28100.3,True,True,3.5824251734312496,2020
HOUSE,MD,3,False,JOHN P SARBANES,CHARLES ANTHONY,1711768.24,,True,True,,2020
HOUSE,MD,4,False,ANTHONY G BROWN,GEORGE E MCDERMOTT,1600097.1,0.0,True,False,4.174447021956601,2020
HOUSE,MD,5,False,STENY H HOYER,CHRIS PALOMBI,4420106.09,8696.130000000001,True,True,4.882176020960964,2020
HOUSE,MD,6,False,DAVID J TRONE,NEIL C PARROTT,2925819.8600000003,225053.56,True,True,2.468163194449566,2020
HOUSE,MD,7,False,KWEISI MFUME,KIMBERLY KLACIK,273885.66000000003,296943.65,True,True,-0.0743154380027862,2020
HOUSE,MD,8,False,JAMIE RASKIN,GREGORY THOMAS COLL,2217681.85,6886.6,True,True,4.253241824331962,2020
HOUSE,ME,1,False,CHELLIE PINGREE,JAY T ALLEN,586970.85,21123.77,True,True,2.5853562153205303,2020
HOUSE,ME,2,False,JARED F GOLDEN,DALE JOHN CRAFTS,3063108.91,335671.53,True,True,2.147346524369361,2020
HOUSE,MI,1,False,DANA FERGUSON,JACK BERGMAN,118327.61000000002,1410758.5699999998,True,True,-2.30431561974263,2020
HOUSE,MI,2,False,BRYAN BERGHOEF,BILL HUIZENGA,452506.25,1845633.05,True,True,-1.3654549331318842,2020
HOUSE,MI,3,False,HILLARY SCHOLTEN,PETER MEIJER,1066023.77,1507967.55,True,True,-0.340088938055852,2020
HOUSE,MI,4,False,JERRY HILLIARD,JOHN R MOOLENAAR,45524.94,1210343.5,True,True,-2.8631379419152365,2020
HOUSE,MI,5,False,DANIEL T KILDEE,TIM KELLY,1886652.35,24376.67,True,True,3.656245206331194,2020
HOUSE,MI,6,False,JON HOADLEY,FRED UPTON,1375697.74,2299524.15,True,True,-0.5065448532429849,2020
HOUSE,MI,7,False,GRETCHEN D DRISKELL,TIM WALBERG,834352.12,1908292.7800000005,True,True,-0.8108011752838247,2020
HOUSE,MI,8,False,ELISSA SLOTKIN,PAUL JUNGE,6296439.43,780147.14,True,True,2.0606771757948468,2020
HOUSE,MI,9,False,ANDY LEVIN,CHARLES J LANGWORTHY,1036879.24,0.0,True,False,3.748919660487046,2020
HOUSE,MI,10,False,KIMBERLY BIZON,LISA MCCLAIN,35901.94,1772125.0,True,True,-3.38467841503346,2020
HOUSE,MI,11,False,HALEY M STEVENS,ERIC S ESSHAKI,4199214.07,417749.56000000006,True,True,2.255584220679066,2020
HOUSE,MI,12,False,DEBBIE DINGELL,JEFF JONES,1753932.2,,True,True,,2020
HOUSE,MI,13,False,RASHIDA TLAIB,DAVID DUDENHOEFER,3250353.29,0.0,True,False,4.875305192192244,2020
HOUSE,MI,14,False,BRENDA L LAWRENCE,ROBERT VANCE PATRICK,1386456.51,11584.05,True,True,3.652765082952593,2020
HOUSE,MN,1,False,DAN FEEHAN,JIM HAGEDORN,2402456.97,1719608.86,True,True,0.330313813438507,2020
HOUSE,MN,2,False,ANGIE CRAIG,TYLER KISTNER,4014810.58,1086520.58,True,True,1.290468834964983,2020
HOUSE,MN,3,False,DEAN PHILLIPS,KENDALL QUALLS,1693854.41,864628.06,True,True,0.6586098419411238,2020
HOUSE,MN,4,False,BETTY MCCOLLUM,GENE RECHTZIGEL,884107.94,100.0,True,True,3.5895959868645946,2020
HOUSE,MN,5,False,ILHAN OMAR,LACY JOHNSON,4492049.5,4271443.28,True,True,0.0500714789722974,2020
HOUSE,MN,6,False,TAWNJA ZAHRADKA,TOM EMMER,34050.75,2369617.4,True,True,-3.702581503942154,2020
HOUSE,MN,7,False,COLLIN C PETERSON,MICHELLE FISCHBACH,1865893.8,1006507.29,True,True,0.6060285064559428,2020
HOUSE,MN,8,False,QUINN NYSTROM,PETE STAUBER,512528.27,2071930.91,True,True,-1.3612487293243465,2020
HOUSE,MO,1,False,CORI BUSH,ANTHONY ROGERS,569051.83,,True,True,,2020
HOUSE,MO,2,False,JILL SCHUPP,ANN WAGNER,2063609.72,4449628.79,True,True,-0.7619247574432207,2020
HOUSE,MO,3,False,MEGAN REZABEK,BLAINE LUETKEMEYER,0.0,3827114.78,False,True,-5.0375017451136666,2020
HOUSE,MO,4,False,LINDSEY SIMMONS,VICKY HARTZLER,176799.31,1625776.06,True,True,-2.101727107026958,2020
HOUSE,MO,5,False,EMANUEL CLEAVER,RYAN DERKS,1544418.7000000002,19268.65,True,True,3.568183823416648,2020
HOUSE,MO,6,False,GENA L ROSS,SAM GRAVES,,2108109.3200000003,True,True,,2020
HOUSE,MO,7,False,TERESA MONTSENY,BILLY LONG,,1913756.47,True,True,,2020
HOUSE,MO,8,False,KATHY ELLIS,JASON SMITH,,2549037.3600000003,True,True,,2020
HOUSE,MS,1,False,ANTONIA ELIASON,TRENT KELLY,12703.0,830363.98,True,True,-3.1217874190665142,2020
HOUSE,MS,2,False,BENNIE G THOMPSON,BRIAN FLOWERS,2308576.26,,True,True,,2020
HOUSE,MS,3,False,"DOROTHY \""DOT\"" BENFORD",MICHAEL GUEST,,701722.27,True,True,,2020
HOUSE,MS,4,False,,STEVEN M PALAZZO,,916908.63,,True,,2020
HOUSE,MT,0,False,KATHLEEN WILLIAMS,MATT ROSENDALE,2430908.03,2364076.0700000003,True,True,0.0275898529037978,2020
HOUSE,NC,1,False,G K BUTTERFIELD,SANDY SMITH,1167859.38,1030474.12,True,True,0.1223631964343759,2020
HOUSE,NC,2,False,DEBORAH K ROSS,ALAN D SWAIN,1343932.6800000002,53867.130000000005,True,True,2.854022111746098,2020
HOUSE,NC,3,False,DARYL FARROW,GREGORY F MURPHY,,521698.48,True,True,,2020
HOUSE,NC,4,False,DAVID E PRICE,ROBERT THOMAS,970203.12,0.0,True,False,3.684071032160032,2020
HOUSE,NC,5,False,DAVID WILSON BROWN,VIRGINIA FOXX,36232.11,4033509.18,True,True,-4.193899262990065,2020
HOUSE,NC,6,False,KATHY MANNING,LEE HAYWOOD,1561197.02,12653.44,True,True,3.7406703010096334,2020
HOUSE,NC,7,False,CHRISTOPHER M WARD,DAVID ROUZER,,2138391.1,True,True,,2020
HOUSE,NC,8,False,PATRICIA TIMMONS-GOODSON,RICHARD HUDSON,1076414.63,2911810.43,True,True,-0.980728723826522,2020
HOUSE,NC,9,False,CYNTHIA L WALLACE,DAN BISHOP,252210.53,1203262.37,True,True,-1.4885784886303648,2020
HOUSE,NC,10,False,DAVID PARKER,PATRICK T MCHENRY,4475.58,3682579.14,True,True,-4.834572295781906,2020
HOUSE,NC,11,False,MOE DAVIS,MADISON CAWTHORN,493434.64,803058.0,True,True,-0.4682692364478736,2020
HOUSE,NC,12,False,ALMA S ADAMS,,778007.5800000001,,True,,,2020
HOUSE,NC,13,False,SCOTT HUFFMAN,TED BUDD,40621.25,1904093.68,True,True,-3.380905999327416,2020
HOUSE,ND,0,False,ZACH RAKNERUD,KELLY ARMSTRONG,6408.0,1050781.25,True,True,-3.533739783263024,2020
HOUSE,NE,1,False,KATE BOLZ,JEFF FORTENBERRY,551293.6799999999,2655292.69,True,True,-1.5370638883562084,2020
HOUSE,NE,2,False,KARA EASTMAN,DON BACON,1555507.7000000002,2448286.11,True,True,-0.4478015507993356,2020
HOUSE,NE,3,False,MARK ELWORTH JR,ADRIAN SMITH,108.79,1853748.43,True,True,-4.315143121369329,2020
HOUSE,NH,1,False,CHRIS PAPPAS,MATT MOWERS,2398677.72,693497.23,True,True,1.2158795342970397,2020
HOUSE,NH,2,False,ANN M KUSTER,STEVEN NEGRON,3669987.04,468108.42,True,True,2.0140032572054825,2020
HOUSE,NJ,1,False,DONALD NORCROSS,CLAIRE H GUSTAFSON,2560461.68,35214.53,True,True,3.759745685290801,2020
HOUSE,NJ,2,False,AMY KENNEDY,JEFFERSON VAN DREW,1542202.43,2760949.23,True,True,-0.5752965137494359,2020
HOUSE,NJ,3,False,ANDY KIM,DAVID RICHTER,4649115.76,807564.25,True,True,1.7252848855333769,2020
HOUSE,NJ,4,False,STEPHANIE SCHMID,CHRISTOPHER H SMITH,477443.8000000001,1066202.16,True,True,-0.7755514736768163,2020
HOUSE,NJ,5,False,JOSH GOTTHEIMER,FRANK T PALLOTTA,9861198.9,693204.3200000001,True,True,2.622140916213739,2020
HOUSE,NJ,6,False,FRANK PALLONE JR,CHRISTIAN ONUOHA,4611260.11,0.0,True,False,5.222787484574905,2020
HOUSE,NJ,7,False,TOM MALINOWSKI,THOMAS H KEAN JR,4420035.25,2112985.43,True,True,0.7319238013936767,2020
HOUSE,NJ,8,False,ALBIO SIRES,JASON TODD MUSHNICK,562332.44,0.0,True,False,3.156715171959793,2020
HOUSE,NJ,9,False,BILL PASCRELL JR,BILLY PREMPEH,2887574.5300000003,3768.0,True,True,4.617529028956906,2020
HOUSE,NJ,10,False,DONALD M PAYNE JR,JENNIFER ZINONE,447415.13,,True,True,,2020
HOUSE,NJ,11,False,MIKIE SHERRILL,ROSEMARY BECCHI,5149968.44,840247.19,True,True,1.7885732846703646,2020
HOUSE,NJ,12,False,BONNIE WATSON COLEMAN,MARK RAZZOLI,734444.55,3065.2,True,True,3.298056936129626,2020
HOUSE,NM,1,False,DEBRA A HAALAND,MICHELLE GARCIA HOLMES,1572302.88,212927.34,True,True,1.9041064528948288,2020
HOUSE,NM,2,False,XOCHITL TORRES SMALL,YVETTE HERRELL,4971973.09,1515975.41,True,True,1.1764167480764356,2020
HOUSE,NM,3,False,TERESA LEGER FERNANDEZ,ALEXIS M JOHNSON,1624376.26,21111.12,True,True,3.5770983355174817,2020
HOUSE,NV,1,False,DINA TITUS,JOYCE BENTLEY,813197.6799999999,0.0,True,False,3.512378142783101,2020
HOUSE,NV,2,False,PATRICIA ACKERMAN,MARK E AMODEI,118367.22,954218.43,True,True,-1.9213454223861923,2020
HOUSE,NV,3,False,SUSIE LEE,"DAN \""BIG DAN\"" RODIMER",3350461.97,865979.02,True,True,1.3319665933227134,2020
HOUSE,NV,4,False,STEVEN HORSFORD,JIM MARCHANT,2554129.22,623994.15,True,True,1.3797834065219112,2020
HOUSE,NY,1,False,NANCY S GOROFF,LEE M ZELDIN,2682497.83,5093587.77,True,True,-0.6368536764171965,2020
HOUSE,NY,2,False,JACKIE GORDON,ANDREW R GARBARINO,1753474.31,488566.0,True,True,1.2421325957198368,2020
HOUSE,NY,3,False,THOMAS R SUOZZI,GEORGE AD SANTOS,3644198.09,145486.0,True,True,3.069075231170633,2020
HOUSE,NY,4,False,KATHLEEN M RICE,DOUGLAS L TUMAN,1066680.52,28982.75,True,True,3.006808998310475,2020
HOUSE,NY,5,False,GREGORY W MEEKS,,1712724.93,,True,,,2020
HOUSE,NY,6,False,GRACE MENG,THOMAS J ZMICH,2115987.26,106965.0,True,True,2.786485602169212,2020
HOUSE,NY,7,False,NYDIA M VELAZQUEZ,BRIAN W KELLY,859827.81,0.0,True,False,3.566517236237758,2020
HOUSE,NY,8,False,HAKEEM S JEFFRIES,GARFIELD H WALLACE,4769097.07,0.0,True,False,5.256264838148087,2020
HOUSE,NY,9,False,YVETTE D CLARKE,CONSTANTINE JEAN-PIERRE,1061750.83,,True,True,,2020
HOUSE,NY,10,False,JERROLD L NADLER,CATHY A BERNSTEIN,2141498.6,12269.79,True,True,4.062684516059535,2020
HOUSE,NY,11,False,MAX N ROSE,NICOLE MALLIOTAKIS,6141982.63,1771354.69,True,True,1.2334502401550895,2020
HOUSE,NY,12,False,CAROLYN B MALONEY,CARLOS SANTIAGO-CANO,2611090.34,,True,True,,2020
HOUSE,NY,13,False,ADRIANO ESPAILLAT,LOVELYNN GWINN,797562.64,6163.0,True,True,3.2731931441476108,2020
HOUSE,NY,14,False,ALEXANDRIA OCASIO-CORTEZ,JOHN C CUMMINGS,13232465.62,3291274.06,True,True,1.3857189551503757,2020
HOUSE,NY,15,False,RITCHIE TORRES,PATRICK DELICES,1715457.27,,True,True,,2020
HOUSE,NY,16,False,JAMAAL BOWMAN,,2341960.53,,True,,,2020
HOUSE,NY,17,False,MONDAIRE JONES,MAUREEN MCARDLE SCHULMAN,1711914.95,12261.74,True,True,3.841898738355903,2020
HOUSE,NY,18,False,SEAN PATRICK MALONEY,CHELE C FARLEY,2142611.97,872542.97,True,True,0.8817203692596146,2020
HOUSE,NY,19,False,ANTONIO DELGADO,KYLE VAN DE WATER,4524337.109999999,20913.76,True,True,4.595971956945381,2020
HOUSE,NY,20,False,PAUL D TONKO,ELIZABETH L JOY,1791532.0,218041.63,True,True,2.011451722261248,2020
HOUSE,NY,21,False,TEDRA L COBB,ELISE M STEFANIK,3996081.27,8320189.709999999,True,True,-0.7301344511275855,2020
HOUSE,NY,22,False,ANTHONY J BRINDISI,CLAUDIA TENNEY,3826806.61,1166512.46,True,True,1.173318812678684,2020
HOUSE,NY,23,False,TRACY MITRANO,TOM REED,887211.0800000001,2700104.86,True,True,-1.0943907764279823,2020
HOUSE,NY,24,False,DANA BALTER,JOHN M KATKO,1221940.56,2546416.0,True,True,-0.7237637207775498,2020
HOUSE,NY,25,False,JOSEPH D MORELLE,GEORGE MITRIS,1243700.47,51723.880000000005,True,True,2.80553540079397,2020
HOUSE,NY,26,False,BRIAN HIGGINS,RICKY T DONOVAN SR,1878572.71,,True,True,,2020
HOUSE,NY,27,False,NATHAN D MCMURRAY,CHRIS JACOBS,869183.23,1599843.45,True,True,-0.5972560422311263,2020
HOUSE,OH,1,False,KATE SCHRODER,STEVE CHABOT,1434401.02,2085527.45,True,True,-0.3689118012859208,2020
HOUSE,OH,2,False,JAIME M CASTLE,BRAD R WENSTRUP,124641.26,1693751.88,True,True,-2.4411128255794687,2020
HOUSE,OH,3,False,JOYCE BEATTY,MARK F RICHARDSON,3308333.68,,True,True,,2020
HOUSE,OH,4,False,SHANNON M FRESHOUR,JIM JORDAN,0.0,10185731.45,False,True,-6.012318724272931,2020
HOUSE,OH,5,False,NICK RUBANDO,ROBERT E LATTA,148568.78,1803008.37,True,True,-2.3544083834345773,2020
HOUSE,OH,6,False,SHAWNA ROBERTS,BILL JOHNSON,,2356535.66,True,True,,2020
HOUSE,OH,7,False,QUENTIN POTTER,BOB GIBBS,,783685.91,True,True,,2020
HOUSE,OH,8,False,VANESSA ENOCH,WARREN DAVIDSON,24244.38,1115145.45,True,True,-3.1421158715374804,2020
HOUSE,OH,9,False,MARCY KAPTUR,ROB WEBER,1455409.79,88986.2,True,True,2.563996825132226,2020
HOUSE,OH,10,False,DESIREE TIMS,MICHAEL R TURNER,610402.59,1257754.74,True,True,-0.7025063870017726,2020
HOUSE,OH,11,False,MARCIA L FUDGE,LAVERNE GORE,1501818.1800000002,21678.87,True,True,3.487649628301163,2020
HOUSE,OH,12,False,ALAINA SHEARER,TROY BALDERSON,456311.77,1414820.13,True,True,-1.095758244433781,2020
HOUSE,OH,13,False,TIM RYAN,CHRISTINA M HAGAN,1070923.25,228831.04,True,True,1.462683588857112,2020
HOUSE,OH,14,False,HILLARY O'CONNOR MUERI,DAVID P JOYCE,354733.15,2519720.46,True,True,-1.9023073148575445,2020
HOUSE,OH,15,False,JOEL NEWBY,STEVE STIVERS,13451.82,2952067.98,True,True,-4.3492881667922365,2020
HOUSE,OH,16,False,AARON PAUL GODFREY,ANTHONY GONZALEZ,15812.38,1923289.88,True,True,-3.865721815409745,2020
HOUSE,OK,1,False,KOJO ASAMOA-CAESAR,KEVIN HERN,74500.41,1036546.16,True,True,-2.367320001072303,2020
HOUSE,OK,2,False,DANYELL LANIER,MARKWAYNE MULLIN,17919.34,1368557.81,True,True,-3.4802927913318986,2020
HOUSE,OK,3,False,ZOE MIDYETT,FRANK D LUCAS,,1104932.27,True,True,,2020
HOUSE,OK,4,False,MARY BRANNON,TOM COLE,7711.04,2592629.08,True,True,-4.382311620156827,2020
HOUSE,OK,5,False,KENDRA S HORN,STEPHANIE BICE,3863791.71,1463350.87,True,True,0.9604297866381292,2020
HOUSE,OR,1,False,SUZANNE BONAMICI,CHRISTOPHER C CHRISTENSEN,1279445.64,,True,True,,2020
HOUSE,OR,2,False,ALEX SPENSER,CLIFF BENTZ,,637649.96,True,True,,2020
HOUSE,OR,3,False,EARL BLUMENAUER,JOANNA HARBOUR,2367508.72,7090.0,True,True,4.311553312921795,2020
HOUSE,OR,4,False,PETER A DEFAZIO,ALEK SKARLATOS,3167772.2,1273259.43,True,True,0.8998651002835049,2020
HOUSE,OR,5,False,KURT SCHRADER,AMY RYAN COURSER,3904263.08,12353.56,True,True,4.655778954202076,2020
HOUSE,PA,1,False,CHRISTINA FINELLO,BRIAN K FITZPATRICK,511463.41,3074078.43,True,True,-1.7538617071912406,2020
HOUSE,PA,2,False,BRENDAN F BOYLE,DAVID TORRES,1756355.87,,True,True,,2020
HOUSE,PA,3,False,DWIGHT EVANS,MICHAEL HARVEY,766836.25,0.0,True,False,3.455478790518948,2020
HOUSE,PA,4,False,MADELEINE DEAN CUNNANE,KATHY BARNETTE,1207683.31,137720.77,True,True,2.024912960736608,2020
HOUSE,PA,5,False,MARY GAY SCANLON,DASHA PRUETT,1220624.58,18923.5,True,True,3.34494286941462,2020
HOUSE,PA,6,False,CHRISSY J HOULAHAN,JOHN WILLIAM EMMONS,3789835.27,542813.37,True,True,1.904859972446659,2020
HOUSE,PA,7,False,SUSAN ELLIS WILD,LISA SCHELLER,2962486.63,1850885.03,True,True,0.4653518778759429,2020
HOUSE,PA,8,False,MATTHEW ALTON CARTWRIGHT,JAMES ROCCO BOGNET,3084119.02,555054.9,True,True,1.6789719374985586,2020
HOUSE,PA,9,False,GARY STEVEN WEGMAN,DANIEL PHILIP MEUSER,77303.23,783272.04,True,True,-2.0669574387626723,2020
HOUSE,PA,10,False,EUGENE A DEPASQUALE,SCOTT G PERRY,1663197.38,1990021.04,True,True,-0.1769683164140203,2020
HOUSE,PA,11,False,SARAH E HAMMOND,LLOYD K SMUCKER,7365.87,997352.16,True,True,-3.4527568181401733,2020
HOUSE,PA,12,False,LEE GRIFFIN,FREDERICK B KELLER,2888.34,722189.2,True,True,-3.288109752521732,2020
HOUSE,PA,13,False,RAYMOND TODD ROWLEY,JOHN JOYCE,7252.280000000001,865840.11,True,True,-3.318576222894368,2020
HOUSE,PA,14,False,WILLIAM A MARX,GUY RESCHENTHALER,26633.23,1445312.94,True,True,-3.3490650840083096,2020
HOUSE,PA,15,False,ROBERT M WILLIAMS,GLENN W THOMPSON JR,0.0,1513965.31,False,True,-4.119989768105849,2020
HOUSE,PA,16,False,KRISTY MARIE GNIBUS,GEORGE J KELLY JR,199070.17,1814851.57,True,True,-2.105480917142616,2020
HOUSE,PA,17,False,CONOR J LAMB,RICHARD SEAN PARNELL,2598837.14,1188717.24,True,True,0.7709500540789799,2020
HOUSE,PA,18,False,MICHAEL F DOYLE JR,LUKE EDISON NEGRON,1034092.98,11010.37,True,True,3.381361189026742,2020
HOUSE,RI,1,False,DAVID N CICILLINE,,2213055.12,,True,,,2020
HOUSE,RI,2,False,JAMES R LANGEVIN,ROBERT B LANCIA,1987972.4,27109.54,True,True,3.654019673264681,2020
HOUSE,SC,1,False,JOE CUNNINGHAM,NANCY MACE,4474682.72,1910869.73,True,True,0.8434501892566049,2020
HOUSE,SC,2,False,ADAIR FORD BOROUGHS,JOE WILSON,1239712.58,1250120.92,True,True,-0.0081961264517897,2020
HOUSE,SC,3,False,HOSEA CLEVELAND,JEFF DUNCAN,1797.7,1301400.91,True,True,-3.9019084075098815,2020
HOUSE,SC,4,False,KIM NELSON,WILLIAM R TIMMONS IV,97775.9,1081479.01,True,True,-2.1985774472057904,2020
HOUSE,SC,5,False,MOE BROWN,RALPH NORMAN,253270.95,1286185.86,True,True,-1.550091964031881,2020
HOUSE,SC,6,False,JAMES E CLYBURN,JOHN MCCOLLUM,3322198.95,,True,True,,2020
HOUSE,SC,7,False,MELISSA WARD WATSON,TOM RICE,60350.15,2230740.92,True,True,-3.2744715588896014,2020
HOUSE,SD,0,False,,DUSTY JOHNSON,,1663072.64,,True,,2020
HOUSE,TN,1,False,BLAIR WALSINGHAM,DIANA HARSHBARGER,40516.39,1476447.0,True,True,-3.1318842484183134,2020
HOUSE,TN,2,False,RENEE HOYOS,TIM BURCHETT,493983.09,1299456.88,True,True,-0.9368864517539468,2020
HOUSE,TN,3,False,MEG GORMAN,"CHARLES J \""CHUCK\"" FLEISCHMANN",42379.17,2061264.82,True,True,-3.43279465889847,2020
HOUSE,TN,4,False,CHRISTOPHER J HALE,SCOTT DESJARLAIS,112195.8,611453.15,True,True,-1.5345017070541789,2020
HOUSE,TN,5,False,JIM COOPER,,1395329.79,,True,,,2020
HOUSE,TN,6,False,CHRISTOPHER MARTIN FINLEY,JOHN W ROSE,,990315.44,True,True,,2020
HOUSE,TN,7,False,KIRAN SREEPADA,MARK E GREEN,129940.95,1058128.16,True,True,-1.944564501359081,2020
HOUSE,TN,8,False,ERIKA STOTTS PEARSON,DAVID KUSTOFF,2173.99,1541882.04,True,True,-4.054582696118768,2020
HOUSE,TN,9,False,STEVE COHEN,CHARLOTTE BERGMANN,1513266.22,0.0,True,False,4.119535405146668,2020
HOUSE,TX,1,False,HANK GILBERT,LOUIE GOHMERT,245146.44,537678.15,True,True,-0.7337436127082129,2020
HOUSE,TX,2,False,SIMA LADJEVARDIAN,DAN CRENSHAW,1674680.71,9484138.76,True,True,-1.721812895166993,2020
HOUSE,TX,3,False,LULU SEIKALY,VAN TAYLOR,409531.94,2374510.5300000003,True,True,-1.7087505979178312,2020
HOUSE,TX,4,False,RUSSELL FOSTER,PAT FALLON,,0.0,True,True,,2020
HOUSE,TX,5,False,CAROLYN SALTER,LANCE GOODEN,139329.23,1553960.9600000002,True,True,-2.2626503739520043,2020
HOUSE,TX,6,False,STEPHEN DANIEL,RON WRIGHT,328097.72000000003,605726.08,True,True,-0.5801268178754698,2020
HOUSE,TX,7,False,LIZZIE FLETCHER,WESLEY HUNT,4572574.09,3163447.34,True,True,0.3659947216126759,2020
HOUSE,TX,8,False,ELIZABETH HERNANDEZ,KEVIN BRADY,,3616649.68,True,True,,2020
HOUSE,TX,9,False,AL GREEN,JOHNNY TEAGUE,639592.03,11307.26,True,True,2.907155642399371,2020
HOUSE,TX,10,False,MIKE SIEGEL,MICHAEL T MCCAUL,951630.57,2608125.55,True,True,-0.9918183879949112,2020
HOUSE,TX,11,False,JON MARK HOGG,AUGUST PFLUGER,65919.67,1750303.48,True,True,-2.9717502925296007,2020
HOUSE,TX,12,False,LISA WELCH,KAY GRANGER,65914.83,3597887.43,True,True,-3.685103485285525,2020
HOUSE,TX,13,False,GUS TRUJILLO,RONNY JACKSON,,943073.36,True,True,,2020
HOUSE,TX,14,False,ADRIENNE BELL,RANDY K WEBER SR,,1120799.35,True,True,,2020
HOUSE,TX,15,False,VICENTE GONZALEZ,MONICA DE LA CRUZ-HERNANDEZ,1989476.88,241612.18,True,True,2.022319734649673,2020
HOUSE,TX,16,False,VERONICA ESCOBAR,IRENE ARMENDARIZ-JACKSON,1055511.99,5528.0,True,True,3.5665459773339805,2020
HOUSE,TX,17,False,RICK KENNEDY,PETE SESSIONS,106076.22,1659237.6,True,True,-2.553289291422648,2020
HOUSE,TX,18,False,SHEILA JACKSON LEE,WENDELL CHAMPION,765163.8899999999,116915.45,True,True,1.7170089219096565,2020
HOUSE,TX,19,False,TOM WATSON,JODEY C ARRINGTON,23497.77,2333511.09,True,True,-3.884267987349544,2020
HOUSE,TX,20,False,JOAQUIN CASTRO,MAURO GARZA,655612.37,177829.47,True,True,1.2106273602996265,2020
HOUSE,TX,21,False,WENDY R DAVIS,CHIP ROY,4467270.720000001,2910001.81,True,True,0.4256502322268614,2020
HOUSE,TX,22,False,SRI PRESTON KULKARNI,TROY NEHLS,2544200.62,517303.01,True,True,1.555525182438913,2020
HOUSE,TX,23,False,GINA ORTIZ JONES,TONY GONZALES,4447239.62,1216874.24,True,True,1.2812675943612208,2020
HOUSE,TX,24,False,CANDACE VALENZUELA,BETH VAN DUYNE,1119403.63,1451436.31,True,True,-0.2547476313207267,2020
HOUSE,TX,25,False,JULIE OLIVER,ROGER WILLIAMS,681850.8200000001,2541291.1,True,True,-1.289397344403077,2020
HOUSE,TX,26,False,CAROL H IANNUZZI,MICHAEL C BURGESS,84645.75,1694469.71,True,True,-2.75251649970844,2020
HOUSE,TX,27,False,"RICARDO \""RICK\"" DE LA FUENTE",MICHAEL CLOUD,1153183.84,856820.26,True,True,0.2897411647644477,2020
HOUSE,TX,28,False,HENRY CUELLAR,SANDRA WHITTEN,4844680.359999999,3546.12,True,True,5.139262554485607,2020
HOUSE,TX,29,False,SYLVIA R GARCIA,JAIMY Z BLANCO,783282.69,4378.27,True,True,3.3146565757766493,2020
HOUSE,TX,30,False,EDDIE BERNICE JOHNSON,TRE PENNIE,745314.9199999999,36511.72,True,True,2.527571692486147,2020
HOUSE,TX,31,False,DONNA IMAM,JOHN R CARTER,449274.44,1921415.14,True,True,-1.4119584284135172,2020
HOUSE,TX,32,False,COLIN Z ALLRED,GENEVIEVE COLLINS,4071588.57,2623853.82,True,True,0.4360275455825587,2020
HOUSE,TX,33,False,MARC A VEASEY,FABIAN CORDOVA VASQUEZ,1687984.4500000002,21693.49,True,True,3.6023876661119103,2020
HOUSE,TX,34,False,FILEMON VELA,REY GONZALEZ,1360686.5,1720.0,True,True,3.9485386150202895,2020
HOUSE,TX,35,False,LLOYD DOGGETT,JENNY GARCIA SHARON,5324871.92,,True,True,,2020
HOUSE,TX,36,False,RASHAD LEWIS,BRIAN BABIN,5821.1,1857246.82,True,True,-4.112021938896686,2020
HOUSE,UT,1,False,DARREN PARRY,BLAKE DAVID MOORE,18121.85,410654.72,True,True,-2.312820173798547,2020
HOUSE,UT,2,False,KAEL WESTON,CHRIS STEWART,156339.8,866669.75,True,True,-1.5927232092832706,2020
HOUSE,UT,3,False,DEVIN D THORPE,JOHN R CURTIS,99541.04,814595.84,True,True,-1.9082853330537228,2020
HOUSE,UT,4,False,BEN MCADAMS,BURGESS OWENS,3592167.1,766971.24,True,True,1.518921351368255,2020
HOUSE,VA,1,False,QASIM RASHID,ROBERT J WITTMAN,590878.14,1649950.3199999998,True,True,-1.0004896648295036,2020
HOUSE,VA,2,False,ELAINE G LURIA,SCOTT W TAYLOR,4052973.24,815039.62,True,True,1.5799063316809407,2020
HOUSE,VA,3,False,"ROBERT C \""BOBBY\"" SCOTT",JOHN W COLLICK JR,679563.67,49181.32,True,True,2.2510663369514448,2020
HOUSE,VA,4,False,A DONALD MCEACHIN,LEON BENJAMIN SR,914299.31,189817.74,True,True,1.475344234731765,2020
HOUSE,VA,5,False,B CAMERON WEBB,"ROBERT G \""BOB\"" GOOD",1364315.47,262031.55,True,True,1.5769742971655147,2020
HOUSE,VA,6,False,NICHOLAS A BETTS,BEN CLINE,11366.37,649655.47,True,True,-2.9205576992676185,2020
HOUSE,VA,7,False,ABIGAIL DAVIS SPANBERGER,NICK J FREITAS,5352859.07,1030891.96,True,True,1.6279044831505085,2020
HOUSE,VA,8,False,DONALD S BEYER JR,JEFF A JORDAN,2411245.38,26886.7,True,True,3.849150859174141,2020
HOUSE,VA,9,False,,H MORGAN GRIFFITH,,699676.0,,True,,2020
HOUSE,VA,10,False,JENNIFER WEXTON,ALISCIA N ANDREWS,3166813.49,314577.67000000004,True,True,2.240641827964165,2020
HOUSE,VA,11,False,GERALD E CONNOLLY,MANGA A ANANTATMULA,4517187.359999999,90824.96,True,True,3.6690838864110753,2020
HOUSE,VT,0,False,PETER WELCH,MIRIAM BERRY,2712445.98,,True,True,,2020
HOUSE,WA,1,False,SUZAN K DELBENE,JEFFREY BEELER SR,2695159.5,39291.18,True,True,3.745023344959595,2020
HOUSE,WA,2,False,RICK LARSEN,TIMOTHY S HAZELO,1218132.38,13375.0,True,True,3.477983380334837,2020
HOUSE,WA,3,False,CAROLYN LONG,JAIME HERRERA BEUTLER,2462061.26,3029901.06,True,True,-0.2056454092423126,2020
HOUSE,WA,4,False,DOUGLAS E MCKINLEY,DAN NEWHOUSE,35153.95,947364.96,True,True,-2.782824097814032,2020
HOUSE,WA,5,False,DAVE WILSON,CATHY MCMORRIS RODGERS,28555.0,3271503.88,True,True,-4.119908592341984,2020
HOUSE,WA,6,False,DEREK KILMER,ELIZABETH KREISELMAIER,4890894.09,79185.20999999999,True,True,3.854058745850312,2020
HOUSE,WA,7,False,PRAMILA JAYAPAL,CRAIG KELLER,2779079.59,5473.0,True,True,4.521989586552259,2020
HOUSE,WA,8,False,KIM SCHRIER,JESSE JENSEN,3776703.06,192207.99,True,True,2.862349045243673,2020
HOUSE,WA,9,False,ADAM SMITH,DOUG BASLER,1210821.42,5878.54,True,True,3.6894297011323256,2020
HOUSE,WA,10,False,MARILYN STRICKLAND,,603073.14,,True,,,2020
HOUSE,WI,1,False,ROGER POLACK,BRYAN STEIL,235438.86,2651632.5,True,True,-2.329946622407322,2020
HOUSE,WI,2,False,MARK POCAN,PETER THERON,1499645.41,29770.95,True,True,3.326357200065009,2020
HOUSE,WI,3,False,RON KIND,DERRICK VAN ORDEN,3998669.57,727433.45,True,True,1.6766370394229295,2020
HOUSE,WI,4,False,GWEN MOORE,TIM ROGERS,991083.37,,True,True,,2020
HOUSE,WI,5,False,TOM PALZEWICZ,SCOTT FITZGERALD,177388.95,784647.74,True,True,-1.3864079231247004,2020
HOUSE,WI,6,False,JESSICA J KING,GLENN GROTHMAN,107530.81,1550499.51,True,True,-2.475512503487256,2020
HOUSE,WI,7,False,TRICIA ZUNKER,THOMAS P TIFFANY,210976.92,1853788.57,True,True,-2.0746484668308662,2020
HOUSE,WI,8,False,AMANDA STUCK,MIKE GALLAGHER,260908.27,3321463.72,True,True,-2.4599884361966984,2020
HOUSE,WV,1,False,NATALIE CLINE,DAVID B MCKINLEY,31179.08,1306944.36,True,True,-3.165850632848584,2020
HOUSE,WV,2,False,CATHY KUNKEL,ALEXANDER X MOONEY,328039.08,2544110.85,True,True,-1.984736386243344,2020
HOUSE,WV,3,False,HILARY TURNER,CAROL D MILLER,20623.64,703475.25,True,True,-2.7705276478999177,2020
HOUSE,WY,0,False,LYNNETTE GREY BULL,LIZ CHENEY,6865.0,2467815.23,True,True,-4.359659736487144,2020
SEN,AK,0,False,AL GROSS,DAN SULLIVAN,5241283.09,8044726.24,True,True,-0.4267947408343646,2020
SEN,AL,0,False,DOUG JONES,TOMMY TUBERVILLE,20759941.03,4148599.74,True,True,1.6054498251287013,2020
SEN,AR,0,False,,TOM COTTON,,10902498.260000002,,True,,2020
SEN,AZ,0,True,MARK KELLY,MARTHA MCSALLY,46104215.58,32419010.46,True,True,0.351930644263075,2020
SEN,CO,0,False,JOHN W. HICKENLOOPER,CORY GARDNER,14216148.56,17806667.86,True,True,-0.224840409810025,2020
SEN,DE,0,False,CHRISTOPHER A. COONS,LAUREN WITZKE,7031088.369999999,171743.03,True,True,3.579747660698253,2020
SEN,GA,0,False,JON OSSOFF,DAVID A. PERDUE,7311041.84,15666140.86,True,True,-0.760296838338791,2020
SEN,GA,0,True,RAPHAEL WARNOCK,KELLY LOEFFLER,4404865.36,17585446.67,True,True,-1.3801230959333766,2020
SEN,IA,0,False,THERESA GREENFIELD,JONI ERNST,11608198.63,15621570.46,True,True,-0.2963887916452568,2020
SEN,ID,0,False,PAULETTE JORDAN,JIM RISCH,247640.12,3617541.75,True,True,-2.592284316130004,2020
SEN,IL,0,False,RICHARD J. DURBIN,MARK C. CURRAN JR.,9525936.28,172820.38,True,True,3.8770350212116895,2020
SEN,KS,0,False,BARBARA BOLLIER,ROGER MARSHALL,7849829.93,3414923.08,True,True,0.8282224776178276,2020
SEN,KY,0,False,AMY MCGRATH,MITCH MCCONNELL,47297006.41,38557757.3,True,True,0.204169964501714,2020
SEN,LA,0,False,ADRIAN PERKINS,"""BILL"" CASSIDY",,10444820.14,True,True,,2020
SEN,MA,0,False,EDWARD J. MARKEY,KEVIN J. O'CONNER,14420363.31,0.0,True,False,6.35925293897926,2020
SEN,ME,0,False,SARA I. GIDEON,SUSAN MARGARET COLLINS,24231062.37,18361848.01,True,True,0.2770309538079883,2020
SEN,MI,0,False,GARY PETERS,JOHN JAMES,22234690.37,21703914.700000003,True,True,0.0241335878029034,2020
SEN,MN,0,False,TINA SMITH,JASON LEWIS,10804748.36,2492419.38,True,True,1.4590625040212497,2020
SEN,MS,0,False,MIKE ESPY,CINDY HYDE-SMITH,2272913.05,2568022.0,True,True,-0.1208226494406263,2020
SEN,MT,0,False,STEVE BULLOCK,STEVE DAINES,11161376.71,14141040.97,True,True,-0.2361509467134319,2020
SEN,NC,0,False,CAL CUNNINGHAM,THOM TILLIS,15119926.6,15721537.29,True,True,-0.0389548885134329,2020
SEN,NE,0,False,CHRIS JANICEK,BEN SASSE,129200.98,6766539.74,True,True,-3.785176144185709,2020
SEN,NH,0,False,JEANNE SHAHEEN,CORKY MESSNER,16142961.739999998,4406685.23,True,True,1.294251688884869,2020
SEN,NJ,0,False,CORY BOOKER,"RIKIN ""RIK"" MEHTA",13874449.77,395879.46,True,True,3.4972580590475064,2020
SEN,NM,0,False,BEN R. LUJAN,MARK V. RONCHETTI,6941303.82,1386070.16,True,True,1.5967363904579042,2020
SEN,OK,0,False,ABBY BROYLES,JIM INHOFE ,741551.6,4751809.79,True,True,-1.829626179691445,2020
SEN,OR,0,False,JEFF MERKLEY,JO RAE PERKINS,11015921.41,29802.36,True,True,5.305630518679031,2020
SEN,RI,0,False,JOHN F. REED,ALLEN R. WATERS,5856513.08,20590.42,True,True,4.859871727590966,2020
SEN,SC,0,False,JAIME HARRISON,LINDSEY GRAHAM,28996588.96,33582340.12,True,True,-0.1467044991436298,2020
SEN,SD,0,False,DAN AHLERS,MIKE ROUNDS,77492.32,4436541.19,True,True,-3.773461674676517,2020
SEN,TN,0,False,MARQUITA BRADSHAW,BILL HAGERTY,23220.65,12330318.1,True,True,-5.546054512206504,2020
SEN,TX,0,False,"MARY ""MJ"" HEGAR",JOHN CORNYN,6767271.21,25683352.23,True,True,-1.3310305495849155,2020
SEN,VA,0,False,MARK R. WARNER,DANIEL M. GADE,14812336.170000002,982867.28,True,True,2.68931022394361,2020
SEN,WV,0,False,PAULA JEAN SWEARENGIN,SHELLEY MOORE CAPITO,601057.29,5625915.19,True,True,-2.200130907069524,2020
HOUSE,AK,0,False,MARY SATTLER PELTOLA,SARAH PALIN,1446755.9300000002,1325106.9,True,True,0.0862724236344929,2022
HOUSE,AL,1,False,,JERRY L CARL,,945276.79,,True,,2022
HOUSE,AL,2,False,PHYLLIS HARVEY-HALL,BARRY MOORE,1042.96,435437.38,True,True,-2.8724293816660667,2022
HOUSE,AL,3,False,LIN VEASEY,MIKE ROGERS,,2137211.26,True,True,,2022
HOUSE,AL,4,False,RICK NEIGHBORS,ROBERT B ADERHOLT,4907.85,1902353.24,True,True,-4.165781974716269,2022
HOUSE,AL,5,False,KATHY WARNER-STANTON,DALE STRONG,85290.0,1634593.5,True,True,-2.7112147115265763,2022
HOUSE,AL,6,False,,GARY J PALMER,,1496260.31,,True,,2022
HOUSE,AL,7,False,TERRI A SEWELL,BEATRICE NICHOLS,4005272.69,6161.69,True,True,4.862399861931888,2022
HOUSE,AR,1,False,MONTE HODGES,ERIC A Ã¢ÂÂRICKÃ¢ÂÂ CRAWFORD,27074.0,1175759.67,True,True,-3.1380439099223643,2022
HOUSE,AR,2,False,QUINTESSA HATHAWAY,J FRENCH HILL,,3218138.0,True,True,,2022
HOUSE,AR,3,False,LAUREN MALLETT-HAYS,STEVE WOMACK,35184.23,2600392.6500000004,True,True,-3.7755753869276543,2022
HOUSE,AR,4,False,JOHN WHITE,BRUCE WESTERMAN,0.0,2395164.3200000003,False,True,-4.572714892803821,2022
HOUSE,AZ,1,False,JEVIN HODGE,DAVID SCHWEIKERT,1033778.07,0.0,True,False,3.7459949331433102,2022
HOUSE,AZ,2,False,TOM OÃ¢ÂÂHALLERAN,ELI CRANE,2925791.39,2014094.42,True,True,0.3695676046375441,2022
HOUSE,AZ,3,False,RUBEN GALLEGO,JEFF ZINK,2460178.4,65722.23999999999,True,True,3.310297195665724,2022
HOUSE,AZ,4,False,GREG STANTON,KELLY COOPER,4102676.65,1544700.1800000002,True,True,0.9668300612297718,2022
HOUSE,AZ,5,False,JAVIER RAMOS,ANDY BIGGS,,2247440.01,True,True,,2022
HOUSE,AZ,6,False,KIRSTEN ENGEL,JUAN CISCOMANI,1277548.53,1704932.7999999998,True,True,-0.2837598107562427,2022
HOUSE,AZ,7,False,RAÃÂL M GRIJALVA,LUIS POZZOLO,746271.28,0.0,True,False,3.4291643415428794,2022
HOUSE,AZ,8,False,JEREMY SPREITZER,DEBBIE LESKO,,1668469.85,True,True,,2022
HOUSE,AZ,9,False,RICHARD GRAYSON,PAUL GOSAR,0.0,703060.03,False,True,-3.3715076787201546,2022
HOUSE,CA,1,False,MAX STEINER,DOUG LAMALFA,484379.54,815171.33,True,True,-0.5004124384863434,2022
HOUSE,CA,2,False,JARED HUFFMAN,DOUGLAS BROWER,1654854.79,8390.0,True,True,3.918206180182253,2022
HOUSE,CA,3,False,KERMIT JONES,KEVIN KILEY,1746141.92,1717690.29,True,True,0.0161944282515899,2022
HOUSE,CA,4,False,MIKE THOMPSON,MATT BROCK,3544828.83,4707.0,True,True,4.7888902185717255,2022
HOUSE,CA,5,False,MICHAEL J Ã¢ÂÂMIKEÃ¢ÂÂ BARKLEY,TOM MCCLINTOCK,15419.63,1438841.76,True,True,-3.589504043198333,2022
HOUSE,CA,6,False,AMI BERA,TAMIKA HAMILTON,3266251.35,779458.29,True,True,1.4088540017675422,2022
HOUSE,CA,7,False,DORIS O MATSUI,MAX SEMENENKO,1410493.9300000002,49568.22,True,True,2.957549859978642,2022
HOUSE,CA,8,False,JOHN GARAMENDI,RUDY RECILE,2009116.21,38943.94,True,True,3.4598099467008363,2022
HOUSE,CA,9,False,JOSH HARDER,TOM PATTI,8964238.77,749133.0,True,True,2.4520397552326867,2022
HOUSE,CA,10,False,MARK DESAULNIER,,976509.1,,True,,,2022
HOUSE,CA,11,False,NANCY PELOSI,JOHN DENNIS,27933350.700000003,823777.0099999999,True,True,3.4946747051320544,2022
HOUSE,CA,12,False,BARBARA LEE,STEPHEN SLAUSON,1895137.24,,True,True,,2022
HOUSE,CA,13,False,ADAM GRAY,JOHN DUARTE,951715.76,1276117.47,True,True,-0.2867830882281298,2022
HOUSE,CA,14,False,ERIC SWALWELL,ALISON HAYDEN,3712044.92,,True,True,,2022
HOUSE,CA,15,False,KEVIN MULLIN,,899843.6,,True,,,2022
HOUSE,CA,16,False,ANNA G ESHOO,,2269653.88,,True,,,2022
HOUSE,CA,17,False,RO KHANNA,RITESH TANDON,7616607.619999999,55074.34,True,True,4.558407828302658,2022
HOUSE,CA,18,False,ZOE LOFGREN,PETER HERNANDEZ,2811839.62,70952.11,True,True,3.3865966888314407,2022
HOUSE,CA,19,False,JIMMY PANETTA,JEFF GORMAN,3158343.81,35986.74,True,True,3.955030972406411,2022
HOUSE,CA,20,False,MARISA WOOD,KEVIN MCCARTHY,728895.5900000001,29305739.23,True,True,-3.6611374819223146,2022
HOUSE,CA,21,False,JIM COSTA,MICHAEL MAHER,1965325.21,61451.0,True,True,3.1364755470347663,2022
HOUSE,CA,22,False,RUDY SALAS,DAVID G VALADAO,988756.1,2666402.9,True,True,-0.9764002381388333,2022
HOUSE,CA,23,False,DEREK MARSHALL,JAY OBERNOLTE,651529.27,916606.42,True,True,-0.3306116606152939,2022
HOUSE,CA,24,False,SALUD O CARBAJAL,BRAD ALLEN,3355316.63,,True,True,,2022
HOUSE,CA,25,False,RAUL RUIZ,BRIAN E HAWKINS,4299474.63,411367.81,True,True,2.293560450519983,2022
HOUSE,CA,26,False,JULIA BROWNLEY,MATT JACOBS,4791594.34,1664758.15,True,True,1.0474816976752437,2022
HOUSE,CA,27,False,CHRISTY SMITH,MIKE GARCIA,1826531.71,5649423.38,True,True,-1.1199557032777274,2022
HOUSE,CA,28,False,JUDY CHU,WES HALLMAN,3718710.63,27078.22,True,True,4.275085726485986,2022
HOUSE,CA,29,False,TONY CÃÂRDENAS,,1705783.46,,True,,,2022
HOUSE,CA,30,False,ADAM B SCHIFF,,31633723.200000003,,True,,,2022
HOUSE,CA,31,False,GRACE F NAPOLITANO,DANIEL BOCIC MARTINEZ,777701.72,,True,True,,2022
HOUSE,CA,32,False,BRAD SHERMAN,LUCIE LAPOINTE VOLOTZKY,4817243.51,20211.0,True,True,4.6737930073733125,2022
HOUSE,CA,33,False,PETE AGUILAR,JOHN MARK PORTER,4271582.82,,True,True,,2022
HOUSE,CA,34,False,JIMMY GOMEZ,,1899054.33,,True,,,2022
HOUSE,CA,35,False,NORMA J TORRES,MIKE CARGILE,796139.1599999999,27042.67,True,True,2.758628636682511,2022
HOUSE,CA,36,False,TED LIEU,JOE E COLLINS III,3197538.17,3538132.42,True,True,-0.1004707506412001,2022
HOUSE,CA,37,False,SYDNEY KAMLAGER,,622669.78,,True,,,2022
HOUSE,CA,38,False,LINDA T SÃÂNCHEZ,ERIC J CHING,2049692.39,162511.01,True,True,2.4037306122056603,2022
HOUSE,CA,39,False,MARK TAKANO,AJA SMITH,1187262.51,0.0,True,False,3.881367910717551,2022
HOUSE,CA,40,False,ASIF MAHMOOD,YOUNG KIM,2243450.76,7081988.77,True,True,-1.1419815197980523,2022
HOUSE,CA,41,False,WILL ROLLINS,KEN CALVERT,1471064.51,2818620.83,True,True,-0.6422401799875843,2022
HOUSE,CA,42,False,ROBERT GARCIA,JOHN BRISCOE,1199957.84,259304.98,True,True,1.4606141708488,2022
HOUSE,CA,43,False,MAXINE WATERS,OMAR NAVARRO,1522080.22,4062.24,True,True,3.974684967361253,2022
HOUSE,CA,44,False,NANETTE DIAZ BARRAGÃÂN,PAUL JONES,1992202.78,0.0,True,False,4.390591243481348,2022
HOUSE,CA,45,False,JAY F CHEN,MICHELLE STEEL,3045784.14,5411693.1,True,True,-0.5712380408204556,2022
HOUSE,CA,46,False,J LUIS CORREA,CHRISTOPHER J GONZALES,2158140.05,32169.22,True,True,3.642503867661431,2022
HOUSE,CA,47,False,KATIE PORTER,SCOTT BAUGH,27816656.77,1779291.74,True,True,2.7363652171432427,2022
HOUSE,CA,48,False,STEPHEN HOULAHAN,DARRELL ISSA,43700.99,2123402.8,True,True,-3.442716351721108,2022
HOUSE,CA,49,False,MIKE LEVIN,BRIAN MARYOTT,5167457.199999999,2556308.35,True,True,0.6989106512778942,2022
HOUSE,CA,50,False,SCOTT H PETERS,COREY GUSTAFSON,3642409.09,54696.19,True,True,3.829018941319671,2022
HOUSE,CA,51,False,SARA JACOBS,STAN CAPLAN,1849185.4,65924.07,True,True,3.025904628058304,2022
HOUSE,CA,52,False,JUAN VARGAS,TYLER GEFFENEY,974512.8,17716.0,True,True,3.1526944029523563,2022
HOUSE,CO,1,False,DIANA DEGETTE,JENNIFER QUALTERI,1222907.69,,True,True,,2022
HOUSE,CO,2,False,JOE NEGUSE,MARSHALL DAWSON,2719689.83,25495.98,True,True,3.995529623871394,2022
HOUSE,CO,3,False,ADAM FRISCH,LAUREN BOEBERT,2645799.14,5853100.7,True,True,-0.7888559685267951,2022
HOUSE,CO,4,False,IKE MCCORKLE,KEN BUCK,361549.03,1490722.96,True,True,-1.3663890890537556,2022
HOUSE,CO,5,False,DAVID TORRES,DOUG LAMBORN,8479.0,861348.47,True,True,-3.2761918036809567,2022
HOUSE,CO,6,False,JASON CROW,STEVEN MONAHAN,3404604.11,79065.63,True,True,3.495178355873028,2022
HOUSE,CO,7,False,BRITTANY PETTERSEN,ERIK AADLAND,1522737.16,534953.85,True,True,1.016694876832548,2022
HOUSE,CO,8,False,YADIRA CARAVEO,BARBARA KIRKMEYER,1158308.51,397604.79,True,True,1.0296321764034506,2022
HOUSE,CT,1,False,JOHN B LARSON,LARRY LAZOR,1924051.05,145336.95,True,True,2.4373193578970853,2022
HOUSE,CT,2,False,JOE COURTNEY,MIKE FRANCE,2069548.07,515851.01,True,True,1.3539492472031431,2022
HOUSE,CT,3,False,ROSA L DELAURO,LESLEY DENARDIS,1919281.16,32373.42,True,True,3.523066474316991,2022
HOUSE,CT,4,False,JAMES A HIMES,JAYME STEVENSON,3016212.01,349106.9,True,True,2.0954698169952777,2022
HOUSE,CT,5,False,JAHANA HAYES,GEORGE LOGAN,2777879.34,475214.68,True,True,1.723365137229048,2022
HOUSE,DE,0,False,LISA BLUNT ROCHESTER,LEE MURPHY,3199926.9,104263.07,True,True,3.2168159321733785,2022
HOUSE,FL,1,False,REBEKAH JONES,MATT GAETZ,544640.61,7644005.08,True,True,-2.5999365169693136,2022
HOUSE,FL,2,False,"AL LAWSON, JR",NEAL P DUNN,654713.95,1632985.58,True,True,-0.8916865905293808,2022
HOUSE,FL,3,False,DANIELLE HAWK,KAT CAMMACK,31892.04,1977844.47,True,True,-3.5611682473295216,2022
HOUSE,FL,4,False,LASHONDA Ã¢ÂÂLJÃ¢ÂÂ HOLLOWAY,AARON BEAN,8864.1,511343.7,True,True,-2.762419730710425,2022
HOUSE,FL,5,False,,JOHN H RUTHERFORD,,624383.15,,True,,2022
HOUSE,FL,6,False,,MICHAEL WALTZ,,3804858.48,,True,,2022
HOUSE,FL,7,False,KAREN GREEN,CORY MILLS,25771.75,1869240.5,True,True,-3.619233148081432,2022
HOUSE,FL,8,False,JOANNE TERRY,BILL POSEY,39841.51,1089010.2200000002,True,True,-2.843775609902284,2022
HOUSE,FL,9,False,DARREN SOTO,SCOTTY MOORE,1164927.66,389899.98,True,True,1.0536103152073926,2022
HOUSE,FL,10,False,MAXWELL ALEJANDRO FROST,CALVIN B WIMBISH,1540705.64,131619.61,True,True,2.3022718903173813,2022
HOUSE,FL,11,False,SHANTE MUNNS,DANIEL WEBSTER,14632.0,813831.02,True,True,-3.052372406998969,2022
HOUSE,FL,12,False,KIMBERLY WALKER,GUS M BILIRAKIS,10497.18,1697696.0,True,True,-3.882192527806736,2022
HOUSE,FL,13,False,ERIC LYNN,ANNA PAULINA LUNA,1613929.26,2015849.45,True,True,-0.2193229798791961,2022
HOUSE,FL,14,False,KATHY CASTOR,JAMES JUDGE,1645697.27,157936.66999999998,True,True,2.211856317843647,2022
HOUSE,FL,15,False,ALAN M COHN,LAUREL LEE,299130.5,663457.87,True,True,-0.7533079128246354,2022
HOUSE,FL,16,False,JAN SCHNEIDER,VERN BUCHANAN,52296.48,4020832.82,True,True,-3.957794279364756,2022
HOUSE,FL,17,False,ANDREA DORIA KALE,W GREGORY STEUBE,18215.22,1663554.04,True,True,-3.6654350960348254,2022
HOUSE,FL,18,False,,C SCOTT FRANKLIN,,923459.27,,True,,2022
HOUSE,FL,19,False,CINDY BANYAI,BYRON DONALDS,71688.44,3571585.41,True,True,-3.61624632678516,2022
HOUSE,FL,20,False,SHEILA CHERFILUS-MCCORMICK,DREW MONTEZ CLARK,1537765.35,102073.74,True,True,2.5094446433125737,2022
HOUSE,FL,21,False,CORINNA BALDERRAMOS ROBINSON,BRIAN J MAST,48056.09,6723780.9,True,True,-4.525889657869391,2022
HOUSE,FL,22,False,LOIS FRANKEL,DAN FRANZESE,2221942.74,817660.05,True,True,0.9807621744837433,2022
HOUSE,FL,23,False,JARED MOSKOWITZ,JOE BUDD,1306742.9,114900.71,True,True,2.2533108577397742,2022
HOUSE,FL,24,False,FREDERICA S WILSON,JESUS G NAVARRO,880531.2000000001,,True,True,,2022
HOUSE,FL,25,False,DEBBIE WASSERMAN SCHULTZ,CARLA SPALDING,2248203.12,1777195.6800000002,True,True,0.232184159208725,2022
HOUSE,FL,26,False,CHRISTINE ALEXANDRIA OLIVO,MARIO DIAZ-BALART,132205.6,2336753.54,True,True,-2.70960514476638,2022
HOUSE,FL,27,False,ANNETTE TADDEO,MARIA ELVIRA SALAZAR,661063.5900000001,4053585.37,True,True,-1.7825351640138551,2022
HOUSE,FL,28,False,ROBERT ASENCIO,CARLOS A GIMENEZ,27548.88,1964863.64,True,True,-3.6340776086970616,2022
HOUSE,GA,1,False,WADE HERRING,EARL L Ã¢ÂÂBUDDYÃ¢ÂÂ CARTER,884942.88,3304752.79,True,True,-1.2972715146714762,2022
HOUSE,GA,2,False,"SANFORD D BISHOP, JR",CHRIS WEST,2275211.38,396861.24,True,True,1.6960798572435465,2022
HOUSE,GA,3,False,VAL ALMONORD,A DREW FERGUSON IV,24012.09,3181328.56,True,True,-4.180814808392651,2022
HOUSE,GA,4,False,"HENRY C Ã¢ÂÂHANKÃ¢ÂÂ JOHNSON, JR",JONATHAN CHAVEZ,577949.63,,True,True,,2022
HOUSE,GA,5,False,NIKEMA WILLIAMS,CHRISTIAN ZIMM,1120518.75,14708.28,True,True,3.362053139979282,2022
HOUSE,GA,6,False,BOB CHRISTIAN,RICH MCCORMICK,171206.16,3979995.15,True,True,-3.0161317053429086,2022
HOUSE,GA,7,False,LUCY MCBATH,MARK GONSALVES,5282955.77,329891.8,True,True,2.705149108426535,2022
HOUSE,GA,8,False,DARRIUS BUTLER,AUSTIN SCOTT,1633.34,1360182.28,True,True,-3.9514232056529126,2022
HOUSE,GA,9,False,MICHAEL Ã¢ÂÂMIKEÃ¢ÂÂ FORD,ANDREW S CLYDE,23758.76,785596.49,True,True,-2.8108855104501806,2022
HOUSE,GA,10,False,TABITHA JOHNSON-GREEN,MIKE COLLINS,26369.74,1232153.1800000002,True,True,-3.1975557795943765,2022
HOUSE,GA,11,False,ANTONIO DAZA,BARRY LOUDERMILK,0.0,1011104.19,False,True,-3.724347162392524,2022
HOUSE,GA,12,False,ELIZABETH Ã¢ÂÂLIZÃ¢ÂÂ JOHNSON,RICK W ALLEN,160673.64,1393942.58,True,True,-2.033676702322857,2022
HOUSE,GA,13,False,DAVID SCOTT,CAESAR GONZALES,2191702.98,9693.35,True,True,4.157228200866777,2022
HOUSE,GA,14,False,MARCUS FLOWERS,MARJORIE TAYLOR GREENE,0.0,11049816.48,False,True,-6.093553199253213,2022
HOUSE,HI,1,False,ED CASE,CONRAD KRESS,966448.85,45288.88,True,True,2.646553751053747,2022
HOUSE,HI,2,False,JILL N TOKUDA,JOE AKANA,527719.83,43520.6,True,True,2.0877168066256493,2022
HOUSE,IA,1,False,CHRISTINA BOHANNAN,MARIANNETTE MILLER-MEEKS,1847030.6,3794150.97,True,True,-0.7130044146773026,2022
HOUSE,IA,2,False,LIZ MATHIS,ASHLEY HINSON,2632654.24,5694129.04,True,True,-0.7663726590032798,2022
HOUSE,IA,3,False,CYNTHIA AXNE,ZACH NUNN,4933018.14,1139485.97,True,True,1.4487263301592943,2022
HOUSE,IA,4,False,RYAN MELTON,RANDY FEENSTRA,11565.77,2144935.06,True,True,-4.083339962929065,2022
HOUSE,ID,1,False,KAYLEE PETERSON,RUSS FULCHER,21125.0,508944.25,True,True,-2.4489363304003025,2022
HOUSE,ID,2,False,WENDY NORMAN,MICHAEL K SIMPSON,5765.0,1614239.1,True,True,-3.975609769546829,2022
HOUSE,IL,1,False,JONATHAN L JACKSON,ERIC CARLSON,535244.25,1085.59,True,True,3.066989794771436,2022
HOUSE,IL,2,False,ROBIN L KELLY,THOMAS LYNCH,2347667.93,,True,True,,2022
HOUSE,IL,3,False,DELIA RAMIREZ,JUSTIN BURAU,738080.27,18708.99,True,True,2.859809427128756,2022
HOUSE,IL,4,False,JESÃÂS G Ã¢ÂÂCHUYÃ¢ÂÂ GARCÃÂA,JAMES FALAKOS,0.0,0.0,False,False,0.0,2022
HOUSE,IL,5,False,MIKE QUIGLEY,TOMMY HANSON,1784439.52,,True,True,,2022
HOUSE,IL,6,False,SEAN CASTEN,KEITH PEKAU,3992284.56,437222.19,True,True,2.162315764577303,2022
HOUSE,IL,7,False,DANNY K DAVIS,,788413.86,,True,,,2022
HOUSE,IL,8,False,RAJA KRISHNAMOORTHI,CHRIS DARGIS,15296096.04,278614.39,True,True,3.9212275415262448,2022
HOUSE,IL,9,False,JANICE D SCHAKOWSKY,MAXWELL Ã¢ÂÂMAXÃ¢ÂÂ RICE,2120800.66,,True,True,,2022
HOUSE,IL,10,False,BRADLEY SCOTT SCHNEIDER,JOSEPH SEVERINO,4836884.01,14600.0,True,True,4.810352179893385,2022
HOUSE,IL,11,False,BILL FOSTER,CATALINA LAUF,6253991.91,1452238.0699999998,True,True,1.447035268314933,2022
HOUSE,IL,12,False,HOMER Ã¢ÂÂCHIPÃ¢ÂÂ MARKEL,MIKE BOST,9926.0,1722000.35,True,True,-3.912423972959829,2022
HOUSE,IL,13,False,NIKKI BUDZINSKI,REGAN DEERING,2068287.42,436806.1,True,True,1.511345931417963,2022
HOUSE,IL,14,False,LAUREN UNDERWOOD,SCOTT R GRYDER,6098543.39,156088.86,True,True,3.520908343232062,2022
HOUSE,IL,15,False,PAUL J LANGE,MARY E MILLER,2300.0,1825239.79,True,True,-4.216183823698217,2022
HOUSE,IL,16,False,ELIZABETH Ã¢ÂÂLISAÃ¢ÂÂ HADERLEIN,DARIN LAHOOD,,6445641.869999999,True,True,,2022
HOUSE,IL,17,False,ERIC SORENSEN,ESTHER JOY KING,599411.48,3152940.0700000003,True,True,-1.6271789150241804,2022
HOUSE,IN,1,False,FRANK J MRVAN,JENNIFER-RUTH GREEN,1111988.0,930860.74,True,True,0.1735257066206227,2022
HOUSE,IN,2,False,PAUL D STEURY,RUDOLPH Ã¢ÂÂRUDYÃ¢ÂÂ YAKYM III,32305.0,,True,True,,2022
HOUSE,IN,3,False,GARY L SNYDER,JIM BANKS,29910.28,2355832.2800000003,True,True,-3.769504822483496,2022
HOUSE,IN,4,False,ROGER D DAY,JAMES R BAIRD,,360103.33,True,True,,2022
HOUSE,IN,5,False,JEANNINE LEE LAKE,VICTORIA SPARTZ,11717.22,3560762.29,True,True,-4.581480508799062,2022
HOUSE,IN,6,False,CYNTHIA Ã¢ÂÂCINDEÃ¢ÂÂ WIRTH,GREG PENCE,13847.38,2521932.99,True,True,-4.183004529577656,2022
HOUSE,IN,7,False,ANDRÃÂ CARSON,ANGELA GRABOVSKY,1672567.02,364718.85,True,True,1.4715257585277592,2022
HOUSE,IN,8,False,RAY MCCORMICK,LARRY BUCSHON,71286.51,1292094.6,True,True,-2.615855303162311,2022
HOUSE,IN,9,False,MATTHEW FYFE,ERIN HOUCHIN,81481.92,717357.62,True,True,-1.9418558892337512,2022
HOUSE,KS,1,False,JAMES Ã¢ÂÂJIMMYÃ¢ÂÂ BEARD,TRACEY MANN,2704.52,1528500.95,True,True,-4.026670763578585,2022
HOUSE,KS,2,False,PATRICK SCHMIDT,JAKE LATURNER,658960.06,1300625.03,True,True,-0.6617398238449643,2022
HOUSE,KS,3,False,SHARICE DAVIDS,AMANDA L ADKINS,5396715.26,2303195.45,True,True,0.8453187514899702,2022
HOUSE,KS,4,False,BOB HERNANDEZ,RON ESTES,5760.0,2298530.35,True,True,-4.324627865992941,2022
HOUSE,KY,1,False,JIMMY C AUSBROOKS,JAMES COMER,2323.9300000000003,1664298.51,True,True,-4.124305763890221,2022
HOUSE,KY,2,False,HANK LINDERMAN,BRETT GUTHRIE,91816.21,3716742.9,True,True,-3.4667049528885463,2022
HOUSE,KY,3,False,MORGAN MCGARVEY,STUART N RAY,2096051.68,472736.79,True,True,1.4495959169682922,2022
HOUSE,KY,4,False,MATTHEW LEHMAN,THOMAS MASSIE,160953.02,1045944.22,True,True,-1.7508019257610494,2022
HOUSE,KY,5,False,CONOR HALBLEIB,HAROLD ROGERS,13355.64,1487806.58,True,True,-3.674820283392413,2022
HOUSE,KY,6,False,GEOFFREY M Ã¢ÂÂGEOFFÃ¢ÂÂ YOUNG,ANDY BARR,153072.51,3548971.96,True,True,-2.9992420232431227,2022
HOUSE,LA,1,False,KATIE DARLING,STEVE SCALISE,,22675871.5,True,True,,2022
HOUSE,LA,2,False,TROY A CARTER,Ã¢ÂÂDANÃ¢ÂÂ LUX,1198423.5699999998,,True,True,,2022
HOUSE,LA,3,False,LESSIE OLIVIA LEBLANC,CLAY HIGGINS,0.0,766425.14,False,True,-3.454959470068344,2022
HOUSE,LA,4,False,,MIKE JOHNSON,,1865565.37,,True,,2022
HOUSE,LA,5,False,OSCAR Ã¢ÂÂOMARÃ¢ÂÂ DANTZLER,JULIA LETLOW,0.0,1582607.6800000002,False,True,-4.163626615003222,2022
HOUSE,LA,6,False,,GARRET GRAVES,,3373809.5,,True,,2022
HOUSE,MA,1,False,RICHARD E NEAL,DEAN JAMES MARTILLI,5265605.34,5610.0,True,True,5.152361196350187,2022
HOUSE,MA,2,False,JAMES P MCGOVERN,JEFFREY A SOSSA-PAQUETTE,1229289.87,133569.6,True,True,2.068131237127159,2022
HOUSE,MA,3,False,LORI TRAHAN,DEAN A TRAN,2036614.33,116115.64,True,True,2.6816649141363214,2022
HOUSE,MA,4,False,JAKE AUCHINCLOSS,,3462760.66,,True,,,2022
HOUSE,MA,5,False,KATHERINE M CLARK,CAROLINE COLARUSSO,3146488.91,57024.64,True,True,3.6549367543680336,2022
HOUSE,MA,6,False,SETH MOULTON,BOB MAY,2254120.56,29438.0,True,True,3.734482488825871,2022
HOUSE,MA,7,False,AYANNA PRESSLEY,"DONNIE DIONICIO PALMER, JR",1795796.41,,True,True,,2022
HOUSE,MA,8,False,STEPHEN F LYNCH,ROBERT G BURKE,1905726.56,0.0,True,False,4.346775842147514,2022
HOUSE,MA,9,False,WILLIAM R KEATING,JESSE G BROWN,2107500.9,344135.67000000004,True,True,1.7538864555622058,2022
HOUSE,MD,1,False,HEATHER R MIZEUR,ANDY HARRIS,1954727.91,2574281.73,True,True,-0.2722757330973006,2022
HOUSE,MD,2,False,C A DUTCH RUPPERSBERGER,NICOLEE AMBROSE,2068034.27,165409.44,True,True,2.3971933949781685,2022
HOUSE,MD,3,False,JOHN P SARBANES,YURIPZY MORGAN,1234086.83,112975.37,True,True,2.21106680813348,2022
HOUSE,MD,4,False,GLENN F IVEY,JEFF WARNER,0.0,41548.24,False,True,-0.979051273342219,2022
HOUSE,MD,5,False,STENY H HOYER,CHRIS PALOMBI,4028845.11,41442.24,True,True,4.111088120766118,2022
HOUSE,MD,6,False,DAVID J TRONE,NEIL C PARROTT,13032869.34,582238.21,True,True,3.068225093273487,2022
HOUSE,MD,7,False,KWEISI MFUME,SCOTT M COLLIER,729594.82,0.0,True,False,3.4073051180744405,2022
HOUSE,MD,8,False,JAMIE RASKIN,GREGORY THOMAS COLL,4883415.630000001,9877.58,True,True,4.946862270534498,2022
HOUSE,ME,1,False,CHELLIE PINGREE,EDWIN THELANDER,871519.25,293280.08,True,True,1.035588015346983,2022
HOUSE,ME,2,False,JARED F GOLDEN,BRUCE POLIQUIN,3991807.17,2527748.87,True,True,0.4533165839462174,2022
HOUSE,MI,1,False,BOB LORINSER,JACK BERGMAN,342939.46,1635834.51,True,True,-1.5071570581322995,2022
HOUSE,MI,2,False,JERRY HILLIARD,JOHN R MOOLENAAR,10026.5,2435857.29,True,True,-4.252160142228637,2022
HOUSE,MI,3,False,HILLARY SCHOLTEN,JOHN GIBBS,1454127.54,484309.28,True,True,1.0661522381223956,2022
HOUSE,MI,4,False,JOSEPH ALFONSO,BILL HUIZENGA,4099.0,2802905.24,True,True,-4.576587709349902,2022
HOUSE,MI,5,False,BART GOLDBERG,TIM WALBERG,114690.01,0.0,True,False,1.720549928458342,2022
HOUSE,MI,6,False,DEBBIE DINGELL,WHITTNEY WILLIAMS,1685166.1800000002,11551.46,True,True,3.845624695383026,2022
HOUSE,MI,7,False,ELISSA SLOTKIN,TOM BARRETT,8614315.07,1428835.8,True,True,1.782117862482456,2022
HOUSE,MI,8,False,DANIEL T KILDEE,PAUL JUNGE,4152101.31,1450671.71,True,True,1.0405042567299836,2022
HOUSE,MI,9,False,BRIAN JAYE,LISA MCCLAIN,44968.95,0.0,True,False,1.0291757473456793,2022
HOUSE,MI,10,False,CARL J MARLINGA,JOHN JAMES,261855.01,3733356.04,True,True,-2.572760020899962,2022
HOUSE,MI,11,False,HALEY M STEVENS,MARK AMBROSE,4927308.779999999,292759.0,True,True,2.746315933202013,2022
HOUSE,MI,12,False,RASHIDA TLAIB,STEVEN ELLIOTT,3424756.47,20136.22,True,True,4.336373890722268,2022
HOUSE,MI,13,False,SHRI THANEDAR,MARTELL D BIVINGS,8187122.970000001,17667.0,True,True,5.259940964733385,2022
HOUSE,MN,1,False,JEFF ETTINGER,BRAD FINSTAD,1508897.55,912875.07,True,True,0.4919504410142816,2022
HOUSE,MN,2,False,ANGIE CRAIG,TYLER KISTNER,6618692.57,2393858.33,True,True,1.0103722544663527,2022
HOUSE,MN,3,False,DEAN PHILLIPS,TOM WEILER,2116313.5,404813.56,True,True,1.6058231715049591,2022
HOUSE,MN,4,False,BETTY MCCOLLUM,MAY LOR XIONG,2064400.65,51885.97,True,True,3.30230911836434,2022
HOUSE,MN,5,False,ILHAN OMAR,CICELY DAVIS,2755202.55,2207556.93,True,True,0.219376250757342,2022
HOUSE,MN,6,False,JEANNE HENDRICKS,TOM EMMER,68986.66,3874177.25,True,True,-3.725367991018245,2022
HOUSE,MN,7,False,JILL ABAHSAIN,MICHELLE FISCHBACH,8981.61,1441399.78,True,True,-3.764746050564613,2022
HOUSE,MN,8,False,JEN SCHULTZ,PETE STAUBER,249898.85,1675149.78,True,True,-1.822068420222512,2022
HOUSE,MO,1,False,CORI BUSH,ANDREW JONES,2056936.11,19723.0,True,True,3.840565651188967,2022
HOUSE,MO,2,False,TRISH GUNBY,ANN WAGNER,469281.2,4220501.26,True,True,-2.150510588217431,2022
HOUSE,MO,3,False,BETHANY MANN,BLAINE LUETKEMEYER,5867.219999999999,4315485.99,True,True,-4.946046820698694,2022
HOUSE,MO,4,False,JACK TRUMAN,MARK ALFORD,0.0,599909.96,False,True,-3.2187317504899857,2022
HOUSE,MO,5,False,EMANUEL CLEAVER,JACOB TURK,1801354.4300000002,,True,True,,2022
HOUSE,MO,6,False,HENRY MARTIN,SAM GRAVES,13173.01,2418008.62,True,True,-4.1588568783104325,2022
HOUSE,MO,7,False,KRISTEN RADAKER-SHEAFER,ERIC BURLISON,2095.0,658520.8400000001,True,True,-3.2279079368054724,2022
HOUSE,MO,8,False,RANDI MCCALLIAN,JASON SMITH,9838.0,3790408.96,True,True,-4.696094390821017,2022
HOUSE,MS,1,False,DIANNE BLACK,TRENT KELLY,908.33,1031324.83,True,True,-3.707986482514445,2022
HOUSE,MS,2,False,BENNIE G THOMPSON,BRIAN FLOWERS,2630275.07,5065.53,True,True,4.480924200021438,2022
HOUSE,MS,3,False,SHUWASKI A YOUNG,MICHAEL GUEST,58547.97,1476592.99,True,True,-2.8888608589896627,2022
HOUSE,MS,4,False,JOHNNY L DUPREE,MIKE EZELL,57948.67999999999,590356.43,True,True,-2.0039795575924133,2022
HOUSE,MT,1,False,MONICA TRANEL,RYAN K ZINKE,1254460.75,3784564.65,True,True,-1.0910762174161364,2022
HOUSE,MT,2,False,PENNY RONNING,"MATTHEW M ROSENDALE, SR",63309.880000000005,2324181.16,True,True,-3.280970111234521,2022
HOUSE,NC,1,False,DON DAVIS,SANDY SMITH,910173.45,1516057.37,True,True,-0.49949204359357,2022
HOUSE,NC,2,False,DEBORAH K ROSS,CHRISTINE E VILLAVERDE,2150170.7,96086.0,True,True,2.888361386262161,2022
HOUSE,NC,3,False,BARBARA D GASKINS,GREGORY F MURPHY,51450.01,1778961.34,True,True,-3.1611032070582192,2022
HOUSE,NC,4,False,VALERIE P FOUSHEE,COURTNEY GEELS,961595.52,153852.91,True,True,1.7076964117514757,2022
HOUSE,NC,5,False,KYLE PARRISH,VIRGINIA FOXX,17161.22,4054851.49,True,True,-4.572315026030092,2022
HOUSE,NC,6,False,KATHY E MANNING,CHRISTIAN CASTELLI,2456081.72,405097.22,True,True,1.7524386453249758,2022
HOUSE,NC,7,False,CHARLES GRAHAM,DAVID ROUZER,236003.85,2448442.43,True,True,-2.2488309975132026,2022
HOUSE,NC,8,False,SCOTT HUFFMAN,DAN BISHOP,77727.75,1700672.11,True,True,-2.8212895976503827,2022
HOUSE,NC,9,False,BEN CLARK,RICHARD HUDSON,0.0,2829410.6,False,True,-4.7377448310756165,2022
HOUSE,NC,10,False,PAM GENANT,PATRICK T MCHENRY,113531.66,4632537.77,True,True,-3.515143320381695,2022
HOUSE,NC,11,False,JASMINE BEACH-FERRARA,CHUCK EDWARDS,1807921.55,1100917.43,True,True,0.4873129725953132,2022
HOUSE,NC,12,False,ALMA S ADAMS,TYLER LEE,1045488.65,103036.74,True,True,2.123553251467316,2022
HOUSE,NC,13,False,WILEY NICKEL,BO HINES,1836567.44,1677558.28,True,True,0.0892868520547134,2022
HOUSE,NC,14,False,JEFF JACKSON,PAT HARRIGAN,4328788.94,396139.98,True,True,2.3358364931737565,2022
HOUSE,ND,0,False,,KELLY ARMSTRONG,,1802252.51,,True,,2022
HOUSE,NE,1,False,PATTY PANSING BROOKS,MIKE FLOOD,972077.19,1391099.1,True,True,-0.3508330684487844,2022
HOUSE,NE,2,False,TONY VARGAS,DON BACON,1640484.99,3211990.05,True,True,-0.6645275348032161,2022
HOUSE,NE,3,False,DAVID J ELSE,ADRIAN SMITH,,2483970.36,True,True,,2022
HOUSE,NH,1,False,CHRIS PAPPAS,KAROLINE LEAVITT,3493304.63,1517246.26,True,True,0.8247392703037392,2022
HOUSE,NH,2,False,ANN M KUSTER,ROBERT BURNS,4364987.88,185997.96,True,True,3.035233280062477,2022
HOUSE,NJ,1,False,DONALD NORCROSS,CLAIRE GUSTAFSON,3546669.12,44911.0,True,True,3.9335653016000034,2022
HOUSE,NJ,2,False,TIM ALEXANDER,JEFFERSON VAN DREW,325594.32,2920333.61,True,True,-2.128347598248532,2022
HOUSE,NJ,3,False,ANDY KIM,BOB HEALEY,5729150.26,2404534.12,True,True,0.8622218599888503,2022
HOUSE,NJ,4,False,MATTHEW JENKINS,CHRISTOPHER H SMITH,10950.0,1430627.28,True,True,-3.701063122807807,2022
HOUSE,NJ,5,False,JOSH GOTTHEIMER,FRANK T PALLOTTA,15347789.86,582048.61,True,True,3.23174546317336,2022
HOUSE,NJ,6,False,"FRANK PALLONE, JR",SUSAN M KILEY,5603339.819999999,256544.82,True,True,2.995278143274817,2022
HOUSE,NJ,7,False,TOM MALINOWSKI,"THOMAS H KEAN, JR",6062978.83,2926056.95,True,True,0.7241527489034266,2022
HOUSE,NJ,8,False,ROBERT J MENENDEZ,MARCOS ARROYO,1340418.71,0.0,True,False,4.000340582966287,2022
HOUSE,NJ,9,False,"BILL PASCRELL, JR",BILLY PREMPEH,2715040.97,249156.52,True,True,2.30202896765705,2022
HOUSE,NJ,10,False,"DONALD M PAYNE, JR",DAVID H PINCKNEY,1413318.7,0.0,True,False,4.0523543161171816,2022
HOUSE,NJ,11,False,MIKIE SHERRILL,PAUL DEGROOT,8097895.92,464778.85,True,True,2.808488047273157,2022
HOUSE,NJ,12,False,BONNIE WATSON COLEMAN,DARIUS MAYFIELD,852222.7100000001,204658.6,True,True,1.3401670470399902,2022
HOUSE,NM,1,False,MELANIE A STANSBURY,MICHELLE GARCIA HOLMES,1134989.91,236507.39,True,True,1.489704042642807,2022
HOUSE,NM,2,False,GABRIEL VASQUEZ,YVETTE HERRELL,1175403.11,2822215.66,True,True,-0.8636841299554247,2022
HOUSE,NM,3,False,TERESA LEGER FERNANDEZ,ALEXIS MARTINEZ JOHNSON,2090776.64,77052.5,True,True,3.0316898429996475,2022
HOUSE,NV,1,False,DINA TITUS,MARK ROBERTSON,2083241.36,659595.67,True,True,1.1247809990458042,2022
HOUSE,NV,2,False,ELIZABETH MERCEDES KRAUSE,MARK E AMODEI,10405.06,1217190.44,True,True,-3.557776836294209,2022
HOUSE,NV,3,False,SUSIE LEE,APRIL BECKER,4461245.58,1379316.94,True,True,1.1614651573777863,2022
HOUSE,NV,4,False,STEVEN HORSFORD,SAM PETERS,3906511.22,877310.5599999999,True,True,1.471820402943514,2022
HOUSE,NY,1,False,BRIDGET FLEMING,NICHOLAS J LALOTA,1381603.86,484497.66,True,True,1.0155082081617846,2022
HOUSE,NY,2,False,JACKIE GORDON,ANDREW R GARBARINO,1098994.01,3053034.57,True,True,-1.0074028443968503,2022
HOUSE,NY,3,False,ROBERT P ZIMMERMAN,GEORGE A D SANTOS,1431166.72,2144309.2,True,True,-0.3986013271435406,2022
HOUSE,NY,4,False,LAURA A GILLEN,ANTHONY P DÃ¢ÂÂESPOSITO,630500.0,0.0,True,False,3.266522478335553,2022
HOUSE,NY,5,False,GREGORY W MEEKS,PAUL KING,3061718.1,84776.0,True,True,3.336421775951708,2022
HOUSE,NY,6,False,GRACE MENG,THOMAS J ZMICH,1858961.52,122532.53,True,True,2.547083336462411,2022
HOUSE,NY,7,False,NYDIA M VELÃÂZQUEZ,JUAN PAGAN,0.0,,False,True,,2022
HOUSE,NY,8,False,HAKEEM S JEFFRIES,YURI DASHEVSKY,7067288.449999999,9297.74,True,True,5.331683876167547,2022
HOUSE,NY,9,False,YVETTE D CLARKE,,709714.6599999999,,True,,,2022
HOUSE,NY,10,False,DANIEL GOLDMAN,BENINE A HAMDAN,3442134.49,24496.04,True,True,4.249191070020539,2022
HOUSE,NY,11,False,MAX N ROSE,NICOLE MALLIOTAKIS,2807166.65,4026815.61,True,True,-0.3581230599888727,2022
HOUSE,NY,12,False,JERROLD NADLER,MICHAEL K ZUMBLUSKAS,2533766.62,1819.85,True,True,4.558138347316738,2022
HOUSE,NY,13,False,ADRIANO ESPAILLAT,,1176392.55,,True,,,2022
HOUSE,NY,14,False,ALEXANDRIA OCASIO-CORTEZ,TINA FORTE,16246980.52,672734.5,True,True,3.14936126322958,2022
HOUSE,NY,15,False,RITCHIE TORRES,STYLO A SAPASKIS,4093867.13,0.0,True,False,5.104457611218015,2022
HOUSE,NY,16,False,JAMAAL BOWMAN,MIRIAM L FLISSER,1756018.13,,True,True,,2022
HOUSE,NY,17,False,SEAN PATRICK MALONEY,MICHAEL V LAWLER,4966202.859999999,519371.34,True,True,2.215800589527286,2022
HOUSE,NY,18,False,PATRICK RYAN,COLIN J SCHMITT,2329813.3,1405687.79,True,True,0.4983061455242518,2022
HOUSE,NY,19,False,JOSH RILEY,MARCUS MOLINARO,1393940.14,1845690.73,True,True,-0.2763975243451014,2022
HOUSE,NY,20,False,PAUL TONKO,ELIZABETH L JOY,2317785.56,816029.7999999999,True,True,1.0244688172793546,2022
HOUSE,NY,21,False,MATT CASTELLI,ELISE M STEFANIK,1114515.86,10111299.05,True,True,-2.1855194583406257,2022
HOUSE,NY,22,False,FRANCIS CONOLE,BRANDON M WILLIAMS,1072536.07,214202.28,True,True,1.523513456209284,2022
HOUSE,NY,23,False,MAX H DELLA PIA,NICK LANGWORTHY,205425.87,370044.0,True,True,-0.5390679455979274,2022
HOUSE,NY,24,False,STEVEN HOLDEN,CLAUDIA TENNEY,0.0,3744079.03,False,True,-5.015710136605739,2022
HOUSE,NY,25,False,JOSEPH D MORELLE,LAÃ¢ÂÂRON D SINGLETARY,1401997.06,402815.44,True,True,1.2046356695797995,2022
HOUSE,NY,26,False,BRIAN HIGGINS,STEVEN L SAMS II,2444376.5300000003,30794.11,True,True,3.790052672495112,2022
HOUSE,OH,1,False,GREG LANDSMAN,STEVE CHABOT,1091715.4,1482585.81,True,True,-0.3001178720479546,2022
HOUSE,OH,2,False,SAMANTHA MEADOWS,BRAD R WENSTRUP,,2127991.63,True,True,,2022
HOUSE,OH,3,False,JOYCE BEATTY,LEE R STAHLEY,2682248.1100000003,,True,True,,2022
HOUSE,OH,4,False,TAMIE WILSON,JIM JORDAN,22089.93,15821079.6,True,True,-5.818618227123137,2022
HOUSE,OH,5,False,CRAIG SWARTZ,ROBERT E LATTA,13851.77,1891226.52,True,True,-3.898359541391056,2022
HOUSE,OH,6,False,LOUIS G LYRAS,BILL JOHNSON,63878.49,2298762.9,True,True,-3.2636729344038136,2022
HOUSE,OH,7,False,MATTHEW DIEMER,MAX MILLER,152406.46,2271386.61,True,True,-2.560648643316682,2022
HOUSE,OH,8,False,VANESSA ENOCH,WARREN DAVIDSON,20421.52,1350632.97,True,True,-3.410683244442878,2022
HOUSE,OH,9,False,MARCY KAPTUR,J R MAJEWSKI,2577681.2,456830.87,True,True,1.6867042630682476,2022
HOUSE,OH,10,False,DAVID ESRATI,MICHAEL R TURNER,14082.65,1261903.08,True,True,-3.4943152633482084,2022
HOUSE,OH,11,False,SHONTEL M BROWN,ERIC J BREWER,1629320.77,,True,True,,2022
HOUSE,OH,12,False,AMY RIPPEL-ELTON,TROY BALDERSON,,1604473.41,True,True,,2022
HOUSE,OH,13,False,EMILIA SYKES,MADISON GESIOTTO GILBERT,894172.9099999999,939402.52,True,True,-0.0480345045063578,2022
HOUSE,OH,14,False,MATT KILBOY,DAVID P JOYCE,51773.35,2669970.92,True,True,-3.5582851182073223,2022
HOUSE,OH,15,False,GARY JOSEPHSON,MIKE CAREY,5535.45,705693.1,True,True,-3.1751052319993818,2022
HOUSE,OK,1,False,ADAM MARTIN,KEVIN HERN,23769.44,1724072.0099999998,True,True,-3.5797367590820897,2022
HOUSE,OK,2,False,NAOMI ANDREWS,JOSH BRECHEEN,7556.72,282901.91000000003,True,True,-2.246797459264698,2022
HOUSE,OK,3,False,JEREMIAH A ROSS,FRANK D LUCAS,0.0,1565896.0299999998,False,True,-4.153176852497048,2022
HOUSE,OK,4,False,MARY BRANNON,TOM COLE,1438.81,2976254.58,True,True,-4.731952667158801,2022
HOUSE,OK,5,False,JOSHUA HARRIS-TILL,STEPHANIE I BICE,22413.67,2415655.54,True,True,-3.941111362390791,2022
HOUSE,OR,1,False,SUZANNE BONAMICI,CHRISTOPHER A MANN,1349669.62,0.0,True,False,4.0070928799978445,2022
HOUSE,OR,2,False,JOE YETTER,CLIFF BENTZ,28614.75,1085714.62,True,True,-3.0309346721696646,2022
HOUSE,OR,3,False,EARL BLUMENAUER,JOANNA HARBOUR,1909808.37,10075.41,True,True,4.010263251810446,2022
HOUSE,OR,4,False,VAL HOYLE,ALEK SKARLATOS,1156305.49,3157112.97,True,True,-0.990925257729925,2022
HOUSE,OR,5,False,JAMIE MCLEOD-SKINNER,LORI CHAVEZ-DEREMER,1275551.39,1060176.2,True,True,0.1810459505758509,2022
HOUSE,OR,6,False,ANDREA SALINAS,MIKE ERICKSON,1317503.52,1405815.03,True,True,-0.063708063588982,2022
HOUSE,PA,1,False,ASHLEY EHASZ,BRIAN K FITZPATRICK,432259.29,3810151.73,True,True,-2.1267136733780965,2022
HOUSE,PA,2,False,BRENDAN F BOYLE,AARON BASHIR,2883258.81,0.0,True,False,4.756434009137248,2022
HOUSE,PA,3,False,DWIGHT EVANS,,1192960.75,,True,,,2022
HOUSE,PA,4,False,MADELEINE DEAN,CHRISTIAN NASCIMENTO,2124252.0300000003,149397.78,True,True,2.511536385533574,2022
HOUSE,PA,5,False,MARY GAY SCANLON,DAVID GALLUCH,1471541.66,444622.07,True,True,1.1589839003404423,2022
HOUSE,PA,6,False,CHRISSY HOULAHAN,GUY CIARROCCHI,6788617.07,507599.82,True,True,2.54890806369221,2022
HOUSE,PA,7,False,SUSAN WILD,LISA SCHELLER,4277041.75,2567829.97,True,True,0.5063398038760928,2022
HOUSE,PA,8,False,MATT CARTWRIGHT,JIM BOGNET,3793073.84,1445321.7999999998,True,True,0.9542647766874806,2022
HOUSE,PA,9,False,AMANDA R WALDMAN,DANIEL MEUSER,8128.2,972344.58,True,True,-3.404711443686517,2022
HOUSE,PA,10,False,SHAMAINE DANIELS,SCOTT PERRY,81949.79,2182309.2800000003,True,True,-3.027170060377617,2022
HOUSE,PA,11,False,BOB HOLLISTER,LLOYD SMUCKER,130982.51,1890982.95,True,True,-2.508242174164299,2022
HOUSE,PA,12,False,SUMMER LEE,MIKE DOYLE,1069235.87,55035.0,True,True,2.615347524034893,2022
HOUSE,PA,13,False,,JOHN JOYCE,,1940344.6,,True,,2022
HOUSE,PA,14,False,,GUY RESCHENTHALER,,2175989.49,,True,,2022
HOUSE,PA,15,False,MIKE MOLESEVICH,GLENN THOMPSON,,2271911.38,True,True,,2022
HOUSE,PA,16,False,DAN PASTORE,MIKE KELLY,460939.91,1912357.12,True,True,-1.3829950397112265,2022
HOUSE,PA,17,False,CHRIS DELUZIO,JEREMY SHAFFER,918603.66,1429903.66,True,True,-0.4329887380668075,2022
HOUSE,RI,1,False,DAVID N CICILLINE,ALLEN R WATERS,2602714.33,36750.18,True,True,3.750772780777056,2022
HOUSE,RI,2,False,SETH M MAGAZINER,ALLAN W FUNG,2368995.51,1214148.9,True,True,0.6585389586230728,2022
HOUSE,SC,1,False,ANNIE ANDREWS,NANCY MACE,1136231.27,4789695.16,True,True,-1.422191850913154,2022
HOUSE,SC,2,False,JUDD LARKINS,JOE WILSON,62843.89,959107.61,True,True,-2.4161739889845903,2022
HOUSE,SC,3,False,,JEFF DUNCAN,,1779507.77,,True,,2022
HOUSE,SC,4,False,,WILLIAM R TIMMONS IV,,1156870.73,,True,,2022
HOUSE,SC,5,False,EVANGELINE HUNDLEY,RALPH NORMAN,,1400353.56,True,True,,2022
HOUSE,SC,6,False,JAMES E CLYBURN,DUKE BUCKNER,4910153.26,86776.91,True,True,3.787633997235934,2022
HOUSE,SC,7,False,DARYL W SCOTT,RUSSELL FRY,,863073.5199999999,True,True,,2022
HOUSE,SD,0,False,,DUSTY JOHNSON,,3224364.92,,True,,2022
HOUSE,TN,1,False,CAMERON PARSONS,DIANA HARSHBARGER,,1491328.6,True,True,,2022
HOUSE,TN,2,False,MARK HARMON,TIM BURCHETT,19080.7,1724058.15,True,True,-3.6808106770995983,2022
HOUSE,TN,3,False,MEG GORMAN,CHARLES J Ã¢ÂÂCHUCKÃ¢ÂÂ FLEISCHMANN,58177.49,2683322.7,True,True,-3.483108034031762,2022
HOUSE,TN,4,False,WAYNE STEELE,SCOTT DESJARLAIS,3482.15,402592.26,True,True,-2.708892502690602,2022
HOUSE,TN,5,False,HEIDI CAMPBELL,ANDY OGLES,329015.9,584402.0,True,True,-0.5431363210835105,2022
HOUSE,TN,6,False,RANDAL COOPER,JOHN W ROSE,,1943396.77,True,True,,2022
HOUSE,TN,7,False,ODESSA KELLY,MARK E GREEN,0.0,1742392.18,False,True,-4.258384569627438,2022
HOUSE,TN,8,False,LYNNETTE P WILLIAMS,DAVID KUSTOFF,1025.0,2234471.09,True,True,-4.463828419402326,2022
HOUSE,TN,9,False,STEVE COHEN,CHARLOTTE BERGMANN,1610819.48,60815.21,True,True,2.9477029052660084,2022
HOUSE,TX,1,False,JRMAR Ã¢ÂÂJJÃ¢ÂÂ JEFFERSON,NATHANIEL MORAN,0.0,772360.67,False,True,-3.462431286063548,2022
HOUSE,TX,2,False,ROBIN FULFORD,DAN CRENSHAW,109995.84,16806036.34,True,True,-4.825735899086171,2022
HOUSE,TX,3,False,SANDEEP SRIVASTAVA,KEITH SELF,160121.50999999998,0.0,True,False,2.0021365954151173,2022
HOUSE,TX,4,False,IRO OMERE,PAT FALLON,74498.85,188717.37,True,True,-0.7645083548843427,2022
HOUSE,TX,5,False,TARTISHA HILL,LANCE GOODEN,2014.0,1223119.09,True,True,-3.8330377189176414,2022
HOUSE,TX,6,False,,JAKE ELLZEY,,3635508.62,,True,,2022
HOUSE,TX,7,False,LIZZIE FLETCHER,JOHNNY TEAGUE,3258733.39,96369.65,True,True,3.297895435375428,2022
HOUSE,TX,8,False,LAURA JONES,MORGAN LUTTRELL,34760.130000000005,3207750.11,True,True,-3.990749765012383,2022
HOUSE,TX,9,False,AL GREEN,JIMMY I LEON,587852.49,175.10999999999967,True,True,3.192268462754156,2022
HOUSE,TX,10,False,LINDA NUNO,MICHAEL T MCCAUL,,2186650.98,True,True,,2022
HOUSE,TX,11,False,,AUGUST PFLUGER,,3075206.0,,True,,2022
HOUSE,TX,12,False,TREY J HUNT,KAY GRANGER,8146.9,1937473.74,True,True,-4.081011870744994,2022
HOUSE,TX,13,False,KATHLEEN BROWN,RONNY JACKSON,129431.01,4429351.46,True,True,-3.361889294156615,2022
HOUSE,TX,14,False,MIKAL WILLIAMS,"RANDY K WEBER, SR",31724.0,1309799.7000000002,True,True,-3.1583391205253224,2022
HOUSE,TX,15,False,MICHELLE VALLEJO,MONICA DE LA CRUZ,699131.14,,True,True,,2022
HOUSE,TX,16,False,VERONICA ESCOBAR,IRENE ARMENDARIZ JACKSON,1369954.71,244093.5,True,True,1.6455583249268535,2022
HOUSE,TX,17,False,MARY JO WOODS,PETE SESSIONS,,975006.54,True,True,,2022
HOUSE,TX,18,False,SHEILA JACKSON LEE,CARMEN MARIA MONTIEL,845063.99,50566.3,True,True,2.443556344061984,2022
HOUSE,TX,19,False,,JODEY C ARRINGTON,,2888704.62,,True,,2022
HOUSE,TX,20,False,JOAQUIN CASTRO,KYLE SINCLAIR,701667.14,150490.0,True,True,1.4208864572654445,2022
HOUSE,TX,21,False,CLAUDIA ANDREANA ZAPATA,CHIP ROY,77500.23000000001,2366029.4,True,True,-3.1496142210147577,2022
HOUSE,TX,22,False,JAMIE KAYE JORDAN,TROY E NEHLS,,995049.65,True,True,,2022
HOUSE,TX,23,False,JOHN LIRA,TONY GONZALES,486541.63,3561577.55,True,True,-1.9475247279305643,2022
HOUSE,TX,24,False,JAN MCDOWELL,BETH VAN DUYNE,44677.0,3299574.67,True,True,-3.86522674845422,2022
HOUSE,TX,25,False,,ROGER WILLIAMS,,1541834.7400000002,,True,,2022
HOUSE,TX,26,False,,MICHAEL C BURGESS,,1155982.88,,True,,2022
HOUSE,TX,27,False,"MACLOVIO PEREZ, JR",MICHAEL CLOUD,7369.55,1124991.25,True,True,-3.5702914465520643,2022
HOUSE,TX,28,False,HENRY CUELLAR,CASSY GARCIA,4983143.29,627690.22,True,True,2.037717902975125,2022
HOUSE,TX,29,False,SYLVIA R GARCIA,ROBERT SCHAFRANEK,885860.4299999999,,True,True,,2022
HOUSE,TX,30,False,JASMINE CROCKETT,JAMES RODGERS,664137.07,21815.0,True,True,2.689236527330239,2022
HOUSE,TX,31,False,,JOHN R CARTER,,1346213.14,,True,,2022
HOUSE,TX,32,False,COLIN Z ALLRED,ANTONIO SWAD,3101706.5,2332596.0,True,True,0.2823377583416833,2022
HOUSE,TX,33,False,MARC A VEASEY,PATRICK DAVID GILLESPIE,1847112.72,0.0,True,False,4.31594704403178,2022
HOUSE,TX,34,False,VICENTE GONZALEZ,MAYRA FLORES,3677049.7,1357059.86,True,True,0.9853116007916908,2022
HOUSE,TX,35,False,GREG CASAR,DAN MCQUEEN,1321915.77,12010.0,True,True,3.5943844965055245,2022
HOUSE,TX,36,False,JON HAIRE,BRIAN BABIN,40880.99,1579614.31,True,True,-3.192788768871288,2022
HOUSE,TX,37,False,LLOYD DOGGETT,JENNY GARCIA SHARON,6095868.67,17581.92,True,True,4.968029554935357,2022
HOUSE,TX,38,False,DUNCAN F KLUSSMANN,WESLEY HUNT,180323.83,4607752.71,True,True,-3.1163181168828693,2022
HOUSE,UT,1,False,RICK EDWIN JONES,BLAKE D MOORE,,1632264.45,True,True,,2022
HOUSE,UT,2,False,NICK MITCHELL,CHRIS STEWART,14158.88,1124628.41,True,True,-3.379566830762654,2022
HOUSE,UT,3,False,GLENN J WRIGHT,JOHN R CURTIS,3905.0,2144208.91,True,True,-4.3181032319291015,2022
HOUSE,UT,4,False,DARLENE MCDONALD,BURGESS OWENS,58591.05,3253799.68,True,True,-3.6692962262388553,2022
HOUSE,VA,1,False,"HERBERT C Ã¢ÂÂHERBÃ¢ÂÂ JONES, JR",ROBERT J WITTMAN,63572.0,1817495.38,True,True,-3.0350603360217456,2022
HOUSE,VA,2,False,ELAINE G LURIA,JEN A KIGGANS,6239286.970000001,1569966.7200000002,True,True,1.3680118994035944,2022
HOUSE,VA,3,False,ROBERT C Ã¢ÂÂBOBBYÃ¢ÂÂ SCOTT,TERRY T NAMKUNG,887233.54,107015.33,True,True,1.9329779796475384,2022
HOUSE,VA,4,False,A DONALD MCEACHIN,"LEON BENJAMIN, SR",958144.08,316423.05,True,True,1.0576333569344436,2022
HOUSE,VA,5,False,JOSHUA M THRONEBURG,BOB GOOD,446579.21,986022.54,True,True,-0.7626304298075891,2022
HOUSE,VA,6,False,JENNIFER LYNN LEWIS,BEN CLINE,463692.17,948192.41,True,True,-0.6888490298170853,2022
HOUSE,VA,7,False,ABIGAIL DAVIS SPANBERGER,YESLI I VEGA,6256755.62,742209.53,True,True,2.102644832432604,2022
HOUSE,VA,8,False,"DONALD S BEYER, JR",KARINA A LIPSMAN,2394615.5700000003,154997.22,True,True,2.598422544833481,2022
HOUSE,VA,9,False,TAYSHA LEE DEVAUGHAN,H MORGAN GRIFFITH,19264.0,1049950.7999999998,True,True,-3.1898584664767324,2022
HOUSE,VA,10,False,JENNIFER WEXTON,HUNG CAO,4845106.4,982756.38,True,True,1.575389330974765,2022
HOUSE,VA,11,False,GERALD E CONNOLLY,JAMES G Ã¢ÂÂJIMÃ¢ÂÂ MYLES,4763915.85,52991.75,True,True,4.117456276805303,2022
HOUSE,VT,0,False,BECCA BALINT,LIAM MADDEN,1118646.79,36471.0,True,True,2.923411855381796,2022
HOUSE,WA,1,False,SUZAN K DELBENE,VINCENT J CAVELERI,3190798.39,94947.13,True,True,3.2887798762938014,2022
HOUSE,WA,2,False,RICK LARSEN,DAN MATTHEWS,1527233.06,27999.7,True,True,3.37716360383618,2022
HOUSE,WA,3,False,MARIE GLUESENKAMP PEREZ,JOE KENT,241424.45,2251190.7,True,True,-2.145167865348426,2022
HOUSE,WA,4,False,DOUG WHITE,DAN NEWHOUSE,390733.97,1970430.39,True,True,-1.5685694798878096,2022
HOUSE,WA,5,False,NATASHA HILL,CATHY MCMORRIS RODGERS,157011.01,5907983.5600000005,True,True,-3.484215315560045,2022
HOUSE,WA,6,False,DEREK KILMER,ELIZABETH KREISELMAIER,5063423.83,325484.76,True,True,2.675406176684563,2022
HOUSE,WA,7,False,PRAMILA JAYAPAL,CLIFF MOON,4064638.11,,True,True,,2022
HOUSE,WA,8,False,KIM SCHRIER,MATT LARKIN,7937124.91,970033.0,True,True,2.0796752892687174,2022
HOUSE,WA,9,False,ADAM SMITH,DOUG BASLER,1636843.4,55461.48,True,True,3.0279041865637053,2022
HOUSE,WA,10,False,MARILYN STRICKLAND,KEITH R SWANK,1555666.53,65725.88,True,True,2.857759238801961,2022
HOUSE,WI,1,False,ANN ROE,BRYAN STEIL,510768.56000000006,3209478.29,True,True,-1.7979206466729554,2022
HOUSE,WI,2,False,MARK POCAN,ERIK OLSEN,1666503.39,21672.0,True,True,3.590228579231728,2022
HOUSE,WI,3,False,BRAD PFAFF,DERRICK VAN ORDEN,722498.51,4624159.890000001,True,True,-1.827709501489803,2022
HOUSE,WI,4,False,GWEN MOORE,TIM ROGERS,954274.07,,True,True,,2022
HOUSE,WI,5,False,MIKE VAN SOMEREN,SCOTT FITZGERALD,76967.17,967040.38,True,True,-2.2751129133713395,2022
HOUSE,WI,6,False,,GLENN GROTHMAN,,1442784.91,,True,,2022
HOUSE,WI,7,False,RICHARD DICK AUSMAN,THOMAS P TIFFANY,-649.42,973999.4,True,True,-3.7141985095010006,2022
HOUSE,WI,8,False,JULIE HANCOCK,MIKE GALLAGHER,,4017299.67,True,True,,2022
HOUSE,WV,1,False,LACY WATSON,CAROL D MILLER,0.0,1023187.88,False,True,-3.735942298754139,2022
HOUSE,WV,2,False,BARRY LEE WENDELL,ALEXANDER X MOONEY,6519.0,3937421.71,True,True,-4.834020121663566,2022
HOUSE,WY,0,False,LYNNETTE GREYBULL,HARRIET HAGEMAN,32675.21,4411364.279999999,True,True,-4.3427630189793085,2022
SEN,AL,0,False,WILL BOYD,KATIE BRITT,54315.77,8900428.51,True,True,-4.723222643881092,2022
SEN,AR,0,False,NATALIE JAMES,JOHN BOOZMAN,46783.38,7354679.609999999,True,True,-4.632832530436722,2022
SEN,AZ,0,False,MARK KELLY,BLAKE MASTERS,58872069.44,4950182.199999999,True,True,2.4713293415254944,2022
SEN,CA,0,False,ALEX PADILLA,MARK P. MEUSER,10688202.66,495881.35,True,True,3.023709872594002,2022
SEN,CA,0,True,ALEX PADILLA,MARK P. MEUSER,10688202.66,495881.35,True,True,3.023709872594002,2022
SEN,CO,0,False,MICHAEL BENNET,JOE O'DEA,16602234.25,3445236.66,True,True,1.5668191751274607,2022
SEN,FL,0,False,VAL DEMINGS,MARCO RUBIO,48688114.28,38316080.99,True,True,0.2394263488452334,2022
SEN,GA,0,False,RAPHAEL WARNOCK,HERSCHEL JUNIOR WALKER,65988827.51,20105065.16,True,True,1.1876497512037965,2022
SEN,HI,0,False,"SCHATZ, BRIAN","MCDERMOTT, BOB",6563598.67,,True,True,,2022
SEN,IA,0,False,MICHAEL FRANKEN,CHUCK GRASSLEY,4633291.95,8899449.03,True,True,-0.6501457458141262,2022
SEN,ID,0,False,DAVID ROTH,MIKE CRAPO,26146.61,9495643.02,True,True,-5.226521455080574,2022
SEN,IL,0,False,,KATHY SALVI,,434743.91,,True,,2022
SEN,IN,0,False,"THOMAS M. MCDERMOTT, JR.",TODD YOUNG,661381.37,13929795.99,True,True,-3.012145120533614,2022
SEN,KS,0,False,MARK R. HOLLAND,JERRY MORAN,437100.54,7477333.14,True,True,-2.787186850026958,2022
SEN,KY,0,False,CHARLES BOOKER,RAND PAUL,4539152.87,23396304.81,True,True,-1.6354131439300257,2022
SEN,LA,0,False,"GARY CHAMBERS, JR.",JOHN KENNEDY,1487524.34,30600329.8,True,True,-3.008047434431139,2022
SEN,MD,0,False,,CHRIS CHAFFEE,,,,True,,2022
SEN,MO,0,False,TRUDY BUSCH VALENTINE,ERIC SCHMITT,3415784.72,3640437.25,True,True,-0.0632480708018118,2022
SEN,NC,0,False,CHERI BEASLEY,TED BUDD,16023111.57,7518276.2,True,True,0.7549345865317467,2022
SEN,ND,0,False,KATRINA CHRISTIANSEN,JOHN HOEVEN,27547.94,5600233.75,True,True,-4.6732918859713575,2022
SEN,NH,0,False,MAGGIE HASSAN,DONALD C. BOLDUC,31788460.39,708871.21,True,True,3.7693112119100327,2022
SEN,NV,0,False,"CORTEZ MASTO, CATHERINE","LAXALT, ADAM PAUL",30810532.25,7239536.54,True,True,1.4456631680668794,2022
SEN,NY,0,False,CHARLES E. SCHUMER,JOE PINION,50005534.74,254396.92,True,True,5.187755369672044,2022
SEN,OH,0,False,TIM RYAN,JD VANCE,21773131.6,3530709.6100000003,True,True,1.813269607362635,2022
SEN,OK,0,False,MADISON HORN,JAMES LANKFORD,157452.54,7289444.31,True,True,-3.691116260337112,2022
SEN,OK,0,True,KENDRA HORN,MARKWAYNE MULLIN,982110.54,4339394.0,True,True,-1.466393968727672,2022
SEN,OR,0,False,WYDEN RON,PERKINS JO RAE,16449071.07,116633.6,True,True,4.756299532315709,2022
SEN,PA,0,False,JOHN K FETTERMAN,MEHMET C OZ,26048129.26,18882064.59,True,True,0.3213696136751199,2022
SEN,SC,0,False,KRYSTLE MATTHEWS,TIM SCOTT,36897.53,50355870.17,True,True,-6.701886546064303,2022
SEN,SD,0,False,BRIAN L BENGS,JOHN R THUNE,151531.68,22012285.65,True,True,-4.82699074970452,2022
SEN,UT,0,False,,MIKE LEE,,6909912.109999999,,True,,2022
SEN,VT,0,False,PETER WELCH,GERALD MALLOY,4611564.06,139856.22,True,True,3.336655166524427,2022
SEN,WA,0,False,PATTY MURRAY,TIFFANY SMILEY,18553566.89,7094565.58,True,True,0.959161889031152,2022
SEN,WI,0,False,MANDELA BARNES,RON JOHNSON,7004077.3100000005,18246030.28,True,True,-0.9552613138463674,2022
HOUSE,AK,0,False,MARY SATTLER PELTOLA,NICK BEGICH,9193556.2,1299558.13,True,True,1.940139513919592,2024
HOUSE,AL,1,False,TOM HOLMES,BARRY MOORE,3023.57,1490455.25,True,True,-3.990425226066779,2024
HOUSE,AL,2,False,SHOMARI FIGURES,CAROLEENE DOBSON,894272.6,2218688.45,True,True,-0.8922937149665655,2024
HOUSE,AL,3,False,,MIKE ROGERS,,3425313.63,,True,,2024
HOUSE,AL,4,False,,ROBERT B. ADERHOLT,,2309599.18,,True,,2024
HOUSE,AL,5,False,,DALE W. STRONG,,1191488.86,,True,,2024
HOUSE,AL,6,False,ELIZABETH ANDERSON,GARY J. PALMER,48706.0,2039599.34,True,True,-3.332607255349153,2024
HOUSE,AL,7,False,TERRI A. SEWELL,ROBIN LITAKER,5448567.16,25964.43,True,True,4.676557876085804,2024
HOUSE,AR,1,False,RODNEY GOVENS,"ERIC A. \""RICK\"" CRAWFORD",49022.67,1525030.85,True,True,-3.0416587153015047,2024
HOUSE,AR,2,False,MARCUS A. JONES,J. FRENCH HILL,205915.71,3995525.74,True,True,-2.857115201998793,2024
HOUSE,AR,3,False,CAITLIN DRAPER,STEVE WOMACK,144533.78,4030331.16,True,True,-3.1747354312927376,2024
HOUSE,AR,4,False,RISIE HOWARD,BRUCE WESTERMAN,4193.48,3745942.38,True,True,-4.861134820704381,2024
HOUSE,AZ,1,False,AMISH SHAH,DAVID SCHWEIKERT,1466987.0,2919971.09,True,True,-0.6799902118101161,2024
HOUSE,AZ,2,False,JONATHAN NEZ,ELIJAH CRANE,1173120.1,5835927.83,True,True,-1.5875541787342344,2024
HOUSE,AZ,3,False,YASSAMIN ANSARI,JEFF ZINK,1886723.73,65100.89,True,True,3.054830548014514,2024
HOUSE,AZ,4,False,GREG STANTON,KELLY COOPER,2102066.17,672205.2100000001,True,True,1.115419137894223,2024
HOUSE,AZ,5,False,KATRINA SCHAFFNER,ANDY BIGGS,48510.43,1492549.95,True,True,-3.0274251374589976,2024
HOUSE,AZ,6,False,KIRSTEN ENGEL,JUAN CISCOMANI,4387242.83,4532365.51,True,True,-0.032361579127733,2024
HOUSE,AZ,7,False,RAÃºL M. GRIJALVA,"DANIEL FRANCIS BUTIEREZ, SR.",686722.8899999999,31234.91,True,True,2.538150897788091,2024
HOUSE,AZ,8,False,GREGORY WHITTEN,"ABRAHAM \""ABE\"" HAMADEH",312973.01,1365356.94,True,True,-1.4143497443027175,2024
HOUSE,AZ,9,False,QUACY SMITH,PAUL A. GOSAR,123845.46,503446.67,True,True,-1.2670333054950995,2024
HOUSE,CA,1,False,ROSE PENELOPE YEE,DOUG LAMALFA,31992.0,1057708.02,True,True,-2.944309700589574,2024
HOUSE,CA,2,False,JARED HUFFMAN,CHRIS COULOMBE,1918369.89,97291.08,True,True,2.7657746971917843,2024
HOUSE,CA,3,False,JESSICA MORSE,KEVIN KILEY,2218112.5,3040815.72,True,True,-0.3124492639514515,2024
HOUSE,CA,4,False,MIKE THOMPSON,JOHN MUNN,3672368.28,98198.18,True,True,3.401582291617056,2024
HOUSE,CA,5,False,"MICHAEL J. \""MIKE\"" BARKLEY",TOM MCCLINTOCK,50219.97,1088446.33,True,True,-2.6947985319524315,2024
HOUSE,CA,6,False,AMI BERA,CHRISTINE BISH,2720269.13,116448.62,True,True,2.9656978512510825,2024
HOUSE,CA,7,False,DORIS O. MATSUI,TOM SILVA,1236300.21,4850.0,True,True,3.743713540749409,2024
HOUSE,CA,8,False,JOHN GARAMENDI,RUDY RECILE,2045964.11,18902.7,True,True,3.853793709846326,2024
HOUSE,CA,9,False,JOSH HARDER,KEVIN LINCOLN,4966577.8,1353183.88,True,True,1.2869854487129673,2024
HOUSE,CA,10,False,MARK DESAULNIER,KATHERINE PICCININI,1059421.48,18627.28,True,True,3.21311928284998,2024
HOUSE,CA,11,False,NANCY PELOSI,BRUCE LOU,10663478.09,118353.99,True,True,4.31160460033574,2024
HOUSE,CA,12,False,LATEEFAH SIMON,,1407418.7,,True,,,2024
HOUSE,CA,13,False,ADAM GRAY,JOHN S. DUARTE,2756025.81,3222001.43,True,True,-0.1549120774841474,2024
HOUSE,CA,14,False,ERIC SWALWELL,VIN KRUTTIVENTI,4226238.38,821577.8,True,True,1.6137634977981394,2024
HOUSE,CA,15,False,KEVIN MULLIN,ANNA CHENG KRAMER,777225.38,102703.98,True,True,1.8376746614809945,2024
HOUSE,CA,16,False,SAM LICCARDO,,4338802.71,,True,,,2024
HOUSE,CA,17,False,RO KHANNA,ANITA CHEN,14443179.55,36276.5,True,True,5.464310594222801,2024
HOUSE,CA,18,False,ZOE LOFGREN,PETER D. HERNANDEZ,2420902.05,172996.12000000002,True,True,2.5139218359309785,2024
HOUSE,CA,19,False,JIMMY PANETTA,JASON MICHAEL ANDERSON,4908844.37,13981.27,True,True,4.840792479873347,2024
HOUSE,CA,20,False,,VINCE FONG,,1748785.38,,True,,2024
HOUSE,CA,21,False,JIM COSTA,MICHAEL MAHER,1702359.73,499343.94,True,True,1.192201511034067,2024
HOUSE,CA,22,False,RUDY SALAS,DAVID G. VALADAO,3218143.51,3556735.64,True,True,-0.0993044199882703,2024
HOUSE,CA,23,False,DEREK MARSHALL,JAY OBERNOLTE,484200.72,1579774.18,True,True,-1.1478960471809652,2024
HOUSE,CA,24,False,SALUD O. CARBAJAL,THOMAS COLE,3802169.49,21946.7,True,True,4.40086785675498,2024
HOUSE,CA,25,False,RAUL RUIZ,IAN M. WEEKS,3707543.01,105346.99,True,True,3.354645004018154,2024
HOUSE,CA,26,False,JULIA BROWNLEY,MICHAEL KOSLOW,1677035.89,51334.66,True,True,3.104453301219749,2024
HOUSE,CA,27,False,GEORGE WHITESIDES,MIKE GARCIA,5806593.08,4695503.68,True,True,0.2113747128409455,2024
HOUSE,CA,28,False,JUDY CHU,APRIL A. VERLATO,4556670.01,295064.0,True,True,2.6612978658544297,2024
HOUSE,CA,29,False,LUZ MARIA RIVAS,BENITO BENNY BERNAL,631543.1599999999,,True,True,,2024
HOUSE,CA,30,False,LAURA FRIEDMAN,ALEX BALEKIAN,1403603.86,295782.69,True,True,1.4936890089795227,2024
HOUSE,CA,31,False,GIL CISNEROS,DANIEL JOSE BOCIC MARTINEZ,,,True,True,,2024
HOUSE,CA,32,False,BRAD SHERMAN,LARRY THOMPSON,4435397.649999999,99184.0,True,True,3.581228863508348,2024
HOUSE,CA,33,False,PETE AGUILAR,TOM HERMAN,6575344.04,2126.11,True,True,5.494380321246323,2024
HOUSE,CA,34,False,JIMMY GOMEZ,,2143273.01,,True,,,2024
HOUSE,CA,35,False,NORMA J. TORRES,MIKE CARGILE,1078310.7,151229.03999999998,True,True,1.834286153262644,2024
HOUSE,CA,36,False,TED LIEU,MELISSA TOOMIM,2781846.19,19636.95,True,True,4.141254788339524,2024
HOUSE,CA,37,False,SYDNEY KAMLAGER-DOVE,,970229.72,,True,,,2024
HOUSE,CA,38,False,LINDA T. SÃ¡NCHEZ,ERIC J. CHING,1760805.5300000005,136393.0,True,True,2.403782485342416,2024
HOUSE,CA,39,False,MARK TAKANO,DAVID SERPA,1466319.63,26133.96,True,True,3.3729678089632253,2024
HOUSE,CA,40,False,JOE KERR,YOUNG KIM,1698184.7400000002,6997829.79,True,True,-1.404992069038418,2024
HOUSE,CA,41,False,WILL ROLLINS,KEN CALVERT,7231617.51,6091447.02,True,True,0.1709324369035621,2024
HOUSE,CA,42,False,ROBERT GARCIA,JOHN BRISCOE,1384559.37,323364.56,True,True,1.3977829133408468,2024
HOUSE,CA,43,False,MAXINE WATERS,STEVE WILLIAMS,303005.85,,True,True,,2024
HOUSE,CA,44,False,NANETTE DIAZ BARRAGÃ¡N,ROGER GROH,2564706.05,,True,True,,2024
HOUSE,CA,45,False,DEREK TRAN,MICHELLE STEEL,2259822.24,6999807.16,True,True,-1.123159537299917,2024
HOUSE,CA,46,False,J. LUIS CORREA,DAVID PAN,2648989.42,60201.31,True,True,3.446309991730842,2024
HOUSE,CA,47,False,DAVE MIN,SCOTT BAUGH,3614901.27,3099411.54,True,True,0.1527105993980855,2024
HOUSE,CA,48,False,STEPHEN HOULAHAN,DARRELL ISSA,33750.08,1960739.45,True,True,-3.520454127919574,2024
HOUSE,CA,49,False,MIKE LEVIN,MATT GUNDERSON,4305603.02,1753190.5,True,True,0.8901105236972914,2024
HOUSE,CA,50,False,SCOTT H. PETERS,PETER J. BONO,3695278.91,0.0,True,False,5.002678095394898,2024
HOUSE,CA,51,False,SARA JACOBS,BILL WELLS,1666357.76,688194.72,True,True,0.8635324109328238,2024
HOUSE,CA,52,False,JUAN VARGAS,JUSTIN LEE,1040830.58,,True,True,,2024
HOUSE,CO,1,False,DIANA DEGETTE,VALDAMAR ARCHULETA,1214359.95,7682.55,True,True,3.6355090596595496,2024
HOUSE,CO,2,False,JOE NEGUSE,MARSHALL DAWSON,3638408.85,37385.23,True,True,4.07282082407194,2024
HOUSE,CO,3,False,ADAM FRISCH,JEFF HURD,15265211.46,1205019.86,True,True,2.520182534204118,2024
HOUSE,CO,4,False,TRISHA CALVARESE,LAUREN BOEBERT,297949.52,5222462.22,True,True,-2.788003825870816,2024
HOUSE,CO,5,False,RIVER GASSEN,JEFF CRANK,66666.48999999999,609546.75,True,True,-1.9347540827793648,2024
HOUSE,CO,6,False,JASON CROW,JOHN E. FABBRICATORE,3255328.17,84984.87,True,True,3.39535593732498,2024
HOUSE,CO,7,False,BRITTANY PETTERSEN,SERGEI MATVEYUK,1989014.12,14899.18,True,True,3.921529311871277,2024
HOUSE,CO,8,False,YADIRA CARAVEO,GABE EVANS,4595540.2,1020419.6,True,True,1.4860932887400011,2024
HOUSE,CT,1,False,JOHN B. LARSON,JIM GRIFFIN,1648841.01,2966.0,True,True,4.0918867838151085,2024
HOUSE,CT,2,False,JOE COURTNEY,MIKE FRANCE,1203496.47,571361.29,True,True,0.7226996438534273,2024
HOUSE,CT,3,False,ROSA L. DELAURO,MICHAEL MASSEY,1464082.58,3044.27,True,True,3.9721311581602223,2024
HOUSE,CT,4,False,JAMES A. HIMES,MICHAEL GOLDSTEIN,3310295.84,108921.16,True,True,3.215065393470265,2024
HOUSE,CT,5,False,JAHANA HAYES,GEORGE LOGAN,3237707.13,1693766.34,True,True,0.6409504694594867,2024
HOUSE,DC,0,False,ELEANOR HOLMES NORTON,MYRTLE PATRICIA ALEXANDER,313314.42,,True,True,,2024
HOUSE,DE,0,False,SARAH MCBRIDE,JOHN J. WHALEN III,2976900.27,2285.0,True,True,4.7006636898175,2024
HOUSE,FL,1,False,GAY VALIMONT,MATT GAETZ,695641.61,6602665.49,True,True,-2.2188659678574125,2024
HOUSE,FL,2,False,YEN BAILEY,NEAL P. DUNN,17019.0,1634852.02,True,True,-3.676361835856326,2024
HOUSE,FL,3,False,TOM WELLS,KAT CAMMACK,40972.11,2299005.95,True,True,-3.561815601250935,2024
HOUSE,FL,4,False,"LASHONDA \""L. J.\"" HOLLOWAY",AARON BEAN,25639.32,1498768.37,True,True,-3.4042133868805404,2024
HOUSE,FL,5,False,JAY MCGOVERN,JOHN H. RUTHERFORD,5246.98,962857.21,True,True,-3.486141818229438,2024
HOUSE,FL,6,False,JAMES DAVID STOCKTON III,MICHAEL WALTZ,18386.0,3150579.16,True,True,-4.293108498869192,2024
HOUSE,FL,7,False,JENNIFER ADAMS,CORY MILLS,193444.28,1345756.7,True,True,-1.8365872315342884,2024
HOUSE,FL,8,False,SANDY KENNEDY,MIKE HARIDOPOLOS,21673.63,1242645.38,True,True,-3.301737090017287,2024
HOUSE,FL,9,False,DARREN SOTO,THOMAS CHALIFOUX,1602946.59,2082376.63,True,True,-0.2581244107107618,2024
HOUSE,FL,10,False,MAXWELL FROST,WILLIE J. MONTAGUE,3569221.97,21268.15,True,True,4.352629007295738,2024
HOUSE,FL,11,False,BARBIE HARDEN HALL,DANIEL WEBSTER,35447.93,1239579.53,True,True,-3.0407126252586103,2024
HOUSE,FL,12,False,"ROCK ABOUJAOUDE, JR.",GUS M. BILIRAKIS,17063.010000000002,1711887.12,True,True,-3.7206810463763738,2024
HOUSE,FL,13,False,WHITNEY FOX,ANNA PAULINA LUNA,845050.91,2427360.38,True,True,-1.0362545329774129,2024
HOUSE,FL,14,False,KATHY CASTOR,"ROBERT \""ROCKY\"" ROCHFORD",1300400.69,55052.37,True,True,2.8067890547511465,2024
HOUSE,FL,15,False,"PATRICIA \""PAT\"" KEMP",LAUREL M. LEE,260193.68,1876378.8,True,True,-1.897166057776779,2024
HOUSE,FL,16,False,JAN SCHNEIDER,VERN BUCHANAN,54086.0,3159236.73,True,True,-3.695432026116447,2024
HOUSE,FL,17,False,MANNY LOPEZ,W. GREGORY STEUBE,7318.07,2409681.71,True,True,-4.321944795870412,2024
HOUSE,FL,18,False,ANDREA DORIA KALE,SCOTT FRANKLIN,27445.26,995072.66,True,True,-2.967859180059441,2024
HOUSE,FL,19,False,KARI L. LERNER,BYRON DONALDS,137489.72,5765120.85,True,True,-3.5732937043124213,2024
HOUSE,FL,20,False,SHEILA CHERFILUS-MCCORMICK,,539097.3200000001,,True,,,2024
HOUSE,FL,21,False,THOMAS WITKOP,BRIAN J. MAST,154338.47999999998,5470909.34,True,True,-3.422484368166315,2024
HOUSE,FL,22,False,LOIS FRANKEL,DAN FRANZESE,2140079.46,1032497.05,True,True,0.7165522205231741,2024
HOUSE,FL,23,False,JARED MOSKOWITZ,"JOSEPH \""JOE\"" KAUFMAN",1734199.74,107718.25,True,True,2.58438583130484,2024
HOUSE,FL,24,False,FREDERICA S. WILSON,JESUS GABRIEL NAVARRO,929825.44,,True,True,,2024
HOUSE,FL,25,False,DEBBIE WASSERMAN SCHULTZ,CHRIS EDDY,3251558.66,309145.5,True,True,2.282972434709148,2024
HOUSE,FL,26,False,JOEY ATKINS,MARIO DIAZ-BALART,36675.0,3185676.31,True,True,-3.952358219990462,2024
HOUSE,FL,27,False,LUCIA BAEZ-GELLER,MARIA ELVIRA SALAZAR,355055.87,2714739.36,True,True,-1.9752998025410304,2024
HOUSE,FL,28,False,PHIL EHR,CARLOS A. GIMENEZ,,1831226.35,True,True,,2024
HOUSE,GA,1,False,PATTI HEWITT,"EARL L. \""BUDDY\"" CARTER",30779.83,3966445.19,True,True,-4.270496312804398,2024
HOUSE,GA,2,False,"SANFORD D. BISHOP, JR.",A. WAYNE JOHNSON,1648122.6,95074.77,True,True,2.634332347752494,2024
HOUSE,GA,3,False,MAURA KELLER,BRIAN JACK,49458.19,1776507.19,True,True,-3.186141161503056,2024
HOUSE,GA,4,False,"HENRY C. \""HANK\"" JOHNSON, JR.",EUGENE YU,573701.47,65508.05,True,True,1.8893242962218693,2024
HOUSE,GA,5,False,NIKEMA WILLIAMS,"JOHN \""BONGO\"" SALVESEN",771667.93,0.0,True,False,3.4615621171620474,2024
HOUSE,GA,6,False,LUCY MCBATH,JEFF CRISWELL,2770621.9,20896.44,True,True,4.109422311165303,2024
HOUSE,GA,7,False,BOB CHRISTIAN,RICHARD MCCORMICK,324502.65,1838846.18,True,True,-1.6738863264757349,2024
HOUSE,GA,8,False,DARRIUS BUTLER,AUSTIN SCOTT,11560.55,1685177.2,True,True,-3.845382479622456,2024
HOUSE,GA,9,False,TAMBREI CASH,ANDREW S. CLYDE,8143.179999999999,526570.9,True,True,-2.811933424964645,2024
HOUSE,GA,10,False,"ALEXANDRA \""LEXY\"" DOHERTY",MIKE COLLINS,38724.0,1471615.89,True,True,-3.1564005072786845,2024
HOUSE,GA,11,False,"KATY \""KATE\"" L. STAMPER",BARRY LOUDERMILK,27987.29,919577.86,True,True,-2.880686045222813,2024
HOUSE,GA,12,False,"ELIZABETH \""LIZ\"" JOHNSON",RICK W. ALLEN,11247.89,1893088.62,True,True,-3.968703286045512,2024
HOUSE,GA,13,False,DAVID SCOTT,JONATHAN CHAVEZ,1788673.48,,True,True,,2024
HOUSE,GA,14,False,SHAWN HARRIS,MARJORIE TAYLOR GREENE,601515.64,8884528.15,True,True,-2.654702823600556,2024
HOUSE,HI,1,False,ED CASE,PATRICK C. LARGEY,1018617.25,,True,True,,2024
HOUSE,HI,2,False,JILL N. TOKUDA,STEVE BOND,974990.45,,True,True,,2024
HOUSE,IA,1,False,CHRISTINA BOHANNAN,MARIANNETTE MILLER-MEEKS,3467877.23,4213544.88,True,True,-0.1934942038926328,2024
HOUSE,IA,2,False,SARAH CORKERY,ASHLEY HINSON,254879.65,4457694.42,True,True,-2.773619888315411,2024
HOUSE,IA,3,False,LANON BACCAM,ZACHARY NUNN,2712842.6,4131037.56,True,True,-0.417391872735378,2024
HOUSE,IA,4,False,RYAN MELTON,RANDY FEENSTRA,66749.23,4809255.94,True,True,-3.9644234111335366,2024
HOUSE,ID,1,False,KAYLEE PETERSON,RUSS FULCHER,171961.58,661421.55,True,True,-1.2484832590312087,2024
HOUSE,ID,2,False,DAVID ROTH,MICHAEL K. SIMPSON,68278.5,1485602.77,True,True,-2.7846743937307346,2024
HOUSE,IL,1,False,JONATHAN L. JACKSON,MARCUS LEWIS,557164.83,,True,True,,2024
HOUSE,IL,2,False,ROBIN L. KELLY,ASHLEY RAMOS,2957999.0300000003,,True,True,,2024
HOUSE,IL,3,False,DELIA C. RAMIREZ,JOHN BOORAS,981041.12,,True,True,,2024
HOUSE,IL,4,False,"JESÃºS G. \""CHUY\"" GARCÃ­A",LUPE CASTILLO,0.0,0.0,False,False,0.0,2024
HOUSE,IL,5,False,MIKE QUIGLEY,TOMMY HANSON,2098494.55,4874.64,True,True,4.263808423262625,2024
HOUSE,IL,6,False,SEAN CASTEN,NIKI CONFORTI,2604181.83,84771.0,True,True,3.176031607903222,2024
HOUSE,IL,7,False,DANNY K. DAVIS,CHAD KOPPIE,957799.06,,True,True,,2024
HOUSE,IL,8,False,RAJA KRISHNAMOORTHI,MARK RICE,20005315.04,242787.0,True,True,4.314810268554094,2024
HOUSE,IL,9,False,JANICE D. SCHAKOWSKY,SETH ALAN COHEN,2295435.81,5578.12,True,True,4.329225575636041,2024
HOUSE,IL,10,False,BRADLEY SCOTT SCHNEIDER,JIM CARRIS,3373398.58,485945.81,True,True,1.894796056150191,2024
HOUSE,IL,11,False,BILL FOSTER,JERRY EVANS,3404936.52,449862.0500000001,True,True,1.977272691898445,2024
HOUSE,IL,12,False,BRIAN ROBERTS,MIKE BOST,,3281820.67,True,True,,2024
HOUSE,IL,13,False,NIKKI BUDZINSKI,JOSHUA LOYD,3426193.12,24263.38,True,True,4.249294276275404,2024
HOUSE,IL,14,False,LAUREN UNDERWOOD,"JAMES T. \""JIM\"" MARTER",4152123.5,184488.71,True,True,2.992708283039471,2024
HOUSE,IL,15,False,,MARY E. MILLER,,1556781.39,,True,,2024
HOUSE,IL,16,False,,DARIN LAHOOD,,7204167.89,,True,,2024
HOUSE,IL,17,False,ERIC SORENSEN,JOE MCGRAW,3702053.67,849256.64,True,True,1.4499993287014084,2024
HOUSE,IN,1,False,FRANK J. MRVAN,RANDY NIEMEYER,2475976.58,645359.41,True,True,1.316622565187303,2024
HOUSE,IN,2,False,LORI A. CAMP,RUDY YAKYM III,37901.48,2542308.13,True,True,-3.709043515886544,2024
HOUSE,IN,3,False,KILEY M. ADOLPH,MARLIN A. STUTZMAN,40454.0,,True,True,,2024
HOUSE,IN,4,False,DERRICK HOLDER,JAMES R. BAIRD,1705.61,840379.35,True,True,-3.4782943100128305,2024
HOUSE,IN,5,False,DEBORAH A. PICKETT,VICTORIA SPARTZ,7857.0,3181174.99,True,True,-4.580669101681297,2024
HOUSE,IN,6,False,"CYNTHIA \""CINDE\"" WIRTH",JEFFERSON SHREVE,8344.04,5779058.13,True,True,-5.159433583714166,2024
HOUSE,IN,7,False,ANDRÃ© CARSON,JOHN P. SCHMITZ,1385340.01,4210.25,True,True,3.87706642107037,2024
HOUSE,IN,8,False,ERIK HURT,MARK MESSMER,,1042177.53,True,True,,2024
HOUSE,IN,9,False,"TIMOTHY \""TIM\"" PECK",ERIN HOUCHIN,204295.38,1763597.11,True,True,-2.0541758127383765,2024
HOUSE,KS,1,False,PAUL BUSKIRK,TRACEY MANN,45480.0,2337465.1,True,True,-3.512131905144087,2024
HOUSE,KS,2,False,NANCY BOYDA,DEREK SCHMIDT,58563.36,497129.15,True,True,-1.832309824566964,2024
HOUSE,KS,3,False,SHARICE DAVIDS,PRASANTH REDDY,4226008.55,1308861.21,True,True,1.1590783590650056,2024
HOUSE,KS,4,False,ESAU FREEMAN,RON ESTES,54728.36,2807853.2800000003,True,True,-3.5704143519860274,2024
HOUSE,KY,1,False,ERIN MARSHALL,JAMES COMER,99521.95,7309568.6,True,True,-4.075871869355839,2024
HOUSE,KY,2,False,HANK LINDERMAN,BRETT GUTHRIE,37181.82,4357065.84,True,True,-4.255212871081284,2024
HOUSE,KY,3,False,MORGAN MCGARVEY,MIKE CRAVEN,1939614.52,,True,True,,2024
HOUSE,KY,4,False,,THOMAS MASSIE,,1331122.02,,True,,2024
HOUSE,KY,5,False,,HAROLD ROGERS,,1628588.37,,True,,2024
HOUSE,KY,6,False,RANDY CRAVENS,ANDY BARR,14175.52,5699942.49,True,True,-4.984535721031611,2024
HOUSE,LA,1,False,MEL MANUEL,STEVE SCALISE,10367.0,15484786.68,True,True,-6.083447320390616,2024
HOUSE,LA,2,False,TROY A. CARTER,CHRISTY LYNCH,1662671.4,,True,True,,2024
HOUSE,LA,3,False,PRISCILLA GONZALEZ,CLAY HIGGINS,,819214.81,True,True,,2024
HOUSE,LA,4,False,,MIKE JOHNSON,,13983718.45,,True,,2024
HOUSE,LA,5,False,"MICHAEL VALLIEN, JR.",JULIA LETLOW,,2718431.35,True,True,,2024
HOUSE,LA,6,False,CLEO FIELDS,ELBERT GUILLORY,689253.23,,True,True,,2024
HOUSE,MA,1,False,RICHARD E. NEAL,,6034905.140000001,,True,,,2024
HOUSE,MA,2,False,JAMES P. MCGOVERN,,1375819.59,,True,,,2024
HOUSE,MA,3,False,LORI TRAHAN,,2355136.33,,True,,,2024
HOUSE,MA,4,False,JAKE AUCHINCLOSS,,5396546.66,,True,,,2024
HOUSE,MA,5,False,KATHERINE M. CLARK,,5302622.85,,True,,,2024
HOUSE,MA,6,False,SETH MOULTON,,2729037.4,,True,,,2024
HOUSE,MA,7,False,AYANNA PRESSLEY,,1663946.4300000002,,True,,,2024
HOUSE,MA,8,False,STEPHEN F. LYNCH,ROBERT G. BURKE,1917868.63,10681.999999999998,True,True,3.99727447519884,2024
HOUSE,MA,9,False,WILLIAM R. KEATING,DAN SULLIVAN,1587464.92,,True,True,,2024
HOUSE,MD,1,False,BLANE H. MILLER III,ANDY HARRIS,0.0,1844860.13,False,True,-4.3147430853915685,2024
HOUSE,MD,2,False,"JOHN \""JOHNNY O\"" OLSZEWSKI, JR.",KIM KLACIK,1117104.12,262691.94,True,True,1.378737304568593,2024
HOUSE,MD,3,False,SARAH ELFRETH,ROBERT J. STEINBERGER,1830237.26,7682.809999999999,True,True,4.0389186182202135,2024
HOUSE,MD,4,False,GLENN IVEY,GEORGE MCDERMOTT,0.0,0.0,False,False,0.0,2024
HOUSE,MD,5,False,STENY H. HOYER,MICHELLE TALKINGTON,2316462.5300000003,10197.61,True,True,4.19755284336147,2024
HOUSE,MD,6,False,APRIL MCCLAIN DELANEY,NEIL C. PARROTT,2974706.02,688261.46,True,True,1.43642151225314,2024
HOUSE,MD,7,False,KWEISI MFUME,SCOTT M. COLLIER,941502.32,0.0,True,False,3.654807874191168,2024
HOUSE,MD,8,False,JAMIE RASKIN,CHERYL RILEY,6872330.39,2183.26,True,True,5.536288373056413,2024
HOUSE,ME,1,False,CHELLIE PINGREE,RONALD C. RUSSELL,872443.48,74558.53,True,True,2.1988044310245294,2024
HOUSE,ME,2,False,JARED F. GOLDEN,AUSTIN THERIAULT,4940049.18,1754306.62,True,True,1.0261994536974406,2024
HOUSE,MI,1,False,CALLIE BARR,JACK BERGMAN,507922.41,1585755.33,True,True,-1.106082655694282,2024
HOUSE,MI,2,False,MICHAEL LYNCH,JOHN R. MOOLENAAR,10810.990000000002,2321683.5,True,True,-4.182503504216541,2024
HOUSE,MI,3,False,HILLARY J. SCHOLTEN,PAUL HUDSON,3611426.42,630242.5900000001,True,True,1.7137511921698998,2024
HOUSE,MI,4,False,JESSICA SWARTZ,BILL HUIZENGA,585358.8200000001,2846989.39,True,True,-1.5487132221352056,2024
HOUSE,MI,5,False,LIBBI URBAN,TIM WALBERG,39153.76,2307562.75,True,True,-3.5934401328541514,2024
HOUSE,MI,6,False,DEBBIE DINGELL,HEATHER SMILEY,1574505.1,2854.24,True,True,4.050464348930398,2024
HOUSE,MI,7,False,CURTIS HERTEL,TOM BARRETT,4230425.41,2864433.08,True,True,0.3871344190849078,2024
HOUSE,MI,8,False,KRISTEN MCDONALD RIVET,PAUL JUNGE,1686641.1,2291180.76,True,True,-0.3024669871323767,2024
HOUSE,MI,9,False,CLINTON ST. MOSLEY,LISA C. MCCLAIN,24045.34,2152229.79,True,True,-3.7930634327769153,2024
HOUSE,MI,10,False,CARL J. MARLINGA,JOHN JAMES,669333.74,7418987.300000001,True,True,-2.37220917340228,2024
HOUSE,MI,11,False,HALEY M. STEVENS,NICK SOMBERG,1995857.58,29055.94,True,True,3.621257808566949,2024
HOUSE,MI,12,False,RASHIDA TLAIB,JAMES D. HOOPER,7670193.039999999,2822.47,True,True,5.622507164777207,2024
HOUSE,MI,13,False,SHRI THANEDAR,MARTELL D. BIVINGS,7201504.1,22987.08,True,True,5.014578863235618,2024
HOUSE,MN,1,False,RACHEL BOHMAN,BRAD FINSTAD,219153.96,1563170.95,True,True,-1.872539277233311,2024
HOUSE,MN,2,False,ANGIE CRAIG,JOE TEIRAB,6357517.76,1725061.65,True,True,1.2939116368519863,2024
HOUSE,MN,3,False,KELLY MORRISON,TAD JUDE,1362002.33,162613.52000000002,True,True,2.0005159979924523,2024
HOUSE,MN,4,False,BETTY MCCOLLUM,MAY LOR XIONG,1783219.88,53349.08,True,True,3.138923922051284,2024
HOUSE,MN,5,False,ILHAN OMAR,DALIA AL-AQIDI,7028677.050000001,1288798.5599999998,True,True,1.68062644281268,2024
HOUSE,MN,6,False,JEANNE HENDRICKS,TOM EMMER,27111.31,7527558.11,True,True,-4.976259599638333,2024
HOUSE,MN,7,False,"A J \""JOHN\"" PETERS",MICHELLE FISCHBACH,26434.230000000003,1594767.3,True,True,-3.449733871813616,2024
HOUSE,MN,8,False,JEN SCHULTZ,PETE STAUBER,874106.42,2233008.12,True,True,-0.920836937366846,2024
HOUSE,MO,1,False,WESLEY BELL,ANDREW JONES,4775400.98,12207.98,True,True,4.859931476504082,2024
HOUSE,MO,2,False,RAY HARTMANN,ANN WAGNER,241678.16,4785814.13,True,True,-2.8925790685025405,2024
HOUSE,MO,3,False,BETHANY E. MANN,BOB ONDER,18771.230000000003,1155303.03,True,True,-3.2945497373283668,2024
HOUSE,MO,4,False,JEANETTE CASS,MARK ALFORD,,1200655.88,True,True,,2024
HOUSE,MO,5,False,EMANUEL CLEAVER,SEAN E. SMITH,1942792.43,135373.4,True,True,2.507162753219871,2024
HOUSE,MO,6,False,PAM MAY,SAM GRAVES,,3782012.1,True,True,,2024
HOUSE,MO,7,False,MISSI HESKETH,ERIC BURLISON,18863.48,789405.01,True,True,-2.921375714338033,2024
HOUSE,MO,8,False,RANDI MCCALLIAN,JASON SMITH,41580.04,5924634.75,True,True,-4.4926802771731085,2024
HOUSE,MS,1,False,DIANNE DODSON BLACK,TRENT KELLY,9335.42,1381476.59,True,True,-3.712665509225519,2024
HOUSE,MS,2,False,BENNIE G. THOMPSON,RON ELLER,2585648.44,14564.12,True,True,4.189431266970621,2024
HOUSE,MS,3,False,,MICHAEL GUEST,,761174.28,,True,,2024
HOUSE,MS,4,False,CRAIG ELLIOT RAYBON,MIKE EZELL,,1069842.3,True,True,,2024
HOUSE,MT,1,False,MONICA TRANEL,RYAN K. ZINKE,3103102.64,7332626.15,True,True,-0.8553107113041738,2024
HOUSE,MT,2,False,JOHN B. DRISCOLL,TROY DOWNING,0.0,2107242.87,False,True,-4.446053870439861,2024
HOUSE,NC,1,False,DONALD G. DAVIS,LAURIE BUCKHOUT,3218322.74,2593774.51,True,True,0.2138918772657004,2024
HOUSE,NC,2,False,DEBORAH K. ROSS,ALAN D. SWAIN,2015712.92,123151.91,True,True,2.62281633010056,2024
HOUSE,NC,3,False,,GREGORY F. MURPHY,,2339893.54,,True,,2024
HOUSE,NC,4,False,VALERIE P. FOUSHEE,ERIC BLANKENBURG,705428.1499999999,,True,True,,2024
HOUSE,NC,5,False,CHUCK HUBBARD,VIRGINIA FOXX,277409.4,4439914.64,True,True,-2.6922236470683245,2024
HOUSE,NC,6,False,,ADDISON MCDOWELL,,622679.0800000001,,True,,2024
HOUSE,NC,7,False,MARLANDO D. PRIDGEN,DAVID ROUZER,,3059760.84,True,True,,2024
HOUSE,NC,8,False,JUSTIN E. DUES,MARK HARRIS,,663242.25,True,True,,2024
HOUSE,NC,9,False,NIGEL WILLIAM BRISTOW,RICHARD HUDSON,5003.6,4698761.13,True,True,-5.059043236377075,2024
HOUSE,NC,10,False,"RALPH R. SCOTT, JR.",PAT HARRIGAN,,1391925.36,True,True,,2024
HOUSE,NC,11,False,CALEB RUDOW,CHUCK EDWARDS,329597.29000000004,1294979.49,True,True,-1.314388726383998,2024
HOUSE,NC,12,False,ALMA S. ADAMS,ADDUL ALI,1052102.11,14834.42,True,True,3.2972981196526083,2024
HOUSE,NC,13,False,FRANK PIERCE,BRAD KNOTT,12515.78,2018766.24,True,True,-3.997787936326488,2024
HOUSE,NC,14,False,PAM GENANT,TIM MOORE,35712.380000000005,1906529.73,True,True,-3.4599199430289307,2024
HOUSE,ND,0,False,TRYGVE HAMMER,JULIE FEDORCHAK,560154.17,1388303.36,True,True,-0.8818097008126062,2024
HOUSE,NE,1,False,CAROL BLOOD,MIKE FLOOD,58621.53999999999,1635116.44,True,True,-2.988341881063316,2024
HOUSE,NE,2,False,TONY VARGAS,DON BACON,3678136.15,4535185.69,True,True,-0.2081832754470347,2024
HOUSE,NE,3,False,DANIEL EBERS,ADRIAN SMITH,0.0,2532030.87,False,True,-4.627726223091605,2024
HOUSE,NH,1,False,CHRIS PAPPAS,RUSSELL PRESCOTT,3349685.6500000004,938643.2,True,True,1.2533363566117754,2024
HOUSE,NH,2,False,MAGGIE GOODLANDER,LILY TANG WILLIAMS,2376405.92,380144.3,True,True,1.7795663448778123,2024
HOUSE,NJ,1,False,DONALD NORCROSS,"THEODORE \""TEDDY\"" LIDDELL",2322460.59,3438.29,True,True,4.413352946323993,2024
HOUSE,NJ,2,False,JOSEPH F. SALERNO,JEFFERSON VAN DREW,1015695.55,3142038.79,True,True,-1.1129077279814596,2024
HOUSE,NJ,3,False,HERB CONAWAY,RAJESH MOHAN,374270.64,185014.28,True,True,0.6424639542850551,2024
HOUSE,NJ,4,False,MATTHEW JENKINS,CHRISTOPHER H. SMITH,19653.3,884145.6499999999,True,True,-3.013577099598836,2024
HOUSE,NJ,5,False,JOSH GOTTHEIMER,MARY JO GUINCHARD,21508648.06,119195.53,True,True,5.006201791027904,2024
HOUSE,NJ,6,False,"FRANK PALLONE, JR.",SCOTT FEGLER,5384570.85,52235.71,True,True,4.249063128523164,2024
HOUSE,NJ,7,False,SUE ALTMAN,"THOMAS H. KEAN, JR.",3039147.81,4401342.52,True,True,-0.3678041352190054,2024
HOUSE,NJ,8,False,ROBERT MENENDEZ,ANTHONY VALDES,2467445.52,,True,True,,2024
HOUSE,NJ,9,False,NELLIE POU,BILLY PREMPEH,,11435.070000000002,True,True,,2024
HOUSE,NJ,10,False,LAMONICA MCIVER,CARMEN BUCCO,454854.37,18438.43,True,True,2.402138128867015,2024
HOUSE,NJ,11,False,MIKIE SHERRILL,JOSEPH BELNOME,4078005.42,187169.41,True,True,2.96208995409379,2024
HOUSE,NJ,12,False,BONNIE WATSON COLEMAN,DARIUS MAYFIELD,926418.61,258775.5,True,True,1.2097707118551917,2024
HOUSE,NM,1,False,MELANIE A. STANSBURY,STEVE JONES,1052540.72,94197.12,True,True,2.2016580191815884,2024
HOUSE,NM,2,False,GABE VASQUEZ,YVETTE HERRELL,4100479.64,2645891.24,True,True,0.4347700749238167,2024
HOUSE,NM,3,False,TERESA LEGER FERNANDEZ,SHARON E. CLAHCHISCHILLIAGE,1710905.55,50274.16,True,True,3.138147571835997,2024
HOUSE,NV,1,False,DINA TITUS,MARK ROBERTSON,1800092.11,382803.75,True,True,1.4985996821936052,2024
HOUSE,NV,2,False,,MARK E. AMODEI,,1167175.84,,True,,2024
HOUSE,NV,3,False,SUSIE LEE,DREW JOHNSON,4377020.22,515719.23,True,True,2.096918694678647,2024
HOUSE,NV,4,False,STEVEN HORSFORD,JOHN LEE,4206178.19,919686.03,True,True,1.4993831362699674,2024
HOUSE,NY,1,False,JOHN P. AVLON,NICK LALOTA,2281680.87,3094302.5,True,True,-0.3017997806793755,2024
HOUSE,NY,2,False,ROB LUBIN,ANDREW R. GARBARINO,904246.47,3421240.25,True,True,-1.3106651227641684,2024
HOUSE,NY,3,False,THOMAS R. SUOZZI,"MICHAEL J. LIPETRI, JR.",7907468.59,360813.19,True,True,3.023366275203867,2024
HOUSE,NY,4,False,LAURA A. GILLEN,ANTHONY DâESPOSITO,,0.0,True,False,,2024
HOUSE,NY,5,False,GREGORY W. MEEKS,PAUL KING,4338761.88,25443.3,True,True,4.460239847621543,2024
HOUSE,NY,6,False,GRACE MENG,THOMAS J. ZMICH,2271635.06,7287.05,True,True,4.264534092228418,2024
HOUSE,NY,7,False,NYDIA M. VELÃ¡ZQUEZ,BILL KREGLER,737240.6,11153.74,True,True,3.048481852812179,2024
HOUSE,NY,8,False,HAKEEM S. JEFFRIES,JOHN J. DELANEY,20460138.95,0.0,True,False,6.708579148101726,2024
HOUSE,NY,9,False,YVETTE D. CLARKE,MENACHEM M. RAITPORT,801022.28,,True,True,,2024
HOUSE,NY,10,False,DANIEL S. GOLDMAN,ALEXANDER DODENHOFF,3365869.3,,True,True,,2024
HOUSE,NY,11,False,ANDREA S. MORSE,NICOLE MALLIOTAKIS,149993.71000000002,2665156.24,True,True,-2.7326045222731787,2024
HOUSE,NY,12,False,JERROLD NADLER,MICHAEL K. ZUMBLUSKAS,1073456.27,0.0,True,True,3.782785257333849,2024
HOUSE,NY,13,False,ADRIANO ESPAILLAT,RUBEN D. VARGAS,1198355.2000000002,0.0,True,False,3.890476702011956,2024
HOUSE,NY,14,False,ALEXANDRIA OCASIO-CORTEZ,TINA FORTE,15049327.35,1023605.78,True,True,2.6655316681330743,2024
HOUSE,NY,15,False,RITCHIE TORRES,GONZALO DURAN,11162907.14,0.0,True,False,6.103712929454957,2024
HOUSE,NY,16,False,GEORGE S. LATIMER,MIRIAM LEVITT FLISSER,6432439.01,42950.0,True,True,4.554215939496649,2024
HOUSE,NY,17,False,MONDAIRE L. JONES,MICHAEL LAWLER,5613397.88,5938902.62,True,True,-0.056125107474974,2024
HOUSE,NY,18,False,PATRICK RYAN,ALISON ESPOSITO,5501187.64,1306819.84,True,True,1.422951874054709,2024
HOUSE,NY,19,False,JOSH RILEY,MARCUS J. MOLINARO,5378605.68,3836983.19,True,True,0.3358856179340834,2024
HOUSE,NY,20,False,PAUL TONKO,KEVIN M. WALTZ,1946128.94,,True,True,,2024
HOUSE,NY,21,False,PAULA COLLINS,ELISE M. STEFANIK,62747.86,12137846.3,True,True,-4.931673724269356,2024
HOUSE,NY,22,False,JOHN W. MANNION,BRANDON WILLIAMS,1221854.51,2851844.9,True,True,-0.8360701849145838,2024
HOUSE,NY,23,False,THOMAS A. CARLE,NICHOLAS A. LANGWORTHY,14908.02,1527620.18,True,True,-3.6611219152358174,2024
HOUSE,NY,24,False,DAVID WAGENHAUSER,CLAUDIA TENNEY,31634.6,2375328.8,True,True,-3.74674090109503,2024
HOUSE,NY,25,False,JOSEPH D. MORELLE,GREGG A. SADWICK,1846731.46,256955.87,True,True,1.8928686265621049,2024
HOUSE,NY,26,False,TIMOTHY M. KENNEDY,ANTHONY G. MARECKI,859992.04,0.0,True,False,3.566702825748997,2024
HOUSE,OH,1,False,GREG LANDSMAN,ORLANDO SONZA,2728167.45,0.0,True,False,4.7016315029797,2024
HOUSE,OH,2,False,SAMANTHA MEADOWS,DAVID J. TAYLOR,52142.6,2018090.42,True,True,-3.276563195117593,2024
HOUSE,OH,3,False,JOYCE BEATTY,MICHAEL YOUNG,3570342.36,,True,True,,2024
HOUSE,OH,4,False,TAMIE WILSON,JIM JORDAN,834193.5800000001,18741578.52,True,True,-3.0838385768085343,2024
HOUSE,OH,5,False,KEITH MUNDY,ROBERT E. LATTA,593.3899999999999,2403712.71,True,True,-4.552782531976489,2024
HOUSE,OH,6,False,MICHAEL L. KRIPCHAK,MICHAEL A. RULLI,36655.65,705381.4,True,True,-2.472001991656154,2024
HOUSE,OH,7,False,MATT DIEMER,MAX L. MILLER,42460.99,1819332.77,True,True,-3.3083233439008666,2024
HOUSE,OH,8,False,VANESSA ENOCH,WARREN DAVIDSON,,1306117.4300000002,True,True,,2024
HOUSE,OH,9,False,MARCY KAPTUR,DEREK MERRIN,3411110.92,668999.1699999999,True,True,1.5996247997653648,2024
HOUSE,OH,10,False,AMY COX,MICHAEL R. TURNER,97381.63,1607654.67,True,True,-2.590818323804412,2024
HOUSE,OH,11,False,SHONTEL M. BROWN,ALAN RAPOPORT,1481964.87,19832.74,True,True,3.514914211054984,2024
HOUSE,OH,12,False,JERRAD CHRISTIAN,TROY BALDERSON,0.0,2114441.43,False,True,-4.449424235058918,2024
HOUSE,OH,13,False,EMILIA STRONG SYKES,KEVIN COUGHLIN,3544601.08,828680.28,True,True,1.4306523819331214,2024
HOUSE,OH,14,False,BRIAN BOB KENDERES,DAVID P. JOYCE,0.0,3917278.65,False,True,-5.060638347814514,2024
HOUSE,OH,15,False,ADAM MILLER,MIKE CAREY,238418.39,2147847.66,True,True,-2.110050267314758,2024
HOUSE,OK,1,False,DENNIS BAKER,KEVIN HERN,84922.01999999999,2793719.8,True,True,-3.244266883917996,2024
HOUSE,OK,2,False,BRANDON WADE,JOSH BRECHEEN,890.48,418813.79,True,True,-2.841529749002549,2024
HOUSE,OK,3,False,,FRANK D. LUCAS,,1604324.08,,True,,2024
HOUSE,OK,4,False,MARY BRANNON,TOM COLE,0.0,5797074.69,True,True,-5.450536128279846,2024
HOUSE,OK,5,False,MADISON HORN,STEPHANIE I. BICE,402163.26,2319920.72,True,True,-1.7028405901315746,2024
HOUSE,OR,1,False,SUZANNE BONAMICI,BOB TODD,1361797.11,0.0,True,False,4.015876305006259,2024
HOUSE,OR,2,False,DAN RUBY,CLIFF BENTZ,1245.0,1633112.05,True,True,-4.145959420130858,2024
HOUSE,OR,3,False,MAXINE E. DEXTER,JOANNA HARBOUR,1481324.09,14592.92,True,True,3.63877727001381,2024
HOUSE,OR,4,False,VAL T. HOYLE,MONIQUE DESPAIN,1751315.05,503756.89,True,True,1.2117675398294034,2024
HOUSE,OR,5,False,JANELLE S. BYNUM,LORI CHAVEZ-DEREMER,2445768.96,4139169.88,True,True,-0.5219875252028363,2024
HOUSE,OR,6,False,ANDREA SALINAS,MIKE ERICKSON,,398075.61,True,True,,2024
HOUSE,PA,1,False,ASHLEY EHASZ,BRIAN K. FITZPATRICK,2189149.97,6574914.54,True,True,-1.092188131343938,2024
HOUSE,PA,2,False,BRENDAN F. BOYLE,AARON BASHIR,4277338.92,,True,True,,2024
HOUSE,PA,3,False,DWIGHT EVANS,,1003625.85,,True,,,2024
HOUSE,PA,4,False,MADELEINE DEAN,DAVID WINKLER,2145221.31,,True,True,,2024
HOUSE,PA,5,False,MARY GAY SCANLON,ALFEIA GOODWIN,1516352.73,4902.4,True,True,3.942476961213581,2024
HOUSE,PA,6,False,CHRISSY HOULAHAN,NEIL YOUNG,4923665.63,9688.51,True,True,4.960464741325449,2024
HOUSE,PA,7,False,SUSAN WILD,RYAN E. MACKENZIE,5259459.140000001,676380.6399999999,True,True,2.0194748189868004,2024
HOUSE,PA,8,False,MATT CARTWRIGHT,"ROB BRESNAHAN, JR.",5822957.48,2561590.95,True,True,0.8157516783678409,2024
HOUSE,PA,9,False,AMANDA WALDMAN,DANIEL MEUSER,3336.57,1435413.5299999998,True,True,-3.942321717731641,2024
HOUSE,PA,10,False,JANELLE STELSON,SCOTT PERRY,1916326.31,3059329.0500000003,True,True,-0.4629627414277625,2024
HOUSE,PA,11,False,JIM ATKINSON,LLOYD SMUCKER,8566.8,2330259.47,True,True,-4.250868695482124,2024
HOUSE,PA,12,False,SUMMER L. LEE,JAMES HAYES,2821406.37,84508.95999999999,True,True,3.257806182430656,2024
HOUSE,PA,13,False,BETH FARNHAM,JOHN JOYCE,24027.83,3620834.03,True,True,-4.308952337016929,2024
HOUSE,PA,14,False,CHRIS DZIADOS,GUY RESCHENTHALER,89185.01999999999,3304876.56,True,True,-3.372870397980451,2024
HOUSE,PA,15,False,ZACH WOMER,GLENN THOMPSON,,2820972.13,True,True,,2024
HOUSE,PA,16,False,PRESTON NOURI,MIKE KELLY,411927.74,2239671.01,True,True,-1.6454169511873675,2024
HOUSE,PA,17,False,CHRISTOPHER R. DELUZIO,ROB MERCURI,3087873.3200000003,1095445.25,True,True,1.0218200458170887,2024
HOUSE,RI,1,False,GABE AMO,ALLEN RODNEY WATERS,1239612.9,21674.06,True,True,3.299332796462367,2024
HOUSE,RI,2,False,SETH MAGAZINER,STEPHEN JOSEPH CORVI,1730798.11,,True,True,,2024
HOUSE,SC,1,False,MICHAEL B. MOORE,NANCY MACE,757277.61,2830739.65,True,True,-1.2948764827929389,2024
HOUSE,SC,2,False,DAVID ROBINSON II,JOE WILSON,4934.0,978937.42,True,True,-3.512690009524791,2024
HOUSE,SC,3,False,BRYON L. BEST,SHERI BIGGS,,736967.57,True,True,,2024
HOUSE,SC,4,False,KATHRYN HARVEY,WILLIAM R. TIMMONS IV,176271.08000000002,2771062.6300000004,True,True,-2.631314846804889,2024
HOUSE,SC,5,False,EVANGELINE HUNDLEY,RALPH NORMAN,16033.0,865791.8099999999,True,True,-3.0777341203455566,2024
HOUSE,SC,6,False,JAMES E. CLYBURN,DUKE BUCKNER,4052031.01,143067.34999999998,True,True,3.188759516948901,2024
HOUSE,SC,7,False,MAL HYMAN,RUSSELL FRY,49723.79,1381822.06,True,True,-2.935290066122681,2024
HOUSE,SD,0,False,SHERYL JOHNSON,DUSTY JOHNSON,92219.43,5607975.53,True,True,-3.8723454464562166,2024
HOUSE,TN,1,False,KEVIN JENKINS,DIANA HARSHBARGER,,2377526.17,True,True,,2024
HOUSE,TN,2,False,JANE GEORGE,TIM BURCHETT,143743.49,1869005.02,True,True,-2.418069172986976,2024
HOUSE,TN,3,False,JACK ALLEN,"CHARLES J. \""CHUCK\"" FLEISCHMANN",112738.88,3404220.51,True,True,-3.2147285389518383,2024
HOUSE,TN,4,False,VICTORIA ISABEL BRODERICK,SCOTT DESJARLAIS,41030.4,496044.79,True,True,-2.065720765307424,2024
HOUSE,TN,5,False,MARYAM ABOLFAZLI,ANDREW OGLES,174863.0,886538.9500000001,True,True,-1.517502193138234,2024
HOUSE,TN,6,False,LORE BERGMAN,JOHN W. ROSE,,2231043.23,True,True,,2024
HOUSE,TN,7,False,MEGAN BARRY,MARK E. GREEN,835669.39,1868052.97,True,True,-0.7882356859096646,2024
HOUSE,TN,8,False,SARAH FREEMAN,DAVID KUSTOFF,8123.0,3154326.25,True,True,-4.5641966771320845,2024
HOUSE,TN,9,False,STEVE COHEN,CHARLOTTE BERGMANN,1974734.84,37841.65,True,True,3.460151800548826,2024
HOUSE,TX,1,False,,NATHANIEL MORAN,,912433.84,,True,,2024
HOUSE,TX,2,False,PETER FILLER,DAN CRENSHAW,,4948801.880000001,True,True,,2024
HOUSE,TX,3,False,SANDEEP SRIVASTAVA,KEITH SELF,323531.14,0.0,True,False,2.63485175571641,2024
HOUSE,TX,4,False,SIMON CARDELL,PAT FALLON,9275.57,852318.9,True,True,-3.2424376967669573,2024
HOUSE,TX,5,False,"RUTH \""TRUTH\"" TORRES",LANCE GOODEN,23800.63,1448926.65,True,True,-3.407942086348368,2024
HOUSE,TX,6,False,JOHN LOVE III,JAKE ELLZEY,92220.54,6155618.350000001,True,True,-3.965116484320635,2024
HOUSE,TX,7,False,LIZZIE FLETCHER,CAROLINE KANE,3351695.04,125985.77,True,True,3.107467117339773,2024
HOUSE,TX,8,False,LAURA JONES,MORGAN LUTTRELL,26845.02,2551116.38,True,True,-3.9057793809997214,2024
HOUSE,TX,9,False,AL GREEN,,543792.61,,True,,,2024
HOUSE,TX,10,False,THERESA BOISSEAU,MICHAEL T. MCCAUL,39321.59,3138395.44,True,True,-3.895505891326915,2024
HOUSE,TX,11,False,,AUGUST PFLUGER,,4576758.92,,True,,2024
HOUSE,TX,12,False,TREY J. HUNT,CRAIG GOLDMAN,24143.0,2600507.56,True,True,-3.978295097234697,2024
HOUSE,TX,13,False,,RONNY JACKSON,,6372880.73,,True,,2024
HOUSE,TX,14,False,RHONDA HART,"RANDY K. WEBER, SR.",460.0,1401918.82,True,True,-4.026164134151925,2024
HOUSE,TX,15,False,MICHELLE VALLEJO,MONICA DE LA CRUZ,1408270.52,5372631.1,True,True,-1.3260012623192212,2024
HOUSE,TX,16,False,VERONICA ESCOBAR,IRENE ARMENDARIZ JACKSON,1432512.71,484782.67,True,True,1.050502140957102,2024
HOUSE,TX,17,False,MARK LORENZEN,PETE SESSIONS,17125.0,954435.96,True,True,-3.1463354662786154,2024
HOUSE,TX,18,False,SYLVESTER TURNER,LANA CENTONZE,,43392.83,True,True,,2024
HOUSE,TX,19,False,,JODEY C. ARRINGTON,,4166638.05,,True,,2024
HOUSE,TX,20,False,JOAQUIN CASTRO,,734903.95,,True,,,2024
HOUSE,TX,21,False,KRISTIN HOOK,CHIP ROY,279387.36,3508270.43,True,True,-2.451678087628133,2024
HOUSE,TX,22,False,MARQUETTE GREENE-SCOTT,TROY E. NEHLS,18650.99,1115840.5499999998,True,True,-3.2632946318189453,2024
HOUSE,TX,23,False,S. LIMON,TONY GONZALES,111740.37,5830683.77,True,True,-3.757084034811317,2024
HOUSE,TX,24,False,SAM EPPLER,BETH VAN DUYNE,707569.87,3859415.520000001,True,True,-1.668169084173445,2024
HOUSE,TX,25,False,,ROGER WILLIAMS,,2054189.49,,True,,2024
HOUSE,TX,26,False,ERNEST R. LINEBERGER III,BRANDON GILL,38815.24,1443401.4600000002,True,True,-3.1359376126028224,2024
HOUSE,TX,27,False,TANYA LLOYD,MICHAEL CLOUD,27879.0,847895.61,True,True,-2.80380968789237,2024
HOUSE,TX,28,False,HENRY CUELLAR,JAY FURMAN,2344171.7,227166.58,True,True,2.2402057784989395,2024
HOUSE,TX,29,False,SYLVIA R. GARCIA,ALAN GARZA,1118819.22,798.98,True,True,3.791793178714709,2024
HOUSE,TX,30,False,JASMINE CROCKETT,,2199067.23,,True,,,2024
HOUSE,TX,31,False,STUART WHITLOW,JOHN R. CARTER,175831.32,1515721.52,True,True,-2.037540753417027,2024
HOUSE,TX,32,False,JULIE JOHNSON,DARRELL DAY,1526883.17,163686.51,True,True,2.1071374601650086,2024
HOUSE,TX,33,False,MARC A. VEASEY,PATRICK DAVID GILLESPIE,2130874.08,0.0,True,False,4.457075701002391,2024
HOUSE,TX,34,False,VICENTE GONZALEZ,MAYRA FLORES,2500245.3200000003,4437379.76,True,True,-0.5693439877613458,2024
HOUSE,TX,35,False,GREG CASAR,STEVEN WRIGHT,1185086.2,25278.08,True,True,3.1808776788873647,2024
HOUSE,TX,36,False,DAYNA STEELE,BRIAN BABIN,,1788807.93,True,True,,2024
HOUSE,TX,37,False,LLOYD DOGGETT,JENNY GARCIA SHARON,6088135.19,,True,True,,2024
HOUSE,TX,38,False,MELISSA MCDONOUGH,WESLEY HUNT,145051.95,3876009.58,True,True,-3.132886686681229,2024
HOUSE,UT,1,False,BILL CAMPBELL,BLAKE D. MOORE,22000.0,2553356.74,True,True,-4.0047599508036935,2024
HOUSE,UT,2,False,NATHANIEL E. WOODWARD,CELESTE MALOY,,1120141.48,True,True,,2024
HOUSE,UT,3,False,GLENN J. WRIGHT,MIKE KENNEDY,48230.35,682612.0,True,True,-2.268285968352054,2024
HOUSE,UT,4,False,KATRINA FALLICK-WANG,BURGESS OWENS,3773.98,1411213.5499999998,True,True,-3.910293943708185,2024
HOUSE,VA,1,False,LESLIE C. MEHTA,ROBERT J. WITTMAN,295506.2,2774508.52,True,True,-2.167297531237516,2024
HOUSE,VA,2,False,MISSY COTTER SMASAL,JENNIFER A. KIGGANS,1282860.35,4381110.38,True,True,-1.214599818987833,2024
HOUSE,VA,3,False,"ROBERT C. \""BOBBY\"" SCOTT",JOHN SITKA III,845789.74,2160.0,True,True,3.467655244331308,2024
HOUSE,VA,4,False,JENNIFER L. MCCLELLAN,"WILLIAM J. \""BILL\"" MOHER III",1346878.94,411713.67,True,True,1.144658805285628,2024
HOUSE,VA,5,False,GLORIA TINSLEY WITT,JOHN J. MCGUIRE III,58478.17,0.0,True,False,1.2057093356822175,2024
HOUSE,VA,6,False,KEN L. MITCHELL,BEN CLINE,61905.130000000005,975382.34,True,True,-2.4433204820081875,2024
HOUSE,VA,7,False,EUGENE S. VINDMAN,DERRICK M. ANDERSON,7487429.31,1417891.88,True,True,1.6499095404168511,2024
HOUSE,VA,8,False,"DONALD S. BEYER, JR.",JERRY W. TORRES,2148064.76,29992.75,True,True,3.676692423567372,2024
HOUSE,VA,9,False,KAREN G. H. BAKER,H. MORGAN GRIFFITH,91798.48,1373058.18,True,True,-2.4823894819121275,2024
HOUSE,VA,10,False,SUHAS SUBRAMANYAM,MIKE W. CLANCY,1302036.4500000002,422221.28,True,True,1.087649996245914,2024
HOUSE,VA,11,False,GERALD E. CONNOLLY,MIKE L. VAN METER,5311349.44,9100.0,True,True,5.052999688418163,2024
HOUSE,VT,0,False,BECCA BALINT,,1274888.5699999998,,True,,,2024
HOUSE,WA,1,False,SUZAN K. DELBENE,JEB BREWER,3650161.12,10024.0,True,True,4.65331871208226,2024
HOUSE,WA,2,False,RICK LARSEN,CODY HART,2273458.24,0.0,True,False,4.521118021842359,2024
HOUSE,WA,3,False,MARIE GLUESENKAMP PEREZ,JOE KENT,6885575.2,1647067.87,True,True,1.418991770049973,2024
HOUSE,WA,4,False,,DAN NEWHOUSE,,1682726.47,,True,,2024
HOUSE,WA,5,False,CARMELA CONROY,MICHAEL BAUMGARTNER,234412.19,790180.61,True,True,-1.1449914322124275,2024
HOUSE,WA,6,False,EMILY RANDALL,DREW C. MACEWEN,1058511.93,153160.41,True,True,1.8052785072808848,2024
HOUSE,WA,7,False,PRAMILA JAYAPAL,DAN ALEXANDER,4783557.699999999,0.0,True,False,5.259276638796411,2024
HOUSE,WA,8,False,KIM SCHRIER,CARMEN GOERS,5160448.9,167357.59,True,True,3.2942556058407817,2024
HOUSE,WA,9,False,ADAM SMITH,,1897815.24,,True,,,2024
HOUSE,WA,10,False,MARILYN STRICKLAND,DON HEWETT,2067828.01,,True,True,,2024
HOUSE,WI,1,False,PETER BARCA,BRYAN STEIL,917147.02,5978412.88,True,True,-1.8519220652453383,2024
HOUSE,WI,2,False,MARK POCAN,ERIK OLSEN,1782002.69,21136.58,True,True,3.6678186514846014,2024
HOUSE,WI,3,False,REBECCA COOKE,DERRICK VAN ORDEN,2007509.37,5052912.26,True,True,-0.915629032161824,2024
HOUSE,WI,4,False,GWEN MOORE,TIM ROGERS,1088803.23,,True,True,,2024
HOUSE,WI,5,False,BEN STEINHOFF,SCOTT FITZGERALD,13610.75,1459838.42,True,True,-3.649530502129057,2024
HOUSE,WI,6,False,JOHN ZARBANO,GLENN GROTHMAN,17735.0,1337377.02,True,True,-3.46196800529523,2024
HOUSE,WI,7,False,KYLE KILBOURN,THOMAS P. TIFFANY,125360.6,1363842.63,True,True,-2.2231896298885023,2024
HOUSE,WI,8,False,KRISTIN LYERLY,TONY WIED,1031339.01,859072.79,True,True,0.1780250440666498,2024
HOUSE,WV,1,False,CHRIS BOB REED,CAROL D. MILLER,0.0,1571752.38,False,True,-4.156851258100021,2024
HOUSE,WV,2,False,STEVEN WENDELIN,RILEY MOORE,19011.25,1152656.19,True,True,-3.2868361794737715,2024
HOUSE,WY,0,False,KYLE G. CAMERON,HARRIET M. HAGEMAN,5164.0,2967386.24,True,True,-4.597177261331544,2024
SEN,AZ,0,False,RUBEN GALLEGO,KARI LAKE,34090623.35,10352741.19,True,True,1.1900921998180631,2024
SEN,CA,0,False,ADAM B. SCHIFF,STEVE GARVEY,61568227.46,10968989.61,True,True,1.7232031962869596,2024
SEN,CA,0,True,ADAM B. SCHIFF,STEVE GARVEY,61568227.46,10968989.61,True,True,1.7232031962869596,2024
SEN,CT,0,False,CHRISTOPHER S. MURPHY,MATTHEW M. COREY,18354301.56,36684.52,True,True,5.696947387164881,2024
SEN,DE,0,False,LISA BLUNT ROCHESTER,ERIC HANSEN,7805715.66,951889.2,True,True,2.081435947334194,2024
SEN,FL,0,False,DEBBIE MUCARSEL-POWELL,RICK SCOTT,14373409.59,33163585.53,True,True,-0.8350882521255606,2024
SEN,HI,0,False,MAZIE K. HIRONO,BOB MCDERMOTT,5572469.05,2374.02,True,True,5.320475430794388,2024
SEN,IN,0,False,VALERIE MCCRAY,JIM BANKS,20303.2,6985777.74,True,True,-5.04182625092202,2024
SEN,MA,0,False,ELIZABETH ANN WARREN,JOHN DEATON,32748400.75,1759287.62,True,True,2.910597990510092,2024
SEN,MD,0,False,ANGELA ALSOBROOKS,LARRY HOGAN,12473586.36,7003571.12,True,True,0.5756321161724542,2024
SEN,ME,0,False,DAVID ALLEN COSTELLO,DEMI KOUZOUNAS,101549.78,503997.75,True,True,-1.4303484299948066,2024
SEN,MI,0,False,ELISSA SLOTKIN,MIKE ROGERS,24083670.99,5361584.0600000005,True,True,1.4986601389919176,2024
SEN,MN,0,False,AMY KLOBUCHAR,ROYCE WHITE,23550439.49,132721.45,True,True,5.0071302470589725,2024
SEN,MO,0,False,LUCAS KUNCE,JOSH HAWLEY,11305589.06,23418638.51,True,True,-0.7270931143359608,2024
SEN,MS,0,False,TY PINKINS,ROGER F. WICKER,499483.52,10664992.15,True,True,-3.014649262745331,2024
SEN,MT,0,False,JON TESTER,TIM SHEEHY,44858049.18,13711826.71,True,True,1.1839798922097562,2024
SEN,ND,0,False,KATRINA CHRISTIANSEN,KEVIN CRAMER,1154175.19,6152741.8,True,True,-1.6561375976186783,2024
SEN,NE,0,False,,DEB FISCHER,,6917547.0,,True,,2024
SEN,NE,0,True,PRESTON LOVE JR.,PETE RICKETTS,164288.27000000002,4294714.53,True,True,-3.1276735068755386,2024
SEN,NJ,0,False,ANDY KIM,CURTIS BASHAW,9301627.72,2667084.49,True,True,1.2425577078437329,2024
SEN,NM,0,False,MARTIN HEINRICH,NELLA LOUISE DOMENICI,11065940.12,3623274.73,True,True,1.111874190500671,2024
SEN,NV,0,False,JACKY S. ROSEN,SAM BROWN,32699450.03,9526646.85,True,True,1.2314089211969033,2024
SEN,NY,0,False,KIRSTEN E. GILLIBRAND,MICHAEL D. SAPRAICONE,24600569.89,758861.91,True,True,3.4473077388809177,2024
SEN,OH,0,False,SHERROD BROWN,BERNIE MORENO,54963531.94,15316111.84,True,True,1.2765883802054103,2024
SEN,PA,0,False,ROBERT P CASEY JR,DAVE MCCORMICK,32739866.28,17492052.950000003,True,True,0.626181930556127,2024
SEN,RI,0,False,SHELDON WHITEHOUSE,PATRICIA MORGAN,7207529.359999999,238278.29,True,True,3.313132486668239,2024
SEN,TN,0,False,GLORIA JOHNSON,MARSHA BLACKBURN,5069007.82,15429668.28,True,True,-1.109846200054255,2024
SEN,TX,0,False,COLIN ALLRED,TED CRUZ,38433747.58,61768338.14,True,True,-0.4742093861579038,2024
SEN,UT,0,False,CAROLINE GLEICH,JOHN CURTIS,756449.28,4945400.600000001,True,True,-1.85010547254046,2024
SEN,VA,0,False,TIMOTHY M. KAINE,HUNG CAO,19630659.26,3277304.93,True,True,1.7837446116071918,2024
SEN,VT,0,False,,GERALD MALLOY,,298011.89,,True,,2024
SEN,WA,0,False,MARIA CANTWELL,DR RAUL GARCIA,12732619.48,596882.7,True,True,3.0211324886198123,2024
SEN,WI,0,False,TAMMY BALDWIN,ERIC HOVDE,37852424.38,16726282.24,True,True,0.8158804648310426,2024
SEN,WV,0,False,GLENN ELLIOTT,JIM JUSTICE,251312.24,3356458.06,True,True,-2.504530743535812,2024
SEN,WY,0,False,SCOTT D MORROW,JOHN BARRASSO,5371.2,13291837.23,True,True,-6.083289679750576,2024
HOUSE,AK,0,False,Eric Hafner,Nick Begich III,,5906365.720000001,True,True,,2026
HOUSE,AL,1,False,Clyde Jones Jr.,Jerry Carl,85967.63,1236882.22,True,True,-2.431121173534253,2026
HOUSE,AL,2,False,Shomari Figures,Rhett Marques,1682266.46,1318573.55,True,True,0.23956063740468858,2026
HOUSE,AL,3,False,Lee McInnis,Mike Rogers,60797.05,4222908.3100000005,True,True,-3.902197354795428,2026
HOUSE,AL,4,False,Amanda Pusczek,Robert Aderholt,8740.410000000002,2022178.56,True,True,-4.105521583157128,2026
HOUSE,AL,5,False,Andrew Sneed,Dale Strong,646512.03,2159122.98,True,True,-1.1794377138850516,2026
HOUSE,AL,6,False,Maurice Mercer,Gary Palmer,6538.96,1287364.17,True,True,-3.728361892596589,2026
HOUSE,AL,7,False,Terri Sewell,Ammie Akin,5662489.13,150730.44,True,True,3.477072922003848,2026
HOUSE,AR,1,False,Terri Green,Rick Crawford,65149.26,1931201.73,True,True,-3.077293238149337,2026
HOUSE,AR,2,False,Chris Jones,French Hill,1174414.3199999998,5919886.2,True,True,-1.6006980168392992,2026
HOUSE,AR,3,False,Robb Ryerse,Steve Womack,120526.34999999999,3733805.91,True,True,-3.2514994389466443,2026
HOUSE,AR,4,False,James Russell,Bruce Westerman,1396.33,5689630.81,True,True,-5.377559988629998,2026
HOUSE,AZ,1,False,Amish Shah,Jay Feely,2030293.94,2525519.95,True,True,-0.2158783661301358,2026
HOUSE,AZ,2,False,Jonathan Nez,Eli Crane,3700968.54,10543361.66,True,True,-1.0425379600417812,2026
HOUSE,AZ,3,False,Yassamin Ansari,,1551673.68,,True,,,2026
HOUSE,AZ,4,False,Greg Stanton,Zuhdi Jasser,3189312.73,564640.66,True,True,1.6958555434852682,2026
HOUSE,AZ,5,False,Elizabeth Lee,Mark Lamb,153110.62,1222216.6400000001,True,True,-1.946264841600863,2026
HOUSE,AZ,6,False,JoAnna Mendoza,Juan Ciscomani,7354808.32,6763535.38,True,True,0.08351244957555858,2026
HOUSE,AZ,7,False,Adelita Grijalva,Daniel Butierez,982863.5,57503.35,True,True,2.5027491242181448,2026
HOUSE,AZ,8,False,Bernadette Greene-Placentia,Abraham Hamadeh,205006.94,1427810.49,True,True,-1.8431457459795928,2026
HOUSE,AZ,9,False,Dani Sterbinsky,Paul Gosar,358310.55000000005,687155.8500000001,True,True,-0.6194512817681341,2026
HOUSE,CA,1,False,Mike McGuire,James Gallagher,320543.93000000005,475744.0,True,True,-0.37097520826288055,2026
HOUSE,CA,2,False,Jared Huffman,Robin Littau,2198757.6399999997,,True,True,,2026
HOUSE,CA,3,False,Ami Bera,Robb Tucker,3167934.17,258139.01,True,True,2.4227575970708752,2026
HOUSE,CA,4,False,Eric Jones,,8378928.57,,True,,,2026
HOUSE,CA,5,False,Michael Masuda,Tom McClintock,361735.22000000003,1155821.42,True,True,-1.116225321104394,2026
HOUSE,CA,6,False,Richard Pan,,1098282.7,,True,,,2026
HOUSE,CA,7,False,Doris Matsui,,3562864.09,,True,,,2026
HOUSE,CA,8,False,John Garamendi,Rudy Recile,1796042.57,61209.12,True,True,3.0503884841823927,2026
HOUSE,CA,9,False,Josh Harder,John McBride,5871728.0,30241.59,True,True,4.670436788171247,2026
HOUSE,CA,10,False,Mark DeSaulnier,Jeff Frese,1207241.29,,True,True,,2026
HOUSE,CA,11,False,Connie Chan,,4561120.07,,True,,,2026
HOUSE,CA,12,False,Jamie Joyce,,1863170.6099999999,,True,,,2026
HOUSE,CA,13,False,Adam Gray,Kevin Lincoln,4915922.890000001,2185425.9299999997,True,True,0.8043669081225392,2026
HOUSE,CA,14,False,Melissa Hernandez,,1990728.52,,True,,,2026
HOUSE,CA,15,False,Kevin Mullin,Charles Hoelter,918273.1,0.0,True,False,3.630480023472267,2026
HOUSE,CA,16,False,Sam Liccardo,Peter Soulé,3701696.92,400.0,True,True,4.988528402051517,2026
HOUSE,CA,17,False,Ro Khanna,Ritesh Tandon,24789989.94,37653.48,True,True,5.981583956134133,2026
HOUSE,CA,18,False,Zoe Lofgren,Shane Lewis,2040143.0,60180.119999999995,True,True,3.1881866791166984,2026
HOUSE,CA,19,False,Jimmy Panetta,Peter Coe Verbica,6677498.98,76324.0,True,True,4.191912414695078,2026
HOUSE,CA,20,False,Sandra Van Scotter,Vince Fong,4920.349999999999,1937747.2600000002,True,True,-4.1835615831780615,2026
HOUSE,CA,21,False,Jim Costa,Kyle Kirkland,1582550.76,338970.81,True,True,1.4853933604826512,2026
HOUSE,CA,22,False,Randy Villegas,David Valadao,2645560.4899999998,5095381.25,True,True,-0.6509405274397485,2026
HOUSE,CA,23,False,Tessa Lynn Hodge,Jay Obernolte,79499.12,2646450.71,True,True,-3.241198290602025,2026
HOUSE,CA,24,False,Salud Carbajal,Bob Smith,4347380.16,203264.28999999998,True,True,2.9525586745494854,2026
HOUSE,CA,25,False,Raul Ruiz,Joe Males,3935277.13,936496.34,True,True,1.4155785256537825,2026
HOUSE,CA,26,False,Jacqui Irwin,Sam Gallucci,822382.3099999999,376077.94,True,True,0.7479961898449257,2026
HOUSE,CA,27,False,George Whitesides,Jason Gibbs,4541496.41,379439.88,True,True,2.423998442454749,2026
HOUSE,CA,28,False,Judy Chu,April Verlato,4575132.21,8057.65,True,True,4.935587316381753,2026
HOUSE,CA,29,False,Angelica Dueñas,,961089.04,,True,,,2026
HOUSE,CA,30,False,Laura Friedman,Scott Meyers,1186230.08,58294.0,True,True,2.6770151994822355,2026
HOUSE,CA,31,False,Gil Cisneros,Eric Ching,814413.52,145615.1,True,True,1.5932933152348279,2026
HOUSE,CA,32,False,Brad Sherman,Larry Thompson,6484110.25,34316.34,True,True,4.698073235406674,2026
HOUSE,CA,33,False,Pete Aguilar,Stephanie Vargas,7525718.29,,True,True,,2026
HOUSE,CA,34,False,Jimmy Gomez,,1319026.1,,True,,,2026
HOUSE,CA,35,False,Norma Torres,Mike Cargile,1099106.19,5409.290000000001,True,True,3.6099953472464317,2026
HOUSE,CA,36,False,Ted Lieu,Houston Brignano,2677856.49,5139.13,True,True,4.496240124520736,2026
HOUSE,CA,37,False,Sydney Kamlager-Dove,,1236504.8800000001,,True,,,2026
HOUSE,CA,38,False,Hilda Solis,Pedro Casas,1049534.17,,True,True,,2026
HOUSE,CA,39,False,Mark Takano,Steve Manos,1234996.3900000001,,True,True,,2026
HOUSE,CA,40,False,,Ken Calvert,,10932558.110000001,,True,,2026
HOUSE,CA,41,False,Linda Sánchez,Mitch Clemmons,2172482.96,1659.44,True,True,4.411924565984419,2026
HOUSE,CA,42,False,Robert Garcia,Brian Burley,3085457.99,238296.31,True,True,2.4692452060247914,2026
HOUSE,CA,43,False,Maxine Waters,Cristian Morales,1032604.9199999999,,True,True,,2026
HOUSE,CA,44,False,Nanette Barragán,Genevieve Angel,2340752.37,11283.740000000002,True,True,4.177481670150154,2026
HOUSE,CA,45,False,Derek Tran,Chuong Vo,5959001.52,495762.83999999997,True,True,2.4415500370827883,2026
HOUSE,CA,46,False,Lou Correa,David Pan,3207849.3200000003,86605.84,True,True,3.3661457914454513,2026
HOUSE,CA,47,False,Dave Min,Jenny Le Roux,3877793.86,375883.39,True,True,2.275777362991438,2026
HOUSE,CA,48,False,Marni von Wilpert,Jim Desmond,2174872.25,2258835.81,True,True,-0.03745711167305666,2026
HOUSE,CA,49,False,Mike Levin,Armen Kurdian,3774550.29,58783.73,True,True,3.8143991580810206,2026
HOUSE,CA,50,False,Scott Peters,Steve Cohen,4025798.22,,True,True,,2026
HOUSE,CA,51,False,Sara Jacobs,Ricardo Cabrera,1823804.74,0.0,True,False,4.303418797913867,2026
HOUSE,CA,52,False,Juan Vargas,Jeff Belle,845188.56,25498.1,True,True,2.846774211985893,2026
HOUSE,CO,1,False,Melat Kiros,Christy Peterson,1091198.1400000001,2056.95,True,True,3.7197397680855597,2026
HOUSE,CO,2,False,Joe Neguse,Kelley Dennison,4785894.33,,True,True,,2026
HOUSE,CO,3,False,Dwayne Romero,Jeff Hurd,716575.6799999999,3603727.58,True,True,-1.5878601171287483,2026
HOUSE,CO,4,False,Eileen Laubacher,Lauren Boebert,10349940.18,1452445.58,True,True,1.9490786631845334,2026
HOUSE,CO,5,False,Jessica Killin,Jeff Crank,3143744.12,2380739.8,True,True,0.275477867330993,2026
HOUSE,CO,6,False,Jason Crow,Jason Clark,5064033.33,,True,True,,2026
HOUSE,CO,7,False,Brittany Pettersen,Tim Bennett,2532855.33,63306.33,True,True,3.3661126321666814,2026
HOUSE,CO,8,False,Manny Rutinel,Gabe Evans,4336987.53,5558368.63,True,True,-0.246864482379053,2026
HOUSE,CT,1,False,Luke Bronin,Amy Chai,3070150.94,2855.91,True,True,4.710546800792924,2026
HOUSE,CT,2,False,Joe Courtney,George Austin,1152015.5499999998,283997.0,True,True,1.3374057506150538,2026
HOUSE,CT,3,False,Rosa DeLauro,Chris Lancia,1459814.68,4028.0,True,True,3.9347843674206193,2026
HOUSE,CT,4,False,Jim Himes,Michael Goldstein,3603710.4,46809.399999999994,True,True,3.922617215725456,2026
HOUSE,CT,5,False,Jahana Hayes,Chris Shea,1978925.25,311675.81999999995,True,True,1.7837426521934596,2026
HOUSE,DE,0,False,Sarah McBride,Joseph Arminio,5508039.42,6634.0,True,True,5.164260075857007,2026
HOUSE,FL,1,False,Gay Valimont,Jimmy Patronis,174308.78999999998,1748282.93,True,True,-2.1857325397198517,2026
HOUSE,FL,2,False,Amanda Green,Austin Rogers,348120.07999999996,1010276.9500000001,True,True,-1.0205239563158912,2026
HOUSE,FL,3,False,Seth Harp,Kat Cammack,37794.03,2848109.2199999997,True,True,-3.8232900690067915,2026
HOUSE,FL,4,False,LaShonda Holloway,Aaron Bean,37787.7,2785751.29,True,True,-3.8014478951635087,2026
HOUSE,FL,5,False,Rachel Grage,John Rutherford,272423.46,916821.3,True,True,-1.1526586392471585,2026
HOUSE,FL,6,False,Eric Yonce,Randy Fine,325709.89,2146102.98,True,True,-1.8230312456254898,2026
HOUSE,FL,7,False,Bale Dalton,Ryan Elijah,1378109.29,355955.45999999996,True,True,1.3037635090255264,2026
HOUSE,FL,8,False,Jennifer Jenkins,Mike Haridopolos,725730.74,2182564.51,True,True,-1.0785981029654792,2026
HOUSE,FL,9,False,Darren Soto,Dan Green,2268286.5599999996,1298516.0,True,True,0.5496941359508347,2026
HOUSE,FL,10,False,Maxwell Frost,,4793026.8,,True,,,2026
HOUSE,FL,11,False,James Pericola,Joe Strada,119754.0,5248640.0,True,True,-3.5954403552750236,2026
HOUSE,FL,12,False,Kimberly Overman,Gus Bilirakis,186812.6,1820090.14,True,True,-2.1645814901669307,2026
HOUSE,FL,13,False,Leela Gray,Anna Paulina Luna,1223069.43,3654453.8200000003,True,True,-1.0811664212748688,2026
HOUSE,FL,14,False,Kathy Castor,Mike Beltran,2614617.24,2116747.45,True,True,0.20901186055226442,2026
HOUSE,FL,15,False,Robert People,Laurel Lee,40107.9,2886961.21,True,True,-3.8005361948675898,2026
HOUSE,FL,16,False,Kelly Kirschner,Sydney Gruters,296506.91000000003,1087682.55,True,True,-1.2415100540185047,2026
HOUSE,FL,17,False,Matthew Montavon,Greg Steube,99436.41,2984575.9,True,True,-3.1857596284373653,2026
HOUSE,FL,18,False,Curtis Gibson,Scott Franklin,12102.9,1535867.88,True,True,-3.739302145206497,2026
HOUSE,FL,19,False,Victor Arias,Jim Schwartzel,45356.149999999994,2065485.29,True,True,-3.391581314395614,2026
HOUSE,FL,20,False,Debbie Wasserman Schultz,Brent Andersen,4448036.5,63848.58,True,True,3.91888919099027,2026
HOUSE,FL,21,False,James Martin,Brian Mast,579319.2,6278871.97,True,True,-2.3448167868427556,2026
HOUSE,FL,22,False,Pia Dandiya,Casey Askar,2284052.29,2567760.0,True,True,-0.11588576910584673,2026
HOUSE,FL,23,False,Lois Frankel,Deborah Adeimy,2616763.8,173289.52000000002,True,True,2.5894738942066455,2026
HOUSE,FL,24,False,Oliver Gilbert,Te Mayonna Brown,812142.7999999999,313318.49000000005,True,True,0.9060069353321618,2026
HOUSE,FL,25,False,Jared Moskowitz,Scott Singer,3573176.46,2245960.14,True,True,0.46022446700894715,2026
HOUSE,FL,26,False,Nicole Locklin,Mario Díaz-Balart,347681.45999999996,4006110.9000000004,True,True,-2.3810732143778166,2026
HOUSE,FL,27,False,Eliott Rodriguez,María Elvira Salazar,661923.11,3746110.65,True,True,-1.702902474616086,2026
HOUSE,FL,28,False,Phil Ehr,Carlos Giménez,366568.55,1225091.3900000001,True,True,-1.1608113437349745,2026
HOUSE,GA,1,False,Amanda Hollowell,Jim Kingston,162499.86,1944528.3900000001,True,True,-2.351771298389646,2026
HOUSE,GA,2,False,Sanford Bishop,Matt Day,1510943.9,206344.27,True,True,1.892993442224871,2026
HOUSE,GA,3,False,Maura Keller,Brian Jack,150533.84,2471915.07,True,True,-2.6549794320546907,2026
HOUSE,GA,4,False,Hank Johnson,James Duffie,543321.1900000001,,True,True,,2026
HOUSE,GA,5,False,Nikema Williams,John Oscar Salvesen,698665.54,0.0,True,False,3.3654534994545418,2026
HOUSE,GA,6,False,Lucy McBath,Kevin Martin,1965989.7599999998,10320.0,True,True,4.0319377851710625,2026
HOUSE,GA,7,False,Tony Kozycki,Rich McCormick,392831.32,2443507.05,True,True,-1.7762910032698032,2026
HOUSE,GA,8,False,Kelly Esti,Austin Scott,1687.58,2153406.0999999996,True,True,-4.402150452933544,2026
HOUSE,GA,9,False,Caitlyn Gegen,Andrew Clyde,43387.42,768020.58,True,True,-2.450660283793968,2026
HOUSE,GA,10,False,Pam Delancy,Houston Gaines,10205.0,2303879.9,True,True,-4.191954583387389,2026
HOUSE,GA,11,False,Chris Harden,John Cowan,74664.25,2347796.21,True,True,-3.1700173371763802,2026
HOUSE,GA,12,False,Ceretta Smith,Rick Allen,26695.6,2203514.31,True,True,-3.7637177422160017,2026
HOUSE,GA,13,False,Jasmine Clark,Jonathan Chavez,1619079.2999999998,,True,True,,2026
HOUSE,GA,14,False,Shawn Harris,Clay Fuller,8098513.75,1846892.29,True,True,1.467812949399513,2026
HOUSE,HI,1,False,Ed Case,Adriel Lam,1417160.52,,True,True,,2026
HOUSE,HI,2,False,Jill Tokuda,Brenton Awa,1331442.3,122614.57,True,True,2.218015975224514,2026
HOUSE,IA,1,False,Christina Bohannan,Mariannette Miller-Meeks,7316406.9,7923416.029999999,True,True,-0.07944216729728647,2026
HOUSE,IA,2,False,Lindsay James,Joe Mitchell,1628201.37,1938593.0,True,True,-0.17206232596361554,2026
HOUSE,IA,3,False,Sarah Trone Garriott,Zach Nunn,5293772.59,5338320.23,True,True,-0.008340668631746795,2026
HOUSE,IA,4,False,David Dawson,Chris McGowan,135721.51,679843.5,True,True,-1.4783026766701204,2026
HOUSE,ID,1,False,Kaylee Peterson,Russ Fulcher,198789.87999999998,874733.48,True,True,-1.3913910102249132,2026
HOUSE,ID,2,False,Ellie Gilbreath,Mike Simpson,106892.02,1382305.32,True,True,-2.3674484767699004,2026
HOUSE,IL,1,False,Jonathan Jackson,Christian Maxwell,495181.85000000003,69919.59,True,True,1.701148349847759,2026
HOUSE,IL,2,False,Donna Miller,Michael Noack,2452894.37,,True,True,,2026
HOUSE,IL,3,False,Delia Ramirez,Angel Oakley,1994502.65,8079.52,True,True,4.111692187436496,2026
HOUSE,IL,4,False,Patty Garcia,Lupe Castillo,358667.1,,True,True,,2026
HOUSE,IL,5,False,Mike Quigley,Tommy Hanson,1953424.08,,True,True,,2026
HOUSE,IL,6,False,Sean Casten,Niki Conforti,2869650.88,333920.33,True,True,2.0875193467528566,2026
HOUSE,IL,7,False,La Shawn Ford,Chad Koppie,722008.77,55450.56,True,True,2.228434091099001,2026
HOUSE,IL,8,False,Melissa Bean,Jennifer Davis,2071075.5,1476009.04,True,True,0.33392921151766736,2026
HOUSE,IL,9,False,Daniel Biss,John Elleson,2946674.84,,True,True,,2026
HOUSE,IL,10,False,Brad Schneider,Carl Lambrecht,4181960.0999999996,0.0,True,False,5.125619774484333,2026
HOUSE,IL,11,False,Bill Foster,Jeff Walter,3890995.66,311438.92000000004,True,True,2.454408278368989,2026
HOUSE,IL,12,False,Julie Fortier,Mike Bost,88059.67,1729206.7,True,True,-2.741856278476134,2026
HOUSE,IL,13,False,Nikki Budzinski,Jeff Wilson,4895110.13,348236.88,True,True,2.5788729082839565,2026
HOUSE,IL,14,False,Lauren Underwood,James Marter,3644699.92,161095.80000000002,True,True,2.981603577156067,2026
HOUSE,IL,15,False,Jennifer Todd,Mary Miller,86251.31,2036987.92,True,True,-2.919634109911912,2026
HOUSE,IL,16,False,Paul Nolley,Darin LaHood,415748.4,9314250.66,True,True,-3.053507107786751,2026
HOUSE,IL,17,False,Eric Sorensen,Dillan Vancil,2505692.88,339484.43,True,True,1.937764575352899,2026
HOUSE,IN,1,False,Frank Mrvan,Barb Regnitz,2562337.8499999996,2376255.95,True,True,0.07463757698751726,2026
HOUSE,IN,2,False,Jamee Decio,Rudy Yakym,355589.42,6257605.72,True,True,-2.8038189407098195,2026
HOUSE,IN,3,False,Kelly Thompson,Marlin Stutzman,136340.30000000002,954395.61,True,True,-1.803419857987651,2026
HOUSE,IN,4,False,Drew Cox,Jim Baird,20377.01,589819.89,True,True,-2.606323774000942,2026
HOUSE,IN,5,False,J. D. Ford,Victoria Spartz,582086.6699999999,1651010.6700000002,True,True,-1.0155000823188913,2026
HOUSE,IN,6,False,Cinde Wirth,Jefferson Shreve,30462.98,2640151.53,True,True,-3.872300423106712,2026
HOUSE,IN,7,False,André Carson,Patrick McAuley,1552317.5899999999,,True,True,,2026
HOUSE,IN,8,False,Mary Allen,Mark Messmer,294502.04,1438374.37,True,True,-1.5217366015143527,2026
HOUSE,IN,9,False,Brad Meyer,Erin Houchin,106362.27,2690465.75,True,True,-3.02875983830688,2026
HOUSE,KS,1,False,Lauren Reinhold,Tracey Mann,48261.350000000006,3269629.1,True,True,-3.8060156914097845,2026
HOUSE,KS,2,False,Don Coover,Derek Schmidt,758823.24,1614912.58,True,True,-0.7382146787724481,2026
HOUSE,KS,3,False,Sharice Davids,Eric Jenkins,4348169.08,18916.39,True,True,4.600955616274553,2026
HOUSE,KS,4,False,Katy Tyndell,Ron Estes,234454.91999999998,3228770.64,True,True,-2.528986830913205,2026
HOUSE,KY,1,False,Drew Williams,James Comer,118699.94,5281423.14,True,True,-3.6089459034253784,2026
HOUSE,KY,2,False,Megan Wingfield,Brett Guthrie,7539.0,5199890.24,True,True,-5.078749700002629,2026
HOUSE,KY,3,False,Morgan McGarvey,Maria Rodriquez,2956618.62,0.0,True,False,4.781345768246492,2026
HOUSE,KY,4,False,Melissa Strange,Ed Gallrein,94463.82,3567323.59,True,True,-3.4035409476436866,2026
HOUSE,KY,5,False,Ned Pillersdorf,Hal Rogers,182280.69,1924765.88,True,True,-2.2413907177324863,2026
HOUSE,KY,6,False,Zach Dembo,Ralph Alvarado,1463854.77,1521812.83,True,True,-0.038189361573742746,2026
HOUSE,LA,1,False,Lauren Jewett,Randall Arrington,142676.79,,True,True,,2026
HOUSE,LA,2,False,Troy Carter,Peter Williams,2171370.43,,True,True,,2026
HOUSE,LA,3,False,John Day,Kate Cotten,,1226166.34,True,True,,2026
HOUSE,LA,4,False,Conrad Cable,Gordon Heslop,268873.67,24606220.03,True,True,-4.4286200430792935,2026
HOUSE,LA,5,False,Dan McKay,Stewart Cathey Jr.,,2979894.41,True,True,,2026
HOUSE,LA,6,False,Pat Forbes,Monique Appeaning,65472.97,,True,True,,2026
HOUSE,MA,1,False,Richard Neal,,6544579.91,,True,,,2026
HOUSE,MA,2,False,Jim McGovern,,1311616.1800000002,,True,,,2026
HOUSE,MA,3,False,Lori Trahan,Gary Grossi,3179858.36,7120.85,True,True,4.602917822939294,2026
HOUSE,MA,4,False,Jake Auchincloss,Thomas Stalcup,8662003.67,2213.9900000000002,True,True,5.765852177419516,2026
HOUSE,MA,5,False,Katherine Clark,,5987798.390000001,,True,,,2026
HOUSE,MA,6,False,Dan Koh,Micah Jones,4717907.41,448867.62,True,True,2.3034776042991005,2026
HOUSE,MA,7,False,Ayanna Pressley,,1428024.75,,True,,,2026
HOUSE,MA,8,False,Stephen Lynch,Robert Burke,2029058.4899999998,1525.0,True,True,4.349485181727128,2026
HOUSE,MA,9,False,Bill Keating,Tyler MacAllister,1127035.99,175121.55,True,True,1.7503611501444836,2026
HOUSE,MD,1,False,Dan Schwartz,Andy Harris,695169.98,3117142.4699999997,True,True,-1.4731728940375293,2026
HOUSE,MD,2,False,Johnny Olszewski,Dave Wallace,1285461.08,20194.469999999998,True,True,3.367159589513458,2026
HOUSE,MD,3,False,Sarah Elfreth,Berney Flowers,1282785.52,2015.51,True,True,3.8796793975177954,2026
HOUSE,MD,4,False,Glenn Ivey,George McDermott,1002561.77,0.0,True,False,3.716068236483568,2026
HOUSE,MD,5,False,Adrian Boafo,Chris Chaffee,1679916.13,,True,True,,2026
HOUSE,MD,6,False,April McClain Delaney,Robin Ficker,12460889.6,403933.7,True,True,3.371052092149576,2026
HOUSE,MD,7,False,Kweisi Mfume,Scott Collier,1131042.81,0.0,True,False,3.8338822565503947,2026
HOUSE,MD,8,False,Jamie Raskin,Cheryl Riley,12529164.82,20399.59,True,True,5.622304673504999,2026
HOUSE,ME,1,False,Chellie Pingree,Ronald Russell,857762.02,107956.88,True,True,1.8930307861271725,2026
HOUSE,ME,2,False,Matthew Dunlap,Paul LePage,1205431.88,2442172.52,True,True,-0.6957075364858891,2026
HOUSE,MI,1,False,Callie Barr,Jack Bergman,855438.83,2118612.72,True,True,-0.8898274179139831,2026
HOUSE,MI,2,False,Ben Ambrose,John Moolenaar,81777.06,3017958.76,True,True,-3.3498424879426896,2026
HOUSE,MI,3,False,Hillary Scholten,Terri DeBoer,2905740.08,551696.73,True,True,1.6256937267342795,2026
HOUSE,MI,4,False,Sean McCann,Bill Huizenga,2620010.89,4340472.95,True,True,-0.5010513514334808,2026
HOUSE,MI,5,False,Christian Vukasovich,Tim Walberg,55757.03,2740193.67,True,True,-3.533420937766253,2026
HOUSE,MI,6,False,Debbie Dingell,Heather Smiley,1607497.48,,True,True,,2026
HOUSE,MI,7,False,William Lawrence,Tom Barrett,1119197.76,6482454.15,True,True,-1.7382445669946092,2026
HOUSE,MI,8,False,Kristen McDonald Rivet,Thomas Smith,5753660.88,10290.21,True,True,5.09832166479946,2026
HOUSE,MI,9,False,Ray Pooley,Lisa McClain,6001.99,6021983.65,True,True,-5.273263460476266,2026
HOUSE,MI,10,False,Christina Hines,Mike Bouchard,1211488.64,1414723.65,True,True,-0.1521755647335265,2026
HOUSE,MI,11,False,Jeremy Moss,Ethan Baker,1485177.78,142876.0,True,True,2.19675704633931,2026
HOUSE,MI,12,False,Rashida Tlaib,James Hooper,7248320.39,9880.15,True,True,5.340050291667084,2026
HOUSE,MI,13,False,Donavan McKinney,T.P. Nykoriak,1372308.52,,True,True,,2026
HOUSE,MN,1,False,Jake Johnson,Brad Finstad,2000546.73,2173060.51,True,True,-0.08173573093365145,2026
HOUSE,MN,2,False,Matt Little,Eric Pratt,923779.14,511213.48,True,True,0.5706436769766289,2026
HOUSE,MN,3,False,Kelly Morrison,Tyler Bass,1566353.2399999998,,True,True,,2026
HOUSE,MN,4,False,Betty McCollum,Paul Wikstrom,1920543.42,17146.07,True,True,3.83215516867897,2026
HOUSE,MN,5,False,Ilhan Omar,John Nagel,6377894.13,747046.28,True,True,2.1154608785306404,2026
HOUSE,MN,6,False,Doug Chapin,Tom Emmer,438699.8,11714171.55,True,True,-3.231449164368663,2026
HOUSE,MN,7,False,Erik Osberg,Michelle Fischbach,334944.86,1767099.26,True,True,-1.6051921295735947,2026
HOUSE,MN,8,False,Trina Swanson,Pete Stauber,316706.12,2623900.15,True,True,-2.0479487256838023,2026
HOUSE,MO,1,False,Wesley Bell,Paul Berry,4084033.1500000004,,True,True,,2026
HOUSE,MO,2,False,Fred Wellman,Ann Wagner,1155879.75,6779726.84,True,True,-1.7513577826849565,2026
HOUSE,MO,3,False,Bethany Mann,Bob Onder,52268.83,1149843.22,True,True,-2.7215993477685076,2026
HOUSE,MO,4,False,Jordan Herrera,Mark Alford,24566.79,1682080.5699999998,True,True,-3.539218868419995,2026
HOUSE,MO,5,False,Emanuel Cleaver,Rick Brattin,2299315.6500000004,331764.07999999996,True,True,1.8741062076154291,2026
HOUSE,MO,6,False,Josh Smead,Chris Stigall,71949.11,599336.0,True,True,-1.8625024833326558,2026
HOUSE,MO,7,False,Missi Hesketh,Eric Burlison,49289.85,2160977.84,True,True,-3.3818441974007443,2026
HOUSE,MO,8,False,Chris Reichard,Jason Smith,5673.9400000000005,8633362.86,True,True,-5.642867503322933,2026
HOUSE,MS,1,False,Cliff Johnson,Trent Kelly,551195.78,1664766.1800000002,True,True,-1.0758979445378716,2026
HOUSE,MS,2,False,Bennie Thompson,Ron Eller,2494552.33,83206.1,True,True,3.1477987759962702,2026
HOUSE,MS,3,False,Michael Chiaradio,Michael Guest,155399.53,1369664.68,True,True,-2.0452352902978252,2026
HOUSE,MS,4,False,Jeffrey Hulum III,Mike Ezell,33025.18,1182380.55,True,True,-3.0353314029711926,2026
HOUSE,MT,1,False,Sam Forstag,Aaron Flint,1382873.2999999998,1296231.94,True,True,0.06351567865671319,2026
HOUSE,MT,2,False,Brian Miller,Troy Downing,8333.6,2374610.73,True,True,-4.276495910059555,2026
HOUSE,NC,1,False,Don Davis,Laurie Buckhout,4700005.7,3926869.02,True,True,0.17868013067034585,2026
HOUSE,NC,2,False,Deborah Ross,Eugene Douglass,2466898.63,,True,True,,2026
HOUSE,NC,3,False,Raymond Smith Jr.,Greg Murphy,225243.61000000002,3996073.7,True,True,-2.7768693520994554,2026
HOUSE,NC,4,False,Valerie Foushee,Max Ganorkar,1024633.33,21279.809999999998,True,True,3.1214903757679835,2026
HOUSE,NC,5,False,Chuck Hubbard,Virginia Foxx,408495.35000000003,4668321.470000001,True,True,-2.3820147438223986,2026
HOUSE,NC,6,False,Cyril Jefferson,Addison McDowell,199881.38,1357383.9,True,True,-1.8159916883842966,2026
HOUSE,NC,7,False,Kimberly Hardy,David Rouzer,293818.18,3529774.6799999997,True,True,-2.4114259874364383,2026
HOUSE,NC,8,False,Colby Watson,Mark Harris,36430.81,1174189.08,True,True,-2.9714893398474422,2026
HOUSE,NC,9,False,Richard Ojeda,Richard Hudson,2237508.34,3959199.36,True,True,-0.5658622958580318,2026
HOUSE,NC,10,False,Ashley Bell,Pat Harrigan,76979.20999999999,1687498.38,True,True,-2.820939655170511,2026
HOUSE,NC,11,False,Jamie Ager,Jennifer Balkcom,3052354.2399999998,,True,True,,2026
HOUSE,NC,12,False,Alma Adams,Jack Codiga,972082.72,28703.76,True,True,2.9213507177412255,2026
HOUSE,NC,13,False,Paul Barringer,Brad Knott,1022609.78,1475371.49,True,True,-0.3592015682133619,2026
HOUSE,NC,14,False,Lakesha Womack,Tim Moore,13576.04,2526056.98,True,True,-4.191631695878629,2026
HOUSE,ND,0,False,Trygve Hammer,Julie Fedorchak,190063.55,2134777.84,True,True,-2.306827077689307,2026
HOUSE,NE,1,False,Chris Backemeyer,Mike Flood,592233.0900000001,2668825.3600000003,True,True,-1.4734707971875542,2026
HOUSE,NE,2,False,Denise Powell,Brinker Harding,2668287.0,1891771.13,True,True,0.34012031348199273,2026
HOUSE,NE,3,False,Becky Stille,Adrian Smith,55101.49,2801432.15,True,True,-3.5634760152249814,2026
HOUSE,NH,1,False,Stefany Shaheen,Anthony DiLorenzo,2432372.1,2500777.75,True,True,-0.027456508177070002,2026
HOUSE,NH,2,False,Maggie Goodlander,Lily Tang Williams,4439302.85,1460398.7999999998,True,True,1.1004297771301996,2026
HOUSE,NJ,1,False,Donald Norcross,Damon Galdo,3476034.37,11124.73,True,True,4.5738360657453425,2026
HOUSE,NJ,2,False,Zack Mullock,Jeff Van Drew,285766.92,2819131.1100000003,True,True,-2.213969712600671,2026
HOUSE,NJ,3,False,Herb Conaway,Michael McGuire,1017053.73,79190.0,True,True,2.302732629859251,2026
HOUSE,NJ,4,False,Rachel Peace,Chris Smith,34351.97,1031587.1199999999,True,True,-2.87931398118424,2026
HOUSE,NJ,5,False,Josh Gottheimer,Sean Kirrane,25680149.87,55656.340000000004,True,True,5.7642492220909665,2026
HOUSE,NJ,6,False,Frank Pallone,Hillary Herzig,5526702.52,7645.12,True,True,5.136164539520171,2026
HOUSE,NJ,7,False,Rebecca Bennett,Thomas Kean Jr.,4272033.75,5099021.65,True,True,-0.17601465016125928,2026
HOUSE,NJ,8,False,Rob Menendez,,2313300.6799999997,,True,,,2026
HOUSE,NJ,9,False,Nellie Pou,Rosie Pino,2869839.7199999997,415869.85,True,True,1.88193531688059,2026
HOUSE,NJ,10,False,LaMonica McIver,Carmen Bucco,2354085.0,2270.33,True,True,4.4686719409683064,2026
HOUSE,NJ,11,False,Analilia Mejia,Joe Hathaway,608063.26,657711.0,True,True,-0.07550128282926406,2026
HOUSE,NJ,12,False,Adam Hamawy,Gregg Mele,1533851.83,79424.92,True,True,2.7032364785647616,2026
HOUSE,NM,1,False,Melanie Stansbury,Didi Okpareke,1572393.65,100340.06,True,True,2.545098087771315,2026
HOUSE,NM,2,False,Gabe Vasquez,Greg Cunningham,3964715.3500000006,1299230.76,True,True,1.102888155146477,2026
HOUSE,NM,3,False,Teresa Leger Fernández,Martin Zamora,1750400.74,440623.09,True,True,1.3384049583296243,2026
HOUSE,NV,1,False,Dina Titus,Carrie Buck,1739691.34,1746695.5,True,True,-0.003961200782313462,2026
HOUSE,NV,2,False,Teresa Benitez-Thompson,David Flippo,257086.52000000002,2237252.37,True,True,-2.0819023874676206,2026
HOUSE,NV,3,False,Susie Lee,Martin O'Donnell,5054915.84,3838545.51,True,True,0.27370940672732985,2026
HOUSE,NV,4,False,Steven Horsford,Cody Whipple,3476483.51,884687.46,True,True,1.3478409277054328,2026
HOUSE,NY,1,False,Chris Gallant,Nick LaLota,647598.19,4554545.54,True,True,-1.9182069368577728,2026
HOUSE,NY,2,False,Patrick Halpin,Andrew Garbarino,461848.13999999996,5249769.66,True,True,-2.382738044101273,2026
HOUSE,NY,3,False,Tom Suozzi,Mike LiPetri,7628918.87,1544832.63,True,True,1.5842487786789468,2026
HOUSE,NY,4,False,Laura Gillen,Jeanine Driscoll,5252319.79,264824.04,True,True,2.901899652082301,2026
HOUSE,NY,5,False,Gregory Meeks,George Marsh,4079279.9000000004,0.0,True,False,5.100909761411157,2026
HOUSE,NY,6,False,Grace Meng,Joseph Chou,3192769.87,94602.7,True,True,3.292268395120239,2026
HOUSE,NY,7,False,Claire Valdez,Melvin Rivera,1693312.47,,True,True,,2026
HOUSE,NY,8,False,Hakeem Jeffries,Lewis Mizrahi,21139866.21,0.0,True,False,6.741222006781704,2026
HOUSE,NY,9,False,Yvette Clarke,Joel Azumah,1245906.15,,True,True,,2026
HOUSE,NY,10,False,Brad Lander,Jennifer Moore,2455374.77,,True,True,,2026
HOUSE,NY,11,False,Michael DeCillis,Nicole Malliotakis,67615.81,4202670.03,True,True,-3.8209464385321685,2026
HOUSE,NY,12,False,Micah Lasher,Caroline Shinkle,3320729.0200000005,155144.62,True,True,2.9216799192690206,2026
HOUSE,NY,13,False,Darializa Avila Chevalier,Jomo Williams,1354601.68,,True,True,,2026
HOUSE,NY,14,False,Alexandria Ocasio-Cortez,Diamant Hysenaj,37852470.489999995,342895.97000000003,True,True,4.634311560156069,2026
HOUSE,NY,15,False,Ritchie Torres,Stylo Sapaskis,18387086.8,0.0,True,False,6.601886794374569,2026
HOUSE,NY,16,False,George Latimer,Joseph Cinquemani,924987.35,,True,True,,2026
HOUSE,NY,17,False,Cait Conley,Mike Lawler,4317457.32,8734298.85,True,True,-0.7016754711456092,2026
HOUSE,NY,18,False,Pat Ryan,Jacqueline Auringer,5092508.92,89698.05,True,True,3.7981200374535495,2026
HOUSE,NY,19,False,Josh Riley,Peter Oberacker,5069687.71,1237178.98,True,True,1.3953587948041202,2026
HOUSE,NY,20,False,Paul Tonko,Ralph Ambrosio,1651493.79,29025.65,True,True,3.435000927966396,2026
HOUSE,NY,21,False,Blake Gendebien,Anthony Constantino,5728219.380000001,12060254.309999999,True,True,-0.7422264670742905,2026
HOUSE,NY,22,False,John Mannion,Kailee Buller,2987599.9299999997,267338.61,True,True,2.3326459953207626,2026
HOUSE,NY,23,False,Aaron Gies,Nick Langworthy,192241.0,3511126.2699999996,True,True,-2.789779796601702,2026
HOUSE,NY,24,False,Alissa Ellman,Claudia Tenney,193087.81,3250141.1500000004,True,True,-2.7092184665244248,2026
HOUSE,NY,25,False,Joseph Morelle,Virginia McIntyre,2312388.52,15261.89,True,True,4.061384204078744,2026
HOUSE,NY,26,False,Tim Kennedy,Dennis Hannon,2776950.99,,True,True,,2026
HOUSE,OH,1,False,Greg Landsman,Eric Conroy,4892036.62,1386147.06,True,True,1.248303144638358,2026
HOUSE,OH,2,False,Jennifer Mazzuckelli,David Taylor,,1240776.27,True,True,,2026
HOUSE,OH,3,False,Joyce Beatty,Cleophus Dulaney,3947451.99,0.0,True,False,5.068262987881218,2026
HOUSE,OH,4,False,Joshua Kolasinski,Jim Jordan,12868.01,12529549.24,True,True,-5.803731675777787,2026
HOUSE,OH,5,False,Brian Shaver,Bob Latta,16000.119999999999,2106995.96,True,True,-3.951238896820313,2026
HOUSE,OH,6,False,Elizabeth Kirtley,Michael Rulli,1131.7,1240899.05,True,True,-3.880388723453233,2026
HOUSE,OH,7,False,Brian Poindexter,Max Miller,603744.69,2425474.67,True,True,-1.3603117515799368,2026
HOUSE,OH,8,False,Vanessa Enoch,Warren Davidson,2987.38,1082440.95,True,True,-3.67805348792612,2026
HOUSE,OH,9,False,Marcy Kaptur,Derek Merrin,4865240.18,,True,True,,2026
HOUSE,OH,10,False,Kristina Knickerbocker,Mike Turner,362665.53,1388176.7599999998,True,True,-1.2934525386281046,2026
HOUSE,OH,11,False,Shontel Brown,Mike Kirchner,2133581.44,,True,True,,2026
HOUSE,OH,12,False,Jerrad Christian,Troy Balderson,99082.95,2894929.11,True,True,-3.158364324000822,2026
HOUSE,OH,13,False,Emilia Sykes,Carey Coleman,3364875.33,127109.29,True,True,3.103949148248991,2026
HOUSE,OH,14,False,Maria Jukic,David Joyce,40621.740000000005,4349831.63,True,True,-4.199716269992327,2026
HOUSE,OH,15,False,Don Leonard,Mike Carey,606657.6,3690832.45,True,True,-1.7720105349286333,2026
HOUSE,OK,1,False,John Croisant,Mark Tedford,141971.56,1763829.6800000002,True,True,-2.371493376438966,2026
HOUSE,OK,2,False,Brandon Wade,Josh Brecheen,210.0,300632.88,True,True,-2.5585298706311197,2026
HOUSE,OK,3,False,Suzie Byrd,Frank Lucas,,1586017.9900000002,True,True,,2026
HOUSE,OK,4,False,Mitchell Jacob,Tom Cole,65288.68,5710872.15,True,True,-4.151483000326125,2026
HOUSE,OK,5,False,Jena Nelson,Stephanie Bice,449421.41,3149866.9800000004,True,True,-1.9009250370295792,2026
HOUSE,OR,1,False,Suzanne Bonamici,Barbara Kahl,1412819.57,3275.53,True,True,3.9288862912291878,2026
HOUSE,OR,2,False,Chris Beck,Cliff Bentz,94773.56,2131445.8,True,True,-2.8906137222995265,2026
HOUSE,OR,3,False,Maxine Dexter,Loran Ayles,1128401.54,0.0,True,False,3.8315948914951576,2026
HOUSE,OR,4,False,Val Hoyle,Monique DeSpain,1463372.67,677570.69,True,True,0.7506926118244909,2026
HOUSE,OR,5,False,Janelle Bynum,Patti Adair,3976465.51,423921.54000000004,True,True,2.1875678219046937,2026
HOUSE,OR,6,False,Andrea Salinas,David Russ,1807915.85,4407.73,True,True,4.132405773482974,2026
HOUSE,PA,1,False,Bob Harvie,Brian Fitzpatrick,2007499.25,11323658.07,True,True,-1.719833311783359,2026
HOUSE,PA,2,False,Brendan Boyle,Jessica Arriaga,6314941.470000001,,True,True,,2026
HOUSE,PA,3,False,Chris Rabb,,1329253.47,,True,,,2026
HOUSE,PA,4,False,Madeleine Dean,Aurora Stuski,2477064.8600000003,,True,True,,2026
HOUSE,PA,5,False,Mary Gay Scanlon,Nicholas Manganaro,1488525.3,9296.15,True,True,3.7871637415687345,2026
HOUSE,PA,6,False,Chrissy Houlahan,Marty Young,5334455.77,411270.5,True,True,2.508355249645427,2026
HOUSE,PA,7,False,Bob Brooks,Ryan Mackenzie,2392613.27,4522213.91,True,True,-0.6317339165053999,2026
HOUSE,PA,8,False,Paige Cognetti,Rob Bresnahan,4609588.63,5418417.12,True,True,-0.16085956861240575,2026
HOUSE,PA,9,False,Rachel Wallace,Dan Meuser,697864.65,2078193.19,True,True,-1.0679900369395001,2026
HOUSE,PA,10,False,Janelle Stelson,Scott Perry,6499668.52,5593967.1899999995,True,True,0.1494422773900157,2026
HOUSE,PA,11,False,Nancy Mannion,Lloyd Smucker,214229.54,2561278.51,True,True,-2.380551743247054,2026
HOUSE,PA,12,False,Summer Lee,James Hayes,2502210.86,48159.46,True,True,3.5422301043117406,2026
HOUSE,PA,13,False,Beth Farnham,John Joyce,69879.23999999999,5023027.2700000005,True,True,-3.9741478812466284,2026
HOUSE,PA,14,False,Alan Bradstock,Guy Reschenthaler,201420.58,4934743.49,True,True,-3.0867150593980153,2026
HOUSE,PA,15,False,Ray Bilger,Glenn Thompson,139520.87,2832607.92,True,True,-2.854702730775781,2026
HOUSE,PA,16,False,Justin Wagner,Mike Kelly,60871.3,2326466.62,True,True,-3.3099448423561437,2026
HOUSE,PA,17,False,Chris Deluzio,Tony Guy,3288255.86,117530.20999999999,True,True,3.1461326511754963,2026
HOUSE,RI,1,False,Gabe Amo,Kellie Keenan,2705322.31,12771.4,True,True,4.280622740988987,2026
HOUSE,RI,2,False,Seth Magaziner,Vic Mellor,2288998.39,3002177.61,True,True,-0.2686537705679515,2026
HOUSE,SC,1,False,Nancy Lacore,Jenny Costa Honeycutt,2279584.94,556418.0,True,True,1.3771859224041343,2026
HOUSE,SC,2,False,Zyon Khalifa,Joe Wilson,16055.03,971771.46,True,True,-3.18960815411455,2026
HOUSE,SC,3,False,Eunice Lehmacher,Sheri Biggs,40812.88,665393.74,True,True,-2.3504465086640627,2026
HOUSE,SC,4,False,Courtney McClain,William Timmons,1206.56,1692007.9600000002,True,True,-4.182328735773561,2026
HOUSE,SC,5,False,Mallory Dittmer,Wes Climer,139717.42,884283.63,True,True,-1.7084256700567788,2026
HOUSE,SC,6,False,Jim Clyburn,John Peterson,3184969.3499999996,,True,True,,2026
HOUSE,SC,7,False,John Vincent,Russell Fry,297263.53,2351374.04,True,True,-1.9979614653614695,2026
HOUSE,SD,0,False,Nikki Gronli,Marty Jackley,261763.52,1438706.43,True,True,-1.6300692444743894,2026
HOUSE,TN,1,False,Kristi Burke,Diana Harshbarger,101983.51,2794636.8200000003,True,True,-3.1003061328956925,2026
HOUSE,TN,2,False,Michaela Barnett,Tim Burchett,397583.77999999997,3327141.79,True,True,-2.070967037829489,2026
HOUSE,TN,3,False,Anna Golladay,Chuck Fleischmann,62222.259999999995,5617116.3,True,True,-4.1695549310400875,2026
HOUSE,TN,4,False,Victoria Broderick,Scott DesJarlais,80554.65000000001,935313.1699999999,True,True,-2.208030621739915,2026
HOUSE,TN,5,False,Chaz Molder,Charlie Hatcher,2599774.57,719502.95,True,True,1.2600334787356715,2026
HOUSE,TN,6,False,Mike Croley,Johnny Garrett,4246.41,2380326.98,True,True,-4.4096843006157425,2026
HOUSE,TN,7,False,Darden Copeland,Matt Van Epps,169891.41999999998,685050.23,True,True,-1.292893131043007,2026
HOUSE,TN,8,False,Heidi Kuhn,David Kustoff,39805.0,4277205.72,True,True,-4.1955003674277975,2026
HOUSE,TN,9,False,Justin Pearson,Brent Taylor,2344946.62,1549481.59,True,True,0.40894136279688,2026
HOUSE,TX,1,False,Yolanda Prince,Nathaniel Moran,13574.32,2258499.6,True,True,-4.0808776873589006,2026
HOUSE,TX,2,False,Shaun Finnie,Steve Toth,2731087.1399999997,824450.0,True,True,1.1769781686931509,2026
HOUSE,TX,3,False,Evan Hunt,Keith Self,446505.53,777816.61,True,True,-0.5321954762621353,2026
HOUSE,TX,4,False,Jason Pearce,Pat Fallon,16271.09,1500391.68,True,True,-3.609844240555603,2026
HOUSE,TX,5,False,Chelsey Hockett,Lance Gooden,1561.29,2140023.21,True,True,-4.400731468227505,2026
HOUSE,TX,6,False,Danny Minton,Jake Ellzey,44283.0,5993594.32,True,True,-4.464409443518912,2026
HOUSE,TX,7,False,Lizzie Fletcher,Alexander Hale,2801597.51,76577.59,True,True,3.326006034067751,2026
HOUSE,TX,8,False,Laura Jones,Jessica Hart Steinmann,29423.07,2064032.54,True,True,-3.6476681934189004,2026
HOUSE,TX,9,False,Leticia Gutierrez,Alex Mealer,55357.9,2080513.66,True,True,-3.2658243281499675,2026
HOUSE,TX,10,False,Caitlin Rourk,Chris Gober,363958.97,2559184.84,True,True,-1.8936915323748045,2026
HOUSE,TX,11,False,Claire Reynolds,August Pfluger,89281.36,5865662.24,True,True,-3.9424602270735165,2026
HOUSE,TX,12,False,Angela Rodriguez Prilliman,Craig Goldman,0.0,2347560.73,False,True,-4.552849302759294,2026
HOUSE,TX,13,False,Mark Nair,Ronny Jackson,101995.55,7821957.9,True,True,-4.123729160530777,2026
HOUSE,TX,14,False,Thurman Bartie,Randy Weber,26823.19,1668812.01,True,True,-3.486899162545146,2026
HOUSE,TX,15,False,Bobby Pulido,Monica De La Cruz,2960461.93,6236258.33,True,True,-0.74062669080336,2026
HOUSE,TX,16,False,Veronica Escobar,Adam Bauman,1042095.17,,True,True,,2026
HOUSE,TX,17,False,Casey Shepard,Pete Sessions,8800.93,1550553.3900000001,True,True,-3.841873531374521,2026
HOUSE,TX,18,False,Christian Menefee,Ronald Whitfield,3637578.5999999996,,True,True,,2026
HOUSE,TX,19,False,Kyle Rable,Tom Sell,26588.41,2143025.4699999997,True,True,-3.7382750757902365,2026
HOUSE,TX,20,False,Joaquin Castro,Edgardo Rafael Baez,704237.7100000001,48535.9,True,True,2.294226033327514,2026
HOUSE,TX,21,False,Kristin Hook,Mark Teixeira,241264.86,3922216.15,True,True,-2.696274309601862,2026
HOUSE,TX,22,False,Marquette Greene-Scott,Trever Nehls,13210.06,815364.5700000001,True,True,-3.0907369778590583,2026
HOUSE,TX,23,False,Katy Padilla Stout,Brandon Herrera,484915.03,2058882.5799999998,True,True,-1.4077439537212355,2026
HOUSE,TX,24,False,Kevin Burge,Beth Van Duyne,209859.75,4610022.05,True,True,-2.9824077077977607,2026
HOUSE,TX,25,False,Dione Sims,Roger Williams,,2105292.81,True,True,,2026
HOUSE,TX,26,False,Steven Shook,Brandon Gill,7274.53,4442503.32,True,True,-4.930306615906332,2026
HOUSE,TX,27,False,Tanya Lloyd,Michael Cloud,140944.53,1339053.9700000002,True,True,-2.106562829182046,2026
HOUSE,TX,28,False,Henry Cuellar,Tano Tijerina,2454548.7699999996,1275171.6,True,True,0.6455803402855187,2026
HOUSE,TX,29,False,Sylvia Garcia,Martha Fierro,1396709.52,0.0,True,True,4.0407394889597965,2026
HOUSE,TX,30,False,Frederick Haynes III,Everett Jackson,420152.72,17214.79,True,True,2.355646780726939,2026
HOUSE,TX,31,False,Justin Early,John Carter,123521.78,1507537.14,True,True,-2.333948288272066,2026
HOUSE,TX,32,False,Dan Barrios,Jace Yarbrough,96537.88,865910.9099999999,True,True,-1.9920184499570408,2026
HOUSE,TX,33,False,Colin Allred,Patrick Gillespie,7431941.279999999,0.0,True,False,5.698024768164236,2026
HOUSE,TX,34,False,Vicente Gonzalez,Eric Flores,4873202.3100000005,2753261.29,True,True,0.5670429655065609,2026
HOUSE,TX,35,False,Johnny Garcia,Carlos De La Cruz,931699.3799999999,1048750.7,True,True,-0.11542391059622235,2026
HOUSE,TX,36,False,Rhonda Hart,Brian Babin,0.0,1767621.46,True,True,-4.272558505421538,2026
HOUSE,TX,37,False,Greg Casar,Lauren Peña,1588255.82,117889.63,True,True,2.423937150360713,2026
HOUSE,TX,38,False,Melissa McDonough,Jon Bonck,99447.15,1644127.13,True,True,-2.5961749643330245,2026
HOUSE,UT,1,False,Ben McAdams,Riley Owen,2277257.93,132532.89,True,True,2.6820113671905292,2026
HOUSE,UT,2,False,Peter Crosby,Blake Moore,50891.49,4148236.62,True,True,-4.00714262469264,2026
HOUSE,UT,3,False,Kent Udell,Celeste Maloy,47533.47,1614797.88,True,True,-3.118280158817572,2026
HOUSE,UT,4,False,Jonny Larsen,Mike Kennedy,53578.79,1307555.67,True,True,-2.8307521180873545,2026
HOUSE,VA,1,False,Shannon Taylor,Rob Wittman,2140980.12,5543065.02,True,True,-0.944174630078467,2026
HOUSE,VA,2,False,Elaine Luria,Jen Kiggans,4659795.3,6210486.27,True,True,-0.285934344368051,2026
HOUSE,VA,3,False,Bobby Scott,Edwin Rivera,906904.72,6554.63,True,True,3.3855102482910024,2026
HOUSE,VA,4,False,Jennifer McClellan,Robert Murray,1295404.2200000002,,True,True,,2026
HOUSE,VA,5,False,Tom Perriello,John McGuire,2140401.63,1861028.2800000003,True,True,0.13813267584551805,2026
HOUSE,VA,6,False,Beth Macy,Ben Cline,1686322.3599999999,1804417.6999999997,True,True,-0.06673133789068428,2026
HOUSE,VA,7,False,Eugene Vindman,Doug Ollivant,12759000.09,251134.26,True,True,3.8350624783316865,2026
HOUSE,VA,8,False,Don Beyer,Tony Sabio,2782926.24,21917.19,True,True,4.091817364175643,2026
HOUSE,VA,9,False,Joy Powers,Morgan Griffith,85335.47,2347606.02,True,True,-3.0682187644442798,2026
HOUSE,VA,10,False,Suhas Subramanyam,Dave Beckwith,1393801.02,107333.72,True,True,2.372240527887434,2026
HOUSE,VA,11,False,James Walkinshaw,Arthur Purves,2758960.53,5142.86,True,True,4.525681764703802,2026
HOUSE,VT,0,False,Becca Balint,Gerald Malloy,1160281.15,58279.96000000001,True,True,2.6555273388129144,2026
HOUSE,WA,1,False,Suzan DelBene,Mary Silva,4715062.4399999995,3102.39,True,True,5.1279509614944905,2026
HOUSE,WA,2,False,Rick Larsen,Edwin Feller,2399710.94,,True,True,,2026
HOUSE,WA,3,False,Marie Gluesenkamp Perez,John Braun,6491238.46,1992646.77,True,True,1.1723654191744082,2026
HOUSE,WA,4,False,John Duresky,Amanda McKinney,179020.15,981819.5499999999,True,True,-1.5963329175543814,2026
HOUSE,WA,5,False,Carmela Conroy,Michael Baumgartner,436910.51999999996,1989775.83,True,True,-1.472892024901894,2026
HOUSE,WA,6,False,Emily Randall,Teresa Fox,1345815.48,27615.02,True,True,3.2601594523000608,2026
HOUSE,WA,7,False,Pramila Jayapal,Nirav Sheth,4658967.75,13382.57,True,True,4.804297389255944,2026
HOUSE,WA,8,False,Kim Schrier,Spencer Meline,5008194.29,90776.14,True,True,3.7721516102463126,2026
HOUSE,WA,9,False,Adam Smith,Doug Basler,2493339.96,27784.85,True,True,3.865130999683998,2026
HOUSE,WA,10,False,Marilyn Strickland,Chris Chung,2178005.78,0.0,True,False,4.478702145625662,2026
HOUSE,WI,1,False,Mitchell Berman,Bryan Steil,712983.9500000001,7812322.12,True,True,-2.362730412274356,2026
HOUSE,WI,2,False,Mark Pocan,,1860054.6099999999,,True,,,2026
HOUSE,WI,3,False,Rebecca Cooke,Derrick Van Orden,8684178.87,8383105.48,True,True,0.035181333332044325,2026
HOUSE,WI,4,False,Gwen Moore,Tim Rogers,1193457.8,,True,True,,2026
HOUSE,WI,5,False,Andrew Beck,Scott Fitzgerald,9589.56,2262690.12,True,True,-4.191746003835586,2026
HOUSE,WI,6,False,Brad Smith,Glenn Grothman,166060.88,1486115.3599999999,True,True,-2.0680111854344525,2026
HOUSE,WI,7,False,Fred Clark,Michael Alfonso,423041.39,1351546.03,True,True,-1.1224471473670272,2026
HOUSE,WI,8,False,Rick Crosson,Tony Wied,51657.47,1163812.1199999999,True,True,-2.741362812528315,2026
HOUSE,WV,1,False,Vince George,Carol Miller,258330.0,2081354.3599999999,True,True,-2.0061016446065367,2026
HOUSE,WV,2,False,Ace Parsi,Riley Moore,134244.89,1461171.5,True,True,-2.2335154230910494,2026
HOUSE,WY,0,False,Lisa Kinney,Chuck Gray,17946.0,1621197.0,True,True,-3.646279545613131,2026
SEN,AK,0,False,Mary Peltola,Gerald Heikes,18545132.43,12845592.48,True,True,0.36660945044344995,2026
SEN,AL,0,False,Everett Wess,Barry Moore,80554.63,,True,True,,2026
SEN,AR,0,False,Hallie Shoffner,Tom Cotton,2269113.78,20365089.85,True,True,-2.18470237471752,2026
SEN,CO,0,False,John Hickenlooper,Mark Baisley,13403040.8,110451.20000000001,True,True,4.59648896867292,2026
SEN,DE,0,False,Chris Coons,Michael Katz,8945143.57,159367.0,True,True,3.88472862417668,2026
SEN,FL,0,True,Angie Nixon,Ashley Moody,267627.66,11259073.98,True,True,-3.6522466123839634,2026
SEN,GA,0,False,Jon Ossoff,Mike Collins,97321496.11,7195720.800000001,True,True,2.6013219567470403,2026
SEN,IA,0,False,Josh Turek,Ashley Hinson,6276526.9,12340648.030000001,True,True,-0.6741303388997628,2026
SEN,ID,0,False,,Jim Risch,,6275716.3,,True,,2026
SEN,IL,0,False,Juliana Stratton,Don Tracy,5906598.55,2459889.83,True,True,0.8700654221035241,2026
SEN,KS,0,False,Adam Hamilton,Roger Marshall,4169077.8099999996,6006537.33,True,True,-0.3633284401757001,2026
SEN,KY,0,False,Charles Booker,Andy Barr,1099509.09,13838189.42,True,True,-2.511890508194776,2026
SEN,LA,0,False,Jamie Davis,Julia Letlow,1983548.3800000001,6210121.5,True,True,-1.1327858035556986,2026
SEN,MA,0,False,Ed Markey,John Deaton,10181085.87,1561360.3,True,True,1.8615419235886217,2026
SEN,ME,0,False,Troy Jackson,Susan Collins,,20644257.7,True,True,,2026
SEN,MI,0,False,Abdul El-Sayed,Mike Rogers,14514335.93,11497471.15,True,True,0.2325586573104284,2026
SEN,MN,0,False,Peggy Flanagan,Michele Tafoya,6517348.17,5292552.779999999,True,True,0.20728295466765792,2026
SEN,MS,0,False,Scott Colom,Cindy Hyde-Smith,2384921.14,5746712.07,True,True,-0.87337473076951,2026
SEN,MT,0,False,Alani Bankhead,Kurt Alme,65534.06,1984860.9100000001,True,True,-3.100094666159993,2026
SEN,NC,0,False,Roy Cooper,Michael Whatley,34975789.18,11270970.540000001,True,True,1.1309245364905587,2026
SEN,NE,0,False,,Pete Ricketts,,11980947.31,,True,,2026
SEN,NH,0,False,Chris Pappas,John E. Sununu,15892252.190000001,4124581.62,True,True,1.3443960496856378,2026
SEN,NJ,0,False,Cory Booker,Justin Murphy,39671848.92,39344.340000000004,True,True,6.424778117547163,2026
SEN,NM,0,False,Ben Ray Luján,Larry Marker,8651865.11,33525.78,True,True,4.998948239051213,2026
SEN,OH,0,True,Sherrod Brown,Jon Husted,38566234.1,14350624.459999999,True,True,0.9874911283901482,2026
SEN,OK,0,False,N'Kiyla Jasmine Thomas,Kevin Hern,62725.829999999994,9953578.89,True,True,-4.733979580565153,2026
SEN,OR,0,False,Jeff Merkley,David Brock Smith,11864461.35,120760.19,True,True,4.401444948859762,2026
SEN,RI,0,False,Jack Reed,Raymond McKay,6538920.4399999995,181435.74,True,True,3.4593541539465287,2026
SEN,SC,0,False,Annie Andrews,Darline Graham,10804040.5,346782.64,True,True,3.371677357151427,2026
SEN,SD,0,False,,Mike Rounds,,7563855.54,,True,,2026
SEN,TN,0,False,Marquita Bradshaw,Bill Hagerty,2833.49,17248717.9,True,True,-6.430701456889573,2026
SEN,TX,0,False,James Talarico,Ken Paxton,68555930.42,9240577.51,True,True,2.00170832364325,2026
SEN,VA,0,False,Mark Warner,Bert Mizusawa,26200255.11,376213.05000000005,True,True,4.179985577981367,2026
SEN,WV,0,False,Rachel Fetty Anderson,Shelley Moore Capito,56909.70999999999,9138749.98,True,True,-4.71739321730529,2026
SEN,WY,0,False,James W. Byrd,Harriet Hageman,23649.04,3449957.88,True,True,-4.268705561410005,2026
