year,state_po,district,dem,rep,winner,winner_side,house_margin,contested,pres_margin,incumbent_side,resid_raw,era,year_effect,winner_sign,winner_edge,winner_key,winner_was_incumbent,known_pres,resid_known
2008,AK,0,142560,158939,DON YOUNG,R,-5.432522164252617,True,-21.649484536082475,-1,16.216962371829858,early,2.3432635107113775,-1,-13.87369886111848,YOUNG D,True,,
2008,AL,2,144368,142578,BOBBY BRIGHT,D,0.6238107518487799,True,-27.272727272727273,0,27.896538024576053,early,2.3432635107113775,1,25.553274513864675,BRIGHT B,False,,
2008,AL,3,121080,142708,MIKE ROGERS,R,-8.199008294539555,True,-13.131313131313131,-1,4.932304836773577,early,2.3432635107113775,-1,-2.5890413260621994,ROGERS M,True,,
2008,AL,4,66077,196741,ROBERT B ADERHOLT,R,-49.71653387515315,True,-53.535353535353536,-1,3.81881966020039,early,2.3432635107113775,-1,-1.4755561494890124,ADERHOLT R,True,,
2008,AL,5,158324,147314,PARKER GRIFFITH,D,3.6023007610310236,True,-23.232323232323232,0,26.834623993354256,early,2.3432635107113775,1,24.49136048264288,GRIFFITH P,False,,
2008,AZ,1,155791,109924,ANN KIRKPATRICK,D,17.261727791054327,True,-10.204081632653061,0,27.465809423707388,early,2.3432635107113775,1,25.12254591299601,KIRKPATRICK A,False,,
2008,AZ,2,125611,200914,TRENT FRANKS,R,-23.061940127095934,True,-23.232323232323232,-1,0.17038310522729816,early,2.3432635107113775,-1,2.1728804054840793,FRANKS T,True,,
2008,AZ,3,115759,148800,JOHN B SHADEGG,R,-12.489085610393145,True,-15.151515151515152,-1,2.662429541122007,early,2.3432635107113775,-1,-0.31916603041062963,SHADEGG J,True,,
2008,AZ,4,89721,26435,ED PASTOR,D,54.483625469196596,True,33.333333333333336,1,21.15029213586326,early,2.3432635107113775,1,18.807028625151883,PASTOR E,True,,
2008,AZ,5,149033,122165,HARRY E MITCHELL,D,9.907152707615838,True,-5.05050505050505,1,14.957657758120888,early,2.3432635107113775,1,12.61439424740951,MITCHELL H,True,,
2008,AZ,6,115457,208582,JEFF FLAKE,R,-28.738824647650436,True,-23.232323232323232,-1,-5.506501415327204,early,2.3432635107113775,-1,7.849764926038581,FLAKE J,True,,
2008,AZ,7,124304,64425,RAUL M GRIJALVA,D,31.7275034573383,True,15.151515151515152,1,16.57598830582315,early,2.3432635107113775,1,14.232724795111771,GRIJALVA R,True,,
2008,AZ,8,179629,140553,GABRIELLE GIFFORDS,D,12.204308799370358,True,-6.122448979591836,1,18.326757778962193,early,2.3432635107113775,1,15.983494268250816,GIFFORDS G,True,,
2008,CA,1,197812,67853,MIKE THOMPSON,D,48.918374644759375,True,34.69387755102041,1,14.224497093738968,early,2.3432635107113775,1,11.88123358302759,THOMPSON M,True,,
2008,CA,2,118878,163459,WALLY HERGER,R,-15.789995643504039,True,-12.244897959183673,-1,-3.545097684320366,early,2.3432635107113775,-1,5.888361195031743,HERGER W,True,,
2008,CA,3,137971,155424,DANIEL E LUNGREN,R,-5.94863579815607,True,0.0,-1,-5.94863579815607,early,2.3432635107113775,-1,8.291899308867446,LUNGREN D,True,,
2008,CA,4,183990,185790,TOM MCCLINTOCK,R,-0.48677592081778354,True,-10.204081632653061,0,9.717305711835277,early,2.3432635107113775,-1,-7.374042201123899,MCCLINTOCK T,False,,
2008,CA,5,164242,46002,DORIS O MATSUI,D,56.239417058275144,True,42.857142857142854,1,13.38227420113229,early,2.3432635107113775,1,11.039010690420913,MATSUI D,True,,
2008,CA,6,229672,77073,LYNN C WOOLSEY,D,49.7478361505485,True,55.10204081632653,1,-5.354204665778028,early,2.3432635107113775,1,-7.697468176489405,WOOLSEY L,True,,
2008,CA,7,170962,51166,GEORGE MILLER,D,53.93106677231146,True,45.45454545454545,1,8.476521317766007,early,2.3432635107113775,1,6.13325780705463,MILLER G,True,,
2008,CA,10,192226,91877,ELLEN O TAUSCHER,D,35.321344723568565,True,32.6530612244898,1,2.6682834990787683,early,2.3432635107113775,1,0.32501998836739077,TAUSCHER E,True,,
2008,CA,11,164500,133104,JERRY MCNERNEY,D,10.549589387239418,True,10.204081632653061,1,0.3455077545863574,early,2.3432635107113775,1,-1.99775575612502,MCNERNEY J,True,,
2008,CA,12,200442,49258,JACKIE SPEIER,D,60.54625550660793,True,51.02040816326531,0,9.525847343342619,early,2.3432635107113775,1,7.1825838326312414,SPEIER J,False,,
2008,CA,13,166829,51447,FORTNEY PETE STARK,D,52.86059850831058,True,51.02040816326531,1,1.8401903450452721,early,2.3432635107113775,1,-0.5030731656661054,STARK F,True,,
2008,CA,14,190301,60610,ANNA G ESHOO,D,51.68804875035371,True,48.97959183673469,1,2.708456913619017,early,2.3432635107113775,1,0.36519340290763935,ESHOO A,True,,
2008,CA,15,170977,55489,MICHAEL M HONDA,D,50.995734459035795,True,38.775510204081634,1,12.22022425495416,early,2.3432635107113775,1,9.876960744242783,HONDA M,True,,
2008,CA,16,146481,49399,ZOE LOFGREN,D,49.56197672044109,True,41.41414141414141,1,8.147835306299676,early,2.3432635107113775,1,5.8045717955882985,LOFGREN Z,True,,
2008,CA,17,168907,59037,SAM FARR,D,48.200435194609206,True,46.93877551020408,1,1.2616596844051244,early,2.3432635107113775,1,-1.081603826306253,FARR S,True,,
2008,CA,20,93023,32118,JIM COSTA,D,48.669101253785726,True,21.21212121212121,1,27.456980041664515,early,2.3432635107113775,1,25.113716530953138,COSTA J,True,,
2008,CA,21,66317,143498,DEVIN NUNES,R,-36.785263208064244,True,-14.285714285714286,-1,-22.49954892234996,early,2.3432635107113775,-1,24.842812433061336,NUNES D,True,,
2008,CA,23,171403,80385,LOIS CAPPS,D,36.14866474971007,True,34.69387755102041,1,1.4547871986896652,early,2.3432635107113775,1,-0.8884763120217123,CAPPS L,True,,
2008,CA,24,125560,174492,ELTON GALLEGLY,R,-16.307839974404438,True,3.0303030303030303,-1,-19.33814300470747,early,2.3432635107113775,-1,21.681406515418846,GALLEGLY E,True,,
2008,CA,25,105929,144660,"HOWARD P \""BUCK\"" MCKEON",R,-15.455985697696228,True,1.0309278350515463,-1,-16.486913532747774,early,2.3432635107113775,-1,18.83017704345915,MCKEON H,True,,
2008,CA,26,108039,140615,DAVID DREIER,R,-13.100935436389522,True,4.081632653061225,-1,-17.182568089450747,early,2.3432635107113775,-1,19.525831600162125,DREIER D,True,,
2008,CA,27,145812,52852,BRAD SHERMAN,D,46.79257439697177,True,34.69387755102041,1,12.098696845951366,early,2.3432635107113775,1,9.755433335239989,SHERMAN B,True,,
2008,CA,29,146198,56727,ADAM B SCHIFF,D,44.090673894295925,True,38.775510204081634,1,5.315163690214291,early,2.3432635107113775,1,2.9719001795029136,SCHIFF A,True,,
2008,CA,34,98503,29266,LUCILLE ROYBAL-ALLARD,D,54.189200823360906,True,53.06122448979592,1,1.1279763335649875,early,2.3432635107113775,1,-1.21528717714639,ALLARD L,True,,
2008,CA,36,171948,78543,JANE HARMAN,D,37.288764865803564,True,30.612244897959183,1,6.676519967844381,early,2.3432635107113775,1,4.333256457133004,HARMAN J,True,,
2008,CA,39,125289,54533,LINDA T SANCHEZ,D,39.34779949060738,True,34.02061855670103,1,5.327180933906348,early,2.3432635107113775,1,2.9839174231949706,SANCHEZ L,True,,
2008,CA,40,86772,144923,EDWARD R ROYCE,R,-25.0980815295971,True,-4.081632653061225,-1,-21.016448876535875,early,2.3432635107113775,-1,23.359712387247253,ROYCE E,True,,
2008,CA,41,99214,159486,JERRY LEWIS,R,-23.298028604561267,True,-10.204081632653061,-1,-13.093946971908206,early,2.3432635107113775,-1,15.437210482619584,LEWIS J,True,,
2008,CA,42,104909,158404,GARY G MILLER,R,-20.316125675526845,True,-8.16326530612245,1,-12.152860369404396,early,2.3432635107113775,-1,14.496123880115773,MILLER G,False,,
2008,CA,43,108259,48312,JOE BACA,D,38.28742231958664,True,38.775510204081634,1,-0.48808788449499474,early,2.3432635107113775,1,-2.8313513952063722,BACA J,True,,
2008,CA,44,123890,129937,KEN CALVERT,R,-2.3823312728748323,True,1.0101010101010102,-1,-3.392432282975842,early,2.3432635107113775,-1,5.73569579368722,CALVERT K,True,,
2008,CA,45,111026,155166,MARY BONO MACK,R,-16.582015988459457,True,5.05050505050505,0,-21.632521038964505,early,2.3432635107113775,-1,23.975784549675883,MACK M,False,,
2008,CA,46,122891,149818,DANA ROHRABACHER,R,-9.87389488429058,True,-2.0408163265306123,-1,-7.833078557759968,early,2.3432635107113775,-1,10.176342068471346,ROHRABACHER D,True,,
2008,CA,47,85878,31432,LORETTA SANCHEZ,D,46.41207058221806,True,22.448979591836736,1,23.96309099038132,early,2.3432635107113775,1,21.619827479669944,SANCHEZ L,True,,
2008,CA,48,125537,171658,JOHN CAMPBELL,R,-15.518767139420246,True,0.0,-1,-15.518767139420246,early,2.3432635107113775,-1,17.862030650131622,CAMPBELL J,True,,
2008,CA,49,90138,140300,DARRELL E ISSA,R,-21.76811116222151,True,-8.16326530612245,-1,-13.60484585609906,early,2.3432635107113775,-1,15.948109366810437,ISSA D,True,,
2008,CA,50,141635,157502,BRIAN P BILBRAY,R,-5.3042585838595695,True,4.081632653061225,-1,-9.385891236920795,early,2.3432635107113775,-1,11.729154747632172,BILBRAY B,True,,
2008,CA,51,148281,49345,BOB FILNER,D,50.06223877425035,True,28.571428571428573,1,21.49081020282178,early,2.3432635107113775,1,19.147546692110403,FILNER B,True,,
2008,CA,52,111051,160724,DUNCAN D HUNTER,R,-18.27725140281483,True,-8.16326530612245,-1,-10.113986096692381,early,2.3432635107113775,-1,12.457249607403758,HUNTER D,True,,
2008,CA,53,161315,64658,SUSAN A DAVIS,D,42.77369420240471,True,38.775510204081634,1,3.9981839983230785,early,2.3432635107113775,1,1.654920487611701,DAVIS S,True,,
2008,CO,1,203755,67345,DIANA DEGETTE,D,50.31722611582442,True,51.02040816326531,1,-0.7031820474408903,early,2.3432635107113775,1,-3.046445558152268,DEGETTE D,True,,
2008,CO,2,215571,116591,JARED POLIS,D,29.798712676344675,True,30.612244897959183,0,-0.8135322216145084,early,2.3432635107113775,1,-3.156795732325886,POLIS J,False,,
2008,CO,3,203455,126762,JOHN T SALAZAR,D,23.225030813071406,True,-3.0927835051546393,1,26.317814318226045,early,2.3432635107113775,1,23.974550807514667,SALAZAR J,True,,
2008,CO,4,187347,146028,BETSY MARKEY,D,12.394150731158605,True,-1.0101010101010102,-1,13.404251741259616,early,2.3432635107113775,1,11.060988230548238,MARKEY B,False,,
2008,CO,5,113025,183178,DOUG LAMBORN,R,-23.68409502942239,True,-19.19191919191919,-1,-4.492175837503201,early,2.3432635107113775,-1,6.835439348214578,LAMBORN D,True,,
2008,CO,6,162639,250877,MIKE COFFMAN,R,-21.33847299741727,True,-7.070707070707071,0,-14.267765926710199,early,2.3432635107113775,-1,16.61102943742158,COFFMAN M,False,,
2008,CO,7,173931,100055,ED PERLMUTTER,D,26.963421488689203,True,19.19191919191919,1,7.771502296770013,early,2.3432635107113775,1,5.428238786058635,PERLMUTTER E,True,,
2008,CT,1,211493,76860,JOHN B LARSON,D,46.690341352439546,True,33.333333333333336,1,13.35700801910621,early,2.3432635107113775,1,11.013744508394833,LARSON J,True,,
2008,CT,2,212148,104574,JOE COURTNEY,D,33.964801939871556,True,19.19191919191919,1,14.772882747952366,early,2.3432635107113775,1,12.429619237240988,COURTNEY J,True,,
2008,CT,3,230172,58583,ROSA L DELAURO,D,59.42373292237364,True,27.272727272727273,1,32.151005649646365,early,2.3432635107113775,1,29.807742138934987,DELAURO R,True,,
2008,CT,4,158475,146854,JIM HIMES,D,3.8060583829246486,True,20.0,-1,-16.193941617075353,early,2.3432635107113775,1,-18.53720512778673,HIMES J,False,,
2008,CT,5,179327,117914,CHRISTOPHER S MURPHY,D,20.661012444447437,True,14.285714285714286,1,6.37529815873315,early,2.3432635107113775,1,4.032034648021773,MURPHY C,True,,
2008,DE,0,146434,235437,MICHAEL N CASTLE,R,-23.30708537699904,True,25.252525252525253,-1,-48.55961062952429,early,2.3432635107113775,-1,50.90287414023567,CASTLE M,True,,
2008,FL,1,98797,232559,JEFF MILLER,R,-40.368063351802896,True,-35.35353535353536,-1,-5.014527998267539,early,2.3432635107113775,-1,7.3577915089789165,MILLER J,True,,
2008,FL,2,216804,133404,ALLEN BOYD,D,23.814418859649123,True,-9.090909090909092,1,32.90532795055822,early,2.3432635107113775,1,30.56206443984684,BOYD A,True,,
2008,FL,4,119330,224112,ANDER CRENSHAW,R,-30.509372761630786,True,-23.232323232323232,-1,-7.277049529307554,early,2.3432635107113775,-1,9.620313040018932,CRENSHAW A,True,,
2008,FL,5,168446,265186,GINNY BROWN-WAITE,R,-22.30923917054092,True,-13.131313131313131,-1,-9.177926039227788,early,2.3432635107113775,-1,11.521189549939166,WAITE G,True,,
2008,FL,6,146655,228302,CLIFF STEARNS,R,-21.77503020346333,True,-13.131313131313131,-1,-8.6437170721502,early,2.3432635107113775,-1,10.986980582861577,STEARNS C,True,,
2008,FL,7,146292,238721,JOHN L MICA,R,-24.006721850950488,True,-7.070707070707071,-1,-16.93601478024342,early,2.3432635107113775,-1,19.279278290954796,MICA J,True,,
2008,FL,8,172854,159490,ALAN GRAYSON,D,4.021134727872325,True,6.0,-1,-1.978865272127675,early,2.3432635107113775,1,-4.322128782839052,GRAYSON A,False,,
2008,FL,9,126346,216591,GUS M BILIRAKIS,R,-26.315329054607698,True,-5.05050505050505,-1,-21.26482400410265,early,2.3432635107113775,-1,23.608087514814027,BILIRAKIS G,True,,
2008,FL,10,118430,182781,C W BILL YOUNG,R,-21.36409360879915,True,4.081632653061225,-1,-25.445726261860372,early,2.3432635107113775,-1,27.78898977257175,YOUNG C,True,,
2008,FL,11,184106,72825,KATHY CASTOR,D,43.3116284138543,True,33.333333333333336,1,9.978295080520965,early,2.3432635107113775,1,7.635031569809588,CASTOR K,True,,
2008,FL,12,137465,185698,ADAM H PUTNAM,R,-14.925285382299336,True,-1.0101010101010102,-1,-13.915184372198325,early,2.3432635107113775,-1,16.258447882909703,PUTNAM A,True,,
2008,FL,13,137967,204382,VERN BUCHANAN,R,-19.399793777694693,True,-5.05050505050505,-1,-14.349288727189643,early,2.3432635107113775,-1,16.69255223790102,BUCHANAN V,True,,
2008,FL,14,93590,224602,CONNIE MACK,R,-41.17388243576205,True,-15.151515151515152,-1,-26.0223672842469,early,2.3432635107113775,-1,28.365630794958278,MACK C,True,,
2008,FL,15,151951,192151,BILL POSEY,R,-11.682582490075617,True,-3.0303030303030303,0,-8.652279459772586,early,2.3432635107113775,-1,10.995542970483964,POSEY B,False,,
2008,FL,16,139373,209874,TOM ROONEY,R,-20.186572826681402,True,-5.05050505050505,1,-15.136067776176352,early,2.3432635107113775,-1,17.479331286887728,ROONEY T,False,,
2008,FL,18,102372,140617,ILEANA ROS-LEHTINEN,R,-15.739395610500887,True,2.0,-1,-17.739395610500885,early,2.3432635107113775,-1,20.082659121212263,LEHTINEN I,True,,
2008,FL,19,202465,83357,ROBERT WEXLER,D,41.672089622212425,True,31.31313131313131,1,10.358958309081114,early,2.3432635107113775,1,8.015694798369736,WEXLER R,True,,
2008,FL,21,99776,137226,LINCOLN DIAZ-BALART,R,-15.801554417262302,True,-2.0,-1,-13.801554417262302,early,2.3432635107113775,-1,16.14481792797368,BALART L,True,,
2008,FL,22,169041,140104,RON KLEIN,D,9.360332530042538,True,4.0,1,5.3603325300425375,early,2.3432635107113775,1,3.01706901933116,KLEIN R,True,,
2008,FL,23,172835,37431,ALCEE L HASTINGS,D,64.39652630477586,True,66.0,1,-1.6034736952241389,early,2.3432635107113775,1,-3.9467372059355164,HASTINGS A,True,,
2008,FL,24,211284,151863,SUZANNE M KOSMAS,D,16.362795231683037,True,-2.0,-1,18.362795231683037,early,2.3432635107113775,1,16.01953172097166,KOSMAS S,False,,
2008,FL,25,115820,130891,MARIO DIAZ-BALART,R,-6.108766937834146,True,-1.0101010101010102,-1,-5.098665927733135,early,2.3432635107113775,-1,7.441929438444513,BALART M,True,,
2008,GA,1,83444,165890,JACK KINGSTON,R,-33.06648912703442,True,-27.272727272727273,-1,-5.793761854307149,early,2.3432635107113775,-1,8.137025365018527,KINGSTON J,True,,
2008,GA,2,158435,71351,SANFORD D BISHOP JR,D,37.89787019226585,True,8.0,1,29.89787019226585,early,2.3432635107113775,1,27.55460668155447,BISHOP S,True,,
2008,GA,3,117522,225055,LYNN A WESTMORELAND,R,-31.389439454487604,True,-29.292929292929294,-1,-2.09651016155831,early,2.3432635107113775,-1,4.439773672269688,WESTMORELAND L,True,,
2008,GA,6,106551,231520,TOM PRICE,R,-36.9653120202561,True,-25.252525252525253,-1,-11.712786767730847,early,2.3432635107113775,-1,14.056050278442225,PRICE T,True,,
2008,GA,7,128159,209354,JOHN LINDER,R,-24.05685114351151,True,-21.21212121212121,-1,-2.8447299313902974,early,2.3432635107113775,-1,5.187993442101675,LINDER J,True,,
2008,GA,8,157241,117446,JIM MARSHALL,D,14.487398384342907,True,-13.131313131313131,1,27.618711515656038,early,2.3432635107113775,1,25.27544800494466,MARSHALL J,True,,
2008,GA,9,70537,217493,NATHAN DEAL,R,-51.02107419366038,True,-51.515151515151516,-1,0.49407732149113315,early,2.3432635107113775,-1,1.8491861892202444,DEAL N,True,,
2008,GA,10,114638,177265,PAUL C BROUN,R,-21.454729824633525,True,-23.232323232323232,0,1.7775934076897073,early,2.3432635107113775,-1,0.5656701030216702,BROUN P,False,,
2008,GA,11,95220,204082,PHIL GINGREY,R,-36.371958757375495,True,-33.333333333333336,-1,-3.0386254240421593,early,2.3432635107113775,-1,5.381888934753537,GINGREY P,True,,
2008,GA,12,164562,84773,JOHN BARROW,D,32.00072192030802,True,9.090909090909092,1,22.909812829398923,early,2.3432635107113775,1,20.566549318687546,BARROW J,True,,
2008,GA,13,205919,92320,DAVID SCOTT,D,38.08992117060478,True,43.43434343434343,1,-5.34442226373865,early,2.3432635107113775,1,-7.687685774450028,SCOTT D,True,,
2008,HI,1,154208,38115,NEIL ABERCROMBIE,D,60.363555061017145,True,42.857142857142854,1,17.50641220387429,early,2.3432635107113775,1,15.163148693162913,ABERCROMBIE N,True,,
2008,HI,2,165748,44425,MAZIE K HIRONO,D,57.725302488902,True,48.97959183673469,1,8.745710652167311,early,2.3432635107113775,1,6.402447141455934,HIRONO M,True,,
2008,IA,1,186991,102439,BRUCE L BRALEY,D,29.21328127699271,True,17.171717171717173,1,12.041564105275537,early,2.3432635107113775,1,9.69830059456416,BRALEY B,True,,
2008,IA,2,175218,118778,DAVID LOEBSACK,D,19.19754010258643,True,22.448979591836736,1,-3.2514394892503056,early,2.3432635107113775,1,-5.594702999961683,LOEBSACK D,True,,
2008,IA,3,176904,132136,LEONARD L BOSWELL,D,14.486150660108724,True,10.204081632653061,1,4.2820690274556625,early,2.3432635107113775,1,1.938805516744285,BOSWELL L,True,,
2008,IA,4,120746,185458,TOM LATHAM,R,-21.133623336076603,True,8.16326530612245,-1,-29.29688864219905,early,2.3432635107113775,-1,31.640152152910428,LATHAM T,True,,
2008,IA,5,99601,159430,STEVE KING,R,-23.097235466025303,True,-10.204081632653061,-1,-12.893153833372242,early,2.3432635107113775,-1,15.23641734408362,KING S,True,,
2008,ID,1,175898,171687,WALT MINNICK,D,1.211502222477955,True,-26.53061224489796,-1,27.742114467375913,early,2.3432635107113775,1,25.398850956664536,MINNICK W,False,,
2008,ID,2,83878,205777,MICHAEL K SIMPSON,R,-42.084203621549776,True,-25.77319587628866,-1,-16.311007745261115,early,2.3432635107113775,-1,18.654271255972493,SIMPSON M,True,,
2008,IL,3,172581,50336,DANIEL LIPINSKI,D,54.838796502734205,True,29.292929292929294,1,25.54586720980491,early,2.3432635107113775,1,23.202603699093533,LIPINSKI D,True,,
2008,IL,5,170728,50881,RAHM EMANUEL,D,54.08038482191608,True,47.474747474747474,1,6.605637347168603,early,2.3432635107113775,1,4.2623738364572255,EMANUEL R,True,,
2008,IL,6,109007,147906,PETER J ROSKAM,R,-15.140923191897647,True,13.131313131313131,-1,-28.272236323210777,early,2.3432635107113775,-1,30.615499833922154,ROSKAM P,True,,
2008,IL,8,179444,116081,MELISSA L BEAN,D,21.440825649268252,True,13.131313131313131,1,8.30951251795512,early,2.3432635107113775,1,5.966249007243743,BEAN M,True,,
2008,IL,9,181948,53593,JANICE D SCHAKOWSKY,D,54.49369748791081,True,46.93877551020408,1,7.5549219777067265,early,2.3432635107113775,1,5.211658466995349,SCHAKOWSKY J,True,,
2008,IL,10,138176,153082,MARK STEVEN KIRK,R,-5.117799339417286,True,23.232323232323232,-1,-28.350122571740517,early,2.3432635107113775,-1,30.693386082451894,KIRK M,True,,
2008,IL,11,185652,109608,"DEBORAH \""DEBBIE\"" HALVORSON",D,25.754927860191017,True,8.16326530612245,0,17.59166255406857,early,2.3432635107113775,1,15.248399043357193,HALVORSON D,False,,
2008,IL,12,212891,74382,JERRY F COSTELLO,D,48.21511245400716,True,10.204081632653061,1,38.0110308213541,early,2.3432635107113775,1,35.667767310642716,COSTELLO J,True,,
2008,IL,13,147430,180888,JUDY BIGGERT,R,-10.190729719357453,True,9.090909090909092,-1,-19.281638810266543,early,2.3432635107113775,-1,21.62490232097792,BIGGERT J,True,,
2008,IL,14,185404,135653,BILL FOSTER,D,15.49600226751013,True,11.11111111111111,0,4.38489115639902,early,2.3432635107113775,1,2.041627645687642,FOSTER B,False,,
2008,IL,15,104393,187121,TIMOTHY V JOHNSON,R,-28.378739957600665,True,-2.0408163265306123,-1,-26.33792363107005,early,2.3432635107113775,-1,28.68118714178143,JOHNSON T,True,,
2008,IL,16,112648,190039,DONALD A MANZULLO,R,-25.567995982648743,True,8.16326530612245,-1,-33.731261288771194,early,2.3432635107113775,-1,36.074524799482575,MANZULLO D,True,,
2008,IL,18,117642,182589,AARON SCHOCK,R,-21.63234309581622,True,-2.0408163265306123,0,-19.591526769285608,early,2.3432635107113775,-1,21.934790279996985,SCHOCK A,False,,
2008,IL,19,105338,203434,JOHN SHIMKUS,R,-31.769720052336353,True,-10.204081632653061,1,-21.565638419683292,early,2.3432635107113775,-1,23.90890193039467,SHIMKUS J,False,,
2008,IN,1,199954,76647,PETER J VISCLOSKY,D,44.57937606877777,True,25.252525252525253,1,19.326850816252517,early,2.3432635107113775,1,16.98358730554114,VISCLOSKY P,True,,
2008,IN,2,187416,84455,JOE DONNELLY,D,37.871269830176814,True,9.090909090909092,1,28.78036073926772,early,2.3432635107113775,1,26.437097228556343,DONNELLY J,True,,
2008,IN,3,112309,155693,MARK E SOUDER,R,-16.187938895978387,True,-13.131313131313131,-1,-3.056625764665256,early,2.3432635107113775,-1,5.399889275376633,SOUDER M,True,,
2008,IN,4,129038,192526,STEVE BUYER,R,-19.74350362602779,True,-13.131313131313131,-1,-6.612190494714657,early,2.3432635107113775,-1,8.955454005426034,BUYER S,True,,
2008,IN,5,123357,234705,DAN BURTON,R,-31.09740771151365,True,-19.19191919191919,-1,-11.90548851959446,early,2.3432635107113775,-1,14.248752030305837,BURTON D,True,,
2008,IN,6,94265,180608,MIKE PENCE,R,-31.411961160244914,True,-7.070707070707071,-1,-24.34125408953784,early,2.3432635107113775,-1,26.68451760024922,PENCE M,True,,
2008,IN,7,172650,92645,ANDRE CARSON,D,30.156995043253737,True,43.43434343434343,0,-13.277348391089696,early,2.3432635107113775,1,-15.620611901801073,CARSON A,False,,
2008,IN,8,188693,102769,BRAD ELLSWORTH,D,29.480343921334512,True,-4.081632653061225,1,33.561976574395736,early,2.3432635107113775,1,31.21871306368436,ELLSWORTH B,True,,
2008,IN,9,181281,120529,BARON P HILL,D,20.129220370431728,True,-1.0101010101010102,1,21.13932138053274,early,2.3432635107113775,1,18.79605786982136,HILL B,True,,
2008,KS,2,142013,155532,LYNN JENKINS,R,-4.543514426389286,True,-12.244897959183673,1,7.701383532794387,early,2.3432635107113775,-1,-5.35812002208301,JENKINS L,False,,
2008,KS,3,202541,142307,DENNIS MOORE,D,17.466825963902938,True,3.0303030303030303,1,14.436522933599907,early,2.3432635107113775,1,12.09325942288853,MOORE D,True,,
2008,KS,4,90706,177617,TODD TIAHRT,R,-32.39043988029353,True,-18.367346938775512,-1,-14.023092941518016,early,2.3432635107113775,-1,16.366356452229393,TIAHRT T,True,,
2008,KY,1,98674,178107,ED WHITFIELD,R,-28.69886299998916,True,-25.252525252525253,-1,-3.4463377474639074,early,2.3432635107113775,-1,5.789601258175285,WHITFIELD E,True,,
2008,KY,2,143379,158936,S BRETT GUTHRIE,R,-5.145957031573028,True,-23.232323232323232,0,18.086366200750206,early,2.3432635107113775,-1,-15.743102690038828,GUTHRIE S,False,,
2008,KY,3,203843,139527,JOHN A YARMUTH,D,18.730815155662988,True,13.131313131313131,1,5.5995020243498566,early,2.3432635107113775,1,3.256238513638479,YARMUTH J,True,,
2008,KY,4,111549,190210,GEOFF DAVIS,R,-26.067490944760554,True,-22.448979591836736,-1,-3.618511352923818,early,2.3432635107113775,-1,5.9617748636351955,DAVIS G,True,,
2008,KY,6,203764,111378,BEN CHANDLER,D,29.315673569375075,True,-12.244897959183673,1,41.56057152855875,early,2.3432635107113775,1,39.21730801784737,CHANDLER B,True,,
2008,LA,1,98839,189168,STEVE SCALISE,R,-31.36347380445614,True,-47.474747474747474,0,16.111273670291332,early,2.3432635107113775,-1,-13.768010159579955,SCALISE S,False,,
2008,LA,2,31318,33132,"ANH \""JOSEPH\"" CAO",R,-2.814584949573313,True,49.494949494949495,1,-52.30953444452281,early,2.3432635107113775,-1,54.65279795523419,CAO A,False,,
2008,LA,4,44151,44501,JOHN FLEMING,R,-0.3948021477236836,True,-19.19191919191919,0,18.797117044195506,early,2.3432635107113775,-1,-16.45385353348413,FLEMING J,False,,
2008,LA,6,125886,150332,"WILLIAM \""BILL\"" CASSIDY",R,-8.850255957251157,True,-16.3265306122449,0,7.476274654993741,early,2.3432635107113775,-1,-5.133011144282364,CASSIDY W,False,,
2008,LA,7,98280,177173,CHARLES W BOUSTANY,R,-28.641183795420634,True,-28.571428571428573,-1,-0.06975522399206113,early,2.3432635107113775,-1,2.4130187347034386,BOUSTANY C,True,,
2008,MA,1,215696,80067,JOHN W OLVER,D,45.85732495274933,True,30.612244897959183,1,15.245080054790147,early,2.3432635107113775,1,12.90181654407877,OLVER J,True,,
2008,MA,4,203032,75571,BARNEY FRANK,D,45.75004576404418,True,29.292929292929294,1,16.457116471114887,early,2.3432635107113775,1,14.11385296040351,FRANK B,True,,
2008,MA,6,226216,94845,JOHN F TIERNEY,D,40.917769520433815,True,17.171717171717173,1,23.746052348716642,early,2.3432635107113775,1,21.402788838005264,TIERNEY J,True,,
2008,MA,7,212304,67978,EDWARD J MARKEY,D,51.493139052811095,True,32.6530612244898,1,18.8400778283213,early,2.3432635107113775,1,16.49681431760992,MARKEY E,True,,
2008,MD,1,177065,174213,FRANK M KRATOVIL JR,D,0.8118925751114502,True,-18.367346938775512,0,19.179239513886962,early,2.3432635107113775,1,16.835976003175585,KRATOVIL F,False,,
2008,MD,2,198578,68561,C A DUTCH RUPPERSBERGER,D,48.67016796499201,True,22.448979591836736,1,26.221188373155275,early,2.3432635107113775,1,23.877924862443898,RUPPERSBERGER C,True,,
2008,MD,3,203711,87971,JOHN P SARBANES,D,39.68019966950309,True,20.408163265306122,1,19.272036404196967,early,2.3432635107113775,1,16.92877289348559,SARBANES J,True,,
2008,MD,5,253854,82631,STENY H HOYER,D,50.88577499739959,True,32.6530612244898,1,18.23271377290979,early,2.3432635107113775,1,15.889450262198412,HOYER S,True,,
2008,MD,6,128207,190926,ROSCOE G BARTLETT,R,-19.652934669871183,True,-18.367346938775512,-1,-1.2855877310956707,early,2.3432635107113775,-1,3.628851241807048,BARTLETT R,True,,
2008,MD,7,227379,53147,ELIJAH E CUMMINGS,D,62.10903802143117,True,59.5959595959596,1,2.5130784254715692,early,2.3432635107113775,1,0.16981491476019173,CUMMINGS E,True,,
2008,MD,8,229740,66351,CHRIS VAN HOLLEN,D,55.1820217433154,True,49.494949494949495,1,5.687072248365908,early,2.3432635107113775,1,3.3438087376545305,HOLLEN C,True,,
2008,ME,1,205629,168930,CHELLIE PINGREE,D,9.797922356691469,True,23.232323232323232,0,-13.434400875631763,early,2.3432635107113775,1,-15.77766438634314,PINGREE C,False,,
2008,ME,2,226274,109268,MICHAEL H MICHAUD,D,34.87074643412747,True,12.244897959183673,1,22.625848474943794,early,2.3432635107113775,1,20.282584964232417,MICHAUD M,True,,
2008,MI,1,213216,107340,BART STUPAK,D,33.02886235166398,True,2.0408163265306123,1,30.988046025133368,early,2.3432635107113775,1,28.64478251442199,STUPAK B,True,,
2008,MI,2,119506,214100,PETER HOEKSTRA,R,-28.35500560541477,True,-3.0303030303030303,-1,-25.32470257511174,early,2.3432635107113775,-1,27.667966085823117,HOEKSTRA P,True,,
2008,MI,3,117961,203799,VERNON J EHLERS,R,-26.677647936350073,True,0.0,-1,-26.677647936350073,early,2.3432635107113775,-1,29.02091144706145,EHLERS V,True,,
2008,MI,4,117665,204259,DAVE CAMP,R,-26.898895391458854,True,2.0408163265306123,-1,-28.939711717989468,early,2.3432635107113775,-1,31.282975228700845,CAMP D,True,,
2008,MI,5,221841,85017,DALE E KILDEE,D,44.58870226619479,True,29.292929292929294,1,15.295772973265493,early,2.3432635107113775,1,12.952509462554115,KILDEE D,True,,
2008,MI,6,123257,188157,FRED UPTON,R,-20.840424643721864,True,9.090909090909092,-1,-29.931333734630954,early,2.3432635107113775,-1,32.274597245342335,UPTON F,True,,
2008,MI,7,157213,149781,MARK SCHAUER,D,2.420894219430999,True,6.122448979591836,-1,-3.7015547601608376,early,2.3432635107113775,1,-6.044818270872215,SCHAUER M,False,,
2008,MI,8,145491,204408,MIKE ROGERS,R,-16.838287620141813,True,7.070707070707071,-1,-23.908994690848886,early,2.3432635107113775,-1,26.252258201560263,ROGERS M,True,,
2008,MI,9,183311,150035,GARY PETERS,D,9.982420668014615,True,13.131313131313131,-1,-3.148892463298516,early,2.3432635107113775,1,-5.4921559740098935,PETERS G,False,,
2008,MI,10,108354,230471,CANDICE S MILLER,R,-36.041319265107354,True,-2.0408163265306123,-1,-34.000502938576744,early,2.3432635107113775,-1,36.343766449288125,MILLER C,True,,
2008,MI,11,156625,177461,THADDEUS G MCCOTTER,R,-6.236717491903282,True,9.090909090909092,-1,-15.327626582812375,early,2.3432635107113775,-1,17.670890093523752,MCCOTTER T,True,,
2008,MI,12,225094,74565,SANDER M LEVIN,D,50.23343200104118,True,32.6530612244898,1,17.580370776551383,early,2.3432635107113775,1,15.237107265840006,LEVIN S,True,,
2008,MI,13,167481,43098,CAROLYN C KILPATRICK,D,59.0671434473523,True,70.0,1,-10.9328565526477,early,2.3432635107113775,1,-13.276120063359077,KILPATRICK C,True,,
2008,MI,15,231784,81802,JOHN D DINGELL,D,47.82802803696594,True,33.333333333333336,1,14.494694703632604,early,2.3432635107113775,1,12.151431192921226,DINGELL J,True,,
2008,MN,1,207753,109453,TIMOTHY J WALZ,D,30.98932554869706,True,4.081632653061225,1,26.907692895635837,early,2.3432635107113775,1,24.56442938492446,WALZ T,True,,
2008,MN,2,164093,220924,JOHN KLINE,R,-14.760646932473112,True,-2.0408163265306123,-1,-12.7198306059425,early,2.3432635107113775,-1,15.063094116653877,KLINE J,True,,
2008,MN,3,150787,178932,ERIK PAULSEN,R,-8.536056460197926,True,6.122448979591836,0,-14.658505439789764,early,2.3432635107113775,-1,17.00176895050114,PAULSEN E,False,,
2008,MN,4,216267,98936,BETTY MCCOLLUM,D,37.22394774161413,True,30.612244897959183,1,6.61170284365495,early,2.3432635107113775,1,4.268439332943572,MCCOLLUM B,True,,
2008,MN,5,228776,71020,KEITH ELLISON,D,52.6211156920039,True,51.02040816326531,1,1.6007075287385888,early,2.3432635107113775,1,-0.7425559819727887,ELLISON K,True,,
2008,MN,6,175786,187817,MICHELE BACHMANN,R,-3.3088285850226757,True,-8.16326530612245,-1,4.854436721099773,early,2.3432635107113775,-1,-2.511173210388396,BACHMANN M,True,,
2008,MN,7,227187,87062,COLLIN C PETERSON,D,44.59043624641606,True,-3.0927835051546393,1,47.683219751570704,early,2.3432635107113775,1,45.33995624085932,PETERSON C,True,,
2008,MN,8,241831,114871,JAMES L OBERSTAR,D,35.59273567291464,True,8.16326530612245,1,27.429470366792195,early,2.3432635107113775,1,25.086206856080818,OBERSTAR J,True,,
2008,MO,2,132068,232276,W TODD AKIN,R,-27.503677842917682,True,-11.11111111111111,-1,-16.39256673180657,early,2.3432635107113775,-1,18.73583024251795,AKIN W,True,,
2008,MO,3,202470,92759,RUSS CARNAHAN,D,37.16132222782992,True,21.21212121212121,1,15.94920101570871,early,2.3432635107113775,1,13.605937504997332,CARNAHAN R,True,,
2008,MO,4,200009,103446,IKE SKELTON,D,31.8211925985731,True,-23.232323232323232,1,55.05351583089633,early,2.3432635107113775,1,52.71025232018495,SKELTON I,True,,
2008,MO,5,197249,109166,EMANUEL CLEAVER,D,28.746308111548064,True,29.292929292929294,1,-0.5466211813812301,early,2.3432635107113775,1,-2.8898846920926076,CLEAVER E,True,,
2008,MO,6,121894,196526,SAM GRAVES,R,-23.438226242070222,True,-9.090909090909092,-1,-14.34731715116113,early,2.3432635107113775,-1,16.69058066187251,GRAVES S,True,,
2008,MO,7,91010,219016,ROY BLUNT,R,-41.2887951333114,True,-28.571428571428573,-1,-12.71736656188283,early,2.3432635107113775,-1,15.060630072594208,BLUNT R,True,,
2008,MO,8,72790,198798,JO ANN EMERSON,R,-46.39674801537623,True,-26.53061224489796,-1,-19.866135770478273,early,2.3432635107113775,-1,22.20939928118965,EMERSON J,True,,
2008,MO,9,152956,161031,BLAINE LUETKEMEYER,R,-2.571762525200088,True,-11.11111111111111,0,8.539348585911023,early,2.3432635107113775,-1,-6.196085075199646,LUETKEMEYER B,False,,
2008,MS,1,185959,149818,TRAVIS CHILDERS,D,10.763393561798456,True,-24.0,0,34.76339356179845,early,2.3432635107113775,1,32.42013005108707,CHILDERS T,False,,
2008,MS,2,201606,90364,BENNIE G THOMPSON,D,38.10048977634688,True,32.0,1,6.100489776346883,early,2.3432635107113775,1,3.7572262656355058,THOMPSON B,True,,
2008,MS,3,127698,213171,GREGG HARPER,R,-25.07502882338963,True,-24.0,0,-1.07502882338963,early,2.3432635107113775,-1,3.4182923341010074,HARPER G,False,,
2008,MS,4,216542,73977,GENE TAYLOR,D,49.072521934882054,True,-36.0,1,85.07252193488205,early,2.3432635107113775,1,82.72925842417067,TAYLOR G,True,,
2008,MT,0,155930,308470,DENNIS R REHBERG,R,-32.84668389319552,True,-2.0833333333333335,-1,-30.763350559862186,early,2.3432635107113775,-1,33.10661407057356,REHBERG D,True,,
2008,NC,1,192765,81506,G K BUTTERFIELD,D,40.56535324551265,True,25.252525252525253,1,15.312827992987394,early,2.3432635107113775,1,12.969564482276017,BUTTERFIELD G,True,,
2008,NC,2,199730,93323,BOB ETHERIDGE,D,36.3098142656789,True,5.05050505050505,1,31.25930921517385,early,2.3432635107113775,1,28.916045704462473,ETHERIDGE B,True,,
2008,NC,3,104364,201686,WALTER B JONES,R,-31.79937918640745,True,-23.232323232323232,-1,-8.567055954084218,early,2.3432635107113775,-1,10.910319464795595,JONES W,True,,
2008,NC,4,265751,153947,DAVID E PRICE,D,26.63915482084737,True,27.272727272727273,1,-0.6335724518799033,early,2.3432635107113775,1,-2.976835962591281,PRICE D,True,,
2008,NC,5,136103,190820,VIRGINIA FOXX,R,-16.736968643992622,True,-23.232323232323232,-1,6.49535458833061,early,2.3432635107113775,-1,-4.152091077619232,FOXX V,True,,
2008,NC,6,108873,221018,HOWARD COBLE,R,-33.99456184012295,True,-27.272727272727273,-1,-6.721834567395675,early,2.3432635107113775,-1,9.065098078107052,COBLE H,True,,
2008,NC,7,215383,97472,MIKE MCINTYRE,D,37.68870563040386,True,-5.05050505050505,1,42.73921068090891,early,2.3432635107113775,1,40.39594717019753,MCINTYRE M,True,,
2008,NC,8,157185,126634,LARRY KISSELL,D,10.764254683442617,True,6.0,-1,4.764254683442617,early,2.3432635107113775,1,2.42099117273124,KISSELL L,False,,
2008,NC,9,138719,241053,SUE WILKINS MYRICK,R,-26.94616770062037,True,-10.0,-1,-16.94616770062037,early,2.3432635107113775,-1,19.28943121133175,MYRICK S,True,,
2008,NC,10,126699,171774,PATRICK T MCHENRY,R,-15.101868510719562,True,-27.272727272727273,-1,12.170858762007711,early,2.3432635107113775,-1,-9.827595251296334,MCHENRY P,True,,
2008,NC,11,211112,122087,HEATH SHULER,D,26.7182674617871,True,-5.05050505050505,1,31.768772512292152,early,2.3432635107113775,1,29.425509001580775,SHULER H,True,,
2008,NC,12,215908,85814,MELVIN L WATT,D,43.11717408740496,True,41.41414141414141,1,1.7030326732635501,early,2.3432635107113775,1,-0.6402308374478274,WATT M,True,,
2008,NC,13,221379,114383,BRAD MILLER,D,31.86661980807834,True,19.19191919191919,1,12.67470061615915,early,2.3432635107113775,1,10.331437105447772,MILLER B,True,,
2008,ND,0,194577,119388,EARL POMEROY,D,23.948210787826667,True,-8.16326530612245,1,32.111476093949115,early,2.3432635107113775,1,29.768212583237737,POMEROY E,True,,
2008,NE,1,77897,184923,JEFF FORTENBERRY,R,-40.72216726276539,True,-10.204081632653061,-1,-30.518085630112328,early,2.3432635107113775,-1,32.861349140823705,FORTENBERRY J,True,,
2008,NE,2,131901,142473,LEE TERRY,R,-3.8531347722451836,True,1.0101010101010102,-1,-4.863235782346194,early,2.3432635107113775,-1,7.206499293057571,TERRY L,True,,
2008,NE,3,55087,183117,ADRIAN SMITH,R,-53.74804789172306,True,-39.39393939393939,-1,-14.35410849778367,early,2.3432635107113775,-1,16.697372008495048,SMITH A,True,,
2008,NH,1,176435,156338,CAROL SHEA-PORTER,D,6.039251982582721,True,6.0,1,0.03925198258272111,early,2.3432635107113775,1,-2.3040115281286564,PORTER C,True,,
2008,NH,2,188332,138222,PAUL W HODES,D,15.345088408042773,True,13.131313131313131,1,2.213775276729642,early,2.3432635107113775,1,-0.1294882339817356,HODES P,True,,
2008,NJ,1,206453,74001,ROBERT E ANDREWS,D,47.2277093569712,True,31.31313131313131,1,15.914578043839885,early,2.3432635107113775,1,13.571314533128508,ANDREWS R,True,,
2008,NJ,2,110990,167701,FRANK A LOBIONDO,R,-20.349060428933836,True,9.090909090909092,-1,-29.439969519842926,early,2.3432635107113775,-1,31.783233030554303,LOBIONDO F,True,,
2008,NJ,3,166390,153122,JOHN ADLER,D,4.152582688600115,True,5.05050505050505,0,-0.8979223619049348,early,2.3432635107113775,1,-3.2411858726163123,ADLER J,False,,
2008,NJ,4,100036,202972,CHRISTOPHER H SMITH,R,-33.97138029358961,True,-5.05050505050505,-1,-28.92087524308456,early,2.3432635107113775,-1,31.264138753795937,SMITH C,True,,
2008,NJ,5,131033,172653,SCOTT GARRETT,R,-13.70494523949079,True,-9.090909090909092,-1,-4.6140361485816985,early,2.3432635107113775,-1,6.957299659293076,GARRETT S,True,,
2008,NJ,6,164077,77469,FRANK PALLONE JR,D,35.85569622349366,True,21.21212121212121,1,14.643575011372448,early,2.3432635107113775,1,12.30031150066107,PALLONE F,True,,
2008,NJ,7,124818,148461,LEONARD LANCE,R,-8.651597817614965,True,3.0303030303030303,0,-11.681900847917994,early,2.3432635107113775,-1,14.025164358629372,LANCE L,False,,
2008,NJ,8,159279,63107,BILL PASCRELL JR,D,43.24552804583022,True,27.272727272727273,1,15.972800773102946,early,2.3432635107113775,1,13.629537262391569,PASCRELL B,True,,
2008,NJ,9,151182,69503,STEVEN R ROTHMAN,D,37.011577587964744,True,23.232323232323232,1,13.779254355641513,early,2.3432635107113775,1,11.435990844930135,ROTHMAN S,True,,
2008,NJ,11,113510,189696,RODNEY P FRELINGHUYSEN,R,-25.126811474706965,True,-9.090909090909092,-1,-16.035902383797875,early,2.3432635107113775,-1,18.379165894509253,FRELINGHUYSEN R,True,,
2008,NJ,12,193732,108400,RUSH D HOLT,D,28.24328439225239,True,17.171717171717173,1,11.071567220535218,early,2.3432635107113775,1,8.728303709823841,HOLT R,True,,
2008,NJ,13,120382,34735,ALBIO SIRES,D,55.21445102728908,True,51.515151515151516,1,3.6992995121375642,early,2.3432635107113775,1,1.3560360014261867,SIRES A,True,,
2008,NM,1,166271,132485,MARTIN T HEINRICH,D,11.30889421467686,True,20.0,0,-8.69110578532314,early,2.3432635107113775,1,-11.034369296034518,HEINRICH M,False,,
2008,NM,2,129572,101980,HARRY TEAGUE,D,11.9161138750691,True,-1.0101010101010102,0,12.92621488517011,early,2.3432635107113775,1,10.582951374458732,TEAGUE H,False,,
2008,NM,3,161292,86618,BEN R LUJAN,D,30.121415029647856,True,23.232323232323232,0,6.889091797324625,early,2.3432635107113775,1,4.545828286613247,LUJAN B,False,,
2008,NV,1,154860,64837,SHELLEY BERKLEY,D,40.97598055503717,True,30.612244897959183,1,10.363735657077985,early,2.3432635107113775,1,8.020472146366608,BERKLEY S,True,,
2008,NV,2,136548,170771,DEAN HELLER,R,-11.135985734692616,True,0.0,-1,-11.135985734692616,early,2.3432635107113775,-1,13.479249245403993,HELLER D,True,,
2008,NV,3,165912,147940,DINA TITUS,D,5.726265883282566,True,12.244897959183673,-1,-6.518632075901107,early,2.3432635107113775,1,-8.861895586612484,TITUS D,False,,
2008,NY,1,162083,115545,TIMOTHY H BISHOP,D,16.76271845779244,True,4.0,1,12.762718457792442,early,2.3432635107113775,1,10.419454947081064,BISHOP T,True,,
2008,NY,2,161279,79641,STEVE ISRAEL,D,33.88593724057778,True,13.131313131313131,1,20.75462410926465,early,2.3432635107113775,1,18.411360598553273,ISRAEL S,True,,
2008,NY,3,97525,172774,PETER T KING,R,-27.839170696154998,True,-5.05050505050505,-1,-22.78866564564995,early,2.3432635107113775,-1,25.131929156361327,KING P,True,,
2008,NY,4,164028,92242,CAROLYN MCCARTHY,D,28.011862488781365,True,17.171717171717173,1,10.840145317064191,early,2.3432635107113775,1,8.496881806352814,MCCARTHY C,True,,
2008,NY,5,112724,43039,GARY L ACKERMAN,D,44.7378388962719,True,27.272727272727273,1,17.46511162354463,early,2.3432635107113775,1,15.121848112833252,ACKERMAN G,True,,
2008,NY,7,118459,21477,JOSEPH CROWLEY,D,69.3045392179282,True,59.5959595959596,1,9.708579621968596,early,2.3432635107113775,1,7.3653161112572185,CROWLEY J,True,,
2008,NY,8,160775,39062,JERROLD NADLER,D,60.90613850287985,True,48.0,1,12.906138502879848,early,2.3432635107113775,1,10.56287499216847,NADLER J,True,,
2008,NY,13,114219,62441,MICHAEL E MCMAHON,D,29.309407902184986,True,-2.0,0,31.309407902184986,early,2.3432635107113775,1,28.96614439147361,MCMAHON M,False,,
2008,NY,14,183239,43385,CAROLYN B MALONEY,D,61.71191047726631,True,57.57575757575758,1,4.13615290150873,early,2.3432635107113775,1,1.7928893907973524,MALONEY C,True,,
2008,NY,17,161594,40707,ELIOT L ENGEL,D,59.756007137878704,True,44.0,1,15.756007137878704,early,2.3432635107113775,1,13.412743627167327,ENGEL E,True,,
2008,NY,18,174791,80498,NITA M LOWEY,D,36.9357865007893,True,24.0,1,12.935786500789298,early,2.3432635107113775,1,10.59252299007792,LOWEY N,True,,
2008,NY,19,164859,116120,JOHN J HALL,D,17.346136188113704,True,3.0303030303030303,1,14.315833157810673,early,2.3432635107113775,1,11.972569647099295,HALL J,True,,
2008,NY,20,193651,118031,KIRSTEN E GILLIBRAND,D,24.261907970303064,True,3.0303030303030303,1,21.231604940000032,early,2.3432635107113775,1,18.888341429288655,GILLIBRAND K,True,,
2008,NY,21,171286,96599,PAUL D TONKO,D,27.880247120966086,True,18.367346938775512,0,9.512900182190574,early,2.3432635107113775,1,7.169636671479196,TONKO P,False,,
2008,NY,22,168558,85126,MAURICE D HINCHEY,D,32.888160073161885,True,20.408163265306122,1,12.479996807855763,early,2.3432635107113775,1,10.136733297144385,HINCHEY M,True,,
2008,NY,23,75871,143029,JOHN M MCHUGH,R,-30.67976244860667,True,5.05050505050505,-1,-35.73026749911172,early,2.3432635107113775,-1,38.0735310098231,MCHUGH J,True,,
2008,NY,24,130799,120880,MICHAEL A ARCURI,D,3.9411313617743238,True,3.0303030303030303,1,0.9108283314712935,early,2.3432635107113775,1,-1.432435179240084,ARCURI M,True,,
2008,NY,25,157375,120217,DANIEL B MAFFEI,D,13.38583244473904,True,13.131313131313131,0,0.2545193134259094,early,2.3432635107113775,1,-2.088744197285468,MAFFEI D,False,,
2008,NY,26,109615,148607,CHRISTOPHER J LEE,R,-15.10018511203538,True,-6.122448979591836,0,-8.977736132443543,early,2.3432635107113775,-1,11.32099964315492,LEE C,False,,
2008,NY,27,185713,56354,BRIAN HIGGINS,D,53.43933704305007,True,10.204081632653061,1,43.235255410397,early,2.3432635107113775,1,40.89199189968562,HIGGINS B,True,,
2008,NY,28,172655,48690,LOUISE MCINTOSH SLAUGHTER,D,56.005331044297364,True,39.39393939393939,1,16.611391650357973,early,2.3432635107113775,1,14.268128139646596,SLAUGHTER L,True,,
2008,NY,29,140529,135199,ERIC J J MASSA,D,1.9330644693320953,True,-3.0303030303030303,-1,4.963367499635126,early,2.3432635107113775,1,2.6201039889237485,MASSA E,False,,
2008,OH,1,155455,140683,STEVE DRIEHAUS,D,4.988214953839089,True,11.11111111111111,-1,-6.122896157272022,early,2.3432635107113775,1,-8.4661596679834,DRIEHAUS S,False,,
2008,OH,2,124213,148671,JEAN SCHMIDT,R,-8.962782720863077,True,-19.19191919191919,-1,10.229136471056114,early,2.3432635107113775,-1,-7.885872960344736,SCHMIDT J,True,,
2008,OH,3,115976,200204,MICHAEL R TURNER,R,-26.639256119931684,True,-4.081632653061225,-1,-22.55762346687046,early,2.3432635107113775,-1,24.900886977581838,TURNER M,True,,
2008,OH,4,99499,186154,JIM JORDAN,R,-30.335757019880763,True,-22.448979591836736,-1,-7.886777428044027,early,2.3432635107113775,-1,10.230040938755405,JORDAN J,True,,
2008,OH,5,105840,188905,ROBERT E LATTA,R,-28.181987819979984,True,-8.16326530612245,0,-20.018722513857533,early,2.3432635107113775,-1,22.36198602456891,LATTA R,False,,
2008,OH,6,176330,92968,CHARLES A WILSON,D,30.95529859115181,True,-2.0408163265306123,1,32.99611491768242,early,2.3432635107113775,1,30.652851406971042,WILSON C,True,,
2008,OH,7,125547,174915,STEVE AUSTRIA,R,-16.430696727040356,True,-9.090909090909092,0,-7.339787636131264,early,2.3432635107113775,-1,9.683051146842642,AUSTRIA S,False,,
2008,OH,8,95510,202063,JOHN A BOEHNER,R,-35.80734811290003,True,-22.448979591836736,-1,-13.358368521063294,early,2.3432635107113775,-1,15.701632031774672,BOEHNER J,True,,
2008,OH,9,222054,76512,MARCY KAPTUR,D,48.747010711199536,True,26.53061224489796,1,22.216398466301577,early,2.3432635107113775,1,19.8731349555902,KAPTUR M,True,,
2008,OH,10,157268,107918,DENNIS J KUCINICH,D,18.609579691235584,True,20.408163265306122,1,-1.7985835740705376,early,2.3432635107113775,1,-4.141847084781915,KUCINICH D,True,,
2008,OH,12,152234,197447,PATRICK J TIBERI,R,-12.929784575084149,True,7.070707070707071,-1,-20.00049164579122,early,2.3432635107113775,-1,22.3437551565026,TIBERI P,True,,
2008,OH,13,192593,105050,BETTY SUTTON,D,29.412080915727902,True,15.151515151515152,1,14.26056576421275,early,2.3432635107113775,1,11.917302253501372,SUTTON B,True,,
2008,OH,14,125214,188488,STEVEN C LATOURETTE,R,-20.170097736067987,True,0.0,-1,-20.170097736067987,early,2.3432635107113775,-1,22.513361246779365,LATOURETTE S,True,,
2008,OH,15,139584,137272,MARY JO KILROY,D,0.8350911665270032,True,9.090909090909092,0,-8.255817924382088,early,2.3432635107113775,1,-10.599081435093465,KILROY M,False,,
2008,OH,16,169044,136293,JOHN A BOCCIERI,D,10.726181235814854,True,-2.0408163265306123,0,12.766997562345466,early,2.3432635107113775,1,10.423734051634089,BOCCIERI J,False,,
2008,OH,17,218896,61216,TIM RYAN,D,56.29176900668304,True,26.53061224489796,1,29.76115676178508,early,2.3432635107113775,1,27.417893251073703,RYAN T,True,,
2008,OH,18,164187,110031,ZACHARY T SPACE,D,19.749250596240948,True,-7.216494845360825,1,26.965745441601772,early,2.3432635107113775,1,24.622481930890395,SPACE Z,True,,
2008,OK,1,98890,193404,JOHN SULLIVAN,R,-32.33525149335943,True,-28.0,-1,-4.335251493359429,early,2.3432635107113775,-1,6.678515004070807,SULLIVAN J,True,,
2008,OK,2,173757,72815,DAN BOREN,D,40.938143828171896,True,-32.0,1,72.93814382817189,early,2.3432635107113775,1,70.59488031746051,BOREN D,True,,
2008,OK,3,62297,184306,FRANK D LUCAS,R,-49.47587823343593,True,-46.0,-1,-3.475878233435928,early,2.3432635107113775,-1,5.819141744147306,LUCAS F,True,,
2008,OK,4,79674,180080,TOM COLE,R,-38.65426518937148,True,-32.0,-1,-6.654265189371479,early,2.3432635107113775,-1,8.997528700082857,COLE T,True,,
2008,OK,5,88996,171925,MARY FALLIN,R,-31.78318341566988,True,-18.0,-1,-13.783183415669878,early,2.3432635107113775,-1,16.126446926381256,FALLIN M,True,,
2008,OR,2,87649,236560,GREG WALDEN,R,-45.93055714060991,True,-11.34020618556701,-1,-34.5903509550429,early,2.3432635107113775,-1,36.933614465754275,WALDEN G,True,,
2008,OR,3,254235,71063,EARL BLUMENAUER,D,56.30898437740164,True,46.391752577319586,1,9.917231800082057,early,2.3432635107113775,1,7.573968289370679,BLUMENAUER E,True,,
2008,OR,5,181577,128297,KURT SCHRADER,D,17.194085337911538,True,11.34020618556701,0,5.853879152344527,early,2.3432635107113775,1,3.5106156416331498,SCHRADER K,False,,
2008,PA,3,146846,139707,KATHY DAHLKEMPER,D,2.4913366811724185,True,0.0,-1,2.4913366811724185,early,2.3432635107113775,1,0.14807317046104096,DAHLKEMPER K,False,,
2008,PA,4,186536,147411,JASON ALTMIRE,D,11.715930971082237,True,-11.11111111111111,1,22.827042082193348,early,2.3432635107113775,1,20.48377857148197,ALTMIRE J,True,,
2008,PA,5,112509,155513,GLENN W THOMPSON,R,-16.044951533829312,True,-11.11111111111111,0,-4.933840422718202,early,2.3432635107113775,-1,7.277103933429579,THOMPSON G,False,,
2008,PA,6,164952,179423,JIM GERLACH,R,-4.202105263157895,True,17.171717171717173,-1,-21.373822434875066,early,2.3432635107113775,-1,23.717085945586444,GERLACH J,True,,
2008,PA,7,209955,142362,JOE SESTAK,D,19.185279166205433,True,13.131313131313131,1,6.0539660348923015,early,2.3432635107113775,1,3.710702524180924,SESTAK J,True,,
2008,PA,8,197869,145103,PATRICK J MURPHY,D,15.384929381990366,True,9.090909090909092,1,6.294020291081274,early,2.3432635107113775,1,3.950756780369897,MURPHY P,True,,
2008,PA,9,98735,174951,BILL SHUSTER,R,-27.847971763261548,True,-28.571428571428573,-1,0.7234568081670254,early,2.3432635107113775,-1,1.619806702544352,SHUSTER B,True,,
2008,PA,10,160837,124681,CHRISTOPHER P CARNEY,D,12.66329968688489,True,-9.090909090909092,1,21.754208777793984,early,2.3432635107113775,1,19.410945267082607,CARNEY C,True,,
2008,PA,11,146379,137151,PAUL E KANJORSKI,D,3.254682044228124,True,15.151515151515152,1,-11.896833107287028,early,2.3432635107113775,1,-14.240096617998406,KANJORSKI P,True,,
2008,PA,12,155268,113120,JOHN P MURTHA,D,15.704129841870724,True,-1.0101010101010102,1,16.714230851971735,early,2.3432635107113775,1,14.370967341260357,MURTHA J,True,,
2008,PA,13,196868,108271,ALLYSON Y SCHWARTZ,D,29.034964393276507,True,18.0,1,11.034964393276507,early,2.3432635107113775,1,8.69170088256513,SCHWARTZ A,True,,
2008,PA,15,128333,181433,CHARLES W DENT,R,-17.14197168185017,True,13.131313131313131,-1,-30.2732848131633,early,2.3432635107113775,-1,32.61654832387468,DENT C,True,,
2008,PA,16,120193,170329,JOSEPH R PITTS,R,-17.257212878886968,True,-3.0303030303030303,-1,-14.226909848583936,early,2.3432635107113775,-1,16.570173359295314,PITTS J,True,,
2008,PA,17,192699,109909,TIM HOLDEN,D,27.358827261671866,True,-3.0303030303030303,1,30.389130291974897,early,2.3432635107113775,1,28.04586678126352,HOLDEN T,True,,
2008,PA,18,119661,213349,TIM MURPHY,R,-28.13368967898862,True,-11.11111111111111,-1,-17.02257856787751,early,2.3432635107113775,-1,19.365842078588887,MURPHY T,True,,
2008,PA,19,109533,218862,TODD RUSSELL PLATTS,R,-33.29191979171425,True,-13.131313131313131,-1,-20.16060666040112,early,2.3432635107113775,-1,22.503870171112496,PLATTS T,True,,
2008,RI,1,145254,51340,PATRICK J KENNEDY,D,47.770532162731314,True,32.6530612244898,1,15.117470938241517,early,2.3432635107113775,1,12.77420742753014,KENNEDY P,True,,
2008,RI,2,158416,67433,JAMES R LANGEVIN,D,40.284880606068654,True,24.489795918367346,1,15.795084687701308,early,2.3432635107113775,1,13.451821176989931,LANGEVIN J,True,,
2008,SC,1,163724,177540,HENRY E BROWN JR,R,-4.048478597215059,True,-15.151515151515152,-1,11.103036554300093,early,2.3432635107113775,-1,-8.759773043588716,BROWN H,True,,
2008,SC,2,158627,184583,JOE WILSON,R,-7.562716704058739,True,-9.090909090909092,-1,1.5281923868503524,early,2.3432635107113775,-1,0.8150711238610251,WILSON J,True,,
2008,SC,3,101724,186799,J GRESHAM BARRETT,R,-29.486384101094192,True,-29.292929292929294,-1,-0.19345480816489768,early,2.3432635107113775,-1,2.536718318876275,BARRETT J,True,,
2008,SC,4,113291,184440,BOB INGLIS,R,-23.897074876314527,True,-22.448979591836736,-1,-1.448095284477791,early,2.3432635107113775,-1,3.7913587951891685,INGLIS B,True,,
2008,SC,5,188785,113282,JOHN M SPRATT JR,D,24.995448029741745,True,-7.070707070707071,1,32.06615510044882,early,2.3432635107113775,1,29.72289158973744,SPRATT J,True,,
2008,SC,6,193378,93059,JAMES E CLYBURN,D,35.02305917182487,True,29.292929292929294,1,5.730129878895575,early,2.3432635107113775,1,3.3868663681841973,CLYBURN J,True,,
2008,SD,0,256041,122966,STEPHANIE HERSETH SANDLIN,D,35.11148870601335,True,-8.16326530612245,0,43.274754012135794,early,2.3432635107113775,1,40.93149050142442,SANDLIN S,False,,
2008,TN,1,57525,168343,PHIL ROE,R,-49.063169638904135,True,-41.41414141414141,0,-7.6490282247627235,early,2.3432635107113775,-1,9.992291735474101,ROE P,False,,
2008,TN,2,63639,227120,JOHN J DUNCAN JR,R,-56.22560264686562,True,-30.612244897959183,-1,-25.613357748906434,early,2.3432635107113775,-1,27.956621259617812,DUNCAN J,True,,
2008,TN,3,73059,184964,ZACH WAMP,R,-43.37016467524213,True,-25.252525252525253,-1,-18.117639422716877,early,2.3432635107113775,-1,20.460902933428255,WAMP Z,True,,
2008,TN,4,146776,94447,LINCOLN DAVIS,D,21.693205042636897,True,-30.612244897959183,1,52.30544994059608,early,2.3432635107113775,1,49.962186429884696,DAVIS L,True,,
2008,TN,5,181467,85471,JIM COOPER,D,35.9619087578389,True,13.131313131313131,1,22.830595626525767,early,2.3432635107113775,1,20.48733211581439,COOPER J,True,,
2008,TN,7,99549,217332,MARSHA BLACKBURN,R,-37.16947371410719,True,-31.31313131313131,-1,-5.85634240097588,early,2.3432635107113775,-1,8.199605911687257,BLACKBURN M,True,,
2008,TX,3,108693,170742,SAM JOHNSON,R,-22.20516399162596,True,-15.151515151515152,-1,-7.053648840110807,early,2.3432635107113775,-1,9.396912350822184,JOHNSON S,True,,
2008,TX,4,88067,206906,RALPH M HALL,R,-40.28809416455066,True,-39.39393939393939,-1,-0.8941547706112658,early,2.3432635107113775,-1,3.2374182813226433,HALL R,True,,
2008,TX,6,99919,174008,JOE BARTON,R,-27.04698697098132,True,-20.0,-1,-7.046986970981319,early,2.3432635107113775,-1,9.390250481692696,BARTON J,True,,
2008,TX,7,123242,162635,JOHN ABNEY,R,-13.779702459449343,True,-17.171717171717173,0,3.39201471226783,early,2.3432635107113775,-1,-1.0487512015564526,ABNEY J,False,,
2008,TX,8,70758,207128,KEVIN BRADY,R,-49.07408073814442,True,-48.0,-1,-1.074080738144417,early,2.3432635107113775,-1,3.4173442488557946,BRADY K,True,,
2008,TX,10,143719,179493,MICHAEL T MCCAUL,R,-11.068277167926933,True,-11.11111111111111,-1,0.04283394318417777,early,2.3432635107113775,-1,2.3004295675271997,MCCAUL M,True,,
2008,TX,12,82250,181662,KAY GRANGER,R,-37.66861681166449,True,-27.272727272727273,-1,-10.395889538937219,early,2.3432635107113775,-1,12.739153049648596,GRANGER K,True,,
2008,TX,13,51841,180078,MAC THORNBERRY,R,-55.29387415433837,True,-54.0,-1,-1.2938741543383685,early,2.3432635107113775,-1,3.637137665049746,THORNBERRY M,True,,
2008,TX,15,107578,52303,RUBEN HINOJOSA,D,34.57258836259468,True,20.0,0,14.57258836259468,early,2.3432635107113775,1,12.229324851883302,HINOJOSA R,False,,
2008,TX,17,134592,115581,CHET EDWARDS,D,7.599141394155245,True,-35.35353535353536,1,42.9526767476906,early,2.3432635107113775,1,40.60941323697922,EDWARDS C,True,,
2008,TX,18,148617,39095,SHEILA JACKSON-LEE,D,58.345763723150355,True,55.55555555555556,1,2.7902081675947983,early,2.3432635107113775,1,0.4469446568834208,LEE S,True,,
2008,TX,19,58030,168501,RANDY NEUGEBAUER,R,-48.76639400346972,True,-45.45454545454545,-1,-3.3118485489242673,early,2.3432635107113775,-1,5.655112059635645,NEUGEBAUER R,True,,
2008,TX,20,127298,44585,CHARLES A GONZALEZ,D,48.121687426912494,True,27.272727272727273,1,20.84896015418522,early,2.3432635107113775,1,18.505696643473843,GONZALEZ C,True,,
2008,TX,22,140160,161996,PETE OLSON,R,-7.226730563020427,True,-17.171717171717173,1,9.944986608696746,early,2.3432635107113775,-1,-7.601723097985369,OLSON P,False,,
2008,TX,23,134090,100799,CIRO D RODRIGUEZ,D,14.173077496179046,True,3.0303030303030303,1,11.142774465876016,early,2.3432635107113775,1,8.799510955164639,RODRIGUEZ C,True,,
2008,TX,24,111089,151434,KENNY MARCHANT,R,-15.368177264468256,True,-11.11111111111111,-1,-4.257066153357146,early,2.3432635107113775,-1,6.600329664068523,MARCHANT K,True,,
2008,TX,25,191755,88693,LLOYD DOGGETT,D,36.749058649018714,True,19.19191919191919,0,17.557139457099524,early,2.3432635107113775,1,15.213875946388146,DOGGETT L,False,,
2008,TX,26,118167,195181,MICHAEL C BURGESS,R,-24.577785720668395,True,-17.171717171717173,-1,-7.406068548951222,early,2.3432635107113775,-1,9.7493320596626,BURGESS M,True,,
2008,TX,27,104864,69458,SOLOMON P ORTIZ,D,20.31068941384335,True,7.070707070707071,1,13.239982343136278,early,2.3432635107113775,1,10.8967188324249,ORTIZ S,True,,
2008,TX,28,123494,52524,HENRY CUELLAR,D,40.31974002658819,True,12.0,0,28.319740026588192,early,2.3432635107113775,1,25.976476515876815,CUELLAR H,False,,
2008,TX,29,79718,25512,GENE GREEN,D,51.511926256770884,True,24.0,1,27.511926256770884,early,2.3432635107113775,1,25.168662746059507,GREEN G,True,,
2008,TX,30,168249,32361,EDDIE BERNICE JOHNSON,D,67.73740092717213,True,64.0,1,3.737400927172132,early,2.3432635107113775,1,1.3941374164607545,JOHNSON E,True,,
2008,TX,31,106559,175563,JOHN R CARTER,R,-24.458922026640955,True,-16.0,-1,-8.458922026640955,early,2.3432635107113775,-1,10.802185537352333,CARTER J,True,,
2008,TX,32,82406,116283,PETE SESSIONS,R,-17.05026448369059,True,-7.070707070707071,-1,-9.97955741298352,early,2.3432635107113775,-1,12.322820923694897,SESSIONS P,True,,
2008,UT,1,92469,196799,ROB BISHOP,R,-36.06689989905555,True,-31.95876288659794,-1,-4.108137012457611,early,2.3432635107113775,-1,6.451400523168989,BISHOP R,True,,
2008,UT,2,220666,120083,JIM MATHESON,D,29.518208417339448,True,-18.75,1,48.26820841733945,early,2.3432635107113775,1,45.92494490662807,MATHESON J,True,,
2008,UT,3,80626,187035,JASON CHAFFETZ,R,-39.75513802907409,True,-39.583333333333336,0,-0.17180469574075374,early,2.3432635107113775,-1,2.5150682064521312,CHAFFETZ J,False,,
2008,VA,1,150432,203839,ROBERT J WITTMAN,R,-15.07518255798527,True,-3.0303030303030303,0,-12.044879527682241,early,2.3432635107113775,-1,14.388143038393618,WITTMAN R,False,,
2008,VA,2,141857,128486,GLENN C NYE III,D,4.945939047802236,True,2.0,-1,2.945939047802236,early,2.3432635107113775,1,0.6026755370908585,NYE G,False,,
2008,VA,4,135041,199075,J RANDY FORBES,R,-19.165200110141388,True,1.0101010101010102,-1,-20.1753011202424,early,2.3432635107113775,-1,22.518564630953776,FORBES J,True,,
2008,VA,5,158810,158083,TOM S P PERRIELLO,D,0.22941497603291963,True,-3.0303030303030303,-1,3.25971800633595,early,2.3432635107113775,1,0.9164544956245724,PERRIELLO T,False,,
2008,VA,6,114367,192350,BOB GOODLATTE,R,-25.425066103280873,True,-15.151515151515152,-1,-10.27355095176572,early,2.3432635107113775,-1,12.616814462477098,GOODLATTE B,True,,
2008,VA,7,138123,233531,ERIC CANTOR,R,-25.671188793878176,True,-7.070707070707071,-1,-18.600481723171107,early,2.3432635107113775,-1,20.943745233882485,CANTOR E,True,,
2008,VA,8,222986,97425,JAMES P MORAN,D,39.18748107898917,True,39.39393939393939,1,-0.20645831495021838,early,2.3432635107113775,1,-2.549721825661596,MORAN J,True,,
2008,VA,10,147357,223140,FRANK R WOLF,R,-20.45441663495251,True,7.070707070707071,-1,-27.52512370565958,early,2.3432635107113775,-1,29.86838721637096,WOLF F,True,,
2008,VA,11,196598,154758,"GERALD E \""GERRY\"" CONNOLLY",D,11.908150138321247,True,15.151515151515152,0,-3.2433650131939054,early,2.3432635107113775,1,-5.586628523905283,CONNOLLY G,False,,
2008,WA,1,233780,111240,JAY INSLEE,D,35.516781635847195,True,26.53061224489796,1,8.986169390949236,early,2.3432635107113775,1,6.642905880237858,INSLEE J,True,,
2008,WA,2,217416,131051,RICK LARSEN,D,24.784269385623315,True,14.285714285714286,1,10.498555099909028,early,2.3432635107113775,1,8.15529158919765,LARSEN R,True,,
2008,WA,3,216701,121828,BRIAN BAIRD,D,28.02507318427668,True,6.122448979591836,1,21.90262420468484,early,2.3432635107113775,1,19.559360693973463,BAIRD B,True,,
2008,WA,4,99430,169940,DOC HASTINGS,R,-26.17589189590526,True,-18.367346938775512,-1,-7.808544957129747,early,2.3432635107113775,-1,10.151808467841125,HASTINGS D,True,,
2008,WA,5,112382,211305,CATHY MCMORRIS,R,-30.56131386184802,True,-6.122448979591836,-1,-24.438864882256183,early,2.3432635107113775,-1,26.78212839296756,MCMORRIS C,True,,
2008,WA,6,205991,102081,NORMAN D DICKS,D,33.72912825573243,True,16.3265306122449,1,17.40259764348753,early,2.3432635107113775,1,15.05933413277615,DICKS N,True,,
2008,WA,7,291963,57054,JIM MCDERMOTT,D,67.30589054401362,True,69.6969696969697,1,-2.391079152956081,early,2.3432635107113775,1,-4.734342663667459,MCDERMOTT J,True,,
2008,WA,8,171358,191568,DAVID G REICHERT,R,-5.568628315414162,True,15.151515151515152,-1,-20.720143466929315,early,2.3432635107113775,-1,23.063406977640692,REICHERT D,True,,
2008,WA,9,176295,93080,ADAM SMITH,D,30.891879350348027,True,19.19191919191919,1,11.699960158428837,early,2.3432635107113775,1,9.35669664771746,SMITH A,True,,
2008,WI,1,125268,231009,PAUL RYAN,R,-29.67943482178193,True,3.0303030303030303,-1,-32.709737852084956,early,2.3432635107113775,-1,35.05300136279634,RYAN P,True,,
2008,WI,2,277914,122513,TAMMY BALDWIN,D,38.80882158296019,True,39.39393939393939,1,-0.5851178109791988,early,2.3432635107113775,1,-2.9283813216905763,BALDWIN T,True,,
2008,WI,3,225208,122760,RON KIND,D,29.441787750597758,True,17.171717171717173,1,12.270070578880585,early,2.3432635107113775,1,9.926807068169207,KIND R,True,,
2008,WI,6,126090,221875,THOMAS E PETRI,R,-27.527193826965355,True,1.0101010101010102,-1,-28.537294837066366,early,2.3432635107113775,-1,30.880558347777743,PETRI T,True,,
2008,WI,7,212666,136938,DAVID R OBEY,D,21.661079392684293,True,13.131313131313131,1,8.529766261371162,early,2.3432635107113775,1,6.186502750659784,OBEY D,True,,
2008,WI,8,193662,164621,STEVE KAGEN,D,8.105603670841207,True,9.090909090909092,1,-0.9853054200678848,early,2.3432635107113775,1,-3.3285689307792623,KAGEN S,True,,
2008,WV,2,110819,147334,SHELLEY MOORE CAPITO,R,-14.144712631656422,True,-11.11111111111111,-1,-3.033601520545311,early,2.3432635107113775,-1,5.376865031256688,CAPITO S,True,,
2008,WV,3,133522,66005,NICK J RAHALL II,D,33.83852811900144,True,-14.285714285714286,1,48.12424240471572,early,2.3432635107113775,1,45.78097889400435,RAHALL N,True,,
2008,WY,0,106758,131244,CYNTHIA M LUMMIS,R,-10.288148839085386,True,-32.6530612244898,0,22.36491238540441,early,2.3432635107113775,-1,-20.02164887469303,LUMMIS C,False,,
2010,AK,0,77606,175384,DON YOUNG,R,-38.648958456856,True,-21.649484536082475,-1,-16.999473920773525,early,-13.820887396238941,-1,3.178586524534584,YOUNG D,True,-21.649484536082475,-3.4992365333085846
2010,AL,2,106865,111645,MARTHA ROBY,R,-2.18754290421491,True,-27.272727272727273,1,25.085184368512362,early,-13.820887396238941,-1,-38.9060717647513,ROBY M,False,-27.272727272727273,38.5854217559773
2010,AL,3,80204,117736,MIKE ROGERS,R,-18.961301404466,True,-13.131313131313131,-1,-5.829988273152868,early,-13.820887396238941,-1,-7.9908991230860735,ROGERS M,True,-13.131313131313131,7.670249114312073
2010,AL,5,95192,131109,MO BROOKS,R,-15.87133949916262,True,-23.232323232323232,0,7.360983733160612,early,-13.820887396238941,-1,-21.181871129399553,BROOKS M,False,-23.232323232323232,20.86122112062555
2010,AL,7,136696,51890,TERRI A SEWELL,D,44.9694038793972,True,45.45454545454545,0,-0.48514157514825484,early,-13.820887396238941,1,13.335745821090686,SEWELL T,False,45.45454545454545,13.015095812316686
2010,AR,1,78267,93224,RICK CRAWFORD,R,-8.721740499501431,True,-21.649484536082475,0,12.927744036581045,early,-13.820887396238941,-1,-26.748631432819984,CRAWFORD R,False,-21.649484536082475,26.427981424045985
2010,AR,2,80687,122091,TIM GRIFFIN,R,-20.418388582587855,True,-10.204081632653061,0,-10.214306949934794,early,-13.820887396238941,-1,-3.6065804463041466,GRIFFIN T,False,-10.204081632653061,3.285930437530146
2010,AR,3,56542,148581,STEVE WOMACK,R,-44.87015108008366,True,-30.612244897959183,0,-14.257906182124476,early,-13.820887396238941,-1,0.43701878588553456,WOMACK S,False,-30.612244897959183,-0.7576687946595353
2010,AR,4,102479,71526,MIKE ROSS,D,17.788569293985805,True,-19.587628865979383,1,37.376198159965185,early,-13.820887396238941,1,51.19708555620413,ROSS M,True,-19.587628865979383,50.87643554743013
2010,AZ,1,99233,112816,PAUL GOSAR,R,-6.405594933246561,True,-10.204081632653061,1,3.7984866994065003,early,-13.820887396238941,-1,-17.61937409564544,GOSAR P,False,-10.204081632653061,17.29872408687144
2010,AZ,2,82891,173173,TRENT FRANKS,R,-35.25759185203699,True,-23.232323232323232,-1,-12.025268619713756,early,-13.820887396238941,-1,-1.7956187765251848,FRANKS T,True,-23.232323232323232,1.474968767751184
2010,AZ,3,85610,108689,BEN QUAYLE,R,-11.878084807435963,True,-15.151515151515152,0,3.2734303440791894,early,-13.820887396238941,-1,-17.094317740318132,QUAYLE B,False,-15.151515151515152,16.77366773154413
2010,AZ,4,61524,25300,ED PASTOR,D,41.72118308301852,True,33.333333333333336,1,8.387849749685188,early,-13.820887396238941,1,22.20873714592413,PASTOR E,True,33.333333333333336,21.88808713715013
2010,AZ,5,91749,110374,DAVID SCHWEIKERT,R,-9.214686106974465,True,-5.05050505050505,1,-4.164181056469415,early,-13.820887396238941,-1,-9.656706339769526,SCHWEIKERT D,False,-5.05050505050505,9.336056330995525
2010,AZ,6,72615,165649,JEFF FLAKE,R,-39.04660376724977,True,-23.232323232323232,-1,-15.814280534926539,early,-13.820887396238941,-1,1.9933931386875976,FLAKE J,True,-23.232323232323232,-2.3140431474615983
2010,AZ,7,79935,70385,RAUL M GRIJALVA,D,6.353113358169239,True,15.151515151515152,1,-8.798401793345914,early,-13.820887396238941,1,5.022485602893028,GRIJALVA R,True,15.151515151515152,4.701835594119027
2010,AZ,8,138280,134124,GABRIELLE GIFFORDS,D,1.5256751002187927,True,-6.122448979591836,1,7.648124079810629,early,-13.820887396238941,1,21.46901147604957,GIFFORDS G,True,-6.122448979591836,21.14836146727557
2010,CA,1,147307,72803,MIKE THOMPSON,D,33.848530280314385,True,34.69387755102041,1,-0.8453472707060214,early,-13.820887396238941,1,12.97554012553292,THOMPSON M,True,34.69387755102041,12.654890116758919
2010,CA,2,98092,130837,WALLY HERGER,R,-14.30356136618777,True,-12.244897959183673,-1,-2.0586634070040972,early,-13.820887396238941,-1,-11.762223989234844,HERGER W,True,-12.244897959183673,11.441573980460843
2010,CA,3,113128,131169,DANIEL E LUNGREN,R,-7.384863506305849,True,0.0,-1,-7.384863506305849,early,-13.820887396238941,-1,-6.436023889933092,LUNGREN D,True,0.0,6.115373881159091
2010,CA,4,95653,186397,TOM MCCLINTOCK,R,-32.17301896826804,True,-10.204081632653061,-1,-21.968937335614978,early,-13.820887396238941,-1,8.148049939376037,MCCLINTOCK T,True,-10.204081632653061,-8.468699948150038
2010,CA,5,124220,43577,DORIS O MATSUI,D,48.059858042754044,True,42.857142857142854,1,5.20271518561119,early,-13.820887396238941,1,19.02360258185013,MATSUI D,True,42.857142857142854,18.702952573076132
2010,CA,6,172216,77361,LYNN C WOOLSEY,D,38.00630667088714,True,55.10204081632653,1,-17.095734145439387,early,-13.820887396238941,1,-3.274846749200446,WOOLSEY L,True,55.10204081632653,-3.5954967579744466
2010,CA,7,122435,56764,GEORGE MILLER,D,36.646967896026204,True,45.45454545454545,1,-8.807577558519249,early,-13.820887396238941,1,5.013309837719692,MILLER G,True,45.45454545454545,4.692659828945692
2010,CA,8,167957,31711,NANCY PELOSI,D,68.23627221187171,True,75.25773195876289,1,-7.021459746891182,early,-13.820887396238941,1,6.799427649347759,PELOSI N,True,75.25773195876289,6.4787776405737585
2010,CA,10,137578,88512,JOHN GARAMENDI,D,21.701977088769958,True,32.6530612244898,0,-10.951084135719839,early,-13.820887396238941,1,2.8698032605191024,GARAMENDI J,False,32.6530612244898,2.5491532517451017
2010,CA,11,115361,112703,JERRY MCNERNEY,D,1.1654623263645292,True,10.204081632653061,1,-9.038619306288531,early,-13.820887396238941,1,4.78226808995041,MCNERNEY J,True,10.204081632653061,4.461618081176409
2010,CA,12,152044,44475,JACKIE SPEIER,D,54.737200983111045,True,51.02040816326531,1,3.716792819845736,early,-13.820887396238941,1,17.537680216084677,SPEIER J,True,51.02040816326531,17.21703020731068
2010,CA,13,118278,45575,FORTNEY PETE STARK,D,44.370869010637584,True,51.02040816326531,1,-6.6495391526277245,early,-13.820887396238941,1,7.171348243611217,STARK F,True,51.02040816326531,6.850698234837216
2010,CA,14,151217,60917,ANNA G ESHOO,D,42.56743379184855,True,48.97959183673469,1,-6.412158044886141,early,-13.820887396238941,1,7.4087293513528,ESHOO A,True,48.97959183673469,7.0880793425788
2010,CA,15,126147,60468,MICHAEL M HONDA,D,35.19492002250623,True,38.775510204081634,1,-3.5805901815754027,early,-13.820887396238941,1,10.240297214663538,HONDA M,True,38.775510204081634,9.919647205889538
2010,CA,16,105841,37913,ZOE LOFGREN,D,47.25294600498073,True,41.41414141414141,1,5.838804590839317,early,-13.820887396238941,1,19.659691987078258,LOFGREN Z,True,41.41414141414141,19.33904197830426
2010,CA,17,118734,53176,SAM FARR,D,38.13507067651678,True,46.93877551020408,1,-8.803704833687299,early,-13.820887396238941,1,5.017182562551643,FARR S,True,46.93877551020408,4.696532553777642
2010,CA,18,72853,51716,DENNIS A CARDOZA,D,16.968106029590025,True,20.408163265306122,1,-3.440057235716097,early,-13.820887396238941,1,10.380830160522844,CARDOZA D,True,20.408163265306122,10.060180151748844
2010,CA,19,69912,128394,JEFF DENHAM,R,-29.49078696559862,True,-6.122448979591836,0,-23.368337986006782,early,-13.820887396238941,-1,9.547450589767841,DENHAM J,False,-6.122448979591836,-9.868100598541842
2010,CA,20,46247,43197,JIM COSTA,D,3.4099548320736996,True,21.21212121212121,1,-17.80216638004751,early,-13.820887396238941,1,-3.9812789838085685,COSTA J,True,21.21212121212121,-4.301928992582569
2010,CA,23,111768,72744,LOIS CAPPS,D,21.149843912591052,True,34.69387755102041,1,-13.544033638429354,early,-13.820887396238941,1,0.27685375780958665,CAPPS L,True,34.69387755102041,-0.043796250964414085
2010,CA,24,96279,144055,ELTON GALLEGLY,R,-19.879001722602712,True,3.0303030303030303,-1,-22.909304752905744,early,-13.820887396238941,-1,9.088417356666803,GALLEGLY E,True,3.0303030303030303,-9.409067365440803
2010,CA,25,73028,118308,"HOWARD P \""BUCK\"" MCKEON",R,-23.665175398252288,True,1.0309278350515463,-1,-24.696103233303834,early,-13.820887396238941,-1,10.875215837064893,MCKEON H,True,1.0309278350515463,-11.195865845838894
2010,CA,26,76093,112774,DAVID DREIER,R,-19.42160356229516,True,4.081632653061225,-1,-23.503236215356385,early,-13.820887396238941,-1,9.682348819117443,DREIER D,True,4.081632653061225,-10.002998827891444
2010,CA,27,102927,55056,BRAD SHERMAN,D,30.301361538899755,True,34.69387755102041,1,-4.392516012120652,early,-13.820887396238941,1,9.42837138411829,SHERMAN B,True,34.69387755102041,9.107721375344289
2010,CA,28,88385,28493,HOWARD L BERMAN,D,51.24317664573316,True,55.10204081632653,1,-3.858864170593371,early,-13.820887396238941,1,9.96202322564557,BERMAN H,True,55.10204081632653,9.64137321687157
2010,CA,29,104374,51534,ADAM B SCHIFF,D,33.891782333170845,True,38.775510204081634,1,-4.883727870910789,early,-13.820887396238941,1,8.937159525328152,SCHIFF A,True,38.775510204081634,8.616509516554151
2010,CA,30,153663,75948,HENRY A WAXMAN,D,33.84637495590368,True,42.857142857142854,1,-9.010767901239177,early,-13.820887396238941,1,4.810119494999764,WAXMAN H,True,42.857142857142854,4.489469486225763
2010,CA,31,76363,14740,XAVIER BECERRA,D,67.64102170071239,True,63.265306122448976,1,4.37571557826341,early,-13.820887396238941,1,18.19660297450235,BECERRA X,True,63.265306122448976,17.875952965728352
2010,CA,32,77759,31697,JUDY CHU,D,42.08266335331092,True,38.775510204081634,0,3.3071531492292863,early,-13.820887396238941,1,17.128040545468227,CHU J,False,38.775510204081634,16.80739053669423
2010,CA,34,69382,20457,LUCILLE ROYBAL-ALLARD,D,54.4585313727891,True,53.06122448979592,1,1.3973068829931847,early,-13.820887396238941,1,15.218194279232126,ALLARD L,True,53.06122448979592,14.897544270458125
2010,CA,35,98131,25561,MAXINE WATERS,D,58.66992206448275,True,71.42857142857143,1,-12.758649364088683,early,-13.820887396238941,1,1.0622380321502582,WATERS M,True,71.42857142857143,0.7415880233762575
2010,CA,36,114489,66706,JANE HARMAN,D,26.371036728386546,True,30.612244897959183,1,-4.241208169572637,early,-13.820887396238941,1,9.579679226666304,HARMAN J,True,30.612244897959183,9.259029217892303
2010,CA,37,85799,29159,LAURA RICHARDSON,D,49.27016823535552,True,61.61616161616162,1,-12.3459933808061,early,-13.820887396238941,1,1.4748940154328416,RICHARDSON L,True,61.61616161616162,1.1542440066588409
2010,CA,38,85459,30883,GRACE F NAPOLITANO,D,46.9099723229788,True,44.89795918367347,1,2.0120131393053313,early,-13.820887396238941,1,15.832900535544272,NAPOLITANO G,True,44.89795918367347,15.512250526770272
2010,CA,39,81590,42037,LINDA T SANCHEZ,D,31.99382012020028,True,34.02061855670103,1,-2.0267984365007514,early,-13.820887396238941,1,11.79408895973819,SANCHEZ L,True,34.02061855670103,11.473438950964189
2010,CA,40,59400,119455,EDWARD R ROYCE,R,-33.57747896340611,True,-4.081632653061225,-1,-29.495846310344884,early,-13.820887396238941,-1,15.674958914105943,ROYCE E,True,-4.081632653061225,-15.995608922879944
2010,CA,41,74394,127857,JERRY LEWIS,R,-26.43398549327321,True,-10.204081632653061,-1,-16.229903860620148,early,-13.820887396238941,-1,2.4090164643812066,LEWIS J,True,-10.204081632653061,-2.7296664731552074
2010,CA,42,65122,127161,GARY G MILLER,R,-32.26442275188134,True,-8.16326530612245,1,-24.101157445758894,early,-13.820887396238941,-1,10.280270049519952,MILLER G,False,-8.16326530612245,-10.600920058293953
2010,CA,43,70026,36890,JOE BACA,D,30.99255490291444,True,38.775510204081634,1,-7.7829553011671955,early,-13.820887396238941,1,6.037932095071746,BACA J,True,38.775510204081634,5.717282086297745
2010,CA,44,85784,107482,KEN CALVERT,R,-11.227013546097089,True,1.0101010101010102,-1,-12.2371145561981,early,-13.820887396238941,-1,-1.583772840040842,CALVERT K,True,1.0101010101010102,1.2631228312668412
2010,CA,45,87141,106472,MARY BONO MACK,R,-9.98435022441675,True,5.05050505050505,-1,-15.0348552749218,early,-13.820887396238941,-1,1.2139678786828583,MACK M,True,5.05050505050505,-1.534617887456859
2010,CA,46,84940,139822,DANA ROHRABACHER,R,-24.41782863651329,True,-2.0408163265306123,-1,-22.377012309982675,early,-13.820887396238941,-1,8.556124913743734,ROHRABACHER D,True,-2.0408163265306123,-8.876774922517734
2010,CA,47,50832,37679,LORETTA SANCHEZ,D,14.86029984973619,True,22.448979591836736,1,-7.588679742100545,early,-13.820887396238941,1,6.232207654138396,SANCHEZ L,True,22.448979591836736,5.911557645364395
2010,CA,48,88465,145481,JOHN CAMPBELL,R,-24.371436143383516,True,0.0,-1,-24.371436143383516,early,-13.820887396238941,-1,10.550548747144575,CAMPBELL J,True,0.0,-10.871198755918575
2010,CA,49,59714,119088,DARRELL E ISSA,R,-33.206563684969964,True,-8.16326530612245,-1,-25.043298378847517,early,-13.820887396238941,-1,11.222410982608576,ISSA D,True,-8.16326530612245,-11.543060991382577
2010,CA,50,97818,142247,BRIAN P BILBRAY,R,-18.507071001603734,True,4.081632653061225,-1,-22.588703654664958,early,-13.820887396238941,-1,8.767816258426016,BILBRAY B,True,4.081632653061225,-9.088466267200017
2010,CA,51,86423,57488,BOB FILNER,D,20.106176734231575,True,28.571428571428573,1,-8.465251837196998,early,-13.820887396238941,1,5.355635559041943,FILNER B,True,28.571428571428573,5.034985550267942
2010,CA,52,70870,139460,DUNCAN HUNTER,R,-32.61065943992773,True,-8.16326530612245,-1,-24.447394133805282,early,-13.820887396238941,-1,10.626506737566341,HUNTER D,True,-8.16326530612245,-10.947156746340342
2010,CA,53,104800,57230,SUSAN A DAVIS,D,29.358760723322842,True,38.775510204081634,1,-9.416749480758792,early,-13.820887396238941,1,4.404137915480149,DAVIS S,True,38.775510204081634,4.083487906706148
2010,CO,1,140073,59747,DIANA DEGETTE,D,40.1991792613352,True,51.02040816326531,1,-10.821228901930105,early,-13.820887396238941,1,2.999658494308836,DEGETTE D,True,51.02040816326531,2.679008485534835
2010,CO,2,148720,98171,JARED POLIS,D,20.474217367178227,True,30.612244897959183,1,-10.138027530780956,early,-13.820887396238941,1,3.682859865457985,POLIS J,True,30.612244897959183,3.362209856683984
2010,CO,3,118048,129257,SCOTT R TIPTIN,R,-4.5324599179151255,True,-3.0927835051546393,1,-1.4396764127604862,early,-13.820887396238941,-1,-12.381210983478455,TIPTIN S,False,-3.0927835051546393,12.060560974704455
2010,CO,4,109249,138634,CORY GARDNER,R,-11.854382914520157,True,-1.0101010101010102,1,-10.844281904419146,early,-13.820887396238941,-1,-2.976605491819795,GARDNER C,False,-1.0101010101010102,2.655955483045794
2010,CO,5,68039,152829,DOUG LAMBORN,R,-38.389445279533476,True,-19.19191919191919,-1,-19.197526087614285,early,-13.820887396238941,-1,5.376638691375344,LAMBORN D,True,-19.19191919191919,-5.697288700149345
2010,CO,6,104104,217368,MIKE COFFMAN,R,-35.232928528767665,True,-7.070707070707071,-1,-28.162221458060593,early,-13.820887396238941,-1,14.341334061821652,COFFMAN M,True,-7.070707070707071,-14.661984070595652
2010,CO,7,112667,88026,ED PERLMUTTER,D,12.277956879412834,True,19.19191919191919,1,-6.9139623125063565,early,-13.820887396238941,1,6.906925083732585,PERLMUTTER E,True,19.19191919191919,6.586275074958584
2010,CT,1,138440,84076,JOHN B LARSON,D,24.431501554944365,True,33.333333333333336,1,-8.90183177838897,early,-13.820887396238941,1,4.9190556178499705,LARSON J,True,33.333333333333336,4.59840560907597
2010,CT,2,147748,95671,JOE CORTNEY,D,21.393974997843227,True,19.19191919191919,1,2.2020558059240365,early,-13.820887396238941,1,16.022943202162978,CORTNEY J,True,19.19191919191919,15.702293193388977
2010,CT,3,143565,74107,ROSA L DELAURO,D,31.909478481384834,True,27.272727272727273,1,4.636751208657561,early,-13.820887396238941,1,18.457638604896502,DELAURO R,True,27.272727272727273,18.1369885961225
2010,CT,4,115351,102030,JAMES A HIMES,D,6.127950464852034,True,20.0,1,-13.872049535147966,early,-13.820887396238941,1,-0.051162138909024435,HIMES J,True,20.0,-0.3718121476830252
2010,CT,5,122879,104402,CHRISTOPHER S MURPHY,D,8.129584083139374,True,14.285714285714286,1,-6.1561302025749125,early,-13.820887396238941,1,7.664757193664029,MURPHY C,True,14.285714285714286,7.344107184890028
2010,DE,0,173543,125442,JOHN C CARNEY,D,16.088098065120324,True,25.252525252525253,0,-9.164427187404929,early,-13.820887396238941,1,4.656460208834012,CARNEY J,False,25.252525252525253,4.335810200060012
2010,FL,2,105211,136371,STEVE SOUTHERLAND,R,-12.89831196032817,True,-9.090909090909092,1,-3.8074028694190787,early,-13.820887396238941,-1,-10.013484526819862,SOUTHERLAND S,False,-9.090909090909092,9.692834518045862
2010,FL,3,94744,50932,CORRINE BROWN,D,30.07496087207227,True,47.474747474747474,1,-17.399786602675203,early,-13.820887396238941,1,-3.5788992064362617,BROWN C,True,47.474747474747474,-3.8995492152102624
2010,FL,5,100858,208815,"RICHARD B \""RICH\"" NUGENT",R,-34.861612087589165,True,-13.131313131313131,0,-21.730298956276034,early,-13.820887396238941,-1,7.909411560037093,NUGENT R,False,-13.131313131313131,-8.230061568811093
2010,FL,7,83206,185470,JOHN L MICA,R,-38.062201313105746,True,-7.070707070707071,-1,-30.991494242398673,early,-13.820887396238941,-1,17.170606846159732,MICA J,True,-7.070707070707071,-17.49125685493373
2010,FL,8,84167,123586,DANIEL WEBSTER,R,-18.973973901700578,True,6.0,1,-24.973973901700578,early,-13.820887396238941,-1,11.153086505461637,WEBSTER D,False,6.0,-11.473736514235638
2010,FL,9,66158,165433,GUS M BILIRAKIS,R,-42.86651899253425,True,-5.05050505050505,-1,-37.8160139420292,early,-13.820887396238941,-1,23.99512654579026,BILIRAKIS G,True,-5.05050505050505,-24.31577655456426
2010,FL,10,71313,137943,C W BILL YOUNG,R,-31.841380892304162,True,4.081632653061225,-1,-35.923013545365386,early,-13.820887396238941,-1,22.102126149126445,YOUNG C,True,4.081632653061225,-22.422776157900444
2010,FL,11,91328,61817,KATHY CASTOR,D,19.26997290149858,True,33.333333333333336,1,-14.063360431834756,early,-13.820887396238941,1,-0.24247303559581468,CASTOR K,True,33.333333333333336,-0.5631230443698154
2010,FL,12,87769,102704,DENNIS A ROSS,R,-7.841006336856142,True,-1.0101010101010102,0,-6.830905326755132,early,-13.820887396238941,-1,-6.989982069483809,ROSS D,False,-1.0101010101010102,6.6693320607098086
2010,FL,13,83123,183811,VERN BUCHANAN,R,-37.72018551402219,True,-5.05050505050505,-1,-32.66968046351714,early,-13.820887396238941,-1,18.848793067278198,BUCHANAN V,True,-5.05050505050505,-19.169443076052197
2010,FL,14,74525,188341,CONNIE MACK,R,-43.298106259463,True,-15.151515151515152,-1,-28.146591107947845,early,-13.820887396238941,-1,14.325703711708904,MACK C,True,-15.151515151515152,-14.646353720482905
2010,FL,15,85595,157079,BILL POSEY,R,-29.456802129605972,True,-3.0303030303030303,-1,-26.42649909930294,early,-13.820887396238941,-1,12.605611703064,POSEY B,True,-3.0303030303030303,-12.926261711838
2010,FL,16,80327,162285,THOMAS J ROONEY,R,-33.78151121956045,True,-5.05050505050505,-1,-28.731006169055398,early,-13.820887396238941,-1,14.910118772816457,ROONEY T,True,-5.05050505050505,-15.230768781590458
2010,FL,18,46235,102360,ILEANA ROS-LEHTINEN,R,-37.7704498805478,True,2.0,-1,-39.7704498805478,early,-13.820887396238941,-1,25.94956248430886,LEHTINEN I,True,2.0,-26.27021249308286
2010,FL,19,132098,78733,THEODORE E DEUTCH,D,25.3117425805503,True,31.31313131313131,0,-6.001388732581013,early,-13.820887396238941,1,7.819498663657928,DEUTCH T,False,31.31313131313131,7.498848654883927
2010,FL,20,100787,63845,DEBBIE WASSERMAN SCHULTZ,D,22.439136984304387,True,27.272727272727273,1,-4.8335902884228865,early,-13.820887396238941,1,8.987297107816055,SCHULTZ D,True,27.272727272727273,8.666647099042054
2010,FL,22,99804,118890,ALLEN WEST,R,-8.727262750692748,True,4.0,1,-12.727262750692748,early,-13.820887396238941,-1,-1.0936246455461927,WEST A,False,4.0,0.7729746367721919
2010,FL,23,100066,26804,ALCEE L HASTINGS,D,57.74572396941751,True,66.0,1,-8.254276030582488,early,-13.820887396238941,1,5.566611365656453,HASTINGS A,True,66.0,5.245961356882452
2010,FL,24,98787,146129,"SANDRA \""SANDY\"" ADAMS",R,-19.329892697904587,True,-2.0,1,-17.329892697904587,early,-13.820887396238941,-1,3.5090053016656455,ADAMS S,False,-2.0,-3.8296553104396462
2010,FL,25,61138,74859,DAVID RIVERA,R,-10.08919314396641,True,-1.0101010101010102,0,-9.0790921338654,early,-13.820887396238941,-1,-4.741795262373541,RIVERA D,False,-1.0101010101010102,4.421145253599541
2010,GA,1,46449,117270,JACK KINGSTON,R,-43.25765488428344,True,-27.272727272727273,-1,-15.984927611556166,early,-13.820887396238941,-1,2.1640402153172253,KINGSTON J,True,-27.272727272727273,-2.484690224091226
2010,GA,2,86520,81673,SANFORD D BISHOP JR,D,2.881808398684844,True,8.0,1,-5.118191601315155,early,-13.820887396238941,1,8.702695794923786,BISHOP S,True,8.0,8.382045786149785
2010,GA,3,73932,168304,LYNN A WESTMORELAND,R,-38.95870143166169,True,-29.292929292929294,-1,-9.665772138732393,early,-13.820887396238941,-1,-4.155115257506548,WESTMORELAND L,True,-29.292929292929294,3.8344652487325472
2010,GA,4,131760,44707,"HENRY C \""HANK\"" JOHNSON JR",D,49.331036397740085,True,58.0,1,-8.668963602259915,early,-13.820887396238941,1,5.1519237939790266,JOHNSON H,True,58.0,4.831273785205026
2010,GA,5,130782,46622,JOHN LEWIS,D,47.43974205767626,True,59.5959595959596,1,-12.156217538283336,early,-13.820887396238941,1,1.6646698579556052,LEWIS J,True,59.5959595959596,1.3440198491816044
2010,GA,7,78996,160898,ROB WOODALL,R,-34.140912236237675,True,-21.21212121212121,0,-12.928791024116464,early,-13.820887396238941,-1,-0.8920963721224773,WOODALL R,False,-21.21212121212121,0.5714463633484765
2010,GA,8,92250,102770,AUSTIN SCOTT,R,-5.394318531432673,True,-13.131313131313131,1,7.736994599880458,early,-13.820887396238941,-1,-21.5578819961194,SCOTT A,False,-13.131313131313131,21.2372319873454
2010,GA,10,66905,138062,PAUL C BROUN,R,-34.716320188127845,True,-23.232323232323232,-1,-11.483996955804614,early,-13.820887396238941,-1,-2.3368904404343276,BROUN P,True,-23.232323232323232,2.016240431660327
2010,GA,12,92459,70938,JOHN BARROW,D,13.170988451440357,True,9.090909090909092,1,4.080079360531265,early,-13.820887396238941,1,17.900966756770206,BARROW J,True,9.090909090909092,17.580316747996207
2010,GA,13,140294,61771,DAVID SCOTT,D,38.86026773562963,True,43.43434343434343,1,-4.574075698713806,early,-13.820887396238941,1,9.246811697525136,SCOTT D,True,43.43434343434343,8.926161688751135
2010,HI,1,94140,82723,COLLEEN HANABUSA,D,6.455278944719924,True,42.857142857142854,0,-36.40186391242293,early,-13.820887396238941,1,-22.58097651618399,HANABUSA C,False,42.857142857142854,-22.90162652495799
2010,HI,2,132290,46404,MAZIE K HIRONO,D,48.06316944049605,True,48.97959183673469,1,-0.9164223962386444,early,-13.820887396238941,1,12.904465000000297,HIRONO M,True,48.97959183673469,12.583814991226296
2010,IA,1,104428,100219,BRUCE L BRALEY,D,2.0567122899431705,True,17.171717171717173,1,-15.115004881774002,early,-13.820887396238941,1,-1.294117485535061,BRALEY B,True,17.171717171717173,-1.6147674943090617
2010,IA,2,115839,104319,DAVID LOEBSACK,D,5.232605674106778,True,22.448979591836736,1,-17.216373917729957,early,-13.820887396238941,1,-3.3954865214910157,LOEBSACK D,True,22.448979591836736,-3.7161365302650164
2010,IA,3,122147,111925,LEONARD L BOSWELL,D,4.367032366109573,True,10.204081632653061,1,-5.837049266543488,early,-13.820887396238941,1,7.983838129695453,BOSWELL L,True,10.204081632653061,7.663188120921452
2010,IA,4,74300,152588,TOM LATHAM,R,-34.50513028454568,True,8.16326530612245,-1,-42.668395590668126,early,-13.820887396238941,-1,28.847508194429185,LATHAM T,True,8.16326530612245,-29.168158203203184
2010,IA,5,63160,128363,STEVE KING,R,-34.04447507610052,True,-10.204081632653061,-1,-23.840393443447457,early,-13.820887396238941,-1,10.019506047208516,KING S,True,-10.204081632653061,-10.340156055982517
2010,ID,1,102135,126231,RAUL R LABRADOR,R,-10.551483145476997,True,-26.53061224489796,1,15.979129099420962,early,-13.820887396238941,-1,-29.800016495659904,LABRADOR R,False,-26.53061224489796,29.4793664868859
2010,ID,2,48749,137468,MICHAEL K SIMPSON,R,-47.64280382564427,True,-25.77319587628866,-1,-21.86960794935561,early,-13.820887396238941,-1,8.04872055311667,SIMPSON M,True,-25.77319587628866,-8.36937056189067
2010,IL,1,148170,29253,BOBBY L RUSH,D,67.02456840432187,True,74.0,1,-6.975431595678131,early,-13.820887396238941,1,6.84545580056081,RUSH B,True,74.0,6.524805791786809
2010,IL,3,116120,40479,DANIEL LIPINSKI,D,48.30235186687016,True,29.292929292929294,1,19.009422573940867,early,-13.820887396238941,1,32.83030997017981,LIPINSKI D,True,29.292929292929294,32.50965996140581
2010,IL,4,63273,11711,LUIS V GUTIERREZ,D,68.76400298730395,True,73.46938775510205,1,-4.705384767798094,early,-13.820887396238941,1,9.115502628440847,GUTIERREZ L,True,73.46938775510205,8.794852619666846
2010,IL,5,108360,38935,MIKE QUIGLEY,D,47.133303913914254,True,47.474747474747474,0,-0.3414435608332198,early,-13.820887396238941,1,13.479443835405721,QUIGLEY M,False,47.474747474747474,13.15879382663172
2010,IL,6,65379,114456,PETER J ROSKAM,R,-27.290015847860538,True,13.131313131313131,-1,-40.421328979173666,early,-13.820887396238941,-1,26.600441582934724,ROSKAM P,True,13.131313131313131,-26.921091591708723
2010,IL,7,149846,29575,DANNY K DAVIS,D,67.0328445388221,True,76.0,1,-8.967155461177896,early,-13.820887396238941,1,4.853731935061045,DAVIS D,True,76.0,4.5330819262870445
2010,IL,8,97825,98115,JOE WALSH,R,-0.14800449117076656,True,13.131313131313131,1,-13.279317622483898,early,-13.820887396238941,-1,-0.5415697737550431,WALSH J,False,13.131313131313131,0.22091976498104238
2010,IL,9,117553,55182,JANICE D SCAKOWSKY,D,36.10791096187802,True,46.93877551020408,1,-10.830864548326062,early,-13.820887396238941,1,2.990022847912879,SCAKOWSKY J,True,46.93877551020408,2.6693728391388785
2010,IL,10,105290,109941,ROBERT DOLD,R,-2.16093406618935,True,23.232323232323232,0,-25.39325729851258,early,-13.820887396238941,-1,11.572369902273639,DOLD R,False,23.232323232323232,-11.89301991104764
2010,IL,11,96019,129108,ADAM KINZINGER,R,-14.697926059513074,True,8.16326530612245,1,-22.861191365635523,early,-13.820887396238941,-1,9.040303969396582,KINZINGER A,False,8.16326530612245,-9.360953978170583
2010,IL,12,121272,74046,JERRY F COSTELLO,D,24.179031118483703,True,10.204081632653061,1,13.974949485830642,early,-13.820887396238941,1,27.795836882069583,COSTELLO J,True,10.204081632653061,27.475186873295584
2010,IL,13,86281,152132,JUDY BIGGERT,R,-27.62055760382194,True,9.090909090909092,-1,-36.71146669473103,early,-13.820887396238941,-1,22.89057929849209,BIGGERT J,True,9.090909090909092,-23.211229307266088
2010,IL,14,98645,112369,"RANDALL M \""RANDY\"" HULTGREN",R,-6.503833868842825,True,11.11111111111111,1,-17.614944979953936,early,-13.820887396238941,-1,3.794057583714995,HULTGREN R,False,11.11111111111111,-4.114707592488996
2010,IL,15,75948,136915,TIMOTHY V JOHNSON,R,-28.641426645307074,True,-2.0408163265306123,-1,-26.60061031877646,early,-13.820887396238941,-1,12.77972292253752,JOHNSON T,True,-2.0408163265306123,-13.10037293131152
2010,IL,16,66037,138299,DONALD A MANZULLO,R,-35.364301934069374,True,8.16326530612245,-1,-43.52756724019182,early,-13.820887396238941,-1,29.70667984395288,MANZULLO D,True,8.16326530612245,-30.02732985272688
2010,IL,17,85454,104583,BOBBY SCHILLING,R,-10.065934528539179,True,14.285714285714286,1,-24.351648814253466,early,-13.820887396238941,-1,10.530761418014524,SCHILLING B,False,14.285714285714286,-10.851411426788525
2010,IL,18,57046,152868,AARON SCHOCK,R,-45.64821784159227,True,-2.0408163265306123,-1,-43.60740151506166,early,-13.820887396238941,-1,29.78651411882272,SCHOCK A,True,-2.0408163265306123,-30.107164127596718
2010,IL,19,67132,166166,JOHN SHIMKUS,R,-42.4495709350273,True,-10.204081632653061,-1,-32.24548930237424,early,-13.820887396238941,-1,18.424601906135297,SHIMKUS J,True,-10.204081632653061,-18.745251914909296
2010,IN,1,99387,65558,PETER J VISCLOSKY,D,20.509260662645126,True,25.252525252525253,1,-4.743264589880127,early,-13.820887396238941,1,9.077622806358814,VISCLOSKY P,True,25.252525252525253,8.756972797584814
2010,IN,2,91341,88803,JOE DONNELLY,D,1.408872901678657,True,9.090909090909092,1,-7.682036189230435,early,-13.820887396238941,1,6.138851207008506,DONNELLY J,True,9.090909090909092,5.818201198234505
2010,IN,3,61267,116140,MARLIN A STUTZMAN,R,-30.930572074382635,True,-13.131313131313131,0,-17.799258943069503,early,-13.820887396238941,-1,3.9783715468305623,STUTZMAN M,False,-13.131313131313131,-4.299021555604563
2010,IN,4,53167,138732,TODD ROKITA,R,-44.58855960687654,True,-13.131313131313131,0,-31.457246475563405,early,-13.820887396238941,-1,17.636359079324464,ROKITA T,False,-13.131313131313131,-17.957009088098467
2010,IN,5,60024,146899,DAN BURTON,R,-41.9842163510098,True,-19.19191919191919,-1,-22.79229715909061,early,-13.820887396238941,-1,8.971409762851668,BURTON D,True,-19.19191919191919,-9.292059771625668
2010,IN,6,56647,126027,MIKE PENCE,R,-37.980227071175975,True,-7.070707070707071,-1,-30.909520000468902,early,-13.820887396238941,-1,17.08863260422996,PENCE M,True,-7.070707070707071,-17.40928261300396
2010,IN,7,86011,55213,ANDRE CARSON,D,21.80790800430522,True,43.43434343434343,1,-21.626435430038214,early,-13.820887396238941,1,-7.805548033799273,CARSON A,True,43.43434343434343,-8.126198042573273
2010,IN,8,76265,117259,LARRY D BUCHSON,R,-21.18290237903309,True,-4.081632653061225,0,-17.101269725971868,early,-13.820887396238941,-1,3.2803823297329266,BUCHSON L,False,-4.081632653061225,-3.6010323385069274
2010,IN,9,95353,118040,TODD YOUNG,R,-10.631557736195658,True,-1.0101010101010102,1,-9.621456726094648,early,-13.820887396238941,-1,-4.199430670144293,YOUNG T,False,-1.0101010101010102,3.8787806613702926
2010,KS,1,44068,142281,TIM HUELSKAMP,R,-52.70379771289355,True,-39.39393939393939,0,-13.309858318954156,early,-13.820887396238941,-1,-0.5110290772847854,HUELSKAMP T,False,-39.39393939393939,0.19037906851078468
2010,KS,2,66588,130034,LYNN JENKINKS,R,-32.26800663201473,True,-12.244897959183673,-1,-20.023108672831057,early,-13.820887396238941,-1,6.202221276592116,JENKINKS L,True,-12.244897959183673,-6.522871285366117
2010,KS,3,90193,136246,KEVIN YODER,R,-20.33792765380522,True,3.0303030303030303,0,-23.36823068410825,early,-13.820887396238941,-1,9.54734328786931,YODER K,False,3.0303030303030303,-9.867993296643311
2010,KS,4,74143,119575,MIKE POMPEO,R,-23.452647663097906,True,-18.367346938775512,0,-5.085300724322394,early,-13.820887396238941,-1,-8.735586671916547,POMPEO M,False,-18.367346938775512,8.414936663142546
2010,KY,1,62090,153840,ED WHITFIELD,R,-42.49062196082063,True,-25.252525252525253,-1,-17.23809670829538,early,-13.820887396238941,-1,3.417209312056439,WHITFIELD E,True,-25.252525252525253,-3.73785932083044
2010,KY,2,73749,155906,BRETT GUTHRIE,R,-35.77409592649845,True,-23.232323232323232,0,-12.541772694175215,early,-13.820887396238941,-1,-1.2791147020637261,GUTHRIE B,False,-23.232323232323232,0.9584646932897254
2010,KY,3,139940,112627,JOHN A YARMUTH,D,10.814160203035234,True,13.131313131313131,1,-2.3171529282778973,early,-13.820887396238941,1,11.503734467961044,YARMUTH J,True,13.131313131313131,11.183084459187043
2010,KY,4,66694,151813,GEOFF DAVIS,R,-38.95481609284828,True,-22.448979591836736,-1,-16.505836501011547,early,-13.820887396238941,-1,2.684949104772606,DAVIS G,True,-22.448979591836736,-3.005599113546607
2010,KY,5,44034,151019,HAROLD ROGERS,R,-54.84919483422454,True,-36.734693877551024,-1,-18.114500956673517,early,-13.820887396238941,-1,4.293613560434576,ROGERS H,True,-36.734693877551024,-4.6142635692085765
2010,KY,6,119812,119164,BEN CHANDLER,D,0.2711569362613819,True,-12.244897959183673,1,12.516054895445055,early,-13.820887396238941,1,26.336942291683997,CHANDLER B,True,-12.244897959183673,26.016292282909994
2010,LA,1,38416,157182,STEVE SCALISE,R,-60.719434759046614,True,-47.474747474747474,-1,-13.24468728429914,early,-13.820887396238941,-1,-0.5762001119398015,SCALISE S,True,-47.474747474747474,0.25555010316580073
2010,LA,2,83705,43378,CEDRIC RICHMOND,D,31.7328045450611,True,49.494949494949495,-1,-17.762144949888395,early,-13.820887396238941,1,-3.9412575536494536,RICHMOND C,False,49.494949494949495,-4.261907562423454
2010,LA,3,61914,108963,"\""JEFF\"" LANDRY",R,-27.53384013062027,True,-24.489795918367346,0,-3.044044212252924,early,-13.820887396238941,-1,-10.776843183986017,LANDRY J,False,-24.489795918367346,10.456193175212016
2010,LA,4,54609,105223,JOHN FLEMING,R,-31.667000350367886,True,-19.19191919191919,-1,-12.475081158448695,early,-13.820887396238941,-1,-1.3458062377902458,FLEMING J,True,-19.19191919191919,1.025156229016245
2010,LA,6,72577,138607,BILL CASSIDY,R,-31.266573225244336,True,-16.3265306122449,0,-14.940042612999438,early,-13.820887396238941,-1,1.1191552167604968,CASSIDY B,False,-16.3265306122449,-1.4398052255344975
2010,MA,1,128011,74418,JOHN W OLVER,D,26.474961591471576,True,30.612244897959183,1,-4.137283306487607,early,-13.820887396238941,1,9.683604089751334,OLVER J,True,30.612244897959183,9.362954080977334
2010,MA,2,122751,91209,RICHARD E NEAL,D,14.742007851934941,True,20.408163265306122,1,-5.666155413371181,early,-13.820887396238941,1,8.15473198286776,NEAL R,True,20.408163265306122,7.83408197409376
2010,MA,3,122708,85124,JAMES P MCGOVERN,D,18.083836945224988,True,20.408163265306122,1,-2.324326320081134,early,-13.820887396238941,1,11.496561076157807,MCGOVERN J,True,20.408163265306122,11.175911067383806
2010,MA,4,126194,101517,BARNEY FRANK,D,10.83698196398066,True,29.292929292929294,1,-18.455947328948632,early,-13.820887396238941,1,-4.635059932709691,FRANK B,True,29.292929292929294,-4.955709941483692
2010,MA,5,122858,94646,NIKI TSONGAS,D,12.970795939385022,True,20.408163265306122,1,-7.4373673259211,early,-13.820887396238941,1,6.383520070317841,TSONGAS N,True,20.408163265306122,6.0628700615438404
2010,MA,6,142732,107930,JOHN F TIERNEY,D,13.88403507512108,True,17.171717171717173,1,-3.287682096596093,early,-13.820887396238941,1,10.533205299642848,TIERNEY J,True,17.171717171717173,10.212555290868847
2010,MA,7,145696,73467,EDWARD J MARKEY,D,32.9567490862965,True,32.6530612244898,1,0.3036878618067007,early,-13.820887396238941,1,14.124575258045642,MARKEY E,True,32.6530612244898,13.803925249271641
2010,MA,9,157071,59965,STEPHEN F LYNCH,D,44.7418861387051,True,21.21212121212121,1,23.529764926583887,early,-13.820887396238941,1,37.350652322822825,LYNCH S,True,21.21212121212121,37.03000231404883
2010,MA,10,132743,120029,WILLIAM R KEATING,D,5.029829253240074,True,11.11111111111111,0,-6.081281857871037,early,-13.820887396238941,1,7.739605538367904,KEATING W,False,11.11111111111111,7.418955529593903
2010,MD,1,120400,155118,ANDY HARRIS,R,-12.600991586756582,True,-18.367346938775512,1,5.76635535201893,early,-13.820887396238941,-1,-19.58724274825787,HARRIS A,False,-18.367346938775512,19.26659273948387
2010,MD,2,134133,69523,C A DUTCH RUPPERSBERGER,D,31.725065797226694,True,22.448979591836736,1,9.276086205389959,early,-13.820887396238941,1,23.0969736016289,RUPPERSBERGER C,True,22.448979591836736,22.7763235928549
2010,MD,3,147448,86947,JOHN P SARBANES,D,25.811557413767357,True,20.408163265306122,1,5.403394148461235,early,-13.820887396238941,1,19.224281544700176,SARBANES J,True,20.408163265306122,18.903631535926174
2010,MD,4,160228,31467,DONNA F EDWARDS,D,67.16972273663893,True,71.71717171717172,1,-4.547448980532792,early,-13.820887396238941,1,9.27343841570615,EDWARDS D,True,71.71717171717172,8.952788406932148
2010,MD,5,155110,83575,STENY H HOYER,D,29.97046316274588,True,32.6530612244898,1,-2.682598061743917,early,-13.820887396238941,1,11.138289334495024,HOYER S,True,32.6530612244898,10.817639325721023
2010,MD,6,80455,148820,ROSCOE G BARTLETT,R,-29.8179042634391,True,-18.367346938775512,-1,-11.450557324663588,early,-13.820887396238941,-1,-2.370330071575353,BARTLETT R,True,-18.367346938775512,2.049680062801352
2010,MD,7,152669,46375,ELIJAH E CUMMINGS,D,53.40226281626173,True,59.5959595959596,1,-6.193696779697866,early,-13.820887396238941,1,7.627190616541075,CUMMINGS E,True,59.5959595959596,7.306540607767074
2010,MD,8,153613,52421,CHRIS VAN HOLLEN,D,49.11422386596387,True,49.494949494949495,1,-0.3807256289856227,early,-13.820887396238941,1,13.440161767253318,HOLLEN C,True,49.494949494949495,13.119511758479318
2010,ME,1,169114,128501,CHELLIE PINGREE,D,13.646153587688792,True,23.232323232323232,1,-9.58616964463444,early,-13.820887396238941,1,4.234717751604501,PINGREE C,True,23.232323232323232,3.9140677428305004
2010,ME,2,147042,119669,MICHAEL H MICHAUD,D,10.263168748195612,True,12.244897959183673,1,-1.9817292109880604,early,-13.820887396238941,1,11.83915818525088,MICHAUD M,True,12.244897959183673,11.51850817647688
2010,MI,1,94824,120523,DAN BENISHEK,R,-11.933762717846081,True,2.0408163265306123,0,-13.974579044376693,early,-13.820887396238941,-1,0.1536916481377517,BENISHEK D,False,2.0408163265306123,-0.47434165691175245
2010,MI,2,72118,148864,BILL HUIZENGA,R,-34.729525481713445,True,-3.0303030303030303,0,-31.699222451410414,early,-13.820887396238941,-1,17.878335055171473,HUIZENGA B,False,-3.0303030303030303,-18.19898506394547
2010,MI,3,83953,133714,JUSTIN AMASH,R,-22.86106759407719,True,0.0,0,-22.86106759407719,early,-13.820887396238941,-1,9.04018019783825,AMASH J,False,0.0,-9.36083020661225
2010,MI,4,68458,148531,DAVE CAMP,R,-36.901870601735574,True,2.0408163265306123,-1,-38.942686928266184,early,-13.820887396238941,-1,25.121799532027243,CAMP D,True,2.0408163265306123,-25.442449540801242
2010,MI,5,107286,89680,DALE E KILDEE,D,8.938598539849517,True,29.292929292929294,1,-20.35433075307978,early,-13.820887396238941,1,-6.533443356840838,KILDEE D,True,29.292929292929294,-6.854093365614839
2010,MI,6,66729,123142,FRED UPTON,R,-29.7112249895982,True,9.090909090909092,-1,-38.802134080507294,early,-13.820887396238941,-1,24.981246684268353,UPTON F,True,9.090909090909092,-25.30189669304235
2010,MI,7,102402,113185,TIM WALBERG,R,-5.001693051992931,True,6.122448979591836,1,-11.124142031584768,early,-13.820887396238941,-1,-2.6967453646541735,WALBERG T,False,6.122448979591836,2.3760953558801727
2010,MI,8,84069,156931,MIKE ROGERS,R,-30.233195020746887,True,7.070707070707071,-1,-37.303902091453956,early,-13.820887396238941,-1,23.483014695215015,ROGERS M,True,7.070707070707071,-23.803664703989014
2010,MI,9,125730,119325,GARY C PETERS,D,2.6136989655383487,True,13.131313131313131,1,-10.517614165774782,early,-13.820887396238941,1,3.3032732304641588,PETERS G,True,13.131313131313131,2.982623221690158
2010,MI,10,58530,168364,CANDICE S MILLER,R,-48.40762646874752,True,-2.0408163265306123,-1,-46.36681014221691,early,-13.820887396238941,-1,32.545922745977975,MILLER C,True,-2.0408163265306123,-32.86657275475197
2010,MI,11,91710,141224,THADDEUS G MCCOTTER,R,-21.256664978062457,True,9.090909090909092,-1,-30.347574068971547,early,-13.820887396238941,-1,16.526686672732605,MCCOTTER T,True,9.090909090909092,-16.847336681506604
2010,MI,12,124671,71372,SANDER M LEVIN,D,27.187402763679398,True,32.6530612244898,1,-5.465658460810399,early,-13.820887396238941,1,8.355228935428542,LEVIN S,True,32.6530612244898,8.034578926654541
2010,MI,13,100885,23462,HANSEN CLARKE,D,62.26366538798684,True,70.0,0,-7.7363346120131595,early,-13.820887396238941,1,6.084552784225782,CLARKE H,False,70.0,5.763902775451781
2010,MI,14,115511,29902,JOHN CONYERS JR,D,58.87300310151087,True,72.0,1,-13.126996898489132,early,-13.820887396238941,1,0.693890497749809,CONYERS J,True,72.0,0.3732404889758083
2010,MI,15,118336,83488,JOHN D DINGELL,D,17.266529253210717,True,33.333333333333336,1,-16.06680408012262,early,-13.820887396238941,1,-2.245916683883678,DINGELL J,True,33.333333333333336,-2.5665666926576787
2010,MN,1,122365,109242,TIMOTHY J WALZ,D,5.666063633655287,True,4.081632653061225,1,1.5844309805940622,early,-13.820887396238941,1,15.405318376833003,WALZ T,True,4.081632653061225,15.084668368059003
2010,MN,2,104809,181341,JOHN KLINE,R,-26.74541324480168,True,-2.0408163265306123,-1,-24.704596918271065,early,-13.820887396238941,-1,10.883709522032124,KLINE J,True,-2.0408163265306123,-11.204359530806125
2010,MN,3,100240,161177,ERIK PAULSEN,R,-23.310266738582417,True,6.122448979591836,-1,-29.432715718174254,early,-13.820887396238941,-1,15.611828321935313,PAULSEN E,True,6.122448979591836,-15.932478330709314
2010,MN,4,136746,80141,BETTY MCCOLLUM,D,26.098844098539793,True,30.612244897959183,1,-4.51340079941939,early,-13.820887396238941,1,9.307486596819551,MCCOLLUM B,True,30.612244897959183,8.98683658804555
2010,MN,5,154833,55222,KEITH ELLISON,D,47.4213896360477,True,51.02040816326531,1,-3.599018527217609,early,-13.820887396238941,1,10.221868869021332,ELLISON K,True,51.02040816326531,9.901218860247331
2010,MN,6,120846,159476,MICHELE BACHMANN,R,-13.780580903389673,True,-8.16326530612245,-1,-5.617315597267224,early,-13.820887396238941,-1,-8.203571798971717,BACHMANN M,True,-8.16326530612245,7.882921790197717
2010,MN,7,133096,90652,COLLIN C PETERSON,D,18.969555035128806,True,-3.0927835051546393,1,22.062338540283445,early,-13.820887396238941,1,35.883225936522386,PETERSON C,True,-3.0927835051546393,35.562575927748384
2010,MN,8,129091,133490,CHIP CRAVAACK,R,-1.6752925763859532,True,8.16326530612245,1,-9.838557882508402,early,-13.820887396238941,-1,-3.982329513730539,CRAVAACK C,False,8.16326530612245,3.6616795049565383
2010,MO,1,135907,43649,WM LACY CLAY,D,51.38118470003787,True,61.61616161616162,1,-10.234976916123749,early,-13.820887396238941,1,3.585910480115192,CLAY W,True,61.61616161616162,3.2652604713411915
2010,MO,2,77467,180481,W TODD AKIN,R,-39.935956084172005,True,-11.11111111111111,-1,-28.824844973060895,early,-13.820887396238941,-1,15.003957576821954,AKIN W,True,-11.11111111111111,-15.324607585595954
2010,MO,3,99398,94757,RUSS CARNAHAN,D,2.390358218948778,True,21.21212121212121,1,-18.821762993172435,early,-13.820887396238941,1,-5.0008755969334935,CARNAHAN R,True,21.21212121212121,-5.321525605707494
2010,MO,4,101532,113489,VICKY HARTZLER,R,-5.560852195832035,True,-23.232323232323232,1,17.671471036491198,early,-13.820887396238941,-1,-31.49235843273014,HARTZLER V,False,-23.232323232323232,31.17170842395614
2010,MO,5,102076,84578,EMANUEL CLEAVER,D,9.37456470260482,True,29.292929292929294,1,-19.918364590324472,early,-13.820887396238941,1,-6.097477194085531,CLEAVER E,True,29.292929292929294,-6.418127202859532
2010,MO,6,67762,154103,SAM GRAVES,R,-38.91600748202736,True,-9.090909090909092,-1,-29.825098391118267,early,-13.820887396238941,-1,16.004210994879326,GRAVES S,True,-9.090909090909092,-16.324861003653325
2010,MO,7,67545,141010,BILLY LONG,R,-35.22571983409652,True,-28.571428571428573,0,-6.65429126266795,early,-13.820887396238941,-1,-7.166596133570991,LONG B,False,-28.571428571428573,6.84594612479699
2010,MO,8,56377,128499,JO ANN EMERSON,R,-39.01101278694909,True,-26.53061224489796,-1,-12.480400542051129,early,-13.820887396238941,-1,-1.3404868541878123,EMERSON J,True,-26.53061224489796,1.0198368454138116
2010,MS,1,89388,121074,ALAN NUNELEE,R,-15.05544943980386,True,-24.0,1,8.94455056019614,early,-13.820887396238941,-1,-22.76543795643508,NUNELEE A,False,-24.0,22.44478794766108
2010,MS,2,105327,64499,BENNIE G THOMPSON,D,24.04107733798123,True,32.0,1,-7.958922662018772,early,-13.820887396238941,1,5.8619647342201695,THOMPSON B,True,32.0,5.541314725446169
2010,MS,3,60737,132393,GREGG HARPER,R,-37.102469838968574,True,-24.0,-1,-13.102469838968574,early,-13.820887396238941,-1,-0.7184175572703673,HARPER G,True,-24.0,0.39776754849636653
2010,MS,4,95243,105613,STEVEN PALAZZO,R,-5.162902776118214,True,-36.0,1,30.837097223881784,early,-13.820887396238941,-1,-44.65798462012073,PALAZZO S,False,-36.0,44.337334611346726
2010,MT,0,121954,217696,DENNY REHBERG,R,-28.188429265420286,True,-2.0833333333333335,-1,-26.105095932086954,early,-13.820887396238941,-1,12.284208535848013,REHBERG D,True,-2.0833333333333335,-12.604858544622013
2010,NC,1,103294,70867,G K BUTTERFIELD,D,18.618978990704004,True,25.252525252525253,1,-6.633546261821248,early,-13.820887396238941,1,7.187341134417693,BUTTERFIELD G,True,25.252525252525253,6.866691125643692
2010,NC,2,92393,93876,RENEE ELLMERS,R,-0.7961603916915858,True,5.05050505050505,1,-5.846665442196636,early,-13.820887396238941,-1,-7.974221954042305,ELLMERS R,False,5.05050505050505,7.653571945268304
2010,NC,3,51317,143225,WALTER B JONES,R,-47.243268805707764,True,-23.232323232323232,-1,-24.010945573384532,early,-13.820887396238941,-1,10.190058177145591,JONES W,True,-23.232323232323232,-10.510708185919592
2010,NC,4,155384,116448,DAVID E PRICE,D,14.323552782601018,True,27.272727272727273,1,-12.949174490126255,early,-13.820887396238941,1,0.8717129061126858,PRICE D,True,27.272727272727273,0.5510628973386851
2010,NC,5,72762,140525,VIRGINIA FOXX,R,-31.770806472030642,True,-23.232323232323232,-1,-8.53848323970741,early,-13.820887396238941,-1,-5.2824041565315305,FOXX V,True,-23.232323232323232,4.96175414775753
2010,NC,6,51507,156252,HOWARD COBLE,R,-50.41658845104183,True,-27.272727272727273,-1,-23.14386117831456,early,-13.820887396238941,-1,9.322973782075618,COBLE H,True,-27.272727272727273,-9.643623790849619
2010,NC,7,113957,98328,MIKE MCINTYRE,D,7.362272416798172,True,-5.05050505050505,1,12.412777467303222,early,-13.820887396238941,1,26.233664863542163,MCINTYRE M,True,-5.05050505050505,25.913014854768164
2010,NC,8,88776,73129,LARRY KISSELL,D,9.664309317192181,True,6.0,1,3.6643093171921812,early,-13.820887396238941,1,17.485196713431122,KISSELL L,True,6.0,17.16454670465712
2010,NC,9,71450,158790,SUE WILKINS MYRICK,R,-37.934329395413485,True,-10.0,-1,-27.934329395413485,early,-13.820887396238941,-1,14.113441999174544,MYRICK S,True,-10.0,-14.434092007948545
2010,NC,10,52972,130813,PATRICK T MCHENRY,R,-42.354381478357865,True,-27.272727272727273,-1,-15.081654205630592,early,-13.820887396238941,-1,1.2607668093916509,MCHENRY P,True,-27.272727272727273,-1.5814168181656516
2010,NC,11,131225,110246,HEATH SHULER,D,8.687999801218366,True,-5.05050505050505,1,13.738504851723416,early,-13.820887396238941,1,27.559392247962357,SHULER H,True,-5.05050505050505,27.238742239188355
2010,NC,12,103495,55315,MELVIN L WATT,D,30.338139915622442,True,41.41414141414141,1,-11.07600149851897,early,-13.820887396238941,1,2.7448858977199713,WATT M,True,41.41414141414141,2.4242358889459705
2010,NC,13,116103,93099,BRAD MILLER,D,10.99607078326211,True,19.19191919191919,1,-8.19584840865708,early,-13.820887396238941,1,5.625038987581862,MILLER B,True,19.19191919191919,5.304388978807861
2010,ND,0,106542,129802,RICK BERG,R,-9.841586839522053,True,-8.16326530612245,1,-1.678321533399604,early,-13.820887396238941,-1,-12.142565862839337,BERG R,False,-8.16326530612245,11.821915854065336
2010,NE,1,47106,116871,JEFF FORTENBERRY,R,-42.54560090744434,True,-10.204081632653061,-1,-32.34151927479128,early,-13.820887396238941,-1,18.52063187855234,FORTENBERRY J,True,-10.204081632653061,-18.84128188732634
2010,NE,2,60486,93840,LEE TERRY,R,-21.612690019828158,True,1.0101010101010102,-1,-22.622791029929168,early,-13.820887396238941,-1,8.801903633690227,TERRY L,True,1.0101010101010102,-9.122553642464228
2010,NE,3,29932,117275,ADRIAN SMITH,R,-59.33345561012724,True,-39.39393939393939,-1,-19.939516216187847,early,-13.820887396238941,-1,6.118628819948906,SMITH A,True,-39.39393939393939,-6.439278828722907
2010,NH,1,95503,121655,FRANK C GUINTA,R,-12.042844380589248,True,6.0,1,-18.042844380589248,early,-13.820887396238941,-1,4.221956984350307,GUINTA F,False,6.0,-4.542606993124307
2010,NH,2,105060,108610,CHARLES BASS,R,-1.6614405391491553,True,13.131313131313131,0,-14.792753670462286,early,-13.820887396238941,-1,0.9718662742233448,BASS C,False,13.131313131313131,-1.2925162829973456
2010,NJ,1,106334,58562,ROBERT E ANDREWS,D,28.970987774112167,True,31.31313131313131,1,-2.342143539019144,early,-13.820887396238941,1,11.478743857219797,ANDREWS R,True,31.31313131313131,11.158093848445796
2010,NJ,2,51690,109460,FRANK A LOBIONDO,R,-35.848588271796466,True,9.090909090909092,-1,-44.93949736270556,early,-13.820887396238941,-1,31.118609966466618,LOBIONDO F,True,9.090909090909092,-31.439259975240617
2010,NJ,3,104252,110215,JON RUNYAN,R,-2.7803811308965947,True,5.05050505050505,0,-7.830886181401645,early,-13.820887396238941,-1,-5.990001214837296,RUNYAN J,False,5.05050505050505,5.669351206063295
2010,NJ,4,52118,129752,CHRISTOPHER H SMITH,R,-42.68653433771375,True,-5.05050505050505,-1,-37.6360292872087,early,-13.820887396238941,-1,23.81514189096976,SMITH C,True,-5.05050505050505,-24.135791899743758
2010,NJ,5,62634,124030,SCOTT GARRETT,R,-32.89118415977371,True,-9.090909090909092,-1,-23.800275068864615,early,-13.820887396238941,-1,9.979387672625673,GARRETT S,True,-9.090909090909092,-10.300037681399674
2010,NJ,6,81933,65413,FRANK PALLONE JR,D,11.21170578095096,True,21.21212121212121,1,-10.000415431170252,early,-13.820887396238941,1,3.8204719650686894,PALLONE F,True,21.21212121212121,3.4998219562946886
2010,NJ,7,71902,105084,LEONARD LANCE,R,-18.748375577729313,True,3.0303030303030303,-1,-21.778678608032344,early,-13.820887396238941,-1,7.957791211793403,LANCE L,True,3.0303030303030303,-8.278441220567403
2010,NJ,8,88478,51023,BILL BASCRELL JR,D,26.849269897706826,True,27.272727272727273,1,-0.42345737502044756,early,-13.820887396238941,1,13.397430021218494,BASCRELL B,True,27.272727272727273,13.076780012444493
2010,NJ,9,83564,52082,STEVEN R ROTHMAN,D,23.20894091974699,True,23.232323232323232,1,-0.023382312576242015,early,-13.820887396238941,1,13.7975050836627,ROTHMAN S,True,23.232323232323232,13.476855074888698
2010,NJ,11,55472,122149,RODNEY P FRELINGHUYSEN,R,-37.53891713254627,True,-9.090909090909092,-1,-28.448008041637173,early,-13.820887396238941,-1,14.627120645398232,FRELINGHUYSEN R,True,-9.090909090909092,-14.947770654172233
2010,NJ,12,108214,93634,RUSH D HOLT,D,7.223257104355753,True,17.171717171717173,1,-9.94846006736142,early,-13.820887396238941,1,3.872427328877521,HOLT R,True,17.171717171717173,3.55177732010352
2010,NJ,13,62840,19538,ALBIO SIRES,D,52.56500521984025,True,51.515151515151516,1,1.0498537046887364,early,-13.820887396238941,1,14.870741100927678,SIRES A,True,51.515151515151516,14.550091092153677
2010,NM,1,112010,104215,MARTIN HEINRICH,D,3.6050410452075385,True,20.0,1,-16.39495895479246,early,-13.820887396238941,1,-2.57407155855352,HEINRICH M,True,20.0,-2.8947215673275206
2010,NM,2,75708,94053,STEVE PEARCE,R,-10.806368954000035,True,-1.0101010101010102,1,-9.796267943899025,early,-13.820887396238941,-1,-4.024619452339916,PEARCE S,False,-1.0101010101010102,3.7039694435659154
2010,NM,3,120048,90617,BEN RAY LUJAN,D,13.970521918686066,True,23.232323232323232,1,-9.261801313637166,early,-13.820887396238941,1,4.559086082601775,LUJAN B,True,23.232323232323232,4.238436073827774
2010,NV,1,103246,58995,SHELLEY BERKLEY,D,27.274856540578522,True,30.612244897959183,1,-3.337388357380661,early,-13.820887396238941,1,10.48349903885828,BERKLEY S,True,30.612244897959183,10.16284903008428
2010,NV,2,87421,169458,DEAN HELLER,R,-31.936047711179192,True,0.0,-1,-31.936047711179192,early,-13.820887396238941,-1,18.11516031494025,HELLER D,True,0.0,-18.43581032371425
2010,NV,3,127168,128916,JOSEPH JOHN HECK,R,-0.6825885256400244,True,12.244897959183673,1,-12.927486484823698,early,-13.820887396238941,-1,-0.8934009114152435,HECK J,False,12.244897959183673,0.5727509026412427
2010,NY,1,98316,97723,TIMOTHY H BISHOP,D,0.30249083090609524,True,4.0,1,-3.697509169093905,early,-13.820887396238941,1,10.123378227145036,BISHOP T,True,4.0,9.802728218371035
2010,NY,2,94594,72029,STEVE ISRAEL,D,13.542548147614674,True,13.131313131313131,1,0.4112350163015428,early,-13.820887396238941,1,14.232122412540484,ISRAEL S,True,13.131313131313131,13.911472403766483
2010,NY,3,51346,131674,PETER T KING,R,-43.89028521473063,True,-5.05050505050505,-1,-38.83978016422558,early,-13.820887396238941,-1,25.01889276798664,KING P,True,-5.05050505050505,-25.339542776760638
2010,NY,4,94483,81718,CAROLYN MCCARTHY,D,7.244567283954121,True,17.171717171717173,1,-9.927149887763052,early,-13.820887396238941,1,3.8937375084758887,MCCARTHY C,True,17.171717171717173,3.573087499701888
2010,NY,5,72239,41493,GARY L ACKERMAN,D,27.03372841416664,True,27.272727272727273,1,-0.23899885856063463,early,-13.820887396238941,1,13.581888537678307,ACKERMAN G,True,27.272727272727273,13.261238528904306
2010,NY,7,71247,16145,JOSEPH CROWLEY,D,63.05153789820579,True,59.5959595959596,1,3.455578302246188,early,-13.820887396238941,1,17.27646569848513,CROWLEY J,True,59.5959595959596,16.95581568971113
2010,NY,8,98839,31996,JERROLD NADLER,D,51.08954026063362,True,48.0,1,3.089540260633619,early,-13.820887396238941,1,16.91042765687256,NADLER J,True,48.0,16.58977764809856
2010,NY,9,67011,43129,ANTHONY D WEINER,D,21.68331214817505,True,11.11111111111111,1,10.572201037063941,early,-13.820887396238941,1,24.393088433302882,WEINER A,True,11.11111111111111,24.072438424528883
2010,NY,13,60773,65024,MICHAEL G GRIMM,R,-3.3792538772784724,True,-2.0,1,-1.3792538772784724,early,-13.820887396238941,-1,-12.441633518960469,GRIMM M,False,-2.0,12.120983510186468
2010,NY,14,107327,32065,CAROLYN B MALONEY,D,53.99305555555556,True,57.57575757575758,1,-3.5827020202020208,early,-13.820887396238941,1,10.23818537603692,MALONEY C,True,57.57575757575758,9.91753536726292
2010,NY,17,95346,29792,ELIOT L ENGEL,D,52.385366555322925,True,44.0,1,8.385366555322925,early,-13.820887396238941,1,22.206253951561866,ENGEL E,True,44.0,21.885603942787867
2010,NY,18,115619,70413,NITA M LOWEY,D,24.300120409391933,True,24.0,1,0.3001204093919334,early,-13.820887396238941,1,14.121007805630875,LOWEY N,True,24.0,13.800357796856874
2010,NY,19,98766,109956,NAN HAYMORTH,R,-5.361198148733722,True,3.0303030303030303,1,-8.391501179036752,early,-13.820887396238941,-1,-5.42938621720219,HAYMORTH N,False,3.0303030303030303,5.108736208428189
2010,NY,20,107075,130178,CHRISTOPHER P GIBSON,R,-9.73770616177667,True,3.0303030303030303,0,-12.768009192079699,early,-13.820887396238941,-1,-1.0528782041592422,GIBSON C,False,3.0303030303030303,0.7322281953852414
2010,NY,21,124889,95752,PAUL TONKO,D,13.205614550332895,True,18.367346938775512,1,-5.161732388442617,early,-13.820887396238941,1,8.659155007796324,TONKO P,True,18.367346938775512,8.338504999022323
2010,NY,22,98661,88687,MAURICE D HINCHEY,D,5.323782479663514,True,20.408163265306122,1,-15.084380785642608,early,-13.820887396238941,1,-1.263493389403667,HINCHEY M,True,20.408163265306122,-1.5841433981776678
2010,NY,23,82232,80237,WILLIAM L OWENS,D,1.2279265582972752,True,5.05050505050505,0,-3.822578492207775,early,-13.820887396238941,1,9.998308904031166,OWENS W,False,5.05050505050505,9.677658895257165
2010,NY,24,89809,101599,RICHARD L HANNA,R,-6.159617152888072,True,3.0303030303030303,1,-9.189920183191102,early,-13.820887396238941,-1,-4.630967213047839,HANNA R,False,3.0303030303030303,4.310317204273838
2010,NY,25,103954,104602,ANN MARIE BUERKLE,R,-0.31070791538004183,True,13.131313131313131,1,-13.442021046693174,early,-13.820887396238941,-1,-0.3788663495457669,BUERKLE A,False,13.131313131313131,0.058216340771766184
2010,NY,26,54307,151449,CHRISTOPHER JOHN LEE,R,-47.21223196407395,True,-6.122448979591836,-1,-41.08978298448211,early,-13.820887396238941,-1,27.268895588243172,LEE C,True,-6.122448979591836,-27.58954559701717
2010,NY,27,119085,76320,BRIAN HIGGINGS,D,21.88531511476165,True,10.204081632653061,1,11.681233482108588,early,-13.820887396238941,1,25.50212087834753,HIGGINGS B,True,10.204081632653061,25.18147086957353
2010,NY,28,102514,55392,LOUISE MCINTOSH SLAUGHTER,D,29.841804617937253,True,39.39393939393939,1,-9.552134776002138,early,-13.820887396238941,1,4.268752620236803,SLAUGHTER L,True,39.39393939393939,3.9481026114628026
2010,NY,29,86099,112314,THOMAS W REED II,R,-13.212339917243325,True,-3.0303030303030303,0,-10.182036886940296,early,-13.820887396238941,-1,-3.6388505092986456,REED T,False,-3.0303030303030303,3.318200500524645
2010,OH,1,92672,103770,STEVE CHABOT,R,-5.649504688406756,True,11.11111111111111,1,-16.760615799517865,early,-13.820887396238941,-1,2.9397284032789237,CHABOT S,False,11.11111111111111,-3.2603784120529244
2010,OH,2,82431,139027,JEAN SCHMIDT,R,-25.556087384515347,True,-19.19191919191919,-1,-6.364168192596157,early,-13.820887396238941,-1,-7.456719203642784,SCHMIDT J,True,-19.19191919191919,7.136069194868783
2010,OH,3,71455,152629,MICHAEL R TURNER,R,-36.224808553935134,True,-4.081632653061225,-1,-32.143175900873906,early,-13.820887396238941,-1,18.322288504634965,TURNER M,True,-4.081632653061225,-18.642938513408964
2010,OH,4,50533,146029,JIM JORDAN,R,-48.58314424965151,True,-22.448979591836736,-1,-26.134164657814775,early,-13.820887396238941,-1,12.313277261575834,JORDAN J,True,-22.448979591836736,-12.633927270349835
2010,OH,5,54919,140703,ROBERT E LATTA,R,-43.8519184958747,True,-8.16326530612245,-1,-35.68865318975225,early,-13.820887396238941,-1,21.86776579351331,LATTA R,True,-8.16326530612245,-22.18841580228731
2010,OH,6,92823,103170,BILL JOHNSON,R,-5.279270178016562,True,-2.0408163265306123,1,-3.2384538514859496,early,-13.820887396238941,-1,-10.582433544752991,JOHNSON B,False,-2.0408163265306123,10.26178353597899
2010,OH,7,70400,135721,STEVE AUSTRIA,R,-31.690608914181475,True,-9.090909090909092,-1,-22.59969982327238,early,-13.820887396238941,-1,8.77881242703344,AUSTRIA S,True,-9.090909090909092,-9.09946243580744
2010,OH,8,65883,142731,JOHN A BOEHNER,R,-36.8374126376945,True,-22.448979591836736,-1,-14.388433045857763,early,-13.820887396238941,-1,0.5675456496188218,BOEHNER J,True,-22.448979591836736,-0.8881956583928226
2010,OH,9,121819,83423,MARCY KAPTUR,D,18.707671919002934,True,26.53061224489796,1,-7.822940325895026,early,-13.820887396238941,1,5.9979470703439155,KAPTUR M,True,26.53061224489796,5.677297061569915
2010,OH,10,101343,83809,DENNIS J KUCINICH,D,9.470057034220533,True,20.408163265306122,1,-10.93810623108559,early,-13.820887396238941,1,2.882781165153352,KUCINICH D,True,20.408163265306122,2.562131156379351
2010,OH,11,139693,28754,MARCIA L FUDGE,D,65.85988471151163,True,71.71717171717172,1,-5.857287005660098,early,-13.820887396238941,1,7.9636003905788435,FUDGE M,True,71.71717171717172,7.642950381804843
2010,OH,12,110307,150163,PATRICK J TIBERI,R,-15.301570238415172,True,7.070707070707071,-1,-22.372277309122243,early,-13.820887396238941,-1,8.551389912883302,TIBERI P,True,7.070707070707071,-8.872039921657302
2010,OH,13,118806,94367,BETTY SUTTON,D,11.464397461216945,True,15.151515151515152,1,-3.687117690298207,early,-13.820887396238941,1,10.133769705940734,SUTTON B,True,15.151515151515152,9.813119697166734
2010,OH,14,72604,149878,STEVEN C LATOURETTE,R,-34.7326974766498,True,0.0,-1,-34.7326974766498,early,-13.820887396238941,-1,20.911810080410856,LATOURETTE S,True,0.0,-21.232460089184855
2010,OH,15,91077,119471,STEVE STIVERS,R,-13.485760966620438,True,9.090909090909092,1,-22.57667005752953,early,-13.820887396238941,-1,8.755782661290588,STIVERS S,False,9.090909090909092,-9.07643267006459
2010,OH,16,90833,114652,JIM RENACCI,R,-11.59160036012361,True,-2.0408163265306123,1,-9.550784033592999,early,-13.820887396238941,-1,-4.270103362645942,RENACCI J,False,-2.0408163265306123,3.9494533538719416
2010,OH,17,102758,57352,TIM RYAN,D,28.359253013553182,True,26.53061224489796,1,1.828640768655223,early,-13.820887396238941,1,15.649528164894164,RYAN T,True,26.53061224489796,15.328878156120163
2010,OH,18,80756,107426,BOB GIBBS,R,-14.172450074927465,True,-7.216494845360825,1,-6.95595522956664,early,-13.820887396238941,-1,-6.864932166672301,GIBBS B,False,-7.216494845360825,6.544282157898301
2010,OK,2,108203,83226,DAN BOREN,D,13.047657355990994,True,-32.0,1,45.04765735599099,early,-13.820887396238941,1,58.86854475222994,BOREN D,True,-32.0,58.547894743455934
2010,OK,3,45689,161927,FRANK D LUCAS,R,-55.987014488286064,True,-46.0,-1,-9.987014488286064,early,-13.820887396238941,-1,-3.833872907952877,LUCAS F,True,-46.0,3.513222899178876
2010,OK,5,68074,123236,JAMES LANKFORD,R,-28.833829909570852,True,-18.0,0,-10.833829909570852,early,-13.820887396238941,-1,-2.987057486668089,LANKFORD J,False,-18.0,2.6664074778940883
2010,OR,1,160357,122858,DAVID WU,D,13.240471020249634,True,25.77319587628866,1,-12.532724856039026,early,-13.820887396238941,1,1.2881625401999148,WU D,True,25.77319587628866,0.9675125314259141
2010,OR,2,72173,206245,GREG WALDEN,R,-48.154932511547386,True,-11.34020618556701,-1,-36.814726325980374,early,-13.820887396238941,-1,22.993838929741433,WALDEN G,True,-11.34020618556701,-23.31448893851543
2010,OR,3,193104,67714,EARL BLUMENAUER,D,48.07566962402902,True,46.391752577319586,1,1.683917046709432,early,-13.820887396238941,1,15.504804442948373,BLUMENAUER E,True,46.391752577319586,15.184154434174372
2010,OR,4,162416,129877,PETER A DEFAZIO,D,11.132322703588523,True,11.34020618556701,1,-0.20788348197848805,early,-13.820887396238941,1,13.613003914260453,DEFAZIO P,True,11.34020618556701,13.292353905486452
2010,OR,5,145319,130313,KURT SCHRADER,D,5.44421547570674,True,11.34020618556701,1,-5.895990709860271,early,-13.820887396238941,1,7.92489668637867,SCHRADER K,True,11.34020618556701,7.604246677604669
2010,PA,3,88924,111909,MIKE KELLY,R,-11.444832273580538,True,0.0,1,-11.444832273580538,early,-13.820887396238941,-1,-2.3760551226584035,KELLY M,False,0.0,2.0554051138844027
2010,PA,4,120827,116958,JASON ALTMIRE,D,1.627100111445213,True,-11.11111111111111,1,12.738211222556323,early,-13.820887396238941,1,26.559098618795264,ALTMIRE J,True,-11.11111111111111,26.238448610021265
2010,PA,5,52375,127427,GLENN THOMPSON,R,-41.74147117384679,True,-11.11111111111111,-1,-30.63036006273568,early,-13.820887396238941,-1,16.809472666496738,THOMPSON G,True,-11.11111111111111,-17.13012267527074
2010,PA,6,100493,133770,JIM GERLACH,R,-14.20497475060082,True,17.171717171717173,-1,-31.376691922317995,early,-13.820887396238941,-1,17.555804526079054,GERLACH J,True,17.171717171717173,-17.876454534853053
2010,PA,7,110314,137825,PATRICK MEEHAN,R,-11.086931115221711,True,13.131313131313131,0,-24.218244246534844,early,-13.820887396238941,-1,10.397356850295903,MEEHAN P,False,13.131313131313131,-10.718006859069904
2010,PA,8,113547,130759,MICHAEL G FITZPATRICK,R,-7.045262907992436,True,9.090909090909092,1,-16.136171998901528,early,-13.820887396238941,-1,2.3152846026625866,FITZPATRICK M,False,9.090909090909092,-2.6359346114365874
2010,PA,9,52322,141904,BILL SHUSTER,R,-46.12255825687601,True,-28.571428571428573,-1,-17.55112968544744,early,-13.820887396238941,-1,3.7302422892084977,SHUSTER B,True,-28.571428571428573,-4.050892297982498
2010,PA,10,89846,110599,THOMAS A MARINO,R,-10.353463543615456,True,-9.090909090909092,1,-1.2625544527063646,early,-13.820887396238941,-1,-12.558332943532577,MARINO T,False,-9.090909090909092,12.237682934758576
2010,PA,11,84618,102179,LOUIS J BARLETTA,R,-9.401114578927928,True,15.151515151515152,1,-24.55262973044308,early,-13.820887396238941,-1,10.731742334204139,BARLETTA L,False,15.151515151515152,-11.05239234297814
2010,PA,12,94056,91170,MARK S CRITZ,D,1.5580965955103496,True,-1.0101010101010102,0,2.56819760561136,early,-13.820887396238941,1,16.3890850018503,CRITZ M,False,-1.0101010101010102,16.068434993076302
2010,PA,13,118710,91987,ALLYSON Y SCHWARTZ,D,12.683142142507961,True,18.0,1,-5.316857857492039,early,-13.820887396238941,1,8.504029538746902,SCHWARTZ A,True,18.0,8.183379529972902
2010,PA,14,122073,49997,MICHAEL F DOYLE,D,41.887603882140986,True,41.41414141414141,1,0.4734624679995747,early,-13.820887396238941,1,14.294349864238516,DOYLE M,True,41.41414141414141,13.973699855464515
2010,PA,15,79766,109534,CHARLES W DENT,R,-15.725303750660327,True,13.131313131313131,-1,-28.85661688197346,early,-13.820887396238941,-1,15.035729485734517,DENT C,True,13.131313131313131,-15.356379494508518
2010,PA,16,70994,134113,JOSEPH R PITTS,R,-30.7736937305894,True,-3.0303030303030303,-1,-27.74339070028637,early,-13.820887396238941,-1,13.922503304047428,PITTS J,True,-3.0303030303030303,-14.243153312821429
2010,PA,17,118486,95000,TIM HOLDEN,D,11.00118977356829,True,-3.0303030303030303,1,14.03149280387132,early,-13.820887396238941,1,27.85238020011026,HOLDEN T,True,-3.0303030303030303,27.53173019133626
2010,PA,18,78558,161888,TIM MURPHY,R,-34.656430134000985,True,-11.11111111111111,-1,-23.545319022889874,early,-13.820887396238941,-1,9.724431626650933,MURPHY T,True,-11.11111111111111,-10.045081635424934
2010,PA,19,53549,165219,RODD RUSSELL PLATTS,R,-51.04494258758137,True,-13.131313131313131,0,-37.91362945626824,early,-13.820887396238941,-1,24.0927420600293,PLATTS R,False,-13.131313131313131,-24.413392068803297
2010,RI,1,81269,71542,DAVID N CICILLINE,D,6.365379455667458,True,32.6530612244898,0,-26.28768176882234,early,-13.820887396238941,1,-12.466794372583397,CICILLINE D,False,32.6530612244898,-12.787444381357398
2010,RI,2,104442,55409,JAMES R LANGEVIN,D,30.674190339753896,True,24.489795918367346,1,6.18439442138655,early,-13.820887396238941,1,20.00528181762549,LANGEVIN J,True,24.489795918367346,19.684631808851492
2010,SC,1,67008,152755,TIM SCOTT,R,-39.01794205576007,True,-15.151515151515152,0,-23.866426904244914,early,-13.820887396238941,-1,10.045539508005973,SCOTT T,False,-15.151515151515152,-10.366189516779974
2010,SC,2,113625,138861,JOE WILSON,R,-9.995009624296001,True,-9.090909090909092,-1,-0.9041005333869094,early,-13.820887396238941,-1,-12.916786862852032,WILSON J,True,-9.090909090909092,12.596136854078031
2010,SC,3,73095,126235,JEFF DUNCAN,R,-26.65930868409171,True,-29.292929292929294,0,2.6336206088375853,early,-13.820887396238941,-1,-16.454508005076526,DUNCAN J,False,-29.292929292929294,16.133857996302524
2010,SC,4,62438,137586,TREY GOWDY,R,-37.56949166100068,True,-22.448979591836736,0,-15.120512069163947,early,-13.820887396238941,-1,1.299624672925006,GOWDY T,False,-22.448979591836736,-1.6202746816990068
2010,SC,5,102296,125834,MICK MULVANEY,R,-10.317801253671153,True,-7.070707070707071,1,-3.247094182964082,early,-13.820887396238941,-1,-10.57379321327486,MULVANEY M,False,-7.070707070707071,10.253143204500859
2010,SC,6,125459,72661,JAMES E CLYBURN,D,26.649505350292753,True,29.292929292929294,1,-2.6434239426365416,early,-13.820887396238941,1,11.1774634536024,CLYBURN J,True,29.292929292929294,10.856813444828399
2010,SD,0,146589,153703,KRISTI NOEM,R,-2.369027479919545,True,-8.16326530612245,1,5.794237826202904,early,-13.820887396238941,-1,-19.615125222441847,NOEM K,False,-8.16326530612245,19.294475213667845
2010,TN,1,26045,123006,DAVID P ROE,R,-65.05223044461292,True,-41.41414141414141,0,-23.638089030471505,early,-13.820887396238941,-1,9.817201634232564,ROE D,False,-41.41414141414141,-10.137851643006565
2010,TN,2,25400,141796,JOHN J DUNCAN JR,R,-69.61649800234456,True,-30.612244897959183,-1,-39.00425310438537,early,-13.820887396238941,-1,25.18336570814643,DUNCAN J,True,-30.612244897959183,-25.504015716920428
2010,TN,3,45387,92032,CHUCK FLEISCHMANN,R,-33.94363224881567,True,-25.252525252525253,0,-8.691106996290415,early,-13.820887396238941,-1,-5.129780399948526,FLEISCHMANN C,False,-25.252525252525253,4.809130391174525
2010,TN,4,70254,103969,SCOTT DESJARLAIS,R,-19.35163554754539,True,-30.612244897959183,1,11.260609350413795,early,-13.820887396238941,-1,-25.081496746652736,DESJARLAIS S,False,-30.612244897959183,24.760846737878737
2010,TN,5,99162,74204,JIM COOPER,D,14.396133036466205,True,13.131313131313131,1,1.2648199051530735,early,-13.820887396238941,1,15.085707301392015,COOPER J,True,13.131313131313131,14.765057292618014
2010,TN,6,56145,128517,DIANE BLACK,R,-39.19160411995971,True,-25.252525252525253,0,-13.93907886743446,early,-13.820887396238941,-1,0.11819147119551943,BLACK D,False,-25.252525252525253,-0.43884147996952017
2010,TN,7,54347,158916,MARSHA BLACKBURN,R,-49.03288427903574,True,-31.31313131313131,-1,-17.71975296590443,early,-13.820887396238941,-1,3.898865569665489,BLACKBURN M,True,-31.31313131313131,-4.2195155784394895
2010,TN,8,64960,98759,STEPHEN LEE FINCHER,R,-20.644518962368448,True,-13.131313131313131,0,-7.513205831055316,early,-13.820887396238941,-1,-6.307681565183625,FINCHER S,False,-13.131313131313131,5.987031556409624
2010,TN,9,99827,33879,STEVE COHEN,D,49.32314181861697,True,55.55555555555556,1,-6.2324137369385895,early,-13.820887396238941,1,7.588473659300352,COHEN S,True,55.55555555555556,7.267823650526351
2010,TX,3,47848,101180,SAM JOHNSON,R,-35.786563598786806,True,-15.151515151515152,-1,-20.635048447271654,early,-13.820887396238941,-1,6.814161051032713,JOHNSON S,True,-15.151515151515152,-7.134811059806713
2010,TX,4,40975,136338,RALPH M HALL,R,-53.78229458640934,True,-39.39393939393939,-1,-14.388355192469952,early,-13.820887396238941,-1,0.5674677962310106,HALL R,True,-39.39393939393939,-0.8881178050050114
2010,TX,5,41649,106742,JEB HENSARLING,R,-43.86586787608413,True,-27.272727272727273,-1,-16.593140603356858,early,-13.820887396238941,-1,2.7722532071179167,HENSARLING J,True,-27.272727272727273,-3.0929032158919174
2010,TX,6,50717,107140,JOE BARTON,R,-35.743109269782146,True,-20.0,-1,-15.743109269782146,early,-13.820887396238941,-1,1.9222218735432044,BARTON J,True,-20.0,-2.242871882317205
2010,TX,8,34694,161417,KEVIN BRADY,R,-64.61799695070648,True,-48.0,-1,-16.617996950706484,early,-13.820887396238941,-1,2.797109554467543,BRADY K,True,-48.0,-3.1177595632415436
2010,TX,9,80107,24201,AL GREEN,D,53.597039536756526,True,54.0,1,-0.402960463243474,early,-13.820887396238941,1,13.417926932995467,GREEN A,True,54.0,13.097276924221466
2010,TX,10,74086,144980,MICHAEL T MCCAUL,R,-32.36193658532132,True,-11.11111111111111,-1,-21.250825474210206,early,-13.820887396238941,-1,7.429938077971265,MCCAUL M,True,-11.11111111111111,-7.750588086745266
2010,TX,11,23989,125581,K MICHAEL CONAWAY,R,-67.92271177375142,True,-52.0,-1,-15.922711773751416,early,-13.820887396238941,-1,2.101824377512475,CONAWAY K,True,-52.0,-2.422474386286476
2010,TX,12,38434,109882,KAY GRANGER,R,-48.172820194719385,True,-27.272727272727273,-1,-20.900092921992112,early,-13.820887396238941,-1,7.079205525753171,GRANGER K,True,-27.272727272727273,-7.3998555345271715
2010,TX,14,44431,140623,RON PAUL,R,-51.98050298831692,True,-33.333333333333336,-1,-18.647169654983585,early,-13.820887396238941,-1,4.826282258744644,PAUL R,True,-33.333333333333336,-5.146932267518645
2010,TX,15,53546,39964,RUBEN HINOJOSA,D,14.524649770078067,True,20.0,1,-5.475350229921933,early,-13.820887396238941,1,8.345537166317008,HINOJOSA R,True,20.0,8.024887157543008
2010,TX,16,49301,31051,SILVESTRE REYES,D,22.71256471525289,True,32.0,1,-9.287435284747112,early,-13.820887396238941,1,4.53345211149183,REYES S,True,32.0,4.212802102717829
2010,TX,17,63138,106696,BILL FLORES,R,-25.647396869884712,True,-35.35353535353536,1,9.706138483650644,early,-13.820887396238941,-1,-23.527025879889585,FLORES B,False,-35.35353535353536,23.206375871115583
2010,TX,18,85108,33067,SHEILA JACKSON LEE,D,44.03723291728369,True,55.55555555555556,1,-11.518322638271869,early,-13.820887396238941,1,2.3025647579670725,LEE S,True,55.55555555555556,1.9819147491930718
2010,TX,19,25984,106059,RANDY NEUGEBAUER,R,-60.64312383087328,True,-45.45454545454545,-1,-15.188578376327825,early,-13.820887396238941,-1,1.3676909800888843,NEUGEBAUER R,True,-45.45454545454545,-1.688340988862885
2010,TX,20,58645,31757,CHARLES A GONZALEZ,D,29.742704807415766,True,27.272727272727273,1,2.4699775346884927,early,-13.820887396238941,1,16.290864930927434,GONZALEZ C,True,27.272727272727273,15.970214922153433
2010,TX,21,65927,162924,LAMAR SMITH,R,-42.384346146619414,True,-17.171717171717173,-1,-25.21262897490224,early,-13.820887396238941,-1,11.3917415786633,SMITH L,True,-17.171717171717173,-11.7123915874373
2010,TX,22,62082,140537,PETE OLSON,R,-38.72045563347959,True,-17.171717171717173,-1,-21.548738461762415,early,-13.820887396238941,-1,7.727851065523474,OLSON P,True,-17.171717171717173,-8.048501074297475
2010,TX,23,67348,74853,"FRANCISCO \""QUICO\"" CANSECO",R,-5.277740662864537,True,3.0303030303030303,1,-8.308043693167567,early,-13.820887396238941,-1,-5.512843703071374,CANSECO F,False,3.0303030303030303,5.192193694297373
2010,TX,25,99967,84849,LLOYD DOGGETT,D,8.180027703229158,True,19.19191919191919,1,-11.011891488690033,early,-13.820887396238941,1,2.8089959075489084,DOGGETT L,True,19.19191919191919,2.4883458987749076
2010,TX,26,55385,120984,MICHAEL C BURGESS,R,-37.19417811520165,True,-17.171717171717173,-1,-20.02246094348448,early,-13.820887396238941,-1,6.2015735472455376,BURGESS M,True,-17.171717171717173,-6.522223556019538
2010,TX,27,50179,50976,R BLAKE FARENTHOLD,R,-0.7878997577974396,True,7.070707070707071,1,-7.85860682850451,early,-13.820887396238941,-1,-5.962280567734431,FARENTHOLD R,False,7.070707070707071,5.64163055896043
2010,TX,28,62773,46740,HENRY CUELLAR,D,14.640271018052651,True,12.0,1,2.640271018052651,early,-13.820887396238941,1,16.461158414291592,CUELLAR H,True,12.0,16.140508405517593
2010,TX,29,43257,22825,GENE GREEN,D,30.919161042341333,True,24.0,1,6.919161042341333,early,-13.820887396238941,1,20.740048438580274,GREEN G,True,24.0,20.41939842980627
2010,TX,30,86322,24668,EDDIE BERNICE JOHNSON,D,55.54914857194342,True,64.0,1,-8.45085142805658,early,-13.820887396238941,1,5.370035968182361,JOHNSON E,True,64.0,5.04938595940836
2010,TX,32,44258,79433,PETE SESSIONS,R,-28.43780064838994,True,-7.070707070707071,-1,-21.367093577682866,early,-13.820887396238941,-1,7.5462061814439245,SESSIONS P,True,-7.070707070707071,-7.866856190217925
2010,UT,1,46765,135247,ROB BISHOP,R,-48.61327824539041,True,-31.95876288659794,-1,-16.654515358792473,early,-13.820887396238941,-1,2.833627962553532,BISHOP R,True,-31.95876288659794,-3.1542779713275326
2010,UT,2,127151,116001,JIM MATHESON,D,4.585609001776667,True,-18.75,1,23.335609001776668,early,-13.820887396238941,1,37.156496398015605,MATHESON J,True,-18.75,36.83584638924161
2010,UT,3,44320,139721,JASON CHAFFETZ,R,-51.8368189696861,True,-39.583333333333336,-1,-12.253485636352764,early,-13.820887396238941,-1,-1.5674017598861774,CHAFFETZ J,True,-39.583333333333336,1.2467517511121766
2010,VA,1,73824,135564,ROBERT J WITTMAN,R,-29.485930425812366,True,-3.0303030303030303,-1,-26.455627395509335,early,-13.820887396238941,-1,12.634739999270394,WITTMAN R,True,-3.0303030303030303,-12.955390008044395
2010,VA,2,70591,88340,E SCOTT RIGELL,R,-11.167739459262195,True,2.0,1,-13.167739459262195,early,-13.820887396238941,-1,-0.6531479369767457,RIGELL E,False,2.0,0.33249792820274493
2010,VA,3,114754,44553,"ROBERT C \""BOBBY\"" SCOTT",D,44.06648797604625,True,52.0,1,-7.933512023953753,early,-13.820887396238941,1,5.887375372285188,SCOTT R,True,52.0,5.566725363511187
2010,VA,4,74298,123659,J RANDY FORBES,R,-24.93521320286729,True,1.0101010101010102,-1,-25.9453142129683,early,-13.820887396238941,-1,12.124426816729358,FORBES J,True,1.0101010101010102,-12.445076825503358
2010,VA,5,110562,119560,ROBERT HURT,R,-3.9100998600742214,True,-3.0303030303030303,1,-0.8797968297711911,early,-13.820887396238941,-1,-12.94109056646775,HURT R,False,-3.0303030303030303,12.62044055769375
2010,VA,7,79616,138209,ERIC CANTOR,R,-26.899116263055205,True,-7.070707070707071,-1,-19.828409192348133,early,-13.820887396238941,-1,6.007521796109192,CANTOR E,True,-7.070707070707071,-6.328171804883192
2010,VA,8,116404,71145,JAMES P MORAN,D,24.131826882574686,True,39.39393939393939,1,-15.262112511364705,early,-13.820887396238941,1,-1.4412251151257642,MORAN J,True,39.39393939393939,-1.761875123899765
2010,VA,9,86743,95726,H MORGAN GRIFFITH,R,-4.923028021198121,True,-19.19191919191919,1,14.26889117072107,early,-13.820887396238941,-1,-28.08977856696001,GRIFFITH H,False,-19.19191919191919,27.76912855818601
2010,VA,10,72604,131116,FRANK R WOLF,R,-28.721774985273907,True,7.070707070707071,-1,-35.792482055980976,early,-13.820887396238941,-1,21.971594659742035,WOLF F,True,7.070707070707071,-22.292244668516034
2010,VA,11,111720,110739,GERALD E CONNOLLY,D,0.44098013566544847,True,15.151515151515152,1,-14.710535015849704,early,-13.820887396238941,1,-0.8896476196107628,CONNOLLY G,True,15.151515151515152,-1.2102976283847635
2010,VT,0,154006,76403,PETER WELCH,D,33.680541992717295,True,37.37373737373738,1,-3.6931953810200824,early,-13.820887396238941,1,10.127692015218859,WELCH P,True,37.37373737373738,9.807042006444858
2010,WA,1,172642,126737,JAY INSLEE,D,15.333406818781544,True,26.53061224489796,1,-11.197205426116415,early,-13.820887396238941,1,2.623681970122526,INSLEE J,True,26.53061224489796,2.303031961348525
2010,WA,2,155241,148722,RICK LARSEN,D,2.144668923520297,True,14.285714285714286,1,-12.141045362193989,early,-13.820887396238941,1,1.6798420340449525,LARSEN R,True,14.285714285714286,1.3591920252709517
2010,WA,3,135654,152799,JAIME HERRERA,R,-5.9437759357676985,True,6.122448979591836,0,-12.066224915359534,early,-13.820887396238941,-1,-1.7546624808794071,HERRERA J,False,6.122448979591836,1.4340124721054064
2010,WA,4,74973,156726,DOC HASTINGS,R,-35.284140199137674,True,-18.367346938775512,-1,-16.916793260362162,early,-13.820887396238941,-1,3.095905864123221,HASTINGS D,True,-18.367346938775512,-3.416555872897222
2010,WA,5,101146,177235,CATHY MCMORRIS,R,-27.332684342681432,True,-6.122448979591836,-1,-21.210235363089595,early,-13.820887396238941,-1,7.389347966850654,MCMORRIS C,True,-6.122448979591836,-7.709997975624654
2010,WA,6,151873,109800,NORMAN D DICKS,D,16.078464342901256,True,16.3265306122449,1,-0.24806626934364218,early,-13.820887396238941,1,13.572821126895299,DICKS N,True,16.3265306122449,13.252171118121298
2010,WA,8,148581,161296,DAVID G REICHERT,R,-4.1032409633499745,True,15.151515151515152,-1,-19.254756114865128,early,-13.820887396238941,-1,5.4338687186261865,REICHERT D,True,15.151515151515152,-5.754518727400187
2010,WA,9,123743,101851,ADAM SMITH,D,9.704158798549607,True,19.19191919191919,1,-9.487760393369584,early,-13.820887396238941,1,4.333127002869357,SMITH A,True,19.19191919191919,4.012476994095357
2010,WI,1,79363,179819,PAUL RYAN,R,-38.758864427313625,True,3.0303030303030303,-1,-41.78916745761666,early,-13.820887396238941,-1,27.968280061377715,RYAN P,True,3.0303030303030303,-28.288930070151714
2010,WI,2,191164,118099,TAMMY BALDWIN,D,23.625522613439045,True,39.39393939393939,1,-15.768416780500345,early,-13.820887396238941,1,-1.9475293842614043,BALDWIN T,True,39.39393939393939,-2.268179393035405
2010,WI,3,126380,116838,RON KIND,D,3.923229366247564,True,17.171717171717173,1,-13.248487805469608,early,-13.820887396238941,1,0.5723995907693329,KIND R,True,17.171717171717173,0.25174958199533215
2010,WI,4,143559,61543,GWEN MOORE,D,39.98790845530517,True,51.515151515151516,1,-11.527243059846349,early,-13.820887396238941,1,2.2936443363925925,MOORE G,True,51.515151515151516,1.9729943276185917
2010,WI,5,90634,229642,F JAMES SENSENBRENNER,R,-43.402565287439586,True,-17.171717171717173,-1,-26.230848115722413,early,-13.820887396238941,-1,12.409960719483472,SENSENBRENNER F,True,-17.171717171717173,-12.730610728257473
2010,WI,6,75926,183271,THOMAS E PETRI,R,-41.414445383241315,True,1.0101010101010102,-1,-42.424546393342325,early,-13.820887396238941,-1,28.603658997103384,PETRI T,True,1.0101010101010102,-28.924309005877383
2010,WI,7,113018,132551,SEAN DUFFY,R,-7.95417988426878,True,13.131313131313131,0,-21.08549301558191,early,-13.820887396238941,-1,7.264605619342969,DUFFY S,False,13.131313131313131,-7.58525562811697
2010,WI,8,118646,143998,REID J RIBBLE,R,-9.652609616058239,True,9.090909090909092,1,-18.74351870696733,early,-13.820887396238941,-1,4.922631310728388,RIBBLE R,False,9.090909090909092,-5.243281319502389
2010,WV,1,89220,90660,DAVID B MCKINLEY,R,-0.800533689126084,True,-15.151515151515152,0,14.350981462389068,early,-13.820887396238941,-1,-28.17186885862801,MCKINLEY D,False,-15.151515151515152,27.851218849854007
2010,WV,2,55001,126814,SHELLEY MOORE CAPITO,R,-39.49784121222121,True,-11.11111111111111,-1,-28.3867301011101,early,-13.820887396238941,-1,14.565842704871159,CAPITO S,True,-11.11111111111111,-14.88649271364516
2010,WV,3,83636,65611,NICK J RAHALL II,D,12.077294685990339,True,-14.285714285714286,1,26.363008971704623,early,-13.820887396238941,1,40.18389636794356,RAHALL N,True,-14.285714285714286,39.863246359169565
2010,WY,0,45768,131661,CYNTHIA M LUMMIS,R,-48.409786449791184,True,-32.6530612244898,-1,-15.756725225301388,early,-13.820887396238941,-1,1.9358378290624465,LUMMIS C,True,-32.6530612244898,-2.2564878378364472
2012,AK,0,82927,185296,DON YOUNG,R,-38.1656308370274,True,-14.611398963730565,-1,-23.554231873296835,early,0.05740295584024491,-1,23.61163482913708,YOUNG D,True,-22.085889570552144,-12.720088348677422
2012,AL,2,103092,180591,MARTHA ROBY,R,-27.318873531371285,True,-26.686807653575027,-1,-0.6320658777962578,early,0.05740295584024491,-1,0.6894688336365027,ROBY M,True,-29.64824120603015,5.6890205924567
2012,AL,3,98141,175306,MIKE ROGERS,R,-28.219362435865087,True,-25.731584258324926,-1,-2.487778177540161,early,0.05740295584024491,-1,2.5451811333804057,ROGERS M,True,-26.209677419354836,1.3499679012875845
2012,AL,4,69706,199071,ROBERT B ADERHOLT,R,-48.13097846913985,True,-51.417004048582996,-1,3.286025579443148,early,0.05740295584024491,-1,-3.228622623602903,ADERHOLT R,True,-48.38056680161944,3.6092412502774245
2012,AL,5,101772,189185,MO BROOKS,R,-30.043270998807383,True,-29.352226720647774,-1,-0.6910442781596089,early,0.05740295584024491,-1,0.7484472339998538,BROOKS M,True,-26.592517694641053,-0.09110038636849538
2012,AL,6,88267,219262,SPENCER BACHUS,R,-42.59598281788059,True,-50.10101010101009,-1,7.5050272831295,early,0.05740295584024491,-1,-7.4476243272892555,BACHUS S,True,-49.54591321897073,10.309583318887977
2012,AL,7,232520,73835,TERRI A SEWELL,D,51.79775097517586,True,45.527638190954775,1,6.270112784221084,early,0.05740295584024491,1,6.212709828380839,SEWELL T,True,43.574297188755025,11.583106704218668
2012,AR,1,96601,138800,"ERIC A \""RICK\"" CRAWFORD",R,-17.926431918301112,True,-25.385405960945533,0,7.458974042644421,early,0.05740295584024491,-1,-7.401571086804176,CRAWFORD E,False,-19.341563786008226,4.774784785504949
2012,AR,2,113156,158175,TIM GRIFFIN,R,-16.591911724056594,True,-12.090163934426235,-1,-4.501747789630359,early,0.05740295584024491,-1,4.559150745470604,GRIFFIN T,True,-9.683995922528034,-3.5482628837307253
2012,AR,4,95013,154149,TOM COTTON,R,-23.733956221253642,True,-26.50972364380758,0,2.775767422553937,early,0.05740295584024491,-1,-2.718364466713692,COTTON T,False,-23.124357656731757,2.7500543532759494
2012,AZ,1,122774,113594,ANN KIRKPATRICK,D,3.8837744533947065,True,-2.5432349949135302,0,6.427009448308237,early,0.05740295584024491,1,6.369606492467992,KIRKPATRICK A,False,-3.2388663967611366,10.482293767953678
2012,AZ,2,147338,144884,RON BARBER,D,0.8397725017281382,True,-1.5259409969481181,0,2.3657134986762562,early,0.05740295584024491,1,2.3083105428360113,BARBER R,False,-0.9118541033434637,5.111279522869436
2012,AZ,3,98468,62663,RAUL M GRIJALVA,D,22.221049953143716,True,24.923702950152595,1,-2.7026529970088795,early,0.05740295584024491,1,-2.7600559528491244,GRIJALVA R,True,17.69464105156724,7.886061819374312
2012,AZ,4,69154,162907,PAUL A GOSAR,R,-40.40015340794015,True,-36.86354378818738,-1,-3.536609619752774,early,0.05740295584024491,-1,3.594012575593019,GOSAR P,True,-30.223123732251526,-6.817376757890791
2012,AZ,5,89589,183470,MATT SALMON,R,-34.38121431631992,True,-29.674796747967473,0,-4.706417568352446,early,0.05740295584024491,-1,4.763820524192691,SALMON M,False,-26.592517694641053,-4.429043703881032
2012,AZ,6,97666,179706,DAVID SCHWEIKERT,R,-29.577606968259232,True,-21.057985757884033,-1,-8.519621210375199,early,0.05740295584024491,-1,8.577024166215445,SCHWEIKERT D,True,-16.683518705763397,-9.534435344698
2012,AZ,8,95635,172809,TRENT FRANKS,R,-28.748640312318397,True,-25.152129817444226,-1,-3.5965104948741704,early,0.05740295584024491,-1,3.6539134507144153,FRANKS T,True,-22.42424242424243,-2.964744970278133
2012,AZ,9,121881,111630,KYRSTEN SINEMA,D,4.389943086192941,True,4.605936540429887,0,-0.21599345423694594,early,0.05740295584024491,1,-0.27339641007719084,SINEMA K,False,3.9513677811550143,3.798228222835762
2012,CA,1,125386,168827,DOUG LA MALFA,R,-14.76515313735287,True,-16.82146542827658,0,2.0563122909237084,early,0.05740295584024491,-1,-1.9989093350834635,MALFA D,False,,
2012,CA,2,226216,91310,JARED HUFFMAN,D,42.486599522558784,True,43.75,0,-1.2634004774412162,early,0.05740295584024491,1,-1.320803433281461,HUFFMAN J,False,,
2012,CA,3,126882,107086,JOHN GARAMENDI,D,8.460986117759694,True,11.49897330595482,1,-3.0379871881951264,early,0.05740295584024491,1,-3.0953901440353713,GARAMENDI J,True,,
2012,CA,4,125885,197803,TOM MCCLINTOCK,R,-22.218308988902894,True,-18.891170431211496,-1,-3.3271385576913985,early,0.05740295584024491,-1,3.3845415135316435,MCCLINTOCK T,True,,
2012,CA,5,202872,69545,MIKE THOMPSON,D,48.942246629248544,True,43.415637860082306,1,5.526608769166238,early,0.05740295584024491,1,5.469205813325993,THOMPSON M,True,,
2012,CA,6,160667,53406,DORIS O MATSUI,D,50.104870768382746,True,41.889117043121146,1,8.2157537252616,early,0.05740295584024491,1,8.158350769421354,MATSUI D,True,,
2012,CA,7,141241,132050,AMI BERA,D,3.3630818431635143,True,4.0983606557377055,-1,-0.7352788125741911,early,0.05740295584024491,1,-0.792681768414436,BERA A,False,,
2012,CA,9,118373,94704,JERRY MCNERNEY,D,11.108190935671143,True,18.079673135852904,1,-6.971482200181761,early,0.05740295584024491,1,-7.028885156022006,MCNERNEY J,True,,
2012,CA,10,98934,110265,JEFF DENHAM,R,-5.41637388324036,True,3.6885245901639356,-1,-9.104898473404296,early,0.05740295584024491,-1,9.16230142924454,DENHAM J,True,,
2012,CA,11,200743,87136,GEORGE MILLER,D,39.46345513219096,True,38.52459016393443,1,0.9388649682565315,early,0.05740295584024491,1,0.8814620124162866,MILLER G,True,,
2012,CA,14,203828,54455,JACKIE SPEIER,D,57.83307457323943,True,51.73824130879345,1,6.094833264445981,early,0.05740295584024491,1,6.037430308605736,SPEIER J,True,,
2012,CA,16,84649,62801,JIM COSTA,D,14.817226178365548,True,19.59183673469388,1,-4.774610556328334,early,0.05740295584024491,1,-4.8320135121685786,COSTA J,True,,
2012,CA,17,159392,57336,MICHAEL M HONDA,D,47.08943929718357,True,47.63860369609857,1,-0.5491643989150035,early,0.05740295584024491,1,-0.6065673547552484,HONDA M,True,,
2012,CA,18,212831,89103,ANNA G ESHOO,D,40.97849198831533,True,40.473738414006185,1,0.5047535743091416,early,0.05740295584024491,1,0.4473506184688967,ESHOO A,True,,
2012,CA,19,162300,59313,ZOE LOFGREN,D,46.4715517591477,True,45.752302968270214,1,0.7192487908774865,early,0.05740295584024491,1,0.6618458350372416,LOFGREN Z,True,,
2012,CA,20,172996,60566,SAM FARR,D,48.13711134516745,True,46.03501544799175,1,2.102095897175694,early,0.05740295584024491,1,2.044692941335449,FARR S,True,,
2012,CA,21,49119,67164,DAVID G VALADAO,R,-15.518175485668584,True,11.314984709480125,0,-26.833160195148707,early,0.05740295584024491,-1,26.890563150988953,VALADAO D,False,,
2012,CA,22,81555,132386,DEVIN NUNES,R,-23.759354214479693,True,-15.274949083503055,-1,-8.484405130976638,early,0.05740295584024491,-1,8.541808086816882,NUNES D,True,,
2012,CA,24,156749,127746,LOIS CAPPS,D,10.194555264591644,True,11.316872427983538,1,-1.1223171633918945,early,0.05740295584024491,1,-1.1797201192321394,CAPPS L,True,,
2012,CA,25,106982,129593,"HOWARD P \""BUCK\"" MCKEON",R,-9.557645566944943,True,-1.9487179487179545,-1,-7.608927618226989,early,0.05740295584024491,-1,7.666330574067234,MCKEON H,True,,
2012,CA,26,139072,124863,JULIA BROWNLEY,D,5.383522458180992,True,10.542476970317296,0,-5.158954512136304,early,0.05740295584024491,1,-5.2163574679765485,BROWNLEY J,False,,
2012,CA,27,154191,86817,JUDY CHU,D,27.955088627763395,True,28.278688524590166,1,-0.3235998968267708,early,0.05740295584024491,1,-0.3810028526670157,CHU J,True,,
2012,CA,28,188703,58008,ADAM B SCHIFF,D,52.97493828811849,True,45.247933884297524,1,7.727004403820963,early,0.05740295584024491,1,7.669601447980718,SCHIFF A,True,,
2012,CA,32,124903,65208,GRACE F NAPOLITANO,D,31.400076797239507,True,33.46980552712385,1,-2.0697287298843463,early,0.05740295584024491,1,-2.127131685724591,NAPOLITANO G,True,,
2012,CA,36,110189,97953,RAUL RUIZ,D,5.878678978774106,True,3.2586558044806546,-1,2.6200231742934514,early,0.05740295584024491,1,2.5626202184532065,RUIZ R,False,,
2012,CA,38,145280,69807,LINDA T SANCHEZ,D,35.08952191438813,True,32.58426966292135,1,2.5052522514667785,early,0.05740295584024491,1,2.4478492956265336,SANCHEZ L,True,,
2012,CA,39,106360,145607,EDWARD R ROYCE,R,-15.576246095718885,True,-3.7793667007150105,-1,-11.796879395003874,early,0.05740295584024491,-1,11.85428235084412,ROYCE E,True,,
2012,CA,41,103578,72074,MARK TAKANO,D,17.93546330243891,True,25.766871165644176,0,-7.831407863205264,early,0.05740295584024491,1,-7.888810819045509,TAKANO M,False,,
2012,CA,42,84702,130245,KEN CALVERT,R,-21.18801378944577,True,-15.423901940755874,-1,-5.764111848689895,early,0.05740295584024491,-1,5.82151480453014,CALVERT K,True,,
2012,CA,45,121814,171417,JOHN CAMPBELL,R,-16.916015018875903,True,-12.065439672801634,-1,-4.850575346074269,early,0.05740295584024491,-1,4.907978301914514,CAMPBELL J,True,,
2012,CA,46,95694,54121,LORETTA SANCHEZ,D,27.749557787938457,True,25.819672131147538,1,1.929885656790919,early,0.05740295584024491,1,1.8724827009506742,SANCHEZ L,True,,
2012,CA,47,130093,99919,ALAN LOWENTHAL,D,13.118445994122046,True,23.076923076923077,0,-9.95847708280103,early,0.05740295584024491,1,-10.015880038641274,LOWENTHAL A,False,,
2012,CA,48,113358,177144,DANA ROHRABACHER,R,-21.957163806101164,True,-11.97543500511771,-1,-9.981728800983454,early,0.05740295584024491,-1,10.0391317568237,ROHRABACHER D,True,,
2012,CA,49,114893,159725,DARRELL E ISSA,R,-16.325222672949334,True,-6.829765545361871,-1,-9.495457127587462,early,0.05740295584024491,-1,9.552860083427706,ISSA D,True,,
2012,CA,50,83455,174838,DUNCAN HUNTER,R,-35.37958829701153,True,-23.265306122448976,-1,-12.114282174562554,early,0.05740295584024491,-1,12.1716851304028,HUNTER D,True,,
2012,CA,51,113934,45464,JUAN VARGAS,D,42.95536957803736,True,41.20040691759919,0,1.7549626604381743,early,0.05740295584024491,1,1.6975597045979294,VARGAS J,False,,
2012,CA,52,151451,144459,SCOTT PETERS,D,2.3628806055895373,True,6.5439672801635975,-1,-4.18108667457406,early,0.05740295584024491,1,-4.238489630414305,PETERS S,False,,
2012,CA,53,164825,103482,SUSAN A DAVIS,D,22.862989038675845,True,25.56237218813906,1,-2.699383149463216,early,0.05740295584024491,1,-2.756786105303461,DAVIS S,True,,
2012,CO,1,237579,93217,DIANA DEGETTE,D,43.64079372181042,True,41.10429447852761,1,2.5364992432828046,early,0.05740295584024491,1,2.4790962874425597,DEGETTE D,True,43.95939086294416,3.0410557766640913
2012,CO,2,234758,162639,JARED POLIS,D,18.147847115101523,True,18.891170431211496,1,-0.7433233161099722,early,0.05740295584024491,1,-0.8007262719502171,POLIS J,True,24.390243902439025,-2.8827438695396665
2012,CO,3,142619,185291,SCOTT R TIPTON,R,-13.013326827483152,True,-6.147540983606557,0,-6.865785843876594,early,0.05740295584024491,-1,6.923188799716839,TIPTON S,False,-1.5259409969481181,-8.127732912737198
2012,CO,4,125800,200006,CORY GARDNER,R,-22.776130580775064,True,-19.75435005117707,-1,-3.0217805295979936,early,0.05740295584024491,-1,3.0791834854382385,GARDNER C,True,-14.750762970498474,-4.665714692478755
2012,CO,6,156937,163938,MIKE COFFMAN,R,-2.181846513439813,True,5.198776758409787,-1,-7.3806232718496005,early,0.05740295584024491,-1,7.4380262276898454,COFFMAN M,True,8.832487309644673,-7.654680905286652
2012,CO,7,182460,139066,ED PERLMUTTER,D,13.496264687770196,True,15.195071868583167,1,-1.6988071808129703,early,0.05740295584024491,1,-1.7562101366532152,PERLMUTTER E,True,17.023445463812433,-0.16752785824440153
2012,CT,1,206973,82321,JOHN B LARSON,D,43.088346111568164,True,28.008088978766423,1,15.08025713280174,early,0.05740295584024491,1,15.022854176961495,LARSON J,True,33.333333333333336,13.114665696032663
2012,CT,2,204708,88103,JOE COURTNEY,D,39.82261595363562,True,13.502538071065988,1,26.32007788256963,early,0.05740295584024491,1,26.262674926729385,COURTNEY J,True,18.864097363083168,24.318171508350286
2012,CT,3,217573,73726,ROSA L DELAURO,D,49.381219983590746,True,26.592517694641053,1,22.788702288949693,early,0.05740295584024491,1,22.731299333109448,DELAURO R,True,26.72064777327935,26.02022512810923
2012,CT,4,175929,117503,JAMES A HIMES,D,19.911257122604216,True,11.2008072653885,1,8.710449857215716,early,0.05740295584024491,1,8.653046901375472,HIMES J,True,20.04028197381671,3.2306280665853393
2012,CT,5,146098,138637,ELIZABETH ESTY,D,2.6203311851370574,True,8.299595141700408,0,-5.67926395656335,early,0.05740295584024491,1,-5.736666912403595,ESTY E,False,14.17004048582996,-8.190056382895067
2012,DE,0,249933,129757,JOHN C CARNEY,D,31.651083778872238,True,18.864097363083168,1,12.78698641578907,early,0.05740295584024491,1,12.729583459948824,CARNEY J,True,25.303643724696357,9.707092971973715
2012,GA,1,92399,157181,JACK KINGSTON,R,-25.95640676336245,True,-13.043478260869563,-1,-12.912928502492885,early,0.05740295584024491,-1,12.970331458333131,KINGSTON J,True,-10.663983903420524,-11.93276994214409
2012,GA,2,162751,92410,SANFORD D BISHOP JR,D,27.567300645474816,True,17.90744466800805,1,9.659855977466766,early,0.05740295584024491,1,9.60245302162652,BISHOP S,True,16.38190954773869,14.54504401553396
2012,GA,4,208861,75041,"HENRY C \""HANK\"" JOHNSON JR",D,47.135983543617165,True,48.387096774193544,1,-1.2511132305763795,early,0.05740295584024491,1,-1.3085161864166244,JOHNSON H,True,47.13567839195981,3.3599580694551925
2012,GA,5,234330,43335,JOHN LEWIS,D,68.78612716763006,True,68.0485338725986,1,0.7375932950314592,early,0.05740295584024491,1,0.6801903391912143,LEWIS J,True,69.81891348088531,2.3268666045425768
2012,GA,6,104365,189669,TOM PRICE,R,-29.011610902140568,True,-23.702950152594095,-1,-5.308660749546473,early,0.05740295584024491,-1,5.3660637053867175,PRICE T,True,-19.07164480322906,-6.580313181113674
2012,GA,7,95377,156689,ROB WOODALL,R,-24.32378821419787,True,-22.233502538071072,-1,-2.090285676126797,early,0.05740295584024491,-1,2.147688631967042,WOODALL R,True,-21.169354838709676,0.20521954230964212
2012,GA,9,60052,192101,DOUG COLLINS,R,-52.36860160299501,True,-58.417849898580116,0,6.049248295585109,early,0.05740295584024491,-1,-5.991845339744864,COLLINS D,False,-50.90909090909092,1.9001422238937486
2012,GA,11,90353,196968,PHIL GINGREY,R,-37.10658114095384,True,-35.97560975609756,-1,-1.1309713848562808,early,0.05740295584024491,-1,1.1883743406965257,GINGREY P,True,-29.898989898989896,-3.847938324166112
2012,GA,12,139148,119973,JOHN BARROW,D,7.400017752324204,True,-11.919191919191917,1,19.31920967151612,early,0.05740295584024491,1,19.261806715675874,BARROW J,True,-11.758793969849249,22.518464639971288
2012,GA,13,201988,79550,DAVID SCOTT,D,43.488978397232344,True,39.51612903225807,1,3.972849364974273,early,0.05740295584024491,1,3.915446409134028,SCOTT D,True,35.010060362173036,11.838570952857143
2012,GA,14,59245,159947,TOM GRAVES,R,-45.94237015949487,True,-48.62944162436549,-1,2.6870714648706198,early,0.05740295584024491,-1,-2.629668509030375,GRAVES T,True,-43.7246963562753,1.141979114578266
2012,HI,1,116505,96824,COLLEEN W HANABUSA,D,9.22565614614047,True,41.23606889564337,1,-32.010412749502905,early,0.05740295584024491,1,-32.06781570534315,HANABUSA C,True,42.59634888438134,-30.01103982044304
2012,HI,2,168503,40707,TULSI GABBARD,D,61.0850341761866,True,45.565749235474,0,15.519284940712602,early,0.05740295584024491,1,15.461881984872356,GABBARD T,False,49.338758901322485,15.105928192661953
2012,IA,1,222422,162465,BRUCE L BRALEY,D,15.577818944261562,True,13.880445795339414,1,1.6973731489221482,early,0.05740295584024491,1,1.6399701930819033,BRALEY B,True,18.301314459049546,0.6361574030098502
2012,IA,2,211863,161977,DAVID LOEBSACK,D,13.344211427348599,True,13.299492385786797,1,0.04471904156180173,early,0.05740295584024491,1,-0.012683914278443176,LOEBSACK D,True,15.704154002026343,0.9997103431200909
2012,IA,3,168632,202000,TOM LATHAM,R,-9.003000280601784,True,4.259634888438129,1,-13.262635169039914,early,0.05740295584024491,-1,13.32003812488016,LATHAM T,False,6.180344478216821,-11.82369184102077
2012,IA,4,169470,200063,STEVE KING,R,-8.278827601323833,True,-8.206686930091188,-1,-0.07214067123264556,early,0.05740295584024491,-1,0.12954362707289047,KING S,True,-1.7223910840932146,-3.1967835994327842
2012,ID,1,97450,199402,RAUL R LABRADOR,R,-34.344387101990215,True,-33.67662203913491,-1,-0.6677650628553025,early,0.05740295584024491,-1,0.7251680186955474,LABRADOR R,True,-28.07377049180328,-2.9109636923890996
2012,ID,2,110847,207412,MICHAEL K SIMPSON,R,-30.341639985043628,True,-31.893004115226333,-1,1.551364130182705,early,0.05740295584024491,-1,-1.4939611743424601,SIMPSON M,True,-23.975409836065577,-3.0065772311802164
2012,IL,1,236854,83989,BOBBY L RUSH,D,47.644798234650594,True,59.274193548387096,1,-11.629395313736502,early,0.05740295584024491,1,-11.686798269576748,RUSH B,True,62.73917421953676,-11.734723067088328
2012,IL,2,188303,69115,JESSE L JACKSON JR,D,46.30134644818933,True,62.70161290322581,1,-16.40026645503648,early,0.05740295584024491,1,-16.457669410876726,JACKSON J,True,63.34340382678751,-13.682404460800345
2012,IL,3,168738,77653,DANIEL LIPINSKI,D,36.96766521504438,True,13.502538071065988,1,23.46512714397839,early,0.05740295584024491,1,23.407724188138143,LIPINSKI D,True,18.135764944275582,22.19155318856663
2012,IL,4,133226,27279,LUIS V GUTIERREZ,D,66.00853555963988,True,65.10204081632654,1,0.9064947433133455,early,0.05740295584024491,1,0.8490917874731005,GUTIERREZ L,True,63.12056737588652,6.247621101551193
2012,IL,5,177729,77289,MIKE QUIGLEY,D,39.38545514434275,True,34.969325153374236,1,4.416129990968514,early,0.05740295584024491,1,4.358727035128269,QUIGLEY M,True,41.64133738601824,1.1037706761223411
2012,IL,6,132991,193138,PETER J ROSKAM,R,-18.442702120939874,True,-8.333333333333329,-1,-10.109368787606545,early,0.05740295584024491,-1,10.166771743446791,ROSKAM P,True,4.056795131845842,-19.13984433498788
2012,IL,8,123206,101860,TAMMY DUCKWORTH,D,9.48432904125901,True,16.7853509664293,-1,-7.301021925170289,early,0.05740295584024491,1,-7.358424881010534,DUCKWORTH T,False,24.746450304259636,-11.902468345202792
2012,IL,9,194869,98924,JANICE D SCHAKOWSKY,D,32.65734717981708,True,32.24821973550357,1,0.409127444313512,early,0.05740295584024491,1,0.3517244884732671,SCHAKOWSKY J,True,38.72598584428716,-2.7089857466722442
2012,IL,10,133890,130564,BRAD SCHNEIDER,D,1.2576856466531041,True,16.63286004056795,-1,-15.375174393914847,early,0.05740295584024491,1,-15.432577349755093,SCHNEIDER B,False,27.401415571284122,-22.784077006833183
2012,IL,11,148928,105348,BILL FOSTER,D,17.138856990042317,True,17.47967479674796,-1,-0.340817806705644,early,0.05740295584024491,1,-0.3982207625458889,FOSTER B,False,24.08906882591093,-3.5905589180707764
2012,IL,12,157000,129902,WILLIAM L ENYART,D,9.445036981268865,True,1.5321756894790601,0,7.912861291789805,early,0.05740295584024491,1,7.85545833594956,ENYART W,False,11.291963377416074,1.5127265216506256
2012,IL,13,136032,137034,RODNEY DAVIS,R,-0.36694425523499813,True,-0.30769230769230477,0,-0.05925194754269336,early,0.05740295584024491,-1,0.11665490338293827,DAVIS R,False,11.20162932790224,-8.208920665339402
2012,IL,14,124351,177603,RANDY HULTGREN,R,-17.635798830285406,True,-10.16260162601626,-1,-7.473197204269146,early,0.05740295584024491,-1,7.530600160109391,HULTGREN R,True,2.735562310030398,-17.01170822251797
2012,IL,15,94162,205775,JOHN SHIMKUS,R,-37.212147884389054,True,-30.40816326530612,-1,-6.803984619082936,early,0.05740295584024491,-1,6.861387574923181,SHIMKUS J,True,-12.83095723014257,-21.02153773644865
2012,IL,16,112301,181789,ADAM KINZINGER,R,-23.628141045258253,True,-7.849133537206927,-1,-15.779007508051325,early,0.05740295584024491,-1,15.836410463891571,KINZINGER A,True,1.8329938900203637,-22.101482017480784
2012,IL,17,153519,134623,CHERI BUSTOS,D,6.557877713072027,True,17.311608961303463,0,-10.753731248231436,early,0.05740295584024491,1,-10.811134204071681,BUSTOS C,False,21.82741116751269,-11.909880536642827
2012,IL,18,85164,244467,AARON SCHOCK,R,-48.32767549168616,True,-23.751274209989813,-1,-24.576401281696345,early,0.05740295584024491,-1,24.63380423753659,SCHOCK A,True,-10.45685279187817,-34.51116978201016
2012,IN,1,187743,91291,PETER J VISCLOSKY,D,34.56639692653942,True,24.137931034482765,1,10.428465892056654,early,0.05740295584024491,1,10.371062936216408,VISCLOSKY P,True,27.749747729566096,10.176302114771158
2012,IN,2,130113,134033,JACKIE WALORSKI,R,-1.4840277725197428,True,-14.256619144602851,0,12.772591372083108,early,0.05740295584024491,-1,-12.715188416242864,WALORSKI J,False,0.30333670374115695,1.572288441536935
2012,IN,3,92363,187872,MARLIN A STUTZMAN,R,-34.081752814602034,True,-27.291242362525452,-1,-6.790510452076582,early,0.05740295584024491,-1,6.847913407916827,STUTZMAN M,True,-13.131313131313131,-17.590786765491067
2012,IN,4,93015,168688,TODD ROKITA,R,-28.915602801649197,True,-24.539877300613497,-1,-4.375725501035699,early,0.05740295584024491,-1,4.433128456875944,ROKITA T,True,-9.7165991902834,-15.839350693567962
2012,IN,5,125347,194570,SUSAN BROOKS,R,-21.637799804324246,True,-17.107942973523418,0,-4.529856830800828,early,0.05740295584024491,-1,4.587259786641073,BROOKS S,False,-6.048387096774193,-12.229759789752219
2012,IN,6,96678,162613,LUKE MESSER,R,-25.428958197546386,True,-23.643807574206757,0,-1.7851506233396286,early,0.05740295584024491,-1,1.8425535791798735,MESSER L,False,-11.561866125760648,-10.507439153987903
2012,IN,7,162122,95828,ANDRE CARSON,D,25.700329521225044,True,27.97558494404883,1,-2.2752554228237862,early,0.05740295584024491,1,-2.332658378664031,CARSON A,True,33.80423814328961,-4.744255704266731
2012,IN,8,122325,151533,LARRY BUCSHON,R,-10.665381329009925,True,-19.183673469387752,-1,8.518292140377827,early,0.05740295584024491,-1,-8.460889184537582,BUCSHON L,True,-2.532928064842958,-4.772800346369133
2012,IN,9,132848,165332,TODD C YOUNG,R,-10.894090817626937,True,-16.85393258426966,-1,5.9598417666427235,early,0.05740295584024491,-1,-5.902438810802479,YOUNG T,True,-6.572295247724974,-0.9621426521041281
2012,KS,2,113735,167463,LYNN JENKINS,R,-19.10682152789138,True,-13.9344262295082,-1,-5.172395298383181,early,0.05740295584024491,-1,5.229798254223426,JENKINS L,True,-7.6452599388379205,-8.101908671255625
2012,KS,4,81770,161094,MIKE POMPEO,R,-32.66190131102181,True,-26.100307062436027,-1,-6.561594248585781,early,0.05740295584024491,-1,6.618997204426026,POMPEO M,True,-19.469928644240575,-9.832319748983398
2012,KY,1,87199,199956,ED WHITFIELD,R,-39.26694642266372,True,-34.82233502538072,-1,-4.444611397283005,early,0.05740295584024491,-1,4.50201435312325,WHITFIELD E,True,-25.0761421319797,-10.831151372886186
2012,KY,2,89541,181508,BRETT GUTHRIE,R,-33.93002741201775,True,-28.658536585365848,-1,-5.2714908266519025,early,0.05740295584024491,-1,5.328893782492147,GUTHRIE B,True,-24.620060790273552,-5.950313703946364
2012,KY,3,206385,111452,JOHN A YARMUTH,D,29.868454585211918,True,13.096446700507618,1,16.7720078847043,early,0.05740295584024491,1,16.714604928864055,YARMUTH J,True,13.53535353535354,19.692753967656213
2012,KY,4,104734,186036,THOMAS MASSIE,R,-27.96093132028751,True,-29.124236252545828,0,1.1633049322583169,early,0.05740295584024491,-1,-1.105901976418072,MASSIE T,False,-24.873096446700508,0.271818044210832
2012,KY,5,55447,195408,HAROLD ROGERS,R,-55.793585936098545,True,-52.74949083503055,-1,-3.0440951010679953,early,0.05740295584024491,-1,3.10149805690824,ROGERS H,True,-35.64154786150712,-16.79238515679359
2012,KY,6,141438,153222,"GARLAND \""ANDY\"" BARR",R,-3.999185501934433,True,-13.87755102040816,1,9.878365518473727,early,0.05740295584024491,-1,-9.820962562633483,BARR G,False,-9.035532994923864,8.396000410787266
2012,LA,1,61703,218340,STEVE SCALISE,R,-55.9331959734755,True,-44.989775051124745,-1,-10.943420922350754,early,0.05740295584024491,-1,11.000823878191,SCALISE S,True,-48.36734693877552,-4.206196116902145
2012,LA,2,230417,50146,CEDRIC L RICHMOND,D,64.25330496180894,True,53.75253549695741,1,10.50076946485153,early,0.05740295584024491,1,10.443366509011284,RICHMOND C,True,48.582995951417004,19.029961928189767
2012,LA,3,67070,240558,CHARLES W BOUSTANY JR,R,-56.39538663580689,True,-34.34959349593496,-1,-22.045793139871925,early,0.05740295584024491,-1,22.10319609571217,BOUSTANY C,True,-30.6205493387589,-22.415184379250153
2012,MA,3,212119,109372,NIKI TSONGAS,D,31.959526083156295,True,15.768056968463886,1,16.19146911469241,early,0.05740295584024491,1,16.134066158852164,TSONGAS N,True,19.75560081466395,15.56357818629018
2012,MA,4,221303,129936,JOSEPH P KENNEDY III,D,26.01277193022415,True,16.056910569105696,0,9.955861361118455,early,0.05740295584024491,1,9.898458405278209,KENNEDY J,False,22.88911495422177,6.4833098938002145
2012,MA,5,257490,82944,EDWARD J MARKEY,D,51.27161211864855,True,32.65513733468972,1,18.61647478395883,early,0.05740295584024491,1,18.559071828118583,MARKEY E,True,34.68972533062055,19.941539705825836
2012,MA,6,180942,176612,JOHN F TIERNEY,D,1.2110058900194096,True,10.953346855983778,1,-9.742340965964368,early,0.05740295584024491,1,-9.799743921804613,TIERNEY J,True,15.768056968463886,-11.197398160646642
2012,MA,8,263999,82242,STEPHEN F LYNCH,D,52.49436086425351,True,17.24137931034483,1,35.25298155390868,early,0.05740295584024491,1,35.19557859806844,LYNCH S,True,17.68292682926829,38.17108695278306
2012,MA,9,212754,116531,WILLIAM R KEATING,D,29.221798745767344,True,12.576064908722108,1,16.645733837045235,early,0.05740295584024491,1,16.58833088120499,KEATING W,True,17.47967479674796,15.101776866817218
2012,MD,1,107670,214204,ANDY HARRIS,R,-33.09804457644917,True,-23.13965341488277,-1,-9.9583911615664,early,0.05740295584024491,-1,10.015794117406646,HARRIS A,True,-21.632653061224495,-8.10573859742684
2012,MD,2,194088,92071,C A DUTCH RUPPERSBERGER,D,35.65046005891829,True,28.644240570846076,1,7.006219488072215,early,0.05740295584024491,1,6.94881653223197,RUPPERSBERGER C,True,23.547400611620798,15.462712365095328
2012,MD,3,213747,94549,JOHN P SARBANES,D,38.663492228248174,True,24.13087934560327,1,14.532612882644905,early,0.05740295584024491,1,14.47520992680466,SARBANES J,True,22.52803261977574,19.49511252627027
2012,MD,4,240385,64560,DONNA F EDWARDS,D,57.65793831674564,True,57.937310414560166,1,-0.2793720978145231,early,0.05740295584024491,1,-0.336775053654768,EDWARDS D,True,56.00403632694248,5.013554907600994
2012,MD,5,238618,95271,STENY H HOYER,D,42.93253147003944,True,34.213197969543145,1,8.719333500496298,early,0.05740295584024491,1,8.661930544656052,HOYER S,True,31.91489361702127,14.377290770816007
2012,MD,6,181921,117313,JOHN DELANEY,D,21.591129350274368,True,12.6530612244898,-1,8.938068125784568,early,0.05740295584024491,1,8.880665169944322,DELANEY J,False,14.54730417090539,10.403478097166813
2012,MD,7,247770,67405,ELIJAH E CUMMINGS,D,57.22693741572142,True,54.72081218274113,1,2.5061252329802954,early,0.05740295584024491,1,2.4487222771400505,CUMMINGS E,True,54.563894523326574,6.022695810192683
2012,MD,8,217531,113033,CHRIS VAN HOLLEN,D,31.612032768238524,True,26.53061224489796,1,5.081420523340565,early,0.05740295584024491,1,5.02401756750032,HOLLEN C,True,27.642276422764223,7.329409263272137
2012,ME,1,236363,128440,CHELLIE PINGREE,D,29.583912413000988,True,21.881390593047033,1,7.7025218199539545,early,0.05740295584024491,1,7.6451188641137096,PINGREE C,True,23.62525458248473,9.318310748314094
2012,ME,2,191456,137542,MICHAEL H MICHAUD,D,16.387333661602806,True,8.735868448098664,1,7.651465213504142,early,0.05740295584024491,1,7.594062257663897,MICHAUD M,True,11.42857142857143,8.31841515082921
2012,MI,1,165179,167060,DAN BENISHEK,R,-0.5661586990088461,True,-8.392315470171894,-1,7.826156771163048,early,0.05740295584024491,-1,-7.768753815322803,BENISHEK D,True,1.3251783893985773,1.4683158293904113
2012,MI,2,108973,194653,BILL HUIZENGA,R,-28.218927232845672,True,-13.01715438950555,-1,-15.201772843340123,early,0.05740295584024491,-1,15.259175799180369,HUIZENGA B,True,-2.339776195320445,-22.51949811972739
2012,MI,3,144108,171675,JUSTIN AMASH,R,-8.729728959443669,True,-7.381193124368052,-1,-1.3485358350756167,early,0.05740295584024491,-1,1.4059387909158616,AMASH J,True,1.1190233977619546,-6.48909943940779
2012,MI,4,104996,197386,DAVE CAMP,R,-30.55406737173509,True,-8.080808080808081,-1,-22.47325929092701,early,0.05740295584024491,-1,22.530662246767257,CAMP D,True,1.0183299389002036,-28.21274439283746
2012,MI,5,214531,103931,DANIEL T KILDEE,D,34.729418266543576,True,22.62626262626263,1,12.103155640280946,early,0.05740295584024491,1,12.0457526844407,KILDEE D,True,28.17904374364192,9.91002744069949
2012,MI,6,136563,174955,FRED UPTON,R,-12.324167463838366,True,-1.41414141414142,-1,-10.910026049696945,early,0.05740295584024491,-1,10.967429005537191,UPTON F,True,8.036622583926754,-17.001137129967287
2012,MI,7,136849,169668,TIM WALBERG,R,-10.707073343403465,True,-3.134479271991912,-1,-7.572594071411553,early,0.05740295584024491,-1,7.629997027251798,WALBERG T,True,3.462321792260692,-10.809742217866322
2012,MI,8,128657,202217,MIKE ROGERS,R,-22.232027901859922,True,-3.1281533804238157,-1,-19.103874521436108,early,0.05740295584024491,-1,19.161277477276354,ROGERS M,True,5.691056910569107,-24.563431894631194
2012,MI,9,208846,114760,SANDER M LEVIN,D,29.074244606095068,True,15.43895055499496,1,13.635294051100107,early,0.05740295584024491,1,13.577891095259861,LEVIN S,True,18.329938900203665,14.103958623689238
2012,MI,10,97734,226075,CANDICE S MILLER,R,-39.634784703328194,True,-11.717171717171713,-1,-27.91761298615648,early,0.05740295584024491,-1,27.975015941996727,MILLER C,True,-2.0408163265306123,-34.234315458999745
2012,MI,11,158879,181788,KERRY BENTIVOLIO,R,-6.724748801615654,True,-5.443548387096774,0,-1.2812004145188798,early,0.05740295584024491,-1,1.3386033703591247,BENTIVOLIO K,False,1.92893401015229,-5.294029893970109
2012,MI,12,216884,92472,JOHN D DINGELL,D,40.21644965670619,True,33.737373737373744,1,6.479075919332445,early,0.05740295584024491,1,6.4216729634922,DINGELL J,True,36.11393692777213,7.4621656467318935
2012,MI,14,270450,51395,GARY C PETERS,D,68.06226599760754,True,62.65060240963856,1,5.411663587968981,early,0.05740295584024491,1,5.354260632128736,PETERS G,True,65.55891238670694,5.863006528698438
2012,MN,1,193211,142164,TIMOTHY J WALZ,D,15.220872158032053,True,1.4314928425357858,1,13.789379315496268,early,0.05740295584024491,1,13.731976359656024,WALZ T,True,4.205128205128199,14.375396870701689
2012,MN,2,164338,193587,JOHN KLINE,R,-8.171823706083677,True,0.10193679918450706,-1,-8.273760505268184,early,0.05740295584024491,-1,8.331163461108428,KLINE J,True,2.9561671763506614,-7.768337964636503
2012,MN,3,159937,222335,ERIK PAULSEN,R,-16.322932362297003,True,0.8130081300813051,-1,-17.135940492378307,early,0.05740295584024491,-1,17.193343448218553,PAULSEN E,True,3.6585365853658547,-16.621816029865023
2012,MN,4,216685,109659,BETTY MCCOLLUM,D,32.795455102591134,True,27.551020408163264,1,5.24443469442787,early,0.05740295584024491,1,5.187031738587625,MCCOLLUM B,True,27.62487257900102,8.530235441387948
2012,MN,5,262102,88753,KEITH ELLISON,D,49.4075900300694,True,50.76923076923077,1,-1.3616407391613663,early,0.05740295584024491,1,-1.4190436950016112,ELLISON K,True,49.94892747701737,2.818315470849864
2012,MN,6,174944,179240,MICHELE BACHMANN,R,-1.2129288731280916,True,-15.306122448979592,-1,14.0931935758515,early,0.05740295584024491,-1,-14.035790620011255,BACHMANN M,True,-11.746680286006129,13.893404330675871
2012,MN,7,197791,114151,COLLIN C PETERSON,D,26.812676715543272,True,-9.999999999999998,1,36.81267671554327,early,0.05740295584024491,1,36.75527375970302,PETERSON C,True,-3.384615384615382,33.556945017956494
2012,MN,8,191976,160520,RICHARD NOLAN,D,8.92378920611865,True,5.617977528089887,-1,3.305811678028763,early,0.05740295584024491,1,3.2484087221885183,NOLAN R,False,8.811475409836067,3.471966714080418
2012,MO,1,267927,60832,WM LACY CLAY,D,62.99295228419602,True,61.740890688259114,1,1.2520615959369081,early,0.05740295584024491,1,1.1946586400966632,CLAY W,True,62.386248736097066,3.9663564658967907
2012,MO,2,146272,236971,ANN WAGNER,R,-23.66618568375678,True,-15.939086294416246,0,-7.727099389340534,early,0.05740295584024491,-1,7.784502345180779,WAGNER A,False,-6.262626262626265,-14.043906503332682
2012,MO,3,111189,214843,BLAINE LUETKEMEYER,R,-31.79258477695441,True,-26.401630988786955,-1,-5.3909537881674545,early,0.05740295584024491,-1,5.448356744007699,LUETKEMEYER B,True,-13.184584178498987,-15.248347680657588
2012,MO,4,113120,192237,VICKY HARTZLER,R,-25.90967294019787,True,-25.409836065573778,-1,-0.49983687462409065,early,0.05740295584024491,-1,0.5572398304643356,HARTZLER V,True,-14.837398373983742,-7.712621648416292
2012,MO,5,200290,122149,EMANUEL CLEAVER,D,24.234351303657437,True,19.837232960325533,1,4.397118343331904,early,0.05740295584024491,1,4.339715387491659,CLEAVER E,True,25.50607287449393,2.0879313469613408
2012,MO,6,108503,216906,SAM GRAVES,R,-33.31284629497033,True,-22.57405515832482,-1,-10.738791136645506,early,0.05740295584024491,-1,10.796194092485752,GRAVES S,True,-12.398373983739832,-17.554819393432663
2012,MO,7,98498,203565,BILLY LONG,R,-34.78314126523275,True,-38.100102145045966,-1,3.316960879813216,early,0.05740295584024491,-1,-3.259557923972971,LONG B,True,-28.252032520325205,-3.1714558271097104
2012,MO,8,73755,216083,JO ANN EMERSON,R,-49.10605234648321,True,-34.62717058222677,-1,-14.478881764256442,early,0.05740295584024491,-1,14.536284720096688,EMERSON J,True,-22.075279755849447,-23.67111967283593
2012,MS,1,114076,186760,ALAN NUNNELEE,R,-24.160672259968887,True,-25.176946410515672,-1,1.016274150546785,early,0.05740295584024491,-1,-0.95887119470654,NUNNELEE A,True,-26.060606060606055,5.259586718435003
2012,MS,2,214978,99160,BENNIE G THOMPSON,D,36.86851001789022,True,33.60160965794769,1,3.2669003599425324,early,0.05740295584024491,1,3.2094974041022875,THOMPSON B,True,29.175050301810863,11.053112633877195
2012,MS,4,82344,182998,STEVEN M PALAZZO,R,-37.93368558313422,True,-36.84210526315788,-1,-1.0915803199763374,early,0.05740295584024491,-1,1.1489832758165823,PALAZZO S,True,-37.17171717171718,2.5976845063807907
2012,MT,0,204939,255468,STEVE DAINES,R,-10.974854856681153,True,-14.109165808444898,0,3.1343109517637444,early,0.05740295584024491,-1,-3.0769079959234995,DAINES S,False,-2.2727272727272756,-5.342474666156043
2012,ND,0,131870,173585,KEVIN CRAMER,R,-13.656676106136747,True,-20.286885245901644,0,6.630209139764897,early,0.05740295584024491,-1,-6.572806183924652,CRAMER K,False,-8.886618998978545,-1.4104041893603672
2012,NE,1,81206,174889,JEFF FORTENBERRY,R,-36.58134676584861,True,-16.904276985743387,-1,-19.67706978010522,early,0.05740295584024491,-1,19.734472735945467,FORTENBERRY J,True,-10.253807106598979,-22.967886741451796
2012,NE,2,129767,133964,LEE TERRY,R,-1.5913942615771373,True,-7.302231237322511,-1,5.710836975745374,early,0.05740295584024491,-1,-5.653434019905129,TERRY L,True,1.214574898785428,0.5536837574352695
2012,NE,3,65266,187423,ADRIAN SMITH,R,-48.342824578830104,True,-43.26530612244899,-1,-5.077518456381114,early,0.05740295584024491,-1,5.134921412221359,SMITH A,True,-36.65987780040733,-8.32329386062494
2012,NH,1,171650,158659,CAROL SHEA-PORTER,D,3.9329839635008432,True,1.619433198380568,-1,2.313550765120275,early,0.05740295584024491,1,2.25614780928003,PORTER C,False,6.451612903225806,0.8410239780728719
2012,NH,2,169275,152977,ANN MCLANE KUSTER,D,5.057532614227375,True,9.82776089159068,-1,-4.770228277363305,early,0.05740295584024491,1,-4.82763123320355,KUSTER A,False,13.01715438950555,-4.59996885748034
2012,NJ,1,210470,92459,ROBERT E ANDREWS,D,38.956653209167825,True,31.64812942366026,1,7.308523785507564,early,0.05740295584024491,1,7.251120829667319,ANDREWS R,True,30.83923154701719,11.477074579948471
2012,NJ,2,116462,166677,FRANK A LOBIONDO,R,-17.735105372272983,True,8.190091001011123,-1,-25.925196373284106,early,0.05740295584024491,-1,25.98259932912435,LOBIONDO F,True,7.801418439716314,-22.176870894191463
2012,NJ,3,145506,174253,JON RUNYAN,R,-8.990208250588724,True,4.646464646464641,-1,-13.636672897053366,early,0.05740295584024491,-1,13.694075852893612,RUNYAN J,True,3.441295546558703,-9.071850879349592
2012,NJ,4,107991,195145,CHRISTOPHER H SMITH,R,-28.75079172384672,True,-9.605662285136502,-1,-19.14512943871022,early,0.05740295584024491,-1,19.202532394550467,SMITH C,True,-8.392315470171894,-16.998823335876992
2012,NJ,5,130100,167501,SCOTT GARRETT,R,-12.567498093084364,True,-3.134479271991912,-1,-9.433018821092451,early,0.05740295584024491,-1,9.490421776932696,GARRETT S,True,-2.0202020202020203,-7.187643155084508
2012,NJ,6,151782,84360,FRANK PALLONE JR,D,28.551464796605433,True,24.291497975708502,1,4.259966820896931,early,0.05740295584024491,1,4.202563865056686,PALLONE F,True,18.099089989888775,13.812027724514493
2012,NJ,7,123057,175662,LEONARD LANCE,R,-17.610195534934167,True,-6.2753036437246985,-1,-11.33489189120947,early,0.05740295584024491,-1,11.392294847049715,LANCE L,True,-4.453441295546557,-9.797101321589775
2012,NJ,8,130853,31763,ALBIO SIRES,D,60.93496334923993,True,58.18181818181817,1,2.7531451674217564,early,0.05740295584024491,1,2.6957422115815115,SIRES A,True,47.58064516129032,16.713971105747444
2012,NJ,9,162822,55091,BILL PASCRELL JR,D,49.43761960048276,True,37.84056508577195,1,11.597054514710813,early,0.05740295584024491,1,11.539651558870567,PASCRELL B,True,29.032258064516125,23.765014453764472
2012,NJ,11,123897,182237,RODNEY P FRELINGHUYSEN,R,-19.05701424866235,True,-5.858585858585856,-1,-13.198428390076495,early,0.05740295584024491,-1,13.25583134591674,FRELINGHUYSEN R,True,-5.146316851664986,-10.55104447919953
2012,NJ,12,189926,80906,RUSH D HOLT,D,40.25373663378035,True,34.47927199191102,1,5.774464641869329,early,0.05740295584024491,1,5.717061686029084,HOLT R,True,32.727272727272734,10.88611682430545
2012,NM,1,162924,112473,MICHELLE LUJAN GRISHAM,D,18.319371670715366,True,16.543730242360372,0,1.7756414283549944,early,0.05740295584024491,1,1.7182384725147495,GRISHAM M,False,20.9726443768997,0.7063802116134994
2012,NM,2,92162,133180,STEVEN PEARCE,R,-18.20255433962599,True,-7.039337474120088,-1,-11.163216865505902,early,0.05740295584024491,-1,11.220619821346148,PEARCE S,True,-1.8255578093306333,-13.017343612497523
2012,NM,3,167103,97616,BEN RAY LUJAN,D,26.249343643637214,True,19.54261954261954,1,6.706724101017674,early,0.05740295584024491,1,6.649321145177429,LUJAN B,True,24.01215805471125,5.596838506723799
2012,NV,1,113967,56521,DINA TITUS,D,33.69504012012575,True,33.877551020408156,0,-0.18251090028240213,early,0.05740295584024491,1,-0.23991385612264704,TITUS D,False,32.30769230769231,4.7470007302312816
2012,NV,2,102019,162213,MARK E AMODEI,R,-22.780738139210996,True,-8.290685772773799,0,-14.490052366437197,early,0.05740295584024491,-1,14.547455322277443,AMODEI M,False,1.2295081967213073,-20.65059341813447
2012,NV,3,116823,137244,JOSEPH J HECK,R,-8.03764361369245,True,0.81466395112016,-1,-8.85230756481261,early,0.05740295584024491,-1,8.909710520652855,HECK J,True,9.072375127421,-13.750365823315615
2012,NV,4,120501,101261,STEVEN A HORSFORD,D,8.675967929582164,True,10.907237512742096,0,-2.231269583159932,early,0.05740295584024491,1,-2.288672539000177,HORSFORD S,False,15.337423312883436,-3.301802465503437
2012,NY,1,145198,131650,TIMOTHY H BISHOP,D,4.893660058949315,True,0.5065856129685917,1,4.387074445980724,early,0.05740295584024491,1,4.329671490140479,BISHOP T,True,3.0303030303030303,5.22300994644412
2012,NY,2,99955,141950,PETER T KING,R,-17.36012070854261,True,4.453441295546557,-1,-21.813562004089167,early,0.05740295584024491,-1,21.870964959929413,KING P,True,3.0303030303030303,-17.030770821047806
2012,NY,3,157602,113021,STEVE ISRAEL,D,16.473470473684795,True,2.6262626262626205,1,13.847207847422174,early,0.05740295584024491,1,13.78980489158193,ISRAEL S,True,8.0,11.83312339148263
2012,NY,4,163955,85693,CAROLYN MCCARTHY,D,31.348939306543613,True,13.622603430877902,1,17.72633587566571,early,0.05740295584024491,1,17.668932919825465,MCCARTHY C,True,11.11111111111111,23.597481113230337
2012,NY,6,111499,50845,GRACE MENG,D,37.361405410732765,True,37.24696356275303,0,0.11444184797973378,early,0.05740295584024491,1,0.05703889213948887,MENG G,False,27.272727272727273,13.448331055803326
2012,NY,10,165000,39311,JERROLD NADLER,D,61.51846939225005,True,49.13880445795339,1,12.379664934296656,early,0.05740295584024491,1,12.32226197845641,NADLER J,True,53.535353535353536,11.342768774694346
2012,NY,11,92428,103118,MICHAEL G GRIMM,R,-5.4667443977376164,True,4.347826086956526,-1,-9.814570484694142,early,0.05740295584024491,-1,9.871973440534386,GRIMM M,True,-3.0303030303030303,0.9232115503632485
2012,NY,12,193455,46692,CAROLYN B MALONEY,D,61.1138177866057,True,56.300813008130085,1,4.813004778475616,early,0.05740295584024491,1,4.755601822635371,MALONEY C,True,61.61616161616162,2.857309088241916
2012,NY,14,120761,21755,JOSEPH CROWLEY,D,69.47009458587107,True,63.03030303030304,1,6.4397915555680285,early,0.05740295584024491,1,6.382388599727784,CROWLEY J,True,53.535353535353536,19.294393968315365
2012,NY,16,179561,53935,ELIOT L ENGEL,D,53.802206461780926,True,48.58870967741935,1,5.213496784361574,early,0.05740295584024491,1,5.156093828521329,ENGEL E,True,47.474747474747474,9.687111904831287
2012,NY,17,171417,91899,NITA M LOWEY,D,30.19869662306886,True,15.353535353535356,1,14.845161269533502,early,0.05740295584024491,1,14.787758313693256,LOWEY N,True,17.171717171717173,16.38663236914952
2012,NY,18,143845,133049,SEAN PATRICK MALONEY,D,3.8989649468749774,True,4.365482233502536,-1,-0.4665172866275582,early,0.05740295584024491,1,-0.5239202424678031,MALONEY S,False,5.05050505050505,2.208112814167762
2012,NY,19,133567,149736,CHRISTOPHER P GIBSON,R,-5.70731690098587,True,6.3265306122449,-1,-12.033847513230771,early,0.05740295584024491,-1,12.091250469071017,GIBSON C,True,8.16326530612245,-10.510929289310486
2012,NY,20,203400,93778,PAUL TONKO,D,36.88765655600347,True,20.81632653061225,1,16.07133002539122,early,0.05740295584024491,1,16.013927069550974,TONKO P,True,18.367346938775512,21.879962535025793
2012,NY,21,126631,121646,WILLIAM L OWENS,D,2.007838019631299,True,6.205493387589014,1,-4.197655367957715,early,0.05740295584024491,1,-4.25505832379796,OWENS W,True,5.05050505050505,0.31698588692408336
2012,NY,22,102080,157941,RICHARD L HANNA,R,-21.483264813226626,True,-0.40816326530612823,-1,-21.075101547920497,early,0.05740295584024491,-1,21.132504503760742,HANNA R,True,0.0,-18.12361189542879
2012,NY,23,127535,137669,TOM REED,R,-3.821209333192561,True,-1.2244897959183703,-1,-2.5967195372741907,early,0.05740295584024491,-1,2.6541224931144356,REED T,True,1.0101010101010102,-1.4716574254957369
2012,NY,24,143044,127054,DANIEL B MAFFEI,D,5.920073454820102,True,16.20795107033639,-1,-10.287877615516287,early,0.05740295584024491,1,-10.345280571356533,MAFFEI D,False,14.285714285714286,-5.00598791309635
2012,NY,25,179810,133389,LOUISE MCINTOSH SLAUGHTER,D,14.82156711866896,True,19.75560081466395,1,-4.934033695994989,early,0.05740295584024491,1,-4.991436651835234,SLAUGHTER L,True,19.19191919191919,-1.0106991554523947
2012,NY,26,212588,71666,BRIAN HIGGINS,D,49.57608336206351,True,30.142566191446033,1,19.433517170617474,early,0.05740295584024491,1,19.37611421477723,HIGGINS B,True,28.571428571428573,24.36430770843277
2012,NY,27,156219,161220,CHRIS COLLINS,R,-1.5754207895060153,True,-12.627291242362524,0,11.051870452856509,early,0.05740295584024491,-1,-10.994467497016263,COLLINS C,False,-10.204081632653061,11.98831376094488
2012,OH,1,131490,201907,STEVE CHABOT,R,-21.121065876417603,True,-6.180344478216821,-1,-14.940721398200782,early,0.05740295584024491,-1,14.998124354041028,CHABOT S,True,-4.646464646464641,-13.114948312155128
2012,OH,2,137077,194296,BRAD WENSTRUP,R,-17.267248689543205,True,-11.178861788617885,0,-6.08838690092532,early,0.05740295584024491,-1,6.145789856765565,WENSTRUP B,False,-10.050761421319804,-3.856834350425567
2012,OH,3,201897,77901,JOYCE BEATTY,D,44.316256728068105,True,41.379310344827594,0,2.9369463832405103,early,0.05740295584024491,1,2.8795434274002654,BEATTY J,False,36.57548125633233,11.100428389533608
2012,OH,4,114214,182643,JIM JORDAN,R,-23.0511660496468,True,-14.285714285714286,-1,-8.765451763932512,early,0.05740295584024491,-1,8.822854719772756,JORDAN J,True,-10.907237512742096,-8.784275619106868
2012,OH,5,137806,201514,ROBERT E LATTA,R,-18.775197453730993,True,-9.999999999999998,-1,-8.775197453730994,early,0.05740295584024491,-1,8.832600409571238,LATTA R,True,-6.313645621181265,-9.101898914751892
2012,OH,6,144444,164536,BILL JOHNSON,R,-6.502686258010227,True,-12.768130745658835,-1,6.265444487648608,early,0.05740295584024491,-1,-6.208041531808363,JOHNSON B,True,-8.588957055214722,5.44592371500233
2012,OH,7,137708,178104,BOB GIBBS,R,-12.791154230998188,True,-9.703779366700715,-1,-3.087374864297473,early,0.05740295584024491,-1,3.144777820137718,GIBBS B,True,-4.08997955010225,-5.341521763098104
2012,OH,9,217771,68668,MARCY KAPTUR,D,52.05401499097539,True,37.25888324873096,1,14.795131742244429,early,0.05740295584024491,1,14.737728786404183,KAPTUR M,True,35.77235772357723,19.641310185195994
2012,OH,10,131097,208201,MICHAEL R TURNER,R,-22.72456660516714,True,-1.9328585961342812,-1,-20.79170800903286,early,0.05740295584024491,-1,20.849110964873105,TURNER M,True,0.0,-19.364913687369306
2012,OH,12,134605,233869,PATRICK J TIBERI,R,-26.93921416436438,True,-10.681586978636826,-1,-16.257627185727554,early,0.05740295584024491,-1,16.3150301415678,TIBERI P,True,-9.035532994923864,-14.544028251642683
2012,OH,13,235492,88120,TIM RYAN,D,45.539720405918196,True,27.97558494404883,1,17.564135461869366,early,0.05740295584024491,1,17.50673250602912,RYAN T,True,27.01325178389399,21.886121539822042
2012,OH,14,131637,183657,DAVID P JOYCE,R,-16.498886753315954,True,-3.350253807106596,0,-13.148632946209357,early,0.05740295584024491,-1,13.206035902049603,JOYCE D,False,-0.30456852791877886,-12.83466530759934
2012,OH,15,128188,205274,STEVE STIVERS,R,-23.11687688552219,True,-5.702647657841142,-1,-17.414229227681048,early,0.05740295584024491,-1,17.471632183521294,STIVERS S,True,-6.205493387589014,-13.551730580135338
2012,OH,16,170600,185165,JAMES B RENACCI,R,-4.093994631287507,True,-8.316430020283972,1,4.222435388996465,early,0.05740295584024491,-1,-4.16503243315622,RENACCI J,False,-4.1624365482233445,3.428094834733672
2012,OK,1,91421,181084,JIM BRIDENSTINE,R,-32.903249481660886,True,-31.599999999999994,0,-1.3032494816608917,early,0.05740295584024491,-1,1.3606524375011366,BRIDENSTINE J,False,-28.400000000000006,-1.1435965638630456
2012,OK,2,96081,143701,MARKWAYNE MULLIN,R,-19.8597058995254,True,-35.599999999999994,0,15.740294100474593,early,0.05740295584024491,-1,-15.682891144634347,MULLIN M,False,-31.400000000000006,14.899947018272439
2012,OK,3,53472,201744,FRANK D LUCAS,R,-58.09667105510626,True,-47.8,-1,-10.296671055106266,early,0.05740295584024491,-1,10.354074010946512,LUCAS F,True,-45.8,-8.937018137308431
2012,OK,4,71846,176740,TOM COLE,R,-42.196262058201185,True,-34.199999999999996,-1,-7.996262058201189,early,0.05740295584024491,-1,8.053665014041435,COLE T,True,-32.199999999999996,-6.636609140403355
2012,OK,5,97504,153603,JAMES LANKFORD,R,-22.340675488934995,True,-18.400000000000006,-1,-3.940675488934989,early,0.05740295584024491,-1,3.998078444775234,LANKFORD J,True,-18.400000000000006,-0.5810225711371544
2012,OR,1,197845,109699,SUZANNE BONAMICI,D,28.66126472959967,True,17.78006166495375,0,10.88120306464592,early,0.05740295584024491,1,10.823800108805674,BONAMICI S,False,22.507708119218908,9.513209528178596
2012,OR,2,96741,228043,GREG WALDEN,R,-40.42748411251786,True,-16.75231243576567,-1,-23.67517167675219,early,0.05740295584024491,-1,23.732574632592435,WALDEN G,True,-10.813594232749743,-26.254236961970282
2012,OR,3,264979,70325,EARL BLUMENAUER,D,58.05299071887004,True,48.91416752843847,1,9.138823190431573,early,0.05740295584024491,1,9.081420234591327,BLUMENAUER E,True,50.00000000000001,11.41264363666787
2012,OR,4,212866,140549,PETER A DEFAZIO,D,20.462345967205692,True,6.928645294725959,1,13.533700672479734,early,0.05740295584024491,1,13.47629771663949,DEFAZIO P,True,11.867905056759545,11.954093828243982
2012,OR,5,177229,139223,KURT SCHRADER,D,12.010036277223717,True,3.483606557377048,1,8.52642971984667,early,0.05740295584024491,1,8.469026764006426,SCHRADER K,True,9.053497942386828,6.316191252634724
2012,PA,1,235394,41708,ROBERT A BRADY,D,69.89700543482184,True,65.92741935483873,1,3.9695860799831024,early,0.05740295584024491,1,3.9121831241428575,BRADY R,True,58.50956696878146,14.747091383838207
2012,PA,3,123933,165826,MIKE KELLY,R,-14.457877063352647,True,-12.778904665314405,-1,-1.6789723980382423,early,0.05740295584024491,-1,1.7363753538784872,KELLY M,True,-6.085192697768763,-5.01303144778605
2012,PA,4,104643,181603,SCOTT PERRY,R,-26.885965218727947,True,-15.821501014198786,0,-11.06446420452916,early,0.05740295584024491,-1,11.121867160369405,PERRY S,False,-8.796764408493422,-14.729547892436688
2012,PA,5,104725,177740,GLENN THOMPSON,R,-25.84922025737702,True,-15.821501014198786,-1,-10.027719243178234,early,0.05740295584024491,-1,10.085122199018478,THOMPSON G,True,-4.462474645030425,-18.02709269454876
2012,PA,6,143803,191725,JIM GERLACH,R,-14.282563601249374,True,-2.532928064842958,-1,-11.749635536406416,early,0.05740295584024491,-1,11.807038492246662,GERLACH J,True,7.070707070707071,-17.99361775415861
2012,PA,7,143509,209942,PATRICK MEEHAN,R,-18.795533185646665,True,-1.9211324570272987,-1,-16.874400728619367,early,0.05740295584024491,-1,16.931803684459613,MEEHAN P,True,3.43434343434344,-18.87022370219227
2012,PA,8,152859,199379,MICHAEL G FITZPATRICK,R,-13.206979371901953,True,-0.10131712259371979,-1,-13.105662249308233,early,0.05740295584024491,-1,13.163065205148477,FITZPATRICK M,True,7.583417593528816,-17.430744047632935
2012,PA,9,105128,169177,BILL SHUSTER,R,-23.3495561509998,True,-27.254305977710235,-1,3.904749826710436,early,0.05740295584024491,-1,-3.847346870870191,SHUSTER B,True,-17.206477732793523,-2.783425500408441
2012,PA,10,94227,179563,TOM MARINO,R,-31.168413747762884,True,-22.030456852791882,-1,-9.137956894971001,early,0.05740295584024491,-1,9.195359850811247,MARINO T,True,-14.372469635627533,-13.436291194337517
2012,PA,11,118231,166967,LOU BARLETTA,R,-17.088478881338578,True,-9.552845528455283,-1,-7.535633352883295,early,0.05740295584024491,-1,7.59303630872354,BARLETTA L,True,-4.65587044534413,-9.072955518196613
2012,PA,12,163589,175352,KEITH J ROTHFUS,R,-3.4705155174499396,True,-17.1225937183384,1,13.652078200888461,early,0.05740295584024491,-1,-13.594675245048215,ROTHFUS K,False,-9.514170040485828,9.403307440833723
2012,PA,13,209901,93918,ALLYSON Y SCHWARTZ,D,38.17503184461801,True,33.602421796165494,1,4.572610048452518,early,0.05740295584024491,1,4.515207092612273,SCHWARTZ A,True,31.987891019172555,9.546793743243292
2012,PA,14,251932,75702,MICHAEL F DOYLE,D,53.78867883064639,True,37.931034482758626,1,15.857644347887764,early,0.05740295584024491,1,15.800241392047518,DOYLE M,True,35.35353535353536,21.794796394908868
2012,PA,15,128764,168960,CHARLES W DENT,R,-13.501094973868415,True,-2.938196555217831,-1,-10.562898418650585,early,0.05740295584024491,-1,10.620301374490829,DENT C,True,5.572441742654508,-15.713883798725089
2012,PA,16,111185,156192,JOSEPH R PITTS,R,-16.832786664522377,True,-6.180344478216821,-1,-10.652442186305557,early,0.05740295584024491,-1,10.709845142145802,PITTS J,True,1.1099899091826453,-14.583123655907187
2012,PA,17,161393,106208,MATTHEW A CARTWRIGHT,D,20.62212024618742,True,12.259371833839923,0,8.362748412347498,early,0.05740295584024491,1,8.305345456507254,CARTWRIGHT M,False,15.182186234817815,8.799586929167441
2012,PA,18,122146,216727,TIM MURPHY,R,-27.910456129582467,True,-17.08796764408493,-1,-10.822488485497537,early,0.05740295584024491,-1,10.879891441337783,MURPHY T,True,-11.51515151515152,-13.035651696633114
2012,RI,1,108612,83737,DAVID N CICILLINE,D,12.932222158680316,True,34.55284552845528,1,-21.62062336977496,early,0.05740295584024491,1,-21.678026325615207,CICILLINE D,True,35.36585365853659,-19.073978582058434
2012,RI,2,124067,78189,JAMES R LANGEVIN,D,22.68313424570841,True,21.916411824668707,1,0.7667224210397023,early,0.05740295584024491,1,0.7093194651994574,LANGEVIN J,True,21.995926680244402,4.046860483261842
2012,SC,1,103557,179908,TIM SCOTT,R,-26.934894960577143,True,-18.375634517766493,-1,-8.55926044281065,early,0.05740295584024491,-1,8.616663398650896,SCOTT T,True,-13.562753036437243,-10.012489006342065
2012,SC,3,84735,169512,JEFF DUNCAN,R,-33.344346245973405,True,-31.097560975609753,-1,-2.2467852703636524,early,0.05740295584024491,-1,2.3041882262038973,DUNCAN J,True,-28.803245436105477,-1.1814478920700928
2012,SC,4,89964,173201,TREY GOWDY,R,-31.62920601143769,True,-26.422764227642276,-1,-5.206441783795416,early,0.05740295584024491,-1,5.263844739635661,GOWDY T,True,-23.296032553407933,-4.973520540231924
2012,SC,5,123443,154324,MICK MULVANEY,R,-11.117591362544866,True,-11.651469098277609,-1,0.5338777357327427,early,0.05740295584024491,-1,-0.47647477989249776,MULVANEY M,True,-11.33603238866397,3.5780939439169384
2012,SC,7,122389,153068,TOM RICE,R,-11.13749151410202,True,-10.212335692618808,0,-0.9251558214832123,early,0.05740295584024491,-1,0.9825587773234572,RICE T,False,-8.392315470171894,0.6144768738677087
2012,SD,0,153789,207640,KRISTI L NOEM,R,-14.899468498653954,True,-18.404907975460123,-1,3.5054394768061687,early,0.05740295584024491,-1,-3.448036520965924,NOEM K,True,-8.682328907048008,-2.8574866738081113
2012,TN,1,47663,182252,DAVID P ROE,R,-58.538590348607094,True,-47.76422764227642,-1,-10.774362706330677,early,0.05740295584024491,-1,10.831765662170923,ROE D,True,-41.92893401015228,-13.250003420656977
2012,TN,2,54522,196894,JOHN J DUNCAN JR,R,-56.62805867566106,True,-37.06720977596742,-1,-19.56084889969364,early,0.05740295584024491,-1,19.618251855533885,DUNCAN J,True,-29.949238578680202,-23.319167179183022
2012,TN,3,91094,157830,"CHARLES J \""CHUCK\"" FLEISCHMANN",R,-26.80978933329048,True,-28.658536585365848,-1,1.8487472520753663,early,0.05740295584024491,-1,-1.7913442962351214,FLEISCHMANN C,True,-24.34077079107505,0.8906343755824047
2012,TN,4,102022,128568,SCOTT DESJARLAIS,R,-11.512207814736112,True,-32.72357723577235,-1,21.211369421036242,early,0.05740295584024491,-1,-21.153966465195996,DESJARLAIS S,True,-27.23577235772358,19.083217460785303
2012,TN,5,171621,86240,JIM COOPER,D,33.11124985942038,True,13.617886178861786,1,19.493363680558595,early,0.05740295584024491,1,19.43596072471835,COOPER J,True,16.396761133603242,20.074141643614976
2012,TN,7,61679,182730,MARSHA BLACKBURN,R,-49.52804520291806,True,-33.26572008113591,-1,-16.262325121782148,early,0.05740295584024491,-1,16.319728077622393,BLACKBURN M,True,-26.44376899696049,-19.724623288159734
2012,TN,8,79490,190923,STEPHEN LEE FINCHER,R,-41.208447818706944,True,-33.67037411526795,-1,-7.538073703438997,early,0.05740295584024491,-1,7.5954766592792415,FINCHER S,True,-29.49494949494949,-8.353845405959618
2012,TN,9,188422,59742,STEVE COHEN,D,51.85280701471608,True,57.862903225806456,1,-6.010096211090378,early,0.05740295584024491,1,-6.067499166930623,COHEN S,True,54.77386934673367,0.43859058578024346
2012,TX,1,67222,178322,LOUIE GOHMERT,R,-45.246473137197405,True,-44.5005045408678,-1,-0.7459685963296039,early,0.05740295584024491,-1,0.8033715521698488,GOHMERT L,True,-39.39393939393939,-2.4928808254601798
2012,TX,2,80512,159664,TED POE,R,-32.955832389580976,True,-27.715736040609134,-1,-5.240096348971843,early,0.05740295584024491,-1,5.297499304812088,POE T,True,-25.252525252525253,-4.343654219257889
2012,TX,4,60214,182679,RALPH M HALL,R,-50.41932044151128,True,-49.79757085020243,-1,-0.6217495913088484,early,0.05740295584024491,-1,0.6791525471490933,HALL R,True,-41.41414141414141,-5.645526109572035
2012,TX,5,69178,134091,JEB HENSARLING,R,-31.9345301054268,True,-30.43478260869565,-1,-1.4997474967311497,early,0.05740295584024491,-1,1.5571504525713946,HENSARLING J,True,-25.252525252525253,-3.322351935103711
2012,TX,6,98053,145019,JOE BARTON,R,-19.321847024749868,True,-17.32522796352584,-1,-1.9966190612240275,early,0.05740295584024491,-1,2.0540220170642725,BARTON J,True,-15.151515151515152,-0.810678955436881
2012,TX,7,85553,142793,JOHN ABNEY CULBERSON,R,-25.0672225482382,True,-21.624365482233497,-1,-3.442857066004702,early,0.05740295584024491,-1,3.500260021844947,CULBERSON J,True,-19.19191919191919,-2.515650438521174
2012,TX,8,51051,194043,KEVIN BRADY,R,-58.34169747117433,True,-56.02836879432624,-1,-2.313328676848087,early,0.05740295584024491,-1,2.370731632688332,BRADY K,True,-47.474747474747474,-7.507297078629019
2012,TX,9,144075,36139,AL GREEN,D,59.89323803922004,True,57.416750756811304,1,2.4764872824087334,early,0.05740295584024491,1,2.4190843265684885,GREEN A,True,53.535353535353536,9.717537421664336
2012,TX,10,95710,159783,MICHAEL T MCCAUL,R,-25.078182181116507,True,-20.735444330949953,-1,-4.342737850166554,early,0.05740295584024491,-1,4.400140806006799,MCCAUL M,True,-13.131313131313131,-8.58721613200554
2012,TX,11,41970,177742,K MICHAEL CONAWAY,R,-61.79544130498107,True,-60.323886639676104,-1,-1.4715546653049643,early,0.05740295584024491,-1,1.5289576211452092,CONAWAY K,True,-53.535353535353536,-4.900434851829697
2012,TX,12,66080,175649,KAY GRANGER,R,-45.327205258781525,True,-35.63451776649746,-1,-9.692687492284065,early,0.05740295584024491,-1,9.750090448124311,GRANGER K,True,-29.292929292929294,-12.674623048054396
2012,TX,14,109697,131460,RANDY WEBER,R,-9.02441148297582,True,-20.04048582995951,0,11.016074346983691,early,0.05740295584024491,-1,-10.958671391143447,WEBER R,False,-15.151515151515152,9.486756586337167
2012,TX,15,89296,54056,RUBEN HINOJOSA,D,24.582845024833976,True,16.07684529828109,1,8.505999726552886,early,0.05740295584024491,1,8.44859677071264,HINOJOSA R,True,15.151515151515152,12.790982791116658
2012,TX,16,101403,51043,BETO O'ROURKE,D,33.03464833449221,True,30.09118541033435,0,2.94346292415786,early,0.05740295584024491,1,2.886059968317615,ROURKE B,False,29.292929292929294,7.101371959360751
2012,TX,18,146223,44015,SHEILA JACKSON LEE,D,53.72638484424773,True,53.892821031344795,1,-0.16643618709706232,early,0.05740295584024491,1,-0.22383914293730722,LEE S,True,54.0,3.0860377620455672
2012,TX,20,119032,62376,JOAQUIN CASTRO,D,31.23125771741048,True,19.47261663286004,0,11.75864108455044,early,0.05740295584024491,1,11.701238128710195,CASTRO J,False,17.171717171717173,17.41919346349114
2012,TX,21,109326,187015,LAMAR SMITH,R,-26.216082148605828,True,-22.415557830092123,-1,-3.8005243185137054,early,0.05740295584024491,-1,3.8579272743539503,SMITH L,True,-14.285714285714286,-8.570714945093707
2012,TX,22,80203,160668,PETE OLSON,R,-33.40584794350503,True,-25.708502024291494,-1,-7.697345919213536,early,0.05740295584024491,-1,7.754748875053781,OLSON P,True,-21.21212121212121,-8.834073813585984
2012,TX,23,96676,87547,PETE P GALLEGO,D,4.955407305276757,True,-2.6315789473684217,-1,7.586986252645179,early,0.05740295584024491,1,7.529583296804934,GALLEGO P,False,1.0101010101010102,7.304959212973581
2012,TX,24,87645,148586,KENNY MARCHANT,R,-25.797206971142653,True,-22.76422764227642,-1,-3.032979328866233,early,0.05740295584024491,-1,3.090382284706478,MARCHANT K,True,-17.171717171717173,-5.265836881627646
2012,TX,25,98827,154245,ROGER WILLIAMS,R,-21.898115951191755,True,-22.620266120777895,0,0.7221501695861399,early,0.05740295584024491,-1,-0.664747213745895,WILLIAMS R,False,-13.131313131313131,-5.407149902080789
2012,TX,26,74237,176642,MICHAEL C BURGESS,R,-40.81848221652669,True,-37.53814852492369,-1,-3.2803336916029977,early,0.05740295584024491,-1,3.3377366474432426,BURGESS M,True,-29.292929292929294,-8.16590000579956
2012,TX,27,83395,120684,BLAKE FARENTHOLD,R,-18.271845706809618,True,-22.593718338399185,0,4.321872631589567,early,0.05740295584024491,-1,-4.264469675749322,FARENTHOLD B,False,-19.19191919191919,4.279726402907407
2012,TX,28,112456,49309,HENRY CUELLAR,D,39.03625629771582,True,21.818181818181813,1,17.21807447953401,early,0.05740295584024491,1,17.160671523693765,CUELLAR H,True,17.171717171717173,25.224192043796485
2012,TX,30,171059,41222,EDDIE BERNICE JOHNSON,D,61.162798366316345,True,60.483870967741936,1,0.6789273985744089,early,0.05740295584024491,1,0.621524442734164,JOHNSON E,True,57.57575757575758,6.946693708356602
2012,TX,31,82977,145348,JOHN R CARTER,R,-27.316763385525018,True,-21.756894790602658,-1,-5.55986859492236,early,0.05740295584024491,-1,5.617271550762605,CARTER J,True,-13.131313131313131,-10.825797336414052
2012,TX,32,99288,146653,PETE SESSIONS,R,-19.25868399331547,True,-15.736040609137056,-1,-3.522643384178412,early,0.05740295584024491,-1,3.580046340018657,SESSIONS P,True,-11.11111111111111,-4.787919964406523
2012,TX,33,85114,30252,MARC VEASEY,D,47.5547388311981,True,45.307769929364284,0,2.2469689018338173,early,0.05740295584024491,1,2.1895659459935723,VEASEY M,False,38.0,12.914391748995936
2012,TX,34,89606,52448,FILEMON VELA,D,26.157658355273348,True,22.70433905146317,0,3.4533193038101793,early,0.05740295584024491,1,3.3959163479699344,VELA F,False,21.21212121212121,8.305190060949972
2012,TX,35,105626,52894,LLOYD DOGGETT,D,33.26520312894272,True,29.098360655737707,1,4.1668424732050156,early,0.05740295584024491,1,4.109439517364771,DOGGETT L,True,28.571428571428573,8.053427475311985
2012,TX,36,62143,165405,STEVE STOCKMAN,R,-45.38031536203351,True,-48.0283114256825,0,2.6479960636489963,early,0.05740295584024491,-1,-2.5905931078087514,STOCKMAN S,False,-39.39393939393939,-2.626723050296281
2012,VT,0,208600,67543,PETER WELCH,D,51.08114274126087,True,36.45621181262729,1,14.624930928633582,early,0.05740295584024491,1,14.567527972793336,WELCH P,True,37.80487804878048,16.635917610278224
2012,WA,1,177025,151187,SUZAN DELBENE,D,7.872350797655174,True,11.088295687885013,0,-3.2159448902298395,early,0.05740295584024491,1,-3.2733478460700844,DELBENE S,False,14.663951120162933,-3.4319474047099243
2012,WA,2,184826,117465,RICK LARSEN,D,22.283495042856057,True,21.81069958847737,1,0.4727954543786872,early,0.05740295584024491,1,0.4153924985384423,LARSEN R,True,23.343527013251784,2.299620947402108
2012,WA,3,116438,177446,JAIME HERRERA BEUTLER,R,-20.759211117311594,True,-1.7435897435897465,0,-19.015621373721846,early,0.05740295584024491,-1,19.07302432956209,BEUTLER J,False,3.8775510204081605,-21.27710921992192
2012,WA,4,78940,154749,DOC HASTINGS,R,-32.440123411885025,True,-22.336065573770497,-1,-10.104057838114528,early,0.05740295584024491,-1,10.161460793954774,HASTINGS D,True,-20.0815494393476,-8.99892105473959
2012,WA,5,117512,191066,CATHY MCMORRIS RODGERS,R,-23.83643681662335,True,-10.082304526748969,0,-13.754132289874383,early,0.05740295584024491,-1,13.811535245714627,RODGERS C,False,-5.025641025641032,-15.451142873184484
2012,WA,6,186661,129725,DEREK KILMER,D,17.995739381641414,True,15.31346351490236,0,2.6822758667390545,early,0.05740295584024491,1,2.6248729108988096,KILMER D,False,16.44535240040858,4.910039899030668
2012,WA,7,298368,76212,JIM MCDERMOTT,D,59.30802498798654,True,62.795477903391564,1,-3.4874529154050222,early,0.05740295584024491,1,-3.544855871245267,MCDERMOTT J,True,63.41463414634147,-0.7469562405570933
2012,WA,8,121886,180204,DAVID G REICHERT,R,-19.304842927604355,True,1.6359918200409012,-1,-20.940834747645255,early,0.05740295584024491,-1,20.9982377034855,REICHERT D,True,4.78128179043744,-20.72647180024396
2012,WA,9,192034,76105,ADAM SMITH,D,43.234665602541966,True,39.53013278855975,1,3.704532813982219,early,0.05740295584024491,1,3.647129858141974,SMITH A,True,39.28934010152284,7.304978418816962
2012,WA,10,163036,115381,DENNY HECK,D,17.116411713365203,True,15.605749486652972,0,1.5106622267122312,early,0.05740295584024491,1,1.4532592708719863,HECK D,False,16.4969450101833,3.9791196209797377
2012,WI,1,158414,200423,PAUL RYAN,R,-11.706986737710993,True,-4.242424242424245,-1,-7.464562495286748,early,0.05740295584024491,-1,7.521965451126993,RYAN P,True,2.7300303336703693,-11.077364153583527
2012,WI,2,265422,124683,MARK POCAN,D,36.07720998192794,True,38.259109311740886,0,-2.1818993298129428,early,0.05740295584024491,1,-2.2393022856531877,POCAN M,False,42.04660587639311,-2.609742976667331
2012,WI,3,217712,121713,RON KIND,D,28.28283125874641,True,11.156186612576066,1,17.12664464617034,early,0.05740295584024491,1,17.069241690330095,KIND R,True,20.60913705583756,11.033347120706683
2012,WI,4,235257,80787,GWEN MOORE,D,48.8761058586779,True,51.96770938446014,1,-3.09160352578224,early,0.05740295584024491,1,-3.149006481622485,MOORE G,True,50.303030303030305,1.932728473445433
2012,WI,5,118478,250335,F JAMES SENSENBRENNER JR,R,-35.75172241759374,True,-23.838383838383834,-1,-11.913338579209906,early,0.05740295584024491,-1,11.970741535050152,SENSENBRENNER F,True,-15.55555555555556,-16.836513944240345
2012,WI,6,135921,223460,THOMAS E PETRI,R,-24.358271583639645,True,-7.381193124368052,-1,-16.977078459271592,early,0.05740295584024491,-1,17.034481415111838,PETRI T,True,0.10131712259371979,-21.09993578843553
2012,WI,7,157524,201720,SEAN P DUFFY,R,-12.302501920700138,True,-3.14083080040527,-1,-9.161671120294868,early,0.05740295584024491,-1,9.219074076135112,DUFFY S,True,8.020304568527925,-16.96315357143023
2012,WI,8,156287,198874,REID J RIBBLE,R,-11.990899901734707,True,-3.7411526794742116,-1,-8.249747222260496,early,0.05740295584024491,-1,8.307150178100741,RIBBLE R,True,8.814589665653498,-17.445836649590373
2012,WV,1,80342,133809,DAVID B MCKINLEY,R,-24.96696256379844,True,-27.32855680655067,-1,2.361594242752229,early,0.05740295584024491,-1,-2.3041912869119843,MCKINLEY D,True,-15.478615071283098,-6.128694574717507
2012,WV,2,68560,158206,SHELLEY MOORE CAPITO,R,-39.53238139756401,True,-22.448979591836736,-1,-17.083401805727274,early,0.05740295584024491,-1,17.14080476156752,CAPITO S,True,-10.953346855983778,-25.219381623782397
2012,WV,3,108199,92238,NICK J RAHALL II,D,7.963100625134082,True,-32.924335378323114,1,40.887436003457196,early,0.05740295584024491,1,40.83003304761695,RAHALL N,True,-13.673469387755107,24.996222930687022
2012,WY,0,57573,166452,CYNTHIA M LUMMIS,R,-48.60127217944426,True,-42.37995824634655,-1,-6.221313933097711,early,0.05740295584024491,-1,6.278716888937956,LUMMIS C,True,-33.19713993871297,-12.044479322933451
2014,AK,0,114602,142572,DON YOUNG,R,-10.875905029279787,True,-14.611398963730565,-1,3.735493934450778,recent,-8.396417726962612,-1,-12.13191166141339,YOUNG D,True,-14.611398963730565,12.014971127068515
2014,AL,1,48278,103758,BRADLEY BYRNE,R,-36.491357310110764,True,-24.59677419354839,0,-11.894583116562373,recent,-8.396417726962612,-1,3.4981653895997606,BYRNE B,False,-24.59677419354839,-3.615105923944636
2014,AL,2,54692,113103,MARTHA ROBY,R,-34.81093000387377,True,-26.686807653575027,-1,-8.124122350298745,recent,-8.396417726962612,-1,-0.2722953766638678,ROBY M,True,-26.686807653575027,0.15535484231899233
2014,AL,3,52816,103558,MIKE ROGERS,R,-32.4491283717242,True,-25.731584258324926,-1,-6.717544113399274,recent,-8.396417726962612,-1,-1.6788736135633382,ROGERS M,True,-25.731584258324926,1.5619330792184627
2014,AL,6,42291,135945,GARY PALMER,R,-52.54494041607756,True,-50.10101010101009,0,-2.443930315067469,recent,-8.396417726962612,-1,-5.952487411895143,PALMER G,False,-50.10101010101009,5.835546877550268
2014,AR,1,63555,124139,"ERIC A \""RICK\"" CRAWFORD",R,-32.27806962396241,True,-25.385405960945533,-1,-6.892663663016876,recent,-8.396417726962612,-1,-1.5037540639457365,CRAWFORD E,True,-25.385405960945533,1.386813529600861
2014,AR,2,103477,123073,FRENCH HILL,R,-8.649746192893401,True,-12.090163934426235,0,3.4404177415328334,recent,-8.396417726962612,-1,-11.836835468495446,HILL F,False,-12.090163934426235,11.71989493415057
2014,AR,4,87742,110789,BRUCE WESTERMAN,R,-11.608766389128146,True,-26.50972364380758,0,14.900957254679433,recent,-8.396417726962612,-1,-23.297374981642044,WESTERMAN B,False,-26.50972364380758,23.18043444729717
2014,AZ,1,97391,87723,ANN KIRKPATRICK,D,5.2227276164957805,True,-2.5432349949135302,1,7.765962611409311,recent,-8.396417726962612,1,16.162380338371925,KIRKPATRICK A,True,-2.5432349949135302,16.045439804027048
2014,AZ,2,109543,109704,MARTHA MCSALLY,R,-0.07343315986079627,True,-1.5259409969481181,1,1.452507837087322,recent,-8.396417726962612,-1,-9.848925564049935,MCSALLY M,False,-1.5259409969481181,9.731985029705058
2014,AZ,3,58192,46185,RAUL M GRIJALVA,D,11.50349214865344,True,24.923702950152595,1,-13.420210801499156,recent,-8.396417726962612,1,-5.023793074536544,GRIJALVA R,True,24.923702950152595,-5.140733608881419
2014,AZ,4,45179,122560,PAUL A GOSAR,R,-46.13178807552209,True,-36.86354378818738,-1,-9.26824428733471,recent,-8.396417726962612,-1,0.8718265603720976,GOSAR P,True,-36.86354378818738,-0.9887670947169731
2014,AZ,5,54596,124867,MATT SALMON,R,-39.156260621966645,True,-29.674796747967473,-1,-9.481463873999171,recent,-8.396417726962612,-1,1.085046147036559,SALMON M,True,-29.674796747967473,-1.2019866813814346
2014,AZ,6,70198,129578,DAVID SCHWEIKERT,R,-29.723290084895083,True,-21.057985757884033,-1,-8.66530432701105,recent,-8.396417726962612,-1,0.2688866000484378,SCHWEIKERT D,True,-21.057985757884033,-0.3858271343933133
2014,AZ,9,88609,67841,KYRSTEN SINEMA,D,13.274528603387663,True,4.605936540429887,1,8.668592062957776,recent,-8.396417726962612,1,17.06500978992039,SINEMA K,True,4.605936540429887,16.94806925557551
2014,CA,1,84320,132052,DOUG LAMALFA,R,-22.06015565784852,True,-16.82146542827658,0,-5.23869022957194,recent,-8.396417726962612,-1,-3.157727497390672,LAMALFA D,False,-16.82146542827658,3.0407869630457967
2014,CA,2,163124,54400,JARED HUFFMAN,D,49.98253066328313,True,43.75,1,6.2325306632831285,recent,-8.396417726962612,1,14.628948390245741,HUFFMAN J,True,43.75,14.512007855900865
2014,CA,3,79224,71036,JOHN GARAMENDI,D,5.449221349660588,True,11.49897330595482,1,-6.049751956294232,recent,-8.396417726962612,1,2.3466657706683804,GARAMENDI J,True,11.49897330595482,2.229725236323505
2014,CA,6,97008,36448,DORIS O MATSUI,D,45.3782520081525,True,41.889117043121146,1,3.4891349650313543,recent,-8.396417726962612,1,11.885552691993967,MATSUI D,True,41.889117043121146,11.768612157649091
2014,CA,7,92521,91066,AMI BERA,D,0.7925397767815804,True,4.0983606557377055,1,-3.305820878956125,recent,-8.396417726962612,1,5.090596848006488,BERA A,True,4.0983606557377055,4.973656313661612
2014,CA,8,37056,77480,PAUL COOK,R,-35.2937067821471,True,-14.285714285714281,-1,-21.007992496432816,recent,-8.396417726962612,-1,12.611574769470204,COOK P,True,-14.285714285714281,-12.72851530381508
2014,CA,9,63475,57729,JERRY MCNERNEY,D,4.740767631431306,True,18.079673135852904,1,-13.338905504421597,recent,-8.396417726962612,1,-4.942487777458984,MCNERNEY J,True,18.079673135852904,-5.05942831180386
2014,CA,10,55123,70582,JEFF DENHEM,R,-12.297840181377033,True,3.6885245901639356,0,-15.98636477154097,recent,-8.396417726962612,-1,7.5899470445783574,DENHEM J,False,3.6885245901639356,-7.706887578923233
2014,CA,11,117502,57160,MARK DESAULNIER,D,34.54786959956945,True,38.52459016393443,0,-3.9767205643649746,recent,-8.396417726962612,1,4.419697162597638,DESAULNIER M,False,38.52459016393443,4.302756628252762
2014,CA,12,160067,32197,NANCY PELOSI,D,66.50751050638705,True,74.12008281573499,1,-7.612572309347939,recent,-8.396417726962612,1,0.783845417614673,PELOSI N,True,74.12008281573499,0.6669048832697975
2014,CA,14,114389,34757,JACKIE SPEIER,D,53.39197832995856,True,51.73824130879345,1,1.6537370211651137,recent,-8.396417726962612,1,10.050154748127726,SPEIER J,True,51.73824130879345,9.93321421378285
2014,CA,15,99756,43150,ERIC SWALWELL,D,39.61065315662044,True,39.059304703476485,1,0.5513484531439516,recent,-8.396417726962612,1,8.947766180106564,SWALWELL E,True,39.059304703476485,8.830825645761688
2014,CA,16,46277,44943,JIM COSTA,D,1.4623985967989477,True,19.59183673469388,1,-18.129438137894933,recent,-8.396417726962612,1,-9.73302041093232,COSTA J,True,19.59183673469388,-9.849960945277196
2014,CA,18,133060,63326,ANNA G ESHOO,D,35.50864114549917,True,40.473738414006185,1,-4.965097268507016,recent,-8.396417726962612,1,3.4313204584555965,ESHOO A,True,40.473738414006185,3.314379924110721
2014,CA,21,33470,45907,DAVID G VALADAO,R,-15.668266626352722,True,11.314984709480125,-1,-26.983251335832847,recent,-8.396417726962612,-1,18.586833608870236,VALADAO D,True,11.314984709480125,-18.70377414321511
2014,CA,22,37289,96053,DEVIN NUNES,R,-44.07013544119632,True,-15.274949083503055,-1,-28.795186357693268,recent,-8.396417726962612,-1,20.398768630730657,NUNES D,True,-15.274949083503055,-20.51570916507553
2014,CA,23,33726,100317,KEVIN MCCARTHY,R,-49.67883440388532,True,-26.024590163934427,-1,-23.65424423995089,recent,-8.396417726962612,-1,15.257826512988279,MCCARTHY K,True,-26.024590163934427,-15.374767047333155
2014,CA,24,103228,95566,LOIS CAPPS,D,3.8542410736742556,True,11.316872427983538,1,-7.462631354309282,recent,-8.396417726962612,1,0.93378637265333,CAPPS L,True,11.316872427983538,0.8168458383084545
2014,CA,26,87176,82653,JULIA BROWNLEY,D,2.663267168740321,True,10.542476970317296,1,-7.879209801576975,recent,-8.396417726962612,1,0.5172079253856374,BROWNLEY J,True,10.542476970317296,0.4002673910407619
2014,CA,27,75728,51852,JUDY CHU,D,18.71453205831635,True,28.278688524590166,1,-9.564156466273815,recent,-8.396417726962612,1,-1.1677387393112024,CHU J,True,28.278688524590166,-1.284679273656078
2014,CA,29,50096,17045,TONY CARDENAS,D,49.226255194292605,True,57.94871794871795,1,-8.722462754425344,recent,-8.396417726962612,1,-0.32604502746273134,CARDENAS T,True,57.94871794871795,-0.44298556180760684
2014,CA,30,86568,45315,BRAD SHERMAN,D,31.279998180205183,True,34.086242299794655,1,-2.806244119589472,recent,-8.396417726962612,1,5.59017360737314,SHERMAN B,True,34.086242299794655,5.473233073028265
2014,CA,31,51622,48162,PETE AGUILAR,D,3.4674897779203078,True,16.973415132924337,0,-13.50592535500403,recent,-8.396417726962612,1,-5.109507628041417,AGUILAR P,False,16.973415132924337,-5.226448162386292
2014,CA,32,50353,34053,GRACE F NAPOLITANO,D,19.311423358529016,True,33.46980552712385,1,-14.158382168594837,recent,-8.396417726962612,1,-5.761964441632225,NAPOLITANO G,True,33.46980552712385,-5.8789049759771
2014,CA,33,108331,74700,TED LIEU,D,18.374483011074627,True,24.435318275154007,0,-6.06083526407938,recent,-8.396417726962612,1,2.3355824628832327,LIEU T,False,24.435318275154007,2.218641928538357
2014,CA,36,72682,61457,RAUL RUIZ,D,8.368185240683172,True,3.2586558044806546,1,5.109529436202517,recent,-8.396417726962612,1,13.505947163165128,RUIZ R,True,3.2586558044806546,13.389006628820255
2014,CA,37,96787,18051,KAREN BASS,D,68.56267089291,True,73.97540983606557,1,-5.41273894315556,recent,-8.396417726962612,1,2.9836787838070524,BASS K,True,73.97540983606557,2.866738249462177
2014,CA,38,58192,40288,LINDA T SANCHEZ,D,18.18034118602762,True,32.58426966292135,1,-14.403928476893732,recent,-8.396417726962612,1,-6.00751074993112,SANCHEZ L,True,32.58426966292135,-6.124451284275995
2014,CA,39,41906,91319,EDWARD R ROYCE,R,-37.089885531994746,True,-3.7793667007150105,-1,-33.31051883127974,recent,-8.396417726962612,-1,24.914101104317126,ROYCE E,True,-3.7793667007150105,-25.031041638662
2014,CA,41,46948,35936,MARK TAKANO,D,13.286038318613967,True,25.766871165644176,1,-12.480832847030209,recent,-8.396417726962612,1,-4.084415120067597,TAKANO M,True,25.766871165644176,-4.201355654412472
2014,CA,42,38850,74540,KEN CALVERT,R,-31.47543875121263,True,-15.423901940755874,-1,-16.051536810456753,recent,-8.396417726962612,-1,7.6551190834941405,CALVERT K,True,-15.423901940755874,-7.772059617839016
2014,CA,43,69681,28521,MAXINE WATERS,D,41.91360664752246,True,59.183673469387756,1,-17.2700668218653,recent,-8.396417726962612,1,-8.873649094902687,WATERS M,True,59.183673469387756,-8.990589629247562
2014,CA,45,56819,106083,MIMI WALTERS,R,-30.241494886496177,True,-12.065439672801634,1,-18.176055213694543,recent,-8.396417726962612,-1,9.77963748673193,WALTERS M,False,-12.065439672801634,-9.896578021076806
2014,CA,46,49738,33577,LORETTA SANCHEZ,D,19.397467442837424,True,25.819672131147538,1,-6.422204688310114,recent,-8.396417726962612,1,1.9742130386524988,SANCHEZ L,True,25.819672131147538,1.8572725043076233
2014,CA,47,69091,54309,ALAN S LOWENTHAL,D,11.978930307941653,True,23.076923076923077,1,-11.097992768981424,recent,-8.396417726962612,1,-2.7015750420188116,LOWENTHAL A,True,23.076923076923077,-2.818515576363687
2014,CA,48,62713,112082,DANA ROHRACHER,R,-28.243942904545325,True,-11.97543500511771,-1,-16.268507899427615,recent,-8.396417726962612,-1,7.872090172465002,ROHRACHER D,True,-11.97543500511771,-7.989030706809878
2014,CA,49,64981,98161,DARRELL E ISSA,R,-20.338110357847764,True,-6.829765545361871,-1,-13.508344812485893,recent,-8.396417726962612,-1,5.111927085523281,ISSA D,True,-6.829765545361871,-5.228867619868156
2014,CA,50,45302,111997,DUNCAN HUNTER,R,-42.40014240395679,True,-23.265306122448976,-1,-19.134836281507816,recent,-8.396417726962612,-1,10.738418554545204,HUNTER D,True,-23.265306122448976,-10.85535908889008
2014,CA,51,56373,25577,JUAN VARGAS,D,37.57901159243441,True,41.20040691759919,1,-3.6213953251647766,recent,-8.396417726962612,1,4.775022401797836,VARGAS J,True,41.20040691759919,4.65808186745296
2014,CA,52,98826,92746,SCOTT H PETERS,D,3.1737414653498424,True,6.5439672801635975,1,-3.370225814813755,recent,-8.396417726962612,1,5.026191912148857,PETERS S,True,6.5439672801635975,4.909251377803981
2014,CA,53,87104,60940,SUSAN A DAVIS,D,17.67312420631704,True,25.56237218813906,1,-7.88924798182202,recent,-8.396417726962612,1,0.5071697451405921,DAVIS S,True,25.56237218813906,0.3902292107957166
2014,CO,1,183281,80682,DIANA DEGETTE,D,38.86870508366703,True,41.10429447852761,1,-2.2355893948605825,recent,-8.396417726962612,1,6.16082833210203,DEGETTE D,True,41.10429447852761,6.043887797757154
2014,CO,2,196300,149645,JARED POLIS,D,13.486247813958867,True,18.891170431211496,1,-5.404922617252629,recent,-8.396417726962612,1,2.991495109709984,POLIS J,True,18.891170431211496,2.8745545753651083
2014,CO,3,100364,163011,SCOTT R TIPTON,R,-23.78623635500712,True,-6.147540983606557,-1,-17.638695371400562,recent,-8.396417726962612,-1,9.24227764443795,TIPTON S,True,-6.147540983606557,-9.359218178782825
2014,CO,4,83727,185292,KEN BUCK,R,-37.753838948178384,True,-19.75435005117707,0,-17.999488897001314,recent,-8.396417726962612,-1,9.603071170038701,BUCK K,False,-19.75435005117707,-9.720011704383577
2014,CO,5,105673,157182,DOUG LAMBORN,R,-19.59597496718723,True,-21.355236139630392,-1,1.7592611724431606,recent,-8.396417726962612,-1,-10.155678899405773,LAMBORN D,True,-21.355236139630392,10.038738365060897
2014,CO,6,118847,143467,MIKE COFFMAN,R,-9.385698056527673,True,5.198776758409787,-1,-14.58447481493746,recent,-8.396417726962612,-1,6.1880570879748475,COFFMAN M,True,5.198776758409787,-6.304997622319723
2014,CO,7,148225,120918,ED PERLMUTTER,D,10.145907565866473,True,15.195071868583167,1,-5.049164302716694,recent,-8.396417726962612,1,3.3472534242459187,PERLMUTTER E,True,15.195071868583167,3.230312889901043
2014,CT,1,135825,78609,JOHN B LARSON,D,26.68233582361006,True,28.008088978766423,1,-1.325753155156363,recent,-8.396417726962612,1,7.070664571806249,LARSON J,True,28.008088978766423,6.953724037461374
2014,CT,2,141948,80837,JOE COURTNEY,D,27.43048230356622,True,13.502538071065988,1,13.92794423250023,recent,-8.396417726962612,1,22.32436195946284,COURTNEY J,True,13.502538071065988,22.207421425117968
2014,CT,3,140485,69454,ROSA L DELAURO,D,33.83411371874688,True,26.592517694641053,1,7.241596024105824,recent,-8.396417726962612,1,15.638013751068437,DELAURO R,True,26.592517694641053,15.521073216723561
2014,CT,4,106873,91922,JAMES A HIMES,D,7.520812897708695,True,11.2008072653885,1,-3.6799943676798046,recent,-8.396417726962612,1,4.716423359282808,HIMES J,True,11.2008072653885,4.599482824937932
2014,CT,5,113564,97767,ELIZABETH H ESTY,D,7.475003667232919,True,8.299595141700408,1,-0.8245914744674891,recent,-8.396417726962612,1,7.571826252495123,ESTY E,True,8.299595141700408,7.454885718150248
2014,DE,0,137251,85146,JOHN C CARNEY JR,D,23.42882323052919,True,18.864097363083168,1,4.564725867446022,recent,-8.396417726962612,1,12.961143594408634,CARNEY J,True,18.864097363083168,12.844203060063759
2014,GA,1,61175,95337,"E L \""BUDDY\"" CARTER",R,-21.827080351666325,True,-13.043478260869563,0,-8.783602090796762,recent,-8.396417726962612,-1,0.3871843638341499,CARTER E,False,-13.043478260869563,-0.5041248981790254
2014,GA,2,96363,66537,SANFORD D BISHOP JR,D,18.30939226519337,True,17.90744466800805,1,0.4019475971853197,recent,-8.396417726962612,1,8.798365324147932,BISHOP S,True,17.90744466800805,8.681424789803057
2014,GA,6,71486,139018,TOM PRICE,R,-32.08110059666325,True,-23.702950152594095,-1,-8.378150444069153,recent,-8.396417726962612,-1,-0.01826728289345958,PRICE T,True,-23.702950152594095,-0.09867325145141592
2014,GA,7,60112,113557,ROB WOODALL,R,-30.774058697867783,True,-22.233502538071072,-1,-8.540556159796711,recent,-8.396417726962612,-1,0.1441384328340991,WOODALL R,True,-22.233502538071072,-0.2610789671789746
2014,GA,9,34988,146059,DOUG COLLINS,R,-61.34926289858434,True,-58.417849898580116,-1,-2.931413000004227,recent,-8.396417726962612,-1,-5.4650047269583855,COLLINS D,True,-58.417849898580116,5.34806419261351
2014,GA,10,65777,130703,JODY B HICE,R,-33.04458469055375,True,-26.518218623481786,0,-6.526366067071962,recent,-8.396417726962612,-1,-1.8700516598906507,HICE J,False,-26.518218623481786,1.7531111255457752
2014,GA,12,75478,91336,"R W \""RICK\"" ALLEN",R,-9.506396345630463,True,-11.919191919191917,1,2.4127955735614535,recent,-8.396417726962612,-1,-10.809213300524066,ALLEN R,False,-11.919191919191917,10.69227276617919
2014,HI,1,93390,86454,MARK TAKAI,D,3.8566757856809235,True,41.23606889564337,0,-37.37939310996245,recent,-8.396417726962612,1,-28.98297538299984,TAKAI M,False,41.23606889564337,-29.099915917344713
2014,HI,2,142010,33630,TULSI GABBARD,D,61.70576178547028,True,45.565749235474,1,16.14001254999628,recent,-8.396417726962612,1,24.53643027695889,GABBARD T,True,45.565749235474,24.419489742614015
2014,IA,1,141145,147762,ROD BLUM,R,-2.290356412271077,True,13.880445795339414,0,-16.170802207610492,recent,-8.396417726962612,-1,7.77438448064788,BLUM R,False,13.880445795339414,-7.891325014992756
2014,IA,2,143431,129455,DAVID LOEBSACK,D,5.121552589726113,True,13.299492385786797,1,-8.177939796060684,recent,-8.396417726962612,1,0.21847793090192802,LOEBSACK D,True,13.299492385786797,0.10153739655705252
2014,IA,3,119109,148814,DAVID YOUNG,R,-11.087140708337843,True,4.259634888438129,0,-15.346775596775974,recent,-8.396417726962612,-1,6.950357869813361,YOUNG D,False,4.259634888438129,-7.067298404158237
2014,IA,4,105504,169834,STEVE KING,R,-23.364010779478313,True,-8.206686930091188,-1,-15.157323849387126,recent,-8.396417726962612,-1,6.7609061224245135,KING S,True,-8.206686930091188,-6.877846656769389
2014,ID,1,77277,143580,RAUL R LABRADOR,R,-30.020782678384656,True,-33.67662203913491,-1,3.6558393607502566,recent,-8.396417726962612,-1,-12.052257087712869,LABRADOR R,True,-33.67662203913491,11.935316553367993
2014,ID,2,82801,131492,MICHAEL K SIMPSON,R,-22.72169412906628,True,-31.893004115226333,-1,9.171309986160054,recent,-8.396417726962612,-1,-17.567727713122665,SIMPSON M,True,-31.893004115226333,17.45078717877779
2014,IL,1,162268,59749,BOBBY L RUSH,D,46.1761937148957,True,59.274193548387096,1,-13.097999833491393,recent,-8.396417726962612,1,-4.701582106528781,RUSH B,True,59.274193548387096,-4.818522640873656
2014,IL,2,160337,43799,ROBIN L KELLY,D,57.0884116471372,True,62.70161290322581,0,-5.613201256088608,recent,-8.396417726962612,1,2.783216470874004,KELLY R,False,62.70161290322581,2.6662759365291286
2014,IL,3,116764,64091,DANIEL LIPINSKI,D,29.124436703436455,True,13.502538071065988,1,15.621898632370467,recent,-8.396417726962612,1,24.018316359333078,LIPINSKI D,True,13.502538071065988,23.901375824988204
2014,IL,4,79666,22278,LUIS V GUTIERREZ,D,56.29365141646394,True,65.10204081632654,1,-8.808389399862598,recent,-8.396417726962612,1,-0.4119716728999858,GUTIERREZ L,True,65.10204081632654,-0.5289122072448613
2014,IL,5,116364,56350,MIKE QUIGLEY,D,34.74761744849867,True,34.969325153374236,1,-0.22170770487556268,recent,-8.396417726962612,1,8.17471002208705,QUIGLEY M,True,34.969325153374236,8.057769487742174
2014,IL,6,78465,160287,PETER J ROSKAM,R,-34.27070767993567,True,-8.333333333333329,-1,-25.93737434660234,recent,-8.396417726962612,-1,17.54095661963973,ROSKAM P,True,-8.333333333333329,-17.657897153984603
2014,IL,8,84178,66878,TAMMY DUCKWORTH,D,11.452706281114288,True,16.7853509664293,1,-5.33264468531501,recent,-8.396417726962612,1,3.063773041647602,DUCKWORTH T,True,16.7853509664293,2.9468325073027266
2014,IL,9,141000,72384,JANICE D SCHAKOWSKY,D,32.15611292318074,True,32.24821973550357,1,-0.09210681232282525,recent,-8.396417726962612,1,8.304310914639787,SCHAKOWSKY J,True,32.24821973550357,8.187370380294912
2014,IL,10,91136,95992,ROBERT DOLD,R,-2.595015176777393,True,16.63286004056795,1,-19.227875217345343,recent,-8.396417726962612,-1,10.83145749038273,DOLD R,False,16.63286004056795,-10.948398024727606
2014,IL,11,93436,81335,BILL FOSTER,D,6.9239175835808,True,17.47967479674796,1,-10.555757213167162,recent,-8.396417726962612,1,-2.1593394862045496,FOSTER B,True,17.47967479674796,-2.276280020549425
2014,IL,12,87860,110038,MIKE BOST,R,-11.206783292403157,True,1.5321756894790601,1,-12.738958981882217,recent,-8.396417726962612,-1,4.342541254919604,BOST M,False,1.5321756894790601,-4.45948178926448
2014,IL,13,86935,123337,RODNEY DAVIS,R,-17.311862730178056,True,-0.30769230769230477,-1,-17.004170422485753,recent,-8.396417726962612,-1,8.607752695523141,DAVIS R,True,-0.30769230769230477,-8.724693229868016
2014,IL,14,76861,145369,RANDY HULTGREN,R,-30.827521036763713,True,-10.16260162601626,-1,-20.66491941074745,recent,-8.396417726962612,-1,12.268501683784839,HULTGREN R,True,-10.16260162601626,-12.385442218129715
2014,IL,15,55652,166274,JOHN SHIMKUS,R,-49.84634517812244,True,-30.40816326530612,-1,-19.438181912816322,recent,-8.396417726962612,-1,11.04176418585371,SHIMKUS J,True,-30.40816326530612,-11.158704720198585
2014,IL,16,63810,153388,ADAM KINZINGER,R,-41.24255287801913,True,-7.849133537206927,-1,-33.39341934081221,recent,-8.396417726962612,-1,24.997001613849598,KINZINGER A,True,-7.849133537206927,-25.11394214819447
2014,IL,17,110560,88785,CHERI BUSTOS,D,10.923273721437708,True,17.311608961303463,1,-6.388335239865755,recent,-8.396417726962612,1,2.008082487096857,BUSTOS C,True,17.311608961303463,1.8911419527519815
2014,IL,18,62377,184363,AARON SCHOCK,R,-49.43908567723109,True,-23.751274209989813,-1,-25.68781146724128,recent,-8.396417726962612,-1,17.291393740278664,SCHOCK A,True,-23.751274209989813,-17.40833427462354
2014,IN,1,86579,51000,PETER J VISCLOSKY,D,25.86077817108716,True,24.137931034482765,1,1.7228471366043934,recent,-8.396417726962612,1,10.119264863567006,VISCLOSKY P,True,24.137931034482765,10.00232432922213
2014,IN,2,55590,85583,JACKIE WALORSKI,R,-21.24556395344719,True,-14.256619144602851,-1,-6.988944808844337,recent,-8.396417726962612,-1,-1.407472918118275,WALORSKI J,True,-14.256619144602851,1.2905323837733995
2014,IN,3,39771,97892,MARLIN A STUTZMAN,R,-42.21976856526445,True,-27.291242362525452,-1,-14.928526202739,recent,-8.396417726962612,-1,6.532108475776388,STUTZMAN M,True,-27.291242362525452,-6.649049010121264
2014,IN,4,47056,94998,TODD ROKITA,R,-33.74913765187886,True,-24.539877300613497,-1,-9.209260351265364,recent,-8.396417726962612,-1,0.8128426243027516,ROKITA T,True,-24.539877300613497,-0.9297831586476271
2014,IN,5,49756,105277,SUSAN W BROOKS,R,-35.81237542974721,True,-17.107942973523418,-1,-18.704432456223795,recent,-8.396417726962612,-1,10.308014729261183,BROOKS S,True,-17.107942973523418,-10.424955263606059
2014,IN,6,45509,102187,LUKE MESSER,R,-38.374769797421735,True,-23.643807574206757,-1,-14.730962223214977,recent,-8.396417726962612,-1,6.334544496252365,MESSER L,True,-23.643807574206757,-6.45148503059724
2014,IN,7,61443,46887,ANDRE CARSON,D,13.436721129880919,True,27.97558494404883,1,-14.538863814167911,recent,-8.396417726962612,1,-6.142446087205299,CARSON A,True,27.97558494404883,-6.259386621550174
2014,IN,8,61384,103344,LARRY BUCSHON,R,-25.472293720557523,True,-19.183673469387752,-1,-6.288620251169771,recent,-8.396417726962612,-1,-2.1077974757928413,BUCSHON L,True,-19.183673469387752,1.9908569414479658
2014,IN,9,55016,101594,TODD C YOUNG,R,-29.741395824021456,True,-16.85393258426966,-1,-12.887463239751796,recent,-8.396417726962612,-1,4.491045512789183,YOUNG T,True,-16.85393258426966,-4.607986047134059
2014,KS,1,65397,138764,TIM HUELSKAMP,R,-35.93585454616699,True,-43.50051177072671,-1,7.564657224559717,recent,-8.396417726962612,-1,-15.96107495152233,HUELSKAMP T,True,-43.50051177072671,15.844134417177454
2014,KS,2,87153,128742,LYNN JENKINS,R,-19.263530883068157,True,-13.9344262295082,-1,-5.329104653559957,recent,-8.396417726962612,-1,-3.067313073402655,JENKINS L,True,-13.9344262295082,2.9503725390577795
2014,KS,3,89584,134493,KEVIN YODER,R,-20.041771355382302,True,-9.683995922528034,-1,-10.357775432854268,recent,-8.396417726962612,-1,1.9613577058916558,YODER K,True,-9.683995922528034,-2.0782982402365313
2014,KS,4,69396,138757,MIKE POMPEO,R,-33.322123630214314,True,-26.100307062436027,-1,-7.221816567778287,recent,-8.396417726962612,-1,-1.1746011591843253,POMPEO M,True,-26.100307062436027,1.0576606248394498
2014,KY,1,63596,173022,ED WHITFIELD,R,-46.24584773770381,True,-34.82233502538072,-1,-11.423512712323095,recent,-8.396417726962612,-1,3.027094985360483,WHITFIELD E,True,-34.82233502538072,-3.1440355197053584
2014,KY,2,69898,156936,BRETT GUTHRIE,R,-38.37079097489794,True,-28.658536585365848,-1,-9.712254389532095,recent,-8.396417726962612,-1,1.3158366625694828,GUTHRIE B,True,-28.658536585365848,-1.4327771969143583
2014,KY,3,157056,87981,JOHN A YARMUTH,D,28.189620343050233,True,13.096446700507618,1,15.093173642542615,recent,-8.396417726962612,1,23.489591369505227,YARMUTH J,True,13.096446700507618,23.37265083516035
2014,KY,4,71694,150464,THOMAS MASSIE,R,-35.45674699988297,True,-29.124236252545828,-1,-6.332510747337139,recent,-8.396417726962612,-1,-2.0639069796254734,MASSIE T,True,-29.124236252545828,1.946966445280598
2014,KY,5,47617,171350,HAROLD ROGERS,R,-56.50760160206789,True,-52.74949083503055,-1,-3.758110767037344,recent,-8.396417726962612,-1,-4.638306959925268,ROGERS H,True,-52.74949083503055,4.521366425580393
2014,KY,6,98290,147404,ANDY BARR,R,-19.989906143414167,True,-13.87755102040816,0,-6.112355123006008,recent,-8.396417726962612,-1,-2.2840626039566043,BARR A,False,-13.87755102040816,2.167122069611729
2014,LA,1,46047,189250,STEVE SCALISE,R,-60.86052945851414,True,-44.989775051124745,-1,-15.870754407389391,recent,-8.396417726962612,-1,7.474336680426779,SCALISE S,True,-44.989775051124745,-7.5912772147716545
2014,LA,5,75006,247211,RALPH LEE ABRAHAM,R,-53.44379719257519,True,-23.606889564336367,0,-29.836907628238823,recent,-8.396417726962612,-1,21.44048990127621,ABRAHAM R,False,-23.606889564336367,-21.557430435621086
2014,LA,6,95127,234200,GARRET GRAVES,R,-42.22945582961616,True,-34.76044852191641,0,-7.469007307699748,recent,-8.396417726962612,-1,-0.9274104192628645,GRAVES G,False,-34.76044852191641,0.810469884917989
2014,MA,3,139104,81638,NIKI TSONGAS,D,26.033106522546685,True,15.768056968463886,1,10.265049554082799,recent,-8.396417726962612,1,18.66146728104541,TSONGAS N,True,15.768056968463886,18.544526746700534
2014,MA,6,149638,111989,SETH W MOULTON,D,14.390334330936792,True,10.953346855983778,0,3.436987474953014,recent,-8.396417726962612,1,11.833405201915626,MOULTON S,False,10.953346855983778,11.716464667570751
2014,MA,9,140413,114971,WILLIAM R KEATING,D,9.962252921091377,True,12.576064908722108,1,-2.613811987630731,recent,-8.396417726962612,1,5.782605739331881,KEATING W,True,12.576064908722108,5.665665204987006
2014,MD,1,73843,176342,ANDY HARRIS,R,-40.96928273077922,True,-23.13965341488277,-1,-17.82962931589645,recent,-8.396417726962612,-1,9.433211588933839,HARRIS A,True,-23.13965341488277,-9.550152123278714
2014,MD,2,120412,70411,C A DUTCH RUPPERSBERGER,D,26.202816222363133,True,28.644240570846076,1,-2.4414243484829434,recent,-8.396417726962612,1,5.954993378479669,RUPPERSBERGER C,True,28.644240570846076,5.838052844134793
2014,MD,3,128594,87029,JOHN P SARBANES,D,19.27670053751223,True,24.13087934560327,1,-4.854178808091039,recent,-8.396417726962612,1,3.5422389188715737,SARBANES J,True,24.13087934560327,3.425298384526698
2014,MD,4,134628,54217,DONNA F EDWARDS,D,42.58042309830814,True,57.937310414560166,1,-15.356887316252028,recent,-8.396417726962612,1,-6.960469589289415,EDWARDS D,True,57.937310414560166,-7.077410123634291
2014,MD,5,144725,80752,STENY H HOYER,D,28.372295178665674,True,34.213197969543145,1,-5.840902790877472,recent,-8.396417726962612,1,2.5555149360851406,HOYER S,True,34.213197969543145,2.438574401740265
2014,MD,6,94704,91930,JOHN K DELANEY,D,1.4863315365903318,True,12.6530612244898,1,-11.166729687899469,recent,-8.396417726962612,1,-2.7703119609368567,DELANEY J,True,12.6530612244898,-2.8872524952817322
2014,MD,7,144639,55860,ELIJAH E CUMMINGS,D,44.27902383553035,True,54.72081218274113,1,-10.441788347210775,recent,-8.396417726962612,1,-2.0453706202481623,CUMMINGS E,True,54.72081218274113,-2.162311154593038
2014,MD,8,136722,87859,CHRIS VAN HOLLEN,D,21.757406013865822,True,26.53061224489796,1,-4.7732062310321375,recent,-8.396417726962612,1,3.623211495930475,HOLLEN C,True,26.53061224489796,3.5062709615855994
2014,ME,1,186674,94751,CHELLIE PINGREE,D,32.663409434129875,True,21.881390593047033,1,10.782018841082841,recent,-8.396417726962612,1,19.178436568045456,PINGREE C,True,21.881390593047033,19.06149603370058
2014,ME,2,118568,133320,BRUCE POLIQUIN,R,-5.8565711744902496,True,8.735868448098664,0,-14.592439622588913,recent,-8.396417726962612,-1,6.1960218956263,POLIQUIN B,False,8.735868448098664,-6.312962429971176
2014,MI,1,113263,130414,DAN BENISHEK,R,-7.038415607546055,True,-8.392315470171894,-1,1.3538998626258394,recent,-8.396417726962612,-1,-9.750317589588452,BENISHEK D,True,-8.392315470171894,9.633377055243576
2014,MI,2,70851,135568,BILL HUIZENGA,R,-31.352249550671207,True,-13.01715438950555,-1,-18.335095161165658,recent,-8.396417726962612,-1,9.938677434203045,HUIZENGA B,True,-13.01715438950555,-10.05561796854792
2014,MI,3,84720,125754,JUSTIN AMASH,R,-19.495994754696543,True,-7.381193124368052,-1,-12.11480163032849,recent,-8.396417726962612,-1,3.7183839033658774,AMASH J,True,-7.381193124368052,-3.835324437710753
2014,MI,4,85777,123962,JOHN MOOLENAAR,R,-18.20596074168371,True,-8.080808080808081,0,-10.12515266087563,recent,-8.396417726962612,-1,1.7287349339130174,MOOLENAAR J,False,-8.080808080808081,-1.8456754682578929
2014,MI,5,148182,69222,DANIEL T KILDEE,D,36.31947894242976,True,22.62626262626263,1,13.693216316167131,recent,-8.396417726962612,1,22.08963404312974,KILDEE D,True,22.62626262626263,21.972693508784868
2014,MI,6,84391,116801,FRED UPTON,R,-16.108990417114,True,-1.41414141414142,-1,-14.69484900297258,recent,-8.396417726962612,-1,6.298431276009968,UPTON F,True,-1.41414141414142,-6.415371810354843
2014,MI,7,92083,119564,TIM WALBERG,R,-12.984356026780441,True,-3.134479271991912,-1,-9.849876754788529,recent,-8.396417726962612,-1,1.4534590278259163,WALBERG T,True,-3.134479271991912,-1.5703995621707918
2014,MI,8,102269,132739,MIKE BISHOP,R,-12.965516067538127,True,-3.1281533804238157,0,-9.837362687114311,recent,-8.396417726962612,-1,1.4409449601516986,BISHOP M,False,-3.1281533804238157,-1.557885494496574
2014,MI,9,136342,81470,SANDER M LEVIN,D,25.192367729968964,True,15.43895055499496,1,9.753417174974004,recent,-8.396417726962612,1,18.149834901936615,LEVIN S,True,15.43895055499496,18.03289436759174
2014,MI,10,67143,157069,CANDICE S MILLER,R,-40.10757675771145,True,-11.717171717171713,-1,-28.390405040539736,recent,-8.396417726962612,-1,19.993987313577122,MILLER C,True,-11.717171717171713,-20.110927847922
2014,MI,11,101681,140435,DAVE TROTT,R,-16.00637710849345,True,-5.443548387096774,0,-10.562828721396675,recent,-8.396417726962612,-1,2.166410994434063,TROTT D,False,-5.443548387096774,-2.2833515287789385
2014,MI,12,134346,64716,DEBBIE DINGELL,D,34.97905175272026,True,33.737373737373744,0,1.2416780153465155,recent,-8.396417726962612,1,9.638095742309128,DINGELL D,False,33.737373737373744,9.521155207964252
2014,MI,13,132710,27234,JOHN CONYERS JR,D,65.94558095333366,True,71.25628140703519,1,-5.3107004537015285,recent,-8.396417726962612,1,3.085717273261084,CONYERS J,True,71.25628140703519,2.9687767389162083
2014,MI,14,165272,41801,BRENDA LAWRENCE,D,59.62679827886784,True,62.65060240963856,0,-3.0238041307707206,recent,-8.396417726962612,1,5.372613596191892,LAWRENCE B,False,62.65060240963856,5.255673061847016
2014,MN,1,122851,103536,TIMOTHY J WALZ,D,8.531850327094753,True,1.4314928425357858,1,7.100357484558968,recent,-8.396417726962612,1,15.49677521152158,WALZ T,True,1.4314928425357858,15.379834677176705
2014,MN,2,95565,137778,JOHN KLINE,R,-18.090536249212533,True,0.10193679918450706,-1,-18.19247304839704,recent,-8.396417726962612,-1,9.796055321434428,KLINE J,True,0.10193679918450706,-9.912995855779304
2014,MN,3,101846,167515,ERIK PAULSEN,R,-24.3795501204703,True,0.8130081300813051,-1,-25.192558250551603,recent,-8.396417726962612,-1,16.79614052358899,PAULSEN E,True,0.8130081300813051,-16.913081057933866
2014,MN,4,147857,79492,BETTY MCCOLLUM,D,30.070508337401968,True,27.551020408163264,1,2.5194879292387036,recent,-8.396417726962612,1,10.915905656201316,MCCOLLUM B,True,27.551020408163264,10.79896512185644
2014,MN,5,167079,56577,KEITH ELLISON,D,49.40712522802876,True,50.76923076923077,1,-1.3621055412020056,recent,-8.396417726962612,1,7.034312185760607,ELLISON K,True,50.76923076923077,6.917371651415731
2014,MN,6,90926,133328,TOM EMMER,R,-18.908023937142705,True,-15.306122448979592,0,-3.6019014881631133,recent,-8.396417726962612,-1,-4.794516238799499,EMMER T,False,-15.306122448979592,4.677575704454624
2014,MN,7,130546,109955,COLLIN C PETERSON,D,8.561710762117412,True,-9.999999999999998,1,18.56171076211741,recent,-8.396417726962612,1,26.958128489080025,PETERSON C,True,-9.999999999999998,26.841187954735148
2014,MN,8,129090,125358,RICHARD M NOLAN,D,1.4667043953970949,True,5.617977528089887,1,-4.1512731326927925,recent,-8.396417726962612,1,4.24514459426982,NOLAN R,True,5.617977528089887,4.128204059924944
2014,MO,1,119315,35273,WM LACY CLAY,D,54.36515124071726,True,61.740890688259114,1,-7.375739447541854,recent,-8.396417726962612,1,1.0206782794207587,CLAY W,True,61.740890688259114,0.9037377450758832
2014,MO,2,75384,148191,ANN WAGNER,R,-32.56491110365649,True,-15.939086294416246,-1,-16.625824809240246,recent,-8.396417726962612,-1,8.229407082277634,WAGNER A,True,-15.939086294416246,-8.34634761662251
2014,MO,3,52021,130940,BLAINE LUETKEMEYER,R,-43.134329173976965,True,-26.401630988786955,-1,-16.73269818519001,recent,-8.396417726962612,-1,8.336280458227398,LUETKEMEYER B,True,-26.401630988786955,-8.453220992572273
2014,MO,4,46464,120014,VICKY HARTZLER,R,-44.18001177332741,True,-25.409836065573778,-1,-18.77017570775363,recent,-8.396417726962612,-1,10.373757980791018,HARTZLER V,True,-25.409836065573778,-10.490698515135893
2014,MO,5,79256,69071,EMANUEL CLEAVER,D,6.866585314878613,True,19.837232960325533,1,-12.97064764544692,recent,-8.396417726962612,1,-4.574229918484308,CLEAVER E,True,19.837232960325533,-4.6911704528291835
2014,MO,6,55157,124616,SAM GRAVES,R,-38.637058957685525,True,-22.57405515832482,-1,-16.063003799360704,recent,-8.396417726962612,-1,7.666586072398092,GRAVES S,True,-22.57405515832482,-7.783526606742967
2014,MO,7,47282,104054,BILLY LONG,R,-37.51387640746419,True,-38.100102145045966,-1,0.5862257375817777,recent,-8.396417726962612,-1,-8.98264346454439,LONG B,True,-38.100102145045966,8.865702930199514
2014,MO,8,38721,106124,JASON T SMITH,R,-46.53457143843419,True,-34.62717058222677,0,-11.907400856207424,recent,-8.396417726962612,-1,3.5109831292448117,SMITH J,False,-34.62717058222677,-3.627923663589687
2014,MS,1,43713,102622,ALAN NUNNELEE,R,-40.25626131820822,True,-25.176946410515672,-1,-15.079314907692545,recent,-8.396417726962612,-1,6.682897180729933,NUNNELEE A,True,-25.176946410515672,-6.799837715074808
2014,MS,3,47744,117771,GREGG HARPER,R,-42.308552094976285,True,-21.089808274470233,-1,-21.218743820506052,recent,-8.396417726962612,-1,12.82232609354344,HARPER G,True,-21.089808274470233,-12.939266627888315
2014,MS,4,37869,108776,STEVEN M PALAZZO,R,-48.35282484912544,True,-36.84210526315788,-1,-11.510719585967557,recent,-8.396417726962612,-1,3.1143018590049447,PALAZZO S,True,-36.84210526315788,-3.23124239334982
2014,MT,0,148690,203871,RYAN ZINKE,R,-15.651475914806232,True,-14.109165808444898,0,-1.5423101063613345,recent,-8.396417726962612,-1,-6.854107620601278,ZINKE R,False,-14.109165808444898,6.737167086256402
2014,ND,0,95678,138100,KEVIN CRAMER,R,-18.146275526354064,True,-20.286885245901644,-1,2.14060971954758,recent,-8.396417726962612,-1,-10.537027446510193,CRAMER K,True,-20.286885245901644,10.420086912165317
2014,NE,1,55838,123219,JEFF FORTENBERRY,R,-37.6310336931815,True,-16.904276985743387,-1,-20.726756707438113,recent,-8.396417726962612,-1,12.330338980475501,FORTENBERRY J,True,-16.904276985743387,-12.447279514820377
2014,NE,2,83872,78157,BRAD ASHFORD,D,3.5271463750316303,True,-7.302231237322511,-1,10.829377612354142,recent,-8.396417726962612,1,19.225795339316754,ASHFORD B,False,-7.302231237322511,19.108854804971877
2014,NE,3,45524,139440,ADRIAN SMITH,R,-50.775286001600314,True,-43.26530612244899,-1,-7.509979879151324,recent,-8.396417726962612,-1,-0.8864378478112886,SMITH A,True,-43.26530612244899,0.7694973134664131
2014,NH,1,116769,125508,FRANK C GUINTA,R,-3.6070283188251464,True,1.619433198380568,1,-5.226461517205714,recent,-8.396417726962612,-1,-3.169956209756898,GUINTA F,False,1.619433198380568,3.0530156754120226
2014,NH,2,130700,106871,ANN M KUSTER,D,10.030264636677035,True,9.82776089159068,1,0.20250374508635538,recent,-8.396417726962612,1,8.598921472048968,KUSTER A,True,9.82776089159068,8.481980937704092
2014,NJ,1,93315,64073,DONALD W NORCROSS,D,18.579561338856838,True,31.64812942366026,0,-13.068568084803424,recent,-8.396417726962612,1,-4.6721503578408115,NORCROSS D,False,31.64812942366026,-4.789090892185687
2014,NJ,2,66026,108875,FRANK A LOBIONDO,R,-24.4990022927256,True,8.190091001011123,-1,-32.68909329373672,recent,-8.396417726962612,-1,24.292675566774108,LOBIONDO F,True,8.190091001011123,-24.40961610111898
2014,NJ,3,82537,100471,TOM MACARTHUR,R,-9.799571603427173,True,4.646464646464641,0,-14.446036249891815,recent,-8.396417726962612,-1,6.049618522929203,MACARTHUR T,False,4.646464646464641,-6.166559057274078
2014,NJ,4,54415,118826,CHRISTOPHER H SMITH,R,-37.17999780652386,True,-9.605662285136502,-1,-27.574335521387354,recent,-8.396417726962612,-1,19.177917794424744,SMITH C,True,-9.605662285136502,-19.294858328769617
2014,NJ,5,81808,104678,SCOTT GARRETT,R,-12.263655180549746,True,-3.134479271991912,-1,-9.129175908557833,recent,-8.396417726962612,-1,0.7327581815952211,GARRETT S,True,-3.134479271991912,-0.8496987159400966
2014,NJ,6,72190,46891,FRANK PALLONE JR,D,21.24520284512223,True,24.291497975708502,1,-3.046295130586273,recent,-8.396417726962612,1,5.350122596376339,PALLONE F,True,24.291497975708502,5.233182062031464
2014,NJ,7,68232,104287,LEONARD LANCE,R,-20.899147340292952,True,-6.2753036437246985,-1,-14.623843696568255,recent,-8.396417726962612,-1,6.227425969605642,LANCE L,True,-6.2753036437246985,-6.344366503950518
2014,NJ,8,61510,15141,ALBIO SIRES,D,60.49366609698504,True,58.18181818181817,1,2.311847915166865,recent,-8.396417726962612,1,10.708265642129478,SIRES A,True,58.18181818181817,10.591325107784602
2014,NJ,9,82498,36246,BILL PASCRELL,D,38.951020683150304,True,37.84056508577195,1,1.1104555973783548,recent,-8.396417726962612,1,9.506873324340967,PASCRELL B,True,37.84056508577195,9.389932789996092
2014,NJ,11,65477,109455,RODNEY P FRELINGHUYSEN,R,-25.140054421146502,True,-5.858585858585856,-1,-19.281468562560647,recent,-8.396417726962612,-1,10.885050835598035,FRELINGHUYSEN R,True,-5.858585858585856,-11.00199136994291
2014,NJ,12,90430,54168,BONNIE WATSON,D,25.077801905973804,True,34.47927199191102,0,-9.401470085937216,recent,-8.396417726962612,1,-1.0050523589746039,WATSON B,False,34.47927199191102,-1.1219928933194794
2014,NM,1,105474,74558,MICHELLE LUJAN GRISHAM,D,17.172502666192678,True,16.543730242360372,1,0.6287724238323058,recent,-8.396417726962612,1,9.025190150794918,GRISHAM M,True,16.543730242360372,8.908249616450043
2014,NM,2,52499,95209,STEVEN PEARCE,R,-28.915156931242723,True,-7.039337474120088,-1,-21.875819457122635,recent,-8.396417726962612,-1,13.479401730160022,PEARCE S,True,-7.039337474120088,-13.596342264504898
2014,NM,3,113249,70775,BEN RAY LUJAN,D,23.08068512802678,True,19.54261954261954,1,3.5380655854072387,recent,-8.396417726962612,1,11.934483312369851,LUJAN B,True,19.54261954261954,11.817542778024976
2014,NV,1,45643,30413,DINA TITUS,D,20.024718628379087,True,33.877551020408156,1,-13.852832392029068,recent,-8.396417726962612,1,-5.456414665066456,TITUS D,True,33.877551020408156,-5.573355199411331
2014,NV,2,52016,122402,MARK E AMODEI,R,-40.35477989657031,True,-8.290685772773799,-1,-32.06409412379651,recent,-8.396417726962612,-1,23.667676396833897,AMODEI M,True,-8.290685772773799,-23.78461693117877
2014,NV,3,52644,88528,JOSEPH J HECK,R,-25.418638256878136,True,0.81466395112016,-1,-26.233302207998296,recent,-8.396417726962612,-1,17.836884481035682,HECK J,True,0.81466395112016,-17.95382501538056
2014,NV,4,59844,63466,CRESENT HARDY,R,-2.9373124645203146,True,10.907237512742096,1,-13.84454997726241,recent,-8.396417726962612,-1,5.448132250299798,HARDY C,False,10.907237512742096,-5.5650727846446735
2014,NY,1,78722,94035,LEE M ZELDIN,R,-8.86389552955886,True,0.5065856129685917,1,-9.370481142527453,recent,-8.396417726962612,-1,0.9740634155648404,ZELDIN L,False,0.5065856129685917,-1.091003949909716
2014,NY,2,41814,95177,PETER T KING,R,-38.953653889671585,True,4.453441295546557,-1,-43.40709518521814,recent,-8.396417726962612,-1,35.01067745825553,KING P,True,4.453441295546557,-35.127617992600406
2014,NY,3,90032,74269,STEVE ISRAEL,D,9.593976908235495,True,2.6262626262626205,1,6.967714281972874,recent,-8.396417726962612,1,15.364132008935487,ISRAEL S,True,2.6262626262626205,15.247191474590611
2014,NY,4,89793,80127,KATHLEEN M RICE,D,5.688559322033898,True,13.622603430877902,0,-7.934044108844004,recent,-8.396417726962612,1,0.4623736181186082,RICE K,False,13.622603430877902,0.3454330837737327
2014,NY,11,45244,58886,MICHAEL G GRIMM,R,-13.10093152789782,True,4.347826086956526,-1,-17.448757614854348,recent,-8.396417726962612,-1,9.052339887891735,GRIMM M,True,4.347826086956526,-9.16928042223661
2014,NY,12,90603,22731,CAROLYN B MALONEY,D,59.88670654878501,True,56.300813008130085,1,3.585893540654922,recent,-8.396417726962612,1,11.982311267617535,MALONEY C,True,56.300813008130085,11.865370733272659
2014,NY,17,98150,75781,NITA M LOWEY,D,12.860847117535114,True,15.353535353535356,1,-2.4926882360002427,recent,-8.396417726962612,1,5.90372949096237,LOWEY N,True,15.353535353535356,5.786788956617494
2014,NY,18,88993,85660,SEAN PATRICK MALONEY,D,1.9083554247565173,True,4.365482233502536,1,-2.4571268087460183,recent,-8.396417726962612,1,5.939290918216594,MALONEY S,True,4.365482233502536,5.8223503838717185
2014,NY,19,72470,131594,CHRISTOPHER P GIBSON,R,-28.973263289948253,True,6.3265306122449,-1,-35.29979390219315,recent,-8.396417726962612,-1,26.90337617523054,GIBSON C,True,6.3265306122449,-27.020316709575415
2014,NY,20,125111,79104,PAUL TONKO,D,22.52870748965551,True,20.81632653061225,1,1.7123809590432586,recent,-8.396417726962612,1,10.108798686005871,TONKO P,True,20.81632653061225,9.991858151660995
2014,NY,21,59063,96226,ELISE M STEFANIK,R,-23.93150834894938,True,6.205493387589014,0,-30.137001736538394,recent,-8.396417726962612,-1,21.740584009575784,STEFANIK E,False,6.205493387589014,-21.857524543920658
2014,NY,23,70242,113130,TOM REED,R,-23.38852169360644,True,-1.2244897959183703,-1,-22.16403189768807,recent,-8.396417726962612,-1,13.767614170725457,REED T,True,-1.2244897959183703,-13.884554705070332
2014,NY,24,80304,118474,JOHN M KATKO,R,-19.202326213162422,True,16.20795107033639,1,-35.410277283498814,recent,-8.396417726962612,-1,27.013859556536204,KATKO J,False,16.20795107033639,-27.130800090881078
2014,NY,25,96803,95932,LOUISE MCINTOSH SLAUGHTER,D,0.451915842996861,True,19.75560081466395,1,-19.30368497166709,recent,-8.396417726962612,1,-10.907267244704476,SLAUGHTER L,True,19.75560081466395,-11.024207779049352
2014,NY,26,113210,52909,BRIAN HIGGINS,D,36.29988141031429,True,30.142566191446033,1,6.157315218868259,recent,-8.396417726962612,1,14.553732945830872,HIGGINS B,True,30.142566191446033,14.436792411485996
2014,NY,27,58911,144675,CHRIS COLLINS,R,-42.12666882791547,True,-12.627291242362524,-1,-29.49937758555295,recent,-8.396417726962612,-1,21.10295985859034,COLLINS C,True,-12.627291242362524,-21.219900392935212
2014,OH,1,72604,124779,STEVE CHABOT,R,-26.433380787605824,True,-6.180344478216821,-1,-20.253036309389003,recent,-8.396417726962612,-1,11.85661858242639,CHABOT S,True,-6.180344478216821,-11.973559116771266
2014,OH,2,68453,132658,BRAD R WENSTRUP,R,-31.925155759754563,True,-11.178861788617885,-1,-20.74629397113668,recent,-8.396417726962612,-1,12.349876244174068,WENSTRUP B,True,-11.178861788617885,-12.466816778518943
2014,OH,3,91769,51475,JOYCE BEATTY,D,28.129624975566166,True,41.379310344827594,1,-13.249685369261428,recent,-8.396417726962612,1,-4.853267642298816,BEATTY J,True,41.379310344827594,-4.970208176643691
2014,OH,4,60165,125907,JIM JORDAN,R,-35.33148458661164,True,-14.285714285714286,-1,-21.045770300897352,recent,-8.396417726962612,-1,12.64935257393474,JORDAN J,True,-14.285714285714286,-12.766293108279616
2014,OH,5,58507,134449,ROBERT E LATTA,R,-39.35715914509007,True,-9.999999999999998,-1,-29.357159145090073,recent,-8.396417726962612,-1,20.960741418127462,LATTA R,True,-9.999999999999998,-21.077681952472336
2014,OH,6,73561,111026,BILL JOHNSON,R,-20.296662278491986,True,-12.768130745658835,-1,-7.528531532833151,recent,-8.396417726962612,-1,-0.8678861941294613,JOHNSON B,True,-12.768130745658835,0.7509456597845858
2014,OH,8,51534,126539,JOHN A BOEHNER,R,-42.12036636660246,True,-25.940996948118006,-1,-16.179369418484455,recent,-8.396417726962612,-1,7.782951691521843,BOEHNER J,True,-25.940996948118006,-7.899892225866719
2014,OH,9,108870,51704,MARCY KAPTUR,D,35.601031300210494,True,37.25888324873096,1,-1.6578519485204666,recent,-8.396417726962612,1,6.738565778442146,KAPTUR M,True,37.25888324873096,6.62162524409727
2014,OH,10,63249,130752,MICHAEL R TURNER,R,-34.79518146813676,True,-1.9328585961342812,-1,-32.86232287200248,recent,-8.396417726962612,-1,24.46590514503987,TURNER M,True,-1.9328585961342812,-24.582845679384743
2014,OH,11,137105,35461,MARCIA L FUDGE,D,58.90152173661092,True,66.76737160120847,1,-7.86584986459755,recent,-8.396417726962612,1,0.5305678623650625,FUDGE M,True,66.76737160120847,0.413627328020187
2014,OH,12,61360,150573,PATRICK J TIBERI,R,-42.09490735279546,True,-10.681586978636826,-1,-31.413320374158634,recent,-8.396417726962612,-1,23.01690264719602,TIBERI P,True,-10.681586978636826,-23.133843181540897
2014,OH,13,120230,55233,TIM RYAN,D,37.043137299601625,True,27.97558494404883,1,9.067552355552795,recent,-8.396417726962612,1,17.46397008251541,RYAN T,True,27.97558494404883,17.347029548170532
2014,OH,14,70856,135736,DAVID P JOYCE,R,-31.404894671623296,True,-3.350253807106596,-1,-28.0546408645167,recent,-8.396417726962612,-1,19.65822313755409,JOYCE D,True,-3.350253807106596,-19.775163671898962
2014,OH,15,66125,128496,STEVE STIVERS,R,-32.04741523268301,True,-5.702647657841142,-1,-26.344767574841867,recent,-8.396417726962612,-1,17.948349847879257,STIVERS S,True,-5.702647657841142,-18.06529038222413
2014,OH,16,75199,132176,JAMES B RENACCI,R,-27.475346594333935,True,-8.316430020283972,-1,-19.15891657404996,recent,-8.396417726962612,-1,10.762498847087349,RENACCI J,True,-8.316430020283972,-10.879439381432224
2014,OK,2,38964,110925,MARKWAYNE MULLIN,R,-48.00952705001701,True,-35.599999999999994,-1,-12.409527050017019,recent,-8.396417726962612,-1,4.013109323054406,MULLIN M,True,-35.599999999999994,-4.130049857399282
2014,OK,3,36270,133335,FRANK D LUCAS,R,-57.23003449190767,True,-47.8,-1,-9.43003449190767,recent,-8.396417726962612,-1,1.033616764945057,LUCAS F,True,-47.8,-1.1505572992899324
2014,OK,4,40998,117721,TOM COLE,R,-48.33888822384213,True,-34.199999999999996,-1,-14.138888223842137,recent,-8.396417726962612,-1,5.742470496879525,COLE T,True,-34.199999999999996,-5.8594110312244005
2014,OK,5,57790,95632,STEVE RUSSELL,R,-24.665302238270915,True,-18.400000000000006,0,-6.265302238270909,recent,-8.396417726962612,-1,-2.1311154886917034,RUSSELL S,False,-18.400000000000006,2.014174954346828
2014,OR,1,160038,96245,SUZANNE BONAMICI,D,24.891623712848688,True,17.78006166495375,1,7.111562047894939,recent,-8.396417726962612,1,15.507979774857551,BONAMICI S,True,17.78006166495375,15.391039240512676
2014,OR,2,73785,202374,GREG WALDEN,R,-46.56339282804471,True,-16.75231243576567,-1,-29.81108039227904,recent,-8.396417726962612,-1,21.414662665316428,WALDEN G,True,-16.75231243576567,-21.531603199661305
2014,OR,3,211748,57424,EARL BLUMENAUER,D,57.33285780095998,True,48.91416752843847,1,8.41869027252151,recent,-8.396417726962612,1,16.81510799948412,BLUMENAUER E,True,48.91416752843847,16.698167465139246
2014,OR,4,181624,116534,PETER A DEFAZIO,D,21.830707208929493,True,6.928645294725959,1,14.902061914203534,recent,-8.396417726962612,1,23.298479641166146,DEFAZIO P,True,6.928645294725959,23.18153910682127
2014,OR,5,150944,110332,KURT SCHRADER,D,15.543716223457187,True,3.483606557377048,1,12.06010966608014,recent,-8.396417726962612,1,20.45652739304275,SCHRADER K,True,3.483606557377048,20.339586858697878
2014,RI,1,87060,58877,DAVID N CICILLINE,D,19.311757813303,True,34.55284552845528,1,-15.241087715152279,recent,-8.396417726962612,1,-6.844669988189667,CICILLINE D,True,34.55284552845528,-6.961610522534542
2014,RI,2,105716,63844,JAMES R LANGEVIN,D,24.69450342061807,True,21.916411824668707,1,2.7780915959493626,recent,-8.396417726962612,1,11.174509322911975,LANGEVIN J,True,21.916411824668707,11.0575687885671
2014,SC,2,68719,121649,JOE WILSON,R,-27.80404269625147,True,-20.000000000000004,-1,-7.804042696251468,recent,-8.396417726962612,-1,-0.5923750307111444,WILSON J,True,-20.000000000000004,0.4754344963662689
2014,SC,3,47181,116741,JEFF DUNCAN,R,-42.43481655909518,True,-31.097560975609753,-1,-11.33725558348543,recent,-8.396417726962612,-1,2.9408378565228173,DUNCAN J,True,-31.097560975609753,-3.0577783908676928
2014,SC,5,71985,103078,MICK MULVANEY,R,-17.76103459897294,True,-11.651469098277609,-1,-6.109565500695332,recent,-8.396417726962612,-1,-2.28685222626728,MULVANEY M,True,-11.651469098277609,2.1699116919224046
2014,SC,6,125747,44311,JAMES E CLYBURN,D,47.887191428806645,True,43.23232323232323,1,4.654868196483413,recent,-8.396417726962612,1,13.051285923446025,CLYBURN J,True,43.23232323232323,12.93434538910115
2014,SC,7,68576,102833,TOM RICE,R,-19.98553168153364,True,-10.212335692618808,-1,-9.773195988914832,recent,-8.396417726962612,-1,1.3767782619522198,RICE T,True,-10.212335692618808,-1.4937187962970953
2014,SD,0,92485,183834,KRISTI L NOEM,R,-33.059253978191876,True,-18.404907975460123,-1,-14.654346002731753,recent,-8.396417726962612,-1,6.257928275769141,NOEM K,True,-18.404907975460123,-6.374868810114016
2014,TN,2,37612,120883,JOHN J DUNCAN JR,R,-52.53856588535916,True,-37.06720977596742,-1,-15.471356109391742,recent,-8.396417726962612,-1,7.07493838242913,DUNCAN J,True,-37.06720977596742,-7.191878916774005
2014,TN,3,53983,97344,"CHARLES J \""CHUCK\"" FLEISCHMANN",R,-28.653842341419576,True,-28.658536585365848,-1,0.0046942439462718255,recent,-8.396417726962612,-1,-8.401111970908884,FLEISCHMANN C,True,-28.658536585365848,8.284171436564009
2014,TN,4,51357,84815,SCOTT DES JARLAIS,R,-24.57039626354904,True,-32.72357723577235,0,8.153180972223314,recent,-8.396417726962612,-1,-16.54959869918593,JARLAIS S,False,-32.72357723577235,16.43265816484105
2014,TN,5,96148,55078,JIM COOPER,D,27.158028381362993,True,13.617886178861786,1,13.540142202501206,recent,-8.396417726962612,1,21.93655992946382,COOPER J,True,13.617886178861786,21.81961939511894
2014,TN,6,37232,115231,DIANE BLACK,R,-51.159297665663146,True,-40.16227180527383,-1,-10.997025860389314,recent,-8.396417726962612,-1,2.600608133426702,BLACK D,True,-40.16227180527383,-2.7175486677715774
2014,TN,7,42280,110534,MARSHA BLACKBURN,R,-44.66475584697737,True,-33.26572008113591,-1,-11.399035765841461,recent,-8.396417726962612,-1,3.0026180388788486,BLACKBURN M,True,-33.26572008113591,-3.119558573223724
2014,TN,8,42433,122255,STEPHEN LEE FINCHER,R,-48.468619450111724,True,-33.67037411526795,-1,-14.798245334843777,recent,-8.396417726962612,-1,6.401827607881165,FINCHER S,True,-33.67037411526795,-6.51876814222604
2014,TN,9,87376,27173,STEVE COHEN,D,52.55654785288392,True,57.862903225806456,1,-5.306355372922539,recent,-8.396417726962612,1,3.0900623540400733,COHEN S,True,57.862903225806456,2.973121819695198
2014,TX,1,33476,115084,LOUIE GOHMERT,R,-54.93268712977921,True,-44.5005045408678,-1,-10.43218258891141,recent,-8.396417726962612,-1,2.035764861948797,GOHMERT L,True,-44.5005045408678,-2.1527053962936726
2014,TX,2,44462,101936,TED POE,R,-39.25873304280113,True,-27.715736040609134,-1,-11.542997002192,recent,-8.396417726962612,-1,3.146579275229387,POE T,True,-27.715736040609134,-3.2635198095742624
2014,TX,6,55027,92334,JOE BARTON,R,-25.316739164365064,True,-17.32522796352584,-1,-7.9915112008392235,recent,-8.396417726962612,-1,-0.40490652612338884,BARTON J,True,-17.32522796352584,0.28796599177851334
2014,TX,7,49478,90606,JOHN ABNEY CULBERSON,R,-29.359527140858344,True,-21.624365482233497,-1,-7.735161658624847,recent,-8.396417726962612,-1,-0.6612560683377655,CULBERSON J,True,-21.624365482233497,0.54431553399289
2014,TX,10,60243,109726,MICHAEL T MCCAUL,R,-29.11295589195677,True,-20.735444330949953,-1,-8.377511561006816,recent,-8.396417726962612,-1,-0.018906165955796084,MCCAUL M,True,-20.735444330949953,-0.09803436838907942
2014,TX,12,41757,113186,KAY GRANGER,R,-46.10017877542064,True,-35.63451776649746,-1,-10.465661008923178,recent,-8.396417726962612,-1,2.0692432819605653,GRANGER K,True,-35.63451776649746,-2.186183816305441
2014,TX,14,52545,90116,RANDY K WEBER SR,R,-26.335859134591793,True,-20.04048582995951,-1,-6.295373304632282,recent,-8.396417726962612,-1,-2.1010444223303306,WEBER R,True,-20.04048582995951,1.9841038879854551
2014,TX,15,48708,39016,RUBEN HINOJOSA,D,11.048287811773289,True,16.07684529828109,1,-5.0285574865078,recent,-8.396417726962612,1,3.367860240454812,HINOJOSA R,True,16.07684529828109,3.2509197061099364
2014,TX,16,49338,21324,BETO O'ROURKE,D,39.64507090090855,True,30.09118541033435,1,9.5538854905742,recent,-8.396417726962612,1,17.950303217536813,ROURKE B,True,30.09118541033435,17.833362683191936
2014,TX,17,43049,85807,BILL FLORES,R,-33.1827776743031,True,-23.13965341488277,-1,-10.043124259420328,recent,-8.396417726962612,-1,1.6467065324577153,FLORES B,True,-23.13965341488277,-1.7636470668025908
2014,TX,18,76097,26249,SHEILA JACKSON LEE,D,48.70537197350165,True,53.892821031344795,1,-5.187449057843146,recent,-8.396417726962612,1,3.208968669119466,LEE S,True,53.892821031344795,3.0920281347745906
2014,TX,19,21458,90160,RANDY NEUGEBAUER,R,-61.55100431829992,True,-49.290060851926974,-1,-12.260943466372943,recent,-8.396417726962612,-1,3.8645257394103307,NEUGEBAUER R,True,-49.290060851926974,-3.9814662737552062
2014,TX,22,47844,100861,PETE OLSON,R,-35.65246629232373,True,-25.708502024291494,-1,-9.943964268032236,recent,-8.396417726962612,-1,1.5475465410696234,OLSON P,True,-25.708502024291494,-1.664487075414499
2014,TX,23,55037,57459,WILL HURD,R,-2.1529654387711563,True,-2.6315789473684217,1,0.47861350859726537,recent,-8.396417726962612,-1,-8.875031235559877,HURD W,False,-2.6315789473684217,8.758090701215002
2014,TX,24,46548,93712,KENNY MARCHANT,R,-33.62612291458719,True,-22.76422764227642,-1,-10.861895272310772,recent,-8.396417726962612,-1,2.4654775453481594,MARCHANT K,True,-22.76422764227642,-2.582418079693035
2014,TX,25,64463,107120,ROGER WILLIAMS,R,-24.860854513559037,True,-22.620266120777895,-1,-2.2405883927811416,recent,-8.396417726962612,-1,-6.155829334181471,WILLIAMS R,True,-22.620266120777895,6.038888799836595
2014,TX,27,44152,83342,BLAKE FARENTHOLD,R,-30.73870142908686,True,-22.593718338399185,-1,-8.144983090687674,recent,-8.396417726962612,-1,-0.25143463627493823,FARENTHOLD B,True,-22.593718338399185,0.13449410193006273
2014,TX,31,45715,91607,JOHN R CARTER,R,-33.41926275469335,True,-21.756894790602658,-1,-11.662367964090691,recent,-8.396417726962612,-1,3.265950237128079,CARTER J,True,-21.756894790602658,-3.3828907714729546
2014,TX,32,55325,96495,PETE SESSIONS,R,-27.117639309708867,True,-15.736040609137056,-1,-11.38159870057181,recent,-8.396417726962612,-1,2.9851809736091983,SESSIONS P,True,-15.736040609137056,-3.102121507954074
2014,TX,34,47503,30811,FILEMON VELA,D,21.3141966953546,True,22.70433905146317,-1,-1.3901423561085693,recent,-8.396417726962612,1,7.006275370854043,VELA F,False,22.70433905146317,6.889334836509168
2014,TX,35,60124,32040,LLOYD DOGGETT,D,30.471767718415,True,29.098360655737707,1,1.3734070626772912,recent,-8.396417726962612,1,9.769824789639904,DOGGETT L,True,29.098360655737707,9.652884255295028
2014,TX,36,29543,101663,BRIAN BABIN,R,-54.96699846043626,True,-48.0283114256825,0,-6.938687034753755,recent,-8.396417726962612,-1,-1.457730692208857,BABIN B,False,-48.0283114256825,1.3407901578639816
2014,VT,0,123349,59432,PETER WELCH,D,34.969170756260226,True,36.45621181262729,1,-1.4870410563670617,recent,-8.396417726962612,1,6.909376670595551,WELCH P,True,36.45621181262729,6.792436136250675
2014,WA,1,124151,101428,SUZAN K DELBENE,D,10.07318943696,True,11.088295687885013,1,-1.0151062509250135,recent,-8.396417726962612,1,7.381311476037599,DELBENE S,True,11.088295687885013,7.264370941692723
2014,WA,2,122173,79518,RICK LARSEN,D,21.14868784427664,True,21.81069958847737,1,-0.6620117442007292,recent,-8.396417726962612,1,7.734405982761883,LARSEN R,True,21.81069958847737,7.617465448417008
2014,WA,3,78018,124796,JAIME HERRERA BEUTLER,R,-23.064482728016802,True,-1.7435897435897465,-1,-21.320892984427054,recent,-8.396417726962612,-1,12.924475257464442,BEUTLER J,True,-1.7435897435897465,-13.041415791809317
2014,WA,5,87772,135470,CATHY MCMORRIS RODGERS,R,-21.366051191084114,True,-10.082304526748969,-1,-11.283746664335146,recent,-8.396417726962612,-1,2.8873289373725335,RODGERS C,True,-10.082304526748969,-3.004269471717409
2014,WA,6,141265,83025,DEREK KILMER,D,25.966382807971822,True,15.31346351490236,1,10.652919293069463,recent,-8.396417726962612,1,19.049337020032077,KILMER D,True,15.31346351490236,18.9323964856872
2014,WA,7,203954,47921,JIM MCDERMOTT,D,61.948585607940444,True,62.795477903391564,1,-0.84689229545112,recent,-8.396417726962612,1,7.549525431511492,MCDERMOTT J,True,62.795477903391564,7.432584897166617
2014,WA,8,73003,125741,DAVID G REICHERT,R,-26.53564384333615,True,1.6359918200409012,-1,-28.17163566337705,recent,-8.396417726962612,-1,19.775217936414435,REICHERT D,True,1.6359918200409012,-19.892158470759313
2014,WA,9,118132,48662,ADAM SMITH,D,41.650179263043036,True,39.53013278855975,1,2.1200464744832885,recent,-8.396417726962612,1,10.5164642014459,SMITH A,True,39.53013278855975,10.399523667101025
2014,WA,10,99279,82213,DENNY HECK,D,9.403169285698544,True,15.605749486652972,1,-6.2025802009544275,recent,-8.396417726962612,1,2.193837526008185,HECK D,True,15.605749486652972,2.0768969916633093
2014,WI,1,105552,182316,PAUL RYAN,R,-26.666388761515694,True,-4.242424242424245,-1,-22.42396451909145,recent,-8.396417726962612,-1,14.027546792128836,RYAN P,True,-4.242424242424245,-14.144487326473712
2014,WI,2,224920,103619,MARK POCAN,D,36.92133962786762,True,38.259109311740886,1,-1.3377696838732689,recent,-8.396417726962612,1,7.0586480430893435,POCAN M,True,38.259109311740886,6.941707508744468
2014,WI,3,155368,119540,RON KIND,D,13.032723674829397,True,11.156186612576066,1,1.8765370622533304,recent,-8.396417726962612,1,10.272954789215943,KIND R,True,11.156186612576066,10.156014254871067
2014,WI,4,179045,68490,GWEN MOORE,D,44.66237097784152,True,51.96770938446014,1,-7.305338406618624,recent,-8.396417726962612,1,1.0910793203439884,MOORE G,True,51.96770938446014,0.9741387859991129
2014,WI,5,101190,231160,F JAMES SENSENBRENNER JR,R,-39.10636377313074,True,-23.838383838383834,-1,-15.267979934746904,recent,-8.396417726962612,-1,6.871562207784292,SENSENBRENNER F,True,-23.838383838383834,-6.9885027421291674
2014,WI,6,122212,169767,GLENN GROTHMAN,R,-16.287130238818545,True,-7.381193124368052,0,-8.905937114450492,recent,-8.396417726962612,-1,0.5095193874878792,GROTHMAN G,False,-7.381193124368052,-0.6264599218327547
2014,WI,7,112949,169896,SEAN P DUFFY,R,-20.133642100797257,True,-3.14083080040527,-1,-16.99281130039199,recent,-8.396417726962612,-1,8.596393573429376,DUFFY S,True,-3.14083080040527,-8.713334107774251
2014,WI,8,101345,188553,REID J RIBBLE,R,-30.08230481065754,True,-3.7411526794742116,-1,-26.34115213118333,recent,-8.396417726962612,-1,17.944734404220718,RIBBLE R,True,-3.7411526794742116,-18.06167493856559
2014,WV,1,52109,92491,DAVID B MCKINLEY,R,-27.926694329183956,True,-27.32855680655067,-1,-0.5981375226332872,recent,-8.396417726962612,-1,-7.798280204329325,MCKINLEY D,True,-27.32855680655067,7.68133966998445
2014,WV,2,67687,72619,ALEX X MOONEY,R,-3.5151739768791073,True,-22.448979591836736,0,18.933805614957627,recent,-8.396417726962612,-1,-27.330223341920238,MOONEY A,False,-22.448979591836736,27.213282807575364
2014,WV,3,62688,77713,EVAN JENKINS,R,-10.701490730123005,True,-32.924335378323114,1,22.22284464820011,recent,-8.396417726962612,-1,-30.61926237516272,JENKINS E,False,-32.924335378323114,30.502321840817846
2014,WY,0,37803,113038,CYNTHIA M LUMMIS,R,-49.877022825359155,True,-42.37995824634655,-1,-7.4970645790126085,recent,-8.396417726962612,-1,-0.8993531479500039,LUMMIS C,True,-42.37995824634655,0.7824126136051284
2016,AK,0,111019,155088,DON YOUNG,R,-16.56063162562428,True,-16.81415929203539,-1,0.253527666411113,recent,-2.971796432646342,-1,-3.225324099057455,YOUNG D,True,-14.611398963730565,2.3100947872832354
2016,AL,2,112089,134886,MARTHA ROBY,R,-9.230488915882175,True,-32.58426966292135,-1,23.353780747039174,recent,-2.971796432646342,-1,-26.325577179685517,ROBY M,True,-26.686807653575027,21.715646186869805
2016,AL,3,94549,192164,MIKE ROGERS,R,-34.046241363314536,True,-33.81147540983607,-1,-0.2347659534784654,recent,-2.971796432646342,-1,-2.737030479167877,ROGERS M,True,-25.731584258324926,-4.0553296558126615
2016,AL,5,102234,205647,MO BROOKS,R,-33.588626774630455,True,-34.79166666666667,-1,1.203039892036216,recent,-2.971796432646342,-1,-4.174836324682558,BROOKS M,True,-29.352226720647774,0.022927395194267675
2016,AL,6,83709,245313,GARY J PALMER,R,-49.11647245472947,True,-46.13003095975232,-1,-2.98644149497715,recent,-2.971796432646342,-1,0.014645062330807868,PALMER G,True,-50.10101010101009,5.24386509545757
2016,AR,2,111347,176472,J FRENCH HILL,R,-22.627067705745624,True,-11.370882040382568,0,-11.256185665363056,recent,-2.971796432646342,-1,8.284389232716713,HILL J,False,-12.090163934426235,-6.2775763221424405
2016,AZ,1,142219,121745,TOM O'HALLERAN,D,7.756360715855192,True,-1.1664899257688244,0,8.922850641624017,recent,-2.971796432646342,1,11.89464707427036,HALLERAN T,False,-2.5432349949135302,14.558923159945671
2016,AZ,2,135873,179806,MARTHA MCSALLY,R,-13.916985292021325,True,5.196182396606573,-1,-19.113167688627897,recent,-2.971796432646342,-1,16.141371255981554,MCSALLY M,True,-1.5259409969481181,-8.131716845896259
2016,AZ,4,81296,203487,PAUL A GOSAR,R,-42.906704403001584,True,-42.226890756302524,-1,-0.6798136466990599,recent,-2.971796432646342,-1,-2.2919827859472823,GOSAR P,True,-36.86354378818738,-1.7838331656372564
2016,AZ,5,114940,205184,ANDY BIGGS,R,-28.190326248578675,True,-22.422954303931988,0,-5.767371944646687,recent,-2.971796432646342,-1,2.7955755120003447,BIGGS A,False,-29.674796747967473,5.7437979485657475
2016,AZ,6,122866,201578,DAVID SCHWEIKERT,R,-24.260581178878326,True,-10.548523206751055,-1,-13.71205797212727,recent,-2.971796432646342,-1,10.74026153948093,SCHWEIKERT D,True,-21.057985757884033,1.0567320281826564
2016,AZ,7,119465,39286,RUBEN GALLEGO,D,50.50613854400917,True,52.11864406779661,1,-1.6125055237874406,recent,-2.971796432646342,1,1.3592909088589016,GALLEGO R,True,46.02851323828921,8.73695275489691
2016,AZ,9,169055,108350,KYRSTEN SINEMA,D,21.88316721039635,True,17.50805585392052,1,4.375111356475831,recent,-2.971796432646342,1,7.346907789122173,SINEMA K,True,4.605936540429887,21.536558119143415
2016,CA,1,128588,185448,DOUG LAMALFA,R,-18.106204384210727,True,-21.251348435814457,-1,3.1451440516037295,recent,-2.971796432646342,-1,-6.116940484250072,LAMALFA D,True,-16.82146542827658,2.9745884932428
2016,CA,2,254194,76572,JARED HUFFMAN,D,53.70019893217562,True,49.512459371614305,1,4.187739560561312,recent,-2.971796432646342,1,7.159535993207654,HUFFMAN J,True,43.75,14.209526381352566
2016,CA,3,152513,104453,JOHN GARAMENDI,D,18.70286341383685,True,13.490364025695934,1,5.212499388140918,recent,-2.971796432646342,1,8.18429582078726,GARAMENDI J,True,11.49897330595482,11.46321755705898
2016,CA,4,130845,220133,TOM MCCLINTOCK,R,-25.43977115374753,True,-15.755627009646306,-1,-9.684144144101223,recent,-2.971796432646342,-1,6.712347711454881,MCCLINTOCK T,True,-18.891170431211496,-2.2892732733590844
2016,CA,5,224526,67565,MIKE THOMPSON,D,53.73702031216299,True,48.02139037433156,1,5.71562993783143,recent,-2.971796432646342,1,8.687426370477773,THOMPSON M,True,43.415637860082306,14.580709901257633
2016,CA,6,177565,57848,DORIS O MATSUI,D,50.85403100083683,True,47.863247863247864,1,2.990783137588963,recent,-2.971796432646342,1,5.962579570235305,MATSUI D,True,41.889117043121146,13.224241406892629
2016,CA,7,152133,145168,AMI BERA,D,2.342743549466702,True,12.23175965665236,1,-9.889016107185657,recent,-2.971796432646342,1,-6.917219674539315,BERA A,True,4.0983606557377055,2.5037103429059453
2016,CA,8,83035,136972,PAUL COOK,R,-24.516038126059627,True,-16.01272534464475,-1,-8.503312781414877,recent,-2.971796432646342,-1,5.531516348768535,COOK P,True,-14.285714285714281,-5.970996391168397
2016,CA,9,133163,98992,JERRY MCNERNEY,D,14.719045465314123,True,19.66173361522199,1,-4.942688149907868,recent,-2.971796432646342,1,-1.9708917172615257,MCNERNEY J,True,18.079673135852904,0.8986997786381679
2016,CA,10,116470,124671,JEFF DENHAM,R,-3.4009148174719357,True,3.1914893617021276,0,-6.592404179174063,recent,-2.971796432646342,-1,3.620607746527721,DENHAM J,False,3.6885245901639356,-2.8301119584589225
2016,CA,11,214868,83341,MARK DESAULNIER,D,44.10564402818158,True,51.80467091295117,1,-7.699026884769587,recent,-2.971796432646342,1,-4.727230452123245,DESAULNIER M,True,38.52459016393443,9.840381313424102
2016,CA,14,231630,54817,JACKIE SPEIER,D,61.72625302411964,True,61.72450052576235,1,0.0017524983572911879,recent,-2.971796432646342,1,2.9735489310036334,SPEIER J,True,51.73824130879345,14.247339164503144
2016,CA,15,198578,70619,ERIC SWALWELL,D,47.533590641797645,True,48.565356004250795,1,-1.0317653624531502,recent,-2.971796432646342,1,1.940031070193192,SWALWELL E,True,39.059304703476485,12.733613387498108
2016,CA,16,97473,70483,JIM COSTA,D,16.069684917478387,True,22.881355932203387,1,-6.811671014725,recent,-2.971796432646342,1,-3.839874582078658,COSTA J,True,19.59183673469388,0.7371756319614544
2016,CA,18,230460,93470,ANNA G ESHOO,D,42.29000092612601,True,56.837606837606835,1,-14.547605911480822,recent,-2.971796432646342,1,-11.57580947883448,ESHOO A,True,40.473738414006185,6.075589961296776
2016,CA,19,181802,64061,ZOE LOFGREN,D,47.8888649369771,True,54.449152542372886,1,-6.560287605395786,recent,-2.971796432646342,1,-3.5884911727494435,LOFGREN Z,True,45.752302968270214,6.395889417883835
2016,CA,20,180980,74811,JIMMY PANETTA,D,41.50615150650336,True,50.427350427350426,0,-8.921198920847068,recent,-2.971796432646342,1,-5.949402488200726,PANETTA J,False,46.03501544799175,-0.26953649231144716
2016,CA,21,57282,75126,DAVID G VALADAO,R,-13.47652709806054,True,16.332982086406744,-1,-29.809509184467284,recent,-2.971796432646342,-1,26.83771275182094,VALADAO D,True,11.314984709480125,-20.532184358363715
2016,CA,22,76211,158755,DEVIN NUNES,R,-35.13018904862831,True,-10.03167898627244,-1,-25.09851006235587,recent,-2.971796432646342,-1,22.126713629709528,NUNES D,True,-15.274949083503055,-15.595912515948308
2016,CA,23,74468,167116,KEVIN MCCARTHY,R,-38.35022186899795,True,-23.35456475583864,-1,-14.995657113159307,recent,-2.971796432646342,-1,12.023860680512964,MCCARTHY K,True,-26.024590163934427,-8.066304255886573
2016,CA,24,166034,144780,SALUD CARBAJAL,D,6.838173312656444,True,21.673819742489272,0,-14.835646429832828,recent,-2.971796432646342,1,-11.863849997186485,CARBAJAL S,False,11.316872427983538,-0.21937166615014547
2016,CA,25,122406,138755,STEPHEN KNIGHT,R,-6.26012306584827,True,7.135250266240677,-1,-13.395373332088948,recent,-2.971796432646342,-1,10.423576899442605,KNIGHT S,True,-1.9487179487179545,-0.05207766795336699
2016,CA,26,169248,111059,JULIA BROWNLEY,D,20.759024926241587,True,23.322683706070286,1,-2.5636587798286996,recent,-2.971796432646342,1,0.4081376528176426,BROWNLEY J,True,10.542476970317296,14.47587540510124
2016,CA,27,168977,81655,JUDY CHU,D,34.84072265313288,True,39.83050847457627,1,-4.989785821443391,recent,-2.971796432646342,1,-2.017989388797049,CHU J,True,28.278688524590166,10.821361577719662
2016,CA,28,210883,59526,ADAM B SCHIFF,D,55.97335887488952,True,52.7542372881356,1,3.2191215867539213,recent,-2.971796432646342,1,6.1909180194002635,SCHIFF A,True,45.247933884297524,14.984752439768945
2016,CA,30,205279,77325,BRAD SHERMAN,D,45.276783060395466,True,45.78059071729957,1,-0.503807656904101,recent,-2.971796432646342,1,2.467988775742241,SHERMAN B,True,34.086242299794655,15.44986820977776
2016,CA,31,121070,94866,PETE AGUILAR,D,12.135077059869591,True,22.375397667020145,1,-10.240320607150554,recent,-2.971796432646342,1,-7.268524174504212,AGUILAR P,True,16.973415132924337,-0.5790106238777977
2016,CA,33,219397,110822,TED LIEU,D,32.87969499029432,True,43.79639448568399,1,-10.916699495389672,recent,-2.971796432646342,1,-7.94490306274333,LIEU T,True,24.435318275154007,12.70370416431726
2016,CA,35,124044,47309,NORMA J TORRES,D,44.78182465436847,True,43.128964059196626,1,1.6528605951718447,recent,-2.971796432646342,1,4.624657027818187,TORRES N,True,37.55102040816327,11.490131695382152
2016,CA,36,144348,88269,RAUL RUIZ,D,24.107868298533642,True,9.205020920502097,1,14.902847378031545,recent,-2.971796432646342,1,17.874643810677888,RUIZ R,True,3.2586558044806546,25.108539943229935
2016,CA,38,163590,68524,LINDA T SANCHEZ,D,40.95659891260329,True,41.94915254237288,1,-0.9925536297695885,recent,-2.971796432646342,1,1.9792428028767537,SANCHEZ L,True,32.58426966292135,12.631656698858889
2016,CA,39,112679,150777,EDWARD R ROYCE,R,-14.460858739220212,True,9.110169491525424,-1,-23.571028230745636,recent,-2.971796432646342,-1,20.599231798099293,ROYCE E,True,-3.7793667007150105,-6.422164589328252
2016,CA,41,128164,69159,MARK TAKANO,D,29.902748285805508,True,29.64930924548353,1,0.25343904032197884,recent,-2.971796432646342,1,3.225235472968321,TAKANO M,True,25.766871165644176,8.395204569338281
2016,CA,42,104689,149547,KEN CALVERT,R,-17.64423606412939,True,-12.658227848101266,-1,-4.986008216028125,recent,-2.971796432646342,-1,2.014211783381783,CALVERT K,True,-15.423901940755874,2.038993325803432
2016,CA,43,167017,52499,MAXINE WATERS,D,52.16840685872556,True,64.87907465825447,1,-12.710667799528906,recent,-2.971796432646342,1,-9.738871366882563,WATERS M,True,59.183673469387756,-2.755939161485246
2016,CA,45,129231,182618,MIMI WALTERS,R,-17.119503349377425,True,5.732484076433121,1,-22.851987425810545,recent,-2.971796432646342,-1,19.880190993164202,WALTERS M,False,-12.065439672801634,-0.7947362273988414
2016,CA,47,154759,88109,ALAN S LOWENTHAL,D,27.442890788411813,True,33.76068376068376,1,-6.317792972271949,recent,-2.971796432646342,1,-3.345996539625607,LOWENTHAL A,True,23.076923076923077,8.625295160665685
2016,CA,48,127715,178701,DANA ROHRABACHER,R,-16.63947052373244,True,1.806588735387881,-1,-18.44605925912032,recent,-2.971796432646342,-1,15.474262826473979,ROHRABACHER D,True,-11.97543500511771,-0.4047080694377829
2016,CA,49,154267,155888,DARRELL E ISSA,R,-0.5226419048540246,True,7.987220447284344,-1,-8.509862352138368,recent,-2.971796432646342,-1,5.538065919492026,ISSA D,True,-6.829765545361871,10.566451089684795
2016,CA,50,103646,179937,DUNCAN HUNTER,R,-26.902529418195027,True,-15.92356687898089,-1,-10.978962539214136,recent,-2.971796432646342,-1,8.007166106567794,HUNTER D,True,-23.265306122448976,0.6221041534308984
2016,CA,51,145162,54362,JUAN VARGAS,D,45.5083097772699,True,51.7970401691332,1,-6.288730391863297,recent,-2.971796432646342,1,-3.3169339592169544,VARGAS J,True,41.20040691759919,8.56723030884766
2016,CA,52,181253,139403,SCOTT H PETERS,D,13.05136969213113,True,24.012806830309497,1,-10.961437138178367,recent,-2.971796432646342,1,-7.989640705532024,PETERS S,True,6.5439672801635975,10.766729861144482
2016,CA,53,198988,97968,SUSAN A DAVIS,D,34.01850779240022,True,37.088204038257174,1,-3.069696245856953,recent,-2.971796432646342,1,-0.09789981321061081,DAVIS S,True,25.56237218813906,12.715463053438109
2016,CO,1,257254,105030,DIANA DEGETTE,D,42.017864437844345,True,49.67462039045553,1,-7.656755952611185,recent,-2.971796432646342,1,-4.684959519964843,DEGETTE D,True,41.10429447852761,5.1728974084936805
2016,CO,2,260175,170001,JARED POLIS,D,20.96211783084133,True,23.38090010976949,1,-2.4187822789281626,recent,-2.971796432646342,1,0.5530141537181796,POLIS J,True,18.891170431211496,6.330274848806782
2016,CO,3,150914,204220,SCOTT R TIPTON,R,-15.010108860317514,True,-13.043478260869565,-1,-1.9666305994479494,recent,-2.971796432646342,-1,-1.0051658331983928,TIPTON S,True,-6.147540983606557,-4.603240427534008
2016,CO,4,123642,248230,KEN BUCK,R,-33.502925737888305,True,-25.190839694656493,-1,-8.312086043231812,recent,-2.971796432646342,-1,5.34028961058547,BUCK K,True,-19.75435005117707,-9.489248237534285
2016,CO,5,111676,225445,DOUG LAMBORN,R,-33.74723022297632,True,-26.54867256637168,-1,-7.198557656604642,recent,-2.971796432646342,-1,4.2267612239583,LAMBORN D,True,-21.355236139630392,-8.132666634168979
2016,CO,6,160372,191626,MIKE COFFMAN,R,-8.879027721748418,True,9.72677595628416,-1,-18.60580367803258,recent,-2.971796432646342,-1,15.634007245386236,COFFMAN M,True,5.198776758409787,-9.818477030981256
2016,CO,7,199758,144066,ED PERLMUTTER,D,16.1978221415608,True,13.215859030837004,1,2.981963110723795,recent,-2.971796432646342,1,5.953759543370137,PERLMUTTER E,True,15.195071868583167,5.262077722154581
2016,CT,1,200686,105674,JOHN B LARSON,D,31.01318710014362,True,24.13793103448276,1,6.87525606566086,recent,-2.971796432646342,1,9.847052498307203,LARSON J,True,28.008088978766423,7.264425570554147
2016,CT,2,208818,111149,JOE COURTNEY,D,30.524710360755954,True,3.0687830687830746,1,27.45592729197288,recent,-2.971796432646342,1,30.427723724619224,COURTNEY J,True,13.502538071065988,21.281499738866913
2016,CT,3,213572,95786,ROSA L DELAURO,D,38.074334589698665,True,16.095534787123572,1,21.978799802575093,recent,-2.971796432646342,1,24.950596235221436,DELAURO R,True,26.592517694641053,15.741144344234561
2016,CT,4,187811,125724,JAMES A HIMES,D,19.802254931666322,True,23.908523908523907,1,-4.106268976857585,recent,-2.971796432646342,1,-1.1344725442112429,HIMES J,True,11.2008072653885,12.860775115454771
2016,CT,5,179252,129801,ELIZABETH H ETSY,D,16.00081539412334,True,4.284221525600838,0,11.716593868522502,recent,-2.971796432646342,1,14.688390301168845,ETSY E,False,8.299595141700408,11.96054770159988
2016,DE,0,233554,172301,LISA BLUNT ROCHESTER,D,15.092335932783875,True,12.067156348373558,0,3.025179584410317,recent,-2.971796432646342,1,5.996976017056659,ROCHESTER L,False,18.864097363083168,0.48756601887765605
2016,FL,1,114079,255107,MATT GAETZ,R,-38.199715048783,True,-41.06583072100313,0,2.8661156722201326,recent,-2.971796432646342,-1,-5.837912104866475,GAETZ M,False,,
2016,FL,2,102801,231163,NEAL DUNN,R,-38.4358793163335,True,-36.776859504132226,0,-1.6590198122012723,recent,-2.971796432646342,-1,-1.31277662044507,DUNN N,False,,
2016,FL,3,136338,193843,TED S YOHO,R,-17.416205051168905,True,-16.59751037344398,-1,-0.818694677724924,recent,-2.971796432646342,-1,-2.153101754921418,YOHO T,True,,
2016,FL,4,113088,287509,JOHN RUTHERFORD,R,-43.540266152766996,True,-29.106029106029105,0,-14.434237046737891,recent,-2.971796432646342,-1,11.462440614091548,RUTHERFORD J,False,,
2016,FL,5,194549,108325,AL LAWSON,D,28.468604105997873,True,26.131687242798357,0,2.336916863199516,recent,-2.971796432646342,1,5.308713295845858,LAWSON A,False,,
2016,FL,6,151051,213519,RON DESANTIS,R,-17.134706640700003,True,-17.56198347107438,-1,0.42727683037437814,recent,-2.971796432646342,-1,-3.3990732630207203,DESANTIS R,True,,
2016,FL,7,182039,171583,STEPHANIE MURPHY,D,2.9568296090175386,True,7.64397905759162,-1,-4.687149448574082,recent,-2.971796432646342,1,-1.7153530159277395,MURPHY S,False,,
2016,FL,8,127127,246483,BILL POSEY,R,-31.946682369315596,True,-21.540062434963577,-1,-10.406619934352019,recent,-2.971796432646342,-1,7.434823501705677,POSEY B,True,,
2016,FL,9,195311,144450,DARREN SOTO,D,14.969640423709608,True,13.340227507755946,0,1.6294129159536617,recent,-2.971796432646342,1,4.601209348600004,SOTO D,False,,
2016,FL,10,198491,107498,VAL DEMINGS,D,29.73734349927612,True,27.817993795243023,0,1.9193497040330953,recent,-2.971796432646342,1,4.8911461366794375,DEMINGS V,False,,
2016,FL,11,124713,258016,DANIEL WEBSTER,R,-34.829605282066424,True,-33.19630010277492,-1,-1.6333051792915043,recent,-2.971796432646342,-1,-1.3384912533548379,WEBSTER D,True,,
2016,FL,12,116110,253559,GUS M BILIRAKIS,R,-37.18164087332181,True,-19.33471933471934,-1,-17.846921538602473,recent,-2.971796432646342,-1,14.87512510595613,BILIRAKIS G,True,,
2016,FL,13,184693,171149,CHARLIE CRIST,D,3.8061836433023646,True,3.333333333333336,-1,0.47285030996902844,recent,-2.971796432646342,1,3.4446467426153706,CRIST C,False,,
2016,FL,14,195789,121088,KATHY CASTOR,D,23.57413128753428,True,18.91891891891892,1,4.655212368615359,recent,-2.971796432646342,1,7.627008801261701,CASTOR K,True,,
2016,FL,15,135475,182999,DENNIS A ROSS,R,-14.92241124864196,True,-10.395010395010395,-1,-4.5274008536315655,recent,-2.971796432646342,-1,1.5556044209852233,ROSS D,True,,
2016,FL,16,155262,230654,VERN BUCHANAN,R,-19.535857544128774,True,-11.065149948293694,-1,-8.47070759583508,recent,-2.971796432646342,-1,5.498911163188738,BUCHANAN V,True,,
2016,FL,17,115974,209348,THOMAS J ROONEY,R,-28.702024455769976,True,-27.983539094650208,-1,-0.7184853611197681,recent,-2.971796432646342,-1,-2.253311071526574,ROONEY T,True,,
2016,FL,18,161918,201488,BRIAN MAST,R,-10.888647958481698,True,-9.445585215605744,0,-1.443062742875954,recent,-2.971796432646342,-1,-1.5287336897703883,MAST B,False,,
2016,FL,19,123812,239225,FRANCIS ROONEY,R,-31.790974473676236,True,-22.760041194644696,0,-9.03093327903154,recent,-2.971796432646342,-1,6.059136846385198,ROONEY F,False,,
2016,FL,20,222914,54646,ALCEE L HASTINGS,D,60.62400922323101,True,63.17395727365208,1,-2.549948050421065,recent,-2.971796432646342,1,0.421848382225277,HASTINGS A,True,,
2016,FL,21,210606,118038,LOIS FRANKEL,D,28.16664840982948,True,19.959058341862846,1,8.207590067966635,recent,-2.971796432646342,1,11.179386500612978,FRANKEL L,True,,
2016,FL,22,199113,138737,THEODORE E DEUTCH,D,17.870652656504365,True,16.155419222903884,1,1.7152334336004813,recent,-2.971796432646342,1,4.6870298662468235,DEUTCH T,True,,
2016,FL,23,183225,130818,DEBBIE WASSERMAN SCHULTZ,D,16.687842110793746,True,26.71443193449335,1,-10.026589823699606,recent,-2.971796432646342,1,-7.054793391053264,SCHULTZ D,True,,
2016,FL,25,95319,157921,MARIO DIAZ-BALART,R,-24.72042331385247,True,-1.8442622950819716,-1,-22.8761610187705,recent,-2.971796432646342,-1,19.904364586124156,BALART M,True,,
2016,FL,26,115493,148547,CARLOS CURBELO,R,-12.518557794273596,True,16.75231243576567,-1,-29.270870230039264,recent,-2.971796432646342,-1,26.29907379739292,CURBELO C,True,,
2016,FL,27,129760,157917,ILEANA ROS-LEHTINEN,R,-9.787713303461869,True,20.123203285420946,-1,-29.910916588882813,recent,-2.971796432646342,-1,26.93912015623647,LEHTINEN I,True,,
2016,GA,2,148543,94056,SANFORD D BISHOP JR,D,22.459696866021705,True,11.902339776195323,1,10.557357089826382,recent,-2.971796432646342,1,13.529153522472726,BISHOP S,True,17.90744466800805,8.811579647190603
2016,GA,3,95969,207218,DREW FERGUSON,R,-36.6931959483751,True,-32.44078269824923,0,-4.252413250125869,recent,-2.971796432646342,-1,1.280616817479527,FERGUSON D,False,-33.26592517694641,0.8320566777482608
2016,GA,4,220146,70593,"HENRY C \""HANK\"" JOHNSON JR",D,51.43891944321195,True,54.46153846153845,1,-3.022619018326502,recent,-2.971796432646342,1,-0.050822585680159627,JOHNSON H,True,48.387096774193544,7.311150118195355
2016,GA,5,253781,46768,JOHN LEWIS,D,68.87828606982555,True,75.43859649122805,1,-6.560310421402505,recent,-2.971796432646342,1,-3.588513988756163,LEWIS J,True,68.0485338725986,5.089079646403901
2016,GA,6,124917,201088,TOM PRICE,R,-23.36497906473827,True,-1.577287066246057,-1,-21.787691998492214,recent,-2.971796432646342,-1,18.81589556584587,PRICE T,True,-23.702950152594095,4.597298537032772
2016,GA,7,114220,174081,ROB WOODALL,R,-20.763368840205203,True,-6.569343065693435,-1,-14.194025774511768,recent,-2.971796432646342,-1,11.222229341865425,WOODALL R,True,-22.233502538071072,5.729461147042818
2016,GA,8,83225,173983,AUSTIN SCOTT,R,-35.28583869864079,True,-29.58034800409417,-1,-5.705490694546619,recent,-2.971796432646342,-1,2.7336942619002764,SCOTT A,True,-24.318869828456105,-6.707641421007734
2016,GA,11,105383,217935,BARRY LOUDERMILK,R,-34.811547764120775,True,-26.150627615062763,-1,-8.660920149058011,recent,-2.971796432646342,-1,5.689123716411669,LOUDERMILK B,True,-35.97560975609756,5.423389441153736
2016,GA,12,99420,159492,RICK W ALLEN,R,-23.201705598813497,True,-16.5983606557377,-1,-6.603344943075797,recent,-2.971796432646342,-1,3.6315485104294547,ALLEN R,True,-11.919191919191917,-7.023186230444631
2016,HI,1,145417,45958,COLLEEN WAKAKO HANABUSA,D,51.97073807968648,True,34.82905982905983,0,17.141678250626647,recent,-2.971796432646342,1,20.11347468327299,HANABUSA C,False,41.23606889564337,14.993996633220055
2016,HI,2,170848,39668,TULSI GABBARD,D,62.31355336411484,True,34.94505494505494,1,27.368498419059897,recent,-2.971796432646342,1,30.34029485170624,GABBARD T,True,45.565749235474,21.007131577817788
2016,IA,1,177403,206903,ROD BLUM,R,-7.676174714940698,True,-3.7273695420660276,-1,-3.9488051728746707,recent,-2.971796432646342,-1,0.9770087402283285,BLUM R,True,13.880445795339414,-17.29729306110316
2016,IA,2,198571,170933,DAVID LOEBSACK,D,7.479756646748073,True,-4.357066950053136,1,11.83682359680121,recent,-2.971796432646342,1,14.808620029447553,LOEBSACK D,True,13.299492385786797,-1.5604082898617753
2016,IA,3,155002,208598,DAVID YOUNG,R,-14.74037403740374,True,-3.7433155080213902,-1,-10.99705852938235,recent,-2.971796432646342,-1,8.025262096736007,YOUNG D,True,4.259634888438129,-14.74068147666492
2016,IA,4,142993,226719,STEVE KING,R,-22.6462760202536,True,-29.025423728813557,-1,6.379147708559955,recent,-2.971796432646342,-1,-9.350944141206298,KING S,True,-8.206686930091188,-10.180261640985465
2016,ID,1,113052,242252,RAUL R LABRADOR,R,-36.363226983090534,True,-42.98540965207633,-1,6.622182668985793,recent,-2.971796432646342,-1,-9.593979101632137,LABRADOR R,True,-33.67662203913491,1.5727225052213267
2016,ID,2,95940,205292,MICHAEL K SIMPSON,R,-36.30158814468582,True,-29.300118623962042,-1,-7.001469520723781,recent,-2.971796432646342,-1,4.0296730880774385,SIMPSON M,True,-31.893004115226333,-0.1492565802825414
2016,IL,1,234037,81817,BOBBY L RUSH,D,48.19315253249919,True,55.78512396694215,1,-7.591971434442961,recent,-2.971796432646342,1,-4.6201750017966186,RUSH B,True,59.274193548387096,-6.821713566710956
2016,IL,2,235051,59471,ROBIN L KELLY,D,59.61524096671896,True,60.659114315139036,1,-1.0438733484200782,recent,-2.971796432646342,1,1.927923084226264,KELLY R,True,62.70161290322581,1.1729555126700983
2016,IL,5,212842,86222,MIKE QUIGLEY,D,42.33876360912714,True,49.36440677966102,1,-7.0256431705338755,recent,-2.971796432646342,1,-4.053846737887533,QUIGLEY M,True,34.969325153374236,11.628765904929855
2016,IL,6,143591,208555,PETER J ROSKAM,R,-18.448030078433376,True,7.494646680942184,-1,-25.94267675937556,recent,-2.971796432646342,-1,22.970880326729215,ROSKAM P,True,-8.333333333333329,-5.855369295923099
2016,IL,7,250584,46882,DANNY K DAVIS,D,68.47908668553717,True,80.95238095238095,1,-12.47329426684378,recent,-2.971796432646342,1,-9.501497834197437,DAVIS D,True,76.16161616161617,-3.4232020269020484
2016,IL,8,144954,103617,RAJA KRISHNAMOORTHI,D,16.629856258372858,True,22.96296296296297,0,-6.3331067045901115,recent,-2.971796432646342,1,-3.3613102719437693,KRISHNAMOORTHI R,False,16.7853509664293,4.103832741120508
2016,IL,9,217306,109550,JANICE D SCHAKOWSKY,D,32.967422963017356,True,47.578947368421055,1,-14.6115244054037,recent,-2.971796432646342,1,-11.639727972757356,SCHAKOWSKY J,True,32.24821973550357,4.9785306766907365
2016,IL,10,150435,135535,BRAD SCHNEIDER,D,5.210336748609994,True,31.07822410147992,-1,-25.867887352869925,recent,-2.971796432646342,1,-22.896090920223582,SCHNEIDER B,False,16.63286004056795,-7.163195842781009
2016,IL,11,166578,108995,BILL FOSTER,D,20.895733616863772,True,24.920466595970307,1,-4.024732979106535,recent,-2.971796432646342,1,-1.0529365464601925,FOSTER B,True,17.47967479674796,7.67538626929276
2016,IL,12,124246,169976,MIKE BOST,R,-15.542685455200495,True,-15.546218487394954,-1,0.003533032194459551,recent,-2.971796432646342,-1,-2.9753294648408017,BOST M,True,1.5321756894790601,-12.815533695502607
2016,IL,13,126811,187583,RODNEY DAVIS,R,-19.32988543038353,True,-5.857294994675186,-1,-13.472590435708344,recent,-2.971796432646342,-1,10.500794003062001,DAVIS R,True,-0.30769230769230477,-14.762865673514279
2016,IL,14,137589,200508,RANDY HULTGREN,R,-18.609748090045166,True,-4.171122994652412,-1,-14.438625095392753,recent,-2.971796432646342,-1,11.466828662746412,HULTGREN R,True,-10.16260162601626,-4.187819014851957
2016,IL,17,173125,113943,CHERI BUSTOS,D,20.61602129112266,True,-0.74388947927736,1,21.35991077040002,recent,-2.971796432646342,1,24.331707203046363,BUSTOS C,True,17.311608961303463,7.563739778996146
2016,IL,18,96770,250506,DARIN LAHOOD,R,-44.26911159999539,True,-29.073482428115017,0,-15.195629171880373,recent,-2.971796432646342,-1,12.22383273923403,LAHOOD D,False,-23.751274209989813,-16.25850994082863
2016,IN,2,102401,164355,JACKIE WALORSKI,R,-23.22496963517222,True,-24.318658280922424,-1,1.0936886457502055,recent,-2.971796432646342,-1,-4.065485078396548,WALORSKI J,True,-14.256619144602851,-4.709023041392419
2016,IN,3,66023,201396,JIM BANKS,R,-50.62205752022108,True,-36.764705882352935,0,-13.857351637868142,recent,-2.971796432646342,-1,10.885555205221799,BANKS J,False,-27.291242362525452,-19.071487708518674
2016,IN,4,91256,193412,TODD ROKITA,R,-35.88601458541178,True,-36.08465608465608,-1,0.19864149924430308,recent,-2.971796432646342,-1,-3.1704379318906453,ROKITA T,True,-24.539877300613497,-7.086809835621333
2016,IN,5,123849,221957,SUSAN W BROOKS,R,-28.37082063353441,True,-12.500000000000004,-1,-15.870820633534407,recent,-2.971796432646342,-1,12.899024200888064,BROOKS S,True,-17.107942973523418,-7.003550210834044
2016,IN,6,79135,204920,LUKE MESSER,R,-44.28191723433842,True,-42.3764458464774,-1,-1.90547138786102,recent,-2.971796432646342,-1,-1.066325044785322,MESSER L,True,-23.643807574206757,-16.378782210954718
2016,IN,7,158739,94456,ANDRE CARSON,D,25.3887320049764,True,23.949579831932766,1,1.4391521730436345,recent,-2.971796432646342,1,4.410948605689977,CARSON A,True,27.97558494404883,1.6724745101045198
2016,IN,8,93356,187702,LARRY BUCSHON,R,-33.568160308548414,True,-35.287958115183244,-1,1.7197978066348298,recent,-2.971796432646342,-1,-4.691594239281172,BUCSHON L,True,-19.183673469387752,-10.125159389983713
2016,IN,9,130627,174791,TREY HOLLINGSWORTH,R,-14.46018243849413,True,-28.226652675760754,0,13.766470237266624,recent,-2.971796432646342,-1,-16.738266669912967,HOLLINGSWORTH T,False,-16.85393258426966,6.65307759495248
2016,KS,2,96840,181228,LYNN JENKINS,R,-30.347972438396365,True,-19.742489270386265,-1,-10.6054831680101,recent,-2.971796432646342,-1,7.633686735363757,JENKINS L,True,-13.9344262295082,-12.154218759711215
2016,KS,3,139300,176022,KEVIN YODER,R,-11.645873107490122,True,1.2875536480686725,-1,-12.933426755558795,recent,-2.971796432646342,-1,9.961630322912452,YODER K,True,-9.683995922528034,2.297450264214861
2016,KS,4,81495,166998,MIKE POMPEO,R,-34.40861513201579,True,-29.18454935622318,-1,-5.22406577579261,recent,-2.971796432646342,-1,2.252269343146268,POMPEO M,True,-26.100307062436027,-4.048980620402814
2016,KY,1,81710,216959,JAMES R COMER,R,-45.283909612313295,True,-50.36344755970924,0,5.0795379473959485,recent,-2.971796432646342,-1,-8.051334380042292,COMER J,False,-34.82233502538072,-6.202247137755629
2016,KY,3,212401,122093,JOHN A YARMUTH,D,26.998391600447242,True,15.822784810126583,1,11.175606790320659,recent,-2.971796432646342,1,14.147403222967,YARMUTH J,True,13.096446700507618,18.161272349116572
2016,KY,4,94065,233922,THOMAS MASSIE,R,-42.641019308692115,True,-37.989417989417994,-1,-4.651601319274121,recent,-2.971796432646342,-1,1.679804886627779,MASSIE T,True,-29.124236252545828,-9.257455606969339
2016,KY,6,128728,202099,ANDY BARR,R,-22.178056809147982,True,-16.259298618490973,-1,-5.918758190657009,recent,-2.971796432646342,-1,2.9469617580106666,BARR A,True,-13.87755102040816,-4.041178339562874
2016,LA,1,63785,243645,STEVE SCALISE,R,-58.50437497967017,True,-44.0251572327044,-1,-14.479217746965766,recent,-2.971796432646342,-1,11.507421314319423,SCALISE S,True,-44.989775051124745,-9.255272479368474
2016,LA,3,56215,220621,CLAY HIGGINS,R,-59.38750740510627,True,-39.48186528497409,0,-19.90564212013218,recent,-2.971796432646342,-1,16.933845687485835,HIGGINS C,False,-34.34959349593496,-20.778586459994358
2016,LA,4,46579,216540,"\""MIKE\"" JOHNSON",R,-64.59472710066548,True,-24.691358024691358,0,-39.903369075974126,recent,-2.971796432646342,-1,36.93157264332778,JOHNSON M,False,-19.554204660587637,-40.78119499090089
2016,LA,6,79202,241075,GARRET GRAVES,R,-50.54156245999557,True,-35.281837160751564,-1,-15.259725299244003,recent,-2.971796432646342,-1,12.28792886659766,GRAVES G,True,-34.76044852191641,-11.52178648890221
2016,MA,3,236713,107519,NIKI TSONGAS,D,37.53108368774547,True,24.358974358974365,1,13.172109328771107,recent,-2.971796432646342,1,16.14390576141745,TSONGAS N,True,15.768056968463886,26.022354168458534
2016,MA,4,265823,113055,JOSEPH P KENNEDY III,D,40.32115878990071,True,25.69002123142251,1,14.631137558478198,recent,-2.971796432646342,1,17.60293399112454,KENNEDY J,True,16.056910569105696,28.52357566997196
2016,MA,8,271019,102744,STEPHEN F LYNCH,D,45.02184539400636,True,27.426160337552744,1,17.59568505645362,recent,-2.971796432646342,1,20.56748148909996,LYNCH S,True,17.24137931034483,32.03979353283848
2016,MA,9,211790,127803,WILLIAM R KEATING,D,24.731664080237223,True,11.346765641569462,1,13.384898438667761,recent,-2.971796432646342,1,16.356694871314104,KEATING W,True,12.576064908722108,16.414926620692064
2016,MD,1,103622,242574,ANDY HARRIS,R,-40.136801118441575,True,-29.979035639412995,-1,-10.15776547902858,recent,-2.971796432646342,-1,7.185969046382238,HARRIS A,True,-23.13965341488277,-12.737820254381857
2016,MD,2,192183,102577,C A DUTCH RUPPERSBERGER,D,30.399647170579456,True,25.469728601252605,1,4.929918569326851,recent,-2.971796432646342,1,7.901715001973193,RUPPERSBERGER C,True,28.644240570846076,6.014734048910329
2016,MD,3,214640,115048,JOHN P SARBANES,D,30.20795418698891,True,32.07150368033649,1,-1.8635494933475805,recent,-2.971796432646342,1,1.1082469392987617,SARBANES J,True,24.13087934560327,10.33640229056259
2016,MD,4,237501,68670,ANTHONY G BROWN,D,55.14271436550163,True,59.33952528379773,0,-4.196810918296094,recent,-2.971796432646342,1,-1.2250144856497522,BROWN A,False,57.937310414560166,1.4647314001184153
2016,MD,5,242989,105931,STENY H HOYER,D,39.280637395391494,True,33.26403326403326,1,6.0166041313582355,recent,-2.971796432646342,1,8.988400564004579,HOYER S,True,34.213197969543145,9.326766875025298
2016,MD,6,185770,133081,JOHN K DELANEY,D,16.524646308150203,True,15.811518324607325,1,0.7131279835428774,recent,-2.971796432646342,1,3.6849244161892196,DELANEY J,True,12.6530612244898,8.130912532837351
2016,MD,7,238838,69556,ELIJAH E CUMMINGS,D,54.891470002658934,True,57.91666666666666,1,-3.025196664007723,recent,-2.971796432646342,1,-0.05340023136138061,CUMMINGS E,True,54.72081218274113,4.429985269094756
2016,MD,8,220657,124651,JAMIE RASKIN,D,27.803004853637912,True,35.98326359832636,0,-8.180258744688448,recent,-2.971796432646342,1,-5.208462312042106,RASKIN J,False,26.53061224489796,5.5317200579169015
2016,ME,1,227546,164569,CHELLIE PINGREE,D,16.060849495683666,True,15.845824411134908,1,0.21502508454875802,recent,-2.971796432646342,1,3.1868215171951,PINGREE C,True,21.881390593047033,-1.5612136481864187
2016,ME,2,159081,192878,BRUCE POLIQUIN,R,-9.602538932091521,True,-11.135135135135133,-1,1.532596203043612,recent,-2.971796432646342,-1,-4.504392635689954,POLIQUIN B,True,8.735868448098664,-14.079079931013235
2016,MI,1,144334,197777,JACK BERGMAN,R,-15.621538038823656,True,-22.539682539682534,0,6.918144500858878,recent,-2.971796432646342,-1,-9.889940933505219,BERGMAN J,False,-8.392315470171894,-2.9698951194748133
2016,MI,2,110391,212508,BILL HUIZENGA,R,-31.625059229046855,True,-18.723404255319146,-1,-12.901654973727709,recent,-2.971796432646342,-1,9.929858541081366,HUIZENGA B,True,-13.01715438950555,-14.348577390364357
2016,MI,3,128400,203545,JUSTIN AMASH,R,-22.63778638027384,True,-10.021321961620467,-1,-12.616464418653374,recent,-2.971796432646342,-1,9.644667986007033,AMASH J,True,-7.381193124368052,-10.997265806728839
2016,MI,4,101277,194572,JOHN R MOOLENAAR,R,-31.534668023214547,True,-26.326963906581735,-1,-5.2077041166328115,recent,-2.971796432646342,-1,2.2359076839864693,MOOLENAAR J,True,-8.080808080808081,-19.194532493229516
2016,MI,5,195279,112102,DANIEL T KILDEE,D,27.059902856715283,True,4.411764705882356,1,22.648138150832928,recent,-2.971796432646342,1,25.61993458347927,KILDEE D,True,22.62626262626263,8.692967679629602
2016,MI,6,119980,193259,FRED UPTON,R,-23.39395796819681,True,-8.9171974522293,-1,-14.47676051596751,recent,-2.971796432646342,-1,11.504964083321166,UPTON F,True,-1.41414141414142,-17.72048910487844
2016,MI,7,134010,184321,TIM WALBERG,R,-15.804618463171982,True,-18.008474576271187,-1,2.2038561130992047,recent,-2.971796432646342,-1,-5.175652545745547,WALBERG T,True,-3.134479271991912,-8.410811742003121
2016,MI,8,143791,205629,MIKE BISHOP,R,-17.69732699902696,True,-7.089947089947092,-1,-10.607379909079867,recent,-2.971796432646342,-1,7.635583476433525,BISHOP M,True,-3.1281533804238157,-10.309846169426194
2016,MI,9,199661,128937,SANDER M LEVIN,D,21.52295510015277,True,8.193277310924367,1,13.329677789228404,recent,-2.971796432646342,1,16.301474221874745,LEVIN S,True,15.43895055499496,10.34333199433476
2016,MI,10,110112,215132,PAUL MITCHELL,R,-32.28960411260469,True,-33.75262054507337,0,1.4630164324686774,recent,-2.971796432646342,-1,-4.43481286511502,MITCHELL P,False,-11.717171717171713,-16.313104946256033
2016,MI,11,152461,200872,DAVID A TROTT,R,-13.701239340791831,True,-4.6315789473684275,-1,-9.069660393423405,recent,-2.971796432646342,-1,6.097863960777063,TROTT D,True,-5.443548387096774,-3.9983635045181085
2016,MI,12,211378,96104,DEBBIE DINGELL,D,37.489674192310446,True,27.597061909758654,1,9.892612282551791,recent,-2.971796432646342,1,12.864408715198135,DINGELL D,True,33.737373737373744,8.01162790411365
2016,MI,13,198771,40541,JOHN CONYERS JR,D,66.11870695995187,True,62.64189886480908,1,3.476808095142786,recent,-2.971796432646342,1,6.448604527789128,CONYERS J,True,71.25628140703519,-0.8782469979063752
2016,MI,14,244135,58103,BRENDA L LAWRENCE,D,61.55149253237515,True,62.461538461538474,1,-0.9100459291633243,recent,-2.971796432646342,1,2.061750503483018,LAWRENCE B,True,62.65060240963856,3.16021757191354
2016,MN,1,169071,166524,TIMOTHY J WALZ,D,0.7589505207169356,True,-16.24863685932388,1,17.007587380040817,recent,-2.971796432646342,1,19.97938381268716,WALZ T,True,1.4314928425357858,3.5867851273580986
2016,MN,2,167315,173970,JASON LEWIS,R,-1.9499831519111592,True,-1.3071895424836633,0,-0.642793609427496,recent,-2.971796432646342,-1,-2.329002823218846,LEWIS J,False,0.10193679918450706,2.2074074980812823
2016,MN,3,169238,223075,ERIK PAULSEN,R,-13.722971199017111,True,10.195227765726681,-1,-23.918198964743794,recent,-2.971796432646342,-1,20.94640253209745,PAULSEN E,True,0.8130081300813051,-10.276651879921468
2016,MN,4,203299,121033,BETTY MCCOLLUM,D,25.364749700923745,True,33.55048859934853,1,-8.185738898424788,recent,-2.971796432646342,1,-5.2139424657784454,MCCOLLUM B,True,27.551020408163264,2.07305674193743
2016,MN,5,249957,80660,KEITH ELLISON,D,51.2063807971157,True,59.86984815618221,1,-8.663467359066509,recent,-2.971796432646342,1,-5.691670926420167,ELLISON K,True,50.76923076923077,4.696477477061881
2016,MN,6,123010,235385,TOM EMMER,R,-31.3550691276385,True,-27.904451682953308,-1,-3.450617444685193,recent,-2.971796432646342,-1,0.47882101203885075,EMMER T,True,-15.306122448979592,-11.789619229481959
2016,MN,7,173572,156944,COLLIN C PETERSON,D,5.03092134722676,True,-33.18965517241379,1,38.220576519640545,recent,-2.971796432646342,1,41.19237295228689,PETERSON C,True,-9.999999999999998,19.29024879640371
2016,MN,8,179097,177088,RICHARD M NOLAN,D,0.5640327357974086,True,-16.810344827586206,1,17.374377563383614,recent,-2.971796432646342,1,20.346173996029957,NOLAN R,True,5.617977528089887,-0.7946173431155295
2016,MO,1,236993,62714,WM LACY CLAY,D,58.14979296446196,True,60.75156576200418,1,-2.6017727975422176,recent,-2.971796432646342,1,0.3700236351041246,CLAY W,True,61.740890688259114,0.6682297253797937
2016,MO,2,155689,241954,ANN WAGNER,R,-21.694082380426664,True,-10.853530031612227,-1,-10.840552348814438,recent,-2.971796432646342,-1,7.868755916168095,WAGNER A,True,-15.939086294416246,-1.4956686368334697
2016,MO,3,102891,249865,BLAINE LUETKEMEYER,R,-41.66449330415358,True,-40.96638655462184,-1,-0.698106749531739,recent,-2.971796432646342,-1,-2.273689683114603,LUETKEMEYER B,True,-26.401630988786955,-11.003534866189677
2016,MO,4,92510,225348,VICKY HARTZLER,R,-41.79161764058164,True,-38.05496828752643,-1,-3.7366493530552134,recent,-2.971796432646342,-1,0.7648529204088712,HARTZLER V,True,-25.409836065573778,-12.122454125830915
2016,MO,5,190766,123771,EMANUEL CLEAVER,D,21.299560941955953,True,14.255543822597676,1,7.044017119358276,recent,-2.971796432646342,1,10.01581355200462,CLEAVER E,True,19.837232960325533,5.721655430807369
2016,MO,6,99692,238388,SAM GRAVES,R,-41.024609559867486,True,-33.12236286919831,-1,-7.902246690669173,recent,-2.971796432646342,-1,4.930450258022831,GRAVES S,True,-22.57405515832482,-14.191226952365716
2016,MO,7,92756,228692,BILLY LONG,R,-42.28864388641398,True,-48.05467928496319,-1,5.766035398549214,recent,-2.971796432646342,-1,-8.737831831195557,LONG B,True,-38.100102145045966,0.07078570780893578
2016,MO,8,70009,229792,JASON SMITH,R,-53.296353247654274,True,-56.43153526970955,-1,3.1351820220552753,recent,-2.971796432646342,-1,-6.1069784547016175,SMITH J,True,-34.62717058222677,-14.409855216250557
2016,MS,1,83947,206455,TRENT KELLY,R,-42.185659878375496,True,-33.742331288343564,0,-8.443328590031932,recent,-2.971796432646342,-1,5.47153215738559,KELLY T,False,-25.176946410515672,-12.749386018682875
2016,MS,2,192343,83542,BENNIE G THOMPSON,D,39.4370842923682,True,28.875379939209726,1,10.561704353158472,recent,-2.971796432646342,1,13.533500785804815,THOMPSON B,True,33.60160965794769,10.094802083597456
2016,MS,3,96101,209490,GREGG HARPER,R,-37.104823113246134,True,-24.974515800203875,-1,-12.130307313042259,recent,-2.971796432646342,-1,9.158510880395916,HARPER G,True,-21.089808274470233,-11.755687389598952
2016,MS,4,77505,181323,STEVEN M PALAZZO,R,-40.110807176966944,True,-42.213114754098356,-1,2.1023075771314126,recent,-2.971796432646342,-1,-5.074104009777755,PALAZZO S,True,-36.84210526315788,0.9906255353678883
2016,MT,0,205919,285358,RYAN K ZINKE,R,-16.169900076738784,True,-22.294372294372295,-1,6.12447221763351,recent,-2.971796432646342,-1,-9.096268650279853,ZINKE R,True,-14.109165808444898,2.198593180883062
2016,NC,1,240661,101567,G K BUTTERFIELD,D,40.643664457613056,True,37.755102040816325,1,2.8885624167967308,recent,-2.971796432646342,1,5.860358849443073,BUTTERFIELD G,True,37.16012084592144,7.7428710608685645
2016,NC,2,169082,221485,GEORGE HOLDING,R,-13.417160179943519,True,-9.917355371900827,-1,-3.4998048080426916,recent,-2.971796432646342,-1,0.5280083753963494,HOLDING G,True,-13.131313131313131,3.9734804005465616
2016,NC,3,106170,217531,WALTER B JONES,R,-34.40242693102586,True,-24.229979466119094,-1,-10.172447464906764,recent,-2.971796432646342,-1,7.200651032260422,JONES W,True,-18.062563067608476,-12.080536414240433
2016,NC,4,279380,130161,DAVID E PRICE,D,36.43566822369433,True,41.49377593360995,1,-5.058107709915625,recent,-2.971796432646342,1,-2.0863112772692824,PRICE D,True,30.699088145896653,9.995907526974625
2016,NC,5,147887,207625,VIRGINIA FOXX,R,-16.803370912936835,True,-18.106995884773667,-1,1.3036249718368325,recent,-2.971796432646342,-1,-4.275421404483175,FOXX V,True,-14.372469635627533,1.8284261718676476
2016,NC,6,143167,207983,MARK WALKER,R,-18.45820874270255,True,-15.076923076923078,-1,-3.3812856657794708,recent,-2.971796432646342,-1,0.40948923313312857,WALKER M,True,-12.815338042381429,-1.3835432511441716
2016,NC,7,135905,211801,DAVID ROUZER,R,-21.827635991326005,True,-18.153846153846157,-1,-3.6737898374798483,recent,-2.971796432646342,-1,0.7019934048335061,ROUZER D,True,-12.815338042381429,-4.752970499767628
2016,NC,8,133182,189863,RICHARD HUDSON,R,-17.54585274497361,True,-15.432098765432098,-1,-2.1137539795415137,recent,-2.971796432646342,-1,-0.8580424531048285,HUDSON R,True,-10.393541876892034,-2.8929834189046293
2016,NC,9,139041,193452,ROBERT PITTENGER,R,-16.36455504326407,True,-11.934156378600827,-1,-4.430398664663242,recent,-2.971796432646342,-1,1.4586022320168999,PITTENGER R,True,-11.693548387096778,-0.41167920699034255
2016,NC,10,128919,220825,PATRICK T MCHENRY,R,-26.278077679674276,True,-25.256673511293634,-1,-1.0214041683806414,recent,-2.971796432646342,-1,-1.9503922642657008,MCHENRY P,True,-18.301314459049546,-3.7174357714477804
2016,NC,11,129103,230405,MARK MEADOWS,R,-28.177954315342078,True,-30.04115226337449,-1,1.8631979480324112,recent,-2.971796432646342,-1,-4.834994380678753,MEADOWS M,True,-20.770010131712258,-3.1486167344528706
2016,NC,12,234115,115185,ALMA S ADAMS,D,34.04809619238477,True,41.32231404958678,1,-7.274217857202011,recent,-2.971796432646342,1,-4.302421424555669,ADAMS A,True,36.831483350151366,1.4759402914103514
2016,NC,13,156049,199443,TED BUDD,R,-12.206744455571434,True,-9.650924024640656,0,-2.555820430930778,recent,-2.971796432646342,-1,-0.41597600171556426,BUDD T,False,-6.868686868686867,-1.078730137707618
2016,ND,0,80377,233980,KEVIN CRAMER,R,-48.86259889234215,True,-39.65141612200435,-1,-9.2111827703378,recent,-2.971796432646342,-1,6.239386337691458,CRAMER K,True,-20.286885245901644,-24.316386197263554
2016,NE,1,83467,189771,JEFF FORTENBERRY,R,-38.905276718465224,True,-22.732123799359652,-1,-16.173152919105572,recent,-2.971796432646342,-1,13.201356486459229,FORTENBERRY J,True,-16.904276985743387,-17.741672283544887
2016,NE,2,137602,141066,DON BACON,R,-1.243056253319362,True,-2.335456475583867,1,1.092400222264505,recent,-2.971796432646342,-1,-4.064196654910847,BACON D,False,-7.302231237322511,10.318502433180097
2016,NH,1,162080,157176,CAROL SHEA-PORTER,D,1.5360713659257774,True,-1.6877637130801701,-1,3.223835079005948,recent,-2.971796432646342,1,6.19563151165229,PORTER C,False,1.619433198380568,4.175965616722158
2016,NH,2,174371,158825,ANN M KUSTER,D,4.665722277578363,True,2.5316455696202516,1,2.134076707958111,recent,-2.971796432646342,1,5.105873140604453,KUSTER A,True,9.82776089159068,-0.9027111648353685
2016,NJ,1,183231,112388,DONALD NORCROSS,D,23.964291875691345,True,25.33609100310238,1,-1.371799127411034,recent,-2.971796432646342,1,1.5999973052353083,NORCROSS D,True,31.64812942366026,-3.424510098791968
2016,NJ,2,110838,176338,FRANK A LOBIONDO,R,-22.808312672368164,True,-4.761904761904764,-1,-18.0464079104634,recent,-2.971796432646342,-1,15.074611477817058,LOBIONDO F,True,8.190091001011123,-26.739076224202336
2016,NJ,3,127526,194596,THOMAS MACARTHUR,R,-20.821303729642807,True,-6.418219461697718,-1,-14.40308426794509,recent,-2.971796432646342,-1,11.431287835298747,MACARTHUR T,True,4.646464646464641,-21.2084409269305
2016,NJ,4,111532,211992,CHRISTOPHER H SMITH,R,-31.051792139068507,True,-15.289256198347106,-1,-15.762535940721401,recent,-2.971796432646342,-1,12.79073950807506,SMITH C,True,-9.605662285136502,-17.186802404755056
2016,NJ,5,172587,157690,JOSHUA S GOTTHEIMER,D,4.51045637449777,True,-1.1398963730569889,-1,5.650352747554759,recent,-2.971796432646342,1,8.622149180201102,GOTTHEIMER J,False,-3.134479271991912,11.90426309566663
2016,NJ,6,167895,91908,FRANK PALLONE JR,D,29.247930162469256,True,16.115702479338843,1,13.132227683130413,recent,-2.971796432646342,1,16.104024115776756,PALLONE F,True,24.291497975708502,9.215759635937703
2016,NJ,7,148188,185850,LEONARD LANCE,R,-11.274765146480341,True,1.1446409989594188,-1,-12.41940614543976,recent,-2.971796432646342,-1,9.447609712793419,LANCE L,True,-6.2753036437246985,-0.7401340535786938
2016,NJ,8,134733,32337,ALBIO SIRES,D,61.28927994253905,True,55.76131687242798,1,5.5279630701110705,recent,-2.971796432646342,1,8.499759502757414,SIRES A,True,58.18181818181817,7.36678920989783
2016,NJ,9,162642,65376,BILL PASCRELL JR,D,42.6571586453701,True,32.03285420944558,1,10.624304435924522,recent,-2.971796432646342,1,13.596100868570865,PASCRELL B,True,37.84056508577195,9.075921008775103
2016,NJ,11,130162,194299,RODNEY P FRELINGHUYSEN,R,-19.76724475360675,True,-0.9307135470527391,-1,-18.83653120655401,recent,-2.971796432646342,-1,15.864734773907667,FRELINGHUYSEN R,True,-5.858585858585856,-9.649331445843945
2016,NJ,12,181430,92407,BONNIE WATSON COLEMAN,D,32.50948556988281,True,34.29752066115703,0,-1.7880350912742173,recent,-2.971796432646342,1,1.1837613413721249,COLEMAN B,False,34.47927199191102,2.2895410271487417
2016,NM,1,181088,96879,MICHELLE LUJAN GRISHAM,D,30.29460331622099,True,19.031141868512112,1,11.263461447708877,recent,-2.971796432646342,1,14.23525788035522,GRISHAM M,True,16.543730242360372,18.010200523037568
2016,NM,2,85232,143515,STEVAN PEARCE,R,-25.479241257808845,True,-11.333333333333336,-1,-14.145907924475509,recent,-2.971796432646342,-1,11.174111491829166,PEARCE S,True,-7.039337474120088,-14.180576334511807
2016,NM,3,170612,102730,BEN RAY LUJAN,D,24.834090626394772,True,17.062146892655363,1,7.771943733739409,recent,-2.971796432646342,1,10.743740166385752,LUJAN B,True,19.54261954261954,9.55079853295218
2016,NV,1,116537,54174,DINA TITUS,D,36.53133072854122,True,30.78556263269639,1,5.745768095844831,recent,-2.971796432646342,1,8.717564528491174,TITUS D,True,33.877551020408156,6.913107157310014
2016,NV,2,115722,182676,MARK E AMODEI,R,-22.437817947841474,True,-13.413304252998907,-1,-9.024513694842566,recent,-2.971796432646342,-1,6.052717262196224,AMODEI M,True,-8.290685772773799,-9.887804725890726
2016,NV,3,146869,142926,JACKY ROSEN,D,1.3606169878707361,True,-1.0638297872340425,0,2.4244467751047787,recent,-2.971796432646342,1,5.396243207751121,ROSEN J,False,0.81466395112016,4.805280485927525
2016,NV,4,128985,118328,RUBEN KIHUEN,D,4.3091143611536795,True,5.20722635494155,-1,-0.8981119937878708,recent,-2.971796432646342,1,2.0736844388584714,KIHUEN R,False,10.907237512742096,-2.338795702411468
2016,NY,1,135278,188499,LEE M ZELDIN,R,-16.43754806548952,True,-12.719751809720783,-1,-3.717796255768736,recent,-2.971796432646342,-1,0.7459998231223937,ZELDIN L,True,0.5065856129685917,-12.684806229281163
2016,NY,2,110938,181506,PETER T KING,R,-24.130431809166883,True,-9.391124871001033,-1,-14.73930693816585,recent,-2.971796432646342,-1,11.767510505519507,KING P,True,4.453441295546557,-24.32454565553649
2016,NY,3,171775,152304,THOMAS R SUOZZI,D,6.008102962549255,True,6.2821833161689,0,-0.2740803536196452,recent,-2.971796432646342,1,2.697716079026697,SUOZZI T,False,2.6262626262626205,7.641167785463583
2016,NY,4,186423,126438,KATHLEEN M RICE,D,19.173051291148465,True,9.876543209876546,1,9.296508081271918,recent,-2.971796432646342,1,12.26830451391826,RICE K,True,13.622603430877902,9.809775309447511
2016,NY,6,136506,50617,GRACE MENG,D,45.89975577561283,True,33.95061728395061,1,11.949138491662218,recent,-2.971796432646342,1,14.920934924308561,MENG G,True,37.24696356275303,12.91211966203675
2016,NY,10,192371,53857,JERROLD NADLER,D,56.25436587228098,True,61.27703398558188,1,-5.022668113300902,recent,-2.971796432646342,1,-2.05087168065456,NADLER J,True,49.13880445795339,11.374888863504536
2016,NY,11,85257,142934,DANIEL M DONOVAN JR,R,-25.275755836119743,True,-10.061601642710476,0,-15.214154193409266,recent,-2.971796432646342,-1,12.242357760762925,DONOVAN D,False,4.347826086956526,-25.364254473899322
2016,NY,12,244358,49398,CAROLYN B MALONEY,D,66.36800610030093,True,72.10743801652893,1,-5.739431916228,recent,-2.971796432646342,1,-2.7676354835816577,MALONEY C,True,56.300813008130085,14.326520541347795
2016,NY,14,147587,30545,JOSEPH CROWLEY,D,65.7052073743067,True,59.384615384615394,1,6.320591989691302,recent,-2.971796432646342,1,9.292388422337645,CROWLEY J,True,63.03030303030304,6.934231793180606
2016,NY,18,162060,129369,SEAN PATRICK MALONEY,D,11.21748350370073,True,-1.9771071800208102,1,13.194590683721541,recent,-2.971796432646342,1,16.166387116367883,MALONEY S,True,4.365482233502536,11.111328719375145
2016,NY,19,141224,166171,JOHN J FASO,R,-8.115616714650532,True,-7.172995780590715,0,-0.9426209340598168,recent,-2.971796432646342,-1,-2.0291754985865254,FASO J,False,6.3265306122449,-10.182819877718483
2016,NY,20,213021,100738,PAUL TONKO,D,35.78638381687856,True,14.285714285714286,1,21.500669531164277,recent,-2.971796432646342,1,24.47246596381062,TONKO P,True,20.81632653061225,19.22938473544326
2016,NY,21,82161,177886,ELISE M STEFANIK,R,-36.81065345879783,True,-14.80298189563365,-1,-22.00767156316418,recent,-2.971796432646342,-1,19.035875130517837,STEFANIK E,True,6.205493387589014,-38.756819397209895
2016,NY,22,114266,129444,CLAUDIA TENNEY,R,-6.227893808214682,True,-16.471838469713074,0,10.243944661498393,recent,-2.971796432646342,-1,-13.215741094144736,TENNEY C,False,-0.40816326530612823,-1.5604030937316047
2016,NY,23,118584,161050,TOM REED,R,-15.186279207821652,True,-15.71125265392781,-1,0.5249734461061575,recent,-2.971796432646342,-1,-3.4967698787524997,REED T,True,-1.2244897959183703,-9.702461962726334
2016,NY,24,119040,182761,JOHN KATKO,R,-21.11358146593285,True,3.821656050955416,-1,-24.935237516888265,recent,-2.971796432646342,-1,21.96344108424192,KATKO J,True,16.20795107033639,-33.06220508709229
2016,NY,25,182950,142650,LOUISE MCINTOSH SLAUGHTER,D,12.377149877149877,True,17.33615221987315,1,-4.959002342723272,recent,-2.971796432646342,1,-1.9872059100769297,SLAUGHTER L,True,19.75560081466395,-3.1191234883371237
2016,NY,26,215289,73377,BRIAN HIGGINS,D,49.161314460310535,True,20.50209205020921,1,28.659222410101325,recent,-2.971796432646342,1,31.631018842747668,HIGGINS B,True,30.142566191446033,23.27807571804145
2016,NY,27,107832,220885,CHRIS COLLINS,R,-34.392197543783865,True,-25.816649104320337,-1,-8.575548439463528,recent,-2.971796432646342,-1,5.603752006817186,COLLINS C,True,-12.627291242362524,-17.50557885224439
2016,OH,1,144644,210014,STEVE CHABOT,R,-18.431841379582583,True,-6.8893528183716075,-1,-11.542488561210975,recent,-2.971796432646342,-1,8.570692128564634,CHABOT S,True,-6.180344478216821,-7.992169452188813
2016,OH,2,111694,221193,BRAD R WENSTRUP,R,-32.89374472418569,True,-16.858638743455494,-1,-16.035105980730194,recent,-2.971796432646342,-1,13.06330954808385,WENSTRUP B,True,-11.178861788617885,-17.45555548639085
2016,OH,3,199791,91560,JOYCE BEATTY,D,37.14797615247588,True,40.16736401673641,1,-3.01938786426053,recent,-2.971796432646342,1,-0.04759143161418766,BEATTY J,True,41.379310344827594,0.027993256825231683
2016,OH,4,98981,210227,JIM JORDAN,R,-35.977723732891775,True,-35.368421052631575,-1,-0.6093026802601997,recent,-2.971796432646342,-1,-2.3624937523861425,JORDAN J,True,-14.285714285714286,-17.43268199800054
2016,OH,5,100392,244599,ROBERT E LATTA,R,-41.800220875327184,True,-26.61717921527041,-1,-15.183041660056773,recent,-2.971796432646342,-1,12.21124522741043,LATTA R,True,-9.999999999999998,-27.540893426150234
2016,OH,6,88780,213975,BILL JOHNSON,R,-41.35191821770078,True,-44.37499999999999,-1,3.023081782299215,recent,-2.971796432646342,-1,-5.994878214945557,JOHNSON B,True,-12.768130745658835,-24.32446002286499
2016,OH,7,89638,198221,BOB GIBBS,R,-37.72089807857319,True,-31.164742917103887,-1,-6.556155161469306,recent,-2.971796432646342,-1,3.5843587288229637,GIBBS B,True,-9.703779366700715,-23.757791262695527
2016,OH,8,87794,223833,WARREN DAVIDSON,R,-43.654433024096114,True,-36.050156739811904,0,-7.604276284284211,recent,-2.971796432646342,-1,4.632479851637869,DAVIDSON W,False,-25.940996948118006,-13.45410862680116
2016,OH,9,193966,88427,MARCY KAPTUR,D,37.37309352568938,True,23.31932773109244,1,14.053765794596938,recent,-2.971796432646342,1,17.02556222724328,KAPTUR M,True,37.25888324873096,4.373537726135366
2016,OH,10,109981,215724,MICHAEL R TURNER,R,-32.465881702767845,True,-7.660020986358864,-1,-24.80586071640898,recent,-2.971796432646342,-1,21.834064283762636,TURNER M,True,-1.9328585961342812,-26.273695657456614
2016,OH,11,242917,59769,MARCIA L FUDGE,D,60.50758872230629,True,65.12820512820512,1,-4.620616405898836,recent,-2.971796432646342,1,-1.6488199732524942,FUDGE M,True,66.76737160120847,-2.00045542972523
2016,OH,12,112638,251266,PATRICK J TIBERI,R,-38.094662328526205,True,-11.882229232386967,-1,-26.212433096139236,recent,-2.971796432646342,-1,23.240636663492893,TIBERI P,True,-10.681586978636826,-23.153747900712432
2016,OH,13,208610,99377,TIM RYAN,D,35.4667567137574,True,6.792058516196447,1,28.67469819756095,recent,-2.971796432646342,1,31.646494630207293,RYAN T,True,27.97558494404883,11.750499218885517
2016,OH,14,130907,219191,DAVID P JOYCE,R,-25.216939257008036,True,-12.016718913270637,-1,-13.2002203437374,recent,-2.971796432646342,-1,10.228423911091056,JOYCE D,True,-3.350253807106596,-17.60735800072449
2016,OH,15,113960,222847,STEVE STIVERS,R,-32.329197433545026,True,-16.176470588235293,-1,-16.152726845309733,recent,-2.971796432646342,-1,13.18093041266339,STIVERS S,True,-5.702647657841142,-22.367222326526935
2016,OH,16,119830,225794,JAMES B RENACCI,R,-30.658750549730343,True,-17.364016736401677,-1,-13.294733813328666,recent,-2.971796432646342,-1,10.322937380682323,RENACCI J,True,-8.316430020283972,-18.082993080269418
2016,OK,2,62387,189839,MARKWAYNE MULLIN,R,-50.530873105865375,True,-52.351097178683396,-1,1.8202240728180215,recent,-2.971796432646342,-1,-4.792020505464364,MULLIN M,True,-35.599999999999994,-10.671545656688432
2016,OK,3,63090,227525,FRANK D LUCAS,R,-56.581731844536584,True,-55.767195767195766,-1,-0.8145360773408186,recent,-2.971796432646342,-1,-2.1572603553055236,LUCAS F,True,-47.8,-4.522404395359638
2016,OK,4,76472,204143,TOM COLE,R,-45.496855121786076,True,-39.787234042553195,-1,-5.709621079232882,recent,-2.971796432646342,-1,2.7378246465865397,COLE T,True,-34.199999999999996,-7.037527672609132
2016,OK,5,103273,160184,STEVE RUSSELL,R,-21.601627590081115,True,-14.40860215053764,-1,-7.193025439543476,recent,-2.971796432646342,-1,4.221229006897134,RUSSELL S,True,-18.400000000000006,1.0576998590958393
2016,OR,1,225391,139756,SUZANNE BONAMICI,D,23.452198703535835,True,24.83660130718954,1,-1.3844026036537045,recent,-2.971796432646342,1,1.5873938289926377,BONAMICI S,True,17.78006166495375,9.931464487759035
2016,OR,2,106640,272952,GREG WALDEN,R,-43.81335749963118,True,-21.63616792249731,-1,-22.17718957713387,recent,-2.971796432646342,-1,19.205393144487527,WALDEN G,True,-16.75231243576567,-22.801717614688563
2016,OR,4,220628,157743,PETER A DEFAZIO,D,16.61993123151616,True,0.10857763300760198,1,16.511353598508556,recent,-2.971796432646342,1,19.4831500311549,DEFAZIO P,True,6.928645294725959,13.950613385967149
2016,OR,5,199505,160443,KURT SCHRADER,D,10.85212308444553,True,4.5454545454545405,1,6.30666853899099,recent,-2.971796432646342,1,9.278464971637332,SCHRADER K,True,3.483606557377048,11.627843976245432
2016,RI,1,130534,71023,DAVID N CICILLINE,D,29.525642870255066,True,26.834381551362682,1,2.6912613188923835,recent,-2.971796432646342,1,5.663057751538726,CICILLINE D,True,34.55284552845528,-0.7678752090232646
2016,RI,2,133108,70301,JAMES R LANGEVIN,D,30.877198157406998,True,7.465825446898004,1,23.411372710508992,recent,-2.971796432646342,1,26.383169143155335,LANGEVIN J,True,21.916411824668707,13.22011378191524
2016,SC,1,119779,190410,MARK SANFORD,R,-22.77031100393631,True,-13.95101171458999,-1,-8.81929928934632,recent,-2.971796432646342,-1,5.847502856699978,SANFORD M,True,-18.375634517766493,-0.13534903699286893
2016,SC,2,109452,183746,JOE WILSON,R,-25.339190581109012,True,-18.65121180189673,-1,-6.687978779212283,recent,-2.971796432646342,-1,3.716182346565941,WILSON J,True,-20.000000000000004,-1.0798631319320595
2016,SC,3,72933,196325,JEFF DUNCAN,R,-45.82667924444213,True,-39.583333333333336,-1,-6.243345911108797,recent,-2.971796432646342,-1,3.271549478462455,DUNCAN J,True,-31.097560975609753,-10.469790819655431
2016,SC,4,91676,198648,TREY GOWDY,R,-36.84573097642634,True,-27.138331573389657,-1,-9.707399403036682,recent,-2.971796432646342,-1,6.73560297039034,GOWDY T,True,-26.422764227642276,-6.163639299607114
2016,SC,5,105772,161669,MICK MULVANEY,R,-20.900684636985353,True,-19.250780437044746,-1,-1.6499041999406074,recent,-2.971796432646342,-1,-1.3218922327057347,MULVANEY M,True,-11.651469098277609,-4.989888089530796
2016,SC,6,177947,70099,JAMES E CLYBURN,D,43.479032115010924,True,37.59011328527291,1,5.88891882973801,recent,-2.971796432646342,1,8.860715262384353,CLYBURN J,True,43.23232323232323,4.506036331864641
2016,SC,7,112744,176468,TOM RICE,R,-22.03366388669903,True,-19.464469618949536,-1,-2.569194267749495,recent,-2.971796432646342,-1,-0.4026021648968472,RICE T,True,-10.212335692618808,-7.5620007449032745
2016,SD,0,132810,237163,KRISTI L NOEM,R,-28.205571757939094,True,-31.974248927038627,-1,3.768677169099533,recent,-2.971796432646342,-1,-6.740473601745875,NOEM K,True,-18.404907975460123,-5.541336333302022
2016,TN,1,39024,198293,DAVID P ROE,R,-67.11234340565572,True,-59.12863070539419,-1,-7.983712700261535,recent,-2.971796432646342,-1,5.0119162676151925,ROE D,True,-47.76422764227642,-15.088788314202356
2016,TN,2,68401,212455,JOHN J DUNCAN JR,R,-51.29105306634005,True,-37.341772151898724,-1,-13.949280914441324,recent,-2.971796432646342,-1,10.977484481794981,DUNCAN J,True,-37.06720977596742,-9.964515841195679
2016,TN,3,76727,176613,"CHARLES J \""CHUCK\"" FLEISCHMANN",R,-39.427646640877875,True,-36.82008368200837,-1,-2.607562958869508,recent,-2.971796432646342,-1,-0.36423347377683424,FLEISCHMANN C,True,-28.658536585365848,-6.509782606335078
2016,TN,4,89141,165796,SCOTT DESJARLAIS,R,-30.068212931037863,True,-42.916666666666664,0,12.848453735628802,recent,-2.971796432646342,-1,-15.820250168275145,DESJARLAIS S,False,-32.72357723577235,6.914691753911439
2016,TN,5,171111,102433,JIM COOPER,D,25.106746994998975,True,19.409282700421937,1,5.697464294577038,recent,-2.971796432646342,1,8.669260727223381,COOPER J,True,13.617886178861786,15.748188265314138
2016,TN,6,61995,202234,DIANE BLACK,R,-53.07479496951508,True,-50.77881619937694,-1,-2.2959787701381416,recent,-2.971796432646342,-1,-0.6758176625082006,BLACK D,True,-40.16227180527383,-8.653195715064301
2016,TN,7,65226,200407,MARSHA BLACKBURN,R,-50.89013789702334,True,-41.06583072100313,-1,-9.824307176020206,recent,-2.971796432646342,-1,6.8525107433738635,BLACKBURN M,True,-33.26572008113591,-13.365090366710477
2016,TN,8,70925,194386,DAVID KUSTOFF,R,-46.53444448213606,True,-36.70103092783505,0,-9.83341355430101,recent,-2.971796432646342,-1,6.861617121654668,KUSTOFF D,False,-33.67037411526795,-8.604742917691164
2016,TN,9,171631,41123,STEVE COHEN,D,61.342207432057684,True,59.30113052415211,1,2.041076907905577,recent,-2.971796432646342,1,5.012873340551919,COHEN S,True,57.862903225806456,7.738631655428177
2016,TX,1,62847,192434,LOUIE GOHMERT,R,-50.7624930958434,True,-48.10256410256411,-1,-2.659928993279294,recent,-2.971796432646342,-1,-0.31186743936704797,GOHMERT L,True,-44.5005045408678,-2.002661105798653
2016,TX,2,100231,168692,TED POE,R,-25.457472956943064,True,-9.738219895287957,-1,-15.719253061655108,recent,-2.971796432646342,-1,12.747456629008767,POE T,True,-27.715736040609134,6.517590532843018
2016,TX,3,109420,193684,SAM JOHNSON,R,-27.8003589527027,True,-14.884696016771484,-1,-12.915662935931218,recent,-2.971796432646342,-1,9.943866503284877,JOHNSON S,True,-30.558375634517763,7.01734413099201
2016,TX,6,106667,159444,JOE BARTON,R,-19.83270139152459,True,-12.799167533818943,-1,-7.033533857705647,recent,-2.971796432646342,-1,4.061737425059305,BARTON J,True,-17.32522796352584,1.7518540211781986
2016,TX,7,111991,143542,JOHN ABNEY CULBERSON,R,-12.347133246977885,True,1.4644351464435132,-1,-13.811568393421398,recent,-2.971796432646342,-1,10.839771960775057,CULBERSON J,True,-21.624365482233497,13.53655968443256
2016,TX,9,152032,36491,AL GREEN,D,61.287482163979995,True,63.00102774922919,1,-1.713545585249193,recent,-2.971796432646342,1,1.2582508473971492,GREEN A,True,57.416750756811304,8.13005885634564
2016,TX,10,120170,179221,MICHAEL T MCCAUL,R,-19.72370578941919,True,-9.528795811518318,-1,-10.19490997790087,recent,-2.971796432646342,-1,7.223113545254528,MCCAUL M,True,-20.735444330949953,5.271065990707713
2016,TX,12,76029,196482,KAY GRANGER,R,-44.20115151314993,True,-31.589958158995813,-1,-12.611193354154118,recent,-2.971796432646342,-1,9.639396921507775,GRANGER K,True,-35.63451776649746,-4.307306297475522
2016,TX,14,99054,160631,RANDY K WEBER SR,R,-23.71218976837322,True,-20.496894409937894,-1,-3.215295358435327,recent,-2.971796432646342,-1,0.2434989257889848,WEBER R,True,-20.04048582995951,0.5876235107632386
2016,TX,15,101712,66877,VICENTE GONZALEZ,D,20.662676687091093,True,17.269906928645298,0,3.3927697584457945,recent,-2.971796432646342,1,6.364566191092137,GONZALEZ V,False,16.07684529828109,8.845158837986952
2016,TX,17,86603,149417,BILL FLORES,R,-26.613846284213203,True,-18.401682439537332,-1,-8.212163844675871,recent,-2.971796432646342,-1,5.240367412029529,FLORES B,True,-23.13965341488277,0.785134579846515
2016,TX,18,150157,48306,SHEILA JACKSON LEE,D,51.31989338063014,True,58.54922279792746,1,-7.229329417297322,recent,-2.971796432646342,1,-4.25753298465098,LEE S,True,53.892821031344795,1.6863997984622952
2016,TX,21,129765,202967,LAMAR SMITH,R,-22.000288520490965,True,-10.526315789473685,-1,-11.47397273101728,recent,-2.971796432646342,-1,8.502176298370937,SMITH L,True,-22.415557830092123,4.674596758778106
2016,TX,22,123679,181864,PETE OLSON,R,-19.043146136550337,True,-8.203530633437174,-1,-10.839615503113164,recent,-2.971796432646342,-1,7.867819070466822,OLSON P,True,-25.708502024291494,10.924683336918106
2016,TX,23,107526,110577,WILL HURD,R,-1.3988803455248209,True,3.5343035343035334,-1,-4.933183879828354,recent,-2.971796432646342,-1,1.9613874471820116,HURD W,True,-2.6315789473684217,5.49202605102055
2016,TX,24,108389,154845,KENNY MARCHANT,R,-17.648176147458155,True,-6.512605042016809,-1,-11.135571105441347,recent,-2.971796432646342,-1,8.163774672795004,MARCHANT K,True,-22.76422764227642,9.375378943995214
2016,TX,25,117073,180988,ROGER WILLIAMS,R,-21.443597116026584,True,-15.634837355718778,-1,-5.808759760307806,recent,-2.971796432646342,-1,2.836963327661464,WILLIAMS R,True,-22.620266120777895,5.43599645392826
2016,TX,26,94507,211730,MICHAEL C BURGESS,R,-38.278522843418656,True,-27.806925498426025,-1,-10.471597344992631,recent,-2.971796432646342,-1,7.499800912346289,BURGESS M,True,-37.53814852492369,3.518953130681984
2016,TX,27,88329,142251,BLAKE FARENTHOLD,R,-23.385376008326826,True,-24.43064182194617,-1,1.045265813619345,recent,-2.971796432646342,-1,-4.017062246265687,FARENTHOLD B,True,-22.593718338399185,3.4676697792493076
2016,TX,28,122086,57740,HENRY CUELLAR,D,35.78236739959739,True,20.454545454545453,1,15.327821945051937,recent,-2.971796432646342,1,18.29961837769828,CUELLAR H,True,21.818181818181813,18.223513030592528
2016,TX,29,95649,31646,GENE GREEN,D,50.27927255587415,True,47.35751295336787,1,2.9217596025062775,recent,-2.971796432646342,1,5.89355603515262,GREEN G,True,33.26592517694641,21.27267482810469
2016,TX,30,170502,41518,EDDIE BERNICE JOHNSON,D,60.835770210357516,True,62.422997946611915,1,-1.5872277362543983,recent,-2.971796432646342,1,1.384568696391944,JOHNSON E,True,60.483870967741936,4.611226691792529
2016,TX,31,103852,166060,JOHN R CARTER,R,-23.04751178161771,True,-13.467656415694595,-1,-9.579855365923116,recent,-2.971796432646342,-1,6.608058933276774,CARTER J,True,-21.756894790602658,2.9687104581618957
2016,TX,33,93147,33222,MARC A VEASEY,D,47.42064905158702,True,50.931677018633536,1,-3.511027967046516,recent,-2.971796432646342,1,-0.5392315344001739,VEASEY M,True,45.307769929364284,6.372206571399685
2016,TX,34,104638,62323,FILEMON VELA,D,25.344242068507018,True,22.18782249742002,1,3.1564195710869996,recent,-2.971796432646342,1,6.128216003733342,VELA F,True,22.70433905146317,6.899230466220798
2016,TX,35,124612,62384,LLOYD DOGGETT,D,33.27771717042076,True,35.51797040169133,1,-2.2402532312705716,recent,-2.971796432646342,1,0.7315432013757706,DOGGETT L,True,29.098360655737707,8.438683963859999
2016,UT,1,73380,182925,ROB BISHOP,R,-42.74009480891906,True,-37.86407766990292,-1,-4.876017139016142,recent,-2.971796432646342,-1,1.9042207063697996,BISHOP R,True,-58.282208588957054,19.801441229214944
2016,UT,2,93778,170524,CHRIS STEWART,R,-29.03723770535221,True,-17.94871794871795,-1,-11.088519756634263,recent,-2.971796432646342,-1,8.11672332398792,STEWART C,True,-39.91769547325102,15.13978521707576
2016,UT,3,75716,209589,JASON CHAFFETZ,R,-46.92276686353201,True,-33.90070921985816,-1,-13.022057643673854,recent,-2.971796432646342,-1,10.050261211027511,CHAFFETZ J,True,-60.12269938650307,17.45925997214801
2016,UT,4,113413,147597,MIA B LOVE,R,-13.096816213938164,True,-9.370629370629374,-1,-3.72618684330879,recent,-2.971796432646342,-1,0.7543904106624479,LOVE M,True,-37.987679671457904,29.150190906696693
2016,VA,1,140785,230213,ROBERT J WITTMAN,R,-24.104712154782504,True,-13.080168776371304,-1,-11.0245433784112,recent,-2.971796432646342,-1,8.05274694576486,WITTMAN R,True,-12.056737588652481,-7.788647116953074
2016,VA,2,119440,190475,SCOTT W TAYLOR,R,-22.92080086475324,True,-3.6093418259023347,0,-19.311459038850906,recent,-2.971796432646342,-1,16.339662606204563,TAYLOR S,False,-2.3302938196555187,-16.331179595920773
2016,VA,3,208337,103289,"ROBERT C \""BOBBY\"" SCOTT",D,33.70963911868714,True,33.19371727748692,1,0.5159218412002247,recent,-2.971796432646342,1,3.487718273846567,SCOTT R,True,36.70374115267947,1.2652254151846218
2016,VA,4,200136,145731,A DONALD MCEACHIN,D,15.730034955633235,True,22.54697286012526,0,-6.816937904492024,recent,-2.971796432646342,1,-3.8451414718456816,MCEACHIN A,False,22.064777327935218,-2.0754149231250345
2016,VA,5,148339,207758,TOM A GARRETT JR,R,-16.68618382070054,True,-11.598746081504705,0,-5.087437739195833,recent,-2.971796432646342,-1,2.115641306549491,GARRETT T,False,-6.707317073170732,-5.719539298352858
2016,VA,6,112170,225471,BOB GOODLATTE,R,-33.55664744506739,True,-26.21564482029599,-1,-7.341002624771402,recent,-2.971796432646342,-1,4.36920619212506,GOODLATTE B,True,-19.63377416073245,-9.663545835157992
2016,VA,7,160159,218057,DAVE BRAT,R,-15.308183683397846,True,-6.878306878306878,-1,-8.429876805090968,recent,-2.971796432646342,-1,5.458080372444626,BRAT D,True,-10.638297872340425,-0.41055836188047223
2016,VA,8,246653,98387,DONALD S BEYER JR,D,42.97067006723858,True,55.720338983050844,1,-12.749668915812265,recent,-2.971796432646342,1,-9.777872483165922,BEYER D,True,37.24696356275303,9.983033953662497
2016,VA,9,87877,212838,H MORGAN GRIFFITH,R,-41.55462813627521,True,-43.18418314255984,-1,1.629555006284626,recent,-2.971796432646342,-1,-4.601351438930968,GRIFFITH H,True,-28.775510204081638,-8.519790483016626
2016,VA,10,187712,210791,BARBARA COMSTOCK,R,-5.7914244058388515,True,10.59322033898305,-1,-16.3846447448219,recent,-2.971796432646342,-1,13.412848312175559,COMSTOCK B,True,-1.1144883485309034,-0.4176086081309993
2016,WA,1,193619,155779,SUZAN K DELBENE,D,10.830056268209892,True,17.73667029379761,1,-6.906614025587716,recent,-2.971796432646342,1,-3.934817592941374,DELBENE S,True,11.088295687885013,4.001088029501828
2016,WA,2,208314,117094,RICK LARSEN,D,28.03250073753565,True,24.100327153762272,1,3.932173583773377,recent,-2.971796432646342,1,6.903970016419719,LARSEN R,True,21.81069958847737,10.481128598235228
2016,WA,3,119820,193457,JAIME HERRERA BEUTLER,R,-23.50539618293076,True,-8.008658008658006,-1,-15.496738174272753,recent,-2.971796432646342,-1,12.52494174162641,BEUTLER J,True,-1.7435897435897465,-17.502478990164064
2016,WA,5,130575,192959,CATHY MCMORRIS RODGERS,R,-19.28205381814585,True,-14.34830230010953,-1,-4.9337515180363205,recent,-2.971796432646342,-1,1.9619550853899783,RODGERS C,True,-10.082304526748969,-4.9404218422199335
2016,WA,6,201718,126116,DEREK KILMER,D,23.061061390825845,True,13.47207009857612,1,9.588991292249725,recent,-2.971796432646342,1,12.560787724896066,KILMER D,True,15.31346351490236,12.006925325100434
2016,WA,8,127720,193145,DAVID G REICHERT,R,-20.390195253455502,True,3.2467532467532467,-1,-23.63694850020875,recent,-2.971796432646342,-1,20.665152067562406,REICHERT D,True,1.6359918200409012,-17.76685962431945
2016,WA,9,205165,76317,ADAM SMITH,D,45.774863046304915,True,50.31982942430704,1,-4.5449663780021226,recent,-2.971796432646342,1,-1.5731699453557804,SMITH A,True,39.53013278855975,10.504057706922117
2016,WA,10,170460,120104,DENNY HECK,D,17.330433226414833,True,12.499999999999998,1,4.830433226414835,recent,-2.971796432646342,1,7.802229659061177,HECK D,True,15.605749486652972,5.98401118893881
2016,WI,1,107003,230072,PAUL D RYAN,R,-36.51086553437662,True,-10.853530031612227,-1,-25.657335502764393,recent,-2.971796432646342,-1,22.68553907011805,RYAN P,True,-4.242424242424245,-28.009113842775427
2016,WI,2,273537,124044,MARK POCAN,D,37.60063986961148,True,38.81856540084388,1,-1.217925531232403,recent,-2.971796432646342,1,1.753870901413939,POCAN M,True,38.259109311740886,3.60085800704754
2016,WI,5,114477,260706,F JAMES SENSENBRENNER JR,R,-38.9753800145529,True,-21.224920802534324,-1,-17.750459212018573,recent,-2.971796432646342,-1,14.77866277937223,SENSENBRENNER F,True,-23.838383838383834,-10.877668726992114
2016,WI,6,133072,204147,GLENN GROTHMAN,R,-21.0768076531868,True,-17.88359788359789,-1,-3.1932097695889112,recent,-2.971796432646342,-1,0.22141333694256904,GROTHMAN G,True,-7.381193124368052,-9.436287079641799
2016,WI,7,138643,223418,SEAN P DUFFY,R,-23.414562739427886,True,-21.556256572029444,-1,-1.8583061673984425,recent,-2.971796432646342,-1,-1.1134902652478997,DUFFY S,True,-3.14083080040527,-16.014404489845667
2016,WI,8,135682,227892,MIKE GALLAGHER,R,-25.362099600081415,True,-18.565400843881857,0,-6.796698756199557,recent,-2.971796432646342,-1,3.824902323553215,GALLAGHER M,False,-3.7411526794742116,-17.361619471430252
2016,WV,1,73534,163469,DAVID B MCKINLEY,R,-37.946777045016304,True,-44.06779661016949,-1,6.121019565153183,recent,-2.971796432646342,-1,-9.092815997799526,MCKINLEY D,True,-27.32855680655067,-6.358892789288687
2016,WV,2,101207,140807,ALEXANDER X MOONEY,R,-16.36268976174932,True,-38.235294117647065,-1,21.872604355897746,recent,-2.971796432646342,-1,-24.84440078854409,MOONEY A,True,-22.448979591836736,10.345617279264365
2016,WV,3,49708,140741,EVAN H JENKINS,R,-47.79914832842388,True,-51.356993736951985,-1,3.5578454085281024,recent,-2.971796432646342,-1,-6.529641841174445,JENKINS E,True,-32.924335378323114,-10.61548550092382
2016,WY,0,75466,156176,LIZ CHENEY,R,-34.84255877604234,True,-51.403887688984874,0,16.561328912942535,recent,-2.971796432646342,-1,-19.53312534558888,CHENEY L,False,-42.37995824634655,11.796726919481157
2018,AK,0,131199,149779,DON YOUNG,R,-6.612617357942614,True,-13.662022413967748,-1,7.049405056025133,recent,4.5708898084259335,-1,-2.4785152475991996,YOUNG D,True,-16.81415929203539,4.353064280535891
2018,AL,1,89226,153228,BRADLEY BYRNE,R,-26.397584696478507,True,-29.404909753270413,-1,3.007325056791906,recent,4.5708898084259335,-1,1.5635647516340274,BYRNE B,True,-30.122950819672134,-2.123111530363259
2018,AL,2,86931,138879,MARTHA ROBY,R,-23.00518134715026,True,-30.83758937691522,-1,7.832408029764959,recent,4.5708898084259335,-1,-3.261518221339026,ROBY M,True,-32.58426966292135,3.7306106622142057
2018,AL,3,83996,147770,MIKE ROGERS,R,-27.516546861921075,True,-32.86533366451399,-1,5.348786802592915,recent,4.5708898084259335,-1,-0.7778969941669818,ROGERS M,True,-33.81147540983607,0.4464508943581098
2018,AL,4,46492,184255,ROBERT ADERHOLT,R,-59.70305139395095,True,-64.22879097725723,-1,4.525739583306283,recent,4.5708898084259335,-1,0.0451502251196505,ADERHOLT R,True,-64.41717791411043,-1.134351133397411
2018,AL,5,101388,159063,MO BROOKS,R,-22.144280498059135,True,-31.115345528455286,-1,8.97106503039615,recent,4.5708898084259335,-1,-4.400175221970217,BROOKS M,True,-34.79166666666667,6.79890851505065
2018,AL,6,85644,192542,GARY PALMER,R,-38.42680796301755,True,-40.8787806620624,-1,2.4519726990448447,recent,4.5708898084259335,-1,2.118917109381089,PALMER G,True,-46.13003095975232,1.8547453431778802
2018,AR,1,57907,138757,RICK CRAWFORD,R,-41.110726925110846,True,-39.514424326431595,0,-1.5963025986792516,recent,4.5708898084259335,-1,6.167192407105185,CRAWFORD R,False,-36.55462184873949,-10.404582729928245
2018,AR,2,116135,132125,FRENCH HILL,R,-6.44082816402159,True,-10.202894818959253,0,3.762066654937663,recent,4.5708898084259335,-1,0.8088231534882704,HILL F,False,-11.370882040382568,-0.9184237771959074
2018,AR,3,74952,148717,STEVE WOMACK,R,-32.97953672614444,True,-30.740054658695232,-1,-2.239482067449206,recent,4.5708898084259335,-1,6.8103718758751395,WOMACK S,True,-33.98268398268398,-4.845330397017344
2018,AR,4,63984,136740,BRUCE WESTERMAN,R,-36.246786632390744,True,-36.803753706085246,-1,0.5569670736945014,recent,4.5708898084259335,-1,4.013922734731432,WESTERMAN B,True,-34.45026178010472,-7.645002505842912
2018,AZ,1,143240,122784,TOM O'HALLERAN,D,7.689531771569483,True,0.2796991995521375,1,7.409832572017345,recent,4.5708898084259335,1,2.8389427635914117,HALLERAN T,True,-1.1664899257688244,3.0075440437814205
2018,AZ,2,161000,133083,ANN KIRKPATRICK,D,9.49289826341543,True,7.984270060091905,0,1.508628203323525,recent,4.5708898084259335,1,-3.0622616051024085,KIRKPATRICK A,False,5.196182396606573,-1.5517617867480284
2018,AZ,3,114650,64868,RAUL GRIJALVA,D,27.730923918492852,True,29.50976983519922,1,-1.7788459167063664,recent,4.5708898084259335,1,-6.3497357251323,GRIJALVA R,True,31.506849315068493,-9.624403050132527
2018,AZ,4,84521,188842,PAUL GOSAR,R,-38.16207753060948,True,-40.07896261953057,-1,1.9168850889210916,recent,4.5708898084259335,-1,2.654004719504842,GOSAR P,True,-42.226890756302524,-1.783664427863842
2018,AZ,5,127027,186037,ANDY BIGGS,R,-18.849180998134567,True,-18.58685863721523,-1,-0.26232236091933814,recent,4.5708898084259335,-1,4.833212169345272,BIGGS A,True,-22.422954303931988,-2.2747043477594655
2018,AZ,6,140559,173140,DAVID SCHWEIKERT,R,-10.386070723846744,True,-7.351262616546754,-1,-3.03480810729999,recent,4.5708898084259335,-1,7.605697915725924,SCHWEIKERT D,True,-10.548523206751055,-5.6860251706525755
2018,AZ,8,135569,168835,DEBBIE LESKO,R,-10.92824010196975,True,-19.14829694546454,0,8.22005684349479,recent,4.5708898084259335,-1,-3.6491670350688565,LESKO D,False,-22.187171398527866,5.4104536430012296
2018,AZ,9,159583,101662,GREG STANTON,D,22.171142031426438,True,20.73160183113967,0,1.4395402002867677,recent,4.5708898084259335,1,-3.131349608139166,STANTON G,False,17.50805585392052,-1.1853914760509685
2018,CA,1,131548,160046,DOUG LA MALFA,R,-9.77317777457698,True,-18.47182806406107,0,8.69865028948409,recent,4.5708898084259335,-1,-4.127760481058157,MALFA D,False,-21.251348435814457,5.62969300768059
2018,CA,2,243081,72576,JARED HUFFMAN,D,54.015909674108286,True,50.24340917298664,1,3.772500501121648,recent,4.5708898084259335,1,-0.7983893073042854,HUFFMAN J,True,49.512459371614305,-1.345027351062905
2018,CA,3,134875,97376,JOHN GARAMENDI,D,16.145893882050025,True,12.995182012847966,1,3.150711869202059,recent,4.5708898084259335,1,-1.4201779392238745,GARAMENDI J,True,13.490364025695934,-3.1929477972027946
2018,CA,4,156253,184401,TOM MCCLINTOCK,R,-8.26292954141152,True,-12.898305308101843,-1,4.6353757666903235,recent,4.5708898084259335,-1,-0.06448595826438996,MCCLINTOCK T,True,-15.755627009646306,1.6442198146779
2018,CA,7,155016,126601,AMI BERA,D,10.089944854181388,True,13.141520853967206,1,-3.0515759997858183,recent,4.5708898084259335,1,-7.622465808211752,BERA A,True,12.23175965665236,-7.990292456027857
2018,CA,9,113414,87349,JERRY MCNERNEY,D,12.982969969566104,True,19.033320795341055,1,-6.0503508257749505,recent,4.5708898084259335,1,-10.621240634200884,MCNERNEY J,True,19.66173361522199,-12.527241299212772
2018,CA,10,115945,105955,JOSH HARDER,D,4.502027940513745,True,3.0798797883229163,-1,1.4221481521908288,recent,4.5708898084259335,1,-3.1487416562351047,HARDER J,False,3.1914893617021276,-4.537939074745268
2018,CA,11,204369,71312,MARK DESAULNIER,D,48.26484233588822,True,51.7961046086717,1,-3.5312622727834793,recent,4.5708898084259335,1,-8.102152081209413,DESAULNIER M,True,51.80467091295117,-9.388306230619834
2018,CA,14,211384,55439,JACKIE SPEIER,D,58.44511155335185,True,59.986486515427,1,-1.5413749620751531,recent,4.5708898084259335,1,-6.112264770501087,SPEIER J,True,61.72450052576235,-9.127866625967387
2018,CA,15,177989,65940,ERIC SWALWELL,D,45.93508766895285,True,47.31638586729393,1,-1.381298198341078,recent,4.5708898084259335,1,-5.952188006767011,SWALWELL E,True,48.565356004250795,-8.478745988854827
2018,CA,16,82266,60693,JIM COSTA,D,15.090340587161354,True,21.62491542771889,1,-6.534574840557536,recent,4.5708898084259335,1,-11.10546464898347,COSTA J,True,22.881355932203387,-13.63949299859892
2018,CA,17,159105,52057,RO KHANNA,D,50.6947272710052,True,52.263490141819446,1,-1.568762870814247,recent,4.5708898084259335,1,-6.13965267924018,KHANNA R,True,56.567796610169495,-11.721546992721182
2018,CA,18,225142,77096,ANNA G ESHOO,D,48.983251609658616,True,56.61737046076862,1,-7.634118851110003,recent,4.5708898084259335,1,-12.205008659535936,ESHOO A,True,56.837606837606835,-13.702832881505104
2018,CA,19,162496,57823,ZOE LOFGREN,D,47.50974723015264,True,48.72610844687592,1,-1.2163612167232785,recent,4.5708898084259335,1,-5.787251025149212,LOFGREN Z,True,54.449152542372886,-12.787882965777131
2018,CA,21,57239,56377,TJ COX,D,0.7586959583157302,True,13.733396048310624,-1,-12.974700089994894,recent,4.5708898084259335,1,-17.54558989842083,COX T,False,16.332982086406744,-21.4227637816479
2018,CA,22,105136,117243,DEVIN G NUNES,R,-5.4443090399723,True,-7.776575689455237,-1,2.3322666494829374,recent,4.5708898084259335,-1,2.238623158942996,NUNES D,True,-10.03167898627244,-1.2611077072567465
2018,CA,23,74661,131113,KEVIN MCCARTHY,R,-27.433980969413046,True,-20.181380738575058,-1,-7.252600230837988,recent,4.5708898084259335,-1,11.823490039263922,MCCARTHY K,True,-23.35456475583864,-9.92789386713129
2018,CA,24,166550,117881,SALUD CARBAJAL,D,17.111004074801972,True,23.02953282206431,1,-5.918528747262339,recent,4.5708898084259335,1,-10.489418555688273,CARBAJAL S,True,21.673819742489272,-10.411293321244186
2018,CA,25,133209,111813,KATIE HILL,D,8.732277101648016,True,8.72594995436651,-1,0.00632714728150674,recent,4.5708898084259335,1,-4.564562661144427,HILL K,False,7.135250266240677,-4.2514508181495465
2018,CA,26,158216,97210,JULIA BROWNLEY,D,23.88402120379288,True,24.37840007571134,1,-0.4943788719184603,recent,4.5708898084259335,1,-5.065268680344394,BROWNLEY J,True,23.322683706070286,-5.287140155834292
2018,CA,28,196662,54272,ADAM B SCHIFF,D,56.74400439956323,True,48.65030926588227,1,8.09369513368096,recent,4.5708898084259335,1,3.5228053252550264,SCHIFF A,True,52.7542372881356,-1.8587105421292538
2018,CA,29,124697,29995,TONY CARDENAS,D,61.21971401236004,True,57.9890933878664,1,3.230620624493646,recent,4.5708898084259335,1,-1.3402691839322873,CARDENAS T,True,64.44444444444446,-9.0732080856413
2018,CA,30,191573,69420,BRAD SHERMAN,D,46.803170966271125,True,42.92087639840514,1,3.8822945678659835,recent,4.5708898084259335,1,-0.68859524055995,SHERMAN B,True,45.78059071729957,-4.825897404585328
2018,CA,31,110143,77352,PETE AGUILAR,D,17.488999706658845,True,21.37193629512727,1,-3.882936588468425,recent,4.5708898084259335,1,-8.453826396894359,AGUILAR P,True,22.375397667020145,-10.734875613918186
2018,CA,32,121759,55272,GRACE FLORES NAPOLITANO,D,37.55669910919556,True,37.15627502326487,1,0.4004240859306947,recent,4.5708898084259335,1,-4.170465722495239,NAPOLITANO G,True,41.25132555673382,-9.54310410109514
2018,CA,33,219091,93769,TED W LIEU,D,40.05689445758486,True,42.30636050814812,1,-2.2494660505632567,recent,4.5708898084259335,1,-6.82035585898919,LIEU T,True,43.79639448568399,-9.587977681656016
2018,CA,35,103420,45604,NORMA J TORRES,D,38.796435473480784,True,38.19703064781735,1,0.5994048256634343,recent,4.5708898084259335,1,-3.971484982762499,TORRES N,True,43.128964059196626,-10.181006239272728
2018,CA,36,122169,84839,RAUL RUIZ,D,18.033119492966456,True,11.527154044772434,1,6.505965448194022,recent,4.5708898084259335,1,1.9350756397680886,RUIZ R,True,9.205020920502097,2.9796209189074734
2018,CA,38,139188,62968,LINDA T SANCHEZ,D,37.70355566987871,True,37.98172642440401,1,-0.2781707545252985,recent,4.5708898084259335,1,-4.849060562951232,SANCHEZ L,True,41.94915254237288,-10.094074526051054
2018,CA,39,126002,118391,GIL CISNEROS,D,3.114246316383857,True,9.702893104580246,0,-6.588646788196389,recent,4.5708898084259335,1,-11.159536596622322,CISNEROS G,False,9.110169491525424,-11.844400828698452
2018,CA,41,108227,58021,MARK TAKANO,D,30.199461046147924,True,27.91258918306896,1,2.2868718630789644,recent,4.5708898084259335,1,-2.284017945346969,TAKANO M,True,29.64930924548353,-5.298325852892491
2018,CA,42,100892,131040,KEN CALVERT,R,-12.998637531690322,True,-10.104624128132269,-1,-2.894013403558054,recent,4.5708898084259335,-1,7.464903211983987,CALVERT K,True,-12.658227848101266,-6.1888873371459425
2018,CA,43,152272,43780,MAXINE WATERS,D,55.33837961357191,True,61.06939417984298,1,-5.731014566271071,recent,4.5708898084259335,1,-10.301904374697004,WATERS M,True,64.87907465825447,-15.389172698239443
2018,CA,45,158906,146383,KATIE PORTER,D,4.102014812194347,True,8.637437135254356,1,-4.535422323060009,recent,4.5708898084259335,1,-9.106312131485943,PORTER K,True,5.732484076433121,-7.47894691779566
2018,CA,46,102278,45638,LOU CORREA,D,38.292003569593554,True,36.1285868729892,1,2.163416696604351,recent,4.5708898084259335,1,-2.4074731118215826,CORREA L,True,40.76433121019109,-8.32080529415442
2018,CA,47,143354,77682,ALAN LOWENTHAL,D,29.710997303606653,True,30.749328574302986,1,-1.0383312706963324,recent,4.5708898084259335,1,-5.609221079122266,LOWENTHAL A,True,33.76068376068376,-9.898164110633994
2018,CA,48,157837,136899,HARLEY ROUDA,D,7.103984582813093,True,1.6693822124334705,-1,5.434602370379623,recent,4.5708898084259335,1,0.8637125619536894,ROUDA H,False,1.806588735387881,-0.5510818061316733
2018,CA,49,166453,128577,MIKE LEVIN,D,12.83801647290106,True,10.49309845291546,0,2.3449180199856006,recent,4.5708898084259335,1,-2.225971788440333,LEVIN M,False,7.987220447284344,-0.9976816279401701
2018,CA,50,125448,134362,DUNCAN HUNTER,R,-3.4309687848812596,True,-11.902418035191573,-1,8.471449250310314,recent,4.5708898084259335,-1,-3.900559441884381,HUNTER D,True,-15.92356687898089,6.6441204405427445
2018,CA,51,109527,44301,JUAN VARGAS,D,42.4019034246041,True,44.303428060026725,1,-1.901524635422625,recent,4.5708898084259335,1,-6.4724144438485585,VARGAS J,True,51.7970401691332,-15.243614398085983
2018,CA,52,188992,107015,SCOTT PETERS,D,27.694277500194254,True,26.965419808597368,1,0.7288576915968861,recent,4.5708898084259335,1,-3.8420321168290474,PETERS S,True,24.012806830309497,-2.1670069836721293
2018,CA,53,185667,83127,SUSAN A DAVIS,D,38.148172950289066,True,36.98128281585994,1,1.1668901344291243,recent,4.5708898084259335,1,-3.4039996739968092,DAVIS S,True,37.088204038257174,-4.7885087415249945
2018,CO,1,272886,85207,DIANA DEGETTE,D,52.4106866093445,True,52.21704407444987,1,0.19364253489462868,recent,4.5708898084259335,1,-4.377247273531305,DEGETTE D,True,49.67462039045553,-3.112411434667914
2018,CO,2,259608,144901,JOE NEGUSE,D,28.357094650551655,True,27.15807595416532,0,1.1990186963863358,recent,4.5708898084259335,1,-3.3718711120395977,NEGUSE J,False,23.38090010976949,-0.8722831127747224
2018,CO,3,146426,173205,SCOTT R TIPTON,R,-8.378098494826848,True,-9.336478127364158,-1,0.9583796325373104,recent,4.5708898084259335,-1,3.612510175888623,TIPTON S,True,-13.043478260869565,-1.1830978875141689
2018,CO,4,145544,224038,KEN BUCK,R,-21.238588459394666,True,-20.7063028042071,-1,-0.5322856551875681,recent,4.5708898084259335,-1,5.103175463613502,BUCK K,True,-25.190839694656493,-1.8962264182950594
2018,CO,5,126848,184002,DOUG LAMBORN,R,-18.386359980698085,True,-19.95827410702004,-1,1.5719141263219534,recent,4.5708898084259335,-1,2.99897568210398,LAMBORN D,True,-26.54867256637168,2.3138349321167073
2018,CO,6,187639,148685,JASON CROW,D,11.582283750193266,True,14.616981407300191,-1,-3.034697657106925,recent,4.5708898084259335,1,-7.605587465532858,CROW J,False,9.72677595628416,-3.992969859647779
2018,CO,7,204260,119734,ED PERLMUTTER,D,26.088754730025865,True,18.399896559702746,1,7.688858170323119,recent,4.5708898084259335,1,3.1179683618971854,PERLMUTTER E,True,13.215859030837004,7.024418045631975
2018,CT,1,175087,96024,JOHN B LARSON,D,29.16259391909587,True,26.267748478701826,1,2.894845440394043,recent,4.5708898084259335,1,-1.6760443680318904,LARSON J,True,24.13793103448276,-0.8238147689437785
2018,CT,2,179731,102483,JOE COURTNEY,D,27.372136038609,True,7.146636432350721,1,20.22549960625828,recent,4.5708898084259335,1,15.654609797832345,COURTNEY J,True,3.0687830687830746,18.45487531626904
2018,CT,3,174572,95667,ROSA L DELAURO,D,29.19822823500679,True,18.73672382719907,1,10.46150440780772,recent,4.5708898084259335,1,5.890614599381786,DELAURO R,True,16.095534787123572,7.254215794326333
2018,CT,4,168726,106921,JIM HIMES,D,22.421793090438133,True,26.99985465942913,1,-4.5780615689909965,recent,4.5708898084259335,1,-9.14895137741693,HIMES J,True,23.908523908523907,-7.335208471642661
2018,CT,5,151225,119426,JAHANA HAYES,D,11.749079072310836,True,7.573582844018694,0,4.175496228292142,recent,4.5708898084259335,1,-0.3953935801337911,HAYES J,False,4.284221525600838,1.6163798931531126
2018,DE,0,227353,125384,LISA BLUNT ROCHESTER,D,28.907939909904545,True,15.668466612320653,1,13.239473297583892,recent,4.5708898084259335,1,8.668583489157959,ROCHESTER L,True,12.067156348373558,10.992305907974101
2018,FL,1,106199,216189,MATT GAETZ,R,-34.117274836532374,True,-37.57258982642222,-1,3.4553149898898425,recent,4.5708898084259335,-1,1.115574818536091,GAETZ M,True,-41.06583072100313,1.100078230913871
2018,FL,2,96233,199335,NEAL DUNN,R,-34.88266659448925,True,-36.06519742883379,-1,1.18253083434454,recent,4.5708898084259335,-1,3.3883589740813935,DUNN N,True,-36.776859504132226,-3.9542847439139113
2018,FL,3,129880,176616,TED YOHO,R,-15.248486114011277,True,-14.978917130041829,-1,-0.26956898396944773,recent,4.5708898084259335,-1,4.840458792395381,YOHO T,True,-16.59751037344398,-4.499453394124181
2018,FL,4,123351,248420,JOHN H RUTHERFORD,R,-33.64140828628376,True,-25.180544917387024,-1,-8.460863368896739,recent,4.5708898084259335,-1,13.031753177322672,RUTHERFORD J,True,-29.106029106029105,-10.383856833811544
2018,FL,5,180527,89799,AL LAWSON,D,33.562439424990565,True,26.46321470330009,1,7.099224721690476,recent,4.5708898084259335,1,2.5283349132645423,LAWSON A,True,26.131687242798357,1.5822745286353221
2018,FL,6,145758,187891,MICHAEL WALTZ,R,-12.627941339551445,True,-17.61045692221731,0,4.982515582665865,recent,4.5708898084259335,-1,-0.41162577423993163,WALTZ M,False,-17.56198347107438,-0.9144355220339495
2018,FL,7,183113,134285,STEPHANIE MURPHY,D,15.383839847762117,True,9.08514742353265,1,6.298692424229467,recent,4.5708898084259335,1,1.7278026158035331,MURPHY S,True,7.64397905759162,1.8913831366136105
2018,FL,8,142415,218112,BILL POSEY,R,-20.996208328363757,True,-19.71846397784579,-1,-1.2777443505179669,recent,4.5708898084259335,-1,5.8486341589439,POSEY B,True,-21.540062434963577,-5.304623546957066
2018,FL,9,172172,124565,DARREN SOTO,D,16.04349979948574,True,10.151445741768992,1,5.892054057716749,recent,4.5708898084259335,1,1.321164249290815,SOTO D,True,13.340227507755946,-3.1452053618270917
2018,FL,11,128053,239395,DANIEL WEBSTER,R,-30.301430406479284,True,-32.525569406226175,-1,2.2241389997468914,recent,4.5708898084259335,-1,2.346750808679042,WEBSTER D,True,-33.19630010277492,-2.9536079572612497
2018,FL,12,132844,194564,GUS MICHAEL BILIRAKIS,R,-18.851097102086694,True,-18.211343489402132,-1,-0.6397536126845615,recent,4.5708898084259335,-1,5.210643421110495,BILIRAKIS G,True,-19.33471933471934,-5.364855420924242
2018,FL,13,182717,134254,CHARLIE CRIST,D,15.289411334159908,True,3.7394674755645454,1,11.549943858595363,recent,4.5708898084259335,1,6.979054050169429,CRIST C,True,3.333333333333336,6.1076003472696865
2018,FL,15,134132,151380,ROSS SPANO,R,-6.041077082574462,True,-9.494775167171527,0,3.4536980845970646,recent,4.5708898084259335,-1,1.1171917238288689,SPANO R,False,-10.395010395010395,-1.4945443411209531
2018,FL,16,164463,197483,VERN BUCHANAN,R,-9.12290783708067,True,-9.619356003410218,-1,0.49644816632954836,recent,4.5708898084259335,-1,4.074441642096385,BUCHANAN V,True,-11.065149948293694,-3.906235542343861
2018,FL,17,117194,193326,GREG STEUBE,R,-24.517583408476103,True,-27.80225341829285,0,3.2846700098167467,recent,4.5708898084259335,-1,1.2862197986091868,STEUBE G,False,-27.983539094650208,-2.3825219673827807
2018,FL,18,156454,185905,BRIAN MAST,R,-8.602373531877356,True,-8.948144720478927,-1,0.34577118860157086,recent,4.5708898084259335,-1,4.225118619824363,MAST B,True,-9.445585215605744,-5.005265969828498
2018,FL,19,128106,211465,FRANCIS ROONEY,R,-24.5483271539678,True,-21.500866518772497,-1,-3.0474606351953035,recent,4.5708898084259335,-1,7.618350443621237,ROONEY F,True,-22.760041194644696,-7.6367636128799905
2018,FL,22,184634,113049,TED DEUTCH,D,24.04739269625743,True,15.522377619500233,1,8.525015076757196,recent,4.5708898084259335,1,3.9541252683312624,DEUTCH T,True,16.155419222903884,2.043495819796659
2018,FL,23,161611,99446,DEBBIE WASSERMAN SCHULTZ,D,23.812807164718816,True,21.950180791367277,1,1.8626263733515387,recent,4.5708898084259335,1,-2.708263435074395,SCHULTZ D,True,26.71443193449335,-8.750102423331422
2018,FL,25,84173,128672,MARIO DIAZ-BALART,R,-20.90676313749442,True,-12.491547646534949,-1,-8.41521549095947,recent,4.5708898084259335,-1,12.986105299385404,BALART M,True,-1.8442622950819716,-24.91097849596933
2018,FL,26,119797,115678,DEBBIE MUCARSEL-POWELL,D,1.7492302792228474,True,5.559254809432131,-1,-3.810024530209284,recent,4.5708898084259335,1,-8.380914338635218,POWELL D,False,16.75231243576567,-20.851559810099708
2018,FL,27,130743,115588,DONNA SHALALA,D,6.152291023054346,True,11.671259590396588,0,-5.518968567342242,recent,4.5708898084259335,1,-10.089858375768175,SHALALA D,False,20.123203285420946,-19.819389915923487
2018,GA,1,105942,144741,"EARL L \""BUDDY\"" CARTER",R,-15.477315972762414,True,-14.25308898056866,-1,-1.2242269921937545,recent,4.5708898084259335,-1,5.795116800619688,CARTER E,True,-15.93011305241521,-5.395680573904089
2018,GA,2,136699,92472,SANFORD BISHOP,D,19.298689624778003,True,12.157022562164263,1,7.14166706261374,recent,4.5708898084259335,1,2.5707772541878064,BISHOP S,True,11.902339776195323,1.5478721950257945
2018,GA,3,101010,191996,DREW FERGUSON,R,-31.05260643126762,True,-28.97342778637158,-1,-2.0791786448960394,recent,4.5708898084259335,-1,6.650068453321973,FERGUSON D,True,-32.44078269824923,-4.460301386575276
2018,GA,4,227717,61092,"HENRY C \""HANK\"" JOHNSON JR",D,57.69383918091195,True,56.82672882672882,1,0.8671103541831329,recent,4.5708898084259335,1,-3.7037794542428006,JOHNSON H,True,54.46153846153845,-2.616176934183388
2018,GA,6,160139,156875,LUCY MCBATH,D,1.0296075252197063,True,4.845874233374431,0,-3.816266708154725,recent,4.5708898084259335,1,-8.387156516580658,MCBATH L,False,-1.577287066246057,-3.241583062091123
2018,GA,7,140011,140430,ROB WOODALL,R,-0.14940754026693673,True,-0.08670198969951048,-1,-0.06270555056742624,recent,4.5708898084259335,-1,4.63359535899336,WOODALL R,True,-6.569343065693435,0.5714578718696117
2018,GA,9,57912,224661,DOUG COLLINS,R,-59.01094584408277,True,-57.45151915676064,-1,-1.55942668732213,recent,4.5708898084259335,-1,6.130316495748064,COLLINS D,True,-60.247167868177144,-4.612255629462512
2018,GA,10,112339,190396,JODY HICE,R,-25.783936446066694,True,-23.454679636586512,-1,-2.3292568094801815,recent,4.5708898084259335,-1,6.900146617906115,HICE J,True,-26.261585993820805,-5.370828105802774
2018,GA,11,118653,191887,BARRY LOUDERMILK,R,-23.58279126682553,True,-20.9005170595639,-1,-2.6822742072616315,recent,4.5708898084259335,-1,7.253164015687565,LOUDERMILK B,True,-26.150627615062763,-3.2806413053196533
2018,GA,12,101503,148986,RICK W ALLEN,R,-18.956121825708912,True,-14.776913121391116,-1,-4.179208704317796,recent,4.5708898084259335,-1,8.75009851274373,ALLEN R,True,-16.5983606557377,-8.206238823528098
2018,GA,13,223157,69760,DAVID SCOTT,D,52.36875975105576,True,49.10953800298063,1,3.2592217480751344,recent,4.5708898084259335,1,-1.311668060350799,SCOTT D,True,45.49180327868853,1.0284788188103473
2018,GA,14,53981,175743,TOM GRAVES,R,-53.00360432519023,True,-51.60672678914457,-1,-1.3968775360456647,recent,4.5708898084259335,-1,5.967767344471598,GRAVES T,True,-54.47991761071061,-4.372164368036509
2018,HI,1,134650,42498,ED CASE,D,52.01978007090117,True,32.3178869847232,0,19.701893086177968,recent,4.5708898084259335,1,15.131003277752034,CASE E,False,34.82905982905983,11.342242588284455
2018,HI,2,153271,44850,TULSI GABBARD,D,54.72463797376351,True,32.63646189875698,1,22.08817607500653,recent,4.5708898084259335,1,17.517286266580598,GABBARD T,True,34.94505494505494,13.93110537515168
2018,IA,1,170342,153442,ABBY FINKENAUER,D,5.219529068761891,True,-3.5948456671633595,-1,8.81437473592525,recent,4.5708898084259335,1,4.243484927499317,FINKENAUER A,False,-3.7273695420660276,3.098420957271033
2018,IA,2,171446,133287,DAVE LOEBSACK,D,12.522109518824676,True,-4.215193352826976,1,16.73730287165165,recent,4.5708898084259335,1,12.166413063225717,LOEBSACK D,True,-4.357066950053136,11.030698815320926
2018,IA,3,175642,167933,CINDY AXNE,D,2.2437604598704795,True,-1.9226261536029488,-1,4.166386613473428,recent,4.5708898084259335,1,-0.40450319495250575,AXNE C,False,-3.7433155080213902,0.13859831433498382
2018,IA,4,147246,157676,STEVE KING,R,-3.420546893959767,True,-28.23222405952873,-1,24.811677165568963,recent,4.5708898084259335,-1,-20.240787357143027,KING S,True,-29.025423728813557,19.756399181296906
2018,ID,1,96922,197719,RUSS FULCHER,R,-34.21010653642908,True,-40.525626636737755,0,6.3155201003086745,recent,4.5708898084259335,-1,-1.744630291882741,FULCHER R,False,-42.98540965207633,2.9268254620903615
2018,ID,2,110381,170274,MIKE SIMPSON,R,-21.34043576633233,True,-26.801041731836243,-1,5.4606059655039125,recent,4.5708898084259335,-1,-0.889716157077979,SIMPSON M,True,-29.300118623962042,2.111205204072826
2018,IL,1,189560,50960,BOBBY L RUSH,D,57.625145518044235,True,52.841852044323005,1,4.78329347372123,recent,4.5708898084259335,1,0.2124036652952963,RUSH B,True,55.78512396694215,-4.008456102454803
2018,IL,2,190684,44567,ROBIN KELLY,D,62.11110686033216,True,58.85032716770123,1,3.2607796926309263,recent,4.5708898084259335,1,-1.3101101157950072,KELLY R,True,60.659114315139036,-4.396485108363764
2018,IL,3,163053,57885,DANIEL WILLIAM LIPINSKI,D,47.600684354886894,True,14.446603062245138,1,33.154081292641756,recent,4.5708898084259335,1,28.583191484215824,LIPINSKI D,True,16.088328075709786,25.66387862562022
2018,IL,5,213992,65134,MIKE QUIGLEY,D,53.33003733081117,True,48.17863560185904,1,5.1514017289521306,recent,4.5708898084259335,1,0.580511920526197,QUIGLEY M,True,49.36440677966102,-1.8828471024067301
2018,IL,6,169001,146445,SEAN CASTEN,D,7.150510705477324,True,10.233533759265779,-1,-3.0830230537884544,recent,4.5708898084259335,1,-7.653912862214388,CASTEN S,False,7.494646680942184,-6.1926136290217455
2018,IL,8,130054,67073,RAJA KRISHNAMOORTHI,D,31.949453905350357,True,21.766613864373543,1,10.182840040976814,recent,4.5708898084259335,1,5.61195023255088,KRISHNAMOORTHI R,True,22.96296296296297,3.1380132888305017
2018,IL,9,213368,76983,JANICE D SCHAKOWSKY,D,46.97245747388506,True,45.94394522892597,1,1.0285122449590887,recent,4.5708898084259335,1,-3.542377563466845,SCHAKOWSKY J,True,47.578947368421055,-6.454967548092883
2018,IL,10,156540,82124,BRAD SCHNEIDER,D,31.180236650688833,True,30.915894128133036,1,0.26434252255579693,recent,4.5708898084259335,1,-4.306547285870137,SCHNEIDER B,True,31.07822410147992,-5.746465104347971
2018,IL,11,145407,82358,BILL FOSTER,D,27.681601650824316,True,25.559111993194122,1,2.1224896576301937,recent,4.5708898084259335,1,-2.44840015079574,FOSTER B,True,24.920466595970307,-3.087342598702877
2018,IL,12,118724,134884,MIKE BOST,R,-6.372038736948361,True,-15.01800720288115,-1,8.64596846593279,recent,4.5708898084259335,-1,-4.075078657506856,BOST M,True,-15.546218487394954,3.3257020968897084
2018,IL,13,134458,136516,RODNEY DAVIS,R,-0.7594824595717671,True,-4.723519292209388,-1,3.9640368326376207,recent,4.5708898084259335,-1,0.6068529757883128,DAVIS R,True,-5.857294994675186,-0.7506651184534672
2018,IL,14,156035,141164,LAUREN UNDERWOOD,D,5.003718047503525,True,-0.861071701407836,-1,5.8647897489113605,recent,4.5708898084259335,1,1.293899940485427,UNDERWOOD L,False,-4.171122994652412,3.3263633885990505
2018,IL,15,74309,181294,JOHN M SHIMKUS,R,-41.85592500870491,True,-47.863074893565994,-1,6.007149884861086,recent,4.5708898084259335,-1,-1.4362600764351523,SHIMKUS J,True,-48.529411764705884,0.8250091024440902
2018,IL,16,104569,151254,ADAM KINZINGER,R,-18.248945560016104,True,-17.348402597006206,-1,-0.9005429630098973,recent,4.5708898084259335,-1,5.471432771435831,KINZINGER A,True,-18.336886993603414,-5.760536219969575
2018,IL,17,142659,87090,CHERI BUSTOS,D,24.186829975320894,True,-1.1899406496591305,1,25.376770624980026,recent,4.5708898084259335,1,20.805880816554094,BUSTOS C,True,-0.74388947927736,19.08224180104137
2018,IL,18,95486,195927,DARIN LAHOOD,R,-34.46689063288186,True,-26.87041572787532,-1,-7.596474905006538,recent,4.5708898084259335,-1,12.167364713432471,LAHOOD D,True,-29.073482428115017,-11.241885858323725
2018,IN,1,159611,85594,PETER J VISCLOSKY,D,30.185762933056015,True,11.061502874442974,1,19.12426005861304,recent,4.5708898084259335,1,14.553370250187106,VISCLOSKY P,True,13.179916317991635,11.157368961507492
2018,IN,2,103363,125499,JACKIE WALORSKI,R,-9.672204210397533,True,-22.54629451724329,-1,12.874090306845757,recent,4.5708898084259335,-1,-8.303200498419823,WALORSKI J,True,-24.318658280922424,8.797976416968005
2018,IN,3,86610,158927,JIM BANKS,R,-29.452587593723145,True,-33.65303731298444,-1,4.200449719261293,recent,4.5708898084259335,-1,0.37044008916464044,BANKS J,True,-36.764705882352935,1.4636406350729043
2018,IN,4,87824,156539,JIM BAIRD,R,-28.120050907870667,True,-33.27750186645892,0,5.157450958588253,recent,4.5708898084259335,-1,-0.5865611501623196,BAIRD J,False,-36.08465608465608,2.1161275232285295
2018,IN,5,137142,180035,SUSAN W BROOKS,R,-13.52336392613588,True,-7.37244897959184,-1,-6.150914946544041,recent,4.5708898084259335,-1,10.721804754969973,BROOKS S,True,-12.500000000000004,-6.871841579692763
2018,IN,6,79430,154260,GREG PENCE,R,-32.02105353245753,True,-41.46401454734493,0,9.442961014887402,recent,4.5708898084259335,-1,-4.872071206461468,PENCE G,False,-42.3764458464774,4.5069146604629875
2018,IN,7,141139,76457,ANDRE D CARSON,D,29.725730252394346,True,26.027743072789196,1,3.6979871796051498,recent,4.5708898084259335,1,-0.8729026288207837,CARSON A,True,23.949579831932766,-0.0723272330953062
2018,IN,8,86895,157396,LARRY D BUCSHON,R,-28.859434035637825,True,-33.937258079994876,-1,5.077824044357051,recent,4.5708898084259335,-1,-0.5069342359311175,BUCSHON L,True,-35.287958115183244,0.5800464259885327
2018,IN,9,118090,153271,TREY HOLLINGSWORTH,R,-12.964648567775031,True,-26.154142664410987,-1,13.189494096635956,recent,4.5708898084259335,-1,-8.618604288210022,HOLLINGSWORTH T,True,-28.226652675760754,9.413526454428837
2018,KS,1,71558,153082,ROGER MARSHALL,R,-36.29095441595442,True,-45.30635519899323,-1,9.015400783038814,recent,4.5708898084259335,-1,-4.44451097461288,MARSHALL R,True,-48.07692307692308,5.9374910074117775
2018,KS,2,123859,126098,STEVE WATKINS,R,-0.8957540696999884,True,-17.55567086470133,0,16.65991679500134,recent,4.5708898084259335,-1,-12.089026986575407,WATKINS S,False,-19.742489270386265,12.99825754712939
2018,KS,3,170518,139762,SHARICE DAVIDS,D,9.912337243779811,True,6.051940089340457,-1,3.8603971544393545,recent,4.5708898084259335,1,-0.710492653986579,DAVIDS S,False,1.2875536480686725,2.776305942154254
2018,KS,4,98445,144248,RON ESTES,R,-18.87281462588538,True,-25.697699447814763,0,6.824884821929384,recent,4.5708898084259335,-1,-2.2539950135034506,ESTES R,False,-29.18454935622318,4.4632570767809145
2018,KY,1,78849,172167,JAMES R COMER,R,-37.176116263505115,True,-49.319654814337376,-1,12.143538550832261,recent,4.5708898084259335,-1,-7.572648742406328,COMER J,True,-50.36344755970924,7.338853642647242
2018,KY,2,79964,171700,S BRETT GUTHRIE,R,-36.45177697247123,True,-39.81702185072632,0,3.3652448782550906,recent,4.5708898084259335,-1,1.205644930170843,GUTHRIE S,False,-41.955835962145116,-0.34441866388299935
2018,KY,3,173002,101930,JOHN A YARMUTH,D,25.850755823258115,True,19.073471915766657,1,6.777283907491459,recent,4.5708898084259335,1,2.206394099065525,YARMUTH J,True,15.822784810126583,4.179493359574646
2018,KY,4,90536,162946,THOMAS MASSIE,R,-28.566130928428844,True,-34.94781806708413,-1,6.381687138655284,recent,4.5708898084259335,-1,-1.8107973302293505,MASSIE T,True,-37.989417989417994,3.574809407432264
2018,KY,5,45890,172093,"HAROLD \""HAL\"" ROGERS",R,-57.89579921370015,True,-63.13235814298548,-1,5.23655892928533,recent,4.5708898084259335,-1,-0.6656691208593966,ROGERS H,True,-63.954685890834185,0.21040902357714764
2018,KY,6,144736,154468,ANDY BARR,R,-3.252630312428978,True,-12.767773672140493,-1,9.515143359711514,recent,4.5708898084259335,-1,-4.9442535512855805,BARR A,True,-16.259298618490973,7.158190652505109
2018,LA,1,71521,192555,STEVE SCALISE,R,-45.833017767612354,True,-41.32960206181602,-1,-4.5034157057963355,recent,4.5708898084259335,-1,9.074305514222269,SCALISE S,True,-44.0251572327044,-7.656338188464838
2018,LA,3,74713,168263,CLAY HIGGINS,R,-38.501745028315554,True,-39.0186539039316,-1,0.5169088756160463,recent,4.5708898084259335,-1,4.053980932809887,HIGGINS C,True,-39.48186528497409,-4.8683573968983485
2018,LA,4,72934,139326,"\""MIKE\"" JOHNSON",R,-31.278620559690946,True,-24.782227235695935,-1,-6.496393323995012,recent,4.5708898084259335,-1,11.067283132420945,JOHNSON M,True,-24.691358024691358,-12.435740188556474
2018,LA,5,67118,149018,RALPH ABRAHAM,R,-37.89280823185402,True,-30.477296910850267,-1,-7.415511321003752,recent,4.5708898084259335,-1,11.986401129429685,ABRAHAM R,True,-30.122950819672134,-13.618335065738771
2018,LA,6,76716,186553,GARRET GRAVES,R,-41.720445627855916,True,-32.61036868220878,-1,-9.110076945647137,recent,4.5708898084259335,-1,13.68096675407307,GRAVES G,True,-35.281837160751564,-12.287086120661238
2018,MA,2,191332,93391,JAMES P MCGOVERN,D,34.398696276732124,True,23.620291575961474,1,10.77840470077065,recent,4.5708898084259335,1,6.207514892344717,MCGOVERN J,True,20.860215053763447,7.690003569411791
2018,MA,3,173175,93445,LORI LOUREIRO TRAHAN,D,29.903983197059485,True,26.87336473050759,0,3.0306184665518963,recent,4.5708898084259335,1,-1.5402713418740372,TRAHAN L,False,24.358974358974365,-0.3034688154717653
2018,MA,5,236243,74856,KATHERINE M CLARK,D,51.87641233176577,True,48.65875053487376,1,3.21766179689201,recent,4.5708898084259335,1,-1.3532280115339237,CLARK K,True,45.89473684210525,0.13319783610363167
2018,MA,6,217703,104798,SETH W MOULTON,D,35.009193769941795,True,23.238440389362715,1,11.77075338057908,recent,4.5708898084259335,1,7.199863572153147,MOULTON S,True,18.981972428419933,10.178743687964976
2018,MA,9,192347,131463,BILL KEATING,D,18.80238411414101,True,14.634686283106525,0,4.167697831034484,recent,4.5708898084259335,1,-0.4031919773914492,KEATING B,False,11.346765641569462,1.6071408190146617
2018,MD,1,116631,183662,ANDY HARRIS,R,-22.32186564455382,True,-25.050804847285658,-1,2.728939202731837,recent,4.5708898084259335,-1,1.8419506056940964,HARRIS A,True,-29.979035639412995,1.8086923413022884
2018,MD,2,167201,77782,CA DUTCH RUPPERSBERGER,D,36.500083679275704,True,29.740974280259707,1,6.759109399015998,recent,4.5708898084259335,1,2.188219590590064,RUPPERSBERGER C,True,25.469728601252605,5.181877424466213
2018,MD,3,202407,82774,JOHN SARBANES,D,41.9498493938937,True,36.0663328799236,1,5.8835165139701004,recent,4.5708898084259335,1,1.312626705544167,SARBANES J,True,32.07150368033649,4.029868060000323
2018,MD,4,209642,53327,ANTHONY G BROWN,D,59.44236773155771,True,60.13771788096295,1,-0.6953501494052432,recent,4.5708898084259335,1,-5.266239957831177,BROWN A,True,59.33952528379773,-5.745635205796903
2018,MD,5,213796,82361,STENY H HOYER,D,44.38017673058547,True,36.41838489244389,1,7.961791838141579,recent,4.5708898084259335,1,3.3909020297156456,HOYER S,True,33.26403326403326,5.2676658129953235
2018,MD,6,163346,105209,DAVID TRONE,D,21.648079536780177,True,19.67945946811406,0,1.968620068666116,recent,4.5708898084259335,1,-2.6022697397598176,TRONE D,False,15.811518324607325,-0.01191644138403447
2018,MD,7,202345,56266,ELIJAH CUMMINGS,D,56.48599634199628,True,58.63313008130081,1,-2.147133739304536,recent,4.5708898084259335,1,-6.7180235477304695,CUMMINGS E,True,57.91666666666666,-7.279147978227266
2018,MD,8,217679,96525,JAMIE RASKIN,D,38.55902534659011,True,38.5618965649473,1,-0.002871218357185512,recent,4.5708898084259335,1,-4.573761026783119,RASKIN J,True,35.98326359832636,-3.2727159052931345
2018,ME,1,201195,111188,CHELLIE PINGREE,D,28.813027597532518,True,19.81786586159217,1,8.995161735940346,recent,4.5708898084259335,1,4.424271927514413,PINGREE C,True,15.845824411134908,7.118725532840724
2018,ME,2,139231,136326,JARED F GOLDEN,D,1.0542283447707734,True,-9.429565507835331,-1,10.483793852606105,recent,4.5708898084259335,1,5.912904044180172,GOLDEN J,False,-11.135135135135133,6.340885826349021
2018,MI,1,145246,187251,JACK BERGMAN,R,-12.633196690496456,True,-20.051567158166137,-1,7.41837046766968,recent,4.5708898084259335,-1,-2.8474806592437467,BERGMAN J,True,-22.539682539682534,4.058008195629192
2018,MI,2,131254,168970,BILL HUIZENGA,R,-12.562619910466852,True,-15.369848767170772,-1,2.8072288567039205,recent,4.5708898084259335,-1,1.763660951722013,HUIZENGA B,True,-18.723404255319146,0.312306691295408
2018,MI,3,134185,169107,JUSTIN AMASH,R,-11.51431623649816,True,-6.643314042034724,-1,-4.871002194463436,recent,4.5708898084259335,-1,9.44189200288937,AMASH J,True,-10.021321961620467,-7.341471928434579
2018,MI,4,106540,178510,JOHN MOOLENAAR,R,-25.248202069812315,True,-25.42187462877408,-1,0.1736725589617656,recent,4.5708898084259335,-1,4.397217249464168,MOOLENAAR J,True,-26.326963906581735,-4.769715816787466
2018,MI,5,164502,99265,DANIEL T KILDEE,D,24.73281343003484,True,4.388623469692446,1,20.344189960342398,recent,4.5708898084259335,1,15.773300151916464,KILDEE D,True,4.411764705882356,14.4725710705956
2018,MI,6,134082,147436,FRED UPTON,R,-4.743568794890558,True,-6.752176707766026,-1,2.008607912875468,recent,4.5708898084259335,-1,2.5622818955504654,UPTON F,True,-8.9171974522293,-1.6748489962181443
2018,MI,7,136330,158730,TIM WALBERG,R,-7.591676269233377,True,-16.888265772367536,-1,9.29658950313416,recent,4.5708898084259335,-1,-4.725699694708226,WALBERG T,True,-18.008474576271187,4.568320653480924
2018,MI,8,172880,159782,ELISSA SLOTKIN,D,3.937329782181313,True,-3.9514776100141984,-1,7.8888073921955115,recent,4.5708898084259335,1,3.317917583769578,SLOTKIN E,False,-7.089947089947092,5.17879921857152
2018,MI,9,181734,112123,ANDY LEVIN,D,23.68873295514485,True,10.790350623007821,0,12.898382332137029,recent,4.5708898084259335,1,8.327492523711095,LEVIN A,False,8.193277310924367,9.646977990663597
2018,MI,10,106061,182808,PAUL MITCHELL,R,-26.568098342155096,True,-31.987872138662446,-1,5.41977379650735,recent,4.5708898084259335,-1,-0.8488839880814165,MITCHELL P,True,-33.75262054507337,1.3360445493613877
2018,MI,11,181912,158463,HALEY STEVENS,D,6.889166360631656,True,-0.036154215325550965,0,6.925320575957207,recent,4.5708898084259335,1,2.354430767531274,STEVENS H,False,-4.6315789473684275,5.672267654443198
2018,MI,12,200588,85115,DEBBIE DINGELL,D,40.417146477285854,True,28.91009282100509,1,11.507053656280764,recent,4.5708898084259335,1,6.93616384785483,DINGELL D,True,27.597061909758654,6.971606913970314
2018,MI,14,214334,45899,BRENDA LAWRENCE,D,64.72468902867814,True,61.53379953379954,1,3.190889494878604,recent,4.5708898084259335,1,-1.3800003135473293,LAWRENCE B,True,62.461538461538474,-3.5853270864172178
2018,MN,1,144885,146200,JIM HAGEDORN,R,-0.45175807753748903,True,-13.28264325090811,0,12.830885173370621,recent,4.5708898084259335,-1,-8.259995364944688,HAGEDORN J,False,-16.24863685932388,9.948401128229506
2018,MN,2,177958,159344,ANGIE CRAIG,D,5.518496777368649,True,2.870409314560006,-1,2.6480874628086433,recent,4.5708898084259335,1,-1.9228023456172902,CRAIG A,False,-1.3071895424836633,0.9772086662954269
2018,MN,3,202404,160839,DEAN PHILLIPS,D,11.44275319827223,True,14.934515004168135,-1,-3.491761805895905,recent,4.5708898084259335,1,-8.062651614321839,PHILLIPS D,False,10.195227765726681,-4.600952221011337
2018,MN,4,216865,97747,BETTY MCCOLLUM,D,37.86187430867227,True,35.65279532008243,1,2.2090789885898374,recent,4.5708898084259335,1,-2.361810819836096,MCCOLLUM B,True,33.55048859934853,-1.5370919442331488
2018,MN,5,267703,74440,ILHAN OMAR,D,56.486030694767976,True,61.87369958829518,0,-5.387668893527206,recent,4.5708898084259335,1,-9.95855870195314,OMAR I,False,59.86984815618221,-9.232295114971118
2018,MN,6,122332,192931,TOM EMMER,R,-22.393684003514526,True,-24.279424205484837,-1,1.885740201970311,recent,4.5708898084259335,-1,2.6851496064556226,EMMER T,True,-27.904451682953308,-0.3377099741181038
2018,MN,7,146672,134668,COLLIN C PETERSON,D,4.266723537356935,True,-31.564277688039887,1,35.83100122539682,recent,4.5708898084259335,1,31.260111416970886,PETERSON C,True,-33.18965517241379,31.607901056213834
2018,MN,8,141950,159364,PETE STAUBER,R,-5.77935310008828,True,-15.854152005629835,0,10.074798905541556,recent,4.5708898084259335,-1,-5.503909097115622,STAUBER P,False,-16.810344827586206,5.182514073941041
2018,MO,1,219781,45867,LACY CLAY,D,65.46783713786665,True,61.981473937912654,0,3.486363199953999,recent,4.5708898084259335,1,-1.0845266084719345,CLAY L,False,60.75156576200418,-1.1322062776944097
2018,MO,2,177611,192477,ANN WAGNER,R,-4.01688247119604,True,-5.426765015806113,-1,1.4098825446100731,recent,4.5708898084259335,-1,3.1610072638158604,WAGNER A,True,-10.853530031612227,0.9881699068593006
2018,MO,3,106589,211243,BLAINE LUETKEMEYER,R,-32.92745853155126,True,-38.57697513256066,-1,5.6495166010094025,recent,4.5708898084259335,-1,-1.078626792583469,LUETKEMEYER B,True,-40.96638655462184,2.1904503695136963
2018,MO,4,95968,190138,VICKY HARTZLER,R,-32.9143743927076,True,-36.44321448084186,-1,3.5288400881342596,recent,4.5708898084259335,-1,1.0420497202916739,HARTZLER V,True,-38.05496828752643,-0.707883758738058
2018,MO,5,175019,101069,EMANUEL CLEAVER II,D,26.784938135666888,True,16.719608645992714,1,10.065329489674173,recent,4.5708898084259335,1,5.49443968124824,CLEAVER E,True,14.255543822597676,6.6809166595123255
2018,MO,6,97660,199796,SAM GRAVES,R,-34.33650691194664,True,-30.955891505809735,-1,-3.380615406136908,recent,4.5708898084259335,-1,7.951505214562841,GRAVES S,True,-33.12236286919831,-7.062621696305216
2018,MO,7,89190,196343,BILLY LONG,R,-37.52736111062469,True,-45.38309907163553,-1,7.855737961010838,recent,4.5708898084259335,-1,-3.284848152584905,LONG B,True,-48.05467928496319,4.678840520781618
2018,MO,8,66151,194042,JASON SMITH,R,-49.15235997893871,True,-56.61333355777567,-1,7.460973578836956,recent,4.5708898084259335,-1,-2.8900837704110227,SMITH J,True,-56.43153526970955,1.4306976372139513
2018,MS,1,76601,158245,TRENT KELLY,R,-34.76490977065822,True,-32.59124678007442,-1,-2.1736629905838,recent,4.5708898084259335,-1,6.744552799009734,KELLY T,True,-33.742331288343564,-6.871056135871543
2018,MS,3,94461,160284,MICHAEL GUEST,R,-25.838779956427015,True,-23.378848578926657,0,-2.4599313775003573,recent,4.5708898084259335,-1,7.030821185926291,GUEST M,False,-24.974515800203875,-6.7127418097800255
2018,MS,4,68787,152633,STEVEN PALAZZO,R,-37.86740131876073,True,-40.37633425331693,-1,2.5089329345561993,recent,4.5708898084259335,-1,2.0619568738697343,PALAZZO S,True,-42.213114754098356,-1.5027642182192569
2018,MT,0,233284,256661,GREG GIANFORTE,R,-4.771351886436233,True,-19.506160506160505,0,14.734808619724273,recent,4.5708898084259335,-1,-10.16391881129834,GIANFORTE G,False,-22.294372294372295,11.674542754379177
2018,ND,0,114377,193568,KELLY ARMSTRONG,R,-25.7159557713228,True,-37.07416801993441,0,11.358212248611611,recent,4.5708898084259335,-1,-6.787322440185678,ARMSTRONG K,False,-39.65141612200435,8.086982697124663
2018,NE,1,93069,141712,JEFF FORTENBERRY,R,-20.718456774611234,True,-19.050488129188025,-1,-1.6679686454232083,recent,4.5708898084259335,-1,6.238858453849142,FORTENBERRY J,True,-22.732123799359652,-3.8348106288084676
2018,NE,2,121770,126715,DON BACON,R,-1.9900597621586815,True,2.1519857560793634,-1,-4.142045518238045,recent,4.5708898084259335,-1,8.712935326663978,BACON D,True,-2.335456475583867,-5.5030809401317
2018,NE,3,49654,163650,ADRIAN SMITH,R,-53.44297340884371,True,-56.06804154749361,-1,2.625068138649894,recent,4.5708898084259335,-1,1.9458216697760395,SMITH A,True,-57.85036880927292,-1.4410822531276768
2018,NH,1,155884,130996,CHRIS PAPPAS,D,8.675404350250975,True,2.204898631264793,0,6.470505718986182,recent,4.5708898084259335,1,1.8996159105602484,PAPPAS C,False,-1.6877637130801701,4.514690409774259
2018,NH,2,155358,117990,ANNE MCLANE KUSTER,D,13.67048597392335,True,5.6910516759596685,1,7.979434297963682,recent,4.5708898084259335,1,3.408544489537748,KUSTER A,True,2.5316455696202516,5.290362750746214
2018,NJ,1,169628,87617,DONALD W NORCROSS,D,31.880503022410544,True,25.585978632250278,1,6.294524390160266,recent,4.5708898084259335,1,1.7236345817343324,NORCROSS D,True,25.33609100310238,0.6959343657512793
2018,NJ,2,136685,116866,JEFF VAN DREW,D,7.8165733915464735,True,-3.8500506585612975,0,11.666624050107771,recent,4.5708898084259335,1,7.095734241681837,DREW J,False,-4.761904761904764,6.73000049989435
2018,NJ,3,153473,149500,ANDY KIM,D,1.3113379740108855,True,-3.3105296091450027,-1,4.621867583155888,recent,4.5708898084259335,1,0.05097777472995446,KIM A,False,-6.418219461697718,1.8810797821517173
2018,NJ,4,126766,163065,CHRISTOPHER H SMITH,R,-12.524195134405913,True,-12.963777035343766,-1,0.43958190093785277,recent,4.5708898084259335,-1,4.131307907488081,SMITH C,True,-15.289256198347106,-3.083416589615693
2018,NJ,5,169546,128255,JOSH GOTTHEIMER,D,13.865299310613464,True,2.0669686491713004,1,11.798330661442163,recent,4.5708898084259335,1,7.22744085301623,GOTTHEIMER J,True,-1.1398963730569889,9.156718030113566
2018,NJ,6,140752,80443,FRANK PALLONE JR,D,27.265082845453108,True,16.011245363276313,1,11.253837482176795,recent,4.5708898084259335,1,6.682947673750862,PALLONE F,True,16.115702479338843,5.300902712557379
2018,NJ,7,166985,150785,TOM MALINOWSKI,D,5.098026874783648,True,5.597701210139611,-1,-0.4996743353559632,recent,4.5708898084259335,1,-5.070564143781897,MALINOWSKI T,False,1.1446409989594188,-1.8950917777326568
2018,NJ,8,119881,28725,ALBIO SIRES,D,61.34072648479873,True,50.40591096146652,1,10.934815523332212,recent,4.5708898084259335,1,6.363925714906278,SIRES A,True,55.76131687242798,-0.2690680411861397
2018,NJ,9,140832,57854,BILL PASCRELL JR,D,41.76338544235628,True,28.84470993300562,1,12.91867550935066,recent,4.5708898084259335,1,8.347785700924726,PASCRELL B,True,32.03285420944558,3.882053579353814
2018,NJ,11,183684,136322,MIKIE SHERRILL,D,14.800347493484496,True,2.9287668333631958,0,11.8715806601213,recent,4.5708898084259335,1,7.300690851695366,SHERRILL M,False,-0.9307135470527391,9.88258338698035
2018,NJ,12,173334,79041,BONNIE WATSON COLEMAN,D,37.36225854383358,True,35.33518383615096,1,2.0270747076826225,recent,4.5708898084259335,1,-2.543815100743311,COLEMAN B,True,34.29752066115703,-2.7837397708803326
2018,NM,1,147336,90507,DEBRA A HAALAND,D,23.89349276623655,True,21.19589880310852,0,2.697593963128032,recent,4.5708898084259335,1,-1.8732958452979016,HAALAND D,False,19.031141868512112,-0.986126755832446
2018,NM,2,101489,97767,XOCHITL TORRES SMALL,D,1.8679487694222507,True,-11.687074829931973,0,13.555023599354223,recent,4.5708898084259335,1,8.98413379092829,SMALL X,False,-11.333333333333336,7.3528044491987
2018,NM,3,155201,76427,BEN R LUJAN,D,34.00884176351737,True,17.52902845655263,1,16.479813306964736,recent,4.5708898084259335,1,11.908923498538803,LUJAN B,True,17.062146892655363,11.098217217305118
2018,NV,1,100707,46978,DINA TITUS,D,36.3808105088533,True,28.211984584989665,1,8.168825923863636,recent,4.5708898084259335,1,3.5979361154377028,TITUS D,True,30.78556263269639,-0.25322977739997476
2018,NV,2,120102,167435,MARK E AMODEI,R,-16.461533646104677,True,-11.850685048310153,-1,-4.610848597794524,recent,4.5708898084259335,-1,9.181738406220457,AMODEI M,True,-13.413304252998907,-8.896707046662655
2018,NV,3,148501,122566,SUSIE LEE,D,9.567745243795814,True,-0.4298740772904892,0,9.997619321086303,recent,4.5708898084259335,1,5.426729512660369,LEE S,False,-1.0638297872340425,4.783097377472972
2018,NV,4,121962,102748,STEVEN A HORSFORD,D,8.550576298340083,True,4.595441573793552,0,3.9551347245465305,recent,4.5708898084259335,1,-0.615755083879403,HORSFORD S,False,5.20722635494155,-2.5051277101583533
2018,NY,1,127991,139027,LEE M ZELDIN,R,-4.13305470043218,True,-8.485381977734887,-1,4.352327277302707,recent,4.5708898084259335,-1,0.21856253112322666,ZELDIN L,True,-12.719751809720783,2.738219455731718
2018,NY,2,113074,128078,PETER T KING,R,-6.221802016985138,True,-6.719853933476225,-1,0.4980519164910868,recent,4.5708898084259335,-1,4.072837891934847,KING P,True,-9.391124871001033,-2.6791547995409912
2018,NY,3,157456,109514,THOMAS R SUOZZI,D,17.957822976364387,True,8.393616910609705,1,9.564206065754682,recent,4.5708898084259335,1,4.993316257328749,SUOZZI T,True,6.2821833161689,5.8271620066386
2018,NY,4,159535,100571,KATHLEEN M RICE,D,22.66921947206139,True,11.099887766554435,1,11.569331705506954,recent,4.5708898084259335,1,6.998441897081021,RICE K,True,9.876543209876546,6.944198608627957
2018,NY,10,173095,37619,JERROLD L NADLER,D,64.29378209326386,True,57.507203861477805,1,6.786578231786052,recent,4.5708898084259335,1,2.2156884233601186,NADLER J,True,61.27703398558188,-2.831729545874909
2018,NY,11,101823,89441,MAX N ROSE,D,6.473774468797055,True,-10.328479933363312,-1,16.802254402160365,recent,4.5708898084259335,1,12.231364593734432,ROSE M,False,-10.061601642710476,10.686898457950646
2018,NY,18,139564,112035,SEAN PATRICK MALONEY,D,10.941617415013573,True,1.5469433673932462,1,9.394674047620327,recent,4.5708898084259335,1,4.823784239194394,MALONEY S,True,-1.9771071800208102,7.070246941477498
2018,NY,19,147873,132873,ANTONIO DELGADO,D,5.342907824154218,True,-2.8219718964115654,-1,8.164879720565784,recent,4.5708898084259335,1,3.5939899121398504,DELGADO A,False,-7.172995780590715,6.667425951188047
2018,NY,20,176811,89058,PAUL D TONKO,D,33.00610451011588,True,17.653061224489793,1,15.35304328562609,recent,4.5708898084259335,1,10.782153477200156,TONKO P,True,14.285714285714286,12.871912570844712
2018,NY,21,99791,131981,ELISE M STEFANIK,R,-13.888649189720933,True,-12.707613396796418,-1,-1.181035792924515,recent,4.5708898084259335,-1,5.7519256013504485,STEFANIK E,True,-14.80298189563365,-4.934144947644169
2018,NY,22,127715,123242,ANTHONY J BRINDISI,D,1.7823770606119773,True,-14.109259377859601,-1,15.89163643847158,recent,4.5708898084259335,1,11.320746630045646,BRINDISI A,False,-16.471838469713074,12.405737876768166
2018,NY,23,109932,130323,THOMAS W REED II,R,-8.487232315664606,True,-13.581597697107055,-1,5.094365381442449,recent,4.5708898084259335,-1,-0.5234755730165155,REED T,True,-15.71125265392781,1.3755426847063177
2018,NY,24,123226,136920,JOHN M KATKO,R,-5.2639671569042,True,6.512055019342739,-1,-11.77602217624694,recent,4.5708898084259335,-1,16.34691198467287,KATKO J,True,3.821656050955416,-14.934100861416502
2018,NY,25,159244,110736,JOSEPH D MORELLE,D,17.967256833839542,True,20.057248735064256,0,-2.089991901224714,recent,4.5708898084259335,1,-6.660881709650647,MORELLE J,False,17.33615221987315,-5.217373039590493
2018,NY,26,169166,61488,BRIAN HIGGINS,D,46.68377743286481,True,23.998500200257354,1,22.685277232607454,recent,4.5708898084259335,1,18.114387424181523,HIGGINS B,True,20.50209205020921,20.33320772909871
2018,NY,27,139059,140146,CHRIS COLLINS,R,-0.3893196755072438,True,-20.926710660433912,-1,20.537390984926667,recent,4.5708898084259335,-1,-15.966501176500733,COLLINS C,True,-25.816649104320337,19.578851775256204
2018,OH,1,141118,154409,STEVE CHABOT,R,-4.497389409427903,True,-5.067394461924138,-1,0.570005052496235,recent,4.5708898084259335,-1,4.0008847559296985,CHABOT S,True,-6.8893528183716075,-3.4565142446131816
2018,OH,2,119333,166714,BRAD WENSTRUP,R,-16.564061150789904,True,-14.87601987934196,-1,-1.6880412714479434,recent,4.5708898084259335,-1,6.258931079873877,WENSTRUP B,True,-16.858638743455494,-5.553900060891296
2018,OH,3,181575,65040,JOYCE BEATTY,D,47.25381667781765,True,41.22189339048202,1,6.03192328733563,recent,4.5708898084259335,1,1.4610334789096964,BEATTY J,True,40.16736401673641,1.2379750075243603
2018,OH,4,89412,167993,JIM JORDAN,R,-30.528156018725355,True,-35.944637789794925,-1,5.41648177106957,recent,4.5708898084259335,-1,-0.8455919626436366,JORDAN J,True,-35.368421052631575,-1.0082126196506653
2018,OH,5,99655,176569,BOB LATTA,R,-27.844792632066728,True,-25.973899882304586,0,-1.8708927497621417,recent,4.5708898084259335,-1,6.441782558188075,LATTA B,False,-26.61717921527041,-7.076091070353202
2018,OH,6,76716,172774,BILL JOHNSON,R,-38.501743556855985,True,-45.338462512664634,-1,6.836718955808649,recent,4.5708898084259335,-1,-2.265829147382716,JOHNSON B,True,-44.37499999999999,0.02477878958712232
2018,OH,7,107536,153117,BOB GIBBS,R,-17.487233985413557,True,-31.876787702206762,-1,14.389553716793205,recent,4.5708898084259335,-1,-9.818663908367272,GIBBS B,True,-31.164742917103887,7.829031278133444
2018,OH,8,87281,173852,WARREN DAVIDSON,R,-33.1520719326933,True,-35.03015451203793,-1,1.8780825793446283,recent,4.5708898084259335,-1,2.692807229081305,DAVIDSON W,True,-36.050156739811904,-2.9503928464382856
2018,OH,9,157219,74670,MARCY KAPTUR,D,35.59849755702081,True,21.355095337627436,1,14.243402219393378,recent,4.5708898084259335,1,9.672512410967444,KAPTUR M,True,23.31932773109244,6.430692172371488
2018,OH,10,118785,157554,MIKE TURNER,R,-14.029507235677917,True,-6.065782850903009,-1,-7.963724384774908,recent,4.5708898084259335,-1,12.534614193200841,TURNER M,True,-7.660020986358864,-12.217963902875939
2018,OH,11,206138,44486,MARCIA L FUDGE,D,64.49980847803882,True,63.170163170163164,1,1.3296453078756514,recent,4.5708898084259335,1,-3.241244500550282,FUDGE M,True,65.12820512820512,-6.476874303723195
2018,OH,12,161251,175677,TROY BALDERSON,R,-4.281626935131541,True,-8.936038474061506,0,4.654411538929965,recent,4.5708898084259335,-1,-0.08352173050403167,BALDERSON T,False,-11.882229232386967,1.75212464369854
2018,OH,13,153323,98047,TIM RYAN,D,21.98989537335402,True,5.120167189132706,1,16.869728184221316,recent,4.5708898084259335,1,12.298838375795382,RYAN T,True,6.792058516196447,9.349359203600686
2018,OH,14,137549,169809,DAVID P JOYCE,R,-10.495903799478134,True,-10.563015327080663,-1,0.06711152760252936,recent,4.5708898084259335,-1,4.503778280823404,JOYCE D,True,-12.016718913270637,-4.327662539764383
2018,OH,15,116112,170593,STEVE STIVERS,R,-19.002458973509356,True,-15.245595700209016,-1,-3.7568632733003398,recent,4.5708898084259335,-1,8.327753081726273,STIVERS S,True,-16.176470588235293,-8.674466038830948
2018,OH,16,129681,170029,ANTHONY GONZALEZ,R,-13.462346935370858,True,-15.926182633651699,0,2.4638356982808407,recent,4.5708898084259335,-1,2.107054110145093,GONZALEZ A,False,-17.364016736401677,-1.9468078525260673
2018,OK,1,103042,150129,KEVIN HERN,R,-18.5988916582073,True,-26.954046440175706,0,8.355154781968405,recent,4.5708898084259335,-1,-3.784264973542472,HERN K,False,-30.49946865037194,6.052099338607755
2018,OK,2,65021,140451,MARKWAYNE MULLIN,R,-36.71059803768883,True,-53.670456939647195,-1,16.959858901958363,recent,4.5708898084259335,-1,-12.38896909353243,MULLIN M,True,-52.351097178683396,9.792021487437678
2018,OK,3,61152,172913,FRANK D LUCAS,R,-47.747847820049984,True,-54.239790309391125,-1,6.491942489341142,recent,4.5708898084259335,-1,-1.9210526809152082,LUCAS F,True,-55.767195767195766,2.170870293588896
2018,OK,4,78088,149227,TOM COLE,R,-31.29533906693355,True,-37.10673177537495,-1,5.811392708441403,recent,4.5708898084259335,-1,-1.2405029000154695,COLE T,True,-39.787234042553195,2.643417322062758
2018,OK,5,121149,117811,KENDRA HORN,D,1.3968865082022095,True,-9.927836532617226,-1,11.324723040819435,recent,4.5708898084259335,1,6.753833232393502,HORN K,False,-14.40860215053764,9.957011005182963
2018,OR,1,231198,116446,SUZANNE BONAMICI,D,33.0084799392482,True,27.474826861200114,1,5.533653078048083,recent,4.5708898084259335,1,0.9627632696221493,BONAMICI S,True,24.83660130718954,2.3234009785017715
2018,OR,2,145298,207597,GREG WALDEN,R,-17.653693024837416,True,-17.726988771893488,-1,0.073295747056072,recent,4.5708898084259335,-1,4.4975940613698615,WALDEN G,True,-21.63616792249731,-1.8660027558969912
2018,OR,3,279019,76187,EARL BLUMENAUER,D,57.102639031998336,True,51.82973924186173,1,5.272899790136606,recent,4.5708898084259335,1,0.7020099817106722,BLUMENAUER E,True,51.71673819742489,-0.46257681898343783
2018,OR,4,208710,152414,PETER DEFAZIO,D,15.589105127324686,True,2.107676906852877,1,13.481428220471809,recent,4.5708898084259335,1,8.910538412045875,DEFAZIO P,True,0.10857763300760198,9.632049840760198
2018,OR,5,197187,149887,KURT SCHRADER,D,13.628217613534865,True,7.247086247086246,1,6.381131366448619,recent,4.5708898084259335,1,1.8102415580226854,SCHRADER K,True,4.5454545454545405,3.2342854145234394
2018,PA,1,160745,169053,BRIAN K FITZPATRICK,R,-2.5191177629943176,True,3.9687939687939675,-1,-6.4879117317882855,recent,4.5708898084259335,-1,11.058801540214219,FITZPATRICK B,True,2.079002079002079,-10.446597495553283
2018,PA,2,159600,42382,BRENDAN F BOYLE,D,58.03388420750364,True,45.20519988125866,1,12.828684326244982,recent,4.5708898084259335,1,8.257794517819049,BOYLE B,True,49.079754601226995,3.105651952719759
2018,PA,4,211524,121467,MADELEINE DEAN CUNNANE,D,27.044875086714054,True,22.204792698919682,0,4.8400823877943715,recent,4.5708898084259335,1,0.269192579368438,CUNNANE M,False,20.04153686396677,1.154860569190399
2018,PA,5,198639,106075,MARY GAY SCANLON,D,30.377337437728492,True,30.227303463126905,0,0.15003397460158752,recent,4.5708898084259335,1,-4.420855833824346,SCANLON M,False,29.07216494845361,-4.543305164282005
2018,PA,6,177704,124124,CHRISTINA JAMPOLER HOULAHAN,D,17.751832169314973,True,12.439893951611204,0,5.311938217703769,recent,4.5708898084259335,1,0.7410484092778358,HOULAHAN C,False,9.697601668404593,2.2057528473534944
2018,PA,7,140813,114437,SUSAN ELLIS WILD,D,10.3333986287953,True,3.000281677113944,0,7.3331169516813555,recent,4.5708898084259335,1,2.762227143255422,WILD S,False,1.1422637590861904,3.3426572161522223
2018,PA,8,135603,112563,MATTHEW ALTON CARTWRIGHT,D,9.284108217886414,True,-7.170675830469644,1,16.45478404835606,recent,4.5708898084259335,1,11.883894239930127,CARTWRIGHT M,True,-9.896907216494839,13.332537780824365
2018,PA,9,100204,148723,DANIEL MEUSER,R,-19.491256472781178,True,-33.124154834347536,0,13.632898361566358,recent,4.5708898084259335,-1,-9.062008553140425,MEUSER D,False,-35.416666666666664,10.0769325403286
2018,PA,10,141668,149365,SCOTT G PERRY,R,-2.644717265739624,True,-6.122028971670144,-1,3.4773117059305196,recent,4.5708898084259335,-1,1.0935781024954139,PERRY S,True,-9.299895506792058,0.8067005874955484
2018,PA,11,113876,163708,LLOYD K SMUCKER,R,-17.952043345437776,True,-24.66717143710276,-1,6.715128091664983,recent,4.5708898084259335,-1,-2.1442382832390496,SMUCKER L,True,-27.10084033613445,3.300319337139788
2018,PA,12,82825,161047,THOMAS A MARINO,R,-32.075022962865766,True,-37.32278541377446,-1,5.247762450908695,recent,4.5708898084259335,-1,-0.6768726424827616,MARINO T,True,-37.99582463465553,0.07232401823287482
2018,PA,13,74733,178533,JOHN JOYCE,R,-40.98457747980384,True,-46.09941846103605,0,5.114840981232213,recent,4.5708898084259335,-1,-0.5439511728062794,JOYCE J,False,-47.25956566701137,0.4265105336506476
2018,PA,14,110051,151386,GUY L RESCHENTHALER,R,-15.810692442156236,True,-28.882271097778037,0,13.071578655621801,recent,4.5708898084259335,-1,-8.500688847195867,RESCHENTHALER G,False,-29.958677685950413,8.29950759023729
2018,PA,15,78327,165245,GLENN WILLIAM THOMPSON JR,R,-35.684725666332746,True,-44.619618908742,-1,8.934893242409252,recent,4.5708898084259335,-1,-4.364003433983319,THOMPSON G,True,-44.96365524402908,3.4304519241394456
2018,PA,16,124109,135348,GEORGE J KELLY JR,R,-4.331738977942395,True,-19.911564323681766,0,15.579825345739371,recent,4.5708898084259335,-1,-11.008935537313437,KELLY G,False,-20.876826722338205,10.696610090838922
2018,PA,17,183162,142417,CONOR JAMES LAMB,D,12.514627786190141,True,0.01642980366384683,-1,12.498197982526294,recent,4.5708898084259335,1,7.927308174100361,LAMB C,False,-2.7027027027027044,9.368852835335959
2018,RI,1,116099,57567,DAVID N CICILLINE,D,33.703776214112146,True,28.290287222381846,1,5.413488991730301,recent,4.5708898084259335,1,0.8425991833043671,CICILLINE D,True,26.834381551362682,1.020917009192578
2018,RI,2,126476,72271,JAMES R LANGEVIN,D,27.273367648316704,True,10.58570460162159,1,16.687663046695114,recent,4.5708898084259335,1,12.11677323826918,LANGEVIN J,True,7.465825446898004,13.959064547861812
2018,SC,1,145455,141473,JOE CUNNINGHAM,D,1.3878046060335694,True,-10.030495673995606,0,11.418300280029175,recent,4.5708898084259335,1,6.847410471603242,CUNNINGHAM J,False,-13.95101171458999,9.490338667066673
2018,SC,2,109199,144642,JOE WILSON,R,-13.96267742405679,True,-15.061646510085419,-1,1.098969086028628,recent,4.5708898084259335,-1,3.4719207223973054,WILSON J,True,-18.65121180189673,-1.159943275716948
2018,SC,3,70046,153338,JEFF DUNCAN,R,-37.2864663539018,True,-38.85860378634212,-1,1.5721374324403214,recent,4.5708898084259335,-1,2.998752375985612,DUNCAN J,True,-39.583333333333336,-3.5516106741253513
2018,SC,4,89182,145321,WILLIAM TIMMONS,R,-23.939565805128293,True,-23.956131163476904,0,0.01656535834861117,recent,4.5708898084259335,-1,4.554324450077322,TIMMONS W,False,-27.138331573389657,-2.649711885295522
2018,SC,5,103129,141757,RALPH W NORMAN,R,-15.773870290665862,True,-18.043240117102496,0,2.269369826436634,recent,4.5708898084259335,-1,2.3015199819892995,NORMAN R,False,-19.250780437044746,-2.3715675071780016
2018,SC,6,144765,58282,JAMES E JIM CLYBURN,D,42.59260171290391,True,36.6088218248227,1,5.983779888081209,recent,4.5708898084259335,1,1.4128900796552752,CLYBURN J,True,37.59011328527291,-0.8459892259258925
2018,SC,7,96564,142681,TOM RICE,R,-19.276055925933665,True,-19.12617420341416,-1,-0.14988172251950616,recent,4.5708898084259335,-1,4.72077153094544,RICE T,True,-19.464469618949536,-5.660063960541015
2018,SD,0,120816,202446,"DUSTIN \""DUSTY\"" JOHNSON",R,-25.251962804165043,True,-29.43681645530576,0,4.184853651140717,recent,4.5708898084259335,-1,0.3860361572852167,JOHNSON D,False,-31.974248927038627,0.8738084693166979
2018,TN,1,47138,172835,PHIL ROE,R,-57.142012883399325,True,-57.082117997661484,0,-0.0598948857378403,recent,4.5708898084259335,-1,4.630784694163774,ROE P,False,-59.12863070539419,-3.8618598315620236
2018,TN,2,86668,172856,TIM BURCHETT,R,-33.21003067153712,True,-33.50269035729493,0,0.29265968575781187,recent,4.5708898084259335,-1,4.278230122668122,BURCHETT T,False,-37.341772151898724,-1.7167361731952813
2018,TN,3,84731,156512,CHUCK FLEISCHMANN,R,-29.754645730653326,True,-34.90698685118748,-1,5.152341120534157,recent,4.5708898084259335,-1,-0.5814513121082232,FLEISCHMANN C,True,-36.82008368200837,1.2169602977981544
2018,TN,4,78065,147323,SCOTT DESJARLAIS,R,-30.728344011216215,True,-40.19560420909708,-1,9.467260197880861,recent,4.5708898084259335,-1,-4.896370389454928,DESJARLAIS S,True,-42.916666666666664,6.339845001893563
2018,TN,5,177923,84317,JIM COOPER,D,35.69478340451495,True,21.827039266702222,1,13.867744137812728,recent,4.5708898084259335,1,9.296854329386795,COOPER J,True,19.324181626187958,10.522124124770107
2018,TN,6,70370,172810,JOHN ROSE,R,-42.12517476766181,True,-49.34668175177392,0,7.221506984112111,recent,4.5708898084259335,-1,-2.650617175686177,ROSE J,False,-50.77881619937694,2.805163778158244
2018,TN,7,81661,170071,MARK E GREEN,R,-35.12068390192745,True,-38.65918827292519,0,3.5385043709977424,recent,4.5708898084259335,-1,1.032385437428191,GREEN M,False,-41.06583072100313,0.09666916551879545
2018,TN,8,74755,168030,DAVID KUSTOFF,R,-38.41876557447948,True,-34.67911586959704,-1,-3.7396497048824386,recent,4.5708898084259335,-1,8.310539513308372,KUSTOFF D,True,-36.70103092783505,-7.566212300201316
2018,TN,9,145139,34901,STEVE COHEN,D,61.22972672739391,True,59.5081441023609,1,1.7215826250330082,recent,4.5708898084259335,1,-2.8493071833929253,COHEN S,True,59.30113052415211,-3.919881450315083
2018,TX,1,61263,168165,LOUIE GOHMERT,R,-46.59501019927821,True,-46.52091767881242,-1,-0.07409252046578985,recent,4.5708898084259335,-1,4.644982328891723,GOHMERT L,True,-48.10256410256411,-4.340923750270983
2018,TX,2,119992,139188,DAN CRENSHAW,R,-7.4064356817655685,True,-5.529008424801337,0,-1.8774272569642312,recent,4.5708898084259335,-1,6.448317065390165,CRENSHAW D,False,-9.738219895287957,-3.516693440034498
2018,TX,3,138234,169520,VAN TAYLOR,R,-10.165911734697193,True,-8.000723642903505,0,-2.165188091793688,recent,4.5708898084259335,-1,6.736077900219621,TAYLOR V,False,-14.884696016771484,-1.1296933714825954
2018,TX,4,57400,188667,JOHN RATCLIFFE,R,-53.34603989970211,True,-52.87566018560171,-1,-0.47037971410040313,recent,4.5708898084259335,-1,5.041269522526337,RATCLIFFE J,True,-55.144032921810705,-4.050484631448294
2018,TX,5,78666,130617,LANCE GOODEN,R,-24.82332535370766,True,-26.278851371092287,0,1.4555260173846278,recent,4.5708898084259335,-1,3.1153637910413057,GOODEN L,False,-29.278350515463924,-1.3934524918006215
2018,TX,6,116350,135961,RON WRIGHT,R,-7.772550542782518,True,-7.920881941351663,0,0.14833139856914457,recent,4.5708898084259335,-1,4.422558409856789,WRIGHT R,False,-12.799167533818943,-0.8218606625204607
2018,TX,7,127959,115642,LIZZIE PANNILL FLETCHER,D,5.056218981038666,True,5.038195283454786,-1,0.018023697583879894,recent,4.5708898084259335,1,-4.552866110842054,FLETCHER L,False,1.4644351464435132,-2.2566938189617334
2018,TX,8,67930,200619,KEVIN BRADY,R,-49.40960495105176,True,-46.7886877230078,-1,-2.6209172280439645,recent,4.5708898084259335,-1,7.191807036469898,BRADY K,True,-50.5175983436853,-4.740484260923347
2018,TX,10,144034,157166,MICHAEL T MCCAUL,R,-4.3598937583001325,True,-5.57740603584046,-1,1.2175122775403278,recent,4.5708898084259335,-1,3.3533775308856058,MCCAUL M,True,-9.528795811518318,-0.6795756003387003
2018,TX,11,40631,176603,MIKE CONAWAY,R,-62.59241186922857,True,-60.34968643327776,0,-2.2427254359508098,recent,4.5708898084259335,-1,6.813615244376743,CONAWAY M,False,-60.577915376676984,-7.862974146108472
2018,TX,12,90994,172557,KAY GRANGER,R,-30.947710310338415,True,-27.27871891689628,-1,-3.668991393442134,recent,4.5708898084259335,-1,8.239881201868068,GRANGER K,True,-31.589958158995813,-5.206229804899488
2018,TX,13,35083,169027,MAC THORNBERRY,R,-65.62343834207046,True,-62.86586592459726,-1,-2.757572417473199,recent,4.5708898084259335,-1,7.328462225899132,THORNBERRY M,True,-65.08264462809917,-6.389271367528169
2018,TX,14,92212,138942,RANDY WEBER,R,-20.215959922822016,True,-20.086175399695115,-1,-0.1297845231269008,recent,4.5708898084259335,-1,4.700674331552834,WEBER R,True,-20.496894409937894,-5.567543166441007
2018,TX,15,98333,63862,VICENTE GONZALEZ,D,21.252812972039827,True,9.595519692836298,1,11.657293279203529,recent,4.5708898084259335,1,7.086403470777595,GONZALEZ V,True,17.269906928645298,-1.8655716101623572
2018,TX,16,124437,49127,VERONICA ESCOBAR,D,43.39033440114309,True,38.8782026621528,0,4.512131738990291,recent,4.5708898084259335,1,-0.05875806943564221,ESCOBAR V,False,42.797055730809674,-5.255198983223467
2018,TX,17,98070,134841,BILL FLORES,R,-15.787575511676133,True,-14.801655883719786,-1,-0.9859196279563474,recent,4.5708898084259335,-1,5.556809436382281,FLORES B,True,-18.401682439537332,-3.234370725695687
2018,TX,18,138704,38368,SHEILA JACKSON LEE,D,56.663955904942625,True,55.97167320240851,1,0.692282702534115,recent,4.5708898084259335,1,-3.8786071058918186,LEE S,True,58.54922279792746,-7.733744546541724
2018,TX,19,50039,151946,JODEY ARRINGTON,R,-50.45275639280145,True,-48.820325719120135,-1,-1.6324306736813128,recent,4.5708898084259335,-1,6.203320482107246,ARRINGTON J,True,-51.041666666666664,-5.259567379691669
2018,TX,21,168421,177654,CHIP ROY,R,-2.667918803727516,True,-6.6337162703713615,0,3.9657974666438456,recent,4.5708898084259335,-1,0.6050923417820879,ROY C,False,-10.526315789473685,2.009919332189283
2018,TX,22,138153,152750,PETE OLSON,R,-5.0178238106860364,True,-4.5576923683903185,-1,-0.4601314422957179,recent,4.5708898084259335,-1,5.031021250721651,OLSON P,True,-8.203530633437174,-2.6627708308057487
2018,TX,23,102359,103285,WILL HURD,R,-0.4502927389080158,True,0.8562205930626993,-1,-1.3065133319707152,recent,4.5708898084259335,-1,5.877403140396648,HURD W,True,3.5343035343035334,-9.833073926768435
2018,TX,24,125231,133317,KENNY E MARCHANT,R,-3.1274656930241194,True,-0.5124000819840151,-1,-2.6150656110401043,recent,4.5708898084259335,-1,7.185955419466038,MARCHANT K,True,-6.512605042016809,-2.463338304564196
2018,TX,25,136385,163023,ROGER WILLIAMS,R,-8.89688986266232,True,-12.695467458347194,-1,3.7985775956848737,recent,4.5708898084259335,-1,0.7723122127410598,WILLIAMS R,True,-15.634837355718778,0.8894698394995721
2018,TX,26,121938,185551,MICHAEL C BURGESS,R,-20.68789452630826,True,-21.118909903684553,-1,0.43101537737629414,recent,4.5708898084259335,-1,4.139874431049639,BURGESS M,True,-27.806925498426025,1.2705533185608804
2018,TX,27,75929,125118,MICHAEL CLOUD,R,-24.466418300198463,True,-24.22139993832871,0,-0.24501836186975368,recent,4.5708898084259335,-1,4.815908170295687,CLOUD M,False,-24.43064182194617,-5.884254131809177
2018,TX,29,88188,28098,SYLVIA R GARCIA,D,51.674320210515454,True,40.379161334983536,0,11.295158875531918,recent,4.5708898084259335,1,6.724269067105984,GARCIA S,False,47.35751295336787,-1.5316703964093055
2018,TX,31,136362,144680,JOHN CARTER,R,-2.959699973669416,True,-8.162399636418725,-1,5.202699662749309,recent,4.5708898084259335,-1,-0.6318098543233752,CARTER J,True,-13.467656415694595,4.659478788468293
2018,TX,32,144067,126101,COLIN ALLRED,D,6.6499363359095085,True,6.2835013208176225,-1,0.36643501509188603,recent,4.5708898084259335,1,-4.2044547933340475,ALLRED C,False,1.9978969505783373,-1.1964382682257142
2018,TX,33,90805,26120,MARC VEASEY,D,55.32178747060081,True,49.50234966550338,1,5.819437805097429,recent,4.5708898084259335,1,1.2485479966714959,VEASEY M,True,50.931677018633536,-1.4583672015896116
2018,TX,34,85825,57243,FILEMON B VELA,D,19.977912601000924,True,13.11411326891203,1,6.8637993320888935,recent,4.5708898084259335,1,2.29290952366296,VELA F,True,22.18782249742002,-8.058387549975981
2018,TX,35,138278,50553,LLOYD DOGGETT,D,46.45688472761358,True,36.699922064389455,1,9.756962663224122,recent,4.5708898084259335,1,5.186072854798189,DOGGETT L,True,35.51797040169133,5.090436672365362
2018,TX,36,60908,161048,BRIAN BABIN,R,-45.11705022617095,True,-46.8473534263008,-1,1.7303032001298462,recent,4.5708898084259335,-1,2.8405866082960873,BABIN B,True,-48.148148148148145,-2.8173797315796936
2018,UT,1,63308,156692,ROB BISHOP,R,-42.447272727272725,True,-35.94665261365709,-1,-6.500620113615632,recent,4.5708898084259335,-1,11.071509922041566,BISHOP R,True,-37.86407766990292,-10.431672710926692
2018,UT,2,105051,151489,CHRIS STEWART,R,-18.101660559756763,True,-17.22981068775461,-1,-0.8718498720021515,recent,4.5708898084259335,-1,5.442739680428085,STEWART C,True,-17.94871794871795,-6.0014202645956995
2018,UT,3,70686,174856,JOHN CURTIS,R,-42.42451393244333,True,-30.091715866473578,0,-12.332798065969754,recent,4.5708898084259335,-1,16.903687874395686,CURTIS J,False,-33.90070921985816,-14.372282366142061
2018,UT,4,134964,134270,BEN MCADAMS,D,0.25776833535140437,True,-9.439755646652202,-1,9.697523982003606,recent,4.5708898084259335,1,5.126634173577672,MCADAMS B,False,-9.370629370629374,3.7799200524238916
2018,VA,1,148464,183250,"ROBERT J \""ROB\"" WITTMAN",R,-10.486744605292511,True,-8.775856745909229,-1,-1.7108878593832824,recent,4.5708898084259335,-1,6.281777667809216,WITTMAN R,True,-13.080168776371304,-3.2550534824780932
2018,VA,2,139571,133458,ELAINE G LURIA,D,2.2389563013452785,True,0.5908438678847121,-1,1.6481124334605664,recent,4.5708898084259335,1,-2.922777374965367,LURIA E,False,-3.6093418259023347,-0.00017952630927275948
2018,VA,4,187642,107706,A DONALD MCEACHIN,D,27.065021601636037,True,23.950971217080884,1,3.114050384555153,recent,4.5708898084259335,1,-1.4568394238707807,MCEACHIN A,True,22.54697286012526,-1.3304289120461075
2018,VA,5,145040,165339,DENVER L RIGGLEMAN III,R,-6.540068754651571,True,-10.105350750985382,0,3.5652819963338107,recent,4.5708898084259335,-1,1.0056078120921228,RIGGLEMAN D,False,-11.598746081504705,-0.7898003267037517
2018,VA,6,113133,167957,BEN L CLINE,R,-19.50407342843929,True,-23.880180133725226,0,4.376106705285935,recent,4.5708898084259335,-1,0.19478310313999891,CLINE B,False,-26.21564482029599,0.8630937382998116
2018,VA,7,176079,169295,ABIGAIL A SPANBERGER,D,1.9642474534852072,True,-2.8807778046356756,-1,4.845025258120883,recent,4.5708898084259335,1,0.2741354496949491,SPANBERGER A,False,-6.878306878306878,2.9940766782351993
2018,VA,8,247137,76899,DONALD S BEYER JR,D,52.53675517535088,True,56.48225662425085,1,-3.945501448899968,recent,4.5708898084259335,1,-8.516391257325902,BEYER D,True,55.720338983050844,-9.032061461256847
2018,VA,9,85833,160933,H MORGAN GRIFFITH,R,-30.433690216642486,True,-42.84715230002486,-1,12.413462083382374,recent,4.5708898084259335,-1,-7.84257227495644,GRIFFITH H,True,-43.18418314255984,6.902015272360467
2018,VA,10,206356,160841,JENNIFER T WEXTON,D,12.395253773859809,True,15.093564484212337,-1,-2.698310710352528,recent,4.5708898084259335,1,-7.269200518778462,WEXTON J,False,10.59322033898305,-4.0464442186801275
2018,VA,11,219191,83023,GERALD EDWARD CONNOLLY,D,45.05681404567624,True,42.16681850998728,1,2.8899955356889606,recent,4.5708898084259335,1,-1.680894272736973,CONNOLLY G,True,41.737288135593225,-2.52895174347387
2018,VT,0,188547,70705,PETER WELCH,D,45.454615586379276,True,33.48517099474954,1,11.969444591629738,recent,4.5708898084259335,1,7.398554783203805,WELCH P,True,30.344827586206897,9.261310346615494
2018,WA,1,197209,135534,SUZAN DELBENE,D,18.535326062456612,True,19.60831459191422,1,-1.0729885294576071,recent,4.5708898084259335,1,-5.643878337883541,DELBENE S,True,17.73667029379761,-5.049821884897883
2018,WA,3,145407,161819,JAIME HERRERA BEUTLER,R,-5.341995794626757,True,-5.901764901764902,-1,0.5597691071381448,recent,4.5708898084259335,-1,4.011120701287789,BEUTLER J,True,-8.008658008658006,-3.1818154395256366
2018,WA,4,83785,141551,DAN NEWHOUSE,R,-25.63549543792381,True,-21.60098032721732,-1,-4.03451511070649,recent,4.5708898084259335,-1,8.605404919132424,NEWHOUSE D,True,-24.51612903225806,-6.967844059222637
2018,WA,5,144925,175422,CATHY MCMORRIS RODGERS,R,-9.519989261644405,True,-11.813326407786725,-1,2.2933371461423206,recent,4.5708898084259335,-1,2.277552662283613,RODGERS C,True,-14.34830230010953,-1.02016461509176
2018,WA,6,206409,116677,DEREK KILMER,D,27.773410175618874,True,15.911292781246821,1,11.862117394372053,recent,4.5708898084259335,1,7.291227585946119,KILMER D,True,13.47207009857612,8.452862423485868
2018,WA,7,329800,64881,PRAMILA JAYAPAL,D,67.12230890263275,True,74.51154586967343,1,-7.389236967040674,recent,4.5708898084259335,1,-11.960126775466607,JAYAPAL P,True,74.12513255567337,-12.851301306597508
2018,WA,8,164089,148968,KIM SCHRIER,D,4.83011081049138,True,4.956709956709957,0,-0.12659914621857649,recent,4.5708898084259335,1,-4.69748895464451,SCHRIER K,False,3.2467532467532467,-4.265120089818753
2018,WA,10,166215,103860,DENNY HECK,D,23.088031102471536,True,14.247936016511867,1,8.84009508595967,recent,4.5708898084259335,1,4.269205277533736,HECK D,True,12.499999999999998,4.739553448914652
2018,WI,1,137508,177492,BRYAN STEIL,R,-12.693333333333333,True,-10.09207941742883,0,-2.601253915904504,recent,4.5708898084259335,-1,7.172143724330438,STEIL B,False,-10.853530031612227,-7.6882809552779925
2018,WI,3,187888,126980,RON KIND,D,19.343979064242795,True,-4.781714221467391,1,24.125693285710184,recent,4.5708898084259335,1,19.554803477284253,KIND R,True,-4.782146652497343,18.27764806318325
2018,WI,4,206487,59091,GWEN S MOORE,D,55.50007907281476,True,54.369764945525844,1,1.1303141272889192,recent,4.5708898084259335,1,-3.4405756811370143,MOORE G,True,54.488517745302715,-4.836916326044838
2018,WI,5,138385,225619,F JAMES SENSENBRENNER JR,R,-23.96512126240371,True,-18.2774350205565,-1,-5.68768624184721,recent,4.5708898084259335,-1,10.258576050273144,SENSENBRENNER F,True,-21.224920802534324,-8.58867811342627
2018,WI,6,144536,180311,GLENN GROTHMAN,R,-11.01287683124671,True,-16.6653761775713,-1,5.652499346324591,recent,4.5708898084259335,-1,-1.0816095378986574,GROTHMAN G,True,-17.88359788359789,1.022243398794295
2018,WI,7,124307,194061,SEAN P DUFFY,R,-21.909865313096795,True,-20.838364947902758,-1,-1.0715003651940371,recent,4.5708898084259335,-1,5.642390173619971,DUFFY S,True,-21.473684210526322,-6.284658756127358
2018,WI,8,119265,209410,MIKE GALLAGHER,R,-27.42678938160797,True,-17.353766411788648,-1,-10.073022969819323,recent,4.5708898084259335,-1,14.643912778245257,GALLAGHER M,True,-18.565400843881857,-14.709866191283
2018,WV,1,70217,127997,DAVID B MCKINLEY,R,-29.150312288738434,True,-41.20989016673276,-1,12.059577877994329,recent,4.5708898084259335,-1,-7.488688069568395,MCKINLEY D,True,-44.06779661016949,9.069006667874168
2018,WV,2,88011,110504,ALEX X MOONEY,R,-11.33062992720953,True,-35.71642506289686,-1,24.38579513568733,recent,4.5708898084259335,-1,-19.8149053272614,MOONEY A,True,-38.235294117647065,21.056186536880652
2018,WV,3,76340,98645,CAROL MILLER,R,-12.746806869160213,True,-49.81642790295875,0,37.06962103379854,recent,4.5708898084259335,-1,-32.49873122537261,MILLER C,False,-51.356993736951985,32.761709214234884
2018,WY,0,59903,127963,LIZ CHENEY,R,-36.22794970883502,True,-48.20451850978594,-1,11.976568800950922,recent,4.5708898084259335,-1,-7.405678992524988,CHENEY L,True,-51.403887688984874,9.327460326592968
2020,AK,0,159856,192126,DON YOUNG,R,-9.168082458762095,True,-10.509885535900105,-1,1.3418030771380103,recent,-2.523236370795469,-1,-3.865039447933479,YOUNG D,True,-16.81415929203539,7.651731843939471
2020,AL,1,116949,211825,JERRY CARL,R,-28.857513063685083,True,-28.686868686868692,0,-0.17064437681639077,recent,-2.523236370795469,-1,-2.352591993979078,CARL J,False,-30.122950819672134,1.2710927666532257
2020,AL,2,105286,197996,BARRY MOORE,R,-30.56890946379937,True,-29.090909090909086,0,-1.478000372890282,recent,-2.523236370795469,-1,-1.0452359979051868,MOORE B,False,-32.58426966292135,2.021015209788157
2020,AL,3,104595,217384,MIKE ROGERS,R,-35.029924311834,True,-31.919191919191913,-1,-3.1107323926420882,recent,-2.523236370795469,-1,0.5874960218466194,ROGERS M,True,-33.81147540983607,-1.2127938913317564
2020,AL,4,56237,261553,ROBERT B ADERHOLT,R,-64.60744516819283,True,-64.04040404040406,-1,-0.5670411277887695,recent,-2.523236370795469,-1,-1.9561952430066993,ADERHOLT R,True,-64.41717791411043,-0.1846122434162254
2020,AR,2,148410,184093,J FRENCH HILL,R,-10.731632496548903,True,-9.034907597535938,0,-1.696724899012965,recent,-2.523236370795469,-1,-0.8265114717825037,HILL J,False,-11.370882040382568,0.6449045544998402
2020,AR,3,106325,214960,STEVE WOMACK,R,-33.81265854303811,True,-27.497425334706485,-1,-6.315233208331627,recent,-2.523236370795469,-1,3.791996837536158,WOMACK S,True,-33.98268398268398,0.1756804503120435
2020,AR,4,75750,191617,BRUCE WESTERMAN,R,-43.336313007962836,True,-39.157245632065774,-1,-4.179067375897063,recent,-2.523236370795469,-1,1.6558310051015939,WESTERMAN B,True,-34.45026178010472,-8.880396217191944
2020,AZ,1,188469,176709,TOM O'HALLERAN,D,3.2203473374628264,True,1.7258883248730994,1,1.494459012589727,recent,-2.523236370795469,1,4.017695383385195,HALLERAN T,True,-1.1664899257688244,4.392492273897825
2020,AZ,2,209945,170975,ANN KIRKPATRICK,D,10.230494592040323,True,10.772357723577237,1,-0.541863131536914,recent,-2.523236370795469,1,1.9813732392585548,KIRKPATRICK A,True,5.196182396606573,5.0399672060999245
2020,AZ,3,174243,95594,RAUL M GRIJALVA,D,29.146855323769536,True,27.512690355329944,1,1.6341649684395918,recent,-2.523236370795469,1,4.157401339235061,GRIJALVA R,True,31.506849315068493,-2.3543389806327824
2020,AZ,4,120503,278002,PAUL A GOSAR,R,-39.52246521373634,True,-37.931034482758626,-1,-1.591430730977713,recent,-2.523236370795469,-1,-0.9318056398177559,GOSAR P,True,-42.226890756302524,2.710080553232359
2020,AZ,5,183171,262414,ANDY BIGGS,R,-17.784036715778136,True,-14.750762970498474,-1,-3.0332737452796614,recent,-2.523236370795469,-1,0.5100373744841926,BIGGS A,True,-22.422954303931988,4.644572598820027
2020,AZ,6,199644,217783,DAVID SCHWEIKERT,R,-4.34543045849933,True,-4.154002026342454,-1,-0.19142843215687666,recent,-2.523236370795469,-1,-2.331807938638592,SCHWEIKERT D,True,-10.548523206751055,6.208747758917899
2020,AZ,7,165452,50226,RUBEN GALLEGO,D,53.425013214143306,True,49.796747967479675,1,3.6282652466636307,recent,-2.523236370795469,1,6.1515016174590995,GALLEGO R,True,52.11864406779661,1.3120241570128712
2020,AZ,8,170816,251633,DEBBIE LESKO,R,-19.1305932787153,True,-16.109422492401215,-1,-3.0211707863140838,recent,-2.523236370795469,-1,0.49793441551861495,LESKO D,True,-22.187171398527866,3.0622331304787416
2020,AZ,9,217094,135180,GREG STANTON,D,23.252922441054405,True,23.95514780835882,1,-0.7022253673044148,recent,-2.523236370795469,1,1.821011003491054,STANTON G,True,17.50805585392052,5.750521597800059
2020,CA,1,154073,204190,DOUG LAMALFA,R,-13.98888526026969,True,-15.69230769230769,0,1.7034224320379998,recent,-2.523236370795469,-1,-4.226658802833469,LAMALFA D,False,-21.251348435814457,7.268118186210941
2020,CA,2,294435,94320,JARED HUFFMAN,D,51.47586526218312,True,50.97435897435897,1,0.5015062878241494,recent,-2.523236370795469,1,3.024742658619618,HUFFMAN J,True,49.512459371614305,1.9690609012349896
2020,CA,3,176043,145945,JOHN GARAMENDI,D,9.347553324968633,True,12.499999999999996,1,-3.1524466750313636,recent,-2.523236370795469,1,-0.6292103042358947,GARAMENDI J,True,13.490364025695934,-4.137155690061126
2020,CA,4,194731,247291,TOM MCCLINTOCK,R,-11.890810864617599,True,-10.040983606557383,-1,-1.8498272580602162,recent,-2.523236370795469,-1,-0.6734091127352526,MCCLINTOCK T,True,-15.755627009646306,3.870471155694881
2020,CA,5,271233,85227,MIKE THOMPSON,D,52.18145093418617,True,48.2088024564995,1,3.9726484776866684,recent,-2.523236370795469,1,6.495884848482137,THOMPSON M,True,48.02139037433156,4.165715570520781
2020,CA,6,229648,83466,DORIS O MATSUI,D,46.686510344475174,True,44.2051282051282,1,2.4813821393469766,recent,-2.523236370795469,1,5.004618510142445,MATSUI D,True,47.863247863247864,-1.1710825081065153
2020,CA,7,217416,166549,AMI BERA,D,13.247822067115493,True,14.051282051282053,1,-0.80345998416656,recent,-2.523236370795469,1,1.7197763866289089,BERA A,True,12.23175965665236,1.021717421129308
2020,CA,8,124400,158711,JAY OBERNOLTE,R,-12.119274772085861,True,-10.655737704918032,0,-1.4635370671678292,recent,-2.523236370795469,-1,-1.0596993036276396,OBERNOLTE J,False,-16.01272534464475,3.8991055832250634
2020,CA,9,174252,128358,JERRY MCNERNEY,D,15.166055318727075,True,18.404907975460123,1,-3.238852656733048,recent,-2.523236370795469,1,-0.7156162859375792,MCNERNEY J,True,19.66173361522199,-4.490023285828741
2020,CA,10,166865,135629,JOSH HARDER,D,10.326155229525213,True,2.9682702149437046,1,7.357885014581509,recent,-2.523236370795469,1,9.881121385376979,HARDER J,True,3.1914893617021276,7.14032087848926
2020,CA,11,271063,100293,MARK DESAULNIER,D,45.98552332532664,True,51.787538304392235,1,-5.802014979065596,recent,-2.523236370795469,1,-3.2787786082701276,DESAULNIER M,True,51.80467091295117,-5.813492576958353
2020,CA,14,278300,72705,JACKIE SPEIER,D,58.57323969744021,True,58.24847250509165,1,0.3247671923485598,recent,-2.523236370795469,1,2.8480035631440286,SPEIER J,True,61.72450052576235,-3.1456058176559694
2020,CA,15,242991,99710,ERIC SWALWELL,D,41.80933233343352,True,46.067415730337075,1,-4.258083396903558,recent,-2.523236370795469,1,-1.7348470261080893,SWALWELL E,True,48.565356004250795,-6.7503686601511035
2020,CA,16,128690,88039,JIM COSTA,D,18.756603869348357,True,20.36847492323439,1,-1.6118710538860341,recent,-2.523236370795469,1,0.9113653169094347,COSTA J,True,22.881355932203387,-4.119097052188856
2020,CA,17,212137,85199,RO KHANNA,D,42.69176958054188,True,47.95918367346939,1,-5.26741409292751,recent,-2.523236370795469,1,-2.744177722132041,KHANNA R,True,56.567796610169495,-13.87037201896144
2020,CA,19,224385,88642,ZOE LOFGREN,D,43.364629888156614,True,43.00306435137895,1,0.3615655367776611,recent,-2.523236370795469,1,2.88480190757313,LOFGREN Z,True,54.449152542372886,-11.078867643550097
2020,CA,20,236896,71658,JIMMY PANETTA,D,53.55237656941735,True,48.82292732855681,1,4.729449240860539,recent,-2.523236370795469,1,7.252685611656008,PANETTA J,True,50.427350427350426,3.1306811527330964
2020,CA,21,84406,85928,DAVID G VALADAO,R,-0.893538577148426,True,11.133810010214502,1,-12.027348587362928,recent,-2.523236370795469,-1,9.50411221656746,VALADAO D,False,16.332982086406744,-17.220865652888996
2020,CA,22,144251,170888,DEVIN NUNES,R,-8.452460660216603,True,-5.521472392638035,-1,-2.9309882675785683,recent,-2.523236370795469,-1,0.40775189678309953,NUNES D,True,-10.03167898627244,1.5848733367220103
2020,CA,23,115896,190222,KEVIN MCCARTHY,R,-24.280179538609296,True,-17.008196721311478,-1,-7.271982817297818,recent,-2.523236370795469,-1,4.7487464465023494,MCCARTHY K,True,-23.35456475583864,-0.9199597721044803
2020,CA,24,212564,149781,SALUD O CARBAJAL,D,17.326857000924534,True,24.38524590163935,1,-7.058388900714817,recent,-2.523236370795469,1,-4.5351525299193485,CARBAJAL S,True,21.673819742489272,-4.3413077308985635
2020,CA,25,169305,169638,MIKE GARCIA,R,-0.0982466078367159,True,10.31664964249234,0,-10.414896250329056,recent,-2.523236370795469,-1,7.891659879533587,GARCIA M,False,7.135250266240677,-7.227841863411218
2020,CA,26,208856,135877,JULIA BROWNLEY,D,21.16971685333287,True,25.434116445352398,1,-4.2643995920195295,recent,-2.523236370795469,1,-1.7411632212240606,BROWNLEY J,True,23.322683706070286,-2.147311842071243
2020,CA,27,221411,95907,JUDY CHU,D,39.55149093338544,True,37.142857142857146,1,2.4086337905282917,recent,-2.523236370795469,1,4.9318701613237605,CHU J,True,39.83050847457627,-0.27336253052465764
2020,CA,28,244271,91928,ADAM B SCHIFF,D,45.313341205654986,True,44.54638124362894,1,0.7669599620260428,recent,-2.523236370795469,1,3.2901963328215116,SCHIFF A,True,52.7542372881356,-7.435241071814438
2020,CA,30,240038,105426,BRAD SHERMAN,D,38.96556515295371,True,40.06116207951071,1,-1.0955969265570005,recent,-2.523236370795469,1,1.4276394442384683,SHERMAN B,True,45.78059071729957,-6.809370553679685
2020,CA,31,175315,110735,PETE AGUILAR,D,22.576472644642546,True,20.36847492323439,1,2.207997721408155,recent,-2.523236370795469,1,4.731234092203624,AGUILAR P,True,22.375397667020145,0.20672998828857558
2020,CA,32,172942,86818,GRACE F NAPOLITANO,D,33.155220203264555,True,33.061224489795926,1,0.09399571346862956,recent,-2.523236370795469,1,2.6172320842640984,NAPOLITANO G,True,41.25132555673382,-8.090450342803088
2020,CA,33,257094,123334,TED LIEU,D,35.16039828824377,True,40.816326530612244,1,-5.655928242368475,recent,-2.523236370795469,1,-3.132691871573006,LIEU T,True,43.79639448568399,-8.630341186774046
2020,CA,35,169405,74941,NORMA J TORRES,D,38.659933045762976,True,33.26509723643807,1,5.394835809324903,recent,-2.523236370795469,1,7.9180721801203715,TORRES N,True,43.128964059196626,-4.463376002767475
2020,CA,36,185151,121698,RAUL RUIZ,D,20.67890069708554,True,13.849287169042773,1,6.829613528042765,recent,-2.523236370795469,1,9.352849898838233,RUIZ R,True,9.205020920502097,11.479534787249616
2020,CA,39,169837,173946,YOUNG KIM,R,-1.1952307123970645,True,10.295616717635069,1,-11.490847430032133,recent,-2.523236370795469,-1,8.967611059236663,KIM Y,False,9.110169491525424,-10.299745193256314
2020,CA,40,135572,50809,LUCILLE ROYBAL-ALLARD,D,45.478348114882955,True,57.8300921187308,1,-12.351744003847848,recent,-2.523236370795469,1,-9.828507633052379,ALLARD L,True,73.05263157894738,-27.568628453398254
2020,CA,41,168126,94447,MARK TAKANO,D,28.060387016182165,True,26.175869120654394,1,1.8845178955277717,recent,-2.523236370795469,1,4.4077542663232405,TAKANO M,True,29.64930924548353,-1.5832672186351893
2020,CA,42,157773,210274,KEN CALVERT,R,-14.264754229758699,True,-7.5510204081632715,-1,-6.713733821595428,recent,-2.523236370795469,-1,4.190497450799959,CALVERT K,True,-12.658227848101266,-1.6008713709912588
2020,CA,43,199210,78688,MAXINE WATERS,D,43.36914983195273,True,57.259713701431494,1,-13.890563869478761,recent,-2.523236370795469,1,-11.367327498683292,WATERS M,True,64.87907465825447,-21.50426981563556
2020,CA,45,221843,193096,KATIE PORTER,D,6.928006285261207,True,11.542390194075592,1,-4.614383908814385,recent,-2.523236370795469,1,-2.091147538018916,PORTER K,True,5.732484076433121,1.2011772194942614
2020,CA,46,157803,71716,J LUIS CORREA,D,37.50757017937513,True,31.492842535787318,0,6.014727643587811,recent,-2.523236370795469,1,8.537964014383281,CORREA J,False,40.76433121019109,-3.251106020149784
2020,CA,47,197028,114371,ALAN S LOWENTHAL,D,26.54375897160877,True,27.737973387922214,1,-1.194214416313443,recent,-2.523236370795469,1,1.3290219544820259,LOWENTHAL A,True,33.76068376068376,-7.211269778408816
2020,CA,48,193362,201738,MICHELLE STEEL,R,-2.119969627942293,True,1.5321756894790601,1,-3.652145317421353,recent,-2.523236370795469,-1,1.1289089466258844,STEEL M,False,1.806588735387881,-3.9209033526639994
2020,CA,49,205349,181157,MIKE LEVIN,D,6.2591525099222265,True,12.998976458546574,1,-6.739823948624347,recent,-2.523236370795469,1,-4.216587577828879,LEVIN M,True,7.987220447284344,-1.7224129266959434
2020,CA,50,166869,195521,DARRELL ISSA,R,-7.90639918320042,True,-7.881269191402254,0,-0.025129991798165996,recent,-2.523236370795469,-1,-2.498106378997303,ISSA D,False,-15.92356687898089,8.022822706446647
2020,CA,51,165596,76841,JUAN VARGAS,D,36.6095109244876,True,36.80981595092025,1,-0.2003050264326518,recent,-2.523236370795469,1,2.322931344362817,VARGAS J,True,51.7970401691332,-15.181874233979421
2020,CA,52,244145,152350,SCOTT H PETERS,D,23.151616035511168,True,29.91803278688524,1,-6.766416751374074,recent,-2.523236370795469,1,-4.243180380578605,PETERS S,True,24.012806830309497,-0.8555357841321545
2020,CO,1,331621,105955,DIANA DEGETTE,D,51.57184123443699,True,54.75946775844422,1,-3.1876265240072286,recent,-2.523236370795469,1,-0.6643901532117598,DEGETTE D,True,49.67462039045553,1.9028758546476325
2020,CO,2,316925,182547,JOE NEGUSE,D,26.904010635230804,True,30.935251798561147,1,-4.031241163330343,recent,-2.523236370795469,1,-1.5080047925348739,NEGUSE J,True,23.38090010976949,3.5287655361274872
2020,CO,3,194122,220634,LAUREN BOEBERT,R,-6.392192035799361,True,-5.629477993858751,0,-0.76271404194061,recent,-2.523236370795469,-1,-1.7605223288548588,BOEBERT L,False,-13.043478260869565,6.656941235736378
2020,CO,4,173945,285606,KEN BUCK,R,-24.297847246551527,True,-16.221765913757704,-1,-8.076081332793823,recent,-2.523236370795469,-1,5.552844961998354,BUCK K,True,-25.190839694656493,0.8986474587711406
2020,CO,5,161600,249013,DOUG LAMBORN,R,-21.28841512567795,True,-13.367875647668399,-1,-7.920539478009552,recent,-2.523236370795469,-1,5.397303107214083,LAMBORN D,True,-26.54867256637168,5.2659124513599025
2020,CO,6,250314,175192,JASON CROW,D,17.654745173981095,True,19.50718685831622,1,-1.8524416843351261,recent,-2.523236370795469,1,0.6707946864603427,CROW J,True,9.72677595628416,7.93362422836311
2020,CO,7,250525,159301,ED PERLMUTTER,D,22.259202686017968,True,23.583934088568487,1,-1.324731402550519,recent,-2.523236370795469,1,1.1985049682449498,PERLMUTTER E,True,13.215859030837004,9.048998665847138
2020,CT,1,222668,122111,JOHN B LARSON,D,29.165639438596898,True,28.397565922920894,1,0.7680735156760043,recent,-2.523236370795469,1,3.291309886471473,LARSON J,True,24.13793103448276,5.033363414780311
2020,CT,2,218119,140356,JOE COURTNEY,D,21.692726131529394,True,11.224489795918368,1,10.468236335611026,recent,-2.523236370795469,1,12.991472706406494,COURTNEY J,True,3.0687830687830746,18.629598073412495
2020,CT,3,203265,137598,ROSA L DELAURO,D,19.264924617808326,True,21.37791286727457,1,-2.1129882494662446,recent,-2.523236370795469,1,0.41024812132922417,DELAURO R,True,16.095534787123572,3.1750448413509282
2020,CT,4,224432,130627,JAMES A HIMES,D,26.41955280671663,True,30.09118541033435,1,-3.67163260361772,recent,-2.523236370795469,1,-1.1483962328222512,HIMES J,True,23.908523908523907,2.516683908858898
2020,CT,5,192484,151988,JAHANA HAYES,D,11.75596274878655,True,10.86294416243655,1,0.8930185863499993,recent,-2.523236370795469,1,3.416254957145468,HAYES J,True,4.284221525600838,7.477396233851886
2020,DE,0,281382,196392,LISA BLUNT ROCHESTER,D,17.788745306358237,True,19.26977687626775,1,-1.4810315699095113,recent,-2.523236370795469,1,1.0422048008859575,ROCHESTER L,True,12.067156348373558,5.727243968650853
2020,FL,1,149172,283352,MATT GAETZ,R,-31.022555973772555,True,-34.07934893184131,-1,3.0567929580687547,recent,-2.523236370795469,-1,-5.5800293288642235,GAETZ M,True,-41.06583072100313,10.048929757896751
2020,FL,3,167326,223075,KAT CAMMACK,R,-14.279932684598656,True,-13.360323886639678,0,-0.9196087979589773,recent,-2.523236370795469,-1,-1.6036275728364915,CAMMACK K,False,-16.59751037344398,2.3232326995115002
2020,FL,4,196423,308497,JOHN H RUTHERFORD,R,-22.196387546542027,True,-21.25506072874494,-1,-0.941326817797087,recent,-2.523236370795469,-1,-1.5819095529983818,RUTHERFORD J,True,-29.106029106029105,6.915296570153252
2020,FL,5,219463,117510,AL LAWSON JR,D,30.255539761345865,True,26.794742163801818,1,3.4607975975440475,recent,-2.523236370795469,1,5.984033968339516,LAWSON A,True,26.131687242798357,4.129507529213683
2020,FL,6,172305,265393,MICHAEL WALTZ,R,-21.267632020251405,True,-17.658930373360242,-1,-3.608701646891163,recent,-2.523236370795469,-1,1.085465276095694,WALTZ M,True,-17.56198347107438,-3.6999935385108493
2020,FL,7,224946,175750,STEPHANIE N MURPHY,D,12.277636911773515,True,10.526315789473681,1,1.7513211222998333,recent,-2.523236370795469,1,4.274557493095302,MURPHY S,True,7.64397905759162,4.639312864848069
2020,FL,8,177695,282093,BILL POSEY,R,-22.705681748979966,True,-17.896865520728003,-1,-4.808816228251963,recent,-2.523236370795469,-1,2.2855798574564945,POSEY B,True,-21.540062434963577,-1.1599643033502147
2020,FL,9,240724,188889,DARREN SOTO,D,12.065510121900408,True,6.962663975782037,1,5.10284614611837,recent,-2.523236370795469,1,7.626082516913839,SOTO D,True,13.340227507755946,-1.269062375189364
2020,FL,10,239434,136889,VAL BUTLER DEMINGS,D,27.24919816221703,True,25.252525252525253,1,1.9966729096917781,recent,-2.523236370795469,1,4.519909280487247,DEMINGS V,True,27.817993795243023,-0.5631406223598177
2020,FL,11,158094,316979,DANIEL WEBSTER,R,-33.4443338181711,True,-31.854838709677427,-1,-1.5894951084936757,recent,-2.523236370795469,-1,-0.9337412623017931,WEBSTER D,True,-33.19630010277492,-0.2423787047300081
2020,FL,12,168194,284941,GUS M BILIRAKIS,R,-25.764286581261654,True,-17.08796764408493,-1,-8.676318937176724,recent,-2.523236370795469,-1,6.153082566381255,BILIRAKIS G,True,-19.33471933471934,-6.423912235876141
2020,FL,13,215405,190713,CHARLIE CRIST,D,6.080006303586642,True,4.145601617795754,1,1.9344046857908879,recent,-2.523236370795469,1,4.457641056586357,CRIST C,True,3.333333333333336,2.7523279809194805
2020,FL,14,224240,147896,KATHY CASTOR,D,20.515080508201304,True,15.789473684210527,1,4.725606823990777,recent,-2.523236370795469,1,7.248843194786246,CASTOR K,True,18.91891891891892,1.6018165999485596
2020,FL,15,174297,216374,SCOTT FRANKLIN,R,-10.770443672553121,True,-8.594539939332659,0,-2.175903733220462,recent,-2.523236370795469,-1,-0.34733263757500676,FRANKLIN S,False,-10.395010395010395,-0.36977826687655124
2020,FL,16,215683,269001,VERN BUCHANAN,R,-11.0005694431836,True,-8.173562058526743,-1,-2.8270073846568575,recent,-2.523236370795469,-1,0.3037710138613887,BUCHANAN V,True,-11.065149948293694,0.07023551577626819
2020,FL,17,140487,266514,W GREGORY STEUBE,R,-30.96478878430274,True,-27.620967741935488,0,-3.343821042367253,recent,-2.523236370795469,-1,0.8205846715717842,STEUBE W,False,-27.983539094650208,-2.975594678986358
2020,FL,18,186674,253286,BRIAN J MAST,R,-15.140467315210474,True,-8.45070422535211,-1,-6.6897630898583635,recent,-2.523236370795469,-1,4.166526719062895,MAST B,True,-9.445585215605744,-5.689227088938555
2020,FL,19,172146,272440,BYRON DONALDS,R,-22.558964969657165,True,-20.241691842900302,0,-2.317273126756863,recent,-2.523236370795469,-1,-0.20596324403860589,DONALDS B,False,-22.760041194644696,0.20673123565370588
2020,FL,20,253661,68748,ALCEE L HASTINGS,D,57.35354782279651,True,55.53319919517102,1,1.820348627625485,recent,-2.523236370795469,1,4.343584998420954,HASTINGS A,True,63.17395727365208,-5.814754440189397
2020,FL,21,237925,157612,LOIS FRANKEL,D,20.304800815094417,True,17.10261569416499,1,3.2021851209294283,recent,-2.523236370795469,1,5.725421491724897,FRANKEL L,True,19.959058341862846,0.3513974838977454
2020,FL,22,235764,166553,THEODORE E DEUTCH,D,17.203101037241776,True,14.889336016096584,1,2.3137650211451923,recent,-2.523236370795469,1,4.837001391940661,DEUTCH T,True,16.155419222903884,1.0533368250040667
2020,FL,23,221239,158874,DEBBIE WASSERMAN SCHULTZ,D,16.40696319252433,True,17.185929648241203,1,-0.7789664557168727,recent,-2.523236370795469,1,1.744269915078596,SCHULTZ D,True,26.71443193449335,-10.301813731302847
2020,FL,24,218825,59084,FREDERICA S WILSON,D,57.47960663382618,True,51.7102615694165,1,5.769345064409677,recent,-2.523236370795469,1,8.292581435205147,WILSON F,True,68.6673448626653,-11.182083218172949
2020,FL,26,165407,177223,CARLOS GIMENEZ,R,-3.4486180427866797,True,-5.633802816901409,1,2.1851847741147292,recent,-2.523236370795469,-1,-4.708421144910198,GIMENEZ C,False,16.75231243576567,-20.195275467886177
2020,FL,27,166758,176141,MARIA ELVIRA SALAZAR,R,-2.736374267641492,True,3.2193158953722287,1,-5.9556901630137205,recent,-2.523236370795469,-1,3.4324537922182516,SALAZAR M,False,20.123203285420946,-22.853922542396262
2020,GA,1,135238,189457,"EARL L \""BUDDY\"" CARTER",R,-16.698440074531483,True,-12.576064908722108,-1,-4.122375165809375,recent,-2.523236370795469,-1,1.5991387950139062,CARTER E,True,-15.93011305241521,-0.762672011450098
2020,GA,2,161397,111620,SANFORD D BISHOP JR,D,18.23219799499665,True,12.411705348133204,1,5.820492646863446,recent,-2.523236370795469,1,8.343729017658916,BISHOP S,True,11.902339776195323,6.335513229467502
2020,GA,3,129792,241526,A DREW FERGUSON IV,R,-30.0911886846315,True,-25.50607287449393,0,-4.5851158101375695,recent,-2.523236370795469,-1,2.0618794393421007,FERGUSON A,False,-32.44078269824923,2.3552490242839035
2020,GA,4,278906,69393,"HENRY C \""HANK\"" JOHNSON JR",D,60.15320170313438,True,59.19191919191918,1,0.9612825112151953,recent,-2.523236370795469,1,3.484518882010664,JOHNSON H,True,54.46153846153845,5.6973182522621
2020,GA,6,216775,180329,LUCY MCBATH,D,9.177948346025223,True,11.26903553299492,1,-2.0910871869696965,recent,-2.523236370795469,1,0.4321491838257723,MCBATH L,True,-1.577287066246057,10.760890422937456
2020,GA,7,190900,180564,CAROLYN BOURDEAUX,D,2.7825038227122953,True,6.395939086294414,0,-3.6134352635821183,recent,-2.523236370795469,1,-1.0901988927866495,BOURDEAUX C,False,-6.569343065693435,9.357501899071904
2020,GA,8,109264,198701,AUSTIN SCOTT,R,-29.04128715925511,True,-25.252525252525253,-1,-3.7887619067298566,recent,-2.523236370795469,-1,1.2655255359343878,SCOTT A,True,-29.58034800409417,0.5447158555052347
2020,GA,9,79797,292750,ANDREW CLYDE,R,-57.16137829589287,True,-54.655870445344135,0,-2.5055078505487316,recent,-2.523236370795469,-1,-0.01772852024673721,CLYDE A,False,-60.247167868177144,3.0914445829504515
2020,GA,10,142636,235810,JODY B HICE,R,-24.6201571690545,True,-20.647773279352222,-1,-3.9723838897022787,recent,-2.523236370795469,-1,1.44914751890681,HICE J,True,-26.261585993820805,1.647083835432479
2020,GA,11,160623,245259,BARRY LOUDERMILK,R,-20.852365958579096,True,-15.650406504065037,-1,-5.201959454514059,recent,-2.523236370795469,-1,2.67872308371859,LOUDERMILK B,True,-26.150627615062763,5.303916667149842
2020,GA,12,129061,181038,RICK W ALLEN,R,-16.761421352535802,True,-12.955465587044532,-1,-3.8059557654912695,recent,-2.523236370795469,-1,1.2827193946958007,ALLEN R,True,-16.5983606557377,-0.15740568613192707
2020,GA,13,279045,81476,DAVID SCOTT,D,54.80096859822313,True,52.72727272727273,1,2.0736958709504023,recent,-2.523236370795469,1,4.596932241745871,SCOTT D,True,45.49180327868853,9.314820330200774
2020,GA,14,77798,229827,MARJORIE TAYLOR GREENE,R,-49.42023567655425,True,-48.733535967578526,0,-0.6866997089757234,recent,-2.523236370795469,-1,-1.8365366618197454,GREENE M,False,-54.47991761071061,5.065336944822533
2020,HI,1,183245,71188,ED CASE,D,44.04184991726702,True,29.806714140386568,1,14.235135776880455,recent,-2.523236370795469,1,16.758372147675924,CASE E,True,34.82905982905983,9.218445098873367
2020,HI,2,171517,84027,"KAIALII \""KAI\"" KAHELE",D,34.23676548852644,True,30.32786885245902,0,3.9088966360674178,recent,-2.523236370795469,1,6.432133006862887,KAHELE K,False,34.94505494505494,-0.7026344458623299
2020,IA,1,201347,212088,ASHLEY HINSON,R,-2.5979900105216056,True,-3.462321792260692,1,0.8643317817390863,recent,-2.523236370795469,-1,-3.387568152534555,HINSON A,False,-3.7273695420660276,1.1350345422105965
2020,IA,2,196958,196964,MARIANNETTE MILLER-MEEKS,R,-0.0015231441757505293,True,-4.0733197556008145,0,4.071796611425064,recent,-2.523236370795469,-1,-6.595032982220533,MEEKS M,False,-4.357066950053136,4.361198816543561
2020,IA,3,219205,212997,CYNTHIA AXNE,D,1.436365403214238,True,-0.10193679918450706,1,1.538302202398745,recent,-2.523236370795469,1,4.0615385731942135,AXNE C,True,-3.7433155080213902,5.185335921901803
2020,IA,4,144761,237369,RANDY FEENSTRA,R,-24.23468453144218,True,-27.4390243902439,0,3.2043398588017205,recent,-2.523236370795469,-1,-5.727576229597189,FEENSTRA R,False,-29.025423728813557,4.796394208037551
2020,ID,1,131380,310736,RUSS FULCHER,R,-40.56763383365452,True,-38.065843621399175,-1,-2.5017902122553437,recent,-2.523236370795469,-1,-0.021446158540125104,FULCHER R,True,-42.98540965207633,2.423430829087984
2020,ID,2,124151,250669,MICHAEL K SIMPSON,R,-33.75433541433221,True,-24.301964839710443,-1,-9.452370574621767,recent,-2.523236370795469,-1,6.929134203826298,SIMPSON M,True,-29.300118623962042,-4.448561779703994
2020,IL,1,239943,85027,BOBBY L RUSH,D,47.67086192571622,True,49.89858012170385,1,-2.2277181959876344,recent,-2.523236370795469,1,0.2955181748078344,RUSH B,True,55.78512396694215,-8.10860703055976
2020,IL,2,234896,63142,ROBIN L KELLY,D,57.628221904589346,True,57.041540020263426,1,0.5866818843259196,recent,-2.523236370795469,1,3.1099182551213884,KELLY R,True,60.659114315139036,-3.0252373998835154
2020,IL,3,172997,133851,MARIE NEWMAN,D,12.757456460527688,True,12.80487804878049,0,-0.04742158825280107,recent,-2.523236370795469,1,2.4758147825426677,NEWMAN M,False,16.088328075709786,-3.325216604515923
2020,IL,4,187219,35518,"JESUS G \""CHUY\"" GARCIA",D,68.10767856260972,True,64.69387755102042,1,3.4138010115892996,recent,-2.523236370795469,1,5.937037382384768,GARCIA J,True,72.29800629590765,-4.18467272263176
2020,IL,5,255661,96200,MIKE QUIGLEY,D,45.319316434614805,True,46.992864424057075,1,-1.6735479894422696,recent,-2.523236370795469,1,0.8496883813531992,QUIGLEY M,True,49.36440677966102,-4.0394353343800375
2020,IL,6,213777,183891,SEAN CASTEN,D,7.515314282265608,True,12.972420837589372,1,-5.457106555323763,recent,-2.523236370795469,1,-2.9338701845282946,CASTEN S,True,7.494646680942184,0.026322611989598954
2020,IL,9,262045,107125,JANICE D SCHAKOWSKY,D,41.96440664192648,True,44.30894308943089,1,-2.34453644750441,recent,-2.523236370795469,1,0.17869992329105866,SCHAKOWSKY J,True,47.578947368421055,-5.6088857158284
2020,IL,10,202402,114442,BRADLEY SCOTT SCHNEIDER,D,27.76129577962657,True,30.753564154786154,1,-2.992268375159586,recent,-2.523236370795469,1,-0.4690320043641174,SCHNEIDER B,True,31.07822410147992,-3.3112733111871755
2020,IL,11,194557,112807,BILL FOSTER,D,26.597129136788954,True,26.197757390417937,1,0.3993717463710169,recent,-2.523236370795469,1,2.9226081171664857,FOSTER B,True,24.920466595970307,1.6823175514848216
2020,IL,12,127577,194839,MIKE BOST,R,-20.86186789737482,True,-14.48979591836735,-1,-6.3720719790074725,recent,-2.523236370795469,-1,3.8488356082120037,BOST M,True,-15.546218487394954,-5.309994399313693
2020,IL,13,151648,181373,RODNEY DAVIS,R,-8.925863534131482,True,-3.58974358974359,-1,-5.336119944387892,recent,-2.523236370795469,-1,2.8128835735924236,DAVIS R,True,-5.857294994675186,-3.062913528790121
2020,IL,14,203209,197835,LAUREN UNDERWOOD,D,1.3400025932316653,True,2.4489795918367405,1,-1.1089769986050753,recent,-2.523236370795469,1,1.4142593721903935,UNDERWOOD L,True,-4.171122994652412,5.516780598550252
2020,IL,15,88559,244947,MARY MILLER,R,-46.89210988707849,True,-47.196738022426096,0,0.30462813534760613,recent,-2.523236370795469,-1,-2.827864506143075,MILLER M,False,-48.529411764705884,1.6429568882935683
2020,IL,16,119313,218839,ADAM KINZINGER,R,-29.432326291135347,True,-16.359918200409,-1,-13.072408090726348,recent,-2.523236370795469,-1,10.549171719930879,KINZINGER A,True,-18.336886993603414,-11.089784286865758
2020,IL,17,156011,143863,CHERI BUSTOS,D,4.0510347679358665,True,-1.6359918200409012,1,5.687026587976767,recent,-2.523236370795469,1,8.210262958772237,BUSTOS C,True,-0.74388947927736,4.800579257879401
2020,IL,18,110039,261840,DARIN LAHOOD,R,-40.81999790254357,True,-24.667349027635623,-1,-16.152648874907946,recent,-2.523236370795469,-1,13.629412504112477,LAHOOD D,True,-29.073482428115017,-11.740860463762377
2020,IN,1,185180,132247,FRANK J MRVAN,D,16.675645108954186,True,8.943089430894313,0,7.732555678059873,recent,-2.523236370795469,1,10.25579204885534,MRVAN F,False,13.179916317991635,3.501383801628725
2020,IN,2,114967,183601,JACKIE WALORSKI,R,-22.9877280887436,True,-20.773930753564155,-1,-2.2137973351794464,recent,-2.523236370795469,-1,-0.3094390356160224,WALORSKI J,True,-24.318658280922424,1.3365852028449972
2020,IN,3,104762,220989,JIM BANKS,R,-35.679706278722094,True,-30.541368743615934,-1,-5.13833753510616,recent,-2.523236370795469,-1,2.6151011643106914,BANKS J,True,-36.764705882352935,1.0906546142970157
2020,IN,4,112984,225531,JAMES R BAIRD,R,-33.24727116966752,True,-30.470347648261754,-1,-2.7769235214057666,recent,-2.523236370795469,-1,0.2536871506102978,BAIRD J,True,-36.08465608465608,2.843039925654736
2020,IN,5,191226,208212,VICTORIA SPARTZ,R,-4.252474726991423,True,-2.2448979591836764,0,-2.0075767678077465,recent,-2.523236370795469,-1,-0.5156596029877223,SPARTZ V,False,-12.500000000000004,8.253180283674755
2020,IN,6,91103,225319,GREG PENCE,R,-42.41677253793984,True,-40.55158324821245,-1,-1.8651892897273896,recent,-2.523236370795469,-1,-0.6580470810680792,PENCE G,True,-42.3764458464774,-0.034671680796265036
2020,IN,7,176422,106146,ANDRE CARSON,D,24.870473655898756,True,28.105906313645626,1,-3.2354326577468697,recent,-2.523236370795469,1,-0.7121962869514009,CARSON A,True,23.949579831932766,0.9265488346321646
2020,IN,8,95691,214643,LARRY BUCSHON,R,-38.33031507988168,True,-32.58655804480651,-1,-5.74375703507517,recent,-2.523236370795469,-1,3.220520664279701,BUCSHON L,True,-35.287958115183244,-3.03670195403226
2020,IN,9,122566,222057,TREY HOLLINGSWORTH,R,-28.86951828519861,True,-24.08163265306122,-1,-4.787885632137389,recent,-2.523236370795469,-1,2.26464926134192,HOLLINGSWORTH T,True,-28.226652675760754,-0.6372105987716807
2020,KS,1,84393,208229,TRACEY MANN,R,-42.31944283068259,True,-42.53578732106339,0,0.2163444903807985,recent,-2.523236370795469,-1,-2.7395808611762673,MANN T,False,-48.07692307692308,5.763135256906665
2020,KS,2,136650,185464,JAKE LATURNER,R,-15.15426215563434,True,-15.368852459016395,0,0.21459030338205487,recent,-2.523236370795469,-1,-2.7378266741775237,LATURNER J,False,-19.742489270386265,4.5938821254181
2020,KS,3,220049,178773,SHARICE DAVIDS,D,10.34947921629198,True,10.81632653061224,1,-0.46684731432026005,recent,-2.523236370795469,1,2.0563890564752088,DAVIDS S,True,1.2875536480686725,9.067580578889483
2020,KS,4,116166,203432,RON ESTES,R,-27.304926814310477,True,-22.21084953940635,-1,-5.0940772749041265,recent,-2.523236370795469,-1,2.5708409041086577,ESTES R,True,-29.18454935622318,1.8852775525788772
2020,KY,1,82141,246329,JAMES COMER,R,-49.985691235120406,True,-48.27586206896551,-1,-1.709829166154897,recent,-2.523236370795469,-1,-0.8134072046405718,COMER J,True,-50.36344755970924,0.3834113352550119
2020,KY,2,94643,255735,BRETT GUTHRIE,R,-45.97663095285663,True,-37.67820773930753,0,-8.2984232135491,recent,-2.523236370795469,-1,5.775186842753631,GUTHRIE B,False,-41.955835962145116,-4.0151399800453405
2020,KY,3,230672,137425,JOHN A YARMUTH,D,25.332181463038275,True,22.32415902140673,1,3.008022441631546,recent,-2.523236370795469,1,5.531258812427015,YARMUTH J,True,15.822784810126583,9.515051663577866
2020,KY,4,125896,256613,THOMAS MASSIE,R,-34.17357500084965,True,-31.906218144750262,-1,-2.26735685609939,recent,-2.523236370795469,-1,-0.25587951469607884,MASSIE T,True,-37.989417989417994,3.8214979992345164
2020,KY,5,47056,250914,HAROLD ROGERS,R,-68.41561230996409,True,-62.31003039513678,-1,-6.105581914827312,recent,-2.523236370795469,-1,3.582345544031843,ROGERS H,True,-63.954685890834185,-4.45527140846373
2020,KY,6,155011,216948,ANDY BARR,R,-16.651566436085698,True,-9.276248725790012,-1,-7.375317710295686,recent,-2.523236370795469,-1,4.852081339500217,BARR A,True,-16.259298618490973,-0.38661280692855016
2020,LA,1,94730,270330,STEVE SCALISE,R,-48.1016819153016,True,-38.63404689092763,-1,-9.467635024373969,recent,-2.523236370795469,-1,6.9443986535785,SCALISE S,True,-44.0251572327044,-4.070869671931021
2020,LA,2,235320,63140,CEDRIC L RICHMOND,D,57.689472626147555,True,53.20447609359105,1,4.484996532556508,recent,-2.523236370795469,1,7.008232903351977,RICHMOND C,True,54.13223140495867,3.5628962318550634
2020,LA,3,100275,230480,CLAY HIGGINS,R,-39.36599597889677,True,-38.55544252288911,-1,-0.8105534560076606,recent,-2.523236370795469,-1,-1.7126829147878082,HIGGINS C,True,-39.48186528497409,0.12152431674349629
2020,LA,4,101970,204608,MIKE JOHNSON,R,-33.47859272354833,True,-24.873096446700508,-1,-8.605496276847823,recent,-2.523236370795469,-1,6.082259906052355,JOHNSON M,True,-24.691358024691358,-8.7815796881908
2020,LA,5,99566,335524,LUKE J LETLOW,R,-54.231997977429955,True,-30.8316430020284,0,-23.400354975401555,recent,-2.523236370795469,-1,20.877118604606085,LETLOW L,False,-30.122950819672134,-24.103392147091647
2020,LA,6,95541,265706,GARRET GRAVES,R,-47.10488945236916,True,-29.93890020366599,-1,-17.165989248703166,recent,-2.523236370795469,-1,14.642752877907697,GRAVES G,True,-35.281837160751564,-11.817397280951418
2020,MA,2,249854,132220,JAMES P MCGOVERN,D,30.788276616571657,True,26.380368098159504,1,4.407908518412153,recent,-2.523236370795469,1,6.931144889207622,MCGOVERN J,True,20.860215053763447,9.933716573474385
2020,MA,4,251102,160474,JAKE AUCHINCLOSS,D,22.01974847901724,True,31.36456211812627,0,-9.344813639109027,recent,-2.523236370795469,1,-6.8215772683135585,AUCHINCLOSS J,False,25.69002123142251,-3.664617741739093
2020,MA,5,294427,101351,KATHERINE M CLARK,D,48.78391421453441,True,51.422764227642276,1,-2.638850013107863,recent,-2.523236370795469,1,-0.11561364231239413,CLARK K,True,45.89473684210525,2.894832383095334
2020,MA,6,286377,150695,SETH MOULTON,D,31.043397884101477,True,27.494908350305497,1,3.54848953379598,recent,-2.523236370795469,1,6.071725904591449,MOULTON S,True,18.981972428419933,12.067080466347718
2020,MA,9,260262,154261,WILLIAM R KEATING,D,25.571801805931155,True,17.92260692464359,0,7.649194881287567,recent,-2.523236370795469,1,10.172431252083037,KEATING W,False,11.346765641569462,14.230691175027868
2020,MD,1,143877,250901,ANDY HARRIS,R,-27.109920005674073,True,-20.12257405515832,-1,-6.987345950515753,recent,-2.523236370795469,-1,4.464109579720284,HARRIS A,True,-29.979035639412995,2.874770644405096
2020,MD,2,224836,106355,C A DUTCH RUPPERSBERGER,D,35.77422091783895,True,34.01221995926681,1,1.7620009585721448,recent,-2.523236370795469,1,4.285237329367614,RUPPERSBERGER C,True,25.469728601252605,10.310147327252523
2020,MD,3,260358,112117,JOHN P SARBANES,D,39.79891267870327,True,40.06116207951071,1,-0.2622494008074412,recent,-2.523236370795469,1,2.2609869699880276,SARBANES J,True,32.07150368033649,7.733064009032951
2020,MD,4,282119,71671,ANTHONY G BROWN,D,59.483874614884535,True,60.93591047812817,1,-1.452035863243637,recent,-2.523236370795469,1,1.0712005075518318,BROWN A,True,59.33952528379773,0.15000434175298238
2020,MD,5,274210,123525,STENY H HOYER,D,37.88577821916603,True,39.57273652085452,1,-1.6869583016884917,recent,-2.523236370795469,1,0.8362780691069771,HOYER S,True,33.26403326403326,4.6273999657989435
2020,MD,6,215540,143599,DAVID J TRONE,D,20.031519829369685,True,23.547400611620798,1,-3.515880782251113,recent,-2.523236370795469,1,-0.9926444114556441,TRONE D,True,15.811518324607325,4.225656515428534
2020,MD,7,237105,92825,KWEISI MFUME,D,43.73048828539387,True,59.34959349593497,0,-15.6191052105411,recent,-2.523236370795469,1,-13.09586883974563,MFUME K,False,57.91666666666666,-14.180523370606615
2020,MD,8,274716,127157,JAMIE RASKIN,D,36.717818813406225,True,41.140529531568234,1,-4.4227107181620084,recent,-2.523236370795469,1,-1.8994743473665396,RASKIN J,True,35.98326359832636,0.7402102257460399
2020,ME,1,271004,165008,CHELLIE PINGREE,D,24.310340082383053,True,23.789907312049436,1,0.5204327703336169,recent,-2.523236370795469,1,3.0436691411290857,PINGREE C,True,15.845824411134908,8.47017068191432
2020,ME,2,197974,175228,JARED F GOLDEN,D,6.094822642965472,True,-7.723995880535531,1,13.818818523501003,recent,-2.523236370795469,1,16.34205489429647,GOLDEN J,True,-11.135135135135133,17.23561278876678
2020,MI,1,153328,256581,JACK BERGMAN,R,-25.1892493211908,True,-17.563451776649742,-1,-7.625797544541058,recent,-2.523236370795469,-1,5.102561173745589,BERGMAN J,True,-22.539682539682534,-2.6439117708420916
2020,MI,2,154122,238711,BILL HUIZENGA,R,-21.53306875949831,True,-12.0162932790224,-1,-9.516775480475909,recent,-2.523236370795469,-1,6.99353910968044,HUIZENGA B,True,-18.723404255319146,-2.8040094935129893
2020,MI,3,189769,213649,PETER MEIJER,R,-5.919418568333589,True,-3.2653061224489823,0,-2.654112445884607,recent,-2.523236370795469,-1,0.13087607508913823,MEIJER P,False,-10.021321961620467,4.107558403953052
2020,MI,4,120802,242621,JOHN R MOOLENAAR,R,-33.5198927970987,True,-24.516785350966426,-1,-9.003107446132272,recent,-2.523236370795469,-1,6.479871075336804,MOOLENAAR J,True,-26.326963906581735,-7.187273879850789
2020,MI,5,196599,150772,DANIEL T KILDEE,D,13.192523267630285,True,4.365482233502536,1,8.827041034127749,recent,-2.523236370795469,1,11.350277404923219,KILDEE D,True,4.411764705882356,8.786413572414105
2020,MI,6,152085,211496,FRED UPTON,R,-16.340512843080358,True,-4.587155963302752,-1,-11.753356879777606,recent,-2.523236370795469,-1,9.230120508982136,UPTON F,True,-8.9171974522293,-7.417660380184884
2020,MI,7,159743,227524,TIM WALBERG,R,-17.50239498847049,True,-15.768056968463886,-1,-1.7343380200066019,recent,-2.523236370795469,-1,-0.7888983507888669,WALBERG T,True,-18.008474576271187,0.5117345984668731
2020,MI,8,217922,202525,ELISSA SLOTKIN,D,3.6620549082286233,True,-0.8130081300813051,1,4.475063038309928,recent,-2.523236370795469,1,6.998299409105397,SLOTKIN E,True,-7.089947089947092,10.757657008841889
2020,MI,9,230318,153296,ANDY LEVIN,D,20.077995067958938,True,13.387423935091274,1,6.690571132867664,recent,-2.523236370795469,1,9.213807503663134,LEVIN A,True,8.193277310924367,11.890372767700745
2020,MI,10,138179,271607,LISA MCCLAIN,R,-32.560409579634246,True,-30.223123732251526,0,-2.33728584738272,recent,-2.523236370795469,-1,-0.18595052341274876,MCCLAIN L,False,-33.75262054507337,1.197865976105298
2020,MI,11,226128,215405,HALEY M STEVENS,D,2.428584046945528,True,4.5592705167173255,1,-2.1306864697717973,recent,-2.523236370795469,1,0.3925499010236715,STEVENS H,True,-4.6315789473684275,7.06581800498013
2020,MI,12,254957,117719,DEBBIE DINGELL,D,36.82501690476446,True,30.223123732251526,1,6.601893172512934,recent,-2.523236370795469,1,9.125129543308404,DINGELL D,True,27.597061909758654,9.23361000567198
2020,MI,13,223205,53311,RASHIDA TLAIB,D,61.44092927714852,True,59.51417004048583,1,1.92675923666269,recent,-2.523236370795469,1,4.449995607458159,TLAIB R,True,62.64189886480908,-1.1953145769943845
2020,MI,14,271370,62664,BRENDA L LAWRENCE,D,62.480466060341165,True,60.60606060606061,1,1.8744054542805557,recent,-2.523236370795469,1,4.3976418250760245,LAWRENCE B,True,62.461538461538474,0.024582609468865257
2020,MN,1,167890,179234,JIM HAGEDORN,R,-3.2679964508360126,True,-10.31664964249234,-1,7.048653191656328,recent,-2.523236370795469,-1,-9.571889562451798,HAGEDORN J,True,-16.24863685932388,12.986295419154043
2020,MN,2,204534,194954,ANGIE CRAIG,D,2.3980695289971163,True,7.0480081716036755,1,-4.649938642606559,recent,-2.523236370795469,1,-2.12670227181109,CRAIG A,True,-1.3071895424836633,3.710914082146954
2020,MN,3,246666,196625,DEAN PHILLIPS,D,11.288521535515045,True,19.67380224260959,1,-8.385280707094545,recent,-2.523236370795469,1,-5.862044336299076,PHILLIPS D,True,10.195227765726681,1.0989487804545384
2020,MN,4,245813,112730,BETTY MCCOLLUM,D,37.11772367610022,True,37.755102040816325,1,-0.6373783647161062,recent,-2.523236370795469,1,1.8858580060793626,MCCOLLUM B,True,33.55048859934853,3.5728900874178606
2020,MN,5,255924,102878,ILHAN OMAR,D,42.654723217819296,True,63.877551020408156,1,-21.22282780258886,recent,-2.523236370795469,1,-18.69959143179339,OMAR I,True,59.86984815618221,-17.209469927696738
2020,MN,6,140853,270901,TOM EMMER,R,-31.583906895865006,True,-20.654396728016362,-1,-10.929510167848644,recent,-2.523236370795469,-1,8.406273797053174,EMMER T,True,-27.904451682953308,-3.6738002022455234
2020,MN,7,144840,194066,MICHELLE FISCHBACH,R,-14.524971526027866,True,-29.93890020366599,1,15.413928677638125,recent,-2.523236370795469,-1,-17.937165048433595,FISCHBACH M,False,-33.18965517241379,18.670338657052095
2020,MN,8,147853,223432,PETE STAUBER,R,-20.356060708081394,True,-14.897959183673464,-1,-5.45810152440793,recent,-2.523236370795469,-1,2.934865153612461,STAUBER P,True,-16.810344827586206,-3.540060869829013
2020,MO,1,249087,59940,CORI BUSH,D,61.207273150889726,True,63.21138211382114,0,-2.0041089629314115,recent,-2.523236370795469,1,0.5191274078640573,BUSH C,False,60.75156576200418,0.4613623995517244
2020,MO,2,204540,233157,ANN WAGNER,R,-6.538084565350003,True,0.0,-1,-6.538084565350003,recent,-2.523236370795469,-1,4.014848194554534,WAGNER A,True,-10.853530031612227,4.3211004769283985
2020,MO,3,116095,282866,BLAINE LUETKEMEYER,R,-41.8013289519527,True,-36.18756371049949,-1,-5.613765241453208,recent,-2.523236370795469,-1,3.0905288706577396,LUETKEMEYER B,True,-40.96638655462184,-0.8292873866646815
2020,MO,4,107635,245247,VICKY HARTZLER,R,-38.996605097454676,True,-34.8314606741573,-1,-4.165144423297377,recent,-2.523236370795469,-1,1.6419080525019085,HARTZLER V,True,-38.05496828752643,-0.9359817992620734
2020,MO,5,207180,135934,EMANUEL CLEAVER,D,20.764527241674777,True,19.183673469387752,1,1.5808537722870248,recent,-2.523236370795469,1,4.104090143082494,CLEAVER E,True,14.255543822597676,6.514638429743275
2020,MO,6,118926,258709,SAM GRAVES,R,-37.01537198617713,True,-28.789420142421157,-1,-8.225951843755972,recent,-2.523236370795469,-1,5.702715472960503,GRAVES S,True,-33.12236286919831,-3.8873541063126424
2020,MO,7,98111,254318,BILLY LONG,R,-44.32297001665584,True,-42.711518858307855,-1,-1.6114511583479825,recent,-2.523236370795469,-1,-0.9117852124474863,LONG B,True,-48.05467928496319,3.73736427897353
2020,MO,8,70561,253811,JASON SMITH,R,-56.4937787478574,True,-56.79513184584179,-1,0.30135309798438925,recent,-2.523236370795469,-1,-2.824589468779858,SMITH J,True,-56.43153526970955,-0.05658846748167434
2020,MS,1,104008,228787,TRENT KELLY,R,-37.4942532189486,True,-31.440162271805274,-1,-6.054090947143326,recent,-2.523236370795469,-1,3.530854576347857,KELLY T,True,-33.742331288343564,-3.7462669199388614
2020,MS,2,196224,101010,BENNIE G THOMPSON,D,32.033347463614525,True,28.816986855409503,1,3.2163606082050222,recent,-2.523236370795469,1,5.739596979000491,THOMPSON B,True,28.875379939209726,3.1636225350709744
2020,MS,3,120782,221064,MICHAEL GUEST,R,-29.335431744118697,True,-21.783181357649443,-1,-7.552250386469254,recent,-2.523236370795469,-1,5.029014015673785,GUEST M,True,-24.974515800203875,-4.355260933248648
2020,MT,0,262340,339169,MATT ROSENDALE,R,-12.772709967764406,True,-16.717948717948715,0,3.945238750184309,recent,-2.523236370795469,-1,-6.468475120979778,ROSENDALE M,False,-22.294372294372295,9.527317337274063
2020,NC,1,188870,159748,G K BUTTERFIELD,D,8.353556041283008,True,8.66935483870968,1,-0.3157987974266714,recent,-2.523236370795469,1,2.2074375733687974,BUTTERFIELD G,True,11.291963377416074,-2.9327523254668915
2020,NC,2,311887,172544,DEBORAH K ROSS,D,28.764261576984133,True,30.82400813835198,0,-2.0597465613678487,recent,-2.523236370795469,1,0.4634898094276201,ROSS D,False,25.363825363825367,3.406091223824941
2020,NC,3,132752,229800,GREGORY F MURPHY,R,-26.76802224232662,True,-23.52941176470588,0,-3.238610477620739,recent,-2.523236370795469,-1,0.7153741068252701,MURPHY G,False,-25.128205128205128,-1.634162103455317
2020,NC,4,332421,161298,DAVID E PRICE,D,34.65999890626044,True,34.81781376518218,1,-0.1578148589217392,recent,-2.523236370795469,1,2.3654215118737296,PRICE D,True,34.294541709577764,0.3711122073488511
2020,NC,5,119846,257843,VIRGINIA FOXX,R,-36.537203889972965,True,-36.161616161616166,-1,-0.3755877283567983,recent,-2.523236370795469,-1,-2.1476486424386705,FOXX V,True,-37.846153846153854,1.3146049668470638
2020,NC,6,253531,153598,KATHY MANNING,D,24.545782786291323,True,24.69635627530364,0,-0.15057348901231649,recent,-2.523236370795469,1,2.3726628817831523,MANNING K,False,22.09660842754368,2.454829369413819
2020,NC,7,179045,272443,DAVID ROUZER,R,-20.68670706641151,True,-17.61133603238866,-1,-3.075371034022851,recent,-2.523236370795469,-1,0.552134663227382,ROUZER D,True,-20.45220966084275,-0.2288423949025855
2020,NC,8,177781,202774,RICHARD HUDSON,R,-6.567513237245602,True,-6.490872210953346,-1,-0.07664102629225589,recent,-2.523236370795469,-1,-2.446595344503213,HUDSON R,True,-9.352517985611511,2.790659759032084
2020,NC,9,179463,224661,DAN BISHOP,R,-11.184190990883986,True,-7.987866531850353,0,-3.196324459033633,recent,-2.523236370795469,-1,0.6730880882381642,BISHOP D,False,-10.835913312693497,-0.3426226675243136
2020,NC,10,128189,284095,PATRICK T MCHENRY,R,-37.81519535077762,True,-36.90596562184024,-1,-0.9092297289373832,recent,-2.523236370795469,-1,-1.6140066418580856,MCHENRY P,True,-39.282051282051285,1.472510941939838
2020,NC,11,190609,245351,MADISON CAWTHORN,R,-12.556656573997614,True,-12.259371833839923,0,-0.297284740157691,recent,-2.523236370795469,-1,-2.225951630637778,CAWTHORN M,False,-17.81668383110196,5.265682267770522
2020,NC,13,124684,267181,TED BUDD,R,-36.36379875722506,True,-35.69261880687563,-1,-0.6711799503494333,recent,-2.523236370795469,-1,-1.8520564204460355,BUDD T,True,-37.295081967213115,0.9369382206542269
2020,ND,0,97970,245229,KELLY ARMSTRONG,R,-42.907759055242,True,-34.496919917864474,-1,-8.410839137377529,recent,-2.523236370795469,-1,5.88760276658206,ARMSTRONG K,True,-39.65141612200435,-3.2506879225714798
2020,NE,1,119622,189006,JEFF FORTENBERRY,R,-22.481433959329678,True,-15.368852459016395,-1,-7.112581500313283,recent,-2.523236370795469,-1,4.589345129517814,FORTENBERRY J,True,-22.732123799359652,0.25634485069614854
2020,NE,2,155706,171071,DON BACON,R,-4.701983309718861,True,6.639427987742594,-1,-11.341411297461455,recent,-2.523236370795469,-1,8.818174926665986,BACON D,True,-2.335456475583867,-2.360871823468819
2020,NE,3,50690,225157,ADRIAN SMITH,R,-63.24774240792903,True,-54.285714285714285,-1,-8.962028122214747,recent,-2.523236370795469,-1,6.438791751419278,SMITH A,True,-57.85036880927292,-5.391718587989935
2020,NH,1,205606,185159,CHRIS PAPPAS,D,5.232556651696032,True,6.097560975609756,1,-0.8650043239137242,recent,-2.523236370795469,1,1.6582320468817446,PAPPAS C,True,-1.6877637130801701,6.925975375442377
2020,NH,2,208289,168886,ANN M KUSTER,D,10.446874792868032,True,8.850457782299086,1,1.5964170105689455,recent,-2.523236370795469,1,4.119653381364414,KUSTER A,True,2.5316455696202516,7.920884233913955
2020,NJ,1,240567,144463,DONALD NORCROSS,D,24.96013297665117,True,25.835866261398177,1,-0.8757332847470067,recent,-2.523236370795469,1,1.647503086048462,NORCROSS D,True,25.33609100310238,-0.37030301578503355
2020,NJ,2,173849,195526,JEFFERSON VAN DREW,R,-5.868561759729272,True,-2.938196555217831,1,-2.9303652045114412,recent,-2.523236370795469,-1,0.4071288337159724,DREW J,False,-4.761904761904764,-1.1010019871583339
2020,NJ,3,229840,196327,ANDY KIM,D,7.863818643864963,True,-0.20283975659228778,1,8.066658400457252,recent,-2.523236370795469,1,10.58989477125272,KIM A,True,-6.418219461697718,14.287693116228855
2020,NJ,4,162420,254103,CHRISTOPHER H SMITH,R,-22.011509568499218,True,-10.638297872340425,-1,-11.373211696158792,recent,-2.523236370795469,-1,8.849975325363324,SMITH C,True,-15.289256198347106,-6.716598359485937
2020,NJ,5,225175,193333,JOSH GOTTHEIMER,D,7.608456708115496,True,5.27383367139959,1,2.3346230367159064,recent,-2.523236370795469,1,4.857859407511375,GOTTHEIMER J,True,-1.1398963730569889,8.75400809183866
2020,NJ,6,199648,126760,FRANK PALLONE JR,D,22.330335040807824,True,15.90678824721378,1,6.423546793594044,recent,-2.523236370795469,1,8.946783164389512,PALLONE F,True,16.115702479338843,6.220287572135156
2020,NJ,7,219629,214318,TOM MALINOWSKI,D,1.2238821791601278,True,10.050761421319804,1,-8.826879242159675,recent,-2.523236370795469,1,-6.3036428713642065,MALINOWSKI T,True,1.1446409989594188,0.08489619086688349
2020,NJ,8,176758,58686,ALBIO SIRES,D,50.148655306569715,True,45.050505050505045,1,5.09815025606467,recent,-2.523236370795469,1,7.621386626860139,SIRES A,True,55.76131687242798,-5.607006555192093
2020,NJ,9,203674,98629,BILL PASCRELL JR,D,34.74824927308032,True,25.65656565656566,1,9.091683616514658,recent,-2.523236370795469,1,11.614919987310127,PASCRELL B,True,32.03285420944558,2.721050074300912
2020,NJ,11,235163,206013,MIKIE SHERRILL,D,6.607340381163073,True,6.7882472137791305,1,-0.18090683261605722,recent,-2.523236370795469,1,2.3423295381794116,SHERRILL M,True,-0.9307135470527391,7.543708938881987
2020,NJ,12,230883,114591,BONNIE WATSON COLEMAN,D,33.6615780058702,True,36.372847011144884,1,-2.711269005274687,recent,-2.523236370795469,1,-0.18803263447921825,COLEMAN B,True,34.29752066115703,-0.6302876446206582
2020,NM,1,186953,134337,DEBRA A HAALAND,D,16.376482305705125,True,23.360655737704924,1,-6.9841734319998,recent,-2.523236370795469,1,-4.460937061204331,HAALAND D,True,19.031141868512112,-2.6490045521408128
2020,NM,2,122546,142283,YVETTE HERRELL,R,-7.452733650770875,True,-12.04081632653061,1,4.588082675759735,recent,-2.523236370795469,-1,-7.111319046555204,HERRELL Y,False,-11.333333333333336,3.8862546932286355
2020,NM,3,186282,131166,TERESA LEGER FERNANDEZ,D,17.36221365388977,True,17.995910020449898,0,-0.6336963665601267,recent,-2.523236370795469,1,1.889540004235342,FERNANDEZ T,False,17.062146892655363,0.3057217719005827
2020,NV,1,137868,74490,DINA TITUS,D,29.844884581696945,True,25.63840653728294,1,4.2064780444140055,recent,-2.523236370795469,1,6.729714415209474,TITUS D,True,30.78556263269639,-0.9350230403332702
2020,NV,2,155780,216078,MARK E AMODEI,R,-16.215329507500176,True,-10.288065843621398,-1,-5.927263663878778,recent,-2.523236370795469,-1,3.404027293083309,AMODEI M,True,-13.413304252998907,-2.796370243835094
2020,NV,3,203421,190975,SUSIE LEE,D,3.155711518372397,True,0.20408163265306412,1,2.951629885719333,recent,-2.523236370795469,1,5.474866256514802,LEE S,True,-1.0638297872340425,4.225196316272614
2020,NV,4,168457,152284,STEVEN HORSFORD,D,5.0423862243991255,True,3.9836567926455553,1,1.0587294317535703,recent,-2.523236370795469,1,3.581965802549039,HORSFORD S,True,5.20722635494155,-0.15918511987625017
2020,NY,1,169294,205715,LEE M ZELDIN,R,-9.712033577860797,True,-4.251012145748991,-1,-5.4610214321118065,recent,-2.523236370795469,-1,2.9377850613163377,ZELDIN L,True,-12.719751809720783,3.0133732425261606
2020,NY,2,154246,177379,ANDREW R GARBARINO,R,-6.975650207312476,True,-4.048582995951417,0,-2.9270672113610594,recent,-2.523236370795469,-1,0.4038308405655906,GARBARINO A,False,-9.391124871001033,2.421129674354731
2020,NY,3,208555,161931,THOMAS R SUOZZI,D,12.584551103145598,True,10.50505050505051,1,2.0795005980950876,recent,-2.523236370795469,1,4.602736968890556,SUOZZI T,True,6.2821833161689,6.308022797642873
2020,NY,4,199762,153007,KATHLEEN M RICE,D,13.253715604262279,True,12.323232323232325,1,0.9304832810299537,recent,-2.523236370795469,1,3.4537196518254225,RICE K,True,9.876543209876546,3.3828274050519074
2020,NY,6,158862,74829,GRACE MENG,D,35.95902281217505,True,24.59677419354839,1,11.362248618626658,recent,-2.523236370795469,1,13.885484989422128,MENG G,True,33.95061728395061,2.014060538890611
2020,NY,8,234933,42007,HAKEEM S JEFFRIES,D,69.66346501047158,True,66.80080482897385,1,2.8626601814977306,recent,-2.523236370795469,1,5.385896552293199,JEFFRIES H,True,72.47706422018348,-2.8079441990457212
2020,NY,9,230221,43950,YVETTE D CLARKE,D,67.9397164543296,True,64.11290322580646,1,3.826813228523136,recent,-2.523236370795469,1,6.350049599318605,CLARKE Y,True,70.58222676200202,-2.6368552970062495
2020,NY,10,206310,66889,JERROLD L NADLER,D,51.032763663117365,True,53.73737373737374,1,-2.7046100742563723,recent,-2.523236370795469,1,-0.18137370346090353,NADLER J,True,61.27703398558188,-10.238615311798341
2020,NY,11,137198,155608,NICOLE MALLIOTAKIS,R,-6.287439465038284,True,-10.595358224016145,1,4.307918758977861,recent,-2.523236370795469,-1,-6.83115512977333,MALLIOTAKIS N,False,-10.061601642710476,3.7798171883383667
2020,NY,12,265172,53061,CAROLYN B MALONEY,D,66.65273557424905,True,70.07077856420628,1,-3.418042989957229,recent,-2.523236370795469,1,-0.8948066191617601,MALONEY C,True,72.10743801652893,-5.449047431613707
2020,NY,14,152661,58440,ALEXANDRIA OCASIO-CORTEZ,D,44.63313769238422,True,47.782258064516135,1,-3.149120372131918,recent,-2.523236370795469,1,-0.6258840013364493,CORTEZ A,True,59.384615384615394,-14.745822681565002
2020,NY,17,197354,117309,MONDAIRE JONES,D,25.438326082189516,True,20.404040404040405,0,5.034285678149111,recent,-2.523236370795469,1,7.55752204894458,JONES M,False,20.824742268041238,4.6192388248144525
2020,NY,18,187444,145145,SEAN PATRICK MALONEY,D,12.718099516219718,True,5.070993914807302,1,7.647105601412416,recent,-2.523236370795469,1,10.170341972207884,MALONEY S,True,-1.9771071800208102,14.700861706906704
2020,NY,19,192100,151475,ANTONIO DELGADO,D,11.824201411627739,True,1.529051987767584,1,10.295149423860154,recent,-2.523236370795469,1,12.818385794655622,DELGADO A,True,-7.172995780590715,19.00285220288463
2020,NY,20,219705,139446,PAUL D TONKO,D,22.34686803043845,True,21.0204081632653,1,1.3264598671731491,recent,-2.523236370795469,1,3.849696237968618,TONKO P,True,14.285714285714286,8.066808755390339
2020,NY,21,131995,188655,ELISE M STEFANIK,R,-17.670357087166693,True,-10.612244897959188,-1,-7.058112189207504,recent,-2.523236370795469,-1,4.5348758184120355,STEFANIK E,True,-14.80298189563365,-2.861720180866868
2020,NY,22,155989,156098,CLAUDIA TENNEY,R,-0.03492615841095592,True,-11.746680286006129,1,11.711754127595173,recent,-2.523236370795469,-1,-14.23499049839064,TENNEY C,False,-16.471838469713074,16.44256732196829
2020,NY,23,128976,181021,TOM REED,R,-16.78887215037565,True,-11.4519427402863,-1,-5.336929410089349,recent,-2.523236370795469,-1,2.81369303929388,REED T,True,-15.71125265392781,-1.071964485781665
2020,NY,24,147877,182809,JOHN M KATKO,R,-10.563495279509867,True,9.202453987730062,-1,-19.76594926723993,recent,-2.523236370795469,-1,17.24271289644446,KATKO J,True,3.821656050955416,-14.37949631979911
2020,NY,25,206396,136198,JOSEPH D MORELLE,D,20.490142851305045,True,22.778345250255366,1,-2.2882023989503217,recent,-2.523236370795469,1,0.23503397184514707,MORELLE J,True,17.33615221987315,3.15964564209807
2020,NY,26,223366,91706,BRIAN HIGGINS,D,41.78727401990656,True,27.494908350305497,1,14.292365669601065,recent,-2.523236370795469,1,16.815602040396534,HIGGINS B,True,20.50209205020921,21.290836980363526
2020,NY,27,149449,228885,CHRIS JACOBS,R,-20.996262561651875,True,-16.03677221654749,0,-4.959490345104385,recent,-2.523236370795469,-1,2.436253974308916,JACOBS C,False,-25.816649104320337,4.826041553334637
2020,OH,1,172022,199560,STEVE CHABOT,R,-7.411015603554532,True,-3.245436105476669,-1,-4.165579498077863,recent,-2.523236370795469,-1,1.6423431272823938,CHABOT S,True,-6.8893528183716075,-0.5160077745167495
2020,OH,2,146781,230430,BRAD R WENSTRUP,R,-22.17565235372245,True,-12.893401015228429,-1,-9.282251338494023,recent,-2.523236370795469,-1,6.759014967698554,WENSTRUP B,True,-16.858638743455494,-5.3113585996007835
2020,OH,3,227420,93569,JOYCE BEATTY,D,41.69955979799931,True,42.27642276422764,1,-0.5768629662283331,recent,-2.523236370795469,1,1.9463734045671357,BEATTY J,True,40.16736401673641,1.537850791929074
2020,OH,4,101897,235875,JIM JORDAN,R,-39.665217957675594,True,-36.52085452695828,-1,-3.1443634307173127,recent,-2.523236370795469,-1,0.6211270599218439,JORDAN J,True,-35.368421052631575,-4.291141894377844
2020,OH,5,120962,257019,ROBERT E LATTA,R,-35.99572465282647,True,-25.330620549338757,0,-10.66510410348771,recent,-2.523236370795469,-1,8.14186773269224,LATTA R,False,-26.61717921527041,-9.372890426889882
2020,OH,6,85661,249130,BILL JOHNSON,R,-48.82717874733789,True,-46.30192502532928,-1,-2.525253722008607,recent,-2.523236370795469,-1,0.0020173512131380633,JOHNSON B,True,-44.37499999999999,-4.446523736671722
2020,OH,7,102271,236607,BOB GIBBS,R,-39.64140487136964,True,-32.58883248730964,-1,-7.052572384059999,recent,-2.523236370795469,-1,4.529336013264531,GIBBS B,True,-31.164742917103887,-8.471006943599576
2020,OH,8,110766,246277,WARREN DAVIDSON,R,-37.95369185224189,True,-34.01015228426396,-1,-3.943539567977929,recent,-2.523236370795469,-1,1.4203031971824602,DAVIDSON W,True,-36.050156739811904,-1.8978801017638105
2020,OH,9,190328,111385,MARCY KAPTUR,D,26.164931574045532,True,19.390862944162432,1,6.7740686298831,recent,-2.523236370795469,1,9.29730500067857,KAPTUR M,True,23.31932773109244,2.8512588536192673
2020,OH,10,151976,212972,MICHAEL R TURNER,R,-16.71361399432248,True,-4.471544715447153,-1,-12.242069278875327,recent,-2.523236370795469,-1,9.718832908079857,TURNER M,True,-7.660020986358864,-9.04793799729744
2020,OH,11,242098,60323,MARCIA L FUDGE,D,60.106606353394774,True,61.212121212121204,1,-1.1055148587264298,recent,-2.523236370795469,1,1.417721512069039,FUDGE M,True,65.12820512820512,-5.0159437641441755
2020,OH,12,182847,241790,TROY BALDERSON,R,-13.8807970101522,True,-5.989847715736047,-1,-7.890949294416154,recent,-2.523236370795469,-1,5.367712923620685,BALDERSON T,True,-11.882229232386967,-1.9929127670990585
2020,OH,13,173631,148648,TIM RYAN,D,7.75197887544643,True,3.4482758620689644,1,4.303703013377466,recent,-2.523236370795469,1,6.826939384172935,RYAN T,True,6.792058516196447,0.9655753699161576
2020,OH,14,158586,238864,DAVID P JOYCE,R,-20.198263932570136,True,-9.10931174089069,-1,-11.088952191679446,recent,-2.523236370795469,-1,8.565715820883977,JOYCE D,True,-12.016718913270637,-8.175890008633324
2020,OH,15,140183,243103,STEVE STIVERS,R,-26.85201129182908,True,-14.314720812182737,-1,-12.537290479646343,recent,-2.523236370795469,-1,10.014054108850875,STIVERS S,True,-16.176470588235293,-10.669885692927611
2020,OH,16,144071,247335,ANTHONY GONZALEZ,R,-26.382835214585366,True,-14.48834853090172,-1,-11.894486683683647,recent,-2.523236370795469,-1,9.37125031288818,GONZALEZ A,True,-17.364016736401677,-9.013163467517515
2020,OK,1,109641,213700,KEVIN HERN,R,-32.18243278767617,True,-23.40862422997947,-1,-8.7738085576967,recent,-2.523236370795469,-1,6.250572186901231,HERN K,True,-30.49946865037194,-1.677309126638054
2020,OK,2,63472,216511,MARKWAYNE MULLIN,R,-54.66010436347921,True,-54.989816700610994,-1,0.32971233713178094,recent,-2.523236370795469,-1,-2.8529487079272497,MULLIN M,True,-52.351097178683396,-2.3033521741296425
2020,OK,3,66501,242677,FRANK D LUCAS,R,-56.98206211308696,True,-52.712384851586485,-1,-4.269677261500476,recent,-2.523236370795469,-1,1.7464408907050073,LUCAS F,True,-55.767195767195766,-1.209211335225021
2020,OK,4,90459,213096,TOM COLE,R,-40.40025695508228,True,-34.42622950819672,-1,-5.974027446885557,recent,-2.523236370795469,-1,3.4507910760900886,COLE T,True,-39.787234042553195,-0.6073679018629079
2020,OK,5,145658,158191,STEPHANIE BICE,R,-4.124746173263693,True,-5.447070914696812,1,1.3223247414331185,recent,-2.523236370795469,-1,-3.8455611122285873,BICE S,False,-14.40860215053764,10.28951098794012
2020,OR,1,297071,161928,SUZANNE BONAMICI,D,29.442983535911843,True,30.113052415210685,1,-0.6700688792988423,recent,-2.523236370795469,1,1.8531674914966265,BONAMICI S,True,24.83660130718954,4.612037239388478
2020,OR,2,168881,273835,CLIFF BENTZ,R,-23.706845923797648,True,-13.817809621289662,0,-9.889036302507986,recent,-2.523236370795469,-1,7.365799931712517,BENTZ C,False,-21.63616792249731,-2.065022990634162
2020,OR,3,343574,110570,EARL BLUMENAUER,D,51.3061936302142,True,51.94274028629857,1,-0.63654665608437,recent,-2.523236370795469,1,1.8866897147110988,BLUMENAUER E,True,51.71673819742489,-0.40488955654451075
2020,OR,4,240950,216081,PETER A DEFAZIO,D,5.4414251987283135,True,4.1067761806981515,1,1.334649018030162,recent,-2.523236370795469,1,3.857885388825631,DEFAZIO P,True,0.10857763300760198,5.338502576386886
2020,OR,5,234863,204372,KURT SCHRADER,D,6.941842066319851,True,9.94871794871795,1,-3.0068758823980994,recent,-2.523236370795469,1,-0.48363951160263063,SCHRADER K,True,4.5454545454545405,2.4020425315314853
2020,PA,1,191875,249804,BRIAN K FITZPATRICK,R,-13.115633752114093,True,5.858585858585856,-1,-18.974219610699947,recent,-2.523236370795469,-1,16.450983239904478,FITZPATRICK B,True,2.079002079002079,-15.188980820449997
2020,PA,2,198140,75022,BRENDAN F BOYLE,D,45.07142281869367,True,41.33064516129032,1,3.740777657403349,recent,-2.523236370795469,1,6.264014028198818,BOYLE B,True,49.079754601226995,-4.002676771867151
2020,PA,4,264637,179926,MADELEINE DEAN CUNNANE,D,19.054892107530318,True,24.368048533872596,1,-5.313156426342278,recent,-2.523236370795469,1,-2.7899200555468093,CUNNANE M,True,20.04153686396677,-0.9809897457702768
2020,PA,5,255743,139552,MARY GAY SCANLON,D,29.393490937148204,True,31.382441977800198,1,-1.988951040651994,recent,-2.523236370795469,1,0.5342853301434749,SCANLON M,True,29.07216494845361,0.3269809993607673
2020,PA,6,226440,177526,CHRISSY J HOULAHAN,D,12.108444770104414,True,15.182186234817815,1,-3.0737414647134003,recent,-2.523236370795469,1,-0.5505050939179315,HOULAHAN C,True,9.697601668404593,2.4164981123659963
2020,PA,7,195475,181407,SUSAN ELLIS WILD,D,3.7327333223661516,True,4.858299595141697,1,-1.1255662727755458,recent,-2.523236370795469,1,1.397670098019923,WILD S,True,1.1422637590861904,2.5961245739461356
2020,PA,8,178004,165783,MATTHEW ALTON CARTWRIGHT,D,3.5548173723846452,True,-4.44444444444445,1,7.999261816829096,recent,-2.523236370795469,1,10.522498187624564,CARTWRIGHT M,True,-9.896907216494839,13.457379599545659
2020,PA,9,118266,232988,DANIEL PHILIP MEUSER,R,-32.660695678910415,True,-30.8316430020284,-1,-1.8290526768820143,recent,-2.523236370795469,-1,-0.6941836939134545,MEUSER D,True,-35.416666666666664,2.7616259984224243
2020,PA,10,182938,208896,SCOTT G PERRY,R,-6.624744151860226,True,-2.944162436548229,-1,-3.6805817153119973,recent,-2.523236370795469,-1,1.1573453445165285,PERRY S,True,-9.299895506792058,2.6808063655980066
2020,PA,11,141325,241915,LLOYD K SMUCKER,R,-26.24726020248408,True,-22.233502538071072,-1,-4.01375766441301,recent,-2.523236370795469,-1,1.4905212936175412,SMUCKER L,True,-27.10084033613445,0.8592351443165427
2020,PA,12,99199,241035,FREDERICK B KELLER,R,-41.68777958699013,True,-36.649746192893396,0,-5.038033394096736,recent,-2.523236370795469,-1,2.5147970233012673,KELLER F,False,-37.99582463465553,-3.6862999416684303
2020,PA,13,96612,267789,JOHN JOYCE,R,-46.9748985321116,True,-44.939271255060724,-1,-2.035627277050878,recent,-2.523236370795469,-1,-0.4876090937445907,JOYCE J,True,-47.25956566701137,0.2903221455659448
2020,PA,14,131895,241688,GUY RESCHENTHALER,R,-29.389185268066267,True,-27.805864509605662,-1,-1.583320758460605,recent,-2.523236370795469,-1,-0.9399156123348638,RESCHENTHALER G,True,-29.958677685950413,0.57514742855032
2020,PA,15,92156,255058,GLENN W THOMPSON JR,R,-46.91688699188397,True,-44.27558257345491,-1,-2.6413044184290584,recent,-2.523236370795469,-1,0.11806804763358958,THOMPSON G,True,-44.96365524402908,-1.9475767371887187
2020,PA,16,143962,210088,GEORGE J KELLY JR,R,-18.67702301934755,True,-18.94630192502533,-1,0.2692789056777798,recent,-2.523236370795469,-1,-2.7925152764732486,KELLY G,True,-20.876826722338205,2.205458713656828
2020,PA,17,222253,212284,CONOR J LAMB,D,2.2941659743589153,True,2.735562310030398,1,-0.44139633567148273,recent,-2.523236370795469,1,2.081840035123986,LAMB C,True,-2.7027027027027044,5.002523687727795
2020,PA,18,266084,118163,MICHAEL F DOYLE JR,D,38.496331786585195,True,30.43478260869565,1,8.061549177889546,recent,-2.523236370795469,1,10.584785548685016,DOYLE M,True,28.43846949327818,10.063517303973189
2020,RI,2,154086,109894,JAMES R LANGEVIN,D,16.74066217137662,True,13.705583756345177,1,3.0350784150314425,recent,-2.523236370795469,1,5.558314785826911,LANGEVIN J,True,7.465825446898004,9.28049173514479
2020,SC,1,210627,216042,NANCY MACE,R,-1.2691336844251633,True,-6.109979633401222,1,4.8408459489760585,recent,-2.523236370795469,-1,-7.364082319771527,MACE N,False,-13.95101171458999,12.687533040831001
2020,SC,2,155118,202715,JOE WILSON,R,-13.301456265911753,True,-11.47208121827411,-1,-1.8293750476376438,recent,-2.523236370795469,-1,-0.693861323157825,WILSON J,True,-18.65121180189673,5.35541054665115
2020,SC,3,95712,237544,JEFF DUNCAN,R,-42.559473797921115,True,-38.13387423935091,-1,-4.425599558570205,recent,-2.523236370795469,-1,1.9023631877747365,DUNCAN J,True,-39.583333333333336,-2.9704854539216043
2020,SC,4,133023,222126,WILLIAM R TIMMONS IV,R,-25.088906346350406,True,-20.773930753564155,-1,-4.314975592786251,recent,-2.523236370795469,-1,1.791739221990782,TIMMONS W,True,-27.138331573389657,2.0550802377054254
2020,SC,5,145979,220006,RALPH NORMAN,R,-20.226785250761644,True,-16.835699797160245,-1,-3.3910854536013986,recent,-2.523236370795469,-1,0.8678490828059298,NORMAN R,True,-19.250780437044746,-0.9703498030507234
2020,SC,6,197477,89258,JAMES E CLYBURN,D,37.74181735749037,True,35.627530364372475,1,2.1142869931178936,recent,-2.523236370795469,1,4.637523363913362,CLYBURN J,True,37.59011328527291,0.1573590828836302
2020,SC,7,138863,224993,TOM RICE,R,-23.671452442724593,True,-18.787878787878782,-1,-4.8835736548458115,recent,-2.523236370795469,-1,2.3603372840503427,RICE T,True,-19.464469618949536,-4.2013278131088825
2020,TN,1,68617,228181,DIANA HARSHBARGER,R,-53.76181780200675,True,-55.03560528992878,0,1.2737874879220286,recent,-2.523236370795469,-1,-3.7970238587174974,HARSHBARGER D,False,-59.12863070539419,5.372467914053608
2020,TN,2,109684,238907,TIM BURCHETT,R,-37.070090736708636,True,-29.663608562691135,-1,-7.406482174017501,recent,-2.523236370795469,-1,4.8832458032220325,BURCHETT T,True,-37.341772151898724,0.2773364258562623
2020,TN,3,97687,215571,"CHARLES J \""CHUCK\"" FLEISCHMANN",R,-37.6316007891259,True,-32.9938900203666,-1,-4.637710768759298,recent,-2.523236370795469,-1,2.1144743979638294,FLEISCHMANN C,True,-36.82008368200837,-0.8058620964513565
2020,TN,4,111908,223802,SCOTT DESJARLAIS,R,-33.330553155997734,True,-37.47454175152749,-1,4.1439885955297555,recent,-2.523236370795469,-1,-6.667224966325224,DESJARLAIS S,True,-42.916666666666664,9.591768521335105
2020,TN,6,83852,257572,JOHN W ROSE,R,-50.88101598013028,True,-47.9145473041709,-1,-2.9664686759593764,recent,-2.523236370795469,-1,0.44323230516390755,ROSE J,True,-50.77881619937694,-0.09654477008716356
2020,TN,7,95839,245188,MARK E GREEN,R,-43.79389315215511,True,-36.25254582484726,-1,-7.541347327307847,recent,-2.523236370795469,-1,5.018110956512378,GREEN M,True,-41.06583072100313,-2.7224074204858013
2020,TN,8,97890,227216,DAVID KUSTOFF,R,-39.77964110167145,True,-32.657200811359026,-1,-7.122440290312426,recent,-2.523236370795469,-1,4.599203919516957,KUSTOFF D,True,-36.70103092783505,-3.072955163170228
2020,TN,9,187905,48818,STEVE COHEN,D,58.75516954415076,True,59.71515768056969,1,-0.9599881364189287,recent,-2.523236370795469,1,1.5632482343765401,COHEN S,True,59.30113052415211,-0.5403059693351722
2020,TX,1,83016,219726,LOUIE GOHMERT,R,-45.15726261965634,True,-44.939271255060724,-1,-0.21799136459561907,recent,-2.523236370795469,-1,-2.3052450061998497,GOHMERT L,True,-48.10256410256411,2.9509564935739405
2020,TX,2,148374,192828,DAN CRENSHAW,R,-13.028645787539347,True,-1.3197969543147179,-1,-11.708848833224629,recent,-2.523236370795469,-1,9.185612462429159,CRENSHAW D,True,-9.738219895287957,-3.2847708815852155
2020,TX,3,179458,230512,VAN TAYLOR,R,-12.453106324853039,True,-1.1167512690355272,-1,-11.336355055817512,recent,-2.523236370795469,-1,8.813118685022044,TAYLOR V,True,-14.884696016771484,2.4372447025846196
2020,TX,4,76326,253837,PAT FALLON,R,-53.76465563979004,True,-50.607287449392715,0,-3.157368190397328,recent,-2.523236370795469,-1,0.6341318196018593,FALLON P,False,-55.144032921810705,1.3850322926868373
2020,TX,5,100743,173836,LANCE GOODEN,R,-26.62002556641258,True,-23.279352226720647,-1,-3.340673339691932,recent,-2.523236370795469,-1,0.8174369688964633,GOODEN L,True,-29.278350515463924,2.663979959717519
2020,TX,6,149530,179507,RON WRIGHT,R,-9.110525563994322,True,-3.0425963488843815,-1,-6.067929215109941,recent,-2.523236370795469,-1,3.544692844314472,WRIGHT R,True,-12.799167533818943,3.6942969804907957
2020,TX,7,159529,149054,LIZZIE FLETCHER,D,3.3945486303522876,True,8.611955420466058,1,-5.21740679011377,recent,-2.523236370795469,1,-2.6941704193183016,FLETCHER L,True,1.4644351464435132,1.935768494574949
2020,TX,8,97409,277327,KEVIN BRADY,R,-48.01193373468255,True,-43.05977710233029,-1,-4.952156632352263,recent,-2.523236370795469,-1,2.4289202615567946,BRADY K,True,-50.5175983436853,2.5113196196689245
2020,TX,9,172938,49575,AL GREEN,D,55.44080570573405,True,52.92929292929294,1,2.5115127764411085,recent,-2.523236370795469,1,5.034749147236577,GREEN A,True,63.00102774922919,-7.554567032828963
2020,TX,10,187686,217216,MICHAEL T MCCAUL,R,-7.293122780327091,True,-1.626016260162603,-1,-5.667106520164488,recent,-2.523236370795469,-1,3.143870149369019,MCCAUL M,True,-9.528795811518318,2.2413280418574013
2020,TX,11,53394,232568,AUGUST PFLUGER,R,-62.65657674795952,True,-60.12145748987854,0,-2.5351192580809823,recent,-2.523236370795469,-1,0.011882887285513455,PFLUGER A,False,-60.577915376676984,-2.073006360616361
2020,TX,12,121250,233853,KAY GRANGER,R,-31.709954576559475,True,-22.967479674796746,-1,-8.74247490176273,recent,-2.523236370795469,-1,6.219238530967261,GRANGER K,True,-31.589958158995813,-0.11434140689748773
2020,TX,13,50477,217124,RONNY JACKSON,R,-62.27443096251509,True,-60.649087221095336,0,-1.625343741419755,recent,-2.523236370795469,-1,-0.8978926293757139,JACKSON R,False,-65.08264462809917,2.8138686762502587
2020,TX,14,118574,190541,RANDY K WEBER SR,R,-23.281626579104863,True,-19.675456389452332,-1,-3.6061701896525307,recent,-2.523236370795469,-1,1.0829338188570619,WEBER R,True,-20.496894409937894,-2.779077158500794
2020,TX,15,115605,109017,VICENTE GONZALEZ,D,2.932927317894062,True,1.9211324570272987,1,1.0117948608667633,recent,-2.523236370795469,1,3.535031231662232,GONZALEZ V,True,17.269906928645298,-14.331324600085061
2020,TX,16,154108,84006,VERONICA ESCOBAR,D,29.44052008701714,True,34.959349593495936,1,-5.518829506478795,recent,-2.523236370795469,1,-2.9955931356833263,ESCOBAR V,True,42.797055730809674,-13.350880633126359
2020,TX,17,125565,171390,PETE SESSIONS,R,-15.431631055210385,True,-11.20162932790224,0,-4.230001727308146,recent,-2.523236370795469,-1,1.706765356512677,SESSIONS P,False,-18.401682439537332,2.9757063949931215
2020,TX,18,180952,58033,SHEILA JACKSON LEE,D,51.433771994058205,True,53.394123606889565,1,-1.96035161283136,recent,-2.523236370795469,1,0.5628847579641088,LEE S,True,58.54922279792746,-7.109795793203084
2020,TX,19,60583,198198,JODEY C ARRINGTON,R,-53.1781699583818,True,-46.59898477157361,-1,-6.579185186808189,recent,-2.523236370795469,-1,4.05594881601272,ARRINGTON J,True,-51.041666666666664,-2.130848281048962
2020,TX,20,175078,89628,JOAQUIN CASTRO,D,32.281096763956995,True,29.471544715447152,1,2.8095520485098433,recent,-2.523236370795469,1,5.332788419305312,CASTRO J,True,28.016789087093397,4.269962687529773
2020,TX,21,205780,235740,CHIP ROY,R,-6.785649574198224,True,-2.7411167512690384,-1,-4.044532822929186,recent,-2.523236370795469,-1,1.5212964521337176,ROY C,True,-10.526315789473685,3.746321225941635
2020,TX,22,181998,210259,TROY NEHLS,R,-7.204715275954285,True,-0.9118541033434637,0,-6.292861172610822,recent,-2.523236370795469,-1,3.769624801815353,NEHLS T,False,-8.203530633437174,1.0044703681490628
2020,TX,23,137693,149395,TONY GONZALES,R,-4.076102101097921,True,-1.8218623481781349,0,-2.254239752919786,recent,-2.523236370795469,-1,-0.26899661787568263,GONZALES T,False,3.5343035343035334,-7.60475062473528
2020,TX,24,163326,167910,BETH VAN DUYNE,R,-1.3839075462812014,True,5.487804878048779,0,-6.8717124243299805,recent,-2.523236370795469,-1,4.348476053534512,DUYNE B,False,-6.512605042016809,5.1343525064017825
2020,TX,25,165697,220088,ROGER WILLIAMS,R,-14.098785593011652,True,-9.75609756097561,-1,-4.342688032036042,recent,-2.523236370795469,-1,1.8194516612405733,WILLIAMS R,True,-15.634837355718778,1.541706773373301
2020,TX,26,161009,261963,MICHAEL C BURGESS,R,-23.867773753345375,True,-14.430894308943085,-1,-9.43687944440229,recent,-2.523236370795469,-1,6.9136430736068215,BURGESS M,True,-27.806925498426025,3.944806755746825
2020,TX,27,95466,172305,MICHAEL CLOUD,R,-28.695788565602697,True,-24.01215805471125,-1,-4.683630510891447,recent,-2.523236370795469,-1,2.1603941400959785,CLOUD M,True,-24.43064182194617,-4.259491732990352
2020,TX,28,137494,91925,HENRY CUELLAR,D,19.862783814766868,True,4.453441295546557,1,15.40934251922031,recent,-2.523236370795469,1,17.93257889001578,CUELLAR H,True,20.454545454545453,-0.5861066291124111
2020,TX,29,111305,42840,SYLVIA R GARCIA,D,44.41597197443965,True,33.4008097165992,1,11.015162257840451,recent,-2.523236370795469,1,13.538398628635921,GARCIA S,True,47.35751295336787,-2.935885968262049
2020,TX,30,204928,48685,EDDIE BERNICE JOHNSON,D,61.606857692626164,True,61.70212765957447,1,-0.09526996694830814,recent,-2.523236370795469,1,2.4279664038471607,JOHNSON E,True,62.422997946611915,-0.8104852433195759
2020,TX,31,176293,212695,JOHN R CARTER,R,-9.358129299618497,True,-2.857142857142854,-1,-6.500986442475643,recent,-2.523236370795469,-1,3.977750071680174,CARTER J,True,-13.467656415694595,4.115182126742273
2020,TX,32,178542,157867,COLIN Z ALLRED,D,6.1457927701101935,True,10.569105691056908,1,-4.423312920946715,recent,-2.523236370795469,1,-1.9000765501512458,ALLRED C,True,1.9978969505783373,4.15355083019803
2020,TX,33,105317,39638,MARC A VEASEY,D,45.30992376944569,True,48.073022312373226,1,-2.763098542927537,recent,-2.523236370795469,1,-0.23986217213206817,VEASEY M,True,50.931677018633536,-5.616098238521673
2020,TX,34,111439,84119,FILEMON VELA,D,13.970279916955583,True,4.040404040404041,1,9.929875876551542,recent,-2.523236370795469,1,12.453112247347011,VELA F,True,22.18782249742002,-8.211887569798261
2020,TX,35,176373,80795,LLOYD DOGGETT,D,37.16558825359298,True,37.88187372708758,1,-0.7162854734946009,recent,-2.523236370795469,1,1.8069508973008679,DOGGETT L,True,35.51797040169133,1.6532728625678246
2020,TX,36,73418,222712,BRIAN BABIN,R,-50.41502043021646,True,-45.546558704453446,-1,-4.868461725763012,recent,-2.523236370795469,-1,2.3452253549675435,BABIN B,True,-48.148148148148145,-2.2612172714021384
2020,UT,1,104194,237988,BLAKE DAVID MOORE,R,-39.100244898913445,True,-34.02922755741127,0,-5.071017341502177,recent,-2.523236370795469,-1,2.5477809707067083,MOORE B,False,-37.86407766990292,-1.2305122183443515
2020,UT,2,129762,208997,CHRIS STEWART,R,-23.389784478050768,True,-16.510903426791273,-1,-6.878881051259494,recent,-2.523236370795469,-1,4.355644680464025,STEWART C,True,-17.94871794871795,-5.435411518666644
2020,UT,3,96067,246674,JOHN R CURTIS,R,-43.94192699443603,True,-26.282722513089002,-1,-17.65920448134703,recent,-2.523236370795469,-1,15.135968110551559,CURTIS J,True,-33.90070921985816,-10.035562763911699
2020,UT,4,175923,179688,BURGESS OWENS,R,-1.058741152551524,True,-9.508881922675029,1,8.450140770123504,recent,-2.523236370795469,-1,-10.973377140918974,OWENS B,False,-9.370629370629374,8.317543228744023
2020,VA,1,186923,260614,ROBERT J WITTMAN,R,-16.465901143369152,True,-4.471544715447153,-1,-11.994356427922,recent,-2.523236370795469,-1,9.47112005712653,WITTMAN R,True,-13.080168776371304,-3.3800773563316735
2020,VA,2,185733,174201,ELAINE G LURIA,D,3.203920718798446,True,4.791029561671759,1,-1.5871088428733127,recent,-2.523236370795469,1,0.9361275279221561,LURIA E,True,-3.6093418259023347,6.818917555366955
2020,VA,3,233326,107299,"ROBERT C \""BOBBY\"" SCOTT",D,36.99875229357798,True,36.58536585365854,1,0.41338643991944224,recent,-2.523236370795469,1,2.936622810714911,SCOTT R,True,33.19371727748692,3.8106900267572357
2020,VA,4,241142,149625,A DONALD MCEACHIN,D,23.419838420337438,True,25.354969574036513,1,-1.935131153699075,recent,-2.523236370795469,1,0.5881052170963939,MCEACHIN A,True,22.54697286012526,0.8785205708783543
2020,VA,5,190315,210988,"ROBERT G \""BOB\"" GOOD",R,-5.151469089441146,True,-8.611955420466058,0,3.4604863310249128,recent,-2.523236370795469,-1,-5.983722701820382,GOOD R,False,-11.598746081504705,6.452932002729734
2020,VA,6,134729,246606,BEN CLINE,R,-29.338245899274916,True,-21.544715447154466,-1,-7.79353045212045,recent,-2.523236370795469,-1,5.270294081324981,CLINE B,True,-26.21564482029599,-3.1169460683127532
2020,VA,7,230893,222623,ABIGAIL DAVIS SPANBERGER,D,1.823529930586793,True,1.1167512690355272,1,0.7067786615512657,recent,-2.523236370795469,1,3.2300150323467345,SPANBERGER A,True,-6.878306878306878,8.707491819559845
2020,VA,8,301454,95365,DONALD S BEYER JR,D,51.935265196474965,True,57.24417426545086,1,-5.308909068975893,recent,-2.523236370795469,1,-2.7856726981804245,BEYER D,True,55.720338983050844,-3.779418775909704
2020,VA,10,268734,206253,JENNIFER WEXTON,D,13.154254748024682,True,19.59390862944162,1,-6.439653881416939,recent,-2.523236370795469,1,-3.9164175106214705,WEXTON J,True,10.59322033898305,2.5666894197078065
2020,VA,11,280725,111380,GERALD E CONNOLLY,D,43.18868670381658,True,42.59634888438134,1,0.5923378194352367,recent,-2.523236370795469,1,3.1155741902307055,CONNOLLY G,True,41.737288135593225,1.4570535788895285
2020,VT,0,238827,95830,PETER WELCH,D,42.72942146735314,True,36.625514403292186,1,6.103907064060955,recent,-2.523236370795469,1,8.627143434856425,WELCH P,True,30.344827586206897,12.39024889181242
2020,WA,1,249944,176407,SUZAN K DELBENE,D,17.24799519644612,True,21.47995889003083,1,-4.23196369358471,recent,-2.523236370795469,1,-1.7087273227892412,DELBENE S,True,17.73667029379761,-0.4830200866853147
2020,WA,2,255252,148384,RICK LARSEN,D,26.476330158855998,True,27.77777777777778,1,-1.301447618921781,recent,-2.523236370795469,1,1.2217887518736879,LARSEN R,True,24.100327153762272,2.3816580157599
2020,WA,3,181347,235579,JAIME HERRERA BEUTLER,R,-13.007584079668813,True,-3.794871794871798,-1,-9.212712284797016,recent,-2.523236370795469,-1,6.689475914001547,BEUTLER J,True,-8.008658008658006,-4.993271060344632
2020,WA,4,102667,202108,DAN NEWHOUSE,R,-32.62767615454023,True,-18.685831622176586,-1,-13.941844532363646,recent,-2.523236370795469,-1,11.418608161568176,NEWHOUSE D,True,-24.51612903225806,-8.105892111615997
2020,WA,5,155737,247815,CATHY MCMORRIS RODGERS,R,-22.816886051859488,True,-9.278350515463918,-1,-13.53853553639557,recent,-2.523236370795469,-1,11.015299165600101,RODGERS C,True,-14.34830230010953,-8.462928741083783
2020,WA,6,247429,168783,DEREK KILMER,D,18.895658943038644,True,18.350515463917525,1,0.5451434791211192,recent,-2.523236370795469,1,3.068379849916588,KILMER D,True,13.47207009857612,5.429243855128698
2020,WA,7,387109,78240,PRAMILA JAYAPAL,D,66.37362495675289,True,74.89795918367348,1,-8.524334226920587,recent,-2.523236370795469,1,-6.001097856125118,JAYAPAL P,True,74.12513255567337,-7.745852588254309
2020,WA,8,213123,198423,KIM SCHRIER,D,3.5718971876776835,True,6.666666666666667,1,-3.0947694789889835,recent,-2.523236370795469,1,-0.5715331081935147,SCHRIER K,True,3.2467532467532467,0.33079895159061135
2020,WA,9,258771,89697,ADAM SMITH,D,48.5192327559489,True,49.74463738508682,1,-1.2254046291379197,recent,-2.523236370795469,1,1.297831741657549,SMITH A,True,50.31982942430704,-1.7949416576919646
2020,WI,1,163170,238271,BRYAN STEIL,R,-18.7078549525335,True,-9.330628803245432,-1,-9.377226149288067,recent,-2.523236370795469,-1,6.853989778492598,STEIL B,True,-10.853530031612227,-7.848669910255097
2020,WI,2,318523,138306,MARK POCAN,D,39.44955333396085,True,40.77079107505071,1,-1.3212377410898597,recent,-2.523236370795469,1,1.2019986297056091,POCAN M,True,38.81856540084388,0.6366429437831442
2020,WI,3,199870,189524,RON KIND,D,2.6569490028094935,True,-4.78128179043744,1,7.438230793246934,recent,-2.523236370795469,1,9.961467164042404,KIND R,True,-4.782146652497343,7.444750665973011
2020,WI,4,232668,70769,GWEN MOORE,D,53.35506217106022,True,54.25101214574898,1,-0.8959499746887616,recent,-2.523236370795469,1,1.6272863961067072,MOORE G,True,54.488517745302715,-1.1278005635763222
2020,WI,5,175902,265434,SCOTT FITZGERALD,R,-20.286584371091415,True,-15.329949238578676,0,-4.956635132512739,recent,-2.523236370795469,-1,2.43339876171727,FITZGERALD S,False,-21.224920802534324,0.943991442109084
2020,WI,6,164239,238874,GLENN GROTHMAN,R,-18.514659661186812,True,-15.44715447154471,-1,-3.0675051896421017,recent,-2.523236370795469,-1,0.5442688188466329,GROTHMAN G,True,-17.88359788359789,-0.6254067669227474
2020,WI,7,162741,252048,THOMAS P TIFFANY,R,-21.530705973398522,True,-20.203045685279193,0,-1.3276602881193291,recent,-2.523236370795469,-1,-1.1955760826761397,TIFFANY T,False,-21.473684210526322,-0.05136675220602527
2020,WI,8,149558,268173,MIKE GALLAGHER,R,-28.395067639222372,True,-16.142131979695435,-1,-12.252935659526937,recent,-2.523236370795469,-1,9.729699288731467,GALLAGHER M,True,-18.565400843881857,-9.82401178467434
2020,WV,1,81177,180488,DAVID B MCKINLEY,R,-37.95349014961879,True,-38.35198372329604,-1,0.3984935736772499,recent,-2.523236370795469,-1,-2.9217299444727187,MCKINLEY D,True,-44.06779661016949,6.119961471216875
2020,WV,2,100799,172195,ALEXANDER X MOONEY,R,-26.152955742617053,True,-33.19755600814665,-1,7.044600265529596,recent,-2.523236370795469,-1,-9.567836636325065,MOONEY A,True,-38.235294117647065,12.087993385696187
2020,WV,3,64927,161585,CAROL D MILLER,R,-42.67235289962563,True,-48.27586206896551,-1,5.60350916933988,recent,-2.523236370795469,-1,-8.12674554013535,MILLER C,True,-51.356993736951985,8.69029584799253
2020,WY,0,66576,185732,LIZ CHENEY,R,-47.22640582145632,True,-45.00514933058702,-1,-2.221256490869301,recent,-2.523236370795469,-1,-0.3019798799261677,CHENEY L,True,-51.403887688984874,4.1831368781947305
2022,AK,0,128553,129379,MARY SATTLER PELTOLA,D,-0.32023944295395684,True,-10.509885535900105,0,10.189646092946148,recent,-5.381872783904621,1,15.571518876850769,PELTOLA M,False,-10.509885535900105,15.551512410092322
2022,AL,2,58014,137460,BARRY MOORE,R,-40.64274532674422,True,-29.696969696969703,-1,-10.945775629774516,recent,-5.381872783904621,-1,5.563902845869896,MOORE B,True,-29.696969696969703,-5.583909312628343
2022,AL,3,47859,135602,MIKE ROGERS,R,-47.82651353693701,True,-34.409687184661955,-1,-13.416826352275052,recent,-5.381872783904621,-1,8.034953568370431,ROGERS M,True,-34.409687184661955,-8.054960035128879
2022,AL,5,62740,142435,DALE STRONG,R,-38.84245156573657,True,-27.56866734486266,0,-11.273784220873907,recent,-5.381872783904621,-1,5.891911436969286,STRONG D,False,-27.56866734486266,-5.911917903727733
2022,AL,7,123233,67416,TERRI A SEWELL,D,29.27736311231635,True,32.258064516129025,1,-2.980701403812674,recent,-5.381872783904621,1,2.401171380091947,SEWELL T,True,32.258064516129025,2.3811649133334996
2022,AR,1,54598,153774,ERIC A Ã¢ÂÂRICKÃ¢ÂÂ CRAWFORD,R,-47.59564624805636,True,-42.12152420185376,-1,-5.474122046202602,recent,-5.381872783904621,-1,0.09224926229798136,CRAWFORD E,True,-42.12152420185376,-0.11225572905642878
2022,AR,2,86887,147975,J FRENCH HILL,R,-26.01016767293134,True,-13.463514902363825,-1,-12.546652770567514,recent,-5.381872783904621,-1,7.164779986662893,HILL J,True,-13.463514902363825,-7.18478645342134
2022,AR,3,73541,142401,STEVE WOMACK,R,-31.88819219975734,True,-24.12371134020619,-1,-7.764480859551153,recent,-5.381872783904621,-1,2.382608075646532,WOMACK S,True,-24.12371134020619,-2.4026145424049794
2022,AR,4,56745,153850,BRUCE WESTERMAN,R,-46.109831667418504,True,-36.21399176954733,-1,-9.895839897871177,recent,-5.381872783904621,-1,4.513967113966556,WESTERMAN B,True,-36.21399176954733,-4.533973580725004
2022,AZ,1,179141,182336,DAVID SCHWEIKERT,R,-0.8838736627779914,True,1.519756838905775,-1,-2.4036305016837662,recent,-5.381872783904621,-1,-2.9782422822208545,SCHWEIKERT D,True,1.519756838905775,2.958235815462407
2022,AZ,2,149151,174169,ELI CRANE,R,-7.7378448595818385,True,-8.020304568527925,1,0.2824597089460861,recent,-5.381872783904621,-1,-5.664332492850707,CRANE E,False,-8.020304568527925,5.644326026092259
2022,AZ,3,108599,32475,RUBEN GALLEGO,D,53.96033287494507,True,51.422764227642276,1,2.537568647302791,recent,-5.381872783904621,1,7.919441431207412,GALLEGO R,True,51.422764227642276,7.8994349644489645
2022,AZ,4,148941,116521,GREG STANTON,D,12.212670740068258,True,10.499490316004083,1,1.7131804240641753,recent,-5.381872783904621,1,7.095053207968796,STANTON G,True,10.499490316004083,7.075046741210349
2022,AZ,5,120275,182464,ANDY BIGGS,R,-20.542117137203995,True,-16.666666666666664,-1,-3.8754504705373307,recent,-5.381872783904621,-1,-1.50642231336729,BIGGS A,True,-16.666666666666664,1.4864158466088426
2022,AZ,6,172040,177201,JUAN CISCOMANI,R,-1.4777760915814582,True,0.10152284263958813,0,-1.5792989342210464,recent,-5.381872783904621,-1,-3.8025738496835744,CISCOMANI J,False,0.10152284263958813,3.782567382925127
2022,AZ,7,126418,69444,RAÃÂL M GRIJALVA,D,29.088848270721222,True,33.1979695431472,1,-4.1091212724259805,recent,-5.381872783904621,1,1.2727515114786403,GRIJALVA R,True,33.1979695431472,1.2527450447201929
2022,CA,1,93386,152839,DOUG LAMALFA,R,-24.145801604223777,True,-19.589743589743584,-1,-4.556058014480193,recent,-5.381872783904621,-1,-0.8258147694244276,LAMALFA D,True,-19.589743589743584,0.8058083026659801
2022,CA,2,229720,79029,JARED HUFFMAN,D,48.80695969865489,True,50.76923076923077,1,-1.9622710705758735,recent,-5.381872783904621,1,3.4196017133287473,HUFFMAN J,True,50.76923076923077,3.3995952465703
2022,CA,3,156761,181438,KEVIN KILEY,R,-7.296591651660709,True,-1.8442622950819716,0,-5.452329356578737,recent,-5.381872783904621,-1,0.0704565726741162,KILEY K,False,-1.8442622950819716,-0.09046303943256362
2022,CA,4,176900,84007,MIKE THOMPSON,D,35.603874177388875,True,37.5,1,-1.8961258226111255,recent,-5.381872783904621,1,3.4857469612934953,THOMPSON M,True,37.5,3.465740494535048
2022,CA,5,109506,173524,TOM MCCLINTOCK,R,-22.618803660389357,True,-12.589559877175024,-1,-10.029243783214334,recent,-5.381872783904621,-1,4.647370999309713,MCCLINTOCK T,True,-12.589559877175024,-4.66737746606816
2022,CA,6,121058,95325,AMI BERA,D,11.892339046967646,True,19.013360739979447,1,-7.1210216930118015,recent,-5.381872783904621,1,-1.7391489091071808,BERA A,True,19.013360739979447,-1.7591553758656282
2022,CA,7,150618,70033,DORIS O MATSUI,D,36.52147508962117,True,37.97338792221086,1,-1.4519128325896915,recent,-5.381872783904621,1,3.9299599513149293,MATSUI D,True,37.97338792221086,3.909953484556482
2022,CA,8,145501,46634,JOHN GARAMENDI,D,51.45704842948968,True,55.10204081632653,1,-3.6449923868368472,recent,-5.381872783904621,1,1.7368803970677735,GARAMENDI J,True,55.10204081632653,1.7168739303093261
2022,CA,9,95598,78802,JOSH HARDER,D,9.630733944954128,True,12.883435582822086,1,-3.2527016378679576,recent,-5.381872783904621,1,2.129171146036663,HARDER J,True,12.883435582822086,2.1091646792782157
2022,CA,11,220848,42217,NANCY PELOSI,D,67.90375002375839,True,76.12244897959182,1,-8.218698955833432,recent,-5.381872783904621,1,-2.836826171928811,PELOSI N,True,76.12244897959182,-2.8568326386872585
2022,CA,13,66496,67060,JOHN DUARTE,R,-0.4222947677378777,True,11.156601842374615,0,-11.578896610112492,recent,-5.381872783904621,-1,6.197023826207872,DUARTE J,False,11.156601842374615,-6.217030292966319
2022,CA,14,137612,60852,ERIC SWALWELL,D,38.67703966462432,True,46.47599591419816,1,-7.798956249573841,recent,-5.381872783904621,1,-2.4170834656692204,SWALWELL E,True,46.47599591419816,-2.437089932427668
2022,CA,17,127853,52400,RO KHANNA,D,41.859497484091804,True,48.36734693877552,1,-6.507849454683715,recent,-5.381872783904621,1,-1.1259766707790941,KHANNA R,True,48.36734693877552,-1.1459831375375416
2022,CA,18,99776,51737,ZOE LOFGREN,D,31.706190227901235,True,45.04596527068437,1,-13.339775042783135,recent,-5.381872783904621,1,-7.957902258878514,LOFGREN Z,True,45.04596527068437,-7.977908725636961
2022,CA,19,194494,88816,JIMMY PANETTA,D,37.30118950972433,True,40.49079754601227,1,-3.189608036287936,recent,-5.381872783904621,1,2.1922647476166848,PANETTA J,True,40.49079754601227,2.1722582808582374
2022,CA,20,74934,153847,KEVIN MCCARTHY,R,-34.492811903086356,True,-25.486182190378713,-1,-9.006629712707642,recent,-5.381872783904621,-1,3.6247569288030217,MCCARTHY K,True,-25.486182190378713,-3.644763395561469
2022,CA,21,68074,57573,JIM COSTA,D,8.357541365890153,True,20.735444330949953,1,-12.3779029650598,recent,-5.381872783904621,1,-6.996030181155179,COSTA J,True,20.735444330949953,-7.0160366479136265
2022,CA,22,49862,52994,DAVID G VALADAO,R,-3.0450338337092635,True,13.319672131147541,-1,-16.364705964856803,recent,-5.381872783904621,-1,10.982833180952182,VALADAO D,True,13.319672131147541,-11.00283964771063
2022,CA,23,65908,103197,JAY OBERNOLTE,R,-22.050796842198633,True,-10.040983606557383,-1,-12.00981323564125,recent,-5.381872783904621,-1,6.627940451736629,OBERNOLTE J,True,-10.040983606557383,-6.647946918495077
2022,CA,24,159019,103533,SALUD O CARBAJAL,D,21.133337396020597,True,29.713114754098363,1,-8.579777358077767,recent,-5.381872783904621,1,-3.1979045741731458,CARBAJAL S,True,29.713114754098363,-3.217911040931593
2022,CA,25,87641,65101,RAUL RUIZ,D,14.756910345550013,True,15.596330275229363,1,-0.8394199296793499,recent,-5.381872783904621,1,4.542452854225271,RUIZ R,True,15.596330275229363,4.5224463874668235
2022,CA,26,134575,112214,JULIA BROWNLEY,D,9.060776614841018,True,20.326864147088862,1,-11.266087532247845,recent,-5.381872783904621,1,-5.884214748343224,BROWNLEY J,True,20.326864147088862,-5.904221215101671
2022,CA,27,91892,104624,MIKE GARCIA,R,-6.4788617720694495,True,12.67893660531697,-1,-19.15779837738642,recent,-5.381872783904621,-1,13.7759255934818,GARCIA M,True,12.67893660531697,-13.795932060240247
2022,CA,28,150062,76495,JUDY CHU,D,32.471740003619395,True,34.897959183673464,1,-2.426219180054069,recent,-5.381872783904621,1,2.9556536038505516,CHU J,True,34.897959183673464,2.9356471370921042
2022,CA,31,91472,62153,GRACE F NAPOLITANO,D,19.084784377542718,True,31.76710929519918,1,-12.682324917656462,recent,-5.381872783904621,1,-7.3004521337518415,NAPOLITANO G,True,31.76710929519918,-7.320458600510289
2022,CA,32,167411,74618,BRAD SHERMAN,D,38.33962045870536,True,41.5478615071283,1,-3.2082410484229413,recent,-5.381872783904621,1,2.1736317354816794,SHERMAN B,True,41.5478615071283,2.153625268723232
2022,CA,33,76588,56119,PETE AGUILAR,D,15.424205203945535,True,25.89559877175025,1,-10.471393567804716,recent,-5.381872783904621,1,-5.089520783900095,AGUILAR P,True,25.89559877175025,-5.109527250658543
2022,CA,35,75121,55832,NORMA J TORRES,D,14.729712186815117,True,28.22085889570552,1,-13.491146708890401,recent,-5.381872783904621,1,-8.10927392498578,TORRES N,True,28.22085889570552,-8.129280391744228
2022,CA,36,194299,84264,TED LIEU,D,39.500938746351814,True,45.04596527068437,1,-5.545026524332556,recent,-5.381872783904621,1,-0.1631537404279353,LIEU T,True,45.04596527068437,-0.1831602071863827
2022,CA,38,101260,73051,LINDA T SÃÂNCHEZ,D,16.183143920922948,True,30.81632653061224,0,-14.633182609689293,recent,-5.381872783904621,1,-9.251309825784672,NCHEZ L,False,30.81632653061224,-9.27131629254312
2022,CA,39,75896,55701,MARK TAKANO,D,15.346094515832428,True,26.78936605316974,1,-11.443271537337312,recent,-5.381872783904621,1,-6.061398753432691,TAKANO M,True,26.78936605316974,-6.081405220191138
2022,CA,40,122722,161589,YOUNG KIM,R,-13.670593118099546,True,1.9407558733401415,-1,-15.611348991439687,recent,-5.381872783904621,-1,10.229476207535066,KIM Y,True,1.9407558733401415,-10.249482674293514
2022,CA,41,112769,123869,KEN CALVERT,R,-4.690709015458211,True,-1.1190233977619546,-1,-3.5716856176962564,recent,-5.381872783904621,-1,-1.8101871662083644,CALVERT K,True,-1.1190233977619546,1.790180699449917
2022,CA,42,99217,45903,ROBERT GARCIA,D,36.73787210584344,True,46.92622950819673,0,-10.18835740235329,recent,-5.381872783904621,1,-4.806484618448669,GARCIA R,False,46.92622950819673,-4.826491085207117
2022,CA,43,95462,27985,MAXINE WATERS,D,54.66070459387429,True,65.23517382413088,1,-10.57446923025659,recent,-5.381872783904621,1,-5.192596446351969,WATERS M,True,65.23517382413088,-5.212602913110416
2022,CA,44,100160,38554,NANETTE DIAZ BARRAGÃÂN,D,44.41224389751575,True,49.38524590163934,0,-4.973002004123586,recent,-5.381872783904621,1,0.4088707797810347,N N,False,49.38524590163934,0.3888643130225873
2022,CA,45,103466,113960,MICHELLE STEEL,R,-4.826469695436608,True,6.218144750254844,-1,-11.044614445691451,recent,-5.381872783904621,-1,5.66274166178683,STEEL M,True,6.218144750254844,-5.682748128545278
2022,CA,46,78041,48257,J LUIS CORREA,D,23.58232117689908,True,31.083844580777086,1,-7.501523403878007,recent,-5.381872783904621,1,-2.1196506199733864,CORREA J,True,31.083844580777086,-2.139657086731834
2022,CA,47,137374,128261,KATIE PORTER,D,3.4306473168068967,True,11.338100102145047,1,-7.90745278533815,recent,-5.381872783904621,1,-2.5255800014335295,PORTER K,True,11.338100102145047,-2.545586468191977
2022,CA,48,101900,155171,DARRELL ISSA,R,-20.722290729020386,True,-12.589559877175024,-1,-8.132730851845363,recent,-5.381872783904621,-1,2.750858067940742,ISSA D,True,-12.589559877175024,-2.7708645346991894
2022,CA,49,153541,138194,MIKE LEVIN,D,5.260596088916311,True,11.656441717791408,1,-6.3958456288750964,recent,-5.381872783904621,1,-1.0139728449704757,LEVIN M,True,11.656441717791408,-1.033979311728923
2022,CA,50,168816,99819,SCOTT H PETERS,D,25.684292813669106,True,34.016393442622956,1,-8.33210062895385,recent,-5.381872783904621,1,-2.9502278450492287,PETERS S,True,34.016393442622956,-2.970234311807676
2022,CA,51,144186,88886,SARA JACOBS,D,23.726573762614127,True,27.94268167860798,1,-4.216107915993852,recent,-5.381872783904621,1,1.1657648679107684,JACOBS S,True,27.94268167860798,1.145758401152321
2022,CA,52,100686,50330,JUAN VARGAS,D,33.344811145838854,True,37.69152196118488,1,-4.346710815346029,recent,-5.381872783904621,1,1.035161968558592,VARGAS J,True,37.69152196118488,1.0151555018001446
2022,CO,1,226929,49530,DIANA DEGETTE,D,64.16828535153495,True,62.74309109518936,1,1.4251942563455913,recent,-5.381872783904621,1,6.807067040250212,DEGETTE D,True,62.74309109518936,6.787060573491765
2022,CO,2,244107,97700,JOE NEGUSE,D,42.83323630001726,True,40.92307692307693,1,1.910159376940335,recent,-5.381872783904621,1,7.292032160844956,NEGUSE J,True,40.92307692307693,7.2720256940865085
2022,CO,3,163293,163839,LAUREN BOEBERT,R,-0.16690510252742013,True,-8.401639344262291,-1,8.234734241734872,recent,-5.381872783904621,-1,-13.616607025639492,BOEBERT L,True,-8.401639344262291,13.596600558881045
2022,CO,4,129619,216024,KEN BUCK,R,-24.99833643383491,True,-18.974358974358974,-1,-6.023977459475937,recent,-5.381872783904621,-1,0.642104675571316,BUCK K,True,-18.974358974358974,-0.6621111423297634
2022,CO,5,111978,155528,DOUG LAMBORN,R,-16.280008672702667,True,-10.488058151609554,-1,-5.7919505210931135,recent,-5.381872783904621,-1,0.4100777371884927,LAMBORN D,True,-10.488058151609554,-0.43008420394694014
2022,CO,6,170140,105084,JASON CROW,D,23.637473476150337,True,24.435318275154007,1,-0.7978447990036699,recent,-5.381872783904621,1,4.584027984900951,CROW J,True,24.435318275154007,4.5640215181425035
2022,CO,7,204984,150510,BRITTANY PETTERSEN,D,15.323465374943037,True,14.609053497942389,0,0.7144118770006482,recent,-5.381872783904621,1,6.096284660905269,PETTERSEN B,False,14.609053497942389,6.076278194146822
2022,CO,8,114377,112745,YADIRA CARAVEO,D,0.7185565467017726,True,4.634397528321318,0,-3.9158409816195454,recent,-5.381872783904621,1,1.4660318022850753,CARAVEO Y,False,4.634397528321318,1.446025335526628
2022,CT,1,144873,91506,JOHN B LARSON,D,22.576878656733466,True,28.527918781725884,1,-5.951040124992417,recent,-5.381872783904621,1,-0.5691673410877964,LARSON J,True,28.527918781725884,-0.5891738078462438
2022,CT,2,165946,114506,JOE COURTNEY,D,18.34181963401937,True,11.632653061224495,1,6.709166572794874,recent,-5.381872783904621,1,12.091039356699495,COURTNEY J,True,11.632653061224495,12.071032889941048
2022,CT,3,137924,98704,ROSA L DELAURO,D,16.57453893875619,True,19.959473150962513,1,-3.3849342122063213,recent,-5.381872783904621,1,1.9969385716982995,DELAURO R,True,19.959473150962513,1.976932104939852
2022,CT,4,140262,93329,JAMES A HIMES,D,20.09195559760436,True,31.440162271805274,1,-11.348206674200913,recent,-5.381872783904621,1,-5.966333890296292,HIMES J,True,31.440162271805274,-5.98634035705474
2022,CT,5,123818,123342,JAHANA HAYES,D,0.19258779737821655,True,10.86294416243655,1,-10.670356365058334,recent,-5.381872783904621,1,-5.288483581153713,HAYES J,True,10.86294416243655,-5.30849004791216
2022,DE,0,178416,138201,LISA BLUNT ROCHESTER,D,12.701465808847914,True,19.26977687626775,1,-6.568311067419835,recent,-5.381872783904621,1,-1.1864382835152139,ROCHESTER L,True,19.26977687626775,-1.2064447502736613
2022,FL,1,93467,197349,MATT GAETZ,R,-35.720868177816904,True,-32.858596134282806,-1,-2.862272043534098,recent,-5.381872783904621,-1,-2.5196007403705227,GAETZ M,True,-32.858596134282806,2.4995942736120753
2022,FL,2,121153,180236,NEAL P DUNN,R,-19.603568809744218,True,-11.11111111111111,-1,-8.492457698633107,recent,-5.381872783904621,-1,3.110584914728486,DUNN N,True,-11.11111111111111,-3.1305913814869335
2022,FL,3,103382,178101,KAT CAMMACK,R,-26.54476469271679,True,-14.256825075834177,-1,-12.287939616882612,recent,-5.381872783904621,-1,6.9060668329779915,CAMMACK K,True,-14.256825075834177,-6.926073299736439
2022,FL,4,108402,165696,AARON BEAN,R,-20.902742814613752,True,-6.7882472137791305,0,-14.114495600834623,recent,-5.381872783904621,-1,8.732622816930002,BEAN A,False,-6.7882472137791305,-8.75262928368845
2022,FL,7,126079,177966,CORY MILLS,R,-17.06556595240836,True,-5.5611729019211324,0,-11.504393050487227,recent,-5.381872783904621,-1,6.122520266582606,MILLS C,False,-5.5611729019211324,-6.142526733341054
2022,FL,8,120080,222128,BILL POSEY,R,-29.820460071067888,True,-17.896865520728003,-1,-11.923594550339885,recent,-5.381872783904621,-1,6.5417217664352645,POSEY B,True,-17.896865520728003,-6.561728233193712
2022,FL,9,108541,93827,DARREN SOTO,D,7.270912397216951,True,17.57575757575758,1,-10.304845178540631,recent,-5.381872783904621,1,-4.922972394636011,SOTO D,True,17.57575757575758,-4.942978861394458
2022,FL,10,117955,78844,MAXWELL ALEJANDRO FROST,D,19.873576593377,True,32.18623481781376,0,-12.312658224436763,recent,-5.381872783904621,1,-6.9307854405321425,FROST M,False,32.18623481781376,-6.95079190729059
2022,FL,11,115647,205995,DANIEL WEBSTER,R,-28.089615162198967,True,-10.998990918264377,-1,-17.09062424393459,recent,-5.381872783904621,-1,11.708751460029971,WEBSTER D,True,-10.998990918264377,-11.728757926788418
2022,FL,12,95390,226601,GUS M BILIRAKIS,R,-40.74989673624418,True,-29.090909090909086,-1,-11.658987645335095,recent,-5.381872783904621,-1,6.277114861430475,BILIRAKIS G,True,-29.090909090909086,-6.297121328188922
2022,FL,13,153876,181487,ANNA PAULINA LUNA,R,-8.233168238595194,True,-6.868686868686867,0,-1.3644813699083276,recent,-5.381872783904621,-1,-4.017391413996293,LUNA A,False,-6.868686868686867,3.9973849472378458
2022,FL,14,149737,113427,KATHY CASTOR,D,13.797479898466355,True,19.433198380566804,1,-5.635718482100449,recent,-5.381872783904621,1,-0.25384569819582836,CASTOR K,True,19.433198380566804,-0.2738521649542758
2022,FL,15,102835,145219,LAUREL LEE,R,-17.086602110830707,True,-3.134479271991912,0,-13.952122838838795,recent,-5.381872783904621,-1,8.570250054934174,LEE L,False,-3.134479271991912,-8.590256521692622
2022,FL,16,115575,189762,VERN BUCHANAN,R,-24.2967606284204,True,-8.980827447023207,-1,-15.315933181397194,recent,-5.381872783904621,-1,9.934060397492573,BUCHANAN V,True,-8.980827447023207,-9.95406686425102
2022,FL,17,123798,222483,W GREGORY STEUBE,R,-28.49853153941452,True,-16.129032258064516,-1,-12.369499281350006,recent,-5.381872783904621,-1,6.987626497445385,STEUBE W,True,-16.129032258064516,-7.007632964203832
2022,FL,19,100226,213035,BYRON DONALDS,R,-36.011185560922044,True,-21.248741188318224,-1,-14.76244437260382,recent,-5.381872783904621,-1,9.3805715886992,DONALDS B,True,-21.248741188318224,-9.400578055457647
2022,FL,20,136215,52151,SHEILA CHERFILUS-MCCORMICK,D,44.62801142456706,True,52.716297786720325,0,-8.088286362153262,recent,-5.381872783904621,1,-2.7064135782486414,MCCORMICK S,False,52.716297786720325,-2.726420045007089
2022,FL,21,119891,208614,BRIAN J MAST,R,-27.00811250970305,True,-9.456740442655933,-1,-17.55137206704712,recent,-5.381872783904621,-1,12.169499283142498,MAST B,True,-9.456740442655933,-12.189505749900945
2022,FL,22,150010,122194,LOIS FRANKEL,D,10.218806483372765,True,17.706237424547286,1,-7.487430941174521,recent,-5.381872783904621,1,-2.1055581572699005,FRANKEL L,True,17.706237424547286,-2.125564624028348
2022,FL,23,143951,130681,JARED MOSKOWITZ,D,4.831920533659588,True,13.279678068410458,0,-8.44775753475087,recent,-5.381872783904621,1,-3.0658847508462497,MOSKOWITZ J,False,13.279678068410458,-3.085891217604697
2022,FL,24,133442,52449,FREDERICA S WILSON,D,43.570156704735574,True,49.3467336683417,1,-5.776576963606125,recent,-5.381872783904621,1,-0.3947041797015043,WILSON F,True,49.3467336683417,-0.4147106464599517
2022,FL,25,129113,105239,DEBBIE WASSERMAN SCHULTZ,D,10.187239707789992,True,20.120724346076457,1,-9.933484638286465,recent,-5.381872783904621,1,-4.551611854381845,SCHULTZ D,True,20.120724346076457,-4.571618321140292
2022,FL,26,58868,143240,MARIO DIAZ-BALART,R,-41.74599718962139,True,-18.39195979899497,-1,-23.35403739062642,recent,-5.381872783904621,-1,17.972164606721797,BALART M,True,-18.39195979899497,-17.992171073480247
2022,FL,27,101404,136038,MARIA ELVIRA SALAZAR,R,-14.58629896985369,True,-0.30150753768843935,-1,-14.284791432165251,recent,-5.381872783904621,-1,8.90291864826063,SALAZAR M,True,-0.30150753768843935,-8.922925115019078
2022,FL,28,76665,134457,CARLOS A GIMENEZ,R,-27.37374598573337,True,-6.4386317907444655,-1,-20.935114194988902,recent,-5.381872783904621,-1,15.553241411084281,GIMENEZ C,True,-6.4386317907444655,-15.573247877842729
2022,GA,1,107837,156128,EARL L Ã¢ÂÂBUDDYÃ¢ÂÂ CARTER,R,-18.294470857878885,True,-13.59026369168357,-1,-4.7042071661953155,recent,-5.381872783904621,-1,-0.6776656177093052,CARTER E,True,-13.59026369168357,0.6576591509508578
2022,GA,2,132675,108665,"SANFORD D BISHOP, JR",D,9.948620203861772,True,10.393541876892034,1,-0.44492167303026164,recent,-5.381872783904621,1,4.936951110874359,BISHOP S,True,10.393541876892034,4.916944644115912
2022,GA,3,97057,213524,A DREW FERGUSON IV,R,-37.49971826995212,True,-30.364372469635633,-1,-7.135345800316486,recent,-5.381872783904621,-1,1.7534730164118653,FERGUSON A,True,-30.364372469635633,-1.7734794831703127
2022,GA,4,216332,59302,"HENRY C Ã¢ÂÂHANKÃ¢ÂÂ JOHNSON, JR",D,56.970475340487745,True,58.341759352881695,1,-1.37128401239395,recent,-5.381872783904621,1,4.010588771510671,JOHNSON H,True,58.341759352881695,3.9905823047522233
2022,GA,5,243687,51769,NIKEMA WILLIAMS,D,64.95654175240983,True,67.20647773279352,1,-2.2499359803836825,recent,-5.381872783904621,1,3.1319368035209383,WILLIAMS N,True,67.20647773279352,3.111930336762491
2022,GA,6,125612,206886,RICH MCCORMICK,R,-24.44345529897924,True,-15.126903553299497,0,-9.316551745679744,recent,-5.381872783904621,-1,3.9346789617751234,MCCORMICK R,False,-15.126903553299497,-3.954685428533571
2022,GA,7,143063,91962,LUCY MCBATH,D,21.74279331985959,True,26.113360323886635,1,-4.370567004027045,recent,-5.381872783904621,1,1.011305779877576,MCBATH L,True,26.113360323886635,0.9912993131191286
2022,GA,8,81886,178700,AUSTIN SCOTT,R,-37.152418011712065,True,-27.878787878787875,-1,-9.27363013292419,recent,-5.381872783904621,-1,3.891757349019569,SCOTT A,True,-27.878787878787875,-3.9117638157780164
2022,GA,9,81318,212820,ANDREW S CLYDE,R,-44.70758623503254,True,-38.399189463019255,-1,-6.308396772013282,recent,-5.381872783904621,-1,0.9265239881086611,CLYDE A,True,-38.399189463019255,-0.9465304548671085
2022,GA,10,109107,198523,MIKE COLLINS,R,-29.066085882391185,True,-23.684210526315788,0,-5.381875356075398,recent,-5.381872783904621,-1,2.5721707768155966e-06,COLLINS M,False,-23.684210526315788,-0.020009038929224232
2022,GA,11,113571,190086,BARRY LOUDERMILK,R,-25.197838350507315,True,-15.564598168870802,-1,-9.633240181636513,recent,-5.381872783904621,-1,4.251367397731892,LOUDERMILK B,True,-15.564598168870802,-4.271373864490339
2022,GA,12,107148,158047,RICK W ALLEN,R,-19.19304662606761,True,-10.323886639676116,-1,-8.869159986391493,recent,-5.381872783904621,-1,3.487287202486872,ALLEN R,True,-10.323886639676116,-3.5072936692453194
2022,GA,13,216388,48228,DAVID SCOTT,D,63.548689421652504,True,61.01010101010102,1,2.538588411551487,recent,-5.381872783904621,1,7.920461195456108,SCOTT D,True,61.01010101010102,7.90045472869766
2022,GA,14,88189,170162,MARJORIE TAYLOR GREENE,R,-31.729313995300966,True,-37.85425101214574,-1,6.124937016844772,recent,-5.381872783904621,-1,-11.506809800749393,GREENE M,True,-37.85425101214574,11.486803333990945
2022,HI,1,143546,51217,ED CASE,D,47.40582143425599,True,29.878048780487802,1,17.52777265376819,recent,-5.381872783904621,1,22.909645437672808,CASE E,True,29.878048780487802,22.889638970914362
2022,HI,2,128407,72874,JILL N TOKUDA,D,27.58978741162852,True,30.194472876151483,0,-2.6046854645229622,recent,-5.381872783904621,1,2.7771873193816585,TOKUDA J,False,30.194472876151483,2.757180852623211
2022,IA,1,142173,162947,MARIANNETTE MILLER-MEEKS,R,-6.808468799160986,True,-2.9561671763506614,-1,-3.8523016228103244,recent,-5.381872783904621,-1,-1.5295711610942964,MEEKS M,True,-2.9561671763506614,1.509564694335849
2022,IA,2,145940,172181,ASHLEY HINSON,R,-8.248748117854527,True,-4.480651731160895,-1,-3.7680963866936317,recent,-5.381872783904621,-1,-1.613776397210989,HINSON A,True,-4.480651731160895,1.5937699304525417
2022,IA,3,154117,156262,ZACH NUNN,R,-0.6910905699161348,True,-0.40733197556008005,1,-0.28375859435605477,recent,-5.381872783904621,-1,-5.098114189548566,NUNN Z,False,-0.40733197556008005,5.078107722790119
2022,IA,4,84230,186467,RANDY FEENSTRA,R,-37.76805801320295,True,-26.422764227642276,-1,-11.345293785560678,recent,-5.381872783904621,-1,5.963421001656057,FEENSTRA R,True,-26.422764227642276,-5.983427468414504
2022,ID,1,82261,222901,RUSS FULCHER,R,-46.08699641501891,True,-39.30041152263375,-1,-6.786584892385157,recent,-5.381872783904621,-1,1.4047121084805365,FULCHER R,True,-39.30041152263375,-1.424718575238984
2022,ID,2,98736,172450,MICHAEL K SIMPSON,R,-27.182081670882717,True,-23.681489141675286,-1,-3.500592529207431,recent,-5.381872783904621,-1,-1.8812802546971898,SIMPSON M,True,-23.681489141675286,1.8612737879387424
2022,IL,1,159142,78258,JONATHAN L JACKSON,D,34.070766638584665,True,43.00202839756592,0,-8.931261758981258,recent,-5.381872783904621,1,-3.5493889750766368,JACKSON J,False,43.00202839756592,-3.569395441835084
2022,IL,2,140414,68761,ROBIN L KELLY,D,34.25504959961754,True,40.56795131845842,1,-6.312901718840877,recent,-5.381872783904621,1,-0.9310289349362559,KELLY R,True,40.56795131845842,-0.9510354016947034
2022,IL,3,121764,55995,DELIA RAMIREZ,D,36.99897051626078,True,42.24489795918368,0,-5.245927442922898,recent,-5.381872783904621,1,0.1359453409817224,RAMIREZ D,False,42.24489795918368,0.11593887422327498
2022,IL,4,91036,37352,JESÃÂS G Ã¢ÂÂCHUYÃ¢ÂÂ GARCÃÂA,D,41.81387668629467,True,47.25050916496946,0,-5.436632478674788,recent,-5.381872783904621,1,-0.0547596947701674,A J,False,47.25050916496946,-0.07476616152861482
2022,IL,5,190999,79112,MIKE QUIGLEY,D,41.422600338379404,True,40.325865580448074,1,1.0967347579313298,recent,-5.381872783904621,1,6.478607541835951,QUIGLEY M,True,40.325865580448074,6.458601075077503
2022,IL,6,150496,126351,SEAN CASTEN,D,8.72142374669041,True,11.111111111111109,1,-2.3896873644206984,recent,-5.381872783904621,1,2.9921854194839224,CASTEN S,True,11.111111111111109,2.972178952725475
2022,IL,8,117880,89335,RAJA KRISHNAMOORTHI,D,13.775547137031586,True,15.682281059063136,1,-1.9067339220315507,recent,-5.381872783904621,1,3.47513886187307,KRISHNAMOORTHI R,True,15.682281059063136,3.4551323951146227
2022,IL,9,179615,70915,JANICE D SCHAKOWSKY,D,43.388017403105415,True,42.2177009155646,1,1.1703164875408163,recent,-5.381872783904621,1,6.552189271445437,SCHAKOWSKY J,True,42.2177009155646,6.53218280468699
2022,IL,10,152566,89599,BRADLEY SCOTT SCHNEIDER,D,26.00169306051659,True,26.401630988786955,1,-0.399937928270365,recent,-5.381872783904621,1,4.981934855634256,SCHNEIDER B,True,26.401630988786955,4.961928388875808
2022,IL,11,149172,115069,BILL FOSTER,D,12.906021397133678,True,15.62819203268642,1,-2.7221706355527413,recent,-5.381872783904621,1,2.6597021483518795,FOSTER B,True,15.62819203268642,2.639695681593432
2022,IL,12,72791,218379,MIKE BOST,R,-50.001030325926436,True,-43.58452138492871,-1,-6.416508940997723,recent,-5.381872783904621,-1,1.034636157093102,BOST M,True,-43.58452138492871,-1.0546426238515494
2022,IL,13,141788,108646,NIKKI BUDZINSKI,D,13.233826077928716,True,11.47540983606557,0,1.7584162418631468,recent,-5.381872783904621,1,7.140289025767768,BUDZINSKI N,False,11.47540983606557,7.12028255900932
2022,IL,14,128141,108451,LAUREN UNDERWOOD,D,8.322343950767566,True,11.632653061224495,1,-3.310309110456929,recent,-5.381872783904621,1,2.0715636734476917,UNDERWOOD L,True,11.632653061224495,2.0515572066892442
2022,IL,15,86396,213007,MARY E MILLER,R,-42.28781942732705,True,-39.53013278855975,-1,-2.7576866387673036,recent,-5.381872783904621,-1,-2.624186145137317,MILLER M,True,-39.53013278855975,2.6041796783788698
2022,IL,16,100325,197621,DARIN LAHOOD,R,-32.65558188396555,True,-22.006141248720574,-1,-10.649440635244979,recent,-5.381872783904621,-1,5.267567851340358,LAHOOD D,True,-22.006141248720574,-5.287574318098805
2022,IL,17,121186,111931,ERIC SORENSEN,D,3.970109430028698,True,7.99180327868853,0,-4.021693848659832,recent,-5.381872783904621,1,1.3601789352447886,SORENSEN E,False,7.99180327868853,1.3401724684863412
2022,IN,1,112656,100542,FRANK J MRVAN,D,5.682042045422565,True,8.536585365853657,1,-2.854543320431092,recent,-5.381872783904621,1,2.527329463473529,MRVAN F,True,8.536585365853657,2.5073229967150814
2022,IN,2,62891,125313,RUDOLPH Ã¢ÂÂRUDYÃ¢ÂÂ YAKYM III,R,-33.16720154725723,True,-23.014256619144607,0,-10.152944928112621,recent,-5.381872783904621,-1,4.771072144208,YAKYM R,False,-23.014256619144607,-4.791078610966448
2022,IN,3,60577,131579,JIM BANKS,R,-36.950186306958926,True,-30.541368743615934,-1,-6.408817563342993,recent,-5.381872783904621,-1,1.026944779438372,BANKS J,True,-30.541368743615934,-1.0469512461968193
2022,IN,4,62834,134864,JAMES R BAIRD,R,-36.43435947758703,True,-29.78505629477994,-1,-6.649303182807088,recent,-5.381872783904621,-1,1.2674303989024676,BAIRD J,True,-29.78505629477994,-1.287436865660915
2022,IN,5,93434,146575,VICTORIA SPARTZ,R,-22.14125303634447,True,-16.3265306122449,-1,-5.814722424099571,recent,-5.381872783904621,-1,0.4328496401949504,SPARTZ V,True,-16.3265306122449,-0.45285610695339784
2022,IN,6,62838,130686,GREG PENCE,R,-35.05921746140014,True,-32.58426966292135,-1,-2.4749477984787873,recent,-5.381872783904621,-1,-2.9069249854258334,PENCE G,True,-32.58426966292135,2.886918518667386
2022,IN,7,117309,53631,ANDRÃÂ CARSON,D,37.25166725166725,True,43.17718940936864,1,-5.925522157701387,recent,-5.381872783904621,1,-0.5436493737967663,CARSON A,True,43.17718940936864,-0.5636558405552137
2022,IN,8,68109,141995,LARRY BUCSHON,R,-35.16639378593459,True,-33.401221995926676,-1,-1.765171790007912,recent,-5.381872783904621,-1,-3.6167009938967087,BUCSHON L,True,-33.401221995926676,3.5966945271382613
2022,IN,9,75700,143166,ERIN HOUCHIN,R,-30.825253808266247,True,-27.828746177370036,0,-2.996507630896211,recent,-5.381872783904621,-1,-2.3853651530084097,HOUCHIN E,False,-27.828746177370036,2.3653586862499623
2022,KS,1,77092,161333,TRACEY MANN,R,-35.332284785571986,True,-30.265848670756643,-1,-5.0664361148153425,recent,-5.381872783904621,-1,-0.31543666908927825,MANN T,True,-30.265848670756643,0.29543020233083084
2022,KS,2,98852,134506,JAKE LATURNER,R,-15.278670540542857,True,-16.68372569089048,-1,1.4050551503476232,recent,-5.381872783904621,-1,-6.786927934252244,LATURNER J,True,-16.68372569089048,6.7669214674937965
2022,KS,3,165527,128839,SHARICE DAVIDS,D,12.463395908494867,True,4.59652706843718,1,7.866868840057687,recent,-5.381872783904621,1,13.248741623962307,DAVIDS S,True,4.59652706843718,13.228735157203861
2022,KS,4,83851,144889,RON ESTES,R,-26.684445221649035,True,-22.21084953940635,-1,-4.473595682242685,recent,-5.381872783904621,-1,-0.9082771016619358,ESTES R,True,-22.21084953940635,0.8882706349034883
2022,KY,1,61701,184157,JAMES COMER,R,-49.80761252430265,True,-43.3502538071066,-1,-6.457358717196051,recent,-5.381872783904621,-1,1.0754859332914304,COMER J,True,-43.3502538071066,-1.0954924000498778
2022,KY,2,66769,170487,BRETT GUTHRIE,R,-43.71564891931079,True,-37.33468972533063,-1,-6.380959193980161,recent,-5.381872783904621,-1,0.9990864100755399,GUTHRIE B,True,-37.33468972533063,-1.0190928768339873
2022,KY,3,160920,98637,MORGAN MCGARVEY,D,23.995885296871208,True,22.731906218144758,0,1.2639790787264502,recent,-5.381872783904621,1,6.645851862631071,MCGARVEY M,False,22.731906218144758,6.6258453958726236
2022,KY,4,79977,167541,THOMAS MASSIE,R,-35.376821079679054,True,-33.19755600814665,-1,-2.179265071532406,recent,-5.381872783904621,-1,-3.202607712372215,MASSIE T,True,-33.19755600814665,3.1826012456137676
2022,KY,5,38549,177712,HAROLD ROGERS,R,-64.34955909757191,True,-60.12145748987854,-1,-4.228101607693375,recent,-5.381872783904621,-1,-1.1537711762112455,ROGERS H,True,-60.12145748987854,1.133764709452798
2022,KY,6,83005,154762,ANDY BARR,R,-30.17954552145588,True,-11.224489795918368,-1,-18.955055725537513,recent,-5.381872783904621,-1,13.573182941632892,BARR A,True,-11.224489795918368,-13.59318940839134
2022,LA,1,61467,177670,STEVE SCALISE,R,-48.59264772912598,True,-39.65341488277269,-1,-8.939232846353292,recent,-5.381872783904621,-1,3.557360062448671,SCALISE S,True,-39.65341488277269,-3.5773665292071186
2022,LA,2,158120,46927,TROY A CARTER,D,54.22805503128551,True,53.407934893184134,0,0.8201201381013732,recent,-5.381872783904621,1,6.201992922005994,CARTER T,False,53.407934893184134,6.1819864552475465
2022,LA,3,44813,174864,CLAY HIGGINS,R,-59.2010087537612,True,-38.35198372329604,-1,-20.849025030465164,recent,-5.381872783904621,-1,15.467152246560543,HIGGINS C,True,-38.35198372329604,-15.48715871331899
2022,LA,5,54532,169021,JULIA LETLOW,R,-51.21335880082128,True,-30.152284263959388,0,-21.061074536861895,recent,-5.381872783904621,-1,15.679201752957274,LETLOW J,False,-30.152284263959388,-15.699208219715722
2022,MA,1,157635,98386,RICHARD E NEAL,D,23.142242237941417,True,22.040816326530607,1,1.1014259114108107,recent,-5.381872783904621,1,6.4832986953154315,NEAL R,True,22.040816326530607,6.463292228556984
2022,MA,2,180639,91956,JAMES P MCGOVERN,D,32.53287844604633,True,31.492842535787318,1,1.0400359102590144,recent,-5.381872783904621,1,6.421908694163635,MCGOVERN J,True,31.492842535787318,6.401902227405188
2022,MA,3,154496,88585,LORI TRAHAN,D,27.11483003607851,True,27.959183673469393,1,-0.8443536373908849,recent,-5.381872783904621,1,4.537519146513736,TRAHAN L,True,27.959183673469393,4.5175126797552885
2022,MA,5,203994,71491,KATHERINE M CLARK,D,48.09808156523949,True,52.03252032520325,1,-3.9344387599637614,recent,-5.381872783904621,1,1.4474340239408594,CLARK K,True,52.03252032520325,1.427427557182412
2022,MA,6,198119,110770,SETH MOULTON,D,28.27844306530825,True,28.105906313645626,1,0.17253675166262283,recent,-5.381872783904621,1,5.554409535567244,MOULTON S,True,28.105906313645626,5.534403068808796
2022,MA,7,151825,27129,AYANNA PRESSLEY,D,69.68047654704561,True,73.42799188640976,1,-3.747515339364142,recent,-5.381872783904621,1,1.6343574445404787,PRESSLEY A,True,73.42799188640976,1.6143509777820313
2022,MA,8,189987,82126,STEPHEN F LYNCH,D,39.63831202478382,True,36.11393692777213,1,3.524375097011692,recent,-5.381872783904621,1,8.906247880916313,LYNCH S,True,36.11393692777213,8.886241414157865
2022,MA,9,197823,136347,WILLIAM R KEATING,D,18.39662447257384,True,18.53360488798371,1,-0.1369804154098695,recent,-5.381872783904621,1,5.244892368494751,KEATING W,True,18.53360488798371,5.224885901736304
2022,MD,1,126511,159673,ANDY HARRIS,R,-11.58764990355855,True,-14.897959183673464,-1,3.3103092801149145,recent,-5.381872783904621,-1,-8.692182064019535,HARRIS A,True,-14.897959183673464,8.672175597261088
2022,MD,2,158998,109075,C A DUTCH RUPPERSBERGER,D,18.622912415647978,True,21.224489795918362,1,-2.6015773802703848,recent,-5.381872783904621,1,2.780295403634236,RUPPERSBERGER C,True,21.224489795918362,2.7602889368757886
2022,MD,3,175514,115801,JOHN P SARBANES,D,20.497742992980108,True,26.046986721144023,1,-5.5492437281639155,recent,-5.381872783904621,1,-0.16737094425929477,SARBANES J,True,26.046986721144023,-0.1873774110177422
2022,MD,5,182478,94000,STENY H HOYER,D,32.00182292985337,True,37.13123092573754,1,-5.129407995884172,recent,-5.381872783904621,1,0.2524647880204487,HOYER S,True,37.13123092573754,0.23245832126200128
2022,MD,6,140295,115771,DAVID J TRONE,D,9.57721837338811,True,9.999999999999998,1,-0.42278162661188823,recent,-5.381872783904621,1,4.9590911572927325,TRONE D,True,9.999999999999998,4.939084690534285
2022,MD,7,151640,32737,KWEISI MFUME,D,64.48906316948427,True,64.46700507614213,1,0.022058093342138818,recent,-5.381872783904621,1,5.40393087724676,MFUME K,True,64.46700507614213,5.383924410488312
2022,MD,8,211842,47965,JAMIE RASKIN,D,63.07643750938196,True,63.61788617886179,1,-0.5414486694798271,recent,-5.381872783904621,1,4.840424114424794,RASKIN J,True,63.61788617886179,4.820417647666346
2022,ME,1,219753,129263,CHELLIE PINGREE,D,25.92717812363903,True,23.456790123456784,1,2.470388000182247,recent,-5.381872783904621,1,7.852260784086868,PINGREE C,True,23.456790123456784,7.83225431732842
2022,ME,2,165136,146142,EXHAUSTED BALLOT,O,6.101941030204512,True,-6.2821833161689,1,12.384124346373412,recent,-5.381872783904621,-1,-17.76599713027803,BALLOT E,False,-6.2821833161689,17.745990663519585
2022,MI,1,145403,233094,JACK BERGMAN,R,-23.16821533592076,True,-20.121951219512198,-1,-3.0462641164085618,recent,-5.381872783904621,-1,-2.335608667496059,BERGMAN J,True,-20.121951219512198,2.3156022007376116
2022,MI,2,116452,216222,JOHN R MOOLENAAR,R,-29.9903208546505,True,-28.716904276985748,-1,-1.2734165776647508,recent,-5.381872783904621,-1,-4.10845620623987,MOOLENAAR J,True,-28.716904276985748,4.0884497394814225
2022,MI,3,185989,142229,HILLARY SCHOLTEN,D,13.33260211201092,True,8.664627930682977,0,4.667974181327942,recent,-5.381872783904621,1,10.049846965232563,SCHOLTEN H,False,8.664627930682977,10.029840498474115
2022,MI,4,143690,183936,BILL HUIZENGA,R,-12.284128854242338,True,-4.0733197556008145,-1,-8.210809098641523,recent,-5.381872783904621,-1,2.828936314736902,HUIZENGA B,True,-4.0733197556008145,-2.8489427814953494
2022,MI,5,110946,198020,TIM WALBERG,R,-28.182389000731472,True,-24.516785350966426,-1,-3.665603649765046,recent,-5.381872783904621,-1,-1.7162691341395746,WALBERG T,True,-24.516785350966426,1.6962626673811272
2022,MI,6,241759,125167,DEBBIE DINGELL,D,31.775344347361592,True,27.0516717325228,1,4.723672614838794,recent,-5.381872783904621,1,10.105545398743415,DINGELL D,True,27.0516717325228,10.085538931984967
2022,MI,7,192809,172624,ELISSA SLOTKIN,D,5.523584350619676,True,0.508646998982706,1,5.01493735163697,recent,-5.381872783904621,1,10.39681013554159,SLOTKIN E,True,0.508646998982706,10.376803668783143
2022,MI,8,178322,143850,DANIEL T KILDEE,D,10.69987460114473,True,2.1319796954314665,1,8.567894905713263,recent,-5.381872783904621,1,13.949767689617884,KILDEE D,True,2.1319796954314665,13.929761222859437
2022,MI,9,123702,238300,LISA MCCLAIN,R,-31.656731178280783,True,-29.81744421906694,-1,-1.8392869592138439,recent,-5.381872783904621,-1,-3.542585824690777,MCCLAIN L,True,-29.81744421906694,3.5225793579323295
2022,MI,10,157602,159202,JOHN JAMES,R,-0.5050441282307041,True,-1.0141987829614605,0,0.5091546547307564,recent,-5.381872783904621,-1,-5.891027438635377,JAMES J,False,-1.0141987829614605,5.87102097187693
2022,MI,11,224537,141642,HALEY M STEVENS,D,22.637835594067383,True,20.16210739614995,1,2.4757281979174337,recent,-5.381872783904621,1,7.8576009818220545,STEVENS H,True,20.16210739614995,7.837594515063607
2022,MI,12,196643,72888,RASHIDA TLAIB,D,45.914941138496125,True,49.039433771486344,1,-3.1244926329902185,recent,-5.381872783904621,1,2.2573801509144023,TLAIB R,True,49.039433771486344,2.237373684155955
2022,MI,13,166650,56187,SHRI THANEDAR,D,49.57121124409321,True,50.20242914979757,0,-0.6312179057043537,recent,-5.381872783904621,1,4.750654878200267,THANEDAR S,False,50.20242914979757,4.73064841144182
2022,MN,1,125457,159621,BRAD FINSTAD,R,-11.984088565234778,True,-9.406952965235176,0,-2.577135599999602,recent,-5.381872783904621,-1,-2.8047371839050186,FINSTAD B,False,-9.406952965235176,2.784730717146571
2022,MN,2,165583,148576,ANGIE CRAIG,D,5.413500806916243,True,7.252298263534219,1,-1.838797456617976,recent,-5.381872783904621,1,3.543075327286645,CRAIG A,True,7.252298263534219,3.5230688605281975
2022,MN,3,198883,134797,DEAN PHILLIPS,D,19.205825941021338,True,21.428571428571427,1,-2.222745487550089,recent,-5.381872783904621,1,3.159127296354532,PHILLIPS D,True,21.428571428571427,3.1391208295960844
2022,MN,4,200055,95493,BETTY MCCOLLUM,D,35.379024726947904,True,38.367346938775505,1,-2.988322211827601,recent,-5.381872783904621,1,2.39355057207702,MCCOLLUM B,True,38.367346938775505,2.3735441053185724
2022,MN,5,214224,70702,ILHAN OMAR,D,50.37167545257365,True,64.48979591836735,1,-14.118120465793702,recent,-5.381872783904621,1,-8.73624768188908,OMAR I,True,64.48979591836735,-8.756254148647528
2022,MN,6,120852,198145,TOM EMMER,R,-24.230008432681185,True,-17.995910020449898,-1,-6.234098412231287,recent,-5.381872783904621,-1,0.852225628326666,EMMER T,True,-17.995910020449898,-0.8722320950851135
2022,MN,7,84455,204766,MICHELLE FISCHBACH,R,-41.598293346610376,True,-33.808553971486766,-1,-7.7897393751236095,recent,-5.381872783904621,-1,2.4078665912189887,FISCHBACH M,True,-33.808553971486766,-2.427873057977436
2022,MN,8,141009,188755,PETE STAUBER,R,-14.478839412428282,True,-11.518858307849138,-1,-2.9599811045791444,recent,-5.381872783904621,-1,-2.4218916793254763,STAUBER P,True,-11.518858307849138,2.401885212567029
2022,MO,1,160999,53767,CORI BUSH,D,49.92969091941927,True,59.34959349593497,1,-9.419902576515696,recent,-5.381872783904621,1,-4.038029792611075,BUSH C,True,59.34959349593497,-4.058036259369523
2022,MO,2,135895,173277,ANN WAGNER,R,-12.091004360032603,True,-7.833163784333675,-1,-4.2578405756989275,recent,-5.381872783904621,-1,-1.1240322082056933,WAGNER A,True,-7.833163784333675,1.1040257414472459
2022,MO,3,96851,180746,BLAINE LUETKEMEYER,R,-30.22186839194948,True,-26.80937818552498,-1,-3.4124902064245006,recent,-5.381872783904621,-1,-1.9693825774801201,LUETKEMEYER B,True,-26.80937818552498,1.9493761107216727
2022,MO,4,67069,181890,MARK ALFORD,R,-46.12044553520861,True,-40.204081632653065,0,-5.9163639025555455,recent,-5.381872783904621,-1,0.5344911186509247,ALFORD M,False,-40.204081632653065,-0.5544975854093721
2022,MO,5,140688,84008,EMANUEL CLEAVER,D,25.225193149855805,True,26.80937818552498,1,-1.5841850356691758,recent,-5.381872783904621,1,3.797687748235445,CLEAVER E,True,26.80937818552498,3.7776812814769976
2022,MO,6,72253,184865,SAM GRAVES,R,-43.7977893418586,True,-37.74160732451678,-1,-6.0561820173418255,recent,-5.381872783904621,-1,0.6743092334372047,GRAVES S,True,-37.74160732451678,-0.6943157001956521
2022,MO,7,67485,178592,ERIC BURLISON,R,-45.15131442597236,True,-42.158859470468435,0,-2.9924549555039235,recent,-5.381872783904621,-1,-2.3894178284006973,BURLISON E,False,-42.158859470468435,2.36941136164225
2022,MO,8,53738,186472,JASON SMITH,R,-55.25748303567712,True,-52.12981744421907,-1,-3.1276655914580473,recent,-5.381872783904621,-1,-2.2542071924465734,SMITH J,True,-52.12981744421907,2.234200725688126
2022,MS,1,45238,122151,TRENT KELLY,R,-45.94865851400032,True,-32.18274111675127,-1,-13.765917397249055,recent,-5.381872783904621,-1,8.384044613344434,KELLY T,True,-32.18274111675127,-8.404051080102882
2022,MS,2,108285,71884,BENNIE G THOMPSON,D,20.203808646326504,True,26.39029322548028,1,-6.1864845791537775,recent,-5.381872783904621,1,-0.8046117952491567,THOMPSON B,True,26.39029322548028,-0.8246182620076041
2022,MS,3,54803,132481,MICHAEL GUEST,R,-41.476047072894644,True,-24.620060790273552,-1,-16.855986282621092,recent,-5.381872783904621,-1,11.474113498716472,GUEST M,True,-24.620060790273552,-11.494119965474919
2022,MS,4,42876,127813,MIKE EZELL,R,-49.76126170989343,True,-38.477157360406096,0,-11.284104349487336,recent,-5.381872783904621,-1,5.902231565582715,EZELL M,False,-38.477157360406096,-5.922238032341163
2022,MT,1,115265,123102,RYAN K ZINKE,R,-3.2877873195534617,True,-7.076923076923083,0,3.789135757369621,recent,-5.381872783904621,-1,-9.171008541274242,ZINKE R,False,-7.076923076923083,9.151002074515795
2022,MT,2,43480,121979,"MATTHEW M ROSENDALE, SR",R,-47.44317323324812,True,-27.589743589743595,-1,-19.853429643504523,recent,-5.381872783904621,-1,14.471556859599902,ROSENDALE M,True,-27.589743589743595,-14.49156332635835
2022,NC,1,134996,122780,DON DAVIS,D,4.738998199987586,True,7.366296670030278,0,-2.6272984700426916,recent,-5.381872783904621,1,2.754574313861929,DAVIS D,False,7.366296670030278,2.7345678471034818
2022,NC,2,190714,104155,DEBORAH K ROSS,D,29.355069539354766,True,29.268292682926834,1,0.08677685642793165,recent,-5.381872783904621,1,5.468649640332552,ROSS D,True,29.268292682926834,5.448643173574105
2022,NC,3,82378,166520,GREGORY F MURPHY,R,-33.805816037091496,True,-25.633232016210734,-1,-8.172584020880763,recent,-5.381872783904621,-1,2.7907112369761418,MURPHY G,True,-25.633232016210734,-2.810717703734589
2022,NC,4,194983,96442,VALERIE P FOUSHEE,D,33.81350261645363,True,35.4251012145749,0,-1.6115985981212688,recent,-5.381872783904621,1,3.770274185783352,FOUSHEE V,False,35.4251012145749,3.7502677190249045
2022,NC,5,102269,175279,VIRGINIA FOXX,R,-26.305359793621285,True,-21.536905965621845,-1,-4.768453827999441,recent,-5.381872783904621,-1,-0.6134189559051801,FOXX V,True,-21.536905965621845,0.5934124891467327
2022,NC,6,139553,116635,KATHY E MANNING,D,8.945774197074023,True,12.550607287449388,1,-3.604833090375365,recent,-5.381872783904621,1,1.7770396935292556,MANNING K,True,12.550607287449388,1.7570332267708082
2022,NC,7,120222,164047,DAVID ROUZER,R,-15.416735556814144,True,-12.841253791708791,-1,-2.575481765105353,recent,-5.381872783904621,-1,-2.8063910187992676,ROUZER D,True,-12.841253791708791,2.78638455204082
2022,NC,8,79192,183998,DAN BISHOP,R,-39.82142178654204,True,-34.47927199191102,-1,-5.34214979463102,recent,-5.381872783904621,-1,-0.03972298927360107,BISHOP D,True,-34.47927199191102,0.019716522515153656
2022,NC,9,101202,131453,RICHARD HUDSON,R,-13.002514452730438,True,-8.113590263691684,-1,-4.888924189038754,recent,-5.381872783904621,-1,-0.49294859486586695,HUDSON R,True,-8.113590263691684,0.47294212810741953
2022,NC,10,73174,194681,PATRICK T MCHENRY,R,-45.36297623714323,True,-39.93933265925177,-1,-5.423643577891461,recent,-5.381872783904621,-1,0.04177079398684036,MCHENRY P,True,-39.93933265925177,-0.061777260745287776
2022,NC,11,144165,174232,CHUCK EDWARDS,R,-9.443242241604036,True,-10.233029381965554,0,0.7897871403615184,recent,-5.381872783904621,-1,-6.171659924266139,EDWARDS C,False,-10.233029381965554,6.151653457507692
2022,NC,12,140494,83414,ALMA S ADAMS,D,25.492613037497545,True,30.628803245436107,1,-5.1361902079385615,recent,-5.381872783904621,1,0.24568257596605925,ADAMS A,True,30.628803245436107,0.22567610920761183
2022,NC,13,143090,134256,WILEY NICKEL,D,3.185191060985195,True,1.7258883248730994,0,1.4593027361120958,recent,-5.381872783904621,1,6.841175520016717,NICKEL W,False,1.7258883248730994,6.821169053258269
2022,NC,14,148738,109014,JEFF JACKSON,D,15.411713585151618,True,16.63286004056795,0,-1.2211464554163332,recent,-5.381872783904621,1,4.160726328488288,JACKSON J,False,16.63286004056795,4.14071986172984
2022,NE,1,93929,129236,MIKE FLOOD,R,-15.821029283265744,True,-11.27049180327869,0,-4.550537479987055,recent,-5.381872783904621,-1,-0.8313353039175659,FLOOD M,False,-11.27049180327869,0.8113288371591185
2022,NE,2,106807,112663,DON BACON,R,-2.6682462295530143,True,6.530612244897965,-1,-9.19885847445098,recent,-5.381872783904621,-1,3.8169856905463586,BACON D,True,6.530612244897965,-3.836992157304806
2022,NE,3,34836,172700,ADRIAN SMITH,R,-66.42895690386246,True,-52.857142857142854,-1,-13.571814046719602,recent,-5.381872783904621,-1,8.189941262814981,SMITH A,True,-52.857142857142854,-8.209947729573429
2022,NH,1,167391,142229,CHRIS PAPPAS,D,8.126735998966476,True,6.097560975609756,1,2.0291750233567196,recent,-5.381872783904621,1,7.41104780726134,PAPPAS C,True,6.097560975609756,7.391041340502893
2022,NH,2,171636,135579,ANN M KUSTER,D,11.736731604902104,True,9.053916581892164,1,2.6828150230099403,recent,-5.381872783904621,1,8.064687806914561,KUSTER A,True,9.053916581892164,8.044681340156114
2022,NJ,1,139559,78794,DONALD NORCROSS,D,27.82879099439898,True,24.746450304259636,1,3.0823406901393433,recent,-5.381872783904621,1,8.464213474043964,NORCROSS D,True,24.746450304259636,8.444207007285517
2022,NJ,2,94522,139217,JEFFERSON VAN DREW,R,-19.121755462289133,True,-4.964539007092198,-1,-14.157216455196934,recent,-5.381872783904621,-1,8.775343671292314,DREW J,True,-4.964539007092198,-8.795350138050761
2022,NJ,3,150498,118415,ANDY KIM,D,11.930624402687858,True,14.198782961460447,1,-2.2681585587725888,recent,-5.381872783904621,1,3.113714225132032,KIM A,True,14.198782961460447,3.0937077583735846
2022,NJ,4,81233,173288,CHRISTOPHER H SMITH,R,-36.16793899128166,True,-22.796352583586625,-1,-13.371586407695034,recent,-5.381872783904621,-1,7.989713623790413,SMITH C,True,-22.796352583586625,-8.00972009054886
2022,NJ,5,145559,117873,JOSH GOTTHEIMER,D,10.509733062042576,True,12.550607287449388,1,-2.040874225406812,recent,-5.381872783904621,1,3.340998558497809,GOTTHEIMER J,True,12.550607287449388,3.3209920917393614
2022,NJ,6,106238,75839,"FRANK PALLONE, JR",D,16.69568369426122,True,19.554204660587637,1,-2.8585209663264166,recent,-5.381872783904621,1,2.523351817578204,PALLONE F,True,19.554204660587637,2.5033453508197567
2022,NJ,7,150701,159392,"THOMAS H KEAN, JR",R,-2.802707574824327,True,3.8617886178861833,1,-6.66449619271051,recent,-5.381872783904621,-1,1.2826234088058897,KEAN T,False,3.8617886178861833,-1.302629875564337
2022,NJ,8,78382,24957,ROBERT J MENENDEZ,D,51.698777808958866,True,45.80384226491406,0,5.894935544044806,recent,-5.381872783904621,1,11.276808327949427,MENENDEZ R,False,45.80384226491406,11.25680186119098
2022,NJ,9,82457,65365,"BILL PASCRELL, JR",D,11.562554964754908,True,19.110212335692616,1,-7.547657370937708,recent,-5.381872783904621,1,-2.1657845870330874,PASCRELL B,True,19.110212335692616,-2.185791053791535
2022,NJ,10,100710,25993,"DONALD M PAYNE, JR",D,58.970190129673334,True,62.5,1,-3.529809870326666,recent,-5.381872783904621,1,1.8520629135779547,PAYNE D,True,62.5,1.8320564468195073
2022,NJ,11,161436,109952,MIKIE SHERRILL,D,18.97062508290713,True,17.1225937183384,1,1.8480313645687296,recent,-5.381872783904621,1,7.22990414847335,SHERRILL M,True,17.1225937183384,7.209897681714903
2022,NJ,12,125127,71175,BONNIE WATSON COLEMAN,D,27.484182535073508,True,34.95440729483282,1,-7.470224759759311,recent,-5.381872783904621,1,-2.0883519758546907,COLEMAN B,True,34.95440729483282,-2.108358442613138
2022,NM,1,156462,124151,MELANIE A STANSBURY,D,11.514434470249062,True,14.784394250513344,0,-3.2699597802642817,recent,-5.381872783904621,1,2.111913003640339,STANSBURY M,False,14.784394250513344,2.0919065368818917
2022,NM,2,97037,95636,GABRIEL VASQUEZ,D,0.7271387272736709,True,5.918367346938773,-1,-5.191228619665102,recent,-5.381872783904621,1,0.1906441642395187,VASQUEZ G,False,5.918367346938773,0.17063769748107127
2022,NM,3,134217,96565,TERESA LEGER FERNANDEZ,D,16.314963905330572,True,11.020408163265303,1,5.294555742065269,recent,-5.381872783904621,1,10.67642852596989,FERNANDEZ T,True,11.020408163265303,10.656422059211442
2022,NV,1,115700,103115,DINA TITUS,D,5.751433859653131,True,8.682328907048008,1,-2.930895047394877,recent,-5.381872783904621,1,2.450977736509744,TITUS D,True,8.682328907048008,2.4309712697512964
2022,NV,2,117371,185467,MARK E AMODEI,R,-22.485949583605755,True,-11.316872427983538,-1,-11.169077155622217,recent,-5.381872783904621,-1,5.787204371717596,AMODEI M,True,-11.316872427983538,-5.807210838476044
2022,NV,3,131086,121083,SUSIE LEE,D,3.966784180450412,True,6.829765545361871,1,-2.8629813649114593,recent,-5.381872783904621,1,2.5188914189931615,LEE S,True,6.829765545361871,2.498884952234714
2022,NV,4,116617,105870,STEVEN HORSFORD,D,4.830394584852149,True,8.384458077709613,1,-3.5540634928574644,recent,-5.381872783904621,1,1.8278092910471564,HORSFORD S,True,8.384458077709613,1.807802824288709
2022,NY,1,141907,177040,NICHOLAS J LALOTA,R,-11.015309753658132,True,0.20242914979757373,0,-11.217738903455706,recent,-5.381872783904621,-1,5.835866119551085,LALOTA N,False,0.20242914979757373,-5.855872586309532
2022,NY,2,97774,151178,ANDREW R GARBARINO,R,-21.45152479192776,True,-1.5166835187057632,-1,-19.934841273222,recent,-5.381872783904621,-1,14.552968489317378,GARBARINO A,True,-1.5166835187057632,-14.572974956075825
2022,NY,3,125404,145824,GEORGE A D SANTOS,R,-7.528721223472503,True,8.282828282828286,0,-15.81154950630079,recent,-5.381872783904621,-1,10.429676722396168,SANTOS G,False,8.282828282828286,-10.449683189154616
2022,NY,4,130871,140622,ANTHONY P DÃ¢ÂÂESPOSITO,R,-3.5916211467698984,True,14.747474747474742,0,-18.33909589424464,recent,-5.381872783904621,-1,12.957223110340019,ESPOSITO A,False,14.747474747474742,-12.977229577098466
2022,NY,5,104396,34407,GREGORY W MEEKS,D,50.423261745063144,True,62.776659959758554,1,-12.35339821469541,recent,-5.381872783904621,1,-6.9715254307907895,MEEKS G,True,62.776659959758554,-6.991531897549237
2022,NY,6,85049,47935,GRACE MENG,D,27.90862058593515,True,30.57517658930374,1,-2.6665560033685907,recent,-5.381872783904621,1,2.71531678053603,MENG G,True,30.57517658930374,2.6953103137775827
2022,NY,7,119473,28597,NYDIA M VELÃÂZQUEZ,D,61.373674613358546,True,63.232323232323225,0,-1.8586486189646791,recent,-5.381872783904621,1,3.5232241649399416,ZQUEZ N,False,63.232323232323225,3.503217698181494
2022,NY,8,99079,39060,HAKEEM S JEFFRIES,D,43.44826587712377,True,53.52112676056338,1,-10.07286088343961,recent,-5.381872783904621,1,-4.690988099534989,JEFFRIES H,True,53.52112676056338,-4.7109945662934365
2022,NY,10,160582,29058,DANIEL GOLDMAN,D,69.35456654714196,True,71.91919191919192,0,-2.56462537204996,recent,-5.381872783904621,1,2.8172474118546607,GOLDMAN D,False,71.91919191919192,2.7972409450962132
2022,NY,11,71801,115992,NICOLE MALLIOTAKIS,R,-23.531761034756354,True,-7.769929364278503,-1,-15.76183167047785,recent,-5.381872783904621,-1,10.37995888657323,MALLIOTAKIS N,True,-7.769929364278503,-10.399965353331677
2022,NY,12,200890,44173,JERROLD NADLER,D,63.94967824600205,True,72.12121212121212,1,-8.171533875210073,recent,-5.381872783904621,1,-2.7896610913054527,NADLER J,True,72.12121212121212,-2.8096675580639
2022,NY,14,82453,31935,ALEXANDRIA OCASIO-CORTEZ,D,44.16372346749659,True,57.05645161290323,1,-12.892728145406643,recent,-5.381872783904621,1,-7.510855361502022,CORTEZ A,True,57.05645161290323,-7.53086182826047
2022,NY,15,76406,15882,RITCHIE TORRES,D,65.58165742024966,True,70.4225352112676,1,-4.840877791017945,recent,-5.381872783904621,1,0.5409949928866755,TORRES R,True,70.4225352112676,0.5209885261282281
2022,NY,16,133567,74156,JAMAAL BOWMAN,D,28.601069693774882,True,44.09687184661957,1,-15.49580215284469,recent,-5.381872783904621,1,-10.113929368940068,BOWMAN J,True,44.09687184661957,-10.133935835698516
2022,NY,17,141730,143550,MICHAEL V LAWLER,R,-0.6379697139652272,True,10.212335692618808,1,-10.850305406584035,recent,-5.381872783904621,-1,5.468432622679414,LAWLER M,False,10.212335692618808,-5.488439089437861
2022,NY,18,135245,131653,PATRICK RYAN,D,1.3458324903146521,True,8.536585365853657,0,-7.190752875539005,recent,-5.381872783904621,1,-1.808880091634384,RYAN P,False,8.536585365853657,-1.8288865583928313
2022,NY,19,141509,146004,MARCUS MOLINARO,R,-1.5634075676578103,True,4.693877551020402,0,-6.257285118678213,recent,-5.381872783904621,-1,0.8754123347735918,MOLINARO M,False,4.693877551020402,-0.8954188015320392
2022,NY,20,160420,130869,PAUL TONKO,D,10.144907634685827,True,19.59183673469388,1,-9.446929100008054,recent,-5.381872783904621,1,-4.065056316103433,TONKO P,True,19.59183673469388,-4.085062782861881
2022,NY,21,112645,168579,ELISE M STEFANIK,R,-19.889483116661452,True,-12.6530612244898,-1,-7.236421892171652,recent,-5.381872783904621,-1,1.8545491082670313,STEFANIK E,True,-12.6530612244898,-1.8745555750254788
2022,NY,22,132913,135544,BRANDON M WILLIAMS,R,-0.9800452213948603,True,7.56646216768916,0,-8.54650738908402,recent,-5.381872783904621,-1,3.1646346051793994,WILLIAMS B,False,7.56646216768916,-3.184641071937847
2022,NY,23,104114,192694,NICK LANGWORTHY,R,-29.844209050968978,True,-17.551020408163268,0,-12.29318864280571,recent,-5.381872783904621,-1,6.911315858901089,LANGWORTHY N,False,-17.551020408163268,-6.931322325659536
2022,NY,24,95028,182054,CLAUDIA TENNEY,R,-31.408030835637103,True,-17.586912065439677,-1,-13.821118770197426,recent,-5.381872783904621,-1,8.439245986292805,TENNEY C,True,-17.586912065439677,-8.459252453051253
2022,NY,25,152022,130190,JOSEPH D MORELLE,D,7.736028234093518,True,20.12257405515832,1,-12.386545821064804,recent,-5.381872783904621,1,-7.004673037160183,MORELLE J,True,20.12257405515832,-7.02467950391863
2022,NY,26,156883,88339,BRIAN HIGGINS,D,27.951815090000082,True,23.828920570264767,1,4.122894519735315,recent,-5.381872783904621,1,9.504767303639936,HIGGINS B,True,23.828920570264767,9.484760836881488
2022,OH,1,156416,140058,GREG LANDSMAN,D,5.5175158698570534,True,8.629441624365482,-1,-3.1119257545084285,recent,-5.381872783904621,1,2.2699470293961923,LANDSMAN G,False,8.629441624365482,2.249940562637745
2022,OH,2,65745,192117,BRAD R WENSTRUP,R,-49.00760872094376,True,-45.8966565349544,-1,-3.1109521859893547,recent,-5.381872783904621,-1,-2.270920597915266,WENSTRUP B,True,-45.8966565349544,2.2509141311568186
2022,OH,3,182324,76455,JOYCE BEATTY,D,40.91097036467411,True,44.36548223350254,1,-3.4545118688284333,recent,-5.381872783904621,1,1.9273609150761875,BEATTY J,True,44.36548223350254,1.90735444831774
2022,OH,4,89383,200773,JIM JORDAN,R,-38.38969381987621,True,-36.24365482233502,-1,-2.14603899754119,recent,-5.381872783904621,-1,-3.2358337863634308,JORDAN J,True,-36.24365482233502,3.2158273196049834
2022,OH,5,92634,187303,ROBERT E LATTA,R,-33.81796618524882,True,-27.23577235772358,-1,-6.582193827525241,recent,-5.381872783904621,-1,1.2003210436206206,LATTA R,True,-27.23577235772358,-1.220327510379068
2022,OH,6,90500,189883,BILL JOHNSON,R,-35.445444267305795,True,-29.078014184397166,-1,-6.36743008290863,recent,-5.381872783904621,-1,0.9855572990040091,JOHNSON B,True,-29.078014184397166,-1.0055637657624565
2022,OH,7,135485,168002,MAX MILLER,R,-10.714462233967188,True,-9.311740890688261,0,-1.4027213432789267,recent,-5.381872783904621,-1,-3.979151440625694,MILLER M,False,-9.311740890688261,3.9591449738672466
2022,OH,8,98629,180287,WARREN DAVIDSON,R,-29.276914913450646,True,-22.312373225152133,-1,-6.964541688298514,recent,-5.381872783904621,-1,1.582668904393893,DAVIDSON W,True,-22.312373225152133,-1.6026753711523405
2022,OH,9,150655,115362,MARCY KAPTUR,D,13.267197209200916,True,-2.950152594099693,1,16.217349803300607,recent,-5.381872783904621,1,21.599222587205226,KAPTUR M,True,-2.950152594099693,21.57921612044678
2022,OH,10,104634,168327,MICHAEL R TURNER,R,-23.334102674008374,True,-3.5605289928789423,-1,-19.77357368112943,recent,-5.381872783904621,-1,14.39170089722481,TURNER M,True,-3.5605289928789423,-14.411707363983258
2022,OH,11,167722,47988,SHONTEL M BROWN,D,55.50693060127023,True,58.18181818181817,0,-2.6748875805479457,recent,-5.381872783904621,1,2.706985203356675,BROWN S,False,58.18181818181817,2.6869787365982276
2022,OH,12,84893,191344,TROY BALDERSON,R,-38.53611210663307,True,-31.370558375634523,-1,-7.165553730998546,recent,-5.381872783904621,-1,1.7836809470939254,BALDERSON T,True,-31.370558375634523,-1.8036874138523729
2022,OH,13,149816,134593,EMILIA SYKES,D,5.352502909542244,True,2.839756592292094,0,2.5127463172501496,recent,-5.381872783904621,1,7.89461910115477,SYKES E,False,2.839756592292094,7.874612634396323
2022,OH,14,113639,183389,DAVID P JOYCE,R,-23.4826346337719,True,-15.096251266464032,-1,-8.38638336730787,recent,-5.381872783904621,-1,3.004510583403249,JOYCE D,True,-15.096251266464032,-3.0245170501616965
2022,OH,15,108139,143112,MIKE CAREY,R,-13.919546588869299,True,-6.910569105691061,0,-7.008977483178238,recent,-5.381872783904621,-1,1.627104699273617,CAREY M,False,-6.910569105691061,-1.6471111660320643
2022,OK,1,80974,142800,KEVIN HERN,R,-27.62876831088509,True,-21.97125256673511,-1,-5.657515744149979,recent,-5.381872783904621,-1,0.2756429602453583,HERN K,True,-21.97125256673511,-0.2956494270038057
2022,OK,2,54194,167843,JOSH BRECHEEN,R,-51.184712457833605,True,-54.37881873727088,0,3.1941062794372783,recent,-5.381872783904621,-1,-8.575979063341899,BRECHEEN J,False,-54.37881873727088,8.555972596583452
2022,OK,3,50354,147418,FRANK D LUCAS,R,-49.07873713164654,True,-45.752302968270214,-1,-3.3264341633763266,recent,-5.381872783904621,-1,-2.055438620528294,LUCAS F,True,-45.752302968270214,2.0354321537698468
2022,OK,4,74667,149879,TOM COLE,R,-33.49514130734905,True,-32.377049180327866,-1,-1.1180921270211854,recent,-5.381872783904621,-1,-4.263780656883435,COLE T,True,-32.377049180327866,4.243774190124988
2022,OK,5,96799,152699,STEPHANIE I BICE,R,-22.404989218350448,True,-17.24845995893224,-1,-5.156529259418207,recent,-5.381872783904621,-1,-0.22534352448641393,BICE S,True,-17.24845995893224,0.2053370577279665
2022,OR,1,210682,99042,SUZANNE BONAMICI,D,36.04499489868399,True,40.307692307692314,1,-4.262697409008325,recent,-5.381872783904621,1,1.1191753748962956,BONAMICI S,True,40.307692307692314,1.0991689081378482
2022,OR,2,99882,208369,CLIFF BENTZ,R,-35.19437082118144,True,-25.076765609007165,-1,-10.117605212174272,recent,-5.381872783904621,-1,4.735732428269651,BENTZ C,True,-25.076765609007165,-4.755738895028099
2022,OR,3,212119,79766,EARL BLUMENAUER,D,45.34422803501379,True,48.413510747185256,1,-3.0692827121714643,recent,-5.381872783904621,1,2.3125900717331564,BLUMENAUER E,True,48.413510747185256,2.292583604974709
2022,OR,4,171372,146055,VAL HOYLE,D,7.97569204888053,True,13.141683778234091,0,-5.165991729353561,recent,-5.381872783904621,1,0.2158810545510601,HOYLE V,False,13.141683778234091,0.1958745877926127
2022,OR,5,171514,178813,LORI CHAVEZ-DEREMER,R,-2.083482003956304,True,9.016393442622956,0,-11.09987544657926,recent,-5.381872783904621,-1,5.718002662674639,DEREMER L,False,9.016393442622956,-5.738009129433086
2022,OR,6,147156,139946,ANDREA SALINAS,D,2.5113026032559858,True,13.463514902363825,0,-10.952212299107838,recent,-5.381872783904621,1,-5.570339515203218,SALINAS A,False,13.463514902363825,-5.590345981961665
2022,PA,1,165809,201571,BRIAN K FITZPATRICK,R,-9.734335020959225,True,4.646464646464641,-1,-14.380799667423865,recent,-5.381872783904621,-1,8.998926883519244,FITZPATRICK B,True,4.646464646464641,-9.018933350277692
2022,PA,2,141229,45454,BRENDAN F BOYLE,D,51.3035466539535,True,43.00100704934542,1,8.302539604608079,recent,-5.381872783904621,1,13.6844123885127,BOYLE B,True,43.00100704934542,13.664405921754252
2022,PA,4,224799,141986,MADELEINE DEAN,D,22.578077075125755,True,19.110212335692616,0,3.467864739433139,recent,-5.381872783904621,1,8.84973752333776,DEAN M,False,19.110212335692616,8.829731056579313
2022,PA,5,205128,110058,MARY GAY SCANLON,D,30.163141763910833,True,32.59334006054491,1,-2.430198296634078,recent,-5.381872783904621,1,2.9516744872705427,SCANLON M,True,32.59334006054491,2.9316680205120953
2022,PA,6,190386,136097,CHRISSY HOULAHAN,D,16.62843088307814,True,14.97975708502024,1,1.6486737980578976,recent,-5.381872783904621,1,7.030546581962518,HOULAHAN C,True,14.97975708502024,7.010540115204071
2022,PA,7,151364,145527,SUSAN WILD,D,1.9660414091366865,True,0.607287449392714,1,1.3587539597439724,recent,-5.381872783904621,1,6.740626743648593,WILD S,True,0.607287449392714,6.720620276890146
2022,PA,8,146956,139930,MATT CARTWRIGHT,D,2.4490564196231257,True,-2.932254802831141,1,5.381311222454267,recent,-5.381872783904621,1,10.763184006358888,CARTWRIGHT M,True,-2.932254802831141,10.74317753960044
2022,PA,9,92622,209185,DANIEL MEUSER,R,-38.62170194859629,True,-37.055837563451774,-1,-1.5658643851445149,recent,-5.381872783904621,-1,-3.816008398760106,MEUSER D,True,-37.055837563451774,3.7960019320016585
2022,PA,10,145215,169331,SCOTT PERRY,R,-7.666923120942565,True,-4.1624365482233445,-1,-3.5044865727192205,recent,-5.381872783904621,-1,-1.8773862111854003,PERRY S,True,-4.1624365482233445,1.8573797444269529
2022,PA,11,121835,194991,LLOYD SMUCKER,R,-23.09027668183798,True,-21.624365482233497,-1,-1.4659111996044842,recent,-5.381872783904621,-1,-3.9159615843001365,SMUCKER L,True,-21.624365482233497,3.895955117541689
2022,PA,12,184674,143946,SUMMER LEE,D,12.393646156655103,True,20.121334681496457,1,-7.727688524841353,recent,-5.381872783904621,1,-2.3458157409367324,LEE S,True,20.121334681496457,-2.36582220769518
2022,PA,15,91729,213417,GLENN THOMPSON,R,-39.878615482424806,True,-37.52535496957404,-1,-2.353260512850767,recent,-5.381872783904621,-1,-3.028612271053854,THOMPSON G,True,-37.52535496957404,3.0086058042954065
2022,PA,16,130443,190546,MIKE KELLY,R,-18.724317655745214,True,-20.9726443768997,0,2.2483267211544877,recent,-5.381872783904621,-1,-7.6301995050591085,KELLY M,False,-20.9726443768997,7.610193038300661
2022,PA,17,193615,169013,CHRIS DELUZIO,D,6.784363038706332,True,5.8704453441295525,0,0.9139176945767797,recent,-5.381872783904621,1,6.2957904784814005,DELUZIO C,False,5.8704453441295525,6.275784011722953
2022,RI,1,100318,56055,DAVID N CICILLINE,D,28.306037487290006,True,29.543147208121823,1,-1.2371097208318176,recent,-5.381872783904621,1,4.144763063072803,CICILLINE D,True,29.543147208121823,4.124756596314356
2022,RI,2,101432,93969,SETH M MAGAZINER,D,3.8193253872805153,True,13.908629441624369,0,-10.089304054343852,recent,-5.381872783904621,1,-4.707431270439232,MAGAZINER S,False,13.908629441624369,-4.727437737197679
2022,SC,1,115796,153757,NANCY MACE,R,-14.082944727011014,True,-8.739837398373984,-1,-5.34310732863703,recent,-5.381872783904621,-1,-0.038765455267590454,MACE N,True,-8.739837398373984,0.018758988509143038
2022,SC,2,98081,147699,JOE WILSON,R,-20.187972983969402,True,-10.772357723577237,-1,-9.415615260392165,recent,-5.381872783904621,-1,4.033742476487545,WILSON J,True,-10.772357723577237,-4.053748943245992
2022,SC,5,83299,154725,RALPH NORMAN,R,-30.007898363190268,True,-18.458417849898577,-1,-11.549480513291691,recent,-5.381872783904621,-1,6.16760772938707,NORMAN R,True,-18.458417849898577,-6.1876141961455176
2022,SC,6,130923,79879,JAMES E CLYBURN,D,24.214191516209524,True,32.58883248730964,1,-8.374640971100114,recent,-5.381872783904621,1,-2.9927681871954928,CLYBURN J,True,32.58883248730964,-3.01277465395394
2022,SC,7,89030,164440,RUSSELL FRY,R,-29.75105535171815,True,-18.787878787878782,0,-10.963176563839369,recent,-5.381872783904621,-1,5.581303779934748,FRY R,False,-18.787878787878782,-5.601310246693195
2022,TN,1,37049,147241,DIANA HARSHBARGER,R,-59.79271799880623,True,-55.239064089521875,-1,-4.553653909284357,recent,-5.381872783904621,-1,-0.8282188746202639,HARSHBARGER D,True,-55.239064089521875,0.8082124078618165
2022,TN,2,66673,141089,TIM BURCHETT,R,-35.81790702823423,True,-29.86748216106015,-1,-5.950424867174082,recent,-5.381872783904621,-1,0.568552083269461,BURCHETT T,True,-29.86748216106015,-0.5885585500279085
2022,TN,3,60334,136639,CHARLES J Ã¢ÂÂCHUCKÃ¢ÂÂ FLEISCHMANN,R,-38.738811918384755,True,-32.51783893985729,-1,-6.220972978527463,recent,-5.381872783904621,-1,0.8391001946228425,FLEISCHMANN C,True,-32.51783893985729,-0.8591066613812899
2022,TN,4,44648,122401,SCOTT DESJARLAIS,R,-46.54502571101892,True,-38.430173292558614,-1,-8.114852418460309,recent,-5.381872783904621,-1,2.7329796345556883,DESJARLAIS S,True,-38.430173292558614,-2.7529861013141357
2022,TN,5,93648,123558,ANDY OGLES,R,-13.770337835971382,True,-11.56601842374616,0,-2.2043194122252228,recent,-5.381872783904621,-1,-3.177553371679398,OGLES A,False,-11.56601842374616,3.1575469049209506
2022,TN,6,65675,129388,JOHN W ROSE,R,-32.66278074263187,True,-29.663608562691135,-1,-2.9991721799407323,recent,-5.381872783904621,-1,-2.3827006039638885,ROSE J,True,-29.663608562691135,2.362694137205441
2022,TN,7,68973,108421,MARK E GREEN,R,-22.237505214381546,True,-15.455475946775849,-1,-6.782029267605697,recent,-5.381872783904621,-1,1.4001564837010765,GREEN M,True,-15.455475946775849,-1.420162950459524
2022,TN,8,51102,155602,DAVID KUSTOFF,R,-50.55538354361793,True,-37.86802030456853,-1,-12.687363239049397,recent,-5.381872783904621,-1,7.305490455144776,KUSTOFF D,True,-37.86802030456853,-7.325496921903223
2022,TN,9,93800,35123,STEVE COHEN,D,45.5132133133731,True,48.983739837398375,1,-3.4705265240252743,recent,-5.381872783904621,1,1.9113462598793465,COHEN S,True,48.983739837398375,1.891339793120899
2022,TX,1,51438,183224,NATHANIEL MORAN,R,-56.15992363484501,True,-46.410515672396365,0,-9.749407962448643,recent,-5.381872783904621,-1,4.367535178544022,MORAN N,False,-46.410515672396365,-4.38754164530247
2022,TX,2,78496,151791,DAN CRENSHAW,R,-31.827675900072517,True,-23.123732251521304,-1,-8.703943648551213,recent,-5.381872783904621,-1,3.3220708646465926,CRENSHAW D,True,-23.123732251521304,-3.34207733140504
2022,TX,3,100121,164240,KEITH SELF,R,-24.254334035655788,True,-14.634146341463412,0,-9.620187694192376,recent,-5.381872783904621,-1,4.238314910287755,SELF K,False,-14.634146341463412,-4.258321377046203
2022,TX,4,79179,170781,PAT FALLON,R,-36.646663466154585,True,-26.315789473684212,-1,-10.330873992470373,recent,-5.381872783904621,-1,4.949001208565752,FALLON P,True,-26.315789473684212,-4.9690076753242
2022,TX,5,71930,135595,LANCE GOODEN,R,-30.67823153836887,True,-22.672064777327932,-1,-8.006166761040937,recent,-5.381872783904621,-1,2.6242939771363165,GOODEN L,True,-22.672064777327932,-2.644300443894764
2022,TX,7,115994,65835,LIZZIE FLETCHER,D,27.585808644385658,True,30.09118541033435,1,-2.505376765948693,recent,-5.381872783904621,1,2.876496017955928,FLETCHER L,True,30.09118541033435,2.8564895511974804
2022,TX,8,68715,153127,MORGAN LUTTRELL,R,-38.05050441305073,True,-27.53036437246964,0,-10.52014004058109,recent,-5.381872783904621,-1,5.138267256676469,LUTTRELL M,False,-27.53036437246964,-5.158273723434917
2022,TX,9,125446,38161,AL GREEN,D,53.3504067674366,True,53.93939393939395,1,-0.5889871719573492,recent,-5.381872783904621,1,4.792885611947272,GREEN A,True,53.93939393939395,4.772879145188824
2022,TX,10,86404,159469,MICHAEL T MCCAUL,R,-29.716560988803163,True,-19.105691056910572,-1,-10.61086993189259,recent,-5.381872783904621,-1,5.22899714798797,MCCAUL M,True,-19.105691056910572,-5.249003614746417
2022,TX,12,85026,152953,KAY GRANGER,R,-28.54327482677043,True,-18.495934959349587,-1,-10.047339867420842,recent,-5.381872783904621,-1,4.665467083516221,GRANGER K,True,-18.495934959349587,-4.6854735502746685
2022,TX,13,52910,161767,RONNY JACKSON,R,-50.70734172733921,True,-46.192893401015226,-1,-4.514448326323986,recent,-5.381872783904621,-1,-0.8674244575806345,JACKSON R,True,-46.192893401015226,0.847417990822187
2022,TX,14,63606,149543,"RANDY K WEBER, SR",R,-40.31780585412083,True,-29.00608519269777,-1,-11.311720661423056,recent,-5.381872783904621,-1,5.929847877518435,WEBER R,True,-29.00608519269777,-5.949854344276883
2022,TX,15,68097,80978,MONICA DE LA CRUZ,R,-8.64061713902398,True,-2.926337033299696,0,-5.714280105724285,recent,-5.381872783904621,-1,0.33240732181966415,CRUZ M,False,-2.926337033299696,-0.35241378857811156
2022,TX,16,95510,54986,VERONICA ESCOBAR,D,26.92696151392728,True,36.04060913705584,1,-9.113647623128557,recent,-5.381872783904621,1,-3.7317748392239363,ESCOBAR V,True,36.04060913705584,-3.7517813059823837
2022,TX,17,72801,144408,PETE SESSIONS,R,-32.96686601383921,True,-22.84263959390863,-1,-10.12422641993058,recent,-5.381872783904621,-1,4.742353636025959,SESSIONS P,True,-22.84263959390863,-4.762360102784406
2022,TX,18,110511,40941,SHEILA JACKSON LEE,D,45.93534585215118,True,49.13880445795339,1,-3.2034586058022114,recent,-5.381872783904621,1,2.1784141781024093,LEE S,True,49.13880445795339,2.158407711343962
2022,TX,20,115352,53226,JOAQUIN CASTRO,D,36.85297013845223,True,33.60406091370558,1,3.2489092247466473,recent,-5.381872783904621,1,8.630782008651268,CASTRO J,True,33.60406091370558,8.61077554189282
2022,TX,21,122655,207426,CHIP ROY,R,-25.681878084470174,True,-20.000000000000004,-1,-5.681878084470171,recent,-5.381872783904621,-1,0.30000530056554986,ROY C,True,-20.000000000000004,-0.3200117673239973
2022,TX,22,85653,150014,TROY E NEHLS,R,-27.310145247319312,True,-16.312056737588655,-1,-10.998088509730657,recent,-5.381872783904621,-1,5.616215725826036,NEHLS T,True,-16.312056737588655,-5.6362221925844835
2022,TX,23,80947,116649,TONY GONZALES,R,-18.068179517804005,True,-7.193515704154004,-1,-10.87466381365,recent,-5.381872783904621,-1,5.49279102974538,GONZALES T,True,-7.193515704154004,-5.512797496503827
2022,TX,24,119878,177947,BETH VAN DUYNE,R,-19.49769159741459,True,-12.601626016260159,-1,-6.896065581154431,recent,-5.381872783904621,-1,1.5141927972498106,DUYNE B,True,-12.601626016260159,-1.534199264008258
2022,TX,27,73611,133416,MICHAEL CLOUD,R,-28.88753640829457,True,-22.796352583586625,-1,-6.091183824707944,recent,-5.381872783904621,-1,0.709311040803323,CLOUD M,True,-22.796352583586625,-0.7293175075617704
2022,TX,28,93803,71778,HENRY CUELLAR,D,13.301646928089575,True,7.08502024291498,1,6.216626685174595,recent,-5.381872783904621,1,11.598499469079215,CUELLAR H,True,7.08502024291498,11.57849300232077
2022,TX,29,71837,28765,SYLVIA R GARCIA,D,42.814258165841636,True,37.24696356275303,1,5.567294603088605,recent,-5.381872783904621,1,10.949167386993226,GARCIA S,True,37.24696356275303,10.929160920234779
2022,TX,30,134876,39209,JASMINE CROCKETT,D,54.95418904558118,True,57.48987854251013,0,-2.5356894969289456,recent,-5.381872783904621,1,2.846183286975675,CROCKETT J,False,57.48987854251013,2.8261768202172277
2022,TX,32,116005,61494,COLIN Z ALLRED,D,30.710595552651,True,33.536585365853654,1,-2.8259898132026535,recent,-5.381872783904621,1,2.5558829707019672,ALLRED C,True,33.536585365853654,2.53587650394352
2022,TX,33,82081,29203,MARC A VEASEY,D,47.51626469213903,True,50.507099391480736,1,-2.990834699341704,recent,-5.381872783904621,1,2.3910380845629167,VEASEY M,True,50.507099391480736,2.3710316178044692
2022,TX,34,70896,59464,VICENTE GONZALEZ,D,8.769561215096655,True,15.640766902119072,1,-6.871205687022417,recent,-5.381872783904621,1,-1.4893329031177966,GONZALEZ V,True,15.640766902119072,-1.509339369876244
2022,TX,35,129599,48969,GREG CASAR,D,45.153666950405444,True,46.02851323828921,0,-0.8748462878837628,recent,-5.381872783904621,1,4.507026496020858,CASAR G,False,46.02851323828921,4.4870200292624105
2022,TX,36,64016,145599,BRIAN BABIN,R,-38.920401688810436,True,-31.983805668016192,-1,-6.936596020794244,recent,-5.381872783904621,-1,1.5547232368896235,BABIN B,True,-31.983805668016192,-1.574729703648071
2022,TX,37,219358,59923,LLOYD DOGGETT,D,57.08766439535808,True,53.76782077393075,1,3.3198436214273315,recent,-5.381872783904621,1,8.701716405331952,DOGGETT L,True,53.76782077393075,8.681709938573505
2022,TX,38,92302,163597,WESLEY HUNT,R,-27.860601252838034,True,-18.458417849898577,0,-9.402183402939457,recent,-5.381872783904621,-1,4.020310619034836,HUNT W,False,-18.458417849898577,-4.0403170857932835
2022,UT,1,87986,178434,BLAKE D MOORE,R,-33.94940319795811,True,-20.794148380355278,-1,-13.155254817602835,recent,-5.381872783904621,-1,7.773382033698214,MOORE B,True,-20.794148380355278,-7.793388500456661
2022,UT,2,88224,154883,CHRIS STEWART,R,-27.419613585787328,True,-17.879417879417883,-1,-9.540195706369445,recent,-5.381872783904621,-1,4.158322922464825,STEWART C,True,-17.879417879417883,-4.178329389223272
2022,UT,3,83687,182497,JOHN R CURTIS,R,-37.12093889940793,True,-20.04175365344468,-1,-17.079185245963252,recent,-5.381872783904621,-1,11.697312462058632,CURTIS J,True,-20.04175365344468,-11.717318928817079
2022,UT,4,82181,155110,BURGESS OWENS,R,-30.733993282509662,True,-27.120418848167542,-1,-3.6135744343421194,recent,-5.381872783904621,-1,-1.7682983495625013,OWENS B,True,-27.120418848167542,1.748291882804054
2022,VA,1,147229,191828,ROBERT J WITTMAN,R,-13.153835490787685,True,-6.192893401015223,-1,-6.9609420897724625,recent,-5.381872783904621,-1,1.5790693058678418,WITTMAN R,True,-6.192893401015223,-1.5990757726262892
2022,VA,2,143219,153328,JEN A KIGGANS,R,-3.40890314182912,True,1.9328585961342812,1,-5.3417617379634015,recent,-5.381872783904621,-1,-0.04011104594121928,KIGGANS J,False,1.9328585961342812,0.020104579182771865
2022,VA,3,139659,67668,ROBERT C Ã¢ÂÂBOBBYÃ¢ÂÂ SCOTT,D,34.72340794976052,True,38.962360122075275,1,-4.238952172314754,recent,-5.381872783904621,1,1.142920611589867,SCOTT R,True,38.962360122075275,1.1229141448314195
2022,VA,4,159044,85503,A DONALD MCEACHIN,D,30.072337832809236,True,36.17021276595745,1,-6.097874933148216,recent,-5.381872783904621,1,-0.7160021492435948,MCEACHIN A,True,36.17021276595745,-0.7360086160020423
2022,VA,5,129996,177191,BOB GOOD,R,-15.36360588175932,True,-8.316430020283972,0,-7.047175861475347,recent,-5.381872783904621,-1,1.6653030775707265,GOOD B,False,-8.316430020283972,-1.685309544329174
2022,VA,6,95410,173352,BEN CLINE,R,-29.000379517937805,True,-21.95121951219512,-1,-7.049160005742685,recent,-5.381872783904621,-1,1.6672872218380643,CLINE B,True,-21.95121951219512,-1.6872936885965117
2022,VA,7,143357,130586,ABIGAIL DAVIS SPANBERGER,D,4.66191872031773,True,6.910569105691061,1,-2.248650385373331,recent,-5.381872783904621,1,3.1332223985312897,SPANBERGER A,True,6.910569105691061,3.1132159317728423
2022,VA,8,197760,66589,"DONALD S BEYER, JR",D,49.62038819893399,True,56.83890577507599,1,-7.2185175761420055,recent,-5.381872783904621,1,-1.8366447922373847,BEYER D,True,56.83890577507599,-1.8566512589958322
2022,VA,9,66027,182207,H MORGAN GRIFFITH,R,-46.80261366291483,True,-42.30769230769231,-1,-4.494921355222523,recent,-5.381872783904621,-1,-0.8869514286820976,GRIFFITH H,True,-42.30769230769231,0.8669449619236502
2022,VA,10,157405,138163,JENNIFER WEXTON,D,6.510177015103124,True,18.375634517766493,1,-11.865457502663368,recent,-5.381872783904621,1,-6.483584718758747,WEXTON J,True,18.375634517766493,-6.503591185517195
2022,VA,11,193190,95634,GERALD E CONNOLLY,D,33.77697144281639,True,41.843971631205676,1,-8.067000188389287,recent,-5.381872783904621,1,-2.685127404484666,CONNOLLY G,True,41.843971631205676,-2.705133871243113
2022,VT,0,176494,78397,BECCA BALINT,D,38.485862584398824,True,36.625514403292186,0,1.8603481811066374,recent,-5.381872783904621,1,7.242220965011258,BALINT B,False,36.625514403292186,7.222214498252811
2022,WA,1,181992,104329,SUZAN K DELBENE,D,27.12445122781773,True,31.551901336074003,1,-4.427450108256274,recent,-5.381872783904621,1,0.9544226756483472,DELBENE S,True,31.551901336074003,0.9344162088898997
2022,WA,2,202980,134335,RICK LARSEN,D,20.350414301172496,True,23.535457348406986,1,-3.1850430472344904,recent,-5.381872783904621,1,2.1968297366701304,LARSEN R,True,23.535457348406986,2.176823269911683
2022,WA,3,160314,157685,MARIE GLUESENKAMP PEREZ,D,0.8267321595350928,True,-4.312114989733055,0,5.138847149268147,recent,-5.381872783904621,1,10.520719933172767,PEREZ M,False,-4.312114989733055,10.500713466414322
2022,WA,4,70710,150619,DAN NEWHOUSE,R,-36.10417071418567,True,-17.33333333333334,-1,-18.77083738085233,recent,-5.381872783904621,-1,13.38896459694771,NEWHOUSE D,True,-17.33333333333334,-13.408971063706158
2022,WA,5,127585,188648,CATHY MCMORRIS RODGERS,R,-19.309496478862105,True,-10.309278350515465,-1,-9.00021812834664,recent,-5.381872783904621,-1,3.6183453444420195,RODGERS C,True,-10.309278350515465,-3.638351811200467
2022,WA,6,208710,138754,DEREK KILMER,D,20.133308774434187,True,17.7319587628866,1,2.4013500115475885,recent,-5.381872783904621,1,7.783222795452209,KILMER D,True,17.7319587628866,7.763216328693762
2022,WA,8,179003,155976,KIM SCHRIER,D,6.874162260917848,True,6.885919835560125,1,-0.011757574642277113,recent,-5.381872783904621,1,5.370115209262344,SCHRIER K,True,6.885919835560125,5.350108742503896
2022,WA,9,171746,67631,ADAM SMITH,D,43.4941535736516,True,46.216768916155424,1,-2.722615342503822,recent,-5.381872783904621,1,2.659257441400799,SMITH A,True,46.216768916155424,2.6392509746423514
2022,WA,10,152544,114777,MARILYN STRICKLAND,D,14.12795852177719,True,18.266253869969034,1,-4.1382953481918445,recent,-5.381872783904621,1,1.2435774357127762,STRICKLAND M,True,18.266253869969034,1.2235709689543288
2022,WI,1,135825,162610,BRYAN STEIL,R,-8.975153718565181,True,-2.028397565922921,-1,-6.94675615264226,recent,-5.381872783904621,-1,1.5648833687376396,STEIL B,True,-2.028397565922921,-1.584889835496087
2022,WI,2,268740,101890,MARK POCAN,D,45.017942422361926,True,42.39350912778905,1,2.6244332945728743,recent,-5.381872783904621,1,8.006306078477495,POCAN M,True,42.39350912778905,7.986299611719048
2022,WI,3,152977,164743,DERRICK VAN ORDEN,R,-3.7032607327206346,True,-4.78128179043744,0,1.0780210577168052,recent,-5.381872783904621,-1,-6.459893841621426,ORDEN D,False,-4.78128179043744,6.439887374862979
2022,WI,4,191955,57660,GWEN MOORE,D,53.80085331410372,True,53.799392097264445,1,0.0014612168392744707,recent,-5.381872783904621,1,5.383334000743895,MOORE G,True,53.799392097264445,5.363327533985448
2022,WI,5,134581,243741,SCOTT FITZGERALD,R,-28.853727776867323,True,-23.2016210739615,-1,-5.652106702905822,recent,-5.381872783904621,-1,0.27023391900120153,FITZGERALD S,True,-23.2016210739615,-0.29024038575964894
2022,WI,7,128877,209224,THOMAS P TIFFANY,R,-23.76420063827081,True,-20.203045685279193,-1,-3.561154952991618,recent,-5.381872783904621,-1,-1.8207178309130025,TIFFANY T,True,-20.203045685279193,1.8007113641545551
2022,WV,1,65428,151511,CAROL D MILLER,R,-39.680739747117855,True,-41.52284263959391,-1,1.8421028924760563,recent,-5.381872783904621,-1,-7.223975676380677,MILLER C,True,-41.52284263959391,7.20396920962223
2022,WV,2,84278,160493,ALEXANDER X MOONEY,R,-31.137267078207795,True,-37.67820773930753,-1,6.540940661099736,recent,-5.381872783904621,-1,-11.922813445004357,MOONEY A,True,-37.67820773930753,11.90280697824591
2022,WY,0,47250,132206,HARRIET HAGEMAN,R,-47.34085235378031,True,-45.00514933058702,0,-2.3357030231932967,recent,-5.381872783904621,-1,-3.046169760711324,HAGEMAN H,False,-45.00514933058702,3.0261632939528766
2024,AK,0,156245,159550,NICK BEGICH,R,-1.0465650184455106,True,-13.69312508474994,1,12.64656006630443,recent,-0.12398945074246459,-1,-12.770549517046895,BEGICH N,False,-10.416666666666666,13.792242147687817
2024,AL,1,70929,258619,BARRY MOORE,R,-56.953766977799894,True,-55.58475689881734,-1,-1.369010078982555,recent,-0.12398945074246459,-1,1.2450206282400904,MOORE B,True,,
2024,AL,2,158041,131414,SHOMARI FIGURES,D,9.199011936224975,True,8.17546347887752,0,1.0235484573474558,recent,-0.12398945074246459,1,1.1475379080899204,FIGURES S,False,,
2024,AL,6,102504,243741,GARY J. PALMER,R,-40.79105835463328,True,-39.59731543624161,-1,-1.1937429183916706,recent,-0.12398945074246459,-1,1.069753467649206,PALMER G,True,,
2024,AL,7,186723,106312,TERRI A. SEWELL,D,27.44074939853601,True,24.283253976294198,1,3.157495422241812,recent,-0.12398945074246459,1,3.2814848729842767,SEWELL T,True,,
2024,AR,1,64113,194711,"ERIC A. \""RICK\"" CRAWFORD",R,-50.458226439588294,True,-46.175871865422906,-1,-4.282354574165389,recent,-0.12398945074246459,-1,4.158365123422924,CRAWFORD E,True,-42.2680412371134,-3.768044703008231
2024,AR,2,125777,180509,J. FRENCH HILL,R,-17.869572882861117,True,-15.914419225205982,-1,-1.955153657655135,recent,-0.12398945074246459,-1,1.8311642069126703,HILL J,True,-13.402061855670103,-0.04537052772435146
2024,AR,3,95652,192101,STEVE WOMACK,R,-33.517982436325596,True,-25.590736769421778,-1,-7.9272456669038185,recent,-0.12398945074246459,-1,7.803256216161354,WOMACK S,True,-23.711340206185568,-5.384501730673366
2024,AR,4,73207,197046,BRUCE WESTERMAN,R,-45.82335811258339,True,-40.66097964677422,-1,-5.162378465809169,recent,-0.12398945074246459,-1,5.038389015066705,WESTERMAN B,True,-36.08247422680412,-5.318743386312606
2024,AZ,1,208966,225538,DAVID SCHWEIKERT,R,-3.814004013772025,True,-3.136835928138348,-1,-0.677168085633677,recent,-0.12398945074246459,-1,0.5531786348912124,SCHWEIKERT D,True,1.0101010101010102,-0.401964524406373
2024,AZ,2,184985,221413,ELIJAH CRANE,R,-8.963626789501918,True,-15.120247407676915,-1,6.156620618174998,recent,-0.12398945074246459,-1,-6.280610068917462,CRANE E,True,-8.16326530612245,3.621779016087194
2024,AZ,3,143336,53705,YASSAMIN ANSARI,D,45.488502392903,True,40.30739381027563,0,5.181108582627374,recent,-0.12398945074246459,1,5.3050980333698385,ANSARI Y,False,51.515151515151516,-1.604508622781852
2024,AZ,4,176428,152052,GREG STANTON,D,7.420847540185095,True,6.762673080066313,1,0.658174460118782,recent,-0.12398945074246459,1,0.7821639108612466,STANTON G,True,10.204081632653061,1.6389064069986965
2024,AZ,5,167680,255628,ANDY BIGGS,R,-20.776361420053483,True,-20.192893032045863,-1,-0.5834683880076206,recent,-0.12398945074246459,-1,0.459478937265156,BIGGS A,True,-16.3265306122449,-0.02769030834192243
2024,AZ,6,204774,215596,JUAN CISCOMANI,R,-2.574398743963651,True,-0.7577863175811479,-1,-1.8166124263825032,recent,-0.12398945074246459,-1,1.6926229756400386,CISCOMANI J,True,0.0,1.8477417555030113
2024,AZ,7,171954,99057,RAÃºL M. GRIJALVA,D,26.89817018497404,True,22.388102593577123,1,4.510067591396918,recent,-0.12398945074246459,1,4.634057042139383,GRIJALVA R,True,33.333333333333336,-2.0130226488926315
2024,AZ,8,160344,208269,"ABRAHAM \""ABE\"" HAMADEH",R,-13.00144053519545,True,-16.479945618728582,0,3.4785050835331326,recent,-0.12398945074246459,-1,-3.602494534275597,HAMADEH A,False,-13.131313131313131,4.5520130955843445
2024,AZ,9,132640,249583,PAUL A. GOSAR,R,-30.595490067316724,True,-31.342610456055603,-1,0.7471203887388782,recent,-0.12398945074246459,-1,-0.8711098394813428,GOSAR P,True,-26.53061224489796,0.35726267704789727
2024,CA,1,110636,208592,DOUG LAMALFA,R,-30.685278233738895,True,-25.720164609053498,-1,-4.965113624685397,recent,-0.12398945074246459,-1,4.841124173942933,LAMALFA D,True,,
2024,CA,2,272883,106734,JARED HUFFMAN,D,43.7675341199156,True,46.790890269151134,1,-3.023356149235532,recent,-0.12398945074246459,1,-2.8993666984930675,HUFFMAN J,True,,
2024,CA,3,188067,234246,KEVIN KILEY,R,-10.934780601118128,True,-3.925619834710741,-1,-7.009160766407387,recent,-0.12398945074246459,-1,6.885171315664922,KILEY K,True,,
2024,CA,4,227730,114950,MIKE THOMPSON,D,32.91117077156531,True,32.23140495867769,1,0.6797658128876165,recent,-0.12398945074246459,1,0.8037552636300811,THOMPSON M,True,,
2024,CA,5,140919,227643,TOM MCCLINTOCK,R,-23.530369381542318,True,-18.153846153846157,-1,-5.376523227696161,recent,-0.12398945074246459,-1,5.252533776953697,MCCLINTOCK T,True,,
2024,CA,6,165408,121664,AMI BERA,D,15.237989075911269,True,14.285714285714292,1,0.9522747901969772,recent,-0.12398945074246459,1,1.0762642409394418,BERA A,True,,
2024,CA,7,197429,98341,DORIS O. MATSUI,D,33.50170740778307,True,30.912863070539423,1,2.58884433724365,recent,-0.12398945074246459,1,2.7128337879861144,MATSUI D,True,,
2024,CA,8,201962,71068,JOHN GARAMENDI,D,47.941251877083104,True,44.98448810754912,1,2.9567637695339855,recent,-0.12398945074246459,1,3.08075322027645,GARAMENDI J,True,,
2024,CA,9,130183,121174,JOSH HARDER,D,3.5841452595312644,True,-1.8556701030927805,1,5.439815362624045,recent,-0.12398945074246459,1,5.5638048133665094,HARDER J,True,,
2024,CA,10,242325,122219,MARK DESAULNIER,D,32.94691450140449,True,34.9896480331263,1,-2.042733531721808,recent,-0.12398945074246459,1,-1.9187440809793435,DESAULNIER M,True,,
2024,CA,11,274796,64315,NANCY PELOSI,D,62.06846725703383,True,70.59436913451512,1,-8.525901877481289,recent,-0.12398945074246459,1,-8.401912426738825,PELOSI N,True,,
2024,CA,13,105554,105367,ADAM GRAY,D,0.08865878693918576,True,-5.544147843942504,-1,5.6328066308816895,recent,-0.12398945074246459,1,5.756796081624154,GRAY A,False,,
2024,CA,14,187263,89125,ERIC SWALWELL,D,35.507330274831034,True,36.94068678459938,1,-1.4333565097683447,recent,-0.12398945074246459,1,-1.3093670590258801,SWALWELL E,True,,
2024,CA,15,211648,77896,KEVIN MULLIN,D,46.194015417345895,True,49.63730569948188,1,-3.443290282135983,recent,-0.12398945074246459,1,-3.3193008313935186,MULLIN K,True,,
2024,CA,17,172462,82415,RO KHANNA,D,35.329590351424415,True,39.68586387434556,1,-4.356273522921143,recent,-0.12398945074246459,1,-4.232284072178678,KHANNA R,True,,
2024,CA,18,147674,80832,ZOE LOFGREN,D,29.251748312954582,True,30.4437564499484,1,-1.1920081369938167,recent,-0.12398945074246459,1,-1.068018686251352,LOFGREN Z,True,,
2024,CA,19,252458,111862,JIMMY PANETTA,D,38.59134826526131,True,35.684647302904565,1,2.9067009623567444,recent,-0.12398945074246459,1,3.030690413099209,PANETTA J,True,,
2024,CA,21,102798,92733,JIM COSTA,D,5.147521364898661,True,3.9014373716632487,1,1.2460839932354122,recent,-0.12398945074246459,1,1.3700734439778768,COSTA J,True,,
2024,CA,22,78023,89484,DAVID G. VALADAO,R,-6.842102121105387,True,-5.954825462012325,-1,-0.8872766590930619,recent,-0.12398945074246459,-1,0.7632872083505973,VALADAO D,True,,
2024,CA,23,105563,159286,JAY OBERNOLTE,R,-20.28438846285997,True,-17.368961973278516,-1,-2.915426489581453,recent,-0.12398945074246459,-1,2.791437038838988,OBERNOLTE J,True,,
2024,CA,24,214724,127755,SALUD O. CARBAJAL,D,25.39396576140435,True,25.826446280991735,1,-0.4324805195873864,recent,-0.12398945074246459,1,-0.30849106884492183,CARBAJAL S,True,,
2024,CA,25,137837,107194,RAUL RUIZ,D,12.505764576727026,True,2.5588536335721597,1,9.946910943154867,recent,-0.12398945074246459,1,10.070900393897332,RUIZ R,True,,
2024,CA,26,187393,146913,JULIA BROWNLEY,D,12.108666909956746,True,13.580246913580249,1,-1.4715800036235027,recent,-0.12398945074246459,1,-1.3475905528810381,BROWNLEY J,True,,
2024,CA,27,154040,146050,GEORGE WHITESIDES,D,2.662534572961445,True,4.016477857878475,-1,-1.35394328491703,recent,-0.12398945074246459,1,-1.2299538341745655,WHITESIDES G,False,,
2024,CA,28,204489,110455,JUDY CHU,D,29.857371469213575,True,27.817993795243023,1,2.0393776739705523,recent,-0.12398945074246459,1,2.163367124713017,CHU J,True,,
2024,CA,29,146312,63374,LUZ MARIA RIVAS,D,39.55342750588976,True,35.950413223140494,0,3.603014282749264,recent,-0.12398945074246459,1,3.7270037334917285,RIVAS L,False,,
2024,CA,30,213100,98559,LAURA FRIEDMAN,D,36.75202705521098,True,42.44306418219462,0,-5.6910371269836375,recent,-0.12398945074246459,1,-5.567047676241173,FRIEDMAN L,False,,
2024,CA,31,148095,99856,GIL CISNEROS,D,19.455053619465136,True,17.4406604747162,0,2.0143931447489365,recent,-0.12398945074246459,1,2.138382595491401,CISNEROS G,False,,
2024,CA,32,212934,108711,BRAD SHERMAN,D,32.40311523574127,True,32.234809474768284,1,0.16830576097298433,recent,-0.12398945074246459,1,0.2922952117154489,SHERMAN B,True,,
2024,CA,33,137197,96078,PETE AGUILAR,D,17.626835280248635,True,8.95983522142121,1,8.667000058827425,recent,-0.12398945074246459,1,8.79098950956989,AGUILAR P,True,,
2024,CA,35,136413,97142,NORMA J. TORRES,D,16.81445483933121,True,10.6076210092688,1,6.206833830062408,recent,-0.12398945074246459,1,6.330823280804872,TORRES N,True,,
2024,CA,36,246002,111985,TED LIEU,D,37.43627561894706,True,40.43433298862462,1,-2.9980573696775608,recent,-0.12398945074246459,1,-2.874067918935096,LIEU T,True,,
2024,CA,38,165110,110818,LINDA T. SÃ¡NCHEZ,D,19.676147400771217,True,16.615067079463365,1,3.061080321307852,recent,-0.12398945074246459,1,3.1850697720503165,NCHEZ L,True,,
2024,CA,39,130191,99469,MARK TAKANO,D,13.377166245754594,True,10.010319917440656,1,3.3668463283139385,recent,-0.12398945074246459,1,3.490835779056403,TAKANO M,True,,
2024,CA,40,171637,211998,YOUNG KIM,R,-10.5206772061986,True,-2.3784901758014447,-1,-8.142187030397157,recent,-0.12398945074246459,-1,8.018197579654693,KIM Y,True,,
2024,CA,41,171229,183216,KEN CALVERT,R,-3.381906924910776,True,-6.160164271047227,-1,2.7782573461364515,recent,-0.12398945074246459,-1,-2.902246796878916,CALVERT K,True,,
2024,CA,42,159153,74410,ROBERT GARCIA,D,36.282716012382096,True,33.67875647668394,1,2.6039595356981593,recent,-0.12398945074246459,1,2.727948986440624,GARCIA R,True,,
2024,CA,43,160080,53152,MAXINE WATERS,D,50.14631950176334,True,50.6198347107438,1,-0.47351520898046573,recent,-0.12398945074246459,1,-0.34952575823800114,WATERS M,True,,
2024,CA,44,164765,66087,NANETTE DIAZ BARRAGÃ¡N,D,42.745135411432436,True,34.917355371900825,1,7.827780039531611,recent,-0.12398945074246459,1,7.951769490274075,N N,True,,
2024,CA,45,158264,157611,DEREK TRAN,D,0.2067273446774832,True,1.6494845360824684,-1,-1.4427571914049853,recent,-0.12398945074246459,1,-1.3187677406625207,TRAN D,False,,
2024,CA,46,134013,77279,J. LUIS CORREA,D,26.850992938682012,True,18.266253869969034,1,8.584739068712977,recent,-0.12398945074246459,1,8.708728519455441,CORREA J,True,,
2024,CA,47,181721,171554,DAVE MIN,D,2.8779279598046847,True,4.248704663212429,0,-1.3707767034077443,recent,-0.12398945074246459,1,-1.2467872526652797,MIN D,False,,
2024,CA,48,146665,213625,DARRELL ISSA,R,-18.58502872685892,True,-15.69230769230769,-1,-2.8927210345512293,recent,-0.12398945074246459,-1,2.7687315838087647,ISSA D,True,,
2024,CA,49,197397,180950,MIKE LEVIN,D,4.347067638966346,True,8.024691358024688,1,-3.6776237190583423,recent,-0.12398945074246459,1,-3.5536342683158777,LEVIN M,True,,
2024,CA,50,231836,128859,SCOTT H. PETERS,D,28.549605622478825,True,30.641821946169774,1,-2.0922163236909483,recent,-0.12398945074246459,1,-1.9682268729484838,PETERS S,True,,
2024,CA,51,198835,128749,SARA JACOBS,D,21.394817817720035,True,24.251805985552114,1,-2.8569881678320783,recent,-0.12398945074246459,1,-2.7329987170896137,JACOBS S,True,,
2024,CA,52,172217,87501,JUAN VARGAS,D,32.61845540162792,True,21.7659137577002,1,10.852541643927719,recent,-0.12398945074246459,1,10.976531094670182,VARGAS J,True,,
2024,CO,1,264694,74598,DIANA DEGETTE,D,56.02725675819058,True,57.61273656427248,1,-1.5854798060818993,recent,-0.12398945074246459,1,-1.4614903553394347,DEGETTE D,True,63.265306122448976,-2.815908864791732
2024,CO,2,284994,120633,JOE NEGUSE,D,40.52023164138482,True,40.91811325700261,1,-0.39788161561779134,recent,-0.12398945074246459,1,-0.27389216487532675,NEGUSE J,True,40.816326530612244,4.126045610239236
2024,CO,3,182147,201951,JEFF HURD,R,-5.155975818671276,True,-9.976649536268868,0,4.820673717597591,recent,-0.12398945074246459,-1,-4.944663168340056,HURD J,False,-8.16326530612245,7.429429986917835
2024,CO,4,188249,240213,LAUREN BOEBERT,R,-12.128030023666042,True,-18.71337622079264,-1,6.585346197126597,recent,-0.12398945074246459,-1,-6.709335647869062,BOEBERT L,True,-19.587628865979383,11.881739341780003
2024,CO,5,147972,197924,JEFF CRANK,R,-14.441334967735967,True,-9.337043356329268,0,-5.104291611406699,recent,-0.12398945074246459,-1,4.980302160664235,CRANK J,False,-10.416666666666666,0.39747219839736125
2024,CO,6,202686,132174,JASON CROW,D,21.05715821537359,True,20.360281044369103,1,0.6968771710044876,recent,-0.12398945074246459,1,0.8208666217469522,CROW J,True,24.489795918367346,0.9895027964729071
2024,CO,7,235688,175273,BRITTANY PETTERSEN,D,14.700908358700705,True,15.41488104034284,1,-0.7139726816421348,recent,-0.12398945074246459,1,-0.5899832308996702,PETTERSEN B,True,14.285714285714286,4.837334572453081
2024,CO,8,160871,163320,GABE EVANS,R,-0.7554188734418907,True,-1.880048097723116,1,1.1246292242812252,recent,-0.12398945074246459,-1,-1.2486186750236898,EVANS G,False,5.154639175257732,-1.4879175492329608
2024,CT,1,197788,115065,JOHN B. LARSON,D,26.441491690985863,True,23.26879227281734,1,3.1726994181685235,recent,-0.12398945074246459,1,3.296688868910988,LARSON J,True,28.571428571428573,2.2922036190239528
2024,CT,2,218162,157878,JOE COURTNEY,D,16.03127326880119,True,7.856473409463372,1,8.174799859337817,recent,-0.12398945074246459,1,8.29878931008028,COURTNEY J,True,12.244897959183673,8.20851580908418
2024,CT,3,193684,130095,ROSA L. DELAURO,D,19.63963073577965,True,14.332117484384684,1,5.307513251394967,recent,-0.12398945074246459,1,5.431502702137432,DELAURO R,True,19.19191919191919,4.869852043327123
2024,CT,4,200791,122793,JAMES A. HIMES,D,24.104405656645568,True,23.729413954381982,1,0.3749917022635856,recent,-0.12398945074246459,1,0.49898115300605017,HIMES J,True,31.31313131313131,-2.786585157019081
2024,CT,5,171337,157258,JAHANA HAYES,D,4.284605669593268,True,5.675230760185784,1,-1.3906250905925157,recent,-0.12398945074246459,1,-1.2666356398500511,HAYES J,True,11.11111111111111,-2.4043649420511803
2024,DE,0,287830,209606,SARAH MCBRIDE,D,15.725440056610298,True,14.958471282996337,0,0.7669687736139608,recent,-0.12398945074246459,1,0.8909582243564254,MCBRIDE S,False,19.19191919191919,0.9556613641577698
2024,FL,1,140980,274108,MATT GAETZ,R,-32.07223528504799,True,-37.583350171751874,-1,5.511114886703886,recent,-0.12398945074246459,-1,-5.635104337446351,GAETZ M,True,,
2024,FL,2,154323,247957,NEAL P. DUNN,R,-23.275827781644626,True,-18.17814582912543,-1,-5.097681952519196,recent,-0.12398945074246459,-1,4.973692501776731,DUNN N,True,,
2024,FL,3,150283,241174,KAT CAMMACK,R,-23.218642149712483,True,-21.320411871592977,-1,-1.898230278119506,recent,-0.12398945074246459,-1,1.7742408273770414,CAMMACK K,True,,
2024,FL,4,165912,222364,AARON BEAN,R,-14.539142259629747,True,-11.959595959595964,-1,-2.5795463000337833,recent,-0.12398945074246459,-1,2.4555568492913187,BEAN A,True,,
2024,FL,5,156570,267471,JOHN H. RUTHERFORD,R,-26.153367245148463,True,-21.68723447299211,-1,-4.466132772156353,recent,-0.12398945074246459,-1,4.3421433214138885,RUTHERFORD J,True,,
2024,FL,6,143050,284414,MICHAEL WALTZ,R,-33.07038721389404,True,-30.311272287700213,-1,-2.759114926193824,recent,-0.12398945074246459,-1,2.6351254754513596,WALTZ M,True,,
2024,FL,7,179917,233937,CORY MILLS,R,-13.052912379728117,True,-12.621359223300969,-1,-0.43155315642714775,recent,-0.12398945074246459,-1,0.30756370568468316,MILLS C,True,,
2024,FL,8,170096,280352,MIKE HARIDOPOLOS,R,-24.47696515469044,True,-22.551988693720983,0,-1.9249764609694573,recent,-0.12398945074246459,-1,1.8009870102269927,HARIDOPOLOS M,False,,
2024,FL,9,178785,138076,DARREN SOTO,D,12.847589321500594,True,3.5620319773325275,1,9.285557344168067,recent,-0.12398945074246459,1,9.409546794910533,SOTO D,True,,
2024,FL,10,181455,109460,MAXWELL FROST,D,24.747778560747985,True,23.020780537252914,1,1.7269980234950708,recent,-0.12398945074246459,1,1.8509874742375354,FROST M,True,,
2024,FL,11,176726,269277,DANIEL WEBSTER,R,-20.751205709378638,True,-16.410981025433998,-1,-4.340224683944641,recent,-0.12398945074246459,-1,4.216235233202176,WEBSTER D,True,,
2024,FL,12,124949,306487,GUS M. BILIRAKIS,R,-42.07761985555216,True,-34.858870967741936,-1,-7.2187488878102215,recent,-0.12398945074246459,-1,7.094759437067757,BILIRAKIS G,True,,
2024,FL,13,185930,225636,ANNA PAULINA LUNA,R,-9.64754134209337,True,-11.963654719838466,-1,2.3161133777450953,recent,-0.12398945074246459,-1,-2.44010282848756,LUNA A,True,,
2024,FL,14,199423,145643,KATHY CASTOR,D,15.585424237682066,True,7.7592311583206826,1,7.826193079361383,recent,-0.12398945074246459,1,7.950182530103848,CASTOR K,True,,
2024,FL,15,152361,195334,LAUREL M. LEE,R,-12.359395447159148,True,-11.354642313546421,-1,-1.0047531336127271,recent,-0.12398945074246459,-1,0.8807636828702625,LEE L,True,,
2024,FL,16,168625,247516,VERN BUCHANAN,R,-18.957757106365392,True,-15.605770200746495,-1,-3.3519869056188973,recent,-0.12398945074246459,-1,3.2279974548764327,BUCHANAN V,True,,
2024,FL,17,164566,291347,W. GREGORY STEUBE,R,-27.808156380712987,True,-24.103906564639555,-1,-3.704249816073432,recent,-0.12398945074246459,-1,3.5802603653309673,STEUBE W,True,,
2024,FL,18,119637,225170,SCOTT FRANKLIN,R,-30.606397201912955,True,-29.63112275750857,0,-0.9752744444043842,recent,-0.12398945074246459,-1,0.8512849936619196,FRANKLIN S,False,,
2024,FL,19,140038,275708,BYRON DONALDS,R,-32.63290566836482,True,-29.347826086956523,-1,-3.285079581408297,recent,-0.12398945074246459,-1,3.1610901306658326,DONALDS B,True,,
2024,FL,21,171312,277435,BRIAN J. MAST,R,-23.648737484595998,True,-16.688488266693525,-1,-6.960249217902472,recent,-0.12398945074246459,-1,6.836259767160008,MAST B,True,,
2024,FL,22,201608,165248,LOIS FRANKEL,D,9.91124582942626,True,5.618884293352164,1,4.292361536074096,recent,-0.12398945074246459,1,4.4163509868165605,FRANKEL L,True,,
2024,FL,23,196311,178006,JARED MOSKOWITZ,D,4.89024009061838,True,1.927151649682168,1,2.963088440936212,recent,-0.12398945074246459,1,3.0870778916786765,MOSKOWITZ J,True,,
2024,FL,24,194874,90692,FREDERICA S. WILSON,D,36.48263448729891,True,30.320758523300384,1,6.161875963998526,recent,-0.12398945074246459,1,6.28586541474099,WILSON F,True,,
2024,FL,25,186942,156208,DEBBIE WASSERMAN SCHULTZ,D,8.956433046772549,True,5.395029298848249,1,3.5614037479242997,recent,-0.12398945074246459,1,3.6853931986667643,SCHULTZ D,True,,
2024,FL,26,89072,217199,MARIO DIAZ-BALART,R,-41.83451910236359,True,-35.198792148968295,-1,-6.635726953395299,recent,-0.12398945074246459,-1,6.511737502652834,BALART M,True,,
2024,FL,27,130708,199159,MARIA ELVIRA SALAZAR,R,-20.751090591056396,True,-14.775246926022975,-1,-5.9758436650334215,recent,-0.12398945074246459,-1,5.851854214290957,SALAZAR M,True,,
2024,FL,28,115280,210057,CARLOS A. GIMENEZ,R,-29.13194625880241,True,-25.573902537253325,-1,-3.5580437215490868,recent,-0.12398945074246459,-1,3.434054270806622,GIMENEZ C,True,,
2024,GA,1,135281,220576,"EARL L. \""BUDDY\"" CARTER",R,-23.968897618987402,True,-15.892812698763862,-1,-8.07608492022354,recent,-0.12398945074246459,-1,7.952095469481075,CARTER E,True,-13.131313131313131,-6.415443988207608
2024,GA,2,176028,136473,"SANFORD D. BISHOP, JR.",D,12.657559495809613,True,7.650507378170518,1,5.007052117639095,recent,-0.12398945074246459,1,5.131041568381559,BISHOP S,True,11.11111111111111,5.968588884165165
2024,GA,3,138749,273036,BRIAN JACK,R,-32.61094988889833,True,-29.8763224556698,0,-2.734627433228532,recent,-0.12398945074246459,-1,2.6106379824860673,JACK B,False,-30.612244897959183,2.423435508527513
2024,GA,4,229290,74071,"HENRY C. \""HANK\"" JOHNSON, JR.",D,51.166432072679086,True,53.03852255145806,1,-1.872090478778972,recent,-0.12398945074246459,1,-1.7481010280365075,JOHNSON H,True,57.57575757575758,-1.9871850036118293
2024,GA,6,277027,93909,LUCY MCBATH,D,49.366467530786984,True,50.34515297984306,1,-0.9786854490560728,recent,-0.12398945074246459,1,-0.8546959983136082,MCBATH L,True,49.494949494949495,4.293658535304152
2024,GA,7,149535,275907,RICHARD MCCORMICK,R,-29.70369639104743,True,-22.30291135099771,-1,-7.400785040049719,recent,-0.12398945074246459,-1,7.2767955893072545,MCCORMICK R,True,-19.19191919191919,-6.089636699661577
2024,GA,8,104434,231547,AUSTIN SCOTT,R,-37.833389388090396,True,-30.72180747930478,-1,-7.111581908785617,recent,-0.12398945074246459,-1,6.987592458043152,SCOTT A,True,-27.272727272727273,-6.13852161589646
2024,GA,9,121754,271062,ANDREW S. CLYDE,R,-38.00965337460796,True,-34.33522296479662,-1,-3.674430409811336,recent,-0.12398945074246459,-1,3.5504409590688715,CLYDE A,True,-32.6530612244898,-0.9344516506514982
2024,GA,10,150274,256442,MIKE COLLINS,R,-26.1037185652888,True,-20.913860114633074,-1,-5.189858450655727,recent,-0.12398945074246459,-1,5.0658689999132624,COLLINS M,True,-21.21212121212121,-0.4694568537009278
2024,GA,11,131064,269849,BARRY LOUDERMILK,R,-34.617236158468295,True,-23.56372253318369,-1,-11.053513625284605,recent,-0.12398945074246459,-1,10.929524174542141,LOUDERMILK B,True,-22.448979591836736,-7.7461160671648965
2024,GA,12,135417,205849,RICK W. ALLEN,R,-20.638446255999717,True,-14.231034879705309,-1,-6.407411376294409,recent,-0.12398945074246459,-1,6.283421925551944,ALLEN R,True,-10.204081632653061,-6.012224123879994
2024,GA,13,256902,100730,DAVID SCOTT,D,43.66835182534001,True,42.72445391493736,1,0.9438979104026544,recent,-0.12398945074246459,1,1.067887361145119,SCOTT D,True,41.41414141414141,6.676350910665262
2024,GA,14,134759,243446,MARJORIE TAYLOR GREENE,R,-28.737589402572677,True,-37.01635857495856,-1,8.278769172385882,recent,-0.12398945074246459,-1,-8.402758623128346,GREENE M,True,-37.37373737373738,13.058288470631362
2024,HI,1,164237,64373,ED CASE,D,43.68312847207034,True,25.166334746889017,1,18.51679372518132,recent,-0.12398945074246459,1,18.640783175923783,CASE E,True,30.612244897959183,17.493024073577814
2024,HI,2,166251,75471,JILL N. TOKUDA,D,37.555539007620325,True,22.06295200024412,1,15.492587007376205,recent,-0.12398945074246459,1,15.616576458118669,TOKUDA J,True,30.612244897959183,11.365434609127805
2024,IA,1,206156,206955,MARIANNETTE MILLER-MEEKS,R,-0.19341048773816238,True,-8.590704180072024,-1,8.39729369233386,recent,-0.12398945074246459,-1,-8.521283143076325,MEEKS M,True,-3.0303030303030303,7.259033042031531
2024,IA,2,169740,233340,ASHLEY HINSON,R,-15.778505507591545,True,-10.127597485735269,-1,-5.650908021856276,recent,-0.12398945074246459,-1,5.526918571113812,HINSON A,True,-4.081632653061225,-7.274732355063657
2024,IA,3,197962,213746,ZACHARY NUNN,R,-3.8337851098351257,True,-4.464251430326767,-1,0.6304663204916414,recent,-0.12398945074246459,-1,-0.754455771234106,NUNN Z,True,0.0,0.5883553896315368
2024,IA,4,122175,250522,RANDY FEENSTRA,R,-34.43735796102464,True,-31.901561369041463,-1,-2.535796591983175,recent,-0.12398945074246459,-1,2.4118071412407103,FEENSTRA R,True,-26.53061224489796,-3.4846052166600163
2024,ID,1,118656,331049,RUSS FULCHER,R,-47.22940594389655,True,-46.19778126853283,-1,-1.031624675363723,recent,-0.12398945074246459,-1,0.9076352246212585,FULCHER R,True,-38.775510204081634,-4.0317552403482555
2024,ID,2,126229,250119,MICHAEL K. SIMPSON,R,-32.91900049953766,True,-27.561138104639443,-1,-5.357862394898216,recent,-0.12398945074246459,-1,5.233872944155752,SIMPSON M,True,-23.711340206185568,-4.785519793885429
2024,IL,1,208398,108064,JONATHAN L. JACKSON,D,31.70491243814423,True,32.45721176888944,1,-0.7522993307452062,recent,-0.12398945074246459,1,-0.6283098800027416,JACKSON J,True,42.857142857142854,-6.730089919531961
2024,IL,2,195777,94004,ROBIN L. KELLY,D,35.120660084684644,True,33.57708216310065,1,1.5435779215839958,recent,-0.12398945074246459,1,1.6675673723264604,KELLY R,True,40.816326530612244,-1.2735259464609374
2024,IL,3,174825,84987,DELIA C. RAMIREZ,D,34.57807953443259,True,31.83380528871024,1,2.744274245722348,recent,-0.12398945074246459,1,2.8682636964648127,RAMIREZ D,True,42.857142857142854,-3.856922823243602
2024,IL,4,139343,56323,"JESÃºS G. \""CHUY\"" GARCÃ­A",D,42.42944609692026,True,28.75227603568632,1,13.677170061233937,recent,-0.12398945074246459,1,13.801159511976401,A J,True,46.93877551020408,-0.08718891381715999
2024,IL,5,251025,112931,MIKE QUIGLEY,D,37.94249854378002,True,37.56614329445709,1,0.37635524932292697,recent,-0.12398945074246459,1,0.5003447000653916,QUIGLEY M,True,40.816326530612244,1.5483125126344373
2024,IL,6,196647,166116,SEAN CASTEN,D,8.41623870130085,True,5.575462312490821,1,2.8407763888100295,recent,-0.12398945074246459,1,2.964765839552494,CASTEN S,True,11.11111111111111,1.7272680896564019
2024,IL,7,222408,44598,DANNY K. DAVIS,D,66.59400912339049,True,66.15598021500666,1,0.4380289083838278,recent,-0.12398945074246459,1,0.5620183591262924,DAVIS D,True,73.73737373737374,-2.7212241145165894
2024,IL,8,172920,130153,RAJA KRISHNAMOORTHI,D,14.111121742946418,True,7.000325718967043,1,7.110796023979375,recent,-0.12398945074246459,1,7.234785474721839,KRISHNAMOORTHI R,True,16.3265306122449,2.206731630168182
2024,IL,9,231722,107106,JANICE D. SCHAKOWSKY,D,36.778542505341946,True,36.98615735062205,1,-0.207614845280105,recent,-0.12398945074246459,1,-0.0836253945376404,SCHAKOWSKY J,True,42.857142857142854,-1.6564598523342458
2024,IL,10,196358,131025,BRADLEY SCOTT SCHNEIDER,D,19.956137001615843,True,22.34535662326717,1,-2.389219621651325,recent,-0.12398945074246459,1,-2.2652301709088603,SCHNEIDER B,True,26.53061224489796,-2.1523347438154534
2024,IL,11,199825,159630,BILL FOSTER,D,11.182206395793632,True,11.60655406486156,1,-0.4243476690679291,recent,-0.12398945074246459,1,-0.3003582183254645,FOSTER B,True,16.3265306122449,-0.7221837169846044
2024,IL,12,94875,272754,MIKE BOST,R,-48.38546469402577,True,-44.08125909098338,-1,-4.304205603042391,recent,-0.12398945074246459,-1,4.180216152299926,BOST M,True,-43.43434343434343,-0.528980760215676
2024,IL,13,191339,137917,NIKKI BUDZINSKI,D,16.225064995019075,True,10.649960605661136,1,5.575104389357939,recent,-0.12398945074246459,1,5.699093840100404,BUDZINSKI N,True,11.34020618556701,9.306999308918726
2024,IL,14,183446,149464,LAUREN UNDERWOOD,D,10.20756360577934,True,5.2631897441173,1,4.94437386166204,recent,-0.12398945074246459,1,5.068363312404505,UNDERWOOD L,True,12.244897959183673,2.3848061460623295
2024,IL,17,170261,142567,ERIC SORENSEN,D,8.85278811359597,True,4.828123190177733,1,4.0246649234182374,recent,-0.12398945074246459,1,4.148654374160702,SORENSEN E,True,8.16326530612245,5.111663306940184
2024,IN,1,172467,145056,FRANK J. MRVAN,D,8.632760461446887,True,0.4022301253280738,1,8.230530336118813,recent,-0.12398945074246459,1,8.354519786861278,MRVAN F,True,8.16326530612245,4.8916356547911
2024,IN,2,101962,184848,RUDY YAKYM III,R,-28.899271294585265,True,-26.92026037428804,-1,-1.979010920297224,recent,-0.12398945074246459,-1,1.8550214695547593,YAKYM R,True,-22.448979591836736,-2.028151203281867
2024,IN,3,97871,202653,MARLIN A. STUTZMAN,R,-34.86643329650877,True,-31.72894798522732,0,-3.137485311281445,recent,-0.12398945074246459,-1,3.0134958605389803,STUTZMAN M,False,-30.612244897959183,0.1679521009170788
2024,IN,4,100091,209794,JAMES R. BAIRD,R,-35.40119721832293,True,-29.87865853658537,-1,-5.522538681737558,recent,-0.12398945074246459,-1,5.398549230995093,BAIRD J,True,-29.896907216494846,-1.0821495023614194
2024,IN,5,136554,203293,VICTORIA SPARTZ,R,-19.637954726685834,True,-17.12743785454997,-1,-2.510516872135863,recent,-0.12398945074246459,-1,2.3865274213933985,SPARTZ V,True,-16.3265306122449,1.110716385025727
2024,IN,6,99841,201357,JEFFERSON SHREVE,R,-33.70407506025936,True,-33.09952049613334,0,-0.6045545641260262,recent,-0.12398945074246459,-1,0.48056511338356156,SHREVE J,False,-32.6530612244898,3.371126663697096
2024,IN,7,185987,78792,ANDRÃ© CARSON,D,40.48470611340023,True,42.16106778644272,1,-1.6763616730424928,recent,-0.12398945074246459,1,-1.5523722223000282,CARSON A,True,42.857142857142854,2.049703755724037
2024,IN,8,95311,219941,MARK MESSMER,R,-39.53345260299697,True,-36.49150182813958,0,-3.0419507748573835,recent,-0.12398945074246459,-1,2.917961324114919,MESSMER M,False,-33.333333333333336,-1.7779787701969685
2024,IN,9,113400,222884,ERIN HOUCHIN,R,-32.55700538830274,True,-30.3858345174336,-1,-2.1711708708691404,recent,-0.12398945074246459,-1,2.047181420126676,HOUCHIN E,True,-28.571428571428573,0.4365636825924941
2024,KS,1,93965,210493,TRACEY MANN,R,-38.27391627088137,True,-31.848581559120564,-1,-6.425334711760808,recent,-0.12398945074246459,-1,6.301345261018343,MANN T,True,-30.612244897959183,-3.239530873455527
2024,KS,2,115685,172847,DEREK SCHMIDT,R,-19.81132075471698,True,-20.055354340614592,0,0.24403358589761126,recent,-0.12398945074246459,-1,-0.36802303664007585,SCHMIDT D,False,-16.3265306122449,0.93735035699458
2024,KS,3,209871,167570,SHARICE DAVIDS,D,11.207314520680054,True,4.174028834088756,1,7.033285686591298,recent,-0.12398945074246459,1,7.157275137333762,DAVIDS S,True,4.081632653061225,11.547822367085491
2024,KS,4,106632,198465,RON ESTES,R,-30.099607665758757,True,-23.69976552345745,-1,-6.399842142301306,recent,-0.12398945074246459,-1,6.275852691558842,ESTES R,True,-22.448979591836736,-3.228487574455359
2024,KY,1,85524,252729,JAMES COMER,R,-49.43193408484182,True,-47.91004767154219,-1,-1.521886413299633,recent,-0.12398945074246459,-1,1.3978969625571684,COMER J,True,-43.43434343434343,-1.5754501510317258
2024,KY,2,93029,252826,BRETT GUTHRIE,R,-46.20346677075653,True,-41.93201836717013,-1,-4.2714484035863975,recent,-0.12398945074246459,-1,4.147458952843933,GUTHRIE B,True,-37.37373737373738,-4.407588897552488
2024,KY,3,203100,124713,MORGAN MCGARVEY,D,23.912108427670653,True,19.26899411654809,1,4.643114311122563,recent,-0.12398945074246459,1,4.767103761865028,MCGARVEY M,True,22.448979591836736,5.885269335300579
2024,KY,6,130345,222293,ANDY BARR,R,-26.074331183820235,True,-15.313409908980445,-1,-10.76092127483979,recent,-0.12398945074246459,-1,10.636931824097324,BARR A,True,-11.11111111111111,-10.541079573242461
2024,LA,1,85911,265028,STEVE SCALISE,R,-51.039354417719316,True,-38.88945491594499,-1,-12.149899501774328,recent,-0.12398945074246459,-1,12.025910051031865,SCALISE S,True,,
2024,LA,2,216491,88693,TROY A. CARTER,D,41.87572087658593,True,31.97348291687914,1,9.902237959706792,recent,-0.12398945074246459,1,10.026227410449255,CARTER T,True,,
2024,LA,3,81157,239525,CLAY HIGGINS,R,-49.384748754217576,True,-45.63146158524225,-1,-3.7532871689753264,recent,-0.12398945074246459,-1,3.629297718232862,HIGGINS C,True,,
2024,LA,5,82981,236870,JULIA LETLOW,R,-48.11271498291392,True,-36.954314720812185,-1,-11.158400262101736,recent,-0.12398945074246459,-1,11.034410811359272,LETLOW J,True,,
2024,LA,6,184296,111737,CLEO FIELDS,D,24.510443092493066,True,15.150899298851739,0,9.359543793641327,recent,-0.12398945074246459,1,9.483533244383793,FIELDS C,False,,
2024,MA,8,265432,110638,STEPHEN F. LYNCH,D,41.1609540776983,True,26.9861956166176,1,14.1747584610807,recent,-0.12398945074246459,1,14.298747911823163,LYNCH S,True,36.734693877551024,8.848400699613938
2024,MA,9,251931,193822,WILLIAM R. KEATING,D,13.036143334985967,True,10.942031882242684,1,2.0941114527432827,recent,-0.12398945074246459,1,2.2181009034857473,KEATING W,True,18.367346938775512,-0.9090631043228825
2024,MD,1,154985,246356,ANDY HARRIS,R,-22.766425558315746,True,-17.30515700957555,-1,-5.461268548740197,recent,-0.12398945074246459,-1,5.337279097997732,HARRIS A,True,-14.285714285714286,-4.058570773134797
2024,MD,2,223797,152079,"JOHN \""JOHNNY O\"" OLSZEWSKI, JR.",D,19.08022858602305,True,18.93821802600272,0,0.1420105600203314,recent,-0.12398945074246459,1,0.266000010762796,OLSZEWSKI J,False,20.408163265306122,3.094205820183591
2024,MD,3,236681,151186,SARAH ELFRETH,D,22.04234956827985,True,24.49027443115774,0,-2.4479248628778905,recent,-0.12398945074246459,1,-2.323935412135426,ELFRETH S,False,26.53061224489796,-0.0661221771514473
2024,MD,5,283619,133985,STENY H. HOYER,D,35.83155333761171,True,34.05016724003836,1,1.7813860975733462,recent,-0.12398945074246459,1,1.9053755483158108,HOYER S,True,36.734693877551024,3.5189999595273473
2024,MD,6,199788,175974,APRIL MCCLAIN DELANEY,D,6.3375221549810785,True,5.925898469147308,0,0.41162368583377074,recent,-0.12398945074246459,1,0.5356131365762353,DELANEY A,False,10.204081632653061,0.5555810217946799
2024,MD,7,232849,49799,KWEISI MFUME,D,64.76253148792844,True,60.49731735411945,1,4.265214133808989,recent,-0.12398945074246459,1,4.389203584551454,MFUME K,True,65.3061224489796,3.878549538415511
2024,MD,8,292101,77821,JAMIE RASKIN,D,57.92572488254281,True,58.05566151736721,1,-0.12993663482440354,recent,-0.12398945074246459,1,-0.00594718408193895,RASKIN J,True,63.63636363636363,-1.2884982543541614
2024,ME,1,249798,154849,CHELLIE PINGREE,D,23.46464943518672,True,22.08301794249629,1,1.3816314926904276,recent,-0.12398945074246459,1,1.5056209434328922,PINGREE C,True,23.711340206185568,4.175449728467813
2024,ME,2,197151,194445,JARED F. GOLDEN,D,0.6910182943646003,True,-9.23471064196821,-1,9.92572893633281,recent,-0.12398945074246459,1,10.049718387075274,GOLDEN J,False,-7.216494845360825,12.329653639192088
2024,MI,1,180937,282264,JACK BERGMAN,R,-21.8753845522786,True,-21.51972242589076,-1,-0.3556621263878412,recent,-0.12398945074246459,-1,0.23167267564537664,BERGMAN J,True,-20.408163265306122,2.9549192124941843
2024,MI,2,135824,279167,JOHN R. MOOLENAAR,R,-34.54123101464851,True,-30.540216196830155,-1,-4.001014817818355,recent,-0.12398945074246459,-1,3.8770253670758903,MOOLENAAR J,True,-28.571428571428573,-1.5476619437532744
2024,MI,3,225510,183952,HILLARY J. SCHOLTEN,D,10.149415574583234,True,7.972385433101784,1,2.17703014148145,recent,-0.12398945074246459,1,2.3010195922239145,SCHOLTEN H,True,8.16326530612245,6.408290767927447
2024,MI,4,184641,234489,BILL HUIZENGA,R,-11.89320735809892,True,-5.621377887750186,-1,-6.271829470348734,recent,-0.12398945074246459,-1,6.147840019606269,HUIZENGA B,True,-4.081632653061225,-3.3894342055710327
2024,MI,5,134282,269215,TIM WALBERG,R,-33.440892993008625,True,-27.40917258410124,-1,-6.031720408907386,recent,-0.12398945074246459,-1,5.9077309581649216,WALBERG T,True,-24.489795918367346,-4.528956575174616
2024,MI,6,281162,158658,DEBBIE DINGELL,D,27.853212677913692,True,23.922767554940076,1,3.930445122973616,recent,-0.12398945074246459,1,4.0544345737160805,DINGELL D,True,27.272727272727273,5.002625904653081
2024,MI,7,209959,226722,TOM BARRETT,R,-3.8387289577517683,True,-1.303857115880356,0,-2.5348718418714125,recent,-0.12398945074246459,-1,2.410882391128948,BARRETT T,False,0.0,0.5834115417148942
2024,MI,8,217490,189317,KRISTEN MCDONALD RIVET,D,6.925397055606221,True,-2.009144166793344,0,8.934541222399565,recent,-0.12398945074246459,1,9.05853067314203,RIVET K,False,2.0408163265306123,9.306721228542271
2024,MI,9,138138,312593,LISA C. MCCLAIN,R,-38.70490381180793,True,-32.77545908113034,-1,-5.929444730677588,recent,-0.12398945074246459,-1,5.805455279935123,MCCLAIN L,True,-29.292929292929294,-4.989834019411974
2024,MI,10,191363,217437,JOHN JAMES,R,-6.378180039138943,True,-6.684831205554229,-1,0.30665116641528556,recent,-0.12398945074246459,-1,-0.43064061715775015,JAMES J,True,-1.0101010101010102,-0.9459385295712703
2024,MI,11,260780,177432,HALEY M. STEVENS,D,19.020017708323824,True,16.423294509151415,1,2.596723199172409,recent,-0.12398945074246459,1,2.7207126499148737,STEVENS H,True,20.408163265306122,3.033994942484364
2024,MI,12,253354,92490,RASHIDA TLAIB,D,46.51345693434034,True,39.897191011235954,1,6.616265923104386,recent,-0.12398945074246459,1,6.740255373846851,TLAIB R,True,49.494949494949495,1.4406479388575075
2024,MI,13,220788,78917,SHRI THANEDAR,D,47.3368812665788,True,41.99678274964389,1,5.3400985169349084,recent,-0.12398945074246459,1,5.464087967677373,THANEDAR S,True,49.494949494949495,2.2640722710959675
2024,MN,1,156375,220929,BRAD FINSTAD,R,-17.10928058011577,True,-12.233713055803454,-1,-4.875567524312315,recent,-0.12398945074246459,-1,4.75157807356985,FINSTAD B,True,-10.204081632653061,-2.4830584479960454
2024,MN,2,231751,175621,ANGIE CRAIG,D,13.778561118584488,True,5.95073678648204,1,7.827824332102447,recent,-0.12398945074246459,1,7.951813782844912,CRAIG A,True,8.16326530612245,10.037436311928701
2024,MN,3,240209,170427,KELLY MORRISON,D,16.99363913538998,True,21.720150444274704,0,-4.726511308884724,recent,-0.12398945074246459,1,-4.60252185814226,MORRISON K,False,21.21212121212121,0.20365842273543144
2024,MN,4,242802,117618,BETTY MCCOLLUM,D,34.7328117196604,True,36.46698138802974,1,-1.73416966836934,recent,-0.12398945074246459,1,-1.6101802176268754,MCCOLLUM B,True,38.775510204081634,0.3794420150454254
2024,MN,5,261066,86213,ILHAN OMAR,D,50.3494308610656,True,63.542984491902445,1,-13.193553630836846,recent,-0.12398945074246459,1,-13.069564180094382,OMAR I,True,65.3061224489796,-10.534551088447332
2024,MN,6,155836,260095,TOM EMMER,R,-25.066417266325423,True,-20.06608890237427,-1,-5.000328363951155,recent,-0.12398945074246459,-1,4.8763389132086905,EMMER T,True,-18.367346938775512,-2.276929828083249
2024,MN,7,114979,275098,MICHELLE FISCHBACH,R,-41.04804948766525,True,-37.09774237198466,-1,-3.9503071156805944,recent,-0.12398945074246459,-1,3.82631766493813,FISCHBACH M,True,-34.69387755102041,-1.9320314371781837
2024,MN,8,176724,244498,PETE STAUBER,R,-16.089852856688395,True,-14.53138841315774,-1,-1.5584644435306547,recent,-0.12398945074246459,-1,1.4344749927881901,STAUBER P,True,-12.244897959183673,0.5771856019619399
2024,MO,1,233312,56453,WESLEY BELL,D,61.03532172622643,True,58.18768172722622,0,2.847639999000208,recent,-0.12398945074246459,1,2.9716294497426725,BELL W,False,59.183673469387756,6.2737887563053345
2024,MO,2,182056,233444,ANN WAGNER,R,-12.367749699157642,True,-8.036578251263439,-1,-4.331171447894203,recent,-0.12398945074246459,-1,4.207181997151738,WAGNER A,True,-8.16326530612245,0.2176561064314697
2024,MO,3,138532,240620,BOB ONDER,R,-26.925349200320717,True,-27.09880132670149,0,0.17345212638077356,recent,-0.12398945074246459,-1,-0.29744157712323815,ONDER B,False,-26.53061224489796,4.027403544043905
2024,MO,4,96568,259886,MARK ALFORD,R,-45.81741262547201,True,-42.8113544480746,-1,-3.0060581773974064,recent,-0.12398945074246459,-1,2.882068726654942,ALFORD M,True,-40.816326530612244,-0.5789455953931029
2024,MO,5,199900,120957,EMANUEL CLEAVER,D,24.603795460282928,True,23.50937224201861,1,1.0944232182643177,recent,-0.12398945074246459,1,1.2184126690067822,CLEAVER E,True,26.53061224489796,2.495323714851631
2024,MO,6,100999,265210,SAM GRAVES,R,-44.84078763766046,True,-39.31892471811242,-1,-5.521862919548042,recent,-0.12398945074246459,-1,5.397873468805577,GRAVES S,True,-37.37373737373738,-3.0449097644564223
2024,MO,7,96655,263231,ERIC BURLISON,R,-46.28576827106362,True,-43.124014394889,-1,-3.1617538761746147,recent,-0.12398945074246459,-1,3.03776442543215,BURLISON E,True,-42.857142857142854,0.9935150855458996
2024,MO,8,77649,271249,JASON SMITH,R,-55.48899678416041,True,-54.60781455423596,-1,-0.8811822299244554,recent,-0.12398945074246459,-1,0.7571927791819908,SMITH J,True,-51.515151515151516,0.44829523045776476
2024,MS,1,96697,223589,TRENT KELLY,R,-39.618341107635054,True,-37.53256379062851,-1,-2.0857773170065457,recent,-0.12398945074246459,-1,1.961787866264081,KELLY T,True,-32.6530612244898,-2.5431393836785947
2024,MS,2,177885,108956,BENNIE G. THOMPSON,D,24.030386172130203,True,20.573389722299627,1,3.4569964498305765,recent,-0.12398945074246459,1,3.580985900573041,THOMPSON B,True,26.53061224489796,1.9219144266989066
2024,MS,4,75771,215095,MIKE EZELL,R,-47.89972014604663,True,-42.99199812853909,-1,-4.907722017507545,recent,-0.12398945074246459,-1,4.783732566765081,EZELL M,True,-38.775510204081634,-4.7020694424983365
2024,MT,1,143783,168529,RYAN K. ZINKE,R,-7.923486769640616,True,-11.922412494511375,-1,3.9989257248707597,recent,-0.12398945074246459,-1,-4.122915175613224,ZINKE R,True,-7.216494845360825,3.7151485751868716
2024,MT,2,93713,181832,TROY DOWNING,R,-31.97989439111579,True,-30.507838926964144,0,-1.4720554641516443,recent,-0.12398945074246459,-1,1.3480660134091798,DOWNING T,False,-27.835051546391753,0.27729765474262713
2024,NC,1,186341,180034,DONALD G. DAVIS,D,1.7214602524735585,True,-3.1814968185031804,1,4.902957070976739,recent,-0.12398945074246459,1,5.0269465217192035,DAVIS D,True,,
2024,NC,2,268662,128164,DEBORAH K. ROSS,D,35.40544218372788,True,34.40245148110317,1,1.0029907026247074,recent,-0.12398945074246459,1,1.126980153367172,ROSS D,True,,
2024,NC,4,308064,112084,VALERIE P. FOUSHEE,D,46.645467787541534,True,46.043092004493005,1,0.6023757830485295,recent,-0.12398945074246459,1,0.726365233790994,FOUSHEE V,True,,
2024,NC,5,162390,238304,VIRGINIA FOXX,R,-18.94562933310706,True,-17.921183264106983,-1,-1.0244460690000778,recent,-0.12398945074246459,-1,0.9004566182576133,FOXX V,True,,
2024,NC,7,179512,254022,DAVID ROUZER,R,-17.186656640540303,True,-14.02550091074682,-1,-3.1611557297934834,recent,-0.12398945074246459,-1,3.0371662790510188,ROUZER D,True,,
2024,NC,8,161709,238640,MARK HARRIS,R,-19.215984053912962,True,-19.61460446247464,0,0.3986204085616798,recent,-0.12398945074246459,-1,-0.5226098593041444,HARRIS M,False,,
2024,NC,9,140852,210042,RICHARD HUDSON,R,-19.71820549795665,True,-16.03161734900689,-1,-3.6865881489497596,recent,-0.12398945074246459,-1,3.562598698207295,HUDSON R,True,,
2024,NC,10,155383,233814,PAT HARRIGAN,R,-20.15200528267176,True,-17.884284121998174,0,-2.2677211606735845,recent,-0.12398945074246459,-1,2.14373170993112,HARRIGAN P,False,,
2024,NC,11,186977,245546,CHUCK EDWARDS,R,-13.541245205457281,True,-9.61909598781107,-1,-3.9221492176462114,recent,-0.12398945074246459,-1,3.798159766903747,EDWARDS C,True,,
2024,NC,12,259627,91128,ALMA S. ADAMS,D,48.038944562443874,True,47.035897435897446,1,1.0030471265464271,recent,-0.12398945074246459,1,1.1270365772888917,ADAMS A,True,,
2024,NC,13,171835,243655,BRAD KNOTT,R,-17.285614575561386,True,-16.705548230043615,0,-0.5800663455177713,recent,-0.12398945074246459,-1,0.45607689477530666,KNOTT B,False,,
2024,NC,14,168269,232987,TIM MOORE,R,-16.128855394062644,True,-15.215408008109474,0,-0.9134473859531695,recent,-0.12398945074246459,-1,0.789457935210705,MOORE T,False,,
2024,ND,0,109231,249101,JULIE FEDORCHAK,R,-39.03363361352042,True,-37.392986132786376,0,-1.6406474807340459,recent,-0.12398945074246459,-1,1.5166580299915813,FEDORCHAK J,False,-34.02061855670103,-0.5908745573527288
2024,NE,1,124498,187559,MIKE FLOOD,R,-20.208167097677666,True,-13.228325882116762,-1,-6.979841215560905,recent,-0.12398945074246459,-1,6.85585176481844,FLOOD M,True,-11.34020618556701,-4.445820412643993
2024,NE,2,154369,160198,DON BACON,R,-1.8530233622725842,True,4.684329452129328,-1,-6.5373528144019115,recent,-0.12398945074246459,-1,6.413363363659447,BACON D,True,6.122448979591836,-3.5533318423977587
2024,NE,3,59287,243481,ADRIAN SMITH,R,-60.83668023040744,True,-54.43078179590726,-1,-6.40589843450018,recent,-0.12398945074246459,-1,6.281908983757716,SMITH A,True,-53.06122448979592,-3.3533152411448572
2024,NH,1,218577,185936,CHRIS PAPPAS,D,8.069209147790058,True,2.01995452407088,1,6.049254623719179,recent,-0.12398945074246459,1,6.1732440744616435,PAPPAS C,True,6.122448979591836,6.368900667664884
2024,NH,2,211641,187810,MAGGIE GOODLANDER,D,5.965938250248466,True,3.626907261452192,0,2.339030988796274,recent,-0.12398945074246459,1,2.4630204395387385,GOODLANDER M,False,9.090909090909092,1.2971696588060366
2024,NJ,1,208808,144390,DONALD NORCROSS,D,18.23849512171643,True,19.018716043787663,1,-0.7802209220712335,recent,-0.12398945074246459,1,-0.6562314713287689,NORCROSS D,True,25.252525252525253,-2.591889631342161
2024,NJ,2,153117,215946,JEFFERSON VAN DREW,R,-17.023922744897213,True,-12.73536038103531,-1,-4.288562363861903,recent,-0.12398945074246459,-1,4.1645729131194384,DREW J,True,-5.05050505050505,-7.5512771949255
2024,NJ,3,202034,169454,HERB CONAWAY,D,8.770135239900078,True,8.495531888848085,0,0.2746033510519936,recent,-0.12398945074246459,1,0.3985928017944582,CONAWAY H,False,14.285714285714286,-1.0934385463475458
2024,NJ,4,124803,265652,CHRISTOPHER H. SMITH,R,-36.073042988308515,True,-30.53695687107094,-1,-5.5360861172375735,recent,-0.12398945074246459,-1,5.412096666495109,SMITH C,True,-23.232323232323232,-8.41857925651862
2024,NJ,5,208359,165287,JOSH GOTTHEIMER,D,11.527488585452542,True,1.5426974936227071,1,9.984791091829834,recent,-0.12398945074246459,1,10.108780542572298,GOTTHEIMER J,True,13.131313131313131,2.8183159536060725
2024,NJ,6,170275,122519,"FRANK PALLONE, JR.",D,16.310443520017486,True,6.589506910899613,1,9.720936609117874,recent,-0.12398945074246459,1,9.844926059860338,PALLONE F,True,19.19191919191919,1.5406648275649584
2024,NJ,7,200025,223331,"THOMAS H. KEAN, JR.",R,-5.505059571613488,True,-1.1969676211353153,-1,-4.308091950478173,recent,-0.12398945074246459,-1,4.184102499735708,KEAN T,True,4.081632653061225,-5.164551725208051
2024,NJ,8,116434,68152,ROBERT MENENDEZ,D,26.156913308701636,True,24.811967664433183,1,1.3449456442684529,recent,-0.12398945074246459,1,1.4689350950109175,MENENDEZ R,True,45.45454545454545,-14.875491646377155
2024,NJ,9,130514,117939,NELLIE POU,D,5.061319444723952,True,-1.1707415175108455,0,6.232060962234797,recent,-0.12398945074246459,1,6.356050412977262,POU N,False,19.19191919191919,-9.708459247728575
2024,NJ,10,182020,54405,LAMONICA MCIVER,D,53.97694829227028,True,51.66747780945097,0,2.3094704828193073,recent,-0.12398945074246459,1,2.433459933561772,MCIVER L,False,62.0,-3.6009112082630583
2024,NJ,11,222583,164556,MIKIE SHERRILL,D,14.988673318885464,True,8.896444150169497,1,6.092229168715967,recent,-0.12398945074246459,1,6.216218619458432,SHERRILL M,True,17.171717171717173,2.2390966466349536
2024,NJ,12,196871,117222,BONNIE WATSON COLEMAN,D,25.35841295412505,True,24.53718857974177,1,0.8212243743832808,recent,-0.12398945074246459,1,0.9452138251257454,COLEMAN B,True,35.35353535353536,-5.572981899943644
2024,NM,1,193203,149546,MELANIE A. STANSBURY,D,12.737309226285124,True,12.99640454650893,1,-0.2590953202238069,recent,-0.12398945074246459,1,-0.1351058694813423,STANSBURY M,True,14.285714285714286,2.8737354400374997
2024,NM,2,138177,127145,GABE VASQUEZ,D,4.157966546309767,True,-1.8466859656378056,1,6.004652511947572,recent,-0.12398945074246459,1,6.128641962690037,VASQUEZ G,True,6.122448979591836,2.4576580661845933
2024,NM,3,162342,126085,TERESA LEGER FERNANDEZ,D,12.570598452988104,True,5.320573111539808,1,7.250025341448296,recent,-0.12398945074246459,1,7.374014792190761,FERNANDEZ T,True,10.204081632653061,6.788657319801706
2024,NV,1,167885,143650,DINA TITUS,D,7.7792222382717835,True,2.3001314794627863,1,5.479090758808997,recent,-0.12398945074246459,1,5.603080209551462,TITUS D,True,8.16326530612245,4.038097431615997
2024,NV,3,191304,181084,SUSIE LEE,D,2.744449337787469,True,-0.7494067306702425,1,3.4938560684577116,recent,-0.12398945074246459,1,3.617845519200176,LEE S,True,6.122448979591836,1.044140857662295
2024,NV,4,174926,148061,STEVEN HORSFORD,D,8.317672228294018,True,2.359334791654918,1,5.9583374366391,recent,-0.12398945074246459,1,6.082326887381565,HORSFORD S,True,8.16326530612245,4.576547421638232
2024,NY,1,183540,226285,NICK LALOTA,R,-10.430061611663515,True,-10.19098649580888,-1,-0.23907511585463403,recent,-0.12398945074246459,-1,0.11508566511216944,LALOTA N,True,-1.0101010101010102,-4.997820102095842
2024,NY,2,136371,202597,ANDREW R. GARBARINO,R,-19.53753746666352,True,-14.07654671761222,-1,-5.460990749051298,recent,-0.12398945074246459,-1,5.3370012983088335,GARBARINO A,True,-3.0303030303030303,-12.085093936893825
2024,NY,3,187651,174693,THOMAS R. SUOZZI,D,3.576159671472413,True,-4.3468453348013485,0,7.923005006273762,recent,-0.12398945074246459,1,8.046994457016226,SUOZZI T,False,11.11111111111111,-3.112810940172036
2024,NY,4,191760,183157,LAURA A. GILLEN,D,2.2946412139220147,True,1.2928081522715966,-1,1.001833061650418,recent,-0.12398945074246459,1,1.1258225123928827,GILLEN L,False,15.151515151515152,-8.434733438126475
2024,NY,5,168425,56689,GREGORY W. MEEKS,D,49.63529589452455,True,42.80056553350199,1,6.834730361022565,recent,-0.12398945074246459,1,6.95871981176503,MEEKS G,True,62.0,-7.942563606008784
2024,NY,6,120205,74559,GRACE MENG,D,23.436569386539606,True,6.526551363448394,1,16.91001802309121,recent,-0.12398945074246459,1,17.034007473833675,MENG G,True,29.292929292929294,-1.4342194069230256
2024,NY,7,172795,48435,NYDIA M. VELÃ¡ZQUEZ,D,56.212991004836596,True,47.1903032424627,1,9.022687762373899,recent,-0.12398945074246459,1,9.146677213116362,ZQUEZ N,True,61.61616161616162,-0.9810301118583613
2024,NY,8,168036,54863,HAKEEM S. JEFFRIES,D,50.77322015800878,True,44.70400544553402,1,6.069214712474761,recent,-0.12398945074246459,1,6.193204163217225,JEFFRIES H,True,55.55555555555556,-0.3601948980801115
2024,NY,9,173207,60064,YVETTE D. CLARKE,D,48.502814323254924,True,41.46428833112162,1,7.038525992133302,recent,-0.12398945074246459,1,7.162515442875766,CLARKE Y,True,52.0,0.9249548227215865
2024,NY,10,206206,37555,DANIEL S. GOLDMAN,D,69.18703155960141,True,61.892367529836285,1,7.294664029765123,recent,-0.12398945074246459,1,7.418653480507587,GOLDMAN D,True,71.71717171717172,1.8920003418963471
2024,NY,11,93586,167099,NICOLE MALLIOTAKIS,R,-28.199934787195275,True,-24.82593754669057,-1,-3.3739972405047034,recent,-0.12398945074246459,-1,3.250007789762239,MALLIOTAKIS N,True,-7.070707070707071,-16.707087217021538
2024,NY,12,260165,62989,JERROLD NADLER,D,61.016109966146175,True,64.89941854165914,1,-3.88330857551297,recent,-0.12398945074246459,1,-3.7593191247705056,NADLER J,True,71.71717171717172,-6.278921251558886
2024,NY,13,181800,35822,ADRIANO ESPAILLAT,D,67.07869608771172,True,60.27299582357136,1,6.805700264140363,recent,-0.12398945074246459,1,6.929689714882827,ESPAILLAT A,True,77.77777777777777,-6.2769411905993895
2024,NY,14,132714,59078,ALEXANDRIA OCASIO-CORTEZ,D,38.39367648285643,True,32.36610727477116,1,6.027569208085268,recent,-0.12398945074246459,1,6.1515586588277325,CORTEZ A,True,55.55555555555556,-12.739738573232467
2024,NY,15,130392,36010,RITCHIE TORRES,D,56.71927020107931,True,48.80797713394829,1,7.9112930671310195,recent,-0.12398945074246459,1,8.035282517873483,TORRES R,True,71.71717171717172,-10.57576101662575
2024,NY,16,217668,86408,GEORGE S. LATIMER,D,43.16683986898013,True,33.30969325456048,0,9.857146614419648,recent,-0.12398945074246459,1,9.981136065162111,LATIMER G,False,45.45454545454545,2.1344349139013357
2024,NY,17,173899,197845,MICHAEL LAWLER,R,-6.441529654816217,True,0.5597232177745115,-1,-7.001252872590729,recent,-0.12398945074246459,-1,6.877263421848264,LAWLER M,True,10.204081632653061,-12.223470788002617
2024,NY,18,207106,155129,PATRICK RYAN,D,14.3489723522023,True,3.3539403039279723,-1,10.995032048274327,recent,-0.12398945074246459,1,11.119021499016792,RYAN P,False,9.090909090909092,9.68020376075987
2024,NY,19,192647,184290,JOSH RILEY,D,2.2170813690351436,True,1.80061138988952,-1,0.41646997914562367,recent,-0.12398945074246459,1,0.5404594298880883,RILEY J,False,4.081632653061225,2.5575892154405815
2024,NY,20,221997,141151,PAUL TONKO,D,22.262548602773524,True,14.320901440778664,1,7.94164716199486,recent,-0.12398945074246459,1,8.065636612737325,TONKO P,True,20.408163265306122,6.276525836934065
2024,NY,21,132447,215996,ELISE M. STEFANIK,R,-23.97780985699239,True,-20.75998536324485,-1,-3.217824493747539,recent,-0.12398945074246459,-1,3.0938350430050745,STEFANIK E,True,-16.3265306122449,-3.22913874528083
2024,NY,22,194450,161939,JOHN W. MANNION,D,9.122335425616392,True,7.694014964669066,-1,1.428320460947326,recent,-0.12398945074246459,1,1.5523099116897905,MANNION J,False,12.244897959183673,1.2995779658993811
2024,NY,23,128397,246969,NICHOLAS A. LANGWORTHY,R,-31.588369751122904,True,-21.18795208389146,-1,-10.400417667231444,recent,-0.12398945074246459,-1,10.27642821648898,LANGWORTHY N,True,-18.367346938775512,-8.79888231288073
2024,NY,24,123317,235867,CLAUDIA TENNEY,R,-31.334914695532095,True,-23.23714041522547,-1,-8.097774280306627,recent,-0.12398945074246459,-1,7.9737848295641625,TENNEY C,True,-20.408163265306122,-6.504610930759311
2024,NY,25,219175,141195,JOSEPH D. MORELLE,D,21.638871160196466,True,18.654098607614007,1,2.9847725525824593,recent,-0.12398945074246459,1,3.108762003324924,MORELLE J,True,20.408163265306122,5.652848394357006
2024,NY,26,209131,111772,TIMOTHY M. KENNEDY,D,30.339074424358763,True,19.560710081799225,0,10.778364342559538,recent,-0.12398945074246459,1,10.902353793302002,KENNEDY T,False,25.252525252525253,9.508689671300173
2024,OH,1,213916,177993,GREG LANDSMAN,D,9.166158470461255,True,6.412198323740275,1,2.7539601467209804,recent,-0.12398945074246459,1,2.877949597463445,LANDSMAN G,True,,
2024,OH,2,96401,268211,DAVID J. TAYLOR,R,-47.121323489078804,True,-47.944377267230955,0,0.8230537781521505,recent,-0.12398945074246459,-1,-0.9470432288946151,TAYLOR D,False,,
2024,OH,3,242632,100355,JOYCE BEATTY,D,41.48174712161102,True,40.65467771266922,1,0.8270694089418029,recent,-0.12398945074246459,1,0.9510588596842675,BEATTY J,True,,
2024,OH,4,125905,273297,JIM JORDAN,R,-36.921658709124706,True,-37.0863599677159,-1,0.16470125859119378,recent,-0.12398945074246459,-1,-0.28869070933365837,JORDAN J,True,,
2024,OH,5,123024,255633,ROBERT E. LATTA,R,-35.020876413218296,True,-29.538803108285407,-1,-5.482073304932889,recent,-0.12398945074246459,-1,5.358083854190425,LATTA R,True,,
2024,OH,6,122515,245860,MICHAEL A. RULLI,R,-33.483542585680354,True,-33.94476919975811,0,0.4612266140777592,recent,-0.12398945074246459,-1,-0.5852160648202238,RULLI M,False,,
2024,OH,7,144613,204494,MAX L. MILLER,R,-17.152620829716962,True,-10.73013311819282,-1,-6.422487711524143,recent,-0.12398945074246459,-1,6.298498260781678,MILLER M,True,,
2024,OH,8,140625,237503,WARREN DAVIDSON,R,-25.620424829687302,True,-23.890234059725586,-1,-1.730190769961716,recent,-0.12398945074246459,-1,1.6062013192192515,DAVIDSON W,True,,
2024,OH,9,181098,178716,MARCY KAPTUR,D,0.6620087044973236,True,-6.77298879580095,1,7.434997500298274,recent,-0.12398945074246459,1,7.558986951040739,KAPTUR M,True,,
2024,OH,10,145420,213695,MICHAEL R. TURNER,R,-19.012015649583002,True,-5.787294212705785,-1,-13.224721436877218,recent,-0.12398945074246459,-1,13.100731986134754,TURNER M,True,,
2024,OH,11,236883,59394,SHONTEL M. BROWN,D,59.906438906833806,True,55.4637929298016,1,4.442645977032207,recent,-0.12398945074246459,1,4.5666354277746715,BROWN S,True,,
2024,OH,12,119738,260450,TROY BALDERSON,R,-37.01116289835555,True,-33.003832963485976,-1,-4.007329934869574,recent,-0.12398945074246459,-1,3.8833404841271095,BALDERSON T,True,,
2024,OH,13,197466,188924,EMILIA STRONG SYKES,D,2.2107197391236832,True,0.04036326942482255,1,2.1703564696988606,recent,-0.12398945074246459,1,2.2943459204413252,SYKES E,True,,
2024,OH,14,140431,243427,DAVID P. JOYCE,R,-26.831797174997003,True,-18.083711548159354,-1,-8.74808562683765,recent,-0.12398945074246459,-1,8.624096176095186,JOYCE D,True,,
2024,OH,15,151411,196338,MIKE CAREY,R,-12.919375756652068,True,-9.303970097989696,-1,-3.6154056586623717,recent,-0.12398945074246459,-1,3.491416207919907,CAREY M,True,,
2024,OK,1,107903,188832,KEVIN HERN,R,-27.273156183126357,True,-21.99876107170541,-1,-5.274395111420947,recent,-0.12398945074246459,-1,5.150405660678483,HERN K,True,-21.649484536082475,-1.201531147577219
2024,OK,2,68841,238123,JOSH BRECHEEN,R,-55.14718338306772,True,-56.511293397442095,-1,1.3641100143743756,recent,-0.12398945074246459,-1,-1.4880994651168402,BRECHEEN J,True,-55.10204081632653,4.376997932725471
2024,OK,4,86641,199962,TOM COLE,R,-39.539362811973355,True,-33.8874815283935,-1,-5.651881283579854,recent,-0.12398945074246459,-1,5.52789183283739,COLE T,True,-32.6530612244898,-2.464161088016896
2024,OK,5,134471,207636,STEPHANIE I. BICE,R,-21.386583729651836,True,-18.120004629945655,-1,-3.266579099706181,recent,-0.12398945074246459,-1,3.1425896489637166,BICE S,True,-17.52577319587629,0.561329965691117
2024,OR,1,241556,98908,SUZANNE BONAMICI,D,41.89811551294704,True,39.11033167782459,1,2.787783835122447,recent,-0.12398945074246459,1,2.9117732858649115,BONAMICI S,True,40.20618556701031,6.1140704454033905
2024,OR,2,115337,224601,CLIFF BENTZ,R,-32.14233183698204,True,-27.87852040916719,-1,-4.263811427814847,recent,-0.12398945074246459,-1,4.1398219770723825,BENTZ C,True,-24.489795918367346,-3.2303954191480297
2024,OR,3,226405,84344,MAXINE E. DEXTER,D,45.71567406492056,True,47.61376380326234,0,-1.898089738341774,recent,-0.12398945074246459,1,-1.7741002875993095,DEXTER M,False,48.97959183673469,1.158222727652534
2024,OR,4,195862,166430,VAL T. HOYLE,D,8.123833813608913,True,12.442914801419136,1,-4.3190809878102225,recent,-0.12398945074246459,1,-4.195091537067758,HOYLE V,True,13.402061855670103,-0.856087542594528
2024,OR,5,191365,180420,JANELLE S. BYNUM,D,2.9439057519803113,True,8.808655945204382,-1,-5.86475019322407,recent,-0.12398945074246459,1,-5.740760742481606,BYNUM J,False,9.278350515463918,-1.912304264016944
2024,OR,6,180869,157634,ANDREA SALINAS,D,6.864045518060402,True,11.741786607103236,1,-4.877741089042835,recent,-0.12398945074246459,1,-4.75375163830037,SALINAS A,True,13.402061855670103,-2.1158758381430394
2024,PA,1,202042,261390,BRIAN K. FITZPATRICK,R,-12.80619378894854,True,0.3223803661609427,-1,-13.128574155109483,recent,-0.12398945074246459,-1,13.00458470436702,FITZPATRICK B,True,5.05050505050505,-13.43455833998693
2024,PA,2,193691,77355,BRENDAN F. BOYLE,D,42.921127779048575,True,36.16987750404209,1,6.751250275006484,recent,-0.12398945074246459,1,6.875239725748949,BOYLE B,True,43.43434343434343,3.908924844171805
2024,PA,4,269066,186457,MADELEINE DEAN,D,18.134978914346807,True,15.969585034454454,1,2.1653938798923527,recent,-0.12398945074246459,1,2.2893833306348172,DEAN M,True,19.19191919191919,3.3652002218942787
2024,PA,5,267754,142355,MARY GAY SCANLON,D,30.57699294577783,True,28.934375196073223,1,1.6426177497046055,recent,-0.12398945074246459,1,1.76660720044707,SCANLON M,True,33.333333333333336,1.665800111911155
2024,PA,6,235625,183638,CHRISSY HOULAHAN,D,12.39961551579796,True,11.526010296683287,1,0.8736052191146726,recent,-0.12398945074246459,1,0.9975946698571372,HOULAHAN C,True,15.151515151515152,1.67024086374947
2024,PA,7,199626,203688,RYAN E. MACKENZIE,R,-1.0071557149020367,True,-3.2388654010275637,1,2.231709686125527,recent,-0.12398945074246459,-1,-2.3556991368679916,MACKENZIE R,False,1.0101010101010102,2.404883774463616
2024,PA,8,189411,195663,"ROB BRESNAHAN, JR.",R,-1.6235840383926206,True,-8.56734175384965,1,6.943757715457029,recent,-0.12398945074246459,-1,-7.067747166199494,BRESNAHAN R,False,-3.0303030303030303,5.828859491377072
2024,PA,9,115523,276212,DANIEL MEUSER,R,-41.01982207359567,True,-38.28695905469928,-1,-2.7328630188963885,recent,-0.12398945074246459,-1,2.608873568153924,MEUSER D,True,-37.37373737373738,0.7760557996083701
2024,PA,10,200434,205567,SCOTT PERRY,R,-1.2642826002891618,True,-5.291422535038262,-1,4.0271399347491,recent,-0.12398945074246459,-1,-4.151129385491565,PERRY S,True,-4.081632653061225,7.239490552238725
2024,PA,11,149641,253672,LLOYD SMUCKER,R,-25.794110281592708,True,-21.57463662043542,-1,-4.219473661157288,recent,-0.12398945074246459,-1,4.095484210414823,SMUCKER L,True,-21.21212121212121,-0.15984857000483466
2024,PA,12,234802,181426,SUMMER L. LEE,D,12.823740834350405,True,19.36501513829129,1,-6.541274303940886,recent,-0.12398945074246459,1,-6.417284853198422,LEE S,True,20.408163265306122,-3.162281931489055
2024,PA,13,104823,301460,JOHN JOYCE,R,-48.399022356337824,True,-45.90326391533152,-1,-2.495758441006302,recent,-0.12398945074246459,-1,2.3717689902638375,JOYCE J,True,-45.45454545454545,1.477663597674292
2024,PA,14,134755,268380,GUY RESCHENTHALER,R,-33.146464583824276,True,-33.59611755448029,-1,0.44965297065601106,recent,-0.12398945074246459,-1,-0.5736424213984757,RESCHENTHALER G,True,-31.31313131313131,2.588807228773698
2024,PA,15,111408,279027,GLENN THOMPSON,R,-42.93134580660033,True,-38.28705018459166,-1,-4.64429562200867,recent,-0.12398945074246459,-1,4.520306171266205,THOMPSON G,True,-37.37373737373738,-1.1354679333962938
2024,PA,16,146709,256923,MIKE KELLY,R,-27.305565465572602,True,-22.959797174936615,-1,-4.345768290635988,recent,-0.12398945074246459,-1,4.221778839893523,KELLY M,True,-21.21212121212121,-1.6713037539847289
2024,PA,17,242838,207900,CHRISTOPHER R. DELUZIO,D,7.751287887863903,True,5.556475855381876,1,2.1948120324820266,recent,-0.12398945074246459,1,2.318801483224491,DELUZIO C,True,6.122448979591836,6.050979407738729
2024,RI,1,139352,70742,GABE AMO,D,32.6568107608975,True,22.659710215618045,0,9.997100545279455,recent,-0.12398945074246459,1,10.121089996021919,AMO G,False,29.292929292929294,7.786021967434868
2024,RI,2,153439,109381,SETH MAGAZINER,D,16.763564416711056,True,6.934426897530219,1,9.829137519180836,recent,-0.12398945074246459,1,9.9531269699233,MAGAZINER S,True,14.285714285714286,6.8999906304634315
2024,SC,1,162582,227502,NANCY MACE,R,-16.64256929276771,True,-13.209432555402822,-1,-3.4331367373648884,recent,-0.12398945074246459,-1,3.309147286622424,MACE N,True,-8.16326530612245,-4.057163487178599
2024,SC,2,142985,211514,JOE WILSON,R,-19.331225193865144,True,-14.12346939341652,-1,-5.2077558004486235,recent,-0.12398945074246459,-1,5.083766349706159,WILSON J,True,-11.11111111111111,-3.797973583287371
2024,SC,3,87735,248451,SHERI BIGGS,R,-47.80567899912548,True,-43.61925875397908,0,-4.186420245146401,recent,-0.12398945074246459,-1,4.062430794403936,BIGGS S,False,-37.37373737373738,-6.009801125921443
2024,SC,4,128976,206916,WILLIAM R. TIMMONS IV,R,-23.203886963666893,True,-23.96239999770522,-1,0.7585130340383266,recent,-0.12398945074246459,-1,-0.8825024847807912,TIMMONS W,True,-18.367346938775512,-0.41439952542471836
2024,SC,5,130592,228260,RALPH NORMAN,R,-27.216791323442532,True,-23.088838343075636,-1,-4.127952980366896,recent,-0.12398945074246459,-1,4.003963529624431,NORMAN R,True,-18.367346938775512,-4.427303885200358
2024,SC,6,182056,112360,JAMES E. CLYBURN,D,23.672626487690888,True,23.04458263992292,1,0.6280438477679695,recent,-0.12398945074246459,1,0.7520332985104341,CLYBURN J,True,32.6530612244898,-4.558294237332246
2024,SC,7,129522,240326,RUSSELL FRY,R,-29.959334645584132,True,-26.624063961841426,-1,-3.3352706837427064,recent,-0.12398945074246459,-1,3.211281233000242,FRY R,True,-19.19191919191919,-6.345274954198279
2024,SD,0,117818,303630,DUSTY JOHNSON,R,-44.0889504755035,True,-29.890199073853054,-1,-14.198751401650448,recent,-0.12398945074246459,-1,14.074761950907984,JOHNSON D,True,-26.53061224489796,-13.13619773113888
2024,TN,1,64021,257825,DIANA HARSHBARGER,R,-60.21637677647073,True,-58.4360476864013,-1,-1.7803290900694293,recent,-0.12398945074246459,-1,1.6563396393269647,HARSHBARGER D,True,,
2024,TN,2,111316,250782,TIM BURCHETT,R,-38.51609232859612,True,-34.33380653011559,-1,-4.182285798480535,recent,-0.12398945074246459,-1,4.058296347738071,BURCHETT T,True,,
2024,TN,3,102841,236519,"CHARLES J. \""CHUCK\"" FLEISCHMANN",R,-39.39120697784064,True,-36.36639983787619,-1,-3.0248071399644516,recent,-0.12398945074246459,-1,2.900817689221987,FLEISCHMANN C,True,,
2024,TN,4,83832,219133,SCOTT DESJARLAIS,R,-44.65895400458799,True,-44.10931174089069,-1,-0.5496422636973008,recent,-0.12398945074246459,-1,0.42565281295483626,DESJARLAIS S,True,,
2024,TN,5,142387,205075,ANDREW OGLES,R,-18.041685133913923,True,-18.191056910569102,-1,0.14937177665517964,recent,-0.12398945074246459,-1,-0.27336122739764424,OGLES A,True,,
2024,TN,6,106144,225543,JOHN W. ROSE,R,-35.99749161106706,True,-35.60145808019441,-1,-0.3960335308726499,recent,-0.12398945074246459,-1,0.27204408013018533,ROSE J,True,,
2024,TN,7,122764,191992,MARK E. GREEN,R,-21.994179618498137,True,-22.46803328597524,-1,0.4738536674771012,recent,-0.12398945074246459,-1,-0.5978431182195658,GREEN M,True,,
2024,TN,8,85043,240411,DAVID KUSTOFF,R,-47.73885095896809,True,-42.02488115707495,-1,-5.7139698018931355,recent,-0.12398945074246459,-1,5.589980351150671,KUSTOFF D,True,,
2024,TN,9,159522,57411,STEVE COHEN,D,47.070293592952666,True,43.36625598207922,1,3.704037610873449,recent,-0.12398945074246459,1,3.8280270616159138,COHEN S,True,,
2024,TX,2,112252,214631,DAN CRENSHAW,R,-31.319768846957473,True,-24.489795918367346,-1,-6.829972928590127,recent,-0.12398945074246459,-1,6.705983477847663,CRENSHAW D,True,,
2024,TX,3,142953,237794,KEITH SELF,R,-24.909191667957987,True,-20.408163265306122,-1,-4.501028402651865,recent,-0.12398945074246459,-1,4.377038951909401,SELF K,True,,
2024,TX,4,111696,241603,PAT FALLON,R,-36.769704980766996,True,-32.6530612244898,-1,-4.116643756277199,recent,-0.12398945074246459,-1,3.9926543055347343,FALLON P,True,,
2024,TX,5,107712,192185,LANCE GOODEN,R,-28.167337452525366,True,-27.272727272727273,-1,-0.894610179798093,recent,-0.12398945074246459,-1,0.7706207290556284,GOODEN L,True,,
2024,TX,6,98319,188119,JAKE ELLZEY,R,-31.35058895816896,True,-29.292929292929294,-1,-2.0576596652396653,recent,-0.12398945074246459,-1,1.9336702144972007,ELLZEY J,True,,
2024,TX,7,149820,94651,LIZZIE FLETCHER,D,22.566684801060248,True,21.649484536082475,1,0.9172002649777724,recent,-0.12398945074246459,1,1.041189715720237,FLETCHER L,True,,
2024,TX,8,108754,233423,MORGAN LUTTRELL,R,-36.43406774856288,True,-34.69387755102041,-1,-1.740190197542475,recent,-0.12398945074246459,-1,1.6162007468000104,LUTTRELL M,True,,
2024,TX,10,118280,221229,MICHAEL T. MCCAUL,R,-30.322907492879423,True,-25.252525252525253,-1,-5.070382240354171,recent,-0.12398945074246459,-1,4.946392789611706,MCCAUL M,True,,
2024,TX,12,124154,215564,CRAIG GOLDMAN,R,-26.90761160727427,True,-23.232323232323232,0,-3.6752883749510374,recent,-0.12398945074246459,-1,3.551298924208573,GOLDMAN C,False,,
2024,TX,14,95875,210320,"RANDY K. WEBER, SR.",R,-37.37650843416777,True,-34.69387755102041,-1,-2.682630883147361,recent,-0.12398945074246459,-1,2.5586414324048965,WEBER R,True,,
2024,TX,15,95965,127804,MONICA DE LA CRUZ,R,-14.228512439167178,True,-17.171717171717173,-1,2.9432047325499955,recent,-0.12398945074246459,-1,-3.06719418329246,CRUZ M,True,,
2024,TX,16,131391,89281,VERONICA ESCOBAR,D,19.08262035962877,True,16.3265306122449,1,2.7560897473838715,recent,-0.12398945074246459,1,2.880079198126336,ESCOBAR V,True,,
2024,TX,17,97941,193101,PETE SESSIONS,R,-32.69631187251325,True,-29.292929292929294,-1,-3.4033825795839547,recent,-0.12398945074246459,-1,3.27939312884149,SESSIONS P,True,,
2024,TX,18,151834,66810,SYLVESTER TURNER,D,38.88695779440552,True,40.816326530612244,0,-1.929368736206726,recent,-0.12398945074246459,1,-1.8053792854642614,TURNER S,False,,
2024,TX,21,153765,263744,CHIP ROY,R,-26.34170760390794,True,-23.232323232323232,-1,-3.1093843715847065,recent,-0.12398945074246459,-1,2.985394920842242,ROY C,True,,
2024,TX,22,127604,209285,TROY E. NEHLS,R,-24.24567142293159,True,-20.408163265306122,-1,-3.837508157625468,recent,-0.12398945074246459,-1,3.7135187068830033,NEHLS T,True,,
2024,TX,23,109373,180720,TONY GONZALES,R,-24.594526582854463,True,-15.151515151515152,-1,-9.443011431339311,recent,-0.12398945074246459,-1,9.319021980596847,GONZALES T,True,,
2024,TX,24,149518,227108,BETH VAN DUYNE,R,-20.60133925963688,True,-16.3265306122449,-1,-4.274808647391982,recent,-0.12398945074246459,-1,4.150819196649517,DUYNE B,True,,
2024,TX,26,138558,241096,BRANDON GILL,R,-27.008275956528838,True,-23.232323232323232,0,-3.775952724205606,recent,-0.12398945074246459,-1,3.6519632734631413,GILL B,False,,
2024,TX,27,94596,183980,MICHAEL CLOUD,R,-32.08603756246051,True,-29.292929292929294,-1,-2.793108269531217,recent,-0.12398945074246459,-1,2.6691188187887525,CLOUD M,True,,
2024,TX,28,125280,112018,HENRY CUELLAR,D,5.5887533818236985,True,-7.070707070707071,1,12.65946045253077,recent,-0.12398945074246459,1,12.783449903273233,CUELLAR H,True,,
2024,TX,29,99379,52830,SYLVIA R. GARCIA,D,30.582291454513204,True,21.21212121212121,1,9.370170242391993,recent,-0.12398945074246459,1,9.494159693134456,GARCIA S,True,,
2024,TX,31,126470,229087,JOHN R. CARTER,R,-28.860914002536866,True,-23.232323232323232,-1,-5.628590770213634,recent,-0.12398945074246459,-1,5.50460131947117,CARTER J,True,,
2024,TX,32,140536,85941,JULIE JOHNSON,D,24.106200629644512,True,23.711340206185568,0,0.3948604234589439,recent,-0.12398945074246459,1,0.5188498742014085,JOHNSON J,False,,
2024,TX,33,114289,51864,MARC A. VEASEY,D,37.57079318459492,True,34.69387755102041,1,2.8769156335745123,recent,-0.12398945074246459,1,3.000905084316977,VEASEY M,True,,
2024,TX,34,102780,97603,VICENTE GONZALEZ,D,2.5835524969683057,True,-5.05050505050505,1,7.634057547473356,recent,-0.12398945074246459,1,7.7580469982158204,GONZALEZ V,True,,
2024,TX,35,170509,82610,GREG CASAR,D,34.726354007403636,True,34.69387755102041,1,0.032476456383228935,recent,-0.12398945074246459,1,0.15646590712569353,CASAR G,True,,
2024,TX,36,91009,206009,BRIAN BABIN,R,-38.718192163437905,True,-37.37373737373738,-1,-1.344454789700528,recent,-0.12398945074246459,-1,1.2204653389580633,BABIN B,True,,
2024,TX,37,252980,80366,LLOYD DOGGETT,D,51.78223227517354,True,50.51546391752577,1,1.26676835764777,recent,-0.12398945074246459,1,1.3907578083902346,DOGGETT L,True,,
2024,TX,38,127640,215030,WESLEY HUNT,R,-25.502670207488254,True,-20.408163265306122,-1,-5.094506942182132,recent,-0.12398945074246459,-1,4.970517491439668,HUNT W,True,,
2024,UT,1,117319,230975,BLAKE D. MOORE,R,-32.63220153089057,True,-20.651277823577907,-1,-11.980923707312662,recent,-0.12398945074246459,-1,11.856934256570199,MOORE B,True,,
2024,UT,2,121114,205234,CELESTE MALOY,R,-25.776165320455465,True,-20.85385878489327,0,-4.922306535562196,recent,-0.12398945074246459,-1,4.798317084819732,MALOY C,False,,
2024,UT,3,122780,242496,MIKE KENNEDY,R,-32.77412148621864,True,-19.86421150087439,0,-12.90990998534425,recent,-0.12398945074246459,-1,12.785920534601786,KENNEDY M,False,,
2024,UT,4,109838,230627,BURGESS OWENS,R,-35.477655559308594,True,-27.458045917842067,-1,-8.019609641466527,recent,-0.12398945074246459,-1,7.895620190724062,OWENS B,True,,
2024,VA,1,208445,269657,ROBERT J. WITTMAN,R,-12.803125692843787,True,-5.00442471396264,-1,-7.798700978881147,recent,-0.12398945074246459,-1,7.674711528138682,WITTMAN R,True,-6.122448979591836,-2.2585362137852885
2024,VA,2,191666,207368,JENNIFER A. KIGGANS,R,-3.9350030323230603,True,-0.2522167100930846,-1,-3.6827863222299757,recent,-0.12398945074246459,-1,3.558796871487511,KIGGANS J,True,2.0408163265306123,-1.5536788593870101
2024,VA,3,219926,93801,"ROBERT C. \""BOBBY\"" SCOTT",D,40.202150277151794,True,35.171354784672296,1,5.030795492479498,recent,-0.12398945074246459,1,5.154784943221963,SCOTT R,True,38.775510204081634,5.848780572536823
2024,VA,4,252885,121814,JENNIFER L. MCCLELLAN,D,34.98034422296296,True,33.178227120064946,0,1.8021171028980163,recent,-0.12398945074246459,1,1.926106553640481,MCCLELLAN J,False,35.35353535353536,4.048949368894268
2024,VA,5,184229,249564,JOHN J. MCGUIRE III,R,-15.061331095706938,True,-12.407085063709836,0,-2.6542460319971024,recent,-0.12398945074246459,-1,2.530256581254638,MCGUIRE J,False,-8.16326530612245,-2.475925290117827
2024,VA,6,141612,256933,BEN CLINE,R,-28.93550289176881,True,-24.157705036448466,-1,-4.777797855320344,recent,-0.12398945074246459,-1,4.653808404577879,CLINE B,True,-22.448979591836736,-2.0643828004654114
2024,VA,7,203336,192847,EUGENE S. VINDMAN,D,2.647513901404149,True,2.914155482400608,0,-0.26664158099645885,recent,-0.12398945074246459,1,-0.14265213025399426,VINDMAN E,False,7.070707070707071,-0.001052669836258957
2024,VA,8,274593,94676,"DONALD S. BEYER, JR.",D,48.722476026961374,True,50.904224479584464,1,-2.18174845262309,recent,-0.12398945074246459,1,-2.0577590018806253,BEYER D,True,57.142857142857146,-3.9982406164291096
2024,VA,9,109570,290645,H. MORGAN GRIFFITH,R,-45.24443111827393,True,-44.42581664466825,-1,-0.8186144736056775,recent,-0.12398945074246459,-1,0.6946250228632129,GRIFFITH H,True,-42.857142857142854,2.0348522383355867
2024,VA,10,215131,196343,SUHAS SUBRAMANYAM,D,4.566023612670546,True,8.576451033971418,0,-4.010427421300872,recent,-0.12398945074246459,1,-3.886437970558408,SUBRAMANYAM S,False,18.367346938775512,-9.379182826638305
2024,VA,11,273529,134802,GERALD E. CONNOLLY,D,33.97415332169245,True,35.29116354091677,1,-1.317010219224322,recent,-0.12398945074246459,1,-1.1930207684818575,CONNOLLY G,True,41.41414141414141,-3.017847592982301
2024,WA,1,227213,132538,SUZAN K. DELBENE,D,26.316813573833013,True,29.71416626019093,1,-3.397352686357916,recent,-0.12398945074246459,1,-3.2733632356154514,DELBENE S,True,31.95876288659794,-1.219808813298263
2024,WA,2,263750,148167,RICK LARSEN,D,28.059779033154737,True,24.449358063403626,1,3.610420969751111,recent,-0.12398945074246459,1,3.7344104204935755,LARSEN R,True,23.711340206185568,8.770579326435831
2024,WA,3,215177,199054,MARIE GLUESENKAMP PEREZ,D,3.8922726691145764,True,-3.396252192645398,1,7.288524861759974,recent,-0.12398945074246459,1,7.412514312502439,PEREZ M,True,-4.081632653061225,12.396045821642463
2024,WA,5,156074,240619,MICHAEL BAUMGARTNER,R,-21.312450686046894,True,-11.108555422659755,0,-10.203895263387139,recent,-0.12398945074246459,-1,10.079905812644675,BAUMGARTNER M,False,-10.204081632653061,-6.686228553927171
2024,WA,6,239687,182182,EMILY RANDALL,D,13.631008678049348,True,19.891451831750334,0,-6.260443153700987,recent,-0.12398945074246459,1,-6.136453702958522,RANDALL E,False,17.52577319587629,0.5273759816397199
2024,WA,7,352286,66220,PRAMILA JAYAPAL,D,68.35409767124008,True,77.56051167435446,1,-9.206414003114375,recent,-0.12398945074246459,1,-9.082424552371911,JAYAPAL P,True,77.55102040816327,-4.774782237456522
2024,WA,8,224607,190675,KIM SCHRIER,D,8.170833313266648,True,5.966932359880001,1,2.203900953386647,recent,-0.12398945074246459,1,2.3278904041291115,SCHRIER K,True,7.216494845360825,5.376478967372486
2024,WA,10,203732,143492,MARILYN STRICKLAND,D,17.349031172960395,True,18.6042540382684,1,-1.2552228653080064,recent,-0.12398945074246459,1,-1.1312334145655418,STRICKLAND M,True,17.52577319587629,4.245398476550767
2024,WI,1,172402,212515,BRYAN STEIL,R,-10.421207688930341,True,-4.574926503161371,-1,-5.84628118576897,recent,-0.12398945074246459,-1,5.722291735026506,STEIL B,True,-2.0408163265306123,-3.958250862933067
2024,WI,2,320317,136357,MARK POCAN,D,40.28256480552867,True,40.74566810900527,1,-0.46310330347660056,recent,-0.12398945074246459,1,-0.33911385273413597,POCAN M,True,42.857142857142854,1.8475624478524804
2024,WI,3,200808,212064,DERRICK VAN ORDEN,R,-2.7262686740684763,True,-7.513658895468744,-1,4.787390221400267,recent,-0.12398945074246459,-1,-4.911379672142732,ORDEN D,True,-4.081632653061225,5.777504478459411
2024,WI,4,249938,74921,GWEN MOORE,D,53.874757971920125,True,52.46959330772252,1,1.4051646641976063,recent,-0.12398945074246459,1,1.529154114940071,MOORE G,True,53.535353535353536,4.761544936033252
2024,WI,5,165653,300521,SCOTT FITZGERALD,R,-28.930828403128444,True,-22.453536619855047,-1,-6.477291783273397,recent,-0.12398945074246459,-1,6.353302332530933,FITZGERALD S,True,-23.232323232323232,-1.2763646713385501
2024,WI,6,159042,251889,GLENN GROTHMAN,R,-22.594304153252004,True,-16.695392066092158,-1,-5.898912087159847,recent,-0.12398945074246459,-1,5.774922636417382,GROTHMAN G,True,-16.3265306122449,-1.8456330415404434
2024,WI,7,156524,273553,THOMAS P. TIFFANY,R,-27.211173813061382,True,-22.842779803336647,-1,-4.368394009724735,recent,-0.12398945074246459,-1,4.2444045589822705,TIFFANY T,True,-20.408163265306122,-2.380870048288598
2024,WI,8,178666,240040,TONY WIED,R,-14.658017797690981,True,-16.463834239873304,0,1.8058164421823228,recent,-0.12398945074246459,-1,-1.9298058929247874,WIED T,False,-16.3265306122449,6.09065331402058
2024,WV,1,90038,228491,CAROL D. MILLER,R,-43.46637197868954,True,-45.19875830196956,-1,1.732386323280025,recent,-0.12398945074246459,-1,-1.8563757740224895,MILLER C,True,-41.41414141414141,2.369909934918537
2024,WV,2,110775,268190,RILEY MOORE,R,-41.538136767247636,True,-40.38331350264637,0,-1.1548232646012693,recent,-0.12398945074246459,-1,1.0308338138588047,MOORE R,False,-37.37373737373738,0.25774110595640387
2024,WY,0,60778,184680,HARRIET M. HAGEMAN,R,-50.477882163139924,True,-46.95834604821483,-1,-3.5195361149250957,recent,-0.12398945074246459,-1,3.395546664182631,HAGEMAN H,True,-44.329896907216494,-1.7258447564567678
