year,state_po,district,dem,rep,winner,winner_side,cand_keys,house_margin,contested,pres_margin,winner_prev,winner_side_prev,incumbent_side,resid_raw
2018,AK,0,131199,149779,DON YOUNG,R,"['GALVIN A', 'YOUNG D', 'WRITEIN']",-6.612617357942614,True,-16.81415929203539,DON YOUNG,R,-1,10.201541934092777
2018,AL,1,89226,153228,BRADLEY BYRNE,R,"['BYRNE B', 'KENNEDY R', 'WRITEIN']",-26.397584696478507,True,-30.122950819672134,BRADLEY BYRNE,R,-1,3.725366123193627
2018,AL,2,86931,138879,MARTHA ROBY,R,"['ROBY M', 'ISNER T', 'WRITEIN']",-23.00518134715026,True,-32.58426966292135,MARTHA ROBY,R,-1,9.579088315771092
2018,AL,3,83996,147770,MIKE ROGERS,R,"['HAGAN M', 'ROGERS M', 'WRITEIN']",-27.516546861921075,True,-33.81147540983607,MIKE ROGERS,R,-1,6.294928547914996
2018,AL,4,46492,184255,ROBERT ADERHOLT,R,"['AUMAN L', 'ADERHOLT R', 'WRITEIN']",-59.70305139395095,True,-64.41717791411043,ROBERT B ADERHOLT,R,-1,4.714126520159475
2018,AL,5,101388,159063,MO BROOKS,R,"['BROOKS M', 'JOFFRION P', 'WRITEIN']",-22.144280498059135,True,-34.79166666666667,MO BROOKS,R,-1,12.647386168607536
2018,AL,6,85644,192542,GARY PALMER,R,"['KLINE D', 'PALMER G', 'WRITEIN']",-38.42680796301755,True,-46.13003095975232,GARY J PALMER,R,-1,7.703222996734766
2018,AR,1,57907,138757,RICK CRAWFORD,R,"['DESAI C', 'PRESLEY E', 'CRAWFORD R']",-41.110726925110846,True,-36.55462184873949,"ERIC A \""RICK\"" CRAWFORD",R,0,-4.5561050763713595
2018,AR,2,116135,132125,FRENCH HILL,R,"['TUCKER C', 'HILL F', 'SWAFFORD J']",-6.44082816402159,True,-11.370882040382568,J FRENCH HILL,R,0,4.9300538763609785
2018,AR,3,74952,148717,STEVE WOMACK,R,"['MAHONY J', 'KALAGIAS M', 'WOMACK S', 'WRITEIN']",-32.97953672614444,True,-33.98268398268398,STEVE WOMACK,R,-1,1.0031472565395418
2018,AR,4,63984,136740,BRUCE WESTERMAN,R,"['WESTERMAN B', 'SHAMEL H', 'CANADA T', 'WRITEIN']",-36.246786632390744,True,-34.45026178010472,BRUCE WESTERMAN,R,-1,-1.7965248522860264
2018,AZ,1,143240,122784,TOM O'HALLERAN,D,"['HALLERAN T', 'ROGERS W', 'WRITEIN']",7.689531771569483,True,-1.1664899257688244,TOM O'HALLERAN,D,1,8.856021697338306
2018,AZ,2,161000,133083,ANN KIRKPATRICK,D,"['KIRKPATRICK A', 'PETERSON L', 'WRITEIN']",9.49289826341543,True,5.196182396606573,MARTHA MCSALLY,R,0,4.296715866808857
2018,AZ,3,114650,64868,RAUL GRIJALVA,D,"['PIERSON N', 'GRIJALVA R']",27.730923918492852,True,31.506849315068493,RAUL M GRIJALVA,D,1,-3.7759253965756407
2018,AZ,4,84521,188842,PAUL GOSAR,R,"['BRILL D', 'KNAUER H', 'GOSAR P']",-38.16207753060948,True,-42.226890756302524,PAUL A GOSAR,R,-1,4.064813225693044
2018,AZ,5,127027,186037,ANDY BIGGS,R,"['BIGGS A', 'GREENE J']",-18.849180998134567,True,-22.422954303931988,ANDY BIGGS,R,-1,3.5737733057974204
2018,AZ,6,140559,173140,DAVID SCHWEIKERT,R,"['MALIK A', 'SCHWEIKERT D']",-10.386070723846744,True,-10.548523206751055,DAVID SCHWEIKERT,R,-1,0.16245248290431036
2018,AZ,8,135569,168835,DEBBIE LESKO,R,"['LESKO D', 'TIPIRNENI H', 'HUMMEL S']",-10.92824010196975,True,-22.187171398527866,TRENT FRANKS,R,0,11.258931296558115
2018,AZ,9,159583,101662,GREG STANTON,D,"['STANTON G', 'FERRARA S']",22.171142031426438,True,17.50805585392052,KYRSTEN SINEMA,D,0,4.663086177505917
2018,CA,1,131548,160046,DOUG LA MALFA,R,"['DENNEY A', 'MALFA D']",-9.77317777457698,True,-21.251348435814457,DOUG LAMALFA,R,0,11.478170661237476
2018,CA,2,243081,72576,JARED HUFFMAN,D,"['MENSING D', 'HUFFMAN J']",54.015909674108286,True,49.512459371614305,JARED HUFFMAN,D,1,4.503450302493981
2018,CA,3,134875,97376,JOHN GARAMENDI,D,"['SCHAUPP C', 'GARAMENDI J']",16.145893882050025,True,13.490364025695934,JOHN GARAMENDI,D,1,2.6555298563540912
2018,CA,4,156253,184401,TOM MCCLINTOCK,R,"['MORSE J', 'MCCLINTOCK T']",-8.26292954141152,True,-15.755627009646306,TOM MCCLINTOCK,R,-1,7.492697468234786
2018,CA,7,155016,126601,AMI BERA,D,"['BERA A', 'GRANT A']",10.089944854181388,True,12.23175965665236,AMI BERA,D,1,-2.1418148024709716
2018,CA,9,113414,87349,JERRY MCNERNEY,D,"['MCNERNEY J', 'LIVENGOOD M']",12.982969969566104,True,19.66173361522199,JERRY MCNERNEY,D,1,-6.678763645655886
2018,CA,10,115945,105955,JOSH HARDER,D,"['DENHAM J', 'HARDER J']",4.502027940513745,True,3.1914893617021276,JEFF DENHAM,R,-1,1.3105385788116175
2018,CA,11,204369,71312,MARK DESAULNIER,D,"['FITZGERALD J', 'DESAULNIER M']",48.26484233588822,True,51.80467091295117,MARK DESAULNIER,D,1,-3.5398285770629485
2018,CA,12,275292,41780,NANCY PELOSI,D,"['REMMER L', 'PELOSI N']",73.64636423272947,True,81.66491043203372,NANCY PELOSI,D,1,-8.018546199304254
2018,CA,14,211384,55439,JACKIE SPEIER,D,"['OSMENA C', 'SPEIER J']",58.44511155335185,True,61.72450052576235,JACKIE SPEIER,D,1,-3.2793889724105014
2018,CA,15,177989,65940,ERIC SWALWELL,D,"['SWALWELL E', 'PETERS R']",45.93508766895285,True,48.565356004250795,ERIC SWALWELL,D,1,-2.6302683352979415
2018,CA,16,82266,60693,JIM COSTA,D,"['HENG E', 'COSTA J']",15.090340587161354,True,22.881355932203387,JIM COSTA,D,1,-7.791015345042034
2018,CA,17,159105,52057,RO KHANNA,D,"['KHANNA R', 'COHEN R']",50.6947272710052,True,56.567796610169495,RO KHANNA,D,1,-5.873069339164296
2018,CA,18,225142,77096,ANNA G ESHOO,D,"['ESHOO A', 'RUSSELL C']",48.983251609658616,True,56.837606837606835,ANNA G ESHOO,D,1,-7.8543552279482185
2018,CA,19,162496,57823,ZOE LOFGREN,D,"['AGUILERA J', 'LOFGREN Z']",47.50974723015264,True,54.449152542372886,ZOE LOFGREN,D,1,-6.939405312220245
2018,CA,21,57239,56377,TJ COX,D,"['VALADAO D', 'COX T']",0.7586959583157302,True,16.332982086406744,DAVID G VALADAO,R,-1,-15.574286128091014
2018,CA,22,105136,117243,DEVIN G NUNES,R,"['JANZ A', 'NUNES D']",-5.4443090399723,True,-10.03167898627244,DEVIN NUNES,R,-1,4.587369946300139
2018,CA,23,74661,131113,KEVIN MCCARTHY,R,"['MCCARTHY K', 'MATTA T']",-27.433980969413046,True,-23.35456475583864,KEVIN MCCARTHY,R,-1,-4.0794162135744045
2018,CA,24,166550,117881,SALUD CARBAJAL,D,"['FAREED J', 'CARBAJAL S']",17.111004074801972,True,21.673819742489272,SALUD CARBAJAL,D,1,-4.5628156676873
2018,CA,25,133209,111813,KATIE HILL,D,"['HILL K', 'KNIGHT S']",8.732277101648016,True,7.135250266240677,STEPHEN KNIGHT,R,-1,1.5970268354073394
2018,CA,26,158216,97210,JULIA BROWNLEY,D,"['SABATO A', 'BROWNLEY J']",23.88402120379288,True,23.322683706070286,JULIA BROWNLEY,D,1,0.5613374977225938
2018,CA,28,196662,54272,ADAM B SCHIFF,D,"['SCHIFF A', 'NALBANDIAN J']",56.74400439956323,True,52.7542372881356,ADAM B SCHIFF,D,1,3.989767111427632
2018,CA,29,124697,29995,TONY CARDENAS,D,"['BERNAL B', 'CARDENAS T']",61.21971401236004,True,64.44444444444446,TONY CARDENAS,D,1,-3.2247304320844137
2018,CA,30,191573,69420,BRAD SHERMAN,D,"['SHERMAN B', 'REED M']",46.803170966271125,True,45.78059071729957,BRAD SHERMAN,D,1,1.0225802489715576
2018,CA,31,110143,77352,PETE AGUILAR,D,"['AGUILAR P', 'FLYNN S']",17.488999706658845,True,22.375397667020145,PETE AGUILAR,D,1,-4.8863979603613
2018,CA,32,121759,55272,GRACE FLORES NAPOLITANO,D,"['NAPOLITANO G', 'SCOTT J']",37.55669910919556,True,41.25132555673382,GRACE F NAPOLITANO,D,1,-3.694626447538255
2018,CA,33,219091,93769,TED W LIEU,D,"['WRIGHT K', 'LIEU T']",40.05689445758486,True,43.79639448568399,TED LIEU,D,1,-3.7395000280991297
2018,CA,35,103420,45604,NORMA J TORRES,D,"['VALIENTE C', 'TORRES N']",38.796435473480784,True,43.128964059196626,NORMA J TORRES,D,1,-4.332528585715842
2018,CA,36,122169,84839,RAUL RUIZ,D,"['PELZER K', 'RUIZ R']",18.033119492966456,True,9.205020920502097,RAUL RUIZ,D,1,8.82809857246436
2018,CA,37,210555,25823,KAREN BASS,D,"['BASS K', 'BASSILIAN R']",78.1510969717994,True,79.85309548793286,KAREN BASS,D,1,-1.7019985161334574
2018,CA,38,139188,62968,LINDA T SANCHEZ,D,"['SANCHEZ L', 'DOWNING R']",37.70355566987871,True,41.94915254237288,LINDA T SANCHEZ,D,1,-4.245596872494168
2018,CA,39,126002,118391,GIL CISNEROS,D,"['CISNEROS G', 'KIM Y']",3.114246316383857,True,9.110169491525424,EDWARD R ROYCE,R,0,-5.9959231751415665
2018,CA,41,108227,58021,MARK TAKANO,D,"['SMITH A', 'TAKANO M']",30.199461046147924,True,29.64930924548353,MARK TAKANO,D,1,0.5501518006643948
2018,CA,42,100892,131040,KEN CALVERT,R,"['PEACOCK J', 'CALVERT K']",-12.998637531690322,True,-12.658227848101266,KEN CALVERT,R,-1,-0.34040968358905666
2018,CA,43,152272,43780,MAXINE WATERS,D,"['WATERS M', 'NAVARRO O']",55.33837961357191,True,64.87907465825447,MAXINE WATERS,D,1,-9.540695044682558
2018,CA,45,158906,146383,KATIE PORTER,D,"['PORTER K', 'WALTERS M']",4.102014812194347,True,5.732484076433121,MIMI WALTERS,R,-1,-1.6304692642387737
2018,CA,46,102278,45638,LOU CORREA,D,"['CORREA L', 'LAMBERT R']",38.292003569593554,True,40.76433121019109,LOU CORREA,D,1,-2.472327640597534
2018,CA,47,143354,77682,ALAN LOWENTHAL,D,"['LOWENTHAL A', 'BRISCOE J']",29.710997303606653,True,33.76068376068376,ALAN S LOWENTHAL,D,1,-4.049686457077108
2018,CA,48,157837,136899,HARLEY ROUDA,D,"['ROHRABACHER D', 'ROUDA H']",7.103984582813093,True,1.806588735387881,DANA ROHRABACHER,R,-1,5.2973958474252125
2018,CA,49,166453,128577,MIKE LEVIN,D,"['HARKEY D', 'LEVIN M']",12.83801647290106,True,7.987220447284344,DARRELL E ISSA,R,0,4.850796025616716
2018,CA,50,125448,134362,DUNCAN HUNTER,R,"['NAJJAR A', 'HUNTER D']",-3.4309687848812596,True,-15.92356687898089,DUNCAN HUNTER,R,-1,12.49259809409963
2018,CA,51,109527,44301,JUAN VARGAS,D,"['HIDALGO J', 'VARGAS J']",42.4019034246041,True,51.7970401691332,JUAN VARGAS,D,1,-9.395136744529097
2018,CA,52,188992,107015,SCOTT PETERS,D,"['QUDRAT O', 'PETERS S']",27.694277500194254,True,24.012806830309497,SCOTT H PETERS,D,1,3.6814706698847566
2018,CA,53,185667,83127,SUSAN A DAVIS,D,"['MURTAUGH M', 'DAVIS S']",38.148172950289066,True,37.088204038257174,SUSAN A DAVIS,D,1,1.0599689120318914
2018,CO,1,272886,85207,DIANA DEGETTE,D,"['STOCKHAM C', 'DEGETTE D', 'DOANE R']",52.4106866093445,True,49.67462039045553,DIANA DEGETTE,D,1,2.736066218888972
2018,CO,2,259608,144901,JOE NEGUSE,D,"['NEGUSE J', 'THOMAS N', 'YU P', 'BARRIS R']",28.357094650551655,True,23.38090010976949,JARED POLIS,D,0,4.9761945407821635
2018,CO,3,146426,173205,SCOTT R TIPTON,R,"['BUSH D', 'KENT G', 'MALARSIE M', 'TIPTON S']",-8.378098494826848,True,-13.043478260869565,SCOTT R TIPTON,R,-1,4.665379766042717
2018,CO,4,145544,224038,KEN BUCK,R,"['MCCORMICK K', 'BUCK K']",-21.238588459394666,True,-25.190839694656493,KEN BUCK,R,-1,3.9522512352618264
2018,CO,5,126848,184002,DOUG LAMBORN,R,"['LAMBORN D', 'RANDALL D', 'SPAULDING S']",-18.386359980698085,True,-26.54867256637168,DOUG LAMBORN,R,-1,8.162312585673593
2018,CO,6,187639,148685,JASON CROW,D,"['CHAPIN D', 'CROW J', 'MARTIN K', 'COFFMAN M']",11.582283750193266,True,9.72677595628416,MIKE COFFMAN,R,-1,1.8555077939091067
2018,CO,7,204260,119734,ED PERLMUTTER,D,"['PERLMUTTER E', 'NACKERUD J', 'BARRINGTON M']",26.088754730025865,True,13.215859030837004,ED PERLMUTTER,D,1,12.872895699188861
2018,CT,1,175087,96024,JOHN B LARSON,D,"['NYE J', 'LARSON J', 'LARSON J', 'MCCORMICK T']",29.16259391909587,True,24.13793103448276,JOHN B LARSON,D,1,5.024662884613107
2018,CT,2,179731,102483,JOE COURTNEY,D,"['REALE D', 'POSTEMSKI D', 'COURTNEY J', 'COURTNEY J', 'BICKING M']",27.372136038609,True,3.0687830687830746,JOE COURTNEY,D,1,24.303352969825927
2018,CT,3,174572,95667,ROSA L DELAURO,D,"['CADENA A', 'DELAURO R', 'DELAURO R']",29.19822823500679,True,16.095534787123572,ROSA L DELAURO,D,1,13.102693447883219
2018,CT,4,168726,106921,JIM HIMES,D,"['ARORA H', 'ARORA H', 'HIMES J', 'WRITEIN']",22.421793090438133,True,23.908523908523907,JAMES A HIMES,D,1,-1.4867308180857748
2018,CT,5,151225,119426,JAHANA HAYES,D,"['HAYES J', 'HAYES J', 'SANTOS M', 'SANTOS M', 'WRITEIN']",11.749079072310836,True,4.284221525600838,ELIZABETH H ETSY,D,0,7.4648575467099985
2018,DE,0,227353,125384,LISA BLUNT ROCHESTER,D,"['ROCHESTER L', 'WALKER S']",28.907939909904545,True,12.067156348373558,LISA BLUNT ROCHESTER,D,1,16.840783561530987
2018,FL,1,106199,216189,MATT GAETZ,R,"['ZIMMERMAN J', 'GAETZ M']",-34.117274836532374,True,-41.06583072100313,MATT GAETZ,R,-1,6.948555884470757
2018,FL,2,96233,199335,NEAL DUNN,R,"['RACKLEFF B', 'DUNN N']",-34.88266659448925,True,-36.776859504132226,NEAL DUNN,R,-1,1.8941929096429746
2018,FL,3,129880,176616,TED YOHO,R,"['YOHO T', 'HINSON Y']",-15.248486114011277,True,-16.59751037344398,TED S YOHO,R,-1,1.3490242594327047
2018,FL,4,123351,248420,JOHN H RUTHERFORD,R,"['SELMONT G', 'BULGER J', 'BERRIOS J', 'RUTHERFORD J', 'WRITEIN']",-33.64140828628376,True,-29.106029106029105,JOHN RUTHERFORD,R,-1,-4.535379180254658
2018,FL,5,180527,89799,AL LAWSON,D,"['LAWSON A', 'FULLER V']",33.562439424990565,True,26.131687242798357,AL LAWSON,D,1,7.430752182192208
2018,FL,6,145758,187891,MICHAEL WALTZ,R,"['WALTZ M', 'SODERBERG N']",-12.627941339551445,True,-17.56198347107438,RON DESANTIS,R,0,4.934042131522936
2018,FL,7,183113,134285,STEPHANIE MURPHY,D,"['MILLER M', 'MURPHY S']",15.383839847762117,True,7.64397905759162,STEPHANIE MURPHY,D,1,7.739860790170496
2018,FL,8,142415,218112,BILL POSEY,R,"['POSEY B', 'PATEL S']",-20.996208328363757,True,-21.540062434963577,BILL POSEY,R,-1,0.5438541065998201
2018,FL,9,172172,124565,DARREN SOTO,D,"['SOTO D', 'LIEBNITZKY W']",16.04349979948574,True,13.340227507755946,DARREN SOTO,D,1,2.703272291729794
2018,FL,11,128053,239395,DANIEL WEBSTER,R,"['COTTRELL D', 'WEBSTER D', 'WRITEIN']",-30.301430406479284,True,-33.19630010277492,DANIEL WEBSTER,R,-1,2.894869696295636
2018,FL,12,132844,194564,GUS MICHAEL BILIRAKIS,R,"['PURKIS A', 'HUNTER C', 'BILIRAKIS G']",-18.851097102086694,True,-19.33471933471934,GUS M BILIRAKIS,R,-1,0.48362223263264426
2018,FL,13,182717,134254,CHARLIE CRIST,D,"['CRIST C', 'BUCK G']",15.289411334159908,True,3.333333333333336,CHARLIE CRIST,D,1,11.956078000826572
2018,FL,15,134132,151380,ROSS SPANO,R,"['CARLSON K', 'SPANO R', 'WRITEIN']",-6.041077082574462,True,-10.395010395010395,DENNIS A ROSS,R,0,4.353933312435933
2018,FL,16,164463,197483,VERN BUCHANAN,R,"['SHAPIRO D', 'BUCHANAN V']",-9.12290783708067,True,-11.065149948293694,VERN BUCHANAN,R,-1,1.9422421112130248
2018,FL,17,117194,193326,GREG STEUBE,R,"['ELLISON A', 'STEUBE G']",-24.517583408476103,True,-27.983539094650208,THOMAS J ROONEY,R,0,3.465955686174105
2018,FL,18,156454,185905,BRIAN MAST,R,"['MAST B', 'BAER L']",-8.602373531877356,True,-9.445585215605744,BRIAN MAST,R,-1,0.8432116837283878
2018,FL,19,128106,211465,FRANCIS ROONEY,R,"['HOLDEN D', 'ROONEY F', 'WRITEIN']",-24.5483271539678,True,-22.760041194644696,FRANCIS ROONEY,R,-1,-1.7882859593231046
2018,FL,22,184634,113049,TED DEUTCH,D,"['KIMAZ N', 'DEUTCH T']",24.04739269625743,True,16.155419222903884,THEODORE E DEUTCH,D,1,7.891973473353545
2018,FL,23,161611,99446,DEBBIE WASSERMAN SCHULTZ,D,"['SCHULTZ D', 'ENDRISS D', 'KAUFMAN J', 'CANOVA T']",23.812807164718816,True,26.71443193449335,DEBBIE WASSERMAN SCHULTZ,D,1,-2.9016247697745357
2018,FL,25,84173,128672,MARIO DIAZ-BALART,R,"['BALART M', 'FLORES M']",-20.90676313749442,True,-1.8442622950819716,MARIO DIAZ-BALART,R,-1,-19.062500842412447
2018,FL,26,119797,115678,DEBBIE MUCARSEL-POWELL,D,"['CURBELO C', 'POWELL D']",1.7492302792228474,True,16.75231243576567,CARLOS CURBELO,R,-1,-15.003082156542824
2018,FL,27,130743,115588,DONNA SHALALA,D,"['SHALALA D', 'SALAZAR M', 'JOLI M']",6.152291023054346,True,20.123203285420946,ILEANA ROS-LEHTINEN,R,0,-13.9709122623666
2018,GA,1,105942,144741,"EARL L \""BUDDY\"" CARTER",R,"['CARTER E', 'RING L']",-15.477315972762414,True,-15.93011305241521,"EARL L \""BUDDY\"" CARTER",R,-1,0.4527970796527967
2018,GA,2,136699,92472,SANFORD BISHOP,D,"['WEST H', 'BISHOP S']",19.298689624778003,True,11.902339776195323,SANFORD D BISHOP JR,D,1,7.39634984858268
2018,GA,3,101010,191996,DREW FERGUSON,R,"['ENDERLIN C', 'FERGUSON D']",-31.05260643126762,True,-32.44078269824923,DREW FERGUSON,R,-1,1.3881762669816098
2018,GA,4,227717,61092,"HENRY C \""HANK\"" JOHNSON JR",D,"['JOHNSON H', 'PROFIT J']",57.69383918091195,True,54.46153846153845,"HENRY C \""HANK\"" JOHNSON JR",D,1,3.232300719373498
2018,GA,6,160139,156875,LUCY MCBATH,D,"['HANDEL K', 'MCBATH L', 'WRITEIN']",1.0296075252197063,True,-1.577287066246057,TOM PRICE,R,0,2.606894591465763
2018,GA,7,140011,140430,ROB WOODALL,R,"['BOURDEAUX C', 'WOODALL R']",-0.14940754026693673,True,-6.569343065693435,ROB WOODALL,R,-1,6.419935525426498
2018,GA,9,57912,224661,DOUG COLLINS,R,"['COLLINS D', 'MCCALL J', 'WRITEIN']",-59.01094584408277,True,-60.247167868177144,DOUG COLLINS,R,-1,1.2362220240943742
2018,GA,10,112339,190396,JODY HICE,R,"['HICE J', 'GREEN T']",-25.783936446066694,True,-26.261585993820805,JODY B HICE,R,-1,0.47764954775411184
2018,GA,11,118653,191887,BARRY LOUDERMILK,R,"['LOUDERMILK B', 'BROADY F']",-23.58279126682553,True,-26.150627615062763,BARRY LOUDERMILK,R,-1,2.5678363482372326
2018,GA,12,101503,148986,RICK W ALLEN,R,"['JOHNSON F', 'ALLEN R', 'WRITEIN']",-18.956121825708912,True,-16.5983606557377,RICK W ALLEN,R,-1,-2.357761169971212
2018,GA,13,223157,69760,DAVID SCOTT,D,"['CALLAHAN D', 'SCOTT D', 'WRITEIN']",52.36875975105576,True,45.49180327868853,DAVID SCOTT,D,1,6.876956472367233
2018,GA,14,53981,175743,TOM GRAVES,R,"['FOSTER S', 'GRAVES T']",-53.00360432519023,True,-54.47991761071061,TOM GRAVES,R,-1,1.4763132855203764
2018,HI,1,134650,42498,ED CASE,D,"['GRIFFIN C', 'CAVASSO C', 'CASE E', 'TIPPENS M', 'BURD Z']",52.01978007090117,True,34.82905982905983,COLLEEN WAKAKO HANABUSA,D,0,17.19072024184134
2018,HI,2,153271,44850,TULSI GABBARD,D,"['EVANS B', 'GABBARD T']",54.72463797376351,True,34.94505494505494,TULSI GABBARD,D,1,19.779583028708565
2018,IA,1,170342,153442,ABBY FINKENAUER,D,"['FINKENAUER A', 'BLUM R', 'HAGEMAN T', 'WRITEIN']",5.219529068761891,True,-3.7273695420660276,ROD BLUM,R,-1,8.946898610827919
2018,IA,2,171446,133287,DAVE LOEBSACK,D,"['PETERS C', 'CLARK D', 'LOEBSACK D', 'STRAUSS M', 'WRITEIN']",12.522109518824676,True,-4.357066950053136,DAVID LOEBSACK,D,1,16.879176468877812
2018,IA,3,175642,167933,CINDY AXNE,D,"['HOLDER B', 'AXNE C', 'YOUNG D', 'GRANDANETTE J', 'ELWORTH M', 'KNUPP P', 'WRITEIN']",2.2437604598704795,True,-3.7433155080213902,DAVID YOUNG,R,-1,5.98707596789187
2018,IA,4,147246,157676,STEVE KING,R,"['ALDRICH C', 'PETERSON E', 'SCHOLTEN J', 'KING S', 'WRITEIN']",-3.420546893959767,True,-29.025423728813557,STEVE KING,R,-1,25.60487683485379
2018,ID,1,96922,197719,RUSS FULCHER,R,"['MCNEIL C', 'COUNSIL G', 'FLEMING N', 'FARMER P', 'LIFE P', 'FULCHER R', 'HOWARD W', 'WRITEIN']",-34.21010653642908,True,-42.98540965207633,RAUL R LABRADOR,R,0,8.775303115647247
2018,ID,2,110381,170274,MIKE SIMPSON,R,"['SWISHER A', 'SIMPSON M']",-21.34043576633233,True,-29.300118623962042,MICHAEL K SIMPSON,R,-1,7.959682857629712
2018,IL,1,189560,50960,BOBBY L RUSH,D,"['RUSH B', 'TILLMAN J', 'RUDBECK T', 'WRITEIN']",57.625145518044235,True,55.78512396694215,BOBBY L RUSH,D,1,1.8400215511020832
2018,IL,2,190684,44567,ROBIN KELLY,D,"['MERKLE D', 'KELLY R']",62.11110686033216,True,60.659114315139036,ROBIN L KELLY,D,1,1.4519925451931215
2018,IL,3,163053,57885,DANIEL WILLIAM LIPINSKI,D,"['JONES A', 'LIPINSKI D', 'WRITEIN']",47.600684354886894,True,16.088328075709786,DANIEL LIPINSKI,D,1,31.51235627917711
2018,IL,4,143895,22294,"JESUS \""CHUY\"" GARCIA",D,"['GARCIA J', 'LORCH M']",73.17030609727479,True,72.29800629590765,LUIS V GUTIERREZ,D,0,0.8722998013671344
2018,IL,5,213992,65134,MIKE QUIGLEY,D,"['QUIGLEY M', 'HANSON T', 'WRITEIN']",53.33003733081117,True,49.36440677966102,MIKE QUIGLEY,D,1,3.9656305511501557
2018,IL,6,169001,146445,SEAN CASTEN,D,"['ROSKAM P', 'CASTEN S', 'WRITEIN']",7.150510705477324,True,7.494646680942184,PETER J ROSKAM,R,-1,-0.34413597546485963
2018,IL,7,215746,30497,DANNY K DAVIS,D,"['CAMERON C', 'DAVIS D']",75.2301588268499,True,80.95238095238095,DANNY K DAVIS,D,1,-5.722222125531047
2018,IL,8,130054,67073,RAJA KRISHNAMOORTHI,D,"['DIGANVKER J', 'KRISHNAMOORTHI R']",31.949453905350357,True,22.96296296296297,RAJA KRISHNAMOORTHI,D,1,8.986490942387388
2018,IL,9,213368,76983,JANICE D SCHAKOWSKY,D,"['SCHAKOWSKY J', 'ELLESON J']",46.97245747388506,True,47.578947368421055,JANICE D SCHAKOWSKY,D,1,-0.6064898945359971
2018,IL,10,156540,82124,BRAD SCHNEIDER,D,"['SCHNEIDER B', 'BENNETT D']",31.180236650688833,True,31.07822410147992,BRAD SCHNEIDER,D,1,0.102012549208915
2018,IL,11,145407,82358,BILL FOSTER,D,"['FOSTER B', 'STELLA N']",27.681601650824316,True,24.920466595970307,BILL FOSTER,D,1,2.761135054854009
2018,IL,12,118724,134884,MIKE BOST,R,"['KELLY B', 'BOST M', 'AUXIER R']",-6.372038736948361,True,-15.546218487394954,MIKE BOST,R,-1,9.174179750446594
2018,IL,13,134458,136516,RODNEY DAVIS,R,"['LONDRIGAN B', 'DAVIS R', 'WRITEIN']",-0.7594824595717671,True,-5.857294994675186,RODNEY DAVIS,R,-1,5.097812535103419
2018,IL,14,156035,141164,LAUREN UNDERWOOD,D,"['UNDERWOOD L', 'HULTGREN R']",5.003718047503525,True,-4.171122994652412,RANDY HULTGREN,R,-1,9.174841042155936
2018,IL,15,74309,181294,JOHN M SHIMKUS,R,"['SHIMKUS J', 'GAITHER K', 'WRITEIN']",-41.85592500870491,True,-48.529411764705884,JOHN SHIMKUS,R,-1,6.673486756000976
2018,IL,16,104569,151254,ADAM KINZINGER,R,"['KINZINGER A', 'DADY S', 'WRITEIN']",-18.248945560016104,True,-18.336886993603414,ADAM KINZINGER,R,-1,0.08794143358731077
2018,IL,17,142659,87090,CHERI BUSTOS,D,"['BUSTOS C', 'FAWELL W']",24.186829975320894,True,-0.74388947927736,CHERI BUSTOS,D,1,24.930719454598254
2018,IL,18,95486,195927,DARIN LAHOOD,R,"['LAHOOD D', 'RODRIGUEZ J']",-34.46689063288186,True,-29.073482428115017,DARIN LAHOOD,R,-1,-5.393408204766839
2018,IN,1,159611,85594,PETER J VISCLOSKY,D,"['LEYVA M', 'VISCLOSKY P', 'WRITEIN']",30.185762933056015,True,13.179916317991635,PETER J VISCLOSKY,D,1,17.005846615064378
2018,IN,2,103363,125499,JACKIE WALORSKI,R,"['WALORSKI J', 'HALL M', 'WRITEIN']",-9.672204210397533,True,-24.318658280922424,JACKIE WALORSKI,R,-1,14.646454070524891
2018,IN,3,86610,158927,JIM BANKS,R,"['TRITCH C', 'BANKS J']",-29.452587593723145,True,-36.764705882352935,JIM BANKS,R,-1,7.31211828862979
2018,IN,4,87824,156539,JIM BAIRD,R,"['BAIRD J', 'BECK T']",-28.120050907870667,True,-36.08465608465608,TODD ROKITA,R,0,7.964605176785415
2018,IN,5,137142,180035,SUSAN W BROOKS,R,"['THORNTON D', 'BROOKS S']",-13.52336392613588,True,-12.500000000000004,SUSAN W BROOKS,R,-1,-1.0233639261358771
2018,IN,6,79430,154260,GREG PENCE,R,"['PENCE G', 'LAKE J', 'FERKINHOFF T', 'WRITEIN']",-32.02105353245753,True,-42.3764458464774,LUKE MESSER,R,0,10.355392314019873
2018,IN,7,141139,76457,ANDRE D CARSON,D,"['CARSON A', 'HARMON W']",29.725730252394346,True,23.949579831932766,ANDRE CARSON,D,1,5.77615042046158
2018,IN,8,86895,157396,LARRY D BUCSHON,R,"['BUCSHON L', 'TANOOS W']",-28.859434035637825,True,-35.287958115183244,LARRY BUCSHON,R,-1,6.428524079545419
2018,IN,9,118090,153271,TREY HOLLINGSWORTH,R,"['WATSON L', 'HOLLINGSWORTH T']",-12.964648567775031,True,-28.226652675760754,TREY HOLLINGSWORTH,R,-1,15.262004107985723
2018,KS,1,71558,153082,ROGER MARSHALL,R,"['LAPOLICE A', 'MARSHALL R']",-36.29095441595442,True,-48.07692307692308,ROGER MARSHALL,R,-1,11.785968660968663
2018,KS,2,123859,126098,STEVE WATKINS,R,"['STANDLEY K', 'DAVIS P', 'WATKINS S']",-0.8957540696999884,True,-19.742489270386265,LYNN JENKINS,R,0,18.846735200686275
2018,KS,3,170518,139762,SHARICE DAVIDS,D,"['CLEMMONS C', 'YODER K', 'DAVIDS S']",9.912337243779811,True,1.2875536480686725,KEVIN YODER,R,-1,8.62478359571114
2018,KS,4,98445,144248,RON ESTES,R,"['THOMPSON J', 'ESTES R']",-18.87281462588538,True,-29.18454935622318,MIKE POMPEO,R,0,10.3117347303378
2018,KY,1,78849,172167,JAMES R COMER,R,"['COMER J', 'WALKER P']",-37.176116263505115,True,-50.36344755970924,JAMES R COMER,R,-1,13.187331296204128
2018,KY,2,79964,171700,S BRETT GUTHRIE,R,"['LINDERMAN H', 'GUTHRIE S', 'LOECKEN T']",-36.45177697247123,True,-41.955835962145116,BRETT GUTHRIE,R,0,5.5040589896738865
2018,KY,3,173002,101930,JOHN A YARMUTH,D,"['BOLES G', 'YARMUTH J', 'GLISSON V']",25.850755823258115,True,15.822784810126583,JOHN A YARMUTH,D,1,10.027971013131532
2018,KY,4,90536,162946,THOMAS MASSIE,R,"['MOFFETT M', 'HALL S', 'MASSIE T', 'WRITEIN']",-28.566130928428844,True,-37.989417989417994,THOMAS MASSIE,R,-1,9.42328706098915
2018,KY,5,45890,172093,"HAROLD \""HAL\"" ROGERS",R,"['ROGERS H', 'STEPP K', 'WRITEIN']",-57.89579921370015,True,-63.954685890834185,HAROLD ROGERS,R,-1,6.0588866771340335
2018,KY,6,144736,154468,ANDY BARR,R,"['MCGRATH A', 'BARR A', 'HARRIS F', 'GERMALIC J', 'WALLIN R']",-3.252630312428978,True,-16.259298618490973,ANDY BARR,R,-1,13.006668306061995
2018,LA,1,71521,192555,STEVE SCALISE,R,"['FRANCIS J', 'JONES F', 'KEARNEY H', 'DUGAS L', 'SCALISE S', 'SAVOIE T']",-45.833017767612354,True,-44.0251572327044,STEVE SCALISE,R,-1,-1.8078605349079524
2018,LA,3,74713,168263,CLAY HIGGINS,R,"['GUILLORY J', 'ANDERSON R', 'ANDRUS A', 'HIGGINS C', 'RADER L', 'METHVIN M', 'THOMAS V']",-38.501745028315554,True,-39.48186528497409,CLAY HIGGINS,R,-1,0.9801202566585374
2018,LA,4,72934,139326,"\""MIKE\"" JOHNSON",R,"['JOHNSON M', 'HALVERSON M', 'TRUNDLE R']",-31.278620559690946,True,-24.691358024691358,"\""MIKE\"" JOHNSON",R,-1,-6.587262534999589
2018,LA,5,67118,149018,RALPH ABRAHAM,R,"['BURKETTE B', 'FLEENOR J', 'RANDOL K', 'ABRAHAM R']",-37.89280823185402,True,-30.122950819672134,RALPH LEE ABRAHAM,R,-1,-7.769857412181885
2018,LA,6,76716,186553,GARRET GRAVES,R,"['SAIZAN A', 'GRAHAM D', 'GRAVES G', 'DEWITT J']",-41.720445627855916,True,-35.281837160751564,GARRET GRAVES,R,-1,-6.438608467104352
2018,MA,2,191332,93391,JAMES P MCGOVERN,D,"['MCGOVERN J', 'LOVVORN T', 'WRITEIN']",34.398696276732124,True,20.860215053763447,JAMES P MCGOVERN,D,1,13.538481222968677
2018,MA,3,173175,93445,LORI LOUREIRO TRAHAN,D,"['TRAHAN L', 'MULLEN M', 'GREEN R', 'WRITEIN']",29.903983197059485,True,24.358974358974365,NIKI TSONGAS,D,0,5.545008838085121
2018,MA,5,236243,74856,KATHERINE M CLARK,D,"['HUGO J', 'CLARK K', 'WRITEIN']",51.87641233176577,True,45.89473684210525,KATHERINE M CLARK,D,1,5.9816754896605175
2018,MA,6,217703,104798,SETH W MOULTON,D,"['SCHNEIDER J', 'CHARBONNEAU M', 'MOULTON S', 'WRITEIN']",35.009193769941795,True,18.981972428419933,SETH MOULTON,D,1,16.027221341521862
2018,MA,9,192347,131463,BILL KEATING,D,"['KEATING B', 'TEDESCHI P', 'WRITEIN']",18.80238411414101,True,11.346765641569462,WILLIAM R KEATING,D,0,7.4556184725715475
2018,MD,1,116631,183662,ANDY HARRIS,R,"['HARRIS A', 'MARTIN J', 'COLVIN J', 'WRITEIN']",-22.32186564455382,True,-29.979035639412995,ANDY HARRIS,R,-1,7.657169994859174
2018,MD,2,167201,77782,CA DUTCH RUPPERSBERGER,D,"['RUPPERSBERGER C', 'MIMOUN G', 'MATORY L', 'CARNEY M', 'WRITEIN']",36.500083679275704,True,25.469728601252605,C A DUTCH RUPPERSBERGER,D,1,11.0303550780231
2018,MD,3,202407,82774,JOHN SARBANES,D,"['ANTHONY C', 'LASHAR D', 'SARBANES J', 'WRITEIN']",41.9498493938937,True,32.07150368033649,JOHN P SARBANES,D,1,9.87834571355721
2018,MD,4,209642,53327,ANTHONY G BROWN,D,"['BROWN A', 'BISHOP D', 'MCDERMOTT G', 'WRITEIN']",59.44236773155771,True,59.33952528379773,ANTHONY G BROWN,D,1,0.10284244775998275
2018,MD,5,213796,82361,STENY H HOYER,D,"['PULCHER J', 'ELDER P', 'HOYER S', 'DEVINE W', 'WRITEIN']",44.38017673058547,True,33.26403326403326,STENY H HOYER,D,1,11.11614346655221
2018,MD,6,163346,105209,DAVID TRONE,D,"['HOEBER A', 'TRONE D', 'GLUCK G', 'CALDWELL K', 'WRITEIN']",21.648079536780177,True,15.811518324607325,JOHN K DELANEY,D,0,5.836561212172851
2018,MD,7,202345,56266,ELIJAH CUMMINGS,D,"['GRIGGS D', 'CUMMINGS E', 'DAVIS R', 'WRITEIN']",56.48599634199628,True,57.91666666666666,ELIJAH E CUMMINGS,D,1,-1.4306703246703805
2018,MD,8,217679,96525,JAMIE RASKIN,D,"['RASKIN J', 'WUNDER J', 'WALSH J', 'WRITEIN']",38.55902534659011,True,35.98326359832636,JAMIE RASKIN,D,1,2.5757617482637514
2018,ME,1,201195,111188,CHELLIE PINGREE,D,"['PINGREE C', 'HOLBROOK M', 'GROHMAN M']",28.813027597532518,True,15.845824411134908,CHELLIE PINGREE,D,1,12.96720318639761
2018,ME,2,139231,136326,JARED F GOLDEN,D,"['POLIQUIN B', 'GOLDEN J']",1.0542283447707734,True,-11.135135135135133,BRUCE POLIQUIN,R,-1,12.189363479905907
2018,MI,1,145246,187251,JACK BERGMAN,R,"['BERGMAN J', 'MORGAN M']",-12.633196690496456,True,-22.539682539682534,JACK BERGMAN,R,-1,9.906485849186078
2018,MI,2,131254,168970,BILL HUIZENGA,R,"['HUIZENGA B', 'DAVIDSON R', 'GRAESER R']",-12.562619910466852,True,-18.723404255319146,BILL HUIZENGA,R,-1,6.160784344852294
2018,MI,3,134185,169107,JUSTIN AMASH,R,"['ALBRO C', 'AMASH J', 'GERRARD T', 'WRITEIN']",-11.51431623649816,True,-10.021321961620467,JUSTIN AMASH,R,-1,-1.4929942748776934
2018,MI,4,106540,178510,JOHN MOOLENAAR,R,"['HILLIARD J', 'MOOLENAAR J']",-25.248202069812315,True,-26.326963906581735,JOHN R MOOLENAAR,R,-1,1.07876183676942
2018,MI,5,164502,99265,DANIEL T KILDEE,D,"['KILDEE D', 'GOODWIN K', 'WINES T']",24.73281343003484,True,4.411764705882356,DANIEL T KILDEE,D,1,20.321048724152487
2018,MI,6,134082,147436,FRED UPTON,R,"['UPTON F', 'LONGJOHN M', 'YOUNG S']",-4.743568794890558,True,-8.9171974522293,FRED UPTON,R,-1,4.1736286573387416
2018,MI,7,136330,158730,TIM WALBERG,R,"['DRISKELL G', 'WALBERG T']",-7.591676269233377,True,-18.008474576271187,TIM WALBERG,R,-1,10.41679830703781
2018,MI,8,172880,159782,ELISSA SLOTKIN,D,"['ELLISON B', 'LILLIS D', 'SLOTKIN E', 'BISHOP M']",3.937329782181313,True,-7.089947089947092,MIKE BISHOP,R,-1,11.027276872128406
2018,MI,9,181734,112123,ANDY LEVIN,D,"['KIRBY A', 'LEVIN A', 'STEARNS C', 'MCDERMOTT J']",23.68873295514485,True,8.193277310924367,SANDER M LEVIN,D,0,15.495455644220483
2018,MI,10,106061,182808,PAUL MITCHELL,R,"['MIKKELSON H', 'PERUSKI J', 'BIZON K', 'MITCHELL P']",-26.568098342155096,True,-33.75262054507337,PAUL MITCHELL,R,-1,7.184522202918274
2018,MI,11,181912,158463,HALEY STEVENS,D,"['NYE C', 'STEVENS H', 'EPSTEIN L', 'SCHWARTZ L']",6.889166360631656,True,-4.6315789473684275,DAVID A TROTT,R,0,11.520745308000084
2018,MI,12,200588,85115,DEBBIE DINGELL,D,"['DINGELL D', 'WALKOWICZ G', 'JONES J', 'NIEMUTH N']",40.417146477285854,True,27.597061909758654,DEBBIE DINGELL,D,1,12.8200845675272
2018,MI,14,214334,45899,BRENDA LAWRENCE,D,"['LAWRENCE B', 'HERSCHFUS M', 'KOLODY P']",64.72468902867814,True,62.461538461538474,BRENDA L LAWRENCE,D,1,2.263150567139668
2018,MN,1,144885,146200,JIM HAGEDORN,R,"['FEEHAN D', 'HAGEDORN J', 'WRITEIN']",-0.45175807753748903,True,-16.24863685932388,TIMOTHY J WALZ,D,0,15.796878781786392
2018,MN,2,177958,159344,ANGIE CRAIG,D,"['CRAIG A', 'LEWIS J', 'WRITEIN']",5.518496777368649,True,-1.3071895424836633,JASON LEWIS,R,-1,6.825686319852313
2018,MN,3,202404,160839,DEAN PHILLIPS,D,"['PHILLIPS D', 'PAULSEN E', 'WRITEIN']",11.44275319827223,True,10.195227765726681,ERIK PAULSEN,R,-1,1.2475254325455492
2018,MN,4,216865,97747,BETTY MCCOLLUM,D,"['MCCOLLUM B', 'RYAN G', 'SINDT S', 'WRITEIN']",37.86187430867227,True,33.55048859934853,BETTY MCCOLLUM,D,1,4.311385709323737
2018,MN,5,267703,74440,ILHAN OMAR,D,"['OMAR I', 'ZIELINSKI J', 'WRITEIN']",56.486030694767976,True,59.86984815618221,KEITH ELLISON,D,0,-3.383817461414232
2018,MN,6,122332,192931,TOM EMMER,R,"['TODD I', 'EMMER T', 'WRITEIN']",-22.393684003514526,True,-27.904451682953308,TOM EMMER,R,-1,5.510767679438782
2018,MN,7,146672,134668,COLLIN C PETERSON,D,"['PETERSON C', 'HUGHES D', 'WRITEIN']",4.266723537356935,True,-33.18965517241379,COLLIN C PETERSON,D,1,37.45637870977072
2018,MN,8,141950,159364,PETE STAUBER,R,"['RADINOVICH J', 'STAUBER P', 'SANDMAN R', 'WRITEIN']",-5.77935310008828,True,-16.810344827586206,RICHARD M NOLAN,D,0,11.030991727497927
2018,MO,1,219781,45867,LACY CLAY,D,"['CLAY L', 'CUNNINGHAM R', 'VROMAN R']",65.46783713786665,True,60.75156576200418,WM LACY CLAY,D,0,4.716271375862476
2018,MO,2,177611,192477,ANN WAGNER,R,"['WAGNER A', 'VANOSTRAN C', 'ARNOLD D', 'KIRK L', 'WRITEIN']",-4.01688247119604,True,-10.853530031612227,ANN WAGNER,R,-1,6.8366475604161865
2018,MO,3,106589,211243,BLAINE LUETKEMEYER,R,"['LUETKEMEYER B', 'STOLLE D', 'GEPPERT K']",-32.92745853155126,True,-40.96638655462184,BLAINE LUETKEMEYER,R,-1,8.038928023070582
2018,MO,4,95968,190138,VICKY HARTZLER,R,"['BLISS M', 'HOAGENSON R', 'HARTZLER V']",-32.9143743927076,True,-38.05496828752643,VICKY HARTZLER,R,-1,5.140593894818828
2018,MO,5,175019,101069,EMANUEL CLEAVER II,D,"['HOWELL A', 'FREDLAND E', 'CLEAVER E', 'TURK J', 'COPELAND M', 'WRITEIN']",26.784938135666888,True,14.255543822597676,EMANUEL CLEAVER,D,1,12.529394313069211
2018,MO,6,97660,199796,SAM GRAVES,R,"['HOGAN D', 'MARTIN H', 'GRAVES S']",-34.33650691194664,True,-33.12236286919831,SAM GRAVES,R,-1,-1.2141440427483303
2018,MO,7,89190,196343,BILLY LONG,R,"['BRIXEY B', 'LONG B', 'SCHOOLCRAFT J', 'WRITEIN']",-37.52736111062469,True,-48.05467928496319,BILLY LONG,R,-1,10.527318174338504
2018,MO,8,66151,194042,JASON SMITH,R,"['SMITH J', 'SHELL J', 'ELLIS K']",-49.15235997893871,True,-56.43153526970955,JASON SMITH,R,-1,7.279175290770837
2018,MS,1,76601,158245,TRENT KELLY,R,"['WADKINS R', 'HILL T', 'KELLY T']",-34.76490977065822,True,-33.742331288343564,TRENT KELLY,R,-1,-1.0225784823146569
2018,MS,3,94461,160284,MICHAEL GUEST,R,"['HOLLAND M', 'GUEST M', 'EVANS M']",-25.838779956427015,True,-24.974515800203875,GREGG HARPER,R,0,-0.8642641562231397
2018,MS,4,68787,152633,STEVEN PALAZZO,R,"['ANDERSON J', 'SHEETS L', 'PALAZZO S']",-37.86740131876073,True,-42.213114754098356,STEVEN M PALAZZO,R,-1,4.345713435337629
2018,MT,0,233284,256661,GREG GIANFORTE,R,"['SWANSON E', 'GIANFORTE G', 'WILLIAMS K']",-4.771351886436233,True,-22.294372294372295,RYAN K ZINKE,R,0,17.523020407936063
2018,NC,1,190457,82218,G K BUTTERFIELD,D,"['BUTTERFIELD G', 'ALLISON R']",39.695241587971026,True,37.755102040816325,G K BUTTERFIELD,D,1,1.9401395471547005
2018,NC,2,151977,170072,GEORGE HOLDING,R,"['HOLDING G', 'MATEMU J', 'COLEMAN L']",-5.61871019627448,True,-9.917355371900827,GEORGE HOLDING,R,-1,4.298645175626347
2018,NC,4,247067,82052,DAVID PRICE,D,"['HOWE B', 'PRICE D', 'LOOR S']",50.138399788526335,True,41.49377593360995,DAVID E PRICE,D,1,8.644623854916382
2018,NC,5,120468,159917,VIRGINIA FOXX,R,"['ADAMS D', 'FOXX V']",-14.069582894948018,True,-18.106995884773667,VIRGINIA FOXX,R,-1,4.037412989825649
2018,NC,6,123651,160709,B MARK WALKER,R,"['WALKER B', 'WATTS R']",-13.032072021381348,True,-15.076923076923078,MARK WALKER,R,0,2.0448510555417307
2018,NC,7,120838,156809,DAVID ROUZER,R,"['ROUZER D', 'FALLIN D', 'HORTON K']",-12.955659524504137,True,-18.153846153846157,DAVID ROUZER,R,-1,5.19818662934202
2018,NC,8,114119,141402,RICHARD HUDSON,R,"['MCNEILL F', 'HUDSON R']",-10.677400291952521,True,-15.432098765432098,RICHARD HUDSON,R,-1,4.754698473479577
2018,NC,9,138341,139246,MARK HARRIS,R,"['MCCREADY D', 'SCOTT J', 'HARRIS M']",-0.32602391322360197,True,-11.934156378600827,ROBERT PITTENGER,R,0,11.608132465377224
2018,NC,10,113259,164969,PATRICK MCHENRY,R,"['BROWN D', 'MCHENRY P']",-18.585476659430395,True,-25.256673511293634,PATRICK T MCHENRY,R,-1,6.67119685186324
2018,NC,11,116508,178012,MARK MEADOWS,R,"['INGRAM C', 'MEADOWS M', 'PRICE P']",-20.882792340078772,True,-30.04115226337449,MARK MEADOWS,R,-1,9.158359923295716
2018,NC,12,203974,75164,ALMA ADAMS,D,"['ADAMS A', 'WRIGHT P']",46.145634059139205,True,41.32231404958678,ALMA S ADAMS,D,1,4.823320009552425
2018,NC,13,130402,147570,TED BUDD,R,"['MANNING K', 'CORRIHER R', 'BUDD T', 'BAILEY T']",-6.176161627789849,True,-9.650924024640656,TED BUDD,R,-1,3.4747623968508066
2018,ND,0,114377,193568,KELLY ARMSTRONG,R,"['TUTTLE C', 'ARMSTRONG K', 'SCHNEIDER M', 'WRITEIN']",-25.7159557713228,True,-39.65141612200435,KEVIN CRAMER,R,0,13.935460350681549
2018,NE,1,93069,141712,JEFF FORTENBERRY,R,"['FORTENBERRY J', 'MCCLURE J']",-20.718456774611234,True,-22.732123799359652,JEFF FORTENBERRY,R,-1,2.0136670247484183
2018,NE,2,121770,126715,DON BACON,R,"['BACON D', 'EASTMAN K']",-1.9900597621586815,True,-2.335456475583867,DON BACON,R,-1,0.34539671342518563
2018,NE,3,49654,163650,ADRIAN SMITH,R,"['SMITH A', 'THEOBALD P']",-53.44297340884371,True,-57.85036880927292,ADRIAN SMITH,R,-1,4.407395400429209
2018,NH,1,155884,130996,CHRIS PAPPAS,D,"['PAPPAS C', 'BELFORTI D', 'EDWARDS E', 'WRITEIN']",8.675404350250975,True,-1.6877637130801701,CAROL SHEA-PORTER,D,0,10.363168063331145
2018,NH,2,155358,117990,ANNE MCLANE KUSTER,D,"['KUSTER A', 'DONNELL J', 'NEGRON S', 'WRITEIN']",13.67048597392335,True,2.5316455696202516,ANN M KUSTER,D,1,11.1388404043031
2018,NJ,1,169628,87617,DONALD W NORCROSS,D,"['NORCROSS D', 'KABIR M', 'DILKS P', 'HAMLIN P', 'SHAPIRO R']",31.880503022410544,True,25.33609100310238,DONALD NORCROSS,D,1,6.544412019308165
2018,NJ,2,136685,116866,JEFF VAN DREW,D,"['SANCHEZ A', 'DREW J', 'ORDILLE J', 'GROSSMAN S', 'FENICHEL S', 'BENFER W']",7.8165733915464735,True,-4.761904761904764,FRANK A LOBIONDO,R,0,12.578478153451236
2018,NJ,3,153473,149500,ANDY KIM,D,"['KIM A', 'BERLINSKI L', 'MACARTHUR T']",1.3113379740108855,True,-6.418219461697718,THOMAS MACARTHUR,R,-1,7.729557435708603
2018,NJ,4,126766,163065,CHRISTOPHER H SMITH,R,"['YUSUFOV A', 'REYNOLDS B', 'SMITH C', 'STACKHOUSE E', 'STOLER F', 'WELLE J', 'RUFO M']",-12.524195134405913,True,-15.289256198347106,CHRISTOPHER H SMITH,R,-1,2.765061063941193
2018,NJ,5,169546,128255,JOSH GOTTHEIMER,D,"['TOSONE J', 'MCCANN J', 'GOTTHEIMER J', 'GOETZ W']",13.865299310613464,True,-1.1398963730569889,JOSHUA S GOTTHEIMER,D,1,15.005195683670452
2018,NJ,6,140752,80443,FRANK PALLONE JR,D,"['PALLONE F', 'PEZZULLO R']",27.265082845453108,True,16.115702479338843,FRANK PALLONE JR,D,1,11.149380366114265
2018,NJ,7,166985,150785,TOM MALINOWSKI,D,"['MOXLEY D', 'MELE G', 'LANCE L', 'MALINOWSKI T']",5.098026874783648,True,1.1446409989594188,LEONARD LANCE,R,-1,3.953385875824229
2018,NJ,8,119881,28725,ALBIO SIRES,D,"['SIRES A', 'DELANEY D', 'MUNIZ J', 'MAHMOUD M']",61.34072648479873,True,55.76131687242798,ALBIO SIRES,D,1,5.579409612370746
2018,NJ,9,140832,57854,BILL PASCRELL JR,D,"['PASCRELL B', 'BELUSIC C', 'FISHER E']",41.76338544235628,True,32.03285420944558,BILL PASCRELL JR,D,1,9.7305312329107
2018,NJ,10,175253,20191,DONALD M PAYNE JR,D,"['KHAN A', 'JOHNSON C', 'PAYNE D', 'MILLER J', 'DIROMA S']",79.33832709113608,True,73.87755102040818,DONALD M PAYNE JR,D,1,5.460776070727903
2018,NJ,11,183684,136322,MIKIE SHERRILL,D,"['WEBBER J', 'SHERRILL M', 'CROOK R', 'MARTINEZ R']",14.800347493484496,True,-0.9307135470527391,RODNEY P FRELINGHUYSEN,R,0,15.731061040537236
2018,NJ,12,173334,79041,BONNIE WATSON COLEMAN,D,"['COLEMAN B', 'KIPNIS D']",37.36225854383358,True,34.29752066115703,BONNIE WATSON COLEMAN,D,1,3.0647378826765532
2018,NM,1,147336,90507,DEBRA A HAALAND,D,"['HAALAND D', 'JONES J', 'PRINCETON L']",23.89349276623655,True,19.031141868512112,MICHELLE LUJAN GRISHAM,D,0,4.86235089772444
2018,NM,2,101489,97767,XOCHITL TORRES SMALL,D,"['SMALL X', 'HERRELL Y']",1.8679487694222507,True,-11.333333333333336,STEVAN PEARCE,R,0,13.201282102755586
2018,NM,3,155201,76427,BEN R LUJAN,D,"['LUJAN B', 'MANNING C', 'MCFALL J']",34.00884176351737,True,17.062146892655363,BEN RAY LUJAN,D,1,16.946694870862004
2018,NV,1,100707,46978,DINA TITUS,D,"['GARFIELD D', 'TITUS D', 'BENTLEY J', 'STRAWDER R']",36.3808105088533,True,30.78556263269639,DINA TITUS,D,1,5.595247876156911
2018,NV,2,120102,167435,MARK E AMODEI,R,"['KOBLE C', 'AMODEI M']",-16.461533646104677,True,-13.413304252998907,MARK E AMODEI,R,-1,-3.0482293931057693
2018,NV,3,148501,122566,SUSIE LEE,D,"['TARKANIAN D', 'GOOSEEN D', 'EISNER G', 'VICKERS H', 'BROWN S', 'LEE S', 'GUMINA T']",9.567745243795814,True,-1.0638297872340425,JACKY ROSEN,D,0,10.631575031029858
2018,NV,4,121962,102748,STEVEN A HORSFORD,D,"['HARDY C', 'MCGONIGLE D', 'LUCKNER G', 'SMITH R', 'HORSFORD S', 'MARKOWITZ W']",8.550576298340083,True,5.20722635494155,RUBEN KIHUEN,D,0,3.3433499433985325
2018,NY,1,127991,139027,LEE M ZELDIN,R,"['BROWNING K', 'ZELDIN L', 'ZELDIN L', 'ZELDIN L', 'ZELDIN L', 'GERSHON P', 'GERSHON P', 'WRITEIN']",-4.13305470043218,True,-12.719751809720783,LEE M ZELDIN,R,-1,8.586697109288604
2018,NY,2,113074,128078,PETER T KING,R,"['SHIRLEY L', 'SHIRLEY L', 'SHIRLEY L', 'KING P', 'KING P', 'KING P', 'KING P', 'KING P', 'WRITEIN']",-6.221802016985138,True,-9.391124871001033,PETER T KING,R,-1,3.1693228540158946
2018,NY,3,157456,109514,THOMAS R SUOZZI,D,"['DEBONO D', 'DEBONO D', 'SUOZZI T', 'SUOZZI T', 'SUOZZI T', 'SUOZZI T', 'SUOZZI T', 'WRITEIN']",17.957822976364387,True,6.2821833161689,THOMAS R SUOZZI,D,1,11.675639660195486
2018,NY,4,159535,100571,KATHLEEN M RICE,D,"['BENNO A', 'BENNO A', 'BENNO A', 'RICE K', 'RICE K', 'WRITEIN']",22.66921947206139,True,9.876543209876546,KATHLEEN M RICE,D,1,12.792676262184843
2018,NY,9,181455,20901,YVETTE D CLARKE,D,"['AZUMAH J', 'GAYOT L', 'GAYOT L', 'WRITEIN', 'CLARKE Y', 'CLARKE Y']",79.34234715056633,True,70.58222676200202,YVETTE D CLARKE,D,1,8.760120388564303
2018,NY,10,173095,37619,JERROLD L NADLER,D,"['NADLER J', 'NADLER J', 'LEVIN N', 'LEVIN N', 'LEVIN N', 'WRITEIN']",64.29378209326386,True,61.27703398558188,JERROLD NADLER,D,1,3.016748107681977
2018,NY,11,101823,89441,MAX N ROSE,D,"['DONOVAN D', 'DONOVAN D', 'DONOVAN D', 'DONOVAN D', 'BARDEL H', 'ROSE M', 'ROSE M', 'ROSE M', 'WRITEIN']",6.473774468797055,True,-10.061601642710476,DANIEL M DONOVAN JR,R,-1,16.53537611150753
2018,NY,12,217430,30446,CAROLYN B MALONEY,D,"['MALONEY C', 'MALONEY C', 'MALONEY C', 'RABIN E', 'HUTCHINS S', 'WRITEIN']",75.43449143926802,True,72.10743801652893,CAROLYN B MALONEY,D,1,3.327053422739084
2018,NY,13,180035,10268,ADRIANO ESPAILLAT,D,"['ESPAILLAT A', 'ESPAILLAT A', 'BUTLER J', 'BUTLER J', 'WRITEIN']",89.20878809057135,True,88.94575230296827,ADRIANO ESPAILLAT,D,1,0.2630357876030729
2018,NY,14,110318,19202,ALEXANDRIA OCASIO-CORTEZ,D,"['CORTEZ A', 'PAPPAS A', 'PERRI E', 'CROWLEY J', 'CROWLEY J', 'WRITEIN']",70.348980852378,True,59.384615384615394,JOSEPH CROWLEY,D,1,10.964365467762612
2018,NY,15,124469,5205,JOSE E SERRANO,D,"['GONZALEZ J', 'GONZALEZ J', 'SERRANO J', 'SERRANO J', 'WRITEIN']",91.97217638077024,True,90.0709219858156,JOSE E SERRANO,D,1,1.901254394954634
2018,NY,18,139564,112035,SEAN PATRICK MALONEY,D,"['DONNELL J', 'DONNELL J', 'DONNELL J', 'MALONEY S', 'MALONEY S', 'MALONEY S', 'MALONEY S', 'WRITEIN']",10.941617415013573,True,-1.9771071800208102,SEAN PATRICK MALONEY,D,1,12.918724595034384
2018,NY,19,147873,132873,ANTONIO DELGADO,D,"['DELGADO A', 'DELGADO A', 'DELGADO A', 'NEAL D', 'FASO J', 'FASO J', 'FASO J', 'FASO J', 'GREENFIELD S', 'WRITEIN']",5.342907824154218,True,-7.172995780590715,JOHN J FASO,R,-1,12.515903604744933
2018,NY,20,176811,89058,PAUL D TONKO,D,"['VITOLLO J', 'TONKO P', 'TONKO P', 'TONKO P', 'TONKO P', 'WRITEIN']",33.00610451011588,True,14.285714285714286,PAUL TONKO,D,1,18.720390224401598
2018,NY,21,99791,131981,ELISE M STEFANIK,R,"['STEFANIK E', 'STEFANIK E', 'STEFANIK E', 'STEFANIK E', 'KAHN L', 'COBB T', 'COBB T', 'COBB T', 'WRITEIN']",-13.888649189720933,True,-14.80298189563365,ELISE M STEFANIK,R,-1,0.9143327059127166
2018,NY,22,127715,123242,ANTHONY J BRINDISI,D,"['BRINDISI A', 'BRINDISI A', 'BRINDISI A', 'BRINDISI A', 'TENNEY C', 'TENNEY C', 'TENNEY C', 'WRITEIN']",1.7823770606119773,True,-16.471838469713074,CLAUDIA TENNEY,R,-1,18.25421553032505
2018,NY,23,109932,130323,THOMAS W REED II,R,"['REED T', 'REED T', 'REED T', 'MITRANO T', 'MITRANO T', 'MITRANO T', 'WRITEIN']",-8.487232315664606,True,-15.71125265392781,TOM REED,R,-1,7.2240203382632036
2018,NY,24,123226,136920,JOHN M KATKO,R,"['BALTER D', 'BALTER D', 'BALTER D', 'KATKO J', 'KATKO J', 'KATKO J', 'KATKO J', 'WRITEIN']",-5.2639671569042,True,3.821656050955416,JOHN KATKO,R,-1,-9.085623207859616
2018,NY,25,159244,110736,JOSEPH D MORELLE,D,"['MAXWELL J', 'MAXWELL J', 'MAXWELL J', 'MORELLE J', 'MORELLE J', 'MORELLE J', 'MORELLE J', 'WRITEIN']",17.967256833839542,True,17.33615221987315,LOUISE MCINTOSH SLAUGHTER,D,0,0.631104613966393
2018,NY,26,169166,61488,BRIAN HIGGINS,D,"['HIGGINS B', 'HIGGINS B', 'HIGGINS B', 'ZENO R', 'WRITEIN']",46.68377743286481,True,20.50209205020921,BRIAN HIGGINS,D,1,26.181685382655598
2018,NY,27,139059,140146,CHRIS COLLINS,R,"['COLLINS C', 'COLLINS C', 'COLLINS C', 'PIEGZA L', 'MCMURRAY N', 'MCMURRAY N', 'MCMURRAY N', 'WRITEIN']",-0.3893196755072438,True,-25.816649104320337,CHRIS COLLINS,R,-1,25.427329428813092
2018,OH,1,141118,154409,STEVE CHABOT,R,"['PUREVAL A', 'KUBALA D', 'CHABOT S', 'WRITEIN']",-4.497389409427903,True,-6.8893528183716075,STEVE CHABOT,R,-1,2.3919634089437043
2018,OH,2,119333,166714,BRAD WENSTRUP,R,"['WENSTRUP B', 'CONDIT J', 'SCHILLER J', 'WRITEIN']",-16.564061150789904,True,-16.858638743455494,BRAD R WENSTRUP,R,-1,0.2945775926655898
2018,OH,3,181575,65040,JOYCE BEATTY,D,"['BURGESS J', 'BEATTY J', 'WRITEIN']",47.25381667781765,True,40.16736401673641,JOYCE BEATTY,D,1,7.086452661081246
2018,OH,4,89412,167993,JIM JORDAN,R,"['GARRETT J', 'JORDAN J']",-30.528156018725355,True,-35.368421052631575,JIM JORDAN,R,-1,4.8402650339062205
2018,OH,5,99655,176569,BOB LATTA,R,"['LATTA B', 'KISSICK D', 'GALBRAITH J']",-27.844792632066728,True,-26.61717921527041,ROBERT E LATTA,R,0,-1.2276134167963164
2018,OH,6,76716,172774,BILL JOHNSON,R,"['JOHNSON B', 'ROBERTS S']",-38.501743556855985,True,-44.37499999999999,BILL JOHNSON,R,-1,5.873256443144008
2018,OH,7,107536,153117,BOB GIBBS,R,"['GIBBS B', 'HARBAUGH K']",-17.487233985413557,True,-31.164742917103887,BOB GIBBS,R,-1,13.67750893169033
2018,OH,8,87281,173852,WARREN DAVIDSON,R,"['ENOCH V', 'DAVIDSON W']",-33.1520719326933,True,-36.050156739811904,WARREN DAVIDSON,R,-1,2.8980848071186003
2018,OH,9,157219,74670,MARCY KAPTUR,D,"['KAPTUR M', 'KRAUS S', 'WRITEIN']",35.59849755702081,True,23.31932773109244,MARCY KAPTUR,D,1,12.279169825928374
2018,OH,10,118785,157554,MIKE TURNER,R,"['HARLOW D', 'TURNER M', 'GASPER T']",-14.029507235677917,True,-7.660020986358864,MICHAEL R TURNER,R,-1,-6.369486249319053
2018,OH,11,206138,44486,MARCIA L FUDGE,D,"['GOLDSTEIN B', 'FUDGE M', 'WRITEIN']",64.49980847803882,True,65.12820512820512,MARCIA L FUDGE,D,1,-0.6283966501663087
2018,OH,12,161251,175677,TROY BALDERSON,R,"['CONNOR D', 'MANCHIK J', 'BALDERSON T', 'WRITEIN']",-4.281626935131541,True,-11.882229232386967,PATRICK J TIBERI,R,0,7.600602297255426
2018,OH,13,153323,98047,TIM RYAN,D,"['DEPIZZO C', 'RYAN T']",21.98989537335402,True,6.792058516196447,TIM RYAN,D,1,15.197836857157572
2018,OH,14,137549,169809,DAVID P JOYCE,R,"['RADER B', 'JOYCE D']",-10.495903799478134,True,-12.016718913270637,DAVID P JOYCE,R,-1,1.5208151137925032
2018,OH,15,116112,170593,STEVE STIVERS,R,"['MILLER J', 'NEAL R', 'STIVERS S']",-19.002458973509356,True,-16.176470588235293,STEVE STIVERS,R,-1,-2.825988385274062
2018,OH,16,129681,170029,ANTHONY GONZALEZ,R,"['GONZALEZ A', 'PALMER S']",-13.462346935370858,True,-17.364016736401677,JAMES B RENACCI,R,0,3.9016698010308186
2018,OK,1,103042,150129,KEVIN HERN,R,"['HERN K', 'GILPIN T']",-18.5988916582073,True,-30.49946865037194,JIM BRIDENSTINE,R,0,11.900576992164641
2018,OK,2,65021,140451,MARKWAYNE MULLIN,R,"['NICHOLS J', 'FOREMAN J', 'MULLIN M', 'CASTALDO R']",-36.71059803768883,True,-52.351097178683396,MARKWAYNE MULLIN,R,-1,15.640499140994564
2018,OK,3,61152,172913,FRANK D LUCAS,R,"['LUCAS F', 'ROBBINS F']",-47.747847820049984,True,-55.767195767195766,FRANK D LUCAS,R,-1,8.019347947145782
2018,OK,4,78088,149227,TOM COLE,R,"['BRANNON M', 'PETERS R', 'COLE T']",-31.29533906693355,True,-39.787234042553195,TOM COLE,R,-1,8.491894975619644
2018,OK,5,121149,117811,KENDRA HORN,D,"['HORN K', 'RUSSELL S']",1.3968865082022095,True,-14.40860215053764,STEVE RUSSELL,R,-1,15.805488658739849
2018,OR,1,231198,116446,SUZANNE BONAMICI,D,"['LAYDA D', 'VERBEEK J', 'BONAMICI S', 'WRITEIN']",33.0084799392482,True,24.83660130718954,SUZANNE BONAMICI,D,1,8.171878632058657
2018,OR,2,145298,207597,GREG WALDEN,R,"['WALDEN G', 'SKINNER J', 'ROBERTS M', 'WRITEIN']",-17.653693024837416,True,-21.63616792249731,GREG WALDEN,R,-1,3.9824748976598947
2018,OR,3,279019,76187,EARL BLUMENAUER,D,"['BLUMENAUER E', 'DYE G', 'KOLLER M', 'MARSH M', 'HARRISON T', 'WRITEIN']",57.102639031998336,True,51.71673819742489,EARL BLUMENAUER,D,1,5.385900834573448
2018,OR,4,208710,152414,PETER DEFAZIO,D,"['ROBINSON A', 'BEILSTEIN M', 'DEFAZIO P', 'JACOBSON R', 'WRITEIN']",15.589105127324686,True,0.10857763300760198,PETER A DEFAZIO,D,1,15.480527494317084
2018,OR,5,197187,149887,KURT SCHRADER,D,"['SOUZA D', 'SCHRADER K', 'CALLAHAN M', 'SANDNES M', 'WRITEIN']",13.628217613534865,True,4.5454545454545405,KURT SCHRADER,D,1,9.082763068080325
2018,PA,1,160745,169053,BRIAN K FITZPATRICK,R,"['FITZPATRICK B', 'WALLACE H']",-2.5191177629943176,True,62.74309109518936,ROBERT A BRADY,D,0,-65.26220885818367
2018,PA,2,159600,42382,BRENDAN F BOYLE,D,"['BOYLE B', 'TORRES D']",58.03388420750364,True,84.48979591836736,DWIGHT EVANS,D,0,-26.455911710863724
2018,PA,3,287610,20387,DWIGHT EVANS,D,"['LEIB B', 'EVANS D']",86.76155936583798,True,-27.159209157127993,MIKE KELLY,R,0,113.92076852296597
2018,PA,4,211524,121467,MADELEINE DEAN CUNNANE,D,"['DAVID D', 'CUNNANE M']",27.044875086714054,True,-22.466039707419018,SCOTT PERRY,R,0,49.51091479413307
2018,PA,5,198639,106075,MARY GAY SCANLON,D,"['SCANLON M', 'KIM P']",30.377337437728492,True,-30.062630480167012,GLENN THOMPSON,R,0,60.4399679178955
2018,PA,6,177704,124124,CHRISTINA JAMPOLER HOULAHAN,D,"['HOULAHAN C', 'MCCAULEY G']",17.751832169314973,True,0.6263048016701476,RYAN A COSTELLO,R,0,17.125527367644825
2018,PA,7,140813,114437,SUSAN ELLIS WILD,D,"['NOTHSTEIN M', 'WILD S', 'SILFIES T']",10.3333986287953,True,2.3883696780893016,PATRICK MEEHAN,R,0,7.945028950705998
2018,PA,8,135603,112563,MATTHEW ALTON CARTWRIGHT,D,"['CHRIN J', 'CARTWRIGHT M']",9.284108217886414,True,-0.20790020790021085,BRIAN FITZPATRICK,R,0,9.492008425786626
2018,PA,9,100204,148723,DANIEL MEUSER,R,"['MEUSER D', 'WOLFF D']",-19.491256472781178,True,-43.859649122807014,BILL SHUSTER,R,0,24.368392650025836
2018,PA,10,141668,149365,SCOTT G PERRY,R,"['SCOTT G', 'PERRY S']",-2.644717265739624,True,-37.42203742203742,TOM MARINO,R,0,34.7773201562978
2018,PA,11,113876,163708,LLOYD K SMUCKER,R,"['KING J', 'SMUCKER L']",-17.952043345437776,True,-24.740124740124735,LOU BARLETTA,R,0,6.788081394686959
2018,PA,12,82825,161047,THOMAS A MARINO,R,"['FRIEDENBERG M', 'MARINO T']",-32.075022962865766,True,-21.532091097308495,KEITH J ROTHFUS,R,0,-10.542931865557271
2018,PA,13,74733,178533,JOHN JOYCE,R,"['OTTAWAY B', 'JOYCE J']",-40.98457747980384,True,34.63917525773196,BRENDAN F BOYLE,D,0,-75.6237527375358
2018,PA,14,110051,151386,GUY L RESCHENTHALER,R,"['BOERIO B', 'RESCHENTHALER G']",-15.810692442156236,True,36.78756476683938,MICHAEL F DOYLE,D,0,-52.59825720899562
2018,PA,15,78327,165245,GLENN WILLIAM THOMPSON JR,R,"['THOMPSON G', 'BOSER S']",-35.684725666332746,True,-7.916666666666661,CHARLES W DENT,R,0,-27.768058999666085
2018,PA,16,124109,135348,GEORGE J KELLY JR,R,"['BEEMAN E', 'KELLY G', 'DINICOLA R']",-4.331738977942395,True,-7.142857142857141,LLOYD K SMUCKER,R,0,2.8111181649147454
2018,PA,17,183162,142417,CONOR JAMES LAMB,D,"['LAMB C', 'ROTHFUS K']",12.514627786190141,True,-10.444674250258535,MATT CARTWRIGHT,D,0,22.959302036448676
2018,RI,1,116099,57567,DAVID N CICILLINE,D,"['CICILLINE D', 'DONOVAN P', 'WRITEIN']",33.703776214112146,True,26.834381551362682,DAVID N CICILLINE,D,1,6.869394662749464
2018,RI,2,126476,72271,JAMES R LANGEVIN,D,"['LANGEVIN J', 'CAIOZZO S', 'WRITEIN']",27.273367648316704,True,7.465825446898004,JAMES R LANGEVIN,D,1,19.8075422014187
2018,SC,1,145455,141473,JOE CUNNINGHAM,D,"['CUNNINGHAM J', 'ARRINGTON K', 'WRITEIN']",1.3878046060335694,True,-13.95101171458999,MARK SANFORD,R,0,15.33881632062356
2018,SC,2,109199,144642,JOE WILSON,R,"['WILSON J', 'CARRIGAN S', 'NARANG S', 'WRITEIN']",-13.96267742405679,True,-18.65121180189673,JOE WILSON,R,-1,4.688534377839938
2018,SC,3,70046,153338,JEFF DUNCAN,R,"['MOORE D', 'DUNCAN J', 'GEREN M', 'WRITEIN']",-37.2864663539018,True,-39.583333333333336,JEFF DUNCAN,R,-1,2.2968669794315346
2018,SC,4,89182,145321,WILLIAM TIMMONS,R,"['BROWN B', 'FURAY G', 'TIMMONS W', 'WRITEIN']",-23.939565805128293,True,-27.138331573389657,TREY GOWDY,R,0,3.1987657682613637
2018,SC,5,103129,141757,RALPH W NORMAN,R,"['PARNELL A', 'CHANDLER M', 'NORMAN R', 'WRITEIN']",-15.773870290665862,True,-19.250780437044746,MICK MULVANEY,R,0,3.4769101463788843
2018,SC,6,144765,58282,JAMES E JIM CLYBURN,D,"['PUGH B', 'GRESSMANN G', 'CLYBURN J', 'WRITEIN']",42.59260171290391,True,37.59011328527291,JAMES E CLYBURN,D,1,5.002488427630993
2018,SC,7,96564,142681,TOM RICE,R,"['WILLIAMS R', 'RICE T', 'WRITEIN']",-19.276055925933665,True,-19.464469618949536,TOM RICE,R,-1,0.18841369301587108
2018,SD,0,120816,202446,"DUSTIN \""DUSTY\"" JOHNSON",R,"['JOHNSON D', 'HENDRICKSON G', 'WIECZOREK R', 'BJORKMAN T']",-25.251962804165043,True,-31.974248927038627,KRISTI L NOEM,R,0,6.722286122873584
2018,TN,1,47138,172835,PHIL ROE,R,"['OLSEN M', 'SALYER M', 'ROE P']",-57.142012883399325,True,-59.12863070539419,DAVID P ROE,R,0,1.9866178219948623
2018,TN,2,86668,172856,TIM BURCHETT,R,"['SAMPLES G', 'GRUNAU J', 'LATORRE K', 'WHITMIRE M', 'HOYOS R', 'BURCHETT T']",-33.21003067153712,True,-37.341772151898724,JOHN J DUNCAN JR,R,0,4.131741480361605
2018,TN,3,84731,156512,CHUCK FLEISCHMANN,R,"['FLEISCHMANN C', 'MITCHELL D', 'TYLER R']",-29.754645730653326,True,-36.82008368200837,"CHARLES J \""CHUCK\"" FLEISCHMANN",R,-1,7.06543795135504
2018,TN,4,78065,147323,SCOTT DESJARLAIS,R,"['PHILLIPS M', 'SHUPE M', 'DESJARLAIS S', 'WRITEIN']",-30.728344011216215,True,-42.916666666666664,SCOTT DESJARLAIS,R,-1,12.188322655450449
2018,TN,5,177923,84317,JIM COOPER,D,"['COOPER J', 'BALL J', 'WRITEIN']",35.69478340451495,True,19.409282700421937,JIM COOPER,D,1,16.285500704093014
2018,TN,6,70370,172810,JOHN ROSE,R,"['ROSS D', 'BARLOW D', 'ROSE J', 'DUNN L']",-42.12517476766181,True,-50.77881619937694,DIANE BLACK,R,0,8.65364143171513
2018,TN,7,81661,170071,MARK E GREEN,R,"['LEGENDRE B', 'KANEW J', 'LADNER L', 'GREEN M']",-35.12068390192745,True,-41.06583072100313,MARSHA BLACKBURN,R,0,5.945146819075681
2018,TN,8,74755,168030,DAVID KUSTOFF,R,"['KUSTOFF D', 'PEARSON E', 'HART J']",-38.41876557447948,True,-36.70103092783505,DAVID KUSTOFF,R,-1,-1.7177346466444305
2018,TN,9,145139,34901,STEVE COHEN,D,"['BERGMANN C', 'AWGOWHAT L', 'COHEN S']",61.22972672739391,True,59.30113052415211,STEVE COHEN,D,1,1.9285962032418027
2018,TX,1,61263,168165,LOUIE GOHMERT,R,"['CALLAWAY J', 'GOHMERT L', 'MCKELLAR S']",-46.59501019927821,True,-48.10256410256411,LOUIE GOHMERT,R,-1,1.5075539032859027
2018,TX,2,119992,139188,DAN CRENSHAW,R,"['CRENSHAW D', 'GUNNELS P', 'CUBBLER S', 'LITTON T']",-7.4064356817655685,True,-9.738219895287957,TED POE,R,0,2.331784213522388
2018,TX,3,138234,169520,VAN TAYLOR,R,"['CLAYTOR C', 'BURCH L', 'TAYLOR V', 'WRITEIN']",-10.165911734697193,True,-14.884696016771484,SAM JOHNSON,R,0,4.7187842820742905
2018,TX,4,57400,188667,JOHN RATCLIFFE,R,"['KRANTZ C', 'RATCLIFFE J', 'ASHBY K']",-53.34603989970211,True,-55.144032921810705,JOHN RATCLIFFE,R,-1,1.7979930221085922
2018,TX,5,78666,130617,LANCE GOODEN,R,"['WOOD D', 'GOODEN L', 'WRITEIN']",-24.82332535370766,True,-29.278350515463924,JEB HENSARLING,R,0,4.455025161756264
2018,TX,6,116350,135961,RON WRIGHT,R,"['SANCHEZ J', 'HARBER J', 'WRIGHT R']",-7.772550542782518,True,-12.799167533818943,JOE BARTON,R,0,5.026616991036425
2018,TX,7,127959,115642,LIZZIE PANNILL FLETCHER,D,"['CULBERSON J', 'FLETCHER L']",5.056218981038666,True,1.4644351464435132,JOHN ABNEY CULBERSON,R,-1,3.5917838345951525
2018,TX,8,67930,200619,KEVIN BRADY,R,"['DUNCAN C', 'BRADY K', 'DAVID S']",-49.40960495105176,True,-50.5175983436853,KEVIN BRADY,R,-1,1.1079933926335386
2018,TX,10,144034,157166,MICHAEL T MCCAUL,R,"['MCCAUL M', 'RYAN M', 'SIEGEL M']",-4.3598937583001325,True,-9.528795811518318,MICHAEL T MCCAUL,R,-1,5.1689020532181855
2018,TX,11,40631,176603,MIKE CONAWAY,R,"['LEEDER J', 'CONAWAY M', 'SMITH R']",-62.59241186922857,True,-60.577915376676984,K MICHAEL CONAWAY,R,0,-2.0144964925515865
2018,TX,12,90994,172557,KAY GRANGER,R,"['LEDDY J', 'GRANGER K', 'ADIA V']",-30.947710310338415,True,-31.589958158995813,KAY GRANGER,R,-1,0.6422478486573979
2018,TX,13,35083,169027,MAC THORNBERRY,R,"['DEWEESE C', 'SAGAN G', 'THORNBERRY M']",-65.62343834207046,True,-65.08264462809917,MAC THORNBERRY,R,-1,-0.5407937139712828
2018,TX,14,92212,138942,RANDY WEBER,R,"['BELL A', 'CONLEY D', 'WEBER R']",-20.215959922822016,True,-20.496894409937894,RANDY K WEBER SR,R,-1,0.28093448711587854
2018,TX,15,98333,63862,VICENTE GONZALEZ,D,"['CRISTO A', 'WESTLEY T', 'GONZALEZ V']",21.252812972039827,True,17.269906928645298,VICENTE GONZALEZ,D,1,3.9829060433945287
2018,TX,16,124437,49127,VERONICA ESCOBAR,D,"['MENDOZA B', 'SEEBERGER R', 'ESCOBAR V', 'WRITEIN']",43.39033440114309,True,42.797055730809674,BETO O'ROURKE,D,0,0.5932786703334187
2018,TX,17,98070,134841,BILL FLORES,R,"['FLORES B', 'CHURCHMAN P', 'KENNEDY R']",-15.787575511676133,True,-18.401682439537332,BILL FLORES,R,-1,2.614106927861199
2018,TX,18,138704,38368,SHEILA JACKSON LEE,D,"['PATE A', 'SPENCER L', 'LEE S', 'DUNCAN V']",56.663955904942625,True,58.54922279792746,SHEILA JACKSON LEE,D,1,-1.8852668929848377
2018,TX,19,50039,151946,JODEY ARRINGTON,R,"['ARRINGTON J', 'LEVARIO M']",-50.45275639280145,True,-51.041666666666664,JODEY ARRINGTON,R,-1,0.588910273865217
2018,TX,21,168421,177654,CHIP ROY,R,"['ROY C', 'KOPSER J', 'SANTOS L']",-2.667918803727516,True,-10.526315789473685,LAMAR SMITH,R,0,7.858396985746169
2018,TX,22,138153,152750,PETE OLSON,R,"['MCELLIGOTT J', 'SWENY K', 'OLSON P', 'KULKARNI S']",-5.0178238106860364,True,-8.203530633437174,PETE OLSON,R,-1,3.185706822751137
2018,TX,23,102359,103285,WILL HURD,R,"['JONES G', 'CORVALAN R', 'HURD W']",-0.4502927389080158,True,3.5343035343035334,WILL HURD,R,-1,-3.984596273211549
2018,TX,24,125231,133317,KENNY E MARCHANT,R,"['MCDOWELL J', 'MARCHANT K', 'KOLLS M']",-3.1274656930241194,True,-6.512605042016809,KENNY MARCHANT,R,-1,3.38513934899269
2018,TX,25,136385,163023,ROGER WILLIAMS,R,"['LINDSEY D', 'OLIVER J', 'WILLIAMS R']",-8.89688986266232,True,-15.634837355718778,ROGER WILLIAMS,R,-1,6.737947493056458
2018,TX,26,121938,185551,MICHAEL C BURGESS,R,"['FAGAN L', 'BOLER M', 'BURGESS M']",-20.68789452630826,True,-27.806925498426025,MICHAEL C BURGESS,R,-1,7.119030972117766
2018,TX,27,75929,125118,MICHAEL CLOUD,R,"['TINUS D', 'HOLGUIN E', 'DUERR J', 'CLOUD M']",-24.466418300198463,True,-24.43064182194617,BLAKE FARENTHOLD,R,0,-0.035776478252291355
2018,TX,29,88188,28098,SYLVIA R GARCIA,D,"['BURNS C', 'ARONOFF P', 'GARCIA S', 'WRITEIN']",51.674320210515454,True,47.35751295336787,GENE GREEN,D,0,4.31680725714758
2018,TX,31,136362,144680,JOHN CARTER,R,"['HOPE J', 'CARTER J', 'HEGAR M']",-2.959699973669416,True,-13.467656415694595,JOHN R CARTER,R,-1,10.50795644202518
2018,TX,32,144067,126101,COLIN ALLRED,D,"['ALLRED C', 'BAKER M', 'SESSIONS P']",6.6499363359095085,True,1.9978969505783373,PETE SESSIONS,R,-1,4.652039385331172
2018,TX,33,90805,26120,MARC VEASEY,D,"['REEVES J', 'VEASEY M', 'BILLUPS W']",55.32178747060081,True,50.931677018633536,MARC A VEASEY,D,1,4.390110451967274
2018,TX,34,85825,57243,FILEMON B VELA,D,"['VELA F', 'GONZALEZ R']",19.977912601000924,True,22.18782249742002,FILEMON VELA,D,1,-2.209909896419095
2018,TX,35,138278,50553,LLOYD DOGGETT,D,"['PATTERSON C', 'SMALLING D', 'DOGGETT L']",46.45688472761358,True,35.51797040169133,LLOYD DOGGETT,D,1,10.938914325922248
2018,TX,36,60908,161048,BRIAN BABIN,R,"['BABIN B', 'STEELE D']",-45.11705022617095,True,-48.148148148148145,BRIAN BABIN,R,-1,3.0310979219771923
2018,UT,1,63308,156692,ROB BISHOP,R,"['DAVIS A', 'ELIASON E', 'CASTILLO L', 'BISHOP R']",-42.447272727272725,True,-37.86407766990292,ROB BISHOP,R,-1,-4.583195057369807
2018,UT,2,105051,151489,CHRIS STEWART,R,"['STEWART C', 'WHIPPLE J', 'GHORBANI S']",-18.101660559756763,True,-17.94871794871795,CHRIS STEWART,R,-1,-0.15294261103881368
2018,UT,3,70686,174856,JOHN CURTIS,R,"['DUERDEN G', 'SINGER J', 'CURTIS J', 'ZEIDNER T']",-42.42451393244333,True,-33.90070921985816,JASON CHAFFETZ,R,0,-8.523804712585175
2018,UT,4,134964,134270,BEN MCADAMS,D,"['MCADAMS B', 'LOVE M', 'WRITEIN']",0.25776833535140437,True,-9.370629370629374,MIA B LOVE,R,-1,9.628397705980777
2018,VA,1,148464,183250,"ROBERT J \""ROB\"" WITTMAN",R,"['WITTMAN R', 'WILLIAMS V', 'WRITEIN']",-10.486744605292511,True,-13.080168776371304,ROBERT J WITTMAN,R,-1,2.5934241710787926
2018,VA,2,139571,133458,ELAINE G LURIA,D,"['LURIA E', 'TAYLOR S', 'WRITEIN']",2.2389563013452785,True,-3.6093418259023347,SCOTT W TAYLOR,R,-1,5.848298127247613
2018,VA,4,187642,107706,A DONALD MCEACHIN,D,"['MCEACHIN A', 'WELLS P', 'MCADAMS R', 'WRITEIN']",27.065021601636037,True,22.54697286012526,A DONALD MCEACHIN,D,1,4.518048741510778
2018,VA,5,145040,165339,DENVER L RIGGLEMAN III,R,"['RIGGLEMAN D', 'COCKBURN L', 'WRITEIN']",-6.540068754651571,True,-11.598746081504705,TOM A GARRETT JR,R,0,5.058677326853134
2018,VA,6,113133,167957,BEN L CLINE,R,"['CLINE B', 'LEWIS J', 'WRITEIN']",-19.50407342843929,True,-26.21564482029599,BOB GOODLATTE,R,0,6.7115713918566975
2018,VA,7,176079,169295,ABIGAIL A SPANBERGER,D,"['SPANBERGER A', 'BRAT D', 'WALTON J', 'WRITEIN']",1.9642474534852072,True,-6.878306878306878,DAVE BRAT,R,-1,8.842554331792085
2018,VA,8,247137,76899,DONALD S BEYER JR,D,"['BEYER D', 'OH T', 'WRITEIN']",52.53675517535088,True,55.720338983050844,DONALD S BEYER JR,D,1,-3.1835838076999607
2018,VA,9,85833,160933,H MORGAN GRIFFITH,R,"['FLACCAVENTO A', 'GRIFFITH H', 'WRITEIN']",-30.433690216642486,True,-43.18418314255984,H MORGAN GRIFFITH,R,-1,12.750492925917353
2018,VA,10,206356,160841,JENNIFER T WEXTON,D,"['COMSTOCK B', 'WEXTON J', 'WRITEIN']",12.395253773859809,True,10.59322033898305,BARBARA COMSTOCK,R,-1,1.8020334348767584
2018,VA,11,219191,83023,GERALD EDWARD CONNOLLY,D,"['CONNOLLY G', 'DOVE J', 'PORTER S', 'WRITEIN']",45.05681404567624,True,41.737288135593225,GERALD E CONNOLLY,D,1,3.3195259100830157
2018,VT,0,188547,70705,PETER WELCH,D,"['TYNIO A', 'ERICSON C', 'POTTER L', 'WELCH P', 'WRITEIN']",45.454615586379276,True,30.344827586206897,PETER WELCH,D,1,15.10978800017238
2018,WA,1,197209,135534,SUZAN DELBENE,D,"['BEELER J', 'DELBENE S']",18.535326062456612,True,17.73667029379761,SUZAN K DELBENE,D,1,0.7986557686590032
2018,WA,3,145407,161819,JAIME HERRERA BEUTLER,R,"['LONG C', 'BEUTLER J']",-5.341995794626757,True,-8.008658008658006,JAIME HERRERA BEUTLER,R,-1,2.6666622140312493
2018,WA,4,83785,141551,DAN NEWHOUSE,R,"['BROWN C', 'NEWHOUSE D']",-25.63549543792381,True,-24.51612903225806,DAN NEWHOUSE,R,-1,-1.119366405665751
2018,WA,5,144925,175422,CATHY MCMORRIS RODGERS,R,"['RODGERS C', 'BROWN L']",-9.519989261644405,True,-14.34830230010953,CATHY MCMORRIS RODGERS,R,-1,4.828313038465126
2018,WA,6,206409,116677,DEREK KILMER,D,"['KILMER D', 'DIGHTMAN D']",27.773410175618874,True,13.47207009857612,DEREK KILMER,D,1,14.301340077042754
2018,WA,7,329800,64881,PRAMILA JAYAPAL,D,"['KELLER C', 'JAYAPAL P']",67.12230890263275,True,74.12513255567337,PRAMILA JAYAPAL,D,1,-7.002823653040622
2018,WA,8,164089,148968,KIM SCHRIER,D,"['ROSSI D', 'SCHRIER K']",4.83011081049138,True,3.2467532467532467,DAVID G REICHERT,R,0,1.5833575637381334
2018,WA,10,166215,103860,DENNY HECK,D,"['HECK D', 'BRUMBLES J']",23.088031102471536,True,12.499999999999998,DENNY HECK,D,1,10.588031102471538
2018,WI,1,137508,177492,BRYAN STEIL,R,"['STEIL B', 'YORGAN K', 'BRYCE R', 'WRITEIN']",-12.693333333333333,True,-10.853530031612227,PAUL D RYAN,R,0,-1.8398033017211066
2018,WI,3,187888,126980,RON KIND,D,"['KIND R', 'TOFT S', 'WRITEIN']",19.343979064242795,True,-4.782146652497343,RON KIND,D,1,24.126125716740138
2018,WI,4,206487,59091,GWEN S MOORE,D,"['MOORE G', 'RAYMOND R', 'ROGERS T', 'WRITEIN']",55.50007907281476,True,54.488517745302715,GWEN MOORE,D,1,1.011561327512048
2018,WI,5,138385,225619,F JAMES SENSENBRENNER JR,R,"['SENSENBRENNER F', 'PALZEWICZ T', 'WRITEIN']",-23.96512126240371,True,-21.224920802534324,F JAMES SENSENBRENNER JR,R,-1,-2.740200459869385
2018,WI,6,144536,180311,GLENN GROTHMAN,R,"['KOHL D', 'GROTHMAN G', 'WRITEIN']",-11.01287683124671,True,-17.88359788359789,GLENN GROTHMAN,R,-1,6.870721052351181
2018,WI,7,124307,194061,SEAN P DUFFY,R,"['DRIESSEN K', 'ENGEBRETSON M', 'DUFFY S', 'WRITEIN']",-21.909865313096795,True,-21.556256572029444,SEAN P DUFFY,R,-1,-0.35360874106735096
2018,WI,8,119265,209410,MIKE GALLAGHER,R,"['LIEGEOIS B', 'GALLAGHER M', 'WRITEIN']",-27.42678938160797,True,-18.565400843881857,MIKE GALLAGHER,R,-1,-8.861388537726114
2018,WV,1,70217,127997,DAVID B MCKINLEY,R,"['MCKINLEY D', 'FERSHEE K']",-29.150312288738434,True,-44.06779661016949,DAVID B MCKINLEY,R,-1,14.917484321431054
2018,WV,2,88011,110504,ALEX X MOONEY,R,"['MOONEY A', 'LUTZ D', 'SERGENT T']",-11.33062992720953,True,-38.235294117647065,ALEXANDER X MOONEY,R,-1,26.904664190437536
2018,WV,3,76340,98645,CAROL MILLER,R,"['MILLER C', 'OJEDA R']",-12.746806869160213,True,-51.356993736951985,EVAN H JENKINS,R,0,38.61018686779177
2018,WY,0,59903,127963,LIZ CHENEY,R,"['CUMMINGS D', 'HUNTER G', 'CHENEY L', 'BRUBAKER R', 'WRITEIN']",-36.22794970883502,True,-51.403887688984874,LIZ CHENEY,R,-1,15.175937980149854
2020,AK,0,159856,192126,DON YOUNG,R,"['GALVIN A', 'YOUNG D', 'WRITEIN']",-9.168082458762095,True,-10.509885535900105,DON YOUNG,R,-1,1.3418030771380103
2020,AL,1,116949,211825,JERRY CARL,R,"['AVERHART J', 'CARL J', 'WRITEIN']",-28.857513063685083,True,-28.686868686868692,BRADLEY BYRNE,R,0,-0.17064437681639077
2020,AL,2,105286,197996,BARRY MOORE,R,"['MOORE B', 'HALL P', 'WRITEIN']",-30.56890946379937,True,-29.090909090909086,MARTHA ROBY,R,0,-1.478000372890282
2020,AL,3,104595,217384,MIKE ROGERS,R,"['WINFREY A', 'ROGERS M', 'WRITEIN']",-35.029924311834,True,-31.919191919191913,MIKE ROGERS,R,-1,-3.1107323926420882
2020,AL,4,56237,261553,ROBERT B ADERHOLT,R,"['NEIGHBORS R', 'ADERHOLT R', 'WRITEIN']",-64.60744516819283,True,-64.04040404040406,ROBERT ADERHOLT,R,-1,-0.5670411277887695
2020,AR,2,148410,184093,J FRENCH HILL,R,"['HILL J', 'ELLIOTT J']",-10.731632496548903,True,-9.034907597535938,FRENCH HILL,R,0,-1.696724899012965
2020,AR,3,106325,214960,STEVE WOMACK,R,"['WILLIAMS C', 'KALAGIAS M', 'WOMACK S']",-33.81265854303811,True,-27.497425334706485,STEVE WOMACK,R,-1,-6.315233208331627
2020,AR,4,75750,191617,BRUCE WESTERMAN,R,"['WESTERMAN B', 'GILBERT F', 'HANSON W']",-43.336313007962836,True,-39.157245632065774,BRUCE WESTERMAN,R,-1,-4.179067375897063
2020,AZ,1,188469,176709,TOM O'HALLERAN,D,"['SHEDD T', 'HALLERAN T']",3.2203473374628264,True,1.7258883248730994,TOM O'HALLERAN,D,1,1.494459012589727
2020,AZ,2,209945,170975,ANN KIRKPATRICK,D,"['KIRKPATRICK A', 'MARTIN B', 'SCHLASS B', 'BAH I']",10.230494592040323,True,10.772357723577237,ANN KIRKPATRICK,D,1,-0.541863131536914
2020,AZ,3,174243,95594,RAUL M GRIJALVA,D,"['WOOD D', 'GRIJALVA R']",29.146855323769536,True,27.512690355329944,RAUL GRIJALVA,D,1,1.6341649684395918
2020,AZ,4,120503,278002,PAUL A GOSAR,R,"['GISSY A', 'BRENNAN B', 'DISANTO D', 'OVERHOLSER D', 'ROBINSON E', 'JONES M', 'GOSAR P']",-39.52246521373634,True,-37.931034482758626,PAUL GOSAR,R,-1,-1.591430730977713
2020,AZ,5,183171,262414,ANDY BIGGS,R,"['BIGGS A', 'GREENE J', 'STEPHENS K']",-17.784036715778136,True,-14.750762970498474,ANDY BIGGS,R,-1,-3.0332737452796614
2020,AZ,6,199644,217783,DAVID SCHWEIKERT,R,"['SCHWEIKERT D', 'TIPIRNENI H']",-4.34543045849933,True,-4.154002026342454,DAVID SCHWEIKERT,R,-1,-0.19142843215687666
2020,AZ,7,165452,50226,RUBEN GALLEGO,D,"['KIRKHAM J', 'BARNETT J', 'RODRIGUEZ R', 'GALLEGO R']",53.425013214143306,True,49.796747967479675,RUBEN GALLEGO,D,1,3.6282652466636307
2020,AZ,8,170816,251633,DEBBIE LESKO,R,"['LESKO D', 'MUSCATO M', 'HENDRIX T']",-19.1305932787153,True,-16.109422492401215,DEBBIE LESKO,R,-1,-3.0211707863140838
2020,AZ,9,217094,135180,GREG STANTON,D,"['GILES D', 'STANTON G']",23.252922441054405,True,23.95514780835882,GREG STANTON,D,1,-0.7022253673044148
2020,CA,1,154073,204190,DOUG LAMALFA,R,"['DENNEY A', 'LAMALFA D']",-13.98888526026969,True,-15.69230769230769,DOUG LA MALFA,R,0,1.7034224320379998
2020,CA,2,294435,94320,JARED HUFFMAN,D,"['MENSING D', 'HUFFMAN J']",51.47586526218312,True,50.97435897435897,JARED HUFFMAN,D,1,0.5015062878241494
2020,CA,3,176043,145945,JOHN GARAMENDI,D,"['GARAMENDI J', 'HAMILTON T']",9.347553324968633,True,12.499999999999996,JOHN GARAMENDI,D,1,-3.1524466750313636
2020,CA,4,194731,247291,TOM MCCLINTOCK,R,"['KENNEDY B', 'MCCLINTOCK T']",-11.890810864617599,True,-10.040983606557383,TOM MCCLINTOCK,R,-1,-1.8498272580602162
2020,CA,5,271233,85227,MIKE THOMPSON,D,"['THOMPSON M', 'GIBLIN S']",52.18145093418617,True,48.2088024564995,MIKE THOMPSON,D,1,3.9726484776866684
2020,CA,6,229648,83466,DORIS O MATSUI,D,"['BISH C', 'MATSUI D']",46.686510344475174,True,44.2051282051282,DORIS MATSUI,D,1,2.4813821393469766
2020,CA,7,217416,166549,AMI BERA,D,"['BERA A', 'PATTERSON B']",13.247822067115493,True,14.051282051282053,AMI BERA,D,1,-0.80345998416656
2020,CA,8,124400,158711,JAY OBERNOLTE,R,"['BUBSER C', 'OBERNOLTE J']",-12.119274772085861,True,-10.655737704918032,PAUL COOK,R,0,-1.4635370671678292
2020,CA,9,174252,128358,JERRY MCNERNEY,D,"['AMADOR A', 'MCNERNEY J']",15.166055318727075,True,18.404907975460123,JERRY MCNERNEY,D,1,-3.238852656733048
2020,CA,10,166865,135629,JOSH HARDER,D,"['HARDER J', 'HOWZE T']",10.326155229525213,True,2.9682702149437046,JOSH HARDER,D,1,7.357885014581509
2020,CA,11,271063,100293,MARK DESAULNIER,D,"['DESAULNIER M', 'SHARMA N']",45.98552332532664,True,51.787538304392235,MARK DESAULNIER,D,1,-5.802014979065596
2020,CA,13,327863,34955,BARBARA LEE,D,"['LEE B', 'PITERMAN N']",80.73138598415734,True,81.61389172625128,BARBARA LEE,D,1,-0.8825057420939402
2020,CA,14,278300,72705,JACKIE SPEIER,D,"['SPEIER J', 'PETEL R']",58.57323969744021,True,58.24847250509165,JACKIE SPEIER,D,1,0.3247671923485598
2020,CA,15,242991,99710,ERIC SWALWELL,D,"['HAYDEN A', 'SWALWELL E']",41.80933233343352,True,46.067415730337075,ERIC SWALWELL,D,1,-4.258083396903558
2020,CA,16,128690,88039,JIM COSTA,D,"['COSTA J', 'COOKINGHAM K']",18.756603869348357,True,20.36847492323439,JIM COSTA,D,1,-1.6118710538860341
2020,CA,17,212137,85199,RO KHANNA,D,"['TANDON R', 'KHANNA R']",42.69176958054188,True,47.95918367346939,RO KHANNA,D,1,-5.26741409292751
2020,CA,19,224385,88642,ZOE LOFGREN,D,"['AGUILERA J', 'LOFGREN Z']",43.364629888156614,True,43.00306435137895,ZOE LOFGREN,D,1,0.3615655367776611
2020,CA,20,236896,71658,JIMMY PANETTA,D,"['GORMAN J', 'PANETTA J']",53.55237656941735,True,48.82292732855681,JIMMY PANETTA,D,1,4.729449240860539
2020,CA,21,84406,85928,DAVID G VALADAO,R,"['VALADAO D', 'COX T']",-0.893538577148426,True,11.133810010214502,TJ COX,D,1,-12.027348587362928
2020,CA,22,144251,170888,DEVIN NUNES,R,"['NUNES D', 'ARBALLO P']",-8.452460660216603,True,-5.521472392638035,DEVIN G NUNES,R,-1,-2.9309882675785683
2020,CA,23,115896,190222,KEVIN MCCARTHY,R,"['MCCARTHY K', 'MANGONE K']",-24.280179538609296,True,-17.008196721311478,KEVIN MCCARTHY,R,-1,-7.271982817297818
2020,CA,24,212564,149781,SALUD O CARBAJAL,D,"['CALDWELL A', 'CARBAJAL S']",17.326857000924534,True,24.38524590163935,SALUD CARBAJAL,D,1,-7.058388900714817
2020,CA,25,169305,169638,MIKE GARCIA,R,"['SMITH C', 'GARCIA M']",-0.0982466078367159,True,10.31664964249234,KATIE HILL,D,0,-10.414896250329056
2020,CA,26,208856,135877,JULIA BROWNLEY,D,"['BROWNLEY J', 'KENNEDY R']",21.16971685333287,True,25.434116445352398,JULIA BROWNLEY,D,1,-4.2643995920195295
2020,CA,27,221411,95907,JUDY CHU,D,"['NALBANDIAN J', 'CHU J']",39.55149093338544,True,37.142857142857146,JUDY CHU,D,1,2.4086337905282917
2020,CA,28,244271,91928,ADAM B SCHIFF,D,"['SCHIFF A', 'EARLY E']",45.313341205654986,True,44.54638124362894,ADAM B SCHIFF,D,1,0.7669599620260428
2020,CA,30,240038,105426,BRAD SHERMAN,D,"['SHERMAN B', 'REED M']",38.96556515295371,True,40.06116207951071,BRAD SHERMAN,D,1,-1.0955969265570005
2020,CA,31,175315,110735,PETE AGUILAR,D,"['GIBBONEY A', 'AGUILAR P']",22.576472644642546,True,20.36847492323439,PETE AGUILAR,D,1,2.207997721408155
2020,CA,32,172942,86818,GRACE F NAPOLITANO,D,"['NAPOLITANO G', 'SCOTT J']",33.155220203264555,True,33.061224489795926,GRACE FLORES NAPOLITANO,D,1,0.09399571346862956
2020,CA,33,257094,123334,TED LIEU,D,"['BRADLEY J', 'LIEU T']",35.16039828824377,True,40.816326530612244,TED W LIEU,D,1,-5.655928242368475
2020,CA,35,169405,74941,NORMA J TORRES,D,"['CARGILE M', 'TORRES N']",38.659933045762976,True,33.26509723643807,NORMA J TORRES,D,1,5.394835809324903
2020,CA,36,185151,121698,RAUL RUIZ,D,"['CRUZ E', 'RUIZ R']",20.67890069708554,True,13.849287169042773,RAUL RUIZ,D,1,6.829613528042765
2020,CA,37,254916,41705,KAREN BASS,D,"['WEBBER E', 'BASS K']",71.87994106958037,True,71.86544342507646,KAREN BASS,D,1,0.014497644503904894
2020,CA,39,169837,173946,YOUNG KIM,R,"['CISNEROS G', 'KIM Y']",-1.1952307123970645,True,10.295616717635069,GIL CISNEROS,D,1,-11.490847430032133
2020,CA,40,135572,50809,LUCILLE ROYBAL-ALLARD,D,"['DELGADO C', 'ALLARD L']",45.478348114882955,True,57.8300921187308,LUCILLE ROYBAL-ALLARD,D,1,-12.351744003847848
2020,CA,41,168126,94447,MARK TAKANO,D,"['SMITH A', 'TAKANO M']",28.060387016182165,True,26.175869120654394,MARK TAKANO,D,1,1.8845178955277717
2020,CA,42,157773,210274,KEN CALVERT,R,"['CALVERT K', 'MARA W']",-14.264754229758699,True,-7.5510204081632715,KEN CALVERT,R,-1,-6.713733821595428
2020,CA,43,199210,78688,MAXINE WATERS,D,"['COLLINS J', 'WATERS M']",43.36914983195273,True,57.259713701431494,MAXINE WATERS,D,1,-13.890563869478761
2020,CA,45,221843,193096,KATIE PORTER,D,"['RATHS G', 'PORTER K']",6.928006285261207,True,11.542390194075592,KATIE PORTER,D,1,-4.614383908814385
2020,CA,46,157803,71716,J LUIS CORREA,D,"['CORREA J', 'WATERS J']",37.50757017937513,True,31.492842535787318,LOU CORREA,D,0,6.014727643587811
2020,CA,47,197028,114371,ALAN S LOWENTHAL,D,"['LOWENTHAL A', 'BRISCOE J']",26.54375897160877,True,27.737973387922214,ALAN LOWENTHAL,D,1,-1.194214416313443
2020,CA,48,193362,201738,MICHELLE STEEL,R,"['ROUDA H', 'STEEL M']",-2.119969627942293,True,1.5321756894790601,HARLEY ROUDA,D,1,-3.652145317421353
2020,CA,49,205349,181157,MIKE LEVIN,D,"['MARYOTT B', 'LEVIN M']",6.2591525099222265,True,12.998976458546574,MIKE LEVIN,D,1,-6.739823948624347
2020,CA,50,166869,195521,DARRELL ISSA,R,"['NAJJAR A', 'ISSA D']",-7.90639918320042,True,-7.881269191402254,DUNCAN HUNTER,R,0,-0.025129991798165996
2020,CA,51,165596,76841,JUAN VARGAS,D,"['HIDALGO J', 'VARGAS J']",36.6095109244876,True,36.80981595092025,JUAN VARGAS,D,1,-0.2003050264326518
2020,CA,52,244145,152350,SCOTT H PETERS,D,"['DEBELLO J', 'PETERS S']",23.151616035511168,True,29.91803278688524,SCOTT PETERS,D,1,-6.766416751374074
2020,CO,1,331621,105955,DIANA DEGETTE,D,"['DEGETTE D', 'KOK J', 'FUREY K', 'FIORINO P', 'BOLLING S']",51.57184123443699,True,54.75946775844422,DIANA DEGETTE,D,1,-3.1876265240072286
2020,CO,2,316925,182547,JOE NEGUSE,D,"['WINN C', 'SWING G', 'NEGUSE J', 'ATKINSON T']",26.904010635230804,True,30.935251798561147,JOE NEGUSE,D,1,-4.031241163330343
2020,CO,3,194122,220634,LAUREN BOEBERT,R,"['MILTON C', 'BUSH D', 'KEIL J', 'BOEBERT L']",-6.392192035799361,True,-5.629477993858751,SCOTT R TIPTON,R,0,-0.76271404194061
2020,CO,4,173945,285606,KEN BUCK,R,"['GRIFFITH B', 'MCCORKLE I', 'BUCK K', 'IRELAND L']",-24.297847246551527,True,-16.221765913757704,KEN BUCK,R,-1,-8.076081332793823
2020,CO,5,161600,249013,DOUG LAMBORN,R,"['LAMBORN D', 'DUFFETT E', 'FREELAND J', 'MURPHY M', 'KELTIE R']",-21.28841512567795,True,-13.367875647668399,DOUG LAMBORN,R,-1,-7.920539478009552
2020,CO,6,250314,175192,JASON CROW,D,"['KULIKOWSKI J', 'CROW J', 'OLSEN N', 'HOUSE S']",17.654745173981095,True,19.50718685831622,JASON CROW,D,1,-1.8524416843351261
2020,CO,7,250525,159301,ED PERLMUTTER,D,"['STOCKHAM C', 'OLSZTA D', 'PERLMUTTER E', 'BILES K']",22.259202686017968,True,23.583934088568487,ED PERLMUTTER,D,1,-1.324731402550519
2020,CT,1,222668,122111,JOHN B LARSON,D,"['LARSON J', 'LARSON J', 'FAY M', 'MCCORMICK T']",29.165639438596898,True,28.397565922920894,JOHN B LARSON,D,1,0.7680735156760043
2020,CT,2,218119,140356,JOE COURTNEY,D,"['MARTINEAU C', 'REALE D', 'COURTNEY J', 'COURTNEY J', 'TRACESKI J', 'ANDERSON J']",21.692726131529394,True,11.224489795918368,JOE COURTNEY,D,1,10.468236335611026
2020,CT,3,203265,137598,ROSA L DELAURO,D,"['PAGLINO J', 'STREICKER M', 'STREICKER M', 'DELAURO R', 'DELAURO R']",19.264924617808326,True,21.37791286727457,ROSA L DELAURO,D,1,-2.1129882494662446
2020,CT,4,224432,130627,JAMES A HIMES,D,"['MERLEN B', 'HIMES J', 'RIDDLE J', 'PENG Y']",26.41955280671663,True,30.09118541033435,JIM HIMES,D,1,-3.67163260361772
2020,CT,5,192484,151988,JAHANA HAYES,D,"['WALCZAK B', 'SULLIVAN D', 'HAYES J', 'HAYES J']",11.75596274878655,True,10.86294416243655,JAHANA HAYES,D,1,0.8930185863499993
2020,DE,0,281382,196392,LISA BLUNT ROCHESTER,D,"['PURCELL C', 'ROGERS D', 'MURPHY L', 'ROCHESTER L']",17.788745306358237,True,19.26977687626775,LISA BLUNT ROCHESTER,D,1,-1.4810315699095113
2020,FL,1,149172,283352,MATT GAETZ,R,"['ORAM A', 'GAETZ M', 'EHR P']",-31.022555973772555,True,-34.07934893184131,MATT GAETZ,R,-1,3.0567929580687547
2020,FL,3,167326,223075,KAT CAMMACK,R,"['CHRISTENSEN A', 'CAMMACK K']",-14.279932684598656,True,-13.360323886639678,TED YOHO,R,0,-0.9196087979589773
2020,FL,4,196423,308497,JOHN H RUTHERFORD,R,"['DEEGAN D', 'KONIZ G', 'RUTHERFORD J']",-22.196387546542027,True,-21.25506072874494,JOHN H RUTHERFORD,R,-1,-0.941326817797087
2020,FL,5,219463,117510,AL LAWSON JR,D,"['LAWSON A', 'ADLER G']",30.255539761345865,True,26.794742163801818,AL LAWSON,D,1,3.4607975975440475
2020,FL,6,172305,265393,MICHAEL WALTZ,R,"['GRAYSON A', 'CURTIS C', 'NOLAN J', 'WALTZ M']",-21.267632020251405,True,-17.658930373360242,MICHAEL WALTZ,R,-1,-3.608701646891163
2020,FL,7,224946,175750,STEPHANIE N MURPHY,D,"['VALENTIN L', 'MURPHY S', 'GARLINGTON W']",12.277636911773515,True,10.526315789473681,STEPHANIE MURPHY,D,1,1.7513211222998333
2020,FL,8,177695,282093,BILL POSEY,R,"['POSEY B', 'KENNEDY J']",-22.705681748979966,True,-17.896865520728003,BILL POSEY,R,-1,-4.808816228251963
2020,FL,9,240724,188889,DARREN SOTO,D,"['HILL C', 'SOTO D', 'OLSON W']",12.065510121900408,True,6.962663975782037,DARREN SOTO,D,1,5.10284614611837
2020,FL,10,239434,136889,VAL BUTLER DEMINGS,D,"['YASMINE S', 'DEMINGS V', 'FRANCOIS V']",27.24919816221703,True,25.252525252525253,VAL DEMINGS,D,1,1.9966729096917781
2020,FL,11,158094,316979,DANIEL WEBSTER,R,"['COTTRELL D', 'WEBSTER D']",-33.4443338181711,True,-31.854838709677427,DANIEL WEBSTER,R,-1,-1.5894951084936757
2020,FL,12,168194,284941,GUS M BILIRAKIS,R,"['BILIRAKIS G', 'WALKER K']",-25.764286581261654,True,-17.08796764408493,GUS MICHAEL BILIRAKIS,R,-1,-8.676318937176724
2020,FL,13,215405,190713,CHARLIE CRIST,D,"['LUNA A', 'CRIST C', 'CURNOW J']",6.080006303586642,True,4.145601617795754,CHARLIE CRIST,D,1,1.9344046857908879
2020,FL,14,224240,147896,KATHY CASTOR,D,"['QUINN C', 'CASTOR K']",20.515080508201304,True,15.789473684210527,KATHY CASTOR,D,1,4.725606823990777
2020,FL,15,174297,216374,SCOTT FRANKLIN,R,"['COHN A', 'FRANKLIN S']",-10.770443672553121,True,-8.594539939332659,ROSS SPANO,R,0,-2.175903733220462
2020,FL,16,215683,269001,VERN BUCHANAN,R,"['GOOD M', 'BUCHANAN V']",-11.0005694431836,True,-8.173562058526743,VERN BUCHANAN,R,-1,-2.8270073846568575
2020,FL,17,140487,266514,W GREGORY STEUBE,R,"['ELLISON A', 'MURRAY T', 'STEUBE W']",-30.96478878430274,True,-27.620967741935488,GREG STEUBE,R,0,-3.343821042367253
2020,FL,18,186674,253286,BRIAN J MAST,R,"['MAST B', 'MILLER K', 'KEITH P']",-15.140467315210474,True,-8.45070422535211,BRIAN MAST,R,-1,-6.6897630898583635
2020,FL,19,172146,272440,BYRON DONALDS,R,"['DONALDS B', 'BANYAI C', 'POST P']",-22.558964969657165,True,-20.241691842900302,FRANCIS ROONEY,R,0,-2.317273126756863
2020,FL,20,253661,68748,ALCEE L HASTINGS,D,"['HASTINGS A', 'MUSSELWHITE G']",57.35354782279651,True,55.53319919517102,ALCEE L HASTINGS,D,1,1.820348627625485
2020,FL,21,237925,157612,LOIS FRANKEL,D,"['MALKEMUS C', 'LOOMER L', 'FRANKEL L', 'BLASS P', 'CARAVETTA S']",20.304800815094417,True,17.10261569416499,LOIS FRANKEL,D,1,3.2021851209294283
2020,FL,22,235764,166553,THEODORE E DEUTCH,D,"['PRUDEN J', 'DEUTCH T']",17.203101037241776,True,14.889336016096584,TED DEUTCH,D,1,2.3137650211451923
2020,FL,23,221239,158874,DEBBIE WASSERMAN SCHULTZ,D,"['SPALDING C', 'SCHULTZ D', 'FUGATE D', 'OLSON J']",16.40696319252433,True,17.185929648241203,DEBBIE WASSERMAN SCHULTZ,D,1,-0.7789664557168727
2020,FL,24,218825,59084,FREDERICA S WILSON,D,"['OLIVO C', 'WILSON F', 'RIVERA H', 'KNEPPER H', 'SPICER L']",57.47960663382618,True,51.7102615694165,FREDERICA WILSON,D,1,5.769345064409677
2020,FL,26,165407,177223,CARLOS GIMENEZ,R,"['GIMENEZ C', 'POWELL D']",-3.4486180427866797,True,-5.633802816901409,DEBBIE MUCARSEL-POWELL,D,1,2.1851847741147292
2020,FL,27,166758,176141,MARIA ELVIRA SALAZAR,R,"['SHALALA D', 'POLO F', 'SALAZAR M']",-2.736374267641492,True,3.2193158953722287,DONNA SHALALA,D,1,-5.9556901630137205
2020,GA,1,135238,189457,"EARL L \""BUDDY\"" CARTER",R,"['CARTER E', 'GRIGGS J']",-16.698440074531483,True,-12.576064908722108,"EARL L \""BUDDY\"" CARTER",R,-1,-4.122375165809375
2020,GA,2,161397,111620,SANFORD D BISHOP JR,D,"['COLE D', 'HILL J', 'BISHOP S']",18.23219799499665,True,12.411705348133204,SANFORD BISHOP,D,1,5.820492646863446
2020,GA,3,129792,241526,A DREW FERGUSON IV,R,"['FERGUSON A', 'ALMONORD V']",-30.0911886846315,True,-25.50607287449393,DREW FERGUSON,R,0,-4.5851158101375695
2020,GA,4,278906,69393,"HENRY C \""HANK\"" JOHNSON JR",D,"['JOHNSON H', 'EZAMMUDEEN J']",60.15320170313438,True,59.19191919191918,"HENRY C \""HANK\"" JOHNSON JR",D,1,0.9612825112151953
2020,GA,5,301857,52646,NIKEMA WILLIAMS,D,"['KING A', 'WILLIAMS N']",70.29869986995878,True,74.49392712550609,JOHN R LEWIS,D,0,-4.195227255547309
2020,GA,6,216775,180329,LUCY MCBATH,D,"['HANDEL K', 'MCBATH L']",9.177948346025223,True,11.26903553299492,LUCY MCBATH,D,1,-2.0910871869696965
2020,GA,7,190900,180564,CAROLYN BOURDEAUX,D,"['BOURDEAUX C', 'MCCORMICK R']",2.7825038227122953,True,6.395939086294414,ROB WOODALL,R,0,-3.6134352635821183
2020,GA,8,109264,198701,AUSTIN SCOTT,R,"['SCOTT A', 'COOPER J', 'HOLLIDAY L']",-29.04128715925511,True,-25.252525252525253,AUSTIN SCOTT,R,-1,-3.7887619067298566
2020,GA,9,79797,292750,ANDREW CLYDE,R,"['CLYDE A', 'PANDY D']",-57.16137829589287,True,-54.655870445344135,DOUG COLLINS,R,0,-2.5055078505487316
2020,GA,10,142636,235810,JODY B HICE,R,"['HICE J', 'GREEN T']",-24.6201571690545,True,-20.647773279352222,JODY HICE,R,-1,-3.9723838897022787
2020,GA,11,160623,245259,BARRY LOUDERMILK,R,"['LOUDERMILK B', 'BARRETT D']",-20.852365958579096,True,-15.650406504065037,BARRY LOUDERMILK,R,-1,-5.201959454514059
2020,GA,12,129061,181038,RICK W ALLEN,R,"['JOHNSON L', 'ALLEN R']",-16.761421352535802,True,-12.955465587044532,RICK W ALLEN,R,-1,-3.8059557654912695
2020,GA,13,279045,81476,DAVID SCOTT,D,"['HITES B', 'SCOTT D', 'COWEN M']",54.80096859822313,True,52.72727272727273,DAVID SCOTT,D,1,2.0736958709504023
2020,GA,14,77798,229827,MARJORIE TAYLOR GREENE,R,"['AUSDAL K', 'GREENE M']",-49.42023567655425,True,-48.733535967578526,TOM GRAVES,R,0,-0.6866997089757234
2020,HI,1,183245,71188,ED CASE,D,"['CASE E', 'OVERVOTES', 'CURTIS R', 'UNDERVOTES']",44.04184991726702,True,29.806714140386568,ED CASE,D,1,14.235135776880455
2020,HI,2,171517,84027,"KAIALII \""KAI\"" KAHELE",D,"['AKANA J', 'GIUFFRE J', 'HOOMANAWANUI J', 'KAHELE K', 'TIPPENS M', 'OVERVOTES', 'BURRUS R', 'UNDERVOTES']",34.23676548852644,True,30.32786885245902,TULSI GABBARD,D,0,3.9088966360674178
2020,IA,1,201347,212088,ASHLEY HINSON,R,"['FINKENAUER A', 'HINSON A', 'OVERVOTES', 'UNDERVOTES', 'WRITEIN']",-2.5979900105216056,True,-3.462321792260692,ABBY FINKENAUER,D,1,0.8643317817390863
2020,IA,2,196958,196964,MARIANNETTE MILLER-MEEKS,R,"['MEEKS M', 'OVERVOTES', 'HART R', 'UNDERVOTES', 'WRITEIN']",-0.0015231441757505293,True,-4.0733197556008145,DAVE LOEBSACK,D,0,4.071796611425064
2020,IA,3,219205,212997,CYNTHIA AXNE,D,"['HOLDER B', 'AXNE C', 'YOUNG D', 'OVERVOTES', 'UNDERVOTES', 'WRITEIN']",1.436365403214238,True,-0.10193679918450706,CINDY AXNE,D,1,1.538302202398745
2020,IA,4,144761,237369,RANDY FEENSTRA,R,"['SCHOLTEN J', 'OVERVOTES', 'FEENSTRA R', 'UNDERVOTES', 'WRITEIN']",-24.23468453144218,True,-27.4390243902439,STEVE KING,R,0,3.2043398588017205
2020,ID,1,131380,310736,RUSS FULCHER,R,"['EVANS J', 'LIFE P', 'SOTO R', 'FULCHER R']",-40.56763383365452,True,-38.065843621399175,RUSS FULCHER,R,-1,-2.5017902122553437
2020,ID,2,124151,250669,MICHAEL K SIMPSON,R,"['SWISHER C', 'LAW I', 'SIMPSON M', 'LIFE P']",-33.75433541433221,True,-24.301964839710443,MIKE SIMPSON,R,-1,-9.452370574621767
2020,IL,1,239943,85027,BOBBY L RUSH,D,"['RUSH B', 'WHITE P', 'PELLEGRINI R']",47.67086192571622,True,49.89858012170385,BOBBY L RUSH,D,1,-2.2277181959876344
2020,IL,2,234896,63142,ROBIN L KELLY,D,"['KELLY R', 'RABORN T']",57.628221904589346,True,57.041540020263426,ROBIN KELLY,D,1,0.5866818843259196
2020,IL,3,172997,133851,MARIE NEWMAN,D,"['NEWMAN M', 'FRICILONE M']",12.757456460527688,True,12.80487804878049,DANIEL WILLIAM LIPINSKI,D,0,-0.04742158825280107
2020,IL,4,187219,35518,"JESUS G \""CHUY\"" GARCIA",D,"['GARCIA J', 'SOLORIO J']",68.10767856260972,True,64.69387755102042,"JESUS \""CHUY\"" GARCIA",D,1,3.4138010115892996
2020,IL,5,255661,96200,MIKE QUIGLEY,D,"['ROWDER F', 'QUIGLEY M', 'WILDA T', 'HANSON T']",45.319316434614805,True,46.992864424057075,MIKE QUIGLEY,D,1,-1.6735479894422696
2020,IL,6,213777,183891,SEAN CASTEN,D,"['REDPATH B', 'IVES J', 'CASTEN S']",7.515314282265608,True,12.972420837589372,SEAN CASTEN,D,1,-5.457106555323763
2020,IL,7,249383,41390,DANNY K DAVIS,D,"['CAMERON C', 'DAVIS D', 'JENNINGS T']",71.53105687254319,True,75.40650406504065,DANNY K DAVIS,D,1,-3.875447192497461
2020,IL,9,262045,107125,JANICE D SCHAKOWSKY,D,"['SCHAKOWSKY J', 'SANGARI S']",41.96440664192648,True,44.30894308943089,JANICE D SCHAKOWSKY,D,1,-2.34453644750441
2020,IL,10,202402,114442,BRADLEY SCOTT SCHNEIDER,D,"['SCHNEIDER B', 'RYCH D', 'KOPSICK J', 'MUKHERJEE V']",27.76129577962657,True,30.753564154786154,BRAD SCHNEIDER,D,1,-2.992268375159586
2020,IL,11,194557,112807,BILL FOSTER,D,"['FOSTER B', 'HARLSON J', 'LAIB R']",26.597129136788954,True,26.197757390417937,BILL FOSTER,D,1,0.3993717463710169
2020,IL,12,127577,194839,MIKE BOST,R,"['BOST M', 'LENZI R']",-20.86186789737482,True,-14.48979591836735,MIKE BOST,R,-1,-6.3720719790074725
2020,IL,13,151648,181373,RODNEY DAVIS,R,"['LONDRIGAN B', 'DAVIS R']",-8.925863534131482,True,-3.58974358974359,RODNEY DAVIS,R,-1,-5.336119944387892
2020,IL,14,203209,197835,LAUREN UNDERWOOD,D,"['OBERWEIS J', 'MONACK J', 'UNDERWOOD L']",1.3400025932316653,True,2.4489795918367405,LAUREN UNDERWOOD,D,1,-1.1089769986050753
2020,IL,15,88559,244947,MARY MILLER,R,"['WEAVER E', 'MILLER M']",-46.89210988707849,True,-47.196738022426096,JOHN M SHIMKUS,R,0,0.30462813534760613
2020,IL,16,119313,218839,ADAM KINZINGER,R,"['KINZINGER A', 'MCCULLOUGH B', 'BRZOZOWSKI D', 'JONES R']",-29.432326291135347,True,-16.359918200409,ADAM KINZINGER,R,-1,-13.072408090726348
2020,IL,17,156011,143863,CHERI BUSTOS,D,"['BUSTOS C', 'KING E', 'GENERAL G']",4.0510347679358665,True,-1.6359918200409012,CHERI BUSTOS,D,1,5.687026587976767
2020,IL,18,110039,261840,DARIN LAHOOD,R,"['LAHOOD D', 'PETRILLI G']",-40.81999790254357,True,-24.667349027635623,DARIN LAHOOD,R,-1,-16.152648874907946
2020,IN,1,185180,132247,FRANK J MRVAN,D,"['MRVAN F', 'LEYVA M', 'STRAUSS M']",16.675645108954186,True,8.943089430894313,PETER J VISCLOSKY,D,0,7.732555678059873
2020,IN,2,114967,183601,JACKIE WALORSKI,R,"['WALORSKI J', 'HACKETT P']",-22.9877280887436,True,-20.773930753564155,JACKIE WALORSKI,R,-1,-2.2137973351794464
2020,IN,3,104762,220989,JIM BANKS,R,"['COLDIRON C', 'BANKS J']",-35.679706278722094,True,-30.541368743615934,JIM BANKS,R,-1,-5.13833753510616
2020,IN,4,112984,225531,JAMES R BAIRD,R,"['BAIRD J', 'MACKEY J']",-33.24727116966752,True,-30.470347648261754,JIM BAIRD,R,-1,-2.7769235214057666
2020,IN,5,191226,208212,VICTORIA SPARTZ,R,"['HALE C', 'TUCKER K', 'SPARTZ V']",-4.252474726991423,True,-2.2448979591836764,SUSAN W BROOKS,R,0,-2.0075767678077465
2020,IN,6,91103,225319,GREG PENCE,R,"['PENCE G', 'LAKE J', 'FERKINHOFF T']",-42.41677253793984,True,-40.55158324821245,GREG PENCE,R,-1,-1.8651892897273896
2020,IN,7,176422,106146,ANDRE CARSON,D,"['CARSON A', 'SMITH S']",24.870473655898756,True,28.105906313645626,ANDRE D CARSON,D,1,-3.2354326577468697
2020,IN,8,95691,214643,LARRY BUCSHON,R,"['MARSILI E', 'RODENBERGER J', 'BUCSHON L']",-38.33031507988168,True,-32.58655804480651,LARRY D BUCSHON,R,-1,-5.74375703507517
2020,IN,9,122566,222057,TREY HOLLINGSWORTH,R,"['RUFF A', 'MILLIS T', 'HOLLINGSWORTH T']",-28.86951828519861,True,-24.08163265306122,TREY HOLLINGSWORTH,R,-1,-4.787885632137389
2020,KS,1,84393,208229,TRACEY MANN,R,"['BARNETT K', 'MANN T']",-42.31944283068259,True,-42.53578732106339,ROGER MARSHALL,R,0,0.2163444903807985
2020,KS,2,136650,185464,JAKE LATURNER,R,"['LATURNER J', 'ISLA M', 'GARRARD R']",-15.15426215563434,True,-15.368852459016395,STEVE WATKINS,R,0,0.21459030338205487
2020,KS,3,220049,178773,SHARICE DAVIDS,D,"['ADKINS A', 'DAVIDS S', 'HOHE S']",10.34947921629198,True,10.81632653061224,SHARICE DAVIDS,D,1,-0.46684731432026005
2020,KS,4,116166,203432,RON ESTES,R,"['LOMBARD L', 'ESTES R']",-27.304926814310477,True,-22.21084953940635,RON ESTES,R,-1,-5.0940772749041265
2020,KY,1,82141,246329,JAMES COMER,R,"['COMER J', 'RHODES J']",-49.985691235120406,True,-48.27586206896551,JAMES R COMER,R,-1,-1.709829166154897
2020,KY,2,94643,255735,BRETT GUTHRIE,R,"['GUTHRIE B', 'LINDERMAN H', 'CARTER L', 'TRIBBLE P', 'PERRY R']",-45.97663095285663,True,-37.67820773930753,S BRETT GUTHRIE,R,0,-8.2984232135491
2020,KY,3,230672,137425,JOHN A YARMUTH,D,"['YARMUTH J', 'PALAZZO R']",25.332181463038275,True,22.32415902140673,JOHN A YARMUTH,D,1,3.008022441631546
2020,KY,4,125896,256613,THOMAS MASSIE,R,"['OWENSBY A', 'MASSIE T']",-34.17357500084965,True,-31.906218144750262,THOMAS MASSIE,R,-1,-2.26735685609939
2020,KY,5,47056,250914,HAROLD ROGERS,R,"['ROGERS H', 'BEST M']",-68.41561230996409,True,-62.31003039513678,"HAROLD \""HAL\"" ROGERS",R,-1,-6.105581914827312
2020,KY,6,155011,216948,ANDY BARR,R,"['BARR A', 'HARRIS F', 'HICKS J']",-16.651566436085698,True,-9.276248725790012,ANDY BARR,R,-1,-7.375317710295686
2020,LA,1,94730,270330,STEVE SCALISE,R,"['KEARNEY H', 'DUGAS L', 'SCALISE S']",-48.1016819153016,True,-38.63404689092763,STEVE SCALISE,R,-1,-9.467635024373969
2020,LA,2,235320,63140,CEDRIC L RICHMOND,D,"['BATISTE B', 'RICHMOND C', 'JAMES C', 'SCHILLING D', 'HARRIS G', 'VINCENT S']",57.689472626147555,True,53.20447609359105,CEDRIC RICHMOND,D,1,4.484996532556508
2020,LA,3,100275,230480,CLAY HIGGINS,R,"['ANDERSON R', 'LELEUX B', 'HARRIS B', 'HIGGINS C']",-39.36599597889677,True,-38.55544252288911,CLAY HIGGINS,R,-1,-0.8105534560076606
2020,LA,4,101970,204608,MIKE JOHNSON,R,"['GIBSON B', 'HOUSTON K', 'JOHNSON M', 'TRUNDLE R']",-33.47859272354833,True,-24.873096446700508,"\""MIKE\"" JOHNSON",R,-1,-8.605496276847823
2020,LA,5,99566,335524,LUKE J LETLOW,R,"['HASTY M', 'ROBINSON S', 'GUILLORY A', 'LAGARDE J', 'HARRIS L', 'LETLOW L', 'LEMELLE M', 'SNOWDEN P', 'CHRISTOPHE S']",-54.231997977429955,True,-30.8316430020284,RALPH ABRAHAM,R,0,-23.400354975401555
2020,LA,6,95541,265706,GARRET GRAVES,R,"['WILLIAMS D', 'GRAVES G', 'TORREGANO R', 'SLOAN S']",-47.10488945236916,True,-29.93890020366599,GARRET GRAVES,R,-1,-17.165989248703166
2020,MA,2,249854,132220,JAMES P MCGOVERN,D,"['MCGOVERN J', 'LOVVORN T', 'UNDERVOTES', 'WRITEIN']",30.788276616571657,True,26.380368098159504,JAMES P MCGOVERN,D,1,4.407908518412153
2020,MA,4,251102,160474,JAKE AUCHINCLOSS,D,"['AUCHINCLOSS J', 'HALL J', 'UNDERVOTES', 'WRITEIN']",22.01974847901724,True,31.36456211812627,JOSEPH P KENNEDY III,D,0,-9.344813639109027
2020,MA,5,294427,101351,KATHERINE M CLARK,D,"['COLARUSSO C', 'CLARK K', 'UNDERVOTES', 'WRITEIN']",48.78391421453441,True,51.422764227642276,KATHERINE M CLARK,D,1,-2.638850013107863
2020,MA,6,286377,150695,SETH MOULTON,D,"['MORAN J', 'MOULTON S', 'UNDERVOTES', 'WRITEIN']",31.043397884101477,True,27.494908350305497,SETH W MOULTON,D,1,3.54848953379598
2020,MA,9,260262,154261,WILLIAM R KEATING,D,"['BRADY H', 'MANLEY M', 'UNDERVOTES', 'KEATING W', 'WRITEIN']",25.571801805931155,True,17.92260692464359,BILL KEATING,D,0,7.649194881287567
2020,MD,1,143877,250901,ANDY HARRIS,R,"['HARRIS A', 'MASON M', 'WRITEIN']",-27.109920005674073,True,-20.12257405515832,ANDY HARRIS,R,-1,-6.987345950515753
2020,MD,2,224836,106355,C A DUTCH RUPPERSBERGER,D,"['RUPPERSBERGER C', 'SALLING J', 'WRITEIN']",35.77422091783895,True,34.01221995926681,CA DUTCH RUPPERSBERGER,D,1,1.7620009585721448
2020,MD,3,260358,112117,JOHN P SARBANES,D,"['ANTHONY C', 'SARBANES J', 'WRITEIN']",39.79891267870327,True,40.06116207951071,JOHN SARBANES,D,1,-0.2622494008074412
2020,MD,4,282119,71671,ANTHONY G BROWN,D,"['BROWN A', 'MCDERMOTT G', 'WRITEIN']",59.483874614884535,True,60.93591047812817,ANTHONY G BROWN,D,1,-1.452035863243637
2020,MD,5,274210,123525,STENY H HOYER,D,"['PALOMBI C', 'HOYER S', 'WRITEIN']",37.88577821916603,True,39.57273652085452,STENY H HOYER,D,1,-1.6869583016884917
2020,MD,6,215540,143599,DAVID J TRONE,D,"['TRONE D', 'GLUCK G', 'HERRICK J', 'PARROTT N', 'WRITEIN']",20.031519829369685,True,23.547400611620798,DAVID TRONE,D,1,-3.515880782251113
2020,MD,7,237105,92825,KWEISI MFUME,D,"['SMITH C', 'KLACIK K', 'MFUME K', 'BLY R', 'WRITEIN']",43.73048828539387,True,59.34959349593497,ELIJAH CUMMINGS,D,0,-15.6191052105411
2020,MD,8,274716,127157,JAMIE RASKIN,D,"['COLL G', 'RASKIN J', 'YOUNG L', 'WRITEIN']",36.717818813406225,True,41.140529531568234,JAMIE RASKIN,D,1,-4.4227107181620084
2020,ME,1,271004,165008,CHELLIE PINGREE,D,"['PINGREE C', 'ALLEN J', 'UNDERVOTES', 'WRITEIN']",24.310340082383053,True,23.789907312049436,CHELLIE PINGREE,D,1,0.5204327703336169
2020,ME,2,197974,175228,JARED F GOLDEN,D,"['CRAFTS D', 'GOLDEN J', 'UNDERVOTES', 'WRITEIN']",6.094822642965472,True,-7.723995880535531,JARED F GOLDEN,D,1,13.818818523501003
2020,MI,1,153328,256581,JACK BERGMAN,R,"['BOREN B', 'FERGUSON D', 'BERGMAN J']",-25.1892493211908,True,-17.563451776649742,JACK BERGMAN,R,-1,-7.625797544541058
2020,MI,2,154122,238711,BILL HUIZENGA,R,"['HUIZENGA B', 'BERGHOEF B', 'SICKLE G', 'CREVIERE J', 'RIEKSE M']",-21.53306875949831,True,-12.0162932790224,BILL HUIZENGA,R,-1,-9.516775480475909
2020,MI,3,189769,213649,PETER MEIJER,R,"['SCHOLTEN H', 'MEIJER P', 'FUENTES R']",-5.919418568333589,True,-3.2653061224489823,JUSTIN AMASH,R,0,-2.654112445884607
2020,MI,4,120802,242621,JOHN R MOOLENAAR,R,"['SLEPR A', 'CANNY D', 'HILLIARD J', 'MOOLENAAR J']",-33.5198927970987,True,-24.516785350966426,JOHN MOOLENAAR,R,-1,-9.003107446132272
2020,MI,5,196599,150772,DANIEL T KILDEE,D,"['KILDEE D', 'HARRIS J', 'GOODWIN K', 'KELLY T']",13.192523267630285,True,4.365482233502536,DANIEL T KILDEE,D,1,8.827041034127749
2020,MI,6,152085,211496,FRED UPTON,R,"['UPTON F', 'DEPOY J', 'SOLIS J', 'LAWRENCE J', 'HOADLEY J']",-16.340512843080358,True,-4.587155963302752,FRED UPTON,R,-1,-11.753356879777606
2020,MI,7,159743,227524,TIM WALBERG,R,"['DRISKELL G', 'WALBERG T']",-17.50239498847049,True,-15.768056968463886,TIM WALBERG,R,-1,-1.7343380200066019
2020,MI,8,217922,202525,ELISSA SLOTKIN,D,"['SLOTKIN E', 'HARTMAN J', 'JUNGE P']",3.6620549082286233,True,-0.8130081300813051,ELISSA SLOTKIN,D,1,4.475063038309928
2020,MI,9,230318,153296,ANDY LEVIN,D,"['KIRBY A', 'LEVIN A', 'LANGWORTHY C', 'TROSZAK D', 'SALIBA M']",20.077995067958938,True,13.387423935091274,ANDY LEVIN,D,1,6.690571132867664
2020,MI,10,138179,271607,LISA MCCLAIN,R,"['BIZON K', 'MCCLAIN L']",-32.560409579634246,True,-30.223123732251526,PAUL MITCHELL,R,0,-2.33728584738272
2020,MI,11,226128,215405,HALEY M STEVENS,D,"['ESSHAKI E', 'ACOSTA F', 'STEVENS H', 'SCHWARTZ L']",2.428584046945528,True,4.5592705167173255,HALEY STEVENS,D,1,-2.1306864697717973
2020,MI,12,254957,117719,DEBBIE DINGELL,D,"['DINGELL D', 'WALKOWICZ G', 'JONES J']",36.82501690476446,True,30.223123732251526,DEBBIE DINGELL,D,1,6.601893172512934
2020,MI,13,223205,53311,RASHIDA TLAIB,D,"['BOMER A', 'WILCOXON D', 'DUDENHOEFER D', 'EASON D', 'TLAIB R', 'JOHNSON S']",61.44092927714852,True,59.51417004048583,RASHIDA TLAIB,D,1,1.92675923666269
2020,MI,14,271370,62664,BRENDA L LAWRENCE,D,"['LAWRENCE B', 'SHABAZZ C', 'GIOIA L', 'KOLODY P', 'PATRICK R']",62.480466060341165,True,60.60606060606061,BRENDA LAWRENCE,D,1,1.8744054542805557
2020,MN,1,167890,179234,JIM HAGEDORN,R,"['ROOD B', 'FEEHAN D', 'HAGEDORN J', 'WRITEIN']",-3.2679964508360126,True,-10.31664964249234,JIM HAGEDORN,R,-1,7.048653191656328
2020,MN,2,204534,194954,ANGIE CRAIG,D,"['WEEKS A', 'CRAIG A', 'KISTNER T', 'WRITEIN']",2.3980695289971163,True,7.0480081716036755,ANGIE CRAIG,D,1,-4.649938642606559
2020,MN,3,246666,196625,DEAN PHILLIPS,D,"['PHILLIPS D', 'QUALLS K', 'WRITEIN']",11.288521535515045,True,19.67380224260959,DEAN PHILLIPS,D,1,-8.385280707094545
2020,MN,4,245813,112730,BETTY MCCOLLUM,D,"['MCCOLLUM B', 'RECHTZIGEL G', 'SINDT S', 'WRITEIN']",37.11772367610022,True,37.755102040816325,BETTY MCCOLLUM,D,1,-0.6373783647161062
2020,MN,5,255924,102878,ILHAN OMAR,D,"['OMAR I', 'JOHNSON L', 'MOORE M', 'WRITEIN']",42.654723217819296,True,63.877551020408156,ILHAN OMAR,D,1,-21.22282780258886
2020,MN,6,140853,270901,TOM EMMER,R,"['ZAHRADKA T', 'EMMER T', 'WRITEIN']",-31.583906895865006,True,-20.654396728016362,TOM EMMER,R,-1,-10.929510167848644
2020,MN,7,144840,194066,MICHELLE FISCHBACH,R,"['PETERSON C', 'FISCHBACH M', 'ANDERSON R', 'JOHNSON S', 'WRITEIN']",-14.524971526027866,True,-29.93890020366599,COLLIN C PETERSON,D,1,15.413928677638125
2020,MN,8,147853,223432,PETE STAUBER,R,"['SCHWARTZBACKER J', 'STAUBER P', 'NYSTROM Q', 'WRITEIN']",-20.356060708081394,True,-14.897959183673464,PETE STAUBER,R,-1,-5.45810152440793
2020,MO,1,249087,59940,CORI BUSH,D,"['FURMAN A', 'ROGERS A', 'BUSH C', 'BAKER M']",61.207273150889726,True,63.21138211382114,LACY CLAY,D,0,-2.0041089629314115
2020,MO,2,204540,233157,ANN WAGNER,R,"['WAGNER A', 'BUFE G', 'SCHUPP J', 'SCHULTE M']",-6.538084565350003,True,0.0,ANN WAGNER,R,-1,-6.538084565350003
2020,MO,3,116095,282866,BLAINE LUETKEMEYER,R,"['LUETKEMEYER B', 'STEINMAN L', 'REZABEK M', 'CLAPP T']",-41.8013289519527,True,-36.18756371049949,BLAINE LUETKEMEYER,R,-1,-5.613765241453208
2020,MO,4,107635,245247,VICKY HARTZLER,R,"['SIMMONS L', 'KOONSE S', 'HARTZLER V']",-38.996605097454676,True,-34.8314606741573,VICKY HARTZLER,R,-1,-4.165144423297377
2020,MO,5,207180,135934,EMANUEL CLEAVER,D,"['WINTERS A', 'BALLARD B', 'CLEAVER E', 'DORN E', 'DOMINICK R', 'DERKS R']",20.764527241674777,True,19.183673469387752,EMANUEL CLEAVER II,D,1,1.5808537722870248
2020,MO,6,118926,258709,SAM GRAVES,R,"['ROSS G', 'HIGGINS J', 'GRAVES S']",-37.01537198617713,True,-28.789420142421157,SAM GRAVES,R,-1,-8.225951843755972
2020,MO,7,98111,254318,BILLY LONG,R,"['RICHARDS A', 'LONG B', 'DAVIS D', 'CRAIG K', 'MONTSENY T']",-44.32297001665584,True,-42.711518858307855,BILLY LONG,R,-1,-1.6114511583479825
2020,MO,8,70561,253811,JASON SMITH,R,"['SMITH J', 'ELLIS K', 'SCHMITZ T']",-56.4937787478574,True,-56.79513184584179,JASON SMITH,R,-1,0.30135309798438925
2020,MS,1,104008,228787,TRENT KELLY,R,"['ELIASON A', 'KELLY T']",-37.4942532189486,True,-31.440162271805274,TRENT KELLY,R,-1,-6.054090947143326
2020,MS,2,196224,101010,BENNIE G THOMPSON,D,"['THOMPSON B', 'FLOWERS B']",32.033347463614525,True,28.816986855409503,BENNIE G THOMPSON,D,1,3.2163606082050222
2020,MS,3,120782,221064,MICHAEL GUEST,R,"['BENFORD D', 'GUEST M']",-29.335431744118697,True,-21.783181357649443,MICHAEL GUEST,R,-1,-7.552250386469254
2020,MT,0,262340,339169,MATT ROSENDALE,R,"['WILLIAMS K', 'ROSENDALE M']",-12.772709967764406,True,-16.717948717948715,GREG GIANFORTE,R,0,3.945238750184309
2020,ND,0,97970,245229,KELLY ARMSTRONG,R,"['ARMSTRONG K', 'PETERSON S', 'WRITEIN', 'RAKNERUD Z']",-42.907759055242,True,-34.496919917864474,KELLY ARMSTRONG,R,-1,-8.410839137377529
2020,NE,1,119622,189006,JEFF FORTENBERRY,R,"['GRACE D', 'FORTENBERRY J', 'BOLZ K']",-22.481433959329678,True,-15.368852459016395,JEFF FORTENBERRY,R,-1,-7.112581500313283
2020,NE,2,155706,171071,DON BACON,R,"['BACON D', 'EASTMAN K', 'SCHAEFFER T']",-4.701983309718861,True,6.639427987742594,DON BACON,R,-1,-11.341411297461455
2020,NE,3,50690,225157,ADRIAN SMITH,R,"['SMITH A', 'HOBBS D', 'ELWORTH M']",-63.24774240792903,True,-54.285714285714285,ADRIAN SMITH,R,-1,-8.962028122214747
2020,NH,1,205606,185159,CHRIS PAPPAS,D,"['PAPPAS C', 'MOWERS M', 'WRITEIN', 'DUMONT Z']",5.232556651696032,True,6.097560975609756,CHRIS PAPPAS,D,1,-0.8650043239137242
2020,NH,2,208289,168886,ANN M KUSTER,D,"['OLDING A', 'KUSTER A', 'NEGRON S', 'WRITEIN']",10.446874792868032,True,8.850457782299086,ANNE MCLANE KUSTER,D,1,1.5964170105689455
2020,NJ,1,240567,144463,DONALD NORCROSS,D,"['GUSTAFSON C', 'NORCROSS D']",24.96013297665117,True,25.835866261398177,DONALD W NORCROSS,D,1,-0.8757332847470067
2020,NJ,2,173849,195526,JEFFERSON VAN DREW,R,"['KENNEDY A', 'DREW J', 'HARVEY J', 'EHRNSTROM J']",-5.868561759729272,True,-2.938196555217831,JEFF VAN DREW,D,1,-2.9303652045114412
2020,NJ,3,229840,196327,ANDY KIM,D,"['KIM A', 'RICHTER D', 'WEBER M', 'SHAPIRO R']",7.863818643864963,True,-0.20283975659228778,ANDY KIM,D,1,8.066658400457252
2020,NJ,4,162420,254103,CHRISTOPHER H SMITH,R,"['PACHUTA A', 'SMITH C', 'SCHROEDER H', 'RUFO M', 'SCHMID S']",-22.011509568499218,True,-10.638297872340425,CHRISTOPHER H SMITH,R,-1,-11.373211696158792
2020,NJ,5,225175,193333,JOSH GOTTHEIMER,D,"['PALLOTTA F', 'GOTTHEIMER J', 'VELLUCCI L']",7.608456708115496,True,5.27383367139959,JOSH GOTTHEIMER,D,1,2.3346230367159064
2020,NJ,6,199648,126760,FRANK PALLONE JR,D,"['ONUOHA C', 'PALLONE F']",22.330335040807824,True,15.90678824721378,FRANK PALLONE JR,D,1,6.423546793594044
2020,NJ,7,219629,214318,TOM MALINOWSKI,D,"['KEAN T', 'MALINOWSKI T']",1.2238821791601278,True,10.050761421319804,TOM MALINOWSKI,D,1,-8.826879242159675
2020,NJ,8,176758,58686,ALBIO SIRES,D,"['SIRES A', 'DELANEY D', 'MUSHNICK J']",50.148655306569715,True,45.050505050505045,ALBIO SIRES,D,1,5.09815025606467
2020,NJ,9,203674,98629,BILL PASCRELL JR,D,"['PASCRELL B', 'PREMPEH B', 'AURIEMMA C']",34.74824927308032,True,25.65656565656566,BILL PASCRELL JR,D,1,9.091683616514658
2020,NJ,10,241522,40298,DONALD M PAYNE JR,D,"['KHALFANI A', 'PAYNE D', 'ZINONE J', 'MIRRIONE J', 'FITCHETTE K']",71.40160386062026,True,69.75806451612902,DONALD M PAYNE JR,D,1,1.6435393444912307
2020,NJ,11,235163,206013,MIKIE SHERRILL,D,"['SHERRILL M', 'BECCHI R']",6.607340381163073,True,6.7882472137791305,MIKIE SHERRILL,D,1,-0.18090683261605722
2020,NJ,12,230883,114591,BONNIE WATSON COLEMAN,D,"['COLEMAN B', 'FORCHION E', 'CODY K', 'RAZZOLI M']",33.6615780058702,True,36.372847011144884,BONNIE WATSON COLEMAN,D,1,-2.711269005274687
2020,NM,1,186953,134337,DEBRA A HAALAND,D,"['HAALAND D', 'HOLMES M']",16.376482305705125,True,23.360655737704924,DEBRA A HAALAND,D,1,-6.9841734319998
2020,NM,2,122546,142283,YVETTE HERRELL,R,"['JONES S', 'SMALL X', 'HERRELL Y']",-7.452733650770875,True,-12.04081632653061,XOCHITL TORRES SMALL,D,1,4.588082675759735
2020,NM,3,186282,131166,TERESA LEGER FERNANDEZ,D,"['JOHNSON A', 'FERNANDEZ T']",17.36221365388977,True,17.995910020449898,BEN R LUJAN,D,0,-0.6336963665601267
2020,NV,1,137868,74490,DINA TITUS,D,"['TITUS D', 'BENTLEY J', 'BAKARI K', 'STRAWDER R']",29.844884581696945,True,25.63840653728294,DINA TITUS,D,1,4.2064780444140055
2020,NV,2,155780,216078,MARK E AMODEI,R,"['HANSEN J', 'AMODEI M', 'ACKERMAN P']",-16.215329507500176,True,-10.288065843621398,MARK E AMODEI,R,-1,-5.927263663878778
2020,NV,3,203421,190975,SUSIE LEE,D,"['RODIMER D', 'BRIDGES E', 'BROWN S', 'LEE S']",3.155711518372397,True,0.20408163265306412,SUSIE LEE,D,1,2.951629885719333
2020,NV,4,168457,152284,STEVEN HORSFORD,D,"['RUBINSON B', 'MARCHANT J', 'ESTEBAN J', 'HORSFORD S']",5.0423862243991255,True,3.9836567926455553,STEVEN A HORSFORD,D,1,1.0587294317535703
2020,NY,1,169294,205715,LEE M ZELDIN,R,"['ZELDIN L', 'ZELDIN L', 'ZELDIN L', 'GOROFF N', 'GOROFF N', 'UNDERVOTES', 'VOID', 'WRITEIN']",-9.712033577860797,True,-4.251012145748991,LEE M ZELDIN,R,-1,-5.4610214321118065
2020,NY,2,154246,177379,ANDREW R GARBARINO,R,"['GARBARINO A', 'GARBARINO A', 'GARBARINO A', 'GARBARINO A', 'BURGER H', 'GORDON J', 'GORDON J', 'GORDON J', 'UNDERVOTES', 'VOID', 'WRITEIN']",-6.975650207312476,True,-4.048582995951417,PETER T KING,R,0,-2.9270672113610594
2020,NY,3,208555,161931,THOMAS R SUOZZI,D,"['SANTOS G', 'SANTOS G', 'RABIN H', 'SUOZZI T', 'SUOZZI T', 'SUOZZI T', 'UNDERVOTES', 'VOID', 'WRITEIN']",12.584551103145598,True,10.50505050505051,THOMAS R SUOZZI,D,1,2.0795005980950876
2020,NY,4,199762,153007,KATHLEEN M RICE,D,"['TUMAN D', 'TUMAN D', 'NAHAM J', 'RICE K', 'UNDERVOTES', 'VOID', 'WRITEIN']",13.253715604262279,True,12.323232323232325,KATHLEEN M RICE,D,1,0.9304832810299537
2020,NY,6,158862,74829,GRACE MENG,D,"['MENG G', 'MENG G', 'ZMICH T', 'ZMICH T', 'ZMICH T', 'ZMICH T', 'UNDERVOTES', 'VOID', 'WRITEIN']",35.95902281217505,True,24.59677419354839,GRACE MENG,D,1,11.362248618626658
2020,NY,7,191073,32520,NYDIA M VELAZQUEZ,D,"['KELLY B', 'KELLY B', 'MIDONNET G', 'VELAZQUEZ N', 'VELAZQUEZ N', 'UNDERVOTES', 'VOID', 'WRITEIN']",70.91143282660906,True,65.08577194752776,NYDIA M VELAZQUEZ,D,1,5.825660879081298
2020,NY,8,234933,42007,HAKEEM S JEFFRIES,D,"['WALLACE G', 'WALLACE G', 'JEFFRIES H', 'JEFFRIES H', 'UNDERVOTES', 'VOID', 'WRITEIN']",69.66346501047158,True,66.80080482897385,HAKEEM S JEFFRIES,D,1,2.8626601814977306
2020,NY,9,230221,43950,YVETTE D CLARKE,D,"['PIERRE C', 'PIERRE C', 'POPKIN G', 'AZUMAH J', 'UNDERVOTES', 'VOID', 'WRITEIN', 'CLARKE Y', 'CLARKE Y']",67.9397164543296,True,64.11290322580646,YVETTE D CLARKE,D,1,3.826813228523136
2020,NY,10,206310,66889,JERROLD L NADLER,D,"['BERNSTEIN C', 'BERNSTEIN C', 'NADLER J', 'NADLER J', 'MADRID M', 'UNDERVOTES', 'VOID', 'WRITEIN']",51.032763663117365,True,53.73737373737374,JERROLD L NADLER,D,1,-2.7046100742563723
2020,NY,11,137198,155608,NICOLE MALLIOTAKIS,R,"['ROSE M', 'ROSE M', 'MALLIOTAKIS N', 'MALLIOTAKIS N', 'UNDERVOTES', 'VOID', 'WRITEIN']",-6.287439465038284,True,-10.595358224016145,MAX N ROSE,D,1,4.307918758977861
2020,NY,12,265172,53061,CAROLYN B MALONEY,D,"['CANO C', 'CANO C', 'MALONEY C', 'KOLLN S', 'UNDERVOTES', 'VOID', 'WRITEIN']",66.65273557424905,True,70.07077856420628,CAROLYN B MALONEY,D,1,-3.418042989957229
2020,NY,13,231841,19829,ADRIANO ESPAILLAT,D,"['ESPAILLAT A', 'ESPAILLAT A', 'PERRY C', 'GWINN L', 'UNDERVOTES', 'VOID', 'WRITEIN']",84.24206301903286,True,77.62096774193549,ADRIANO ESPAILLAT,D,1,6.621095277097368
2020,NY,14,152661,58440,ALEXANDRIA OCASIO-CORTEZ,D,"['CORTEZ A', 'CUMMINGS J', 'CUMMINGS J', 'CABRERA M', 'UNDERVOTES', 'VOID', 'WRITEIN']",44.63313769238422,True,47.782258064516135,ALEXANDRIA OCASIO-CORTEZ,D,1,-3.149120372131918
2020,NY,15,169533,21221,RITCHIE TORRES,D,"['DELICES P', 'DELICES P', 'TORRES R', 'UNDERVOTES', 'VOID', 'WRITEIN']",77.75040104008303,True,73.8430583501006,JOSE E SERRANO,D,0,3.9073426899824284
2020,NY,17,197354,117309,MONDAIRE JONES,D,"['EISEN J', 'SCHULMAN M', 'PARIETTI M', 'JONES M', 'JONES M', 'UNDERVOTES', 'VOID', 'WRITEIN', 'GOTTESFELD Y']",25.438326082189516,True,20.404040404040405,NITA M LOWEY,D,0,5.034285678149111
2020,NY,18,187444,145145,SEAN PATRICK MALONEY,D,"['FARLEY C', 'FARLEY C', 'SMITH S', 'SMITH S', 'MALONEY S', 'MALONEY S', 'MALONEY S', 'UNDERVOTES', 'VOID', 'WRITEIN']",12.718099516219718,True,5.070993914807302,SEAN PATRICK MALONEY,D,1,7.647105601412416
2020,NY,19,192100,151475,ANTONIO DELGADO,D,"['DELGADO A', 'DELGADO A', 'DELGADO A', 'WATER K', 'GREENFIELD S', 'UNDERVOTES', 'ALEXANDER V', 'VOID', 'WRITEIN']",11.824201411627739,True,1.529051987767584,ANTONIO DELGADO,D,1,10.295149423860154
2020,NY,20,219705,139446,PAUL D TONKO,D,"['JOY E', 'JOY E', 'JOY E', 'TONKO P', 'TONKO P', 'TONKO P', 'UNDERVOTES', 'VOID', 'WRITEIN']",22.34686803043845,True,21.0204081632653,PAUL D TONKO,D,1,1.3264598671731491
2020,NY,21,131995,188655,ELISE M STEFANIK,R,"['STEFANIK E', 'STEFANIK E', 'STEFANIK E', 'COBB T', 'COBB T', 'UNDERVOTES', 'VOID', 'WRITEIN']",-17.670357087166693,True,-10.612244897959188,ELISE M STEFANIK,R,-1,-7.058112189207504
2020,NY,22,155989,156098,CLAUDIA TENNEY,R,"['BRINDISI A', 'BRINDISI A', 'BRINDISI A', 'TENNEY C', 'TENNEY C', 'PRICE K', 'UNDERVOTES', 'VOID', 'WRITEIN']",-0.03492615841095592,True,-11.746680286006129,ANTHONY J BRINDISI,D,1,11.711754127595173
2020,NY,23,128976,181021,TOM REED,R,"['KOLSTEE A', 'REED T', 'REED T', 'REED T', 'MITRANO T', 'MITRANO T', 'UNDERVOTES', 'VOID', 'WRITEIN']",-16.78887215037565,True,-11.4519427402863,THOMAS W REED II,R,-1,-5.336929410089349
2020,NY,24,147877,182809,JOHN M KATKO,R,"['BALTER D', 'KATKO J', 'KATKO J', 'KATKO J', 'WILLIAMS S', 'UNDERVOTES', 'VOID', 'WRITEIN']",-10.563495279509867,True,9.202453987730062,JOHN M KATKO,R,-1,-19.76594926723993
2020,NY,25,206396,136198,JOSEPH D MORELLE,D,"['MITRIS G', 'MITRIS G', 'MORELLE J', 'MORELLE J', 'MORELLE J', 'WILSON K', 'UNDERVOTES', 'VOID', 'WRITEIN']",20.490142851305045,True,22.778345250255366,JOSEPH D MORELLE,D,1,-2.2882023989503217
2020,NY,26,223366,91706,BRIAN HIGGINS,D,"['HIGGINS B', 'HIGGINS B', 'HIGGINS B', 'RALEIGH M', 'DONOVAN R', 'UNDERVOTES', 'VOID', 'WRITEIN']",41.78727401990656,True,27.494908350305497,BRIAN HIGGINS,D,1,14.292365669601065
2020,NY,27,149449,228885,CHRIS JACOBS,R,"['JACOBS C', 'JACOBS C', 'JACOBS C', 'WHITMER D', 'MCMURRAY N', 'MCMURRAY N', 'UNDERVOTES', 'VOID', 'WRITEIN']",-20.996262561651875,True,-16.03677221654749,CHRIS COLLINS,R,0,-4.959490345104385
2020,OH,1,172022,199560,STEVE CHABOT,R,"['SCHRODER K', 'KAHN K', 'KIANI K', 'CHABOT S']",-7.411015603554532,True,-3.245436105476669,STEVE CHABOT,R,-1,-4.165579498077863
2020,OH,2,146781,230430,BRAD R WENSTRUP,R,"['WENSTRUP B', 'CASTLE J', 'CONDIT J']",-22.17565235372245,True,-12.893401015228429,BRAD WENSTRUP,R,-1,-9.282251338494023
2020,OH,3,227420,93569,JOYCE BEATTY,D,"['DAVIS A', 'BEATTY J', 'RICHARDSON M', 'MOSS N']",41.69955979799931,True,42.27642276422764,JOYCE BEATTY,D,1,-0.5768629662283331
2020,OH,4,101897,235875,JIM JORDAN,R,"['JORDAN J', 'FRESHOUR S', 'PERKINS S']",-39.665217957675594,True,-36.52085452695828,JIM JORDAN,R,-1,-3.1443634307173127
2020,OH,5,120962,257019,ROBERT E LATTA,R,"['RUBANDO N', 'LATTA R']",-35.99572465282647,True,-25.330620549338757,BOB LATTA,R,0,-10.66510410348771
2020,OH,6,85661,249130,BILL JOHNSON,R,"['JOHNSON B', 'ROBERTS S']",-48.82717874733789,True,-46.30192502532928,BILL JOHNSON,R,-1,-2.525253722008607
2020,OH,7,102271,236607,BOB GIBBS,R,"['GIBBS B', 'LAPE B', 'POTTER Q']",-39.64140487136964,True,-32.58883248730964,BOB GIBBS,R,-1,-7.052572384059999
2020,OH,8,110766,246277,WARREN DAVIDSON,R,"['REED I', 'ENOCH V', 'DAVIDSON W']",-37.95369185224189,True,-34.01015228426396,WARREN DAVIDSON,R,-1,-3.943539567977929
2020,OH,9,190328,111385,MARCY KAPTUR,D,"['KAPTUR M', 'LEVINDOFSKE M', 'WEBER R']",26.164931574045532,True,19.390862944162432,MARCY KAPTUR,D,1,6.7740686298831
2020,OH,10,151976,212972,MICHAEL R TURNER,R,"['TIMS D', 'TURNER M']",-16.71361399432248,True,-4.471544715447153,MIKE TURNER,R,-1,-12.242069278875327
2020,OH,11,242098,60323,MARCIA L FUDGE,D,"['GORE L', 'FUDGE M']",60.106606353394774,True,61.212121212121204,MARCIA L FUDGE,D,1,-1.1055148587264298
2020,OH,12,182847,241790,TROY BALDERSON,R,"['SHEARER A', 'STEWART J', 'BALDERSON T']",-13.8807970101522,True,-5.989847715736047,TROY BALDERSON,R,-1,-7.890949294416154
2020,OH,13,173631,148648,TIM RYAN,D,"['HAGAN C', 'FRICKE M', 'RYAN T']",7.75197887544643,True,3.4482758620689644,TIM RYAN,D,1,4.303703013377466
2020,OH,14,158586,238864,DAVID P JOYCE,R,"['JOYCE D', 'MUERI H']",-20.198263932570136,True,-9.10931174089069,DAVID P JOYCE,R,-1,-11.088952191679446
2020,OH,15,140183,243103,STEVE STIVERS,R,"['NEWBY J', 'HOFFMAN S', 'STIVERS S']",-26.85201129182908,True,-14.314720812182737,STEVE STIVERS,R,-1,-12.537290479646343
2020,OH,16,144071,247335,ANTHONY GONZALEZ,R,"['GODFREY A', 'GONZALEZ A']",-26.382835214585366,True,-14.48834853090172,ANTHONY GONZALEZ,R,-1,-11.894486683683647
2020,OK,1,109641,213700,KEVIN HERN,R,"['ROGERS E', 'HERN K', 'CAESAR K']",-32.18243278767617,True,-23.40862422997947,KEVIN HERN,R,-1,-8.7738085576967
2020,OK,2,63472,216511,MARKWAYNE MULLIN,R,"['LANIER D', 'MULLIN M', 'CASTALDO R']",-54.66010436347921,True,-54.989816700610994,MARKWAYNE MULLIN,R,-1,0.32971233713178094
2020,OK,3,66501,242677,FRANK D LUCAS,R,"['LUCAS F', 'MIDYETT Z']",-56.98206211308696,True,-52.712384851586485,FRANK D LUCAS,R,-1,-4.269677261500476
2020,OK,4,90459,213096,TOM COLE,R,"['WHITE B', 'BRANNON M', 'COLE T']",-40.40025695508228,True,-34.42622950819672,TOM COLE,R,-1,-5.974027446885557
2020,OK,5,145658,158191,STEPHANIE BICE,R,"['HORN K', 'BICE S']",-4.124746173263693,True,-5.447070914696812,KENDRA HORN,D,1,1.3223247414331185
2020,OR,1,297071,161928,SUZANNE BONAMICI,D,"['CHRISTENSEN C', 'BONAMICI S', 'WRITEIN']",29.442983535911843,True,30.113052415210685,SUZANNE BONAMICI,D,1,-0.6700688792988423
2020,OR,2,168881,273835,CLIFF BENTZ,R,"['SPENSER A', 'BENTZ C', 'WERCH R', 'WRITEIN']",-23.706845923797648,True,-13.817809621289662,GREG WALDEN,R,0,-9.889036302507986
2020,OR,3,343574,110570,EARL BLUMENAUER,D,"['DIBLASI A', 'BLUMENAUER E', 'HARBOUR J', 'SOLOMON J', 'WRITEIN']",51.3061936302142,True,51.94274028629857,EARL BLUMENAUER,D,1,-0.63654665608437
2020,OR,4,240950,216081,PETER A DEFAZIO,D,"['SKARLATOS A', 'HOFFAY D', 'DEFAZIO P', 'WRITEIN']",5.4414251987283135,True,4.1067761806981515,PETER DEFAZIO,D,1,1.334649018030162
2020,OR,5,234863,204372,KURT SCHRADER,D,"['COURSER A', 'SCHRADER K', 'RIX M', 'WRITEIN']",6.941842066319851,True,9.94871794871795,KURT SCHRADER,D,1,-3.0068758823980994
2020,PA,1,191875,249804,BRIAN K FITZPATRICK,R,"['FITZPATRICK B', 'FINELLO C']",-13.115633752114093,True,5.858585858585856,BRIAN K FITZPATRICK,R,-1,-18.974219610699947
2020,PA,2,198140,75022,BRENDAN F BOYLE,D,"['BOYLE B', 'TORRES D']",45.07142281869367,True,41.33064516129032,BRENDAN F BOYLE,D,1,3.740777657403349
2020,PA,3,341708,33671,DWIGHT EVANS,D,"['EVANS D', 'HARVEY M']",82.0602644260867,True,83.70221327967808,DWIGHT EVANS,D,1,-1.6419488535913729
2020,PA,4,264637,179926,MADELEINE DEAN CUNNANE,D,"['BARNETTE K', 'CUNNANE M']",19.054892107530318,True,24.368048533872596,MADELEINE DEAN CUNNANE,D,1,-5.313156426342278
2020,PA,5,255743,139552,MARY GAY SCANLON,D,"['PRUETT D', 'SCANLON M']",29.393490937148204,True,31.382441977800198,MARY GAY SCANLON,D,1,-1.988951040651994
2020,PA,6,226440,177526,CHRISSY J HOULAHAN,D,"['HOULAHAN C', 'EMMONS J']",12.108444770104414,True,15.182186234817815,CHRISTINA JAMPOLER HOULAHAN,D,1,-3.0737414647134003
2020,PA,7,195475,181407,SUSAN ELLIS WILD,D,"['SCHELLER L', 'WILD S']",3.7327333223661516,True,4.858299595141697,SUSAN ELLIS WILD,D,1,-1.1255662727755458
2020,PA,8,178004,165783,MATTHEW ALTON CARTWRIGHT,D,"['BOGNET J', 'CARTWRIGHT M']",3.5548173723846452,True,-4.44444444444445,MATTHEW ALTON CARTWRIGHT,D,1,7.999261816829096
2020,PA,9,118266,232988,DANIEL PHILIP MEUSER,R,"['MEUSER D', 'WEGMAN G']",-32.660695678910415,True,-30.8316430020284,DANIEL MEUSER,R,-1,-1.8290526768820143
2020,PA,10,182938,208896,SCOTT G PERRY,R,"['DEPASQUALE E', 'PERRY S']",-6.624744151860226,True,-2.944162436548229,SCOTT G PERRY,R,-1,-3.6805817153119973
2020,PA,11,141325,241915,LLOYD K SMUCKER,R,"['SMUCKER L', 'HAMMOND S']",-26.24726020248408,True,-22.233502538071072,LLOYD K SMUCKER,R,-1,-4.01375766441301
2020,PA,12,99199,241035,FREDERICK B KELLER,R,"['KELLER F', 'GRIFFIN L']",-41.68777958699013,True,-36.649746192893396,THOMAS A MARINO,R,0,-5.038033394096736
2020,PA,13,96612,267789,JOHN JOYCE,R,"['JOYCE J', 'ROWLEY R']",-46.9748985321116,True,-44.939271255060724,JOHN JOYCE,R,-1,-2.035627277050878
2020,PA,14,131895,241688,GUY RESCHENTHALER,R,"['RESCHENTHALER G', 'MARX W']",-29.389185268066267,True,-27.805864509605662,GUY L RESCHENTHALER,R,-1,-1.583320758460605
2020,PA,15,92156,255058,GLENN W THOMPSON JR,R,"['THOMPSON G', 'WILLIAMS R']",-46.91688699188397,True,-44.27558257345491,GLENN WILLIAM THOMPSON JR,R,-1,-2.6413044184290584
2020,PA,16,143962,210088,GEORGE J KELLY JR,R,"['KELLY G', 'GNIBUS K']",-18.67702301934755,True,-18.94630192502533,GEORGE J KELLY JR,R,-1,0.2692789056777798
2020,PA,17,222253,212284,CONOR J LAMB,D,"['LAMB C', 'PARNELL R']",2.2941659743589153,True,2.735562310030398,CONOR JAMES LAMB,D,1,-0.44139633567148273
2020,PA,18,266084,118163,MICHAEL F DOYLE JR,D,"['NEGRON L', 'DOYLE M']",38.496331786585195,True,30.43478260869565,MICHAEL F DOYLE JR,D,1,8.061549177889546
2020,RI,2,154086,109894,JAMES R LANGEVIN,D,"['LANGEVIN J', 'LANCIA R', 'WRITEIN']",16.74066217137662,True,13.705583756345177,JAMES R LANGEVIN,D,1,3.0350784150314425
2020,SC,1,210627,216042,NANCY MACE,R,"['CUNNINGHAM J', 'MACE N', 'WRITEIN']",-1.2691336844251633,True,-6.109979633401222,JOE CUNNINGHAM,D,1,4.8408459489760585
2020,SC,2,155118,202715,JOE WILSON,R,"['BOROUGHS A', 'WILSON J', 'WRIGHT K', 'WRITEIN']",-13.301456265911753,True,-11.47208121827411,JOE WILSON,R,-1,-1.8293750476376438
2020,SC,3,95712,237544,JEFF DUNCAN,R,"['CLEVELAND H', 'DUNCAN J', 'WRITEIN']",-42.559473797921115,True,-38.13387423935091,JEFF DUNCAN,R,-1,-4.425599558570205
2020,SC,4,133023,222126,WILLIAM R TIMMONS IV,R,"['NELSON K', 'CHANDLER M', 'TIMMONS W', 'WRITEIN']",-25.088906346350406,True,-20.773930753564155,WILLIAM TIMMONS,R,-1,-4.314975592786251
2020,SC,5,145979,220006,RALPH NORMAN,R,"['BROWN M', 'NORMAN R', 'WRITEIN']",-20.226785250761644,True,-16.835699797160245,RALPH W NORMAN,R,-1,-3.3910854536013986
2020,SC,6,197477,89258,JAMES E CLYBURN,D,"['CLYBURN J', 'MCCOLLUM J', 'HACKETT M', 'WRITEIN']",37.74181735749037,True,35.627530364372475,JAMES E JIM CLYBURN,D,1,2.1142869931178936
2020,SC,7,138863,224993,TOM RICE,R,"['WATSON M', 'RICE T', 'WRITEIN']",-23.671452442724593,True,-18.787878787878782,TOM RICE,R,-1,-4.8835736548458115
2020,TN,1,68617,228181,DIANA HARSHBARGER,R,"['WALSINGHAM B', 'HARSHBARGER D', 'BERGER J', 'HOLDER S']",-53.76181780200675,True,-55.03560528992878,PHIL ROE,R,0,1.2737874879220286
2020,TN,2,109684,238907,TIM BURCHETT,R,"['DOCKERY D', 'CAMPBELL M', 'HOYOS R', 'CORNELL R', 'BURCHETT T']",-37.070090736708636,True,-29.663608562691135,TIM BURCHETT,R,-1,-7.406482174017501
2020,TN,3,97687,215571,"CHARLES J \""CHUCK\"" FLEISCHMANN",R,"['HYSELL A', 'FLEISCHMANN C', 'SWEITZER K', 'GORMAN M', 'JAMES S']",-37.6316007891259,True,-32.9938900203666,CHUCK FLEISCHMANN,R,-1,-4.637710768759298
2020,TN,4,111908,223802,SCOTT DESJARLAIS,R,"['HALE C', 'DESJARLAIS S']",-33.330553155997734,True,-37.47454175152749,SCOTT DESJARLAIS,R,-1,4.1439885955297555
2020,TN,6,83852,257572,JOHN W ROSE,R,"['MONDAY C', 'FINLEY C', 'ROSE J']",-50.88101598013028,True,-47.9145473041709,JOHN ROSE,R,-1,-2.9664686759593764
2020,TN,7,95839,245188,MARK E GREEN,R,"['SREEPADA K', 'GREEN M', 'BROWN R', 'VIEIRA S']",-43.79389315215511,True,-36.25254582484726,MARK E GREEN,R,-1,-7.541347327307847
2020,TN,8,97890,227216,DAVID KUSTOFF,R,"['KUSTOFF D', 'PEARSON E', 'HART J', 'DILLARD J']",-39.77964110167145,True,-32.657200811359026,DAVID KUSTOFF,R,-1,-7.122440290312426
2020,TN,9,187905,48818,STEVE COHEN,D,"['LYONS B', 'SHAPPLEY C', 'BERGMANN C', 'CLARK D', 'COHEN S']",58.75516954415076,True,59.71515768056969,STEVE COHEN,D,1,-0.9599881364189287
2020,TX,1,83016,219726,LOUIE GOHMERT,R,"['GILBERT H', 'GOHMERT L']",-45.15726261965634,True,-44.939271255060724,LOUIE GOHMERT,R,-1,-0.21799136459561907
2020,TX,2,148374,192828,DAN CRENSHAW,R,"['CRENSHAW D', 'SCHEIRMAN E', 'LADJEVARDIAN S']",-13.028645787539347,True,-1.3197969543147179,DAN CRENSHAW,R,-1,-11.708848833224629
2020,TX,3,179458,230512,VAN TAYLOR,R,"['CLAYTOR C', 'SEIKALY L', 'TAYLOR V']",-12.453106324853039,True,-1.1167512690355272,VAN TAYLOR,R,-1,-11.336355055817512
2020,TX,4,76326,253837,PAT FALLON,R,"['ANTONELLI L', 'FALLON P', 'FOSTER R', 'JONES T']",-53.76465563979004,True,-50.607287449392715,JOHN RATCLIFFE,R,0,-3.157368190397328
2020,TX,5,100743,173836,LANCE GOODEN,R,"['SALTER C', 'HALE K', 'GOODEN L']",-26.62002556641258,True,-23.279352226720647,LANCE GOODEN,R,-1,-3.340673339691932
2020,TX,6,149530,179507,RON WRIGHT,R,"['BLACK M', 'WRIGHT R', 'DANIEL S']",-9.110525563994322,True,-3.0425963488843815,RON WRIGHT,R,-1,-6.067929215109941
2020,TX,7,159529,149054,LIZZIE FLETCHER,D,"['FLETCHER L', 'KELLY S', 'HUNT W']",3.3945486303522876,True,8.611955420466058,LIZZIE PANNILL FLETCHER,D,1,-5.21740679011377
2020,TX,8,97409,277327,KEVIN BRADY,R,"['DUNCAN C', 'HERNANDEZ E', 'BRADY K']",-48.01193373468255,True,-43.05977710233029,KEVIN BRADY,R,-1,-4.952156632352263
2020,TX,9,172938,49575,AL GREEN,D,"['GREEN A', 'TEAGUE J', 'SOSA J']",55.44080570573405,True,52.92929292929294,AL GREEN,D,1,2.5115127764411085
2020,TX,10,187686,217216,MICHAEL T MCCAUL,R,"['MCCAUL M', 'SIEGEL M', 'ERIKSEN R']",-7.293122780327091,True,-1.626016260162603,MICHAEL T MCCAUL,R,-1,-5.667106520164488
2020,TX,11,53394,232568,AUGUST PFLUGER,R,"['PFLUGER A', 'HOGG J', 'CODY W']",-62.65657674795952,True,-60.12145748987854,MIKE CONAWAY,R,0,-2.5351192580809823
2020,TX,12,121250,233853,KAY GRANGER,R,"['GRANGER K', 'WELCH L', 'HOLCOMB T']",-31.709954576559475,True,-22.967479674796746,KAY GRANGER,R,-1,-8.74247490176273
2020,TX,13,50477,217124,RONNY JACKSON,R,"['TRUJILLO G', 'WESTBROOK J', 'JACKSON R']",-62.27443096251509,True,-60.649087221095336,MAC THORNBERRY,R,0,-1.625343741419755
2020,TX,14,118574,190541,RANDY K WEBER SR,R,"['BELL A', 'WEBER R']",-23.281626579104863,True,-19.675456389452332,RANDY WEBER,R,-1,-3.6061701896525307
2020,TX,15,115605,109017,VICENTE GONZALEZ,D,"['HERNANDEZ M', 'LEONE R', 'GONZALEZ V']",2.932927317894062,True,1.9211324570272987,VICENTE GONZALEZ,D,1,1.0117948608667633
2020,TX,16,154108,84006,VERONICA ESCOBAR,D,"['JACKSON I', 'ESCOBAR V']",29.44052008701714,True,34.959349593495936,VERONICA ESCOBAR,D,1,-5.518829506478795
2020,TX,17,125565,171390,PETE SESSIONS,R,"['SESSIONS P', 'KENNEDY R', 'BROWN T']",-15.431631055210385,True,-11.20162932790224,BILL FLORES,R,0,-4.230001727308146
2020,TX,18,180952,58033,SHEILA JACKSON LEE,D,"['SPENCER L', 'LEE S', 'DUNCAN V', 'CHAMPION W']",51.433771994058205,True,53.394123606889565,SHEILA JACKSON LEE,D,1,-1.96035161283136
2020,TX,19,60583,198198,JODEY C ARRINGTON,R,"['ARRINGTON J', 'BURNES J', 'WATSON T']",-53.1781699583818,True,-46.59898477157361,JODEY ARRINGTON,R,-1,-6.579185186808189
2020,TX,20,175078,89628,JOAQUIN CASTRO,D,"['BLUNT J', 'CASTRO J', 'GARZA M']",32.281096763956995,True,29.471544715447152,JOAQUIN CASTRO,D,1,2.8095520485098433
2020,TX,21,205780,235740,CHIP ROY,R,"['DIBIANCA A', 'ROY C', 'WAKELY T', 'DAVIS W']",-6.785649574198224,True,-2.7411167512690384,CHIP ROY,R,-1,-4.044532822929186
2020,TX,22,181998,210259,TROY NEHLS,R,"['LEBLANC J', 'KULKARNI S', 'NEHLS T']",-7.204715275954285,True,-0.9118541033434637,PETE OLSON,R,0,-6.292861172610822
2020,TX,23,137693,149395,TONY GONZALES,R,"['VILLELA B', 'JONES G', 'GONZALES T']",-4.076102101097921,True,-1.8218623481781349,WILL HURD,R,0,-2.254239752919786
2020,TX,24,163326,167910,BETH VAN DUYNE,R,"['DUYNE B', 'VALENZUELA C', 'HAMILTON D', 'BAUER M', 'KUZMICH S']",-1.3839075462812014,True,5.487804878048779,KENNY E MARCHANT,R,0,-6.8717124243299805
2020,TX,25,165697,220088,ROGER WILLIAMS,R,"['KELSEY B', 'OLIVER J', 'WILLIAMS R']",-14.098785593011652,True,-9.75609756097561,ROGER WILLIAMS,R,-1,-4.342688032036042
2020,TX,26,161009,261963,MICHAEL C BURGESS,R,"['IANNUZZI C', 'BOLER M', 'BURGESS M']",-23.867773753345375,True,-14.430894308943085,MICHAEL C BURGESS,R,-1,-9.43687944440229
2020,TX,27,95466,172305,MICHAEL CLOUD,R,"['CLOUD M', 'GRAY P', 'FUENTE R']",-28.695788565602697,True,-24.01215805471125,MICHAEL CLOUD,R,-1,-4.683630510891447
2020,TX,28,137494,91925,HENRY CUELLAR,D,"['CONGDON B', 'CUELLAR H', 'WHITTEN S']",19.862783814766868,True,4.453441295546557,HENRY CUELLAR,D,1,15.40934251922031
2020,TX,29,111305,42840,SYLVIA R GARCIA,D,"['BLANCO J', 'KURTZ P', 'GARCIA S']",44.41597197443965,True,33.4008097165992,SYLVIA R GARCIA,D,1,11.015162257840451
2020,TX,30,204928,48685,EDDIE BERNICE JOHNSON,D,"['JOHNSON E', 'WILLIAMS E', 'PENNIE T']",61.606857692626164,True,61.70212765957447,EDDIE BERNICE JOHNSON,D,1,-0.09526996694830814
2020,TX,31,176293,212695,JOHN R CARTER,R,"['PATTERSON C', 'IMAM D', 'CARTER J', 'SCOTT J']",-9.358129299618497,True,-2.857142857142854,JOHN CARTER,R,-1,-6.500986442475643
2020,TX,32,178542,157867,COLIN Z ALLRED,D,"['PETERSON C', 'ALLRED C', 'COLLINS G', 'SIGMON J']",6.1457927701101935,True,10.569105691056908,COLIN ALLRED,D,1,-4.423312920946715
2020,TX,33,105317,39638,MARC A VEASEY,D,"['QUINTANILLA C', 'VASQUEZ F', 'REEVES J', 'VEASEY M', 'WELTON R']",45.30992376944569,True,48.073022312373226,MARC VEASEY,D,1,-2.763098542927537
2020,TX,34,111439,84119,FILEMON VELA,D,"['CRISTO A', 'ROYAL C', 'VELA F', 'GONZALEZ R']",13.970279916955583,True,4.040404040404041,FILEMON B VELA,D,1,9.929875876551542
2020,TX,35,176373,80795,LLOYD DOGGETT,D,"['MATA J', 'SHARON J', 'DOGGETT L', 'LOEWE M']",37.16558825359298,True,37.88187372708758,LLOYD DOGGETT,D,1,-0.7162854734946009
2020,TX,36,73418,222712,BRIAN BABIN,R,"['BABIN B', 'ABBEY C', 'RIDLEY H', 'LEWIS R']",-50.41502043021646,True,-45.546558704453446,BRIAN BABIN,R,-1,-4.868461725763012
2020,UT,1,104194,237988,BLAKE DAVID MOORE,R,"['MOORE B', 'PARRY D', 'SMITH M', 'LEE T']",-39.100244898913445,True,-34.02922755741127,ROB BISHOP,R,0,-5.071017341502177
2020,UT,2,129762,208997,CHRIS STEWART,R,"['STEWART C', 'LATHAM J', 'WESTON K']",-23.389784478050768,True,-16.510903426791273,CHRIS STEWART,R,-1,-6.878881051259494
2020,UT,3,96067,246674,JOHN R CURTIS,R,"['CUMMINGS D', 'THORPE D', 'FRIEDBAUM J', 'CURTIS J', 'MCNEILL T', 'ROBINSON T']",-43.94192699443603,True,-26.282722513089002,JOHN CURTIS,R,-1,-17.65920448134703
2020,UT,4,175923,179688,BURGESS OWENS,R,"['MCADAMS B', 'OWENS B', 'MOLNAR J', 'PETERSON J', 'BRODERICK J']",-1.058741152551524,True,-9.508881922675029,BEN MCADAMS,D,1,8.450140770123504
2020,VA,1,186923,260614,ROBERT J WITTMAN,R,"['RASHID Q', 'WITTMAN R', 'WRITEIN']",-16.465901143369152,True,-4.471544715447153,"ROBERT J \""ROB\"" WITTMAN",R,-1,-11.994356427922
2020,VA,2,185733,174201,ELAINE G LURIA,D,"['LURIA E', 'TAYLOR S', 'TAYLOR S', 'WRITEIN']",3.203920718798446,True,4.791029561671759,ELAINE G LURIA,D,1,-1.5871088428733127
2020,VA,3,233326,107299,"ROBERT C \""BOBBY\"" SCOTT",D,"['COLLICK J', 'SCOTT R', 'WRITEIN']",36.99875229357798,True,36.58536585365854,"ROBERT C \""BOBBY\"" SCOTT",D,1,0.41338643991944224
2020,VA,4,241142,149625,A DONALD MCEACHIN,D,"['MCEACHIN A', 'BENJAMIN L', 'WRITEIN']",23.419838420337438,True,25.354969574036513,A DONALD MCEACHIN,D,1,-1.935131153699075
2020,VA,5,190315,210988,"ROBERT G \""BOB\"" GOOD",R,"['WEBB B', 'GOOD R', 'WRITEIN']",-5.151469089441146,True,-8.611955420466058,DENVER L RIGGLEMAN III,R,0,3.4604863310249128
2020,VA,6,134729,246606,BEN CLINE,R,"['CLINE B', 'BETTS N', 'WRITEIN']",-29.338245899274916,True,-21.544715447154466,BEN L CLINE,R,-1,-7.79353045212045
2020,VA,7,230893,222623,ABIGAIL DAVIS SPANBERGER,D,"['SPANBERGER A', 'FREITAS N', 'WRITEIN']",1.823529930586793,True,1.1167512690355272,ABIGAIL A SPANBERGER,D,1,0.7067786615512657
2020,VA,8,301454,95365,DONALD S BEYER JR,D,"['BEYER D', 'JORDAN J', 'WRITEIN']",51.935265196474965,True,57.24417426545086,DONALD S BEYER JR,D,1,-5.308909068975893
2020,VA,10,268734,206253,JENNIFER WEXTON,D,"['ANDREWS A', 'WEXTON J', 'WRITEIN']",13.154254748024682,True,19.59390862944162,JENNIFER T WEXTON,D,1,-6.439653881416939
2020,VA,11,280725,111380,GERALD E CONNOLLY,D,"['CONNOLLY G', 'ANANTATMULA M', 'WRITEIN']",43.18868670381658,True,42.59634888438134,GERALD EDWARD CONNOLLY,D,1,0.5923378194352367
2020,VT,0,238827,95830,PETER WELCH,D,"['HELALI C', 'TRUDELL J', 'HORNE M', 'BERRY M', 'OVERVOTES', 'BECKER P', 'WELCH P', 'ORR S', 'UNDERVOTES', 'WRITEIN']",42.72942146735314,True,36.625514403292186,PETER WELCH,D,1,6.103907064060955
2020,WA,1,249944,176407,SUZAN K DELBENE,D,"['BEELER J', 'DELBENE S', 'WRITEIN']",17.24799519644612,True,21.47995889003083,SUZAN DELBENE,D,1,-4.23196369358471
2020,WA,2,255252,148384,RICK LARSEN,D,"['LARSEN R', 'HAZELO T', 'WRITEIN']",26.476330158855998,True,27.77777777777778,RICK LARSEN,D,1,-1.301447618921781
2020,WA,3,181347,235579,JAIME HERRERA BEUTLER,R,"['LONG C', 'BEUTLER J', 'WRITEIN']",-13.007584079668813,True,-3.794871794871798,JAIME HERRERA BEUTLER,R,-1,-9.212712284797016
2020,WA,4,102667,202108,DAN NEWHOUSE,R,"['NEWHOUSE D', 'MCKINLEY D', 'WRITEIN']",-32.62767615454023,True,-18.685831622176586,DAN NEWHOUSE,R,-1,-13.941844532363646
2020,WA,5,155737,247815,CATHY MCMORRIS RODGERS,R,"['RODGERS C', 'WILSON D', 'WRITEIN']",-22.816886051859488,True,-9.278350515463918,CATHY MCMORRIS RODGERS,R,-1,-13.53853553639557
2020,WA,6,247429,168783,DEREK KILMER,D,"['KILMER D', 'KREISELMAIER E', 'WRITEIN']",18.895658943038644,True,18.350515463917525,DEREK KILMER,D,1,0.5451434791211192
2020,WA,7,387109,78240,PRAMILA JAYAPAL,D,"['KELLER C', 'JAYAPAL P', 'WRITEIN']",66.37362495675289,True,74.89795918367348,PRAMILA JAYAPAL,D,1,-8.524334226920587
2020,WA,8,213123,198423,KIM SCHRIER,D,"['JENSEN J', 'SCHRIER K', 'WRITEIN']",3.5718971876776835,True,6.666666666666667,KIM SCHRIER,D,1,-3.0947694789889835
2020,WA,9,258771,89697,ADAM SMITH,D,"['SMITH A', 'BASLER D', 'WRITEIN']",48.5192327559489,True,49.74463738508682,ADAM SMITH,D,1,-1.2254046291379197
2020,WI,1,163170,238271,BRYAN STEIL,R,"['STEIL B', 'POLACK R', 'WRITEIN']",-18.7078549525335,True,-9.330628803245432,BRYAN STEIL,R,-1,-9.377226149288067
2020,WI,2,318523,138306,MARK POCAN,D,"['POCAN M', 'THERON P', 'WRITEIN']",39.44955333396085,True,40.77079107505071,MARK POCAN,D,1,-1.3212377410898597
2020,WI,3,199870,189524,RON KIND,D,"['ORDEN D', 'KIND R', 'WRITEIN']",2.6569490028094935,True,-4.78128179043744,RON KIND,D,1,7.438230793246934
2020,WI,4,232668,70769,GWEN MOORE,D,"['MOORE G', 'RAYMOND R', 'ROGERS T', 'WRITEIN']",53.35506217106022,True,54.25101214574898,GWEN S MOORE,D,1,-0.8959499746887616
2020,WI,5,175902,265434,SCOTT FITZGERALD,R,"['FITZGERALD S', 'PALZEWICZ T', 'WRITEIN']",-20.286584371091415,True,-15.329949238578676,F JAMES SENSENBRENNER JR,R,0,-4.956635132512739
2020,WI,6,164239,238874,GLENN GROTHMAN,R,"['GROTHMAN G', 'KING J', 'WRITEIN']",-18.514659661186812,True,-15.44715447154471,GLENN GROTHMAN,R,-1,-3.0675051896421017
2020,WI,7,162741,252048,THOMAS P TIFFANY,R,"['TIFFANY T', 'ZUNKER T', 'WRITEIN']",-21.530705973398522,True,-20.203045685279193,SEAN P DUFFY,R,0,-1.3276602881193291
2020,WI,8,149558,268173,MIKE GALLAGHER,R,"['STUCK A', 'GALLAGHER M', 'WRITEIN']",-28.395067639222372,True,-16.142131979695435,MIKE GALLAGHER,R,-1,-12.252935659526937
2020,WV,1,81177,180488,DAVID B MCKINLEY,R,"['MCKINLEY D', 'CLINE N', 'COSNER S']",-37.95349014961879,True,-38.35198372329604,DAVID B MCKINLEY,R,-1,0.3984935736772499
2020,WV,2,100799,172195,ALEXANDER X MOONEY,R,"['MOONEY A', 'KUNKEL C']",-26.152955742617053,True,-33.19755600814665,ALEX X MOONEY,R,-1,7.044600265529596
2020,WV,3,64927,161585,CAROL D MILLER,R,"['SPENCER B', 'MILLER C', 'TURNER H']",-42.67235289962563,True,-48.27586206896551,CAROL MILLER,R,-1,5.60350916933988
2020,WY,0,66576,185732,LIZ CHENEY,R,"['HAGGIT J', 'CHENEY L', 'BULL L', 'OVERVOTES', 'BRUBAKER R', 'UNDERVOTES', 'WRITEIN']",-47.22640582145632,True,-45.00514933058702,LIZ CHENEY,R,-1,-2.221256490869301
2024,AK,0,156245,159550,NICK BEGICH,R,"['HAFNER E', 'HOWE J', 'PELTOLA M', 'BEGICH N', 'WRITEIN']",-1.0465650184455106,True,-13.69312508474994,MARY SATTLER PELTOLA,D,1,12.64656006630443
2024,AR,1,64113,194711,"ERIC A. \""RICK\"" CRAWFORD",R,"['CRAWFORD E', 'GOVENS R', 'PARSONS S']",-50.458226439588294,True,-46.175871865422906,ERIC A Ã¢ÂÂRICKÃ¢ÂÂ CRAWFORD,R,-1,-4.282354574165389
2024,AR,2,125777,180509,J. FRENCH HILL,R,"['HILL J', 'JONES M']",-17.869572882861117,True,-15.914419225205982,J FRENCH HILL,R,-1,-1.955153657655135
2024,AR,3,95652,192101,STEVE WOMACK,R,"['WILSON B', 'DRAPER C', 'WOMACK S']",-33.517982436325596,True,-25.590736769421778,STEVE WOMACK,R,-1,-7.9272456669038185
2024,AR,4,73207,197046,BRUCE WESTERMAN,R,"['WESTERMAN B', 'HOWARD R']",-45.82335811258339,True,-40.66097964677422,BRUCE WESTERMAN,R,-1,-5.162378465809169
2024,AZ,1,208966,225538,DAVID SCHWEIKERT,R,"['SHAH A', 'SCHWEIKERT D']",-3.814004013772025,True,-3.136835928138348,DAVID SCHWEIKERT,R,-1,-0.677168085633677
2024,AZ,2,184985,221413,ELIJAH CRANE,R,"['HOLT C', 'ALEXANDER D', 'CRANE E', 'NEZ J', 'ESTER R']",-8.963626789501918,True,-15.120247407676915,ELI CRANE,R,-1,6.156620618174998
2024,AZ,3,143336,53705,YASSAMIN ANSARI,D,"['AVERSA A', 'CUNNINGHAM C', 'ZINK J', 'ANSARI Y']",45.488502392903,True,40.30739381027563,RUBEN GALLEGO,D,0,5.181108582627374
2024,AZ,4,176428,152052,GREG STANTON,D,"['STANTON G', 'COOPER K', 'JONES V']",7.420847540185095,True,6.762673080066313,GREG STANTON,D,1,0.658174460118782
2024,AZ,5,167680,255628,ANDY BIGGS,R,"['BIGGS A', 'SCHAFFNER K']",-20.776361420053483,True,-20.192893032045863,ANDY BIGGS,R,-1,-0.5834683880076206
2024,AZ,6,204774,215596,JUAN CISCOMANI,R,"['EASTWOOD A', 'CISCOMANI J', 'ENGEL K', 'POZZOLO L']",-2.574398743963651,True,-0.7577863175811479,JUAN CISCOMANI,R,-1,-1.8166124263825032
2024,AZ,7,171954,99057,RAÃºL M. GRIJALVA,D,"['BUTIEREZ D', 'GRIJALVA R']",26.89817018497404,True,22.388102593577123,RAÃÂL M GRIJALVA,D,1,4.510067591396918
2024,AZ,8,160344,208269,"ABRAHAM \""ABE\"" HAMADEH",R,"['HAMADEH A', 'WHITTEN G']",-13.00144053519545,True,-16.479945618728582,DEBBIE LESKO,R,0,3.4785050835331326
2024,AZ,9,132640,249583,PAUL A. GOSAR,R,"['GOSAR P', 'SMITH Q']",-30.595490067316724,True,-31.342610456055603,PAUL GOSAR,R,-1,0.7471203887388782
2024,CO,1,264694,74598,DIANA DEGETTE,D,"['NORRIS C', 'MILTON C', 'LUTZ D', 'DEGETTE D', 'JOHNSON J', 'ARCHULETA V']",56.02725675819058,True,57.61273656427248,DIANA DEGETTE,D,1,-1.5854798060818993
2024,CO,2,284994,120633,JOE NEGUSE,D,"['SIRIANNI C', 'KENT G', 'KOK J', 'NEGUSE J', 'DAWSON M', 'WATSON M']",40.52023164138482,True,40.91811325700261,JOE NEGUSE,D,1,-0.39788161561779134
2024,CO,3,182147,201951,JEFF HURD,R,"['FRISCH A', 'WITHROW A', 'WILEY J', 'HURD J']",-5.155975818671276,True,-9.976649536268868,LAUREN BOEBERT,R,0,4.820673717597591
2024,CO,4,188249,240213,LAUREN BOEBERT,R,"['ATWOOD F', 'GOODMAN H', 'BOEBERT L', 'FIORINO P', 'CALVARESE T']",-12.128030023666042,True,-18.71337622079264,KEN BUCK,R,0,6.585346197126597
2024,CO,5,147972,197924,JEFF CRANK,R,"['MITCHELL C', 'SWEAT C', 'CRANK J', 'GAYE J', 'MURPHY M', 'VANCE M', 'GASSEN R']",-14.441334967735967,True,-9.337043356329268,DOUG LAMBORN,R,0,-5.104291611406699
2024,CO,6,202686,132174,JASON CROW,D,"['NICKLE B', 'CROW J', 'FABBRICATORE J', 'KITTLESON J', 'NICKS T']",21.05715821537359,True,20.360281044369103,JASON CROW,D,1,0.6968771710044876
2024,CO,7,235688,175273,BRITTANY PETTERSEN,D,"['PETTERSEN B', 'BOHAN P', 'FLAHERTY P', 'TUPA R', 'MATVEYUK S']",14.700908358700705,True,15.41488104034284,BRITTANY PETTERSEN,D,1,-0.7139726816421348
2024,CO,8,160871,163320,GABE EVANS,R,"['BAUM C', 'EVANS G', 'TREIBERT J', 'HALL S', 'CARAVEO Y']",-0.7554188734418907,True,-1.880048097723116,YADIRA CARAVEO,D,1,1.1246292242812252
2024,CT,1,197788,115065,JOHN B. LARSON,D,"['GRIFFIN J', 'LARSON J', 'SANDERS M', 'FAMILIES W']",26.441491690985863,True,23.26879227281734,JOHN B LARSON,D,1,3.1726994181685235
2024,CT,2,218162,157878,JOE COURTNEY,D,"['RUSSELL J', 'COURTNEY J', 'KUSMIERSKI K', 'FRANCE M']",16.03127326880119,True,7.856473409463372,JOE COURTNEY,D,1,8.174799859337817
2024,CT,3,193684,130095,ROSA L. DELAURO,D,"['INDEPENDENT', 'MASSEY M', 'ANTAR O', 'DELAURO R', 'OMAR S']",19.63963073577965,True,14.332117484384684,ROSA L DELAURO,D,1,5.307513251394967
2024,CT,4,200791,122793,JAMES A. HIMES,D,"['WESLEY B', 'HIMES J', 'GOLDSTEIN M']",24.104405656645568,True,23.729413954381982,JAMES A HIMES,D,1,0.3749917022635856
2024,CT,5,171337,157258,JAHANA HAYES,D,"['DARWISH A', 'FERGUSON B', 'LOGAN G', 'HAYES J', 'FAMILIES W']",4.284605669593268,True,5.675230760185784,JAHANA HAYES,D,1,-1.3906250905925157
2024,DE,0,287830,209606,SARAH MCBRIDE,D,"['WHALEN J', 'MCBRIDE S']",15.725440056610298,True,14.958471282996337,LISA BLUNT ROCHESTER,D,0,0.7669687736139608
2024,GA,1,135281,220576,"EARL L. \""BUDDY\"" CARTER",R,"['CARTER E', 'HEWITT P']",-23.968897618987402,True,-15.892812698763862,EARL L Ã¢ÂÂBUDDYÃ¢ÂÂ CARTER,R,-1,-8.07608492022354
2024,GA,2,176028,136473,"SANFORD D. BISHOP, JR.",D,"['JOHNSON A', 'BISHOP S']",12.657559495809613,True,7.650507378170518,"SANFORD D BISHOP, JR",D,1,5.007052117639095
2024,GA,3,138749,273036,BRIAN JACK,R,"['JACK B', 'KELLER M']",-32.61094988889833,True,-29.8763224556698,A DREW FERGUSON IV,R,0,-2.734627433228532
2024,GA,4,229290,74071,"HENRY C. \""HANK\"" JOHNSON, JR.",D,"['YU E', 'JOHNSON H']",51.166432072679086,True,53.03852255145806,"HENRY C Ã¢ÂÂHANKÃ¢ÂÂ JOHNSON, JR",D,1,-1.872090478778972
2024,GA,5,294470,49221,NIKEMA WILLIAMS,D,"['SALVESEN J', 'WILLIAMS N']",71.35741116293414,True,72.33073290669485,NIKEMA WILLIAMS,D,1,-0.9733217437607067
2024,GA,6,277027,93909,LUCY MCBATH,D,"['CRISWELL J', 'MCBATH L']",49.366467530786984,True,50.34515297984306,RICH MCCORMICK,R,0,-0.9786854490560728
2024,GA,7,149535,275907,RICHARD MCCORMICK,R,"['CHRISTIAN B', 'MCCORMICK R']",-29.70369639104743,True,-22.30291135099771,LUCY MCBATH,D,0,-7.400785040049719
2024,GA,8,104434,231547,AUSTIN SCOTT,R,"['SCOTT A', 'BUTLER D']",-37.833389388090396,True,-30.72180747930478,AUSTIN SCOTT,R,-1,-7.111581908785617
2024,GA,9,121754,271062,ANDREW S. CLYDE,R,"['CLYDE A', 'CASH T']",-38.00965337460796,True,-34.33522296479662,ANDREW S CLYDE,R,-1,-3.674430409811336
2024,GA,10,150274,256442,MIKE COLLINS,R,"['DOHERTY A', 'COLLINS M']",-26.1037185652888,True,-20.913860114633074,MIKE COLLINS,R,-1,-5.189858450655727
2024,GA,11,131064,269849,BARRY LOUDERMILK,R,"['LOUDERMILK B', 'STAMPER K']",-34.617236158468295,True,-23.56372253318369,BARRY LOUDERMILK,R,-1,-11.053513625284605
2024,GA,12,135417,205849,RICK W. ALLEN,R,"['JOHNSON E', 'ALLEN R']",-20.638446255999717,True,-14.231034879705309,RICK W ALLEN,R,-1,-6.407411376294409
2024,GA,13,256902,100730,DAVID SCOTT,D,"['SCOTT D', 'CHAVEZ J']",43.66835182534001,True,42.72445391493736,DAVID SCOTT,D,1,0.9438979104026544
2024,GA,14,134759,243446,MARJORIE TAYLOR GREENE,R,"['GREENE M', 'HARRIS S']",-28.737589402572677,True,-37.01635857495856,MARJORIE TAYLOR GREENE,R,-1,8.278769172385882
2024,HI,1,164237,64373,ED CASE,D,"['VOTES B', 'CASE E', 'VOTES O', 'LARGEY P']",43.68312847207034,True,25.166334746889017,ED CASE,D,1,18.51679372518132
2024,HI,2,166251,75471,JILL N. TOKUDA,D,"['TOMAN A', 'VOTES B', 'TOKUDA J', 'VOTES O', 'MEYER R', 'BOND S']",37.555539007620325,True,22.06295200024412,JILL N TOKUDA,D,1,15.492587007376205
2024,IA,1,206156,206955,MARIANNETTE MILLER-MEEKS,R,"['BOHANNAN C', 'MEEKS M', 'WRITEIN']",-0.19341048773816238,True,-8.590704180072024,MARIANNETTE MILLER-MEEKS,R,-1,8.39729369233386
2024,IA,2,169740,233340,ASHLEY HINSON,R,"['HINSON A', 'PUFFETT J', 'CORKERY S', 'WRITEIN']",-15.778505507591545,True,-10.127597485735269,ASHLEY HINSON,R,-1,-5.650908021856276
2024,IA,3,197962,213746,ZACHARY NUNN,R,"['BACCAM L', 'WRITEIN', 'NUNN Z']",-3.8337851098351257,True,-4.464251430326767,ZACH NUNN,R,-1,0.6304663204916414
2024,IA,4,122175,250522,RANDY FEENSTRA,R,"['FEENSTRA R', 'MELTON R', 'WRITEIN']",-34.43735796102464,True,-31.901561369041463,RANDY FEENSTRA,R,-1,-2.535796591983175
2024,ID,1,118656,331049,RUSS FULCHER,R,"['GOMEZ B', 'BOT D', 'PETERSON K', 'DUPRE M', 'LOESBY M', 'VOTES O', 'FULCHER R', 'VOTES U']",-47.22940594389655,True,-46.19778126853283,RUSS FULCHER,R,-1,-1.031624675363723
2024,ID,2,126229,250119,MICHAEL K. SIMPSON,R,"['ROTH D', 'SIERRA I', 'SIMPSON M', 'VOTES O', 'CORSETTI T', 'VOTES U']",-32.91900049953766,True,-27.561138104639443,MICHAEL K SIMPSON,R,-1,-5.357862394898216
2024,IL,1,208398,108064,JONATHAN L. JACKSON,D,"['WINSTON H', 'JACKSON J', 'LEWIS M']",31.70491243814423,True,32.45721176888944,JONATHAN L JACKSON,D,1,-0.7522993307452062
2024,IL,2,195777,94004,ROBIN L. KELLY,D,"['RAMOS A', 'WINSTON H', 'VICK M', 'KELLY R']",35.120660084684644,True,33.57708216310065,ROBIN L KELLY,D,1,1.5435779215839958
2024,IL,3,174825,84987,DELIA C. RAMIREZ,D,"['OAKLEY A', 'RAMIREZ D', 'BOORAS J']",34.57807953443259,True,31.83380528871024,DELIA RAMIREZ,D,1,2.744274245722348
2024,IL,4,139343,56323,"JESÃºS G. \""CHUY\"" GARCÃ­A",D,"['MARTINEZ A', 'HERSHEY E', 'A J', 'CASTILLO L']",42.42944609692026,True,28.75227603568632,JESÃÂS G Ã¢ÂÂCHUYÃ¢ÂÂ GARCÃÂA,D,1,13.677170061233937
2024,IL,5,251025,112931,MIKE QUIGLEY,D,"['ROWDER F', 'QUIGLEY M', 'HANSON T']",37.94249854378002,True,37.56614329445709,MIKE QUIGLEY,D,1,0.37635524932292697
2024,IL,6,196647,166116,SEAN CASTEN,D,"['CONFORTI N', 'MEYER P', 'CASTEN S']",8.41623870130085,True,5.575462312490821,SEAN CASTEN,D,1,2.8407763888100295
2024,IL,7,222408,44598,DANNY K. DAVIS,D,"['KOPPIE C', 'DAVIS D', 'CHOI L', 'SEIDA L']",66.59400912339049,True,66.15598021500666,DANNY K DAVIS,D,1,0.4380289083838278
2024,IL,8,172920,130153,RAJA KRISHNAMOORTHI,D,"['RICE M', 'KRISHNAMOORTHI R']",14.111121742946418,True,7.000325718967043,RAJA KRISHNAMOORTHI,D,1,7.110796023979375
2024,IL,9,231722,107106,JANICE D. SCHAKOWSKY,D,"['SCHAKOWSKY J', 'COHEN S']",36.778542505341946,True,36.98615735062205,JANICE D SCHAKOWSKY,D,1,-0.207614845280105
2024,IL,10,196358,131025,BRADLEY SCOTT SCHNEIDER,D,"['SCHNEIDER B', 'CARRIS J', 'SEVERINO J']",19.956137001615843,True,22.34535662326717,BRADLEY SCOTT SCHNEIDER,D,1,-2.389219621651325
2024,IL,11,199825,159630,BILL FOSTER,D,"['SCHIEFELBEIN A', 'FOSTER B', 'EVANS J']",11.182206395793632,True,11.60655406486156,BILL FOSTER,D,1,-0.4243476690679291
2024,IL,12,94875,272754,MIKE BOST,R,"['ROBERTS B', 'BOST M']",-48.38546469402577,True,-44.08125909098338,MIKE BOST,R,-1,-4.304205603042391
2024,IL,13,191339,137917,NIKKI BUDZINSKI,D,"['ASONYE C', 'LOYD J', 'BUDZINSKI N']",16.225064995019075,True,10.649960605661136,NIKKI BUDZINSKI,D,1,5.575104389357939
2024,IL,14,183446,149464,LAUREN UNDERWOOD,D,"['VLAKANCIC C', 'MARTER J', 'UNDERWOOD L', 'JONES R']",10.20756360577934,True,5.2631897441173,LAUREN UNDERWOOD,D,1,4.94437386166204
2024,IL,17,170261,142567,ERIC SORENSEN,D,"['SORENSEN E', 'MCGRAW J']",8.85278811359597,True,4.828123190177733,ERIC SORENSEN,D,1,4.0246649234182374
2024,IN,1,172467,145056,FRANK J. MRVAN,D,"['MISKUS D', 'MRVAN F', 'NIEMEYER R']",8.632760461446887,True,0.4022301253280738,FRANK J MRVAN,D,1,8.230530336118813
2024,IN,2,101962,184848,RUDY YAKYM III,R,"['CAMP L', 'HUBBARD M', 'YAKYM R', 'HENRY W']",-28.899271294585265,True,-26.92026037428804,RUDOLPH Ã¢ÂÂRUDYÃ¢ÂÂ YAKYM III,R,-1,-1.979010920297224
2024,IN,3,97871,202653,MARLIN A. STUTZMAN,R,"['LANCASTER J', 'ADOLPH K', 'STUTZMAN M']",-34.86643329650877,True,-31.72894798522732,JIM BANKS,R,0,-3.137485311281445
2024,IN,4,100091,209794,JAMES R. BAIRD,R,"['GROFF A', 'HOLDER D', 'BAIRD J']",-35.40119721832293,True,-29.87865853658537,JAMES R BAIRD,R,-1,-5.522538681737558
2024,IN,5,136554,203293,VICTORIA SPARTZ,R,"['PICKETT D', 'SHILLINGS L', 'SLAUGHTER R', 'SPARTZ V']",-19.637954726685834,True,-17.12743785454997,VICTORIA SPARTZ,R,-1,-2.510516872135863
2024,IN,6,99841,201357,JEFFERSON SHREVE,R,"['WIRTH C', 'SCENIAK J', 'SHREVE J']",-33.70407506025936,True,-33.09952049613334,GREG PENCE,R,0,-0.6045545641260262
2024,IN,7,185987,78792,ANDRÃ© CARSON,D,"['CARSON A', 'SCHMITZ J', 'JOHNSON R']",40.48470611340023,True,42.16106778644272,ANDRÃÂ CARSON,D,1,-1.6763616730424928
2024,IN,8,95311,219941,MARK MESSMER,R,"['HURT E', 'FITZLAFF K', 'MESSMER M']",-39.53345260299697,True,-36.49150182813958,LARRY BUCSHON,R,0,-3.0419507748573835
2024,IN,9,113400,222884,ERIN HOUCHIN,R,"['HOUCHIN E', 'BROOKSBANK R', 'PECK T']",-32.55700538830274,True,-30.3858345174336,ERIN HOUCHIN,R,-1,-2.1711708708691404
2024,KS,1,93965,210493,TRACEY MANN,R,"['BUSKIRK P', 'MANN T']",-38.27391627088137,True,-31.848581559120564,TRACEY MANN,R,-1,-6.425334711760808
2024,KS,2,115685,172847,DEREK SCHMIDT,R,"['SCHMIDT D', 'HAUER J', 'BOYDA N']",-19.81132075471698,True,-20.055354340614592,JAKE LATURNER,R,0,0.24403358589761126
2024,KS,3,209871,167570,SHARICE DAVIDS,D,"['REDDY P', 'DAVIDS S', 'ROBERTS S']",11.207314520680054,True,4.174028834088756,SHARICE DAVIDS,D,1,7.033285686591298
2024,KS,4,106632,198465,RON ESTES,R,"['FREEMAN E', 'ESTES R']",-30.099607665758757,True,-23.69976552345745,RON ESTES,R,-1,-6.399842142301306
2024,KY,1,85524,252729,JAMES COMER,R,"['MARSHALL E', 'COMER J']",-49.43193408484182,True,-47.91004767154219,JAMES COMER,R,-1,-1.521886413299633
2024,KY,2,93029,252826,BRETT GUTHRIE,R,"['GUTHRIE B', 'LINDERMAN H']",-46.20346677075653,True,-41.93201836717013,BRETT GUTHRIE,R,-1,-4.2714484035863975
2024,KY,3,203100,124713,MORGAN MCGARVEY,D,"['COBBLE D', 'RANDALL J', 'CRAVEN M', 'MCGARVEY M']",23.912108427670653,True,19.26899411654809,MORGAN MCGARVEY,D,1,4.643114311122563
2024,KY,6,130345,222293,ANDY BARR,R,"['BARR A', 'CRAVENS R']",-26.074331183820235,True,-15.313409908980445,ANDY BARR,R,-1,-10.76092127483979
2024,MA,8,265432,110638,STEPHEN F. LYNCH,D,"['OTHERS A', 'BLANKS', 'BURKE R', 'LYNCH S']",41.1609540776983,True,26.9861956166176,STEPHEN F LYNCH,D,1,14.1747584610807
2024,MA,9,251931,193822,WILLIAM R. KEATING,D,"['OTHERS A', 'BLANKS', 'SULLIVAN D', 'KEATING W']",13.036143334985967,True,10.942031882242684,WILLIAM R KEATING,D,1,2.0941114527432827
2024,MD,1,154985,246356,ANDY HARRIS,R,"['HARRIS A', 'MILLER B', 'BRIEN J', 'INS O']",-22.766425558315746,True,-17.30515700957555,ANDY HARRIS,R,-1,-5.461268548740197
2024,MD,2,223797,152079,"JOHN \""JOHNNY O\"" OLSZEWSKI, JR.",D,"['WUNDER J', 'OLSZEWSKI J', 'KLACIK K', 'INS O']",19.08022858602305,True,18.93821802600272,C A DUTCH RUPPERSBERGER,D,0,0.1420105600203314
2024,MD,3,236681,151186,SARAH ELFRETH,D,"['BARAJAS M', 'INS O', 'STEINBERGER R', 'ELFRETH S']",22.04234956827985,True,24.49027443115774,JOHN P SARBANES,D,0,-2.4479248628778905
2024,MD,4,239596,30454,GLENN IVEY,D,"['MCDERMOTT G', 'IVEY G', 'INS O']",77.44565821144232,True,75.6651801829724,GLENN F IVEY,D,1,1.7804780284699149
2024,MD,5,283619,133985,STENY H. HOYER,D,"['TALKINGTON M', 'INS O', 'HOYER S']",35.83155333761171,True,34.05016724003836,STENY H HOYER,D,1,1.7813860975733462
2024,MD,6,199788,175974,APRIL MCCLAIN DELANEY,D,"['DELANEY A', 'PARROTT N', 'INS O']",6.3375221549810785,True,5.925898469147308,DAVID J TRONE,D,0,0.41162368583377074
2024,MD,7,232849,49799,KWEISI MFUME,D,"['MFUME K', 'INS O', 'BEY R', 'COLLIER S']",64.76253148792844,True,60.49731735411945,KWEISI MFUME,D,1,4.265214133808989
2024,MD,8,292101,77821,JAMIE RASKIN,D,"['RILEY C', 'RASKIN J', 'WALLACE N', 'INS O']",57.92572488254281,True,58.05566151736721,JAMIE RASKIN,D,1,-0.12993663482440354
2024,ME,1,249798,154849,CHELLIE PINGREE,D,"['BLANK', 'PINGREE C', 'ALCORN E', 'RUSSELL R']",23.46464943518672,True,22.08301794249629,CHELLIE PINGREE,D,1,1.3816314926904276
2024,ME,2,197151,194445,JARED F. GOLDEN,D,"['THERIAULT A', 'BALLOTS E', 'GOLDEN J']",0.6910182943646003,True,-9.23471064196821,EXHAUSTED BALLOT,O,0,9.92572893633281
2024,MI,1,180937,282264,JACK BERGMAN,R,"['GALE A', 'BARR C', 'BERGMAN J', 'HAKOLA L']",-21.8753845522786,True,-21.51972242589076,JACK BERGMAN,R,-1,-0.3556621263878412
2024,MI,2,135824,279167,JOHN R. MOOLENAAR,R,"['DEJONG B', 'MOOLENAAR J', 'LYNCH M', 'ADAMS S']",-34.54123101464851,True,-30.540216196830155,JOHN R MOOLENAAR,R,-1,-4.001014817818355
2024,MI,3,225510,183952,HILLARY J. SCHOLTEN,D,"['AVERY A', 'SCHOLTEN H', 'PALUS L', 'HUDSON P']",10.149415574583234,True,7.972385433101784,HILLARY SCHOLTEN,D,1,2.17703014148145
2024,MI,4,184641,234489,BILL HUIZENGA,R,"['HUIZENGA B', 'CLARK C', 'SWARTZ J']",-11.89320735809892,True,-5.621377887750186,BILL HUIZENGA,R,-1,-6.271829470348734
2024,MI,5,134282,269215,TIM WALBERG,R,"['BRONKE J', 'URBAN L', 'WALBERG T']",-33.440892993008625,True,-27.40917258410124,TIM WALBERG,R,-1,-6.031720408907386
2024,MI,6,281162,158658,DEBBIE DINGELL,D,"['KREBAUM B', 'SHABAZZ C', 'DINGELL D', 'SMILEY H']",27.853212677913692,True,23.922767554940076,DEBBIE DINGELL,D,1,3.930445122973616
2024,MI,7,209959,226722,TOM BARRETT,R,"['HERTEL C', 'DAILEY L', 'BARRETT T']",-3.8387289577517683,True,-1.303857115880356,ELISSA SLOTKIN,D,0,-2.5348718418714125
2024,MI,8,217490,189317,KRISTEN MCDONALD RIVET,D,"['LITTLE J', 'CASHA J', 'GOODWIN K', 'RIVET K', 'JUNGE P', 'BARCELO S']",6.925397055606221,True,-2.009144166793344,DANIEL T KILDEE,D,0,8.934541222399565
2024,MI,9,138138,312593,LISA C. MCCLAIN,R,"['MOSLEY C', 'WALKOWICZ J', 'VAYKO K', 'MCCLAIN L']",-38.70490381180793,True,-32.77545908113034,LISA MCCLAIN,R,-1,-5.929444730677588
2024,MI,10,191363,217437,JOHN JAMES,R,"['KIRBY A', 'MARLINGA C', 'JAMES J', 'SALIBA M']",-6.378180039138943,True,-6.684831205554229,JOHN JAMES,R,-1,0.30665116641528556
2024,MI,11,260780,177432,HALEY M. STEVENS,D,"['CAMPBELL D', 'STEVENS H', 'SOMBERG N']",19.020017708323824,True,16.423294509151415,HALEY M STEVENS,D,1,2.596723199172409
2024,MI,12,253354,92490,RASHIDA TLAIB,D,"['SANDERS B', 'WALKOWICZ G', 'HOOPER J', 'TLAIB R']",46.51345693434034,True,39.897191011235954,RASHIDA TLAIB,D,1,6.616265923104386
2024,MI,13,220788,78917,SHRI THANEDAR,D,"['CLARK C', 'DARDZINSKI C', 'SIMPSON D', 'BIVINGS M', 'HAWKINS S', 'THANEDAR S', 'COLEMAN S']",47.3368812665788,True,41.99678274964389,SHRI THANEDAR,D,1,5.3400985169349084
2024,MN,1,156375,220929,BRAD FINSTAD,R,"['FINSTAD B', 'BOHMAN R', 'WRITEIN']",-17.10928058011577,True,-12.233713055803454,BRAD FINSTAD,R,-1,-4.875567524312315
2024,MN,2,231751,175621,ANGIE CRAIG,D,"['CRAIG A', 'TEIRAB J', 'BOWMAN T', 'WRITEIN']",13.778561118584488,True,5.95073678648204,ANGIE CRAIG,D,1,7.827824332102447
2024,MN,3,240209,170427,KELLY MORRISON,D,"['MORRISON K', 'JUDE T', 'WRITEIN']",16.99363913538998,True,21.720150444274704,DEAN PHILLIPS,D,0,-4.726511308884724
2024,MN,4,242802,117618,BETTY MCCOLLUM,D,"['MCCOLLUM B', 'XIONG M', 'WRITEIN']",34.7328117196604,True,36.46698138802974,BETTY MCCOLLUM,D,1,-1.73416966836934
2024,MN,5,261066,86213,ILHAN OMAR,D,"['AQIDI D', 'OMAR I', 'WRITEIN']",50.3494308610656,True,63.542984491902445,ILHAN OMAR,D,1,-13.193553630836846
2024,MN,6,155836,260095,TOM EMMER,R,"['HENDRICKS J', 'EMMER T', 'WRITEIN']",-25.066417266325423,True,-20.06608890237427,TOM EMMER,R,-1,-5.000328363951155
2024,MN,7,114979,275098,MICHELLE FISCHBACH,R,"['PETERS A', 'FISCHBACH M', 'WRITEIN']",-41.04804948766525,True,-37.09774237198466,MICHELLE FISCHBACH,R,-1,-3.9503071156805944
2024,MN,8,176724,244498,PETE STAUBER,R,"['SCHULTZ J', 'STAUBER P', 'WRITEIN']",-16.089852856688395,True,-14.53138841315774,PETE STAUBER,R,-1,-1.5584644435306547
2024,MO,1,233312,56453,WESLEY BELL,D,"['JONES A', 'ASHBY B', 'FITZ D', 'RIGGINS R', 'BELL W']",61.03532172622643,True,58.18768172722622,CORI BUSH,D,0,2.847639999000208
2024,MO,2,182056,233444,ANN WAGNER,R,"['WAGNER A', 'DAUGHERTY B', 'HARTMANN R', 'DAVIS S']",-12.367749699157642,True,-8.036578251263439,ANN WAGNER,R,-1,-4.331171447894203
2024,MO,3,138532,240620,BOB ONDER,R,"['MANN B', 'ONDER B', 'ROWDEN J', 'HASTINGS W']",-26.925349200320717,True,-27.09880132670149,BLAINE LUETKEMEYER,R,0,0.17345212638077356
2024,MO,4,96568,259886,MARK ALFORD,R,"['HAAVE D', 'CASS J', 'ALFORD M', 'HOLBROOK T']",-45.81741262547201,True,-42.8113544480746,MARK ALFORD,R,-1,-3.0060581773974064
2024,MO,5,199900,120957,EMANUEL CLEAVER,D,"['CLEAVER E', 'DAY M', 'SMITH S', 'WAYNE W']",24.603795460282928,True,23.50937224201861,EMANUEL CLEAVER,D,1,1.0944232182643177
2024,MO,6,100999,265210,SAM GRAVES,R,"['MAIDMENT A', 'DIEL M', 'MAY P', 'GRAVES S']",-44.84078763766046,True,-39.31892471811242,SAM GRAVES,R,-1,-5.521862919548042
2024,MO,7,96655,263231,ERIC BURLISON,R,"['BURLISON E', 'CRAIG K', 'HESKETH M']",-46.28576827106362,True,-43.124014394889,ERIC BURLISON,R,-1,-3.1617538761746147
2024,MO,8,77649,271249,JASON SMITH,R,"['DAWSON J', 'SMITH J', 'MCCALLIAN R']",-55.48899678416041,True,-54.60781455423596,JASON SMITH,R,-1,-0.8811822299244554
2024,MS,1,96697,223589,TRENT KELLY,R,"['BLACK D', 'KELLY T']",-39.618341107635054,True,-37.53256379062851,TRENT KELLY,R,-1,-2.0857773170065457
2024,MS,2,177885,108956,BENNIE G. THOMPSON,D,"['THOMPSON B', 'ELLER R']",24.030386172130203,True,20.573389722299627,BENNIE G THOMPSON,D,1,3.4569964498305765
2024,MS,4,75771,215095,MIKE EZELL,R,"['RAYBON C', 'EZELL M']",-47.89972014604663,True,-42.99199812853909,MIKE EZELL,R,-1,-4.907722017507545
2024,MT,1,143783,168529,RYAN K. ZINKE,R,"['HAYES D', 'TRANEL M', 'ZINKE R']",-7.923486769640616,True,-11.922412494511375,RYAN K ZINKE,R,-1,3.9989257248707597
2024,MT,2,93713,181832,TROY DOWNING,R,"['DRISCOLL J', 'DOWNING T']",-31.97989439111579,True,-30.507838926964144,"MATTHEW M ROSENDALE, SR",R,0,-1.4720554641516443
2024,ND,0,109231,249101,JULIE FEDORCHAK,R,"['FEDORCHAK J', 'HAMMER T', 'WRITEIN']",-39.03363361352042,True,-37.392986132786376,KELLY ARMSTRONG,R,0,-1.6406474807340459
2024,NE,1,124498,187559,MIKE FLOOD,R,"['BLOOD C', 'FLOOD M']",-20.208167097677666,True,-13.228325882116762,MIKE FLOOD,R,-1,-6.979841215560905
2024,NE,2,154369,160198,DON BACON,R,"['BACON D', 'VARGAS T']",-1.8530233622725842,True,4.684329452129328,DON BACON,R,-1,-6.5373528144019115
2024,NE,3,59287,243481,ADRIAN SMITH,R,"['SMITH A', 'EBERS D']",-60.83668023040744,True,-54.43078179590726,ADRIAN SMITH,R,-1,-6.40589843450018
2024,NH,1,218577,185936,CHRIS PAPPAS,D,"['PAPPAS C', 'VOTES O', 'PRESCOTT R', 'VOTES U', 'WRITEIN']",8.069209147790058,True,2.01995452407088,CHRIS PAPPAS,D,1,6.049254623719179
2024,NH,2,211641,187810,MAGGIE GOODLANDER,D,"['WILLIAMS L', 'GOODLANDER M', 'VOTES O', 'VOTES U', 'WRITEIN']",5.965938250248466,True,3.626907261452192,ANN M KUSTER,D,0,2.339030988796274
2024,NJ,1,208808,144390,DONALD NORCROSS,D,"['JOHNSON A', 'NORCROSS D', 'BROWNFIELD R', 'LIDDELL T']",18.23849512171643,True,19.018716043787663,DONALD NORCROSS,D,1,-0.7802209220712335
2024,NJ,2,153117,215946,JEFFERSON VAN DREW,R,"['DREW J', 'SALERNO J', 'CANNAVO T']",-17.023922744897213,True,-12.73536038103531,JEFFERSON VAN DREW,R,-1,-4.288562363861903
2024,NJ,3,202034,169454,HERB CONAWAY,D,"['RUSSOMANNO C', 'WYNN D', 'CONAWAY H', 'BARBERA J', 'MOHAN R', 'WELZER S']",8.770135239900078,True,8.495531888848085,ANDY KIM,D,0,0.2746033510519936
2024,NJ,4,124803,265652,CHRISTOPHER H. SMITH,R,"['BENDAR B', 'SMITH C', 'MORRISON J', 'JENKINS M']",-36.073042988308515,True,-30.53695687107094,CHRISTOPHER H SMITH,R,-1,-5.5360861172375735
2024,NJ,5,208359,165287,JOSH GOTTHEIMER,D,"['ARIF A', 'FORTE B', 'TOSONE J', 'GOTTHEIMER J', 'GUINCHARD M']",11.527488585452542,True,1.5426974936227071,JOSH GOTTHEIMER,D,1,9.984791091829834
2024,NJ,6,170275,122519,"FRANK PALLONE, JR.",D,"['AKHTAR F', 'PALLONE F', 'TARBOUS H', 'AMITRANO M', 'FEGLER S']",16.310443520017486,True,6.589506910899613,"FRANK PALLONE, JR",D,1,9.720936609117874
2024,NJ,7,200025,223331,"THOMAS H. KEAN, JR.",R,"['BLACK A', 'LEGUIA L', 'ALTMAN S', 'KEAN T']",-5.505059571613488,True,-1.1969676211353153,"THOMAS H KEAN, JR",R,-1,-4.308091950478173
2024,NJ,8,116434,68152,ROBERT MENENDEZ,D,"['VALDES A', 'ROBBINS C', 'SHERMAN L', 'OLIVERA P', 'MENENDEZ R']",26.156913308701636,True,24.811967664433183,ROBERT J MENENDEZ,D,1,1.3449456442684529
2024,NJ,9,130514,117939,NELLIE POU,D,"['TAYLOR B', 'PREMPEH B', 'PEREIRA B', 'POU N']",5.061319444723952,True,-1.1707415175108455,"BILL PASCRELL, JR",D,0,6.232060962234797
2024,NJ,10,182020,54405,LAMONICA MCIVER,D,"['BUCCO C', 'JOHNSON C', 'WEISS D', 'SERRANO J', 'MCIVER L', 'MIDDLETON M']",53.97694829227028,True,51.66747780945097,"DONALD M PAYNE, JR",D,0,2.3094704828193073
2024,NJ,11,222583,164556,MIKIE SHERRILL,D,"['BELNOME J', 'LANZARA J', 'BENAVIDES L', 'SHERRILL M']",14.988673318885464,True,8.896444150169497,MIKIE SHERRILL,D,1,6.092229168715967
2024,NJ,12,196871,117222,BONNIE WATSON COLEMAN,D,"['COLEMAN B', 'MAYFIELD D', 'MEUDT K', 'KAPLAN V']",25.35841295412505,True,24.53718857974177,BONNIE WATSON COLEMAN,D,1,0.8212243743832808
2024,NM,1,193203,149546,MELANIE A. STANSBURY,D,"['STANSBURY M', 'JONES S']",12.737309226285124,True,12.99640454650893,MELANIE A STANSBURY,D,1,-0.2590953202238069
2024,NM,2,138177,127145,GABE VASQUEZ,D,"['VASQUEZ G', 'HERRELL Y']",4.157966546309767,True,-1.8466859656378056,GABRIEL VASQUEZ,D,1,6.004652511947572
2024,NM,3,162342,126085,TERESA LEGER FERNANDEZ,D,"['CLAHCHISCHILLIAGE S', 'FERNANDEZ T']",12.570598452988104,True,5.320573111539808,TERESA LEGER FERNANDEZ,D,1,7.250025341448296
2024,NV,1,167885,143650,DINA TITUS,D,"['GOOSSEN D', 'HAVLICEK D', 'TITUS D', 'ROBERTSON M', 'QUINCE R', 'HOGE W']",7.7792222382717835,True,2.3001314794627863,DINA TITUS,D,1,5.479090758808997
2024,NV,3,191304,181084,SUSIE LEE,D,"['JOHNSON D', 'LEE S']",2.744449337787469,True,-0.7494067306702425,SUSIE LEE,D,1,3.4938560684577116
2024,NV,4,174926,148061,STEVEN HORSFORD,D,"['LEE J', 'BEST R', 'HORSFORD S', 'FERREIRA T']",8.317672228294018,True,2.359334791654918,STEVEN HORSFORD,D,1,5.9583374366391
2024,NY,1,183540,226285,NICK LALOTA,R,"['BLANK', 'AVLON J', 'LALOTA N', 'AVLON J', 'LALOTA N', 'SCATTERING', 'VOID']",-10.430061611663515,True,-10.19098649580888,NICHOLAS J LALOTA,R,-1,-0.23907511585463403
2024,NY,2,136371,202597,ANDREW R. GARBARINO,R,"['GARBARINO A', 'BLANK', 'GARBARINO A', 'LUBIN R', 'SCATTERING', 'VOID', 'LUBIN R']",-19.53753746666352,True,-14.07654671761222,ANDREW R GARBARINO,R,-1,-5.460990749051298
2024,NY,3,187651,174693,THOMAS R. SUOZZI,D,"['BLANK', 'SUOZZI T', 'LIPETRI M', 'LIPETRI M', 'SCATTERING', 'SUOZZI T', 'VOID']",3.576159671472413,True,-4.3468453348013485,GEORGE A D SANTOS,R,0,7.923005006273762
2024,NY,4,191760,183157,LAURA A. GILLEN,D,"['ESPOSITO A', 'BLANK', 'GILLEN L', 'ESPOSITO A', 'GILLEN L', 'SCATTERING', 'VOID']",2.2946412139220147,True,1.2928081522715966,ANTHONY P DÃ¢ÂÂESPOSITO,R,-1,1.001833061650418
2024,NY,5,168425,56689,GREGORY W. MEEKS,D,"['BLANK', 'CONSERVATIVE', 'MEEKS G', 'KING P', 'SCATTERING']",49.63529589452455,True,42.80056553350199,GREGORY W MEEKS,D,1,6.834730361022565
2024,NY,6,120205,74559,GRACE MENG,D,"['BLANK', 'ZMICH T', 'MENG G', 'CHOU J', 'SCATTERING', 'ZMICH T']",23.436569386539606,True,6.526551363448394,GRACE MENG,D,1,16.91001802309121
2024,NY,7,172795,48435,NYDIA M. VELÃ¡ZQUEZ,D,"['KREGLER B', 'BLANK', 'KREGLER B', 'ZQUEZ N', 'SCATTERING', 'ZQUEZ N']",56.212991004836596,True,47.1903032424627,NYDIA M VELÃÂZQUEZ,D,1,9.022687762373899
2024,NY,8,168036,54863,HAKEEM S. JEFFRIES,D,"['BLANK', 'DELANEY J', 'JEFFRIES H', 'DELANEY J', 'SCATTERING']",50.77322015800878,True,44.70400544553402,HAKEEM S JEFFRIES,D,1,6.069214712474761
2024,NY,9,173207,60064,YVETTE D. CLARKE,D,"['BLANK', 'RAITPORT M', 'RAITPORT M', 'SCATTERING', 'CLARKE Y']",48.502814323254924,True,41.46428833112162,YVETTE D CLARKE,D,1,7.038525992133302
2024,NY,10,206206,37555,DANIEL S. GOLDMAN,D,"['DODENHOFF A', 'BLANK', 'GOLDMAN D', 'BRISCOE P', 'SCATTERING']",69.18703155960141,True,61.892367529836285,DANIEL GOLDMAN,D,1,7.294664029765123
2024,NY,11,93586,167099,NICOLE MALLIOTAKIS,R,"['MORSE A', 'BLANK', 'MALLIOTAKIS N', 'MALLIOTAKIS N', 'SCATTERING']",-28.199934787195275,True,-24.82593754669057,NICOLE MALLIOTAKIS,R,-1,-3.3739972405047034
2024,NY,12,260165,62989,JERROLD NADLER,D,"['BLANK', 'NADLER J', 'ZUMBLUSKAS M', 'SCATTERING', 'NADLER J']",61.016109966146175,True,64.89941854165914,JERROLD NADLER,D,1,-3.88330857551297
2024,NY,13,181800,35822,ADRIANO ESPAILLAT,D,"['ESPAILLAT A', 'BLANK', 'VARGAS R', 'VARGAS R', 'SCATTERING']",67.07869608771172,True,60.27299582357136,ADRIANO ESPAILLAT,D,1,6.805700264140363
2024,NY,14,132714,59078,ALEXANDRIA OCASIO-CORTEZ,D,"['CORTEZ A', 'BLANK', 'FORTE T', 'SCATTERING', 'FORTE T', 'CORTEZ A']",38.39367648285643,True,32.36610727477116,ALEXANDRIA OCASIO-CORTEZ,D,1,6.027569208085268
2024,NY,15,130392,36010,RITCHIE TORRES,D,"['BLANK', 'DURAN G', 'DURAN G', 'VEGA J', 'TORRES R', 'SCATTERING']",56.71927020107931,True,48.80797713394829,RITCHIE TORRES,D,1,7.9112930671310195
2024,NY,16,217668,86408,GEORGE S. LATIMER,D,"['BLANK', 'LATIMER G', 'FLISSER M', 'SCATTERING']",43.16683986898013,True,33.30969325456048,JAMAAL BOWMAN,D,0,9.857146614419648
2024,NY,17,173899,197845,MICHAEL LAWLER,R,"['FRASCONE A', 'BLANK', 'LAWLER M', 'LAWLER M', 'JONES M', 'SCATTERING', 'VOID']",-6.441529654816217,True,0.5597232177745115,MICHAEL V LAWLER,R,-1,-7.001252872590729
2024,NY,18,207106,155129,PATRICK RYAN,D,"['ESPOSITO A', 'BLANK', 'ESPOSITO A', 'RYAN P', 'SCATTERING', 'VOID', 'RYAN P']",14.3489723522023,True,3.3539403039279723,PATRICK RYAN,D,1,10.995032048274327
2024,NY,19,192647,184290,JOSH RILEY,D,"['BLANK', 'MOLINARO M', 'RILEY J', 'MOLINARO M', 'SCATTERING', 'VOID', 'RILEY J']",2.2170813690351436,True,1.80061138988952,MARCUS MOLINARO,R,-1,0.41646997914562367
2024,NY,20,221997,141151,PAUL TONKO,D,"['BLANK', 'WALTZ K', 'WALTZ K', 'TONKO P', 'SCATTERING', 'VOID', 'TONKO P']",22.262548602773524,True,14.320901440778664,PAUL TONKO,D,1,7.94164716199486
2024,NY,21,132447,215996,ELISE M. STEFANIK,R,"['BLANK', 'STEFANIK E', 'STEFANIK E', 'COLLINS P', 'SCATTERING', 'VOID', 'COLLINS P']",-23.97780985699239,True,-20.75998536324485,ELISE M STEFANIK,R,-1,-3.217824493747539
2024,NY,22,194450,161939,JOHN W. MANNION,D,"['BLANK', 'WILLIAMS B', 'WILLIAMS B', 'MANNION J', 'SCATTERING', 'VOID', 'MANNION J']",9.122335425616392,True,7.694014964669066,BRANDON M WILLIAMS,R,-1,1.428320460947326
2024,NY,23,128397,246969,NICHOLAS A. LANGWORTHY,R,"['BLANK', 'LANGWORTHY N', 'LANGWORTHY N', 'SCATTERING', 'CARLE T', 'VOID']",-31.588369751122904,True,-21.18795208389146,NICK LANGWORTHY,R,-1,-10.400417667231444
2024,NY,24,123317,235867,CLAUDIA TENNEY,R,"['BLANK', 'TENNEY C', 'TENNEY C', 'WAGENHAUSER D', 'SCATTERING', 'VOID']",-31.334914695532095,True,-23.23714041522547,CLAUDIA TENNEY,R,-1,-8.097774280306627
2024,NY,25,219175,141195,JOSEPH D. MORELLE,D,"['BLANK', 'SADWICK G', 'MORELLE J', 'SCATTERING', 'VOID', 'MORELLE J']",21.638871160196466,True,18.654098607614007,JOSEPH D MORELLE,D,1,2.9847725525824593
2024,NY,26,209131,111772,TIMOTHY M. KENNEDY,D,"['MARECKI A', 'BLANK', 'MARECKI A', 'SCATTERING', 'KENNEDY T', 'VOID', 'KENNEDY T']",30.339074424358763,True,19.560710081799225,BRIAN HIGGINS,D,0,10.778364342559538
2024,OK,1,107903,188832,KEVIN HERN,R,"['BAKER D', 'HERN K', 'SANDERS M']",-27.273156183126357,True,-21.99876107170541,KEVIN HERN,R,-1,-5.274395111420947
2024,OK,2,68841,238123,JOSH BRECHEEN,R,"['WADE B', 'BRECHEEN J', 'HOPKINS R']",-55.14718338306772,True,-56.511293397442095,JOSH BRECHEEN,R,-1,1.3641100143743756
2024,OK,4,86641,199962,TOM COLE,R,"['STACY J', 'BRANNON M', 'COLE T']",-39.539362811973355,True,-33.8874815283935,TOM COLE,R,-1,-5.651881283579854
2024,OK,5,134471,207636,STEPHANIE I. BICE,R,"['HORN M', 'BICE S']",-21.386583729651836,True,-18.120004629945655,STEPHANIE I BICE,R,-1,-3.266579099706181
2024,OR,1,241556,98908,SUZANNE BONAMICI,D,"['TODD B', 'CHRISTMAN J', 'MISCELLANEOUS', 'BONAMICI S']",41.89811551294704,True,39.11033167782459,SUZANNE BONAMICI,D,1,2.787783835122447
2024,OR,2,115337,224601,CLIFF BENTZ,R,"['BENTZ C', 'RUBY D', 'STETTLER M', 'MISCELLANEOUS']",-32.14233183698204,True,-27.87852040916719,CLIFF BENTZ,R,-1,-4.263811427814847
2024,OR,3,226405,84344,MAXINE E. DEXTER,D,"['FROSCH D', 'WALKER D', 'HARBOUR J', 'MEYER J', 'DEXTER M', 'MISCELLANEOUS']",45.71567406492056,True,47.61376380326234,EARL BLUMENAUER,D,0,-1.898089738341774
2024,OR,4,195862,166430,VAL T. HOYLE,D,"['BAHLEN D', 'FILIP J', 'MISCELLANEOUS', 'DESPAIN M', 'HOYLE V']",8.123833813608913,True,12.442914801419136,VAL HOYLE,D,1,-4.3190809878102225
2024,OR,5,191365,180420,JANELLE S. BYNUM,D,"['TOWNSEND A', 'SMITH B', 'BYNUM J', 'DEREMER L', 'MISCELLANEOUS', 'FEINTECH S']",2.9439057519803113,True,8.808655945204382,LORI CHAVEZ-DEREMER,R,-1,-5.86475019322407
2024,OR,6,180869,157634,ANDREA SALINAS,D,"['SALINAS A', 'ERICKSON M', 'MISCELLANEOUS']",6.864045518060402,True,11.741786607103236,ANDREA SALINAS,D,1,-4.877741089042835
2024,PA,1,202042,261390,BRIAN K. FITZPATRICK,R,"['EHASZ A', 'FITZPATRICK B']",-12.80619378894854,True,0.3223803661609427,BRIAN K FITZPATRICK,R,-1,-13.128574155109483
2024,PA,2,193691,77355,BRENDAN F. BOYLE,D,"['BASHIR A', 'BOYLE B']",42.921127779048575,True,36.16987750404209,BRENDAN F BOYLE,D,1,6.751250275006484
2024,PA,4,269066,186457,MADELEINE DEAN,D,"['WINKLER D', 'DEAN M']",18.134978914346807,True,15.969585034454454,MADELEINE DEAN,D,1,2.1653938798923527
2024,PA,5,267754,142355,MARY GAY SCANLON,D,"['GOODWIN A', 'SCANLON M']",30.57699294577783,True,28.934375196073223,MARY GAY SCANLON,D,1,1.6426177497046055
2024,PA,6,235625,183638,CHRISSY HOULAHAN,D,"['HOULAHAN C', 'YOUNG N']",12.39961551579796,True,11.526010296683287,CHRISSY HOULAHAN,D,1,0.8736052191146726
2024,PA,7,199626,203688,RYAN E. MACKENZIE,R,"['MACKENZIE R', 'WILD S']",-1.0071557149020367,True,-3.2388654010275637,SUSAN WILD,D,1,2.231709686125527
2024,PA,8,189411,195663,"ROB BRESNAHAN, JR.",R,"['CARTWRIGHT M', 'BRESNAHAN R']",-1.6235840383926206,True,-8.56734175384965,MATT CARTWRIGHT,D,1,6.943757715457029
2024,PA,9,115523,276212,DANIEL MEUSER,R,"['WALDMAN A', 'MEUSER D']",-41.01982207359567,True,-38.28695905469928,DANIEL MEUSER,R,-1,-2.7328630188963885
2024,PA,10,200434,205567,SCOTT PERRY,R,"['STELSON J', 'PERRY S']",-1.2642826002891618,True,-5.291422535038262,SCOTT PERRY,R,-1,4.0271399347491
2024,PA,11,149641,253672,LLOYD SMUCKER,R,"['ATKINSON J', 'SMUCKER L']",-25.794110281592708,True,-21.57463662043542,LLOYD SMUCKER,R,-1,-4.219473661157288
2024,PA,12,234802,181426,SUMMER L. LEE,D,"['HAYES J', 'LEE S']",12.823740834350405,True,19.36501513829129,SUMMER LEE,D,1,-6.541274303940886
2024,PA,13,104823,301460,JOHN JOYCE,R,"['FARNHAM B', 'JOYCE J']",-48.399022356337824,True,-45.90326391533152,JOHN JOYCE,R,-1,-2.495758441006302
2024,PA,14,134755,268380,GUY RESCHENTHALER,R,"['DZIADOS C', 'RESCHENTHALER G']",-33.146464583824276,True,-33.59611755448029,GUY RESCHENTHALER,R,-1,0.44965297065601106
2024,PA,15,111408,279027,GLENN THOMPSON,R,"['THOMPSON G', 'WOMER Z']",-42.93134580660033,True,-38.28705018459166,GLENN THOMPSON,R,-1,-4.64429562200867
2024,PA,16,146709,256923,MIKE KELLY,R,"['KELLY M', 'NOURI P']",-27.305565465572602,True,-22.959797174936615,MIKE KELLY,R,-1,-4.345768290635988
2024,PA,17,242838,207900,CHRISTOPHER R. DELUZIO,D,"['DELUZIO C', 'MERCURI R']",7.751287887863903,True,5.556475855381876,CHRIS DELUZIO,D,1,2.1948120324820266
2024,RI,1,139352,70742,GABE AMO,D,"['WATERS A', 'REYNOLDS C', 'AMO G', 'WRITEIN']",32.6568107608975,True,22.659710215618045,DAVID N CICILLINE,D,0,9.997100545279455
2024,RI,2,153439,109381,SETH MAGAZINER,D,"['MAGAZINER S', 'CORVI S', 'WRITEIN']",16.763564416711056,True,6.934426897530219,SETH M MAGAZINER,D,1,9.829137519180836
2024,SC,1,162582,227502,NANCY MACE,R,"['MOORE M', 'MACE N', 'WRITEIN']",-16.64256929276771,True,-13.209432555402822,NANCY MACE,R,-1,-3.4331367373648884
2024,SC,2,142985,211514,JOE WILSON,R,"['ROBINSON D', 'WILSON J', 'WRITEIN']",-19.331225193865144,True,-14.12346939341652,JOE WILSON,R,-1,-5.2077558004486235
2024,SC,3,87735,248451,SHERI BIGGS,R,"['BEST B', 'BEDENBAUGH M', 'BIGGS S', 'WRITEIN']",-47.80567899912548,True,-43.61925875397908,JEFF DUNCAN,R,0,-4.186420245146401
2024,SC,4,128976,206916,WILLIAM R. TIMMONS IV,R,"['HARVEY K', 'HACKETT M', 'TIMMONS W', 'WRITEIN']",-23.203886963666893,True,-23.96239999770522,WILLIAM R TIMMONS IV,R,-1,0.7585130340383266
2024,SC,5,130592,228260,RALPH NORMAN,R,"['HUNDLEY E', 'NORMAN R', 'WRITEIN']",-27.216791323442532,True,-23.088838343075636,RALPH NORMAN,R,-1,-4.127952980366896
2024,SC,6,182056,112360,JAMES E. CLYBURN,D,"['BUCKNER D', 'DIXON G', 'CLYBURN J', 'ODDO J', 'SIMPSON M', 'WRITEIN']",23.672626487690888,True,23.04458263992292,JAMES E CLYBURN,D,1,0.6280438477679695
2024,SC,7,129522,240326,RUSSELL FRY,R,"['HYMAN M', 'FRY R', 'WRITEIN']",-29.959334645584132,True,-26.624063961841426,RUSSELL FRY,R,-1,-3.3352706837427064
2024,SD,0,117818,303630,DUSTY JOHNSON,R,"['JOHNSON D', 'JOHNSON S']",-44.0889504755035,True,-29.890199073853054,DUSTY JOHNSON,R,-1,-14.198751401650448
2024,VA,1,208445,269657,ROBERT J. WITTMAN,R,"['MEHTA L', 'WITTMAN R', 'WRITEIN']",-12.803125692843787,True,-5.00442471396264,ROBERT J WITTMAN,R,-1,-7.798700978881147
2024,VA,2,191666,207368,JENNIFER A. KIGGANS,R,"['KIGGANS J', 'SMASAL M', 'REID R', 'WRITEIN']",-3.9350030323230603,True,-0.2522167100930846,JEN A KIGGANS,R,-1,-3.6827863222299757
2024,VA,3,219926,93801,"ROBERT C. \""BOBBY\"" SCOTT",D,"['SITKA J', 'SCOTT R', 'WRITEIN']",40.202150277151794,True,35.171354784672296,ROBERT C Ã¢ÂÂBOBBYÃ¢ÂÂ SCOTT,D,1,5.030795492479498
2024,VA,4,252885,121814,JENNIFER L. MCCLELLAN,D,"['MCCLELLAN J', 'MOHER W', 'WRITEIN']",34.98034422296296,True,33.178227120064946,A DONALD MCEACHIN,D,0,1.8021171028980163
2024,VA,5,184229,249564,JOHN J. MCGUIRE III,R,"['WITT G', 'MCGUIRE J', 'WRITEIN']",-15.061331095706938,True,-12.407085063709836,BOB GOOD,R,0,-2.6542460319971024
2024,VA,6,141612,256933,BEN CLINE,R,"['CLINE B', 'MITCHELL K', 'WELLS R', 'WRITEIN']",-28.93550289176881,True,-24.157705036448466,BEN CLINE,R,-1,-4.777797855320344
2024,VA,7,203336,192847,EUGENE S. VINDMAN,D,"['ANDERSON D', 'VINDMAN E', 'WRITEIN']",2.647513901404149,True,2.914155482400608,ABIGAIL DAVIS SPANBERGER,D,0,-0.26664158099645885
2024,VA,8,274593,94676,"DONALD S. BEYER, JR.",D,"['HENSEL B', 'KENNEDY D', 'BEYER D', 'TORRES J', 'WRITEIN']",48.722476026961374,True,50.904224479584464,"DONALD S BEYER, JR",D,1,-2.18174845262309
2024,VA,9,109570,290645,H. MORGAN GRIFFITH,R,"['GRIFFITH H', 'BAKER K', 'WRITEIN']",-45.24443111827393,True,-44.42581664466825,H MORGAN GRIFFITH,R,-1,-0.8186144736056775
2024,VA,10,215131,196343,SUHAS SUBRAMANYAM,D,"['CLANCY M', 'SUBRAMANYAM S', 'WRITEIN']",4.566023612670546,True,8.576451033971418,JENNIFER WEXTON,D,0,-4.010427421300872
2024,VA,11,273529,134802,GERALD E. CONNOLLY,D,"['CONNOLLY G', 'METER M', 'WRITEIN']",33.97415332169245,True,35.29116354091677,GERALD E CONNOLLY,D,1,-1.317010219224322
2024,WA,1,227213,132538,SUZAN K. DELBENE,D,"['BREWER J', 'DELBENE S', 'WRITEIN']",26.316813573833013,True,29.71416626019093,SUZAN K DELBENE,D,1,-3.397352686357916
2024,WA,2,263750,148167,RICK LARSEN,D,"['HART C', 'LARSEN R', 'WRITEIN']",28.059779033154737,True,24.449358063403626,RICK LARSEN,D,1,3.610420969751111
2024,WA,3,215177,199054,MARIE GLUESENKAMP PEREZ,D,"['KENT J', 'PEREZ M', 'WRITEIN']",3.8922726691145764,True,-3.396252192645398,MARIE GLUESENKAMP PEREZ,D,1,7.288524861759974
2024,WA,5,156074,240619,MICHAEL BAUMGARTNER,R,"['CONROY C', 'BAUMGARTNER M', 'WRITEIN']",-21.312450686046894,True,-11.108555422659755,CATHY MCMORRIS RODGERS,R,0,-10.203895263387139
2024,WA,6,239687,182182,EMILY RANDALL,D,"['MACEWEN D', 'RANDALL E', 'WRITEIN']",13.631008678049348,True,19.891451831750334,DEREK KILMER,D,0,-6.260443153700987
2024,WA,7,352286,66220,PRAMILA JAYAPAL,D,"['ALEXANDER D', 'JAYAPAL P', 'WRITEIN']",68.35409767124008,True,77.56051167435446,PRAMILA JAYAPAL,D,1,-9.206414003114375
2024,WA,8,224607,190675,KIM SCHRIER,D,"['GOERS C', 'SCHRIER K', 'WRITEIN']",8.170833313266648,True,5.966932359880001,KIM SCHRIER,D,1,2.203900953386647
2024,WA,10,203732,143492,MARILYN STRICKLAND,D,"['HEWETT D', 'STRICKLAND M', 'WRITEIN']",17.349031172960395,True,18.6042540382684,MARILYN STRICKLAND,D,1,-1.2552228653080064
2024,WI,1,172402,212515,BRYAN STEIL,R,"['STEIL B', 'TODD C', 'BARCA P', 'SCATTERING']",-10.421207688930341,True,-4.574926503161371,BRYAN STEIL,R,-1,-5.84628118576897
2024,WI,2,320317,136357,MARK POCAN,D,"['OLSEN E', 'POCAN M', 'SCATTERING']",40.28256480552867,True,40.74566810900527,MARK POCAN,D,1,-0.46310330347660056
2024,WI,3,200808,212064,DERRICK VAN ORDEN,R,"['ORDEN D', 'COOKE R', 'SCATTERING']",-2.7262686740684763,True,-7.513658895468744,DERRICK VAN ORDEN,R,-1,4.787390221400267
2024,WI,4,249938,74921,GWEN MOORE,D,"['MOORE G', 'LEAVITT M', 'RAYMOND R', 'SCATTERING', 'ROGERS T']",53.874757971920125,True,52.46959330772252,GWEN MOORE,D,1,1.4051646641976063
2024,WI,5,165653,300521,SCOTT FITZGERALD,R,"['STEINHOFF B', 'SCATTERING', 'FITZGERALD S']",-28.930828403128444,True,-22.453536619855047,SCOTT FITZGERALD,R,-1,-6.477291783273397
2024,WI,6,159042,251889,GLENN GROTHMAN,R,"['GROTHMAN G', 'ZARBANO J', 'SCATTERING']",-22.594304153252004,True,-16.695392066092158,GLENN GROTHMAN,R,-1,-5.898912087159847
2024,WI,7,156524,273553,THOMAS P. TIFFANY,R,"['KILBOURN K', 'SCATTERING', 'TIFFANY T']",-27.211173813061382,True,-22.842779803336647,THOMAS P TIFFANY,R,-1,-4.368394009724735
2024,WI,8,178666,240040,TONY WIED,R,"['LYERLY K', 'SCATTERING', 'WIED T']",-14.658017797690981,True,-16.463834239873304,MIKE GALLAGHER,R,0,1.8058164421823228
2024,WV,1,90038,228491,CAROL D. MILLER,R,"['WARDEN A', 'MILLER C', 'REED C', 'UMBERGER J', 'HOLDEN W']",-43.46637197868954,True,-45.19875830196956,CAROL D MILLER,R,-1,1.732386323280025
2024,WV,2,110775,268190,RILEY MOORE,R,"['MOORE R', 'WENDELIN S']",-41.538136767247636,True,-40.38331350264637,ALEXANDER X MOONEY,R,0,-1.1548232646012693
2024,WY,0,60778,184680,HARRIET M. HAGEMAN,R,"['HAGEMAN H', 'HAGGIT J', 'CAMERON K', 'VOTES O', 'BRUBAKER R', 'VOTES U', 'WRITEIN']",-50.477882163139924,True,-46.95834604821483,HARRIET HAGEMAN,R,-1,-3.5195361149250957
