year,state_po,district,incumbent,side,edge,edge_hindsight,prev_edge,first_term,same_district
2010,AK,0,DON YOUNG,-1,3.4992365333085846,3.178586524534584,-13.87369886111848,0,1
2010,AL,2,BOBBY BRIGHT,1,38.5854217559773,38.9060717647513,25.553274513864675,1,1
2010,AL,3,MIKE ROGERS,-1,-7.670249114312073,-7.9908991230860735,-2.5890413260621994,0,1
2010,AZ,1,ANN KIRKPATRICK,1,17.29872408687144,17.61937409564544,25.12254591299601,1,1
2010,AZ,2,TRENT FRANKS,-1,-1.474968767751184,-1.7956187765251848,2.1728804054840793,0,1
2010,AZ,4,ED PASTOR,1,21.88808713715013,22.20873714592413,18.807028625151883,0,1
2010,AZ,5,HARRY E MITCHELL,1,9.336056330995525,9.656706339769526,12.61439424740951,0,1
2010,AZ,6,JEFF FLAKE,-1,2.3140431474615983,1.9933931386875976,7.849764926038581,0,1
2010,AZ,7,RAUL M GRIJALVA,1,4.701835594119027,5.022485602893028,14.232724795111771,0,1
2010,AZ,8,GABRIELLE GIFFORDS,1,21.14836146727557,21.46901147604957,15.983494268250816,0,1
2010,CA,1,MIKE THOMPSON,1,12.654890116758919,12.97554012553292,11.88123358302759,0,1
2010,CA,2,WALLY HERGER,-1,-11.441573980460843,-11.762223989234844,5.888361195031743,0,1
2010,CA,3,DANIEL E LUNGREN,-1,-6.115373881159091,-6.436023889933092,8.291899308867446,0,1
2010,CA,4,TOM MCCLINTOCK,-1,8.468699948150038,8.148049939376037,-7.374042201123899,1,1
2010,CA,5,DORIS O MATSUI,1,18.702952573076132,19.02360258185013,11.039010690420913,0,1
2010,CA,6,LYNN C WOOLSEY,1,-3.5954967579744466,-3.274846749200446,-7.697468176489405,0,1
2010,CA,7,GEORGE MILLER,1,4.692659828945692,5.013309837719692,6.13325780705463,0,1
2010,CA,11,JERRY MCNERNEY,1,4.461618081176409,4.78226808995041,-1.99775575612502,0,1
2010,CA,12,JACKIE SPEIER,1,17.21703020731068,17.537680216084677,7.1825838326312414,1,1
2010,CA,13,FORTNEY PETE STARK,1,6.850698234837216,7.171348243611217,-0.5030731656661054,0,1
2010,CA,14,ANNA G ESHOO,1,7.0880793425788,7.4087293513528,0.36519340290763935,0,1
2010,CA,15,MICHAEL M HONDA,1,9.919647205889538,10.240297214663538,9.876960744242783,0,1
2010,CA,16,ZOE LOFGREN,1,19.33904197830426,19.659691987078258,5.8045717955882985,0,1
2010,CA,17,SAM FARR,1,4.696532553777642,5.017182562551643,-1.081603826306253,0,1
2010,CA,20,JIM COSTA,1,-4.301928992582569,-3.9812789838085685,25.113716530953138,0,1
2010,CA,23,LOIS CAPPS,1,-0.043796250964414085,0.27685375780958665,-0.8884763120217123,0,1
2010,CA,24,ELTON GALLEGLY,-1,9.409067365440803,9.088417356666803,21.681406515418846,0,1
2010,CA,25,"HOWARD P \""BUCK\"" MCKEON",-1,11.195865845838894,10.875215837064893,18.83017704345915,0,1
2010,CA,26,DAVID DREIER,-1,10.002998827891444,9.682348819117443,19.525831600162125,0,1
2010,CA,27,BRAD SHERMAN,1,9.107721375344289,9.42837138411829,9.755433335239989,0,1
2010,CA,29,ADAM B SCHIFF,1,8.616509516554151,8.937159525328152,2.9719001795029136,0,1
2010,CA,34,LUCILLE ROYBAL-ALLARD,1,14.897544270458125,15.218194279232126,-1.21528717714639,0,1
2010,CA,36,JANE HARMAN,1,9.259029217892303,9.579679226666304,4.333256457133004,0,1
2010,CA,39,LINDA T SANCHEZ,1,11.473438950964189,11.79408895973819,2.9839174231949706,0,1
2010,CA,40,EDWARD R ROYCE,-1,15.995608922879944,15.674958914105943,23.359712387247253,0,1
2010,CA,41,JERRY LEWIS,-1,2.7296664731552074,2.4090164643812066,15.437210482619584,0,1
2010,CA,42,GEORGE MILLER,1,-10.600920058293953,-10.280270049519952,6.13325780705463,0,0
2010,CA,43,JOE BACA,1,5.717282086297745,6.037932095071746,-2.8313513952063722,0,1
2010,CA,44,KEN CALVERT,-1,-1.2631228312668412,-1.583772840040842,5.73569579368722,0,1
2010,CA,45,MARY BONO MACK,-1,1.534617887456859,1.2139678786828583,23.975784549675883,1,1
2010,CA,46,DANA ROHRABACHER,-1,8.876774922517734,8.556124913743734,10.176342068471346,0,1
2010,CA,47,LINDA T SANCHEZ,1,5.911557645364395,6.232207654138396,2.9839174231949706,0,0
2010,CA,48,JOHN CAMPBELL,-1,10.871198755918575,10.550548747144575,17.862030650131622,0,1
2010,CA,49,DARRELL E ISSA,-1,11.543060991382577,11.222410982608576,15.948109366810437,0,1
2010,CA,50,BRIAN P BILBRAY,-1,9.088466267200017,8.767816258426016,11.729154747632172,0,1
2010,CA,51,BOB FILNER,1,5.034985550267942,5.355635559041943,19.147546692110403,0,1
2010,CA,52,DUNCAN D HUNTER,-1,10.947156746340342,10.626506737566341,12.457249607403758,0,1
2010,CA,53,SUSAN A DAVIS,1,4.083487906706148,4.404137915480149,1.654920487611701,0,1
2010,CO,1,DIANA DEGETTE,1,2.679008485534835,2.999658494308836,-3.046445558152268,0,1
2010,CO,2,JARED POLIS,1,3.362209856683984,3.682859865457985,-3.156795732325886,1,1
2010,CO,3,JOHN T SALAZAR,1,12.060560974704455,12.381210983478455,23.974550807514667,0,1
2010,CO,4,BETSY MARKEY,1,2.655955483045794,2.976605491819795,11.060988230548238,1,1
2010,CO,5,DOUG LAMBORN,-1,5.697288700149345,5.376638691375344,6.835439348214578,0,1
2010,CO,6,MIKE COFFMAN,-1,14.661984070595652,14.341334061821652,16.61102943742158,1,1
2010,CO,7,ED PERLMUTTER,1,6.586275074958584,6.906925083732585,5.428238786058635,0,1
2010,CT,1,JOHN B LARSON,1,4.59840560907597,4.9190556178499705,11.013744508394833,0,1
2010,CT,2,JOE COURTNEY,1,15.702293193388977,16.022943202162978,12.429619237240988,0,1
2010,CT,3,ROSA L DELAURO,1,18.1369885961225,18.457638604896502,29.807742138934987,0,1
2010,CT,4,JIM HIMES,1,-0.3718121476830252,-0.051162138909024435,-18.53720512778673,1,1
2010,CT,5,CHRISTOPHER S MURPHY,1,7.344107184890028,7.664757193664029,4.032034648021773,0,1
2010,FL,2,ALLEN BOYD,1,9.692834518045862,10.013484526819862,30.56206443984684,0,1
2010,FL,7,JOHN L MICA,-1,17.49125685493373,17.170606846159732,19.279278290954796,0,1
2010,FL,8,ALAN GRAYSON,1,-11.473736514235638,-11.153086505461637,-4.322128782839052,1,1
2010,FL,9,GUS M BILIRAKIS,-1,24.31577655456426,23.99512654579026,23.608087514814027,0,1
2010,FL,10,C W BILL YOUNG,-1,22.422776157900444,22.102126149126445,27.78898977257175,0,1
2010,FL,11,KATHY CASTOR,1,-0.5631230443698154,-0.24247303559581468,7.635031569809588,0,1
2010,FL,13,VERN BUCHANAN,-1,19.169443076052197,18.848793067278198,16.69255223790102,0,1
2010,FL,14,CONNIE MACK,-1,14.646353720482905,14.325703711708904,28.365630794958278,0,1
2010,FL,15,BILL POSEY,-1,12.926261711838,12.605611703064,10.995542970483964,1,1
2010,FL,16,TOM ROONEY,-1,15.230768781590458,14.910118772816457,17.479331286887728,1,1
2010,FL,18,ILEANA ROS-LEHTINEN,-1,26.27021249308286,25.94956248430886,20.082659121212263,0,1
2010,FL,22,RON KLEIN,1,0.7729746367721919,1.0936246455461927,3.01706901933116,0,1
2010,FL,23,ALCEE L HASTINGS,1,5.245961356882452,5.566611365656453,-3.9467372059355164,0,1
2010,FL,24,SUZANNE M KOSMAS,1,-3.8296553104396462,-3.5090053016656455,16.01953172097166,1,1
2010,GA,1,JACK KINGSTON,-1,2.484690224091226,2.1640402153172253,8.137025365018527,0,1
2010,GA,2,SANFORD D BISHOP JR,1,8.382045786149785,8.702695794923786,27.55460668155447,0,1
2010,GA,3,LYNN A WESTMORELAND,-1,-3.8344652487325472,-4.155115257506548,4.439773672269688,0,1
2010,GA,8,JIM MARSHALL,1,21.2372319873454,21.5578819961194,25.27544800494466,0,1
2010,GA,10,PAUL C BROUN,-1,-2.016240431660327,-2.3368904404343276,0.5656701030216702,1,1
2010,GA,12,JOHN BARROW,1,17.580316747996207,17.900966756770206,20.566549318687546,0,1
2010,GA,13,DAVID SCOTT,1,8.926161688751135,9.246811697525136,-7.687685774450028,0,1
2010,HI,2,MAZIE K HIRONO,1,12.583814991226296,12.904465000000297,6.402447141455934,0,1
2010,IA,1,BRUCE L BRALEY,1,-1.6147674943090617,-1.294117485535061,9.69830059456416,0,1
2010,IA,2,DAVID LOEBSACK,1,-3.7161365302650164,-3.3954865214910157,-5.594702999961683,0,1
2010,IA,3,LEONARD L BOSWELL,1,7.663188120921452,7.983838129695453,1.938805516744285,0,1
2010,IA,4,TOM LATHAM,-1,29.168158203203184,28.847508194429185,31.640152152910428,0,1
2010,IA,5,STEVE KING,-1,10.340156055982517,10.019506047208516,15.23641734408362,0,1
2010,ID,1,WALT MINNICK,1,29.4793664868859,29.800016495659904,25.398850956664536,1,1
2010,ID,2,MICHAEL K SIMPSON,-1,8.36937056189067,8.04872055311667,18.654271255972493,0,1
2010,IL,3,DANIEL LIPINSKI,1,32.50965996140581,32.83030997017981,23.202603699093533,0,1
2010,IL,6,PETER J ROSKAM,-1,26.921091591708723,26.600441582934724,30.615499833922154,0,1
2010,IL,8,MELISSA L BEAN,1,0.22091976498104238,0.5415697737550431,5.966249007243743,0,1
2010,IL,9,JANICE D SCHAKOWSKY,1,2.6693728391388785,2.990022847912879,5.211658466995349,0,1
2010,IL,11,"DEBORAH \""DEBBIE\"" HALVORSON",1,-9.360953978170583,-9.040303969396582,15.248399043357193,1,1
2010,IL,12,JERRY F COSTELLO,1,27.475186873295584,27.795836882069583,35.667767310642716,0,1
2010,IL,13,JUDY BIGGERT,-1,23.211229307266088,22.89057929849209,21.62490232097792,0,1
2010,IL,14,BILL FOSTER,1,-4.114707592488996,-3.794057583714995,2.041627645687642,1,1
2010,IL,15,TIMOTHY V JOHNSON,-1,13.10037293131152,12.77972292253752,28.68118714178143,0,1
2010,IL,16,DONALD A MANZULLO,-1,30.02732985272688,29.70667984395288,36.074524799482575,0,1
2010,IL,18,AARON SCHOCK,-1,30.107164127596718,29.78651411882272,21.934790279996985,1,1
2010,IL,19,JOHN SHIMKUS,-1,18.745251914909296,18.424601906135297,23.90890193039467,1,1
2010,IN,1,PETER J VISCLOSKY,1,8.756972797584814,9.077622806358814,16.98358730554114,0,1
2010,IN,2,JOE DONNELLY,1,5.818201198234505,6.138851207008506,26.437097228556343,0,1
2010,IN,5,DAN BURTON,-1,9.292059771625668,8.971409762851668,14.248752030305837,0,1
2010,IN,6,MIKE PENCE,-1,17.40928261300396,17.08863260422996,26.68451760024922,0,1
2010,IN,7,ANDRE CARSON,1,-8.126198042573273,-7.805548033799273,-15.620611901801073,1,1
2010,IN,9,BARON P HILL,1,3.8787806613702926,4.199430670144293,18.79605786982136,0,1
2010,KS,2,LYNN JENKINS,-1,6.522871285366117,6.202221276592116,-5.35812002208301,1,1
2010,KY,1,ED WHITFIELD,-1,3.73785932083044,3.417209312056439,5.789601258175285,0,1
2010,KY,3,JOHN A YARMUTH,1,11.183084459187043,11.503734467961044,3.256238513638479,0,1
2010,KY,4,GEOFF DAVIS,-1,3.005599113546607,2.684949104772606,5.9617748636351955,0,1
2010,KY,6,BEN CHANDLER,1,26.016292282909994,26.336942291683997,39.21730801784737,0,1
2010,LA,1,STEVE SCALISE,-1,-0.25555010316580073,-0.5762001119398015,-13.768010159579955,1,1
2010,LA,2,"ANH \""JOSEPH\"" CAO",-1,4.261907562423454,3.9412575536494536,54.65279795523419,1,1
2010,LA,4,JOHN FLEMING,-1,-1.025156229016245,-1.3458062377902458,-16.45385353348413,1,1
2010,MA,1,JOHN W OLVER,1,9.362954080977334,9.683604089751334,12.90181654407877,0,1
2010,MA,4,BARNEY FRANK,1,-4.955709941483692,-4.635059932709691,14.11385296040351,0,1
2010,MA,6,JOHN F TIERNEY,1,10.212555290868847,10.533205299642848,21.402788838005264,0,1
2010,MA,7,EDWARD J MARKEY,1,13.803925249271641,14.124575258045642,16.49681431760992,0,1
2010,MD,1,FRANK M KRATOVIL JR,1,19.26659273948387,19.58724274825787,16.835976003175585,1,1
2010,MD,2,C A DUTCH RUPPERSBERGER,1,22.7763235928549,23.0969736016289,23.877924862443898,0,1
2010,MD,3,JOHN P SARBANES,1,18.903631535926174,19.224281544700176,16.92877289348559,0,1
2010,MD,5,STENY H HOYER,1,10.817639325721023,11.138289334495024,15.889450262198412,0,1
2010,MD,6,ROSCOE G BARTLETT,-1,-2.049680062801352,-2.370330071575353,3.628851241807048,0,1
2010,MD,7,ELIJAH E CUMMINGS,1,7.306540607767074,7.627190616541075,0.16981491476019173,0,1
2010,MD,8,CHRIS VAN HOLLEN,1,13.119511758479318,13.440161767253318,3.3438087376545305,0,1
2010,ME,1,CHELLIE PINGREE,1,3.9140677428305004,4.234717751604501,-15.77766438634314,1,1
2010,ME,2,MICHAEL H MICHAUD,1,11.51850817647688,11.83915818525088,20.282584964232417,0,1
2010,MI,4,DAVE CAMP,-1,25.442449540801242,25.121799532027243,31.282975228700845,0,1
2010,MI,5,DALE E KILDEE,1,-6.854093365614839,-6.533443356840838,12.952509462554115,0,1
2010,MI,6,FRED UPTON,-1,25.30189669304235,24.981246684268353,32.274597245342335,0,1
2010,MI,7,MARK SCHAUER,1,2.3760953558801727,2.6967453646541735,-6.044818270872215,1,1
2010,MI,8,MIKE ROGERS,-1,23.803664703989014,23.483014695215015,26.252258201560263,0,1
2010,MI,9,GARY PETERS,1,2.982623221690158,3.3032732304641588,-5.4921559740098935,1,1
2010,MI,10,CANDICE S MILLER,-1,32.86657275475197,32.545922745977975,36.343766449288125,0,1
2010,MI,11,THADDEUS G MCCOTTER,-1,16.847336681506604,16.526686672732605,17.670890093523752,0,1
2010,MI,12,SANDER M LEVIN,1,8.034578926654541,8.355228935428542,15.237107265840006,0,1
2010,MI,15,JOHN D DINGELL,1,-2.5665666926576787,-2.245916683883678,12.151431192921226,0,1
2010,MN,1,TIMOTHY J WALZ,1,15.084668368059003,15.405318376833003,24.56442938492446,0,1
2010,MN,2,JOHN KLINE,-1,11.204359530806125,10.883709522032124,15.063094116653877,0,1
2010,MN,3,ERIK PAULSEN,-1,15.932478330709314,15.611828321935313,17.00176895050114,1,1
2010,MN,4,BETTY MCCOLLUM,1,8.98683658804555,9.307486596819551,4.268439332943572,0,1
2010,MN,5,KEITH ELLISON,1,9.901218860247331,10.221868869021332,-0.7425559819727887,0,1
2010,MN,6,MICHELE BACHMANN,-1,-7.882921790197717,-8.203571798971717,-2.511173210388396,0,1
2010,MN,7,COLLIN C PETERSON,1,35.562575927748384,35.883225936522386,45.33995624085932,0,1
2010,MN,8,JAMES L OBERSTAR,1,3.6616795049565383,3.982329513730539,25.086206856080818,0,1
2010,MO,2,W TODD AKIN,-1,15.324607585595954,15.003957576821954,18.73583024251795,0,1
2010,MO,3,RUSS CARNAHAN,1,-5.321525605707494,-5.0008755969334935,13.605937504997332,0,1
2010,MO,4,IKE SKELTON,1,31.17170842395614,31.49235843273014,52.71025232018495,0,1
2010,MO,5,EMANUEL CLEAVER,1,-6.418127202859532,-6.097477194085531,-2.8898846920926076,0,1
2010,MO,6,SAM GRAVES,-1,16.324861003653325,16.004210994879326,16.69058066187251,0,1
2010,MO,8,JO ANN EMERSON,-1,-1.0198368454138116,-1.3404868541878123,22.20939928118965,0,1
2010,MS,1,TRAVIS CHILDERS,1,22.44478794766108,22.76543795643508,32.42013005108707,1,1
2010,MS,2,BENNIE G THOMPSON,1,5.541314725446169,5.8619647342201695,3.7572262656355058,0,1
2010,MS,3,GREGG HARPER,-1,-0.39776754849636653,-0.7184175572703673,3.4182923341010074,1,1
2010,MS,4,GENE TAYLOR,1,44.337334611346726,44.65798462012073,82.72925842417067,0,1
2010,MT,0,DENNIS R REHBERG,-1,12.604858544622013,12.284208535848013,33.10661407057356,0,1
2010,NC,1,G K BUTTERFIELD,1,6.866691125643692,7.187341134417693,12.969564482276017,0,1
2010,NC,2,BOB ETHERIDGE,1,7.653571945268304,7.974221954042305,28.916045704462473,0,1
2010,NC,3,WALTER B JONES,-1,10.510708185919592,10.190058177145591,10.910319464795595,0,1
2010,NC,4,DAVID E PRICE,1,0.5510628973386851,0.8717129061126858,-2.976835962591281,0,1
2010,NC,5,VIRGINIA FOXX,-1,-4.96175414775753,-5.2824041565315305,-4.152091077619232,0,1
2010,NC,6,HOWARD COBLE,-1,9.643623790849619,9.322973782075618,9.065098078107052,0,1
2010,NC,7,MIKE MCINTYRE,1,25.913014854768164,26.233664863542163,40.39594717019753,0,1
2010,NC,8,LARRY KISSELL,1,17.16454670465712,17.485196713431122,2.42099117273124,1,1
2010,NC,9,SUE WILKINS MYRICK,-1,14.434092007948545,14.113441999174544,19.28943121133175,0,1
2010,NC,10,PATRICK T MCHENRY,-1,1.5814168181656516,1.2607668093916509,-9.827595251296334,0,1
2010,NC,11,HEATH SHULER,1,27.238742239188355,27.559392247962357,29.425509001580775,0,1
2010,NC,12,MELVIN L WATT,1,2.4242358889459705,2.7448858977199713,-0.6402308374478274,0,1
2010,NC,13,BRAD MILLER,1,5.304388978807861,5.625038987581862,10.331437105447772,0,1
2010,ND,0,EARL POMEROY,1,11.821915854065336,12.142565862839337,29.768212583237737,0,1
2010,NE,1,JEFF FORTENBERRY,-1,18.84128188732634,18.52063187855234,32.861349140823705,0,1
2010,NE,2,LEE TERRY,-1,9.122553642464228,8.801903633690227,7.206499293057571,0,1
2010,NE,3,ADRIAN SMITH,-1,6.439278828722907,6.118628819948906,16.697372008495048,0,1
2010,NH,1,CAROL SHEA-PORTER,1,-4.542606993124307,-4.221956984350307,-2.3040115281286564,0,1
2010,NJ,1,ROBERT E ANDREWS,1,11.158093848445796,11.478743857219797,13.571314533128508,0,1
2010,NJ,2,FRANK A LOBIONDO,-1,31.439259975240617,31.118609966466618,31.783233030554303,0,1
2010,NJ,4,CHRISTOPHER H SMITH,-1,24.135791899743758,23.81514189096976,31.264138753795937,0,1
2010,NJ,5,SCOTT GARRETT,-1,10.300037681399674,9.979387672625673,6.957299659293076,0,1
2010,NJ,6,FRANK PALLONE JR,1,3.4998219562946886,3.8204719650686894,12.30031150066107,0,1
2010,NJ,7,LEONARD LANCE,-1,8.278441220567403,7.957791211793403,14.025164358629372,1,1
2010,NJ,8,BILL PASCRELL JR,1,13.076780012444493,13.397430021218494,13.629537262391569,0,1
2010,NJ,9,STEVEN R ROTHMAN,1,13.476855074888698,13.7975050836627,11.435990844930135,0,1
2010,NJ,11,RODNEY P FRELINGHUYSEN,-1,14.947770654172233,14.627120645398232,18.379165894509253,0,1
2010,NJ,12,RUSH D HOLT,1,3.55177732010352,3.872427328877521,8.728303709823841,0,1
2010,NJ,13,ALBIO SIRES,1,14.550091092153677,14.870741100927678,1.3560360014261867,0,1
2010,NM,1,MARTIN T HEINRICH,1,-2.8947215673275206,-2.57407155855352,-11.034369296034518,1,1
2010,NM,2,HARRY TEAGUE,1,3.7039694435659154,4.024619452339916,10.582951374458732,1,1
2010,NM,3,BEN R LUJAN,1,4.238436073827774,4.559086082601775,4.545828286613247,1,1
2010,NV,1,SHELLEY BERKLEY,1,10.16284903008428,10.48349903885828,8.020472146366608,0,1
2010,NV,2,DEAN HELLER,-1,18.43581032371425,18.11516031494025,13.479249245403993,0,1
2010,NV,3,DINA TITUS,1,0.5727509026412427,0.8934009114152435,-8.861895586612484,1,1
2010,NY,1,TIMOTHY H BISHOP,1,9.802728218371035,10.123378227145036,10.419454947081064,0,1
2010,NY,2,STEVE ISRAEL,1,13.911472403766483,14.232122412540484,18.411360598553273,0,1
2010,NY,3,PETER T KING,-1,25.339542776760638,25.01889276798664,25.131929156361327,0,1
2010,NY,4,CAROLYN MCCARTHY,1,3.573087499701888,3.8937375084758887,8.496881806352814,0,1
2010,NY,5,GARY L ACKERMAN,1,13.261238528904306,13.581888537678307,15.121848112833252,0,1
2010,NY,7,JOSEPH CROWLEY,1,16.95581568971113,17.27646569848513,7.3653161112572185,0,1
2010,NY,8,JERROLD NADLER,1,16.58977764809856,16.91042765687256,10.56287499216847,0,1
2010,NY,13,MICHAEL E MCMAHON,1,12.120983510186468,12.441633518960469,28.96614439147361,1,1
2010,NY,14,CAROLYN B MALONEY,1,9.91753536726292,10.23818537603692,1.7928893907973524,0,1
2010,NY,17,ELIOT L ENGEL,1,21.885603942787867,22.206253951561866,13.412743627167327,0,1
2010,NY,18,NITA M LOWEY,1,13.800357796856874,14.121007805630875,10.59252299007792,0,1
2010,NY,19,JOHN J HALL,1,5.108736208428189,5.42938621720219,11.972569647099295,0,1
2010,NY,21,PAUL D TONKO,1,8.338504999022323,8.659155007796324,7.169636671479196,1,1
2010,NY,22,MAURICE D HINCHEY,1,-1.5841433981776678,-1.263493389403667,10.136733297144385,0,1
2010,NY,24,MICHAEL A ARCURI,1,4.310317204273838,4.630967213047839,-1.432435179240084,0,1
2010,NY,25,DANIEL B MAFFEI,1,0.058216340771766184,0.3788663495457669,-2.088744197285468,1,1
2010,NY,26,CHRISTOPHER J LEE,-1,27.58954559701717,27.268895588243172,11.32099964315492,1,1
2010,NY,27,BRIAN HIGGINS,1,25.18147086957353,25.50212087834753,40.89199189968562,0,1
2010,NY,28,LOUISE MCINTOSH SLAUGHTER,1,3.9481026114628026,4.268752620236803,14.268128139646596,0,1
2010,OH,1,STEVE DRIEHAUS,1,-3.2603784120529244,-2.9397284032789237,-8.4661596679834,1,1
2010,OH,2,JEAN SCHMIDT,-1,-7.136069194868783,-7.456719203642784,-7.885872960344736,0,1
2010,OH,3,MICHAEL R TURNER,-1,18.642938513408964,18.322288504634965,24.900886977581838,0,1
2010,OH,4,JIM JORDAN,-1,12.633927270349835,12.313277261575834,10.230040938755405,0,1
2010,OH,5,ROBERT E LATTA,-1,22.18841580228731,21.86776579351331,22.36198602456891,1,1
2010,OH,6,CHARLES A WILSON,1,10.26178353597899,10.582433544752991,30.652851406971042,0,1
2010,OH,7,STEVE AUSTRIA,-1,9.09946243580744,8.77881242703344,9.683051146842642,1,1
2010,OH,8,JOHN A BOEHNER,-1,0.8881956583928226,0.5675456496188218,15.701632031774672,0,1
2010,OH,9,MARCY KAPTUR,1,5.677297061569915,5.9979470703439155,19.8731349555902,0,1
2010,OH,10,DENNIS J KUCINICH,1,2.562131156379351,2.882781165153352,-4.141847084781915,0,1
2010,OH,12,PATRICK J TIBERI,-1,8.872039921657302,8.551389912883302,22.3437551565026,0,1
2010,OH,13,BETTY SUTTON,1,9.813119697166734,10.133769705940734,11.917302253501372,0,1
2010,OH,14,STEVEN C LATOURETTE,-1,21.232460089184855,20.911810080410856,22.513361246779365,0,1
2010,OH,15,MARY JO KILROY,1,-9.07643267006459,-8.755782661290588,-10.599081435093465,1,1
2010,OH,16,JOHN A BOCCIERI,1,3.9494533538719416,4.270103362645942,10.423734051634089,1,1
2010,OH,17,TIM RYAN,1,15.328878156120163,15.649528164894164,27.417893251073703,0,1
2010,OH,18,ZACHARY T SPACE,1,6.544282157898301,6.864932166672301,24.622481930890395,0,1
2010,OK,2,DAN BOREN,1,58.547894743455934,58.86854475222994,70.59488031746051,0,1
2010,OK,3,FRANK D LUCAS,-1,-3.513222899178876,-3.833872907952877,5.819141744147306,0,1
2010,OR,2,GREG WALDEN,-1,23.31448893851543,22.993838929741433,36.933614465754275,0,1
2010,OR,3,EARL BLUMENAUER,1,15.184154434174372,15.504804442948373,7.573968289370679,0,1
2010,OR,5,KURT SCHRADER,1,7.604246677604669,7.92489668637867,3.5106156416331498,1,1
2010,PA,3,KATHY DAHLKEMPER,1,2.0554051138844027,2.3760551226584035,0.14807317046104096,1,1
2010,PA,4,JASON ALTMIRE,1,26.238448610021265,26.559098618795264,20.48377857148197,0,1
2010,PA,5,GLENN W THOMPSON,-1,17.13012267527074,16.809472666496738,7.277103933429579,1,1
2010,PA,6,JIM GERLACH,-1,17.876454534853053,17.555804526079054,23.717085945586444,0,1
2010,PA,8,PATRICK J MURPHY,1,-2.6359346114365874,-2.3152846026625866,3.950756780369897,0,1
2010,PA,9,BILL SHUSTER,-1,4.050892297982498,3.7302422892084977,1.619806702544352,0,1
2010,PA,10,CHRISTOPHER P CARNEY,1,12.237682934758576,12.558332943532577,19.410945267082607,0,1
2010,PA,11,PAUL E KANJORSKI,1,-11.05239234297814,-10.731742334204139,-14.240096617998406,0,1
2010,PA,13,ALLYSON Y SCHWARTZ,1,8.183379529972902,8.504029538746902,8.69170088256513,0,1
2010,PA,15,CHARLES W DENT,-1,15.356379494508518,15.035729485734517,32.61654832387468,0,1
2010,PA,16,JOSEPH R PITTS,-1,14.243153312821429,13.922503304047428,16.570173359295314,0,1
2010,PA,17,TIM HOLDEN,1,27.53173019133626,27.85238020011026,28.04586678126352,0,1
2010,PA,18,TIM MURPHY,-1,10.045081635424934,9.724431626650933,19.365842078588887,0,1
2010,RI,2,JAMES R LANGEVIN,1,19.684631808851492,20.00528181762549,13.451821176989931,0,1
2010,SC,2,JOE WILSON,-1,-12.596136854078031,-12.916786862852032,0.8150711238610251,0,1
2010,SC,5,JOHN M SPRATT JR,1,10.253143204500859,10.57379321327486,29.72289158973744,0,1
2010,SC,6,JOHN M SPRATT JR,1,10.856813444828399,11.1774634536024,29.72289158973744,0,0
2010,SD,0,STEPHANIE HERSETH SANDLIN,1,19.294475213667845,19.615125222441847,40.93149050142442,1,1
2010,TN,2,JOHN J DUNCAN JR,-1,25.504015716920428,25.18336570814643,27.956621259617812,0,1
2010,TN,4,LINCOLN DAVIS,1,24.760846737878737,25.081496746652736,49.962186429884696,0,1
2010,TN,5,JIM COOPER,1,14.765057292618014,15.085707301392015,20.48733211581439,0,1
2010,TN,7,MARSHA BLACKBURN,-1,4.2195155784394895,3.898865569665489,8.199605911687257,0,1
2010,TX,3,SAM JOHNSON,-1,7.134811059806713,6.814161051032713,9.396912350822184,0,1
2010,TX,4,RALPH M HALL,-1,0.8881178050050114,0.5674677962310106,3.2374182813226433,0,1
2010,TX,6,JOE BARTON,-1,2.242871882317205,1.9222218735432044,9.390250481692696,0,1
2010,TX,8,KEVIN BRADY,-1,3.1177595632415436,2.797109554467543,3.4173442488557946,0,1
2010,TX,10,MICHAEL T MCCAUL,-1,7.750588086745266,7.429938077971265,2.3004295675271997,0,1
2010,TX,12,KAY GRANGER,-1,7.3998555345271715,7.079205525753171,12.739153049648596,0,1
2010,TX,15,RUBEN HINOJOSA,1,8.024887157543008,8.345537166317008,12.229324851883302,1,1
2010,TX,17,CHET EDWARDS,1,23.206375871115583,23.527025879889585,40.60941323697922,0,1
2010,TX,18,SHEILA JACKSON-LEE,1,1.9819147491930718,2.3025647579670725,0.4469446568834208,0,1
2010,TX,19,RANDY NEUGEBAUER,-1,1.688340988862885,1.3676909800888843,5.655112059635645,0,1
2010,TX,20,CHARLES A GONZALEZ,1,15.970214922153433,16.290864930927434,18.505696643473843,0,1
2010,TX,22,PETE OLSON,-1,8.048501074297475,7.727851065523474,-7.601723097985369,1,1
2010,TX,23,CIRO D RODRIGUEZ,1,5.192193694297373,5.512843703071374,8.799510955164639,0,1
2010,TX,25,LLOYD DOGGETT,1,2.4883458987749076,2.8089959075489084,15.213875946388146,1,1
2010,TX,26,MICHAEL C BURGESS,-1,6.522223556019538,6.2015735472455376,9.7493320596626,0,1
2010,TX,27,SOLOMON P ORTIZ,1,5.64163055896043,5.962280567734431,10.8967188324249,0,1
2010,TX,28,HENRY CUELLAR,1,16.140508405517593,16.461158414291592,25.976476515876815,1,1
2010,TX,29,GENE GREEN,1,20.41939842980627,20.740048438580274,25.168662746059507,0,1
2010,TX,30,EDDIE BERNICE JOHNSON,1,5.04938595940836,5.370035968182361,1.3941374164607545,0,1
2010,TX,32,PETE SESSIONS,-1,7.866856190217925,7.5462061814439245,12.322820923694897,0,1
2010,UT,1,ROB BISHOP,-1,3.1542779713275326,2.833627962553532,6.451400523168989,0,1
2010,UT,2,JIM MATHESON,1,36.83584638924161,37.156496398015605,45.92494490662807,0,1
2010,UT,3,JASON CHAFFETZ,-1,-1.2467517511121766,-1.5674017598861774,2.5150682064521312,1,1
2010,VA,1,ROBERT J WITTMAN,-1,12.955390008044395,12.634739999270394,14.388143038393618,1,1
2010,VA,2,GLENN C NYE III,1,0.33249792820274493,0.6531479369767457,0.6026755370908585,1,1
2010,VA,4,J RANDY FORBES,-1,12.445076825503358,12.124426816729358,22.518564630953776,0,1
2010,VA,5,TOM S P PERRIELLO,1,12.62044055769375,12.94109056646775,0.9164544956245724,1,1
2010,VA,7,ERIC CANTOR,-1,6.328171804883192,6.007521796109192,20.943745233882485,0,1
2010,VA,8,JAMES P MORAN,1,-1.761875123899765,-1.4412251151257642,-2.549721825661596,0,1
2010,VA,10,FRANK R WOLF,-1,22.292244668516034,21.971594659742035,29.86838721637096,0,1
2010,VA,11,"GERALD E \""GERRY\"" CONNOLLY",1,-1.2102976283847635,-0.8896476196107628,-5.586628523905283,1,1
2010,WA,1,JAY INSLEE,1,2.303031961348525,2.623681970122526,6.642905880237858,0,1
2010,WA,2,RICK LARSEN,1,1.3591920252709517,1.6798420340449525,8.15529158919765,0,1
2010,WA,4,DOC HASTINGS,-1,3.416555872897222,3.095905864123221,10.151808467841125,0,1
2010,WA,5,CATHY MCMORRIS,-1,7.709997975624654,7.389347966850654,26.78212839296756,0,1
2010,WA,6,NORMAN D DICKS,1,13.252171118121298,13.572821126895299,15.05933413277615,0,1
2010,WA,8,DAVID G REICHERT,-1,5.754518727400187,5.4338687186261865,23.063406977640692,0,1
2010,WA,9,ADAM SMITH,1,4.012476994095357,4.333127002869357,9.35669664771746,0,1
2010,WI,1,PAUL RYAN,-1,28.288930070151714,27.968280061377715,35.05300136279634,0,1
2010,WI,2,TAMMY BALDWIN,1,-2.268179393035405,-1.9475293842614043,-2.9283813216905763,0,1
2010,WI,3,RON KIND,1,0.25174958199533215,0.5723995907693329,9.926807068169207,0,1
2010,WI,6,THOMAS E PETRI,-1,28.924309005877383,28.603658997103384,30.880558347777743,0,1
2010,WI,8,STEVE KAGEN,1,-5.243281319502389,-4.922631310728388,-3.3285689307792623,0,1
2010,WV,2,SHELLEY MOORE CAPITO,-1,14.88649271364516,14.565842704871159,5.376865031256688,0,1
2010,WV,3,NICK J RAHALL II,1,39.863246359169565,40.18389636794356,45.78097889400435,0,1
2010,WY,0,CYNTHIA M LUMMIS,-1,2.2564878378364472,1.9358378290624465,-20.02164887469303,1,1
2012,AK,0,DON YOUNG,-1,12.720088348677422,23.61163482913708,3.178586524534584,0,1
2012,AL,2,MARTHA ROBY,-1,-5.6890205924567,0.6894688336365027,-38.9060717647513,1,1
2012,AL,3,MIKE ROGERS,-1,-1.3499679012875845,2.5451811333804057,-7.9908991230860735,0,1
2012,AL,5,MO BROOKS,-1,0.09110038636849538,0.7484472339998538,-21.181871129399553,1,1
2012,AL,7,TERRI A SEWELL,1,11.583106704218668,6.212709828380839,13.335745821090686,1,1
2012,AR,2,TIM GRIFFIN,-1,3.5482628837307253,4.559150745470604,-3.6065804463041466,1,1
2012,AZ,3,RAUL M GRIJALVA,1,7.886061819374312,-2.7600559528491244,5.022485602893028,0,0
2012,AZ,4,PAUL GOSAR,-1,6.817376757890791,3.594012575593019,-17.61937409564544,1,0
2012,AZ,6,DAVID SCHWEIKERT,-1,9.534435344698,8.577024166215445,-9.656706339769526,1,0
2012,AZ,8,TRENT FRANKS,-1,2.964744970278133,3.6539134507144153,-1.7956187765251848,0,0
2012,CO,1,DIANA DEGETTE,1,3.0410557766640913,2.4790962874425597,2.999658494308836,0,1
2012,CO,2,JARED POLIS,1,-2.8827438695396665,-0.8007262719502171,3.682859865457985,0,1
2012,CO,4,CORY GARDNER,-1,4.665714692478755,3.0791834854382385,-2.976605491819795,1,1
2012,CO,6,MIKE COFFMAN,-1,7.654680905286652,7.4380262276898454,14.341334061821652,0,1
2012,CO,7,ED PERLMUTTER,1,-0.16752785824440153,-1.7562101366532152,6.906925083732585,0,1
2012,CT,1,JOHN B LARSON,1,13.114665696032663,15.022854176961495,4.9190556178499705,0,1
2012,CT,2,JOE CORTNEY,1,24.318171508350286,26.262674926729385,16.022943202162978,0,1
2012,CT,3,ROSA L DELAURO,1,26.02022512810923,22.731299333109448,18.457638604896502,0,1
2012,CT,4,JAMES A HIMES,1,3.2306280665853393,8.653046901375472,-0.051162138909024435,0,1
2012,DE,0,JOHN C CARNEY,1,9.707092971973715,12.729583459948824,4.656460208834012,1,1
2012,GA,1,JACK KINGSTON,-1,11.93276994214409,12.970331458333131,2.1640402153172253,0,1
2012,GA,2,SANFORD D BISHOP JR,1,14.54504401553396,9.60245302162652,8.702695794923786,0,1
2012,GA,4,"HENRY C \""HANK\"" JOHNSON JR",1,3.3599580694551925,-1.3085161864166244,5.1519237939790266,0,1
2012,GA,5,JOHN LEWIS,1,2.3268666045425768,0.6801903391912143,1.6646698579556052,0,1
2012,GA,7,ROB WOODALL,-1,-0.20521954230964212,2.147688631967042,-0.8920963721224773,1,1
2012,GA,12,JOHN BARROW,1,22.518464639971288,19.261806715675874,17.900966756770206,0,1
2012,GA,13,DAVID SCOTT,1,11.838570952857143,3.915446409134028,9.246811697525136,0,1
2012,HI,1,COLLEEN HANABUSA,1,-30.01103982044304,-32.06781570534315,-22.58097651618399,1,1
2012,IA,1,BRUCE L BRALEY,1,0.6361574030098502,1.6399701930819033,-1.294117485535061,0,1
2012,IA,2,DAVID LOEBSACK,1,0.9997103431200909,-0.012683914278443176,-3.3954865214910157,0,1
2012,IA,3,LEONARD L BOSWELL,1,-11.82369184102077,-13.32003812488016,7.983838129695453,0,1
2012,IA,4,STEVE KING,-1,3.1967835994327842,0.12954362707289047,10.019506047208516,0,0
2012,ID,1,RAUL R LABRADOR,-1,2.9109636923890996,0.7251680186955474,-29.800016495659904,1,1
2012,ID,2,MICHAEL K SIMPSON,-1,3.0065772311802164,-1.4939611743424601,8.04872055311667,0,1
2012,IL,1,BOBBY L RUSH,1,-11.734723067088328,-11.686798269576748,6.84545580056081,0,1
2012,IL,3,DANIEL LIPINSKI,1,22.19155318856663,23.407724188138143,32.83030997017981,0,1
2012,IL,4,LUIS V GUTIERREZ,1,6.247621101551193,0.8490917874731005,9.115502628440847,0,1
2012,IL,5,MIKE QUIGLEY,1,1.1037706761223411,4.358727035128269,13.479443835405721,1,1
2012,IL,6,PETER J ROSKAM,-1,19.13984433498788,10.166771743446791,26.600441582934724,0,1
2012,IL,8,JOE WALSH,-1,11.902468345202792,7.358424881010534,-0.5415697737550431,1,1
2012,IL,9,JANICE D SCAKOWSKY,1,-2.7089857466722442,0.3517244884732671,2.990022847912879,0,1
2012,IL,10,ROBERT DOLD,-1,22.784077006833183,15.432577349755093,11.572369902273639,1,1
2012,IL,11,JUDY BIGGERT,-1,3.5905589180707764,0.3982207625458889,22.89057929849209,0,0
2012,IL,14,"RANDALL M \""RANDY\"" HULTGREN",-1,17.01170822251797,7.530600160109391,3.794057583714995,1,1
2012,IL,15,JOHN SHIMKUS,-1,21.02153773644865,6.861387574923181,18.424601906135297,0,0
2012,IL,16,ADAM KINZINGER,-1,22.101482017480784,15.836410463891571,9.040303969396582,1,0
2012,IL,18,AARON SCHOCK,-1,34.51116978201016,24.63380423753659,29.78651411882272,0,1
2012,IN,1,PETER J VISCLOSKY,1,10.176302114771158,10.371062936216408,9.077622806358814,0,1
2012,IN,3,MARLIN A STUTZMAN,-1,17.590786765491067,6.847913407916827,3.9783715468305623,1,1
2012,IN,4,TODD ROKITA,-1,15.839350693567962,4.433128456875944,17.636359079324464,1,1
2012,IN,7,ANDRE CARSON,1,-4.744255704266731,-2.332658378664031,-7.805548033799273,0,1
2012,IN,8,LARRY D BUCHSON,-1,4.772800346369133,-8.460889184537582,3.2803823297329266,1,1
2012,IN,9,TODD YOUNG,-1,0.9621426521041281,-5.902438810802479,-4.199430670144293,1,1
2012,KS,2,LYNN JENKINKS,-1,8.101908671255625,5.229798254223426,6.202221276592116,0,1
2012,KS,4,MIKE POMPEO,-1,9.832319748983398,6.618997204426026,-8.735586671916547,1,1
2012,KY,1,ED WHITFIELD,-1,10.831151372886186,4.50201435312325,3.417209312056439,0,1
2012,KY,2,BRETT GUTHRIE,-1,5.950313703946364,5.328893782492147,-1.2791147020637261,1,1
2012,KY,3,JOHN A YARMUTH,1,19.692753967656213,16.714604928864055,11.503734467961044,0,1
2012,KY,5,HAROLD ROGERS,-1,16.79238515679359,3.10149805690824,4.293613560434576,0,1
2012,KY,6,BEN CHANDLER,1,8.396000410787266,9.820962562633483,26.336942291683997,0,1
2012,LA,1,STEVE SCALISE,-1,4.206196116902145,11.000823878191,-0.5762001119398015,0,1
2012,LA,2,CEDRIC RICHMOND,1,19.029961928189767,10.443366509011284,-3.9412575536494536,1,1
2012,LA,3,"\""JEFF\"" LANDRY",-1,22.415184379250153,22.10319609571217,-10.776843183986017,1,1
2012,MA,3,NIKI TSONGAS,1,15.56357818629018,16.134066158852164,6.383520070317841,0,0
2012,MA,5,EDWARD J MARKEY,1,19.941539705825836,18.559071828118583,14.124575258045642,0,0
2012,MA,6,JOHN F TIERNEY,1,-11.197398160646642,-9.799743921804613,10.533205299642848,0,1
2012,MA,8,STEPHEN F LYNCH,1,38.17108695278306,35.19557859806844,37.350652322822825,0,0
2012,MA,9,WILLIAM R KEATING,1,15.101776866817218,16.58833088120499,7.739605538367904,1,0
2012,MD,1,ANDY HARRIS,-1,8.10573859742684,10.015794117406646,-19.58724274825787,1,1
2012,MD,2,C A DUTCH RUPPERSBERGER,1,15.462712365095328,6.94881653223197,23.0969736016289,0,1
2012,MD,3,JOHN P SARBANES,1,19.49511252627027,14.47520992680466,19.224281544700176,0,1
2012,MD,4,DONNA F EDWARDS,1,5.013554907600994,-0.336775053654768,9.27343841570615,0,1
2012,MD,5,STENY H HOYER,1,14.377290770816007,8.661930544656052,11.138289334495024,0,1
2012,MD,6,ROSCOE G BARTLETT,-1,-10.403478097166813,-8.880665169944322,-2.370330071575353,0,1
2012,MD,7,ELIJAH E CUMMINGS,1,6.022695810192683,2.4487222771400505,7.627190616541075,0,1
2012,MD,8,CHRIS VAN HOLLEN,1,7.329409263272137,5.02401756750032,13.440161767253318,0,1
2012,ME,1,CHELLIE PINGREE,1,9.318310748314094,7.6451188641137096,4.234717751604501,0,1
2012,ME,2,MICHAEL H MICHAUD,1,8.31841515082921,7.594062257663897,11.83915818525088,0,1
2012,MI,1,DAN BENISHEK,-1,-1.4683158293904113,-7.768753815322803,0.1536916481377517,1,1
2012,MI,2,BILL HUIZENGA,-1,22.51949811972739,15.259175799180369,17.878335055171473,1,1
2012,MI,3,JUSTIN AMASH,-1,6.48909943940779,1.4059387909158616,9.04018019783825,1,1
2012,MI,4,DAVE CAMP,-1,28.21274439283746,22.530662246767257,25.121799532027243,0,1
2012,MI,5,DALE E KILDEE,1,9.91002744069949,12.0457526844407,-6.533443356840838,0,1
2012,MI,6,FRED UPTON,-1,17.001137129967287,10.967429005537191,24.981246684268353,0,1
2012,MI,7,TIM WALBERG,-1,10.809742217866322,7.629997027251798,-2.6967453646541735,1,1
2012,MI,8,MIKE ROGERS,-1,24.563431894631194,19.161277477276354,23.483014695215015,0,1
2012,MI,9,SANDER M LEVIN,1,14.103958623689238,13.577891095259861,8.355228935428542,0,0
2012,MI,10,CANDICE S MILLER,-1,34.234315458999745,27.975015941996727,32.545922745977975,0,1
2012,MI,12,JOHN D DINGELL,1,7.4621656467318935,6.4216729634922,-2.245916683883678,0,0
2012,MI,14,GARY C PETERS,1,5.863006528698438,5.354260632128736,3.3032732304641588,0,0
2012,MN,1,TIMOTHY J WALZ,1,14.375396870701689,13.731976359656024,15.405318376833003,0,1
2012,MN,2,JOHN KLINE,-1,7.768337964636503,8.331163461108428,10.883709522032124,0,1
2012,MN,3,ERIK PAULSEN,-1,16.621816029865023,17.193343448218553,15.611828321935313,0,1
2012,MN,4,BETTY MCCOLLUM,1,8.530235441387948,5.187031738587625,9.307486596819551,0,1
2012,MN,5,KEITH ELLISON,1,2.818315470849864,-1.4190436950016112,10.221868869021332,0,1
2012,MN,6,MICHELE BACHMANN,-1,-13.893404330675871,-14.035790620011255,-8.203571798971717,0,1
2012,MN,7,COLLIN C PETERSON,1,33.556945017956494,36.75527375970302,35.883225936522386,0,1
2012,MN,8,CHIP CRAVAACK,-1,-3.471966714080418,-3.2484087221885183,-3.982329513730539,1,1
2012,MO,1,WM LACY CLAY,1,3.9663564658967907,1.1946586400966632,3.585910480115192,0,1
2012,MO,4,VICKY HARTZLER,-1,7.712621648416292,0.5572398304643356,-31.49235843273014,1,1
2012,MO,5,EMANUEL CLEAVER,1,2.0879313469613408,4.339715387491659,-6.097477194085531,0,1
2012,MO,6,SAM GRAVES,-1,17.554819393432663,10.796194092485752,16.004210994879326,0,1
2012,MO,7,BILLY LONG,-1,3.1714558271097104,-3.259557923972971,-7.166596133570991,1,1
2012,MO,8,JO ANN EMERSON,-1,23.67111967283593,14.536284720096688,-1.3404868541878123,0,1
2012,MS,1,ALAN NUNELEE,-1,-5.259586718435003,-0.95887119470654,-22.76543795643508,1,1
2012,MS,2,BENNIE G THOMPSON,1,11.053112633877195,3.2094974041022875,5.8619647342201695,0,1
2012,MS,4,STEVEN PALAZZO,-1,-2.5976845063807907,1.1489832758165823,-44.65798462012073,1,1
2012,NE,1,JEFF FORTENBERRY,-1,22.967886741451796,19.734472735945467,18.52063187855234,0,1
2012,NE,2,LEE TERRY,-1,-0.5536837574352695,-5.653434019905129,8.801903633690227,0,1
2012,NE,3,ADRIAN SMITH,-1,8.32329386062494,5.134921412221359,6.118628819948906,0,1
2012,NH,1,FRANK C GUINTA,-1,-0.8410239780728719,-2.25614780928003,4.221956984350307,1,1
2012,NH,2,CHARLES BASS,-1,4.59996885748034,4.82763123320355,0.9718662742233448,1,1
2012,NJ,1,ROBERT E ANDREWS,1,11.477074579948471,7.251120829667319,11.478743857219797,0,1
2012,NJ,2,FRANK A LOBIONDO,-1,22.176870894191463,25.98259932912435,31.118609966466618,0,1
2012,NJ,3,JON RUNYAN,-1,9.071850879349592,13.694075852893612,-5.990001214837296,1,1
2012,NJ,4,CHRISTOPHER H SMITH,-1,16.998823335876992,19.202532394550467,23.81514189096976,0,1
2012,NJ,5,SCOTT GARRETT,-1,7.187643155084508,9.490421776932696,9.979387672625673,0,1
2012,NJ,6,FRANK PALLONE JR,1,13.812027724514493,4.202563865056686,3.8204719650686894,0,1
2012,NJ,7,LEONARD LANCE,-1,9.797101321589775,11.392294847049715,7.957791211793403,0,1
2012,NJ,8,ALBIO SIRES,1,16.713971105747444,2.6957422115815115,14.870741100927678,0,0
2012,NJ,9,BILL BASCRELL JR,1,23.765014453764472,11.539651558870567,13.397430021218494,0,0
2012,NJ,11,RODNEY P FRELINGHUYSEN,-1,10.55104447919953,13.25583134591674,14.627120645398232,0,1
2012,NJ,12,RUSH D HOLT,1,10.88611682430545,5.717061686029084,3.872427328877521,0,1
2012,NM,2,STEVE PEARCE,-1,13.017343612497523,11.220619821346148,-4.024619452339916,1,1
2012,NM,3,BEN RAY LUJAN,1,5.596838506723799,6.649321145177429,4.559086082601775,0,1
2012,NV,3,JOSEPH JOHN HECK,-1,13.750365823315615,8.909710520652855,-0.8934009114152435,1,1
2012,NY,1,TIMOTHY H BISHOP,1,5.22300994644412,4.329671490140479,10.123378227145036,0,1
2012,NY,2,PETER T KING,-1,17.030770821047806,21.870964959929413,25.01889276798664,0,0
2012,NY,3,STEVE ISRAEL,1,11.83312339148263,13.78980489158193,14.232122412540484,0,0
2012,NY,4,CAROLYN MCCARTHY,1,23.597481113230337,17.668932919825465,3.8937375084758887,0,1
2012,NY,10,JERROLD NADLER,1,11.342768774694346,12.32226197845641,16.91042765687256,0,0
2012,NY,11,MICHAEL G GRIMM,-1,-0.9232115503632485,9.871973440534386,-12.441633518960469,1,0
2012,NY,12,CAROLYN B MALONEY,1,2.857309088241916,4.755601822635371,10.23818537603692,0,0
2012,NY,14,JOSEPH CROWLEY,1,19.294393968315365,6.382388599727784,17.27646569848513,0,0
2012,NY,16,ELIOT L ENGEL,1,9.687111904831287,5.156093828521329,22.206253951561866,0,0
2012,NY,17,NITA M LOWEY,1,16.38663236914952,14.787758313693256,14.121007805630875,0,0
2012,NY,18,NAN HAYMORTH,-1,-2.208112814167762,0.5239202424678031,-5.42938621720219,1,0
2012,NY,19,CHRISTOPHER P GIBSON,-1,10.510929289310486,12.091250469071017,-1.0528782041592422,1,0
2012,NY,20,PAUL TONKO,1,21.879962535025793,16.013927069550974,8.659155007796324,0,0
2012,NY,21,WILLIAM L OWENS,1,0.31698588692408336,-4.25505832379796,9.998308904031166,1,0
2012,NY,22,RICHARD L HANNA,-1,18.12361189542879,21.132504503760742,-4.630967213047839,1,0
2012,NY,23,THOMAS W REED II,-1,1.4716574254957369,2.6541224931144356,-3.6388505092986456,1,0
2012,NY,24,ANN MARIE BUERKLE,-1,5.00598791309635,10.345280571356533,-0.3788663495457669,1,0
2012,NY,25,LOUISE MCINTOSH SLAUGHTER,1,-1.0106991554523947,-4.991436651835234,4.268752620236803,0,0
2012,NY,26,BRIAN HIGGINGS,1,24.36430770843277,19.37611421477723,25.50212087834753,0,0
2012,OH,1,STEVE CHABOT,-1,13.114948312155128,14.998124354041028,2.9397284032789237,1,1
2012,OH,4,JIM JORDAN,-1,8.784275619106868,8.822854719772756,12.313277261575834,0,1
2012,OH,5,ROBERT E LATTA,-1,9.101898914751892,8.832600409571238,21.86776579351331,0,1
2012,OH,6,BILL JOHNSON,-1,-5.44592371500233,-6.208041531808363,-10.582433544752991,1,1
2012,OH,7,BOB GIBBS,-1,5.341521763098104,3.144777820137718,-6.864932166672301,1,0
2012,OH,9,MARCY KAPTUR,1,19.641310185195994,14.737728786404183,5.9979470703439155,0,1
2012,OH,10,MICHAEL R TURNER,-1,19.364913687369306,20.849110964873105,18.322288504634965,0,0
2012,OH,12,PATRICK J TIBERI,-1,14.544028251642683,16.3150301415678,8.551389912883302,0,1
2012,OH,13,TIM RYAN,1,21.886121539822042,17.50673250602912,15.649528164894164,0,0
2012,OH,15,STEVE STIVERS,-1,13.551730580135338,17.471632183521294,8.755782661290588,1,1
2012,OH,16,BETTY SUTTON,1,3.428094834733672,4.16503243315622,10.133769705940734,0,0
2012,OK,3,FRANK D LUCAS,-1,8.937018137308431,10.354074010946512,-3.833872907952877,0,1
2012,OK,5,JAMES LANKFORD,-1,0.5810225711371544,3.998078444775234,-2.987057486668089,1,1
2012,OR,2,GREG WALDEN,-1,26.254236961970282,23.732574632592435,22.993838929741433,0,1
2012,OR,3,EARL BLUMENAUER,1,11.41264363666787,9.081420234591327,15.504804442948373,0,1
2012,OR,4,PETER A DEFAZIO,1,11.954093828243982,13.47629771663949,13.613003914260453,0,1
2012,OR,5,KURT SCHRADER,1,6.316191252634724,8.469026764006426,7.92489668637867,0,1
2012,PA,3,MIKE KELLY,-1,5.01303144778605,1.7363753538784872,-2.3760551226584035,1,1
2012,PA,5,GLENN THOMPSON,-1,18.02709269454876,10.085122199018478,16.809472666496738,0,1
2012,PA,6,JIM GERLACH,-1,17.99361775415861,11.807038492246662,17.555804526079054,0,1
2012,PA,7,PATRICK MEEHAN,-1,18.87022370219227,16.931803684459613,10.397356850295903,1,1
2012,PA,8,MICHAEL G FITZPATRICK,-1,17.430744047632935,13.163065205148477,2.3152846026625866,1,1
2012,PA,9,BILL SHUSTER,-1,2.783425500408441,-3.847346870870191,3.7302422892084977,0,1
2012,PA,10,THOMAS A MARINO,-1,13.436291194337517,9.195359850811247,-12.558332943532577,1,1
2012,PA,11,LOUIS J BARLETTA,-1,9.072955518196613,7.59303630872354,10.731742334204139,1,1
2012,PA,12,MARK S CRITZ,1,9.403307440833723,13.594675245048215,16.3890850018503,1,1
2012,PA,13,ALLYSON Y SCHWARTZ,1,9.546793743243292,4.515207092612273,8.504029538746902,0,1
2012,PA,14,MICHAEL F DOYLE,1,21.794796394908868,15.800241392047518,14.294349864238516,0,1
2012,PA,15,CHARLES W DENT,-1,15.713883798725089,10.620301374490829,15.035729485734517,0,1
2012,PA,16,JOSEPH R PITTS,-1,14.583123655907187,10.709845142145802,13.922503304047428,0,1
2012,PA,18,TIM MURPHY,-1,13.035651696633114,10.879891441337783,9.724431626650933,0,1
2012,RI,1,DAVID N CICILLINE,1,-19.073978582058434,-21.678026325615207,-12.466794372583397,1,1
2012,RI,2,JAMES R LANGEVIN,1,4.046860483261842,0.7093194651994574,20.00528181762549,0,1
2012,SC,1,TIM SCOTT,-1,10.012489006342065,8.616663398650896,10.045539508005973,1,1
2012,SC,3,JEFF DUNCAN,-1,1.1814478920700928,2.3041882262038973,-16.454508005076526,1,1
2012,SC,4,TREY GOWDY,-1,4.973520540231924,5.263844739635661,1.299624672925006,1,1
2012,SC,5,MICK MULVANEY,-1,-3.5780939439169384,-0.47647477989249776,-10.57379321327486,1,1
2012,SD,0,KRISTI NOEM,-1,2.8574866738081113,-3.448036520965924,-19.615125222441847,1,1
2012,TN,1,DAVID P ROE,-1,13.250003420656977,10.831765662170923,9.817201634232564,1,1
2012,TN,2,JOHN J DUNCAN JR,-1,23.319167179183022,19.618251855533885,25.18336570814643,0,1
2012,TN,3,CHUCK FLEISCHMANN,-1,-0.8906343755824047,-1.7913442962351214,-5.129780399948526,1,1
2012,TN,4,SCOTT DESJARLAIS,-1,-19.083217460785303,-21.153966465195996,-25.081496746652736,1,1
2012,TN,5,JIM COOPER,1,20.074141643614976,19.43596072471835,15.085707301392015,0,1
2012,TN,7,MARSHA BLACKBURN,-1,19.724623288159734,16.319728077622393,3.898865569665489,0,1
2012,TN,8,STEPHEN LEE FINCHER,-1,8.353845405959618,7.5954766592792415,-6.307681565183625,1,1
2012,TN,9,STEVE COHEN,1,0.43859058578024346,-6.067499166930623,7.588473659300352,0,1
2012,TX,4,RALPH M HALL,-1,5.645526109572035,0.6791525471490933,0.5674677962310106,0,1
2012,TX,5,JEB HENSARLING,-1,3.322351935103711,1.5571504525713946,2.7722532071179167,0,1
2012,TX,6,JOE BARTON,-1,0.810678955436881,2.0540220170642725,1.9222218735432044,0,1
2012,TX,8,RALPH M HALL,-1,7.507297078629019,2.370731632688332,0.5674677962310106,0,0
2012,TX,9,AL GREEN,1,9.717537421664336,2.4190843265684885,13.417926932995467,0,1
2012,TX,10,MICHAEL T MCCAUL,-1,8.58721613200554,4.400140806006799,7.429938077971265,0,1
2012,TX,11,K MICHAEL CONAWAY,-1,4.900434851829697,1.5289576211452092,2.101824377512475,0,1
2012,TX,12,KAY GRANGER,-1,12.674623048054396,9.750090448124311,7.079205525753171,0,1
2012,TX,15,RUBEN HINOJOSA,1,12.790982791116658,8.44859677071264,8.345537166317008,0,1
2012,TX,18,SHEILA JACKSON LEE,1,3.0860377620455672,-0.22383914293730722,2.3025647579670725,0,1
2012,TX,21,LAMAR SMITH,-1,8.570714945093707,3.8579272743539503,11.3917415786633,0,1
2012,TX,22,PETE OLSON,-1,8.834073813585984,7.754748875053781,7.727851065523474,0,1
2012,TX,23,"FRANCISCO \""QUICO\"" CANSECO",-1,-7.304959212973581,-7.529583296804934,-5.512843703071374,1,1
2012,TX,26,MICHAEL C BURGESS,-1,8.16590000579956,3.3377366474432426,6.2015735472455376,0,1
2012,TX,28,HENRY CUELLAR,1,25.224192043796485,17.160671523693765,16.461158414291592,0,1
2012,TX,30,EDDIE BERNICE JOHNSON,1,6.946693708356602,0.621524442734164,5.370035968182361,0,1
2012,TX,32,PETE SESSIONS,-1,4.787919964406523,3.580046340018657,7.5462061814439245,0,1
2012,TX,35,LLOYD DOGGETT,1,8.053427475311985,4.109439517364771,2.8089959075489084,0,0
2012,VT,0,PETER WELCH,1,16.635917610278224,14.567527972793336,10.127692015218859,0,1
2012,WA,2,RICK LARSEN,1,2.299620947402108,0.4153924985384423,1.6798420340449525,0,1
2012,WA,4,DOC HASTINGS,-1,8.99892105473959,10.161460793954774,3.095905864123221,0,1
2012,WA,8,DAVID G REICHERT,-1,20.72647180024396,20.9982377034855,5.4338687186261865,0,1
2012,WA,9,ADAM SMITH,1,7.304978418816962,3.647129858141974,4.333127002869357,0,1
2012,WI,1,PAUL RYAN,-1,11.077364153583527,7.521965451126993,27.968280061377715,0,1
2012,WI,3,RON KIND,1,11.033347120706683,17.069241690330095,0.5723995907693329,0,1
2012,WI,4,GWEN MOORE,1,1.932728473445433,-3.149006481622485,2.2936443363925925,0,1
2012,WI,5,F JAMES SENSENBRENNER,-1,16.836513944240345,11.970741535050152,12.409960719483472,0,1
2012,WI,6,THOMAS E PETRI,-1,21.09993578843553,17.034481415111838,28.603658997103384,0,1
2012,WI,7,SEAN DUFFY,-1,16.96315357143023,9.219074076135112,7.264605619342969,1,1
2012,WI,8,REID J RIBBLE,-1,17.445836649590373,8.307150178100741,4.922631310728388,1,1
2012,WV,1,DAVID B MCKINLEY,-1,6.128694574717507,-2.3041912869119843,-28.17186885862801,1,1
2012,WV,2,SHELLEY MOORE CAPITO,-1,25.219381623782397,17.14080476156752,14.565842704871159,0,1
2012,WV,3,NICK J RAHALL II,1,24.996222930687022,40.83003304761695,40.18389636794356,0,1
2012,WY,0,CYNTHIA M LUMMIS,-1,12.044479322933451,6.278716888937956,1.9358378290624465,0,1
2014,AK,0,DON YOUNG,-1,-12.014971127068515,-12.13191166141339,23.61163482913708,0,1
2014,AL,2,MARTHA ROBY,-1,-0.15535484231899233,-0.2722953766638678,0.6894688336365027,0,1
2014,AL,3,MIKE ROGERS,-1,-1.5619330792184627,-1.6788736135633382,2.5451811333804057,0,1
2014,AR,1,"ERIC A \""RICK\"" CRAWFORD",-1,-1.386813529600861,-1.5037540639457365,-7.401571086804176,1,1
2014,AZ,1,ANN KIRKPATRICK,1,16.045439804027048,16.162380338371925,6.369606492467992,1,1
2014,AZ,2,RON BARBER,1,9.731985029705058,9.848925564049935,2.3083105428360113,1,1
2014,AZ,3,RAUL M GRIJALVA,1,-5.140733608881419,-5.023793074536544,-2.7600559528491244,0,1
2014,AZ,4,PAUL A GOSAR,-1,0.9887670947169731,0.8718265603720976,3.594012575593019,0,1
2014,AZ,5,MATT SALMON,-1,1.2019866813814346,1.085046147036559,4.763820524192691,1,1
2014,AZ,6,DAVID SCHWEIKERT,-1,0.3858271343933133,0.2688866000484378,8.577024166215445,0,1
2014,AZ,9,KYRSTEN SINEMA,1,16.94806925557551,17.06500978992039,-0.27339641007719084,1,1
2014,CA,2,JARED HUFFMAN,1,14.512007855900865,14.628948390245741,-1.320803433281461,1,1
2014,CA,3,JOHN GARAMENDI,1,2.229725236323505,2.3466657706683804,-3.0953901440353713,0,1
2014,CA,6,DORIS O MATSUI,1,11.768612157649091,11.885552691993967,8.158350769421354,0,1
2014,CA,7,AMI BERA,1,4.973656313661612,5.090596848006488,-0.792681768414436,1,1
2014,CA,9,JERRY MCNERNEY,1,-5.05942831180386,-4.942487777458984,-7.028885156022006,0,1
2014,CA,14,JACKIE SPEIER,1,9.93321421378285,10.050154748127726,6.037430308605736,0,1
2014,CA,16,JIM COSTA,1,-9.849960945277196,-9.73302041093232,-4.8320135121685786,0,1
2014,CA,18,ANNA G ESHOO,1,3.314379924110721,3.4313204584555965,0.4473506184688967,0,1
2014,CA,21,DAVID G VALADAO,-1,18.70377414321511,18.586833608870236,26.890563150988953,1,1
2014,CA,22,DEVIN NUNES,-1,20.51570916507553,20.398768630730657,8.541808086816882,0,1
2014,CA,24,LOIS CAPPS,1,0.8168458383084545,0.93378637265333,-1.1797201192321394,0,1
2014,CA,26,JULIA BROWNLEY,1,0.4002673910407619,0.5172079253856374,-5.2163574679765485,1,1
2014,CA,27,JUDY CHU,1,-1.284679273656078,-1.1677387393112024,-0.3810028526670157,0,1
2014,CA,32,GRACE F NAPOLITANO,1,-5.8789049759771,-5.761964441632225,-2.127131685724591,0,1
2014,CA,36,RAUL RUIZ,1,13.389006628820255,13.505947163165128,2.5626202184532065,1,1
2014,CA,38,LINDA T SANCHEZ,1,-6.124451284275995,-6.00751074993112,2.4478492956265336,0,1
2014,CA,39,EDWARD R ROYCE,-1,25.031041638662,24.914101104317126,11.85428235084412,0,1
2014,CA,41,MARK TAKANO,1,-4.201355654412472,-4.084415120067597,-7.888810819045509,1,1
2014,CA,42,KEN CALVERT,-1,7.772059617839016,7.6551190834941405,5.82151480453014,0,1
2014,CA,46,LINDA T SANCHEZ,1,1.8572725043076233,1.9742130386524988,2.4478492956265336,0,0
2014,CA,47,ALAN LOWENTHAL,1,-2.818515576363687,-2.7015750420188116,-10.015880038641274,1,1
2014,CA,48,DANA ROHRABACHER,-1,7.989030706809878,7.872090172465002,10.0391317568237,0,1
2014,CA,49,DARRELL E ISSA,-1,5.228867619868156,5.111927085523281,9.552860083427706,0,1
2014,CA,50,DUNCAN HUNTER,-1,10.85535908889008,10.738418554545204,12.1716851304028,0,1
2014,CA,51,JUAN VARGAS,1,4.65808186745296,4.775022401797836,1.6975597045979294,1,1
2014,CA,52,SCOTT PETERS,1,4.909251377803981,5.026191912148857,-4.238489630414305,1,1
2014,CA,53,SUSAN A DAVIS,1,0.3902292107957166,0.5071697451405921,-2.756786105303461,0,1
2014,CO,1,DIANA DEGETTE,1,6.043887797757154,6.16082833210203,2.4790962874425597,0,1
2014,CO,2,JARED POLIS,1,2.8745545753651083,2.991495109709984,-0.8007262719502171,0,1
2014,CO,3,SCOTT R TIPTON,-1,9.359218178782825,9.24227764443795,6.923188799716839,1,1
2014,CO,6,MIKE COFFMAN,-1,6.304997622319723,6.1880570879748475,7.4380262276898454,0,1
2014,CO,7,ED PERLMUTTER,1,3.230312889901043,3.3472534242459187,-1.7562101366532152,0,1
2014,CT,1,JOHN B LARSON,1,6.953724037461374,7.070664571806249,15.022854176961495,0,1
2014,CT,2,JOE COURTNEY,1,22.207421425117968,22.32436195946284,26.262674926729385,0,1
2014,CT,3,ROSA L DELAURO,1,15.521073216723561,15.638013751068437,22.731299333109448,0,1
2014,CT,4,JAMES A HIMES,1,4.599482824937932,4.716423359282808,8.653046901375472,0,1
2014,CT,5,ELIZABETH ESTY,1,7.454885718150248,7.571826252495123,-5.736666912403595,1,1
2014,DE,0,JOHN C CARNEY,1,12.844203060063759,12.961143594408634,12.729583459948824,0,1
2014,GA,2,SANFORD D BISHOP JR,1,8.681424789803057,8.798365324147932,9.60245302162652,0,1
2014,GA,6,TOM PRICE,-1,0.09867325145141592,-0.01826728289345958,5.3660637053867175,0,1
2014,GA,7,ROB WOODALL,-1,0.2610789671789746,0.1441384328340991,2.147688631967042,0,1
2014,GA,9,DOUG COLLINS,-1,-5.34806419261351,-5.4650047269583855,-5.991845339744864,1,1
2014,GA,12,JOHN BARROW,1,10.69227276617919,10.809213300524066,19.261806715675874,0,1
2014,HI,2,TULSI GABBARD,1,24.419489742614015,24.53643027695889,15.461881984872356,1,1
2014,IA,2,DAVID LOEBSACK,1,0.10153739655705252,0.21847793090192802,-0.012683914278443176,0,1
2014,IA,4,STEVE KING,-1,6.877846656769389,6.7609061224245135,0.12954362707289047,0,1
2014,ID,1,RAUL R LABRADOR,-1,-11.935316553367993,-12.052257087712869,0.7251680186955474,0,1
2014,ID,2,MICHAEL K SIMPSON,-1,-17.45078717877779,-17.567727713122665,-1.4939611743424601,0,1
2014,IL,1,BOBBY L RUSH,1,-4.818522640873656,-4.701582106528781,-11.686798269576748,0,1
2014,IL,3,DANIEL LIPINSKI,1,23.901375824988204,24.018316359333078,23.407724188138143,0,1
2014,IL,4,LUIS V GUTIERREZ,1,-0.5289122072448613,-0.4119716728999858,0.8490917874731005,0,1
2014,IL,5,MIKE QUIGLEY,1,8.057769487742174,8.17471002208705,4.358727035128269,0,1
2014,IL,6,PETER J ROSKAM,-1,17.657897153984603,17.54095661963973,10.166771743446791,0,1
2014,IL,8,TAMMY DUCKWORTH,1,2.9468325073027266,3.063773041647602,-7.358424881010534,1,1
2014,IL,9,JANICE D SCHAKOWSKY,1,8.187370380294912,8.304310914639787,0.3517244884732671,0,1
2014,IL,10,BRAD SCHNEIDER,1,-10.948398024727606,-10.83145749038273,-15.432577349755093,1,1
2014,IL,11,BILL FOSTER,1,-2.276280020549425,-2.1593394862045496,-0.3982207625458889,1,1
2014,IL,12,WILLIAM L ENYART,1,-4.45948178926448,-4.342541254919604,7.85545833594956,1,1
2014,IL,13,RODNEY DAVIS,-1,8.724693229868016,8.607752695523141,0.11665490338293827,1,1
2014,IL,14,RANDY HULTGREN,-1,12.385442218129715,12.268501683784839,7.530600160109391,0,1
2014,IL,15,JOHN SHIMKUS,-1,11.158704720198585,11.04176418585371,6.861387574923181,0,1
2014,IL,16,ADAM KINZINGER,-1,25.11394214819447,24.997001613849598,15.836410463891571,0,1
2014,IL,17,CHERI BUSTOS,1,1.8911419527519815,2.008082487096857,-10.811134204071681,1,1
2014,IL,18,AARON SCHOCK,-1,17.40833427462354,17.291393740278664,24.63380423753659,0,1
2014,IN,1,PETER J VISCLOSKY,1,10.00232432922213,10.119264863567006,10.371062936216408,0,1
2014,IN,2,JACKIE WALORSKI,-1,-1.2905323837733995,-1.407472918118275,-12.715188416242864,1,1
2014,IN,3,MARLIN A STUTZMAN,-1,6.649049010121264,6.532108475776388,6.847913407916827,0,1
2014,IN,4,TODD ROKITA,-1,0.9297831586476271,0.8128426243027516,4.433128456875944,0,1
2014,IN,5,SUSAN BROOKS,-1,10.424955263606059,10.308014729261183,4.587259786641073,1,1
2014,IN,6,LUKE MESSER,-1,6.45148503059724,6.334544496252365,1.8425535791798735,1,1
2014,IN,7,ANDRE CARSON,1,-6.259386621550174,-6.142446087205299,-2.332658378664031,0,1
2014,IN,8,LARRY BUCSHON,-1,-1.9908569414479658,-2.1077974757928413,-8.460889184537582,0,1
2014,IN,9,TODD C YOUNG,-1,4.607986047134059,4.491045512789183,-5.902438810802479,0,1
2014,KS,2,LYNN JENKINS,-1,-2.9503725390577795,-3.067313073402655,5.229798254223426,0,1
2014,KS,4,MIKE POMPEO,-1,-1.0576606248394498,-1.1746011591843253,6.618997204426026,0,1
2014,KY,1,ED WHITFIELD,-1,3.1440355197053584,3.027094985360483,4.50201435312325,0,1
2014,KY,2,BRETT GUTHRIE,-1,1.4327771969143583,1.3158366625694828,5.328893782492147,0,1
2014,KY,3,JOHN A YARMUTH,1,23.37265083516035,23.489591369505227,16.714604928864055,0,1
2014,KY,4,THOMAS MASSIE,-1,-1.946966445280598,-2.0639069796254734,-1.105901976418072,1,1
2014,KY,5,HAROLD ROGERS,-1,-4.521366425580393,-4.638306959925268,3.10149805690824,0,1
2014,LA,1,STEVE SCALISE,-1,7.5912772147716545,7.474336680426779,11.000823878191,0,1
2014,MA,3,NIKI TSONGAS,1,18.544526746700534,18.66146728104541,16.134066158852164,0,1
2014,MA,9,WILLIAM R KEATING,1,5.665665204987006,5.782605739331881,16.58833088120499,0,1
2014,MD,1,ANDY HARRIS,-1,9.550152123278714,9.433211588933839,10.015794117406646,0,1
2014,MD,2,C A DUTCH RUPPERSBERGER,1,5.838052844134793,5.954993378479669,6.94881653223197,0,1
2014,MD,3,JOHN P SARBANES,1,3.425298384526698,3.5422389188715737,14.47520992680466,0,1
2014,MD,4,DONNA F EDWARDS,1,-7.077410123634291,-6.960469589289415,-0.336775053654768,0,1
2014,MD,5,STENY H HOYER,1,2.438574401740265,2.5555149360851406,8.661930544656052,0,1
2014,MD,6,JOHN DELANEY,1,-2.8872524952817322,-2.7703119609368567,8.880665169944322,1,1
2014,MD,7,ELIJAH E CUMMINGS,1,-2.162311154593038,-2.0453706202481623,2.4487222771400505,0,1
2014,MD,8,CHRIS VAN HOLLEN,1,3.5062709615855994,3.623211495930475,5.02401756750032,0,1
2014,ME,1,CHELLIE PINGREE,1,19.06149603370058,19.178436568045456,7.6451188641137096,0,1
2014,MI,1,DAN BENISHEK,-1,-9.633377055243576,-9.750317589588452,-7.768753815322803,0,1
2014,MI,2,BILL HUIZENGA,-1,10.05561796854792,9.938677434203045,15.259175799180369,0,1
2014,MI,3,JUSTIN AMASH,-1,3.835324437710753,3.7183839033658774,1.4059387909158616,0,1
2014,MI,5,DANIEL T KILDEE,1,21.972693508784868,22.08963404312974,12.0457526844407,0,1
2014,MI,6,FRED UPTON,-1,6.415371810354843,6.298431276009968,10.967429005537191,0,1
2014,MI,7,TIM WALBERG,-1,1.5703995621707918,1.4534590278259163,7.629997027251798,0,1
2014,MI,9,SANDER M LEVIN,1,18.03289436759174,18.149834901936615,13.577891095259861,0,1
2014,MI,10,CANDICE S MILLER,-1,20.110927847922,19.993987313577122,27.975015941996727,0,1
2014,MN,1,TIMOTHY J WALZ,1,15.379834677176705,15.49677521152158,13.731976359656024,0,1
2014,MN,2,JOHN KLINE,-1,9.912995855779304,9.796055321434428,8.331163461108428,0,1
2014,MN,3,ERIK PAULSEN,-1,16.913081057933866,16.79614052358899,17.193343448218553,0,1
2014,MN,4,BETTY MCCOLLUM,1,10.79896512185644,10.915905656201316,5.187031738587625,0,1
2014,MN,5,KEITH ELLISON,1,6.917371651415731,7.034312185760607,-1.4190436950016112,0,1
2014,MN,7,COLLIN C PETERSON,1,26.841187954735148,26.958128489080025,36.75527375970302,0,1
2014,MN,8,RICHARD NOLAN,1,4.128204059924944,4.24514459426982,3.2484087221885183,1,1
2014,MO,1,WM LACY CLAY,1,0.9037377450758832,1.0206782794207587,1.1946586400966632,0,1
2014,MO,2,ANN WAGNER,-1,8.34634761662251,8.229407082277634,7.784502345180779,1,1
2014,MO,3,BLAINE LUETKEMEYER,-1,8.453220992572273,8.336280458227398,5.448356744007699,0,1
2014,MO,4,VICKY HARTZLER,-1,10.490698515135893,10.373757980791018,0.5572398304643356,0,1
2014,MO,5,EMANUEL CLEAVER,1,-4.6911704528291835,-4.574229918484308,4.339715387491659,0,1
2014,MO,6,SAM GRAVES,-1,7.783526606742967,7.666586072398092,10.796194092485752,0,1
2014,MO,7,BILLY LONG,-1,-8.865702930199514,-8.98264346454439,-3.259557923972971,0,1
2014,MS,1,ALAN NUNNELEE,-1,6.799837715074808,6.682897180729933,-0.95887119470654,0,1
2014,MS,4,STEVEN M PALAZZO,-1,3.23124239334982,3.1143018590049447,1.1489832758165823,0,1
2014,ND,0,KEVIN CRAMER,-1,-10.420086912165317,-10.537027446510193,-6.572806183924652,1,1
2014,NE,1,JEFF FORTENBERRY,-1,12.447279514820377,12.330338980475501,19.734472735945467,0,1
2014,NE,2,LEE TERRY,-1,-19.108854804971877,-19.225795339316754,-5.653434019905129,0,1
2014,NE,3,ADRIAN SMITH,-1,-0.7694973134664131,-0.8864378478112886,5.134921412221359,0,1
2014,NH,1,CAROL SHEA-PORTER,1,3.0530156754120226,3.169956209756898,2.25614780928003,1,1
2014,NH,2,ANN MCLANE KUSTER,1,8.481980937704092,8.598921472048968,-4.82763123320355,1,1
2014,NJ,2,FRANK A LOBIONDO,-1,24.40961610111898,24.292675566774108,25.98259932912435,0,1
2014,NJ,4,CHRISTOPHER H SMITH,-1,19.294858328769617,19.177917794424744,19.202532394550467,0,1
2014,NJ,5,SCOTT GARRETT,-1,0.8496987159400966,0.7327581815952211,9.490421776932696,0,1
2014,NJ,6,FRANK PALLONE JR,1,5.233182062031464,5.350122596376339,4.202563865056686,0,1
2014,NJ,7,LEONARD LANCE,-1,6.344366503950518,6.227425969605642,11.392294847049715,0,1
2014,NJ,8,ALBIO SIRES,1,10.591325107784602,10.708265642129478,2.6957422115815115,0,1
2014,NJ,9,BILL PASCRELL JR,1,9.389932789996092,9.506873324340967,11.539651558870567,0,1
2014,NJ,11,RODNEY P FRELINGHUYSEN,-1,11.00199136994291,10.885050835598035,13.25583134591674,0,1
2014,NM,1,MICHELLE LUJAN GRISHAM,1,8.908249616450043,9.025190150794918,1.7182384725147495,1,1
2014,NM,2,STEVEN PEARCE,-1,13.596342264504898,13.479401730160022,11.220619821346148,0,1
2014,NM,3,BEN RAY LUJAN,1,11.817542778024976,11.934483312369851,6.649321145177429,0,1
2014,NV,1,DINA TITUS,1,-5.573355199411331,-5.456414665066456,-0.23991385612264704,1,1
2014,NV,2,MARK E AMODEI,-1,23.78461693117877,23.667676396833897,14.547455322277443,1,1
2014,NV,3,JOSEPH J HECK,-1,17.95382501538056,17.836884481035682,8.909710520652855,0,1
2014,NV,4,STEVEN A HORSFORD,1,-5.5650727846446735,-5.448132250299798,-2.288672539000177,1,1
2014,NY,1,TIMOTHY H BISHOP,1,-1.091003949909716,-0.9740634155648404,4.329671490140479,0,1
2014,NY,2,PETER T KING,-1,35.127617992600406,35.01067745825553,21.870964959929413,0,1
2014,NY,3,STEVE ISRAEL,1,15.247191474590611,15.364132008935487,13.78980489158193,0,1
2014,NY,11,MICHAEL G GRIMM,-1,9.16928042223661,9.052339887891735,9.871973440534386,0,1
2014,NY,12,CAROLYN B MALONEY,1,11.865370733272659,11.982311267617535,4.755601822635371,0,1
2014,NY,17,NITA M LOWEY,1,5.786788956617494,5.90372949096237,14.787758313693256,0,1
2014,NY,18,SEAN PATRICK MALONEY,1,5.8223503838717185,5.939290918216594,-0.5239202424678031,1,1
2014,NY,19,CHRISTOPHER P GIBSON,-1,27.020316709575415,26.90337617523054,12.091250469071017,0,1
2014,NY,20,PAUL TONKO,1,9.991858151660995,10.108798686005871,16.013927069550974,0,1
2014,NY,23,TOM REED,-1,13.884554705070332,13.767614170725457,2.6541224931144356,0,1
2014,NY,24,DANIEL B MAFFEI,1,-27.130800090881078,-27.013859556536204,-10.345280571356533,1,1
2014,NY,25,LOUISE MCINTOSH SLAUGHTER,1,-11.024207779049352,-10.907267244704476,-4.991436651835234,0,1
2014,NY,26,BRIAN HIGGINS,1,14.436792411485996,14.553732945830872,19.37611421477723,0,1
2014,NY,27,CHRIS COLLINS,-1,21.219900392935212,21.10295985859034,-10.994467497016263,1,1
2014,OH,1,STEVE CHABOT,-1,11.973559116771266,11.85661858242639,14.998124354041028,0,1
2014,OH,2,BRAD WENSTRUP,-1,12.466816778518943,12.349876244174068,6.145789856765565,1,1
2014,OH,3,JOYCE BEATTY,1,-4.970208176643691,-4.853267642298816,2.8795434274002654,1,1
2014,OH,4,JIM JORDAN,-1,12.766293108279616,12.64935257393474,8.822854719772756,0,1
2014,OH,5,ROBERT E LATTA,-1,21.077681952472336,20.960741418127462,8.832600409571238,0,1
2014,OH,6,BILL JOHNSON,-1,-0.7509456597845858,-0.8678861941294613,-6.208041531808363,0,1
2014,OH,9,MARCY KAPTUR,1,6.62162524409727,6.738565778442146,14.737728786404183,0,1
2014,OH,10,MICHAEL R TURNER,-1,24.582845679384743,24.46590514503987,20.849110964873105,0,1
2014,OH,12,PATRICK J TIBERI,-1,23.133843181540897,23.01690264719602,16.3150301415678,0,1
2014,OH,13,TIM RYAN,1,17.347029548170532,17.46397008251541,17.50673250602912,0,1
2014,OH,14,DAVID P JOYCE,-1,19.775163671898962,19.65822313755409,13.206035902049603,1,1
2014,OH,15,STEVE STIVERS,-1,18.06529038222413,17.948349847879257,17.471632183521294,0,1
2014,OH,16,JAMES B RENACCI,-1,10.879439381432224,10.762498847087349,-4.16503243315622,1,1
2014,OK,2,MARKWAYNE MULLIN,-1,4.130049857399282,4.013109323054406,-15.682891144634347,1,1
2014,OK,3,FRANK D LUCAS,-1,1.1505572992899324,1.033616764945057,10.354074010946512,0,1
2014,OK,4,TOM COLE,-1,5.8594110312244005,5.742470496879525,8.053665014041435,0,1
2014,OR,1,SUZANNE BONAMICI,1,15.391039240512676,15.507979774857551,10.823800108805674,1,1
2014,OR,2,GREG WALDEN,-1,21.531603199661305,21.414662665316428,23.732574632592435,0,1
2014,OR,3,EARL BLUMENAUER,1,16.698167465139246,16.81510799948412,9.081420234591327,0,1
2014,OR,4,PETER A DEFAZIO,1,23.18153910682127,23.298479641166146,13.47629771663949,0,1
2014,OR,5,KURT SCHRADER,1,20.339586858697878,20.45652739304275,8.469026764006426,0,1
2014,RI,1,DAVID N CICILLINE,1,-6.961610522534542,-6.844669988189667,-21.678026325615207,0,1
2014,RI,2,JAMES R LANGEVIN,1,11.0575687885671,11.174509322911975,0.7093194651994574,0,1
2014,SC,3,JEFF DUNCAN,-1,3.0577783908676928,2.9408378565228173,2.3041882262038973,0,1
2014,SC,5,MICK MULVANEY,-1,-2.1699116919224046,-2.28685222626728,-0.47647477989249776,0,1
2014,SC,7,TOM RICE,-1,1.4937187962970953,1.3767782619522198,0.9825587773234572,1,1
2014,SD,0,KRISTI L NOEM,-1,6.374868810114016,6.257928275769141,-3.448036520965924,0,1
2014,TN,2,JOHN J DUNCAN JR,-1,7.191878916774005,7.07493838242913,19.618251855533885,0,1
2014,TN,3,"CHARLES J \""CHUCK\"" FLEISCHMANN",-1,-8.284171436564009,-8.401111970908884,-1.7913442962351214,0,1
2014,TN,5,JIM COOPER,1,21.81961939511894,21.93655992946382,19.43596072471835,0,1
2014,TN,7,MARSHA BLACKBURN,-1,3.119558573223724,3.0026180388788486,16.319728077622393,0,1
2014,TN,8,STEPHEN LEE FINCHER,-1,6.51876814222604,6.401827607881165,7.5954766592792415,0,1
2014,TN,9,STEVE COHEN,1,2.973121819695198,3.0900623540400733,-6.067499166930623,0,1
2014,TX,1,LOUIE GOHMERT,-1,2.1527053962936726,2.035764861948797,0.8033715521698488,0,1
2014,TX,2,TED POE,-1,3.2635198095742624,3.146579275229387,5.297499304812088,0,1
2014,TX,6,JOE BARTON,-1,-0.28796599177851334,-0.40490652612338884,2.0540220170642725,0,1
2014,TX,7,JOHN ABNEY CULBERSON,-1,-0.54431553399289,-0.6612560683377655,3.500260021844947,0,1
2014,TX,10,MICHAEL T MCCAUL,-1,0.09803436838907942,-0.018906165955796084,4.400140806006799,0,1
2014,TX,12,KAY GRANGER,-1,2.186183816305441,2.0692432819605653,9.750090448124311,0,1
2014,TX,14,RANDY WEBER,-1,-1.9841038879854551,-2.1010444223303306,-10.958671391143447,1,1
2014,TX,15,RUBEN HINOJOSA,1,3.2509197061099364,3.367860240454812,8.44859677071264,0,1
2014,TX,16,BETO O'ROURKE,1,17.833362683191936,17.950303217536813,2.886059968317615,1,1
2014,TX,18,SHEILA JACKSON LEE,1,3.0920281347745906,3.208968669119466,-0.22383914293730722,0,1
2014,TX,22,PETE OLSON,-1,1.664487075414499,1.5475465410696234,7.754748875053781,0,1
2014,TX,23,PETE P GALLEGO,1,8.758090701215002,8.875031235559877,7.529583296804934,1,1
2014,TX,24,KENNY MARCHANT,-1,2.582418079693035,2.4654775453481594,3.090382284706478,0,1
2014,TX,25,ROGER WILLIAMS,-1,-6.038888799836595,-6.155829334181471,-0.664747213745895,1,1
2014,TX,27,BLAKE FARENTHOLD,-1,-0.13449410193006273,-0.25143463627493823,-4.264469675749322,1,1
2014,TX,31,JOHN R CARTER,-1,3.3828907714729546,3.265950237128079,5.617271550762605,0,1
2014,TX,32,PETE SESSIONS,-1,3.102121507954074,2.9851809736091983,3.580046340018657,0,1
2014,TX,34,LAMAR SMITH,-1,-6.889334836509168,-7.006275370854043,3.8579272743539503,0,0
2014,TX,35,LLOYD DOGGETT,1,9.652884255295028,9.769824789639904,4.109439517364771,0,1
2014,VT,0,PETER WELCH,1,6.792436136250675,6.909376670595551,14.567527972793336,0,1
2014,WA,1,SUZAN DELBENE,1,7.264370941692723,7.381311476037599,-3.2733478460700844,1,1
2014,WA,2,RICK LARSEN,1,7.617465448417008,7.734405982761883,0.4153924985384423,0,1
2014,WA,3,JAIME HERRERA BEUTLER,-1,13.041415791809317,12.924475257464442,19.07302432956209,1,1
2014,WA,5,CATHY MCMORRIS RODGERS,-1,3.004269471717409,2.8873289373725335,13.811535245714627,1,1
2014,WA,6,DEREK KILMER,1,18.9323964856872,19.049337020032077,2.6248729108988096,1,1
2014,WA,7,JIM MCDERMOTT,1,7.432584897166617,7.549525431511492,-3.544855871245267,0,1
2014,WA,8,DAVID G REICHERT,-1,19.892158470759313,19.775217936414435,20.9982377034855,0,1
2014,WA,9,ADAM SMITH,1,10.399523667101025,10.5164642014459,3.647129858141974,0,1
2014,WA,10,DENNY HECK,1,2.0768969916633093,2.193837526008185,1.4532592708719863,1,1
2014,WI,1,PAUL RYAN,-1,14.144487326473712,14.027546792128836,7.521965451126993,0,1
2014,WI,2,MARK POCAN,1,6.941707508744468,7.0586480430893435,-2.2393022856531877,1,1
2014,WI,3,RON KIND,1,10.156014254871067,10.272954789215943,17.069241690330095,0,1
2014,WI,4,GWEN MOORE,1,0.9741387859991129,1.0910793203439884,-3.149006481622485,0,1
2014,WI,5,F JAMES SENSENBRENNER JR,-1,6.9885027421291674,6.871562207784292,11.970741535050152,0,1
2014,WI,7,SEAN P DUFFY,-1,8.713334107774251,8.596393573429376,9.219074076135112,0,1
2014,WI,8,REID J RIBBLE,-1,18.06167493856559,17.944734404220718,8.307150178100741,0,1
2014,WV,1,DAVID B MCKINLEY,-1,-7.68133966998445,-7.798280204329325,-2.3041912869119843,0,1
2014,WV,3,NICK J RAHALL II,1,30.502321840817846,30.61926237516272,40.83003304761695,0,1
2014,WY,0,CYNTHIA M LUMMIS,-1,-0.7824126136051284,-0.8993531479500039,6.278716888937956,0,1
2016,AK,0,DON YOUNG,-1,-2.3100947872832354,-3.225324099057455,-12.13191166141339,0,1
2016,AL,2,MARTHA ROBY,-1,-21.715646186869805,-26.325577179685517,-0.2722953766638678,0,1
2016,AL,3,MIKE ROGERS,-1,4.0553296558126615,-2.737030479167877,-1.6788736135633382,0,1
2016,AL,6,GARY PALMER,-1,-5.24386509545757,0.014645062330807868,-5.952487411895143,1,1
2016,AZ,2,MARTHA MCSALLY,-1,8.131716845896259,16.141371255981554,-9.848925564049935,1,1
2016,AZ,4,PAUL A GOSAR,-1,1.7838331656372564,-2.2919827859472823,0.8718265603720976,0,1
2016,AZ,6,DAVID SCHWEIKERT,-1,-1.0567320281826564,10.74026153948093,0.2688866000484378,0,1
2016,AZ,9,KYRSTEN SINEMA,1,21.536558119143415,7.346907789122173,17.06500978992039,0,1
2016,CA,1,DOUG LAMALFA,-1,-2.9745884932428,-6.116940484250072,-3.157727497390672,1,1
2016,CA,2,JARED HUFFMAN,1,14.209526381352566,7.159535993207654,14.628948390245741,0,1
2016,CA,3,JOHN GARAMENDI,1,11.46321755705898,8.18429582078726,2.3466657706683804,0,1
2016,CA,6,DORIS O MATSUI,1,13.224241406892629,5.962579570235305,11.885552691993967,0,1
2016,CA,7,AMI BERA,1,2.5037103429059453,-6.917219674539315,5.090596848006488,0,1
2016,CA,8,PAUL COOK,-1,5.970996391168397,5.531516348768535,12.611574769470204,0,1
2016,CA,9,JERRY MCNERNEY,1,0.8986997786381679,-1.9708917172615257,-4.942487777458984,0,1
2016,CA,11,MARK DESAULNIER,1,9.840381313424102,-4.727230452123245,4.419697162597638,1,1
2016,CA,14,JACKIE SPEIER,1,14.247339164503144,2.9735489310036334,10.050154748127726,0,1
2016,CA,15,ERIC SWALWELL,1,12.733613387498108,1.940031070193192,8.947766180106564,0,1
2016,CA,16,JIM COSTA,1,0.7371756319614544,-3.839874582078658,-9.73302041093232,0,1
2016,CA,18,ANNA G ESHOO,1,6.075589961296776,-11.57580947883448,3.4313204584555965,0,1
2016,CA,21,DAVID G VALADAO,-1,20.532184358363715,26.83771275182094,18.586833608870236,0,1
2016,CA,22,DEVIN NUNES,-1,15.595912515948308,22.126713629709528,20.398768630730657,0,1
2016,CA,23,KEVIN MCCARTHY,-1,8.066304255886573,12.023860680512964,15.257826512988279,0,1
2016,CA,26,JULIA BROWNLEY,1,14.47587540510124,0.4081376528176426,0.5172079253856374,0,1
2016,CA,27,JUDY CHU,1,10.821361577719662,-2.017989388797049,-1.1677387393112024,0,1
2016,CA,30,BRAD SHERMAN,1,15.44986820977776,2.467988775742241,5.59017360737314,0,1
2016,CA,31,PETE AGUILAR,1,-0.5790106238777977,-7.268524174504212,-5.109507628041417,1,1
2016,CA,33,TED LIEU,1,12.70370416431726,-7.94490306274333,2.3355824628832327,1,1
2016,CA,36,RAUL RUIZ,1,25.108539943229935,17.874643810677888,13.505947163165128,0,1
2016,CA,38,LINDA T SANCHEZ,1,12.631656698858889,1.9792428028767537,-6.00751074993112,0,1
2016,CA,39,EDWARD R ROYCE,-1,6.422164589328252,20.599231798099293,24.914101104317126,0,1
2016,CA,41,MARK TAKANO,1,8.395204569338281,3.225235472968321,-4.084415120067597,0,1
2016,CA,42,KEN CALVERT,-1,-2.038993325803432,2.014211783381783,7.6551190834941405,0,1
2016,CA,43,MAXINE WATERS,1,-2.755939161485246,-9.738871366882563,-8.873649094902687,0,1
2016,CA,45,MAXINE WATERS,1,-0.7947362273988414,-19.880190993164202,-8.873649094902687,0,0
2016,CA,47,ALAN S LOWENTHAL,1,8.625295160665685,-3.345996539625607,-2.7015750420188116,0,1
2016,CA,48,DANA ROHRACHER,-1,0.4047080694377829,15.474262826473979,7.872090172465002,0,1
2016,CA,49,DARRELL E ISSA,-1,-10.566451089684795,5.538065919492026,5.111927085523281,0,1
2016,CA,50,DUNCAN HUNTER,-1,-0.6221041534308984,8.007166106567794,10.738418554545204,0,1
2016,CA,51,JUAN VARGAS,1,8.56723030884766,-3.3169339592169544,4.775022401797836,0,1
2016,CA,52,SCOTT H PETERS,1,10.766729861144482,-7.989640705532024,5.026191912148857,0,1
2016,CA,53,SUSAN A DAVIS,1,12.715463053438109,-0.09789981321061081,0.5071697451405921,0,1
2016,CO,1,DIANA DEGETTE,1,5.1728974084936805,-4.684959519964843,6.16082833210203,0,1
2016,CO,2,JARED POLIS,1,6.330274848806782,0.5530141537181796,2.991495109709984,0,1
2016,CO,3,SCOTT R TIPTON,-1,4.603240427534008,-1.0051658331983928,9.24227764443795,0,1
2016,CO,4,KEN BUCK,-1,9.489248237534285,5.34028961058547,9.603071170038701,1,1
2016,CO,5,DOUG LAMBORN,-1,8.132666634168979,4.2267612239583,-10.155678899405773,0,1
2016,CO,6,MIKE COFFMAN,-1,9.818477030981256,15.634007245386236,6.1880570879748475,0,1
2016,CO,7,ED PERLMUTTER,1,5.262077722154581,5.953759543370137,3.3472534242459187,0,1
2016,CT,1,JOHN B LARSON,1,7.264425570554147,9.847052498307203,7.070664571806249,0,1
2016,CT,2,JOE COURTNEY,1,21.281499738866913,30.427723724619224,22.32436195946284,0,1
2016,CT,3,ROSA L DELAURO,1,15.741144344234561,24.950596235221436,15.638013751068437,0,1
2016,CT,4,JAMES A HIMES,1,12.860775115454771,-1.1344725442112429,4.716423359282808,0,1
2016,GA,2,SANFORD D BISHOP JR,1,8.811579647190603,13.529153522472726,8.798365324147932,0,1
2016,GA,6,TOM PRICE,-1,-4.597298537032772,18.81589556584587,-0.01826728289345958,0,1
2016,GA,7,ROB WOODALL,-1,-5.729461147042818,11.222229341865425,0.1441384328340991,0,1
2016,GA,12,"R W \""RICK\"" ALLEN",-1,7.023186230444631,3.6315485104294547,-10.809213300524066,1,1
2016,HI,2,TULSI GABBARD,1,21.007131577817788,30.34029485170624,24.53643027695889,0,1
2016,IA,1,ROD BLUM,-1,17.29729306110316,0.9770087402283285,7.77438448064788,1,1
2016,IA,2,DAVID LOEBSACK,1,-1.5604082898617753,14.808620029447553,0.21847793090192802,0,1
2016,IA,3,DAVID YOUNG,-1,14.74068147666492,8.025262096736007,6.950357869813361,1,1
2016,IA,4,STEVE KING,-1,10.180261640985465,-9.350944141206298,6.7609061224245135,0,1
2016,ID,1,RAUL R LABRADOR,-1,-1.5727225052213267,-9.593979101632137,-12.052257087712869,0,1
2016,ID,2,MICHAEL K SIMPSON,-1,0.1492565802825414,4.0296730880774385,-17.567727713122665,0,1
2016,IL,1,BOBBY L RUSH,1,-6.821713566710956,-4.6201750017966186,-4.701582106528781,0,1
2016,IL,2,ROBIN L KELLY,1,1.1729555126700983,1.927923084226264,2.783216470874004,1,1
2016,IL,5,MIKE QUIGLEY,1,11.628765904929855,-4.053846737887533,8.17471002208705,0,1
2016,IL,6,PETER J ROSKAM,-1,5.855369295923099,22.970880326729215,17.54095661963973,0,1
2016,IL,9,JANICE D SCHAKOWSKY,1,4.9785306766907365,-11.639727972757356,8.304310914639787,0,1
2016,IL,10,ROBERT DOLD,-1,7.163195842781009,22.896090920223582,10.83145749038273,1,1
2016,IL,11,BILL FOSTER,1,7.67538626929276,-1.0529365464601925,-2.1593394862045496,0,1
2016,IL,12,MIKE BOST,-1,12.815533695502607,-2.9753294648408017,4.342541254919604,1,1
2016,IL,13,RODNEY DAVIS,-1,14.762865673514279,10.500794003062001,8.607752695523141,0,1
2016,IL,14,RANDY HULTGREN,-1,4.187819014851957,11.466828662746412,12.268501683784839,0,1
2016,IL,17,CHERI BUSTOS,1,7.563739778996146,24.331707203046363,2.008082487096857,0,1
2016,IN,2,JACKIE WALORSKI,-1,4.709023041392419,-4.065485078396548,-1.407472918118275,0,1
2016,IN,4,TODD ROKITA,-1,7.086809835621333,-3.1704379318906453,0.8128426243027516,0,1
2016,IN,5,SUSAN W BROOKS,-1,7.003550210834044,12.899024200888064,10.308014729261183,0,1
2016,IN,6,LUKE MESSER,-1,16.378782210954718,-1.066325044785322,6.334544496252365,0,1
2016,IN,7,ANDRE CARSON,1,1.6724745101045198,4.410948605689977,-6.142446087205299,0,1
2016,IN,8,LARRY BUCSHON,-1,10.125159389983713,-4.691594239281172,-2.1077974757928413,0,1
2016,KS,2,LYNN JENKINS,-1,12.154218759711215,7.633686735363757,-3.067313073402655,0,1
2016,KS,3,KEVIN YODER,-1,-2.297450264214861,9.961630322912452,1.9613577058916558,0,1
2016,KS,4,MIKE POMPEO,-1,4.048980620402814,2.252269343146268,-1.1746011591843253,0,1
2016,KY,3,JOHN A YARMUTH,1,18.161272349116572,14.147403222967,23.489591369505227,0,1
2016,KY,4,THOMAS MASSIE,-1,9.257455606969339,1.679804886627779,-2.0639069796254734,0,1
2016,KY,6,ANDY BARR,-1,4.041178339562874,2.9469617580106666,-2.2840626039566043,1,1
2016,LA,1,STEVE SCALISE,-1,9.255272479368474,11.507421314319423,7.474336680426779,0,1
2016,LA,6,GARRET GRAVES,-1,11.52178648890221,12.28792886659766,-0.9274104192628645,1,1
2016,MA,3,NIKI TSONGAS,1,26.022354168458534,16.14390576141745,18.66146728104541,0,1
2016,MA,9,WILLIAM R KEATING,1,16.414926620692064,16.356694871314104,5.782605739331881,0,1
2016,MD,1,ANDY HARRIS,-1,12.737820254381857,7.185969046382238,9.433211588933839,0,1
2016,MD,2,C A DUTCH RUPPERSBERGER,1,6.014734048910329,7.901715001973193,5.954993378479669,0,1
2016,MD,3,JOHN P SARBANES,1,10.33640229056259,1.1082469392987617,3.5422389188715737,0,1
2016,MD,5,STENY H HOYER,1,9.326766875025298,8.988400564004579,2.5555149360851406,0,1
2016,MD,6,JOHN K DELANEY,1,8.130912532837351,3.6849244161892196,-2.7703119609368567,0,1
2016,MD,7,ELIJAH E CUMMINGS,1,4.429985269094756,-0.05340023136138061,-2.0453706202481623,0,1
2016,ME,1,CHELLIE PINGREE,1,-1.5612136481864187,3.1868215171951,19.178436568045456,0,1
2016,ME,2,BRUCE POLIQUIN,-1,14.079079931013235,-4.504392635689954,6.1960218956263,1,1
2016,MI,2,BILL HUIZENGA,-1,14.348577390364357,9.929858541081366,9.938677434203045,0,1
2016,MI,3,JUSTIN AMASH,-1,10.997265806728839,9.644667986007033,3.7183839033658774,0,1
2016,MI,4,JOHN MOOLENAAR,-1,19.194532493229516,2.2359076839864693,1.7287349339130174,1,1
2016,MI,5,DANIEL T KILDEE,1,8.692967679629602,25.61993458347927,22.08963404312974,0,1
2016,MI,6,FRED UPTON,-1,17.72048910487844,11.504964083321166,6.298431276009968,0,1
2016,MI,7,TIM WALBERG,-1,8.410811742003121,-5.175652545745547,1.4534590278259163,0,1
2016,MI,8,MIKE BISHOP,-1,10.309846169426194,7.635583476433525,1.4409449601516986,1,1
2016,MI,9,SANDER M LEVIN,1,10.34333199433476,16.301474221874745,18.149834901936615,0,1
2016,MI,11,DAVE TROTT,-1,3.9983635045181085,6.097863960777063,2.166410994434063,1,1
2016,MI,12,DEBBIE DINGELL,1,8.01162790411365,12.864408715198135,9.638095742309128,1,1
2016,MI,13,JOHN CONYERS JR,1,-0.8782469979063752,6.448604527789128,3.085717273261084,0,1
2016,MI,14,BRENDA LAWRENCE,1,3.16021757191354,2.061750503483018,5.372613596191892,1,1
2016,MN,1,TIMOTHY J WALZ,1,3.5867851273580986,19.97938381268716,15.49677521152158,0,1
2016,MN,3,ERIK PAULSEN,-1,10.276651879921468,20.94640253209745,16.79614052358899,0,1
2016,MN,4,BETTY MCCOLLUM,1,2.07305674193743,-5.2139424657784454,10.915905656201316,0,1
2016,MN,5,KEITH ELLISON,1,4.696477477061881,-5.691670926420167,7.034312185760607,0,1
2016,MN,6,TOM EMMER,-1,11.789619229481959,0.47882101203885075,-4.794516238799499,1,1
2016,MN,7,COLLIN C PETERSON,1,19.29024879640371,41.19237295228689,26.958128489080025,0,1
2016,MN,8,RICHARD M NOLAN,1,-0.7946173431155295,20.346173996029957,4.24514459426982,0,1
2016,MO,1,WM LACY CLAY,1,0.6682297253797937,0.3700236351041246,1.0206782794207587,0,1
2016,MO,2,ANN WAGNER,-1,1.4956686368334697,7.868755916168095,8.229407082277634,0,1
2016,MO,3,BLAINE LUETKEMEYER,-1,11.003534866189677,-2.273689683114603,8.336280458227398,0,1
2016,MO,4,VICKY HARTZLER,-1,12.122454125830915,0.7648529204088712,10.373757980791018,0,1
2016,MO,5,EMANUEL CLEAVER,1,5.721655430807369,10.01581355200462,-4.574229918484308,0,1
2016,MO,6,SAM GRAVES,-1,14.191226952365716,4.930450258022831,7.666586072398092,0,1
2016,MO,7,BILLY LONG,-1,-0.07078570780893578,-8.737831831195557,-8.98264346454439,0,1
2016,MO,8,JASON T SMITH,-1,14.409855216250557,-6.1069784547016175,3.5109831292448117,1,1
2016,MS,3,GREGG HARPER,-1,11.755687389598952,9.158510880395916,12.82232609354344,0,1
2016,MS,4,STEVEN M PALAZZO,-1,-0.9906255353678883,-5.074104009777755,3.1143018590049447,0,1
2016,MT,0,RYAN ZINKE,-1,-2.198593180883062,-9.096268650279853,-6.854107620601278,1,1
2016,ND,0,KEVIN CRAMER,-1,24.316386197263554,6.239386337691458,-10.537027446510193,0,1
2016,NE,1,JEFF FORTENBERRY,-1,17.741672283544887,13.201356486459229,12.330338980475501,0,1
2016,NE,2,BRAD ASHFORD,1,10.318502433180097,4.064196654910847,19.225795339316754,1,1
2016,NH,1,FRANK C GUINTA,-1,-4.175965616722158,-6.19563151165229,-3.169956209756898,1,1
2016,NH,2,ANN M KUSTER,1,-0.9027111648353685,5.105873140604453,8.598921472048968,0,1
2016,NJ,1,DONALD W NORCROSS,1,-3.424510098791968,1.5999973052353083,-4.6721503578408115,1,1
2016,NJ,2,FRANK A LOBIONDO,-1,26.739076224202336,15.074611477817058,24.292675566774108,0,1
2016,NJ,3,TOM MACARTHUR,-1,21.2084409269305,11.431287835298747,6.049618522929203,1,1
2016,NJ,4,CHRISTOPHER H SMITH,-1,17.186802404755056,12.79073950807506,19.177917794424744,0,1
2016,NJ,5,SCOTT GARRETT,-1,-11.90426309566663,-8.622149180201102,0.7327581815952211,0,1
2016,NJ,6,FRANK PALLONE JR,1,9.215759635937703,16.104024115776756,5.350122596376339,0,1
2016,NJ,7,LEONARD LANCE,-1,0.7401340535786938,9.447609712793419,6.227425969605642,0,1
2016,NJ,8,ALBIO SIRES,1,7.36678920989783,8.499759502757414,10.708265642129478,0,1
2016,NJ,9,BILL PASCRELL,1,9.075921008775103,13.596100868570865,9.506873324340967,0,1
2016,NJ,11,RODNEY P FRELINGHUYSEN,-1,9.649331445843945,15.864734773907667,10.885050835598035,0,1
2016,NM,1,MICHELLE LUJAN GRISHAM,1,18.010200523037568,14.23525788035522,9.025190150794918,0,1
2016,NM,2,STEVEN PEARCE,-1,14.180576334511807,11.174111491829166,13.479401730160022,0,1
2016,NM,3,BEN RAY LUJAN,1,9.55079853295218,10.743740166385752,11.934483312369851,0,1
2016,NV,1,DINA TITUS,1,6.913107157310014,8.717564528491174,-5.456414665066456,0,1
2016,NV,2,MARK E AMODEI,-1,9.887804725890726,6.052717262196224,23.667676396833897,0,1
2016,NV,4,CRESENT HARDY,-1,2.338795702411468,-2.0736844388584714,5.448132250299798,1,1
2016,NY,1,LEE M ZELDIN,-1,12.684806229281163,0.7459998231223937,0.9740634155648404,1,1
2016,NY,2,PETER T KING,-1,24.32454565553649,11.767510505519507,35.01067745825553,0,1
2016,NY,4,KATHLEEN M RICE,1,9.809775309447511,12.26830451391826,0.4623736181186082,1,1
2016,NY,12,CAROLYN B MALONEY,1,14.326520541347795,-2.7676354835816577,11.982311267617535,0,1
2016,NY,18,SEAN PATRICK MALONEY,1,11.111328719375145,16.166387116367883,5.939290918216594,0,1
2016,NY,20,PAUL TONKO,1,19.22938473544326,24.47246596381062,10.108798686005871,0,1
2016,NY,21,ELISE M STEFANIK,-1,38.756819397209895,19.035875130517837,21.740584009575784,1,1
2016,NY,23,TOM REED,-1,9.702461962726334,-3.4967698787524997,13.767614170725457,0,1
2016,NY,24,JOHN M KATKO,-1,33.06220508709229,21.96344108424192,27.013859556536204,1,1
2016,NY,25,LOUISE MCINTOSH SLAUGHTER,1,-3.1191234883371237,-1.9872059100769297,-10.907267244704476,0,1
2016,NY,26,BRIAN HIGGINS,1,23.27807571804145,31.631018842747668,14.553732945830872,0,1
2016,NY,27,CHRIS COLLINS,-1,17.50557885224439,5.603752006817186,21.10295985859034,0,1
2016,OH,1,STEVE CHABOT,-1,7.992169452188813,8.570692128564634,11.85661858242639,0,1
2016,OH,2,BRAD R WENSTRUP,-1,17.45555548639085,13.06330954808385,12.349876244174068,0,1
2016,OH,3,JOYCE BEATTY,1,0.027993256825231683,-0.04759143161418766,-4.853267642298816,0,1
2016,OH,4,JIM JORDAN,-1,17.43268199800054,-2.3624937523861425,12.64935257393474,0,1
2016,OH,5,ROBERT E LATTA,-1,27.540893426150234,12.21124522741043,20.960741418127462,0,1
2016,OH,6,BILL JOHNSON,-1,24.32446002286499,-5.994878214945557,-0.8678861941294613,0,1
2016,OH,9,MARCY KAPTUR,1,4.373537726135366,17.02556222724328,6.738565778442146,0,1
2016,OH,10,MICHAEL R TURNER,-1,26.273695657456614,21.834064283762636,24.46590514503987,0,1
2016,OH,11,MARCIA L FUDGE,1,-2.00045542972523,-1.6488199732524942,0.5305678623650625,0,1
2016,OH,12,PATRICK J TIBERI,-1,23.153747900712432,23.240636663492893,23.01690264719602,0,1
2016,OH,13,TIM RYAN,1,11.750499218885517,31.646494630207293,17.46397008251541,0,1
2016,OH,14,DAVID P JOYCE,-1,17.60735800072449,10.228423911091056,19.65822313755409,0,1
2016,OH,15,STEVE STIVERS,-1,22.367222326526935,13.18093041266339,17.948349847879257,0,1
2016,OH,16,JAMES B RENACCI,-1,18.082993080269418,10.322937380682323,10.762498847087349,0,1
2016,OK,2,MARKWAYNE MULLIN,-1,10.671545656688432,-4.792020505464364,4.013109323054406,0,1
2016,OK,3,FRANK D LUCAS,-1,4.522404395359638,-2.1572603553055236,1.033616764945057,0,1
2016,OK,4,TOM COLE,-1,7.037527672609132,2.7378246465865397,5.742470496879525,0,1
2016,OK,5,STEVE RUSSELL,-1,-1.0576998590958393,4.221229006897134,-2.1311154886917034,1,1
2016,OR,1,SUZANNE BONAMICI,1,9.931464487759035,1.5873938289926377,15.507979774857551,0,1
2016,OR,2,GREG WALDEN,-1,22.801717614688563,19.205393144487527,21.414662665316428,0,1
2016,OR,4,PETER A DEFAZIO,1,13.950613385967149,19.4831500311549,23.298479641166146,0,1
2016,OR,5,KURT SCHRADER,1,11.627843976245432,9.278464971637332,20.45652739304275,0,1
2016,RI,1,DAVID N CICILLINE,1,-0.7678752090232646,5.663057751538726,-6.844669988189667,0,1
2016,RI,2,JAMES R LANGEVIN,1,13.22011378191524,26.383169143155335,11.174509322911975,0,1
2016,SC,2,JOE WILSON,-1,1.0798631319320595,3.716182346565941,-0.5923750307111444,0,1
2016,SC,3,JEFF DUNCAN,-1,10.469790819655431,3.271549478462455,2.9408378565228173,0,1
2016,SC,5,MICK MULVANEY,-1,4.989888089530796,-1.3218922327057347,-2.28685222626728,0,1
2016,SC,6,JAMES E CLYBURN,1,4.506036331864641,8.860715262384353,13.051285923446025,0,1
2016,SC,7,TOM RICE,-1,7.5620007449032745,-0.4026021648968472,1.3767782619522198,0,1
2016,SD,0,KRISTI L NOEM,-1,5.541336333302022,-6.740473601745875,6.257928275769141,0,1
2016,TN,2,JOHN J DUNCAN JR,-1,9.964515841195679,10.977484481794981,7.07493838242913,0,1
2016,TN,3,"CHARLES J \""CHUCK\"" FLEISCHMANN",-1,6.509782606335078,-0.36423347377683424,-8.401111970908884,0,1
2016,TN,5,JIM COOPER,1,15.748188265314138,8.669260727223381,21.93655992946382,0,1
2016,TN,6,DIANE BLACK,-1,8.653195715064301,-0.6758176625082006,2.600608133426702,0,1
2016,TN,7,MARSHA BLACKBURN,-1,13.365090366710477,6.8525107433738635,3.0026180388788486,0,1
2016,TN,9,STEVE COHEN,1,7.738631655428177,5.012873340551919,3.0900623540400733,0,1
2016,TX,1,LOUIE GOHMERT,-1,2.002661105798653,-0.31186743936704797,2.035764861948797,0,1
2016,TX,2,TED POE,-1,-6.517590532843018,12.747456629008767,3.146579275229387,0,1
2016,TX,6,JOE BARTON,-1,-1.7518540211781986,4.061737425059305,-0.40490652612338884,0,1
2016,TX,7,JOHN ABNEY CULBERSON,-1,-13.53655968443256,10.839771960775057,-0.6612560683377655,0,1
2016,TX,10,MICHAEL T MCCAUL,-1,-5.271065990707713,7.223113545254528,-0.018906165955796084,0,1
2016,TX,12,KAY GRANGER,-1,4.307306297475522,9.639396921507775,2.0692432819605653,0,1
2016,TX,14,RANDY K WEBER SR,-1,-0.5876235107632386,0.2434989257889848,-2.1010444223303306,0,1
2016,TX,17,BILL FLORES,-1,-0.785134579846515,5.240367412029529,1.6467065324577153,0,1
2016,TX,18,SHEILA JACKSON LEE,1,1.6863997984622952,-4.25753298465098,3.208968669119466,0,1
2016,TX,22,PETE OLSON,-1,-10.924683336918106,7.867819070466822,1.5475465410696234,0,1
2016,TX,23,WILL HURD,-1,-5.49202605102055,1.9613874471820116,-8.875031235559877,1,1
2016,TX,24,KENNY MARCHANT,-1,-9.375378943995214,8.163774672795004,2.4654775453481594,0,1
2016,TX,25,ROGER WILLIAMS,-1,-5.43599645392826,2.836963327661464,-6.155829334181471,0,1
2016,TX,27,BLAKE FARENTHOLD,-1,-3.4676697792493076,-4.017062246265687,-0.25143463627493823,0,1
2016,TX,31,JOHN R CARTER,-1,-2.9687104581618957,6.608058933276774,3.265950237128079,0,1
2016,TX,34,FILEMON VELA,1,6.899230466220798,6.128216003733342,7.006275370854043,1,1
2016,TX,35,LLOYD DOGGETT,1,8.438683963859999,0.7315432013757706,9.769824789639904,0,1
2016,WA,1,SUZAN K DELBENE,1,4.001088029501828,-3.934817592941374,7.381311476037599,0,1
2016,WA,2,RICK LARSEN,1,10.481128598235228,6.903970016419719,7.734405982761883,0,1
2016,WA,3,JAIME HERRERA BEUTLER,-1,17.502478990164064,12.52494174162641,12.924475257464442,0,1
2016,WA,5,CATHY MCMORRIS RODGERS,-1,4.9404218422199335,1.9619550853899783,2.8873289373725335,0,1
2016,WA,6,DEREK KILMER,1,12.006925325100434,12.560787724896066,19.049337020032077,0,1
2016,WA,8,DAVID G REICHERT,-1,17.76685962431945,20.665152067562406,19.775217936414435,0,1
2016,WA,9,ADAM SMITH,1,10.504057706922117,-1.5731699453557804,10.5164642014459,0,1
2016,WA,10,DENNY HECK,1,5.98401118893881,7.802229659061177,2.193837526008185,0,1
2016,WI,1,PAUL RYAN,-1,28.009113842775427,22.68553907011805,14.027546792128836,0,1
2016,WI,2,MARK POCAN,1,3.60085800704754,1.753870901413939,7.0586480430893435,0,1
2016,WI,5,F JAMES SENSENBRENNER JR,-1,10.877668726992114,14.77866277937223,6.871562207784292,0,1
2016,WI,6,GLENN GROTHMAN,-1,9.436287079641799,0.22141333694256904,0.5095193874878792,1,1
2016,WI,7,SEAN P DUFFY,-1,16.014404489845667,-1.1134902652478997,8.596393573429376,0,1
2016,WV,1,DAVID B MCKINLEY,-1,6.358892789288687,-9.092815997799526,-7.798280204329325,0,1
2016,WV,2,ALEX X MOONEY,-1,-10.345617279264365,-24.84440078854409,-27.330223341920238,1,1
2016,WV,3,EVAN JENKINS,-1,10.61548550092382,-6.529641841174445,-30.61926237516272,1,1
2018,AK,0,DON YOUNG,-1,-4.353064280535891,-2.4785152475991996,-3.225324099057455,0,1
2018,AL,2,MARTHA ROBY,-1,-3.7306106622142057,-3.261518221339026,-26.325577179685517,0,1
2018,AL,3,MIKE ROGERS,-1,-0.4464508943581098,-0.7778969941669818,-2.737030479167877,0,1
2018,AL,5,MO BROOKS,-1,-6.79890851505065,-4.400175221970217,-4.174836324682558,0,1
2018,AL,6,GARY J PALMER,-1,-1.8547453431778802,2.118917109381089,0.014645062330807868,0,1
2018,AZ,1,TOM O'HALLERAN,1,3.0075440437814205,2.8389427635914117,11.89464707427036,1,1
2018,AZ,4,PAUL A GOSAR,-1,1.783664427863842,2.654004719504842,-2.2919827859472823,0,1
2018,AZ,5,ANDY BIGGS,-1,2.2747043477594655,4.833212169345272,2.7955755120003447,1,1
2018,AZ,6,DAVID SCHWEIKERT,-1,5.6860251706525755,7.605697915725924,10.74026153948093,0,1
2018,CA,2,JARED HUFFMAN,1,-1.345027351062905,-0.7983893073042854,7.159535993207654,0,1
2018,CA,3,JOHN GARAMENDI,1,-3.1929477972027946,-1.4201779392238745,8.18429582078726,0,1
2018,CA,4,TOM MCCLINTOCK,-1,-1.6442198146779,-0.06448595826438996,6.712347711454881,0,1
2018,CA,7,AMI BERA,1,-7.990292456027857,-7.622465808211752,-6.917219674539315,0,1
2018,CA,9,JERRY MCNERNEY,1,-12.527241299212772,-10.621240634200884,-1.9708917172615257,0,1
2018,CA,10,JEFF DENHAM,-1,4.537939074745268,3.1487416562351047,3.620607746527721,1,1
2018,CA,11,MARK DESAULNIER,1,-9.388306230619834,-8.102152081209413,-4.727230452123245,0,1
2018,CA,14,JACKIE SPEIER,1,-9.127866625967387,-6.112264770501087,2.9735489310036334,0,1
2018,CA,15,ERIC SWALWELL,1,-8.478745988854827,-5.952188006767011,1.940031070193192,0,1
2018,CA,16,JIM COSTA,1,-13.63949299859892,-11.10546464898347,-3.839874582078658,0,1
2018,CA,18,ANNA G ESHOO,1,-13.702832881505104,-12.205008659535936,-11.57580947883448,0,1
2018,CA,19,ZOE LOFGREN,1,-12.787882965777131,-5.787251025149212,-3.5884911727494435,0,1
2018,CA,21,DAVID G VALADAO,-1,21.4227637816479,17.54558989842083,26.83771275182094,0,1
2018,CA,22,DEVIN NUNES,-1,1.2611077072567465,2.238623158942996,22.126713629709528,0,1
2018,CA,23,KEVIN MCCARTHY,-1,9.92789386713129,11.823490039263922,12.023860680512964,0,1
2018,CA,24,SALUD CARBAJAL,1,-10.411293321244186,-10.489418555688273,-11.863849997186485,1,1
2018,CA,25,STEPHEN KNIGHT,-1,4.2514508181495465,4.564562661144427,10.423576899442605,0,1
2018,CA,26,JULIA BROWNLEY,1,-5.287140155834292,-5.065268680344394,0.4081376528176426,0,1
2018,CA,28,ADAM B SCHIFF,1,-1.8587105421292538,3.5228053252550264,6.1909180194002635,0,1
2018,CA,30,BRAD SHERMAN,1,-4.825897404585328,-0.68859524055995,2.467988775742241,0,1
2018,CA,31,PETE AGUILAR,1,-10.734875613918186,-8.453826396894359,-7.268524174504212,0,1
2018,CA,33,TED LIEU,1,-9.587977681656016,-6.82035585898919,-7.94490306274333,0,1
2018,CA,35,NORMA J TORRES,1,-10.181006239272728,-3.971484982762499,4.624657027818187,0,1
2018,CA,36,RAUL RUIZ,1,2.9796209189074734,1.9350756397680886,17.874643810677888,0,1
2018,CA,38,LINDA T SANCHEZ,1,-10.094074526051054,-4.849060562951232,1.9792428028767537,0,1
2018,CA,41,MARK TAKANO,1,-5.298325852892491,-2.284017945346969,3.225235472968321,0,1
2018,CA,42,KEN CALVERT,-1,6.1888873371459425,7.464903211983987,2.014211783381783,0,1
2018,CA,43,MAXINE WATERS,1,-15.389172698239443,-10.301904374697004,-9.738871366882563,0,1
2018,CA,45,MAXINE WATERS,1,-7.47894691779566,-9.106312131485943,-9.738871366882563,0,0
2018,CA,47,ALAN S LOWENTHAL,1,-9.898164110633994,-5.609221079122266,-3.345996539625607,0,1
2018,CA,48,DANA ROHRABACHER,-1,0.5510818061316733,-0.8637125619536894,15.474262826473979,0,1
2018,CA,50,DUNCAN HUNTER,-1,-6.6441204405427445,-3.900559441884381,8.007166106567794,0,1
2018,CA,51,JUAN VARGAS,1,-15.243614398085983,-6.4724144438485585,-3.3169339592169544,0,1
2018,CA,52,SCOTT H PETERS,1,-2.1670069836721293,-3.8420321168290474,-7.989640705532024,0,1
2018,CA,53,SUSAN A DAVIS,1,-4.7885087415249945,-3.4039996739968092,-0.09789981321061081,0,1
2018,CO,1,DIANA DEGETTE,1,-3.112411434667914,-4.377247273531305,-4.684959519964843,0,1
2018,CO,3,SCOTT R TIPTON,-1,1.1830978875141689,3.612510175888623,-1.0051658331983928,0,1
2018,CO,4,KEN BUCK,-1,1.8962264182950594,5.103175463613502,5.34028961058547,0,1
2018,CO,5,DOUG LAMBORN,-1,-2.3138349321167073,2.99897568210398,4.2267612239583,0,1
2018,CO,6,MIKE COFFMAN,-1,3.992969859647779,7.605587465532858,15.634007245386236,0,1
2018,CO,7,ED PERLMUTTER,1,7.024418045631975,3.1179683618971854,5.953759543370137,0,1
2018,CT,1,JOHN B LARSON,1,-0.8238147689437785,-1.6760443680318904,9.847052498307203,0,1
2018,CT,2,JOE COURTNEY,1,18.45487531626904,15.654609797832345,30.427723724619224,0,1
2018,CT,3,ROSA L DELAURO,1,7.254215794326333,5.890614599381786,24.950596235221436,0,1
2018,CT,4,JAMES A HIMES,1,-7.335208471642661,-9.14895137741693,-1.1344725442112429,0,1
2018,DE,0,LISA BLUNT ROCHESTER,1,10.992305907974101,8.668583489157959,5.996976017056659,1,1
2018,FL,1,MATT GAETZ,-1,-1.100078230913871,1.115574818536091,-5.837912104866475,1,1
2018,FL,2,NEAL DUNN,-1,3.9542847439139113,3.3883589740813935,-1.31277662044507,1,1
2018,FL,3,TED S YOHO,-1,4.499453394124181,4.840458792395381,-2.153101754921418,0,1
2018,FL,4,JOHN RUTHERFORD,-1,10.383856833811544,13.031753177322672,11.462440614091548,1,1
2018,FL,5,AL LAWSON,1,1.5822745286353221,2.5283349132645423,5.308713295845858,1,1
2018,FL,7,STEPHANIE MURPHY,1,1.8913831366136105,1.7278026158035331,-1.7153530159277395,1,1
2018,FL,8,BILL POSEY,-1,5.304623546957066,5.8486341589439,7.434823501705677,0,1
2018,FL,9,DARREN SOTO,1,-3.1452053618270917,1.321164249290815,4.601209348600004,1,1
2018,FL,11,DANIEL WEBSTER,-1,2.9536079572612497,2.346750808679042,-1.3384912533548379,0,1
2018,FL,12,GUS M BILIRAKIS,-1,5.364855420924242,5.210643421110495,14.87512510595613,0,1
2018,FL,13,CHARLIE CRIST,1,6.1076003472696865,6.979054050169429,3.4446467426153706,1,1
2018,FL,16,VERN BUCHANAN,-1,3.906235542343861,4.074441642096385,5.498911163188738,0,1
2018,FL,18,BRIAN MAST,-1,5.005265969828498,4.225118619824363,-1.5287336897703883,1,1
2018,FL,19,FRANCIS ROONEY,-1,7.6367636128799905,7.618350443621237,6.059136846385198,1,1
2018,FL,22,THEODORE E DEUTCH,1,2.043495819796659,3.9541252683312624,4.6870298662468235,0,1
2018,FL,23,DEBBIE WASSERMAN SCHULTZ,1,-8.750102423331422,-2.708263435074395,-7.054793391053264,0,1
2018,FL,25,MARIO DIAZ-BALART,-1,24.91097849596933,12.986105299385404,19.904364586124156,0,1
2018,FL,26,CARLOS CURBELO,-1,20.851559810099708,8.380914338635218,26.29907379739292,0,1
2018,GA,2,SANFORD D BISHOP JR,1,1.5478721950257945,2.5707772541878064,13.529153522472726,0,1
2018,GA,3,DREW FERGUSON,-1,4.460301386575276,6.650068453321973,1.280616817479527,1,1
2018,GA,4,"HENRY C \""HANK\"" JOHNSON JR",1,-2.616176934183388,-3.7037794542428006,-0.050822585680159627,0,1
2018,GA,7,ROB WOODALL,-1,-0.5714578718696117,4.63359535899336,11.222229341865425,0,1
2018,GA,11,BARRY LOUDERMILK,-1,3.2806413053196533,7.253164015687565,5.689123716411669,0,1
2018,GA,12,RICK W ALLEN,-1,8.206238823528098,8.75009851274373,3.6315485104294547,0,1
2018,HI,2,TULSI GABBARD,1,13.93110537515168,17.517286266580598,30.34029485170624,0,1
2018,IA,1,ROD BLUM,-1,-3.098420957271033,-4.243484927499317,0.9770087402283285,0,1
2018,IA,2,DAVID LOEBSACK,1,11.030698815320926,12.166413063225717,14.808620029447553,0,1
2018,IA,3,DAVID YOUNG,-1,-0.13859831433498382,0.40450319495250575,8.025262096736007,0,1
2018,IA,4,STEVE KING,-1,-19.756399181296906,-20.240787357143027,-9.350944141206298,0,1
2018,ID,2,MICHAEL K SIMPSON,-1,-2.111205204072826,-0.889716157077979,4.0296730880774385,0,1
2018,IL,1,BOBBY L RUSH,1,-4.008456102454803,0.2124036652952963,-4.6201750017966186,0,1
2018,IL,2,ROBIN L KELLY,1,-4.396485108363764,-1.3101101157950072,1.927923084226264,0,1
2018,IL,5,MIKE QUIGLEY,1,-1.8828471024067301,0.580511920526197,-4.053846737887533,0,1
2018,IL,6,PETER J ROSKAM,-1,6.1926136290217455,7.653912862214388,22.970880326729215,0,1
2018,IL,8,RAJA KRISHNAMOORTHI,1,3.1380132888305017,5.61195023255088,-3.3613102719437693,1,1
2018,IL,9,JANICE D SCHAKOWSKY,1,-6.454967548092883,-3.542377563466845,-11.639727972757356,0,1
2018,IL,10,BRAD SCHNEIDER,1,-5.746465104347971,-4.306547285870137,-22.896090920223582,1,1
2018,IL,11,BILL FOSTER,1,-3.087342598702877,-2.44840015079574,-1.0529365464601925,0,1
2018,IL,12,MIKE BOST,-1,-3.3257020968897084,-4.075078657506856,-2.9753294648408017,0,1
2018,IL,13,RODNEY DAVIS,-1,0.7506651184534672,0.6068529757883128,10.500794003062001,0,1
2018,IL,14,RANDY HULTGREN,-1,-3.3263633885990505,-1.293899940485427,11.466828662746412,0,1
2018,IL,17,CHERI BUSTOS,1,19.08224180104137,20.805880816554094,24.331707203046363,0,1
2018,IL,18,DARIN LAHOOD,-1,11.241885858323725,12.167364713432471,12.22383273923403,1,1
2018,IN,2,JACKIE WALORSKI,-1,-8.797976416968005,-8.303200498419823,-4.065485078396548,0,1
2018,IN,3,JIM BANKS,-1,-1.4636406350729043,0.37044008916464044,10.885555205221799,1,1
2018,IN,5,SUSAN W BROOKS,-1,6.871841579692763,10.721804754969973,12.899024200888064,0,1
2018,IN,7,ANDRE CARSON,1,-0.0723272330953062,-0.8729026288207837,4.410948605689977,0,1
2018,IN,8,LARRY BUCSHON,-1,-0.5800464259885327,-0.5069342359311175,-4.691594239281172,0,1
2018,IN,9,TREY HOLLINGSWORTH,-1,-9.413526454428837,-8.618604288210022,-16.738266669912967,1,1
2018,KS,3,KEVIN YODER,-1,-2.776305942154254,0.710492653986579,9.961630322912452,0,1
2018,KY,1,JAMES R COMER,-1,-7.338853642647242,-7.572648742406328,-8.051334380042292,1,1
2018,KY,3,JOHN A YARMUTH,1,4.179493359574646,2.206394099065525,14.147403222967,0,1
2018,KY,4,THOMAS MASSIE,-1,-3.574809407432264,-1.8107973302293505,1.679804886627779,0,1
2018,KY,6,ANDY BARR,-1,-7.158190652505109,-4.9442535512855805,2.9469617580106666,0,1
2018,LA,1,STEVE SCALISE,-1,7.656338188464838,9.074305514222269,11.507421314319423,0,1
2018,LA,3,CLAY HIGGINS,-1,4.8683573968983485,4.053980932809887,16.933845687485835,1,1
2018,LA,4,"\""MIKE\"" JOHNSON",-1,12.435740188556474,11.067283132420945,36.93157264332778,1,1
2018,LA,6,GARRET GRAVES,-1,12.287086120661238,13.68096675407307,12.28792886659766,0,1
2018,MD,1,ANDY HARRIS,-1,-1.8086923413022884,1.8419506056940964,7.185969046382238,0,1
2018,MD,2,C A DUTCH RUPPERSBERGER,1,5.181877424466213,2.188219590590064,7.901715001973193,0,1
2018,MD,3,JOHN P SARBANES,1,4.029868060000323,1.312626705544167,1.1082469392987617,0,1
2018,MD,4,ANTHONY G BROWN,1,-5.745635205796903,-5.266239957831177,-1.2250144856497522,1,1
2018,MD,5,STENY H HOYER,1,5.2676658129953235,3.3909020297156456,8.988400564004579,0,1
2018,MD,7,ELIJAH E CUMMINGS,1,-7.279147978227266,-6.7180235477304695,-0.05340023136138061,0,1
2018,MD,8,JAMIE RASKIN,1,-3.2727159052931345,-4.573761026783119,-5.208462312042106,1,1
2018,ME,1,CHELLIE PINGREE,1,7.118725532840724,4.424271927514413,3.1868215171951,0,1
2018,ME,2,BRUCE POLIQUIN,-1,-6.340885826349021,-5.912904044180172,-4.504392635689954,0,1
2018,MI,1,JACK BERGMAN,-1,-4.058008195629192,-2.8474806592437467,-9.889940933505219,1,1
2018,MI,2,BILL HUIZENGA,-1,-0.312306691295408,1.763660951722013,9.929858541081366,0,1
2018,MI,3,JUSTIN AMASH,-1,7.341471928434579,9.44189200288937,9.644667986007033,0,1
2018,MI,4,JOHN R MOOLENAAR,-1,4.769715816787466,4.397217249464168,2.2359076839864693,0,1
2018,MI,5,DANIEL T KILDEE,1,14.4725710705956,15.773300151916464,25.61993458347927,0,1
2018,MI,6,FRED UPTON,-1,1.6748489962181443,2.5622818955504654,11.504964083321166,0,1
2018,MI,7,TIM WALBERG,-1,-4.568320653480924,-4.725699694708226,-5.175652545745547,0,1
2018,MI,8,MIKE BISHOP,-1,-5.17879921857152,-3.317917583769578,7.635583476433525,0,1
2018,MI,10,PAUL MITCHELL,-1,-1.3360445493613877,-0.8488839880814165,-4.43481286511502,1,1
2018,MI,12,DEBBIE DINGELL,1,6.971606913970314,6.93616384785483,12.864408715198135,0,1
2018,MI,14,BRENDA L LAWRENCE,1,-3.5853270864172178,-1.3800003135473293,2.061750503483018,0,1
2018,MN,2,JASON LEWIS,-1,-0.9772086662954269,1.9228023456172902,-2.329002823218846,1,1
2018,MN,3,ERIK PAULSEN,-1,4.600952221011337,8.062651614321839,20.94640253209745,0,1
2018,MN,4,BETTY MCCOLLUM,1,-1.5370919442331488,-2.361810819836096,-5.2139424657784454,0,1
2018,MN,6,TOM EMMER,-1,0.3377099741181038,2.6851496064556226,0.47882101203885075,0,1
2018,MN,7,COLLIN C PETERSON,1,31.607901056213834,31.260111416970886,41.19237295228689,0,1
2018,MO,2,ANN WAGNER,-1,-0.9881699068593006,3.1610072638158604,7.868755916168095,0,1
2018,MO,3,BLAINE LUETKEMEYER,-1,-2.1904503695136963,-1.078626792583469,-2.273689683114603,0,1
2018,MO,4,VICKY HARTZLER,-1,0.707883758738058,1.0420497202916739,0.7648529204088712,0,1
2018,MO,5,EMANUEL CLEAVER,1,6.6809166595123255,5.49443968124824,10.01581355200462,0,1
2018,MO,6,SAM GRAVES,-1,7.062621696305216,7.951505214562841,4.930450258022831,0,1
2018,MO,7,BILLY LONG,-1,-4.678840520781618,-3.284848152584905,-8.737831831195557,0,1
2018,MO,8,JASON SMITH,-1,-1.4306976372139513,-2.8900837704110227,-6.1069784547016175,0,1
2018,MS,1,TRENT KELLY,-1,6.871056135871543,6.744552799009734,5.47153215738559,1,1
2018,MS,4,STEVEN M PALAZZO,-1,1.5027642182192569,2.0619568738697343,-5.074104009777755,0,1
2018,NE,1,JEFF FORTENBERRY,-1,3.8348106288084676,6.238858453849142,13.201356486459229,0,1
2018,NE,2,DON BACON,-1,5.5030809401317,8.712935326663978,-4.064196654910847,1,1
2018,NH,2,ANN M KUSTER,1,5.290362750746214,3.408544489537748,5.105873140604453,0,1
2018,NJ,1,DONALD NORCROSS,1,0.6959343657512793,1.7236345817343324,1.5999973052353083,0,1
2018,NJ,3,THOMAS MACARTHUR,-1,-1.8810797821517173,-0.05097777472995446,11.431287835298747,0,1
2018,NJ,4,CHRISTOPHER H SMITH,-1,3.083416589615693,4.131307907488081,12.79073950807506,0,1
2018,NJ,5,JOSHUA S GOTTHEIMER,1,9.156718030113566,7.22744085301623,8.622149180201102,1,1
2018,NJ,6,FRANK PALLONE JR,1,5.300902712557379,6.682947673750862,16.104024115776756,0,1
2018,NJ,7,LEONARD LANCE,-1,1.8950917777326568,5.070564143781897,9.447609712793419,0,1
2018,NJ,8,ALBIO SIRES,1,-0.2690680411861397,6.363925714906278,8.499759502757414,0,1
2018,NJ,9,BILL PASCRELL JR,1,3.882053579353814,8.347785700924726,13.596100868570865,0,1
2018,NJ,12,BONNIE WATSON COLEMAN,1,-2.7837397708803326,-2.543815100743311,1.1837613413721249,1,1
2018,NM,3,BEN RAY LUJAN,1,11.098217217305118,11.908923498538803,10.743740166385752,0,1
2018,NV,1,DINA TITUS,1,-0.25322977739997476,3.5979361154377028,8.717564528491174,0,1
2018,NV,2,MARK E AMODEI,-1,8.896707046662655,9.181738406220457,6.052717262196224,0,1
2018,NY,1,LEE M ZELDIN,-1,-2.738219455731718,0.21856253112322666,0.7459998231223937,0,1
2018,NY,2,PETER T KING,-1,2.6791547995409912,4.072837891934847,11.767510505519507,0,1
2018,NY,3,THOMAS R SUOZZI,1,5.8271620066386,4.993316257328749,2.697716079026697,1,1
2018,NY,4,KATHLEEN M RICE,1,6.944198608627957,6.998441897081021,12.26830451391826,0,1
2018,NY,10,JERROLD NADLER,1,-2.831729545874909,2.2156884233601186,-2.05087168065456,0,1
2018,NY,11,DANIEL M DONOVAN JR,-1,-10.686898457950646,-12.231364593734432,12.242357760762925,1,1
2018,NY,18,SEAN PATRICK MALONEY,1,7.070246941477498,4.823784239194394,16.166387116367883,0,1
2018,NY,19,JOHN J FASO,-1,-6.667425951188047,-3.5939899121398504,-2.0291754985865254,1,1
2018,NY,20,PAUL TONKO,1,12.871912570844712,10.782153477200156,24.47246596381062,0,1
2018,NY,21,ELISE M STEFANIK,-1,4.934144947644169,5.7519256013504485,19.035875130517837,0,1
2018,NY,22,CLAUDIA TENNEY,-1,-12.405737876768166,-11.320746630045646,-13.215741094144736,1,1
2018,NY,23,TOM REED,-1,-1.3755426847063177,-0.5234755730165155,-3.4967698787524997,0,1
2018,NY,24,JOHN KATKO,-1,14.934100861416502,16.34691198467287,21.96344108424192,0,1
2018,NY,26,BRIAN HIGGINS,1,20.33320772909871,18.114387424181523,31.631018842747668,0,1
2018,NY,27,CHRIS COLLINS,-1,-19.578851775256204,-15.966501176500733,5.603752006817186,0,1
2018,OH,1,STEVE CHABOT,-1,3.4565142446131816,4.0008847559296985,8.570692128564634,0,1
2018,OH,2,BRAD R WENSTRUP,-1,5.553900060891296,6.258931079873877,13.06330954808385,0,1
2018,OH,3,JOYCE BEATTY,1,1.2379750075243603,1.4610334789096964,-0.04759143161418766,0,1
2018,OH,4,JIM JORDAN,-1,1.0082126196506653,-0.8455919626436366,-2.3624937523861425,0,1
2018,OH,6,BILL JOHNSON,-1,-0.02477878958712232,-2.265829147382716,-5.994878214945557,0,1
2018,OH,7,BOB GIBBS,-1,-7.829031278133444,-9.818663908367272,3.5843587288229637,0,1
2018,OH,8,WARREN DAVIDSON,-1,2.9503928464382856,2.692807229081305,4.632479851637869,1,1
2018,OH,9,MARCY KAPTUR,1,6.430692172371488,9.672512410967444,17.02556222724328,0,1
2018,OH,10,MICHAEL R TURNER,-1,12.217963902875939,12.534614193200841,21.834064283762636,0,1
2018,OH,11,MARCIA L FUDGE,1,-6.476874303723195,-3.241244500550282,-1.6488199732524942,0,1
2018,OH,13,TIM RYAN,1,9.349359203600686,12.298838375795382,31.646494630207293,0,1
2018,OH,14,DAVID P JOYCE,-1,4.327662539764383,4.503778280823404,10.228423911091056,0,1
2018,OH,15,STEVE STIVERS,-1,8.674466038830948,8.327753081726273,13.18093041266339,0,1
2018,OK,2,MARKWAYNE MULLIN,-1,-9.792021487437678,-12.38896909353243,-4.792020505464364,0,1
2018,OK,3,FRANK D LUCAS,-1,-2.170870293588896,-1.9210526809152082,-2.1572603553055236,0,1
2018,OK,4,TOM COLE,-1,-2.643417322062758,-1.2405029000154695,2.7378246465865397,0,1
2018,OK,5,STEVE RUSSELL,-1,-9.957011005182963,-6.753833232393502,4.221229006897134,0,1
2018,OR,1,SUZANNE BONAMICI,1,2.3234009785017715,0.9627632696221493,1.5873938289926377,0,1
2018,OR,2,GREG WALDEN,-1,1.8660027558969912,4.4975940613698615,19.205393144487527,0,1
2018,OR,4,PETER A DEFAZIO,1,9.632049840760198,8.910538412045875,19.4831500311549,0,1
2018,OR,5,KURT SCHRADER,1,3.2342854145234394,1.8102415580226854,9.278464971637332,0,1
2018,RI,1,DAVID N CICILLINE,1,1.020917009192578,0.8425991833043671,5.663057751538726,0,1
2018,RI,2,JAMES R LANGEVIN,1,13.959064547861812,12.11677323826918,26.383169143155335,0,1
2018,SC,2,JOE WILSON,-1,1.159943275716948,3.4719207223973054,3.716182346565941,0,1
2018,SC,3,JEFF DUNCAN,-1,3.5516106741253513,2.998752375985612,3.271549478462455,0,1
2018,SC,6,JAMES E CLYBURN,1,-0.8459892259258925,1.4128900796552752,8.860715262384353,0,1
2018,SC,7,TOM RICE,-1,5.660063960541015,4.72077153094544,-0.4026021648968472,0,1
2018,TN,3,"CHARLES J \""CHUCK\"" FLEISCHMANN",-1,-1.2169602977981544,-0.5814513121082232,-0.36423347377683424,0,1
2018,TN,4,SCOTT DESJARLAIS,-1,-6.339845001893563,-4.896370389454928,-15.820250168275145,1,1
2018,TN,5,JIM COOPER,1,10.522124124770107,9.296854329386795,8.669260727223381,0,1
2018,TN,8,DAVID KUSTOFF,-1,7.566212300201316,8.310539513308372,6.861617121654668,1,1
2018,TN,9,STEVE COHEN,1,-3.919881450315083,-2.8493071833929253,5.012873340551919,0,1
2018,TX,1,LOUIE GOHMERT,-1,4.340923750270983,4.644982328891723,-0.31186743936704797,0,1
2018,TX,7,JOHN ABNEY CULBERSON,-1,2.2566938189617334,4.552866110842054,10.839771960775057,0,1
2018,TX,10,MICHAEL T MCCAUL,-1,0.6795756003387003,3.3533775308856058,7.223113545254528,0,1
2018,TX,12,KAY GRANGER,-1,5.206229804899488,8.239881201868068,9.639396921507775,0,1
2018,TX,14,RANDY K WEBER SR,-1,5.567543166441007,4.700674331552834,0.2434989257889848,0,1
2018,TX,15,VICENTE GONZALEZ,1,-1.8655716101623572,7.086403470777595,6.364566191092137,1,1
2018,TX,17,BILL FLORES,-1,3.234370725695687,5.556809436382281,5.240367412029529,0,1
2018,TX,18,SHEILA JACKSON LEE,1,-7.733744546541724,-3.8786071058918186,-4.25753298465098,0,1
2018,TX,22,PETE OLSON,-1,2.6627708308057487,5.031021250721651,7.867819070466822,0,1
2018,TX,23,WILL HURD,-1,9.833073926768435,5.877403140396648,1.9613874471820116,0,1
2018,TX,24,KENNY MARCHANT,-1,2.463338304564196,7.185955419466038,8.163774672795004,0,1
2018,TX,25,ROGER WILLIAMS,-1,-0.8894698394995721,0.7723122127410598,2.836963327661464,0,1
2018,TX,26,MICHAEL C BURGESS,-1,-1.2705533185608804,4.139874431049639,7.499800912346289,0,1
2018,TX,31,JOHN R CARTER,-1,-4.659478788468293,-0.6318098543233752,6.608058933276774,0,1
2018,TX,33,MARC A VEASEY,1,-1.4583672015896116,1.2485479966714959,-0.5392315344001739,0,1
2018,TX,34,FILEMON VELA,1,-8.058387549975981,2.29290952366296,6.128216003733342,0,1
2018,TX,35,LLOYD DOGGETT,1,5.090436672365362,5.186072854798189,0.7315432013757706,0,1
2018,UT,1,ROB BISHOP,-1,10.431672710926692,11.071509922041566,1.9042207063697996,0,1
2018,UT,2,CHRIS STEWART,-1,6.0014202645956995,5.442739680428085,8.11672332398792,0,1
2018,UT,4,MIA B LOVE,-1,-3.7799200524238916,-5.126634173577672,0.7543904106624479,0,1
2018,VA,1,ROBERT J WITTMAN,-1,3.2550534824780932,6.281777667809216,8.05274694576486,0,1
2018,VA,2,SCOTT W TAYLOR,-1,0.00017952630927275948,2.922777374965367,16.339662606204563,1,1
2018,VA,4,A DONALD MCEACHIN,1,-1.3304289120461075,-1.4568394238707807,-3.8451414718456816,1,1
2018,VA,7,DAVE BRAT,-1,-2.9940766782351993,-0.2741354496949491,5.458080372444626,0,1
2018,VA,8,DONALD S BEYER JR,1,-9.032061461256847,-8.516391257325902,-9.777872483165922,0,1
2018,VA,9,H MORGAN GRIFFITH,-1,-6.902015272360467,-7.84257227495644,-4.601351438930968,0,1
2018,VA,10,BARBARA COMSTOCK,-1,4.0464442186801275,7.269200518778462,13.412848312175559,0,1
2018,WA,1,SUZAN K DELBENE,1,-5.049821884897883,-5.643878337883541,-3.934817592941374,0,1
2018,WA,3,JAIME HERRERA BEUTLER,-1,3.1818154395256366,4.011120701287789,12.52494174162641,0,1
2018,WA,5,CATHY MCMORRIS RODGERS,-1,1.02016461509176,2.277552662283613,1.9619550853899783,0,1
2018,WA,6,DEREK KILMER,1,8.452862423485868,7.291227585946119,12.560787724896066,0,1
2018,WA,10,DENNY HECK,1,4.739553448914652,4.269205277533736,7.802229659061177,0,1
2018,WI,5,F JAMES SENSENBRENNER JR,-1,8.58867811342627,10.258576050273144,14.77866277937223,0,1
2018,WI,6,GLENN GROTHMAN,-1,-1.022243398794295,-1.0816095378986574,0.22141333694256904,0,1
2018,WI,7,SEAN P DUFFY,-1,6.284658756127358,5.642390173619971,-1.1134902652478997,0,1
2018,WI,8,MIKE GALLAGHER,-1,14.709866191283,14.643912778245257,3.824902323553215,1,1
2018,WV,1,DAVID B MCKINLEY,-1,-9.069006667874168,-7.488688069568395,-9.092815997799526,0,1
2018,WV,2,ALEXANDER X MOONEY,-1,-21.056186536880652,-19.8149053272614,-24.84440078854409,0,1
2018,WY,0,LIZ CHENEY,-1,-9.327460326592968,-7.405678992524988,-19.53312534558888,1,1
2020,AK,0,DON YOUNG,-1,-7.651731843939471,-3.865039447933479,-2.4785152475991996,0,1
2020,AL,3,MIKE ROGERS,-1,1.2127938913317564,0.5874960218466194,-0.7778969941669818,0,1
2020,AL,4,ROBERT ADERHOLT,-1,0.1846122434162254,-1.9561952430066993,0.0451502251196505,0,1
2020,AR,3,STEVE WOMACK,-1,-0.1756804503120435,3.791996837536158,6.8103718758751395,0,1
2020,AR,4,BRUCE WESTERMAN,-1,8.880396217191944,1.6558310051015939,4.013922734731432,0,1
2020,AZ,1,TOM O'HALLERAN,1,4.392492273897825,4.017695383385195,2.8389427635914117,0,1
2020,AZ,2,ANN KIRKPATRICK,1,5.0399672060999245,1.9813732392585548,-3.0622616051024085,1,1
2020,AZ,3,RAUL GRIJALVA,1,-2.3543389806327824,4.157401339235061,-6.3497357251323,0,1
2020,AZ,4,PAUL GOSAR,-1,-2.710080553232359,-0.9318056398177559,2.654004719504842,0,1
2020,AZ,5,ANDY BIGGS,-1,-4.644572598820027,0.5100373744841926,4.833212169345272,0,1
2020,AZ,6,DAVID SCHWEIKERT,-1,-6.208747758917899,-2.331807938638592,7.605697915725924,0,1
2020,AZ,8,DEBBIE LESKO,-1,-3.0622331304787416,0.49793441551861495,-3.6491670350688565,1,1
2020,AZ,9,GREG STANTON,1,5.750521597800059,1.821011003491054,-3.131349608139166,1,1
2020,CA,2,JARED HUFFMAN,1,1.9690609012349896,3.024742658619618,-0.7983893073042854,0,1
2020,CA,3,JOHN GARAMENDI,1,-4.137155690061126,-0.6292103042358947,-1.4201779392238745,0,1
2020,CA,4,TOM MCCLINTOCK,-1,-3.870471155694881,-0.6734091127352526,-0.06448595826438996,0,1
2020,CA,7,AMI BERA,1,1.021717421129308,1.7197763866289089,-7.622465808211752,0,1
2020,CA,9,JERRY MCNERNEY,1,-4.490023285828741,-0.7156162859375792,-10.621240634200884,0,1
2020,CA,10,JOSH HARDER,1,7.14032087848926,9.881121385376979,-3.1487416562351047,1,1
2020,CA,11,MARK DESAULNIER,1,-5.813492576958353,-3.2787786082701276,-8.102152081209413,0,1
2020,CA,14,JACKIE SPEIER,1,-3.1456058176559694,2.8480035631440286,-6.112264770501087,0,1
2020,CA,15,ERIC SWALWELL,1,-6.7503686601511035,-1.7348470261080893,-5.952188006767011,0,1
2020,CA,16,JIM COSTA,1,-4.119097052188856,0.9113653169094347,-11.10546464898347,0,1
2020,CA,17,RO KHANNA,1,-13.87037201896144,-2.744177722132041,-6.13965267924018,0,1
2020,CA,19,ZOE LOFGREN,1,-11.078867643550097,2.88480190757313,-5.787251025149212,0,1
2020,CA,21,TJ COX,1,-17.220865652888996,-9.50411221656746,-17.54558989842083,1,1
2020,CA,22,DEVIN G NUNES,-1,-1.5848733367220103,0.40775189678309953,2.238623158942996,0,1
2020,CA,23,KEVIN MCCARTHY,-1,0.9199597721044803,4.7487464465023494,11.823490039263922,0,1
2020,CA,24,SALUD CARBAJAL,1,-4.3413077308985635,-4.5351525299193485,-10.489418555688273,0,1
2020,CA,26,JULIA BROWNLEY,1,-2.147311842071243,-1.7411632212240606,-5.065268680344394,0,1
2020,CA,28,ADAM B SCHIFF,1,-7.435241071814438,3.2901963328215116,3.5228053252550264,0,1
2020,CA,30,BRAD SHERMAN,1,-6.809370553679685,1.4276394442384683,-0.68859524055995,0,1
2020,CA,31,PETE AGUILAR,1,0.20672998828857558,4.731234092203624,-8.453826396894359,0,1
2020,CA,32,GRACE FLORES NAPOLITANO,1,-8.090450342803088,2.6172320842640984,-4.170465722495239,0,1
2020,CA,33,TED W LIEU,1,-8.630341186774046,-3.132691871573006,-6.82035585898919,0,1
2020,CA,35,NORMA J TORRES,1,-4.463376002767475,7.9180721801203715,-3.971484982762499,0,1
2020,CA,36,RAUL RUIZ,1,11.479534787249616,9.352849898838233,1.9350756397680886,0,1
2020,CA,39,GIL CISNEROS,1,-10.299745193256314,-8.967611059236663,-11.159536596622322,1,1
2020,CA,41,MARK TAKANO,1,-1.5832672186351893,4.4077542663232405,-2.284017945346969,0,1
2020,CA,42,KEN CALVERT,-1,1.6008713709912588,4.190497450799959,7.464903211983987,0,1
2020,CA,43,MAXINE WATERS,1,-21.50426981563556,-11.367327498683292,-10.301904374697004,0,1
2020,CA,45,KATIE PORTER,1,1.2011772194942614,-2.091147538018916,-9.106312131485943,0,1
2020,CA,47,ALAN LOWENTHAL,1,-7.211269778408816,1.3290219544820259,-5.609221079122266,0,1
2020,CA,48,HARLEY ROUDA,1,-3.9209033526639994,-1.1289089466258844,0.8637125619536894,1,1
2020,CA,49,MIKE LEVIN,1,-1.7224129266959434,-4.216587577828879,-2.225971788440333,1,1
2020,CA,51,JUAN VARGAS,1,-15.181874233979421,2.322931344362817,-6.4724144438485585,0,1
2020,CA,52,SCOTT PETERS,1,-0.8555357841321545,-4.243180380578605,-3.8420321168290474,0,1
2020,CO,1,DIANA DEGETTE,1,1.9028758546476325,-0.6643901532117598,-4.377247273531305,0,1
2020,CO,2,JOE NEGUSE,1,3.5287655361274872,-1.5080047925348739,-3.3718711120395977,1,1
2020,CO,4,KEN BUCK,-1,-0.8986474587711406,5.552844961998354,5.103175463613502,0,1
2020,CO,5,DOUG LAMBORN,-1,-5.2659124513599025,5.397303107214083,2.99897568210398,0,1
2020,CO,6,JASON CROW,1,7.93362422836311,0.6707946864603427,-7.605587465532858,1,1
2020,CO,7,ED PERLMUTTER,1,9.048998665847138,1.1985049682449498,3.1179683618971854,0,1
2020,CT,1,JOHN B LARSON,1,5.033363414780311,3.291309886471473,-1.6760443680318904,0,1
2020,CT,2,JOE COURTNEY,1,18.629598073412495,12.991472706406494,15.654609797832345,0,1
2020,CT,3,ROSA L DELAURO,1,3.1750448413509282,0.41024812132922417,5.890614599381786,0,1
2020,CT,4,JIM HIMES,1,2.516683908858898,-1.1483962328222512,-9.14895137741693,0,1
2020,CT,5,JAHANA HAYES,1,7.477396233851886,3.416254957145468,-0.3953935801337911,1,1
2020,DE,0,LISA BLUNT ROCHESTER,1,5.727243968650853,1.0422048008859575,8.668583489157959,0,1
2020,FL,1,MATT GAETZ,-1,-10.048929757896751,-5.5800293288642235,1.115574818536091,0,1
2020,FL,4,JOHN H RUTHERFORD,-1,-6.915296570153252,-1.5819095529983818,13.031753177322672,0,1
2020,FL,5,AL LAWSON,1,4.129507529213683,5.984033968339516,2.5283349132645423,0,1
2020,FL,6,MICHAEL WALTZ,-1,3.6999935385108493,1.085465276095694,-0.41162577423993163,1,1
2020,FL,7,STEPHANIE MURPHY,1,4.639312864848069,4.274557493095302,1.7278026158035331,0,1
2020,FL,8,BILL POSEY,-1,1.1599643033502147,2.2855798574564945,5.8486341589439,0,1
2020,FL,9,DARREN SOTO,1,-1.269062375189364,7.626082516913839,1.321164249290815,0,1
2020,FL,11,DANIEL WEBSTER,-1,0.2423787047300081,-0.9337412623017931,2.346750808679042,0,1
2020,FL,12,GUS MICHAEL BILIRAKIS,-1,6.423912235876141,6.153082566381255,5.210643421110495,0,1
2020,FL,13,CHARLIE CRIST,1,2.7523279809194805,4.457641056586357,6.979054050169429,0,1
2020,FL,16,VERN BUCHANAN,-1,-0.07023551577626819,0.3037710138613887,4.074441642096385,0,1
2020,FL,18,BRIAN MAST,-1,5.689227088938555,4.166526719062895,4.225118619824363,0,1
2020,FL,22,TED DEUTCH,1,1.0533368250040667,4.837001391940661,3.9541252683312624,0,1
2020,FL,23,DEBBIE WASSERMAN SCHULTZ,1,-10.301813731302847,1.744269915078596,-2.708263435074395,0,1
2020,FL,26,DEBBIE MUCARSEL-POWELL,1,-20.195275467886177,4.708421144910198,-8.380914338635218,1,1
2020,FL,27,DONNA SHALALA,1,-22.853922542396262,-3.4324537922182516,-10.089858375768175,1,1
2020,GA,1,"EARL L \""BUDDY\"" CARTER",-1,0.762672011450098,1.5991387950139062,5.795116800619688,0,1
2020,GA,2,SANFORD BISHOP,1,6.335513229467502,8.343729017658916,2.5707772541878064,0,1
2020,GA,4,"HENRY C \""HANK\"" JOHNSON JR",1,5.6973182522621,3.484518882010664,-3.7037794542428006,0,1
2020,GA,6,LUCY MCBATH,1,10.760890422937456,0.4321491838257723,-8.387156516580658,1,1
2020,GA,10,JODY HICE,-1,-1.647083835432479,1.44914751890681,6.900146617906115,0,1
2020,GA,11,BARRY LOUDERMILK,-1,-5.303916667149842,2.67872308371859,7.253164015687565,0,1
2020,GA,12,RICK W ALLEN,-1,0.15740568613192707,1.2827193946958007,8.75009851274373,0,1
2020,GA,13,DAVID SCOTT,1,9.314820330200774,4.596932241745871,-1.311668060350799,0,1
2020,HI,1,ED CASE,1,9.218445098873367,16.758372147675924,15.131003277752034,1,1
2020,IA,1,ABBY FINKENAUER,1,1.1350345422105965,3.387568152534555,4.243484927499317,1,1
2020,IA,3,CINDY AXNE,1,5.185335921901803,4.0615385731942135,-0.40450319495250575,1,1
2020,ID,1,RUSS FULCHER,-1,-2.423430829087984,-0.021446158540125104,-1.744630291882741,1,1
2020,ID,2,MIKE SIMPSON,-1,4.448561779703994,6.929134203826298,-0.889716157077979,0,1
2020,IL,1,BOBBY L RUSH,1,-8.10860703055976,0.2955181748078344,0.2124036652952963,0,1
2020,IL,2,ROBIN KELLY,1,-3.0252373998835154,3.1099182551213884,-1.3101101157950072,0,1
2020,IL,5,MIKE QUIGLEY,1,-4.0394353343800375,0.8496883813531992,0.580511920526197,0,1
2020,IL,6,SEAN CASTEN,1,0.026322611989598954,-2.9338701845282946,-7.653912862214388,1,1
2020,IL,9,JANICE D SCHAKOWSKY,1,-5.6088857158284,0.17869992329105866,-3.542377563466845,0,1
2020,IL,10,BRAD SCHNEIDER,1,-3.3112733111871755,-0.4690320043641174,-4.306547285870137,0,1
2020,IL,11,BILL FOSTER,1,1.6823175514848216,2.9226081171664857,-2.44840015079574,0,1
2020,IL,12,MIKE BOST,-1,5.309994399313693,3.8488356082120037,-4.075078657506856,0,1
2020,IL,13,RODNEY DAVIS,-1,3.062913528790121,2.8128835735924236,0.6068529757883128,0,1
2020,IL,14,LAUREN UNDERWOOD,1,5.516780598550252,1.4142593721903935,1.293899940485427,1,1
2020,IL,16,ADAM KINZINGER,-1,11.089784286865758,10.549171719930879,5.471432771435831,0,1
2020,IL,17,CHERI BUSTOS,1,4.800579257879401,8.210262958772237,20.805880816554094,0,1
2020,IL,18,DARIN LAHOOD,-1,11.740860463762377,13.629412504112477,12.167364713432471,0,1
2020,IN,2,JACKIE WALORSKI,-1,-1.3365852028449972,-0.3094390356160224,-8.303200498419823,0,1
2020,IN,3,JIM BANKS,-1,-1.0906546142970157,2.6151011643106914,0.37044008916464044,0,1
2020,IN,4,JIM BAIRD,-1,-2.843039925654736,0.2536871506102978,-0.5865611501623196,1,1
2020,IN,6,GREG PENCE,-1,0.034671680796265036,-0.6580470810680792,-4.872071206461468,1,1
2020,IN,7,ANDRE D CARSON,1,0.9265488346321646,-0.7121962869514009,-0.8729026288207837,0,1
2020,IN,8,LARRY D BUCSHON,-1,3.03670195403226,3.220520664279701,-0.5069342359311175,0,1
2020,IN,9,TREY HOLLINGSWORTH,-1,0.6372105987716807,2.26464926134192,-8.618604288210022,0,1
2020,KS,3,SHARICE DAVIDS,1,9.067580578889483,2.0563890564752088,-0.710492653986579,1,1
2020,KS,4,RON ESTES,-1,-1.8852775525788772,2.5708409041086577,-2.2539950135034506,1,1
2020,KY,1,JAMES R COMER,-1,-0.3834113352550119,-0.8134072046405718,-7.572648742406328,0,1
2020,KY,3,JOHN A YARMUTH,1,9.515051663577866,5.531258812427015,2.206394099065525,0,1
2020,KY,4,THOMAS MASSIE,-1,-3.8214979992345164,-0.25587951469607884,-1.8107973302293505,0,1
2020,KY,5,"HAROLD \""HAL\"" ROGERS",-1,4.45527140846373,3.582345544031843,-0.6656691208593966,0,1
2020,KY,6,ANDY BARR,-1,0.38661280692855016,4.852081339500217,-4.9442535512855805,0,1
2020,LA,1,STEVE SCALISE,-1,4.070869671931021,6.9443986535785,9.074305514222269,0,1
2020,LA,3,CLAY HIGGINS,-1,-0.12152431674349629,-1.7126829147878082,4.053980932809887,0,1
2020,LA,4,"\""MIKE\"" JOHNSON",-1,8.7815796881908,6.082259906052355,11.067283132420945,0,1
2020,LA,6,GARRET GRAVES,-1,11.817397280951418,14.642752877907697,13.68096675407307,0,1
2020,MA,2,JAMES P MCGOVERN,1,9.933716573474385,6.931144889207622,6.207514892344717,0,1
2020,MA,5,KATHERINE M CLARK,1,2.894832383095334,-0.11561364231239413,-1.3532280115339237,0,1
2020,MA,6,SETH W MOULTON,1,12.067080466347718,6.071725904591449,7.199863572153147,0,1
2020,MD,1,ANDY HARRIS,-1,-2.874770644405096,4.464109579720284,1.8419506056940964,0,1
2020,MD,2,CA DUTCH RUPPERSBERGER,1,10.310147327252523,4.285237329367614,2.188219590590064,0,1
2020,MD,3,JOHN SARBANES,1,7.733064009032951,2.2609869699880276,1.312626705544167,0,1
2020,MD,4,ANTHONY G BROWN,1,0.15000434175298238,1.0712005075518318,-5.266239957831177,0,1
2020,MD,5,STENY H HOYER,1,4.6273999657989435,0.8362780691069771,3.3909020297156456,0,1
2020,MD,6,DAVID TRONE,1,4.225656515428534,-0.9926444114556441,-2.6022697397598176,1,1
2020,MD,8,JAMIE RASKIN,1,0.7402102257460399,-1.8994743473665396,-4.573761026783119,0,1
2020,ME,1,CHELLIE PINGREE,1,8.47017068191432,3.0436691411290857,4.424271927514413,0,1
2020,ME,2,JARED F GOLDEN,1,17.23561278876678,16.34205489429647,5.912904044180172,1,1
2020,MI,1,JACK BERGMAN,-1,2.6439117708420916,5.102561173745589,-2.8474806592437467,0,1
2020,MI,2,BILL HUIZENGA,-1,2.8040094935129893,6.99353910968044,1.763660951722013,0,1
2020,MI,4,JOHN MOOLENAAR,-1,7.187273879850789,6.479871075336804,4.397217249464168,0,1
2020,MI,5,DANIEL T KILDEE,1,8.786413572414105,11.350277404923219,15.773300151916464,0,1
2020,MI,6,FRED UPTON,-1,7.417660380184884,9.230120508982136,2.5622818955504654,0,1
2020,MI,7,TIM WALBERG,-1,-0.5117345984668731,-0.7888983507888669,-4.725699694708226,0,1
2020,MI,8,ELISSA SLOTKIN,1,10.757657008841889,6.998299409105397,3.317917583769578,1,1
2020,MI,9,ANDY LEVIN,1,11.890372767700745,9.213807503663134,8.327492523711095,1,1
2020,MI,11,HALEY STEVENS,1,7.06581800498013,0.3925499010236715,2.354430767531274,1,1
2020,MI,12,DEBBIE DINGELL,1,9.23361000567198,9.125129543308404,6.93616384785483,0,1
2020,MI,14,BRENDA LAWRENCE,1,0.024582609468865257,4.3976418250760245,-1.3800003135473293,0,1
2020,MN,1,JIM HAGEDORN,-1,-12.986295419154043,-9.571889562451798,-8.259995364944688,1,1
2020,MN,2,ANGIE CRAIG,1,3.710914082146954,-2.12670227181109,-1.9228023456172902,1,1
2020,MN,3,DEAN PHILLIPS,1,1.0989487804545384,-5.862044336299076,-8.062651614321839,1,1
2020,MN,4,BETTY MCCOLLUM,1,3.5728900874178606,1.8858580060793626,-2.361810819836096,0,1
2020,MN,5,ILHAN OMAR,1,-17.209469927696738,-18.69959143179339,-9.95855870195314,1,1
2020,MN,6,TOM EMMER,-1,3.6738002022455234,8.406273797053174,2.6851496064556226,0,1
2020,MN,7,COLLIN C PETERSON,1,18.670338657052095,17.937165048433595,31.260111416970886,0,1
2020,MN,8,PETE STAUBER,-1,3.540060869829013,2.934865153612461,-5.503909097115622,1,1
2020,MO,2,ANN WAGNER,-1,-4.3211004769283985,4.014848194554534,3.1610072638158604,0,1
2020,MO,3,BLAINE LUETKEMEYER,-1,0.8292873866646815,3.0905288706577396,-1.078626792583469,0,1
2020,MO,4,VICKY HARTZLER,-1,0.9359817992620734,1.6419080525019085,1.0420497202916739,0,1
2020,MO,5,EMANUEL CLEAVER II,1,6.514638429743275,4.104090143082494,5.49443968124824,0,1
2020,MO,6,SAM GRAVES,-1,3.8873541063126424,5.702715472960503,7.951505214562841,0,1
2020,MO,7,BILLY LONG,-1,-3.73736427897353,-0.9117852124474863,-3.284848152584905,0,1
2020,MO,8,JASON SMITH,-1,0.05658846748167434,-2.824589468779858,-2.8900837704110227,0,1
2020,MS,1,TRENT KELLY,-1,3.7462669199388614,3.530854576347857,6.744552799009734,0,1
2020,MS,3,MICHAEL GUEST,-1,4.355260933248648,5.029014015673785,7.030821185926291,1,1
2020,ND,0,KELLY ARMSTRONG,-1,3.2506879225714798,5.88760276658206,-6.787322440185678,1,1
2020,NE,1,JEFF FORTENBERRY,-1,-0.25634485069614854,4.589345129517814,6.238858453849142,0,1
2020,NE,2,DON BACON,-1,2.360871823468819,8.818174926665986,8.712935326663978,0,1
2020,NE,3,ADRIAN SMITH,-1,5.391718587989935,6.438791751419278,1.9458216697760395,0,1
2020,NH,1,CHRIS PAPPAS,1,6.925975375442377,1.6582320468817446,1.8996159105602484,1,1
2020,NH,2,ANNE MCLANE KUSTER,1,7.920884233913955,4.119653381364414,3.408544489537748,0,1
2020,NJ,1,DONALD W NORCROSS,1,-0.37030301578503355,1.647503086048462,1.7236345817343324,0,1
2020,NJ,2,JEFF VAN DREW,1,-1.1010019871583339,-0.4071288337159724,7.095734241681837,1,1
2020,NJ,3,ANDY KIM,1,14.287693116228855,10.58989477125272,0.05097777472995446,1,1
2020,NJ,4,CHRISTOPHER H SMITH,-1,6.716598359485937,8.849975325363324,4.131307907488081,0,1
2020,NJ,5,JOSH GOTTHEIMER,1,8.75400809183866,4.857859407511375,7.22744085301623,0,1
2020,NJ,6,FRANK PALLONE JR,1,6.220287572135156,8.946783164389512,6.682947673750862,0,1
2020,NJ,7,TOM MALINOWSKI,1,0.08489619086688349,-6.3036428713642065,-5.070564143781897,1,1
2020,NJ,8,ALBIO SIRES,1,-5.607006555192093,7.621386626860139,6.363925714906278,0,1
2020,NJ,9,BILL PASCRELL JR,1,2.721050074300912,11.614919987310127,8.347785700924726,0,1
2020,NJ,11,MIKIE SHERRILL,1,7.543708938881987,2.3423295381794116,7.300690851695366,1,1
2020,NJ,12,BONNIE WATSON COLEMAN,1,-0.6302876446206582,-0.18803263447921825,-2.543815100743311,0,1
2020,NM,1,DEBRA A HAALAND,1,-2.6490045521408128,-4.460937061204331,-1.8732958452979016,1,1
2020,NM,2,XOCHITL TORRES SMALL,1,3.8862546932286355,7.111319046555204,8.98413379092829,1,1
2020,NV,1,DINA TITUS,1,-0.9350230403332702,6.729714415209474,3.5979361154377028,0,1
2020,NV,2,MARK E AMODEI,-1,2.796370243835094,3.404027293083309,9.181738406220457,0,1
2020,NV,3,SUSIE LEE,1,4.225196316272614,5.474866256514802,5.426729512660369,1,1
2020,NV,4,STEVEN A HORSFORD,1,-0.15918511987625017,3.581965802549039,-0.615755083879403,1,1
2020,NY,1,LEE M ZELDIN,-1,-3.0133732425261606,2.9377850613163377,0.21856253112322666,0,1
2020,NY,3,THOMAS R SUOZZI,1,6.308022797642873,4.602736968890556,4.993316257328749,0,1
2020,NY,4,KATHLEEN M RICE,1,3.3828274050519074,3.4537196518254225,6.998441897081021,0,1
2020,NY,10,JERROLD L NADLER,1,-10.238615311798341,-0.18137370346090353,2.2156884233601186,0,1
2020,NY,11,MAX N ROSE,1,3.7798171883383667,6.83115512977333,12.231364593734432,1,1
2020,NY,18,SEAN PATRICK MALONEY,1,14.700861706906704,10.170341972207884,4.823784239194394,0,1
2020,NY,19,ANTONIO DELGADO,1,19.00285220288463,12.818385794655622,3.5939899121398504,1,1
2020,NY,20,PAUL D TONKO,1,8.066808755390339,3.849696237968618,10.782153477200156,0,1
2020,NY,21,ELISE M STEFANIK,-1,2.861720180866868,4.5348758184120355,5.7519256013504485,0,1
2020,NY,22,KATHLEEN M RICE,1,16.44256732196829,14.23499049839064,6.998441897081021,0,0
2020,NY,23,THOMAS W REED II,-1,1.071964485781665,2.81369303929388,-0.5234755730165155,0,1
2020,NY,24,JOHN M KATKO,-1,14.37949631979911,17.24271289644446,16.34691198467287,0,1
2020,NY,25,JOSEPH D MORELLE,1,3.15964564209807,0.23503397184514707,-6.660881709650647,1,1
2020,NY,26,BRIAN HIGGINS,1,21.290836980363526,16.815602040396534,18.114387424181523,0,1
2020,OH,1,STEVE CHABOT,-1,0.5160077745167495,1.6423431272823938,4.0008847559296985,0,1
2020,OH,2,BRAD WENSTRUP,-1,5.3113585996007835,6.759014967698554,6.258931079873877,0,1
2020,OH,3,JOYCE BEATTY,1,1.537850791929074,1.9463734045671357,1.4610334789096964,0,1
2020,OH,4,JIM JORDAN,-1,4.291141894377844,0.6211270599218439,-0.8455919626436366,0,1
2020,OH,6,BILL JOHNSON,-1,4.446523736671722,0.0020173512131380633,-2.265829147382716,0,1
2020,OH,7,BOB GIBBS,-1,8.471006943599576,4.529336013264531,-9.818663908367272,0,1
2020,OH,8,WARREN DAVIDSON,-1,1.8978801017638105,1.4203031971824602,2.692807229081305,0,1
2020,OH,9,MARCY KAPTUR,1,2.8512588536192673,9.29730500067857,9.672512410967444,0,1
2020,OH,10,MIKE TURNER,-1,9.04793799729744,9.718832908079857,12.534614193200841,0,1
2020,OH,11,MARCIA L FUDGE,1,-5.0159437641441755,1.417721512069039,-3.241244500550282,0,1
2020,OH,12,TROY BALDERSON,-1,1.9929127670990585,5.367712923620685,-0.08352173050403167,1,1
2020,OH,13,TIM RYAN,1,0.9655753699161576,6.826939384172935,12.298838375795382,0,1
2020,OH,14,DAVID P JOYCE,-1,8.175890008633324,8.565715820883977,4.503778280823404,0,1
2020,OH,15,STEVE STIVERS,-1,10.669885692927611,10.014054108850875,8.327753081726273,0,1
2020,OH,16,ANTHONY GONZALEZ,-1,9.013163467517515,9.37125031288818,2.107054110145093,1,1
2020,OK,1,KEVIN HERN,-1,1.677309126638054,6.250572186901231,-3.784264973542472,1,1
2020,OK,2,MARKWAYNE MULLIN,-1,2.3033521741296425,-2.8529487079272497,-12.38896909353243,0,1
2020,OK,3,FRANK D LUCAS,-1,1.209211335225021,1.7464408907050073,-1.9210526809152082,0,1
2020,OK,4,TOM COLE,-1,0.6073679018629079,3.4507910760900886,-1.2405029000154695,0,1
2020,OK,5,KENDRA HORN,1,10.28951098794012,3.8455611122285873,6.753833232393502,1,1
2020,OR,1,SUZANNE BONAMICI,1,4.612037239388478,1.8531674914966265,0.9627632696221493,0,1
2020,OR,3,EARL BLUMENAUER,1,-0.40488955654451075,1.8866897147110988,0.7020099817106722,0,1
2020,OR,4,PETER DEFAZIO,1,5.338502576386886,3.857885388825631,8.910538412045875,0,1
2020,OR,5,KURT SCHRADER,1,2.4020425315314853,-0.48363951160263063,1.8102415580226854,0,1
2020,PA,1,BRIAN K FITZPATRICK,-1,15.188980820449997,16.450983239904478,11.058801540214219,0,1
2020,PA,2,BRENDAN F BOYLE,1,-4.002676771867151,6.264014028198818,8.257794517819049,0,1
2020,PA,4,MADELEINE DEAN CUNNANE,1,-0.9809897457702768,-2.7899200555468093,0.269192579368438,1,1
2020,PA,5,MARY GAY SCANLON,1,0.3269809993607673,0.5342853301434749,-4.420855833824346,1,1
2020,PA,6,CHRISTINA JAMPOLER HOULAHAN,1,2.4164981123659963,-0.5505050939179315,0.7410484092778358,1,1
2020,PA,7,SUSAN ELLIS WILD,1,2.5961245739461356,1.397670098019923,2.762227143255422,1,1
2020,PA,8,MATTHEW ALTON CARTWRIGHT,1,13.457379599545659,10.522498187624564,11.883894239930127,0,1
2020,PA,9,DANIEL MEUSER,-1,-2.7616259984224243,-0.6941836939134545,-9.062008553140425,1,1
2020,PA,10,SCOTT G PERRY,-1,-2.6808063655980066,1.1573453445165285,1.0935781024954139,0,1
2020,PA,11,LLOYD K SMUCKER,-1,-0.8592351443165427,1.4905212936175412,-2.1442382832390496,0,1
2020,PA,13,JOHN JOYCE,-1,-0.2903221455659448,-0.4876090937445907,-0.5439511728062794,1,1
2020,PA,14,GUY L RESCHENTHALER,-1,-0.57514742855032,-0.9399156123348638,-8.500688847195867,1,1
2020,PA,15,GLENN WILLIAM THOMPSON JR,-1,1.9475767371887187,0.11806804763358958,-4.364003433983319,0,1
2020,PA,16,GEORGE J KELLY JR,-1,-2.205458713656828,-2.7925152764732486,-11.008935537313437,1,1
2020,PA,17,CONOR JAMES LAMB,1,5.002523687727795,2.081840035123986,7.927308174100361,1,1
2020,RI,2,JAMES R LANGEVIN,1,9.28049173514479,5.558314785826911,12.11677323826918,0,1
2020,SC,1,JOE CUNNINGHAM,1,12.687533040831001,7.364082319771527,6.847410471603242,1,1
2020,SC,2,JOE WILSON,-1,-5.35541054665115,-0.693861323157825,3.4719207223973054,0,1
2020,SC,3,JEFF DUNCAN,-1,2.9704854539216043,1.9023631877747365,2.998752375985612,0,1
2020,SC,4,WILLIAM TIMMONS,-1,-2.0550802377054254,1.791739221990782,4.554324450077322,1,1
2020,SC,5,RALPH W NORMAN,-1,0.9703498030507234,0.8678490828059298,2.3015199819892995,1,1
2020,SC,6,JAMES E JIM CLYBURN,1,0.1573590828836302,4.637523363913362,1.4128900796552752,0,1
2020,SC,7,TOM RICE,-1,4.2013278131088825,2.3603372840503427,4.72077153094544,0,1
2020,TN,2,TIM BURCHETT,-1,-0.2773364258562623,4.8832458032220325,4.278230122668122,1,1
2020,TN,3,CHUCK FLEISCHMANN,-1,0.8058620964513565,2.1144743979638294,-0.5814513121082232,0,1
2020,TN,4,SCOTT DESJARLAIS,-1,-9.591768521335105,-6.667224966325224,-4.896370389454928,0,1
2020,TN,6,JOHN ROSE,-1,0.09654477008716356,0.44323230516390755,-2.650617175686177,1,1
2020,TN,7,MARK E GREEN,-1,2.7224074204858013,5.018110956512378,1.032385437428191,1,1
2020,TN,8,DAVID KUSTOFF,-1,3.072955163170228,4.599203919516957,8.310539513308372,0,1
2020,TN,9,STEVE COHEN,1,-0.5403059693351722,1.5632482343765401,-2.8493071833929253,0,1
2020,TX,1,LOUIE GOHMERT,-1,-2.9509564935739405,-2.3052450061998497,4.644982328891723,0,1
2020,TX,2,DAN CRENSHAW,-1,3.2847708815852155,9.185612462429159,6.448317065390165,1,1
2020,TX,3,VAN TAYLOR,-1,-2.4372447025846196,8.813118685022044,6.736077900219621,1,1
2020,TX,5,LANCE GOODEN,-1,-2.663979959717519,0.8174369688964633,3.1153637910413057,1,1
2020,TX,6,RON WRIGHT,-1,-3.6942969804907957,3.544692844314472,4.422558409856789,1,1
2020,TX,7,LIZZIE PANNILL FLETCHER,1,1.935768494574949,-2.6941704193183016,-4.552866110842054,1,1
2020,TX,8,KEVIN BRADY,-1,-2.5113196196689245,2.4289202615567946,7.191807036469898,0,1
2020,TX,10,MICHAEL T MCCAUL,-1,-2.2413280418574013,3.143870149369019,3.3533775308856058,0,1
2020,TX,12,KAY GRANGER,-1,0.11434140689748773,6.219238530967261,8.239881201868068,0,1
2020,TX,14,RANDY WEBER,-1,2.779077158500794,1.0829338188570619,4.700674331552834,0,1
2020,TX,15,VICENTE GONZALEZ,1,-14.331324600085061,3.535031231662232,7.086403470777595,0,1
2020,TX,16,VERONICA ESCOBAR,1,-13.350880633126359,-2.9955931356833263,-0.05875806943564221,1,1
2020,TX,18,SHEILA JACKSON LEE,1,-7.109795793203084,0.5628847579641088,-3.8786071058918186,0,1
2020,TX,19,JODEY ARRINGTON,-1,2.130848281048962,4.05594881601272,6.203320482107246,0,1
2020,TX,21,CHIP ROY,-1,-3.746321225941635,1.5212964521337176,0.6050923417820879,1,1
2020,TX,25,ROGER WILLIAMS,-1,-1.541706773373301,1.8194516612405733,0.7723122127410598,0,1
2020,TX,26,MICHAEL C BURGESS,-1,-3.944806755746825,6.9136430736068215,4.139874431049639,0,1
2020,TX,27,MICHAEL CLOUD,-1,4.259491732990352,2.1603941400959785,4.815908170295687,1,1
2020,TX,29,SYLVIA R GARCIA,1,-2.935885968262049,13.538398628635921,6.724269067105984,1,1
2020,TX,31,JOHN CARTER,-1,-4.115182126742273,3.977750071680174,-0.6318098543233752,0,1
2020,TX,32,COLIN ALLRED,1,4.15355083019803,-1.9000765501512458,-4.2044547933340475,1,1
2020,TX,33,MARC VEASEY,1,-5.616098238521673,-0.23986217213206817,1.2485479966714959,0,1
2020,TX,34,FILEMON B VELA,1,-8.211887569798261,12.453112247347011,2.29290952366296,0,1
2020,TX,35,LLOYD DOGGETT,1,1.6532728625678246,1.8069508973008679,5.186072854798189,0,1
2020,TX,36,BRIAN BABIN,-1,2.2612172714021384,2.3452253549675435,2.8405866082960873,0,1
2020,UT,2,CHRIS STEWART,-1,5.435411518666644,4.355644680464025,5.442739680428085,0,1
2020,UT,3,JOHN CURTIS,-1,10.035562763911699,15.135968110551559,16.903687874395686,1,1
2020,UT,4,BEN MCADAMS,1,8.317543228744023,10.973377140918974,5.126634173577672,1,1
2020,VA,1,"ROBERT J \""ROB\"" WITTMAN",-1,3.3800773563316735,9.47112005712653,6.281777667809216,0,1
2020,VA,2,ELAINE G LURIA,1,6.818917555366955,0.9361275279221561,-2.922777374965367,1,1
2020,VA,4,A DONALD MCEACHIN,1,0.8785205708783543,0.5881052170963939,-1.4568394238707807,0,1
2020,VA,6,BEN L CLINE,-1,3.1169460683127532,5.270294081324981,0.19478310313999891,1,1
2020,VA,7,ABIGAIL A SPANBERGER,1,8.707491819559845,3.2300150323467345,0.2741354496949491,1,1
2020,VA,8,DONALD S BEYER JR,1,-3.779418775909704,-2.7856726981804245,-8.516391257325902,0,1
2020,VA,10,JENNIFER T WEXTON,1,2.5666894197078065,-3.9164175106214705,-7.269200518778462,1,1
2020,VA,11,GERALD EDWARD CONNOLLY,1,1.4570535788895285,3.1155741902307055,-1.680894272736973,0,1
2020,VT,0,PETER WELCH,1,12.39024889181242,8.627143434856425,7.398554783203805,0,1
2020,WA,1,SUZAN DELBENE,1,-0.4830200866853147,-1.7087273227892412,-5.643878337883541,0,1
2020,WA,3,JAIME HERRERA BEUTLER,-1,4.993271060344632,6.689475914001547,4.011120701287789,0,1
2020,WA,4,DAN NEWHOUSE,-1,8.105892111615997,11.418608161568176,8.605404919132424,0,1
2020,WA,5,CATHY MCMORRIS RODGERS,-1,8.462928741083783,11.015299165600101,2.277552662283613,0,1
2020,WA,6,DEREK KILMER,1,5.429243855128698,3.068379849916588,7.291227585946119,0,1
2020,WA,7,PRAMILA JAYAPAL,1,-7.745852588254309,-6.001097856125118,-11.960126775466607,0,1
2020,WA,8,KIM SCHRIER,1,0.33079895159061135,-0.5715331081935147,-4.69748895464451,1,1
2020,WI,1,BRYAN STEIL,-1,7.848669910255097,6.853989778492598,7.172143724330438,1,1
2020,WI,3,RON KIND,1,7.444750665973011,9.961467164042404,19.554803477284253,0,1
2020,WI,4,GWEN S MOORE,1,-1.1278005635763222,1.6272863961067072,-3.4405756811370143,0,1
2020,WI,6,GLENN GROTHMAN,-1,0.6254067669227474,0.5442688188466329,-1.0816095378986574,0,1
2020,WI,8,MIKE GALLAGHER,-1,9.82401178467434,9.729699288731467,14.643912778245257,0,1
2020,WV,1,DAVID B MCKINLEY,-1,-6.119961471216875,-2.9217299444727187,-7.488688069568395,0,1
2020,WV,2,ALEX X MOONEY,-1,-12.087993385696187,-9.567836636325065,-19.8149053272614,0,1
2020,WV,3,CAROL MILLER,-1,-8.69029584799253,-8.12674554013535,-32.49873122537261,1,1
2020,WY,0,LIZ CHENEY,-1,-4.1831368781947305,-0.3019798799261677,-7.405678992524988,0,1
2022,AL,2,BARRY MOORE,-1,5.583909312628343,5.563902845869896,-1.0452359979051868,1,1
2022,AL,3,MIKE ROGERS,-1,8.054960035128879,8.034953568370431,0.5874960218466194,0,1
2022,AR,2,J FRENCH HILL,-1,7.18478645342134,7.164779986662893,-0.8265114717825037,1,1
2022,AR,3,STEVE WOMACK,-1,2.4026145424049794,2.382608075646532,3.791996837536158,0,1
2022,AR,4,BRUCE WESTERMAN,-1,4.533973580725004,4.513967113966556,1.6558310051015939,0,1
2022,AZ,1,DAVID SCHWEIKERT,-1,-2.958235815462407,-2.9782422822208545,-2.331807938638592,0,0
2022,AZ,2,TOM O'HALLERAN,1,5.644326026092259,5.664332492850707,4.017695383385195,0,0
2022,AZ,3,RUBEN GALLEGO,1,7.8994349644489645,7.919441431207412,6.1515016174590995,0,0
2022,AZ,4,GREG STANTON,1,7.075046741210349,7.095053207968796,1.821011003491054,0,0
2022,AZ,5,ANDY BIGGS,-1,-1.4864158466088426,-1.50642231336729,0.5100373744841926,0,1
2022,AZ,7,RAUL M GRIJALVA,1,1.2527450447201929,1.2727515114786403,4.157401339235061,0,0
2022,CA,1,DOUG LAMALFA,-1,-0.8058083026659801,-0.8258147694244276,-4.226658802833469,1,1
2022,CA,2,JARED HUFFMAN,1,3.3995952465703,3.4196017133287473,3.024742658619618,0,1
2022,CA,4,MIKE THOMPSON,1,3.465740494535048,3.4857469612934953,6.495884848482137,0,0
2022,CA,5,TOM MCCLINTOCK,-1,4.66737746606816,4.647370999309713,-0.6734091127352526,0,0
2022,CA,6,AMI BERA,1,-1.7591553758656282,-1.7391489091071808,1.7197763866289089,0,0
2022,CA,7,DORIS O MATSUI,1,3.909953484556482,3.9299599513149293,5.004618510142445,0,0
2022,CA,8,JOHN GARAMENDI,1,1.7168739303093261,1.7368803970677735,-0.6292103042358947,0,0
2022,CA,9,JOSH HARDER,1,2.1091646792782157,2.129171146036663,9.881121385376979,0,0
2022,CA,14,ERIC SWALWELL,1,-2.437089932427668,-2.4170834656692204,-1.7348470261080893,0,0
2022,CA,17,RO KHANNA,1,-1.1459831375375416,-1.1259766707790941,-2.744177722132041,0,1
2022,CA,18,ZOE LOFGREN,1,-7.977908725636961,-7.957902258878514,2.88480190757313,0,0
2022,CA,19,JIMMY PANETTA,1,2.1722582808582374,2.1922647476166848,7.252685611656008,0,0
2022,CA,20,KEVIN MCCARTHY,-1,3.644763395561469,3.6247569288030217,4.7487464465023494,0,0
2022,CA,21,JIM COSTA,1,-7.0160366479136265,-6.996030181155179,0.9113653169094347,0,0
2022,CA,22,DAVID G VALADAO,-1,11.00283964771063,10.982833180952182,9.50411221656746,1,0
2022,CA,23,JAY OBERNOLTE,-1,6.647946918495077,6.627940451736629,-1.0596993036276396,1,0
2022,CA,24,SALUD O CARBAJAL,1,-3.217911040931593,-3.1979045741731458,-4.5351525299193485,0,1
2022,CA,25,RAUL RUIZ,1,4.5224463874668235,4.542452854225271,9.352849898838233,0,0
2022,CA,26,JULIA BROWNLEY,1,-5.904221215101671,-5.884214748343224,-1.7411632212240606,0,1
2022,CA,27,MIKE GARCIA,-1,13.795932060240247,13.7759255934818,7.891659879533587,1,0
2022,CA,28,JUDY CHU,1,2.9356471370921042,2.9556536038505516,4.9318701613237605,0,0
2022,CA,31,GRACE F NAPOLITANO,1,-7.320458600510289,-7.3004521337518415,2.6172320842640984,0,0
2022,CA,32,BRAD SHERMAN,1,2.153625268723232,2.1736317354816794,1.4276394442384683,0,0
2022,CA,33,PETE AGUILAR,1,-5.109527250658543,-5.089520783900095,4.731234092203624,0,0
2022,CA,35,NORMA J TORRES,1,-8.129280391744228,-8.10927392498578,7.9180721801203715,0,1
2022,CA,36,TED LIEU,1,-0.1831602071863827,-0.1631537404279353,-3.132691871573006,0,0
2022,CA,39,MARK TAKANO,1,-6.081405220191138,-6.061398753432691,4.4077542663232405,0,0
2022,CA,40,YOUNG KIM,-1,10.249482674293514,10.229476207535066,8.967611059236663,1,0
2022,CA,41,KEN CALVERT,-1,-1.790180699449917,-1.8101871662083644,4.190497450799959,0,0
2022,CA,43,MAXINE WATERS,1,-5.212602913110416,-5.192596446351969,-11.367327498683292,0,1
2022,CA,45,MICHELLE STEEL,-1,5.682748128545278,5.66274166178683,1.1289089466258844,1,0
2022,CA,46,J LUIS CORREA,1,-2.139657086731834,-2.1196506199733864,8.537964014383281,1,1
2022,CA,47,KATIE PORTER,1,-2.545586468191977,-2.5255800014335295,-2.091147538018916,0,0
2022,CA,48,DARRELL ISSA,-1,2.7708645346991894,2.750858067940742,-2.498106378997303,1,0
2022,CA,49,MIKE LEVIN,1,-1.033979311728923,-1.0139728449704757,-4.216587577828879,0,1
2022,CA,50,SCOTT H PETERS,1,-2.970234311807676,-2.9502278450492287,-4.243180380578605,0,0
2022,CA,52,JUAN VARGAS,1,1.0151555018001446,1.035161968558592,2.322931344362817,0,0
2022,CO,1,DIANA DEGETTE,1,6.787060573491765,6.807067040250212,-0.6643901532117598,0,1
2022,CO,2,JOE NEGUSE,1,7.2720256940865085,7.292032160844956,-1.5080047925348739,0,1
2022,CO,3,LAUREN BOEBERT,-1,-13.596600558881045,-13.616607025639492,-1.7605223288548588,1,1
2022,CO,4,KEN BUCK,-1,0.6621111423297634,0.642104675571316,5.552844961998354,0,1
2022,CO,5,DOUG LAMBORN,-1,0.43008420394694014,0.4100777371884927,5.397303107214083,0,1
2022,CO,6,JASON CROW,1,4.5640215181425035,4.584027984900951,0.6707946864603427,0,1
2022,CT,1,JOHN B LARSON,1,-0.5891738078462438,-0.5691673410877964,3.291309886471473,0,1
2022,CT,2,JOE COURTNEY,1,12.071032889941048,12.091039356699495,12.991472706406494,0,1
2022,CT,3,ROSA L DELAURO,1,1.976932104939852,1.9969385716982995,0.41024812132922417,0,1
2022,CT,4,JAMES A HIMES,1,-5.98634035705474,-5.966333890296292,-1.1483962328222512,0,1
2022,CT,5,JAHANA HAYES,1,-5.30849004791216,-5.288483581153713,3.416254957145468,0,1
2022,DE,0,LISA BLUNT ROCHESTER,1,-1.2064447502736613,-1.1864382835152139,1.0422048008859575,0,1
2022,FL,1,MATT GAETZ,-1,-2.4995942736120753,-2.5196007403705227,-5.5800293288642235,0,1
2022,FL,3,KAT CAMMACK,-1,6.926073299736439,6.9060668329779915,-1.6036275728364915,1,1
2022,FL,8,BILL POSEY,-1,6.561728233193712,6.5417217664352645,2.2855798574564945,0,1
2022,FL,9,DARREN SOTO,1,-4.942978861394458,-4.922972394636011,7.626082516913839,0,1
2022,FL,11,DANIEL WEBSTER,-1,11.728757926788418,11.708751460029971,-0.9337412623017931,0,1
2022,FL,12,GUS M BILIRAKIS,-1,6.297121328188922,6.277114861430475,6.153082566381255,0,1
2022,FL,14,KATHY CASTOR,1,-0.2738521649542758,-0.25384569819582836,7.248843194786246,0,1
2022,FL,16,VERN BUCHANAN,-1,9.95406686425102,9.934060397492573,0.3037710138613887,0,1
2022,FL,17,W GREGORY STEUBE,-1,7.007632964203832,6.987626497445385,0.8205846715717842,1,1
2022,FL,19,BYRON DONALDS,-1,9.400578055457647,9.3805715886992,-0.20596324403860589,1,1
2022,FL,21,BRIAN J MAST,-1,12.189505749900945,12.169499283142498,4.166526719062895,0,0
2022,FL,22,LOIS FRANKEL,1,-2.125564624028348,-2.1055581572699005,5.725421491724897,0,0
2022,FL,24,FREDERICA S WILSON,1,-0.4147106464599517,-0.3947041797015043,8.292581435205147,0,1
2022,FL,25,DEBBIE WASSERMAN SCHULTZ,1,-4.571618321140292,-4.551611854381845,1.744269915078596,0,0
2022,FL,27,MARIA ELVIRA SALAZAR,-1,8.922925115019078,8.90291864826063,3.4324537922182516,1,1
2022,FL,28,CARLOS GIMENEZ,-1,15.573247877842729,15.553241411084281,-4.708421144910198,1,0
2022,GA,1,"EARL L \""BUDDY\"" CARTER",-1,-0.6576591509508578,-0.6776656177093052,1.5991387950139062,0,1
2022,GA,2,SANFORD D BISHOP JR,1,4.916944644115912,4.936951110874359,8.343729017658916,0,1
2022,GA,3,A DREW FERGUSON IV,-1,1.7734794831703127,1.7534730164118653,2.0618794393421007,1,1
2022,GA,4,"HENRY C \""HANK\"" JOHNSON JR",1,3.9905823047522233,4.010588771510671,3.484518882010664,0,1
2022,GA,7,LUCY MCBATH,1,0.9912993131191286,1.011305779877576,0.4321491838257723,0,0
2022,GA,8,AUSTIN SCOTT,-1,3.9117638157780164,3.891757349019569,1.2655255359343878,0,1
2022,GA,9,ANDREW CLYDE,-1,0.9465304548671085,0.9265239881086611,-0.01772852024673721,1,1
2022,GA,11,BARRY LOUDERMILK,-1,4.271373864490339,4.251367397731892,2.67872308371859,0,1
2022,GA,12,RICK W ALLEN,-1,3.5072936692453194,3.487287202486872,1.2827193946958007,0,1
2022,GA,13,DAVID SCOTT,1,7.90045472869766,7.920461195456108,4.596932241745871,0,1
2022,GA,14,MARJORIE TAYLOR GREENE,-1,-11.486803333990945,-11.506809800749393,-1.8365366618197454,1,1
2022,HI,1,ED CASE,1,22.889638970914362,22.909645437672808,16.758372147675924,0,1
2022,IA,1,MARIANNETTE MILLER-MEEKS,-1,-1.509564694335849,-1.5295711610942964,-6.595032982220533,1,0
2022,IA,2,ASHLEY HINSON,-1,-1.5937699304525417,-1.613776397210989,-3.387568152534555,1,0
2022,IA,3,CYNTHIA AXNE,1,5.078107722790119,5.098114189548566,4.0615385731942135,0,1
2022,IA,4,RANDY FEENSTRA,-1,5.983427468414504,5.963421001656057,-5.727576229597189,1,1
2022,ID,1,RUSS FULCHER,-1,1.424718575238984,1.4047121084805365,-0.021446158540125104,0,1
2022,ID,2,MICHAEL K SIMPSON,-1,-1.8612737879387424,-1.8812802546971898,6.929134203826298,0,1
2022,IL,2,ROBIN L KELLY,1,-0.9510354016947034,-0.9310289349362559,3.1099182551213884,0,1
2022,IL,5,MIKE QUIGLEY,1,6.458601075077503,6.478607541835951,0.8496883813531992,0,1
2022,IL,6,SEAN CASTEN,1,2.972178952725475,2.9921854194839224,-2.9338701845282946,0,1
2022,IL,9,JANICE D SCHAKOWSKY,1,6.53218280468699,6.552189271445437,0.17869992329105866,0,1
2022,IL,10,BRADLEY SCOTT SCHNEIDER,1,4.961928388875808,4.981934855634256,-0.4690320043641174,0,1
2022,IL,11,BILL FOSTER,1,2.639695681593432,2.6597021483518795,2.9226081171664857,0,1
2022,IL,12,MIKE BOST,-1,1.0546426238515494,1.034636157093102,3.8488356082120037,0,1
2022,IL,14,LAUREN UNDERWOOD,1,2.0515572066892442,2.0715636734476917,1.4142593721903935,0,1
2022,IL,15,MARY MILLER,-1,-2.6041796783788698,-2.624186145137317,-2.827864506143075,1,1
2022,IL,16,DARIN LAHOOD,-1,5.287574318098805,5.267567851340358,13.629412504112477,0,0
2022,IN,1,FRANK J MRVAN,1,2.5073229967150814,2.527329463473529,10.25579204885534,1,1
2022,IN,3,JIM BANKS,-1,1.0469512461968193,1.026944779438372,2.6151011643106914,0,1
2022,IN,4,JAMES R BAIRD,-1,1.287436865660915,1.2674303989024676,0.2536871506102978,0,1
2022,IN,5,VICTORIA SPARTZ,-1,0.45285610695339784,0.4328496401949504,-0.5156596029877223,1,1
2022,IN,6,GREG PENCE,-1,-2.886918518667386,-2.9069249854258334,-0.6580470810680792,0,1
2022,IN,7,ANDRE CARSON,1,-0.5636558405552137,-0.5436493737967663,-0.7121962869514009,0,1
2022,IN,8,LARRY BUCSHON,-1,-3.5966945271382613,-3.6167009938967087,3.220520664279701,0,1
2022,KS,1,TRACEY MANN,-1,-0.29543020233083084,-0.31543666908927825,-2.7395808611762673,1,1
2022,KS,2,JAKE LATURNER,-1,-6.7669214674937965,-6.786927934252244,-2.7378266741775237,1,1
2022,KS,3,SHARICE DAVIDS,1,13.228735157203861,13.248741623962307,2.0563890564752088,0,1
2022,KS,4,RON ESTES,-1,-0.8882706349034883,-0.9082771016619358,2.5708409041086577,0,1
2022,KY,1,JAMES COMER,-1,1.0954924000498778,1.0754859332914304,-0.8134072046405718,0,1
2022,KY,2,BRETT GUTHRIE,-1,1.0190928768339873,0.9990864100755399,5.775186842753631,1,1
2022,KY,4,THOMAS MASSIE,-1,-3.1826012456137676,-3.202607712372215,-0.25587951469607884,0,1
2022,KY,5,HAROLD ROGERS,-1,-1.133764709452798,-1.1537711762112455,3.582345544031843,0,1
2022,KY,6,ANDY BARR,-1,13.59318940839134,13.573182941632892,4.852081339500217,0,1
2022,LA,1,STEVE SCALISE,-1,3.5773665292071186,3.557360062448671,6.9443986535785,0,1
2022,LA,3,CLAY HIGGINS,-1,15.48715871331899,15.467152246560543,-1.7126829147878082,0,1
2022,MA,2,JAMES P MCGOVERN,1,6.401902227405188,6.421908694163635,6.931144889207622,0,1
2022,MA,5,KATHERINE M CLARK,1,1.427427557182412,1.4474340239408594,-0.11561364231239413,0,1
2022,MA,6,SETH MOULTON,1,5.534403068808796,5.554409535567244,6.071725904591449,0,1
2022,MA,9,WILLIAM R KEATING,1,5.224885901736304,5.244892368494751,10.172431252083037,1,1
2022,MD,1,ANDY HARRIS,-1,-8.672175597261088,-8.692182064019535,4.464109579720284,0,1
2022,MD,2,C A DUTCH RUPPERSBERGER,1,2.7602889368757886,2.780295403634236,4.285237329367614,0,1
2022,MD,3,JOHN P SARBANES,1,-0.1873774110177422,-0.16737094425929477,2.2609869699880276,0,1
2022,MD,5,STENY H HOYER,1,0.23245832126200128,0.2524647880204487,0.8362780691069771,0,1
2022,MD,6,DAVID J TRONE,1,4.939084690534285,4.9590911572927325,-0.9926444114556441,0,1
2022,MD,7,KWEISI MFUME,1,5.383924410488312,5.40393087724676,-13.09586883974563,1,1
2022,MD,8,JAMIE RASKIN,1,4.820417647666346,4.840424114424794,-1.8994743473665396,0,1
2022,ME,1,CHELLIE PINGREE,1,7.83225431732842,7.852260784086868,3.0436691411290857,0,1
2022,ME,2,JARED F GOLDEN,1,17.745990663519585,17.76599713027803,16.34205489429647,0,1
2022,MI,1,JACK BERGMAN,-1,-2.3156022007376116,-2.335608667496059,5.102561173745589,0,1
2022,MI,2,JOHN R MOOLENAAR,-1,-4.0884497394814225,-4.10845620623987,6.479871075336804,0,0
2022,MI,4,BILL HUIZENGA,-1,2.8489427814953494,2.828936314736902,6.99353910968044,0,0
2022,MI,5,TIM WALBERG,-1,-1.6962626673811272,-1.7162691341395746,-0.7888983507888669,0,0
2022,MI,6,DEBBIE DINGELL,1,10.085538931984967,10.105545398743415,9.125129543308404,0,0
2022,MI,7,ELISSA SLOTKIN,1,10.376803668783143,10.39681013554159,6.998299409105397,0,0
2022,MI,8,DANIEL T KILDEE,1,13.929761222859437,13.949767689617884,11.350277404923219,0,0
2022,MI,9,LISA MCCLAIN,-1,-3.5225793579323295,-3.542585824690777,-0.18595052341274876,1,0
2022,MI,11,HALEY M STEVENS,1,7.837594515063607,7.8576009818220545,0.3925499010236715,0,1
2022,MI,12,RASHIDA TLAIB,1,2.237373684155955,2.2573801509144023,4.449995607458159,0,0
2022,MN,2,ANGIE CRAIG,1,3.5230688605281975,3.543075327286645,-2.12670227181109,0,1
2022,MN,3,DEAN PHILLIPS,1,3.1391208295960844,3.159127296354532,-5.862044336299076,0,1
2022,MN,4,BETTY MCCOLLUM,1,2.3735441053185724,2.39355057207702,1.8858580060793626,0,1
2022,MN,5,ILHAN OMAR,1,-8.756254148647528,-8.73624768188908,-18.69959143179339,0,1
2022,MN,6,TOM EMMER,-1,0.8722320950851135,0.852225628326666,8.406273797053174,0,1
2022,MN,7,MICHELLE FISCHBACH,-1,2.427873057977436,2.4078665912189887,-17.937165048433595,1,1
2022,MN,8,PETE STAUBER,-1,-2.401885212567029,-2.4218916793254763,2.934865153612461,0,1
2022,MO,1,CORI BUSH,1,-4.058036259369523,-4.038029792611075,0.5191274078640573,1,1
2022,MO,2,ANN WAGNER,-1,-1.1040257414472459,-1.1240322082056933,4.014848194554534,0,1
2022,MO,3,BLAINE LUETKEMEYER,-1,-1.9493761107216727,-1.9693825774801201,3.0905288706577396,0,1
2022,MO,5,EMANUEL CLEAVER,1,3.7776812814769976,3.797687748235445,4.104090143082494,0,1
2022,MO,6,SAM GRAVES,-1,0.6943157001956521,0.6743092334372047,5.702715472960503,0,1
2022,MO,8,JASON SMITH,-1,-2.234200725688126,-2.2542071924465734,-2.824589468779858,0,1
2022,MS,1,TRENT KELLY,-1,8.404051080102882,8.384044613344434,3.530854576347857,0,1
2022,MS,2,BENNIE G THOMPSON,1,-0.8246182620076041,-0.8046117952491567,5.739596979000491,0,1
2022,MS,3,MICHAEL GUEST,-1,11.494119965474919,11.474113498716472,5.029014015673785,0,1
2022,MT,2,MATT ROSENDALE,-1,14.49156332635835,14.471556859599902,-6.468475120979778,1,0
2022,NC,2,DEBORAH K ROSS,1,5.448643173574105,5.468649640332552,0.4634898094276201,1,1
2022,NC,3,GREGORY F MURPHY,-1,2.810717703734589,2.7907112369761418,0.7153741068252701,1,1
2022,NC,5,VIRGINIA FOXX,-1,-0.5934124891467327,-0.6134189559051801,-2.1476486424386705,0,1
2022,NC,6,KATHY MANNING,1,1.7570332267708082,1.7770396935292556,2.3726628817831523,1,1
2022,NC,7,DAVID ROUZER,-1,-2.78638455204082,-2.8063910187992676,0.552134663227382,0,1
2022,NC,8,DAN BISHOP,-1,-0.019716522515153656,-0.03972298927360107,0.6730880882381642,1,0
2022,NC,9,RICHARD HUDSON,-1,-0.47294212810741953,-0.49294859486586695,-2.446595344503213,0,0
2022,NC,10,PATRICK T MCHENRY,-1,0.061777260745287776,0.04177079398684036,-1.6140066418580856,0,1
2022,NE,2,DON BACON,-1,3.836992157304806,3.8169856905463586,8.818174926665986,0,1
2022,NE,3,ADRIAN SMITH,-1,8.209947729573429,8.189941262814981,6.438791751419278,0,1
2022,NH,1,CHRIS PAPPAS,1,7.391041340502893,7.41104780726134,1.6582320468817446,0,1
2022,NH,2,ANN M KUSTER,1,8.044681340156114,8.064687806914561,4.119653381364414,0,1
2022,NJ,1,DONALD NORCROSS,1,8.444207007285517,8.464213474043964,1.647503086048462,0,1
2022,NJ,2,JEFFERSON VAN DREW,-1,8.795350138050761,8.775343671292314,0.4071288337159724,1,1
2022,NJ,3,ANDY KIM,1,3.0937077583735846,3.113714225132032,10.58989477125272,0,1
2022,NJ,4,CHRISTOPHER H SMITH,-1,8.00972009054886,7.989713623790413,8.849975325363324,0,1
2022,NJ,5,JOSH GOTTHEIMER,1,3.3209920917393614,3.340998558497809,4.857859407511375,0,1
2022,NJ,6,FRANK PALLONE JR,1,2.5033453508197567,2.523351817578204,8.946783164389512,0,1
2022,NJ,7,TOM MALINOWSKI,1,-1.302629875564337,-1.2826234088058897,-6.3036428713642065,0,1
2022,NJ,9,BILL PASCRELL JR,1,-2.185791053791535,-2.1657845870330874,11.614919987310127,0,1
2022,NJ,11,MIKIE SHERRILL,1,7.209897681714903,7.22990414847335,2.3423295381794116,0,1
2022,NJ,12,BONNIE WATSON COLEMAN,1,-2.108358442613138,-2.0883519758546907,-0.18803263447921825,0,1
2022,NM,2,YVETTE HERRELL,-1,-0.17063769748107127,-0.1906441642395187,-7.111319046555204,1,1
2022,NM,3,TERESA LEGER FERNANDEZ,1,10.656422059211442,10.67642852596989,1.889540004235342,1,1
2022,NV,1,DINA TITUS,1,2.4309712697512964,2.450977736509744,6.729714415209474,0,1
2022,NV,2,MARK E AMODEI,-1,5.807210838476044,5.787204371717596,3.404027293083309,0,1
2022,NV,3,SUSIE LEE,1,2.498884952234714,2.5188914189931615,5.474866256514802,0,1
2022,NV,4,STEVEN HORSFORD,1,1.807802824288709,1.8278092910471564,3.581965802549039,0,1
2022,NY,2,ANDREW R GARBARINO,-1,14.572974956075825,14.552968489317378,0.4038308405655906,1,1
2022,NY,6,GRACE MENG,1,2.6953103137775827,2.71531678053603,13.885484989422128,0,1
2022,NY,8,HAKEEM S JEFFRIES,1,-4.7109945662934365,-4.690988099534989,5.385896552293199,0,1
2022,NY,11,NICOLE MALLIOTAKIS,-1,10.399965353331677,10.37995888657323,-6.83115512977333,1,1
2022,NY,12,JERROLD L NADLER,1,-2.8096675580639,-2.7896610913054527,-0.18137370346090353,0,0
2022,NY,14,ALEXANDRIA OCASIO-CORTEZ,1,-7.53086182826047,-7.510855361502022,-0.6258840013364493,0,1
2022,NY,17,SEAN PATRICK MALONEY,1,-5.488439089437861,-5.468432622679414,10.170341972207884,0,0
2022,NY,20,PAUL D TONKO,1,-4.085062782861881,-4.065056316103433,3.849696237968618,0,1
2022,NY,21,ELISE M STEFANIK,-1,1.8745555750254788,1.8545491082670313,4.5348758184120355,0,1
2022,NY,24,CLAUDIA TENNEY,-1,8.459252453051253,8.439245986292805,-14.23499049839064,1,0
2022,NY,25,JOSEPH D MORELLE,1,-7.02467950391863,-7.004673037160183,0.23503397184514707,0,1
2022,NY,26,BRIAN HIGGINS,1,9.484760836881488,9.504767303639936,16.815602040396534,0,1
2022,OH,1,STEVE CHABOT,-1,-2.249940562637745,-2.2699470293961923,1.6423431272823938,0,1
2022,OH,2,BRAD R WENSTRUP,-1,-2.2509141311568186,-2.270920597915266,6.759014967698554,0,1
2022,OH,3,JOYCE BEATTY,1,1.90735444831774,1.9273609150761875,1.9463734045671357,0,1
2022,OH,4,JIM JORDAN,-1,-3.2158273196049834,-3.2358337863634308,0.6211270599218439,0,1
2022,OH,5,ROBERT E LATTA,-1,1.220327510379068,1.2003210436206206,8.14186773269224,1,1
2022,OH,6,BILL JOHNSON,-1,1.0055637657624565,0.9855572990040091,0.0020173512131380633,0,1
2022,OH,8,WARREN DAVIDSON,-1,1.6026753711523405,1.582668904393893,1.4203031971824602,0,1
2022,OH,9,MARCY KAPTUR,1,21.57921612044678,21.599222587205226,9.29730500067857,0,1
2022,OH,10,MICHAEL R TURNER,-1,14.411707363983258,14.39170089722481,9.718832908079857,0,1
2022,OH,12,TROY BALDERSON,-1,1.8036874138523729,1.7836809470939254,5.367712923620685,0,1
2022,OH,14,DAVID P JOYCE,-1,3.0245170501616965,3.004510583403249,8.565715820883977,0,1
2022,OK,1,KEVIN HERN,-1,0.2956494270038057,0.2756429602453583,6.250572186901231,0,1
2022,OK,3,FRANK D LUCAS,-1,-2.0354321537698468,-2.055438620528294,1.7464408907050073,0,1
2022,OK,4,TOM COLE,-1,-4.243774190124988,-4.263780656883435,3.4507910760900886,0,1
2022,OK,5,STEPHANIE BICE,-1,-0.2053370577279665,-0.22534352448641393,-3.8455611122285873,1,1
2022,OR,1,SUZANNE BONAMICI,1,1.0991689081378482,1.1191753748962956,1.8531674914966265,0,1
2022,OR,2,CLIFF BENTZ,-1,4.755738895028099,4.735732428269651,7.365799931712517,1,1
2022,OR,3,EARL BLUMENAUER,1,2.292583604974709,2.3125900717331564,1.8866897147110988,0,1
2022,PA,1,BRIAN K FITZPATRICK,-1,9.018933350277692,8.998926883519244,16.450983239904478,0,1
2022,PA,2,BRENDAN F BOYLE,1,13.664405921754252,13.6844123885127,6.264014028198818,0,1
2022,PA,5,MARY GAY SCANLON,1,2.9316680205120953,2.9516744872705427,0.5342853301434749,0,1
2022,PA,6,CHRISSY J HOULAHAN,1,7.010540115204071,7.030546581962518,-0.5505050939179315,0,1
2022,PA,7,SUSAN ELLIS WILD,1,6.720620276890146,6.740626743648593,1.397670098019923,0,1
2022,PA,8,MATTHEW ALTON CARTWRIGHT,1,10.74317753960044,10.763184006358888,10.522498187624564,0,1
2022,PA,9,DANIEL PHILIP MEUSER,-1,-3.7960019320016585,-3.816008398760106,-0.6941836939134545,0,1
2022,PA,10,SCOTT G PERRY,-1,-1.8573797444269529,-1.8773862111854003,1.1573453445165285,0,1
2022,PA,11,LLOYD K SMUCKER,-1,-3.895955117541689,-3.9159615843001365,1.4905212936175412,0,1
2022,PA,12,MICHAEL F DOYLE JR,1,-2.36582220769518,-2.3458157409367324,10.584785548685016,0,0
2022,PA,15,GLENN W THOMPSON JR,-1,-3.0086058042954065,-3.028612271053854,0.11806804763358958,0,1
2022,SC,1,NANCY MACE,-1,-0.018758988509143038,-0.038765455267590454,-7.364082319771527,1,1
2022,SC,2,JOE WILSON,-1,4.053748943245992,4.033742476487545,-0.693861323157825,0,1
2022,SC,5,RALPH NORMAN,-1,6.1876141961455176,6.16760772938707,0.8678490828059298,0,1
2022,SC,6,JAMES E CLYBURN,1,-3.01277465395394,-2.9927681871954928,4.637523363913362,0,1
2022,TN,1,DIANA HARSHBARGER,-1,-0.8082124078618165,-0.8282188746202639,-3.7970238587174974,1,1
2022,TN,2,TIM BURCHETT,-1,0.5885585500279085,0.568552083269461,4.8832458032220325,0,1
2022,TN,3,"CHARLES J \""CHUCK\"" FLEISCHMANN",-1,0.8591066613812899,0.8391001946228425,2.1144743979638294,0,1
2022,TN,4,SCOTT DESJARLAIS,-1,2.7529861013141357,2.7329796345556883,-6.667224966325224,0,1
2022,TN,6,JOHN W ROSE,-1,-2.362694137205441,-2.3827006039638885,0.44323230516390755,0,1
2022,TN,7,MARK E GREEN,-1,1.420162950459524,1.4001564837010765,5.018110956512378,0,1
2022,TN,8,DAVID KUSTOFF,-1,7.325496921903223,7.305490455144776,4.599203919516957,0,1
2022,TN,9,STEVE COHEN,1,1.891339793120899,1.9113462598793465,1.5632482343765401,0,1
2022,TX,2,DAN CRENSHAW,-1,3.34207733140504,3.3220708646465926,9.185612462429159,0,1
2022,TX,4,PAT FALLON,-1,4.9690076753242,4.949001208565752,0.6341318196018593,1,1
2022,TX,5,LANCE GOODEN,-1,2.644300443894764,2.6242939771363165,0.8174369688964633,0,1
2022,TX,7,LIZZIE FLETCHER,1,2.8564895511974804,2.876496017955928,-2.6941704193183016,0,1
2022,TX,9,AL GREEN,1,4.772879145188824,4.792885611947272,5.034749147236577,0,1
2022,TX,10,MICHAEL T MCCAUL,-1,5.249003614746417,5.22899714798797,3.143870149369019,0,1
2022,TX,12,KAY GRANGER,-1,4.6854735502746685,4.665467083516221,6.219238530967261,0,1
2022,TX,13,RONNY JACKSON,-1,-0.847417990822187,-0.8674244575806345,-0.8978926293757139,1,1
2022,TX,14,RANDY K WEBER SR,-1,5.949854344276883,5.929847877518435,1.0829338188570619,0,1
2022,TX,16,VERONICA ESCOBAR,1,-3.7517813059823837,-3.7317748392239363,-2.9955931356833263,0,1
2022,TX,17,PETE SESSIONS,-1,4.762360102784406,4.742353636025959,1.706765356512677,1,1
2022,TX,18,SHEILA JACKSON LEE,1,2.158407711343962,2.1784141781024093,0.5628847579641088,0,1
2022,TX,20,JOAQUIN CASTRO,1,8.61077554189282,8.630782008651268,5.332788419305312,0,1
2022,TX,21,CHIP ROY,-1,0.3200117673239973,0.30000530056554986,1.5212964521337176,0,1
2022,TX,22,TROY NEHLS,-1,5.6362221925844835,5.616215725826036,3.769624801815353,1,1
2022,TX,23,TONY GONZALES,-1,5.512797496503827,5.49279102974538,-0.26899661787568263,1,1
2022,TX,24,BETH VAN DUYNE,-1,1.534199264008258,1.5141927972498106,4.348476053534512,1,1
2022,TX,27,MICHAEL CLOUD,-1,0.7293175075617704,0.709311040803323,2.1603941400959785,0,1
2022,TX,28,HENRY CUELLAR,1,11.57849300232077,11.598499469079215,17.93257889001578,0,1
2022,TX,29,SYLVIA R GARCIA,1,10.929160920234779,10.949167386993226,13.538398628635921,0,1
2022,TX,32,COLIN Z ALLRED,1,2.53587650394352,2.5558829707019672,-1.9000765501512458,0,1
2022,TX,33,MARC A VEASEY,1,2.3710316178044692,2.3910380845629167,-0.23986217213206817,0,1
2022,TX,34,VICENTE GONZALEZ,1,-1.509339369876244,-1.4893329031177966,3.535031231662232,0,0
2022,TX,36,BRIAN BABIN,-1,1.574729703648071,1.5547232368896235,2.3452253549675435,0,1
2022,TX,37,LLOYD DOGGETT,1,8.681709938573505,8.701716405331952,1.8069508973008679,0,0
2022,UT,1,BLAKE DAVID MOORE,-1,7.793388500456661,7.773382033698214,2.5477809707067083,1,1
2022,UT,2,CHRIS STEWART,-1,4.178329389223272,4.158322922464825,4.355644680464025,0,1
2022,UT,3,JOHN R CURTIS,-1,11.717318928817079,11.697312462058632,15.135968110551559,0,1
2022,UT,4,BURGESS OWENS,-1,-1.748291882804054,-1.7682983495625013,-10.973377140918974,1,1
2022,VA,1,ROBERT J WITTMAN,-1,1.5990757726262892,1.5790693058678418,9.47112005712653,0,1
2022,VA,2,ELAINE G LURIA,1,0.020104579182771865,0.04011104594121928,0.9361275279221561,0,1
2022,VA,3,"ROBERT C \""BOBBY\"" SCOTT",1,1.1229141448314195,1.142920611589867,2.936622810714911,0,1
2022,VA,4,A DONALD MCEACHIN,1,-0.7360086160020423,-0.7160021492435948,0.5881052170963939,0,1
2022,VA,6,BEN CLINE,-1,1.6872936885965117,1.6672872218380643,5.270294081324981,0,1
2022,VA,7,ABIGAIL DAVIS SPANBERGER,1,3.1132159317728423,3.1332223985312897,3.2300150323467345,0,1
2022,VA,8,DONALD S BEYER JR,1,-1.8566512589958322,-1.8366447922373847,-2.7856726981804245,0,1
2022,VA,10,JENNIFER WEXTON,1,-6.503591185517195,-6.483584718758747,-3.9164175106214705,0,1
2022,VA,11,GERALD E CONNOLLY,1,-2.705133871243113,-2.685127404484666,3.1155741902307055,0,1
2022,WA,1,SUZAN K DELBENE,1,0.9344162088898997,0.9544226756483472,-1.7087273227892412,0,1
2022,WA,2,RICK LARSEN,1,2.176823269911683,2.1968297366701304,1.2217887518736879,0,1
2022,WA,4,DAN NEWHOUSE,-1,13.408971063706158,13.38896459694771,11.418608161568176,0,1
2022,WA,5,CATHY MCMORRIS RODGERS,-1,3.638351811200467,3.6183453444420195,11.015299165600101,0,1
2022,WA,6,DEREK KILMER,1,7.763216328693762,7.783222795452209,3.068379849916588,0,1
2022,WA,8,KIM SCHRIER,1,5.350108742503896,5.370115209262344,-0.5715331081935147,0,1
2022,WA,9,ADAM SMITH,1,2.6392509746423514,2.659257441400799,1.297831741657549,0,1
2022,WI,1,BRYAN STEIL,-1,1.584889835496087,1.5648833687376396,6.853989778492598,0,1
2022,WI,2,MARK POCAN,1,7.986299611719048,8.006306078477495,1.2019986297056091,0,1
2022,WI,4,GWEN MOORE,1,5.363327533985448,5.383334000743895,1.6272863961067072,0,1
2022,WI,5,SCOTT FITZGERALD,-1,0.29024038575964894,0.27023391900120153,2.43339876171727,1,1
2022,WI,7,THOMAS P TIFFANY,-1,-1.8007113641545551,-1.8207178309130025,-1.1955760826761397,1,1
2022,WV,1,CAROL D MILLER,-1,-7.20396920962223,-7.223975676380677,-8.12674554013535,0,0
2022,WV,2,ALEXANDER X MOONEY,-1,-11.90280697824591,-11.922813445004357,-9.567836636325065,0,1
2024,AK,0,MARY SATTLER PELTOLA,1,13.792242147687817,12.770549517046895,15.571518876850769,1,1
2024,AR,1,ERIC A Ã¢ÂÂRICKÃ¢ÂÂ CRAWFORD,-1,3.768044703008231,4.158365123422924,0.09224926229798136,0,1
2024,AR,2,J FRENCH HILL,-1,0.04537052772435146,1.8311642069126703,7.164779986662893,0,1
2024,AR,3,STEVE WOMACK,-1,5.384501730673366,7.803256216161354,2.382608075646532,0,1
2024,AR,4,BRUCE WESTERMAN,-1,5.318743386312606,5.038389015066705,4.513967113966556,0,1
2024,AZ,1,DAVID SCHWEIKERT,-1,0.401964524406373,0.5531786348912124,-2.9782422822208545,0,1
2024,AZ,2,ELI CRANE,-1,-3.621779016087194,-6.280610068917462,-5.664332492850707,1,1
2024,AZ,4,GREG STANTON,1,1.6389064069986965,0.7821639108612466,7.095053207968796,0,1
2024,AZ,5,ANDY BIGGS,-1,0.02769030834192243,0.459478937265156,-1.50642231336729,0,1
2024,AZ,6,JUAN CISCOMANI,-1,-1.8477417555030113,1.6926229756400386,-3.8025738496835744,1,1
2024,AZ,7,RAÃÂL M GRIJALVA,1,-2.0130226488926315,4.634057042139383,1.2727515114786403,0,1
2024,CO,1,DIANA DEGETTE,1,-2.815908864791732,-1.4614903553394347,6.807067040250212,0,1
2024,CO,2,JOE NEGUSE,1,4.126045610239236,-0.27389216487532675,7.292032160844956,0,1
2024,CO,4,LAUREN BOEBERT,-1,-11.881739341780003,-6.709335647869062,-13.616607025639492,0,0
2024,CO,6,JASON CROW,1,0.9895027964729071,0.8208666217469522,4.584027984900951,0,1
2024,CO,7,BRITTANY PETTERSEN,1,4.837334572453081,-0.5899832308996702,6.096284660905269,1,1
2024,CO,8,YADIRA CARAVEO,1,-1.4879175492329608,1.2486186750236898,1.4660318022850753,1,1
2024,CT,1,JOHN B LARSON,1,2.2922036190239528,3.296688868910988,-0.5691673410877964,0,1
2024,CT,2,JOE COURTNEY,1,8.20851580908418,8.29878931008028,12.091039356699495,0,1
2024,CT,3,ROSA L DELAURO,1,4.869852043327123,5.431502702137432,1.9969385716982995,0,1
2024,CT,4,JAMES A HIMES,1,-2.786585157019081,0.49898115300605017,-5.966333890296292,0,1
2024,CT,5,JAHANA HAYES,1,-2.4043649420511803,-1.2666356398500511,-5.288483581153713,0,1
2024,GA,1,EARL L Ã¢ÂÂBUDDYÃ¢ÂÂ CARTER,-1,6.415443988207608,7.952095469481075,-0.6776656177093052,0,1
2024,GA,2,"SANFORD D BISHOP, JR",1,5.968588884165165,5.131041568381559,4.936951110874359,0,1
2024,GA,4,"HENRY C Ã¢ÂÂHANKÃ¢ÂÂ JOHNSON, JR",1,-1.9871850036118293,-1.7481010280365075,4.010588771510671,0,1
2024,GA,6,LUCY MCBATH,1,4.293658535304152,-0.8546959983136082,1.011305779877576,0,0
2024,GA,7,RICH MCCORMICK,-1,6.089636699661577,7.2767955893072545,3.9346789617751234,1,0
2024,GA,8,AUSTIN SCOTT,-1,6.13852161589646,6.987592458043152,3.891757349019569,0,1
2024,GA,9,ANDREW S CLYDE,-1,0.9344516506514982,3.5504409590688715,0.9265239881086611,0,1
2024,GA,10,MIKE COLLINS,-1,0.4694568537009278,5.0658689999132624,2.5721707768155966e-06,1,1
2024,GA,11,BARRY LOUDERMILK,-1,7.7461160671648965,10.929524174542141,4.251367397731892,0,1
2024,GA,12,RICK W ALLEN,-1,6.012224123879994,6.283421925551944,3.487287202486872,0,1
2024,GA,13,DAVID SCOTT,1,6.676350910665262,1.067887361145119,7.920461195456108,0,1
2024,GA,14,MARJORIE TAYLOR GREENE,-1,-13.058288470631362,-8.402758623128346,-11.506809800749393,0,1
2024,HI,1,ED CASE,1,17.493024073577814,18.640783175923783,22.909645437672808,0,1
2024,HI,2,JILL N TOKUDA,1,11.365434609127805,15.616576458118669,2.7771873193816585,1,1
2024,IA,1,MARIANNETTE MILLER-MEEKS,-1,-7.259033042031531,-8.521283143076325,-1.5295711610942964,0,1
2024,IA,2,ASHLEY HINSON,-1,7.274732355063657,5.526918571113812,-1.613776397210989,0,1
2024,IA,3,ZACH NUNN,-1,-0.5883553896315368,-0.754455771234106,-5.098114189548566,1,1
2024,IA,4,RANDY FEENSTRA,-1,3.4846052166600163,2.4118071412407103,5.963421001656057,0,1
2024,ID,1,RUSS FULCHER,-1,4.0317552403482555,0.9076352246212585,1.4047121084805365,0,1
2024,ID,2,MICHAEL K SIMPSON,-1,4.785519793885429,5.233872944155752,-1.8812802546971898,0,1
2024,IL,1,JONATHAN L JACKSON,1,-6.730089919531961,-0.6283098800027416,-3.5493889750766368,1,1
2024,IL,2,ROBIN L KELLY,1,-1.2735259464609374,1.6675673723264604,-0.9310289349362559,0,1
2024,IL,3,DELIA RAMIREZ,1,-3.856922823243602,2.8682636964648127,0.1359453409817224,1,1
2024,IL,4,JESÃÂS G Ã¢ÂÂCHUYÃ¢ÂÂ GARCÃÂA,1,-0.08718891381715999,13.801159511976401,-0.0547596947701674,1,1
2024,IL,5,MIKE QUIGLEY,1,1.5483125126344373,0.5003447000653916,6.478607541835951,0,1
2024,IL,6,SEAN CASTEN,1,1.7272680896564019,2.964765839552494,2.9921854194839224,0,1
2024,IL,8,RAJA KRISHNAMOORTHI,1,2.206731630168182,7.234785474721839,3.47513886187307,0,1
2024,IL,9,JANICE D SCHAKOWSKY,1,-1.6564598523342458,-0.0836253945376404,6.552189271445437,0,1
2024,IL,10,BRADLEY SCOTT SCHNEIDER,1,-2.1523347438154534,-2.2652301709088603,4.981934855634256,0,1
2024,IL,11,BILL FOSTER,1,-0.7221837169846044,-0.3003582183254645,2.6597021483518795,0,1
2024,IL,12,MIKE BOST,-1,0.528980760215676,4.180216152299926,1.034636157093102,0,1
2024,IL,13,NIKKI BUDZINSKI,1,9.306999308918726,5.699093840100404,7.140289025767768,1,1
2024,IL,14,LAUREN UNDERWOOD,1,2.3848061460623295,5.068363312404505,2.0715636734476917,0,1
2024,IL,17,ERIC SORENSEN,1,5.111663306940184,4.148654374160702,1.3601789352447886,1,1
2024,IN,1,FRANK J MRVAN,1,4.8916356547911,8.354519786861278,2.527329463473529,0,1
2024,IN,2,RUDOLPH Ã¢ÂÂRUDYÃ¢ÂÂ YAKYM III,-1,2.028151203281867,1.8550214695547593,4.771072144208,1,1
2024,IN,4,JAMES R BAIRD,-1,1.0821495023614194,5.398549230995093,1.2674303989024676,0,1
2024,IN,5,VICTORIA SPARTZ,-1,-1.110716385025727,2.3865274213933985,0.4328496401949504,0,1
2024,IN,7,ANDRÃÂ CARSON,1,2.049703755724037,-1.5523722223000282,-0.5436493737967663,0,1
2024,IN,9,ERIN HOUCHIN,-1,-0.4365636825924941,2.047181420126676,-2.3853651530084097,1,1
2024,KS,1,TRACEY MANN,-1,3.239530873455527,6.301345261018343,-0.31543666908927825,0,1
2024,KS,3,SHARICE DAVIDS,1,11.547822367085491,7.157275137333762,13.248741623962307,0,1
2024,KS,4,RON ESTES,-1,3.228487574455359,6.275852691558842,-0.9082771016619358,0,1
2024,KY,1,JAMES COMER,-1,1.5754501510317258,1.3978969625571684,1.0754859332914304,0,1
2024,KY,2,BRETT GUTHRIE,-1,4.407588897552488,4.147458952843933,0.9990864100755399,0,1
2024,KY,3,MORGAN MCGARVEY,1,5.885269335300579,4.767103761865028,6.645851862631071,1,1
2024,KY,6,ANDY BARR,-1,10.541079573242461,10.636931824097324,13.573182941632892,0,1
2024,MA,8,STEPHEN F LYNCH,1,8.848400699613938,14.298747911823163,8.906247880916313,0,1
2024,MA,9,WILLIAM R KEATING,1,-0.9090631043228825,2.2181009034857473,5.244892368494751,0,1
2024,MD,1,ANDY HARRIS,-1,4.058570773134797,5.337279097997732,-8.692182064019535,0,1
2024,MD,5,STENY H HOYER,1,3.5189999595273473,1.9053755483158108,0.2524647880204487,0,1
2024,MD,7,KWEISI MFUME,1,3.878549538415511,4.389203584551454,5.40393087724676,0,1
2024,MD,8,JAMIE RASKIN,1,-1.2884982543541614,-0.00594718408193895,4.840424114424794,0,1
2024,ME,1,CHELLIE PINGREE,1,4.175449728467813,1.5056209434328922,7.852260784086868,0,1
2024,ME,2,EXHAUSTED BALLOT,-1,-12.329653639192088,-10.049718387075274,-17.76599713027803,1,1
2024,MI,1,JACK BERGMAN,-1,-2.9549192124941843,0.23167267564537664,-2.335608667496059,0,1
2024,MI,2,JOHN R MOOLENAAR,-1,1.5476619437532744,3.8770253670758903,-4.10845620623987,0,1
2024,MI,3,HILLARY SCHOLTEN,1,6.408290767927447,2.3010195922239145,10.049846965232563,1,1
2024,MI,4,BILL HUIZENGA,-1,3.3894342055710327,6.147840019606269,2.828936314736902,0,1
2024,MI,5,TIM WALBERG,-1,4.528956575174616,5.9077309581649216,-1.7162691341395746,0,1
2024,MI,6,DEBBIE DINGELL,1,5.002625904653081,4.0544345737160805,10.105545398743415,0,1
2024,MI,9,LISA MCCLAIN,-1,4.989834019411974,5.805455279935123,-3.542585824690777,0,1
2024,MI,10,JOHN JAMES,-1,0.9459385295712703,-0.43064061715775015,-5.891027438635377,1,1
2024,MI,11,HALEY M STEVENS,1,3.033994942484364,2.7207126499148737,7.8576009818220545,0,1
2024,MI,12,RASHIDA TLAIB,1,1.4406479388575075,6.740255373846851,2.2573801509144023,0,1
2024,MI,13,SHRI THANEDAR,1,2.2640722710959675,5.464087967677373,4.750654878200267,1,1
2024,MN,1,BRAD FINSTAD,-1,2.4830584479960454,4.75157807356985,-2.8047371839050186,1,1
2024,MN,2,ANGIE CRAIG,1,10.037436311928701,7.951813782844912,3.543075327286645,0,1
2024,MN,4,BETTY MCCOLLUM,1,0.3794420150454254,-1.6101802176268754,2.39355057207702,0,1
2024,MN,5,ILHAN OMAR,1,-10.534551088447332,-13.069564180094382,-8.73624768188908,0,1
2024,MN,6,TOM EMMER,-1,2.276929828083249,4.8763389132086905,0.852225628326666,0,1
2024,MN,7,MICHELLE FISCHBACH,-1,1.9320314371781837,3.82631766493813,2.4078665912189887,0,1
2024,MN,8,PETE STAUBER,-1,-0.5771856019619399,1.4344749927881901,-2.4218916793254763,0,1
2024,MO,2,ANN WAGNER,-1,-0.2176561064314697,4.207181997151738,-1.1240322082056933,0,1
2024,MO,4,MARK ALFORD,-1,0.5789455953931029,2.882068726654942,0.5344911186509247,1,1
2024,MO,5,EMANUEL CLEAVER,1,2.495323714851631,1.2184126690067822,3.797687748235445,0,1
2024,MO,6,SAM GRAVES,-1,3.0449097644564223,5.397873468805577,0.6743092334372047,0,1
2024,MO,7,ERIC BURLISON,-1,-0.9935150855458996,3.03776442543215,-2.3894178284006973,1,1
2024,MO,8,JASON SMITH,-1,-0.44829523045776476,0.7571927791819908,-2.2542071924465734,0,1
2024,MS,1,TRENT KELLY,-1,2.5431393836785947,1.961787866264081,8.384044613344434,0,1
2024,MS,2,BENNIE G THOMPSON,1,1.9219144266989066,3.580985900573041,-0.8046117952491567,0,1
2024,MS,4,MIKE EZELL,-1,4.7020694424983365,4.783732566765081,5.902231565582715,1,1
2024,MT,1,RYAN K ZINKE,-1,-3.7151485751868716,-4.122915175613224,-9.171008541274242,1,1
2024,NE,1,MIKE FLOOD,-1,4.445820412643993,6.85585176481844,-0.8313353039175659,1,1
2024,NE,2,DON BACON,-1,3.5533318423977587,6.413363363659447,3.8169856905463586,0,1
2024,NE,3,ADRIAN SMITH,-1,3.3533152411448572,6.281908983757716,8.189941262814981,0,1
2024,NH,1,CHRIS PAPPAS,1,6.368900667664884,6.1732440744616435,7.41104780726134,0,1
2024,NJ,1,DONALD NORCROSS,1,-2.591889631342161,-0.6562314713287689,8.464213474043964,0,1
2024,NJ,2,JEFFERSON VAN DREW,-1,7.5512771949255,4.1645729131194384,8.775343671292314,0,1
2024,NJ,4,CHRISTOPHER H SMITH,-1,8.41857925651862,5.412096666495109,7.989713623790413,0,1
2024,NJ,5,JOSH GOTTHEIMER,1,2.8183159536060725,10.108780542572298,3.340998558497809,0,1
2024,NJ,6,"FRANK PALLONE, JR",1,1.5406648275649584,9.844926059860338,2.523351817578204,0,1
2024,NJ,7,"THOMAS H KEAN, JR",-1,5.164551725208051,4.184102499735708,1.2826234088058897,1,1
2024,NJ,8,ROBERT J MENENDEZ,1,-14.875491646377155,1.4689350950109175,11.276808327949427,1,1
2024,NJ,11,MIKIE SHERRILL,1,2.2390966466349536,6.216218619458432,7.22990414847335,0,1
2024,NJ,12,BONNIE WATSON COLEMAN,1,-5.572981899943644,0.9452138251257454,-2.0883519758546907,0,1
2024,NM,1,MELANIE A STANSBURY,1,2.8737354400374997,-0.1351058694813423,2.111913003640339,1,1
2024,NM,2,GABRIEL VASQUEZ,1,2.4576580661845933,6.128641962690037,0.1906441642395187,1,1
2024,NM,3,TERESA LEGER FERNANDEZ,1,6.788657319801706,7.374014792190761,10.67642852596989,0,1
2024,NV,1,DINA TITUS,1,4.038097431615997,5.603080209551462,2.450977736509744,0,1
2024,NV,3,SUSIE LEE,1,1.044140857662295,3.617845519200176,2.5188914189931615,0,1
2024,NV,4,STEVEN HORSFORD,1,4.576547421638232,6.082326887381565,1.8278092910471564,0,1
2024,NY,1,NICHOLAS J LALOTA,-1,4.997820102095842,0.11508566511216944,5.835866119551085,1,1
2024,NY,2,ANDREW R GARBARINO,-1,12.085093936893825,5.3370012983088335,14.552968489317378,0,1
2024,NY,4,ANTHONY P DÃ¢ÂÂESPOSITO,-1,8.434733438126475,-1.1258225123928827,12.957223110340019,1,1
2024,NY,5,GREGORY W MEEKS,1,-7.942563606008784,6.95871981176503,-6.9715254307907895,0,1
2024,NY,6,GRACE MENG,1,-1.4342194069230256,17.034007473833675,2.71531678053603,0,1
2024,NY,7,NYDIA M VELÃÂZQUEZ,1,-0.9810301118583613,9.146677213116362,3.5232241649399416,1,1
2024,NY,8,HAKEEM S JEFFRIES,1,-0.3601948980801115,6.193204163217225,-4.690988099534989,0,1
2024,NY,10,DANIEL GOLDMAN,1,1.8920003418963471,7.418653480507587,2.8172474118546607,1,1
2024,NY,11,NICOLE MALLIOTAKIS,-1,16.707087217021538,3.250007789762239,10.37995888657323,0,1
2024,NY,12,JERROLD NADLER,1,-6.278921251558886,-3.7593191247705056,-2.7896610913054527,0,1
2024,NY,14,ALEXANDRIA OCASIO-CORTEZ,1,-12.739738573232467,6.1515586588277325,-7.510855361502022,0,1
2024,NY,15,RITCHIE TORRES,1,-10.57576101662575,8.035282517873483,0.5409949928866755,0,1
2024,NY,17,MICHAEL V LAWLER,-1,12.223470788002617,6.877263421848264,5.468432622679414,1,1
2024,NY,18,ANTHONY P DÃ¢ÂÂESPOSITO,-1,-9.68020376075987,-11.119021499016792,12.957223110340019,1,0
2024,NY,19,MARCUS MOLINARO,-1,-2.5575892154405815,-0.5404594298880883,0.8754123347735918,1,1
2024,NY,20,PAUL TONKO,1,6.276525836934065,8.065636612737325,-4.065056316103433,0,1
2024,NY,21,ELISE M STEFANIK,-1,3.22913874528083,3.0938350430050745,1.8545491082670313,0,1
2024,NY,22,BRANDON M WILLIAMS,-1,-1.2995779658993811,-1.5523099116897905,3.1646346051793994,1,1
2024,NY,23,NICK LANGWORTHY,-1,8.79888231288073,10.27642821648898,6.911315858901089,1,1
2024,NY,24,CLAUDIA TENNEY,-1,6.504610930759311,7.9737848295641625,8.439245986292805,0,1
2024,NY,25,JOSEPH D MORELLE,1,5.652848394357006,3.108762003324924,-7.004673037160183,0,1
2024,OK,1,KEVIN HERN,-1,1.201531147577219,5.150405660678483,0.2756429602453583,0,1
2024,OK,2,JOSH BRECHEEN,-1,-4.376997932725471,-1.4880994651168402,-8.575979063341899,1,1
2024,OK,4,TOM COLE,-1,2.464161088016896,5.52789183283739,-4.263780656883435,0,1
2024,OK,5,STEPHANIE I BICE,-1,-0.561329965691117,3.1425896489637166,-0.22534352448641393,0,1
2024,OR,1,SUZANNE BONAMICI,1,6.1140704454033905,2.9117732858649115,1.1191753748962956,0,1
2024,OR,2,CLIFF BENTZ,-1,3.2303954191480297,4.1398219770723825,4.735732428269651,0,1
2024,OR,4,VAL HOYLE,1,-0.856087542594528,-4.195091537067758,0.2158810545510601,1,1
2024,OR,5,LORI CHAVEZ-DEREMER,-1,1.912304264016944,5.740760742481606,5.718002662674639,1,1
2024,OR,6,ANDREA SALINAS,1,-2.1158758381430394,-4.75375163830037,-5.570339515203218,1,1
2024,PA,1,BRIAN K FITZPATRICK,-1,13.43455833998693,13.00458470436702,8.998926883519244,0,1
2024,PA,2,BRENDAN F BOYLE,1,3.908924844171805,6.875239725748949,13.6844123885127,0,1
2024,PA,4,MADELEINE DEAN,1,3.3652002218942787,2.2893833306348172,8.84973752333776,1,1
2024,PA,5,MARY GAY SCANLON,1,1.665800111911155,1.76660720044707,2.9516744872705427,0,1
2024,PA,6,CHRISSY HOULAHAN,1,1.67024086374947,0.9975946698571372,7.030546581962518,0,1
2024,PA,7,SUSAN WILD,1,2.404883774463616,2.3556991368679916,6.740626743648593,0,1
2024,PA,8,MATT CARTWRIGHT,1,5.828859491377072,7.067747166199494,10.763184006358888,0,1
2024,PA,9,DANIEL MEUSER,-1,-0.7760557996083701,2.608873568153924,-3.816008398760106,0,1
2024,PA,10,SCOTT PERRY,-1,-7.239490552238725,-4.151129385491565,-1.8773862111854003,0,1
2024,PA,11,LLOYD SMUCKER,-1,0.15984857000483466,4.095484210414823,-3.9159615843001365,0,1
2024,PA,12,SUMMER LEE,1,-3.162281931489055,-6.417284853198422,-2.3458157409367324,0,1
2024,PA,15,GLENN THOMPSON,-1,1.1354679333962938,4.520306171266205,-3.028612271053854,0,1
2024,PA,16,MIKE KELLY,-1,1.6713037539847289,4.221778839893523,-7.6301995050591085,1,1
2024,PA,17,CHRIS DELUZIO,1,6.050979407738729,2.318801483224491,6.2957904784814005,1,1
2024,RI,2,SETH M MAGAZINER,1,6.8999906304634315,9.9531269699233,-4.707431270439232,1,1
2024,SC,1,NANCY MACE,-1,4.057163487178599,3.309147286622424,-0.038765455267590454,0,1
2024,SC,2,JOE WILSON,-1,3.797973583287371,5.083766349706159,4.033742476487545,0,1
2024,SC,5,RALPH NORMAN,-1,4.427303885200358,4.003963529624431,6.16760772938707,0,1
2024,SC,6,JAMES E CLYBURN,1,-4.558294237332246,0.7520332985104341,-2.9927681871954928,0,1
2024,SC,7,RUSSELL FRY,-1,6.345274954198279,3.211281233000242,5.581303779934748,1,1
2024,VA,1,ROBERT J WITTMAN,-1,2.2585362137852885,7.674711528138682,1.5790693058678418,0,1
2024,VA,2,JEN A KIGGANS,-1,1.5536788593870101,3.558796871487511,-0.04011104594121928,1,1
2024,VA,3,ROBERT C Ã¢ÂÂBOBBYÃ¢ÂÂ SCOTT,1,5.848780572536823,5.154784943221963,1.142920611589867,0,1
2024,VA,6,BEN CLINE,-1,2.0643828004654114,4.653808404577879,1.6672872218380643,0,1
2024,VA,8,"DONALD S BEYER, JR",1,-3.9982406164291096,-2.0577590018806253,-1.8366447922373847,0,1
2024,VA,9,H MORGAN GRIFFITH,-1,-2.0348522383355867,0.6946250228632129,-0.8869514286820976,0,1
2024,VA,11,GERALD E CONNOLLY,1,-3.017847592982301,-1.1930207684818575,-2.685127404484666,0,1
2024,WA,1,SUZAN K DELBENE,1,-1.219808813298263,-3.2733632356154514,0.9544226756483472,0,1
2024,WA,2,RICK LARSEN,1,8.770579326435831,3.7344104204935755,2.1968297366701304,0,1
2024,WA,3,MARIE GLUESENKAMP PEREZ,1,12.396045821642463,7.412514312502439,10.520719933172767,1,1
2024,WA,8,KIM SCHRIER,1,5.376478967372486,2.3278904041291115,5.370115209262344,0,1
2024,WA,10,MARILYN STRICKLAND,1,4.245398476550767,-1.1312334145655418,1.2435774357127762,0,1
2024,WI,1,BRYAN STEIL,-1,3.958250862933067,5.722291735026506,1.5648833687376396,0,1
2024,WI,2,MARK POCAN,1,1.8475624478524804,-0.33911385273413597,8.006306078477495,0,1
2024,WI,3,DERRICK VAN ORDEN,-1,-5.777504478459411,-4.911379672142732,-6.459893841621426,1,1
2024,WI,4,GWEN MOORE,1,4.761544936033252,1.529154114940071,5.383334000743895,0,1
2024,WI,5,SCOTT FITZGERALD,-1,1.2763646713385501,6.353302332530933,0.27023391900120153,0,1
2024,WI,7,THOMAS P TIFFANY,-1,2.380870048288598,4.2444045589822705,-1.8207178309130025,0,1
2024,WV,1,CAROL D MILLER,-1,-2.369909934918537,-1.8563757740224895,-7.223975676380677,0,1
2024,WY,0,HARRIET HAGEMAN,-1,1.7258447564567678,3.395546664182631,-3.046169760711324,1,1
