01001,42.06,-72.62,MA1
01002,42.38,-72.46,MA2
01003,42.39,-72.52,MA2
01005,42.42,-72.11,MA2
01007,42.28,-72.40,MA1
01008,42.19,-72.96,MA1
01009,42.21,-72.34,MA1
01010,42.13,-72.21,MA1
01011,42.29,-72.97,MA1
01012,42.38,-72.86,MA2
01013,42.14,-72.60,MA1
01020,42.17,-72.56,MA1
01022,42.20,-72.54,MA1
01026,42.47,-72.93,MA1
01027,42.30,-72.75,MA1:91|MA2:9
01028,42.06,-72.50,MA1
01029,42.21,-73.06,MA1
01030,42.07,-72.69,MA1
01031,42.33,-72.19,MA2
01032,42.46,-72.81,MA2
01033,42.25,-72.50,MA1
01034,42.09,-72.96,MA1
01035,42.36,-72.57,MA2
01036,42.07,-72.42,MA1
01037,42.38,-72.20,MA2
01038,42.38,-72.60,MA2
01039,42.41,-72.69,MA2
01040,42.21,-72.64,MA1
01050,42.29,-72.87,MA1
01053,42.36,-72.71,MA2
01054,42.47,-72.48,MA2
01056,42.18,-72.46,MA1
01057,42.09,-72.32,MA1
01060,42.32,-72.63,MA2
01062,42.32,-72.70,MA2
01063,42.32,-72.64,MA2
01066,42.41,-72.62,MA2
01068,42.35,-72.06,MA2
01069,42.19,-72.31,MA1
01070,42.52,-72.93,MA1
01071,42.16,-72.87,MA1
01072,42.46,-72.42,MA2
01073,42.23,-72.74,MA1
01074,42.38,-72.10,MA2
01075,42.26,-72.58,MA1
01077,42.05,-72.78,MA1
01079,42.18,-72.34,MA1
01080,42.19,-72.36,MA1
01081,42.06,-72.23,MA1
01082,42.30,-72.28,MA1:95|MA2:5
01083,42.21,-72.20,MA1
01084,42.36,-72.87,MA2
01085,42.15,-72.77,MA1
01088,42.38,-72.64,MA2
01089,42.13,-72.65,MA1
01092,42.19,-72.24,MA1
01093,42.45,-72.64,MA2
01094,42.37,-72.14,MA2
01095,42.14,-72.42,MA1
01096,42.41,-72.77,MA2
01097,42.17,-72.83,MA1
01098,42.40,-72.94,MA1
01103,42.10,-72.59,MA1
01104,42.13,-72.57,MA1
01105,42.10,-72.58,MA1
01106,42.05,-72.56,MA1
01107,42.12,-72.61,MA1
01108,42.08,-72.56,MA1
01109,42.12,-72.55,MA1
01118,42.09,-72.53,MA1
01119,42.12,-72.51,MA1
01128,42.09,-72.49,MA1
01129,42.12,-72.49,MA1
01144,42.10,-72.59,MA1
01151,42.15,-72.51,MA1
01201,42.45,-73.28,MA1
01220,42.63,-73.12,MA1
01222,42.06,-73.32,MA1
01223,42.30,-73.11,MA1
01224,42.50,-73.20,MA1
01225,42.57,-73.15,MA1
01226,42.48,-73.16,MA1
01229,42.30,-73.36,MA1
01230,42.18,-73.33,MA1
01235,42.43,-73.06,MA1
01236,42.28,-73.39,MA1
01237,42.55,-73.26,MA1
01238,42.30,-73.23,MA1
01240,42.38,-73.27,MA1
01242,42.33,-73.25,MA1
01243,42.37,-73.05,MA1
01244,42.12,-73.28,MA1
01245,42.19,-73.22,MA1
01247,42.70,-73.09,MA1
01253,42.21,-73.11,MA1
01254,42.38,-73.37,MA1
01255,42.10,-73.13,MA1
01256,42.59,-73.02,MA1
01257,42.09,-73.37,MA1
01258,42.09,-73.47,MA1
01259,42.07,-73.23,MA1
01260,42.26,-73.28,MA1
01262,42.31,-73.32,MA1
01264,42.23,-73.20,MA1
01266,42.31,-73.39,MA1
01267,42.67,-73.25,MA1
01270,42.52,-73.05,MA1
01301,42.63,-72.60,MA2
01330,42.51,-72.82,MA2
01331,42.57,-72.18,MA2
01337,42.69,-72.58,MA2
01338,42.58,-72.81,MA2
01339,42.61,-72.89,MA1:77|MA2:23
01340,42.69,-72.73,MA2
01341,42.51,-72.70,MA2
01342,42.54,-72.61,MA2
01343,42.65,-72.97,MA1
01344,42.61,-72.44,MA2
01346,42.66,-72.81,MA2
01347,42.56,-72.52,MA2
01349,42.57,-72.47,MA2
01350,42.73,-72.99,MA1
01351,42.54,-72.52,MA2
01354,42.62,-72.51,MA2
01355,42.46,-72.33,MA2
01360,42.68,-72.45,MA2
01364,42.61,-72.29,MA2
01366,42.49,-72.18,MA2
01367,42.69,-72.92,MA1:91|MA2:9
01368,42.68,-72.18,MA2
01370,42.59,-72.72,MA2:91|MA1:9
01373,42.48,-72.62,MA2
01375,42.47,-72.55,MA2
01376,42.59,-72.54,MA2
01378,42.68,-72.34,MA2
01379,42.53,-72.40,MA2
01380,42.59,-72.41,MA2
01420,42.58,-71.82,MA3
01430,42.67,-71.92,MA3
01431,42.68,-71.83,MA3
01432,42.57,-71.58,MA3
01434,42.53,-71.61,MA3
01436,42.60,-72.09,MA2
01438,42.56,-72.04,MA2
01440,42.59,-71.99,MA3:99|MA2:1
01450,42.61,-71.56,MA3
01451,42.50,-71.57,MA3
01452,42.50,-72.00,MA2
01453,42.52,-71.76,MA2
01460,42.54,-71.49,MA3
01462,42.58,-71.72,MA3
01463,42.67,-71.60,MA3
01464,42.57,-71.64,MA3
01468,42.54,-72.07,MA2
01469,42.66,-71.70,MA3
01473,42.55,-71.90,MA3:92|MA2:8
01474,42.67,-71.75,MA3
01475,42.67,-72.06,MA3
01501,42.20,-71.85,MA2
01503,42.38,-71.63,MA3
01504,42.04,-71.53,MA4
01505,42.36,-71.72,MA2
01506,42.18,-72.11,MA1
01507,42.13,-71.97,MA1
01510,42.41,-71.69,MA3
01515,42.21,-72.04,MA1
01516,42.05,-71.75,MA2
01518,42.11,-72.11,MA1
01519,42.20,-71.68,MA2
01520,42.33,-71.85,MA2
01521,42.05,-72.18,MA1
01522,42.38,-71.87,MA2
01523,42.48,-71.68,MA3
01524,42.25,-71.92,MA2
01525,42.10,-71.64,MA2
01527,42.19,-71.78,MA2
01529,42.04,-71.58,MA4
01531,42.33,-72.13,MA1
01532,42.32,-71.65,MA2
01534,42.14,-71.65,MA2
01535,42.27,-72.07,MA1
01536,42.23,-71.69,MA2
01537,42.16,-71.90,MA1
01540,42.11,-71.86,MA1
01541,42.45,-71.88,MA2
01542,42.20,-71.91,MA2:93|MA1:7
01543,42.39,-71.97,MA2
01545,42.28,-71.71,MA2
01550,42.06,-72.03,MA1
01560,42.18,-71.67,MA2
01561,42.45,-71.69,MA3
01562,42.25,-71.99,MA1
01564,42.45,-71.78,MA2
01566,42.10,-72.08,MA1
01568,42.18,-71.61,MA2
01569,42.06,-71.63,MA2
01570,42.05,-71.85,MA2:52|MA1:48
01571,42.05,-71.94,MA1
01581,42.27,-71.61,MA2
01583,42.38,-71.79,MA2
01585,42.24,-72.16,MA1
01588,42.12,-71.66,MA2
01590,42.13,-71.75,MA2
01602,42.27,-71.85,MA2
01603,42.24,-71.84,MA2
01604,42.25,-71.77,MA2
01605,42.29,-71.79,MA2
01606,42.31,-71.79,MA2
01607,42.23,-71.79,MA2
01608,42.26,-71.80,MA2
01609,42.29,-71.83,MA2
01610,42.25,-71.81,MA2
01611,42.24,-71.88,MA2
01612,42.30,-71.93,MA2
01701,42.32,-71.44,MA5
01702,42.28,-71.44,MA5
01718,42.52,-71.43,MA3
01719,42.49,-71.52,MA3
01720,42.48,-71.44,MA3
01721,42.26,-71.48,MA2
01730,42.50,-71.28,MA6:95|MA5:5
01731,42.46,-71.28,MA5:93|MA6:7
01740,42.44,-71.60,MA3
01741,42.54,-71.36,MA3
01742,42.46,-71.36,MA3
01745,42.29,-71.50,MA2
01746,42.20,-71.45,MA2
01747,42.12,-71.53,MA4
01748,42.22,-71.54,MA2
01749,42.39,-71.55,MA3
01752,42.35,-71.55,MA3
01754,42.43,-71.46,MA5
01756,42.09,-71.54,MA4
01757,42.16,-71.52,MA4
01760,42.28,-71.35,MA5
01770,42.23,-71.37,MA4
01772,42.30,-71.53,MA2
01773,42.43,-71.31,MA5:99|MA3:1
01775,42.43,-71.51,MA3
01776,42.38,-71.42,MA5
01778,42.36,-71.36,MA5
01801,42.49,-71.15,MA5
01803,42.50,-71.20,MA6
01810,42.65,-71.16,MA6
01821,42.55,-71.25,MA6:59|MA3:41
01824,42.59,-71.35,MA3
01826,42.68,-71.30,MA3
01827,42.68,-71.50,MA3
01830,42.80,-71.05,MA3
01832,42.79,-71.13,MA3
01833,42.73,-70.98,MA6
01834,42.75,-71.02,MA6
01835,42.75,-71.09,MA3
01840,42.71,-71.16,MA3
01841,42.72,-71.15,MA3
01843,42.69,-71.16,MA3
01844,42.74,-71.18,MA3
01845,42.67,-71.09,MA6
01850,42.66,-71.30,MA3
01851,42.63,-71.34,MA3
01852,42.63,-71.30,MA3
01854,42.65,-71.35,MA3
01860,42.84,-71.01,MA6
01862,42.58,-71.30,MA3:98|MA6:2
01863,42.63,-71.40,MA3
01864,42.58,-71.08,MA6
01867,42.54,-71.11,MA6
01876,42.61,-71.23,MA6
01879,42.67,-71.43,MA3
01880,42.50,-71.06,MA6
01886,42.59,-71.44,MA3
01887,42.56,-71.16,MA6
01890,42.45,-71.14,MA5
01901,42.46,-70.95,MA6
01902,42.47,-70.94,MA6
01904,42.49,-70.97,MA6
01905,42.46,-70.97,MA6
01906,42.47,-71.01,MA6
01907,42.47,-70.91,MA6
01908,42.43,-70.93,MA6
01913,42.85,-70.96,MA6
01915,42.57,-70.87,MA6
01921,42.69,-71.03,MA6
01922,42.76,-70.91,MA6
01923,42.57,-70.95,MA6
01929,42.64,-70.77,MA6
01930,42.62,-70.69,MA6
01937,42.59,-70.98,MA6
01938,42.69,-70.84,MA6
01940,42.53,-71.04,MA6
01944,42.58,-70.77,MA6
01945,42.50,-70.85,MA6
01949,42.61,-71.01,MA6
01950,42.81,-70.89,MA6
01951,42.77,-70.85,MA6
01952,42.84,-70.84,MA6
01960,42.53,-70.97,MA6
01965,42.56,-70.82,MA6
01966,42.64,-70.62,MA6
01969,42.72,-70.89,MA6
01970,42.53,-70.87,MA6
01982,42.63,-70.86,MA6
01983,42.64,-70.94,MA6
01984,42.60,-70.88,MA6
01985,42.80,-70.96,MA6
02019,42.08,-71.47,MA4
02021,42.18,-71.13,MA8
02025,42.24,-70.81,MA9
02026,42.25,-71.18,MA8
02030,42.23,-71.29,MA4
02032,42.16,-71.22,MA8
02035,42.06,-71.25,MA4
02038,42.08,-71.41,MA4
02043,42.22,-70.88,MA8
02045,42.29,-70.88,MA8
02047,42.15,-70.70,MA9
02048,42.02,-71.22,MA4
02050,42.12,-70.71,MA9
02052,42.18,-71.31,MA4
02053,42.16,-71.43,MA2
02054,42.17,-71.36,MA4
02056,42.12,-71.33,MA4
02061,42.16,-70.82,MA9
02062,42.19,-71.19,MA8
02066,42.20,-70.76,MA9
02067,42.10,-71.19,MA4
02071,42.11,-71.27,MA8
02072,42.12,-71.10,MA8
02081,42.15,-71.26,MA8
02090,42.22,-71.22,MA8
02093,42.05,-71.36,MA4
02108,42.36,-71.07,MA8
02109,42.37,-71.05,MA8
02110,42.36,-71.05,MA8
02111,42.35,-71.06,MA7:65|MA8:35
02113,42.37,-71.06,MA8
02114,42.36,-71.07,MA8
02115,42.34,-71.09,MA7
02116,42.35,-71.08,MA7:66|MA8:34
02118,42.34,-71.07,MA7
02119,42.32,-71.09,MA7
02120,42.33,-71.10,MA7
02121,42.31,-71.09,MA7
02122,42.30,-71.05,MA7:58|MA8:42
02124,42.29,-71.08,MA7:86|MA8:14
02125,42.32,-71.06,MA8:54|MA7:46
02126,42.28,-71.09,MA7
02127,42.34,-71.04,MA8
02128,42.36,-71.01,MA7
02129,42.38,-71.06,MA7
02130,42.31,-71.11,MA7:56|MA8:44
02131,42.28,-71.12,MA7:64|MA8:36
02132,42.28,-71.16,MA8:90|MA7:10
02133,42.36,-71.06,MA8
02134,42.36,-71.13,MA7
02135,42.35,-71.15,MA7
02136,42.25,-71.13,MA7
02138,42.38,-71.14,MA5:96|MA7:4
02139,42.36,-71.10,MA7:81|MA5:19
02140,42.39,-71.13,MA7:56|MA5:44
02141,42.37,-71.08,MA7
02142,42.36,-71.08,MA7
02143,42.38,-71.10,MA7
02144,42.40,-71.12,MA7
02145,42.39,-71.09,MA7
02148,42.43,-71.06,MA5
02149,42.41,-71.05,MA7
02150,42.40,-71.03,MA7
02151,42.42,-71.00,MA5
02152,42.38,-70.98,MA5
02155,42.42,-71.11,MA5:97|MA7:3
02163,42.37,-71.13,MA7
02169,42.24,-71.02,MA8
02170,42.27,-71.02,MA8
02171,42.29,-71.03,MA8
02176,42.46,-71.06,MA5
02180,42.47,-71.10,MA5
02184,42.21,-71.00,MA8
02186,42.24,-71.08,MA8:57|MA7:43
02188,42.20,-70.96,MA8
02189,42.21,-70.93,MA8
02190,42.17,-70.95,MA8
02191,42.25,-70.95,MA8
02199,42.35,-71.08,MA7
02203,42.36,-71.06,MA8
02205,42.35,-71.06,MA7
02210,42.35,-71.04,MA8:96|MA7:4
02215,42.35,-71.10,MA7
02301,42.08,-71.04,MA8
02302,42.09,-71.00,MA8
02322,42.13,-71.05,MA8
02324,41.97,-70.98,MA9
02325,41.99,-70.96,MA9
02330,41.88,-70.75,MA9
02332,42.04,-70.71,MA9
02333,42.04,-70.94,MA8
02338,42.00,-70.86,MA9
02339,42.12,-70.86,MA9
02341,42.05,-70.87,MA9
02343,42.14,-71.00,MA8
02346,41.88,-70.87,MA9
02347,41.83,-70.96,MA4
02350,42.02,-70.85,MA9
02351,42.12,-70.96,MA8
02356,42.06,-71.12,MA8
02357,42.06,-71.08,MA8
02359,42.07,-70.81,MA9
02360,41.88,-70.63,MA9
02364,41.99,-70.74,MA9
02366,41.85,-70.66,MA9
02367,41.96,-70.80,MA9
02368,42.18,-71.05,MA7
02370,42.13,-70.91,MA9
02375,42.01,-71.08,MA8
02379,42.02,-71.03,MA8
02382,42.08,-70.94,MA8
02420,42.46,-71.22,MA5
02421,42.44,-71.24,MA5
02445,42.33,-71.14,MA4:99|MA7:1|MA8:1
02446,42.34,-71.12,MA4
02451,42.40,-71.25,MA5
02452,42.40,-71.22,MA5
02453,42.37,-71.24,MA5
02457,42.30,-71.27,MA4
02458,42.35,-71.19,MA4
02459,42.31,-71.19,MA4
02460,42.35,-71.21,MA4
02461,42.32,-71.21,MA4
02462,42.33,-71.26,MA4
02464,42.31,-71.22,MA4
02465,42.35,-71.23,MA4
02466,42.35,-71.25,MA4
02467,42.31,-71.15,MA4:80|MA7:12|MA8:8
02468,42.33,-71.23,MA4
02472,42.37,-71.18,MA5
02474,42.42,-71.16,MA5
02476,42.42,-71.17,MA5
02478,42.40,-71.18,MA5
02481,42.31,-71.28,MA5:79|MA4:21
02482,42.29,-71.30,MA5:80|MA4:20
02492,42.28,-71.24,MA4
02493,42.36,-71.30,MA5
02494,42.30,-71.23,MA4
02532,41.75,-70.59,MA9
02534,41.67,-70.62,MA9
02535,41.34,-70.76,MA9
02536,41.60,-70.57,MA9
02537,41.73,-70.44,MA9
02538,41.78,-70.64,MA9
02539,41.38,-70.52,MA9
02540,41.57,-70.63,MA9
02542,41.71,-70.55,MA9
02543,41.47,-70.79,MA9
02553,41.71,-70.62,MA9
02554,41.29,-70.10,MA9
02556,41.64,-70.62,MA9
02557,41.45,-70.56,MA9
02558,41.75,-70.65,MA9
02559,41.69,-70.62,MA9
02561,41.77,-70.53,MA9
02562,41.79,-70.53,MA9
02563,41.75,-70.50,MA9
02564,41.27,-69.99,MA9
02568,41.45,-70.62,MA9
02571,41.75,-70.70,MA9
02575,41.39,-70.66,MA9
02576,41.77,-70.76,MA9
02584,41.26,-70.01,MA9
02601,41.66,-70.29,MA9
02630,41.71,-70.31,MA9
02631,41.75,-70.06,MA9
02632,41.66,-70.35,MA9
02633,41.68,-69.99,MA9
02635,41.62,-70.44,MA9
02637,41.71,-70.27,MA9
02638,41.73,-70.20,MA9
02639,41.67,-70.14,MA9
02641,41.75,-70.16,MA9
02642,41.84,-69.98,MA9
02643,41.76,-69.93,MA9
02644,41.68,-70.51,MA9
02645,41.70,-70.06,MA9
02646,41.67,-70.07,MA9
02647,41.63,-70.31,MA9
02648,41.67,-70.41,MA9
02649,41.62,-70.49,MA9
02650,41.70,-69.96,MA9
02652,42.05,-70.09,MA9
02653,41.77,-69.97,MA9
02655,41.63,-70.39,MA9
02657,42.06,-70.20,MA9
02659,41.68,-70.02,MA9
02660,41.71,-70.16,MA9
02663,41.91,-69.97,MA9
02664,41.67,-70.19,MA9
02666,41.98,-70.04,MA9
02667,41.92,-70.02,MA9
02668,41.71,-70.36,MA9
02670,41.66,-70.17,MA9
02671,41.67,-70.11,MA9
02672,41.64,-70.31,MA9
02673,41.65,-70.25,MA9
02675,41.70,-70.23,MA9
02702,41.79,-71.06,MA4
02703,41.93,-71.29,MA4
02713,41.43,-70.89,MA9
02715,41.81,-71.16,MA4
02717,41.76,-70.99,MA4
02718,41.86,-71.01,MA4
02719,41.63,-70.87,MA9
02720,41.73,-71.11,MA4
02721,41.67,-71.15,MA4
02723,41.69,-71.13,MA4
02724,41.68,-71.18,MA4
02725,41.72,-71.19,MA4
02726,41.76,-71.14,MA4
02738,41.71,-70.75,MA9
02739,41.67,-70.82,MA9
02740,41.64,-70.94,MA9
02743,41.71,-70.90,MA9
02744,41.61,-70.91,MA9
02745,41.70,-70.95,MA9
02746,41.66,-70.95,MA9
02747,41.66,-71.01,MA9:99|MA4:1
02748,41.55,-70.97,MA9
02760,41.97,-71.33,MA4
02762,42.01,-71.34,MA4
02763,41.97,-71.31,MA4
02764,41.85,-71.15,MA4
02766,41.97,-71.18,MA4
02767,41.94,-71.05,MA4:59|MA9:40
02769,41.85,-71.24,MA4
02770,41.76,-70.84,MA9
02771,41.84,-71.32,MA4
02777,41.76,-71.21,MA4
02779,41.84,-71.08,MA4
02780,41.91,-71.12,MA4
02790,41.60,-71.08,MA9:98|MA4:2
02791,41.53,-71.08,MA9
02802,41.95,-71.46,RI1
02804,41.43,-71.77,RI2
02806,41.73,-71.32,RI1
02807,41.18,-71.58,RI2
02808,41.41,-71.74,RI2
02809,41.68,-71.27,RI1
02812,41.48,-71.66,RI2
02813,41.39,-71.67,RI2
02814,41.90,-71.71,RI2:99|RI1:1
02815,41.78,-71.66,RI2
02816,41.70,-71.62,RI2
02817,41.63,-71.66,RI2
02818,41.64,-71.49,RI2
02822,41.58,-71.59,RI2
02823,41.73,-71.54,RI2
02824,42.00,-71.56,RI1
02825,41.78,-71.73,RI2
02826,41.99,-71.65,RI2
02827,41.70,-71.74,RI2
02828,41.88,-71.56,RI1:98|RI2:2
02829,41.89,-71.59,RI2
02830,41.98,-71.66,RI2:96|RI1:4
02831,41.75,-71.58,RI2
02832,41.51,-71.73,RI2
02833,41.49,-71.79,RI2
02835,41.51,-71.38,RI1
02836,41.45,-71.62,RI2
02837,41.52,-71.17,RI1
02838,41.97,-71.48,RI1
02839,41.95,-71.64,RI2
02840,41.48,-71.32,RI1
02841,41.51,-71.33,RI1
02842,41.52,-71.27,RI1
02852,41.59,-71.46,RI2
02857,41.82,-71.63,RI2
02858,41.96,-71.65,RI2
02859,41.96,-71.76,RI2
02860,41.87,-71.39,RI1
02861,41.88,-71.35,MA4|RI1
02863,41.89,-71.39,RI1
02864,41.97,-71.42,RI1
02865,41.92,-71.45,RI1
02871,41.59,-71.26,RI1
02872,41.60,-71.32,RI1
02873,41.53,-71.78,RI2
02874,41.51,-71.47,RI2
02875,41.46,-71.64,RI2
02876,42.00,-71.59,RI1
02878,41.61,-71.18,RI1
02879,41.43,-71.54,RI2
02881,41.48,-71.53,RI2
02882,41.42,-71.47,RI2
02885,41.72,-71.27,RI1
02886,41.70,-71.46,RI2
02888,41.75,-71.41,RI2
02889,41.70,-71.38,RI2
02891,41.36,-71.79,RI2
02892,41.50,-71.60,RI2
02893,41.68,-71.52,RI2
02894,41.44,-71.70,RI2
02895,42.00,-71.50,RI1
02896,41.98,-71.54,RI1
02898,41.52,-71.67,RI2
02903,41.82,-71.41,RI2:61|RI1:39
02904,41.86,-71.44,RI1:91|RI2:9
02905,41.79,-71.40,RI1:59|RI2:41
02906,41.84,-71.39,RI1
02907,41.80,-71.42,RI1:84|RI2:16
02908,41.84,-71.44,RI2:86|RI1:14
02909,41.82,-71.45,RI2:92|RI1:8
02910,41.77,-71.44,RI2:99|RI1:1
02911,41.85,-71.47,RI1:94|RI2:6
02912,41.83,-71.40,RI1
02914,41.81,-71.37,RI1
02915,41.77,-71.35,RI1
02916,41.84,-71.35,RI1
02917,41.91,-71.52,RI1
02918,41.84,-71.44,RI2
02919,41.83,-71.52,RI2
02920,41.77,-71.47,RI2
02921,41.76,-71.51,RI2
03031,42.87,-71.60,NH2
03032,42.99,-71.36,NH1
03033,42.75,-71.68,NH2
03034,43.06,-71.34,NH1:99|NH2:1
03036,42.98,-71.26,NH1
03037,43.14,-71.26,NH2
03038,42.89,-71.28,NH1
03042,43.05,-71.09,NH1
03043,42.99,-71.82,NH2
03044,43.00,-71.12,NH1
03045,43.02,-71.56,NH1
03046,43.11,-71.61,NH2
03047,42.94,-71.88,NH2
03048,42.74,-71.76,NH2
03049,42.75,-71.59,NH2
03051,42.76,-71.41,NH2
03052,42.85,-71.47,NH2
03053,42.87,-71.39,NH1
03054,42.85,-71.52,NH1
03055,42.82,-71.67,NH2
03057,42.91,-71.69,NH2
03060,42.74,-71.46,NH2
03062,42.72,-71.50,NH2
03063,42.78,-71.52,NH2
03064,42.78,-71.47,NH2
03070,42.98,-71.69,NH2
03071,42.75,-71.87,NH2
03076,42.73,-71.34,NH2
03077,43.03,-71.20,NH1
03079,42.79,-71.22,NH2
03082,42.90,-71.77,NH2
03084,42.83,-71.88,NH2
03086,42.83,-71.76,NH2
03087,42.81,-71.30,NH2
03101,42.99,-71.47,NH1
03102,43.01,-71.49,NH1
03103,42.96,-71.44,NH1
03104,43.01,-71.44,NH1
03106,43.08,-71.45,NH1
03109,42.96,-71.40,NH1
03110,42.94,-71.54,NH1
03215,44.07,-71.42,NH2
03216,43.45,-71.79,NH2
03217,43.73,-71.64,NH2
03218,43.34,-71.27,NH1
03220,43.47,-71.48,NH1:99|NH2:1
03221,43.26,-71.96,NH2
03222,43.64,-71.80,NH2
03223,43.86,-71.69,NH2
03224,43.35,-71.55,NH2
03225,43.36,-71.24,NH1
03226,43.70,-71.51,NH2:91|NH1:9
03227,43.82,-71.46,NH2
03229,43.20,-71.70,NH2
03230,43.53,-71.86,NH2
03231,43.45,-71.75,NH2
03233,43.42,-71.93,NH2
03234,43.20,-71.35,NH2
03235,43.45,-71.67,NH2
03237,43.43,-71.39,NH1
03238,43.98,-71.89,NH2
03240,43.57,-71.95,NH2
03241,43.71,-71.81,NH2
03242,43.17,-71.83,NH2
03243,43.53,-71.77,NH2
03244,43.12,-71.92,NH2
03245,43.76,-71.58,NH2
03246,43.58,-71.48,NH1
03249,43.52,-71.38,NH1
03251,44.09,-71.63,NH2
03253,43.63,-71.50,NH1
03254,43.72,-71.37,NH1
03255,43.31,-72.02,NH2
03256,43.62,-71.63,NH2:99|NH1:1
03257,43.42,-71.99,NH2
03258,43.27,-71.41,NH2
03259,43.88,-71.49,NH2
03260,43.37,-71.92,NH2
03261,43.21,-71.22,NH2:99|NH1:1
03262,44.00,-71.71,NH2
03263,43.29,-71.31,NH2
03264,43.74,-71.70,NH2
03266,43.78,-71.88,NH2
03268,43.39,-71.77,NH2
03269,43.53,-71.60,NH1
03273,43.30,-71.93,NH2
03275,43.17,-71.42,NH2
03276,43.43,-71.58,NH2:55|NH1:45
03278,43.31,-71.84,NH2
03279,43.97,-71.86,NH2
03280,43.19,-72.09,NH2
03281,43.08,-71.70,NH2
03282,43.86,-71.92,NH2
03284,43.47,-72.01,NH2
03285,43.95,-71.64,NH2
03287,43.44,-71.92,NH2
03290,43.13,-71.13,NH1
03291,43.18,-71.14,NH1
03293,43.98,-71.67,NH2
03301,43.24,-71.56,NH2
03303,43.31,-71.67,NH2
03304,43.13,-71.54,NH2
03307,43.33,-71.45,NH2
03431,42.97,-72.30,NH2
03440,43.06,-71.98,NH2
03441,42.78,-72.45,NH2
03442,43.02,-71.90,NH2
03443,42.87,-72.47,NH2
03444,42.89,-72.07,NH2
03445,43.02,-72.21,NH2
03446,42.86,-72.30,NH2
03447,42.75,-72.15,NH2
03448,43.04,-72.26,NH2
03449,42.98,-72.00,NH2
03450,42.95,-72.07,NH2
03451,42.81,-72.50,NH2
03452,42.83,-72.06,NH2
03455,42.90,-72.17,NH2
03456,43.14,-72.21,NH2
03457,43.00,-72.12,NH2
03458,42.87,-71.94,NH2
03461,42.76,-72.01,NH2
03462,42.89,-72.39,NH2
03464,43.08,-72.11,NH2
03465,42.83,-72.19,NH2
03466,42.88,-72.51,NH2
03467,42.97,-72.43,NH2
03470,42.77,-72.35,NH2
03561,44.34,-71.80,NH2
03570,44.51,-71.20,NH2
03574,44.26,-71.61,NH2
03575,44.31,-71.40,NH2
03576,44.90,-71.38,NH2
03579,44.94,-71.05,ME2|NH2
03580,44.16,-71.69,NH2
03581,44.37,-71.09,NH2
03582,44.57,-71.44,NH2
03583,44.40,-71.46,NH2
03584,44.49,-71.55,NH2
03585,44.23,-71.89,NH2
03586,44.22,-71.80,NH2
03588,44.61,-71.24,NH2
03590,44.72,-71.53,NH2
03592,45.12,-71.26,NH2
03593,44.30,-71.30,NH2
03595,44.31,-71.50,NH2
03597,44.74,-71.38,NH2
03598,44.38,-71.63,NH2
03601,43.25,-72.31,NH2
03602,43.14,-72.35,NH2
03603,43.25,-72.37,NH2
03604,43.13,-72.39,NH2
03605,43.24,-72.18,NH2
03607,43.20,-72.26,NH2
03608,43.08,-72.40,NH2
03609,43.14,-72.45,NH2
03740,44.18,-71.99,NH2
03741,43.68,-72.01,NH2
03743,43.36,-72.33,NH2
03745,43.47,-72.31,NH2
03748,43.60,-72.12,NH2
03750,43.72,-72.19,NH2
03751,43.44,-72.08,NH2
03752,43.27,-72.10,NH2
03753,43.52,-72.15,NH2
03755,43.73,-72.14,NH2
03765,44.04,-72.05,NH2
03766,43.63,-72.23,NH2
03768,43.82,-72.09,NH2
03770,43.53,-72.26,NH2
03771,44.30,-71.98,NH2
03773,43.37,-72.20,NH2
03774,44.10,-71.99,NH2
03777,43.88,-72.03,NH2
03779,43.96,-72.00,NH2
03780,44.04,-71.99,NH2
03781,43.56,-72.30,NH2
03782,43.39,-72.09,NH2
03784,43.64,-72.31,NH2
03785,44.04,-71.85,NH2
03801,43.07,-70.81,NH1
03809,43.46,-71.20,NH1
03810,43.51,-71.29,NH1
03811,42.84,-71.17,NH2
03812,44.08,-71.30,NH1
03813,44.13,-71.06,NH1
03814,43.77,-71.18,NH1
03816,43.70,-71.24,NH1
03817,43.89,-71.24,NH1
03818,43.96,-71.27,NH1:78|NH2:22
03819,42.94,-71.13,NH1
03820,43.19,-70.88,NH1
03823,43.17,-70.94,NH1
03824,43.12,-70.92,NH1
03825,43.22,-71.04,NH1
03826,42.89,-71.13,NH1
03827,42.90,-71.00,NH1
03830,43.62,-70.99,NH1
03832,43.91,-71.05,NH1
03833,42.98,-70.98,NH1
03835,43.37,-71.06,NH1
03836,43.84,-71.08,NH1
03837,43.42,-71.34,NH1
03838,44.11,-71.22,NH1
03839,43.27,-70.99,NH1
03840,43.04,-70.85,NH1
03841,42.88,-71.17,NH1
03842,42.94,-70.84,NH1
03844,42.92,-70.89,NH1
03845,44.10,-71.12,NH1:97|NH2:3
03846,44.19,-71.16,NH2
03847,44.07,-71.12,NH1
03848,42.91,-71.07,NH1
03849,43.89,-71.13,NH1
03850,43.70,-71.30,NH1
03851,43.44,-71.02,NH1
03852,43.50,-70.99,NH1
03853,43.63,-71.29,NH1
03854,43.06,-70.72,NH1
03855,43.46,-71.15,NH1
03856,43.04,-70.97,NH1
03857,43.07,-70.95,NH1
03858,42.87,-71.05,NH1
03860,44.04,-71.12,NH1
03861,43.12,-71.01,NH1
03862,42.98,-70.83,NH1
03864,43.69,-71.10,NH1
03865,42.85,-71.09,NH1
03867,43.30,-70.99,NH1
03868,43.32,-70.94,NH1
03869,43.22,-70.84,NH1
03870,43.02,-70.76,NH1
03871,42.98,-70.78,NH1
03872,43.57,-71.04,NH1
03873,42.93,-71.18,NH1
03874,42.88,-70.86,NH1
03875,43.90,-71.19,NH1
03878,43.25,-70.89,NH1
03882,43.75,-71.04,NH1
03883,43.81,-71.32,NH1:77|NH2:23
03884,43.28,-71.17,NH1
03885,43.01,-70.90,NH1
03886,43.86,-71.30,NH1:98|NH2:2
03887,43.48,-71.07,NH1
03890,43.82,-71.21,NH1
03894,43.61,-71.18,NH1
03897,43.91,-71.33,NH1:87|NH2:13
03901,43.30,-70.84,ME1
03902,43.21,-70.63,ME1
03903,43.15,-70.77,ME1
03904,43.11,-70.73,ME1
03905,43.00,-70.60,ME1
03906,43.35,-70.78,ME1
03907,43.26,-70.61,ME1
03908,43.23,-70.75,ME1
03909,43.17,-70.68,ME1
03910,43.17,-70.61,ME1
03911,43.14,-70.64,ME1
04001,43.54,-70.94,ME1
04002,43.49,-70.66,ME1
04003,43.73,-69.97,ME1
04005,43.49,-70.49,ME1
04006,43.44,-70.34,ME1
04008,44.04,-69.86,ME1
04009,44.05,-70.74,ME1
04010,43.93,-70.92,ME2
04011,43.90,-69.97,ME1
04015,43.95,-70.51,ME1
04017,43.74,-70.08,ME1
04019,43.69,-70.11,ME1
04020,43.77,-70.81,ME1
04021,43.79,-70.26,ME1
04022,44.00,-70.81,ME2
04024,43.84,-70.69,ME1
04027,43.40,-70.91,ME1
04029,43.89,-70.65,ME1
04030,43.59,-70.70,ME1
04032,43.85,-70.09,ME1
04037,44.10,-70.94,ME2
04038,43.70,-70.46,ME1
04039,43.90,-70.37,ME1
04040,44.14,-70.82,ME1:86|ME2:14
04041,43.85,-70.83,ME2
04042,43.63,-70.61,ME1
04043,43.40,-70.57,ME1
04046,43.43,-70.47,ME1
04047,43.73,-70.89,ME1
04048,43.69,-70.78,ME1
04049,43.75,-70.70,ME1
04050,43.68,-70.15,ME1
04051,44.19,-70.89,ME2
04055,43.98,-70.64,ME1
04056,43.66,-70.86,ME1
04057,44.10,-70.70,ME1
04061,43.63,-70.74,ME1
04062,43.79,-70.41,ME1
04063,43.50,-70.40,ME1
04064,43.53,-70.39,ME1
04066,43.77,-69.97,ME1
04068,43.84,-70.95,ME2
04069,43.90,-70.18,ME1
04071,43.89,-70.50,ME1
04072,43.55,-70.47,ME1
04073,43.41,-70.74,ME1
04074,43.59,-70.37,ME1
04076,43.55,-70.83,ME1
04079,43.79,-69.98,ME1
04083,43.46,-70.81,ME1
04084,43.76,-70.57,ME1
04085,43.77,-70.62,ME1
04086,43.96,-69.96,ME1
04087,43.58,-70.75,ME1
04088,44.20,-70.72,ME2
04090,43.33,-70.65,ME1
04091,43.84,-70.74,ME1
04092,43.71,-70.35,ME1
04093,43.64,-70.54,ME1
04095,43.63,-70.91,ME1
04096,43.79,-70.15,ME1
04097,43.85,-70.24,ME1
04101,43.66,-70.26,ME1
04102,43.65,-70.30,ME1
04103,43.70,-70.29,ME1
04105,43.74,-70.28,ME1
04106,43.63,-70.29,ME1
04107,43.59,-70.24,ME1
04108,43.64,-70.19,ME1
04109,43.66,-70.22,ME1
04110,43.74,-70.18,ME1
04210,44.08,-70.25,ME2
04216,44.68,-70.85,ME2
04217,44.39,-70.84,ME2
04219,44.40,-70.56,ME2
04220,44.34,-70.35,ME2
04221,44.49,-70.29,ME2
04222,43.96,-70.13,ME2
04224,44.56,-70.41,ME2
04226,44.63,-70.71,ME2
04227,44.57,-70.29,ME2
04231,44.26,-70.88,ME2
04234,44.62,-70.19,ME2
04236,44.19,-70.15,ME2
04237,44.49,-70.73,ME2
04238,44.19,-70.38,ME2
04239,44.52,-70.20,ME2
04240,44.09,-70.17,ME2
04250,44.02,-70.12,ME2
04252,44.04,-70.06,ME2
04253,44.41,-70.22,ME2
04254,44.45,-70.14,ME2
04255,44.33,-70.66,ME2
04256,44.10,-70.40,ME2
04257,44.55,-70.50,ME2
04258,44.14,-70.34,ME2
04259,44.23,-70.01,ME2
04260,43.96,-70.30,ME1
04261,44.57,-70.96,ME2
04263,44.30,-70.13,ME2
04265,44.28,-70.04,ME2
04267,44.22,-70.77,ME2
04268,44.23,-70.61,ME2
04270,44.12,-70.53,ME2
04271,44.26,-70.50,ME2
04274,44.05,-70.39,ME2
04275,44.70,-70.65,ME2
04276,44.56,-70.63,ME2
04280,44.12,-70.06,ME2
04281,44.25,-70.49,ME2
04282,44.27,-70.25,ME2
04284,44.34,-70.05,ME2
04285,44.69,-70.45,ME2
04286,44.40,-70.86,ME2
04287,44.07,-69.97,ME1
04289,44.32,-70.52,ME2
04290,44.46,-70.45,ME2
04292,44.38,-70.45,ME2
04294,44.64,-70.28,ME2
04330,44.35,-69.75,ME2
04341,44.26,-69.55,ME1
04342,44.09,-69.74,ME1
04344,44.26,-69.83,ME2
04345,44.20,-69.79,ME1:54|ME2:46
04346,44.24,-69.75,ME2
04347,44.29,-69.82,ME2
04348,44.21,-69.50,ME1
04349,44.43,-70.07,ME2
04350,44.17,-69.93,ME1
04351,44.34,-69.86,ME2
04352,44.47,-69.96,ME2
04353,44.20,-69.62,ME1
04354,44.40,-69.43,ME2
04355,44.38,-69.95,ME2
04357,44.12,-69.83,ME1
04358,44.41,-69.54,ME1
04359,44.18,-69.76,ME2
04360,44.55,-70.00,ME2
04363,44.32,-69.57,ME1
04364,44.31,-69.96,ME2
04401,44.85,-68.85,ME2
04406,45.23,-69.60,ME2
04408,44.99,-68.21,ME2
04410,45.09,-68.91,ME2
04411,44.89,-68.55,ME2
04412,44.78,-68.73,ME2
04413,45.57,-67.82,ME2
04414,45.41,-69.09,ME2
04415,45.35,-69.06,ME2
04416,44.62,-68.75,ME2
04417,45.21,-68.39,ME2
04418,45.12,-68.51,ME2
04419,44.80,-69.00,ME2
04421,44.43,-68.81,ME2
04422,45.08,-69.03,ME2
04424,45.67,-67.86,ME2
04426,45.19,-69.15,ME2
04427,44.98,-69.01,ME2
04428,44.81,-68.55,ME2
04429,44.72,-68.62,ME2
04430,45.65,-68.60,ME2
04431,44.56,-68.67,ME2
04434,44.76,-69.13,ME2
04435,44.96,-69.13,ME2
04438,44.60,-68.93,ME2
04441,45.69,-69.31,ME2
04442,45.47,-69.70,ME2
04443,45.24,-69.40,ME2
04444,44.73,-68.95,ME2
04448,45.32,-68.74,ME2
04449,44.99,-68.89,ME2
04450,44.92,-68.93,ME2
04451,45.58,-68.21,ME2
04453,45.19,-68.79,ME2
04454,45.52,-67.53,ME2
04455,45.30,-68.26,ME2
04456,44.88,-69.00,ME2
04457,45.45,-68.53,ME2
04459,45.59,-68.34,ME2
04460,45.64,-68.52,ME2
04461,44.99,-68.58,ME2
04462,46.00,-68.93,ME2
04463,45.29,-68.90,ME2
04464,45.30,-69.50,ME2
04468,45.03,-68.72,ME2
04469,44.90,-68.67,ME2
04471,45.92,-67.86,ME2
04472,44.58,-68.67,ME2
04473,44.88,-68.74,ME2
04474,44.69,-68.76,ME2
04475,45.19,-68.59,ME2
04476,44.48,-68.71,ME2
04478,45.73,-69.77,ME2
04479,45.12,-69.28,ME2
04481,45.24,-69.10,ME2
04485,45.35,-69.60,ME2
04487,45.38,-68.12,ME2
04488,44.88,-69.13,ME2
04489,44.91,-68.69,ME2
04490,45.39,-67.83,ME2
04491,45.56,-67.52,ME2
04492,45.34,-67.67,ME2
04493,45.28,-68.54,ME2
04495,45.48,-68.34,ME2
04496,44.66,-68.92,ME2
04497,45.73,-68.06,ME2
04530,43.89,-69.83,ME1
04535,44.10,-69.63,ME1
04537,43.90,-69.63,ME1
04538,43.85,-69.63,ME1
04539,43.97,-69.50,ME1
04541,43.89,-69.48,ME1
04543,44.02,-69.49,ME1
04544,43.82,-69.59,ME1
04547,43.98,-69.33,ME1
04548,43.83,-69.75,ME1
04551,43.99,-69.41,ME1
04553,44.05,-69.57,ME1
04554,43.86,-69.51,ME1
04555,44.10,-69.48,ME1
04556,43.97,-69.60,ME1
04558,43.88,-69.53,ME1
04562,43.77,-69.82,ME1
04563,44.01,-69.26,ME1
04564,43.93,-69.47,ME1
04568,43.89,-69.56,ME1
04570,43.81,-69.63,ME1
04571,43.90,-69.67,ME1
04572,44.12,-69.38,ME1
04573,43.95,-69.55,ME1
04574,44.26,-69.39,ME1
04575,43.85,-69.66,ME1
04576,43.81,-69.66,ME1
04578,43.98,-69.69,ME1
04579,43.96,-69.77,ME1
04605,44.69,-68.39,ME2
04606,44.54,-67.71,ME2
04607,44.47,-68.09,ME2
04609,44.40,-68.26,ME2
04611,44.46,-67.62,ME2
04612,44.26,-68.38,ME2
04613,44.37,-68.03,ME2
04614,44.40,-68.52,ME2
04616,44.28,-68.53,ME2
04617,44.37,-68.73,ME2
04619,45.14,-67.22,ME2
04622,44.75,-67.97,ME2
04623,44.70,-67.71,ME2
04624,44.42,-67.99,ME2
04625,44.25,-68.21,ME2
04626,44.67,-67.22,ME2
04627,44.23,-68.79,ME2
04628,44.87,-67.27,ME2
04630,44.87,-67.47,ME2
04631,44.91,-67.01,ME2
04634,44.62,-68.22,ME2
04635,44.11,-68.36,ME2
04640,44.53,-68.29,ME2
04642,44.33,-68.81,ME2
04643,44.55,-67.80,ME2
04645,44.06,-68.62,ME1
04646,44.26,-68.23,ME2
04648,44.65,-67.63,ME2
04649,44.56,-67.50,ME2
04650,44.29,-68.72,ME2
04652,44.82,-67.06,ME2
04653,44.20,-68.33,ME2
04654,44.69,-67.50,ME2
04655,44.66,-67.38,ME2
04657,44.98,-67.44,ME2
04658,44.50,-67.88,ME2
04660,44.33,-68.35,ME2
04662,44.31,-68.29,ME2
04664,44.54,-68.14,ME2
04666,44.96,-67.22,ME2
04667,44.98,-67.10,ME2
04668,45.20,-67.69,ME2
04669,44.41,-68.00,ME2
04671,45.07,-67.15,ME2
04673,44.29,-68.66,ME2
04674,44.26,-68.46,ME2
04675,44.30,-68.25,ME2
04676,44.35,-68.63,ME2
04677,44.47,-68.18,ME2
04679,44.28,-68.32,ME2
04680,44.47,-67.95,ME2
04681,44.15,-68.65,ME2
04683,44.24,-68.82,ME2
04684,44.47,-68.51,ME2
04685,44.15,-68.44,ME2
04686,45.00,-67.69,ME2
04691,44.76,-67.26,ME2
04693,44.38,-68.09,ME2
04694,45.12,-67.48,ME2
04730,46.19,-67.86,ME2
04732,46.57,-68.49,ME2
04733,45.74,-68.41,ME2
04734,46.49,-67.92,ME2
04735,46.38,-68.03,ME2
04736,46.91,-68.03,ME2
04737,46.62,-69.52,ME2
04739,46.98,-68.60,ME2
04740,46.63,-67.85,ME2
04742,46.78,-67.87,ME2
04743,47.16,-68.73,ME2
04745,47.27,-68.40,ME2
04746,47.25,-68.14,ME2
04747,45.97,-68.21,ME2
04750,46.95,-67.86,ME2
04756,47.32,-68.30,ME2
04757,46.57,-68.20,ME2
04758,46.56,-67.85,ME2
04760,46.33,-67.92,ME2
04761,46.12,-67.98,ME2
04762,46.98,-68.11,ME2
04763,46.07,-68.11,ME2
04764,46.37,-68.34,ME2
04765,46.08,-68.67,ME2
04766,46.89,-68.22,ME2
04768,46.80,-69.05,ME2
04769,46.69,-67.99,ME2
04772,47.24,-68.32,ME2
04773,47.27,-68.22,ME2
04774,47.12,-69.01,ME2
04776,45.82,-68.31,ME2
04777,45.84,-68.47,ME2
04779,47.12,-68.31,ME2
04780,46.17,-68.27,ME2
04781,47.15,-68.61,ME2
04783,47.04,-68.19,ME2
04785,47.12,-68.04,ME2
04786,46.79,-68.19,ME2
04787,46.53,-67.97,ME2
04841,44.13,-69.13,ME1
04843,44.24,-69.06,ME1
04847,44.24,-69.19,ME1
04848,44.30,-68.92,ME2
04849,44.32,-69.03,ME2
04851,43.86,-68.88,ME1
04852,43.77,-69.31,ME1
04853,44.14,-68.87,ME1
04854,44.05,-69.09,ME1
04855,43.93,-69.29,ME1
04856,44.18,-69.12,ME1
04858,44.05,-69.15,ME1
04859,44.00,-69.16,ME1
04860,43.94,-69.25,ME1
04861,44.11,-69.17,ME1
04862,44.26,-69.28,ME1
04863,44.07,-68.85,ME1
04864,44.13,-69.24,ME1
04901,44.54,-69.57,ME1
04910,44.51,-69.45,ME1
04911,44.78,-69.97,ME2
04912,44.97,-69.67,ME2
04915,44.46,-69.04,ME2
04917,44.48,-69.82,ME2
04918,44.55,-69.87,ME2
04920,45.11,-69.81,ME2
04921,44.58,-69.14,ME2
04922,44.67,-69.39,ME2
04923,45.04,-69.45,ME2
04924,44.78,-69.55,ME2
04925,45.21,-69.90,ME2
04926,44.48,-69.52,ME1
04927,44.67,-69.54,ME1
04928,44.95,-69.26,ME2
04929,44.77,-69.30,ME2
04930,45.03,-69.33,ME2
04932,44.70,-69.14,ME2
04936,45.36,-70.66,ME2
04937,44.65,-69.66,ME2
04938,44.66,-70.10,ME2
04939,45.08,-69.16,ME2
04940,44.62,-70.08,ME2
04941,44.47,-69.28,ME2
04942,45.04,-69.59,ME2
04943,44.88,-69.52,ME2
04944,44.69,-69.64,ME2
04945,45.58,-70.28,ME2
04947,45.05,-70.27,ME2
04949,44.37,-69.34,ME2
04950,44.83,-69.80,ME2
04951,44.60,-69.06,ME2
04952,44.41,-69.15,ME2
04953,44.87,-69.22,ME2
04955,44.65,-69.99,ME2
04956,44.80,-70.10,ME2
04957,44.71,-69.86,ME2
04958,44.91,-69.93,ME2
04961,45.15,-70.16,ME2
04963,44.59,-69.89,ME2
04964,44.94,-70.83,ME2
04965,44.84,-69.37,ME2
04966,44.79,-70.54,ME2
04967,44.77,-69.43,ME2
04969,44.79,-69.24,ME2
04970,45.01,-70.62,ME2
04971,44.94,-69.40,ME2
04973,44.39,-69.20,ME2
04974,44.47,-68.93,ME2
04975,44.63,-69.59,ME2
04976,44.79,-69.67,ME2
04978,44.64,-69.80,ME2
04979,44.94,-69.81,ME2
04981,44.51,-68.84,ME2
04982,45.11,-70.39,ME2
04983,44.93,-70.29,ME2
04984,44.70,-70.27,ME2
04985,45.38,-69.90,ME2
04986,44.55,-69.21,ME2
04987,44.67,-69.25,ME2
04988,44.57,-69.36,ME2:98|ME1:2
04989,44.43,-69.65,ME1
04992,44.66,-70.16,ME2
05001,43.68,-72.38,VT0
05009,43.65,-72.34,VT0
05030,43.40,-72.41,VT0
05031,43.72,-72.58,VT0
05032,43.80,-72.66,VT0
05033,44.00,-72.18,VT0
05034,43.59,-72.62,VT0
05035,43.61,-72.69,VT0
05036,44.02,-72.59,VT0
05037,43.46,-72.48,VT0
05038,44.00,-72.46,VT0
05039,44.06,-72.31,VT0
05040,44.07,-72.20,VT0
05041,43.96,-72.54,VT0
05042,44.24,-72.11,VT0
05043,43.81,-72.21,VT0
05045,43.92,-72.18,VT0
05046,44.23,-72.26,VT0
05048,43.59,-72.43,VT0
05050,44.26,-72.06,VT0
05051,44.08,-72.12,VT0
05052,43.60,-72.36,VT0
05053,43.71,-72.48,VT0
05055,43.78,-72.32,VT0
05056,43.51,-72.69,VT0
05058,43.88,-72.27,VT0
05059,43.64,-72.43,VT0
05060,43.97,-72.71,VT0
05061,43.93,-72.57,VT0
05062,43.50,-72.58,VT0
05065,43.79,-72.42,VT0
05067,43.68,-72.54,VT0
05068,43.78,-72.55,VT0
05069,44.17,-72.14,VT0
05070,43.85,-72.34,VT0
05071,43.56,-72.56,VT0
05072,43.88,-72.39,VT0
05073,43.63,-72.46,VT0
05075,43.85,-72.29,VT0
05076,44.14,-72.22,VT0
05077,43.91,-72.46,VT0
05079,43.96,-72.33,VT0
05081,44.14,-72.09,VT0
05083,43.92,-72.27,VT0
05084,43.73,-72.45,VT0
05086,44.11,-72.30,VT0
05088,43.68,-72.31,VT0
05089,43.50,-72.44,VT0
05091,43.65,-72.55,VT0
05101,43.16,-72.49,VT0
05141,43.16,-72.56,VT0
05142,43.40,-72.58,VT0
05143,43.25,-72.64,VT0
05146,43.18,-72.63,VT0
05148,43.24,-72.81,VT0
05149,43.40,-72.70,VT0
05150,43.34,-72.53,VT0
05151,43.40,-72.50,VT0
05152,43.23,-72.94,VT0
05153,43.44,-72.64,VT0
05154,43.13,-72.53,VT0
05155,43.18,-72.82,VT0
05156,43.31,-72.46,VT0
05158,43.11,-72.47,VT0
05161,43.32,-72.80,VT0
05201,42.87,-73.13,VT0
05250,43.10,-73.17,VT0
05251,43.27,-73.08,VT0
05252,43.08,-73.07,VT0
05253,43.26,-73.00,VT0
05254,43.15,-73.06,VT0
05255,43.14,-73.02,VT0
05257,42.97,-73.26,VT0
05260,42.81,-73.26,VT0
05261,42.77,-73.21,VT0
05262,42.97,-73.08,VT0
05301,42.84,-72.66,VT0
05340,43.17,-72.97,VT0
05341,42.98,-72.80,VT0
05342,42.78,-72.79,VT0
05343,43.10,-72.82,VT0
05344,42.84,-72.73,VT0
05345,42.99,-72.66,VT0
05346,43.04,-72.54,VT0
05350,42.79,-72.97,VT0
05351,42.93,-72.73,VT0
05352,42.81,-73.08,VT0
05353,43.07,-72.68,VT0
05354,42.76,-72.52,VT0
05355,43.02,-72.80,VT0
05356,42.98,-72.86,VT0
05358,42.78,-72.73,VT0
05359,43.15,-72.72,VT0
05360,43.04,-72.95,VT0
05361,42.79,-72.88,VT0
05362,42.94,-72.66,VT0
05363,42.89,-72.91,VT0
05401,44.48,-73.22,VT0
05403,44.44,-73.17,VT0
05404,44.50,-73.18,VT0
05405,44.47,-73.20,VT0
05408,44.51,-73.27,VT0
05439,44.50,-73.17,VT0
05440,44.96,-73.29,VT0
05441,44.77,-72.79,VT0
05442,44.77,-72.69,VT0
05443,44.14,-73.04,VT0
05444,44.62,-72.89,VT0
05445,44.31,-73.24,VT0
05446,44.55,-73.23,VT0
05447,44.94,-72.70,VT0
05448,44.76,-72.88,VT0
05450,44.89,-72.80,VT0
05452,44.53,-73.06,VT0
05454,44.71,-73.03,VT0
05455,44.80,-72.97,VT0
05456,44.21,-73.26,VT0
05457,44.96,-72.92,VT0
05458,44.72,-73.30,VT0
05459,44.96,-73.02,VT0
05461,44.32,-73.09,VT0
05462,44.30,-72.95,VT0
05463,44.87,-73.35,VT0
05464,44.68,-72.82,VT0
05465,44.47,-72.92,VT0
05468,44.65,-73.16,VT0
05471,44.83,-72.58,VT0
05472,44.11,-73.16,VT0
05473,44.24,-73.19,VT0
05474,44.84,-73.23,VT0
05476,44.96,-72.64,VT0
05477,44.38,-72.98,VT0
05478,44.79,-73.12,VT0
05481,44.81,-73.14,VT0
05482,44.39,-73.24,VT0
05483,44.89,-72.98,VT0
05485,44.90,-72.98,VT0
05486,44.63,-73.31,VT0
05487,44.21,-72.99,VT0
05488,44.92,-73.14,VT0
05489,44.56,-72.91,VT0
05491,44.12,-73.33,VT0
05492,44.74,-72.76,VT0
05494,44.60,-73.02,VT0
05495,44.43,-73.10,VT0
05602,44.29,-72.63,VT0
05640,44.34,-72.50,VT0
05641,44.19,-72.45,VT0
05647,44.41,-72.29,VT0
05648,44.38,-72.49,VT0
05649,44.14,-72.37,VT0
05650,44.40,-72.44,VT0
05651,44.28,-72.49,VT0
05652,44.72,-72.61,VT0
05653,44.71,-72.47,VT0
05654,44.14,-72.49,VT0
05655,44.62,-72.57,VT0
05656,44.65,-72.69,VT0
05658,44.36,-72.35,VT0
05660,44.26,-72.77,VT0
05661,44.53,-72.62,VT0
05663,44.15,-72.69,VT0
05664,44.17,-72.65,VT0
05666,44.34,-72.44,VT0
05667,44.28,-72.40,VT0
05669,44.05,-72.76,VT0
05670,44.18,-72.51,VT0
05672,44.49,-72.71,VT0
05673,44.20,-72.84,VT0
05674,44.11,-72.87,VT0
05675,44.08,-72.42,VT0
05676,44.30,-72.85,VT0
05677,44.40,-72.70,VT0
05678,44.16,-72.48,VT0
05679,44.11,-72.53,VT0
05680,44.54,-72.47,VT0
05681,44.46,-72.38,VT0
05682,44.39,-72.56,VT0
05701,43.62,-72.91,VT0
05730,43.39,-72.79,VT0
05731,43.75,-73.29,VT0
05732,43.65,-73.21,VT0
05733,43.81,-73.09,VT0
05734,43.98,-73.33,VT0
05735,43.65,-73.16,VT0
05736,43.61,-73.01,VT0
05737,43.78,-72.90,VT0
05738,43.52,-72.86,VT0
05739,43.34,-73.03,VT0
05742,43.42,-72.91,VT0
05743,43.68,-73.30,VT0
05744,43.69,-73.08,VT0
05746,43.72,-72.79,VT0
05747,44.00,-72.86,VT0
05748,43.91,-72.92,VT0
05751,43.66,-72.78,VT0
05753,44.00,-73.18,VT0
05757,43.48,-73.12,VT0
05758,43.45,-72.79,VT0
05759,43.53,-72.96,VT0
05760,43.80,-73.29,VT0
05761,43.33,-73.14,VT0
05762,43.80,-72.84,VT0
05763,43.73,-73.00,VT0
05764,43.53,-73.19,VT0
05765,43.65,-73.03,VT0
05766,43.98,-73.00,VT0
05767,43.88,-72.83,VT0
05768,43.30,-73.22,VT0
05769,43.93,-73.12,VT0
05770,43.89,-73.33,VT0
05772,43.76,-72.74,VT0
05773,43.43,-72.95,VT0
05774,43.43,-73.17,VT0
05775,43.35,-73.22,VT0
05776,43.25,-73.20,VT0
05777,43.56,-73.05,VT0
05778,43.88,-73.21,VT0
05819,44.40,-71.98,VT0
05820,44.76,-72.38,VT0
05821,44.32,-72.11,VT0
05822,44.75,-72.16,VT0
05824,44.44,-71.83,VT0
05825,44.86,-72.25,VT0
05826,44.63,-72.41,VT0
05827,44.67,-72.36,VT0
05828,44.44,-72.12,VT0
05829,44.97,-72.07,VT0
05830,44.97,-71.99,VT0
05832,44.59,-71.90,VT0
05833,44.84,-71.98,VT0
05836,44.52,-72.23,VT0
05837,44.66,-71.81,VT0
05839,44.67,-72.21,VT0
05840,44.60,-71.75,VT0
05841,44.62,-72.29,VT0
05842,44.59,-72.25,VT0
05843,44.50,-72.34,VT0
05845,44.80,-72.33,VT0
05846,44.82,-71.83,VT0
05847,44.79,-72.46,VT0
05850,44.56,-72.04,VT0
05851,44.55,-72.05,VT0
05853,44.90,-71.94,VT0
05855,44.93,-72.19,VT0
05857,44.93,-72.31,VT0
05858,44.54,-71.80,VT0
05859,44.96,-72.44,VT0
05860,44.80,-72.10,VT0
05862,44.32,-72.22,VT0
05866,44.64,-72.11,VT0
05867,44.67,-72.04,VT0
05868,44.94,-72.35,VT0
05871,44.68,-71.95,VT0
05872,44.87,-72.03,VT0
05873,44.41,-72.22,VT0
05874,44.88,-72.48,VT0
05875,44.71,-72.27,VT0
05901,44.94,-71.65,VT0
05902,45.01,-71.49,VT0
05903,44.94,-71.59,VT0
05904,44.42,-71.71,VT0
05905,44.70,-71.68,VT0
05906,44.48,-71.72,VT0
05907,44.95,-71.83,VT0
06001,41.80,-72.86,CT5
06002,41.84,-72.74,CT1
06010,41.68,-72.94,CT1
06013,41.75,-72.95,CT5
06016,41.90,-72.55,CT1
06018,42.04,-73.31,CT5
06019,41.86,-72.90,CT5
06020,41.86,-72.91,CT5
06021,42.01,-73.06,CT1
06022,41.87,-72.93,CT5
06023,41.61,-72.72,CT1
06024,42.01,-73.28,CT5
06026,41.93,-72.75,CT1
06027,42.00,-72.92,CT1
06029,41.91,-72.45,CT2
06031,41.96,-73.32,CT5
06032,41.73,-72.86,CT5
06033,41.71,-72.54,CT2:60|CT1:40
06035,41.96,-72.80,CT1
06037,41.61,-72.78,CT1
06039,41.96,-73.44,CT5
06040,41.76,-72.53,CT1
06042,41.80,-72.52,CT1
06043,41.76,-72.44,CT2
06051,41.67,-72.77,CT5
06052,41.66,-72.80,CT5
06053,41.69,-72.79,CT5
06057,41.84,-73.00,CT1
06058,41.97,-73.18,CT5
06059,41.89,-72.89,CT5
06060,42.01,-72.86,CT1
06061,41.88,-72.97,CT1
06062,41.67,-72.86,CT5:99|CT1:1
06063,41.94,-72.97,CT1
06065,41.97,-73.01,CT1
06066,41.84,-72.46,CT2
06067,41.66,-72.66,CT1
06068,42.01,-73.42,CT5
06069,41.86,-73.45,CT5
06070,41.87,-72.82,CT5
06071,41.99,-72.45,CT2
06072,41.98,-72.49,CT2
06073,41.66,-72.57,CT2:98|CT1:2
06074,41.84,-72.58,CT1
06076,41.98,-72.26,CT2
06078,41.99,-72.65,CT2
06079,42.04,-73.40,CT5
06080,41.95,-72.64,CT2
06081,41.91,-72.77,CT5
06082,41.98,-72.56,CT2
06084,41.88,-72.36,CT2
06085,41.75,-72.89,CT5
06088,41.92,-72.58,CT1
06089,41.84,-72.82,CT5
06090,41.95,-72.86,CT1
06091,42.03,-72.98,CT1
06092,41.87,-72.86,CT5
06093,42.01,-72.72,CT2
06095,41.87,-72.68,CT1
06096,41.93,-72.66,CT1
06098,41.93,-73.11,CT1
06103,41.77,-72.67,CT1
06105,41.77,-72.70,CT1
06106,41.75,-72.70,CT1
06107,41.75,-72.76,CT1:99|CT5:1
06108,41.78,-72.62,CT1
06109,41.70,-72.67,CT1
06110,41.73,-72.73,CT1
06111,41.69,-72.73,CT1
06112,41.79,-72.70,CT1
06114,41.74,-72.67,CT1
06117,41.79,-72.76,CT1
06118,41.75,-72.61,CT1
06119,41.76,-72.73,CT1
06120,41.79,-72.67,CT1
06226,41.71,-72.21,CT2
06231,41.63,-72.37,CT2
06232,41.73,-72.37,CT2
06234,41.79,-71.95,CT2
06235,41.79,-72.13,CT2
06237,41.69,-72.31,CT2
06238,41.78,-72.34,CT2
06239,41.79,-71.86,CT2
06241,41.85,-71.85,CT2
06242,41.90,-72.09,CT2
06243,41.84,-71.81,CT2
06247,41.77,-72.08,CT2
06248,41.69,-72.41,CT2
06249,41.63,-72.24,CT2
06250,41.77,-72.20,CT2
06254,41.62,-72.14,CT2
06255,41.99,-71.90,CT2
06256,41.73,-72.16,CT2
06258,41.89,-71.96,CT2
06259,41.87,-71.99,CT2
06260,41.91,-71.87,CT2
06262,42.02,-71.95,CT2
06263,41.84,-71.90,CT2
06264,41.70,-72.10,CT2
06266,41.67,-72.17,CT2
06268,41.80,-72.25,CT2
06269,41.81,-72.25,CT2
06277,41.96,-71.84,CT2
06278,41.90,-72.17,CT2
06279,41.90,-72.25,CT2
06280,41.69,-72.13,CT2
06281,41.97,-72.01,CT2
06282,41.95,-72.08,CT2
06320,41.35,-72.10,CT2
06330,41.64,-72.08,CT2
06331,41.69,-72.01,CT2
06332,41.73,-71.90,CT2
06333,41.39,-72.23,CT2
06334,41.54,-72.17,CT2
06335,41.43,-72.06,CT2
06336,41.58,-72.20,CT2
06338,41.46,-71.97,CT2
06339,41.44,-71.99,CT2
06340,41.35,-72.04,CT2
06350,41.65,-72.07,CT2
06351,41.59,-71.95,CT2
06353,41.46,-72.14,CT2
06354,41.71,-71.86,CT2
06355,41.37,-71.97,CT2
06357,41.32,-72.22,CT2
06359,41.47,-71.87,CT2
06360,41.55,-72.09,CT2
06365,41.52,-72.01,CT2
06370,41.47,-72.19,CT2
06371,41.36,-72.32,CT2
06373,41.69,-71.81,CT2
06374,41.68,-71.91,CT2
06375,41.41,-72.12,CT2
06376,41.29,-72.25,CT2
06377,41.73,-71.82,CT2
06378,41.38,-71.91,CT2
06379,41.37,-71.85,CT2
06380,41.56,-72.05,CT2
06382,41.46,-72.12,CT2
06384,41.58,-71.83,CT2
06385,41.36,-72.16,CT2
06387,41.74,-71.91,CT2
06389,41.56,-72.12,CT2
06390,41.28,-71.97,NY1
06401,41.34,-73.07,CT3
06403,41.44,-73.05,CT3
06405,41.28,-72.79,CT3
06409,41.35,-72.43,CT2
06410,41.51,-72.90,CT5
06412,41.41,-72.49,CT2
06413,41.30,-72.53,CT2
06414,41.58,-72.55,CT2:94|CT1:6
06415,41.55,-72.35,CT2
06416,41.62,-72.66,CT1
06417,41.37,-72.48,CT2
06418,41.33,-73.08,CT3
06419,41.37,-72.58,CT2
06420,41.49,-72.26,CT2
06422,41.47,-72.68,CT3
06423,41.46,-72.39,CT2
06424,41.56,-72.50,CT2
06426,41.35,-72.40,CT2
06437,41.33,-72.70,CT3
06438,41.45,-72.51,CT2
06439,41.42,-72.40,CT2
06441,41.47,-72.58,CT2
06442,41.34,-72.43,CT2
06443,41.34,-72.62,CT2
06444,41.56,-72.93,CT1
06447,41.64,-72.45,CT2
06450,41.54,-72.78,CT5
06451,41.54,-72.82,CT5
06455,41.51,-72.72,CT3
06456,41.54,-72.55,CT2
06457,41.54,-72.66,CT1:53|CT3:47
06459,41.55,-72.66,CT3:98|CT1:2
06460,41.22,-73.05,CT3
06461,41.24,-73.08,CT3
06467,41.57,-72.90,CT1
06468,41.34,-73.22,CT4
06469,41.51,-72.45,CT2
06470,41.40,-73.32,CT5
06471,41.33,-72.77,CT3
06472,41.38,-72.77,CT3
06473,41.38,-72.86,CT3
06475,41.30,-72.38,CT2
06477,41.28,-73.02,CT3
06478,41.44,-73.15,CT4
06479,41.58,-72.91,CT1
06480,41.60,-72.59,CT1
06481,41.54,-72.70,CT3
06482,41.41,-73.24,CT5
06483,41.39,-73.08,CT3
06484,41.30,-73.14,CT3:68|CT4:32
06488,41.47,-73.23,CT5
06489,41.61,-72.87,CT1
06492,41.46,-72.81,CT3
06498,41.30,-72.48,CT2
06510,41.31,-72.93,CT3
06511,41.32,-72.93,CT3
06512,41.28,-72.88,CT3
06513,41.32,-72.87,CT3
06514,41.38,-72.94,CT3
06515,41.33,-72.97,CT3
06516,41.27,-72.96,CT3
06517,41.35,-72.91,CT3
06518,41.43,-72.91,CT3
06519,41.29,-72.93,CT3
06524,41.42,-72.99,CT3
06525,41.36,-73.00,CT3
06604,41.15,-73.21,CT4
06605,41.16,-73.22,CT4
06606,41.21,-73.21,CT4
06607,41.17,-73.17,CT4
06608,41.19,-73.18,CT4
06610,41.21,-73.17,CT4
06611,41.27,-73.21,CT4
06612,41.26,-73.30,CT4
06614,41.23,-73.13,CT3
06615,41.16,-73.13,CT3
06702,41.56,-73.05,CT5
06704,41.59,-73.04,CT5
06705,41.55,-72.99,CT5
06706,41.53,-73.03,CT3:73|CT5:27
06708,41.55,-73.07,CT5:71|CT3:29
06710,41.57,-73.05,CT5
06712,41.50,-72.98,CT3
06716,41.60,-72.97,CT5
06750,41.72,-73.26,CT5
06751,41.64,-73.21,CT5
06752,41.52,-73.36,CT5
06753,41.83,-73.34,CT5
06754,41.75,-73.37,CT5
06755,41.65,-73.48,CT5
06756,41.85,-73.24,CT5
06757,41.74,-73.46,CT5
06758,41.68,-73.23,CT5
06759,41.76,-73.22,CT5:99|CT1:1
06762,41.52,-73.12,CT5
06763,41.69,-73.21,CT5
06770,41.49,-73.05,CT3
06776,41.60,-73.42,CT5
06777,41.69,-73.33,CT5
06778,41.72,-73.10,CT5
06779,41.60,-73.08,CT5
06782,41.64,-73.04,CT5
06783,41.56,-73.30,CT5
06784,41.58,-73.50,CT5
06785,41.70,-73.46,CT5
06786,41.67,-73.02,CT5
06787,41.67,-73.09,CT5
06790,41.83,-73.13,CT1:57|CT5:43
06791,41.76,-73.06,CT5
06793,41.63,-73.29,CT5
06794,41.65,-73.33,CT5
06795,41.62,-73.13,CT5
06796,41.87,-73.33,CT5
06798,41.56,-73.21,CT5
06801,41.37,-73.39,CT5
06804,41.46,-73.39,CT5
06807,41.06,-73.59,CT4
06810,41.38,-73.46,CT5
06811,41.42,-73.48,CT5
06812,41.48,-73.49,CT5
06820,41.08,-73.48,CT4
06824,41.17,-73.28,CT4
06825,41.20,-73.24,CT4
06830,41.04,-73.62,CT4
06831,41.09,-73.66,CT4
06840,41.16,-73.50,CT4
06850,41.13,-73.45,CT4
06851,41.14,-73.40,CT4
06853,41.07,-73.44,CT4
06854,41.09,-73.43,CT4
06855,41.07,-73.40,CT4
06870,41.03,-73.57,CT4
06877,41.32,-73.50,CT4
06878,41.03,-73.58,CT4
06880,41.14,-73.34,CT4
06883,41.23,-73.37,CT4
06890,41.15,-73.29,CT4
06896,41.31,-73.39,CT4
06897,41.21,-73.44,CT4
06901,41.05,-73.54,CT4
06902,41.06,-73.54,CT4
06903,41.14,-73.57,CT4
06905,41.09,-73.54,CT4
06906,41.07,-73.52,CT4
06907,41.10,-73.52,CT4
07001,40.58,-74.27,NJ6
07002,40.66,-74.11,NJ8
07003,40.81,-74.19,NJ11
07004,40.88,-74.30,NJ11
07005,40.93,-74.41,NJ11
07006,40.85,-74.28,NJ11:66|NJ10:34
07008,40.58,-74.23,NJ6
07009,40.86,-74.23,NJ11
07010,40.82,-73.99,NJ9
07011,40.88,-74.14,NJ9
07012,40.85,-74.16,NJ9
07013,40.87,-74.17,NJ9
07014,40.83,-74.14,NJ9
07016,40.66,-74.30,NJ10
07017,40.77,-74.21,NJ10
07018,40.76,-74.22,NJ10
07020,40.82,-73.97,NJ9
07021,40.83,-74.28,NJ10
07022,40.82,-74.00,NJ9
07023,40.64,-74.39,NJ7
07024,40.85,-73.97,NJ5
07026,40.88,-74.11,NJ9
07027,40.65,-74.32,NJ10
07028,40.80,-74.20,NJ11:98|NJ10:2
07029,40.74,-74.15,NJ8
07030,40.75,-74.03,NJ8
07031,40.79,-74.13,NJ9
07032,40.75,-74.12,NJ9:91|NJ8:9
07033,40.68,-74.29,NJ10
07034,40.88,-74.38,NJ11
07035,40.93,-74.31,NJ11
07036,40.62,-74.24,NJ10:61|NJ7:39
07039,40.79,-74.33,NJ11
07040,40.73,-74.27,NJ11
07041,40.72,-74.30,NJ11
07042,40.81,-74.22,NJ11:65|NJ10:35
07043,40.84,-74.20,NJ11:94|NJ9:6
07044,40.83,-74.24,NJ10
07045,40.91,-74.37,NJ11
07046,40.89,-74.44,NJ11
07047,40.79,-74.03,NJ8
07050,40.77,-74.24,NJ10
07052,40.79,-74.27,NJ10
07054,40.85,-74.40,NJ11
07055,40.86,-74.13,NJ9
07057,40.85,-74.11,NJ9
07058,40.87,-74.34,NJ11
07059,40.63,-74.52,NJ7
07060,40.62,-74.42,NJ12
07062,40.63,-74.40,NJ12
07063,40.61,-74.44,NJ12
07064,40.57,-74.24,NJ6
07065,40.61,-74.28,NJ7
07066,40.62,-74.31,NJ7
07067,40.59,-74.31,NJ6
07068,40.82,-74.31,NJ11
07069,40.64,-74.44,NJ7
07070,40.82,-74.11,NJ9
07071,40.80,-74.11,NJ9
07072,40.83,-74.06,NJ9
07073,40.82,-74.09,NJ9
07074,40.84,-74.06,NJ9
07075,40.85,-74.09,NJ9
07076,40.63,-74.37,NJ7
07077,40.56,-74.25,NJ6
07078,40.74,-74.33,NJ11
07079,40.75,-74.26,NJ11:99|NJ10:1
07080,40.57,-74.41,NJ6
07081,40.70,-74.33,NJ7
07082,40.93,-74.35,NJ11
07083,40.70,-74.27,NJ10
07086,40.77,-74.02,NJ8
07087,40.77,-74.03,NJ8
07088,40.72,-74.28,NJ10
07090,40.65,-74.34,NJ7
07092,40.68,-74.36,NJ7
07093,40.79,-74.01,NJ8
07094,40.78,-74.07,NJ9
07095,40.55,-74.29,NJ6
07102,40.74,-74.17,NJ10:92|NJ8:8
07103,40.74,-74.20,NJ10
07104,40.77,-74.17,NJ8:91|NJ10:9
07105,40.72,-74.14,NJ8:81|NJ10:19
07106,40.74,-74.23,NJ10
07107,40.76,-74.19,NJ8:55|NJ10:44
07108,40.72,-74.20,NJ10
07109,40.79,-74.16,NJ11
07110,40.82,-74.16,NJ11
07111,40.72,-74.23,NJ10
07112,40.71,-74.21,NJ10
07114,40.70,-74.17,NJ10
07201,40.67,-74.18,NJ8
07202,40.65,-74.22,NJ8
07203,40.65,-74.26,NJ10
07204,40.67,-74.27,NJ10
07205,40.70,-74.23,NJ10
07206,40.65,-74.18,NJ8
07208,40.67,-74.22,NJ8
07302,40.72,-74.04,NJ8:96|NJ10:4
07304,40.72,-74.08,NJ10:93|NJ8:7
07305,40.69,-74.07,NJ10:98|NJ8:2
07306,40.74,-74.07,NJ10:54|NJ8:46
07307,40.75,-74.05,NJ8
07310,40.73,-74.03,NJ8
07311,40.72,-74.03,NJ8
07401,41.03,-74.13,NJ5
07403,41.02,-74.33,NJ5
07405,40.99,-74.38,NJ11
07407,40.90,-74.12,NJ9
07410,40.94,-74.12,NJ5
07416,41.11,-74.59,NJ5
07417,41.01,-74.21,NJ9
07418,41.24,-74.49,NJ5
07419,41.15,-74.57,NJ5
07420,41.03,-74.30,NJ5
07421,41.17,-74.35,NJ5
07422,41.17,-74.45,NJ5
07423,41.00,-74.10,NJ5
07424,40.88,-74.21,NJ11
07430,41.08,-74.18,NJ5
07432,41.00,-74.14,NJ5
07435,41.04,-74.44,NJ5:61|NJ11:39
07436,41.03,-74.24,NJ9
07438,41.03,-74.52,NJ11:89|NJ5:11
07439,41.08,-74.60,NJ7
07440,40.95,-74.29,NJ11
07442,41.00,-74.29,NJ9
07444,40.97,-74.30,NJ11
07446,41.06,-74.15,NJ5
07450,40.98,-74.11,NJ5
07452,40.96,-74.13,NJ5
07456,41.10,-74.26,NJ5
07457,41.00,-74.31,NJ11
07458,41.05,-74.10,NJ5
07460,41.11,-74.49,NJ5:96|NJ11:4
07461,41.25,-74.61,NJ5
07462,41.20,-74.50,NJ5
07463,41.01,-74.13,NJ5
07465,41.05,-74.29,NJ5
07470,40.95,-74.25,NJ11:76|NJ9:24
07480,41.09,-74.38,NJ5
07481,41.00,-74.17,NJ5
07501,40.91,-74.17,NJ9
07502,40.92,-74.20,NJ9
07503,40.90,-74.15,NJ9
07504,40.91,-74.14,NJ9
07505,40.92,-74.17,NJ9
07506,40.96,-74.16,NJ9
07508,40.96,-74.18,NJ9
07512,40.90,-74.22,NJ11
07513,40.90,-74.15,NJ9
07514,40.92,-74.14,NJ9
07522,40.92,-74.18,NJ9
07524,40.93,-74.16,NJ9
07601,40.89,-74.05,NJ5
07603,40.87,-74.03,NJ5
07604,40.86,-74.07,NJ9
07605,40.86,-73.99,NJ5
07606,40.86,-74.05,NJ9
07607,40.90,-74.06,NJ9:71|NJ5:29
07608,40.85,-74.06,NJ9
07620,40.97,-73.92,NJ5
07621,40.92,-74.00,NJ5
07624,40.97,-73.96,NJ5
07626,40.94,-73.96,NJ5
07627,40.95,-73.95,NJ5
07628,40.95,-73.99,NJ5
07630,40.97,-74.02,NJ5
07631,40.89,-73.97,NJ5
07632,40.88,-73.94,NJ5
07640,40.99,-73.98,NJ5
07641,40.96,-74.00,NJ5
07642,41.01,-74.05,NJ5
07643,40.84,-74.03,NJ9
07644,40.88,-74.08,NJ9
07645,41.05,-74.05,NJ5
07646,40.93,-74.02,NJ5
07647,41.01,-73.94,NJ5
07648,40.99,-73.95,NJ5
07649,40.96,-74.03,NJ5
07650,40.85,-74.00,NJ5
07652,40.95,-74.07,NJ5
07656,41.04,-74.04,NJ5
07657,40.83,-74.02,NJ9
07660,40.85,-74.02,NJ5
07661,40.93,-74.04,NJ5
07662,40.91,-74.08,NJ9
07663,40.90,-74.09,NJ9
07666,40.89,-74.01,NJ5
07670,40.92,-73.95,NJ5
07675,41.00,-74.00,NJ5
07676,40.99,-74.06,NJ5
07677,41.03,-74.06,NJ5
07701,40.36,-74.08,NJ6:55|NJ4:45
07702,40.33,-74.06,NJ4
07703,40.31,-74.05,NJ4:69|NJ6:31
07704,40.36,-74.04,NJ6
07711,40.24,-74.01,NJ4:54|NJ6:46
07712,40.25,-74.05,NJ4:59|NJ6:41
07716,40.40,-74.04,NJ6:74|NJ4:26
07717,40.19,-74.02,NJ4
07718,40.42,-74.09,NJ4:75|NJ6:25
07719,40.17,-74.08,NJ4
07720,40.20,-74.01,NJ6
07721,40.44,-74.24,NJ6
07722,40.29,-74.17,NJ4
07723,40.25,-74.00,NJ6:71|NJ4:29
07724,40.30,-74.07,NJ4
07726,40.29,-74.34,NJ3
07727,40.21,-74.16,NJ4
07728,40.23,-74.29,NJ3:79|NJ4:21
07730,40.42,-74.17,NJ6:99|NJ3:1
07731,40.15,-74.20,NJ4
07732,40.43,-73.99,NJ6
07733,40.37,-74.17,NJ3
07734,40.44,-74.14,NJ6
07735,40.45,-74.23,NJ6
07737,40.40,-74.07,NJ6:61|NJ4:39
07738,40.34,-74.13,NJ4
07739,40.34,-74.03,NJ6
07740,40.30,-73.99,NJ6:99|NJ4:1
07746,40.32,-74.25,NJ3
07747,40.41,-74.26,NJ6:88|NJ12:12
07748,40.40,-74.12,NJ4:87|NJ6:13
07750,40.34,-73.99,NJ6
07751,40.36,-74.26,NJ3
07753,40.21,-74.07,NJ6:79|NJ4:21
07755,40.26,-74.02,NJ4
07756,40.21,-74.01,NJ6
07757,40.32,-74.02,NJ6
07758,40.43,-74.10,NJ6:54|NJ4:46
07760,40.37,-74.00,NJ6:94|NJ4:6
07762,40.15,-74.03,NJ4
07764,40.29,-74.02,NJ6
07801,40.90,-74.56,NJ11
07803,40.88,-74.60,NJ7
07820,40.93,-74.80,NJ7
07821,40.97,-74.75,NJ7:94|NJ5:6
07822,41.14,-74.71,NJ5
07823,40.82,-75.05,NJ7
07825,40.98,-74.96,NJ7
07826,41.16,-74.82,NJ5
07827,41.28,-74.73,NJ5
07828,40.88,-74.76,NJ7
07830,40.72,-74.79,NJ7
07831,40.74,-74.95,NJ7
07832,40.94,-75.07,NJ7
07833,40.89,-75.07,NJ7
07834,40.89,-74.49,NJ11
07836,40.84,-74.71,NJ7
07838,40.89,-74.91,NJ7
07840,40.86,-74.83,NJ7
07842,40.94,-74.50,NJ11
07843,40.94,-74.66,NJ7
07844,40.91,-74.97,NJ7
07846,40.97,-74.88,NJ7
07847,40.89,-74.62,NJ7
07848,41.10,-74.68,NJ5:99|NJ7:1
07849,40.96,-74.61,NJ11:99|NJ7:1
07850,40.91,-74.66,NJ7
07851,41.20,-74.86,NJ5
07852,40.88,-74.67,NJ7
07853,40.78,-74.80,NJ7
07856,40.92,-74.63,NJ7
07857,40.90,-74.69,NJ7
07860,41.06,-74.80,NJ5:66|NJ7:34
07863,40.81,-74.96,NJ7
07865,40.79,-74.90,NJ7
07866,40.95,-74.49,NJ11
07869,40.84,-74.58,NJ11:99|NJ7:1
07870,40.80,-74.82,NJ7
07871,41.05,-74.63,NJ7
07874,40.93,-74.71,NJ7
07876,40.85,-74.66,NJ7
07878,40.87,-74.48,NJ11
07880,40.88,-74.88,NJ7
07881,41.12,-74.93,NJ7
07882,40.76,-75.01,NJ7
07885,40.91,-74.60,NJ7:68|NJ11:32
07901,40.71,-74.37,NJ7
07920,40.68,-74.55,NJ7:98|NJ11:2
07921,40.66,-74.68,NJ7
07922,40.68,-74.43,NJ7
07924,40.73,-74.59,NJ7
07926,40.80,-74.57,NJ11
07927,40.82,-74.46,NJ11
07928,40.72,-74.42,NJ11
07930,40.78,-74.68,NJ7
07931,40.68,-74.62,NJ7
07932,40.78,-74.39,NJ11
07933,40.70,-74.46,NJ7
07934,40.73,-74.67,NJ7
07935,40.73,-74.45,NJ11
07936,40.82,-74.36,NJ11
07939,40.67,-74.55,NJ7
07940,40.76,-74.42,NJ11
07945,40.78,-74.60,NJ7:89|NJ11:11
07946,40.68,-74.51,NJ7
07950,40.85,-74.48,NJ11
07960,40.78,-74.50,NJ11:98|NJ7:2
07961,40.78,-74.44,NJ11
07970,40.81,-74.57,NJ7:66|NJ11:34
07974,40.70,-74.40,NJ7
07976,40.73,-74.48,NJ11
07977,40.70,-74.65,NJ7
07979,40.71,-74.73,NJ7
07980,40.68,-74.49,NJ7
07981,40.82,-74.43,NJ11
08001,39.55,-75.35,NJ2
08002,39.93,-75.03,NJ1
08003,39.89,-74.97,NJ1
08004,39.75,-74.83,NJ1
08005,39.76,-74.31,NJ2
08006,39.75,-74.11,NJ2
08007,39.87,-75.05,NJ1
08008,39.62,-74.21,NJ2
08009,39.76,-74.93,NJ1
08010,40.05,-74.92,NJ3
08011,39.98,-74.71,NJ3
08012,39.78,-75.06,NJ1
08014,39.81,-75.37,NJ2
08015,39.93,-74.54,NJ3
08016,40.07,-74.83,NJ3
08019,39.77,-74.53,NJ3
08020,39.79,-75.22,NJ1:71|NJ2:29
08021,39.81,-75.00,NJ1
08022,40.07,-74.71,NJ3
08023,39.69,-75.50,NJ2
08026,39.83,-74.97,NJ1
08027,39.83,-75.30,NJ2
08028,39.69,-75.12,NJ1:93|NJ2:7
08029,39.84,-75.07,NJ1
08030,39.89,-75.12,NJ1
08031,39.87,-75.09,NJ1
08032,39.78,-75.06,NJ1
08033,39.89,-75.04,NJ1
08034,39.91,-75.00,NJ1
08035,39.88,-75.07,NJ1
08036,39.98,-74.84,NJ3
08037,39.63,-74.78,NJ2:80|NJ1:20
08038,39.47,-75.49,NJ2
08039,39.69,-75.28,NJ2
08041,40.04,-74.68,NJ3
08042,40.01,-74.66,NJ3
08043,39.85,-74.95,NJ1
08045,39.87,-75.03,NJ1
08046,40.03,-74.89,NJ3
08048,39.95,-74.80,NJ3
08049,39.85,-75.04,NJ1
08050,39.71,-74.23,NJ2
08051,39.78,-75.18,NJ1
08052,39.95,-74.99,NJ1
08053,39.86,-74.90,NJ3
08054,39.95,-74.90,NJ3
08055,39.86,-74.82,NJ3
08056,39.78,-75.26,NJ2:89|NJ1:11
08057,39.98,-74.94,NJ3
08059,39.88,-75.09,NJ1
08060,40.01,-74.79,NJ3
08061,39.80,-75.21,NJ1:68|NJ2:32
08062,39.72,-75.22,NJ2:99|NJ1:1
08063,39.87,-75.19,NJ1
08064,39.94,-74.62,NJ3
08065,40.00,-75.04,NJ1
08066,39.84,-75.23,NJ1
08067,39.74,-75.41,NJ2
08068,39.96,-74.67,NJ3
08069,39.70,-75.45,NJ2
08070,39.62,-75.52,NJ2
08071,39.73,-75.13,NJ1
08072,39.54,-75.41,NJ2
08073,40.01,-74.87,NJ3
08074,39.71,-75.16,NJ2
08075,40.03,-74.95,NJ3
08077,40.00,-74.99,NJ3
08078,39.85,-75.08,NJ1
08079,39.54,-75.43,NJ2
08080,39.76,-75.12,NJ1
08081,39.73,-74.98,NJ1
08083,39.84,-75.03,NJ1
08084,39.83,-75.02,NJ1
08085,39.75,-75.33,NJ2
08086,39.85,-75.19,NJ1
08087,39.60,-74.38,NJ2:97|NJ3:3
08088,39.84,-74.70,NJ3
08089,39.71,-74.83,NJ1
08090,39.80,-75.15,NJ1
08091,39.81,-74.92,NJ1
08092,39.65,-74.28,NJ2
08093,39.86,-75.13,NJ1
08094,39.65,-74.96,NJ1:91|NJ2:9
08095,39.65,-74.86,NJ1
08096,39.83,-75.13,NJ1
08097,39.81,-75.15,NJ1
08098,39.64,-75.33,NJ2
08102,39.95,-75.12,NJ1
08103,39.94,-75.11,NJ1
08104,39.92,-75.11,NJ1
08105,39.95,-75.10,NJ1
08106,39.89,-75.07,NJ1
08107,39.91,-75.08,NJ1
08108,39.92,-75.06,NJ1
08109,39.95,-75.05,NJ1
08110,39.97,-75.06,NJ1
08201,39.42,-74.49,NJ2
08202,39.10,-74.74,NJ2
08203,39.42,-74.39,NJ2
08204,38.97,-74.92,NJ2
08205,39.48,-74.45,NJ2
08210,39.12,-74.82,NJ2
08212,38.94,-74.96,NJ2
08215,39.59,-74.58,NJ2:95|NJ3:5
08217,39.58,-74.72,NJ2
08221,39.34,-74.56,NJ2
08223,39.27,-74.66,NJ2
08224,39.60,-74.47,NJ3
08225,39.36,-74.54,NJ2
08226,39.26,-74.61,NJ2
08230,39.20,-74.71,NJ2
08232,39.39,-74.52,NJ2
08234,39.39,-74.62,NJ2
08240,39.49,-74.53,NJ2
08241,39.53,-74.48,NJ2
08242,39.02,-74.89,NJ2
08243,39.15,-74.70,NJ2
08244,39.32,-74.60,NJ2
08245,39.18,-74.82,NJ2
08246,39.18,-74.77,NJ2
08247,39.05,-74.79,NJ2
08248,39.20,-74.66,NJ2
08251,39.03,-74.93,NJ2
08260,39.00,-74.84,NJ2
08270,39.26,-74.81,NJ2
08302,39.44,-75.26,NJ2
08310,39.53,-74.90,NJ2
08311,39.33,-75.20,NJ2
08312,39.66,-75.08,NJ2
08314,39.22,-74.94,NJ2
08316,39.28,-74.94,NJ2
08317,39.40,-74.83,NJ2
08318,39.56,-75.18,NJ2
08319,39.37,-74.81,NJ2
08320,39.39,-75.16,NJ2
08321,39.22,-75.14,NJ2
08322,39.61,-75.05,NJ2
08323,39.40,-75.37,NJ2
08324,39.23,-75.00,NJ2
08326,39.54,-74.93,NJ2
08327,39.26,-74.95,NJ2
08328,39.58,-75.06,NJ2
08329,39.29,-75.01,NJ2
08330,39.47,-74.75,NJ2
08332,39.37,-75.03,NJ2
08340,39.39,-74.91,NJ2
08341,39.52,-74.96,NJ2
08343,39.64,-75.17,NJ2
08344,39.56,-74.99,NJ2
08345,39.29,-75.14,NJ2
08346,39.57,-74.85,NJ2
08348,39.31,-74.97,NJ2
08349,39.26,-75.06,NJ2
08350,39.49,-74.87,NJ2
08352,39.48,-75.13,NJ2
08353,39.46,-75.29,NJ2
08360,39.49,-75.00,NJ2
08361,39.45,-74.96,NJ2
08401,39.38,-74.45,NJ2
08402,39.33,-74.50,NJ2
08403,39.32,-74.54,NJ2
08406,39.34,-74.48,NJ2
08501,40.17,-74.55,NJ3
08502,40.45,-74.65,NJ12
08505,40.14,-74.71,NJ3
08510,40.19,-74.43,NJ3
08511,40.04,-74.55,NJ3
08512,40.32,-74.53,NJ3:55|NJ12:45
08514,40.13,-74.49,NJ3:63|NJ4:37
08515,40.12,-74.66,NJ3
08518,40.12,-74.80,NJ3
08520,40.26,-74.54,NJ3
08525,40.40,-74.78,NJ12:87|NJ7:13
08527,40.11,-74.36,NJ4
08528,40.39,-74.62,NJ12
08530,40.37,-74.91,NJ7:89|NJ12:11
08533,40.02,-74.49,NJ4
08534,40.33,-74.79,NJ12
08535,40.23,-74.43,NJ3
08536,40.33,-74.59,NJ12
08540,40.36,-74.66,NJ12:97|NJ3:3
08542,40.35,-74.66,NJ12
08544,40.35,-74.66,NJ12
08550,40.28,-74.62,NJ12
08551,40.45,-74.84,NJ7
08553,40.40,-74.64,NJ12
08554,40.11,-74.78,NJ3
08555,40.22,-74.47,NJ3
08558,40.41,-74.70,NJ12
08559,40.44,-74.98,NJ7
08560,40.32,-74.86,NJ12:99|NJ7:1
08561,40.25,-74.58,NJ3
08562,40.06,-74.59,NJ3
08608,40.22,-74.77,NJ12
08609,40.23,-74.74,NJ12:74|NJ3:26
08610,40.19,-74.72,NJ3:85|NJ12:15
08611,40.18,-74.74,NJ12:98|NJ3:2
08618,40.25,-74.79,NJ12
08619,40.24,-74.70,NJ3
08620,40.17,-74.65,NJ3
08628,40.26,-74.83,NJ12
08629,40.22,-74.73,NJ12:62|NJ3:38
08638,40.25,-74.76,NJ12
08640,40.01,-74.58,NJ3
08641,40.03,-74.59,NJ3
08648,40.28,-74.72,NJ3
08690,40.23,-74.66,NJ3
08691,40.21,-74.60,NJ3
08701,40.08,-74.20,NJ4
08720,40.14,-74.13,NJ4
08721,39.91,-74.18,NJ2:53|NJ4:47
08722,39.93,-74.20,NJ4
08723,40.04,-74.11,NJ4
08724,40.09,-74.11,NJ4
08730,40.11,-74.06,NJ4
08731,39.86,-74.29,NJ4:94|NJ2:6
08732,39.94,-74.14,NJ4
08733,40.03,-74.36,NJ4
08734,39.86,-74.17,NJ4
08735,39.99,-74.08,NJ4
08736,40.12,-74.05,NJ4
08738,40.03,-74.06,NJ4
08740,39.93,-74.13,NJ4
08741,39.94,-74.17,NJ4
08742,40.08,-74.06,NJ4
08750,40.13,-74.04,NJ4
08751,39.95,-74.08,NJ4
08752,39.84,-74.09,NJ4:73|NJ2:27
08753,39.98,-74.15,NJ4
08755,40.01,-74.22,NJ4
08757,39.96,-74.26,NJ4
08758,39.79,-74.25,NJ2
08759,39.96,-74.36,NJ4
08801,40.63,-74.89,NJ7
08802,40.69,-75.02,NJ7
08804,40.65,-75.10,NJ7
08805,40.57,-74.54,NJ12:86|NJ7:14
08807,40.59,-74.62,NJ7:89|NJ12:11
08809,40.65,-74.92,NJ7
08810,40.37,-74.49,NJ12
08812,40.60,-74.48,NJ12:53|NJ7:47
08816,40.43,-74.42,NJ12
08817,40.51,-74.39,NJ6
08820,40.58,-74.37,NJ6
08821,40.52,-74.69,NJ12:76|NJ7:24
08822,40.52,-74.87,NJ7
08823,40.44,-74.57,NJ12
08824,40.42,-74.55,NJ12
08825,40.51,-75.03,NJ7
08826,40.72,-74.91,NJ7
08827,40.67,-74.97,NJ7
08828,40.38,-74.42,NJ12
08829,40.67,-74.89,NJ7
08830,40.57,-74.32,NJ6
08831,40.33,-74.43,NJ12
08832,40.51,-74.32,NJ6
08833,40.65,-74.82,NJ7
08835,40.54,-74.59,NJ12
08836,40.60,-74.56,NJ7
08837,40.52,-74.34,NJ6
08840,40.54,-74.36,NJ6
08844,40.50,-74.67,NJ12:92|NJ7:8
08846,40.57,-74.50,NJ12
08848,40.59,-75.10,NJ7
08850,40.45,-74.44,NJ12
08852,40.39,-74.54,NJ12
08853,40.53,-74.74,NJ7
08854,40.54,-74.46,NJ6
08857,40.39,-74.33,NJ12:95|NJ6:5
08858,40.68,-74.74,NJ7
08859,40.46,-74.30,NJ6
08861,40.52,-74.27,NJ6
08863,40.54,-74.31,NJ6
08865,40.71,-75.15,NJ7
08867,40.57,-74.97,NJ7
08869,40.57,-74.65,NJ7
08872,40.46,-74.35,NJ6
08873,40.50,-74.53,NJ12
08876,40.59,-74.69,NJ7
08879,40.47,-74.28,NJ6
08880,40.55,-74.53,NJ12
08882,40.45,-74.38,NJ12
08884,40.39,-74.39,NJ12
08886,40.69,-75.10,NJ7
08887,40.52,-74.80,NJ7
08889,40.61,-74.75,NJ7
08890,40.54,-74.58,NJ12
08901,40.48,-74.44,NJ6:98|NJ12:2
08902,40.44,-74.49,NJ12
08904,40.50,-74.43,NJ6
10001,40.75,-74.00,NY12
10002,40.72,-73.99,NY10
10003,40.73,-73.99,NY10:78|NY12:22
10004,40.69,-74.02,NY10
10005,40.71,-74.01,NY10
10006,40.71,-74.01,NY10
10007,40.71,-74.01,NY10
10009,40.73,-73.98,NY10:68|NY12:32
10010,40.74,-73.98,NY12
10011,40.74,-74.00,NY12:60|NY10:40
10012,40.73,-74.00,NY10
10013,40.72,-74.00,NY10
10014,40.73,-74.01,NY10
10016,40.75,-73.98,NY12
10017,40.75,-73.97,NY12
10018,40.76,-73.99,NY12
10019,40.77,-73.99,NY12
10020,40.76,-73.98,NY12
10021,40.77,-73.96,NY12
10022,40.76,-73.97,NY12
10023,40.77,-73.98,NY12
10024,40.79,-73.97,NY12
10025,40.80,-73.97,NY12:59|NY13:41
10026,40.80,-73.95,NY13
10027,40.81,-73.95,NY13
10028,40.78,-73.95,NY12
10029,40.79,-73.95,NY13:91|NY12:9
10030,40.82,-73.94,NY13
10031,40.82,-73.95,NY13
10032,40.84,-73.94,NY13
10033,40.85,-73.94,NY13
10034,40.87,-73.92,NY13
10035,40.80,-73.93,NY13
10036,40.76,-73.99,NY12
10037,40.81,-73.94,NY13
10038,40.71,-74.00,NY10
10039,40.83,-73.94,NY13
10040,40.86,-73.93,NY13
10044,40.76,-73.95,NY12
10065,40.76,-73.96,NY12
10069,40.78,-73.99,NY12
10075,40.77,-73.96,NY12
10103,40.76,-73.98,NY12
10110,40.75,-73.98,NY12
10111,40.76,-73.98,NY12
10112,40.76,-73.98,NY12
10115,40.81,-73.96,NY13
10119,40.75,-73.99,NY12
10128,40.78,-73.95,NY12
10152,40.76,-73.97,NY12
10153,40.76,-73.97,NY12
10154,40.76,-73.97,NY12
10162,40.77,-73.95,NY12
10165,40.75,-73.98,NY12
10167,40.75,-73.97,NY12
10168,40.75,-73.98,NY12
10169,40.75,-73.98,NY12
10170,40.75,-73.98,NY12
10171,40.76,-73.97,NY12
10172,40.76,-73.97,NY12
10173,40.75,-73.98,NY12
10174,40.75,-73.98,NY12
10177,40.76,-73.98,NY12
10199,40.75,-74.00,NY12
10271,40.71,-74.01,NY10
10278,40.72,-74.00,NY10
10279,40.71,-74.01,NY10
10280,40.71,-74.02,NY10
10282,40.72,-74.02,NY10
10301,40.63,-74.09,NY11
10302,40.63,-74.14,NY11
10303,40.63,-74.17,NY11
10304,40.61,-74.09,NY11
10305,40.60,-74.08,NY11
10306,40.57,-74.12,NY11
10307,40.51,-74.24,NY11
10308,40.55,-74.15,NY11
10309,40.53,-74.22,NY11
10310,40.63,-74.12,NY11
10311,40.61,-74.18,NY11
10312,40.55,-74.18,NY11
10314,40.60,-74.16,NY11
10451,40.82,-73.92,NY15
10452,40.84,-73.92,NY15
10453,40.85,-73.91,NY15:51|NY13:49
10454,40.81,-73.92,NY14:67|NY15:33
10455,40.81,-73.91,NY14:62|NY15:38
10456,40.83,-73.91,NY15
10457,40.85,-73.90,NY15
10458,40.86,-73.89,NY13:64|NY15:36
10459,40.83,-73.89,NY14:59|NY15:41
10460,40.84,-73.88,NY15:57|NY14:43
10461,40.85,-73.84,NY14:85|NY15:15
10462,40.84,-73.86,NY14:64|NY15:36
10463,40.89,-73.90,NY13:60|NY15:40
10464,40.87,-73.80,NY14
10465,40.83,-73.82,NY14
10466,40.89,-73.85,NY15:57|NY16:43
10467,40.88,-73.87,NY15
10468,40.87,-73.90,NY13
10469,40.87,-73.85,NY15:92|NY14:8
10470,40.89,-73.87,NY15
10471,40.90,-73.91,NY15
10472,40.83,-73.87,NY14
10473,40.82,-73.86,NY14
10474,40.81,-73.89,NY14
10475,40.88,-73.83,NY16:96|NY14:2|NY15:2
10501,41.30,-73.75,NY17
10502,41.01,-73.84,NY16
10503,41.03,-73.88,NY16
10504,41.13,-73.71,NY17
10505,41.34,-73.75,NY17
10506,41.19,-73.64,NY17
10507,41.23,-73.69,NY17
10509,41.41,-73.59,NY17
10510,41.14,-73.84,NY17
10511,41.26,-73.94,NY17
10512,41.46,-73.72,NY17
10514,41.17,-73.77,NY17
10516,41.46,-73.87,NY17
10517,41.30,-73.86,NY17
10518,41.27,-73.59,NY17
10519,41.35,-73.66,NY17
10520,41.23,-73.87,NY17
10522,41.01,-73.86,NY16
10523,41.06,-73.82,NY16
10524,41.38,-73.93,NY17
10526,41.29,-73.66,NY17
10527,41.32,-73.77,NY17
10528,40.98,-73.72,NY16
10530,41.02,-73.81,NY16
10532,41.10,-73.80,NY17
10533,41.04,-73.86,NY16
10535,41.34,-73.79,NY17
10536,41.27,-73.69,NY17
10537,41.34,-73.88,NY17
10538,40.94,-73.76,NY16
10540,41.33,-73.73,NY17
10541,41.38,-73.75,NY17
10542,41.37,-73.76,NY17
10543,40.95,-73.74,NY16
10545,41.18,-73.84,NY17
10546,41.20,-73.80,NY17
10547,41.31,-73.85,NY17
10548,41.24,-73.94,NY17
10549,41.20,-73.72,NY17
10550,40.91,-73.84,NY16
10552,40.92,-73.83,NY16
10553,40.91,-73.82,NY16
10560,41.34,-73.60,NY17
10562,41.19,-73.83,NY17
10566,41.29,-73.92,NY17
10567,41.29,-73.90,NY17
10570,41.13,-73.79,NY17
10573,41.02,-73.68,NY16
10576,41.22,-73.57,NY17
10577,41.04,-73.71,NY16
10578,41.31,-73.68,NY17
10579,41.40,-73.84,NY17
10580,40.98,-73.69,NY16
10583,40.99,-73.79,NY16
10588,41.33,-73.83,NY17
10589,41.33,-73.69,NY17
10590,41.26,-73.54,NY17
10591,41.08,-73.85,NY17:72|NY16:28
10594,41.12,-73.77,NY17
10595,41.09,-73.78,NY17:94|NY16:6
10596,41.26,-73.96,NY17
10597,41.29,-73.60,NY17
10598,41.28,-73.80,NY17
10601,41.03,-73.76,NY16
10603,41.05,-73.78,NY16:88|NY17:12
10604,41.07,-73.75,NY16:98|NY17:2
10605,41.01,-73.75,NY16
10606,41.02,-73.78,NY16
10607,41.04,-73.81,NY16
10701,40.95,-73.88,NY16
10703,40.96,-73.88,NY16
10704,40.92,-73.86,NY16
10705,40.92,-73.89,NY16
10706,40.99,-73.87,NY16
10707,40.96,-73.82,NY16
10708,40.94,-73.83,NY16
10709,40.95,-73.81,NY16
10710,40.97,-73.85,NY16
10801,40.92,-73.78,NY16
10803,40.90,-73.81,NY16:99|NY14:1
10804,40.95,-73.79,NY16
10805,40.89,-73.76,NY16
10901,41.16,-74.14,NY17
10910,41.28,-74.14,NY18
10911,41.31,-74.00,NY17
10913,41.07,-73.96,NY17
10914,41.42,-74.20,NY18
10915,41.54,-74.36,NY18
10916,41.45,-74.24,NY18
10917,41.32,-74.11,NY18
10918,41.34,-74.26,NY18
10919,41.53,-74.39,NY18
10920,41.16,-73.94,NY17
10921,41.33,-74.36,NY18
10922,41.34,-73.99,NY18
10923,41.20,-74.00,NY17
10924,41.38,-74.35,NY18
10925,41.19,-74.29,NY18
10926,41.26,-74.13,NY18
10927,41.19,-73.97,NY17
10928,41.35,-74.00,NY18
10930,41.38,-74.11,NY18
10931,41.13,-74.17,NY17
10932,41.48,-74.46,NY18
10933,41.37,-74.51,NY18
10940,41.45,-74.48,NY18:99|NY19:1
10941,41.49,-74.35,NY18
10950,41.32,-74.20,NY18
10952,41.11,-74.08,NY17
10953,41.41,-74.08,NY18
10954,41.10,-74.01,NY17
10956,41.15,-73.99,NY17
10958,41.38,-74.42,NY18
10960,41.09,-73.93,NY17
10962,41.05,-73.96,NY17
10963,41.47,-74.54,NY18
10964,41.02,-73.91,NY17
10965,41.06,-74.01,NY17
10968,41.04,-73.92,NY17
10969,41.29,-74.49,NY18
10970,41.18,-74.06,NY17
10973,41.38,-74.48,NY18
10974,41.16,-74.19,NY17
10975,41.26,-74.17,NY18
10976,41.02,-73.93,NY17
10977,41.12,-74.05,NY17
10979,41.18,-74.32,NY18
10980,41.24,-74.06,NY17
10983,41.03,-73.95,NY17
10984,41.20,-74.02,NY17
10985,41.58,-74.36,NY18
10986,41.29,-74.00,NY17
10987,41.20,-74.22,NY18
10988,41.30,-74.56,NY18
10989,41.12,-73.94,NY17
10990,41.27,-74.36,NY18
10992,41.43,-74.16,NY18
10993,41.21,-73.97,NY17
10994,41.10,-73.97,NY17
10996,41.39,-73.98,NY18
10998,41.32,-74.54,NY18
11001,40.72,-73.70,NY4:71|NY3:29
11003,40.70,-73.71,NY4
11004,40.75,-73.71,NY3
11005,40.76,-73.71,NY3
11010,40.70,-73.68,NY4
11020,40.77,-73.71,NY3
11021,40.78,-73.73,NY3
11023,40.80,-73.73,NY3
11024,40.82,-73.74,NY3
11030,40.79,-73.69,NY3
11040,40.75,-73.68,NY3:90|NY4:10
11042,40.76,-73.70,NY3
11050,40.84,-73.69,NY3
11096,40.62,-73.76,NY4
11101,40.75,-73.94,NY7
11102,40.77,-73.93,NY14
11103,40.76,-73.91,NY14:78|NY7:22
11104,40.74,-73.92,NY7:98|NY6:2
11105,40.78,-73.91,NY14
11106,40.76,-73.93,NY14:53|NY7:47
11109,40.75,-73.96,NY7
11201,40.69,-73.99,NY10:74|NY7:26
11203,40.65,-73.93,NY9
11204,40.62,-73.98,NY9:58|NY11:42
11205,40.70,-73.97,NY7:85|NY8:15
11206,40.70,-73.94,NY7:82|NY8:18
11207,40.67,-73.89,NY8:67|NY7:33
11208,40.67,-73.87,NY8:51|NY7:49
11209,40.62,-74.03,NY11
11210,40.63,-73.95,NY9
11211,40.71,-73.95,NY7
11212,40.66,-73.91,NY8:63|NY9:37
11213,40.67,-73.94,NY9:95|NY8:5
11214,40.60,-74.00,NY11:90|NY8:10
11215,40.66,-73.99,NY10
11216,40.68,-73.95,NY8:61|NY9:39
11217,40.68,-73.98,NY10:84|NY7:9|NY8:8
11218,40.64,-73.98,NY9:71|NY10:29
11219,40.63,-74.00,NY10:66|NY11:18|NY9:16
11220,40.64,-74.02,NY10:97|NY11:3
11221,40.69,-73.93,NY8:51|NY7:49
11222,40.73,-73.95,NY7
11223,40.60,-73.97,NY8:44|NY9:36|NY11:20
11224,40.58,-73.99,NY8
11225,40.66,-73.95,NY9
11226,40.65,-73.96,NY9
11228,40.62,-74.01,NY11
11229,40.60,-73.94,NY8:63|NY9:37
11230,40.62,-73.97,NY9
11231,40.68,-74.01,NY10
11232,40.66,-74.00,NY10
11233,40.68,-73.92,NY8:83|NY9:17
11234,40.61,-73.91,NY8:60|NY9:40
11235,40.58,-73.94,NY8
11236,40.64,-73.90,NY8:88|NY9:12
11237,40.70,-73.92,NY7
11238,40.67,-73.97,NY8:49|NY10:27|NY9:24
11239,40.64,-73.87,NY8
11249,40.70,-73.97,NY7
11354,40.77,-73.83,NY6:85|NY3:9|NY14:5
11355,40.75,-73.82,NY6
11356,40.78,-73.84,NY14
11357,40.79,-73.81,NY3:93|NY14:5|NY6:3
11358,40.76,-73.80,NY6:60|NY3:40
11359,40.79,-73.78,NY3
11360,40.78,-73.78,NY3
11361,40.76,-73.77,NY6:61|NY3:39
11362,40.76,-73.73,NY3
11363,40.77,-73.74,NY3
11364,40.75,-73.76,NY6
11365,40.74,-73.79,NY6
11366,40.73,-73.78,NY6
11367,40.73,-73.82,NY6
11368,40.75,-73.85,NY14:51|NY6:49
11369,40.76,-73.87,NY14
11370,40.77,-73.89,NY14:95|NY6:5
11371,40.77,-73.87,NY14
11372,40.75,-73.88,NY14:90|NY6:10
11373,40.74,-73.88,NY6:97|NY14:3
11374,40.73,-73.86,NY6
11375,40.72,-73.84,NY6
11377,40.74,-73.91,NY6:65|NY7:32|NY14:3
11378,40.72,-73.91,NY6:92|NY7:8
11379,40.72,-73.88,NY6:81|NY7:19
11385,40.70,-73.89,NY7:97|NY5:2|NY6:2
11411,40.69,-73.74,NY5
11412,40.70,-73.76,NY5
11413,40.67,-73.75,NY5
11414,40.66,-73.84,NY5:99|NY7:1
11415,40.71,-73.83,NY5
11416,40.68,-73.85,NY7:55|NY5:45
11417,40.68,-73.84,NY5:81|NY7:19
11418,40.70,-73.84,NY5
11419,40.69,-73.82,NY5
11420,40.67,-73.82,NY5
11421,40.69,-73.86,NY7:88|NY5:12
11422,40.66,-73.74,NY5
11423,40.72,-73.77,NY5
11424,40.71,-73.83,NY5
11426,40.74,-73.72,NY3
11427,40.73,-73.75,NY3:63|NY5:25|NY6:12
11428,40.72,-73.74,NY3:57|NY5:43
11429,40.71,-73.74,NY5
11430,40.65,-73.79,NY5
11432,40.71,-73.79,NY5:80|NY6:20
11433,40.70,-73.79,NY5
11434,40.68,-73.78,NY5
11435,40.70,-73.81,NY5:68|NY6:32
11436,40.68,-73.80,NY5
11439,40.72,-73.79,NY5
11451,40.70,-73.80,NY5
11501,40.75,-73.64,NY3
11507,40.77,-73.65,NY3
11509,40.59,-73.73,NY4
11510,40.65,-73.61,NY4
11514,40.75,-73.61,NY3
11516,40.63,-73.73,NY4
11518,40.64,-73.67,NY4
11520,40.65,-73.58,NY4
11530,40.73,-73.64,NY4
11542,40.87,-73.63,NY3
11545,40.83,-73.59,NY3
11547,40.83,-73.64,NY3
11548,40.81,-73.61,NY3
11549,40.72,-73.60,NY4
11550,40.70,-73.62,NY4
11552,40.69,-73.65,NY4
11553,40.71,-73.59,NY4
11554,40.72,-73.56,NY4:99|NY3:1
11556,40.72,-73.58,NY4
11557,40.64,-73.69,NY4
11558,40.61,-73.65,NY4
11559,40.60,-73.72,NY4
11560,40.88,-73.59,NY3
11561,40.59,-73.64,NY4
11563,40.66,-73.67,NY4
11565,40.68,-73.67,NY4
11566,40.66,-73.56,NY4
11568,40.79,-73.60,NY3
11569,40.59,-73.58,NY4
11570,40.67,-73.64,NY4
11572,40.63,-73.64,NY4
11575,40.68,-73.58,NY4
11576,40.80,-73.65,NY3
11577,40.78,-73.64,NY3
11579,40.84,-73.64,NY3
11580,40.67,-73.70,NY4
11581,40.65,-73.72,NY4
11590,40.75,-73.57,NY3:76|NY4:24
11596,40.76,-73.64,NY3
11598,40.63,-73.71,NY4
11691,40.60,-73.76,NY5
11692,40.59,-73.79,NY5
11693,40.59,-73.81,NY5
11694,40.58,-73.85,NY5
11697,40.56,-73.91,NY5
11701,40.68,-73.41,NY2
11702,40.64,-73.38,NY2
11703,40.73,-73.32,NY2
11704,40.72,-73.36,NY2
11705,40.74,-73.06,NY2
11706,40.71,-73.24,NY2
11709,40.91,-73.56,NY3
11710,40.67,-73.53,NY4
11713,40.78,-72.94,NY2
11714,40.74,-73.49,NY3
11715,40.75,-73.03,NY2
11716,40.78,-73.14,NY2
11717,40.78,-73.25,NY2
11718,40.72,-73.26,NY2
11719,40.78,-72.91,NY2
11720,40.87,-73.08,NY1
11721,40.90,-73.37,NY1
11722,40.78,-73.20,NY2
11724,40.86,-73.46,NY3
11725,40.84,-73.28,NY1
11726,40.68,-73.39,NY2
11727,40.88,-73.00,NY1
11729,40.76,-73.33,NY2
11730,40.73,-73.18,NY2
11731,40.86,-73.32,NY1
11732,40.84,-73.54,NY3
11733,40.94,-73.11,NY1
11735,40.73,-73.43,NY3:80|NY2:20
11738,40.84,-73.04,NY1
11739,40.71,-73.17,NY2
11740,40.87,-73.36,NY1
11741,40.79,-73.07,NY2:80|NY1:20
11742,40.81,-73.04,NY2:82|NY1:18
11743,40.88,-73.42,NY3:65|NY1:35
11746,40.81,-73.36,NY1:73|NY3:26|NY2:1
11747,40.78,-73.41,NY1
11749,40.81,-73.17,NY2
11751,40.73,-73.21,NY2
11752,40.76,-73.17,NY2
11753,40.79,-73.54,NY3
11754,40.89,-73.25,NY1
11755,40.86,-73.12,NY1
11756,40.72,-73.52,NY3:94|NY4:6
11757,40.69,-73.37,NY2
11758,40.65,-73.46,NY2:98|NY3:2
11762,40.68,-73.45,NY2
11763,40.83,-72.98,NY2:51|NY1:49
11764,40.93,-72.97,NY1
11765,40.88,-73.56,NY3
11766,40.94,-73.02,NY1
11767,40.85,-73.15,NY1
11768,40.92,-73.34,NY1
11769,40.73,-73.13,NY2
11770,40.65,-73.14,NY2
11771,40.87,-73.53,NY3
11772,40.76,-72.99,NY2
11776,40.91,-73.05,NY1
11777,40.96,-73.07,NY1
11778,40.95,-72.94,NY1
11779,40.81,-73.12,NY1:51|NY2:49
11780,40.91,-73.17,NY1
11782,40.74,-73.08,NY2
11783,40.68,-73.49,NY4:83|NY3:14|NY2:3
11784,40.87,-73.04,NY1
11786,40.95,-72.89,NY1
11787,40.85,-73.21,NY1
11788,40.82,-73.21,NY2:63|NY1:37
11789,40.96,-72.97,NY1
11790,40.91,-73.13,NY1
11791,40.83,-73.50,NY3
11792,40.95,-72.82,NY1
11793,40.65,-73.51,NY4:94|NY3:6
11794,40.92,-73.13,NY1
11795,40.71,-73.30,NY2
11796,40.73,-73.10,NY2
11797,40.82,-73.47,NY3
11798,40.75,-73.38,NY2
11801,40.76,-73.52,NY3
11803,40.78,-73.47,NY3
11804,40.76,-73.46,NY3
11901,40.93,-72.65,NY1
11930,40.99,-72.11,NY1
11931,40.93,-72.62,NY1
11932,40.93,-72.31,NY1
11933,40.94,-72.77,NY1
11934,40.80,-72.80,NY1
11935,41.02,-72.49,NY1
11937,40.99,-72.20,NY1
11939,41.14,-72.32,NY1
11940,40.81,-72.76,NY1
11941,40.83,-72.72,NY1
11942,40.85,-72.57,NY1
11944,41.10,-72.38,NY1
11946,40.86,-72.52,NY1
11947,40.94,-72.58,NY1
11948,40.96,-72.55,NY1
11949,40.87,-72.80,NY1:99|NY2:1
11950,40.81,-72.85,NY2
11951,40.77,-72.84,NY2
11952,41.00,-72.57,NY1
11953,40.89,-72.95,NY1
11954,41.05,-71.95,NY1
11955,40.81,-72.82,NY1
11956,40.99,-72.47,NY1
11957,41.20,-72.12,NY1
11958,41.04,-72.46,NY1
11959,40.83,-72.61,NY1
11960,40.81,-72.70,NY1
11961,40.90,-72.89,NY1
11962,40.93,-72.27,NY1
11963,41.00,-72.32,NY1
11964,41.04,-72.30,NY1
11965,41.08,-72.30,NY1
11967,40.80,-72.88,NY2
11968,40.90,-72.43,NY1
11970,40.94,-72.57,NY1
11971,41.06,-72.43,NY1
11972,40.82,-72.70,NY1
11973,40.87,-72.89,NY1
11975,40.95,-72.25,NY1
11976,40.93,-72.35,NY1
11977,40.83,-72.68,NY1
11978,40.83,-72.64,NY1
11980,40.83,-72.92,NY1:76|NY2:24
12007,42.51,-73.94,NY20
12008,42.85,-73.91,NY20
12009,42.70,-74.04,NY20
12010,42.94,-74.17,NY20:86|NY21:14
12015,42.29,-73.82,NY19
12017,42.32,-73.46,NY19
12018,42.63,-73.52,NY19
12019,42.94,-73.88,NY20
12020,43.00,-73.87,NY20
12022,42.67,-73.33,NY19
12023,42.60,-74.18,NY20:83|NY21:17
12024,42.48,-73.53,NY19
12025,43.09,-74.12,NY21:93|NY20:7
12027,42.92,-73.91,NY20
12028,42.94,-73.44,NY20:57|NY21:43
12029,42.42,-73.42,NY19
12031,42.77,-74.47,NY21
12032,43.29,-74.59,NY21
12033,42.53,-73.70,NY19
12035,42.73,-74.37,NY21
12036,42.53,-74.69,NY21:79|NY19:21
12037,42.34,-73.57,NY19
12040,42.63,-73.36,NY19
12041,42.54,-73.98,NY20
12042,42.35,-73.88,NY19
12043,42.69,-74.53,NY21
12045,42.48,-73.80,NY20
12046,42.51,-73.92,NY20:89|NY19:11
12047,42.78,-73.73,NY20
12051,42.35,-73.84,NY19
12052,42.76,-73.48,NY19
12053,42.76,-74.19,NY20:90|NY21:10
12054,42.60,-73.87,NY20
12056,42.76,-74.10,NY20
12057,42.97,-73.34,NY21:75|NY20:25
12058,42.34,-73.92,NY19
12059,42.62,-74.06,NY20
12060,42.41,-73.51,NY19
12061,42.60,-73.66,NY19
12062,42.54,-73.50,NY19
12063,42.57,-73.64,NY19
12064,42.58,-74.65,NY19:87|NY21:13
12065,42.85,-73.79,NY20
12066,42.78,-74.30,NY21:79|NY20:21
12067,42.56,-73.92,NY20
12068,42.96,-74.40,NY21:99|NY20:1
12069,42.95,-74.28,NY20
12070,42.99,-74.26,NY20:66|NY21:34
12071,42.57,-74.42,NY21
12072,42.88,-74.36,NY21
12074,43.05,-74.05,NY20:68|NY21:32
12075,42.30,-73.64,NY19
12076,42.40,-74.39,NY21
12077,42.59,-73.78,NY20
12078,43.13,-74.34,NY21
12082,42.77,-73.45,NY19
12083,42.42,-74.03,NY19:66|NY20:34
12084,42.70,-73.90,NY20
12085,42.70,-73.97,NY20
12086,43.00,-74.11,NY20:87|NY21:13
12087,42.43,-73.89,NY19:89|NY20:11
12090,42.88,-73.35,NY20
12092,42.71,-74.38,NY21
12093,42.50,-74.63,NY21:79|NY19:21
12094,42.89,-73.49,NY20:94|NY21:5|NY19:1
12095,43.04,-74.43,NY21
12106,42.39,-73.71,NY19
12108,43.47,-74.44,NY21
12110,42.75,-73.78,NY20
12115,42.47,-73.60,NY19
12116,42.54,-74.91,NY19
12117,43.17,-74.26,NY21
12118,42.92,-73.72,NY20
12120,42.47,-74.14,NY20:93|NY19:7
12121,42.84,-73.61,NY20
12122,42.54,-74.33,NY21:95|NY20:5
12123,42.52,-73.61,NY19
12124,42.45,-73.79,NY19
12125,42.48,-73.40,NY19
12130,42.44,-73.66,NY19
12131,42.45,-74.46,NY21
12132,42.47,-73.63,NY19
12134,43.26,-74.23,NY21
12136,42.42,-73.57,NY19
12137,42.86,-74.13,NY20
12138,42.75,-73.37,NY19:99|NY20:1
12139,43.55,-74.58,NY21
12140,42.68,-73.57,NY19
12143,42.49,-73.84,NY20:94|NY19:6
12144,42.63,-73.72,NY20:60|NY19:40
12147,42.52,-74.16,NY20
12148,42.83,-73.85,NY20
12149,42.62,-74.57,NY21:97|NY19:3
12150,42.88,-74.05,NY20
12151,42.92,-73.78,NY20
12153,42.63,-73.47,NY19
12154,42.94,-73.61,NY20:83|NY21:17
12155,42.60,-74.83,NY19
12156,42.48,-73.75,NY19
12157,42.67,-74.29,NY21:99|NY20:1
12158,42.53,-73.81,NY20
12159,42.65,-73.89,NY20
12160,42.76,-74.36,NY21
12161,42.53,-73.85,NY20
12164,43.65,-74.45,NY21
12165,42.32,-73.51,NY19
12166,42.84,-74.46,NY21
12167,42.42,-74.60,NY19:72|NY21:28
12168,42.57,-73.37,NY19
12169,42.59,-73.45,NY19
12170,43.00,-73.67,NY20:87|NY21:13
12172,42.29,-73.74,NY19
12173,42.40,-73.76,NY19
12174,42.35,-73.73,NY19
12175,42.56,-74.56,NY21
12176,42.38,-73.97,NY19
12177,42.95,-74.29,NY21:64|NY20:36
12180,42.75,-73.60,NY20:86|NY19:14
12182,42.80,-73.63,NY20:96|NY19:4
12183,42.75,-73.69,NY20
12184,42.42,-73.65,NY19
12185,42.86,-73.55,NY20:85|NY21:15
12186,42.63,-73.98,NY20
12187,42.63,-74.46,NY21
12188,42.82,-73.70,NY20
12189,42.74,-73.72,NY20
12190,43.48,-74.29,NY21
12192,42.40,-73.83,NY19
12193,42.52,-74.04,NY20
12194,42.54,-74.45,NY21
12195,42.48,-73.47,NY19
12196,42.63,-73.61,NY19
12197,42.61,-74.72,NY19
12198,42.67,-73.63,NY20:85|NY19:15
12202,42.64,-73.76,NY20
12203,42.68,-73.85,NY20
12204,42.69,-73.73,NY20
12205,42.72,-73.82,NY20
12206,42.67,-73.78,NY20
12207,42.66,-73.75,NY20
12208,42.65,-73.81,NY20
12209,42.64,-73.79,NY20
12210,42.66,-73.75,NY20
12211,42.71,-73.76,NY20
12222,42.69,-73.82,NY20
12226,42.68,-73.81,NY20
12302,42.88,-73.98,NY20
12303,42.75,-73.93,NY20
12304,42.77,-73.90,NY20
12305,42.81,-73.95,NY20
12306,42.81,-74.04,NY20
12307,42.80,-73.93,NY20
12308,42.82,-73.92,NY20
12309,42.80,-73.86,NY20
12401,41.99,-74.01,NY18:94|NY19:6
12404,41.82,-74.24,NY19
12405,42.31,-74.10,NY19
12406,42.09,-74.58,NY19
12407,42.30,-74.36,NY19
12409,42.06,-74.17,NY18
12410,42.07,-74.42,NY19
12411,41.88,-74.04,NY19:93|NY18:7
12412,42.01,-74.28,NY19
12413,42.31,-74.03,NY19
12414,42.24,-73.92,NY19
12416,42.09,-74.28,NY19:94|NY18:6
12417,41.91,-73.99,NY18
12418,42.36,-74.16,NY19
12419,41.86,-74.10,NY19
12420,41.68,-74.39,NY19
12421,42.26,-74.54,NY19
12422,42.39,-74.21,NY19
12423,42.38,-74.11,NY19
12424,42.25,-74.12,NY19
12427,42.15,-74.12,NY19
12428,41.73,-74.46,NY19
12429,41.83,-73.96,NY18
12430,42.20,-74.50,NY19
12431,42.36,-74.02,NY19
12432,42.05,-73.94,NY18
12433,42.01,-74.16,NY19
12434,42.36,-74.51,NY19
12435,41.72,-74.50,NY19
12436,42.21,-74.08,NY19
12438,42.21,-74.60,NY19
12439,42.28,-74.21,NY19
12440,41.78,-74.17,NY19
12441,42.15,-74.50,NY19
12442,42.23,-74.24,NY19
12443,41.93,-74.08,NY19:87|NY18:13
12444,42.25,-74.29,NY19
12446,41.79,-74.31,NY19
12448,42.08,-74.20,NY18
12449,41.99,-73.99,NY18
12450,42.16,-74.23,NY19
12451,42.30,-73.95,NY19
12452,42.24,-74.36,NY19
12453,42.09,-73.94,NY18
12454,42.29,-74.15,NY19
12455,42.15,-74.66,NY19
12456,42.03,-74.00,NY18
12457,42.04,-74.25,NY19:58|NY18:42
12458,41.82,-74.43,NY19
12459,42.24,-74.68,NY19
12460,42.43,-74.17,NY19:66|NY20:34
12461,41.91,-74.25,NY19
12463,42.19,-74.01,NY19:98|NY18:2
12464,42.07,-74.35,NY19
12465,42.16,-74.46,NY19
12466,41.91,-73.98,NY18
12468,42.30,-74.40,NY19
12469,42.45,-74.25,NY20:74|NY21:18|NY19:8
12470,42.26,-74.07,NY19
12471,41.84,-74.04,NY18
12472,41.85,-74.07,NY19
12473,42.26,-74.03,NY19
12474,42.29,-74.59,NY19
12475,42.01,-74.01,NY18
12477,42.09,-73.99,NY18
12480,42.14,-74.39,NY19
12481,41.98,-74.23,NY19
12482,42.27,-73.96,NY19
12483,41.67,-74.45,NY19
12484,41.86,-74.18,NY19
12485,42.21,-74.17,NY19
12486,41.83,-74.06,NY19
12487,41.87,-74.00,NY18
12489,41.75,-74.35,NY19
12490,42.12,-73.92,NY18
12491,41.97,-74.14,NY19
12492,42.19,-74.33,NY19
12493,41.79,-73.97,NY18
12494,41.95,-74.30,NY19
12495,42.08,-74.25,NY18
12496,42.34,-74.27,NY19
12498,42.05,-74.11,NY18:88|NY19:12
12501,41.85,-73.56,NY18
12502,42.09,-73.66,NY19
12503,42.04,-73.58,NY19
12504,42.02,-73.91,NY18
12507,42.01,-73.92,NY18
12508,41.50,-73.95,NY18
12512,41.56,-73.96,NY18
12513,42.22,-73.72,NY19
12514,41.88,-73.76,NY18
12515,41.68,-74.07,NY18
12516,42.11,-73.55,NY19
12517,42.13,-73.51,NY19
12518,41.42,-74.04,NY18
12520,41.43,-74.00,NY18
12521,42.17,-73.65,NY19
12522,41.72,-73.60,NY18
12523,42.09,-73.76,NY19
12524,41.53,-73.88,NY18:99|NY17:1
12525,41.69,-74.19,NY18:85|NY19:15
12526,42.12,-73.86,NY19
12527,41.52,-73.94,NY18
12528,41.71,-74.00,NY18
12529,42.20,-73.54,NY19
12530,42.21,-73.68,NY19
12531,41.54,-73.67,NY17
12533,41.56,-73.79,NY17:83|NY18:17
12534,42.23,-73.75,NY19
12538,41.79,-73.89,NY18
12540,41.67,-73.72,NY18
12542,41.61,-74.01,NY18
12543,41.49,-74.22,NY18
12544,42.26,-73.67,NY19
12545,41.79,-73.68,NY18
12546,41.95,-73.52,NY18:93|NY19:7
12547,41.66,-73.99,NY18
12548,41.66,-74.10,NY18
12549,41.53,-74.26,NY18
12550,41.54,-74.06,NY18
12553,41.46,-74.07,NY18
12561,41.76,-74.09,NY18:97|NY19:3
12563,41.50,-73.59,NY17
12564,41.58,-73.58,NY17:89|NY18:11
12565,42.25,-73.65,NY19
12566,41.63,-74.32,NY19:57|NY18:43
12567,41.99,-73.65,NY18:84|NY19:16
12569,41.73,-73.79,NY18
12570,41.63,-73.67,NY18:72|NY17:28
12571,42.00,-73.81,NY18:93|NY19:7
12572,41.92,-73.86,NY18
12574,41.92,-73.95,NY18
12575,41.49,-74.16,NY18
12577,41.42,-74.12,NY18
12578,41.81,-73.80,NY18
12580,41.86,-73.87,NY18
12581,41.90,-73.70,NY18
12582,41.54,-73.72,NY17
12583,42.06,-73.88,NY18:69|NY19:31
12585,41.73,-73.69,NY18
12586,41.57,-74.17,NY18
12589,41.62,-74.16,NY19:51|NY18:49
12590,41.60,-73.89,NY18:91|NY17:9
12592,41.78,-73.55,NY18
12594,41.66,-73.57,NY18
12601,41.71,-73.91,NY18
12603,41.68,-73.86,NY18
12604,41.69,-73.89,NY18
12701,41.65,-74.70,NY19
12719,41.49,-74.89,NY19
12720,41.65,-74.90,NY19
12721,41.57,-74.43,NY19:79|NY18:21
12722,41.59,-74.37,NY19
12723,41.75,-74.99,NY19
12724,41.86,-74.94,NY19
12725,41.98,-74.57,NY19
12726,41.70,-74.97,NY19
12729,41.49,-74.61,NY18:94|NY19:6
12732,41.55,-74.87,NY19
12733,41.74,-74.61,NY19
12734,41.73,-74.75,NY19
12736,41.85,-75.02,NY19
12737,41.50,-74.80,NY19
12738,41.67,-74.60,NY19
12740,41.94,-74.44,NY19
12741,41.84,-75.08,NY19
12742,41.72,-74.72,NY19
12743,41.54,-74.84,NY19
12745,41.79,-75.03,NY19
12746,41.44,-74.65,NY18
12747,41.75,-74.64,NY19
12748,41.77,-74.92,NY19
12749,41.70,-74.83,NY19
12750,41.74,-74.97,NY19
12751,41.69,-74.66,NY19
12752,41.68,-74.99,NY19
12754,41.80,-74.74,NY19
12758,41.94,-74.74,NY19
12759,41.79,-74.66,NY19
12760,41.90,-75.11,NY19
12762,41.66,-74.79,NY19
12763,41.68,-74.51,NY19
12764,41.59,-75.00,NY19
12765,41.85,-74.62,NY19
12766,41.82,-74.98,NY19
12767,41.83,-75.00,NY19
12768,41.86,-74.73,NY19
12769,41.66,-74.47,NY19
12770,41.45,-74.84,NY19
12771,41.38,-74.63,NY18
12775,41.62,-74.58,NY19
12776,41.96,-74.96,NY19
12777,41.56,-74.71,NY19
12778,41.66,-74.81,NY19
12779,41.69,-74.62,NY19
12780,41.44,-74.73,NY18:99|NY19:1
12781,41.61,-74.47,NY19
12783,41.73,-74.83,NY19
12784,41.67,-74.61,NY19
12785,41.55,-74.59,NY18:57|NY19:43
12786,41.64,-74.86,NY19
12787,41.80,-74.85,NY19
12788,41.80,-74.59,NY19
12789,41.72,-74.58,NY19
12790,41.56,-74.53,NY19
12791,41.82,-74.89,NY19
12792,41.51,-74.96,NY19
12801,43.31,-73.65,NY21
12803,43.29,-73.63,NY21
12804,43.34,-73.68,NY21
12808,43.75,-73.75,NY21
12809,43.24,-73.47,NY21
12810,43.49,-73.99,NY21
12811,43.56,-74.08,NY21
12812,43.88,-74.39,NY21
12814,43.63,-73.63,NY21
12815,43.70,-73.69,NY21
12816,43.04,-73.38,NY21
12817,43.64,-73.82,NY21
12819,43.59,-73.47,NY21
12820,43.46,-73.64,NY21
12821,43.45,-73.42,NY21
12822,43.23,-73.92,NY21
12823,43.18,-73.41,NY21
12824,43.52,-73.71,NY21
12827,43.44,-73.53,NY21
12828,43.25,-73.56,NY21
12831,43.20,-73.69,NY21:80|NY20:20
12832,43.36,-73.33,NY21
12833,43.15,-73.84,NY21:99|NY20:1
12834,43.10,-73.51,NY21
12835,43.33,-74.01,NY21
12836,43.71,-73.61,NY21
12837,43.48,-73.26,NY21
12838,43.33,-73.41,NY21
12839,43.35,-73.55,NY21
12841,43.59,-73.52,NY21
12842,43.68,-74.29,NY21
12843,43.59,-73.98,NY21
12844,43.49,-73.65,NY21
12845,43.43,-73.71,NY21
12846,43.35,-73.79,NY21
12847,43.97,-74.63,NY21
12849,43.44,-73.30,NY21
12850,43.10,-73.98,NY21:76|NY20:24
12851,43.86,-74.12,NY21
12852,43.99,-74.13,NY21
12853,43.66,-74.06,NY21
12854,43.45,-73.33,NY21
12855,44.03,-73.76,NY21
12856,43.67,-74.14,NY21
12857,43.86,-73.97,NY21
12858,43.88,-73.70,NY21
12859,43.16,-73.90,NY21
12860,43.72,-73.81,NY21
12861,43.75,-73.42,NY21
12862,43.69,-73.93,NY21
12863,43.06,-73.93,NY20
12864,43.73,-74.31,NY21
12865,43.21,-73.35,NY21
12866,43.07,-73.74,NY20:93|NY21:7
12870,43.85,-73.76,NY21
12871,43.09,-73.60,NY21
12872,43.88,-73.72,NY21
12873,43.12,-73.31,NY21
12874,43.69,-73.55,NY21
12878,43.44,-74.06,NY21
12883,43.84,-73.55,NY21
12884,43.09,-73.59,NY21
12885,43.53,-73.84,NY21
12886,43.64,-73.93,NY21
12887,43.54,-73.37,NY21
12901,44.71,-73.47,NY21
12903,44.66,-73.46,NY21
12910,44.86,-73.61,NY21
12911,44.54,-73.47,NY21
12912,44.48,-73.77,NY21
12913,44.43,-74.00,NY21
12914,44.93,-74.59,NY21
12915,44.85,-74.03,NY21
12916,44.84,-74.52,NY21
12917,44.92,-74.17,NY21
12918,44.69,-73.68,NY21
12919,44.96,-73.45,NY21
12920,44.89,-74.06,NY21
12921,44.89,-73.43,NY21
12922,44.37,-74.81,NY21
12923,44.95,-73.96,NY21
12924,44.48,-73.58,NY21
12926,44.95,-74.33,NY21
12927,44.21,-74.81,NY21
12928,43.96,-73.58,NY21
12929,44.72,-73.72,NY21
12930,44.73,-74.54,NY21
12932,44.21,-73.61,NY21
12933,44.89,-73.85,NY21
12934,44.80,-73.85,NY21
12935,44.84,-73.80,NY21
12936,44.29,-73.40,NY21
12937,44.96,-74.49,NY21
12939,44.44,-74.16,NY21
12941,44.35,-73.70,NY21
12942,44.26,-73.80,NY21
12943,44.12,-73.88,NY21
12944,44.43,-73.53,NY21
12945,44.31,-74.24,NY21
12946,44.21,-74.05,NY21
12950,44.32,-73.58,NY21
12952,44.71,-73.90,NY21
12953,44.75,-74.26,NY21
12955,44.78,-73.94,NY21
12956,44.10,-73.48,NY21
12957,44.85,-74.58,NY21
12958,44.95,-73.57,NY21
12959,44.95,-73.72,NY21
12960,44.02,-73.57,NY21
12961,44.06,-73.58,NY21
12962,44.71,-73.58,NY21
12964,44.13,-73.63,NY21
12965,44.71,-74.68,NY21
12966,44.79,-74.43,NY21
12967,44.76,-74.66,NY21
12969,44.71,-74.10,NY21
12970,44.45,-74.34,NY21
12972,44.56,-73.56,NY21
12973,44.28,-74.57,NY21
12974,44.06,-73.46,NY21
12975,44.53,-73.43,NY21
12976,44.50,-74.23,NY21
12977,44.30,-74.10,NY21
12978,44.61,-73.79,NY21
12979,44.99,-73.37,NY21
12980,44.56,-74.52,NY21
12981,44.63,-73.84,NY21
12983,44.35,-74.14,NY21
12985,44.56,-73.74,NY21
12986,44.22,-74.43,NY21
12987,44.36,-73.76,NY21
12989,44.54,-74.06,NY21
12992,44.82,-73.52,NY21
12993,44.19,-73.49,NY21
12996,44.36,-73.45,NY21
12997,44.37,-73.89,NY21
12998,44.09,-73.60,NY21
13020,42.82,-76.07,NY22
13021,42.92,-76.55,NY22:92|NY24:8
13024,42.93,-76.57,NY22
13026,42.74,-76.65,NY22
13027,43.17,-76.36,NY22
13028,43.30,-75.93,NY24
13029,43.23,-76.15,NY22
13030,43.16,-75.96,NY22
13031,43.05,-76.31,NY22
13032,43.08,-75.77,NY22:99|NY21:1
13033,43.19,-76.57,NY24
13034,42.96,-76.71,NY24:69|NY22:31
13035,42.94,-75.83,NY22
13036,43.32,-76.19,NY24
13037,43.07,-75.85,NY22
13039,43.17,-76.06,NY22
13040,42.56,-75.93,NY19:98|NY22:2
13041,43.19,-76.19,NY22
13042,43.26,-75.85,NY21:53|NY24:47
13044,43.30,-75.99,NY24
13045,42.58,-76.19,NY22:91|NY19:9
13051,42.88,-75.91,NY22
13052,42.73,-75.87,NY22:81|NY19:19
13053,42.48,-76.27,NY19
13054,43.17,-75.67,NY21
13057,43.10,-76.04,NY22
13060,43.02,-76.41,NY22
13061,42.86,-75.75,NY22
13062,42.48,-76.39,NY19
13063,42.85,-75.98,NY22
13065,42.82,-76.82,NY24
13066,43.03,-76.00,NY22
13068,42.49,-76.36,NY19
13069,43.33,-76.38,NY24
13071,42.68,-76.54,NY22
13072,42.76,-75.75,NY22:73|NY19:27
13073,42.58,-76.39,NY19:99|NY22:1
13074,43.31,-76.55,NY24
13076,43.35,-76.15,NY24
13077,42.73,-76.21,NY22
13078,42.96,-76.06,NY22
13080,43.09,-76.48,NY22:74|NY24:26
13081,42.67,-76.63,NY22
13082,43.10,-75.96,NY22
13083,43.65,-75.98,NY24
13084,42.88,-76.12,NY22
13087,42.70,-76.17,NY22
13088,43.11,-76.19,NY22
13090,43.15,-76.21,NY22
13092,42.65,-76.43,NY22:89|NY19:11
13101,42.61,-76.07,NY22:71|NY19:29
13102,42.55,-76.29,NY19
13103,43.33,-76.10,NY24
13104,42.96,-75.95,NY22
13108,42.96,-76.33,NY22
13110,42.89,-76.29,NY22
13111,43.26,-76.61,NY24
13112,43.11,-76.42,NY22
13113,43.16,-76.53,NY24
13114,43.47,-76.24,NY24
13115,43.39,-76.47,NY24
13116,43.07,-76.01,NY22
13117,43.01,-76.71,NY24
13118,42.75,-76.40,NY22
13119,42.98,-76.44,NY22
13120,42.95,-76.16,NY22
13121,43.48,-76.31,NY24
13122,42.84,-75.86,NY22
13123,43.23,-75.75,NY21
13124,42.66,-75.82,NY19
13126,43.43,-76.46,NY24
13131,43.42,-76.09,NY24
13132,43.27,-76.25,NY24
13134,42.97,-75.68,NY22
13135,43.26,-76.32,NY24:74|NY22:26
13136,42.61,-75.85,NY19
13138,42.90,-76.01,NY22
13140,43.06,-76.65,NY24
13141,42.75,-76.19,NY22
13142,43.56,-76.14,NY24
13143,43.23,-76.72,NY24
13144,43.57,-75.98,NY24
13145,43.65,-76.12,NY24
13146,43.10,-76.76,NY24
13147,42.78,-76.57,NY22
13148,42.92,-76.78,NY24
13152,42.91,-76.38,NY22
13153,42.99,-76.45,NY22
13154,43.13,-76.76,NY24
13155,42.67,-75.78,NY19
13156,43.33,-76.66,NY24
13157,43.20,-75.73,NY21
13158,42.72,-75.97,NY22
13159,42.80,-76.12,NY22
13160,42.83,-76.65,NY22
13162,43.19,-75.72,NY21
13163,43.08,-75.71,NY22
13164,43.10,-76.31,NY22
13165,42.91,-76.88,NY24
13166,43.08,-76.57,NY24:95|NY22:5
13167,43.33,-76.06,NY24
13202,43.04,-76.15,NY22
13203,43.06,-76.13,NY22
13204,43.05,-76.18,NY22
13205,43.00,-76.14,NY22
13206,43.07,-76.11,NY22
13207,43.01,-76.16,NY22
13208,43.08,-76.15,NY22
13209,43.08,-76.24,NY22
13210,43.03,-76.13,NY22
13211,43.10,-76.12,NY22
13212,43.13,-76.13,NY22
13214,43.04,-76.08,NY22
13215,42.98,-76.22,NY22
13219,43.04,-76.22,NY22
13224,43.04,-76.10,NY22
13244,43.02,-76.12,NY22
13290,43.07,-76.17,NY22
13301,43.42,-75.22,NY21
13302,43.50,-75.97,NY24
13303,43.37,-75.47,NY21
13304,43.24,-75.16,NY21
13305,43.90,-75.43,NY21
13308,43.25,-75.66,NY21
13309,43.48,-75.34,NY21
13310,42.89,-75.57,NY22
13312,43.69,-75.20,NY21
13313,42.88,-75.25,NY22
13314,42.83,-75.30,NY22
13315,42.74,-75.14,NY19
13316,43.42,-75.74,NY21:99|NY24:1
13317,42.85,-74.59,NY21:98|NY19:2
13318,42.92,-75.26,NY22
13319,43.03,-75.27,NY22
13320,42.78,-74.74,NY19:99|NY21:1
13321,43.09,-75.37,NY22
13322,42.98,-75.20,NY22:68|NY21:32
13323,43.04,-75.38,NY22
13324,43.32,-74.92,NY21
13325,43.58,-75.54,NY21
13326,42.72,-74.90,NY19
13327,43.97,-75.26,NY21
13328,42.98,-75.43,NY22
13329,43.11,-74.71,NY21
13331,43.82,-75.04,NY21
13332,42.76,-75.58,NY22:71|NY19:29
13333,42.83,-74.83,NY19
13334,42.83,-75.66,NY22
13335,42.70,-75.25,NY19
13337,42.76,-75.00,NY19
13338,43.53,-74.99,NY21
13339,42.94,-74.66,NY21
13340,43.06,-75.13,NY21
13342,42.64,-75.19,NY19
13343,43.75,-75.31,NY21
13345,43.69,-75.32,NY21
13346,42.82,-75.55,NY22
13348,42.71,-75.06,NY19
13350,43.06,-74.99,NY21
13352,43.31,-75.13,NY21
13353,43.45,-74.69,NY21
13354,43.26,-75.28,NY21
13355,42.81,-75.42,NY22
13357,42.97,-75.08,NY21
13360,43.72,-74.71,NY21
13361,42.90,-74.87,NY21:75|NY19:25
13363,43.34,-75.51,NY21
13364,42.80,-75.26,NY22
13365,43.10,-74.85,NY21
13367,43.73,-75.54,NY21
13368,43.64,-75.33,NY21
13402,42.90,-75.51,NY22
13403,43.16,-75.27,NY21
13404,43.74,-75.48,NY21
13406,43.14,-74.92,NY21
13407,42.97,-74.94,NY21
13408,42.92,-75.66,NY22
13409,42.98,-75.59,NY22
13410,42.93,-74.61,NY21
13411,42.63,-75.31,NY19
13413,43.06,-75.28,NY22:98|NY21:2
13415,42.60,-75.20,NY19
13416,43.19,-74.97,NY21
13417,43.10,-75.29,NY22
13418,42.85,-75.38,NY22
13420,43.65,-75.01,NY21
13421,43.06,-75.66,NY22:99|NY21:1
13424,43.15,-75.36,NY22
13425,42.96,-75.49,NY22
13428,42.92,-74.53,NY21
13431,43.21,-75.07,NY21
13433,43.59,-75.25,NY21
13435,43.30,-75.15,NY21
13436,43.78,-74.66,NY21
13437,43.58,-75.80,NY24:82|NY21:18
13438,43.35,-75.16,NY21
13439,42.86,-75.00,NY19:74|NY21:26
13440,43.22,-75.46,NY21:92|NY22:8
13441,43.23,-75.41,NY21
13450,42.70,-74.81,NY19
13452,43.04,-74.63,NY21
13454,43.17,-74.76,NY21
13455,42.92,-75.38,NY22
13456,43.00,-75.26,NY22:94|NY21:6
13457,42.78,-75.04,NY19
13459,42.78,-74.59,NY21:99|NY19:1
13460,42.69,-75.44,NY19:99|NY22:1
13461,43.07,-75.60,NY22
13464,42.69,-75.62,NY19
13468,42.85,-74.87,NY19
13469,43.21,-75.30,NY21
13470,43.21,-74.67,NY21
13471,43.38,-75.61,NY21
13472,43.70,-75.07,NY21
13473,43.64,-75.45,NY21
13475,42.89,-74.81,NY21
13476,43.09,-75.51,NY22
13477,43.04,-75.51,NY22
13478,43.14,-75.58,NY21:78|NY22:22
13480,42.92,-75.36,NY22
13482,42.70,-75.17,NY19
13483,43.41,-75.81,NY21:96|NY24:4
13484,42.85,-75.66,NY22
13485,42.79,-75.32,NY22:70|NY19:30
13486,43.36,-75.34,NY21
13488,42.67,-74.77,NY19
13489,43.47,-75.52,NY21
13490,43.11,-75.43,NY22
13491,42.86,-75.17,NY21:58|NY19:32|NY22:10
13492,43.11,-75.34,NY22
13493,43.43,-75.90,NY24
13494,43.53,-75.15,NY21
13495,43.11,-75.28,NY22
13501,43.08,-75.23,NY22
13502,43.14,-75.15,NY22:79|NY21:21
13601,43.97,-75.91,NY24:96|NY21:4
13602,44.05,-75.75,NY21
13603,44.03,-75.80,NY21
13605,43.81,-76.05,NY24
13606,43.87,-76.02,NY24
13607,44.33,-75.91,NY24
13608,44.26,-75.61,NY21
13611,43.77,-76.13,NY24
13612,43.99,-75.77,NY24:63|NY21:37
13613,44.84,-74.75,NY21
13614,44.53,-75.69,NY21
13615,44.01,-75.98,NY24
13616,44.03,-75.86,NY21:81|NY24:19
13617,44.58,-75.14,NY21
13618,44.11,-76.29,NY24
13619,43.98,-75.59,NY21:59|NY24:41
13620,43.91,-75.45,NY21
13621,44.84,-75.06,NY21
13622,44.10,-76.12,NY24
13623,44.45,-75.75,NY21
13624,44.23,-76.09,NY24
13625,44.54,-74.91,NY21
13626,43.85,-75.72,NY21:82|NY24:18
13628,44.04,-75.68,NY21
13630,44.50,-75.31,NY21
13632,44.13,-76.07,NY24
13633,44.48,-75.50,NY21
13634,44.00,-76.08,NY24
13635,44.29,-75.28,NY21
13636,43.74,-76.13,NY24
13637,44.10,-75.84,NY21:93|NY24:7
13638,44.02,-75.75,NY24
13639,44.26,-75.15,NY21
13640,44.33,-75.99,NY24
13641,44.27,-76.01,NY24
13642,44.33,-75.47,NY21
13643,44.03,-75.72,NY24
13645,44.31,-75.45,NY21
13646,44.44,-75.69,NY21:98|NY24:2
13647,44.60,-74.99,NY21
13648,44.15,-75.30,NY21
13649,44.91,-74.70,NY21
13650,43.81,-76.22,NY24
13651,43.87,-76.18,NY24
13652,44.43,-75.21,NY21
13654,44.57,-75.49,NY21
13655,44.98,-74.64,NY21
13656,44.19,-75.95,NY24
13658,44.75,-75.27,NY21
13659,43.74,-75.86,NY24
13660,44.77,-75.16,NY21
13661,43.71,-76.10,NY24
13662,44.94,-74.89,NY21
13664,44.58,-75.65,NY21
13665,44.05,-75.43,NY21
13666,44.22,-74.95,NY21
13667,44.80,-75.02,NY21
13668,44.75,-74.99,NY21
13669,44.66,-75.49,NY21
13670,44.19,-75.10,NY21
13672,44.47,-74.66,NY21
13673,44.18,-75.73,NY21:92|NY24:8
13674,43.74,-76.05,NY24
13675,44.28,-75.84,NY24
13676,44.66,-74.91,NY21
13678,44.83,-74.97,NY21
13679,44.33,-75.77,NY24:91|NY21:9
13680,44.59,-75.33,NY21
13681,44.43,-75.37,NY21
13682,43.84,-75.90,NY24:98|NY21:2
13683,44.97,-74.74,NY21
13684,44.36,-75.01,NY21
13685,43.93,-76.09,NY24
13687,44.44,-74.84,NY21
13690,44.14,-75.01,NY21
13691,44.23,-75.77,NY24:90|NY21:10
13692,44.29,-76.03,NY24
13693,43.99,-76.25,NY24
13694,44.86,-75.17,NY21
13695,44.10,-74.92,NY21
13696,44.70,-74.89,NY21
13697,44.75,-74.81,NY21
13699,44.66,-75.00,NY21
13730,42.23,-75.53,NY19
13731,42.13,-74.79,NY19
13732,42.05,-76.17,NY23
13733,42.30,-75.48,NY19
13734,42.07,-76.41,NY23
13736,42.32,-76.19,NY23:84|NY19:16
13738,42.56,-76.12,NY22
13739,42.35,-74.79,NY19
13740,42.27,-74.76,NY19
13743,42.21,-76.34,NY23
13744,42.24,-75.91,NY19
13746,42.24,-75.86,NY19
13747,42.49,-74.98,NY19
13748,42.04,-75.82,NY19
13750,42.48,-74.84,NY19
13751,42.46,-74.88,NY19
13752,42.17,-74.90,NY19
13753,42.31,-74.93,NY19
13754,42.09,-75.45,NY19
13755,42.07,-75.02,NY19
13756,42.00,-75.10,NY19
13757,42.43,-74.84,NY19
13760,42.13,-76.08,NY19:93|NY23:7
13774,41.96,-75.18,NY19
13775,42.33,-75.13,NY19
13776,42.47,-75.34,NY19
13777,42.26,-75.99,NY19
13778,42.36,-75.76,NY19
13780,42.42,-75.48,NY19
13782,42.17,-74.99,NY19
13783,41.99,-75.27,NY19
13784,42.44,-76.22,NY19
13786,42.45,-74.70,NY19
13787,42.22,-75.68,NY19
13788,42.34,-74.67,NY19
13790,42.17,-76.00,NY19
13795,42.06,-75.78,NY19
13796,42.56,-75.13,NY19
13797,42.33,-76.04,NY19
13801,42.51,-75.78,NY19
13802,42.24,-76.04,NY19
13803,42.46,-76.05,NY19:99|NY22:1
13804,42.23,-75.38,NY19
13806,42.38,-74.98,NY19
13807,42.62,-74.97,NY19
13808,42.53,-75.26,NY19
13809,42.41,-75.39,NY19
13810,42.61,-75.11,NY19
13811,42.23,-76.16,NY23:92|NY19:8
13812,42.03,-76.35,NY23
13813,42.18,-75.55,NY19
13814,42.62,-75.53,NY19
13815,42.55,-75.53,NY19
13820,42.48,-75.04,NY19
13825,42.44,-75.20,NY19
13826,42.09,-75.63,NY19
13827,42.12,-76.25,NY23
13830,42.44,-75.64,NY19
13832,42.65,-75.66,NY19
13833,42.20,-75.76,NY19
13834,42.55,-74.97,NY19
13835,42.38,-76.18,NY23:50|NY19:50
13838,42.29,-75.40,NY19
13839,42.24,-75.26,NY19
13841,42.41,-75.84,NY19
13842,42.37,-74.72,NY19
13843,42.56,-75.35,NY19
13844,42.61,-75.69,NY19
13846,42.36,-75.05,NY19
13847,42.20,-75.28,NY19
13849,42.34,-75.32,NY19
13850,42.05,-76.02,NY19
13856,42.17,-75.18,NY19
13859,42.37,-75.25,NY19
13860,42.46,-74.95,NY19
13861,42.50,-75.14,NY19
13862,42.33,-75.93,NY19
13863,42.44,-75.91,NY19
13864,42.27,-76.39,NY23:72|NY19:28
13865,42.06,-75.62,NY19
13901,42.18,-75.88,NY19
13902,42.09,-75.97,NY19
13903,42.04,-75.89,NY19
13904,42.13,-75.82,NY19
13905,42.17,-75.94,NY19
14001,43.04,-78.51,NY23:90|NY24:10
14004,42.89,-78.50,NY23:93|NY24:7
14005,42.92,-78.25,NY24
14006,42.63,-79.02,NY23
14008,43.31,-78.62,NY24
14009,42.59,-78.40,NY24:90|NY23:10
14011,42.83,-78.30,NY24
14012,43.33,-78.53,NY24
14013,43.09,-78.40,NY24
14020,43.00,-78.21,NY24
14024,42.58,-78.25,NY24:96|NY23:4
14025,42.62,-78.73,NY23
14026,42.94,-78.69,NY23
14027,42.59,-79.02,NY23
14028,43.31,-78.72,NY24
14029,42.47,-78.26,NY23
14030,42.56,-78.49,NY23:97|NY24:3
14031,42.98,-78.61,NY23
14032,43.05,-78.63,NY23
14033,42.66,-78.68,NY23
14034,42.50,-78.87,NY23
14035,42.49,-78.86,NY23
14036,42.97,-78.39,NY24
14037,42.80,-78.45,NY24:84|NY23:16
14039,42.85,-78.18,NY24
14040,42.88,-78.38,NY24
14041,42.40,-78.98,NY23
14042,42.48,-78.49,NY23
14043,42.90,-78.70,NY26:63|NY23:37
14047,42.69,-78.99,NY23
14048,42.49,-79.31,NY23
14051,43.04,-78.70,NY26:70|NY23:30
14052,42.77,-78.58,NY23
14054,42.91,-78.13,NY24
14055,42.56,-78.60,NY23
14056,42.99,-78.31,NY24
14057,42.65,-78.87,NY23
14058,43.10,-78.17,NY24
14059,42.83,-78.63,NY23
14060,42.44,-78.32,NY23
14061,42.59,-79.09,NY23
14062,42.45,-79.15,NY23
14063,42.41,-79.34,NY23
14065,42.48,-78.31,NY23
14066,42.63,-78.19,NY24
14067,43.21,-78.56,NY24
14068,43.03,-78.76,NY26
14069,42.60,-78.64,NY23
14070,42.42,-78.92,NY23
14072,43.02,-78.96,NY26
14075,42.71,-78.83,NY23
14080,42.63,-78.56,NY23
14081,42.56,-79.07,NY23
14082,42.66,-78.39,NY24
14083,42.68,-78.43,NY24
14085,42.71,-78.93,NY23
14086,42.91,-78.63,NY23
14091,42.54,-78.89,NY23
14092,43.17,-78.99,NY24
14094,43.16,-78.70,NY24:65|NY23:35
14098,43.33,-78.38,NY24
14101,42.39,-78.54,NY23
14102,42.84,-78.55,NY23
14103,43.21,-78.38,NY24
14105,43.18,-78.49,NY24
14108,43.26,-78.73,NY24
14109,43.14,-79.04,NY24
14111,42.58,-78.90,NY23
14112,42.70,-78.94,NY23
14113,42.66,-78.32,NY24
14120,43.08,-78.84,NY26:90|NY23:10
14125,43.08,-78.27,NY24
14126,43.34,-78.73,NY24
14127,42.75,-78.74,NY23
14129,42.48,-79.02,NY23
14130,42.55,-78.15,NY24
14131,43.24,-78.90,NY24
14132,43.15,-78.88,NY24:73|NY26:27
14134,42.53,-78.52,NY23
14135,42.48,-79.24,NY23
14136,42.52,-79.17,NY23
14138,42.38,-79.05,NY23
14139,42.72,-78.54,NY23
14141,42.52,-78.71,NY23
14143,42.98,-78.08,NY24
14145,42.73,-78.43,NY24:95|NY23:5
14150,43.00,-78.88,NY26
14166,42.45,-79.42,NY23
14167,42.75,-78.32,NY24
14168,42.51,-78.99,NY23
14169,42.76,-78.53,NY23
14170,42.70,-78.67,NY23
14171,42.42,-78.65,NY23
14172,43.27,-78.81,NY24
14173,42.53,-78.47,NY23
14174,43.25,-79.00,NY24
14201,42.90,-78.89,NY26
14202,42.88,-78.88,NY26
14203,42.86,-78.86,NY26
14204,42.88,-78.86,NY26
14206,42.88,-78.81,NY26
14207,42.95,-78.90,NY26
14208,42.91,-78.85,NY26
14209,42.91,-78.87,NY26
14210,42.86,-78.83,NY26
14211,42.91,-78.82,NY26
14212,42.90,-78.82,NY26
14213,42.92,-78.89,NY26
14214,42.94,-78.84,NY26
14215,42.93,-78.81,NY26
14216,42.95,-78.86,NY26
14217,42.97,-78.88,NY26
14218,42.82,-78.83,NY26:98|NY23:2
14219,42.79,-78.83,NY23:94|NY26:6
14220,42.85,-78.82,NY26
14221,42.98,-78.72,NY26:85|NY23:15
14222,42.92,-78.88,NY26
14223,42.97,-78.85,NY26
14224,42.84,-78.75,NY26:99|NY23:1
14225,42.93,-78.75,NY26
14226,42.97,-78.80,NY26
14227,42.88,-78.75,NY26
14228,43.04,-78.78,NY26
14260,43.00,-78.79,NY26
14261,43.00,-78.79,NY26
14301,43.10,-79.04,NY26
14302,43.09,-79.05,NY26
14303,43.08,-79.04,NY26
14304,43.10,-78.95,NY26:98|NY24:2
14305,43.12,-79.02,NY26:97|NY24:3
14411,43.24,-78.22,NY24
14413,43.22,-76.97,NY24
14414,42.89,-77.74,NY24
14415,42.76,-77.02,NY24
14416,43.08,-77.98,NY24:92|NY25:8
14418,42.60,-77.22,NY24
14420,43.21,-77.93,NY25:98|NY24:2
14422,43.08,-78.07,NY24
14423,42.94,-77.84,NY24
14424,42.86,-77.30,NY24
14425,42.99,-77.34,NY24
14427,42.61,-78.05,NY24
14428,43.08,-77.85,NY25
14432,42.96,-77.14,NY24
14433,43.08,-76.88,NY24
14435,42.71,-77.66,NY24
14437,42.57,-77.73,NY24
14441,42.69,-76.96,NY24
14445,43.11,-77.49,NY25
14450,43.09,-77.42,NY25
14453,43.02,-77.47,NY25
14454,42.80,-77.77,NY24
14456,42.85,-77.00,NY24
14462,42.69,-77.75,NY24
14463,42.80,-77.07,NY24
14464,43.33,-77.94,NY25:99|NY24:1
14466,42.78,-77.58,NY24
14467,43.04,-77.61,NY25
14468,43.29,-77.80,NY25
14469,42.88,-77.47,NY24:79|NY25:21
14470,43.21,-78.06,NY24:97|NY25:3
14471,42.74,-77.49,NY24
14472,42.97,-77.58,NY25:91|NY24:9
14475,42.94,-77.50,NY24
14476,43.33,-78.04,NY24:93|NY25:7
14477,43.34,-78.13,NY24
14478,42.58,-77.13,NY24
14479,43.24,-78.30,NY24
14480,42.84,-77.71,NY24
14481,42.77,-77.92,NY24
14482,42.97,-77.97,NY24:99|NY25:1
14485,42.88,-77.60,NY24
14486,42.89,-77.92,NY24
14487,42.81,-77.64,NY24
14489,43.09,-76.99,NY24
14502,43.10,-77.34,NY24:97|NY25:3
14504,42.97,-77.23,NY24
14505,43.16,-77.17,NY24
14506,43.00,-77.51,NY25
14507,42.68,-77.25,NY24
14510,42.70,-77.87,NY24
14511,43.00,-77.89,NY25
14512,42.65,-77.40,NY24
14513,43.08,-77.10,NY24
14514,43.08,-77.81,NY25
14515,43.25,-77.73,NY25
14516,43.20,-76.91,NY24
14517,42.59,-77.90,NY24
14519,43.23,-77.31,NY24:95|NY25:5
14521,42.68,-76.81,NY24
14522,43.06,-77.22,NY24
14525,42.88,-78.01,NY24
14526,43.15,-77.44,NY25
14527,42.67,-77.06,NY24
14529,42.54,-77.64,NY24
14530,42.74,-78.00,NY24
14532,42.96,-77.03,NY24
14533,42.85,-77.88,NY24
14534,43.06,-77.52,NY25
14536,42.54,-78.08,NY24:77|NY23:23
14537,43.04,-77.16,NY24
14539,42.83,-77.88,NY24
14541,42.77,-76.85,NY24
14542,43.15,-76.88,NY24
14543,42.98,-77.68,NY25
14544,42.76,-77.24,NY24
14545,42.66,-77.71,NY24
14546,43.03,-77.78,NY25
14548,42.98,-77.24,NY24
14549,42.70,-78.02,NY24
14550,42.68,-78.09,NY24
14551,43.22,-77.05,NY24
14555,43.27,-76.98,NY24
14556,42.68,-77.83,NY24
14557,43.04,-78.07,NY24
14559,43.19,-77.82,NY25
14560,42.69,-77.58,NY24
14561,42.82,-77.13,NY24
14564,42.99,-77.43,NY25
14568,43.14,-77.29,NY24
14569,42.75,-78.17,NY24
14571,43.34,-78.25,NY24
14572,42.56,-77.56,NY24
14580,43.22,-77.44,NY25
14585,42.91,-77.55,NY24
14586,43.04,-77.69,NY25
14588,42.68,-76.87,NY24
14589,43.24,-77.17,NY24
14590,43.25,-76.83,NY24
14591,42.83,-78.11,NY24
14592,42.87,-77.89,NY24
14604,43.16,-77.61,NY25
14605,43.17,-77.60,NY25
14606,43.17,-77.70,NY25
14607,43.15,-77.59,NY25
14608,43.15,-77.62,NY25
14609,43.18,-77.55,NY25
14610,43.14,-77.54,NY25
14611,43.15,-77.65,NY25
14612,43.26,-77.67,NY25
14613,43.18,-77.64,NY25
14614,43.16,-77.61,NY25
14615,43.20,-77.65,NY25
14616,43.23,-77.66,NY25
14617,43.23,-77.59,NY25
14618,43.11,-77.55,NY25
14619,43.14,-77.65,NY25
14620,43.13,-77.60,NY25
14621,43.19,-77.60,NY25
14622,43.21,-77.55,NY25
14623,43.09,-77.64,NY25
14624,43.13,-77.73,NY25
14625,43.15,-77.51,NY25
14626,43.21,-77.71,NY25
14627,43.13,-77.63,NY25
14642,43.12,-77.63,NY25
14701,42.08,-79.26,NY23
14706,42.11,-78.53,NY23
14707,42.08,-78.06,NY23
14708,42.02,-78.06,NY23
14709,42.36,-77.98,NY23
14710,42.09,-79.42,NY23
14711,42.32,-78.13,NY23
14712,42.18,-79.36,NY23
14714,42.29,-78.24,NY23
14715,42.08,-78.14,NY23
14716,42.38,-79.44,NY23
14717,42.36,-78.18,NY23
14718,42.35,-79.29,NY23
14719,42.34,-78.87,NY23
14720,42.11,-79.28,NY23
14721,42.02,-78.27,NY23
14722,42.21,-79.47,NY23
14723,42.32,-79.16,NY23
14724,42.05,-79.67,NY23
14726,42.25,-79.02,NY23
14727,42.21,-78.29,NY23
14728,42.27,-79.41,NY23
14729,42.41,-78.74,NY23
14731,42.31,-78.66,NY23
14732,42.22,-79.11,NY23
14733,42.16,-79.17,NY23
14735,42.45,-78.09,NY23
14736,42.14,-79.75,NY23
14737,42.33,-78.43,NY23
14738,42.05,-79.06,NY23
14739,42.19,-78.16,NY23
14740,42.22,-79.18,NY23
14741,42.22,-78.61,NY23
14742,42.12,-79.31,NY23
14743,42.21,-78.41,NY23
14744,42.43,-78.21,NY23
14747,42.15,-79.09,NY23
14748,42.16,-78.64,NY23
14750,42.08,-79.33,NY23
14752,42.35,-79.32,NY23
14753,42.04,-78.64,NY23
14754,42.02,-78.20,NY23
14755,42.23,-78.82,NY23
14756,42.20,-79.42,NY23
14757,42.24,-79.51,NY23
14760,42.07,-78.42,NY23
14767,42.06,-79.51,NY23
14769,42.39,-79.47,NY23
14770,42.04,-78.30,NY23
14772,42.14,-78.95,NY23
14774,42.09,-78.15,NY23
14775,42.23,-79.70,NY23
14777,42.39,-78.27,NY23
14778,42.08,-78.48,NY23
14779,42.11,-78.77,NY23
14781,42.17,-79.61,NY23
14782,42.27,-79.25,NY23
14783,42.07,-78.93,NY23
14784,42.31,-79.39,NY23
14785,42.16,-79.40,NY23
14787,42.32,-79.57,NY23
14788,42.06,-78.38,NY23
14801,42.10,-77.29,NY23
14802,42.25,-77.79,NY23
14803,42.23,-77.80,NY23
14804,42.31,-77.85,NY23
14805,42.35,-76.72,NY23:75|NY24:25
14806,42.16,-77.79,NY23
14807,42.42,-77.72,NY23:64|NY24:36
14808,42.56,-77.47,NY24
14809,42.42,-77.45,NY24:91|NY23:9
14810,42.35,-77.35,NY23:94|NY24:6
14812,42.30,-77.01,NY23
14813,42.25,-78.00,NY23
14814,42.16,-76.96,NY23
14815,42.37,-77.09,NY23:67|NY24:33
14816,42.20,-76.74,NY23
14817,42.36,-76.34,NY19:97|NY23:3
14818,42.45,-76.82,NY24
14819,42.22,-77.44,NY23
14820,42.20,-77.37,NY23
14821,42.24,-77.22,NY23
14822,42.44,-77.85,NY23:95|NY24:5
14823,42.24,-77.53,NY23
14824,42.27,-76.69,NY23
14825,42.08,-76.61,NY23
14826,42.50,-77.49,NY24:89|NY23:11
14827,42.18,-77.14,NY23
14830,42.13,-77.03,NY23
14836,42.53,-77.87,NY24:79|NY23:21
14837,42.50,-77.02,NY24:99|NY23:1
14838,42.19,-76.67,NY23
14839,42.15,-77.63,NY23
14840,42.44,-77.19,NY23:79|NY24:21
14841,42.53,-76.84,NY24
14842,42.60,-76.98,NY24
14843,42.33,-77.64,NY23
14845,42.20,-76.84,NY23
14846,42.53,-78.00,NY24:81|NY23:19
14847,42.61,-76.73,NY24
14850,42.43,-76.50,NY19
14853,42.45,-76.48,NY19
14854,42.51,-76.61,NY19
14855,42.15,-77.50,NY23
14856,42.38,-77.37,NY23
14858,42.03,-77.13,NY23
14859,42.13,-76.54,NY23
14860,42.59,-76.84,NY24
14861,42.09,-76.69,NY23
14864,42.29,-76.84,NY23
14865,42.35,-76.82,NY23:95|NY24:5
14867,42.34,-76.61,NY19
14869,42.36,-76.77,NY23:81|NY24:19
14870,42.16,-77.13,NY23
14871,42.04,-76.91,NY23
14872,42.24,-76.87,NY23
14873,42.52,-77.30,NY24
14874,42.53,-77.16,NY24
14877,42.06,-77.69,NY23
14878,42.45,-76.94,NY24
14879,42.30,-77.20,NY23
14880,42.17,-77.97,NY23
14881,42.40,-76.36,NY19
14882,42.59,-76.58,NY19
14883,42.24,-76.48,NY23:76|NY19:24
14884,42.49,-77.90,NY23
14885,42.05,-77.57,NY23
14886,42.50,-76.69,NY19:65|NY24:35
14889,42.23,-76.58,NY23
14891,42.38,-76.95,NY23:66|NY24:34
14892,42.05,-76.53,NY23
14893,42.47,-77.11,NY23
14894,42.02,-76.78,NY23
14895,42.08,-77.94,NY23
14897,42.02,-77.79,NY23
14898,42.05,-77.43,NY23
14901,42.07,-76.74,NY23
14903,42.12,-76.88,NY23
14904,42.07,-76.81,NY23
14905,42.09,-76.84,NY23
15001,40.60,-80.32,PA17
15003,40.60,-80.22,PA17
15004,40.34,-80.38,PA14
15005,40.64,-80.19,PA17
15006,40.63,-79.88,PA17
15007,40.65,-79.93,PA17
15009,40.70,-80.37,PA17
15010,40.77,-80.35,PA17
15012,40.16,-79.81,PA14
15014,40.61,-79.74,PA17
15015,40.64,-80.08,PA17
15017,40.35,-80.13,PA17:68|PA12:28|PA14:4
15018,40.28,-79.80,PA12
15019,40.41,-80.33,PA14
15020,40.23,-79.95,PA12
15021,40.39,-80.44,PA14
15022,40.12,-79.94,PA14
15024,40.58,-79.85,PA17
15025,40.30,-79.92,PA12
15026,40.51,-80.36,PA17:95|PA14:5
15027,40.67,-80.24,PA17
15028,40.30,-79.80,PA12
15030,40.59,-79.78,PA17
15031,40.35,-80.16,PA17
15033,40.18,-79.86,PA14
15034,40.35,-79.89,PA12
15035,40.38,-79.81,PA12
15037,40.26,-79.85,PA12
15038,40.25,-79.93,PA14
15042,40.69,-80.20,PA17
15043,40.55,-80.49,PA17
15044,40.64,-79.95,PA17:94|PA16:6
15045,40.33,-79.89,PA12
15046,40.56,-80.23,PA17
15047,40.31,-79.80,PA12
15049,40.56,-79.80,PA17
15050,40.56,-80.44,PA17
15051,40.57,-79.86,PA17
15052,40.67,-80.43,PA17
15053,40.38,-80.36,PA14
15054,40.36,-80.40,PA14
15055,40.31,-80.12,PA14
15056,40.56,-80.22,PA17
15057,40.36,-80.24,PA17:56|PA14:44
15059,40.67,-80.51,PA17
15060,40.37,-80.29,PA14
15061,40.66,-80.31,PA17
15062,40.15,-79.88,PA14
15063,40.19,-79.92,PA14:87|PA12:13
15064,40.36,-80.15,PA17
15065,40.64,-79.73,PA17
15066,40.75,-80.26,PA17
15067,40.21,-79.96,PA14
15068,40.56,-79.73,PA14:88|PA12:12
15071,40.41,-80.19,PA17
15072,40.14,-79.86,PA14
15074,40.73,-80.21,PA17
15075,40.59,-79.83,PA17
15076,40.61,-79.84,PA17
15077,40.63,-80.42,PA17
15078,40.36,-80.39,PA14
15081,40.58,-80.24,PA17
15082,40.38,-80.21,PA17
15083,40.26,-79.79,PA12
15084,40.63,-79.80,PA17
15085,40.38,-79.73,PA12
15086,40.67,-80.11,PA17:97|PA16:3
15087,40.19,-79.85,PA14
15088,40.27,-79.90,PA12
15089,40.23,-79.75,PA14:82|PA12:18
15090,40.63,-80.07,PA17
15101,40.58,-79.96,PA17
15102,40.32,-80.04,PA12
15104,40.40,-79.86,PA12
15106,40.41,-80.11,PA17:98|PA12:2
15108,40.50,-80.20,PA17
15110,40.37,-79.85,PA12
15112,40.40,-79.84,PA12
15116,40.53,-79.93,PA17
15120,40.40,-79.91,PA12
15122,40.36,-79.90,PA12
15123,40.35,-79.93,PA12
15126,40.46,-80.29,PA17
15129,40.29,-80.00,PA12:99|PA14:1
15131,40.34,-79.80,PA12
15132,40.34,-79.84,PA12
15133,40.33,-79.87,PA12
15135,40.30,-79.81,PA12
15136,40.46,-80.11,PA17
15137,40.38,-79.81,PA12
15139,40.52,-79.84,PA17
15140,40.41,-79.78,PA12
15142,40.38,-80.12,PA17
15143,40.57,-80.15,PA17
15144,40.55,-79.78,PA17
15145,40.41,-79.82,PA12:98|PA17:2
15146,40.43,-79.76,PA12
15147,40.50,-79.83,PA17:92|PA12:8
15148,40.39,-79.80,PA12
15201,40.48,-79.94,PA12
15202,40.51,-80.07,PA17
15203,40.43,-79.98,PA12
15204,40.46,-80.06,PA12:99|PA17:1
15205,40.44,-80.11,PA17:69|PA12:31
15206,40.47,-79.91,PA12
15207,40.40,-79.93,PA12
15208,40.45,-79.90,PA12
15209,40.50,-79.97,PA17
15210,40.41,-79.99,PA12
15211,40.43,-80.02,PA12
15212,40.46,-79.99,PA12:92|PA17:8
15213,40.44,-79.96,PA12
15214,40.49,-80.01,PA12:76|PA17:24
15215,40.50,-79.91,PA17
15216,40.40,-80.03,PA17:63|PA12:37
15217,40.43,-79.92,PA12
15218,40.42,-79.89,PA12:54|PA17:46
15219,40.44,-79.98,PA12
15220,40.42,-80.05,PA17:60|PA12:40
15221,40.44,-79.87,PA17:79|PA12:21
15222,40.45,-79.99,PA12
15223,40.50,-79.95,PA17
15224,40.47,-79.95,PA12
15225,40.51,-80.11,PA17
15226,40.40,-80.01,PA12:92|PA17:8
15227,40.37,-79.97,PA12
15228,40.37,-80.04,PA17:98|PA12:2
15229,40.52,-80.04,PA17
15232,40.45,-79.93,PA12
15233,40.46,-80.03,PA12
15234,40.37,-80.02,PA17:82|PA12:18
15235,40.46,-79.82,PA17:90|PA12:10
15236,40.35,-79.98,PA12
15237,40.55,-80.05,PA17
15238,40.54,-79.88,PA17
15239,40.48,-79.74,PA12
15241,40.33,-80.08,PA12:99|PA14:1
15243,40.38,-80.08,PA17:97|PA12:3
15260,40.44,-79.95,PA12
15275,40.45,-80.18,PA17
15282,40.44,-79.99,PA12
15290,40.46,-80.02,PA12
15301,40.16,-80.25,PA14
15310,39.79,-80.48,PA14
15311,40.05,-80.19,PA14
15312,40.25,-80.44,PA14
15313,40.06,-80.03,PA14
15314,40.15,-80.02,PA14
15315,39.76,-79.98,PA14
15316,39.76,-80.27,PA14
15317,40.28,-80.17,PA14
15320,39.87,-79.99,PA14
15321,40.32,-80.19,PA14:97|PA17:3
15322,39.99,-80.05,PA14
15323,40.10,-80.42,PA14
15324,40.10,-80.07,PA14
15325,39.95,-79.96,PA14
15327,39.76,-79.97,PA14
15329,40.03,-80.28,PA14
15330,40.18,-80.09,PA14
15331,40.11,-80.02,PA14
15332,40.24,-79.99,PA14:81|PA12:19
15333,40.03,-80.01,PA14
15334,39.81,-79.97,PA14
15337,39.95,-80.38,PA14
15338,39.84,-79.98,PA14
15340,40.29,-80.32,PA14
15341,39.82,-80.34,PA14
15342,40.25,-80.22,PA14
15344,39.92,-80.05,PA14
15345,40.02,-80.11,PA14
15346,39.94,-80.07,PA14
15347,40.22,-80.22,PA14
15348,39.99,-80.00,PA14
15349,39.76,-80.07,PA14
15350,40.29,-80.20,PA14
15351,39.88,-79.93,PA14
15352,39.75,-80.40,PA14
15353,39.96,-80.31,PA14
15357,39.94,-79.98,PA14
15358,40.05,-80.00,PA14
15359,39.88,-80.28,PA14
15360,40.09,-80.08,PA14
15361,40.33,-80.26,PA14
15362,39.76,-80.21,PA14
15363,40.25,-80.20,PA14
15364,39.95,-80.28,PA14
15365,40.16,-80.39,PA14
15366,40.16,-79.97,PA14
15367,40.26,-80.06,PA14
15368,40.01,-79.99,PA14
15370,39.87,-80.19,PA14
15376,40.11,-80.48,PA14
15377,39.99,-80.45,PA14
15378,40.28,-80.27,PA14
15379,40.24,-80.43,PA14
15380,39.88,-80.47,PA14
15401,39.90,-79.75,PA14
15410,39.91,-79.91,PA14
15411,39.75,-79.34,PA14
15412,40.10,-79.85,PA14
15413,39.98,-79.87,PA14
15416,39.86,-79.72,PA14
15417,40.01,-79.92,PA14
15419,40.06,-79.89,PA14
15420,39.96,-79.86,PA14
15421,39.85,-79.60,PA14
15422,39.98,-79.81,PA14
15423,40.09,-79.93,PA14
15424,39.83,-79.36,PA14
15425,40.03,-79.55,PA14
15427,40.07,-79.97,PA14
15428,40.08,-79.68,PA14
15429,40.01,-79.94,PA14
15430,40.04,-79.65,PA14
15431,39.93,-79.57,PA14
15432,40.11,-79.86,PA14
15433,39.98,-79.95,PA14
15434,40.08,-79.89,PA14
15435,39.94,-79.85,PA14
15436,39.82,-79.73,PA14
15437,39.79,-79.59,PA14
15438,40.07,-79.86,PA14
15440,39.74,-79.64,PA14
15442,40.02,-79.84,PA14
15443,39.92,-79.88,PA14
15444,40.01,-79.91,PA14
15445,39.88,-79.67,PA14
15446,40.03,-79.39,PA14
15447,39.95,-79.93,PA14
15448,40.14,-79.73,PA14
15449,39.97,-79.78,PA14
15450,40.01,-79.98,PA14
15451,39.74,-79.84,PA14
15454,39.86,-79.87,PA14
15455,40.01,-79.65,PA14
15456,39.93,-79.65,PA14
15458,39.89,-79.85,PA14
15459,39.77,-79.46,PA14
15460,39.81,-79.91,PA14
15461,39.84,-79.90,PA14
15462,40.06,-79.38,PA14
15463,39.96,-79.90,PA14
15464,39.93,-79.44,PA14
15465,39.94,-79.64,PA14
15466,40.08,-79.90,PA14
15467,39.78,-79.90,PA14
15468,39.95,-79.84,PA14
15469,40.01,-79.42,PA14
15470,39.85,-79.53,PA14
15472,39.92,-79.72,PA14
15473,40.08,-79.77,PA14
15474,39.75,-79.90,PA14
15475,39.96,-79.88,PA14
15476,39.87,-79.92,PA14
15477,40.08,-79.86,PA14
15478,39.79,-79.80,PA14
15479,40.15,-79.71,PA14
15480,39.99,-79.78,PA14
15482,40.06,-79.77,PA14
15483,40.08,-79.85,PA14
15484,39.89,-79.78,PA14
15486,40.03,-79.71,PA14
15488,39.98,-79.76,PA14
15489,39.96,-79.70,PA14
15490,40.08,-79.48,PA14
15492,40.12,-79.76,PA14
15501,40.04,-79.13,PA14
15502,40.03,-79.24,PA14
15510,39.96,-79.04,PA14
15520,40.11,-79.06,PA14
15521,40.20,-78.63,PA13
15522,39.94,-78.55,PA13
15530,39.94,-78.92,PA14
15531,40.18,-79.08,PA14:97|PA13:3
15532,39.76,-79.06,PA14
15533,39.98,-78.26,PA13
15534,39.90,-78.69,PA13:99|PA14:1
15535,39.83,-78.44,PA13
15536,39.94,-78.21,PA13
15537,39.99,-78.37,PA13
15538,39.86,-78.83,PA14
15539,40.13,-78.59,PA13
15540,39.80,-79.24,PA14
15541,40.05,-78.98,PA14
15542,39.87,-79.08,PA14
15544,40.13,-79.10,PA14
15545,39.80,-78.75,PA13:80|PA14:20
15546,40.14,-79.05,PA14
15547,40.16,-79.07,PA14
15550,39.99,-78.65,PA13
15551,39.87,-79.28,PA14
15552,39.79,-78.99,PA14
15554,40.12,-78.62,PA13
15555,40.10,-79.08,PA14
15557,39.92,-79.21,PA14
15558,39.76,-79.08,PA14
15559,40.06,-78.69,PA13
15560,40.02,-78.91,PA14
15561,40.09,-79.09,PA14
15562,39.74,-79.11,PA14
15563,40.09,-78.94,PA14
15564,39.73,-78.85,PA14
15565,39.76,-79.12,PA14
15601,40.31,-79.54,PA14:98|PA12:2
15610,40.13,-79.42,PA14
15611,40.31,-79.65,PA12
15612,40.14,-79.60,PA14
15613,40.55,-79.56,PA14:63|PA15:37
15615,40.36,-79.73,PA12
15616,40.24,-79.55,PA14
15617,40.27,-79.66,PA12
15618,40.57,-79.44,PA14:71|PA15:29
15619,40.32,-79.50,PA14
15620,40.32,-79.34,PA14
15622,40.04,-79.32,PA14
15623,40.37,-79.62,PA12
15624,40.37,-79.47,PA14
15625,40.27,-79.68,PA12
15626,40.41,-79.58,PA14:72|PA12:28
15627,40.35,-79.30,PA14
15628,40.10,-79.37,PA14
15629,40.60,-79.56,PA14
15631,40.09,-79.59,PA14
15632,40.44,-79.61,PA12:82|PA14:18
15633,40.36,-79.52,PA14
15634,40.33,-79.61,PA14
15635,40.35,-79.50,PA14
15636,40.36,-79.66,PA12
15637,40.26,-79.71,PA12
15638,40.26,-79.40,PA14
15639,40.20,-79.59,PA14
15640,40.22,-79.73,PA12
15641,40.63,-79.59,PA14
15642,40.32,-79.72,PA12
15644,40.35,-79.61,PA12:88|PA14:12
15646,40.10,-79.34,PA14
15647,40.34,-79.72,PA12
15650,40.28,-79.39,PA14
15655,40.19,-79.17,PA14
15656,40.63,-79.61,PA14:58|PA15:42
15658,40.27,-79.22,PA14
15660,40.25,-79.77,PA12
15661,40.32,-79.36,PA14
15662,40.34,-79.48,PA14
15663,40.25,-79.68,PA12
15665,40.34,-79.66,PA12
15666,40.16,-79.51,PA14
15668,40.46,-79.67,PA12:98|PA14:2
15670,40.41,-79.44,PA14
15671,40.36,-79.32,PA14
15672,40.24,-79.62,PA14:77|PA12:23
15673,40.59,-79.56,PA15
15674,40.21,-79.50,PA14
15675,40.33,-79.64,PA12
15676,40.24,-79.46,PA14
15677,40.15,-79.23,PA14
15678,40.28,-79.73,PA12
15679,40.19,-79.66,PA14:89|PA12:11
15680,40.52,-79.50,PA14
15681,40.50,-79.44,PA14
15682,40.68,-79.63,PA15
15683,40.11,-79.61,PA14
15684,40.46,-79.51,PA14
15686,40.62,-79.44,PA15
15687,40.14,-79.32,PA14
15688,40.17,-79.59,PA14
15689,40.23,-79.49,PA14
15690,40.64,-79.55,PA14:63|PA15:37
15691,40.30,-79.68,PA12
15692,40.33,-79.68,PA12
15693,40.25,-79.41,PA14
15695,40.20,-79.69,PA14
15696,40.28,-79.37,PA14
15697,40.24,-79.58,PA14
15698,40.21,-79.69,PA12:94|PA14:6
15701,40.63,-79.15,PA14
15705,40.62,-79.16,PA14
15710,40.64,-78.87,PA14
15711,41.02,-78.96,PA15
15712,40.79,-78.85,PA15
15713,40.57,-79.26,PA14
15714,40.64,-78.83,PA13:86|PA14:14
15715,40.97,-78.88,PA15
15716,40.47,-79.19,PA14
15717,40.46,-79.24,PA14
15720,40.54,-79.07,PA14
15721,40.82,-78.78,PA15
15722,40.60,-78.72,PA13
15723,40.70,-79.16,PA14
15724,40.74,-78.81,PA15:49|PA14:44|PA13:8
15725,40.52,-79.35,PA14
15727,40.57,-79.31,PA14
15728,40.68,-78.97,PA14:99|PA15:1
15729,40.71,-78.92,PA14
15730,41.03,-79.08,PA15
15731,40.50,-79.17,PA14
15732,40.73,-79.22,PA14:91|PA15:9
15733,40.99,-78.96,PA15
15734,40.72,-79.01,PA14
15736,40.70,-79.37,PA15
15737,40.60,-78.75,PA13
15738,40.69,-78.78,PA13
15739,40.68,-79.16,PA14
15741,40.80,-78.89,PA15
15742,40.81,-78.87,PA15
15744,40.92,-79.07,PA15
15745,40.62,-78.91,PA14
15746,40.75,-78.87,PA15
15747,40.76,-79.14,PA14
15748,40.52,-79.08,PA14
15750,40.48,-79.18,PA14
15752,40.54,-79.28,PA14
15753,40.78,-78.63,PA15
15754,40.56,-79.15,PA14
15756,40.57,-79.30,PA14
15757,40.90,-78.73,PA15
15759,40.77,-79.03,PA15:67|PA14:33
15760,40.65,-78.81,PA13
15761,40.63,-78.89,PA14
15762,40.59,-78.83,PA13
15763,40.91,-79.13,PA15
15764,40.99,-79.03,PA15
15765,40.59,-79.00,PA14
15767,40.97,-78.98,PA15
15770,41.01,-79.14,PA15
15771,40.83,-78.99,PA15
15772,40.87,-78.90,PA15
15773,40.63,-78.73,PA13
15774,40.65,-79.32,PA15:50|PA14:50
15775,40.63,-78.78,PA13
15776,41.01,-79.11,PA15
15777,40.70,-78.96,PA14
15778,40.97,-79.20,PA15
15779,40.40,-79.22,PA14
15780,40.92,-79.04,PA15
15781,40.96,-78.99,PA15
15783,40.60,-79.35,PA14
15784,41.02,-79.14,PA15
15801,41.13,-78.73,PA15
15821,41.37,-78.40,PA15
15823,41.26,-78.72,PA15
15824,41.25,-78.84,PA15
15825,41.17,-79.04,PA15
15827,41.29,-78.51,PA15
15828,41.39,-79.12,PA15
15829,41.21,-79.24,PA15
15831,41.35,-78.60,PA15
15832,41.36,-78.20,PA15
15834,41.50,-78.32,PA15
15840,41.17,-78.82,PA15
15841,41.26,-78.50,PA15
15845,41.51,-78.71,PA15
15846,41.34,-78.61,PA15
15847,41.09,-79.03,PA15
15848,41.03,-78.71,PA15
15849,41.19,-78.57,PA15
15851,41.10,-78.91,PA15
15853,41.39,-78.79,PA15
15856,41.09,-78.61,PA15
15857,41.46,-78.52,PA15
15860,41.35,-79.04,PA15
15861,41.35,-78.04,PA15
15863,41.02,-78.84,PA15
15864,41.10,-79.19,PA15
15865,41.05,-78.81,PA15
15866,41.03,-78.79,PA15
15868,41.30,-78.41,PA15
15870,41.58,-78.58,PA15
15901,40.33,-78.92,PA13
15902,40.32,-78.87,PA13
15904,40.31,-78.84,PA13
15905,40.29,-78.97,PA13:96|PA14:4
15906,40.38,-78.93,PA13
15909,40.41,-78.87,PA13
15920,40.47,-79.05,PA14
15921,40.32,-78.70,PA13
15922,40.52,-78.88,PA13
15923,40.35,-79.16,PA14
15924,40.10,-78.76,PA14
15925,40.41,-78.64,PA13
15926,40.03,-78.82,PA14
15927,40.54,-78.78,PA13
15928,40.24,-78.92,PA14
15929,40.48,-79.01,PA14
15930,40.29,-78.72,PA13
15931,40.51,-78.78,PA13
15934,40.28,-78.80,PA13
15935,40.20,-78.97,PA14:93|PA13:7
15936,40.16,-78.89,PA14
15937,40.21,-78.98,PA14
15938,40.41,-78.60,PA13
15940,40.53,-78.64,PA13
15942,40.40,-78.81,PA13
15943,40.47,-78.84,PA13
15944,40.36,-79.08,PA14
15945,40.36,-78.87,PA13
15946,40.37,-78.62,PA13
15948,40.49,-78.77,PA13
15949,40.41,-79.14,PA14
15951,40.33,-78.77,PA13
15952,40.30,-78.78,PA13
15953,40.21,-78.89,PA14
15954,40.42,-79.00,PA14
15955,40.31,-78.69,PA13
15956,40.35,-78.80,PA13
15957,40.55,-78.90,PA14:61|PA13:39
15958,40.39,-78.73,PA13
15960,40.50,-78.85,PA13
15961,40.47,-78.94,PA13:56|PA14:44
15962,40.39,-78.72,PA13
15963,40.22,-78.79,PA14:74|PA13:26
16001,40.91,-79.95,PA16
16002,40.82,-79.86,PA16
16020,41.12,-79.90,PA16
16022,41.05,-79.73,PA16
16023,40.78,-79.75,PA16
16024,40.74,-80.04,PA16
16025,40.94,-79.77,PA16:93|PA15:7
16027,40.82,-80.02,PA16
16028,40.95,-79.64,PA15
16029,40.88,-79.85,PA16
16030,41.14,-79.80,PA16
16033,40.80,-80.05,PA16
16034,40.86,-79.71,PA16
16035,41.11,-80.02,PA16
16036,41.13,-79.67,PA15
16037,40.84,-80.13,PA16:98|PA17:2
16038,41.16,-79.95,PA16:93|PA15:7
16040,41.09,-79.84,PA16
16041,41.01,-79.71,PA16:73|PA15:27
16045,40.85,-79.92,PA16
16046,40.70,-80.02,PA16:79|PA17:21
16048,41.05,-79.80,PA16
16049,41.09,-79.67,PA15:66|PA16:34
16050,41.04,-79.76,PA16
16051,40.94,-80.14,PA16
16052,40.90,-80.06,PA16
16053,40.81,-79.98,PA16
16054,41.15,-79.66,PA15
16055,40.72,-79.75,PA16:97|PA15:3
16056,40.73,-79.84,PA16
16057,41.03,-80.06,PA16
16059,40.71,-79.93,PA16:97|PA17:3
16061,41.01,-79.88,PA16
16063,40.76,-80.13,PA16:95|PA17:5
16066,40.71,-80.11,PA16
16101,40.98,-80.29,PA16
16102,40.96,-80.41,PA16
16105,41.05,-80.34,PA16
16110,41.49,-80.39,PA16
16111,41.52,-80.28,PA16
16112,40.96,-80.50,PA16
16113,41.28,-80.42,PA16
16114,41.40,-80.19,PA16
16115,40.80,-80.46,PA17
16116,41.04,-80.45,PA16
16117,40.87,-80.26,PA16:68|PA17:32
16120,40.89,-80.48,PA16:90|PA17:10
16121,41.21,-80.50,PA16
16123,40.82,-80.20,PA17:90|PA16:10
16124,41.33,-80.26,PA16
16125,41.41,-80.37,PA16
16127,41.17,-80.07,PA16
16130,41.44,-80.22,PA16
16131,41.55,-80.38,PA16
16132,41.01,-80.50,PA16
16133,41.27,-80.11,PA16
16134,41.53,-80.49,PA16
16136,40.83,-80.32,PA17
16137,41.23,-80.24,PA16
16140,41.09,-80.51,PA16
16141,40.88,-80.40,PA16:55|PA17:45
16142,41.14,-80.33,PA16
16143,41.11,-80.45,PA16
16145,41.38,-80.08,PA16
16146,41.23,-80.50,PA16
16148,41.23,-80.42,PA16
16150,41.28,-80.45,PA16
16151,41.44,-80.21,PA16
16153,41.32,-80.09,PA16
16154,41.33,-80.42,PA16
16155,41.07,-80.51,PA16
16156,41.10,-80.23,PA16
16157,40.89,-80.33,PA16:83|PA17:17
16159,41.15,-80.48,PA16
16160,40.93,-80.36,PA16
16161,41.20,-80.49,PA16
16172,41.12,-80.33,PA16
16201,40.81,-79.47,PA15
16210,40.90,-79.52,PA15
16211,40.79,-79.20,PA14
16212,40.75,-79.58,PA15
16213,41.13,-79.56,PA15
16214,41.20,-79.35,PA15
16217,41.35,-79.18,PA15
16218,40.93,-79.59,PA15
16220,41.42,-79.27,PA15
16222,40.87,-79.26,PA15:95|PA14:5
16223,40.99,-79.35,PA15
16224,41.07,-79.29,PA15
16226,40.71,-79.49,PA15
16228,40.76,-79.54,PA15
16229,40.71,-79.66,PA15:81|PA16:16|PA14:3
16230,41.02,-79.28,PA15
16232,41.21,-79.55,PA15
16233,41.37,-79.28,PA15
16235,41.31,-79.35,PA15
16236,40.78,-79.52,PA15
16238,40.79,-79.52,PA15
16239,41.50,-79.14,PA15
16240,41.04,-79.22,PA15
16242,40.99,-79.37,PA15
16244,40.80,-79.28,PA15
16245,41.00,-79.29,PA15
16246,40.79,-79.18,PA14
16248,41.03,-79.50,PA15
16249,40.76,-79.33,PA15
16250,40.78,-79.24,PA15
16253,40.96,-79.34,PA15
16254,41.26,-79.45,PA15
16255,41.13,-79.47,PA15
16256,40.86,-79.13,PA15:88|PA14:12
16258,41.23,-79.27,PA15
16259,40.93,-79.45,PA15
16260,41.41,-79.24,PA15
16262,40.84,-79.65,PA15
16263,40.80,-79.34,PA15
16301,41.45,-79.62,PA15:98|PA16:2
16311,41.46,-80.04,PA16
16312,41.93,-79.30,PA15
16313,41.72,-79.14,PA15
16314,41.52,-80.08,PA16
16316,41.60,-80.28,PA16
16317,41.53,-79.85,PA16:62|PA15:38
16319,41.32,-79.62,PA15
16321,41.57,-79.40,PA15
16322,41.61,-79.38,PA15
16323,41.42,-79.83,PA16:90|PA15:10
16326,41.38,-79.43,PA15
16327,41.64,-79.96,PA16
16328,41.65,-79.73,PA16
16329,41.85,-79.26,PA15
16331,41.29,-79.56,PA15
16332,41.36,-79.37,PA15
16333,41.75,-78.93,PA15
16334,41.30,-79.45,PA15
16335,41.63,-80.15,PA16
16340,41.80,-79.42,PA15
16341,41.56,-79.55,PA15
16342,41.31,-79.93,PA16:91|PA15:9
16343,41.43,-79.75,PA16
16344,41.47,-79.68,PA15
16345,41.94,-79.08,PA15
16346,41.38,-79.67,PA15
16347,41.66,-79.07,PA15
16350,41.96,-79.33,PA15
16351,41.68,-79.37,PA15
16352,41.77,-79.04,PA15
16353,41.49,-79.39,PA15
16354,41.61,-79.71,PA16:75|PA15:25
16360,41.68,-79.89,PA16
16361,41.39,-79.34,PA15
16362,41.45,-79.97,PA16
16364,41.35,-79.53,PA15
16365,41.84,-79.16,PA15
16370,41.56,-79.45,PA15
16371,41.87,-79.32,PA15
16372,41.20,-79.87,PA15
16373,41.21,-79.70,PA15:92|PA16:8
16374,41.26,-79.81,PA15:94|PA16:6
16401,41.88,-80.41,PA16
16402,41.96,-79.47,PA15
16403,41.79,-80.01,PA16
16404,41.73,-79.79,PA16
16405,41.94,-79.53,PA15
16406,41.75,-80.36,PA16
16407,41.92,-79.68,PA16:89|PA15:11
16410,41.92,-80.31,PA16
16411,41.98,-80.45,PA16
16412,41.88,-80.16,PA16
16415,42.04,-80.23,PA16
16416,41.83,-79.47,PA15
16417,41.97,-80.31,PA16
16420,41.69,-79.55,PA15
16421,42.17,-79.94,PA16
16422,41.67,-80.31,PA16
16423,42.02,-80.34,PA16
16424,41.66,-80.45,PA16
16426,41.98,-80.13,PA16
16427,41.87,-79.97,PA16
16428,42.17,-79.83,PA16
16430,42.00,-80.42,PA16
16433,41.74,-80.14,PA16
16434,41.80,-79.67,PA16:94|PA15:6
16435,41.82,-80.38,PA16
16436,41.86,-79.51,PA15
16438,41.89,-79.85,PA16
16440,41.78,-80.13,PA16
16441,41.96,-79.98,PA16
16442,42.05,-79.83,PA16
16443,41.94,-80.47,PA16
16444,41.87,-80.12,PA16
16475,41.88,-80.36,PA16
16501,42.12,-80.09,PA16
16502,42.11,-80.10,PA16
16503,42.13,-80.06,PA16
16504,42.11,-80.05,PA16
16505,42.12,-80.13,PA16
16506,42.06,-80.16,PA16
16507,42.14,-80.09,PA16
16508,42.10,-80.09,PA16
16509,42.06,-80.05,PA16
16510,42.11,-79.95,PA16
16511,42.17,-80.01,PA16
16546,42.10,-80.05,PA16
16550,42.13,-80.08,PA16
16563,42.12,-79.99,PA16
16601,40.55,-78.37,PA13
16602,40.48,-78.40,PA13
16611,40.57,-78.09,PA13
16613,40.54,-78.53,PA13
16616,40.77,-78.46,PA15
16617,40.60,-78.33,PA13
16619,40.68,-78.42,PA13
16620,40.84,-78.35,PA15
16621,40.26,-78.11,PA13
16622,40.33,-78.07,PA13
16623,40.28,-78.05,PA13
16624,40.57,-78.61,PA13
16625,40.29,-78.53,PA13
16627,40.75,-78.50,PA15:93|PA13:7
16630,40.46,-78.58,PA13
16631,40.27,-78.35,PA13
16633,40.16,-78.23,PA13
16634,40.21,-78.17,PA13
16635,40.41,-78.48,PA13
16636,40.60,-78.50,PA13
16637,40.34,-78.47,PA13
16638,40.34,-78.20,PA13
16639,40.68,-78.46,PA13:86|PA15:14
16640,40.71,-78.57,PA13
16641,40.51,-78.57,PA13
16645,40.80,-78.49,PA15
16646,40.69,-78.73,PA13
16647,40.38,-78.11,PA13
16648,40.44,-78.33,PA13
16650,40.11,-78.30,PA13
16651,40.85,-78.38,PA15
16652,40.52,-77.95,PA13
16654,40.49,-78.03,PA13
16655,40.23,-78.50,PA13
16656,40.81,-78.56,PA15
16657,40.34,-78.16,PA13
16659,40.16,-78.39,PA13
16661,40.83,-78.47,PA15
16662,40.30,-78.30,PA13
16664,40.18,-78.42,PA13
16665,40.39,-78.43,PA13
16666,40.87,-78.31,PA15
16667,40.18,-78.53,PA13
16668,40.65,-78.62,PA13
16669,40.66,-77.91,PA13
16670,40.26,-78.51,PA13
16671,40.79,-78.40,PA15
16672,40.19,-78.24,PA13
16673,40.31,-78.39,PA13
16674,40.19,-78.08,PA13
16675,40.69,-78.68,PA13
16677,40.82,-78.25,PA15
16678,40.23,-78.23,PA13
16679,40.16,-78.19,PA13
16680,40.74,-78.38,PA15
16682,40.27,-78.46,PA13
16683,40.66,-78.07,PA13
16684,40.64,-78.30,PA13
16685,40.28,-78.08,PA13
16686,40.67,-78.24,PA13:98|PA15:2
16689,40.08,-78.08,PA13
16691,40.08,-78.15,PA13
16692,40.75,-78.71,PA15
16693,40.47,-78.22,PA13
16694,40.19,-78.13,PA13
16695,40.20,-78.34,PA13
16699,40.45,-78.56,PA13
16701,41.92,-78.75,PA15
16720,41.60,-78.01,PA15
16724,41.75,-78.39,PA15
16725,41.90,-78.66,PA15
16726,41.80,-78.58,PA15
16727,41.99,-78.53,PA15
16729,41.97,-78.48,PA15
16730,41.82,-78.42,PA15
16731,41.95,-78.36,PA15
16732,41.86,-78.61,PA15
16733,41.70,-78.57,PA15
16734,41.62,-78.84,PA15
16735,41.63,-78.81,PA15
16738,41.81,-78.73,PA15
16740,41.65,-78.51,PA15
16743,41.77,-78.23,PA15
16744,41.88,-78.57,PA15
16745,41.93,-78.49,PA15
16746,41.79,-78.12,PA15
16748,41.94,-78.14,PA15
16749,41.76,-78.42,PA15
16750,41.90,-78.29,PA15
16801,40.79,-77.84,PA15
16802,40.80,-77.86,PA15
16803,40.81,-77.89,PA15
16820,40.92,-77.39,PA15
16821,40.95,-78.19,PA15
16822,41.14,-77.71,PA15
16823,40.93,-77.76,PA15
16825,40.99,-78.31,PA15
16826,41.06,-77.59,PA15
16827,40.77,-77.77,PA15
16828,40.80,-77.70,PA15
16829,41.08,-77.89,PA15
16830,41.08,-78.46,PA15
16832,40.84,-77.43,PA15
16833,40.94,-78.57,PA15
16834,41.05,-78.09,PA15
16835,40.91,-77.88,PA15
16836,41.14,-78.26,PA15
16837,40.95,-78.47,PA15
16838,40.99,-78.64,PA15
16839,41.00,-78.11,PA15
16840,40.92,-78.20,PA15
16841,41.04,-77.69,PA15
16843,41.01,-78.46,PA15
16844,40.91,-77.93,PA15
16845,41.11,-77.93,PA15
16847,41.00,-78.17,PA15
16848,41.01,-77.53,PA15
16849,40.96,-78.12,PA15
16851,40.81,-77.80,PA15
16852,40.94,-77.54,PA15
16853,40.94,-77.79,PA15
16854,40.90,-77.47,PA15
16855,41.01,-78.35,PA15
16856,40.93,-77.65,PA15
16858,41.00,-78.21,PA15
16859,41.05,-78.04,PA15
16860,40.94,-78.18,PA15
16861,40.87,-78.52,PA15
16863,40.91,-78.47,PA15
16864,41.15,-77.80,PA15
16865,40.72,-77.96,PA15:94|PA13:6
16866,40.87,-78.17,PA15
16868,40.73,-77.89,PA15
16870,40.80,-78.05,PA15
16871,41.19,-78.04,PA15
16872,40.97,-77.36,PA15
16874,40.98,-77.98,PA15
16875,40.84,-77.59,PA15
16876,40.97,-78.29,PA15
16877,40.73,-78.07,PA13:65|PA15:35
16878,40.94,-78.36,PA15
16879,40.96,-78.14,PA15
16881,41.03,-78.32,PA15
16882,40.91,-77.34,PA15
16901,41.73,-77.32,PA15
16910,41.70,-76.83,PA9
16911,41.68,-77.10,PA15
16912,41.67,-77.07,PA15
16914,41.85,-76.78,PA9:96|PA15:4
16915,41.77,-77.96,PA15
16917,41.72,-77.05,PA15
16920,41.97,-77.28,PA15
16921,41.72,-77.52,PA15
16922,41.68,-77.71,PA15
16923,41.95,-77.87,PA15
16925,41.95,-76.78,PA9
16926,41.72,-76.70,PA9
16927,41.97,-77.66,PA15
16928,41.95,-77.43,PA15
16929,41.96,-77.13,PA15
16930,41.58,-77.14,PA15
16932,41.78,-76.94,PA15
16933,41.82,-77.06,PA15
16935,41.87,-77.33,PA15
16936,41.95,-76.97,PA15:87|PA9:13
16937,41.97,-77.71,PA15
16938,41.59,-77.37,PA15
16939,41.68,-77.01,PA15
16940,41.98,-77.23,PA15
16941,41.99,-77.76,PA15
16942,41.97,-77.35,PA15
16943,41.85,-77.62,PA15
16946,41.92,-77.14,PA15
16947,41.76,-76.80,PA9:96|PA15:4
16948,41.85,-77.76,PA15
16950,41.90,-77.54,PA15
17002,40.43,-77.89,PA13
17003,40.36,-76.55,PA9
17004,40.60,-77.73,PA13
17005,40.60,-76.81,PA10
17006,40.34,-77.49,PA13
17007,40.14,-77.12,PA10
17009,40.64,-77.57,PA13
17010,40.28,-76.58,PA9
17011,40.23,-76.93,PA10
17013,40.24,-77.18,PA10
17014,40.66,-77.19,PA13
17015,40.18,-77.23,PA10:99|PA13:1
17016,40.27,-76.41,PA9
17017,40.63,-76.90,PA9:87|PA10:13
17018,40.42,-76.83,PA10
17019,40.09,-77.02,PA10:99|PA13:1
17020,40.41,-77.04,PA13
17021,40.33,-77.67,PA13
17022,40.17,-76.61,PA11:89|PA10:11
17023,40.58,-76.81,PA10
17024,40.41,-77.31,PA13
17025,40.29,-76.97,PA10
17026,40.47,-76.44,PA9
17027,40.16,-76.98,PA10
17028,40.40,-76.68,PA10:75|PA9:25
17029,40.56,-77.62,PA13
17030,40.61,-76.74,PA10
17032,40.49,-76.81,PA10
17033,40.27,-76.63,PA10:99|PA9:1
17034,40.21,-76.79,PA10
17035,40.40,-77.58,PA13
17036,40.26,-76.72,PA10
17037,40.43,-77.43,PA13
17038,40.47,-76.54,PA9
17039,40.29,-76.24,PA9
17040,40.30,-77.34,PA13
17041,40.22,-76.54,PA9
17042,40.30,-76.42,PA9
17043,40.25,-76.90,PA10
17044,40.58,-77.59,PA13
17045,40.60,-77.00,PA13:91|PA15:9
17046,40.38,-76.43,PA9
17047,40.37,-77.41,PA13
17048,40.58,-76.69,PA10
17049,40.65,-77.26,PA13
17050,40.25,-77.03,PA10
17051,40.46,-77.77,PA13
17052,40.28,-77.99,PA13
17053,40.33,-77.03,PA13:98|PA10:2
17054,40.50,-77.73,PA13
17055,40.18,-77.00,PA10
17056,40.53,-77.36,PA13
17057,40.19,-76.73,PA10
17058,40.50,-77.55,PA13
17059,40.59,-77.39,PA13
17060,40.51,-77.86,PA13
17061,40.56,-76.90,PA10
17062,40.55,-77.19,PA13
17063,40.76,-77.48,PA13:99|PA15:1
17064,40.24,-76.48,PA9
17065,40.07,-77.23,PA10
17066,40.35,-77.85,PA13
17067,40.39,-76.32,PA9
17068,40.40,-77.18,PA13
17069,40.46,-76.98,PA13
17070,40.20,-76.85,PA10
17071,40.30,-77.61,PA13
17073,40.30,-76.26,PA9:96|PA11:4
17074,40.48,-77.15,PA13
17075,40.39,-77.83,PA13
17076,40.62,-77.31,PA13
17077,40.40,-76.54,PA9
17078,40.29,-76.58,PA9:93|PA10:7
17080,40.64,-76.80,PA10
17081,40.20,-77.28,PA10
17082,40.50,-77.45,PA13
17084,40.68,-77.63,PA13
17086,40.69,-77.12,PA13:61|PA15:39
17087,40.40,-76.27,PA9
17088,40.30,-76.30,PA9
17090,40.32,-77.18,PA13
17093,40.31,-76.93,PA10
17094,40.59,-77.22,PA13
17097,40.57,-76.68,PA10
17098,40.59,-76.63,PA10
17099,40.64,-77.58,PA13
17101,40.26,-76.89,PA10
17102,40.27,-76.90,PA10
17103,40.27,-76.86,PA10
17104,40.25,-76.87,PA10
17109,40.29,-76.82,PA10
17110,40.32,-76.89,PA10
17111,40.27,-76.78,PA10
17112,40.37,-76.77,PA10
17113,40.23,-76.82,PA10
17120,40.27,-76.88,PA10
17201,39.96,-77.66,PA13
17202,39.92,-77.69,PA13
17210,40.19,-77.66,PA13
17211,39.75,-78.41,PA13
17212,39.81,-78.06,PA13
17213,40.26,-77.76,PA13
17214,39.75,-77.47,PA13
17215,40.08,-77.88,PA13
17217,40.24,-77.72,PA13
17219,40.22,-77.69,PA13
17220,40.17,-77.74,PA13
17221,40.04,-77.84,PA13
17222,39.90,-77.49,PA13
17223,40.06,-77.94,PA13
17224,39.98,-77.88,PA13
17225,39.78,-77.76,PA13
17228,40.00,-78.10,PA13
17229,40.08,-78.01,PA13
17232,40.09,-77.63,PA13
17233,39.98,-77.99,PA13
17235,39.86,-77.70,PA13
17236,39.80,-77.95,PA13
17237,39.84,-77.54,PA13
17238,39.86,-78.13,PA13
17239,40.14,-77.83,PA13
17240,40.15,-77.58,PA13
17241,40.18,-77.41,PA10:55|PA13:45
17243,40.28,-77.82,PA13
17244,40.09,-77.67,PA13
17246,40.06,-77.68,PA13
17247,39.80,-77.58,PA13
17249,40.24,-77.90,PA13
17250,39.74,-77.52,PA13
17251,40.12,-77.67,PA13
17252,39.91,-77.83,PA13
17253,40.21,-78.01,PA13
17254,39.97,-77.59,PA13
17255,40.15,-77.86,PA13
17257,40.06,-77.50,PA13:96|PA10:4
17260,40.30,-77.89,PA13
17261,39.86,-77.51,PA13
17262,40.13,-77.77,PA13
17263,39.72,-77.72,PA13
17264,40.18,-77.99,PA13
17265,40.03,-77.77,PA13
17266,40.09,-77.41,PA10
17267,39.81,-78.24,PA13
17268,39.77,-77.58,PA13
17271,40.10,-77.80,PA13
17301,39.90,-76.98,PA13:70|PA11:30
17302,39.82,-76.41,PA11
17303,39.93,-77.30,PA13
17304,39.98,-77.23,PA13
17306,39.98,-77.25,PA13
17307,39.96,-77.32,PA13
17309,39.87,-76.45,PA11
17311,39.82,-76.84,PA11
17313,39.88,-76.66,PA11
17314,39.75,-76.33,PA11
17315,40.01,-76.87,PA10:99|PA11:1
17316,39.97,-77.01,PA13:79|PA10:16|PA11:6
17317,39.97,-76.52,PA11
17318,40.02,-76.72,PA10
17319,40.16,-76.79,PA10
17320,39.77,-77.39,PA13
17321,39.75,-76.44,PA11
17322,39.86,-76.54,PA11
17323,40.08,-77.03,PA10
17324,40.03,-77.24,PA10:60|PA13:40
17325,39.83,-77.23,PA13
17327,39.78,-76.75,PA11
17329,39.76,-76.85,PA11
17331,39.79,-76.98,PA11:80|PA13:20
17339,40.13,-76.88,PA10
17340,39.76,-77.12,PA13
17342,39.85,-76.71,PA11
17343,39.87,-77.33,PA13
17344,39.81,-77.02,PA13
17345,40.07,-76.73,PA10
17347,40.05,-76.68,PA10:99|PA11:1
17349,39.75,-76.66,PA11
17350,39.89,-77.08,PA13
17352,39.76,-76.50,PA11
17353,39.89,-77.39,PA13
17355,39.76,-76.70,PA11
17356,39.90,-76.58,PA11
17360,39.85,-76.75,PA11
17361,39.77,-76.68,PA11
17362,39.85,-76.87,PA11:85|PA10:15
17363,39.77,-76.59,PA11
17364,39.93,-76.90,PA10:62|PA11:38
17365,40.06,-76.94,PA10
17366,39.93,-76.55,PA11
17368,39.98,-76.52,PA11
17370,40.12,-76.78,PA10
17371,39.90,-76.79,PA11
17372,39.99,-77.11,PA13:97|PA10:3
17401,39.96,-76.73,PA10
17402,39.96,-76.66,PA10:54|PA11:46
17403,39.92,-76.71,PA10:76|PA11:24
17404,40.00,-76.77,PA10
17406,40.01,-76.64,PA10:59|PA11:41
17407,39.89,-76.71,PA11
17408,39.93,-76.80,PA10:83|PA11:17
17501,40.16,-76.21,PA11
17502,40.10,-76.67,PA11
17504,40.02,-76.33,PA11
17505,40.06,-76.19,PA11
17506,40.12,-76.05,PA11
17507,40.20,-76.02,PA11
17508,40.12,-76.21,PA11
17509,39.91,-76.03,PA11
17512,40.04,-76.49,PA11
17516,39.93,-76.38,PA11
17517,40.24,-76.13,PA11
17518,39.81,-76.25,PA11
17519,40.14,-76.02,PA11
17520,40.10,-76.35,PA11
17522,40.17,-76.17,PA11
17527,40.02,-75.99,PA11:93|PA6:7
17529,40.04,-76.10,PA11
17532,39.86,-76.29,PA11
17534,40.04,-76.11,PA11
17535,40.01,-76.04,PA11
17536,39.85,-76.07,PA11
17538,40.08,-76.41,PA11
17540,40.10,-76.19,PA11
17543,40.18,-76.30,PA11
17545,40.17,-76.42,PA11:98|PA9:2
17547,40.07,-76.58,PA11
17550,40.07,-76.58,PA11
17551,39.98,-76.37,PA11
17552,40.11,-76.51,PA11
17554,40.04,-76.42,PA11
17555,40.12,-75.96,PA11:99|PA6:1
17557,40.10,-76.08,PA11
17560,39.91,-76.23,PA11
17562,39.97,-76.09,PA11
17563,39.76,-76.19,PA11
17565,39.89,-76.34,PA11
17566,39.87,-76.15,PA11
17568,39.95,-76.23,PA11
17569,40.27,-76.10,PA11:81|PA6:10|PA9:9
17570,40.13,-76.57,PA11
17572,40.01,-76.15,PA11
17576,40.04,-76.20,PA11
17578,40.23,-76.17,PA11
17579,39.96,-76.18,PA11
17581,40.16,-76.05,PA11
17582,39.99,-76.45,PA11
17584,39.96,-76.27,PA11
17601,40.07,-76.31,PA11
17602,40.01,-76.25,PA11
17603,40.03,-76.33,PA11
17606,40.11,-76.30,PA11
17701,41.35,-76.86,PA9:87|PA15:13
17702,41.18,-77.08,PA15
17720,41.18,-77.20,PA15
17721,41.18,-77.32,PA15
17723,41.44,-77.47,PA15
17724,41.64,-76.80,PA9:92|PA15:8
17727,41.53,-77.46,PA15
17728,41.33,-77.08,PA15:87|PA9:13
17729,41.51,-77.74,PA15
17730,41.11,-76.88,PA9
17731,41.43,-76.58,PA9
17737,41.29,-76.68,PA9
17739,41.42,-77.39,PA15
17740,41.24,-77.26,PA15
17742,41.24,-76.58,PA9
17744,41.24,-77.15,PA15
17745,41.29,-77.47,PA15
17747,41.03,-77.33,PA15
17748,41.15,-77.34,PA15
17749,41.07,-76.81,PA9
17750,41.06,-77.48,PA15
17751,41.13,-77.52,PA15
17752,41.18,-76.92,PA9:79|PA15:21
17754,41.31,-76.89,PA9:99|PA15:1
17756,41.20,-76.73,PA9
17758,41.35,-76.54,PA9
17760,41.41,-77.66,PA15
17762,41.28,-76.70,PA9
17763,41.50,-76.91,PA15
17764,41.34,-77.83,PA15
17765,41.58,-76.98,PA15:98|PA9:2
17768,41.56,-76.76,PA9
17769,41.51,-77.50,PA15
17771,41.44,-77.04,PA15:99|PA9:1
17772,41.13,-76.71,PA9
17774,41.25,-76.55,PA9
17776,41.41,-77.29,PA15
17777,41.11,-76.82,PA9
17778,41.30,-77.98,PA15
17779,41.21,-77.38,PA15
17801,40.84,-76.76,PA9
17810,41.10,-77.04,PA15
17812,40.73,-77.24,PA15
17813,40.79,-77.18,PA15
17814,41.26,-76.37,PA9
17815,41.02,-76.43,PA9
17820,40.90,-76.40,PA9
17821,40.99,-76.64,PA9
17822,40.97,-76.60,PA9
17823,40.74,-76.78,PA9
17824,40.87,-76.49,PA9
17827,40.75,-76.97,PA15
17829,40.90,-77.16,PA15
17830,40.69,-76.81,PA9
17832,40.81,-76.46,PA9
17834,40.78,-76.47,PA9
17835,40.88,-77.20,PA15
17836,40.71,-76.61,PA9
17837,40.97,-76.94,PA15
17840,40.77,-76.42,PA9
17841,40.73,-77.36,PA13:54|PA15:46
17842,40.80,-77.04,PA15
17844,40.96,-77.09,PA15
17845,40.88,-77.21,PA15
17846,41.14,-76.52,PA9
17847,41.01,-76.81,PA9
17850,40.97,-76.86,PA9
17851,40.80,-76.43,PA9
17853,40.69,-77.01,PA15:87|PA13:13
17855,40.89,-76.97,PA15
17856,41.05,-77.01,PA15
17857,40.93,-76.77,PA9
17858,40.84,-76.42,PA9
17859,41.12,-76.40,PA9
17860,40.84,-76.60,PA9
17861,40.77,-77.08,PA15
17862,40.86,-77.06,PA15
17864,40.70,-76.91,PA15
17865,40.99,-76.79,PA9
17866,40.77,-76.60,PA9
17867,40.71,-76.69,PA9
17868,40.96,-76.63,PA9
17870,40.81,-76.89,PA15
17872,40.75,-76.69,PA9
17876,40.86,-76.83,PA15
17878,41.18,-76.32,PA9
17880,40.89,-77.12,PA15
17881,40.78,-76.69,PA9
17884,41.05,-76.67,PA9
17885,40.87,-77.29,PA15
17886,41.02,-76.88,PA15
17887,41.07,-76.89,PA15
17888,40.82,-76.38,PA9
17889,40.88,-76.92,PA15
17901,40.69,-76.27,PA9
17920,40.81,-76.33,PA9
17921,40.75,-76.36,PA9
17922,40.58,-76.11,PA9
17923,40.66,-76.32,PA9
17925,40.76,-76.07,PA9
17929,40.63,-76.19,PA9
17930,40.71,-76.12,PA9
17931,40.79,-76.21,PA9
17933,40.60,-76.24,PA9
17934,40.80,-76.21,PA9
17935,40.79,-76.28,PA9
17936,40.75,-76.34,PA9
17938,40.65,-76.50,PA9
17941,40.69,-76.61,PA9
17943,40.76,-76.38,PA9
17944,40.66,-76.29,PA9
17945,40.79,-76.38,PA9
17946,40.81,-76.26,PA9
17948,40.82,-76.14,PA9
17949,40.80,-76.24,PA9
17951,40.68,-76.24,PA9
17952,40.76,-76.06,PA9
17953,40.75,-76.10,PA9
17954,40.69,-76.26,PA9
17957,40.59,-76.52,PA9
17959,40.74,-76.16,PA9
17960,40.70,-75.95,PA9
17961,40.65,-76.06,PA9
17963,40.56,-76.39,PA9
17964,40.70,-76.51,PA9
17965,40.70,-76.17,PA9
17967,40.87,-76.21,PA9
17968,40.64,-76.63,PA9
17970,40.72,-76.19,PA9
17972,40.58,-76.23,PA9
17974,40.70,-76.24,PA9
17976,40.82,-76.21,PA9
17978,40.62,-76.65,PA10:65|PA9:35
17979,40.57,-76.20,PA9
17980,40.52,-76.64,PA9:93|PA10:7
17981,40.63,-76.39,PA9
17982,40.77,-76.04,PA9
17983,40.64,-76.55,PA9
17985,40.92,-76.24,PA9
18011,40.48,-75.65,PA7:71|PA4:29
18012,40.81,-75.59,PA7
18013,40.85,-75.17,PA7
18014,40.77,-75.41,PA7
18015,40.59,-75.37,PA7
18017,40.66,-75.39,PA7
18018,40.63,-75.40,PA7
18020,40.67,-75.33,PA7
18030,40.80,-75.66,PA7
18031,40.56,-75.65,PA7:99|PA4:1
18032,40.66,-75.47,PA7
18034,40.54,-75.42,PA7
18035,40.75,-75.54,PA7
18036,40.51,-75.39,PA7:85|PA1:15
18037,40.68,-75.55,PA7
18038,40.80,-75.48,PA7
18040,40.75,-75.23,PA7
18041,40.42,-75.51,PA1:92|PA7:7|PA4:1
18042,40.64,-75.23,PA7
18045,40.69,-75.27,PA7
18046,40.55,-75.56,PA7
18049,40.52,-75.49,PA7
18051,40.60,-75.67,PA7
18052,40.66,-75.50,PA7
18053,40.72,-75.70,PA7
18054,40.35,-75.44,PA1:77|PA4:23
18055,40.59,-75.30,PA7:97|PA1:3
18056,40.45,-75.55,PA4
18058,40.89,-75.49,PA7:97|PA8:3
18059,40.72,-75.54,PA7
18062,40.51,-75.58,PA7:93|PA4:7
18063,40.78,-75.18,PA7
18064,40.76,-75.32,PA7
18065,40.70,-75.61,PA7
18066,40.66,-75.74,PA7
18067,40.72,-75.48,PA7
18069,40.63,-75.62,PA7
18070,40.43,-75.54,PA1:70|PA4:30
18071,40.83,-75.56,PA7
18072,40.84,-75.26,PA7
18073,40.39,-75.47,PA1
18074,40.32,-75.52,PA4:97|PA1:3
18076,40.37,-75.48,PA1
18077,40.57,-75.24,PA1:90|PA7:10
18078,40.67,-75.62,PA7
18079,40.74,-75.66,PA7
18080,40.73,-75.64,PA7
18081,40.56,-75.28,PA1
18083,40.75,-75.26,PA7
18085,40.74,-75.25,PA7
18086,40.74,-75.55,PA7
18087,40.56,-75.59,PA7
18088,40.77,-75.56,PA7
18091,40.82,-75.33,PA7
18092,40.47,-75.51,PA7:95|PA4:5
18101,40.60,-75.47,PA7
18102,40.61,-75.48,PA7
18103,40.57,-75.49,PA7
18104,40.61,-75.55,PA7
18106,40.56,-75.57,PA7
18109,40.64,-75.44,PA7
18195,40.58,-75.62,PA7
18201,40.95,-75.95,PA8
18202,40.95,-76.05,PA8:91|PA9:9
18210,41.00,-75.59,PA7:76|PA8:24
18211,40.74,-75.83,PA9:97|PA7:3
18212,40.77,-75.72,PA7
18214,40.81,-76.09,PA9
18216,40.94,-75.89,PA7:81|PA8:19
18218,40.82,-75.92,PA9
18219,40.99,-76.06,PA9
18220,40.84,-76.08,PA9
18221,41.00,-75.92,PA8
18222,41.04,-76.00,PA8:80|PA9:20
18223,40.98,-75.95,PA8
18224,41.02,-75.89,PA8
18225,40.98,-75.97,PA8
18229,40.93,-75.68,PA7
18230,40.92,-75.93,PA7
18231,40.90,-76.00,PA9
18232,40.84,-75.87,PA7
18234,40.99,-75.96,PA8
18235,40.84,-75.69,PA7
18237,40.88,-76.05,PA9:99|PA7:1
18239,40.99,-75.98,PA8
18240,40.86,-75.84,PA7:87|PA9:13
18241,40.94,-76.16,PA9
18242,40.91,-76.12,PA9
18244,40.82,-75.67,PA7
18245,40.85,-76.03,PA9
18246,40.96,-76.20,PA9
18248,40.90,-76.09,PA9
18249,40.99,-76.12,PA9:96|PA8:4
18250,40.81,-75.86,PA7
18252,40.78,-75.97,PA9
18254,40.92,-75.97,PA7
18255,40.93,-75.83,PA7:97|PA8:3
18256,40.94,-76.15,PA9
18301,41.04,-75.18,PA8
18302,41.10,-75.11,PA8
18321,41.03,-75.28,PA8
18322,40.92,-75.39,PA8
18323,41.20,-75.27,PA8
18324,41.16,-75.00,PA8
18325,41.26,-75.27,PA8
18326,41.15,-75.25,PA8
18327,40.98,-75.15,PA8
18328,41.23,-74.97,PA8
18330,40.96,-75.45,PA8:92|PA7:8
18331,40.91,-75.44,PA7:56|PA8:44
18332,41.09,-75.26,PA8
18333,40.90,-75.49,PA7
18334,41.07,-75.44,PA8
18335,41.06,-75.11,PA8
18336,41.37,-74.74,PA8
18337,41.33,-74.87,PA8
18340,41.42,-74.77,PA8
18342,41.17,-75.30,PA8
18343,40.89,-75.11,PA7
18344,41.12,-75.33,PA8
18346,41.14,-75.44,PA8
18347,41.15,-75.54,PA8
18349,41.10,-75.37,PA8
18350,41.11,-75.46,PA8
18351,40.92,-75.10,PA7
18353,40.90,-75.36,PA8:76|PA7:24
18354,40.92,-75.32,PA8
18355,41.08,-75.36,PA8
18356,41.02,-75.11,PA8
18357,41.23,-75.21,PA8
18360,40.97,-75.29,PA8
18370,41.09,-75.34,PA8
18371,41.16,-75.04,PA8
18372,41.04,-75.33,PA8
18403,41.51,-75.53,PA8
18405,41.60,-75.10,PA8
18407,41.59,-75.54,PA8:98|PA9:2
18411,41.46,-75.75,PA8
18413,41.65,-75.53,PA9
18414,41.54,-75.75,PA8:75|PA9:25
18415,41.76,-75.08,PA8
18417,41.81,-75.20,PA8
18419,41.58,-75.80,PA9:81|PA8:19
18420,41.61,-75.70,PA8
18421,41.66,-75.49,PA9:55|PA8:45
18424,41.23,-75.52,PA8
18425,41.44,-75.04,PA8
18426,41.33,-75.24,PA8
18428,41.45,-75.11,PA8
18430,41.74,-75.47,PA9
18431,41.62,-75.26,PA8
18433,41.57,-75.58,PA8
18434,41.45,-75.54,PA8
18435,41.49,-75.00,PA8
18436,41.44,-75.39,PA8
18437,41.88,-75.29,PA8
18438,41.43,-75.25,PA8
18439,41.83,-75.35,PA8
18440,41.56,-75.77,PA8
18441,41.66,-75.62,PA9
18443,41.66,-75.10,PA8
18444,41.34,-75.55,PA8
18445,41.30,-75.36,PA8
18446,41.66,-75.76,PA9:91|PA8:9
18447,41.51,-75.62,PA8
18451,41.40,-75.22,PA8
18452,41.48,-75.59,PA8
18453,41.75,-75.37,PA8
18454,41.82,-75.43,PA8
18455,41.89,-75.36,PA8
18456,41.62,-75.34,PA8
18457,41.47,-75.05,PA8
18458,41.40,-74.92,PA8
18460,41.27,-75.34,PA8
18461,41.93,-75.33,PA8
18462,41.90,-75.44,PA8:90|PA9:10
18463,41.35,-75.38,PA8
18464,41.40,-75.18,PA8
18465,41.83,-75.52,PA9:92|PA8:8
18466,41.20,-75.38,PA8
18469,41.70,-75.15,PA8
18470,41.73,-75.53,PA9:91|PA8:9
18471,41.53,-75.70,PA8
18472,41.59,-75.40,PA8
18473,41.53,-75.21,PA8
18503,41.41,-75.67,PA8
18504,41.42,-75.71,PA8
18505,41.39,-75.65,PA8
18507,41.36,-75.68,PA8
18508,41.46,-75.66,PA8
18509,41.43,-75.64,PA8
18510,41.41,-75.64,PA8
18512,41.43,-75.60,PA8
18517,41.40,-75.71,PA8
18518,41.37,-75.74,PA8
18519,41.46,-75.63,PA8
18602,41.19,-75.75,PA8
18603,41.08,-76.25,PA9
18610,41.06,-75.53,PA8
18612,41.35,-75.98,PA8:69|PA9:31
18614,41.48,-76.36,PA9
18615,41.46,-75.86,PA9:92|PA8:8
18616,41.52,-76.64,PA9
18617,41.17,-76.08,PA9
18618,41.38,-76.04,PA8:68|PA9:32
18619,41.43,-76.71,PA9
18621,41.26,-76.09,PA9:93|PA8:7
18622,41.20,-76.27,PA9
18623,41.66,-76.15,PA9
18624,41.06,-75.64,PA7
18625,41.52,-75.85,PA9
18626,41.41,-76.42,PA9
18627,41.32,-76.02,PA9
18628,41.43,-76.31,PA9
18629,41.52,-76.14,PA9
18630,41.66,-76.02,PA9
18631,41.03,-76.30,PA9
18632,41.46,-76.38,PA9
18634,41.18,-76.02,PA8
18635,41.03,-76.20,PA9
18636,41.40,-76.08,PA9
18640,41.30,-75.75,PA8
18641,41.34,-75.73,PA8
18642,41.36,-75.77,PA8
18643,41.36,-75.84,PA8
18644,41.33,-75.88,PA8
18651,41.25,-75.96,PA8
18655,41.19,-76.20,PA9
18656,41.33,-76.19,PA9
18657,41.52,-75.96,PA9
18660,41.10,-76.06,PA9
18661,41.08,-75.74,PA8:87|PA7:13
18701,41.24,-75.89,PA8
18702,41.23,-75.76,PA8
18704,41.28,-75.90,PA8
18705,41.27,-75.84,PA8
18706,41.20,-75.91,PA8
18707,41.13,-75.92,PA8:92|PA9:8
18708,41.30,-75.96,PA8:96|PA9:4
18709,41.29,-75.90,PA8
18801,41.83,-75.94,PA9
18810,41.93,-76.50,PA9
18812,41.98,-75.97,PA9
18814,41.78,-76.60,PA9
18816,41.74,-75.91,PA9
18817,41.87,-76.62,PA9
18818,41.91,-76.05,PA9
18820,41.78,-75.65,PA9
18821,41.99,-75.72,PA9
18822,41.94,-75.80,PA9
18823,41.77,-75.69,PA9
18824,41.70,-75.79,PA9
18825,41.83,-75.61,PA9
18826,41.75,-75.73,PA9
18828,41.79,-76.11,PA9
18829,41.84,-76.17,PA9
18830,41.96,-76.11,PA9
18831,41.89,-76.60,PA9
18832,41.68,-76.57,PA9
18833,41.59,-76.47,PA9
18834,41.83,-75.72,PA9
18837,41.92,-76.30,PA9
18840,41.97,-76.53,PA9
18842,41.77,-75.61,PA9
18843,41.80,-75.89,PA9
18844,41.69,-75.91,PA9
18845,41.79,-76.18,PA9
18846,41.62,-76.23,PA9
18847,41.93,-75.58,PA9:95|PA8:5
18848,41.75,-76.46,PA9
18850,41.87,-76.47,PA9
18851,41.94,-76.18,PA9
18853,41.72,-76.28,PA9
18854,41.79,-76.36,PA9
18901,40.30,-75.15,PA1
18902,40.35,-75.10,PA1
18912,40.32,-75.06,PA1
18913,40.37,-75.06,PA1
18914,40.29,-75.21,PA1
18915,40.27,-75.26,PA1
18917,40.37,-75.20,PA1
18920,40.49,-75.09,PA1
18921,40.53,-75.17,PA1
18923,40.35,-75.17,PA1
18925,40.28,-75.06,PA1
18927,40.32,-75.24,PA1
18929,40.26,-75.08,PA1
18930,40.53,-75.21,PA1
18932,40.29,-75.25,PA1
18933,40.40,-75.04,PA1
18935,40.43,-75.39,PA1
18936,40.23,-75.23,PA1
18938,40.35,-75.00,PA1
18940,40.26,-74.94,PA1
18942,40.47,-75.17,PA1
18944,40.40,-75.23,PA1
18946,40.29,-75.01,PA1
18947,40.42,-75.12,PA1
18950,40.47,-75.07,PA1
18951,40.46,-75.35,PA1
18954,40.23,-74.99,PA1
18955,40.48,-75.31,PA1
18960,40.37,-75.33,PA1
18962,40.34,-75.27,PA1
18964,40.30,-75.34,PA1:99|PA4:1
18966,40.19,-75.01,PA1
18969,40.33,-75.37,PA1:99|PA4:1
18970,40.41,-75.38,PA1
18972,40.53,-75.12,PA1
18974,40.22,-75.07,PA1
18976,40.25,-75.14,PA1
18977,40.28,-74.87,PA1
18980,40.27,-75.01,PA1
19001,40.13,-75.13,PA4
19002,40.19,-75.22,PA4:86|PA1:14
19003,40.00,-75.30,PA5
19004,40.01,-75.23,PA4
19006,40.13,-75.06,PA4:93|PA1:7
19007,40.11,-74.86,PA1
19008,39.97,-75.36,PA5
19009,40.14,-75.06,PA4
19010,40.02,-75.33,PA5:92|PA4:8
19012,40.06,-75.11,PA4
19013,39.85,-75.37,PA5
19014,39.86,-75.43,PA5
19015,39.87,-75.39,PA5
19017,39.89,-75.46,PA5
19018,39.92,-75.30,PA5
19020,40.10,-74.94,PA1
19021,40.09,-74.89,PA1
19022,39.86,-75.34,PA5
19023,39.92,-75.27,PA5
19025,40.15,-75.16,PA4
19026,39.95,-75.30,PA5
19027,40.07,-75.12,PA4
19029,39.86,-75.29,PA5
19030,40.18,-74.83,PA1
19031,40.11,-75.22,PA4
19032,39.89,-75.28,PA5
19033,39.89,-75.33,PA5
19034,40.13,-75.21,PA4
19035,40.05,-75.28,PA4:97|PA5:3
19036,39.90,-75.29,PA5
19038,40.10,-75.17,PA4
19040,40.18,-75.11,PA4:80|PA1:20
19041,40.00,-75.32,PA5
19043,39.90,-75.31,PA5
19044,40.19,-75.15,PA1:75|PA4:25
19046,40.10,-75.11,PA4
19047,40.18,-74.91,PA1
19050,39.94,-75.26,PA5
19052,39.90,-75.45,PA5
19053,40.15,-74.97,PA1
19054,40.17,-74.82,PA1
19055,40.15,-74.84,PA1
19056,40.15,-74.88,PA1
19057,40.14,-74.86,PA1
19060,39.85,-75.49,PA5
19061,39.83,-75.43,PA5
19063,39.92,-75.41,PA5
19064,39.93,-75.34,PA5
19066,40.00,-75.25,PA5:63|PA4:37
19067,40.23,-74.86,PA1
19070,39.91,-75.32,PA5
19072,40.02,-75.26,PA4:51|PA5:49
19073,39.98,-75.43,PA5:91|PA6:9
19074,39.89,-75.30,PA5
19075,40.12,-75.19,PA4
19076,39.89,-75.31,PA5
19078,39.87,-75.32,PA5
19079,39.90,-75.27,PA5
19081,39.90,-75.35,PA5
19082,39.96,-75.27,PA5
19083,39.98,-75.31,PA5
19085,40.04,-75.35,PA5:87|PA4:13
19086,39.89,-75.37,PA5
19087,40.06,-75.40,PA5:53|PA6:47
19090,40.15,-75.12,PA4
19094,39.88,-75.35,PA5
19095,40.09,-75.15,PA4
19096,40.00,-75.27,PA5:95|PA4:5
19102,39.95,-75.17,PA3
19103,39.95,-75.17,PA3
19104,39.96,-75.20,PA3
19106,39.95,-75.14,PA2:79|PA3:21
19107,39.95,-75.16,PA2
19108,39.96,-75.16,PA2
19109,39.95,-75.16,PA2
19111,40.06,-75.08,PA2
19112,39.89,-75.17,PA5
19113,39.87,-75.27,PA5
19114,40.07,-75.00,PA2
19115,40.09,-75.04,PA2
19116,40.12,-75.02,PA2
19118,40.07,-75.21,PA3:99|PA4:1
19119,40.05,-75.19,PA3
19120,40.03,-75.12,PA2
19121,39.98,-75.18,PA3
19122,39.98,-75.15,PA2
19123,39.96,-75.15,PA2
19124,40.02,-75.10,PA2
19125,39.98,-75.12,PA2
19126,40.06,-75.14,PA3:52|PA2:48
19127,40.03,-75.23,PA3
19128,40.05,-75.23,PA3:99|PA4:1
19129,40.01,-75.19,PA3
19130,39.97,-75.17,PA3
19131,39.99,-75.22,PA3
19132,40.00,-75.17,PA3:93|PA2:7
19133,39.99,-75.14,PA2
19134,39.99,-75.11,PA2
19135,40.02,-75.05,PA2
19136,40.04,-75.02,PA2
19137,39.99,-75.07,PA2
19138,40.06,-75.16,PA3
19139,39.96,-75.23,PA3
19140,40.01,-75.15,PA2:65|PA3:35
19141,40.04,-75.15,PA3:51|PA2:49
19142,39.92,-75.23,PA5
19143,39.94,-75.23,PA3:85|PA5:15
19144,40.03,-75.18,PA3
19145,39.91,-75.19,PA3:74|PA5:26
19146,39.94,-75.18,PA3
19147,39.94,-75.15,PA3:93|PA2:7
19148,39.91,-75.15,PA3:81|PA5:19
19149,40.04,-75.07,PA2
19150,40.07,-75.17,PA3
19151,39.98,-75.26,PA3
19152,40.06,-75.05,PA2
19153,39.88,-75.23,PA5
19154,40.10,-74.98,PA2
19301,40.04,-75.48,PA6
19310,39.94,-75.97,PA6:96|PA11:4
19311,39.82,-75.77,PA6
19312,40.03,-75.45,PA6:99|PA5:1
19316,40.05,-75.83,PA6
19317,39.86,-75.60,PA5:57|PA6:43
19319,39.93,-75.52,PA5:91|PA6:9
19320,39.96,-75.83,PA6
19330,39.87,-75.91,PA6
19333,40.04,-75.42,PA6
19335,40.02,-75.72,PA6
19341,40.04,-75.64,PA6
19342,39.91,-75.50,PA5:98|PA6:2
19343,40.10,-75.75,PA6
19344,40.08,-75.88,PA6:97|PA11:3
19345,40.03,-75.57,PA6
19348,39.87,-75.72,PA6
19350,39.76,-75.80,PA6
19352,39.78,-75.89,PA6
19355,40.05,-75.53,PA6
19358,39.96,-75.81,PA6
19362,39.75,-76.07,PA6:63|PA11:37
19363,39.79,-75.97,PA6:98|PA11:2
19365,39.97,-75.93,PA6
19367,39.96,-75.88,PA6
19369,39.98,-75.89,PA6
19372,40.00,-75.76,PA6
19373,39.90,-75.53,PA5:99|PA6:1
19374,39.83,-75.75,PA6
19375,39.90,-75.74,PA6
19380,39.99,-75.60,PA6
19382,39.93,-75.61,PA6:98|PA5:2
19383,39.94,-75.61,PA6
19390,39.84,-75.84,PA6
19401,40.13,-75.33,PA5:82|PA4:18
19403,40.15,-75.38,PA4
19405,40.10,-75.33,PA5
19406,40.09,-75.39,PA5:90|PA4:10
19422,40.16,-75.28,PA4
19425,40.10,-75.64,PA6
19426,40.19,-75.44,PA4
19428,40.08,-75.30,PA4:96|PA5:4
19435,40.33,-75.57,PA4
19436,40.20,-75.25,PA4
19437,40.18,-75.26,PA4
19438,40.27,-75.39,PA4:93|PA1:7
19440,40.29,-75.29,PA1:98|PA4:2
19442,40.13,-75.58,PA6
19444,40.09,-75.25,PA4
19446,40.23,-75.30,PA4:81|PA1:19
19453,40.14,-75.50,PA4
19454,40.23,-75.24,PA1:63|PA4:37
19456,40.14,-75.46,PA4
19457,40.21,-75.59,PA6
19460,40.13,-75.53,PA6:88|PA4:12
19462,40.12,-75.28,PA4
19464,40.26,-75.62,PA4
19465,40.19,-75.68,PA6
19468,40.21,-75.54,PA4
19472,40.34,-75.58,PA4
19473,40.26,-75.48,PA4
19474,40.22,-75.40,PA4
19475,40.17,-75.60,PA6
19477,40.18,-75.24,PA4
19490,40.20,-75.35,PA4
19492,40.28,-75.49,PA4
19501,40.24,-76.06,PA11:98|PA6:2
19503,40.41,-75.57,PA4
19504,40.42,-75.59,PA4:99|PA1:1
19505,40.38,-75.62,PA4
19506,40.45,-76.13,PA9:97|PA4:3
19507,40.51,-76.27,PA9
19508,40.26,-75.83,PA6:89|PA4:11
19510,40.45,-75.88,PA4
19511,40.49,-75.74,PA4
19512,40.35,-75.68,PA4
19516,40.49,-76.01,PA9
19518,40.27,-75.75,PA4:84|PA6:16
19520,40.16,-75.80,PA6
19522,40.45,-75.82,PA4
19523,40.20,-75.85,PA6
19525,40.31,-75.59,PA4
19526,40.55,-76.00,PA9:91|PA4:9
19529,40.64,-75.86,PA9:53|PA7:47
19530,40.54,-75.78,PA4:94|PA7:6
19533,40.43,-75.99,PA4:91|PA9:9
19534,40.58,-75.88,PA4:67|PA9:33
19535,40.34,-75.79,PA4:81|PA6:19
19536,40.48,-75.76,PA4
19538,40.55,-75.70,PA4
19539,40.50,-75.68,PA4:96|PA7:4
19540,40.24,-75.97,PA6:93|PA11:7
19541,40.48,-76.02,PA9
19543,40.18,-75.89,PA6:84|PA11:16
19544,40.42,-76.30,PA9
19545,40.34,-75.63,PA4
19547,40.38,-75.77,PA4
19549,40.58,-76.03,PA9
19550,40.45,-76.25,PA9
19551,40.36,-76.14,PA9:99|PA11:1
19554,40.51,-76.10,PA9
19555,40.49,-75.95,PA9:63|PA4:37
19559,40.49,-76.19,PA9
19560,40.40,-75.88,PA4
19562,40.50,-75.70,PA4
19564,40.52,-75.87,PA4
19565,40.34,-76.09,PA9:98|PA4:2
19567,40.40,-76.21,PA9
19601,40.36,-75.94,PA6:97|PA4:3
19602,40.33,-75.92,PA6
19604,40.36,-75.91,PA6:95|PA4:5
19605,40.40,-75.95,PA4:94|PA6:6
19606,40.34,-75.86,PA6:96|PA4:4
19607,40.29,-75.94,PA6
19608,40.31,-76.04,PA6:72|PA4:14|PA9:13
19609,40.33,-76.00,PA6
19610,40.34,-75.97,PA6
19611,40.32,-75.94,PA6
19701,39.58,-75.70,DE0
19702,39.62,-75.73,DE0
19703,39.80,-75.45,DE0
19706,39.57,-75.59,DE0
19707,39.79,-75.69,DE0
19709,39.49,-75.68,DE0
19710,39.79,-75.58,DE0
19711,39.71,-75.74,DE0
19713,39.67,-75.71,DE0
19716,39.67,-75.75,DE0
19717,39.68,-75.75,DE0
19720,39.65,-75.60,DE0
19730,39.45,-75.66,DE0
19731,39.51,-75.60,DE0
19732,39.80,-75.57,DE0
19733,39.56,-75.65,DE0
19734,39.38,-75.65,DE0
19735,39.81,-75.60,DE0
19736,39.78,-75.64,DE0
19801,39.72,-75.54,DE0
19802,39.76,-75.53,DE0
19803,39.80,-75.54,DE0
19804,39.72,-75.62,DE0
19805,39.75,-75.59,DE0
19806,39.76,-75.56,DE0
19807,39.80,-75.61,DE0
19808,39.74,-75.67,DE0
19809,39.76,-75.50,DE0
19810,39.82,-75.51,DE0
19901,39.18,-75.47,DE0
19902,39.13,-75.47,DE0
19904,39.17,-75.59,DE0
19930,38.56,-75.07,DE0
19931,38.57,-75.61,DE0
19933,38.73,-75.60,DE0
19934,39.08,-75.63,DE0
19936,39.22,-75.59,DE0
19938,39.26,-75.70,DE0
19939,38.56,-75.19,DE0
19940,38.48,-75.56,DE0
19941,38.78,-75.43,DE0
19943,39.00,-75.61,DE0
19944,38.48,-75.05,DE0
19945,38.50,-75.23,DE0
19946,39.03,-75.45,DE0
19947,38.67,-75.40,DE0
19950,38.82,-75.60,DE0
19951,38.69,-75.26,DE0
19952,38.92,-75.61,DE0
19953,39.15,-75.69,DE0
19954,38.90,-75.52,DE0
19955,39.23,-75.66,DE0
19956,38.55,-75.54,DE0
19958,38.73,-75.17,DE0
19960,38.85,-75.41,DE0
19962,39.07,-75.49,DE0
19963,38.94,-75.36,DE0
19964,39.10,-75.73,DE0
19966,38.58,-75.28,DE0
19967,38.54,-75.12,DE0
19968,38.78,-75.28,DE0
19970,38.55,-75.10,DE0
19971,38.69,-75.10,DE0
19973,38.63,-75.62,DE0|MD1
19975,38.47,-75.17,DE0
19977,39.30,-75.55,DE0
19979,39.05,-75.58,DE0
19980,39.07,-75.57,DE0
20001,38.91,-77.02,DC0
20002,38.91,-76.98,DC0
20003,38.88,-76.99,DC0
20004,38.90,-77.03,DC0
20005,38.90,-77.03,DC0
20006,38.90,-77.04,DC0
20007,38.92,-77.09,DC0
20008,38.94,-77.06,DC0
20009,38.92,-77.04,DC0
20010,38.93,-77.03,DC0
20011,38.95,-77.02,DC0
20012,38.98,-77.03,DC0
20015,38.97,-77.06,DC0
20016,38.94,-77.09,DC0
20017,38.94,-76.99,DC0
20018,38.93,-76.97,DC0
20019,38.89,-76.94,DC0
20020,38.86,-76.98,DC0
20024,38.87,-77.03,DC0
20032,38.83,-77.02,DC0
20036,38.91,-77.04,DC0
20037,38.89,-77.05,DC0
20045,38.90,-77.03,DC0
20052,38.90,-77.05,DC0
20057,38.91,-77.08,DC0
20059,38.92,-77.02,DC0
20064,38.94,-77.00,DC0
20105,38.95,-77.60,VA10
20106,38.70,-78.00,VA7:59|VA10:41
20109,38.79,-77.53,VA10
20110,38.75,-77.49,VA10
20111,38.75,-77.43,VA10
20112,38.67,-77.43,VA10:78|VA7:22
20115,38.82,-77.89,VA10
20117,39.00,-77.73,VA10
20119,38.62,-77.63,VA10:99|VA7:1
20120,38.85,-77.48,VA11:85|VA10:15
20121,38.81,-77.46,VA11:96|VA10:4
20124,38.78,-77.39,VA11:59|VA10:41
20129,39.16,-77.59,VA10
20130,39.04,-77.94,VA6:74|VA10:26
20132,39.17,-77.73,VA10
20135,39.09,-77.89,WV2|VA6:68|VA10:32
20136,38.73,-77.54,VA10
20137,38.81,-77.72,VA10
20141,39.12,-77.79,VA10
20143,38.87,-77.56,VA10
20144,38.92,-77.94,VA10
20147,39.04,-77.48,VA10
20148,38.99,-77.53,VA10
20151,38.90,-77.44,VA11
20152,38.90,-77.52,VA10
20155,38.81,-77.62,VA10
20158,39.14,-77.66,VA10
20164,39.01,-77.40,VA10
20165,39.06,-77.39,VA10
20166,38.95,-77.47,VA10
20169,38.87,-77.64,VA10
20170,38.98,-77.38,VA11
20171,38.93,-77.40,VA11
20175,39.06,-77.60,VA10
20176,39.18,-77.53,VA10
20180,39.27,-77.64,VA10
20181,38.67,-77.55,VA10
20184,39.00,-77.88,VA10
20186,38.69,-77.84,VA10
20187,38.72,-77.73,VA10
20190,38.96,-77.34,VA11
20191,38.93,-77.35,VA11
20194,38.98,-77.34,VA11
20197,39.20,-77.63,VA10
20198,38.88,-77.74,VA10
20204,38.89,-77.01,DC0
20220,38.90,-77.03,DC0
20230,38.89,-77.04,DC0
20240,38.89,-77.04,DC0
20245,38.89,-77.05,DC0
20250,38.89,-77.03,DC0
20260,38.88,-77.03,DC0
20317,38.93,-77.01,DC0
20319,38.87,-77.02,DC0
20373,38.85,-77.01,DC0
20388,38.87,-76.99,DC0
20390,38.88,-76.99,DC0
20408,38.89,-77.02,DC0
20415,38.89,-77.04,DC0
20418,38.89,-77.05,DC0
20422,38.93,-77.01,DC0
20427,38.90,-77.05,DC0
20431,38.90,-77.04,DC0
20510,38.89,-77.01,DC0
20515,38.89,-77.01,DC0
20520,38.89,-77.05,DC0
20530,38.89,-77.03,DC0
20535,38.90,-77.02,DC0
20540,38.89,-77.00,DC0
20542,38.94,-77.03,DC0
20551,38.89,-77.05,DC0
20560,38.89,-77.03,DC0
20565,38.89,-77.02,DC0
20566,38.90,-77.06,DC0
20591,38.89,-77.02,DC0
20601,38.62,-76.86,MD5
20602,38.58,-76.89,MD5
20603,38.63,-76.98,MD5
20606,38.26,-76.74,MD5
20607,38.67,-77.03,MD5
20608,38.58,-76.70,MD5
20609,38.28,-76.75,MD5
20611,38.46,-76.99,MD5
20612,38.51,-76.68,MD5
20613,38.67,-76.81,MD5
20615,38.41,-76.55,MD5
20616,38.66,-77.10,MD5
20617,38.54,-76.85,MD5
20618,38.28,-76.80,MD5
20619,38.29,-76.53,MD5
20620,38.24,-76.54,MD5
20621,38.33,-76.80,MD5
20622,38.42,-76.88,MD5
20623,38.74,-76.84,MD5
20624,38.34,-76.73,MD5
20625,38.26,-76.84,MD5
20626,38.23,-76.76,MD5
20628,38.15,-76.34,MD5
20629,38.34,-76.46,MD5
20630,38.17,-76.47,MD5
20632,38.42,-76.95,MD5
20634,38.24,-76.50,MD5
20636,38.35,-76.57,MD5
20637,38.53,-76.76,MD5
20639,38.60,-76.60,MD5
20640,38.53,-77.20,MD5
20645,38.30,-76.91,MD5
20646,38.52,-77.00,MD5
20650,38.26,-76.63,MD5
20653,38.24,-76.43,MD5
20656,38.34,-76.68,MD5
20657,38.38,-76.44,MD5
20658,38.57,-77.16,MD5
20659,38.41,-76.73,MD5
20660,38.37,-76.71,MD5
20661,38.26,-76.85,MD5
20662,38.43,-77.21,MD5
20664,38.34,-76.91,MD5
20667,38.22,-76.45,MD5
20670,38.28,-76.41,MD5
20674,38.15,-76.54,MD5
20675,38.58,-77.02,MD5
20676,38.49,-76.55,MD5
20677,38.49,-77.05,MD5
20678,38.52,-76.60,MD5
20680,38.10,-76.38,MD5
20684,38.13,-76.42,MD5
20685,38.43,-76.53,MD5
20686,38.19,-76.43,MD5
20687,38.06,-76.34,MD5
20688,38.33,-76.46,MD5
20689,38.67,-76.59,MD5
20690,38.16,-76.54,MD5
20692,38.18,-76.50,MD5
20693,38.46,-77.09,MD5
20695,38.59,-76.98,MD5
20701,39.14,-76.79,MD5:54|MD3:46
20705,39.05,-76.90,MD4
20706,38.97,-76.85,MD4
20707,39.09,-76.88,MD4
20708,39.04,-76.83,MD4
20710,38.94,-76.93,MD4
20711,38.80,-76.64,MD5
20712,38.94,-76.96,MD4
20714,38.70,-76.53,MD5
20715,38.99,-76.74,MD5
20716,38.93,-76.71,MD5
20720,39.00,-76.78,MD4:51|MD5:49
20721,38.92,-76.79,MD5:96|MD4:4
20722,38.93,-76.95,MD4
20723,39.14,-76.86,MD3
20724,39.08,-76.79,MD5
20732,38.66,-76.54,MD5
20733,38.80,-76.53,MD5
20735,38.74,-76.91,MD4:73|MD5:27
20736,38.69,-76.62,MD5
20737,38.96,-76.92,MD4
20740,39.00,-76.93,MD4
20742,38.99,-76.94,MD4
20743,38.88,-76.89,MD4:97|MD5:3
20744,38.75,-76.98,MD4
20745,38.80,-77.00,MD4
20746,38.84,-76.92,MD4
20747,38.85,-76.88,MD4
20748,38.81,-76.93,MD4
20751,38.79,-76.56,MD5
20754,38.73,-76.65,MD5
20755,39.10,-76.75,MD5
20758,38.73,-76.59,MD5
20759,39.15,-76.93,MD3
20762,38.81,-76.87,MD5
20763,39.14,-76.82,MD3
20764,38.83,-76.50,MD5
20765,38.85,-76.55,MD5
20769,38.99,-76.81,MD4
20770,39.00,-76.89,MD4
20771,39.01,-76.86,MD4
20772,38.78,-76.77,MD5
20774,38.88,-76.77,MD5:86|MD4:14
20776,38.88,-76.59,MD5
20777,39.17,-76.97,MD3:99|MD8:1
20778,38.83,-76.57,MD5
20779,38.76,-76.57,MD5
20781,38.95,-76.95,MD4
20782,38.97,-76.97,MD4
20783,39.00,-76.97,MD4
20784,38.95,-76.89,MD4
20785,38.92,-76.88,MD4
20794,39.15,-76.79,MD3:70|MD5:30
20812,38.97,-77.14,MD8
20814,39.00,-77.10,MD8
20815,38.98,-77.08,MD8
20816,38.96,-77.12,MD8
20817,39.00,-77.15,MD8
20818,38.97,-77.16,MD8
20832,39.15,-77.08,MD8
20833,39.21,-77.06,MD8:98|MD3:2
20837,39.11,-77.41,MD6
20838,39.22,-77.37,MD6
20839,39.18,-77.43,MD6
20841,39.18,-77.32,MD6
20842,39.20,-77.42,MD6
20850,39.09,-77.18,MD8:96|MD6:4
20851,39.08,-77.12,MD8
20852,39.05,-77.12,MD8
20853,39.10,-77.09,MD8
20854,39.03,-77.22,MD8
20855,39.14,-77.13,MD8
20860,39.15,-77.03,MD8
20861,39.15,-77.00,MD8
20862,39.18,-77.02,MD8
20866,39.11,-76.93,MD4
20868,39.13,-76.96,MD4:85|MD8:15
20871,39.26,-77.28,MD6
20872,39.30,-77.21,MD6
20874,39.13,-77.30,MD6:96|MD8:4
20876,39.21,-77.23,MD6
20877,39.14,-77.19,MD6:79|MD8:21
20878,39.11,-77.25,MD6:68|MD8:32
20879,39.17,-77.16,MD8:72|MD6:28
20880,39.14,-77.17,MD8
20882,39.23,-77.16,MD8:59|MD6:41
20886,39.19,-77.21,MD6:53|MD8:47
20889,39.00,-77.09,MD8
20892,39.00,-77.10,MD8
20894,39.00,-77.10,MD8
20895,39.03,-77.08,MD8
20896,39.04,-77.10,MD8
20899,39.14,-77.22,MD6
20901,39.02,-77.01,MD8
20902,39.04,-77.04,MD8
20903,39.02,-76.98,MD8:81|MD4:19
20904,39.07,-76.98,MD8:67|MD4:33
20905,39.11,-76.99,MD8:86|MD4:14
20906,39.09,-77.05,MD8
20910,39.00,-77.04,MD8
20912,38.98,-77.00,MD8:86|MD4:14
21001,39.50,-76.20,MD1
21005,39.47,-76.11,MD1
21009,39.47,-76.28,MD1
21010,39.39,-76.29,MD1
21012,39.05,-76.49,MD3
21013,39.51,-76.49,MD1
21014,39.54,-76.35,MD1
21015,39.54,-76.29,MD1
21017,39.48,-76.23,MD1
21023,39.52,-76.74,MD2
21028,39.57,-76.24,MD1
21029,39.21,-76.96,MD3
21030,39.51,-76.69,MD2
21031,39.49,-76.66,MD2
21032,39.03,-76.60,MD3
21034,39.64,-76.22,MD1
21035,38.94,-76.63,MD5
21036,39.23,-77.01,MD3
21037,38.92,-76.54,MD5:93|MD3:7
21040,39.43,-76.28,MD1
21042,39.28,-76.89,MD3
21043,39.26,-76.80,MD3:98|MD2:2
21044,39.21,-76.88,MD3
21045,39.21,-76.83,MD3
21046,39.17,-76.84,MD3
21047,39.52,-76.44,MD1
21048,39.50,-76.92,MD2
21050,39.59,-76.40,MD1
21051,39.47,-76.46,MD1
21052,39.21,-76.44,MD7
21053,39.70,-76.71,MD2:91|MD1:9
21054,39.06,-76.69,MD5:97|MD3:3
21056,39.08,-76.44,MD3
21057,39.45,-76.51,MD1
21060,39.18,-76.58,MD3
21061,39.16,-76.63,MD3
21071,39.48,-76.81,MD2
21074,39.62,-76.84,MD2
21075,39.20,-76.75,MD3
21076,39.17,-76.72,MD3
21077,39.16,-76.70,MD3
21078,39.56,-76.14,MD1
21082,39.48,-76.47,MD1
21084,39.61,-76.47,MD1
21085,39.45,-76.36,MD1
21087,39.45,-76.41,MD1
21090,39.21,-76.66,MD3
21093,39.44,-76.64,MD2
21102,39.69,-76.85,MD2
21104,39.35,-76.91,MD3:54|MD2:46
21105,39.72,-76.65,MD1
21108,39.09,-76.62,MD3
21111,39.58,-76.59,MD1:59|MD2:41
21113,39.06,-76.71,MD5
21114,39.01,-76.68,MD5
21117,39.43,-76.78,MD2
21120,39.65,-76.67,MD2:59|MD1:41
21122,39.11,-76.49,MD3
21128,39.40,-76.45,MD1:84|MD2:16
21130,39.47,-76.19,MD1
21131,39.50,-76.59,MD1:67|MD2:33
21132,39.70,-76.42,MD1
21133,39.38,-76.81,MD2:96|MD7:4
21136,39.44,-76.84,MD2
21140,38.95,-76.59,MD5
21144,39.12,-76.68,MD3:96|MD5:4
21146,39.08,-76.56,MD3
21152,39.56,-76.69,MD2
21153,39.42,-76.70,MD2
21154,39.66,-76.36,MD1
21155,39.57,-76.80,MD2
21156,39.43,-76.40,MD1
21157,39.55,-76.98,MD2
21158,39.65,-77.04,MD2
21160,39.70,-76.31,MD1
21161,39.66,-76.56,MD1
21162,39.39,-76.41,MD1:88|MD2:12
21163,39.34,-76.85,MD3:66|MD2:34
21201,39.29,-76.62,MD7
21202,39.30,-76.61,MD7
21204,39.41,-76.63,MD2
21205,39.30,-76.56,MD7
21206,39.34,-76.54,MD7:81|MD2:19
21207,39.32,-76.72,MD7
21208,39.38,-76.72,MD2:67|MD7:33
21209,39.37,-76.66,MD2:71|MD7:29
21210,39.36,-76.64,MD2:85|MD7:15
21211,39.33,-76.64,MD2:54|MD7:46
21212,39.37,-76.61,MD2:52|MD7:48
21213,39.32,-76.58,MD7
21214,39.35,-76.56,MD7
21215,39.35,-76.68,MD7:96|MD2:4
21216,39.31,-76.67,MD7
21217,39.31,-76.64,MD7
21218,39.33,-76.60,MD7
21219,39.23,-76.44,MD7
21220,39.34,-76.39,MD2:81|MD1:19
21221,39.29,-76.44,MD2
21222,39.26,-76.50,MD7
21223,39.28,-76.65,MD7
21224,39.28,-76.54,MD7
21225,39.23,-76.62,MD7:53|MD3:47
21226,39.21,-76.56,MD3:60|MD7:40
21227,39.24,-76.68,MD7
21228,39.27,-76.75,MD2:56|MD7:44
21229,39.28,-76.69,MD7
21230,39.27,-76.63,MD7
21231,39.29,-76.59,MD7
21233,39.29,-76.60,MD7
21234,39.39,-76.53,MD2:87|MD7:13
21236,39.39,-76.48,MD2:91|MD1:8
21237,39.34,-76.50,MD2:93|MD7:7
21239,39.37,-76.59,MD7:81|MD2:19
21240,39.17,-76.67,MD3
21244,39.34,-76.78,MD2:52|MD7:48
21250,39.26,-76.71,MD7
21251,39.35,-76.58,MD7
21252,39.39,-76.61,MD2
21285,39.39,-76.62,MD2
21286,39.41,-76.57,MD2
21287,39.30,-76.59,MD7
21401,38.99,-76.55,MD3
21402,38.99,-76.47,MD3
21403,38.94,-76.49,MD3
21405,39.03,-76.54,MD3
21409,39.02,-76.44,MD3
21502,39.64,-78.76,MD6
21520,39.64,-79.31,MD6
21521,39.55,-79.05,MD6
21523,39.48,-79.08,MD6
21524,39.71,-78.80,MD6
21529,39.71,-78.78,MD6
21530,39.68,-78.55,MD6
21531,39.64,-79.43,MD6
21532,39.65,-78.98,MD6
21536,39.66,-79.17,MD6
21538,39.41,-79.24,MD6
21539,39.59,-79.01,MD6
21540,39.48,-79.06,MD6
21541,39.54,-79.38,MD6
21542,39.59,-78.95,MD6
21543,39.64,-78.97,MD6
21545,39.70,-78.85,MD6
21550,39.39,-79.39,MD6
21555,39.58,-78.56,MD6
21557,39.52,-78.93,MD6
21560,39.57,-78.71,MD6
21561,39.49,-79.19,MD6
21562,39.51,-79.04,MD6
21601,38.79,-76.09,MD1
21607,39.13,-75.86,MD1
21610,39.37,-76.07,MD1
21612,38.75,-76.27,MD1
21613,38.50,-76.08,MD1
21617,39.05,-76.04,MD1
21619,38.94,-76.27,MD1
21620,39.21,-76.08,MD1
21622,38.41,-76.16,MD1
21623,39.12,-75.96,MD1
21624,38.83,-76.28,MD1
21625,38.86,-75.98,MD1
21626,38.34,-76.07,MD1
21627,38.24,-76.05,MD1
21628,39.23,-75.92,MD1
21629,38.86,-75.83,MD1
21631,38.58,-75.94,MD1
21632,38.73,-75.77,MD1
21634,38.29,-76.19,MD1
21635,39.33,-75.85,MD1
21636,39.01,-75.80,MD1
21638,38.94,-76.21,MD1
21639,38.96,-75.78,MD1
21640,39.07,-75.82,MD1
21641,38.92,-75.94,MD1
21643,38.65,-75.87,MD1
21644,39.12,-75.87,MD1
21645,39.32,-75.96,MD1
21647,38.80,-76.28,MD1
21648,38.51,-76.23,MD1
21649,39.15,-75.78,MD1
21650,39.31,-75.81,MD1
21651,39.26,-75.86,MD1
21652,38.72,-76.28,MD1
21653,38.75,-76.18,MD1
21654,38.70,-76.12,MD1
21655,38.74,-75.91,MD1
21657,38.94,-75.98,MD1
21658,38.94,-76.14,MD1
21659,38.57,-75.80,MD1
21660,38.96,-75.89,MD1
21661,39.09,-76.22,MD1
21662,38.71,-76.22,MD1
21663,38.79,-76.23,MD1
21664,38.61,-75.95,MD1
21665,38.75,-76.37,MD1
21666,38.93,-76.34,MD1
21667,39.34,-76.05,MD1
21668,39.19,-75.85,MD1
21669,38.46,-76.30,MD1
21671,38.69,-76.34,MD1
21672,38.27,-76.05,MD1
21673,38.64,-76.04,MD1
21675,38.30,-76.09,MD1
21676,38.79,-76.30,MD1
21677,38.47,-76.17,MD1
21678,39.32,-76.11,MD1
21679,38.92,-76.09,MD1
21701,39.44,-77.33,MD6
21702,39.48,-77.44,MD6
21703,39.37,-77.47,MD6
21704,39.35,-77.38,MD6
21705,39.41,-77.41,MD6
21710,39.31,-77.43,MD6
21711,39.67,-78.02,MD6
21713,39.53,-77.67,MD6
21714,39.41,-77.51,MD6
21715,39.38,-77.66,MD6
21716,39.32,-77.63,MD6
21717,39.34,-77.43,MD6
21718,39.39,-77.63,MD6
21719,39.70,-77.50,MD6
21722,39.66,-77.91,MD6
21723,39.33,-77.00,MD3
21727,39.69,-77.33,MD6
21733,39.55,-77.76,MD6
21734,39.61,-77.70,MD6
21737,39.25,-77.03,MD3
21738,39.28,-77.03,MD3
21740,39.63,-77.74,MD6
21742,39.68,-77.65,MD6
21746,39.57,-77.71,MD6
21750,39.66,-78.24,MD6
21754,39.33,-77.32,MD6
21755,39.36,-77.57,MD6
21756,39.46,-77.69,MD6
21757,39.59,-77.26,MD6:55|MD2:45
21758,39.35,-77.66,MD6
21762,39.48,-77.25,MD6
21766,39.67,-78.39,MD6
21767,39.70,-77.75,MD6
21769,39.44,-77.57,MD6
21770,39.35,-77.26,MD6
21771,39.39,-77.16,MD6:46|MD3:45|MD2:8
21773,39.54,-77.55,MD6
21774,39.41,-77.27,MD6
21776,39.52,-77.10,MD2:86|MD6:14
21777,39.28,-77.53,MD6
21778,39.62,-77.33,MD6
21779,39.42,-77.65,MD6
21780,39.67,-77.47,MD6
21781,39.57,-77.76,MD6
21782,39.46,-77.76,MD6
21783,39.65,-77.55,MD6
21784,39.40,-76.97,MD2:79|MD3:21
21787,39.68,-77.17,MD2:98|MD6:2
21788,39.59,-77.41,MD6
21790,39.26,-77.50,MD6
21791,39.53,-77.19,MD2:53|MD6:47
21793,39.49,-77.34,MD6
21794,39.30,-76.97,MD3
21795,39.58,-77.82,MD6
21797,39.33,-77.07,MD3:99
21798,39.54,-77.29,MD6
21801,38.35,-75.68,MD1
21804,38.31,-75.53,MD1
21810,38.29,-75.69,MD1
21811,38.32,-75.22,MD1
21813,38.42,-75.18,MD1
21814,38.29,-75.90,MD1
21817,37.98,-75.84,MD1
21821,38.16,-75.92,MD1
21822,38.29,-75.66,MD1
21824,37.98,-76.04,MD1
21826,38.32,-75.63,MD1
21829,38.10,-75.37,MD1
21830,38.40,-75.73,MD1
21835,38.54,-75.94,MD1
21837,38.45,-75.77,MD1
21838,38.02,-75.74,MD1
21840,38.25,-75.90,MD1
21841,38.22,-75.28,MD1
21842,38.36,-75.09,MD1
21849,38.36,-75.46,MD1
21850,38.36,-75.40,MD1
21851,38.08,-75.54,MD1
21853,38.20,-75.72,MD1
21856,38.33,-75.79,MD1
21861,38.54,-75.73,MD1
21862,38.39,-75.21,MD1
21863,38.20,-75.39,MD1
21864,38.03,-75.41,MD1
21865,38.28,-75.83,MD1
21866,37.97,-76.02,MD1
21867,38.11,-75.79,MD1
21869,38.39,-75.92,MD1
21871,38.11,-75.74,MD1
21872,38.42,-75.30,MD1
21874,38.39,-75.35,DE0|MD1
21875,38.44,-75.54,MD1
21890,38.16,-75.70,MD1
21901,39.58,-75.97,MD1
21902,39.55,-76.06,MD1
21903,39.58,-76.04,MD1
21904,39.62,-76.07,MD1
21911,39.70,-76.03,MD1
21912,39.42,-75.82,DE0|MD1
21913,39.41,-75.87,MD1
21914,39.58,-75.98,MD1
21915,39.50,-75.85,MD1
21917,39.67,-76.10,MD1
21918,39.71,-76.21,MD1
21919,39.42,-75.93,MD1
21920,39.66,-75.84,MD1
21921,39.63,-75.86,MD1
21930,39.37,-75.89,MD1
22003,38.83,-77.21,VA8:69|VA11:31
22015,38.79,-77.28,VA11
22025,38.59,-77.35,VA7
22026,38.56,-77.30,VA7
22027,38.89,-77.22,VA11
22030,38.84,-77.34,VA11:98|VA10:2
22031,38.86,-77.26,VA11
22032,38.82,-77.29,VA11
22033,38.88,-77.38,VA11
22035,38.86,-77.36,VA11
22039,38.75,-77.31,VA11:77|VA10:23
22041,38.85,-77.14,VA8
22042,38.87,-77.19,VA8:94|VA11:6
22043,38.90,-77.20,VA8
22044,38.86,-77.15,VA8
22046,38.89,-77.18,VA8
22060,38.70,-77.16,VA8:84|VA11:16
22066,39.01,-77.30,VA11:95|VA10:5
22079,38.68,-77.20,VA11:94|VA8:6
22101,38.94,-77.16,VA8
22102,38.95,-77.23,VA11:97|VA8:3
22124,38.89,-77.33,VA11
22125,38.68,-77.26,VA7
22134,38.53,-77.41,VA7
22150,38.77,-77.19,VA11:99|VA8:1
22151,38.80,-77.21,VA8:60|VA11:40
22152,38.77,-77.23,VA11
22153,38.74,-77.24,VA11
22172,38.58,-77.40,VA7
22180,38.90,-77.26,VA11
22181,38.91,-77.29,VA11
22182,38.94,-77.27,VA11
22191,38.62,-77.26,VA7
22192,38.68,-77.32,VA7:96|VA10:4
22193,38.64,-77.35,VA7
22201,38.89,-77.09,VA8
22202,38.86,-77.05,VA8
22203,38.87,-77.12,VA8
22204,38.86,-77.10,VA8
22205,38.88,-77.14,VA8
22206,38.84,-77.09,VA8
22207,38.91,-77.12,VA8
22209,38.89,-77.07,VA8
22211,38.88,-77.07,VA8
22213,38.89,-77.16,VA8
22214,38.87,-77.07,VA8
22301,38.82,-77.06,VA8
22302,38.83,-77.08,VA8
22303,38.79,-77.08,VA8
22304,38.81,-77.11,VA8
22305,38.84,-77.06,VA8
22306,38.75,-77.11,VA8
22307,38.77,-77.06,VA8
22308,38.73,-77.06,VA8
22309,38.72,-77.11,VA8
22310,38.78,-77.12,VA8:63|VA11:37
22311,38.83,-77.13,VA8
22312,38.82,-77.15,VA8
22314,38.81,-77.06,VA8
22315,38.76,-77.15,VA8:70|VA11:30
22401,38.30,-77.49,VA7
22405,38.31,-77.40,VA7
22406,38.40,-77.55,VA7
22407,38.28,-77.58,VA7
22408,38.21,-77.45,VA7
22427,38.07,-77.29,VA7
22432,37.87,-76.35,VA1
22433,38.37,-77.86,VA7
22435,37.97,-76.57,VA1
22436,38.08,-77.11,VA1
22437,37.78,-76.81,VA1
22438,38.04,-76.99,VA1:96|VA7:4
22443,38.17,-76.99,VA1
22448,38.34,-77.03,VA7
22454,37.83,-76.84,VA1
22460,37.87,-76.60,VA1
22469,38.06,-76.64,VA1
22472,37.96,-76.67,VA1
22473,37.88,-76.41,VA1
22476,38.03,-77.05,VA1
22480,37.66,-76.41,VA1
22482,37.73,-76.34,VA1
22485,38.28,-77.16,VA7
22488,38.05,-76.59,VA1
22503,37.76,-76.51,VA1
22504,37.78,-76.71,VA1
22508,38.31,-77.80,VA7
22509,38.10,-77.08,VA1
22511,37.98,-76.49,VA1
22514,38.01,-77.33,VA7:99|VA1:1
22520,38.12,-76.81,VA1
22529,38.01,-76.69,VA1
22534,38.09,-77.67,VA7
22535,38.12,-77.20,VA7
22538,38.19,-77.28,VA7
22539,37.86,-76.28,VA1
22542,38.29,-77.89,VA7
22546,37.94,-77.45,VA7:99|VA5:1
22548,37.83,-76.70,VA1
22551,38.19,-77.70,VA7
22553,38.27,-77.64,VA7
22554,38.42,-77.37,VA7
22556,38.49,-77.52,VA7
22560,37.92,-76.96,VA1
22567,38.24,-77.93,VA7
22572,37.97,-76.77,VA1
22576,37.69,-76.45,VA1
22578,37.64,-76.35,VA1
22580,38.11,-77.44,VA7
22601,39.17,-78.17,VA6
22602,39.14,-78.28,VA6
22603,39.27,-78.21,VA6
22610,38.82,-78.28,VA6
22611,39.16,-77.99,VA6
22620,39.06,-78.03,VA6
22623,38.85,-78.14,VA10
22624,39.26,-78.10,VA6
22625,39.38,-78.31,VA6
22627,38.77,-78.15,VA10
22630,38.93,-78.18,VA6
22637,39.25,-78.36,VA6
22639,38.85,-78.03,VA10
22640,38.81,-78.14,VA10
22641,39.09,-78.39,VA6
22642,38.95,-78.03,VA6:89|VA10:11
22643,38.89,-78.01,VA10
22644,38.97,-78.55,VA6
22645,39.02,-78.27,VA6
22646,39.07,-78.05,VA6
22650,38.77,-78.36,VA6
22652,38.84,-78.43,VA6
22654,39.07,-78.46,VA6
22655,39.07,-78.21,VA6
22656,39.22,-78.10,VA6
22657,39.00,-78.37,VA6
22660,38.95,-78.44,VA6
22663,39.05,-78.11,VA6
22664,38.89,-78.53,VA6
22701,38.43,-78.01,VA7
22709,38.33,-78.21,VA7
22711,38.46,-78.28,VA7
22712,38.55,-77.75,VA10
22713,38.53,-78.14,VA7:79|VA10:21
22714,38.51,-77.89,VA7
22715,38.41,-78.18,VA7
22716,38.63,-78.10,VA10:92|VA7:8
22718,38.46,-77.83,VA7
22719,38.53,-78.28,VA7
22720,38.48,-77.65,VA10
22722,38.47,-78.23,VA7
22723,38.33,-78.38,VA7
22724,38.63,-77.90,VA7
22725,38.44,-78.16,VA7
22726,38.40,-77.82,VA7
22727,38.41,-78.30,VA7
22728,38.58,-77.68,VA10
22729,38.35,-78.02,VA7
22730,38.36,-78.16,VA7
22731,38.34,-78.26,VA7
22732,38.31,-78.19,VA7
22733,38.32,-78.04,VA7
22734,38.53,-77.81,VA10:93|VA7:7
22735,38.48,-78.18,VA7
22736,38.40,-77.69,VA7
22737,38.59,-78.00,VA7
22738,38.29,-78.29,VA7
22740,38.65,-78.29,VA10:88|VA7:12
22741,38.45,-77.86,VA7
22742,38.46,-77.71,VA10
22743,38.54,-78.38,VA7
22746,38.62,-78.01,VA7
22747,38.71,-78.17,VA10
22749,38.62,-78.18,VA10
22801,38.41,-78.88,VA6
22802,38.49,-78.86,VA6
22807,38.43,-78.87,VA6
22810,38.83,-78.81,VA6
22811,38.81,-78.99,VA6
22812,38.38,-79.03,VA6
22815,38.71,-78.84,VA6
22820,38.74,-78.98,VA6
22821,38.48,-79.13,VA6
22824,38.85,-78.63,VA6
22827,38.39,-78.61,VA6
22830,38.67,-78.97,VA6
22831,38.56,-79.12,VA6
22832,38.46,-78.76,VA6
22834,38.56,-78.85,VA6
22835,38.67,-78.46,VA6
22840,38.39,-78.75,VA6
22841,38.34,-78.89,VA6
22842,38.78,-78.70,VA6
22843,38.37,-79.15,VA6
22844,38.66,-78.66,VA6
22845,38.78,-78.84,VA6
22846,38.38,-78.80,VA6
22847,38.72,-78.71,VA6
22849,38.53,-78.63,VA6
22850,38.57,-78.91,VA6
22851,38.54,-78.50,VA6
22853,38.65,-78.76,VA6
22901,38.09,-78.55,VA5
22902,37.91,-78.52,VA5
22903,38.01,-78.59,VA5
22904,38.04,-78.51,VA5
22908,38.03,-78.50,VA5
22911,38.10,-78.41,VA5
22920,37.97,-78.81,VA5:97|VA6:3
22922,37.69,-78.92,VA5
22923,38.19,-78.32,VA7:81|VA5:19
22931,37.90,-78.73,VA5
22932,38.15,-78.70,VA5
22935,38.25,-78.56,VA7:56|VA5:44
22936,38.16,-78.50,VA5
22937,37.81,-78.61,VA5
22938,37.86,-78.78,VA5
22939,38.10,-78.97,VA6
22940,38.21,-78.59,VA5:76|VA7:24
22942,38.10,-78.20,VA5:61|VA7:39
22943,38.04,-78.78,VA5
22946,37.85,-78.56,VA5
22947,38.04,-78.32,VA5
22948,38.36,-78.13,VA7
22949,37.79,-78.88,VA5
22952,37.93,-79.01,VA6:99|VA5:1
22957,38.23,-78.19,VA7
22958,37.89,-78.89,VA5:97|VA6:3
22959,37.94,-78.66,VA5
22960,38.22,-78.05,VA7
22963,37.85,-78.29,VA5
22964,37.72,-78.99,VA5
22967,37.80,-79.01,VA5
22968,38.24,-78.39,VA7:97|VA5:3
22969,37.80,-78.69,VA5
22971,37.75,-78.80,VA5
22972,38.22,-78.23,VA7
22973,38.34,-78.47,VA7
22974,37.97,-78.27,VA5
22976,37.85,-79.05,VA5
22980,38.10,-78.88,VA6
22989,38.29,-78.12,VA7
23002,37.35,-77.96,VA5
23004,37.69,-78.40,VA5
23005,37.76,-77.48,VA1:90|VA5:10
23009,37.81,-77.18,VA1
23011,37.47,-76.81,VA1
23015,37.93,-77.64,VA5:77|VA7:23
23021,37.40,-76.37,VA1
23022,37.74,-78.26,VA5
23023,37.77,-76.96,VA1
23024,37.93,-77.78,VA5:86|VA7:14
23025,37.40,-76.36,VA1
23027,37.65,-78.13,VA5
23030,37.35,-77.06,VA4
23032,37.66,-76.68,VA1
23035,37.50,-76.38,VA1
23038,37.75,-78.15,VA5
23039,37.65,-77.80,VA5
23040,37.52,-78.25,VA5
23043,37.56,-76.34,VA1
23045,37.43,-76.26,VA1
23047,37.85,-77.49,VA5:88|VA7:12
23050,37.49,-76.42,VA1
23055,37.76,-78.21,VA5
23056,37.39,-76.38,VA1
23059,37.70,-77.57,VA1:99|VA5:1
23060,37.66,-77.53,VA1:94|VA4:6
23061,37.43,-76.54,VA1
23062,37.26,-76.50,VA1
23063,37.71,-77.98,VA5
23065,37.81,-77.93,VA5
23066,37.49,-76.29,VA1
23068,37.49,-76.33,VA1
23069,37.78,-77.34,VA1:76|VA7:24
23070,37.55,-76.38,VA1
23071,37.55,-76.46,VA1
23072,37.28,-76.45,VA1
23075,37.56,-77.32,VA4
23076,37.47,-76.31,VA1
23079,37.74,-76.70,VA1
23081,37.19,-76.75,VA1
23083,37.31,-78.10,VA5
23084,37.88,-78.12,VA5
23085,37.69,-76.83,VA1
23086,37.67,-77.05,VA1
23089,37.48,-76.91,VA1
23091,37.66,-76.80,VA1
23092,37.61,-76.52,VA1
23093,38.00,-78.04,VA5
23102,37.71,-77.83,VA5
23103,37.65,-77.72,VA5
23106,37.72,-77.21,VA1
23108,37.66,-76.72,VA1
23109,37.43,-76.33,VA1
23110,37.57,-76.77,VA1
23111,37.61,-77.24,VA1
23112,37.43,-77.66,VA1:88|VA4:12
23113,37.54,-77.68,VA1:93|VA5:6
23114,37.48,-77.66,VA1
23116,37.67,-77.32,VA1
23117,37.98,-77.87,VA5:87|VA7:13
23119,37.45,-76.27,VA1
23120,37.42,-77.78,VA1:95|VA5:5
23123,37.65,-78.30,VA5
23124,37.55,-77.04,VA1
23126,37.92,-77.14,VA1
23128,37.45,-76.43,VA1
23129,37.70,-77.78,VA5
23130,37.39,-76.27,VA1
23138,37.34,-76.31,VA1
23139,37.55,-77.94,VA5
23140,37.44,-77.05,VA1:71|VA4:29
23141,37.54,-77.16,VA1
23146,37.72,-77.71,VA5
23147,37.37,-77.04,VA4
23148,37.84,-77.06,VA1
23149,37.58,-76.61,VA1
23150,37.50,-77.25,VA4
23153,37.78,-77.96,VA5
23156,37.52,-76.73,VA1
23160,37.63,-77.84,VA5
23161,37.72,-76.94,VA1
23163,37.36,-76.30,VA1
23168,37.40,-76.82,VA1
23169,37.60,-76.46,VA1
23173,37.58,-77.54,VA4
23175,37.65,-76.62,VA1
23176,37.57,-76.42,VA1
23177,37.73,-77.01,VA1
23180,37.70,-76.62,VA1
23181,37.60,-76.89,VA1
23185,37.24,-76.70,VA1
23188,37.34,-76.75,VA1
23192,37.82,-77.68,VA5
23219,37.54,-77.43,VA4
23220,37.55,-77.46,VA4
23221,37.55,-77.49,VA4
23222,37.58,-77.42,VA4
23223,37.56,-77.38,VA4
23224,37.50,-77.47,VA4
23225,37.52,-77.51,VA4:99|VA1:1
23226,37.58,-77.52,VA4:66|VA1:34
23227,37.61,-77.44,VA4
23228,37.63,-77.49,VA4:99|VA1:1
23229,37.59,-77.57,VA1
23230,37.59,-77.49,VA4
23231,37.44,-77.31,VA4
23233,37.64,-77.63,VA1:98|VA5:2
23234,37.45,-77.47,VA4
23235,37.51,-77.56,VA1:52|VA4:48
23236,37.48,-77.59,VA1:56|VA4:44
23237,37.40,-77.46,VA4
23238,37.59,-77.64,VA1:90|VA5:10
23250,37.50,-77.32,VA4
23284,37.55,-77.45,VA4
23294,37.63,-77.54,VA1:92|VA4:8
23298,37.54,-77.43,VA4
23301,37.67,-75.64,VA2
23302,37.86,-75.52,VA2
23303,37.90,-75.51,VA2
23304,37.00,-76.57,VA2
23306,37.57,-75.89,VA2
23307,37.43,-75.87,VA2
23308,37.83,-75.63,VA2
23310,37.26,-75.96,VA2
23314,36.96,-76.52,VA2
23315,36.74,-76.84,VA2
23316,37.29,-75.97,VA2
23320,36.75,-76.22,VA2:58|VA3:42
23321,36.80,-76.42,VA3:96|VA2:4
23322,36.63,-76.27,VA2
23323,36.70,-76.38,VA2:61|VA3:39
23324,36.80,-76.27,VA3
23325,36.81,-76.24,VA3
23336,37.95,-75.34,VA2
23337,37.94,-75.46,VA2
23347,37.36,-75.98,VA2
23350,37.51,-75.86,VA2
23354,37.47,-75.92,VA2
23356,38.01,-75.39,VA2
23357,37.76,-75.68,VA2
23358,37.65,-75.87,VA2
23359,37.89,-75.60,VA2
23389,37.66,-75.83,VA2
23395,37.98,-75.44,VA2
23398,37.52,-75.94,VA2
23401,37.63,-75.78,VA2
23405,37.41,-75.93,VA2
23407,37.85,-75.55,VA2
23408,37.45,-75.84,VA2
23409,37.89,-75.66,VA2
23410,37.64,-75.74,VA2
23413,37.46,-75.85,VA2
23414,37.81,-75.59,VA2
23415,37.98,-75.54,VA2
23416,37.94,-75.56,VA2
23417,37.73,-75.76,VA2
23418,37.64,-75.67,VA2
23420,37.60,-75.82,VA2
23421,37.76,-75.61,VA2
23422,37.64,-75.83,VA2
23423,37.52,-75.74,VA2
23426,37.93,-75.69,VA2
23427,37.90,-75.72,VA2
23430,37.00,-76.66,VA2:99|VA4:1
23432,36.86,-76.55,VA2
23433,36.92,-76.48,VA2
23434,36.70,-76.59,VA2
23435,36.85,-76.47,VA2
23436,36.89,-76.50,VA2
23437,36.63,-76.80,VA2
23438,36.58,-76.70,VA2
23440,37.83,-75.99,VA2
23441,37.71,-75.70,VA2
23442,37.89,-75.56,VA2
23451,36.87,-76.00,VA2
23452,36.85,-76.09,VA2
23453,36.78,-76.07,VA2
23454,36.86,-76.06,VA2
23455,36.89,-76.15,VA2
23456,36.74,-76.04,VA2
23457,36.62,-76.02,VA2
23459,36.92,-76.17,VA2
23460,36.82,-76.03,VA2
23461,36.77,-75.96,VA2
23462,36.84,-76.15,VA2
23464,36.80,-76.19,VA2
23480,37.62,-75.69,VA2
23486,37.52,-75.81,VA2
23487,36.85,-76.73,VA2
23488,37.95,-75.60,VA2
23502,36.86,-76.20,VA3
23503,36.95,-76.27,VA3
23504,36.86,-76.27,VA3
23505,36.91,-76.30,VA3
23507,36.86,-76.30,VA3
23508,36.89,-76.31,VA3
23509,36.88,-76.26,VA3
23510,36.85,-76.29,VA3
23511,36.94,-76.31,VA3
23513,36.89,-76.24,VA3
23517,36.87,-76.29,VA3
23518,36.92,-76.22,VA3
23523,36.83,-76.27,VA3
23551,36.92,-76.29,VA3
23601,37.04,-76.48,VA3
23602,37.11,-76.52,VA3
23603,37.19,-76.56,VA3:93|VA1:7
23604,37.12,-76.59,VA3
23605,37.02,-76.44,VA3
23606,37.06,-76.52,VA3
23607,36.97,-76.42,VA3
23608,37.15,-76.54,VA3
23651,37.00,-76.31,VA3
23661,37.00,-76.36,VA3
23662,37.13,-76.36,VA1
23663,37.02,-76.32,VA3
23664,37.07,-76.30,VA3
23665,37.08,-76.36,VA1:76|VA3:24
23666,37.06,-76.41,VA3
23667,37.02,-76.33,VA3
23668,37.02,-76.34,VA3
23669,37.05,-76.34,VA3
23681,37.10,-76.38,VA3
23690,37.22,-76.52,VA1
23691,37.26,-76.57,VA1
23692,37.21,-76.42,VA1
23693,37.13,-76.44,VA1
23696,37.19,-76.41,VA1
23701,36.81,-76.37,VA3
23702,36.80,-76.33,VA3
23703,36.89,-76.37,VA3
23704,36.83,-76.31,VA3
23707,36.84,-76.34,VA3
23708,36.85,-76.30,VA3
23709,36.82,-76.30,VA3
23801,37.24,-77.34,VA4
23803,37.21,-77.48,VA4:99|VA1:1
23805,37.14,-77.39,VA4
23821,36.88,-77.91,VA4
23824,37.09,-77.96,VA5:93|VA4:7
23827,36.62,-77.20,VA4
23828,36.58,-77.27,VA4
23829,36.73,-77.23,VA4
23830,37.02,-77.40,VA4
23831,37.35,-77.45,VA4
23832,37.39,-77.59,VA4:61|VA1:39
23833,37.21,-77.67,VA4:90|VA5:10
23834,37.29,-77.40,VA4
23836,37.35,-77.33,VA4
23837,36.76,-77.09,VA2:67|VA4:33
23838,37.32,-77.63,VA4:54|VA1:46
23839,37.09,-76.92,VA4
23840,37.05,-77.67,VA4
23841,37.06,-77.55,VA4
23842,37.14,-77.22,VA4
23843,36.85,-77.81,VA4
23844,36.68,-77.33,VA4
23845,36.58,-77.98,VA4
23846,37.07,-76.83,VA4
23847,36.66,-77.55,VA4
23850,37.16,-77.74,VA4:84|VA5:16
23851,36.65,-76.96,VA2
23856,36.79,-77.70,VA4
23857,36.58,-77.88,VA4
23860,37.27,-77.23,VA4
23866,36.92,-76.86,VA2:98|VA4:2
23867,36.82,-77.49,VA4
23868,36.71,-77.79,VA4
23870,36.75,-77.50,VA4
23872,36.98,-77.73,VA4
23874,36.58,-77.07,VA4:91|VA2:9
23875,37.23,-77.26,VA4
23876,36.95,-77.83,VA4
23878,36.82,-77.03,VA2:54|VA4:46
23879,36.59,-77.60,VA4
23881,37.18,-76.98,VA4
23882,36.93,-77.42,VA4
23883,37.14,-76.74,VA4
23884,36.92,-77.28,VA4
23885,37.18,-77.57,VA4
23887,36.57,-77.81,VA4
23888,36.95,-76.98,VA4:92|VA2:8
23889,36.90,-77.75,VA4
23890,37.01,-77.12,VA4
23891,37.05,-77.20,VA4
23893,36.62,-77.94,VA4
23894,37.14,-77.82,VA4:85|VA5:15
23897,36.84,-77.28,VA4
23898,36.84,-76.86,VA2
23899,37.23,-76.97,VA4
23901,37.32,-78.41,VA5
23909,37.30,-78.40,VA5
23915,36.69,-78.29,VA5
23917,36.63,-78.34,VA5
23919,36.58,-78.14,VA5:95|VA4:5
23920,36.73,-77.97,VA4:75|VA5:25
23921,37.59,-78.62,VA5
23922,37.17,-78.22,VA5
23923,37.09,-78.65,VA5
23924,36.82,-78.43,VA5
23927,36.58,-78.55,VA5
23930,37.17,-78.10,VA5
23934,37.18,-78.63,VA5
23936,37.52,-78.48,VA5
23937,36.94,-78.52,VA5
23938,36.90,-78.01,VA4:55|VA5:45
23942,37.13,-78.30,VA5
23943,37.24,-78.46,VA5
23944,36.92,-78.14,VA5
23947,37.02,-78.45,VA5
23950,36.66,-78.08,VA5:91|VA4:9
23952,36.92,-78.28,VA5
23954,37.11,-78.38,VA5
23955,37.11,-78.07,VA5
23958,37.27,-78.66,VA5
23959,37.11,-78.79,VA5
23960,37.32,-78.55,VA5
23962,36.95,-78.69,VA5
23963,37.21,-78.79,VA5
23964,36.78,-78.63,VA5
23966,37.30,-78.26,VA5
23967,36.92,-78.63,VA5
23968,36.72,-78.51,VA5
23970,36.74,-78.18,VA5
23974,36.97,-78.24,VA5
23976,36.86,-78.58,VA5
24011,37.27,-79.94,VA6
24012,37.32,-79.90,VA6
24013,37.27,-79.92,VA6
24014,37.22,-79.92,VA6
24015,37.25,-79.98,VA6:97|VA9:3
24016,37.27,-79.95,VA6
24017,37.30,-79.99,VA6
24018,37.21,-80.04,VA9:89|VA6:11
24019,37.34,-79.95,VA6
24020,37.36,-79.94,VA6
24022,37.28,-79.93,VA6
24053,36.61,-80.54,VA9
24054,36.68,-79.70,VA9:70|VA5:30
24055,36.76,-80.00,VA9
24058,37.18,-80.62,VA9
24059,37.16,-80.13,VA9
24060,37.26,-80.42,VA9
24061,37.23,-80.43,VA9
24064,37.38,-79.77,VA6:71|VA9:29
24065,37.12,-80.00,VA9:83|VA6:17
24066,37.54,-79.68,VA6
24067,37.03,-80.06,VA9
24069,36.58,-79.64,VA5
24070,37.37,-80.23,VA6:74|VA9:26
24072,37.04,-80.24,VA9
24073,37.13,-80.42,VA9
24076,36.60,-80.42,VA9
24077,37.36,-79.91,VA6
24078,36.72,-79.91,VA9
24079,37.05,-80.15,VA9
24082,36.63,-80.14,VA9
24083,37.41,-79.92,VA6
24084,37.17,-80.72,VA9
24085,37.68,-79.86,VA6
24086,37.28,-80.63,VA9
24087,37.22,-80.24,VA9
24088,36.89,-80.08,VA9
24089,36.70,-79.96,VA9
24090,37.53,-79.90,VA6
24091,36.92,-80.32,VA9
24092,37.01,-79.76,VA9
24093,37.38,-80.86,VA9
24095,37.22,-79.74,VA9
24101,37.17,-79.80,VA9:99|VA6:1
24102,36.84,-80.00,VA9
24104,37.13,-79.49,VA9
24105,36.91,-80.60,VA9
24112,36.72,-79.84,VA9
24120,36.69,-80.41,VA9
24121,37.17,-79.65,VA9
24122,37.43,-79.69,VA9
24124,37.31,-80.87,VA9
24127,37.45,-80.29,VA9
24128,37.34,-80.48,VA9
24129,37.14,-80.59,VA9
24131,37.57,-80.23,VA9
24132,37.20,-80.66,VA9
24133,36.68,-80.13,VA9
24134,37.25,-80.78,VA9
24136,37.31,-80.63,VA9
24137,36.93,-79.66,VA9:82|VA5:18
24138,37.05,-80.32,VA9
24139,37.04,-79.44,VA5:90|VA9:10
24141,37.11,-80.56,VA9
24142,37.14,-80.55,VA9
24147,37.40,-80.82,VA9
24148,36.58,-79.88,VA9
24149,37.02,-80.43,VA9
24150,37.40,-80.60,VA9
24151,36.96,-79.87,VA9
24153,37.30,-80.11,VA6:89|VA9:11
24161,36.98,-79.53,VA5
24162,37.13,-80.25,VA9
24165,36.59,-80.06,VA9
24167,37.26,-80.72,VA9
24168,36.74,-79.95,VA9
24171,36.70,-80.22,VA9
24174,37.35,-79.66,VA9
24175,37.46,-80.03,VA6
24176,37.01,-79.69,VA9
24179,37.28,-79.79,VA6:71|VA9:29
24184,37.09,-79.77,VA9
24185,36.81,-80.28,VA9
24201,36.61,-82.17,VA9
24202,36.66,-82.21,VA9
24210,36.77,-82.03,VA9
24211,36.65,-81.95,VA9
24216,36.94,-82.78,VA9
24217,37.10,-82.17,VA9
24219,36.83,-82.75,VA9
24220,37.12,-82.22,VA9
24221,36.63,-83.00,VA9
24224,36.86,-82.27,VA9
24225,36.99,-82.14,VA9
24226,37.14,-82.32,VA9
24228,37.17,-82.46,VA9
24230,36.97,-82.45,VA9
24236,36.64,-81.72,VA9
24237,37.04,-82.26,VA9
24239,37.11,-82.15,VA9
24243,36.78,-82.92,VA9
24244,36.71,-82.80,VA9
24245,36.84,-82.51,VA9
24246,36.87,-82.74,VA9
24248,36.61,-83.51,VA9
24250,36.76,-82.59,VA9
24251,36.66,-82.60,VA9
24256,37.22,-82.28,VA9
24258,36.65,-82.41,VA9
24260,37.02,-82.00,VA9
24263,36.67,-83.17,VA9
24265,36.83,-82.95,VA9
24266,36.87,-82.10,VA9
24269,37.07,-82.38,VA9
24270,36.73,-82.25,VA9
24271,36.75,-82.42,VA9
24272,37.02,-82.33,VA9
24273,36.96,-82.66,VA9
24277,36.75,-83.02,VA9
24279,37.08,-82.63,VA9
24280,36.95,-81.94,VA9
24281,36.64,-83.34,VA9
24282,36.83,-83.06,VA9
24283,36.94,-82.33,VA9
24290,36.62,-82.56,VA9
24292,36.62,-81.60,VA9
24293,37.00,-82.57,VA9
24301,37.07,-80.82,VA9
24311,36.87,-81.40,VA9
24312,36.83,-80.89,VA9
24313,36.91,-80.80,VA9
24314,37.16,-81.21,VA9
24315,37.13,-81.06,VA9
24316,36.96,-81.67,VA9
24317,36.60,-80.67,VA9
24318,37.00,-81.39,VA9
24319,36.76,-81.66,VA9
24322,36.80,-81.11,VA9
24323,36.87,-81.20,VA9
24324,36.97,-80.78,VA9
24325,36.81,-80.59,VA9
24326,36.72,-81.19,VA9
24327,36.77,-81.83,VA9
24328,36.65,-80.70,VA9
24330,36.72,-81.03,VA9
24333,36.64,-80.93,VA9
24340,36.75,-81.77,VA9
24343,36.76,-80.71,VA9
24347,36.96,-80.65,VA9
24348,36.65,-81.22,VA9
24350,36.81,-80.99,VA9
24351,36.58,-80.77,VA9
24352,36.71,-80.53,VA9
24354,36.82,-81.54,VA9
24360,36.94,-80.91,VA9
24361,36.77,-81.85,VA9
24363,36.62,-81.41,VA9
24366,37.28,-81.06,VA9
24368,36.89,-81.30,VA9
24370,36.91,-81.66,VA9
24374,36.78,-81.22,VA9
24375,36.77,-81.39,VA9
24377,37.00,-81.57,VA9
24378,36.69,-81.42,VA9
24380,36.86,-80.51,VA9
24381,36.73,-80.84,VA9
24382,36.95,-81.11,VA9
24401,38.13,-79.09,VA6
24411,38.12,-79.33,VA6
24412,38.05,-79.82,VA6
24413,38.51,-79.56,VA6
24415,37.91,-79.31,VA6
24416,37.73,-79.35,VA6
24421,38.24,-79.25,VA6
24422,37.83,-79.75,VA6
24426,37.76,-80.04,VA6
24430,38.08,-79.34,VA6
24431,38.17,-78.84,VA6
24432,38.15,-79.44,VA6
24433,38.42,-79.43,VA6
24435,37.86,-79.31,VA6
24437,38.21,-78.93,VA6
24439,38.02,-79.48,VA6
24440,38.00,-79.17,VA6
24441,38.22,-78.81,VA6
24442,38.37,-79.38,VA6
24445,37.96,-79.87,VA6
24448,37.80,-79.79,VA6
24450,37.78,-79.54,VA6
24457,37.80,-79.87,VA6
24458,38.33,-79.51,VA6
24459,38.04,-79.28,VA6
24460,38.02,-79.67,VA6
24464,37.86,-79.11,VA5
24465,38.40,-79.65,VA6
24467,38.25,-78.97,VA6
24469,38.20,-78.91,VA6
24471,38.31,-78.78,VA6
24472,37.94,-79.22,VA6
24473,37.93,-79.42,VA6
24474,37.81,-79.85,VA6
24476,37.97,-79.23,VA6
24477,38.01,-79.04,VA6
24479,38.17,-79.24,VA6
24482,38.20,-79.00,VA6
24483,37.81,-79.24,VA6:76|VA5:24
24484,38.18,-79.80,VA6
24485,38.27,-79.33,VA6
24486,38.30,-78.92,VA6
24487,38.20,-79.59,VA6
24501,37.36,-79.14,VA5
24502,37.36,-79.22,VA5
24503,37.45,-79.24,VA5
24504,37.37,-79.05,VA5
24515,37.35,-79.18,VA5
24517,37.14,-79.24,VA5
24520,36.59,-79.03,VA5
24521,37.63,-79.10,VA5
24522,37.38,-78.78,VA5
24523,37.34,-79.53,VA9
24526,37.56,-79.40,VA9:98|VA5:2
24527,36.73,-79.35,VA5
24528,37.08,-78.88,VA5
24529,36.62,-78.63,VA5
24530,36.81,-79.62,VA5:98|VA9:2
24531,36.84,-79.44,VA5
24534,36.88,-78.77,VA5
24536,37.49,-79.32,VA9:62|VA5:38
24538,37.38,-78.97,VA5
24539,36.84,-78.93,VA5
24540,36.63,-79.43,VA5
24541,36.59,-79.52,VA5
24549,36.71,-79.50,VA5
24550,37.24,-79.27,VA5:97|VA9:3
24551,37.37,-79.33,VA5:94|VA9:6
24553,37.55,-78.81,VA5
24554,37.12,-79.07,VA5
24555,37.67,-79.47,VA6
24556,37.38,-79.40,VA9:70|VA5:30
24557,36.97,-79.31,VA5
24558,36.78,-78.96,VA5
24562,37.70,-78.62,VA5
24563,37.06,-79.28,VA5
24565,36.85,-79.19,VA5
24566,36.73,-79.26,VA5
24569,37.04,-79.13,VA5
24570,37.35,-79.43,VA9
24571,37.13,-79.37,VA5:77|VA9:23
24572,37.46,-79.09,VA5
24574,37.58,-79.25,VA5
24577,36.94,-78.98,VA5
24578,37.66,-79.56,VA6
24579,37.59,-79.50,VA6
24580,36.58,-78.67,VA5
24581,37.66,-78.81,VA5
24586,36.61,-79.28,VA5
24588,37.26,-79.10,VA5
24589,36.76,-78.75,VA5
24590,37.79,-78.47,VA5
24592,36.68,-78.95,VA5
24593,37.33,-78.91,VA5
24594,36.64,-79.19,VA5
24595,37.56,-79.08,VA5
24597,36.78,-79.11,VA5
24598,36.60,-78.79,VA5
24599,37.61,-78.73,VA5
24601,37.19,-81.64,VA9
24602,37.18,-81.66,VA9
24603,37.35,-82.20,VA9
24604,37.21,-81.54,VA9|WV1
24605,37.24,-81.36,VA9
24606,37.29,-81.39,VA9
24607,37.30,-82.27,VA9
24609,37.02,-81.79,VA9
24612,37.10,-81.85,VA9
24613,37.27,-81.34,VA9
24614,37.31,-82.09,VA9
24620,37.43,-82.00,VA9
24622,37.21,-81.79,VA9|WV1
24630,37.18,-81.48,VA9
24631,37.22,-82.00,VA9
24634,37.27,-81.90,VA9
24635,37.31,-81.35,VA9
24637,37.06,-81.71,VA9
24639,37.17,-81.90,VA9
24641,37.11,-81.80,VA9
24646,37.14,-82.02,VA9
24649,37.09,-81.92,VA9
24651,37.08,-81.50,VA9
24656,37.18,-82.11,VA9
24657,37.23,-81.85,VA9
24701,37.31,-81.20,WV1
24712,37.48,-81.03,WV1
24714,37.47,-81.18,WV1
24715,37.34,-81.33,WV1
24716,37.53,-81.37,WV1
24719,37.49,-81.33,WV1
24724,37.34,-81.32,WV1
24726,37.49,-81.30,WV1
24729,37.45,-81.26,WV1
24731,37.40,-81.15,WV1
24733,37.45,-81.20,WV1
24736,37.45,-81.28,WV1
24737,37.35,-81.27,WV1
24738,37.30,-81.32,WV1
24739,37.37,-81.00,WV1
24740,37.40,-81.11,WV1
24747,37.41,-81.22,WV1
24801,37.47,-81.55,WV1
24808,37.33,-81.42,WV1
24811,37.40,-81.75,WV1
24813,37.36,-81.72,WV1
24815,37.22,-81.62,WV1
24816,37.46,-81.71,WV1
24817,37.34,-81.82,WV1
24818,37.62,-81.62,WV1
24822,37.64,-81.70,WV1
24823,37.67,-81.75,WV1
24826,37.29,-81.62,WV1
24827,37.77,-81.64,WV1
24828,37.50,-81.67,WV1
24830,37.33,-81.56,WV1
24831,37.39,-81.44,WV1
24834,37.52,-81.69,WV1
24836,37.38,-81.55,WV1
24839,37.58,-81.76,WV1
24843,37.48,-81.71,WV1
24844,37.49,-81.79,WV1
24845,37.53,-81.80,WV1
24846,37.52,-81.88,WV1
24847,37.57,-81.41,WV1
24848,37.28,-81.43,WV1
24849,37.68,-81.58,WV1
24850,37.38,-81.89,WV1
24851,37.60,-81.84,WV1
24853,37.45,-81.53,WV1
24854,37.75,-81.58,WV1
24855,37.41,-81.43,WV1
24857,37.70,-81.69,WV1
24860,37.66,-81.59,WV1
24861,37.36,-81.36,WV1
24862,37.48,-81.96,WV1
24866,37.25,-81.58,WV1
24867,37.61,-81.46,WV1
24868,37.44,-81.39,WV1
24869,37.56,-81.81,WV1
24870,37.74,-81.53,WV1
24871,37.32,-81.50,WV1
24872,37.43,-81.91,WV1
24873,37.35,-81.88,WV1
24874,37.60,-81.53,WV1
24878,37.44,-81.63,WV1
24879,37.31,-81.77,WV1
24880,37.65,-81.53,WV1
24881,37.44,-81.67,WV1
24882,37.63,-81.77,WV1
24884,37.27,-81.55,WV1
24887,37.38,-81.39,WV1
24888,37.36,-81.48,WV1
24892,37.32,-81.70,WV1
24894,37.24,-81.69,WV1
24895,37.38,-81.58,WV1
24898,37.59,-81.57,WV1
24901,37.85,-80.48,WV1
24910,37.74,-80.67,WV1
24915,38.47,-79.79,WV1
24916,37.83,-80.58,WV1
24918,37.52,-80.75,WV1
24920,38.63,-79.70,WV1
24924,38.20,-80.16,WV1
24925,37.73,-80.38,WV1
24927,38.34,-80.04,WV1
24931,37.91,-80.60,WV1
24934,38.33,-79.89,WV1
24935,37.57,-80.81,WV1
24938,37.93,-80.37,WV1
24941,37.60,-80.32,WV1
24943,37.84,-80.73,WV1
24944,38.40,-79.75,WV1
24945,37.52,-80.70,WV1
24946,38.23,-80.32,WV1
24951,37.50,-80.62,WV1
24954,38.22,-80.06,WV1
24957,37.90,-80.40,WV1
24962,37.66,-80.72,WV1
24963,37.44,-80.76,WV1
24966,38.06,-80.39,WV1
24970,37.72,-80.48,WV1
24974,37.64,-80.45,WV1
24976,37.66,-80.51,WV1
24977,37.90,-80.69,WV1
24981,37.63,-80.74,WV1
24983,37.60,-80.51,WV1
24984,37.49,-80.41,WV1
24985,37.60,-80.71,WV1
24986,37.92,-80.15,WV1
24991,38.00,-80.48,WV1
24993,37.66,-80.64,WV1
25002,38.13,-81.25,WV1
25003,38.25,-81.78,WV1
25005,38.61,-81.26,WV1
25007,37.82,-81.43,WV1
25008,37.95,-81.34,WV1
25009,38.20,-81.68,WV1
25011,38.51,-81.83,WV1
25015,38.25,-81.50,WV1
25019,38.35,-81.09,WV1
25021,37.92,-81.68,WV1
25022,37.82,-81.78,WV1
25024,38.16,-81.63,WV1
25025,38.30,-81.40,WV1
25028,37.96,-81.73,WV1
25030,38.45,-81.23,WV1
25031,38.15,-81.27,WV1
25033,38.61,-81.92,WV1
25035,38.17,-81.52,WV1
25036,38.18,-81.27,WV1
25039,38.24,-81.36,WV1
25040,38.14,-81.25,WV1
25043,38.43,-81.01,WV1
25044,37.92,-81.31,WV1
25045,38.45,-81.33,WV1
25047,37.92,-81.77,WV1
25048,37.95,-81.43,WV1
25049,38.12,-81.56,WV1
25051,38.16,-81.71,WV1
25053,38.04,-81.88,WV1
25054,38.12,-81.45,WV1
25057,38.11,-81.22,WV1
25059,38.24,-81.22,WV1
25060,37.97,-81.47,WV1
25061,38.18,-81.43,WV1
25062,37.88,-81.44,WV1
25063,38.56,-80.91,WV1
25064,38.38,-81.75,WV1
25067,38.21,-81.44,WV1
25070,38.55,-81.93,WV1
25071,38.47,-81.47,WV1
25075,38.07,-81.41,WV1
25076,37.87,-81.94,WV1
25081,38.08,-81.77,WV1
25082,38.60,-82.03,WV1
25083,38.07,-81.37,WV1
25085,38.16,-81.16,WV1
25086,38.22,-81.41,WV1
25088,38.40,-81.21,WV1
25090,38.16,-81.22,WV1
25093,37.95,-81.63,WV1
25102,38.17,-81.35,WV1
25103,38.18,-81.38,WV1
25106,38.77,-82.08,WV1
25107,38.24,-81.68,WV1
25108,37.96,-81.88,WV1
25109,38.53,-81.86,WV1
25110,38.21,-81.34,WV1
25111,38.35,-81.12,WV1
25112,38.38,-81.77,WV1
25113,38.55,-81.05,WV1
25114,37.99,-81.79,WV1
25115,38.12,-81.18,WV1
25118,38.12,-81.32,WV1
25119,38.01,-81.26,WV1
25121,37.91,-81.89,WV1
25123,38.73,-81.90,WV1
25124,38.62,-81.76,WV1
25125,38.31,-81.22,WV1
25126,38.19,-81.36,WV1
25130,38.03,-81.75,WV1
25132,38.29,-81.33,WV1
25133,38.47,-81.10,WV1
25134,38.15,-81.48,WV1
25136,38.15,-81.31,WV1
25139,38.11,-81.28,WV1
25140,37.84,-81.50,WV1
25141,38.63,-81.02,WV1
25142,38.14,-81.74,WV1
25143,38.42,-81.82,WV1
25148,38.03,-81.53,WV1
25149,37.95,-81.78,WV1
25152,38.04,-81.24,WV1
25154,38.12,-81.71,WV1
25156,38.41,-81.48,WV1
25159,38.52,-81.79,WV1
25160,38.32,-81.27,WV1
25161,38.05,-81.32,WV1
25162,38.21,-81.38,WV1
25164,38.51,-81.20,WV1
25165,38.16,-81.66,WV1
25168,38.56,-81.88,WV1
25169,38.14,-81.76,WV1
25173,38.07,-81.21,WV1
25174,37.87,-81.41,WV1
25177,38.37,-81.85,WV1
25180,37.79,-81.44,WV1
25181,38.05,-81.64,WV1
25183,37.91,-81.79,WV1
25185,38.22,-81.24,WV1
25186,38.17,-81.30,WV1
25187,38.73,-82.02,WV1
25193,38.02,-81.55,WV1
25201,38.35,-81.49,WV1
25202,38.32,-81.86,WV1
25203,38.02,-81.88,WV1
25204,37.93,-81.64,WV1
25205,38.02,-81.79,WV1
25206,37.96,-81.68,WV1
25208,37.84,-81.64,WV1
25209,37.96,-81.52,WV1
25211,38.47,-80.89,WV1
25213,38.51,-81.91,WV1
25214,38.19,-81.54,WV1
25231,38.61,-81.59,WV1
25234,38.81,-81.13,WV1
25235,38.67,-81.09,WV1
25239,38.85,-81.84,WV1
25241,38.78,-81.80,WV1
25243,38.68,-81.49,WV1
25244,38.76,-81.54,WV1
25245,38.71,-81.74,WV1
25247,39.00,-81.99,WV1
25248,38.64,-81.61,WV1
25251,38.62,-81.23,WV1
25252,38.88,-81.53,WV1
25253,38.92,-81.96,WV1
25259,38.67,-81.25,WV1
25260,39.02,-82.02,WV1
25261,38.83,-81.09,WV1
25262,38.91,-81.84,WV1
25264,38.86,-81.89,WV1
25265,38.97,-81.98,WV1
25266,38.60,-81.16,WV1
25267,38.86,-80.95,WV1
25268,38.73,-81.12,WV1
25270,38.88,-81.46,WV1
25271,38.79,-81.69,WV1
25275,38.93,-81.62,WV1
25276,38.78,-81.33,WV1
25285,38.54,-81.10,WV1
25286,38.62,-81.40,WV1
25287,38.96,-82.05,WV1
25301,38.35,-81.63,WV1
25302,38.40,-81.60,WV1
25303,38.36,-81.69,WV1
25304,38.30,-81.60,WV1
25305,38.34,-81.61,WV1
25306,38.31,-81.50,WV1
25309,38.32,-81.77,WV1
25311,38.37,-81.56,WV1
25312,38.44,-81.64,WV1
25313,38.41,-81.74,WV1
25314,38.29,-81.67,WV1
25315,38.21,-81.58,WV1
25320,38.54,-81.63,WV1
25387,38.38,-81.67,WV1
25401,39.46,-77.97,WV2
25403,39.47,-78.01,WV2
25404,39.49,-77.90,WV2
25405,39.41,-77.96,WV2
25411,39.55,-78.22,WV2
25413,39.31,-78.06,WV2
25414,39.24,-77.86,WV2
25419,39.58,-77.89,WV2
25420,39.38,-78.12,WV2
25421,39.38,-78.16,WV2
25422,39.54,-78.35,WV2
25425,39.31,-77.77,WV2
25427,39.52,-78.10,WV2
25428,39.38,-78.02,WV2
25430,39.32,-77.94,WV2
25431,39.48,-78.58,WV2
25432,39.30,-77.79,WV2
25434,39.44,-78.46,WV2
25437,39.42,-78.58,WV2
25438,39.32,-77.86,WV2
25442,39.37,-77.83,WV2
25443,39.44,-77.81,WV2
25444,39.43,-78.51,WV2
25446,39.24,-77.96,WV2
25501,38.16,-81.96,WV1
25502,38.67,-82.12,WV1
25503,38.61,-82.11,WV1
25504,38.38,-82.27,WV1
25505,38.02,-82.03,WV1
25506,38.21,-82.20,WV1
25507,38.40,-82.55,WV1
25508,37.96,-82.01,WV1
25510,38.38,-82.08,WV1
25511,38.05,-82.34,WV1
25512,38.18,-82.30,WV1
25514,38.08,-82.53,WV1
25515,38.76,-82.15,WV1
25517,38.11,-82.45,WV1
25520,38.56,-82.18,WV1
25521,38.23,-81.98,WV1
25523,38.28,-82.07,WV1
25524,38.02,-82.12,WV1
25526,38.39,-81.99,WV1
25529,38.16,-81.82,WV1
25530,38.36,-82.58,WV1
25534,38.07,-82.26,WV1
25535,38.31,-82.43,WV1
25537,38.53,-82.28,WV1
25540,38.16,-82.14,WV1
25541,38.48,-82.13,WV1
25544,38.23,-82.11,WV1
25545,38.46,-82.23,WV1
25547,37.92,-81.94,WV1
25550,38.86,-82.07,WV1
25555,38.21,-82.55,WV1
25557,38.10,-82.15,WV1
25559,38.32,-82.23,WV1
25560,38.45,-81.90,WV1
25564,38.27,-81.90,WV1
25565,38.11,-81.98,WV1
25567,38.21,-81.89,WV1
25570,38.23,-82.40,WV1
25571,38.31,-82.16,WV1
25573,38.23,-81.94,WV1
25601,37.86,-82.01,WV1
25606,37.77,-81.82,WV1
25607,37.78,-81.78,WV1
25608,37.58,-81.89,WV1
25611,37.69,-81.87,WV1
25612,37.76,-81.98,WV1
25617,37.74,-81.82,WV1
25621,37.65,-81.89,WV1
25624,37.90,-81.98,WV1
25625,37.82,-82.08,WV1
25628,37.77,-81.86,WV1
25630,37.79,-81.69,WV1
25632,37.74,-81.95,WV1
25634,37.73,-81.82,WV1
25635,37.72,-81.87,WV1
25637,37.85,-82.03,WV1
25638,37.74,-82.05,WV1
25639,37.88,-81.96,WV1
25644,37.70,-82.02,WV1
25646,37.85,-81.89,WV1
25647,37.79,-81.98,WV1
25649,37.88,-82.09,WV1
25650,37.68,-81.79,WV1
25651,37.59,-81.96,WV1
25652,37.79,-82.05,WV1
25653,37.82,-81.99,WV1
25654,37.80,-81.87,WV1
25661,37.71,-82.25,WV1
25666,37.92,-82.29,WV1
25667,37.71,-82.27,WV1
25669,37.94,-82.47,WV1
25670,37.74,-82.16,WV1
25671,37.90,-82.20,WV1
25672,37.57,-82.10,WV1
25674,37.87,-82.35,WV1
25676,37.84,-82.19,WV1
25678,37.61,-82.14,WV1
25685,37.80,-82.31,WV1
25688,37.64,-82.16,WV1
25690,37.69,-82.16,WV1
25692,37.62,-82.07,WV1
25696,37.66,-82.06,WV1
25699,37.96,-82.30,WV1
25701,38.37,-82.41,WV1
25702,38.43,-82.31,WV1
25703,38.42,-82.42,WV1
25704,38.31,-82.49,WV1
25705,38.41,-82.36,WV1
25755,38.42,-82.43,WV1
25801,37.84,-81.27,WV1
25810,37.58,-81.35,WV1
25811,37.59,-81.29,WV1
25812,38.14,-81.13,WV1
25813,37.78,-81.10,WV1
25817,37.76,-81.42,WV1
25818,37.86,-81.19,WV1
25820,37.52,-81.16,WV1
25823,37.67,-81.18,WV1
25825,37.64,-81.08,WV1
25826,37.57,-81.37,WV1
25827,37.74,-81.25,WV1
25831,37.96,-80.93,WV1
25832,37.72,-81.12,WV1
25836,37.79,-81.29,WV1
25837,38.06,-81.04,WV1
25839,37.78,-81.39,WV1
25840,38.04,-81.11,WV1
25841,37.56,-81.09,WV1
25843,37.62,-81.13,WV1
25844,37.80,-81.37,WV1
25845,37.72,-81.50,WV1
25846,37.93,-81.17,WV1
25848,37.72,-81.43,WV1
25849,37.73,-81.28,WV1
25851,37.80,-81.26,WV1
25853,37.65,-81.28,WV1
25854,38.13,-80.98,WV1
25855,37.94,-81.15,WV1
25857,37.60,-81.23,WV1
25862,38.09,-81.04,WV1
25864,37.89,-81.04,WV1
25865,37.71,-81.36,WV1
25866,38.01,-81.16,WV1
25868,38.07,-80.97,WV1
25870,37.64,-81.37,WV1
25871,37.77,-81.21,WV1
25873,37.75,-81.21,WV1
25875,37.67,-81.45,WV1
25876,37.63,-81.45,WV1
25878,37.71,-81.22,WV1
25879,37.98,-81.11,WV1
25880,37.88,-81.20,WV1
25882,37.61,-81.41,WV1
25901,37.94,-81.10,WV1
25902,37.57,-81.22,WV1
25904,37.92,-81.25,WV1
25907,37.86,-81.09,WV1
25908,37.67,-81.24,WV1
25909,37.84,-81.20,WV1
25911,37.75,-81.18,WV1
25913,37.71,-81.47,WV1
25915,37.62,-81.29,WV1
25916,37.68,-81.49,WV1
25917,37.98,-81.25,WV1
25918,37.74,-81.04,WV1
25920,37.68,-81.34,WV1
25921,37.68,-81.27,WV1
25922,37.47,-81.10,WV1
25928,37.54,-81.34,WV1
25932,37.75,-81.30,WV1
25936,37.93,-81.03,WV1
25938,38.16,-81.03,WV1
25942,38.02,-80.99,WV1
25943,37.60,-81.35,WV1
25951,37.66,-80.87,WV1
25958,38.00,-80.77,WV1
25962,38.00,-80.82,WV1
25966,37.81,-80.76,WV1
25969,37.61,-81.01,WV1
25971,37.48,-80.98,WV1
25972,38.03,-80.71,WV1
25976,37.84,-80.87,WV1
25977,37.80,-80.91,WV1
25978,37.63,-80.94,WV1
25979,37.51,-80.91,WV1
25981,38.07,-80.70,WV1
25984,38.02,-80.61,WV1
25985,37.76,-80.83,WV1
25986,37.90,-80.82,WV1
25989,37.68,-81.04,WV1
26003,40.07,-80.65,WV2
26030,40.22,-80.66,WV2
26031,40.00,-80.71,WV2
26032,40.18,-80.55,WV2
26033,39.83,-80.58,WV2
26034,40.60,-80.55,WV2
26035,40.34,-80.55,WV2
26036,39.98,-80.55,WV2
26037,40.33,-80.59,WV2
26038,39.96,-80.72,WV2
26039,39.80,-80.67,WV2
26040,39.98,-80.73,WV2
26041,39.89,-80.70,WV2
26047,40.53,-80.59,WV2
26050,40.61,-80.62,WV2
26055,39.76,-80.78,WV2
26056,40.52,-80.57,WV2
26058,40.19,-80.66,WV2
26059,40.06,-80.61,WV2
26060,40.11,-80.54,WV2
26062,40.42,-80.56,WV2
26070,40.26,-80.58,WV2
26074,40.17,-80.60,WV2
26075,40.20,-80.65,WV2
26101,39.23,-81.58,WV2
26104,39.28,-81.48,WV2
26105,39.33,-81.51,WV2
26133,39.11,-81.66,WV2
26134,39.38,-81.27,WV2
26136,38.96,-81.12,WV1
26137,39.00,-81.05,WV1:93|WV2:7
26138,39.03,-81.15,WV1
26141,38.93,-81.25,WV1
26142,39.21,-81.45,WV2
26143,39.06,-81.37,WV1:92|WV2:8
26146,39.46,-81.04,WV2
26147,38.91,-81.08,WV1
26148,39.06,-81.18,WV2
26149,39.47,-80.89,WV2
26150,39.13,-81.54,WV2
26151,38.89,-81.18,WV1
26152,38.98,-81.18,WV1
26155,39.63,-80.76,WV2
26159,39.61,-80.93,WV2
26160,38.98,-81.41,WV1
26161,39.16,-81.24,WV2
26162,39.57,-80.77,WV2
26164,39.01,-81.69,WV1:99|WV2:1
26167,39.53,-80.72,WV2
26169,39.07,-81.58,WV2
26170,39.36,-81.18,WV2
26175,39.54,-80.97,WV2
26178,39.06,-81.02,WV2
26180,39.19,-81.37,WV2:94|WV1:6
26181,39.21,-81.66,WV2
26184,39.31,-81.36,WV2
26187,39.37,-81.45,WV2
26201,39.00,-80.20,WV2
26202,38.23,-80.62,WV1
26203,38.55,-80.59,WV1
26205,38.32,-80.65,WV1
26206,38.32,-80.41,WV1
26208,38.35,-80.58,WV1
26209,38.38,-80.08,WV1
26210,38.90,-80.28,WV2
26215,38.72,-80.36,WV1
26217,38.61,-80.45,WV1
26218,38.85,-80.27,WV2
26222,38.66,-80.34,WV1
26224,38.74,-80.17,WV2
26228,38.75,-80.37,WV2
26230,38.63,-80.21,WV2
26234,38.77,-80.31,WV2
26236,38.72,-80.23,WV2
26237,38.85,-80.15,WV2
26238,39.10,-80.16,WV2
26241,38.92,-79.79,WV2
26250,39.03,-79.97,WV2
26253,38.81,-79.84,WV2
26254,38.96,-79.63,WV2
26257,38.92,-80.01,WV2
26259,38.83,-79.92,WV2
26260,39.08,-79.41,WV2
26261,38.19,-80.50,WV1
26263,38.96,-79.44,WV2
26264,38.59,-79.82,WV1
26266,38.44,-80.50,WV1
26267,38.93,-80.08,WV2
26268,38.71,-79.82,WV2
26269,39.12,-79.65,WV2
26270,38.81,-79.60,WV2
26271,39.02,-79.50,WV2
26273,38.63,-79.96,WV2
26275,38.99,-79.95,WV2
26276,39.03,-79.73,WV2
26278,38.83,-80.03,WV2
26280,38.72,-80.04,WV2
26282,38.52,-80.15,WV2
26283,39.06,-79.82,WV2
26285,38.91,-79.95,WV2
26287,39.17,-79.69,WV2
26288,38.51,-80.35,WV1
26289,38.99,-79.51,WV2
26291,38.44,-80.09,WV1
26292,39.14,-79.53,WV2
26293,38.78,-79.94,WV2
26294,38.53,-80.02,WV2:99|WV1:1
26296,38.76,-79.55,WV2
26298,38.46,-80.29,WV1
26301,39.29,-80.37,WV2
26320,39.40,-80.81,WV2
26321,39.05,-80.69,WV2
26323,39.26,-80.29,WV2
26325,39.10,-80.90,WV2
26327,39.12,-80.94,WV2
26330,39.29,-80.22,WV2
26335,38.84,-80.68,WV1
26337,39.23,-81.16,WV2
26338,39.09,-80.63,WV2
26339,39.42,-80.61,WV2
26342,39.03,-80.85,WV1
26343,38.82,-80.40,WV2
26346,39.29,-81.06,WV2
26347,39.26,-80.13,WV2
26348,39.46,-80.55,WV2
26349,39.23,-80.11,WV2
26351,38.93,-80.84,WV1
26354,39.35,-80.02,WV2
26361,39.37,-80.32,WV2
26362,39.16,-81.05,WV2
26366,39.38,-80.33,WV2
26369,39.34,-80.33,WV2
26372,38.96,-80.35,WV2
26374,39.45,-79.88,WV2
26376,38.78,-80.47,WV1:50|WV2:50
26377,39.50,-80.65,WV2
26378,39.12,-80.45,WV2
26384,38.98,-80.72,WV1:89|WV2:11
26385,39.16,-80.35,WV2
26386,39.41,-80.39,WV2
26404,39.34,-80.31,WV2
26405,39.22,-79.90,WV2
26408,39.19,-80.31,WV2
26410,39.40,-79.81,WV2
26411,39.18,-80.72,WV2
26412,38.90,-80.58,WV2:54|WV1:46
26415,39.29,-80.94,WV2
26416,39.16,-80.02,WV2
26419,39.60,-80.64,WV2
26421,39.18,-80.92,WV2
26422,39.30,-80.43,WV2
26424,39.28,-80.17,WV2
26425,39.30,-79.69,WV2
26426,39.29,-80.56,WV2
26430,38.90,-80.77,WV1
26431,39.39,-80.28,WV2
26435,39.27,-80.09,WV2
26436,39.30,-80.72,WV2
26437,39.53,-80.51,WV2
26438,39.34,-80.32,WV2
26440,39.32,-79.92,WV2
26443,39.08,-80.75,WV1:93|WV2:7
26444,39.38,-79.77,WV2
26447,38.91,-80.48,WV2:97|WV1:3
26448,39.40,-80.49,WV2
26451,39.20,-80.40,WV2
26452,39.04,-80.53,WV2
26456,39.26,-80.77,WV2
26463,39.44,-80.35,WV2
26501,39.63,-80.04,WV2
26505,39.65,-79.95,WV2
26506,39.65,-79.97,WV2
26508,39.60,-79.90,WV2
26519,39.57,-79.63,WV2
26520,39.50,-79.82,WV2
26521,39.71,-80.23,WV2
26524,39.54,-79.81,WV2
26525,39.65,-79.63,WV2
26534,39.65,-80.00,WV2
26537,39.49,-79.71,WV2
26541,39.69,-80.13,WV2
26542,39.57,-79.78,WV2
26543,39.66,-80.00,WV2
26544,39.71,-80.17,WV2
26546,39.66,-80.03,WV2
26547,39.51,-79.81,WV2
26554,39.47,-80.11,WV2
26559,39.51,-80.18,WV2
26560,39.54,-80.14,WV2
26562,39.64,-80.44,WV2
26563,39.48,-80.27,WV2
26568,39.42,-80.28,WV2
26570,39.64,-80.24,WV2
26571,39.53,-80.26,WV2
26572,39.49,-80.32,WV2
26574,39.56,-80.18,WV2
26575,39.69,-80.42,WV2
26576,39.49,-80.25,WV2
26581,39.67,-80.57,WV2
26582,39.53,-80.38,WV2
26585,39.60,-80.44,WV2
26586,39.53,-80.11,WV2
26587,39.52,-80.30,WV2
26588,39.58,-80.14,WV2
26590,39.67,-80.31,WV2
26591,39.45,-80.30,WV2
26601,38.62,-80.62,WV1
26610,38.47,-80.71,WV1
26611,38.85,-80.82,WV1
26615,38.83,-80.73,WV1
26617,38.52,-80.84,WV1
26619,38.75,-80.71,WV1
26621,38.69,-80.51,WV1
26623,38.66,-80.87,WV1
26624,38.72,-80.82,WV1
26627,38.75,-80.59,WV1
26629,38.56,-80.70,WV1
26631,38.81,-80.57,WV1
26636,38.74,-80.96,WV1
26638,38.78,-81.00,WV1
26651,38.27,-80.99,WV1
26656,38.25,-81.18,WV1
26660,38.36,-80.71,WV1
26662,38.26,-80.77,WV1
26667,38.24,-81.00,WV1
26671,38.33,-80.89,WV1
26676,38.16,-80.65,WV1
26678,38.18,-80.92,WV1
26679,38.17,-80.81,WV1
26680,38.09,-80.87,WV1
26681,38.23,-80.73,WV1
26684,38.16,-80.86,WV1
26690,38.18,-81.09,WV1
26691,38.39,-80.67,WV1
26704,39.29,-78.60,WV2
26705,39.32,-79.57,WV2
26707,39.21,-79.41,WV2
26710,39.30,-78.97,WV2
26711,39.32,-78.45,WV2
26714,39.18,-78.65,WV2
26716,39.25,-79.53,WV2
26717,39.33,-79.18,WV2
26719,39.50,-78.77,WV2
26720,39.28,-79.33,WV2
26722,39.50,-78.63,WV2
26726,39.40,-78.99,WV2
26731,39.15,-79.06,WV2
26739,39.21,-79.26,WV2
26743,39.29,-79.08,WV2
26750,39.48,-79.05,WV2
26753,39.56,-78.77,WV2
26755,39.17,-78.74,WV2
26757,39.32,-78.77,WV2
26761,39.27,-78.70,WV2
26763,39.47,-78.70,WV2
26764,39.45,-79.56,WV2
26767,39.62,-78.76,WV2
26801,39.06,-78.79,WV2
26802,38.65,-79.19,WV1
26804,38.68,-79.53,WV1
26807,38.64,-79.35,WV1
26808,39.15,-78.47,WV2
26810,39.00,-78.75,WV2
26812,38.89,-78.88,WV2
26814,38.78,-79.48,WV1
26815,38.49,-79.37,WV1
26817,39.37,-78.40,WV2
26818,39.09,-79.02,WV2
26823,39.14,-78.51,WV2
26833,39.10,-79.20,WV2
26836,39.00,-78.98,WV2
26838,38.81,-79.06,WV2
26845,39.16,-78.96,WV2
26847,38.96,-79.14,WV2
26851,39.05,-78.61,WV2
26852,39.25,-78.91,WV2
26855,38.98,-79.22,WV2:88|WV1:12
26865,39.21,-78.51,WV2
26866,38.80,-79.25,WV1:97|WV2:3
26884,38.85,-79.39,WV1
26886,38.90,-79.40,WV1
27006,35.94,-80.44,NC6
27007,36.39,-80.59,NC5
27009,36.23,-80.08,NC6:78|NC10:21|NC5:1
27011,36.22,-80.69,NC10
27012,36.01,-80.38,NC6:74|NC10:26
27013,35.75,-80.70,NC6:71|NC10:29
27014,35.81,-80.56,NC6
27016,36.45,-80.22,NC5
27017,36.38,-80.76,NC5
27018,36.20,-80.52,NC10
27019,36.29,-80.24,NC5:62|NC10:38
27020,36.11,-80.81,NC10:93|NC5:7
27021,36.32,-80.34,NC5:99|NC10:1
27022,36.51,-80.22,NC5
27023,36.09,-80.45,NC10
27024,36.52,-80.84,NC5
27025,36.38,-79.97,NC5
27027,36.44,-79.99,NC5
27028,35.93,-80.57,NC6
27030,36.49,-80.63,NC5
27040,36.17,-80.39,NC10
27041,36.42,-80.48,NC5
27042,36.35,-80.06,NC5
27043,36.34,-80.45,NC5
27045,36.23,-80.30,NC10:98|NC5:2
27046,36.50,-80.08,NC5
27047,36.31,-80.57,NC5
27048,36.48,-79.92,NC5|VA9
27050,36.23,-80.41,NC10:84|NC5:16
27051,36.20,-80.15,NC10:83|NC6:17
27052,36.32,-80.15,NC5:89|NC6:6|NC10:5
27053,36.48,-80.36,NC5
27054,35.79,-80.60,NC6
27055,36.11,-80.63,NC10:99|NC6:1
27101,36.11,-80.20,NC10:96|NC6:4
27103,36.06,-80.32,NC10:94|NC6:6
27104,36.09,-80.33,NC10
27105,36.16,-80.23,NC10
27106,36.14,-80.32,NC10
27107,36.01,-80.18,NC6:70|NC10:30
27109,36.13,-80.28,NC10
27110,36.09,-80.22,NC10
27127,36.02,-80.28,NC10:60|NC6:40
27201,36.03,-79.48,NC9
27202,36.19,-79.51,NC9
27203,35.73,-79.79,NC9
27205,35.64,-79.85,NC9
27207,35.61,-79.39,NC9
27208,35.56,-79.54,NC9
27209,35.34,-79.75,NC8:92|NC9:8
27212,36.48,-79.28,NC13
27213,35.65,-79.41,NC9
27214,36.21,-79.67,NC9:61|NC5:39
27215,36.02,-79.51,NC9
27217,36.19,-79.38,NC9:97|NC13:3
27229,35.24,-79.79,NC8
27231,36.20,-79.18,NC4:98|NC13:2
27233,35.89,-79.70,NC9
27235,36.10,-80.01,NC6:90|NC5:10
27239,35.60,-80.09,NC6:72|NC9:28
27242,35.33,-79.65,NC9
27243,36.06,-79.20,NC4
27244,36.22,-79.49,NC9:92|NC13:8
27247,35.46,-79.79,NC8
27248,35.78,-79.72,NC9
27249,36.16,-79.58,NC9:95|NC13:4|NC5:1
27252,35.56,-79.35,NC9
27253,35.97,-79.35,NC9
27256,35.56,-79.27,NC9
27258,36.08,-79.35,NC9
27259,35.49,-79.53,NC9
27260,35.95,-79.99,NC6:99|NC9:1
27262,35.96,-80.04,NC6
27263,35.91,-79.94,NC9:77|NC6:23
27265,36.01,-80.03,NC6
27268,35.97,-79.99,NC6
27278,36.09,-79.09,NC4
27281,35.19,-79.63,NC9:67|NC8:33
27282,36.00,-79.93,NC6:63|NC9:37
27283,35.95,-79.64,NC9
27284,36.12,-80.08,NC6:94|NC5:6
27288,36.50,-79.75,NC5
27291,36.42,-79.17,NC13
27292,35.74,-80.21,NC6
27295,35.87,-80.32,NC6
27298,35.89,-79.57,NC9
27299,35.75,-80.38,NC6
27301,36.11,-79.67,NC9:98|NC5:2
27302,36.14,-79.26,NC9:71|NC4:26|NC13:3
27305,36.52,-79.22,NC13
27306,35.23,-79.98,NC8
27310,36.17,-79.99,NC5
27311,36.48,-79.47,NC13:86|NC5:14
27312,35.75,-79.20,NC4:90|NC9:10
27313,35.93,-79.76,NC9
27314,36.31,-79.20,NC13
27315,36.51,-79.40,NC13
27316,35.70,-79.63,NC9
27317,35.84,-79.80,NC9
27320,36.34,-79.66,NC5:95|NC13:5
27325,35.46,-79.57,NC9
27326,36.46,-79.56,NC5:69|NC13:31
27330,35.52,-79.18,NC13:97|NC9:3
27332,35.37,-79.15,NC13
27340,35.95,-79.31,NC9
27341,35.52,-79.70,NC9:92|NC8:8
27342,36.07,-79.62,NC9
27343,36.50,-79.08,NC13
27344,35.72,-79.43,NC9:97|NC4:3
27349,35.90,-79.42,NC9
27350,35.81,-79.89,NC9
27351,35.66,-80.27,NC6
27355,35.79,-79.57,NC9
27356,35.44,-79.80,NC8:89|NC9:11
27357,36.27,-79.97,NC5
27358,36.23,-79.88,NC5:79|NC9:21
27360,35.86,-80.10,NC6:91|NC9:9
27370,35.81,-79.98,NC9
27371,35.41,-79.95,NC8:96|NC9:4
27374,35.92,-80.26,NC6
27376,35.26,-79.52,NC9
27377,36.04,-79.60,NC9
27379,36.37,-79.34,NC13
27401,36.07,-79.77,NC5
27403,36.06,-79.83,NC5:57|NC6:43
27405,36.12,-79.73,NC5:92|NC9:8
27406,36.00,-79.77,NC5:71|NC9:29
27407,36.01,-79.87,NC6:57|NC5:27|NC9:16
27408,36.10,-79.81,NC5
27409,36.07,-79.96,NC6:86|NC5:14
27410,36.12,-79.89,NC5:79|NC6:21
27411,36.08,-79.77,NC5
27412,36.07,-79.81,NC5
27455,36.19,-79.82,NC5:80|NC9:20
27501,35.48,-78.68,NC13
27502,35.72,-78.91,NC4
27503,36.15,-78.88,NC4
27504,35.40,-78.52,NC13
27505,35.41,-79.00,NC13
27506,35.41,-78.74,NC13
27507,36.52,-78.55,NC13:87|NC1:13
27508,35.96,-78.25,NC13
27509,36.13,-78.77,NC13
27510,35.91,-79.08,NC4
27511,35.76,-78.79,NC2:84|NC4:16
27513,35.80,-78.80,NC2:79|NC4:21
27514,35.97,-79.05,NC4
27516,35.91,-79.15,NC4
27517,35.84,-79.03,NC4
27518,35.74,-78.77,NC4:53|NC2:47
27519,35.81,-78.89,NC4:82|NC2:13|NC9:5
27520,35.61,-78.48,NC13
27521,35.41,-78.66,NC13
27522,36.11,-78.68,NC13
27523,35.77,-78.96,NC4:88|NC9:12
27524,35.39,-78.38,NC13:98|NC3:2
27525,36.15,-78.47,NC13
27526,35.54,-78.83,NC13:72|NC4:28
27527,35.65,-78.38,NC13
27529,35.64,-78.58,NC2:55|NC13:45
27530,35.38,-78.06,NC3
27531,35.34,-77.97,NC3
27533,35.39,-78.04,NC3
27534,35.37,-77.89,NC3
27536,36.33,-78.41,NC1
27537,36.36,-78.40,NC1:96|NC13:4
27539,35.68,-78.81,NC4:51|NC13:49
27540,35.62,-78.87,NC4:82|NC13:18
27541,36.26,-79.08,NC13:64|NC4:36
27542,35.62,-78.13,NC13:71|NC3:29
27544,36.18,-78.44,NC1:62|NC13:38
27545,35.78,-78.48,NC2
27546,35.39,-78.86,NC13
27549,36.10,-78.25,NC13
27551,36.43,-78.05,NC1
27553,36.49,-78.30,NC1
27555,35.56,-78.20,NC13
27556,36.40,-78.31,NC1
27557,35.78,-78.20,NC1:56|NC13:43|NC3:1
27559,35.63,-79.10,NC9:82|NC4:18
27560,35.86,-78.83,NC4:72|NC2:28
27562,35.64,-78.98,NC4:74|NC9:26
27563,36.42,-78.22,NC1
27565,36.36,-78.65,NC13:53|NC1:47
27568,35.51,-78.24,NC13
27569,35.43,-78.17,NC13:75|NC3:25
27570,36.44,-78.24,NC1
27571,35.92,-78.46,NC2:53|NC13:47
27572,36.26,-78.88,NC4:56|NC13:44
27573,36.40,-78.98,NC13
27574,36.48,-78.84,NC13
27576,35.58,-78.26,NC13
27577,35.49,-78.34,NC13
27581,36.20,-78.74,NC13
27582,36.45,-78.57,NC13
27583,36.31,-78.93,NC13:97|NC4:3
27584,36.49,-78.45,NC1
27587,35.98,-78.55,NC2:54|NC13:46
27589,36.32,-78.13,NC1:97|NC13:3
27591,35.79,-78.39,NC2:72|NC13:28
27592,35.56,-78.67,NC13
27593,35.59,-78.36,NC13
27594,36.47,-78.17,NC1
27596,36.00,-78.43,NC13
27597,35.84,-78.31,NC13:71|NC2:25|NC1:4
27599,35.90,-79.05,NC4
27601,35.77,-78.63,NC2
27603,35.66,-78.65,NC2:52|NC13:48
27604,35.82,-78.56,NC2
27605,35.79,-78.65,NC2
27606,35.74,-78.71,NC2:93|NC13:5|NC4:2
27607,35.82,-78.73,NC2
27608,35.81,-78.65,NC2
27609,35.84,-78.63,NC2
27610,35.74,-78.55,NC2:99|NC13:1
27612,35.85,-78.70,NC2
27613,35.93,-78.71,NC2:98|NC4:2
27614,35.95,-78.62,NC2:81|NC13:19
27615,35.90,-78.64,NC2:93|NC13:7
27616,35.87,-78.54,NC2
27617,35.91,-78.77,NC2:97|NC4:3
27695,35.79,-78.68,NC2
27697,35.78,-78.62,NC2
27701,36.00,-78.90,NC4
27703,35.96,-78.81,NC4
27704,36.04,-78.83,NC4
27705,36.03,-78.98,NC4
27707,35.95,-78.95,NC4
27708,36.00,-78.94,NC4
27709,35.92,-78.87,NC4
27712,36.10,-78.90,NC4
27713,35.88,-78.93,NC4
27801,35.91,-77.73,NC1
27803,35.89,-77.85,NC1:97|NC3:3
27804,35.99,-77.84,NC1
27805,36.21,-77.09,NC1
27806,35.31,-76.76,NC1
27807,35.81,-78.09,NC1:95|NC3:5
27808,35.47,-76.76,NC1
27809,36.02,-77.74,NC1
27810,35.55,-76.53,NC1
27812,35.81,-77.38,NC3:93|NC1:7
27813,35.63,-77.94,NC3
27814,35.38,-76.93,NC1
27815,35.92,-77.69,NC1
27816,36.11,-78.07,NC1:56|NC13:44
27817,35.45,-77.08,NC1
27818,36.50,-77.02,NC1
27819,35.81,-77.46,NC1
27820,36.42,-77.24,NC1
27821,35.32,-76.87,NC1
27822,35.81,-77.84,NC3:70|NC1:30
27823,36.21,-77.71,NC1
27824,35.55,-76.01,NC1
27825,35.84,-77.17,NC1
27826,35.60,-76.24,NC1
27827,35.70,-77.51,NC3
27828,35.59,-77.58,NC3
27829,35.70,-77.61,NC3:82|NC1:18
27830,35.56,-77.95,NC3
27831,36.46,-77.57,NC1
27832,36.52,-77.74,NC1
27834,35.66,-77.38,NC3
27837,35.51,-77.20,NC3:94|NC1:6
27839,36.28,-77.57,NC1
27840,35.93,-77.24,NC1
27841,35.91,-77.28,NC1
27842,36.53,-77.85,NC1
27843,36.00,-77.40,NC1
27844,36.24,-77.95,NC1:99|NC13:1
27845,36.36,-77.44,NC1
27846,35.76,-76.90,NC1
27847,36.18,-77.20,NC1
27849,36.08,-77.22,NC1
27850,36.41,-77.88,NC1
27851,35.64,-78.03,NC3
27852,35.75,-77.64,NC1:84|NC3:16
27853,36.52,-77.31,NC1
27855,36.42,-77.07,NC1
27856,36.01,-77.98,NC1
27857,35.97,-77.26,NC1
27858,35.53,-77.30,NC3
27860,35.66,-76.64,NC1
27861,35.82,-77.32,NC1
27862,36.49,-77.19,NC1
27863,35.49,-77.97,NC3
27864,35.80,-77.65,NC1
27865,35.66,-76.90,NC1
27866,36.52,-77.51,NC1
27869,36.27,-77.31,NC1
27870,36.43,-77.69,NC1
27871,35.80,-77.26,NC1:87|NC3:13
27872,36.20,-77.25,NC1
27873,35.65,-77.78,NC3
27874,36.13,-77.41,NC1
27875,35.46,-76.50,NC1
27876,36.47,-77.41,NC1
27877,36.52,-77.19,NC1
27878,35.87,-77.83,NC1:68|NC3:32
27879,35.57,-77.28,NC3
27880,35.73,-78.08,NC3:96|NC1:4
27881,35.97,-77.44,NC1
27882,35.94,-78.12,NC1:81|NC13:19
27883,35.59,-77.80,NC3
27884,35.70,-77.27,NC3
27885,35.42,-76.25,NC1
27886,35.90,-77.51,NC1:99|NC3:1
27888,35.60,-77.73,NC3
27889,35.58,-77.02,NC1:93|NC3:7
27890,36.41,-77.59,NC1
27891,36.10,-77.74,NC1
27892,35.82,-77.06,NC1
27893,35.69,-77.90,NC3
27896,35.79,-77.98,NC3:98|NC1:2
27897,36.32,-77.21,NC1
27909,36.29,-76.27,NC1
27910,36.28,-76.99,NC1
27915,35.34,-75.51,NC1
27916,36.33,-75.92,NC1
27917,36.36,-76.00,NC1
27919,36.31,-76.50,NC1
27920,35.24,-75.54,NC1
27921,36.33,-76.15,NC1
27922,36.32,-76.84,NC1
27923,36.37,-75.93,NC1
27924,36.17,-76.83,NC1
27925,35.84,-76.17,NC1
27926,36.51,-76.60,NC1
27927,36.33,-75.85,NC1
27928,35.81,-76.44,NC1
27929,36.44,-76.02,NC1
27932,36.10,-76.59,NC1
27935,36.43,-76.87,NC1
27936,35.25,-75.60,NC1
27937,36.51,-76.77,NC1
27938,36.38,-76.72,NC1
27939,36.24,-75.88,NC1
27941,36.09,-75.82,NC1
27942,36.30,-76.75,NC1
27943,35.21,-75.72,NC1
27944,36.18,-76.40,NC1
27946,36.36,-76.59,NC1
27947,36.17,-75.85,NC1
27948,36.02,-75.69,NC1
27949,36.11,-75.75,NC1
27950,36.50,-75.97,NC1
27953,35.80,-75.88,NC1
27954,35.91,-75.69,NC1
27956,36.40,-76.00,NC1
27957,36.07,-76.76,NC1
27958,36.50,-76.17,NC1
27959,35.88,-75.60,NC1
27960,35.07,-76.00,NC1
27962,35.76,-76.78,NC1
27964,36.13,-75.80,NC1
27965,36.29,-75.94,NC1
27966,36.13,-75.85,NC1
27967,36.22,-76.91,NC1
27968,35.66,-75.49,NC1
27969,36.46,-76.80,NC1
27970,35.91,-76.62,NC1
27972,35.55,-75.47,NC1
27973,36.37,-76.06,NC1
27974,36.25,-75.99,NC1
27976,36.48,-76.34,NC1
27978,35.67,-75.77,NC1
27979,36.44,-76.56,NC1
27980,36.25,-76.62,NC1
27981,35.85,-75.64,NC1
27982,35.57,-75.47,NC1
27983,35.96,-76.94,NC1
27985,36.22,-76.47,NC1
27986,36.39,-76.92,NC1
28001,35.34,-80.21,NC8
28006,35.41,-81.09,NC14:57|NC10:43
28007,35.12,-80.13,NC8
28009,35.41,-80.11,NC8
28012,35.21,-81.04,NC14
28016,35.31,-81.28,NC14
28017,35.25,-81.67,NC14
28018,35.51,-81.81,NC14
28019,35.28,-81.79,NC14
28020,35.52,-81.64,NC14
28021,35.40,-81.40,NC14:87|NC10:13
28023,35.57,-80.60,NC6
28024,35.24,-81.77,NC14
28025,35.38,-80.52,NC8:81|NC6:19
28027,35.41,-80.68,NC6:56|NC8:44
28031,35.48,-80.89,NC14
28032,35.23,-81.08,NC14
28033,35.42,-81.33,NC10:65|NC14:35
28034,35.35,-81.18,NC14
28036,35.49,-80.80,NC14:75|NC6:22|NC10:3
28037,35.50,-81.02,NC10
28039,35.68,-80.44,NC6
28040,35.39,-81.75,NC14
28041,35.59,-80.46,NC6
28042,35.42,-81.51,NC14
28043,35.31,-81.87,NC14
28052,35.23,-81.23,NC14
28054,35.26,-81.15,NC14
28056,35.22,-81.13,NC14
28071,35.52,-80.31,NC6:69|NC8:31
28072,35.61,-80.44,NC6
28073,35.20,-81.48,NC14
28074,35.24,-81.88,NC14
28075,35.30,-80.64,NC8
28076,35.26,-81.78,NC14
28077,35.40,-81.20,NC14
28078,35.40,-80.87,NC14:95|NC6:5
28079,35.11,-80.60,NC8
28080,35.45,-81.11,NC10:98|NC14:2
28081,35.50,-80.67,NC6
28083,35.49,-80.58,NC6:92|NC8:8
28086,35.24,-81.38,NC14
28088,35.54,-80.61,NC6
28089,35.32,-81.66,NC14
28090,35.45,-81.56,NC14:96|NC10:4
28091,34.99,-79.93,NC8
28092,35.48,-81.26,NC10:95|NC14:5
28097,35.30,-80.39,NC8
28098,35.27,-81.10,NC14
28101,35.26,-81.07,NC14
28102,34.81,-79.98,NC8
28103,35.00,-80.35,NC8
28104,35.06,-80.70,NC8
28105,35.12,-80.71,NC8:75|NC12:25
28107,35.25,-80.52,NC8
28108,34.93,-80.68,NC8
28109,35.48,-80.28,NC8
28110,35.07,-80.51,NC8
28112,34.89,-80.55,NC8
28114,35.23,-81.75,NC14
28115,35.58,-80.77,NC10:94|NC6:6
28117,35.58,-80.90,NC10
28119,34.85,-80.01,NC8
28120,35.33,-81.03,NC14
28124,35.40,-80.41,NC8
28125,35.66,-80.70,NC6:85|NC10:15
28127,35.45,-80.17,NC8:98|NC6:2
28128,35.21,-80.15,NC8
28129,35.23,-80.33,NC8
28133,34.84,-80.27,NC8
28134,35.08,-80.89,NC14:94|NC12:6
28135,35.03,-80.22,NC8
28136,35.42,-81.64,NC14
28137,35.49,-80.26,NC8:76|NC6:24
28138,35.51,-80.44,NC6:91|NC8:9
28139,35.35,-81.99,NC14
28144,35.72,-80.46,NC6
28146,35.62,-80.40,NC6
28147,35.68,-80.55,NC6
28150,35.34,-81.58,NC14
28152,35.23,-81.59,NC14
28159,35.69,-80.44,NC6
28160,35.36,-81.92,NC14
28163,35.21,-80.43,NC8
28164,35.39,-81.04,NC14:64|NC10:36
28166,35.68,-80.87,NC10
28167,35.51,-81.96,NC14:93|NC11:7
28168,35.55,-81.42,NC10
28169,35.36,-81.43,NC14
28170,35.00,-80.10,NC8
28173,34.92,-80.73,NC8
28174,34.97,-80.44,NC8
28202,35.23,-80.84,NC12
28203,35.21,-80.86,NC12
28204,35.21,-80.83,NC12
28205,35.22,-80.79,NC12
28206,35.26,-80.82,NC12
28207,35.19,-80.82,NC12
28208,35.23,-80.90,NC12
28209,35.18,-80.85,NC12
28210,35.13,-80.86,NC12
28211,35.17,-80.80,NC12
28212,35.19,-80.75,NC12
28213,35.29,-80.74,NC12:99|NC8:1
28214,35.27,-80.97,NC12:58|NC14:42
28215,35.25,-80.70,NC12:96|NC8:4
28216,35.31,-80.89,NC12:95|NC14:5
28217,35.17,-80.91,NC12:97|NC14:3
28223,35.31,-80.73,NC12
28226,35.10,-80.82,NC8:53|NC12:47
28227,35.19,-80.65,NC12:55|NC8:45
28244,35.22,-80.84,NC12
28262,35.32,-80.74,NC12
28269,35.34,-80.80,NC12:95|NC6:5
28270,35.11,-80.76,NC8:55|NC12:45
28273,35.12,-80.95,NC14:58|NC12:42
28274,35.19,-80.83,NC12
28277,35.05,-80.82,NC14:68|NC8:25|NC12:7
28278,35.13,-81.01,NC14
28280,35.23,-80.84,NC12
28282,35.22,-80.85,NC12
28301,35.07,-78.88,NC7:92|NC9:8
28303,35.09,-78.96,NC9:81|NC7:19
28304,35.03,-78.99,NC9:68|NC7:32
28305,35.05,-78.91,NC7
28306,34.96,-78.90,NC7:95|NC9:5
28307,35.14,-78.99,NC9
28308,35.17,-79.01,NC9
28310,35.12,-79.04,NC9
28311,35.17,-78.89,NC7:85|NC9:15
28312,34.95,-78.74,NC7
28314,35.05,-79.02,NC9:95|NC7:5
28315,35.11,-79.45,NC9
28318,35.01,-78.62,NC7:87|NC3:13
28320,34.56,-78.77,NC7
28323,35.31,-78.83,NC13
28325,35.15,-78.10,NC3
28326,35.27,-79.15,NC13:83|NC9:17
28327,35.36,-79.42,NC9
28328,35.00,-78.33,NC3
28330,34.91,-79.82,NC8
28331,35.20,-78.65,NC7
28332,34.66,-78.70,NC7
28333,35.29,-78.02,NC3
28334,35.27,-78.57,NC13:69|NC7:24|NC3:6
28337,34.66,-78.57,NC7
28338,35.10,-79.74,NC8
28339,35.31,-78.73,NC13
28340,34.47,-79.13,NC8:94|NC7:6
28341,35.12,-78.17,NC3
28342,35.19,-78.65,NC7
28343,34.76,-79.56,NC8
28344,35.17,-78.62,NC7
28345,34.87,-79.67,NC8
28347,35.05,-79.56,NC8:99|NC9:1
28348,34.93,-78.91,NC7
28349,34.98,-77.93,NC3
28350,35.25,-79.31,NC9
28351,34.85,-79.58,NC8
28352,34.77,-79.45,NC8
28355,35.39,-79.20,NC13
28356,35.24,-78.79,NC7:71|NC13:29
28357,34.90,-79.08,NC7:59|NC9:41
28358,34.61,-78.93,NC8:64|NC7:36
28359,34.59,-79.05,NC8
28360,34.67,-79.07,NC8:70|NC7:30
28362,34.37,-79.13,NC8
28363,34.95,-79.53,NC8
28364,34.71,-79.33,NC8:99|NC9:1
28365,35.17,-78.05,NC3
28366,35.23,-78.36,NC3:79|NC13:21
28367,35.17,-79.72,NC8
28368,35.37,-79.11,NC13
28369,34.42,-79.03,NC7:87|NC8:13
28371,34.91,-78.98,NC7:97|NC9:3
28372,34.70,-79.18,NC8
28373,35.09,-79.49,NC9
28374,35.19,-79.46,NC9
28375,34.48,-79.04,NC7
28376,35.05,-79.24,NC9
28377,34.84,-79.21,NC8:63|NC9:32|NC7:6
28378,34.86,-79.05,NC7
28379,34.93,-79.79,NC8
28382,34.94,-78.57,NC3:68|NC7:32
28383,34.58,-79.27,NC8
28384,34.79,-78.94,NC7
28385,35.05,-78.50,NC3:72|NC7:28
28386,34.86,-79.13,NC7:77|NC9:23
28387,35.18,-79.38,NC9
28390,35.22,-78.95,NC13:57|NC9:43
28391,35.03,-78.70,NC7
28392,34.73,-78.80,NC7
28393,34.98,-78.19,NC3
28394,35.22,-79.24,NC9
28395,35.13,-78.73,NC7
28396,34.96,-79.41,NC8
28398,34.99,-78.06,NC3
28399,34.77,-78.72,NC7
28401,34.29,-77.97,NC7
28403,34.22,-77.88,NC7
28405,34.26,-77.87,NC7
28409,34.15,-77.86,NC7
28411,34.30,-77.79,NC7
28412,34.13,-77.92,NC7
28420,34.05,-78.47,NC7
28421,34.51,-78.17,NC7
28422,34.05,-78.21,NC7
28423,34.27,-78.40,NC7
28424,34.29,-78.70,NC7
28425,34.56,-77.90,NC7
28428,34.04,-77.91,NC7
28429,34.34,-77.90,NC7
28430,34.28,-78.93,NC7
28431,34.32,-78.84,NC7
28432,34.17,-78.76,NC7
28433,34.49,-78.62,NC7
28434,34.47,-78.47,NC7
28435,34.41,-78.11,NC7
28436,34.25,-78.28,NC7
28438,34.42,-78.91,NC7
28439,34.29,-79.00,NC7
28441,34.81,-78.43,NC3:69|NC7:31
28442,34.31,-78.60,NC7
28443,34.48,-77.69,NC7
28444,34.69,-78.32,NC3:62|NC7:38
28445,34.53,-77.54,NC3:74|NC7:26
28447,34.62,-78.28,NC7:54|NC3:46
28448,34.52,-78.36,NC7
28449,33.97,-77.94,NC7
28450,34.31,-78.50,NC7
28451,34.24,-78.12,NC7
28452,34.01,-78.56,NC7
28453,34.87,-78.08,NC3
28454,34.67,-77.65,NC3:76|NC7:24
28455,34.11,-78.63,NC7
28456,34.37,-78.29,NC7
28457,34.45,-77.86,NC7
28458,34.82,-78.08,NC3
28460,34.53,-77.42,NC3
28461,33.97,-78.03,NC7
28462,34.00,-78.31,NC7
28463,34.11,-78.78,NC7
28464,34.78,-78.02,NC3
28465,33.91,-78.10,NC7
28466,34.74,-77.88,NC3:92|NC7:8
28467,33.92,-78.59,NC7
28468,33.90,-78.52,NC7
28469,33.93,-78.47,NC7
28470,33.97,-78.40,NC7
28472,34.30,-78.69,NC7
28478,34.64,-78.04,NC7:93|NC3:7
28479,34.10,-78.02,NC7
28480,34.21,-77.80,NC7
28501,35.24,-77.53,NC3
28504,35.23,-77.64,NC3
28508,35.10,-77.82,NC3
28509,35.15,-76.81,NC1
28510,34.99,-76.80,NC1
28511,34.90,-76.35,NC1
28512,34.70,-76.82,NC1
28513,35.44,-77.39,NC3
28515,35.19,-76.69,NC1
28516,34.86,-76.62,NC1
28518,34.89,-77.75,NC3
28519,35.13,-77.01,NC1
28520,35.00,-76.47,NC1
28521,34.82,-77.74,NC3
28523,35.21,-77.30,NC1
28524,34.79,-76.46,NC1
28525,35.13,-77.69,NC3
28526,35.24,-77.41,NC1:76|NC3:24
28527,35.26,-77.02,NC1
28528,34.73,-76.54,NC1
28529,35.10,-76.88,NC1
28530,35.37,-77.40,NC3:92|NC1:8
28531,34.69,-76.53,NC1
28532,34.91,-76.89,NC1
28533,34.90,-76.90,NC1
28537,35.26,-76.56,NC1
28538,35.42,-77.57,NC3
28539,34.69,-77.23,NC3
28540,34.74,-77.50,NC3
28542,34.73,-77.46,NC3
28543,34.74,-77.40,NC3
28544,34.70,-77.30,NC3
28546,34.83,-77.39,NC3
28547,34.63,-77.33,NC3
28551,35.32,-77.78,NC3
28552,35.30,-76.56,NC1
28553,34.74,-76.51,NC1
28554,35.48,-77.59,NC3
28555,34.87,-77.25,NC3
28556,35.13,-76.64,NC1
28557,34.74,-76.75,NC1
28560,35.13,-76.98,NC1
28562,35.08,-77.12,NC1:99|NC3:1
28570,34.78,-76.88,NC1
28571,35.05,-76.70,NC1
28572,35.02,-77.72,NC3
28573,34.98,-77.20,NC3:89|NC1:11
28574,34.88,-77.59,NC3
28575,34.69,-76.88,NC1
28577,34.93,-76.41,NC1
28578,35.20,-77.86,NC3
28579,34.81,-76.50,NC1
28580,35.45,-77.68,NC3
28581,34.84,-76.44,NC1
28582,34.75,-77.15,NC1:61|NC3:39
28584,34.73,-77.10,NC1:90|NC3:10
28585,35.05,-77.42,NC3
28586,35.32,-77.18,NC1:98|NC3:2
28587,35.19,-76.67,NC1
28589,34.80,-76.50,NC1
28590,35.52,-77.42,NC3
28594,34.70,-76.97,NC1
28601,35.77,-81.33,NC10:84|NC5:9|NC14:7
28602,35.67,-81.38,NC10:88|NC14:12
28604,36.18,-81.86,NC5:53|NC11:47
28605,36.13,-81.69,NC5:98|NC11:2
28606,36.05,-81.31,NC5
28607,36.21,-81.65,NC5
28609,35.68,-81.06,NC10
28610,35.73,-81.15,NC10
28611,36.01,-81.74,NC5:92|NC11:8
28612,35.65,-81.54,NC14:99|NC10:1
28613,35.74,-81.21,NC10
28615,36.47,-81.67,NC5
28616,36.02,-81.93,NC11
28617,36.48,-81.36,NC5
28618,36.21,-81.51,NC5
28619,35.76,-81.61,NC14
28621,36.28,-80.79,NC5
28622,36.19,-81.95,NC11
28623,36.53,-80.98,NC5
28624,36.12,-81.41,NC5
28625,35.87,-80.89,NC10:99|NC5:1
28626,36.29,-81.52,NC5
28627,36.45,-81.01,NC5
28628,35.73,-81.78,NC14
28629,36.35,-81.36,NC5
28630,35.84,-81.42,NC5
28631,36.55,-81.41,NC5
28634,35.97,-80.76,NC10:92|NC6:8
28635,36.33,-81.13,NC5
28636,35.94,-81.06,NC5:95|NC10:5
28637,35.72,-81.42,NC14
28638,35.85,-81.48,NC5
28640,36.40,-81.40,NC5
28641,35.98,-81.89,NC14
28642,36.23,-80.82,NC10:95|NC5:5
28643,36.53,-81.54,NC5
28644,36.43,-81.28,NC5
28645,35.98,-81.55,NC5:99|NC14:1
28646,36.07,-81.85,NC11
28649,36.34,-81.21,NC5
28650,35.57,-81.16,NC10
28651,36.31,-81.31,NC5
28652,36.09,-81.99,NC11
28653,36.07,-81.90,NC11
28654,36.06,-81.16,NC5
28655,35.76,-81.75,NC14:99
28657,36.02,-81.94,NC11:93|NC14:7
28658,35.64,-81.24,NC10
28659,36.22,-81.15,NC5
28660,35.97,-80.86,NC10
28662,36.02,-81.89,NC11
28663,36.54,-81.29,NC5
28664,36.04,-82.01,NC11
28665,36.21,-81.37,NC5
28666,35.72,-81.47,NC14
28667,35.78,-81.43,NC5:91|NC14:9
28668,36.42,-80.98,NC5
28669,36.22,-80.99,NC5
28670,36.19,-80.91,NC5
28671,35.75,-81.53,NC14
28672,36.48,-81.33,NC5
28673,35.62,-81.00,NC10
28675,36.51,-81.14,NC5|VA9
28676,36.33,-80.86,NC5
28677,35.74,-80.93,NC10
28678,35.83,-81.07,NC5:53|NC10:47
28679,36.26,-81.83,NC5:97|NC11:3
28681,35.92,-81.22,NC5
28682,35.59,-80.96,NC10
28683,36.39,-80.91,NC5
28684,36.33,-81.61,NC5
28685,36.35,-81.04,NC5
28689,36.04,-80.94,NC10:85|NC5:15
28690,35.73,-81.57,NC14
28692,36.31,-81.84,NC5
28693,36.46,-81.55,NC5
28694,36.37,-81.47,NC5
28697,36.14,-81.16,NC5
28698,36.31,-81.76,NC5
28701,35.71,-82.64,NC11
28702,35.38,-83.64,NC11
28704,35.46,-82.57,NC11
28705,36.04,-82.15,NC11
28707,35.40,-83.07,NC11
28708,35.27,-82.86,NC11
28709,35.76,-82.39,NC11
28710,35.46,-82.28,NC11
28711,35.60,-82.27,NC11:99|NC14:1
28712,35.17,-82.77,NC11
28713,35.37,-83.51,NC11
28714,35.88,-82.30,NC11
28715,35.51,-82.71,NC11
28716,35.44,-82.85,NC11
28717,35.05,-83.09,NC11
28718,35.16,-82.63,NC11
28719,35.51,-83.52,NC11
28720,35.45,-82.26,NC14
28721,35.63,-82.93,NC11
28722,35.21,-82.06,NC14
28723,35.31,-83.04,NC11
28725,35.38,-83.27,NC11
28726,35.28,-82.42,NC11
28729,35.32,-82.60,NC11
28730,35.53,-82.36,NC11
28731,35.29,-82.38,NC11
28732,35.45,-82.45,NC11
28733,35.43,-83.78,NC11
28734,35.18,-83.44,NC11
28735,35.48,-82.35,NC11
28736,35.18,-83.09,NC11
28739,35.27,-82.53,NC11
28740,36.03,-82.30,NC11
28741,35.07,-83.21,NC11
28742,35.38,-82.65,NC11
28743,35.80,-82.88,NC11
28745,35.52,-82.97,NC11
28746,35.48,-82.16,NC14
28747,35.14,-82.90,NC11
28748,35.65,-82.76,NC11
28749,35.84,-82.10,NC11
28751,35.51,-83.12,NC11
28752,35.71,-82.04,NC11
28753,35.87,-82.71,NC11
28754,35.88,-82.51,NC11
28755,35.91,-82.22,NC11
28756,35.35,-82.21,NC11:88|NC14:12
28757,35.65,-82.30,NC11
28758,35.37,-82.50,NC11
28759,35.38,-82.59,NC11
28761,35.69,-81.91,NC11:92|NC14:8
28762,35.63,-82.23,NC11
28763,35.03,-83.47,NC11
28766,35.25,-82.62,NC11
28768,35.33,-82.71,NC11
28770,35.62,-82.28,NC11
28771,35.34,-83.85,NC11
28772,35.14,-82.84,NC11
28773,35.26,-82.30,NC11
28774,35.09,-82.99,NC11
28775,35.02,-83.32,NC11
28777,35.91,-82.07,NC11
28778,35.61,-82.40,NC11
28779,35.36,-83.21,NC11
28781,35.22,-83.64,NC11
28782,35.23,-82.15,NC14
28783,35.24,-83.02,NC11
28785,35.65,-83.14,NC11
28786,35.46,-82.99,NC11
28787,35.74,-82.52,NC11
28788,35.35,-83.22,NC11
28789,35.41,-83.32,NC11
28790,35.20,-82.50,NC11
28791,35.36,-82.51,NC11
28792,35.39,-82.37,NC11
28801,35.59,-82.56,NC11
28803,35.53,-82.52,NC11
28804,35.65,-82.56,NC11
28805,35.61,-82.48,NC11
28806,35.57,-82.62,NC11
28901,35.20,-83.81,NC11
28902,35.02,-83.96,NC11
28904,35.07,-83.73,NC11
28905,35.16,-83.94,NC11
28906,35.09,-84.14,NC11
28909,35.00,-83.90,NC11
29001,33.79,-80.17,SC6
29003,33.24,-81.02,SC6
29006,33.87,-81.55,SC2:73|SC3:27
29009,34.44,-80.36,SC5:96|SC7:4
29010,34.22,-80.27,SC5
29014,34.52,-81.11,SC5
29015,34.45,-81.34,SC5
29016,34.20,-80.99,SC2:77|SC6:21|SC5:1
29018,33.35,-80.64,SC6
29020,34.31,-80.57,SC5
29030,33.58,-80.65,SC6
29031,34.61,-81.43,SC5
29032,34.34,-80.44,SC5
29033,33.95,-81.06,SC2
29036,34.13,-81.34,SC2:99|SC3:1
29037,34.19,-81.87,SC3
29038,33.38,-80.98,SC2
29039,33.42,-80.89,SC2:99|SC6:1
29040,34.06,-80.44,SC5
29042,33.31,-81.15,SC6
29044,33.93,-80.70,SC6:99|SC2:1
29045,34.19,-80.80,SC5:53|SC2:47
29046,34.11,-80.16,SC5
29047,33.53,-80.58,SC6
29048,33.39,-80.30,SC6
29051,33.86,-80.13,SC6
29052,33.80,-80.74,SC6
29053,33.83,-81.09,SC2:94|SC6:6
29054,33.95,-81.38,SC2
29055,34.57,-80.91,SC5
29056,33.61,-80.01,SC6
29058,34.55,-80.75,SC5
29059,33.33,-80.42,SC6:97|SC1:3
29061,33.90,-80.85,SC6
29062,34.00,-80.61,SC5
29063,34.14,-81.20,SC2
29065,34.30,-81.32,SC5
29067,34.54,-80.54,SC5
29069,34.18,-80.09,SC7:92|SC5:8
29070,33.92,-81.45,SC2:85|SC3:15
29072,34.00,-81.27,SC2
29073,33.89,-81.24,SC2
29074,34.44,-80.82,SC5
29075,34.20,-81.38,SC3:62|SC2:38
29078,34.18,-80.70,SC5:99|SC2:1
29079,34.29,-80.11,SC7
29080,34.01,-80.09,SC5:50|SC6:50
29081,33.09,-81.05,SC6
29082,33.04,-80.94,SC6
29101,34.48,-80.23,SC7
29102,33.65,-80.20,SC6
29104,33.99,-80.21,SC6:54|SC5:46
29105,33.81,-81.59,SC2:78|SC3:22
29107,33.52,-81.12,SC2
29108,34.30,-81.63,SC3
29111,33.81,-80.00,SC6
29112,33.63,-81.08,SC2:95|SC6:5
29113,33.43,-81.14,SC2
29114,33.95,-79.93,SC7:75|SC6:25
29115,33.48,-80.84,SC6:86|SC2:14
29117,33.50,-80.85,SC6
29118,33.57,-80.89,SC6:69|SC2:31
29122,34.24,-81.33,SC3
29123,33.76,-81.27,SC2
29125,33.70,-80.47,SC5:57|SC6:43
29126,34.33,-81.42,SC3
29127,34.15,-81.51,SC3
29128,34.10,-80.53,SC5
29129,33.79,-81.67,SC2:54|SC3:46
29130,34.33,-80.88,SC5:95|SC2:5
29133,33.36,-80.80,SC6
29135,33.70,-80.75,SC6
29137,33.60,-81.32,SC2
29138,34.04,-81.78,SC3
29142,33.47,-80.52,SC6
29145,34.22,-81.81,SC3
29146,33.51,-81.30,SC2
29148,33.53,-80.34,SC6
29150,33.82,-80.32,SC5:50|SC6:50
29152,33.97,-80.47,SC5
29153,33.97,-80.31,SC5:61|SC6:39
29154,33.82,-80.44,SC5:99|SC6:1
29160,33.75,-81.04,SC2:77|SC6:23
29161,34.10,-79.94,SC7
29162,33.89,-80.01,SC6
29163,33.42,-80.45,SC6
29164,33.66,-81.43,SC2
29166,33.90,-81.71,SC3
29168,33.85,-80.54,SC5
29169,34.00,-81.10,SC2
29170,33.94,-81.14,SC2
29172,33.91,-81.08,SC2
29175,34.44,-80.61,SC5
29177,34.14,-81.27,SC2
29178,34.50,-81.59,SC3:84|SC5:16
29180,34.37,-81.10,SC5:98|SC2:2
29201,33.98,-81.03,SC6
29203,34.10,-81.04,SC6:97|SC2:3
29204,34.03,-81.00,SC6:85|SC2:15
29205,33.99,-81.00,SC6:72|SC2:28
29206,34.02,-80.96,SC2:92|SC6:8
29207,34.04,-80.85,SC2
29208,34.00,-81.03,SC6
29209,33.93,-80.94,SC2:56|SC6:44
29210,34.05,-81.11,SC6:72|SC2:28
29212,34.08,-81.20,SC2
29223,34.09,-80.92,SC2:71|SC6:29
29225,34.00,-81.03,SC6
29229,34.15,-80.89,SC2:85|SC6:15
29301,34.94,-82.01,SC4
29302,34.88,-81.84,SC4
29303,35.00,-81.97,SC4:91|SC5:9
29306,34.89,-81.92,SC4
29307,34.98,-81.83,SC4:78|SC5:22
29316,35.04,-81.98,SC5:53|SC4:47
29320,34.96,-81.99,SC4
29321,34.71,-81.74,SC5
29322,35.12,-82.13,SC4:73|SC5:27
29323,35.13,-81.91,SC5
29324,34.99,-81.82,SC4
29325,34.47,-81.84,SC3
29329,34.99,-81.84,SC5:89|SC4:11
29330,35.05,-81.80,SC5
29331,34.64,-81.86,SC4
29332,34.28,-81.97,SC3
29333,34.97,-81.91,SC4
29334,34.91,-82.12,SC4
29335,34.66,-81.91,SC4:84|SC3:11|SC5:4
29338,35.13,-82.00,SC5
29340,34.97,-81.59,SC5
29341,35.12,-81.71,SC5
29346,34.95,-81.84,SC4
29349,35.07,-82.07,SC4:65|SC5:35
29351,34.42,-81.81,SC3
29353,34.83,-81.65,SC5
29355,34.36,-81.75,SC3
29356,35.15,-82.26,SC4
29360,34.49,-82.05,SC3
29364,34.79,-81.46,SC5
29365,34.98,-82.17,SC4
29368,35.08,-81.86,SC5
29369,34.87,-82.02,SC4
29370,34.37,-81.98,SC3
29372,34.90,-81.69,SC4:74|SC5:26
29373,34.92,-81.74,SC4
29374,34.79,-81.85,SC4:95|SC5:5
29375,34.86,-82.11,SC4
29376,34.81,-81.94,SC4
29377,34.93,-82.10,SC4
29378,34.97,-81.97,SC4
29379,34.69,-81.60,SC5
29384,34.34,-82.09,SC3
29385,34.97,-82.10,SC4
29388,34.76,-82.05,SC4:98|SC3:2
29401,32.78,-79.93,SC6
29403,32.80,-79.95,SC6
29404,32.90,-80.05,SC6
29405,32.85,-79.98,SC6
29406,32.94,-80.04,SC6
29407,32.80,-80.00,SC6
29409,32.80,-79.96,SC6
29410,32.94,-80.01,SC1
29412,32.71,-79.95,SC1
29414,32.84,-80.10,SC6
29418,32.91,-80.10,SC6
29420,32.93,-80.10,SC6:71|SC1:29
29424,32.78,-79.94,SC6
29425,32.79,-79.95,SC6
29426,32.77,-80.37,SC6
29429,32.99,-79.70,SC1
29431,33.27,-79.88,SC1
29432,33.23,-80.81,SC6
29434,33.14,-79.84,SC1
29435,32.95,-80.47,SC6
29436,33.32,-80.19,SC1:95|SC6:5
29437,33.14,-80.42,SC6
29438,32.56,-80.32,SC1
29439,32.66,-79.93,SC1
29440,33.38,-79.33,SC7
29445,33.00,-79.96,SC1
29446,32.59,-80.51,SC1:90|SC6:10
29448,33.26,-80.45,SC6
29449,32.70,-80.28,SC6
29450,33.09,-79.77,SC1
29451,32.83,-79.75,SC1
29452,32.72,-80.47,SC6:99|SC1:1
29453,33.22,-79.61,SC1
29455,32.69,-80.09,SC1:95|SC6:5
29456,32.98,-80.11,SC1:76|SC6:24
29458,33.12,-79.49,SC1
29461,33.17,-80.01,SC1
29464,32.82,-79.86,SC1
29466,32.88,-79.78,SC1
29468,33.43,-80.08,SC1
29469,33.24,-80.13,SC1
29470,32.81,-80.20,SC6
29471,33.19,-80.67,SC6
29472,33.05,-80.33,SC1:54|SC6:46
29474,32.90,-80.52,SC6
29475,32.97,-80.82,SC6
29477,33.16,-80.57,SC6
29479,33.38,-79.89,SC1
29481,33.12,-80.79,SC6
29482,32.77,-79.83,SC1
29483,33.03,-80.23,SC1:99|SC6:1
29485,32.93,-80.21,SC1:91|SC6:9
29486,33.10,-80.17,SC1
29487,32.66,-80.18,SC1
29488,32.91,-80.67,SC6
29492,32.91,-79.88,SC1
29493,33.05,-80.84,SC6
29501,34.20,-79.83,SC7
29505,34.13,-79.68,SC7
29506,34.21,-79.65,SC7
29510,33.45,-79.61,SC7:58|SC6:42
29511,33.98,-79.12,SC7
29512,34.62,-79.72,SC7
29516,34.44,-79.61,SC7
29518,33.79,-79.85,SC6
29519,34.02,-79.36,SC7
29520,34.69,-79.93,SC7
29525,34.56,-79.52,SC7
29526,33.87,-78.98,SC7
29527,33.79,-79.14,SC7
29530,34.00,-79.74,SC7:91|SC6:9
29532,34.28,-79.85,SC7
29536,34.42,-79.37,SC7
29540,34.38,-79.85,SC7
29541,34.06,-79.74,SC7
29543,34.29,-79.27,SC7
29544,34.00,-79.22,SC7
29545,34.16,-78.97,SC7
29546,33.88,-79.35,SC7
29547,34.49,-79.33,SC7
29550,34.39,-80.08,SC7:99|SC5:1
29554,33.70,-79.39,SC6:59|SC7:41
29555,33.84,-79.46,SC7:98|SC6:2
29556,33.67,-79.76,SC6
29560,33.84,-79.75,SC6:89|SC7:11
29563,34.35,-79.21,SC7
29564,33.48,-79.86,SC6
29565,34.36,-79.50,SC7
29566,33.89,-78.67,SC7
29567,34.56,-79.43,SC7
29568,33.91,-78.75,SC7
29569,34.03,-78.91,SC7
29570,34.67,-79.56,SC7
29571,34.14,-79.43,SC7
29572,33.77,-78.79,SC7
29574,34.17,-79.26,SC7
29575,33.63,-78.97,SC7
29576,33.57,-79.05,SC7
29577,33.70,-78.91,SC7
29579,33.77,-78.91,SC7
29580,33.65,-79.55,SC6
29581,34.19,-79.11,SC7
29582,33.83,-78.66,SC7
29583,33.98,-79.57,SC7
29584,34.58,-80.05,SC7
29585,33.56,-79.09,SC7
29588,33.67,-79.02,SC7
29589,34.10,-79.32,SC7
29590,33.57,-79.85,SC6
29591,33.94,-79.76,SC7:74|SC6:26
29592,34.25,-79.45,SC7
29593,34.49,-79.86,SC7
29594,34.64,-79.58,SC7
29596,34.74,-79.85,SC7
29601,34.85,-82.40,SC4
29605,34.78,-82.38,SC4
29607,34.81,-82.33,SC4
29609,34.91,-82.39,SC4
29611,34.83,-82.46,SC4:92|SC3:8
29613,34.92,-82.44,SC4
29614,34.87,-82.36,SC4
29615,34.86,-82.30,SC4
29617,34.91,-82.47,SC4
29620,34.18,-82.43,SC3
29621,34.51,-82.60,SC3
29624,34.44,-82.62,SC3
29625,34.56,-82.77,SC3
29626,34.46,-82.76,SC3
29627,34.52,-82.48,SC3
29628,34.09,-82.56,SC3
29630,34.73,-82.80,SC3
29631,34.68,-82.82,SC3
29634,34.68,-82.84,SC3
29635,35.08,-82.63,SC4:55|SC3:45
29638,34.36,-82.34,SC3
29639,34.30,-82.43,SC3
29640,34.88,-82.58,SC3
29642,34.78,-82.56,SC3
29643,34.51,-82.98,SC3
29644,34.67,-82.20,SC3
29645,34.59,-82.13,SC3
29646,34.14,-82.15,SC3
29649,34.24,-82.15,SC3
29650,34.90,-82.26,SC4
29651,35.02,-82.28,SC4
29653,34.31,-82.23,SC3
29654,34.46,-82.37,SC3
29655,34.27,-82.63,SC3
29657,34.77,-82.69,SC3
29658,34.77,-83.30,SC3
29659,34.21,-82.65,SC3
29661,35.05,-82.56,SC4:80|SC3:20
29662,34.78,-82.30,SC4
29664,34.86,-83.16,SC3
29665,34.72,-82.91,SC3
29666,34.11,-81.98,SC3
29667,34.76,-82.76,SC3
29669,34.64,-82.41,SC3
29670,34.64,-82.72,SC3
29671,34.94,-82.72,SC3
29672,34.75,-82.93,SC3
29673,34.72,-82.46,SC3:87|SC4:13
29676,34.95,-82.98,SC3
29678,34.63,-82.94,SC3
29680,34.68,-82.29,SC3:51|SC4:49
29681,34.77,-82.23,SC4:81|SC3:19
29682,34.84,-82.85,SC3
29683,35.03,-82.49,SC4
29684,34.38,-82.72,SC3
29685,34.98,-82.84,SC3
29686,34.96,-83.05,SC3
29687,34.99,-82.33,SC4
29689,34.54,-82.88,SC3
29690,35.06,-82.42,SC4
29691,34.78,-83.08,SC3
29692,34.41,-82.22,SC3
29693,34.64,-83.15,SC3
29696,34.78,-83.01,SC3
29697,34.63,-82.55,SC3
29702,35.12,-81.47,SC5
29704,34.83,-80.91,SC5
29706,34.72,-81.23,SC5
29707,34.99,-80.86,SC5
29708,35.05,-80.99,SC5
29709,34.72,-80.10,SC7
29710,35.11,-81.22,SC5
29712,34.80,-80.98,SC5
29714,34.71,-80.92,SC5
29715,35.01,-80.93,SC5
29717,34.95,-81.45,SC5
29718,34.63,-80.36,SC7:93|SC5:7
29720,34.75,-80.74,SC5
29724,34.78,-81.01,SC5
29726,34.86,-81.24,SC5
29727,34.72,-80.26,SC7
29728,34.76,-80.40,SC7
29729,34.69,-81.01,SC5
29730,34.88,-81.02,SC5
29732,34.97,-81.08,SC5
29733,34.94,-81.03,SC5
29741,34.73,-80.20,SC7
29742,34.87,-81.39,SC5
29743,35.03,-81.42,SC5
29745,34.99,-81.21,SC5
29801,33.59,-81.70,SC2
29803,33.45,-81.70,SC2
29805,33.64,-81.61,SC2
29809,33.42,-81.69,SC2
29810,32.99,-81.39,SC6
29812,33.21,-81.38,SC2
29816,33.50,-81.87,SC2
29817,33.37,-81.27,SC2:95|SC6:5
29819,34.04,-82.23,SC3
29821,33.64,-82.12,SC3
29824,33.81,-81.99,SC3
29826,33.39,-81.36,SC2
29827,32.97,-81.24,SC6
29828,33.52,-81.83,SC2
29829,33.57,-81.86,SC2
29831,33.34,-81.86,SC2
29832,33.84,-81.80,SC3
29834,33.52,-81.84,SC2
29835,33.92,-82.29,SC3
29836,33.09,-81.50,SC6:88|SC2:12
29838,33.75,-82.15,SC3
29840,33.99,-82.55,SC3
29841,33.53,-81.94,SC2
29842,33.46,-81.86,SC2
29843,33.18,-81.18,SC6:68|SC2:32
29844,33.79,-82.21,SC3
29845,33.83,-82.21,SC3
29847,33.70,-81.85,SC3:77|SC2:23
29848,33.97,-82.06,SC3
29849,33.10,-81.24,SC6:89|SC2:11
29851,33.51,-81.81,SC2
29853,33.40,-81.43,SC2
29856,33.49,-81.51,SC2
29860,33.61,-81.98,SC3:50|SC2:50
29899,33.93,-82.25,SC3
29902,32.32,-80.68,SC1
29904,32.48,-80.72,SC1
29905,32.35,-80.70,SC1
29906,32.45,-80.75,SC1
29907,32.47,-80.58,SC1
29909,32.34,-80.85,SC1
29910,32.22,-80.90,SC1
29911,32.93,-81.16,SC6
29912,32.58,-80.93,SC6
29915,32.12,-80.86,SC1
29916,32.73,-80.96,SC6
29918,32.74,-81.25,SC6
29920,32.36,-80.55,SC1
29921,32.69,-81.18,SC6
29922,32.59,-81.28,SC6
29923,32.85,-81.24,SC6
29924,32.88,-81.11,SC6
29926,32.24,-80.73,SC1
29927,32.25,-81.06,SC6:87|SC1:13
29928,32.18,-80.75,SC1
29929,32.96,-80.92,SC6
29932,32.83,-81.34,SC6
29934,32.60,-81.11,SC6
29935,32.38,-80.70,SC1
29936,32.48,-80.97,SC6:94|SC1:6
29939,32.68,-81.25,SC6
29940,32.55,-80.68,SC1
29941,32.53,-80.82,SC1
29943,32.49,-81.15,SC6
29944,32.80,-81.03,SC6
29945,32.68,-80.80,SC6:72|SC1:28
30002,33.77,-84.26,GA5:93|GA4:7
30004,34.15,-84.29,GA7
30005,34.09,-84.22,GA7
30008,33.90,-84.59,GA11:51|GA6:49
30009,34.08,-84.30,GA7
30011,34.02,-83.84,GA10:61|GA9:39
30012,33.72,-84.00,GA13:98|GA4:1|GA10:1
30013,33.64,-83.97,GA13
30014,33.59,-83.83,GA13:60|GA10:40
30016,33.52,-83.93,GA13:70|GA10:30
30017,33.89,-83.96,GA13
30018,33.72,-83.80,GA10
30019,33.98,-83.88,GA9:56|GA10:44
30021,33.81,-84.24,GA4:94|GA5:6
30022,34.03,-84.25,GA7
30024,34.06,-84.09,GA9:65|GA7:34|GA4:1
30025,33.66,-83.70,GA10
30028,34.29,-84.18,GA7
30030,33.77,-84.29,GA5
30032,33.74,-84.26,GA4:63|GA5:37
30033,33.81,-84.28,GA5
30034,33.69,-84.25,GA4:95|GA13:5|GA5:1
30035,33.72,-84.20,GA4
30038,33.67,-84.14,GA4:98|GA13:2
30039,33.80,-84.03,GA13:98|GA4:2
30040,34.22,-84.18,GA7
30041,34.20,-84.10,GA7
30043,34.01,-84.01,GA9:94|GA4:6
30044,33.92,-84.07,GA13:80|GA4:20
30045,33.94,-83.93,GA9:53|GA13:43|GA10:4
30046,33.95,-83.99,GA13:70|GA9:30
30047,33.87,-84.11,GA13:92|GA4:8
30052,33.82,-83.90,GA13:51|GA10:49
30054,33.68,-83.88,GA10:74|GA13:26
30055,33.50,-83.75,GA10
30056,33.49,-83.65,GA10
30058,33.74,-84.11,GA4
30060,33.92,-84.54,GA6:60|GA11:40
30062,34.01,-84.47,GA11
30064,33.94,-84.61,GA11:46|GA14:41|GA6:13
30066,34.03,-84.51,GA11
30067,33.93,-84.46,GA11:87|GA6:13
30068,33.97,-84.43,GA11
30070,33.57,-83.90,GA13
30071,33.94,-84.21,GA4
30072,33.79,-84.20,GA4
30075,34.05,-84.39,GA7:78|GA11:22
30076,34.03,-84.31,GA7
30078,33.86,-84.02,GA13
30079,33.79,-84.26,GA5:89|GA4:11
30080,33.88,-84.49,GA6
30082,33.85,-84.54,GA6
30083,33.80,-84.19,GA4
30084,33.85,-84.22,GA4:79|GA13:17|GA5:5
30087,33.79,-84.09,GA4:67|GA13:33
30088,33.76,-84.18,GA4
30090,33.95,-84.55,GA11
30092,33.97,-84.23,GA4:98|GA7:2
30093,33.91,-84.18,GA4:93|GA13:7
30094,33.61,-84.05,GA13:98|GA4:2
30096,33.97,-84.15,GA4
30097,34.03,-84.15,GA7:53|GA4:45|GA9:1
30101,34.03,-84.71,GA14:90|GA11:10
30102,34.10,-84.65,GA11
30103,34.36,-84.92,GA11:95|GA14:5
30104,34.09,-85.07,GA14:96|GA11:4
30105,34.43,-85.17,GA14
30106,33.83,-84.63,GA6
30107,34.34,-84.35,GA7:70|GA11:30
30108,33.53,-85.26,GA3
30110,33.74,-85.14,GA3
30111,33.83,-84.66,GA6
30113,33.85,-85.21,GA3:90|GA14:10
30114,34.24,-84.54,GA11
30115,34.22,-84.40,GA11:59|GA7:41
30116,33.54,-85.00,GA3
30117,33.58,-85.13,GA3
30118,33.57,-85.10,GA3
30120,34.18,-84.86,GA11
30121,34.22,-84.77,GA11
30122,33.77,-84.64,GA6
30124,34.13,-85.35,GA14
30125,34.00,-85.28,GA14
30126,33.81,-84.55,GA6
30127,33.88,-84.70,GA6:59|GA14:41
30132,33.98,-84.85,GA14
30134,33.78,-84.78,GA6:58|GA14:34|GA3:8
30135,33.67,-84.73,GA6:70|GA3:30
30137,34.12,-84.77,GA11
30139,34.43,-84.71,GA11
30141,33.86,-84.77,GA14
30143,34.46,-84.43,GA11:93|GA7:7
30144,34.04,-84.59,GA11:66|GA14:34
30145,34.25,-84.99,GA11:78|GA14:22
30147,34.13,-85.22,GA14
30148,34.46,-84.26,GA11:91|GA7:9
30149,34.32,-85.22,GA14
30152,33.99,-84.65,GA14:73|GA11:27
30153,33.97,-85.05,GA14:98|GA3:2
30157,33.88,-84.87,GA14
30161,34.24,-85.17,GA14
30165,34.32,-85.30,AL3|GA14
30168,33.78,-84.59,GA6
30170,33.43,-85.16,GA3
30171,34.36,-84.73,GA11
30173,34.13,-85.15,GA14
30175,34.53,-84.53,GA11:72|GA9:28
30176,33.77,-85.30,GA3
30177,34.41,-84.37,GA11
30178,34.10,-84.97,GA11:91|GA14:9
30179,33.78,-85.01,GA3:80|GA14:20
30180,33.72,-84.92,GA3:94|GA14:6
30182,33.66,-85.25,GA3
30183,34.31,-84.62,GA11
30184,34.25,-84.74,GA11
30185,33.52,-84.92,GA3
30187,33.65,-84.86,GA3
30188,34.12,-84.46,GA11:92|GA7:8
30189,34.12,-84.57,GA11
30204,33.06,-84.12,GA3:99|GA8:1
30205,33.27,-84.48,GA3
30206,33.10,-84.46,GA3
30213,33.59,-84.62,GA6
30214,33.49,-84.49,GA3:51|GA6:49
30215,33.39,-84.46,GA3:91|GA13:9
30216,33.23,-83.88,GA10
30217,33.29,-85.14,GA3
30218,33.12,-84.59,GA3
30220,33.23,-84.82,GA3
30222,33.04,-84.74,GA3
30223,33.29,-84.28,GA3
30224,33.20,-84.24,GA3
30228,33.40,-84.31,GA13:60|GA3:40|GA10:1
30229,33.23,-84.57,GA3
30230,33.17,-84.92,GA3
30233,33.29,-83.98,GA10:89|GA8:9|GA3:2
30234,33.33,-84.03,GA10
30236,33.52,-84.33,GA13:74|GA5:26
30238,33.50,-84.38,GA13:60|GA5:38|GA6:2
30240,33.04,-85.12,GA3
30241,33.02,-84.96,GA3
30248,33.35,-84.11,GA10:96|GA3:4
30250,33.43,-84.31,GA13
30251,33.19,-84.70,GA3
30252,33.47,-84.06,GA10:93|GA13:7
30253,33.45,-84.19,GA10:67|GA13:25|GA3:8
30256,33.01,-84.31,GA3
30257,33.14,-84.19,GA3
30258,32.99,-84.47,GA3
30259,33.27,-84.74,GA3
30260,33.59,-84.33,GA5:87|GA13:13
30263,33.39,-84.86,GA3
30265,33.42,-84.71,GA3
30268,33.55,-84.72,GA6:74|GA3:26
30269,33.39,-84.57,GA3
30272,33.62,-84.50,GA6
30273,33.58,-84.27,GA13
30274,33.56,-84.40,GA5:96|GA13:4
30275,33.43,-84.87,GA3
30276,33.26,-84.58,GA3
30277,33.38,-84.65,GA3
30281,33.56,-84.20,GA13
30284,33.34,-84.29,GA3
30285,32.99,-84.26,GA3
30286,32.88,-84.33,GA3
30288,33.65,-84.33,GA5:67|GA13:22|GA4:11
30289,33.32,-84.63,GA3
30290,33.48,-84.59,GA3
30291,33.58,-84.54,GA6
30292,33.17,-84.39,GA3
30293,32.98,-84.60,GA3
30294,33.64,-84.27,GA13:75|GA5:16|GA4:8
30295,33.09,-84.32,GA3
30296,33.56,-84.44,GA5:82|GA6:18
30297,33.61,-84.37,GA5
30303,33.75,-84.39,GA5
30305,33.83,-84.39,GA6
30306,33.79,-84.35,GA5
30307,33.77,-84.33,GA5
30308,33.77,-84.38,GA5
30309,33.80,-84.39,GA5:96|GA6:4
30310,33.73,-84.43,GA5
30311,33.72,-84.48,GA5:92|GA6:8
30312,33.74,-84.38,GA5
30313,33.76,-84.40,GA5
30314,33.76,-84.43,GA5
30315,33.70,-84.38,GA5
30316,33.72,-84.33,GA5:97|GA4:3
30317,33.75,-84.32,GA5
30318,33.79,-84.45,GA6:52|GA5:48
30319,33.88,-84.33,GA5:57|GA4:30|GA6:13
30322,33.79,-84.33,GA5
30324,33.82,-84.36,GA5:53|GA6:47
30326,33.85,-84.36,GA6
30327,33.87,-84.42,GA6
30328,33.93,-84.39,GA7:69|GA6:31
30329,33.83,-84.32,GA5:98|GA4:2
30331,33.71,-84.54,GA6:79|GA5:21
30332,33.78,-84.40,GA5
30334,33.75,-84.39,GA5
30336,33.74,-84.57,GA6
30337,33.64,-84.45,GA5:89|GA6:11
30338,33.95,-84.32,GA4:97|GA7:3
30339,33.87,-84.46,GA6:95|GA11:5
30340,33.90,-84.25,GA4
30341,33.89,-84.29,GA4:96|GA5:4
30342,33.88,-84.37,GA6
30344,33.68,-84.46,GA5:97|GA6:3
30345,33.85,-84.28,GA4:62|GA5:38
30346,33.92,-84.34,GA4
30349,33.63,-84.52,GA6:73|GA5:27
30350,33.98,-84.33,GA7:99|GA4:1
30354,33.66,-84.39,GA5
30360,33.93,-84.27,GA4
30363,33.79,-84.40,GA5
30401,32.60,-82.35,GA12
30410,32.19,-82.51,GA12
30411,32.12,-82.79,GA12
30412,32.08,-82.49,GA12
30413,32.88,-82.51,GA12
30414,32.16,-81.99,GA12
30415,32.32,-81.60,GA12
30417,32.17,-81.92,GA12
30420,32.31,-82.13,GA12
30421,32.19,-82.11,GA12
30423,32.14,-81.82,GA12
30425,32.68,-82.09,GA12
30426,33.05,-81.65,GA12
30427,31.92,-81.96,GA12:82|GA1:18
30428,32.22,-82.72,GA12
30429,32.16,-81.93,GA12
30434,33.02,-82.37,GA12
30436,32.15,-82.29,GA12
30439,32.42,-82.07,GA12
30441,32.82,-82.24,GA12
30442,32.82,-81.97,GA12
30445,32.17,-82.58,GA12
30446,32.56,-81.46,GA12
30448,32.49,-82.36,GA12
30449,32.53,-81.53,GA12
30450,32.56,-81.93,GA12
30451,32.39,-81.96,GA12
30452,32.32,-81.90,GA12
30453,32.02,-82.12,GA12
30454,32.44,-82.73,GA12
30455,32.70,-81.81,GA12
30456,32.98,-81.80,GA12
30457,32.40,-82.56,GA12
30458,32.40,-81.83,GA12
30460,32.43,-81.78,GA12
30461,32.50,-81.72,GA12
30464,32.44,-82.22,GA12
30467,32.76,-81.60,GA12
30470,32.36,-82.50,GA12
30471,32.54,-82.18,GA12
30473,32.02,-82.47,GA12
30474,32.22,-82.41,GA12
30477,32.86,-82.40,GA12
30501,34.32,-83.81,GA9
30504,34.27,-83.89,GA9:61|GA7:39
30506,34.35,-83.90,GA7:61|GA9:39
30507,34.26,-83.77,GA9
30510,34.44,-83.57,GA9
30511,34.45,-83.49,GA9
30512,34.86,-83.97,GA9
30513,34.82,-84.32,GA9
30516,34.38,-83.03,GA10
30517,34.13,-83.80,GA9:89|GA10:11
30518,34.13,-84.02,GA9:90|GA7:10
30519,34.09,-83.95,GA9:97|GA7:3
30520,34.34,-83.08,GA10
30521,34.36,-83.29,GA10:95|GA9:5
30522,34.78,-84.34,GA9
30523,34.71,-83.55,GA9
30525,34.90,-83.37,GA9
30527,34.48,-83.78,GA9
30528,34.61,-83.78,GA9:99|GA7:1
30529,34.22,-83.48,GA9
30530,34.22,-83.39,GA9:70|GA10:30
30531,34.51,-83.59,GA9
30533,34.57,-84.01,GA7:98|GA9:2
30534,34.43,-84.14,GA7
30535,34.57,-83.57,GA9
30536,34.65,-84.36,GA9:99|GA7:1
30537,34.98,-83.33,GA9
30538,34.50,-83.26,GA9:95|GA10:5
30539,34.68,-84.47,GA9
30540,34.73,-84.54,GA9
30541,34.92,-84.52,GA9
30542,34.18,-83.91,GA7:73|GA9:27
30543,34.30,-83.66,GA9
30545,34.76,-83.76,GA9
30546,34.91,-83.72,GA9
30547,34.36,-83.46,GA9
30548,34.09,-83.76,GA9:87|GA10:13
30549,34.11,-83.58,GA9
30552,34.77,-83.47,GA9
30553,34.45,-83.08,GA10
30554,34.40,-83.66,GA9
30555,34.97,-84.42,GA9
30557,34.48,-83.18,GA10:51|GA9:49
30558,34.26,-83.57,GA9
30559,34.96,-84.28,GA9
30560,34.88,-84.20,GA9
30562,34.92,-83.38,GA9
30563,34.56,-83.46,GA9
30564,34.46,-83.89,GA7:61|GA9:39
30565,34.09,-83.41,GA9:91|GA10:9
30566,34.24,-83.90,GA9:59|GA7:41
30567,34.18,-83.68,GA9
30568,34.95,-83.41,GA9
30571,34.72,-83.68,GA9
30572,34.74,-84.07,GA9
30573,34.74,-83.39,GA9
30575,34.21,-83.71,GA9
30576,34.83,-83.45,GA9
30577,34.56,-83.33,GA9:96|GA10:4
30581,34.80,-83.42,GA9
30582,34.96,-83.91,GA9
30597,34.53,-83.98,GA7
30598,34.60,-83.35,GA9
30601,34.00,-83.35,GA10
30602,33.94,-83.37,GA10
30605,33.90,-83.33,GA10
30606,33.94,-83.43,GA10
30607,34.02,-83.45,GA10:74|GA9:26
30609,33.93,-83.37,GA10
30619,33.86,-83.24,GA10
30620,33.93,-83.76,GA10
30621,33.80,-83.47,GA10
30622,33.92,-83.53,GA10:92|GA9:8
30623,33.73,-83.51,GA10
30624,34.18,-83.04,GA10
30625,33.52,-83.33,GA10
30627,33.97,-82.96,GA10
30628,34.03,-83.22,GA10
30629,34.08,-83.11,GA10
30630,33.90,-83.15,GA10
30631,33.56,-82.87,GA10:92|GA12:8
30633,34.18,-83.25,GA10:99|GA9:1
30634,34.20,-82.94,GA10
30635,34.11,-82.79,GA10
30639,34.28,-83.15,GA10
30641,33.77,-83.56,GA10
30642,33.54,-83.18,GA10
30643,34.37,-82.91,GA10
30646,34.09,-83.30,GA10
30648,33.87,-83.04,GA10
30650,33.59,-83.47,GA10
30655,33.78,-83.69,GA10
30656,33.86,-83.72,GA10
30660,33.78,-82.93,GA10:92|GA12:8
30662,34.27,-83.14,GA10
30663,33.61,-83.60,GA10
30664,33.56,-82.80,GA10
30665,33.54,-83.07,GA10
30666,33.96,-83.58,GA10:99|GA9:1
30667,33.80,-83.18,GA10
30668,33.90,-82.70,GA12:59|GA10:41
30669,33.68,-83.12,GA10
30673,33.73,-82.72,GA12:95|GA10:5
30677,33.78,-83.37,GA10
30678,33.45,-83.07,GA10
30680,34.00,-83.70,GA10
30683,33.94,-83.26,GA10
30701,34.49,-84.95,GA11:99|GA14:1
30705,34.75,-84.75,GA14
30707,34.78,-85.37,GA14
30708,34.94,-84.67,GA14
30710,34.94,-84.92,GA14
30711,34.93,-84.77,GA14
30720,34.73,-85.00,GA14
30721,34.79,-84.91,GA14
30724,34.83,-84.76,GA14
30725,34.92,-85.35,GA14
30726,34.97,-85.14,GA14
30728,34.68,-85.23,GA14
30730,34.36,-85.42,GA14
30731,34.56,-85.47,GA14
30733,34.41,-85.05,GA11:97|GA14:3
30734,34.53,-84.71,GA11
30735,34.60,-84.89,GA11:55|GA14:45
30736,34.90,-85.13,GA14
30738,34.80,-85.48,GA14
30739,34.81,-85.21,GA14
30740,34.76,-85.07,GA14
30741,34.95,-85.28,GA14|TN3
30742,34.94,-85.24,GA14
30746,34.59,-85.03,GA11:98|GA14:2
30747,34.50,-85.29,GA14
30750,34.94,-85.39,GA14
30751,34.98,-84.73,GA14
30752,34.91,-85.54,GA14
30753,34.58,-85.29,GA14
30755,34.87,-85.04,GA14
30756,34.90,-84.97,GA14
30757,34.94,-85.44,GA14
30802,33.60,-82.30,GA12
30803,33.13,-82.55,GA12
30805,33.28,-82.19,GA12
30807,33.46,-82.65,GA12
30808,33.38,-82.39,GA12
30809,33.56,-82.17,GA12
30810,33.23,-82.59,GA12
30812,33.37,-82.03,GA12
30813,33.47,-82.23,GA12
30814,33.43,-82.32,GA12
30815,33.28,-82.07,GA12
30816,33.17,-82.17,GA12
30817,33.78,-82.43,GA12
30818,33.27,-82.33,GA12
30820,33.22,-82.72,GA12:97|GA10:3
30821,33.49,-82.74,GA12
30822,32.92,-81.94,GA12
30823,33.22,-82.46,GA12
30824,33.51,-82.51,GA12
30828,33.37,-82.66,GA12
30830,33.09,-81.98,GA12
30833,33.19,-82.35,GA12
30901,33.44,-81.96,GA12
30904,33.48,-82.01,GA12
30905,33.41,-82.15,GA12
30906,33.35,-81.97,GA12
30907,33.52,-82.09,GA12
30909,33.47,-82.08,GA12
30912,33.47,-81.99,GA12
31001,31.98,-83.34,GA8
31002,32.55,-82.60,GA12
31003,32.60,-83.22,GA8
31004,32.95,-83.81,GA8
31005,32.54,-83.59,GA8
31006,32.58,-84.25,GA2
31007,32.19,-83.93,GA2
31008,32.67,-83.79,GA2:90|GA8:10
31009,32.27,-83.00,GA12
31011,32.13,-83.05,GA8:98|GA12:2
31012,32.39,-83.17,GA8:99|GA12:1
31014,32.42,-83.35,GA8
31015,31.94,-83.78,GA8
31016,32.83,-84.09,GA8:57|GA3:34|GA2:8
31017,32.62,-83.23,GA8
31018,32.98,-82.62,GA12
31019,32.42,-83.05,GA12
31020,32.65,-83.50,GA8:84|GA2:16
31021,32.49,-82.93,GA12
31022,32.51,-83.12,GA12:98|GA8:2
31023,32.18,-83.20,GA8
31024,33.32,-83.37,GA10
31025,32.34,-83.75,GA8
31027,32.57,-82.82,GA12
31028,32.63,-83.68,GA2
31029,33.04,-83.94,GA8
31030,32.57,-83.89,GA2:99|GA8:1
31031,32.87,-83.33,GA8
31032,33.01,-83.57,GA8
31033,33.08,-83.43,GA8
31034,33.05,-83.23,GA8
31035,32.85,-82.71,GA12
31036,32.27,-83.49,GA8
31037,32.12,-82.94,GA8:86|GA12:14
31038,33.14,-83.62,GA10:61|GA8:39
31039,32.60,-84.38,GA2
31041,32.38,-84.17,GA2
31042,32.74,-83.19,GA8
31044,32.66,-83.39,GA8
31045,33.28,-82.79,GA12:72|GA10:28
31046,33.05,-83.80,GA8
31047,32.47,-83.58,GA8
31049,32.68,-82.52,GA12
31050,32.72,-83.94,GA2
31051,32.14,-83.88,GA2
31052,32.79,-83.84,GA2:99|GA8:1
31054,32.89,-83.21,GA8
31055,31.99,-82.88,GA8
31057,32.43,-83.94,GA2
31058,32.49,-84.41,GA2
31060,31.99,-83.06,GA8
31061,33.06,-83.23,GA8:98|GA10:2
31062,33.04,-83.22,GA8
31063,32.29,-83.96,GA2
31064,33.29,-83.70,GA10
31065,32.56,-83.19,GA12:78|GA8:22
31066,32.80,-83.98,GA2:91|GA8:9
31067,32.85,-82.96,GA12
31068,32.33,-84.11,GA2
31069,32.44,-83.75,GA8:98|GA2:2
31070,32.19,-83.79,GA2
31071,32.13,-83.54,GA8
31072,31.97,-83.57,GA8:98|GA2:2
31075,32.36,-82.95,GA12
31076,32.55,-84.10,GA2
31077,31.94,-83.17,GA8
31078,32.69,-84.08,GA2
31079,31.94,-83.46,GA8
31081,32.41,-84.28,GA2
31082,33.00,-82.90,GA12:99|GA8:1
31083,32.04,-82.82,GA8
31084,31.96,-83.60,GA8
31085,33.42,-83.63,GA10
31087,33.25,-83.00,GA10:95|GA8:4|GA12:1
31088,32.59,-83.65,GA8:84|GA2:16
31089,32.85,-82.86,GA12
31090,32.79,-83.05,GA8
31091,32.24,-83.70,GA2:98|GA8:2
31092,32.09,-83.78,GA2:95|GA8:5
31093,32.65,-83.66,GA2:95|GA8:5
31094,33.11,-82.80,GA12
31096,32.72,-82.71,GA12
31097,32.89,-84.17,GA3:97|GA8:3
31098,32.61,-83.58,GA2
31201,32.81,-83.62,GA2
31204,32.85,-83.67,GA2:78|GA8:22
31206,32.79,-83.68,GA2
31207,32.83,-83.65,GA2
31210,32.91,-83.74,GA8:91|GA2:9
31211,32.90,-83.60,GA2:53|GA8:47
31213,32.84,-83.64,GA2
31216,32.73,-83.67,GA2
31217,32.84,-83.50,GA2:65|GA8:35
31220,32.88,-83.82,GA8:92|GA2:8
31301,31.75,-81.60,GA1
31302,32.13,-81.34,GA1
31303,32.51,-81.31,GA12
31305,31.37,-81.38,GA1
31307,32.18,-81.40,GA1
31308,32.18,-81.47,GA1:80|GA12:20
31309,31.88,-81.44,GA1
31312,32.31,-81.40,GA1:80|GA12:20
31313,31.84,-81.62,GA1
31314,31.91,-81.62,GA1
31315,31.89,-81.61,GA1
31316,31.72,-81.73,GA1
31318,32.13,-81.38,GA1
31320,31.77,-81.36,GA1
31321,32.19,-81.66,GA1:65|GA12:35
31322,32.10,-81.26,GA1
31323,31.69,-81.46,GA1
31324,31.85,-81.27,GA1
31326,32.30,-81.22,GA1:94|GA12:6
31327,31.42,-81.29,GA1
31328,32.00,-80.89,GA1
31329,32.43,-81.35,GA12:91|GA1:9
31331,31.49,-81.42,GA1
31333,31.77,-81.63,GA1
31401,32.07,-81.09,GA1
31404,32.05,-81.05,GA1
31405,32.04,-81.18,GA1
31406,31.98,-81.09,GA1
31407,32.18,-81.20,GA1
31408,32.10,-81.18,GA1
31409,32.01,-81.15,GA1
31410,32.01,-80.99,GA1
31411,31.94,-81.03,GA1
31415,32.08,-81.13,GA1
31419,31.99,-81.24,GA1
31421,32.09,-81.08,GA1
31501,31.23,-82.35,GA1
31503,31.18,-82.40,GA1
31510,31.55,-82.43,GA1
31512,31.55,-83.02,GA8
31513,31.78,-82.35,GA1
31516,31.31,-82.25,GA1
31518,31.51,-82.19,GA1
31519,31.67,-82.87,GA8
31520,31.18,-81.49,GA1
31522,31.26,-81.34,GA1
31523,31.21,-81.62,GA1
31524,31.24,-81.47,GA1
31525,31.32,-81.53,GA1
31527,31.08,-81.42,GA1
31532,31.73,-82.75,GA8
31533,31.56,-82.83,GA8
31535,31.46,-82.87,GA8
31537,30.91,-82.26,GA1
31539,31.81,-82.60,GA8:97|GA1:3
31542,31.14,-82.12,GA1
31543,31.33,-81.87,GA1
31544,31.84,-82.96,GA8
31545,31.57,-81.99,GA1
31546,31.53,-81.79,GA1
31547,30.79,-81.54,GA1
31548,30.80,-81.71,GA1
31549,31.92,-82.73,GA8:91|GA12:9
31550,31.15,-82.60,GA1
31551,31.49,-82.27,GA1
31552,31.29,-82.60,GA1:92|GA8:8
31553,31.17,-81.98,GA1
31554,31.50,-82.62,GA8:80|GA1:20
31555,31.70,-82.07,GA1
31556,31.41,-82.12,GA1
31557,31.38,-82.10,GA1
31558,30.80,-81.51,GA1
31560,31.51,-82.03,GA1
31561,31.20,-81.33,GA1
31562,30.48,-82.10,GA1
31563,31.74,-82.18,GA1
31564,31.25,-82.47,GA1
31565,31.07,-81.64,GA1
31566,31.18,-81.81,GA1
31567,31.63,-82.71,GA8
31568,31.01,-81.82,GA1
31569,30.93,-81.74,GA1
31599,31.56,-81.90,GA1
31601,30.78,-83.33,GA8
31602,30.87,-83.34,GA8
31605,30.93,-83.22,GA8
31606,30.80,-83.18,GA8
31620,31.12,-83.43,GA8
31622,31.34,-83.10,GA8
31623,31.07,-82.64,GA8
31624,31.30,-82.73,GA8:98|GA1:2
31625,30.99,-83.52,GA8
31626,30.78,-83.80,GA2:92|GA8:8
31627,31.04,-83.39,GA8
31629,30.82,-83.69,GA8
31630,30.92,-82.86,GA8
31631,30.71,-82.64,GA8:98|GA1:2
31632,30.99,-83.35,GA8
31634,31.03,-82.73,GA8
31635,31.10,-83.05,GA8
31636,30.73,-83.11,GA8
31637,31.30,-83.44,GA8
31638,30.91,-83.51,GA8
31639,31.21,-83.19,GA8
31641,30.92,-83.09,GA8
31642,31.26,-82.88,GA8
31643,30.77,-83.56,GA8
31645,31.06,-83.22,GA8
31647,31.21,-83.43,GA8
31648,30.71,-83.01,GA8
31649,30.94,-83.01,GA8
31650,31.37,-83.02,GA8
31698,30.85,-83.29,GA8
31699,30.97,-83.19,GA8
31701,31.57,-84.15,GA2
31704,31.55,-84.06,GA2
31705,31.52,-84.04,GA2:94|GA8:6
31707,31.59,-84.21,GA2
31709,32.05,-84.15,GA2
31711,32.19,-84.12,GA2
31712,31.82,-83.72,GA8
31714,31.71,-83.68,GA8
31716,31.37,-84.11,GA2
31719,32.09,-84.31,GA2
31720,30.88,-83.72,GA2:62|GA8:38
31721,31.53,-84.30,GA2
31722,31.05,-83.61,GA8
31727,31.42,-83.39,GA8
31730,31.21,-84.28,GA2
31733,31.59,-83.49,GA8
31735,31.97,-83.97,GA2
31738,31.01,-83.88,GA2:88|GA8:12
31743,31.90,-84.01,GA2
31744,31.34,-83.90,GA8:97|GA2:3
31747,31.17,-83.58,GA8
31749,31.42,-83.33,GA8
31750,31.74,-83.22,GA8
31753,31.20,-83.87,GA8
31756,31.18,-83.96,GA8
31757,30.87,-83.90,GA2
31763,31.74,-84.15,GA2
31764,31.98,-84.09,GA2
31765,31.09,-84.03,GA2:82|GA8:18
31768,31.19,-83.84,GA8
31771,31.25,-83.65,GA8
31772,31.72,-83.96,GA8
31773,30.98,-84.05,GA2:99|GA8:1
31774,31.56,-83.26,GA8
31775,31.33,-83.60,GA8
31778,30.97,-83.70,GA2:50|GA8:50
31779,31.09,-84.19,GA2
31780,32.03,-84.39,GA2
31781,31.56,-83.80,GA8
31783,31.76,-83.47,GA8
31784,31.25,-84.05,GA2
31787,31.90,-84.25,GA2
31788,31.11,-83.68,GA8
31789,31.48,-83.73,GA8
31790,31.65,-83.58,GA8
31791,31.53,-83.89,GA8:99|GA2:1
31792,30.77,-84.04,GA2
31793,31.46,-83.58,GA8
31794,31.45,-83.45,GA8
31795,31.43,-83.64,GA8
31796,31.77,-83.88,GA8
31798,31.64,-83.05,GA8
31801,32.52,-84.59,GA2
31803,32.31,-84.51,GA2
31804,32.66,-84.88,GA3
31805,32.26,-84.74,GA2
31806,32.26,-84.30,GA2
31807,32.64,-84.80,GA3
31808,32.63,-85.01,GA3:75|GA2:25
31810,32.57,-84.52,GA2
31811,32.74,-84.94,GA3
31812,32.63,-84.43,GA2
31814,32.20,-84.86,GA2
31815,32.04,-84.86,GA2
31816,32.88,-84.60,GA3:95|GA2:5
31820,32.58,-84.83,GA2:80|GA3:20
31821,32.14,-84.99,GA2
31822,32.86,-84.91,GA3
31823,32.80,-84.81,GA3
31824,32.06,-84.52,GA2
31825,32.12,-84.67,GA2
31826,32.80,-84.70,GA3:58|GA2:42
31827,32.70,-84.50,GA2
31829,32.57,-84.73,GA2:75|GA3:25
31830,32.90,-84.73,GA3
31831,32.67,-84.70,GA3:88|GA2:12
31832,31.96,-84.61,GA2
31833,32.84,-85.09,GA3
31836,32.80,-84.54,GA2
31901,32.46,-84.98,GA2:93|GA3:7
31903,32.41,-84.95,GA2
31904,32.55,-85.01,GA3:58|GA2:42
31905,32.38,-84.84,GA2
31906,32.47,-84.95,GA2:97|GA3:3
31907,32.48,-84.90,GA2
31909,32.55,-84.92,GA2:77|GA3:23
32003,30.10,-81.71,FL4
32008,29.92,-82.91,FL3
32009,30.42,-81.97,FL4
32011,30.57,-81.84,FL4
32013,30.19,-83.29,FL3:80|FL2:20
32024,30.10,-82.73,FL3
32025,30.10,-82.57,FL3
32026,30.06,-82.19,FL3
32033,29.79,-81.45,FL6
32034,30.60,-81.48,FL4
32038,29.94,-82.69,FL3
32040,30.25,-82.24,FL3
32043,29.93,-81.72,FL4:99|FL6:1
32044,29.86,-82.16,FL3
32046,30.70,-81.92,FL4
32052,30.49,-82.94,FL3
32053,30.57,-83.15,FL3
32054,30.03,-82.39,FL3
32055,30.27,-82.62,FL3
32058,30.11,-82.10,FL3:98|FL4:2
32059,30.38,-83.26,FL2
32060,30.27,-83.04,FL3
32061,30.08,-82.52,FL3
32062,30.14,-82.98,FL3
32063,30.27,-82.12,FL3
32064,30.29,-82.99,FL3
32065,30.18,-81.87,FL4
32066,30.04,-83.21,FL3:75|FL2:25
32068,30.08,-81.88,FL4
32071,30.06,-82.96,FL3
32072,30.18,-82.42,FL3
32073,30.17,-81.74,FL4
32079,29.98,-81.81,FL4
32080,29.82,-81.27,FL5:69|FL6:31
32081,30.12,-81.43,FL5
32082,30.11,-81.37,FL5
32083,30.11,-82.23,FL3
32084,29.91,-81.37,FL5
32086,29.74,-81.30,FL6:69|FL5:31
32087,30.36,-82.30,FL3
32091,29.93,-82.11,FL3:98|FL4:2
32092,29.93,-81.52,FL5:99|FL6:1
32094,30.19,-82.82,FL3
32095,30.04,-81.45,FL5
32096,30.53,-82.63,FL3
32097,30.66,-81.65,FL4
32102,29.13,-81.52,FL6
32110,29.45,-81.35,FL6
32112,29.42,-81.56,FL6
32113,29.41,-82.09,FL6:60|FL3:40
32114,29.19,-81.05,FL6
32117,29.23,-81.07,FL6
32118,29.21,-81.00,FL6:67|FL7:33
32119,29.16,-81.03,FL6
32124,29.16,-81.18,FL6
32127,29.11,-80.98,FL7
32128,29.10,-81.07,FL7
32129,29.14,-81.02,FL7:95|FL6:5
32130,29.15,-81.34,FL6
32131,29.68,-81.56,FL6
32132,28.98,-80.92,FL7
32133,29.01,-81.91,FL6
32134,29.38,-81.83,FL6
32136,29.46,-81.15,FL6
32137,29.58,-81.22,FL6
32139,29.38,-81.61,FL6
32140,29.76,-81.87,FL6:98|FL4:2
32141,28.93,-80.92,FL7
32145,29.68,-81.42,FL6
32147,29.65,-81.79,FL6
32148,29.60,-81.88,FL6
32157,29.46,-81.59,FL6
32159,28.92,-81.90,FL6:72|FL11:28
32162,28.92,-82.00,FL11:84|FL6:16
32163,28.84,-81.96,FL11
32164,29.48,-81.22,FL6
32168,29.00,-81.01,FL7
32169,28.98,-80.87,FL7
32174,29.29,-81.16,FL6
32176,29.34,-81.06,FL6
32177,29.70,-81.70,FL6
32179,29.11,-81.91,FL6
32180,29.24,-81.44,FL6
32181,29.51,-81.61,FL6
32182,29.51,-81.94,FL6
32187,29.57,-81.54,FL6
32189,29.55,-81.65,FL6
32190,29.34,-81.49,FL6
32192,29.35,-82.11,FL6
32193,29.48,-81.66,FL6
32195,28.99,-81.89,FL6
32202,30.32,-81.65,FL4
32203,30.34,-81.67,FL4
32204,30.32,-81.68,FL4
32205,30.30,-81.72,FL4
32206,30.35,-81.64,FL4
32207,30.29,-81.64,FL5
32208,30.39,-81.68,FL4
32209,30.36,-81.70,FL4
32210,30.27,-81.75,FL4
32211,30.33,-81.58,FL5:94|FL4:6
32212,30.22,-81.67,FL4
32214,30.21,-81.68,FL4
32216,30.28,-81.58,FL5
32217,30.23,-81.62,FL5
32218,30.49,-81.67,FL4
32219,30.43,-81.82,FL4
32220,30.34,-81.86,FL4
32221,30.26,-81.88,FL4
32222,30.21,-81.83,FL4
32223,30.16,-81.65,FL5
32224,30.27,-81.46,FL5
32225,30.36,-81.51,FL5
32226,30.48,-81.51,FL4
32227,30.39,-81.40,FL5
32228,30.39,-81.40,FL5
32233,30.36,-81.42,FL5
32234,30.23,-82.00,FL4:97|FL3:3
32244,30.22,-81.75,FL4
32246,30.29,-81.51,FL5
32250,30.28,-81.41,FL5
32254,30.34,-81.73,FL4
32256,30.20,-81.50,FL5
32257,30.19,-81.61,FL5
32258,30.14,-81.55,FL5
32259,30.07,-81.59,FL5
32266,30.32,-81.41,FL5
32277,30.38,-81.59,FL5:53|FL4:47
32301,30.43,-84.26,FL2
32303,30.51,-84.34,FL2
32304,30.45,-84.35,FL2
32305,30.35,-84.30,FL2
32306,30.44,-84.29,FL2
32307,30.42,-84.29,FL2
32308,30.48,-84.22,FL2
32309,30.58,-84.10,FL2
32310,30.43,-84.39,FL2
32311,30.39,-84.18,FL2
32312,30.60,-84.24,FL2
32313,30.44,-84.30,FL2
32317,30.47,-84.12,FL2
32320,29.73,-85.05,FL2
32321,30.26,-85.00,FL2
32322,29.86,-84.63,FL2
32323,29.89,-84.61,FL2
32324,30.65,-84.78,FL2
32327,30.18,-84.30,FL2
32328,29.80,-84.90,FL2
32330,30.58,-84.75,FL2
32331,30.45,-83.57,FL2
32332,30.61,-84.67,FL2
32333,30.61,-84.42,FL2
32334,30.26,-84.76,FL2
32336,30.26,-83.87,FL2
32337,30.48,-84.02,FL2
32340,30.45,-83.43,FL2
32343,30.48,-84.50,FL2
32344,30.44,-83.93,FL2
32346,29.98,-84.38,FL2
32347,30.15,-83.64,FL2
32348,29.94,-83.56,FL2
32350,30.57,-83.33,FL2
32351,30.52,-84.68,FL2
32352,30.66,-84.59,FL2
32355,30.17,-84.21,FL2
32356,29.86,-83.42,FL2
32358,30.09,-84.54,FL2
32359,29.65,-83.38,FL2:70|FL3:30
32360,30.36,-84.81,FL2
32361,30.36,-83.99,FL2
32399,30.38,-84.23,FL2
32401,30.16,-85.64,FL2
32403,30.05,-85.55,FL2
32404,30.18,-85.51,FL2
32405,30.20,-85.67,FL2
32407,30.20,-85.79,FL2
32408,30.16,-85.75,FL2
32409,30.34,-85.71,FL2
32410,29.95,-85.43,FL2
32413,30.31,-85.88,FL2
32420,30.64,-85.38,FL2
32421,30.52,-85.21,FL2
32423,30.94,-85.05,FL2
32424,30.39,-85.08,FL2
32425,30.85,-85.72,FL2
32426,30.95,-85.37,FL2
32427,30.71,-85.79,FL2
32428,30.62,-85.57,FL2
32430,30.42,-85.23,FL2
32431,30.78,-85.41,FL2
32432,30.71,-85.08,FL2
32433,30.85,-86.20,FL1:53|FL2:47
32435,30.65,-86.13,FL2:69|FL1:31
32437,30.44,-85.91,FL2
32438,30.51,-85.41,FL2
32439,30.48,-86.13,FL1:79|FL2:21
32440,30.92,-85.53,FL2
32442,30.67,-85.00,FL2
32443,30.87,-85.11,FL2
32444,30.24,-85.65,FL2
32445,30.97,-85.20,FL2
32446,30.85,-85.23,FL2
32448,30.67,-85.22,FL2
32449,30.27,-85.22,FL2
32455,30.64,-85.96,FL2
32456,29.81,-85.31,FL2
32459,30.36,-86.19,FL1:73|FL2:27
32460,30.76,-84.95,FL2
32461,30.31,-86.05,FL2
32462,30.56,-85.82,FL2
32463,30.63,-85.59,FL2
32464,30.88,-85.96,FL2
32465,30.00,-85.19,FL2
32466,30.40,-85.47,FL2
32501,30.43,-87.22,FL1
32502,30.41,-87.23,FL1
32503,30.46,-87.21,FL1
32504,30.47,-87.19,FL1
32505,30.45,-87.26,FL1
32506,30.39,-87.37,FL1
32507,30.34,-87.38,FL1
32508,30.35,-87.32,FL1
32509,30.47,-87.34,FL1
32511,30.41,-87.29,FL1
32512,30.40,-87.30,FL1
32514,30.53,-87.22,FL1
32526,30.50,-87.36,FL1
32530,30.60,-87.02,FL1
32531,30.90,-86.69,FL1
32533,30.61,-87.32,FL1
32534,30.53,-87.29,FL1
32535,30.96,-87.35,FL1
32536,30.75,-86.60,FL1
32539,30.78,-86.48,FL1
32541,30.40,-86.48,FL1
32542,30.51,-86.54,FL1
32544,30.43,-86.72,FL1
32547,30.46,-86.65,FL1
32548,30.41,-86.59,FL1
32550,30.38,-86.35,FL1
32561,30.34,-87.12,FL1
32563,30.39,-87.02,FL1
32564,30.73,-86.78,FL1
32565,30.89,-87.15,FL1
32566,30.43,-86.89,FL1
32567,30.92,-86.43,FL1
32568,30.88,-87.47,FL1
32569,30.41,-86.73,FL1
32570,30.79,-86.98,FL1
32571,30.67,-87.20,FL1
32577,30.74,-87.38,FL1
32578,30.51,-86.45,FL1
32579,30.45,-86.57,FL1
32580,30.51,-86.51,FL1
32583,30.60,-86.97,FL1
32601,29.65,-82.33,FL3
32603,29.65,-82.35,FL3
32605,29.68,-82.37,FL3
32606,29.68,-82.44,FL3
32607,29.65,-82.42,FL3
32608,29.59,-82.40,FL3
32609,29.77,-82.28,FL3
32610,29.64,-82.34,FL3
32612,29.64,-82.36,FL3
32615,29.82,-82.49,FL3
32616,29.78,-82.50,FL3
32617,29.31,-82.07,FL6
32618,29.54,-82.52,FL3
32619,29.76,-82.87,FL3
32621,29.43,-82.63,FL3
32622,29.90,-82.31,FL3
32625,29.23,-82.98,FL3
32626,29.42,-82.90,FL3
32628,29.65,-83.16,FL3
32631,29.73,-82.11,FL3
32634,29.36,-82.25,FL3
32639,29.23,-82.72,FL3
32640,29.56,-82.07,FL6:56|FL3:44
32641,29.65,-82.24,FL3
32643,29.82,-82.64,FL3
32648,29.50,-83.24,FL3
32653,29.74,-82.40,FL3
32656,29.83,-81.95,FL4:90|FL3:10
32658,29.85,-82.42,FL3
32664,29.45,-82.22,FL3
32666,29.71,-81.99,FL6:47|FL3:31|FL4:22
32667,29.49,-82.30,FL3
32668,29.26,-82.48,FL3
32669,29.63,-82.59,FL3
32680,29.57,-83.07,FL3
32681,29.43,-82.22,FL3
32683,29.27,-82.77,FL3
32686,29.36,-82.28,FL3
32692,29.33,-83.17,FL3
32693,29.63,-82.79,FL3
32694,29.81,-82.14,FL3
32696,29.40,-82.47,FL3
32697,29.93,-82.43,FL3
32701,28.67,-81.37,FL7
32702,29.06,-81.62,FL6
32703,28.65,-81.52,FL10:55|FL11:24|FL7:21
32707,28.66,-81.31,FL7
32708,28.70,-81.27,FL7
32709,28.50,-80.96,FL8
32712,28.74,-81.55,FL11
32713,28.88,-81.32,FL7
32714,28.66,-81.41,FL7
32720,29.03,-81.37,FL6:99|FL7:1
32723,29.03,-81.30,FL6
32724,29.06,-81.23,FL6
32725,28.89,-81.25,FL7
32726,28.85,-81.68,FL6
32730,28.65,-81.34,FL7
32732,28.75,-81.10,FL7
32735,28.89,-81.74,FL6
32736,28.92,-81.49,FL6
32738,28.90,-81.19,FL7
32744,28.99,-81.22,FL7
32746,28.77,-81.35,FL7
32750,28.71,-81.35,FL7
32751,28.63,-81.37,FL10:72|FL7:28
32754,28.69,-80.92,FL8:95|FL7:5
32757,28.78,-81.63,FL6:79|FL11:21
32759,28.82,-80.90,FL7
32763,28.94,-81.31,FL7
32764,28.84,-81.06,FL7
32765,28.67,-81.20,FL7
32766,28.65,-81.05,FL7
32767,29.03,-81.53,FL6
32768,28.70,-81.56,FL11
32771,28.81,-81.32,FL7
32773,28.75,-81.25,FL7
32775,28.77,-80.88,FL8
32776,28.80,-81.48,FL11:54|FL6:46
32778,28.77,-81.73,FL11
32779,28.73,-81.41,FL7
32780,28.53,-80.78,FL8
32784,28.97,-81.71,FL6
32789,28.60,-81.35,FL10
32792,28.61,-81.30,FL10:57|FL7:43
32796,28.63,-80.85,FL8
32798,28.72,-81.57,FL11
32801,28.54,-81.37,FL10
32803,28.56,-81.35,FL10
32804,28.58,-81.39,FL10
32805,28.53,-81.41,FL10
32806,28.51,-81.36,FL10
32807,28.55,-81.30,FL10
32808,28.58,-81.44,FL10
32809,28.46,-81.39,FL10:47|FL11:38|FL9:15
32810,28.62,-81.43,FL10
32811,28.52,-81.45,FL10
32812,28.48,-81.32,FL10:78|FL9:22
32814,28.57,-81.33,FL10
32816,28.60,-81.20,FL8
32817,28.59,-81.24,FL10:81|FL8:19
32818,28.59,-81.49,FL10
32819,28.45,-81.47,FL11:77|FL10:23
32820,28.58,-81.14,FL8
32821,28.38,-81.48,FL11
32822,28.49,-81.29,FL10:86|FL9:14
32824,28.39,-81.34,FL9:88|FL11:12
32825,28.54,-81.24,FL10:71|FL8:29
32826,28.58,-81.19,FL8:92|FL10:8
32827,28.43,-81.32,FL9
32828,28.53,-81.17,FL8
32829,28.47,-81.20,FL10:81|FL8:19
32830,28.39,-81.57,FL11
32831,28.49,-81.15,FL8
32832,28.40,-81.18,FL9
32833,28.49,-81.08,FL8
32835,28.52,-81.49,FL10:92|FL11:8
32836,28.41,-81.52,FL11
32837,28.38,-81.41,FL11
32839,28.49,-81.41,FL10
32899,28.57,-80.63,FL8
32901,28.08,-80.62,FL8
32903,28.10,-80.58,FL8
32904,28.03,-80.82,FL8
32905,28.03,-80.60,FL8
32907,28.02,-80.68,FL8
32908,27.96,-80.70,FL8
32909,27.90,-80.66,FL8
32920,28.44,-80.59,FL8
32922,28.37,-80.74,FL8
32925,28.25,-80.61,FL8
32926,28.40,-80.82,FL8
32927,28.46,-80.81,FL8
32931,28.32,-80.63,FL8
32934,28.13,-80.71,FL8
32935,28.15,-80.65,FL8
32937,28.18,-80.61,FL8
32940,28.21,-80.75,FL8
32948,27.76,-80.63,FL9
32949,27.91,-80.56,FL8
32950,27.98,-80.57,FL8
32951,27.94,-80.50,FL8
32952,28.32,-80.66,FL8
32953,28.46,-80.69,FL8
32955,28.29,-80.79,FL8
32958,27.79,-80.49,FL9
32959,28.45,-80.76,FL8
32960,27.64,-80.40,FL9
32962,27.58,-80.38,FL9
32963,27.72,-80.39,FL9
32966,27.69,-80.72,FL9
32967,27.72,-80.45,FL9
32968,27.59,-80.51,FL9
32970,27.75,-80.45,FL9
32976,27.85,-80.55,FL8
33001,24.84,-80.80,FL28
33004,26.06,-80.14,FL25:56|FL24:44
33009,25.98,-80.15,FL25:66|FL24:34
33010,25.83,-80.28,FL26
33012,25.87,-80.30,FL26
33013,25.86,-80.27,FL26
33014,25.90,-80.30,FL26:96|FL24:4
33015,25.94,-80.32,FL26
33016,25.89,-80.33,FL26
33018,25.91,-80.39,FL26
33019,26.03,-80.12,FL25
33020,26.02,-80.15,FL24:80|FL25:20
33021,26.02,-80.19,FL24:74|FL25:26
33022,26.01,-80.14,FL24
33023,25.99,-80.21,FL24
33024,26.03,-80.24,FL26:61|FL24:39
33025,25.99,-80.28,FL24:50|FL26:50
33026,26.03,-80.30,FL26
33027,25.99,-80.34,FL26
33028,26.01,-80.34,FL26
33029,25.99,-80.39,FL26
33030,25.49,-80.51,FL28
33031,25.52,-80.50,FL28
33032,25.53,-80.39,FL28
33033,25.48,-80.41,FL28
33034,25.44,-80.72,FL28
33035,25.41,-80.39,FL28
33036,24.90,-80.70,FL28
33037,25.23,-80.41,FL28
33039,25.50,-80.40,FL28
33040,24.54,-81.92,FL28
33042,24.67,-81.50,FL28
33043,24.67,-81.25,FL28
33050,24.75,-80.99,FL28
33051,24.72,-81.02,FL28
33054,25.91,-80.26,FL24
33055,25.95,-80.28,FL24:52|FL26:48
33056,25.95,-80.24,FL24
33060,26.23,-80.12,FL25:59|FL20:41
33062,26.24,-80.09,FL25
33063,26.25,-80.21,FL20
33064,26.28,-80.12,FL20:56|FL25:44
33065,26.27,-80.26,FL22:59|FL20:41
33066,26.25,-80.17,FL20
33067,26.31,-80.23,FL22
33068,26.22,-80.21,FL20
33069,26.24,-80.16,FL20
33070,25.01,-80.53,FL28
33071,26.25,-80.27,FL20
33073,26.30,-80.18,FL22
33076,26.32,-80.28,FL22
33101,25.78,-80.20,FL27
33109,25.76,-80.13,FL25
33122,25.81,-80.32,FL26
33125,25.78,-80.24,FL27:63|FL24:37
33126,25.78,-80.30,FL27
33127,25.81,-80.20,FL24
33128,25.78,-80.20,FL27
33129,25.75,-80.20,FL27
33130,25.77,-80.20,FL27
33131,25.77,-80.18,FL27
33132,25.78,-80.17,FL24:55|FL27:45
33133,25.73,-80.23,FL27
33134,25.75,-80.27,FL27
33135,25.77,-80.24,FL27
33136,25.79,-80.21,FL27:64|FL24:36
33137,25.81,-80.17,FL24
33138,25.85,-80.18,FL24
33139,25.78,-80.15,FL25:98|FL24:2
33140,25.82,-80.14,FL25
33141,25.85,-80.14,FL25
33142,25.81,-80.26,FL24:91|FL26:9
33143,25.70,-80.30,FL27
33144,25.76,-80.31,FL27
33145,25.75,-80.23,FL27
33146,25.72,-80.27,FL27
33147,25.85,-80.24,FL24
33149,25.71,-80.16,FL27
33150,25.85,-80.21,FL24
33154,25.89,-80.13,FL25
33155,25.74,-80.31,FL27
33156,25.67,-80.30,FL27
33157,25.61,-80.34,FL27:84|FL28:16
33158,25.64,-80.31,FL27
33160,25.93,-80.14,FL25
33161,25.89,-80.18,FL24
33162,25.93,-80.18,FL24:55|FL25:45
33165,25.73,-80.36,FL27:77|FL28:23
33166,25.82,-80.31,FL26
33167,25.88,-80.24,FL24
33168,25.89,-80.21,FL24
33169,25.94,-80.21,FL24
33170,25.56,-80.45,FL28
33172,25.79,-80.36,FL27:66|FL28:28|FL26:6
33173,25.70,-80.36,FL27
33174,25.76,-80.36,FL27:54|FL28:46
33175,25.74,-80.41,FL28
33176,25.66,-80.36,FL27
33177,25.60,-80.41,FL28
33178,25.84,-80.42,FL26
33179,25.96,-80.18,FL24:68|FL25:32
33180,25.97,-80.14,FL25
33181,25.90,-80.15,FL25:59|FL24:41
33182,25.78,-80.40,FL28
33183,25.70,-80.40,FL28
33184,25.76,-80.41,FL28
33185,25.74,-80.47,FL28
33186,25.65,-80.41,FL28
33187,25.55,-80.60,FL28
33189,25.57,-80.34,FL27:87|FL28:13
33190,25.56,-80.35,FL27:89|FL28:11
33193,25.71,-80.47,FL28
33194,25.71,-80.59,FL28
33196,25.65,-80.55,FL28
33301,26.12,-80.13,FL20:62|FL25:38
33304,26.14,-80.12,FL20:73|FL25:27
33305,26.15,-80.12,FL20:68|FL25:32
33306,26.17,-80.11,FL25:70|FL20:30
33308,26.19,-80.10,FL25:96|FL20:4
33309,26.19,-80.17,FL20
33311,26.14,-80.17,FL20
33312,26.09,-80.18,FL25:56|FL20:44
33313,26.15,-80.23,FL20
33314,26.07,-80.22,FL22:60|FL26:21|FL25:19
33315,26.09,-80.15,FL25:74|FL20:26
33316,26.10,-80.12,FL25
33317,26.11,-80.23,FL20:50|FL22:29|FL25:21
33319,26.18,-80.23,FL20
33321,26.21,-80.27,FL20
33322,26.15,-80.28,FL20
33323,26.15,-80.32,FL22
33324,26.11,-80.27,FL22:65|FL20:35
33325,26.11,-80.32,FL22
33326,26.11,-80.37,FL22
33327,26.23,-80.37,FL22
33328,26.07,-80.28,FL26:52|FL22:48
33330,26.06,-80.33,FL26:61|FL22:39
33331,26.06,-80.37,FL22:53|FL26:47
33332,26.01,-80.46,FL22:60|FL26:40
33334,26.18,-80.13,FL20:98|FL25:2
33351,26.18,-80.28,FL20
33388,26.12,-80.25,FL22
33401,26.72,-80.07,FL23
33403,26.80,-80.08,FL21:98|FL23:2
33404,26.78,-80.06,FL23:80|FL21:20
33405,26.67,-80.06,FL23
33406,26.66,-80.09,FL23
33407,26.76,-80.09,FL23
33408,26.84,-80.05,FL21
33409,26.72,-80.10,FL23
33410,26.85,-80.09,FL21
33411,26.72,-80.20,FL21:51|FL22:49
33412,26.80,-80.22,FL21
33413,26.66,-80.15,FL23:85|FL21:10|FL22:6
33414,26.65,-80.25,FL22
33415,26.66,-80.13,FL23
33417,26.72,-80.12,FL23
33418,26.87,-80.17,FL21
33426,26.53,-80.08,FL23
33428,26.35,-80.23,FL22:58|FL25:42
33430,26.59,-80.57,FL22
33431,26.37,-80.11,FL25
33432,26.34,-80.08,FL25
33433,26.35,-80.16,FL25
33434,26.38,-80.17,FL25
33435,26.53,-80.06,FL23
33436,26.52,-80.11,FL23
33437,26.51,-80.15,FL23
33438,26.98,-80.52,FL22:93|FL21:7
33440,26.54,-81.04,FL22
33441,26.31,-80.10,FL25:54|FL20:46
33442,26.31,-80.14,FL25:80|FL20:20
33444,26.46,-80.08,FL23:80|FL25:20
33445,26.46,-80.11,FL23:70|FL25:30
33446,26.46,-80.18,FL23:66|FL25:33|FL22:2
33449,26.59,-80.23,FL22
33455,27.05,-80.16,FL21
33458,26.94,-80.13,FL21
33460,26.62,-80.06,FL23
33461,26.62,-80.09,FL23
33462,26.58,-80.07,FL23
33463,26.59,-80.13,FL23
33467,26.59,-80.18,FL23:74|FL22:26
33469,26.99,-80.11,FL21
33470,26.78,-80.38,FL21:55|FL22:45
33471,26.92,-81.20,FL9
33472,26.54,-80.19,FL23:99|FL22:1
33473,26.50,-80.19,FL23
33476,26.80,-80.65,FL22
33477,26.92,-80.08,FL21
33478,26.94,-80.26,FL21
33480,26.69,-80.04,FL23
33483,26.46,-80.06,FL25:81|FL23:19
33484,26.45,-80.13,FL23:98|FL25:2
33486,26.35,-80.11,FL25
33487,26.41,-80.09,FL25
33493,26.48,-80.71,FL22
33496,26.41,-80.17,FL25
33498,26.40,-80.22,FL22
33503,27.76,-82.28,FL14
33510,27.96,-82.30,FL14
33511,27.91,-82.30,FL14
33513,28.66,-82.17,FL11
33514,28.66,-82.00,FL11
33521,28.80,-82.08,FL11
33523,28.42,-82.27,FL15:95|FL12:5
33525,28.33,-82.18,FL15:96|FL12:4
33527,27.97,-82.21,FL14
33530,27.91,-82.17,FL14
33534,27.82,-82.37,FL14
33538,28.85,-82.19,FL11
33540,28.26,-82.13,FL15
33541,28.23,-82.22,FL15
33542,28.24,-82.18,FL15
33543,28.21,-82.32,FL15
33544,28.25,-82.37,FL12
33545,28.27,-82.29,FL15
33547,27.79,-82.14,FL14
33548,28.15,-82.48,FL12
33549,28.14,-82.45,FL12
33550,27.98,-82.31,FL14
33556,28.16,-82.63,FL12
33558,28.16,-82.51,FL12
33559,28.16,-82.42,FL12:68|FL15:32
33563,28.02,-82.13,FL14
33565,28.09,-82.15,FL14:73|FL15:27
33566,27.98,-82.10,FL14
33567,27.92,-82.12,FL14
33569,27.85,-82.29,FL14
33570,27.69,-82.46,FL14
33572,27.77,-82.40,FL14
33573,27.72,-82.36,FL14
33574,28.34,-82.26,FL15
33576,28.31,-82.30,FL12:57|FL15:43
33578,27.86,-82.36,FL14:86|FL15:14
33579,27.80,-82.28,FL14
33584,28.01,-82.29,FL14:89|FL15:11
33585,28.74,-82.03,FL11
33592,28.10,-82.28,FL15:69|FL14:31
33594,27.94,-82.24,FL14
33596,27.89,-82.23,FL14
33597,28.54,-82.09,FL11:79|FL15:21
33598,27.69,-82.28,FL14:99|FL16:1
33602,27.95,-82.46,FL12:50|FL14:50
33603,27.99,-82.46,FL12
33604,28.02,-82.46,FL12:92|FL15:8
33605,27.95,-82.43,FL15:67|FL12:22|FL14:11
33606,27.94,-82.47,FL14:69|FL12:31
33607,27.97,-82.52,FL14:57|FL12:43
33609,27.94,-82.52,FL14:99|FL12:1
33610,28.00,-82.38,FL15:89|FL14:11
33611,27.89,-82.51,FL14
33612,28.05,-82.45,FL12:97|FL15:3
33613,28.08,-82.45,FL12:65|FL15:35
33614,28.00,-82.51,FL12:90|FL14:10
33615,28.00,-82.58,FL14:88|FL12:12
33616,27.86,-82.54,FL14
33617,28.04,-82.39,FL15
33618,28.08,-82.50,FL12
33619,27.94,-82.38,FL15:83|FL14:17
33620,28.06,-82.41,FL15
33621,27.85,-82.51,FL14
33624,28.08,-82.53,FL12
33625,28.07,-82.56,FL12
33626,28.06,-82.61,FL12
33629,27.92,-82.51,FL14
33634,28.01,-82.55,FL14:83|FL12:17
33635,28.02,-82.62,FL12:83|FL14:17
33637,28.05,-82.36,FL15
33647,28.15,-82.32,FL15
33701,27.77,-82.63,FL16
33702,27.85,-82.63,FL13
33703,27.82,-82.62,FL13
33704,27.80,-82.63,FL13:72|FL16:28
33705,27.74,-82.64,FL16
33706,27.74,-82.75,FL16
33707,27.74,-82.72,FL16
33708,27.82,-82.80,FL16
33709,27.82,-82.73,FL16:53|FL13:47
33710,27.79,-82.73,FL16
33711,27.74,-82.69,FL16
33712,27.74,-82.67,FL16
33713,27.79,-82.68,FL16:85|FL13:15
33714,27.82,-82.68,FL13:84|FL16:16
33715,27.66,-82.72,FL16
33716,27.88,-82.65,FL13
33744,27.81,-82.77,FL16
33755,27.98,-82.78,FL13
33756,27.95,-82.79,FL13
33759,27.98,-82.71,FL13
33760,27.91,-82.71,FL13
33761,28.03,-82.72,FL13
33762,27.91,-82.68,FL13
33763,28.00,-82.74,FL13
33764,27.94,-82.74,FL13
33765,27.97,-82.75,FL13
33767,27.97,-82.82,FL13
33770,27.91,-82.80,FL13
33771,27.91,-82.76,FL13
33772,27.84,-82.80,FL13:55|FL16:45
33773,27.88,-82.76,FL13
33774,27.88,-82.83,FL13
33776,27.85,-82.83,FL13
33777,27.85,-82.76,FL13:88|FL16:12
33778,27.89,-82.80,FL13
33781,27.84,-82.71,FL13
33782,27.86,-82.71,FL13
33785,27.89,-82.85,FL13
33786,27.93,-82.83,FL13
33801,28.04,-81.90,FL18
33803,28.01,-81.94,FL18
33805,28.10,-81.92,FL18
33809,28.20,-81.96,FL18
33810,28.13,-82.04,FL18:99|FL15:1
33811,27.98,-82.02,FL18
33812,27.97,-81.89,FL18
33813,27.95,-81.93,FL18
33815,28.04,-82.00,FL18
33823,28.09,-81.81,FL18
33825,27.62,-81.46,FL9
33827,27.82,-81.52,FL18:95|FL9:5
33830,27.88,-81.81,FL18:99|FL16:1
33834,27.63,-81.91,FL16
33835,27.79,-81.97,FL16
33837,28.19,-81.59,FL18
33838,28.02,-81.61,FL18
33839,27.97,-81.76,FL18
33840,28.01,-81.91,FL18
33841,27.74,-81.77,FL16:96|FL18:4
33843,27.73,-81.51,FL9:62|FL16:32|FL18:6
33844,28.09,-81.59,FL18
33847,27.80,-81.82,FL16:83|FL18:17
33848,28.28,-81.51,FL18:66|FL9:34
33849,28.23,-82.07,FL18:92|FL15:8
33850,28.12,-81.73,FL18
33851,28.04,-81.63,FL18
33852,27.26,-81.38,FL9
33853,27.90,-81.59,FL18
33854,27.86,-81.41,FL9
33855,27.79,-81.36,FL9
33856,27.86,-81.43,FL18
33857,27.36,-81.17,FL9
33858,28.25,-81.56,FL18
33859,27.89,-81.63,FL18
33860,27.82,-82.01,FL18:93|FL16:7
33865,27.43,-81.96,FL16
33867,27.78,-81.20,FL9
33868,28.27,-81.85,FL18
33870,27.50,-81.37,FL9
33872,27.51,-81.55,FL9
33873,27.57,-81.78,FL16
33875,27.42,-81.50,FL9
33876,27.43,-81.34,FL9
33877,27.98,-81.62,FL18
33880,27.99,-81.77,FL18
33881,28.05,-81.70,FL18
33884,27.98,-81.68,FL18
33890,27.46,-81.72,FL16
33896,28.25,-81.58,FL18
33897,28.28,-81.70,FL18
33898,27.88,-81.32,FL18:89|FL9:11
33901,26.62,-81.88,FL17
33903,26.68,-81.91,FL19:83|FL17:17
33904,26.58,-81.94,FL19
33905,26.67,-81.76,FL17
33907,26.56,-81.87,FL19:80|FL17:20
33908,26.51,-81.97,FL19
33909,26.72,-81.97,FL19
33912,26.53,-81.83,FL19:87|FL17:13
33913,26.51,-81.70,FL17:78|FL19:22
33914,26.56,-82.02,FL19
33916,26.64,-81.84,FL17
33917,26.75,-81.85,FL17
33919,26.56,-81.90,FL19:94|FL17:6
33920,26.74,-81.64,FL17:91|FL19:9
33921,26.77,-82.25,FL19:76|FL17:24
33922,26.67,-82.15,FL19
33924,26.52,-82.19,FL19
33928,26.44,-81.70,FL19
33930,26.57,-81.41,FL22
33931,26.43,-81.91,FL19
33935,26.76,-81.42,FL22:86|FL9:14
33936,26.62,-81.56,FL19:99|FL22:1
33944,26.95,-81.42,FL9
33946,26.85,-82.26,FL17
33947,26.88,-82.28,FL17
33948,26.99,-82.15,FL17
33950,26.92,-82.04,FL17
33952,26.99,-82.10,FL17
33953,27.00,-82.21,FL17
33954,27.02,-82.12,FL17
33955,26.82,-81.99,FL17:80|FL19:20
33956,26.54,-82.12,FL19
33957,26.46,-82.10,FL19
33960,27.08,-81.41,FL9
33965,26.46,-81.77,FL19
33966,26.58,-81.84,FL19:52|FL17:48
33967,26.47,-81.81,FL19
33971,26.64,-81.70,FL17:62|FL19:38
33972,26.65,-81.62,FL19
33973,26.60,-81.73,FL17
33974,26.56,-81.60,FL19
33976,26.59,-81.69,FL19
33980,26.98,-82.05,FL17
33981,26.88,-82.21,FL17
33982,26.86,-81.66,FL17
33983,27.01,-82.01,FL17
33990,26.63,-81.95,FL19
33991,26.63,-82.01,FL19
33993,26.67,-82.05,FL19
34101,26.05,-81.78,FL22
34102,26.14,-81.80,FL19:99|FL22:1
34103,26.19,-81.80,FL19
34104,26.15,-81.74,FL19
34105,26.19,-81.76,FL19
34108,26.25,-81.81,FL19
34109,26.24,-81.76,FL19
34110,26.30,-81.79,FL19
34112,26.12,-81.74,FL22:88|FL19:12
34113,26.04,-81.73,FL22
34114,25.95,-81.57,FL22
34116,26.19,-81.71,FL19
34117,26.12,-81.55,FL22
34119,26.26,-81.72,FL19
34120,26.31,-81.58,FL22
34134,26.36,-81.83,FL19
34135,26.37,-81.74,FL19
34137,26.07,-81.39,FL22
34138,25.82,-81.36,FL22
34139,25.85,-81.39,FL22
34140,25.93,-81.66,FL22
34141,26.02,-81.08,FL22:62|FL28:38
34142,26.31,-81.29,FL22
34145,25.91,-81.70,FL22
34201,27.40,-82.47,FL16
34202,27.40,-82.39,FL16
34203,27.44,-82.51,FL16
34205,27.48,-82.58,FL16
34207,27.44,-82.58,FL16
34208,27.49,-82.52,FL16
34209,27.50,-82.65,FL16
34210,27.44,-82.63,FL16
34211,27.45,-82.38,FL16
34212,27.49,-82.41,FL16
34215,27.47,-82.68,FL16
34216,27.53,-82.74,FL16
34217,27.49,-82.70,FL16
34219,27.58,-82.26,FL16
34221,27.58,-82.55,FL16
34222,27.54,-82.51,FL16
34223,26.98,-82.34,FL17
34224,26.92,-82.31,FL17
34228,27.40,-82.64,FL17:63|FL16:37
34229,27.19,-82.48,FL17
34231,27.27,-82.52,FL17
34232,27.33,-82.47,FL17
34233,27.28,-82.48,FL17
34234,27.37,-82.56,FL17
34235,27.37,-82.48,FL17
34236,27.33,-82.56,FL17
34237,27.34,-82.51,FL17
34238,27.24,-82.47,FL17
34239,27.31,-82.52,FL17
34240,27.34,-82.35,FL16
34241,27.28,-82.38,FL16
34242,27.26,-82.54,FL17
34243,27.40,-82.53,FL16:84|FL17:16
34250,27.58,-82.59,FL16
34251,27.38,-82.17,FL16
34266,27.20,-81.80,FL16
34267,27.09,-81.95,FL16
34268,27.13,-81.93,FL16
34269,27.09,-81.96,FL16
34275,27.14,-82.43,FL17:80|FL16:20
34285,27.09,-82.44,FL17
34286,27.11,-82.11,FL17:78|FL16:22
34287,27.06,-82.25,FL17
34288,27.06,-82.11,FL17
34289,27.09,-82.14,FL16
34291,27.12,-82.22,FL17:71|FL16:29
34292,27.11,-82.34,FL17:96|FL16:4
34293,27.04,-82.36,FL17
34420,29.05,-82.04,FL6
34428,28.94,-82.66,FL15
34429,28.86,-82.66,FL15
34431,29.14,-82.53,FL3
34432,29.06,-82.37,FL3
34433,28.99,-82.53,FL15
34434,29.00,-82.44,FL15
34436,28.73,-82.28,FL15
34442,28.92,-82.38,FL15
34445,28.97,-82.42,FL15
34446,28.75,-82.52,FL15
34448,28.77,-82.63,FL15
34449,29.11,-82.69,FL3:84|FL15:16
34450,28.83,-82.26,FL15
34452,28.76,-82.38,FL15
34453,28.90,-82.33,FL15
34461,28.81,-82.48,FL15
34465,28.93,-82.49,FL15
34470,29.20,-82.08,FL3:89|FL6:11
34471,29.16,-82.13,FL3
34472,29.11,-82.00,FL6
34473,29.00,-82.19,FL3:97|FL6:3
34474,29.15,-82.21,FL3
34475,29.25,-82.16,FL3:82|FL6:18
34476,29.10,-82.19,FL3:83|FL6:17
34479,29.26,-82.11,FL6:79|FL3:21
34480,29.09,-82.09,FL6:71|FL3:29
34481,29.13,-82.31,FL3
34482,29.24,-82.28,FL3
34484,28.95,-82.10,FL11
34487,28.78,-82.61,FL15
34488,29.22,-81.94,FL6
34491,29.00,-82.04,FL6
34498,29.03,-82.74,FL3
34601,28.59,-82.37,FL15
34602,28.50,-82.28,FL15
34604,28.48,-82.43,FL15
34606,28.47,-82.60,FL15
34607,28.62,-82.61,FL15
34608,28.48,-82.55,FL15
34609,28.48,-82.51,FL15
34610,28.37,-82.51,FL12
34613,28.56,-82.54,FL15
34614,28.65,-82.51,FL15
34637,28.31,-82.46,FL12
34638,28.27,-82.53,FL12
34639,28.27,-82.42,FL12
34652,28.24,-82.74,FL12:84|FL13:16
34653,28.24,-82.69,FL12:99|FL13:1
34654,28.30,-82.63,FL12
34655,28.21,-82.66,FL12:56|FL13:44
34661,28.62,-82.26,FL15
34667,28.39,-82.67,FL12
34668,28.29,-82.71,FL12
34669,28.36,-82.61,FL12
34677,28.04,-82.67,FL13
34679,28.42,-82.67,FL12
34681,28.09,-82.78,FL13
34683,28.08,-82.76,FL13
34684,28.08,-82.73,FL13
34685,28.09,-82.69,FL13
34688,28.14,-82.68,FL13
34689,28.15,-82.76,FL13
34690,28.19,-82.73,FL13
34691,28.19,-82.77,FL13
34695,28.01,-82.69,FL13
34698,28.03,-82.79,FL13
34705,28.69,-81.71,FL11
34711,28.53,-81.74,FL11
34714,28.40,-81.79,FL11:97|FL18:3
34715,28.63,-81.73,FL11
34729,28.62,-81.70,FL11
34731,28.87,-81.90,FL11:97|FL6:3
34734,28.54,-81.52,FL10:82|FL11:18
34736,28.59,-81.86,FL11
34737,28.70,-81.80,FL11
34739,27.93,-81.10,FL9
34741,28.31,-81.43,FL9
34743,28.33,-81.36,FL9
34744,28.30,-81.35,FL9
34746,28.24,-81.44,FL9
34747,28.31,-81.59,FL18
34748,28.77,-81.88,FL11
34753,28.60,-81.91,FL11
34756,28.59,-81.68,FL11
34758,28.19,-81.49,FL18:68|FL9:32
34759,28.11,-81.42,FL18:99|FL9:1
34760,28.56,-81.63,FL11
34761,28.58,-81.53,FL10:69|FL11:31
34762,28.76,-81.92,FL11
34769,28.24,-81.29,FL9
34771,28.27,-81.13,FL9
34772,28.16,-81.27,FL9
34773,28.16,-81.00,FL9
34785,28.85,-82.06,FL11
34786,28.48,-81.54,FL11:99|FL10:1
34787,28.49,-81.62,FL11
34788,28.88,-81.79,FL11:72|FL6:28
34797,28.73,-81.82,FL11
34945,27.46,-80.55,FL21
34946,27.50,-80.36,FL21
34947,27.45,-80.38,FL21
34949,27.46,-80.31,FL21
34950,27.44,-80.33,FL21
34951,27.53,-80.42,FL21
34952,27.30,-80.30,FL21
34953,27.25,-80.38,FL21
34956,27.10,-80.50,FL21
34957,27.27,-80.24,FL21
34972,27.48,-80.91,FL9
34974,27.15,-80.91,FL9:98|FL21:2
34981,27.39,-80.37,FL21
34982,27.38,-80.31,FL21
34983,27.32,-80.35,FL21
34984,27.25,-80.33,FL21
34986,27.33,-80.40,FL21
34987,27.29,-80.50,FL21
34990,27.15,-80.36,FL21
34994,27.20,-80.26,FL21
34996,27.18,-80.19,FL21
34997,27.05,-80.27,FL21
35004,33.60,-86.49,AL3
35005,33.61,-86.99,AL7
35006,33.42,-87.21,AL7:98|AL4:2
35007,33.22,-86.79,AL6
35010,32.92,-85.94,AL3:92|AL6:8
35013,33.90,-86.52,AL4
35014,33.36,-86.26,AL3
35016,34.32,-86.50,AL4
35019,34.30,-86.63,AL4:81|AL5:19
35020,33.40,-86.95,AL7
35022,33.33,-86.96,AL7:96|AL6:4
35023,33.47,-87.09,AL7
35031,34.10,-86.56,AL4
35032,33.26,-86.33,AL3
35033,33.92,-87.01,AL4
35034,32.90,-87.28,AL6:99|AL7:1
35035,33.04,-86.97,AL6
35036,33.64,-86.92,AL7
35040,33.10,-86.73,AL6
35042,32.93,-87.13,AL6:98|AL7:2
35043,33.31,-86.66,AL6
35044,33.27,-86.37,AL3
35045,32.81,-86.67,AL6
35046,32.92,-86.53,AL6
35049,33.96,-86.61,AL4
35051,33.22,-86.60,AL6
35052,33.59,-86.41,AL3
35053,34.06,-87.07,AL4
35054,33.50,-86.34,AL3
35055,34.15,-86.76,AL4
35057,34.18,-86.93,AL4
35058,34.24,-86.73,AL4
35060,33.56,-86.93,AL7
35061,33.48,-86.95,AL7
35062,33.72,-87.02,AL6:57|AL4:35|AL7:8
35063,33.82,-87.02,AL4:93|AL6:7
35064,33.47,-86.92,AL7
35068,33.61,-86.83,AL7:99|AL6:1
35070,34.01,-86.74,AL4
35071,33.69,-86.85,AL6
35072,33.09,-86.07,AL6:60|AL3:40
35073,33.65,-86.99,AL7:92|AL6:8
35074,33.22,-87.12,AL6
35077,34.02,-86.83,AL4
35078,33.32,-86.44,AL6
35079,33.93,-86.76,AL4
35080,33.25,-86.91,AL6
35082,33.16,-86.15,AL3
35083,34.20,-86.60,AL4
35085,32.98,-86.74,AL6
35087,34.31,-86.58,AL4:61|AL5:39
35089,32.95,-86.08,AL6:67|AL3:33
35091,33.78,-86.79,AL6
35094,33.51,-86.57,AL6:76|AL3:24
35096,33.62,-86.11,AL3
35097,33.89,-86.63,AL4
35098,34.14,-87.04,AL4
35111,33.28,-87.09,AL7:98|AL6:2
35112,33.69,-86.47,AL3
35114,33.22,-86.87,AL6
35115,33.14,-86.89,AL6
35116,33.73,-86.77,AL6
35117,33.67,-86.89,AL6:93|AL7:7
35118,33.53,-87.03,AL7
35119,33.64,-86.78,AL6
35120,33.67,-86.42,AL3
35121,33.94,-86.45,AL4:99|AL3:1
35124,33.33,-86.73,AL6
35125,33.63,-86.29,AL3
35126,33.73,-86.65,AL6:98|AL4:2
35127,33.49,-86.98,AL7
35128,33.55,-86.34,AL3
35130,33.63,-87.14,AL4:63|AL7:37
35131,33.71,-86.19,AL3
35133,33.83,-86.60,AL4:96|AL3:4
35135,33.63,-86.20,AL3
35136,32.88,-86.29,AL6
35143,33.09,-86.56,AL6
35146,33.80,-86.45,AL3:92|AL4:7|AL6:1
35147,33.42,-86.53,AL6
35148,33.76,-87.05,AL4:99|AL6:1
35149,33.24,-86.21,AL3
35150,33.19,-86.24,AL3:99|AL6:1
35151,33.12,-86.34,AL3:51|AL6:49
35160,33.36,-86.11,AL3
35171,32.87,-86.75,AL6
35172,33.85,-86.70,AL4:71|AL6:29
35173,33.66,-86.56,AL6:86|AL3:14
35175,34.44,-86.51,AL4:76|AL5:24
35176,33.48,-86.50,AL6
35178,33.42,-86.41,AL6:72|AL3:28
35179,34.27,-86.97,AL4:99|AL5:1
35180,33.83,-86.85,AL6:53|AL4:47
35181,33.63,-86.88,AL7
35183,33.01,-86.36,AL6
35184,33.11,-87.14,AL6:96|AL7:4
35185,33.35,-86.54,AL6
35186,33.26,-86.51,AL6
35188,33.17,-87.17,AL6:88|AL7:12
35203,33.52,-86.81,AL7
35204,33.52,-86.84,AL7
35205,33.50,-86.81,AL7
35206,33.57,-86.71,AL6:86|AL7:14
35207,33.57,-86.83,AL7
35208,33.50,-86.88,AL7
35209,33.47,-86.81,AL7:64|AL6:36
35210,33.54,-86.67,AL6
35211,33.46,-86.87,AL7
35212,33.55,-86.75,AL6:62|AL7:38
35213,33.51,-86.74,AL6:95|AL7:5
35214,33.57,-86.89,AL7
35215,33.65,-86.70,AL6:54|AL7:46
35216,33.42,-86.79,AL6
35217,33.61,-86.76,AL7:95|AL6:5
35218,33.51,-86.89,AL7
35221,33.45,-86.90,AL7
35222,33.52,-86.77,AL7:71|AL6:29
35223,33.49,-86.73,AL6:98|AL7:2
35224,33.53,-86.95,AL7
35226,33.40,-86.84,AL7:66|AL6:34
35228,33.46,-86.92,AL7
35229,33.46,-86.79,AL6
35233,33.51,-86.80,AL7
35234,33.54,-86.80,AL7
35235,33.62,-86.65,AL6
35242,33.42,-86.67,AL6
35243,33.44,-86.74,AL6
35244,33.35,-86.82,AL6:62|AL7:38
35249,33.51,-86.80,AL7
35254,33.51,-86.85,AL7
35401,33.18,-87.62,AL7:97|AL4:3
35404,33.22,-87.48,AL7:77|AL4:23
35405,33.12,-87.54,AL7:92|AL4:8
35406,33.34,-87.47,AL4
35441,32.86,-87.73,AL7
35442,33.05,-88.19,AL7
35443,32.77,-88.01,AL7
35444,33.34,-87.30,AL7
35446,33.21,-87.75,AL4
35447,33.28,-88.17,AL7
35452,33.30,-87.70,AL4
35453,33.16,-87.37,AL7
35456,33.06,-87.41,AL7
35457,33.30,-87.77,AL4
35458,33.40,-87.81,AL4
35459,32.79,-88.28,AL7
35460,32.72,-88.20,AL7
35461,33.42,-88.21,AL7
35462,32.93,-87.94,AL7
35463,33.05,-87.68,AL4:98|AL7:2
35464,32.78,-88.14,AL7
35466,33.25,-87.92,AL7:87|AL4:13
35469,33.00,-87.80,AL7:66|AL4:34
35470,32.56,-88.07,AL7
35473,33.27,-87.59,AL4
35474,32.94,-87.59,AL7
35475,33.44,-87.57,AL4
35476,33.24,-87.58,AL4
35477,32.96,-88.24,AL7
35480,33.10,-87.80,AL4:92|AL7:8
35481,33.40,-88.05,AL7
35487,33.21,-87.55,AL7
35490,33.22,-87.24,AL7
35491,32.94,-88.10,AL7
35501,33.82,-87.30,AL4
35503,33.94,-87.31,AL4
35504,33.89,-87.17,AL4
35540,34.22,-87.19,AL4
35541,34.07,-87.17,AL4
35542,33.70,-87.68,AL4
35543,34.21,-87.76,AL4
35544,33.96,-88.02,AL4
35545,33.64,-87.93,AL4
35546,33.60,-87.55,AL4
35548,34.06,-87.75,AL4
35549,33.82,-87.56,AL4
35550,33.75,-87.16,AL4
35552,34.07,-88.14,AL4
35553,34.13,-87.38,AL4
35554,33.89,-87.67,AL4
35555,33.67,-87.82,AL4
35559,33.91,-87.74,AL4
35563,34.00,-87.90,AL4
35564,34.26,-87.85,AL4
35565,34.24,-87.56,AL4
35570,34.16,-87.99,AL4
35571,34.37,-87.94,AL4
35572,34.20,-87.28,AL4
35573,33.90,-87.55,AL4
35574,33.56,-87.97,AL4:82|AL7:18
35575,34.04,-87.59,AL4
35576,33.59,-88.14,AL4:93|AL7:7
35577,34.09,-87.60,AL4
35578,33.98,-87.47,AL4
35579,33.63,-87.33,AL4
35580,33.70,-87.27,AL4
35581,34.36,-87.71,AL4
35582,34.49,-88.10,AL4
35584,33.82,-87.09,AL4
35585,34.42,-87.83,AL4
35586,33.87,-88.14,AL4
35587,33.80,-87.46,AL4
35592,33.74,-88.10,AL4
35593,34.35,-88.09,AL4
35594,33.92,-87.78,AL4
35601,34.61,-87.01,AL5
35603,34.54,-86.97,AL5
35610,34.96,-87.23,AL5
35611,34.77,-87.08,AL5
35613,34.82,-86.88,AL5
35614,34.86,-87.08,AL5
35615,34.66,-86.88,AL5
35616,34.74,-88.02,AL4
35618,34.64,-87.30,AL5
35619,34.38,-87.15,AL5
35620,34.93,-87.02,AL5
35621,34.34,-86.73,AL5:95|AL4:5
35622,34.35,-86.90,AL5:80|AL4:20
35630,34.83,-87.66,AL4
35632,34.81,-87.68,AL4
35633,34.88,-87.80,AL4
35634,34.92,-87.61,AL4
35640,34.44,-86.94,AL5
35643,34.67,-87.20,AL5
35645,34.89,-87.49,AL4:68|AL5:32
35646,34.68,-87.54,AL4
35647,34.97,-87.12,AL5
35648,34.96,-87.38,AL5:84|AL4:16
35649,34.63,-86.87,AL5
35650,34.45,-87.31,AL5
35651,34.46,-87.48,AL5
35652,34.85,-87.31,AL5
35653,34.53,-87.86,AL4
35654,34.50,-87.62,AL4:98|AL5:2
35660,34.76,-87.70,AL4
35661,34.77,-87.56,AL4
35670,34.46,-86.73,AL5
35671,34.67,-86.95,AL5
35672,34.65,-87.41,AL5:97|AL4:3
35673,34.59,-87.14,AL5
35674,34.67,-87.76,AL4
35677,34.95,-88.02,AL4
35739,34.97,-86.79,AL5
35740,34.97,-85.78,AL5
35741,34.73,-86.46,AL5
35744,34.61,-85.90,AL5
35745,34.94,-86.18,AL5
35746,34.83,-86.01,AL5
35747,34.49,-86.30,AL4
35748,34.73,-86.39,AL5
35749,34.82,-86.76,AL5
35750,34.96,-86.59,AL5
35751,34.81,-86.28,AL5
35752,34.76,-85.98,AL5
35754,34.51,-86.62,AL5:99|AL4:1
35755,34.51,-86.12,AL4:61|AL5:39
35756,34.64,-86.82,AL5
35757,34.78,-86.74,AL5
35758,34.71,-86.75,AL5
35759,34.87,-86.55,AL5
35760,34.54,-86.38,AL5:96|AL4:4
35761,34.91,-86.40,AL5
35763,34.61,-86.47,AL5
35764,34.73,-86.31,AL5
35765,34.70,-85.82,AL5:95|AL4:5
35766,34.87,-86.30,AL5
35768,34.78,-86.10,AL5
35769,34.60,-86.11,AL5:82|AL4:18
35771,34.54,-86.01,AL5:96|AL4:4
35772,34.94,-85.95,AL5
35773,34.89,-86.71,AL5
35774,34.77,-86.23,AL5
35775,34.54,-86.71,AL5
35776,34.66,-86.25,AL5:87|AL4:13
35801,34.72,-86.57,AL5
35802,34.68,-86.55,AL5
35803,34.56,-86.52,AL5
35805,34.71,-86.62,AL5
35806,34.77,-86.68,AL5
35808,34.63,-86.66,AL5
35810,34.80,-86.60,AL5
35811,34.80,-86.50,AL5
35816,34.74,-86.63,AL5
35824,34.64,-86.75,AL5
35896,34.75,-86.65,AL5
35901,34.05,-85.93,AL3
35903,34.03,-85.85,AL3
35904,34.07,-85.99,AL3
35905,33.96,-85.92,AL3
35906,33.93,-86.10,AL3
35907,33.89,-86.02,AL3
35950,34.25,-86.26,AL4
35951,34.35,-86.15,AL4
35952,34.05,-86.31,AL3:59|AL4:41
35953,33.81,-86.17,AL3
35954,34.09,-86.06,AL3:99|AL4:1
35956,34.15,-86.15,AL3:99|AL4:1
35957,34.20,-86.20,AL4
35958,34.92,-85.65,AL5
35959,34.24,-85.63,AL3:99|AL4:1
35960,34.13,-85.57,AL3
35961,34.30,-85.85,AL4:85|AL3:15
35962,34.30,-86.04,AL4
35963,34.36,-85.93,AL4
35966,34.80,-85.71,AL5:66|AL4:34
35967,34.39,-85.70,AL4:98|AL3:2
35968,34.48,-85.79,AL4
35971,34.46,-85.95,AL4:99|AL5:1
35972,33.99,-86.22,AL3
35973,34.34,-85.55,AL3
35974,34.36,-86.01,AL4
35975,34.44,-86.07,AL4
35976,34.34,-86.32,AL4
35978,34.65,-85.73,AL4:79|AL5:21
35979,34.83,-85.61,AL4:60|AL5:40
35980,34.17,-86.39,AL4
35981,34.72,-85.64,AL4
35983,34.17,-85.77,AL3:99|AL4:1
35984,34.52,-85.56,AL4:87|AL3:13
35986,34.50,-85.84,AL4
35987,33.91,-86.24,AL3
35988,34.56,-85.80,AL4
35989,34.60,-85.64,AL4
35990,34.07,-86.31,AL3
36003,32.44,-86.73,AL6
36005,31.89,-85.74,AL2
36006,32.64,-86.73,AL6
36008,32.50,-86.57,AL6
36009,31.60,-86.33,AL2
36010,31.66,-85.81,AL2
36013,32.30,-85.98,AL2
36016,31.85,-85.41,AL2
36017,31.68,-85.56,AL2
36020,32.50,-86.32,AL2:82|AL6:18
36022,32.62,-86.41,AL6
36024,32.66,-86.04,AL6:84|AL2:16
36025,32.55,-86.34,AL2:71|AL6:29
36026,32.78,-86.13,AL6
36027,31.98,-85.18,AL2
36028,31.48,-86.38,AL2:66|AL1:34
36029,32.18,-85.93,AL2
36030,31.85,-86.86,AL2
36031,32.25,-85.77,AL2
36032,32.00,-86.57,AL2
36033,31.68,-86.77,AL2:98|AL7:2
36034,31.62,-86.11,AL2
36035,31.79,-86.13,AL2
36036,31.97,-86.16,AL2
36037,31.77,-86.62,AL2
36038,31.41,-86.49,AL1
36039,32.29,-85.82,AL2
36040,32.18,-86.67,AL2
36041,31.93,-86.33,AL2
36042,31.87,-86.46,AL2
36043,32.19,-86.43,AL2
36046,31.95,-86.38,AL2
36047,32.09,-86.52,AL2
36048,31.80,-85.59,AL2
36049,31.77,-86.28,AL2
36051,32.69,-86.48,AL6
36052,32.18,-86.04,AL2
36053,32.04,-85.45,AL2
36054,32.47,-86.36,AL6:99|AL2:1
36057,32.37,-86.08,AL2
36064,32.30,-86.09,AL2
36066,32.48,-86.42,AL6
36067,32.52,-86.56,AL6
36069,32.10,-86.17,AL2
36071,31.71,-86.40,AL2
36075,32.38,-85.92,AL2
36078,32.55,-85.94,AL2:50|AL3:33|AL6:17
36079,31.77,-86.00,AL2
36080,32.71,-86.28,AL6
36081,31.91,-85.90,AL2
36082,31.80,-85.96,AL2
36083,32.39,-85.68,AL2
36088,32.42,-85.72,AL2
36089,32.16,-85.70,AL2
36091,32.75,-86.52,AL6
36092,32.62,-86.20,AL2:72|AL6:28
36093,32.49,-86.14,AL2
36101,32.38,-86.30,AL2
36104,32.40,-86.32,AL2
36105,32.21,-86.28,AL2
36106,32.35,-86.26,AL2
36107,32.38,-86.28,AL2
36108,32.34,-86.40,AL2
36109,32.39,-86.24,AL2
36110,32.45,-86.26,AL2
36111,32.34,-86.27,AL2
36112,32.38,-86.36,AL2
36113,32.38,-86.34,AL2
36114,32.40,-86.25,AL2
36115,32.41,-86.25,AL2
36116,32.27,-86.22,AL2
36117,32.38,-86.15,AL2
36130,32.38,-86.30,AL2
36201,33.65,-85.88,AL3
36203,33.58,-85.83,AL3
36205,33.70,-85.79,AL3
36206,33.73,-85.82,AL3
36207,33.68,-85.71,AL3
36250,33.76,-85.89,AL3
36251,33.23,-85.86,AL3
36255,33.18,-85.74,AL3
36256,33.05,-85.70,AL3
36258,33.48,-85.72,AL3
36260,33.58,-86.00,AL3
36262,33.79,-85.47,AL3
36263,33.47,-85.36,AL3
36264,33.60,-85.55,AL3
36265,33.85,-85.78,AL3
36266,33.35,-85.75,AL3
36267,33.20,-85.95,AL3
36268,33.49,-85.93,AL3
36269,33.74,-85.38,AL3
36271,33.78,-86.02,AL3
36272,33.95,-85.60,AL3
36273,33.55,-85.38,AL3
36274,33.18,-85.36,AL3
36276,33.13,-85.57,AL3
36277,33.76,-85.82,AL3
36278,33.31,-85.53,AL3
36279,33.87,-85.89,AL3
36280,33.39,-85.39,AL3
36301,31.14,-85.41,AL2
36303,31.26,-85.39,AL2
36305,31.20,-85.49,AL2
36310,31.60,-85.21,AL2
36311,31.60,-85.69,AL2
36312,31.16,-85.24,AL2
36313,31.18,-85.79,AL2
36314,31.03,-85.78,AL2
36316,31.18,-85.86,AL2
36317,31.63,-85.39,AL2
36318,31.17,-85.95,AL2
36319,31.33,-85.15,AL2
36320,31.05,-85.32,AL2
36321,31.21,-85.30,AL2
36322,31.26,-85.74,AL2
36323,31.43,-86.07,AL2
36330,31.31,-85.86,AL2
36340,31.05,-85.89,AL2
36343,31.06,-85.12,AL2
36344,31.10,-85.71,AL2
36345,31.37,-85.31,AL2
36346,31.56,-85.94,AL2
36350,31.35,-85.50,AL2
36351,31.43,-85.91,AL2
36352,31.26,-85.61,AL2
36353,31.48,-85.35,AL2
36360,31.47,-85.62,AL2
36362,31.35,-85.68,AL2
36370,31.14,-85.16,AL2
36371,31.33,-85.55,AL2
36373,31.52,-85.09,AL2
36374,31.57,-85.49,AL2
36375,31.08,-85.54,AL2
36376,31.25,-85.27,AL2
36401,31.48,-86.94,AL7
36420,31.18,-86.55,AL1
36421,31.33,-86.51,AL1:95|AL2:4|AL7:2
36425,31.77,-87.20,AL7
36426,31.15,-87.08,AL1:99|AL7:1
36432,31.30,-87.04,AL7:82|AL1:18
36435,31.87,-87.45,AL7
36436,31.77,-87.66,AL7
36439,31.42,-87.35,AL7
36441,31.04,-87.26,AL1
36442,31.08,-86.36,AL1:99|AL2:1
36444,31.66,-87.46,AL7
36445,31.44,-87.45,AL7
36446,31.79,-87.72,AL7
36451,31.69,-87.82,AL7
36453,31.20,-86.13,AL2:99|AL1:1
36454,31.35,-87.20,AL7
36455,31.01,-86.35,AL1
36456,31.57,-86.83,AL2:67|AL7:25|AL1:7
36460,31.53,-87.31,AL7
36467,31.28,-86.26,AL1:74|AL2:26
36470,31.52,-87.57,AL7
36471,31.63,-87.23,AL7
36473,31.32,-87.23,AL7
36474,31.43,-86.63,AL1:95|AL7:4|AL2:1
36475,31.39,-87.22,AL7
36476,31.35,-86.55,AL1
36477,31.09,-86.07,AL2
36480,31.34,-87.64,AL7
36481,31.77,-87.38,AL7
36482,31.64,-87.64,AL7
36483,31.05,-86.67,AL1
36502,31.15,-87.49,AL1:97|AL7:3
36503,31.16,-87.47,AL1
36505,30.95,-88.01,AL1
36507,30.86,-87.74,AL1
36509,30.41,-88.25,AL1
36511,30.31,-87.74,AL1
36512,31.00,-88.02,AL1
36513,31.15,-87.99,AL7:79|AL1:21
36518,31.47,-88.27,AL7
36521,30.97,-88.19,AL1
36522,31.08,-88.28,AL1:94|AL7:6
36523,30.37,-88.19,AL1
36524,31.80,-88.01,AL7
36525,30.89,-88.02,AL1
36526,30.61,-87.86,AL1
36527,30.70,-87.88,AL1
36528,30.24,-88.24,AL1
36529,31.28,-88.28,AL7
36530,30.41,-87.56,AL1
36532,30.48,-87.87,AL1
36535,30.38,-87.73,AL1
36538,31.66,-88.14,AL7
36539,31.35,-88.39,AL7
36540,31.45,-87.68,AL7
36541,30.48,-88.35,AL1
36542,30.26,-87.75,AL1
36543,31.22,-87.47,AL1
36544,30.47,-88.24,AL1
36545,31.49,-87.87,AL7
36547,30.25,-87.65,AL1
36548,31.48,-87.97,AL7
36549,30.41,-87.45,AL1
36550,31.25,-87.73,AL1
36551,30.64,-87.75,AL1
36553,31.23,-88.09,AL7
36555,30.40,-87.77,AL1
36556,31.21,-87.97,AL7
36558,31.62,-88.33,AL7
36559,30.57,-87.90,AL1
36560,31.09,-88.05,AL1
36561,30.29,-87.57,AL1
36562,31.04,-87.67,AL1
36564,30.47,-87.91,AL1
36567,30.62,-87.56,AL1
36568,30.51,-88.27,AL1
36569,31.55,-88.09,AL7
36571,30.85,-88.11,AL1
36572,30.86,-88.06,AL1
36574,30.50,-87.48,AL1
36575,30.77,-88.27,AL1
36576,30.52,-87.76,AL1
36578,30.74,-87.77,AL1
36579,31.11,-87.79,AL1
36580,30.48,-87.70,AL1
36581,31.35,-88.02,AL7
36582,30.52,-88.17,AL1
36583,31.37,-88.19,AL7
36584,31.20,-88.39,AL7
36585,31.42,-88.08,AL7
36587,30.84,-88.35,AL1
36602,30.71,-88.04,AL1
36603,30.68,-88.05,AL1
36604,30.68,-88.07,AL1
36605,30.60,-88.09,AL1
36606,30.67,-88.11,AL1
36607,30.70,-88.11,AL1
36608,30.68,-88.30,AL1
36609,30.66,-88.17,AL1
36610,30.74,-88.08,AL1
36611,30.77,-88.08,AL1
36612,30.75,-88.11,AL1
36613,30.81,-88.19,AL1
36615,30.63,-88.07,AL1
36617,30.72,-88.09,AL1
36618,30.74,-88.17,AL1
36619,30.60,-88.20,AL1
36652,30.70,-88.08,AL1
36663,30.74,-88.11,AL1
36688,30.70,-88.19,AL1
36693,30.63,-88.15,AL1
36695,30.63,-88.28,AL1
36701,32.50,-87.06,AL7
36703,32.43,-86.91,AL7:99|AL6:1
36720,32.16,-87.35,AL7
36722,32.08,-87.57,AL7
36723,32.07,-87.29,AL7
36726,31.96,-87.30,AL7
36727,31.91,-88.06,AL7
36728,32.17,-87.48,AL7
36732,32.42,-87.89,AL7
36736,32.08,-87.76,AL7
36738,32.42,-87.62,AL7
36740,32.63,-87.84,AL7
36741,32.03,-87.01,AL7
36742,32.46,-87.75,AL7
36744,32.68,-87.60,AL7
36748,32.27,-87.78,AL7
36749,32.55,-86.85,AL6:64|AL7:36
36750,32.79,-86.85,AL6
36751,31.80,-87.58,AL7
36752,32.30,-86.63,AL2
36753,31.84,-87.11,AL7
36754,32.16,-87.70,AL7
36756,32.69,-87.30,AL7
36758,32.64,-86.89,AL7:53|AL6:47
36759,32.40,-87.29,AL7
36761,32.07,-86.94,AL7:57|AL2:43
36763,32.28,-87.98,AL7
36764,32.12,-87.99,AL7
36765,32.59,-87.52,AL7
36766,31.96,-87.09,AL7
36767,32.25,-87.20,AL7
36768,31.89,-87.01,AL7
36769,31.99,-87.55,AL7
36773,32.29,-87.39,AL7
36775,32.19,-86.95,AL7:91|AL2:9
36776,32.74,-87.74,AL7
36782,32.10,-87.91,AL7
36783,32.19,-87.61,AL7
36784,31.92,-87.83,AL7
36785,32.28,-86.82,AL2:75|AL7:25
36786,32.43,-87.48,AL7
36790,32.74,-86.91,AL6
36792,32.92,-86.92,AL6
36793,32.82,-87.01,AL6:94|AL7:6
36801,32.70,-85.39,AL3
36804,32.53,-85.35,AL3:96|AL2:4
36830,32.53,-85.49,AL3:98|AL2:2
36832,32.58,-85.59,AL3
36849,32.60,-85.49,AL3
36850,32.79,-85.66,AL3
36851,32.15,-85.08,AL2
36852,32.76,-85.28,AL3
36853,32.80,-85.77,AL3
36854,32.75,-85.19,AL3
36855,33.03,-85.31,AL3|GA3
36856,32.26,-85.00,AL2
36858,32.32,-85.31,AL2
36860,32.27,-85.42,AL2
36861,32.89,-85.85,AL3
36862,32.90,-85.46,AL3
36863,32.89,-85.26,AL3
36865,32.60,-85.59,AL3
36866,32.57,-85.71,AL2:70|AL3:30
36867,32.50,-85.02,AL2:75|AL3:25
36869,32.42,-85.06,AL2
36870,32.48,-85.12,AL3:78|AL2:22
36871,32.16,-85.16,AL2
36874,32.56,-85.20,AL3:94|AL2:6
36875,32.32,-85.17,AL2
36877,32.57,-85.10,AL3
36879,32.73,-85.54,AL3
36901,32.42,-88.15,AL7
36904,32.10,-88.26,AL7
36907,32.44,-88.35,AL7
36908,31.87,-88.24,AL7
36910,32.23,-88.16,AL7
36912,32.24,-88.31,AL7
36913,31.96,-88.45,AL7
36915,31.96,-88.36,AL7
36916,32.24,-88.05,AL7
36919,31.77,-88.28,AL7
36921,31.94,-88.18,AL7
36922,32.30,-88.15,AL7
36925,32.43,-88.18,AL7
37010,36.57,-87.11,TN7
37012,36.07,-86.01,TN6
37013,36.05,-86.63,TN4
37014,35.87,-86.63,TN9:87|TN4:13
37015,36.30,-87.10,TN7
37016,35.96,-86.11,TN4:65|TN6:35
37018,35.63,-86.21,TN4:94|TN9:6
37019,35.39,-86.71,TN9
37020,35.63,-86.41,TN9:71|TN4:29
37022,36.51,-86.32,TN7
37023,36.59,-87.78,TN5
37025,35.95,-87.31,TN5:80|TN7:20
37026,35.70,-86.11,TN4
37027,36.00,-86.79,TN9:75|TN7:17|TN4:4|TN5:4
37028,36.63,-87.85,TN5
37029,36.04,-87.27,TN7
37030,36.27,-85.94,TN6
37031,36.38,-86.30,TN7
37032,36.53,-87.02,TN7
37033,35.74,-87.56,TN5:98|TN8:2
37034,35.64,-86.69,TN9
37035,36.38,-87.13,TN7
37036,36.23,-87.26,TN7
37037,35.70,-86.35,TN4
37040,36.52,-87.32,TN7
37042,36.57,-87.41,TN5:56|TN7:44
37043,36.49,-87.24,TN7
37046,35.78,-86.70,TN9:95|TN4:5
37047,35.31,-86.83,TN9
37048,36.49,-86.59,TN7
37049,36.56,-86.68,TN7
37050,36.37,-87.63,TN5:85|TN7:15
37051,36.30,-87.41,TN7:99|TN5:1
37052,36.37,-87.41,TN7
37055,36.08,-87.44,TN7:99|TN5:1
37057,36.42,-86.03,TN7:67|TN6:33
37058,36.44,-87.88,TN5
37059,35.98,-85.90,TN6
37060,35.75,-86.63,TN4:78|TN9:22
37061,36.28,-87.66,TN5:99|TN7:1
37062,35.99,-87.14,TN5:96|TN7:4
37064,35.88,-86.95,TN5:85|TN9:15
37066,36.40,-86.46,TN7:86|TN6:14
37067,35.91,-86.77,TN9:71|TN5:29
37069,35.98,-86.90,TN5:89|TN9:11
37072,36.35,-86.75,TN7:85|TN6:15
37073,36.43,-86.82,TN7
37074,36.43,-86.15,TN7
37075,36.34,-86.60,TN7:92|TN6:8
37076,36.15,-86.58,TN6:77|TN4:23
37078,35.90,-87.77,TN5
37079,36.46,-87.65,TN5:79|TN7:21
37080,36.33,-86.92,TN7
37082,36.09,-87.12,TN7
37083,36.54,-86.00,TN7
37085,35.95,-86.28,TN4:89|TN6:11
37086,36.02,-86.56,TN4:86|TN9:14
37087,36.26,-86.27,TN6:99|TN7:1
37090,36.12,-86.30,TN6
37091,35.49,-86.77,TN9
37095,35.98,-85.96,TN6:75|TN4:25
37096,35.61,-87.87,TN8:99|TN9:1
37097,35.78,-87.82,TN8
37098,35.87,-87.31,TN5
37101,36.08,-87.63,TN5
37110,35.65,-85.74,TN4
37115,36.26,-86.70,TN6:69|TN7:31
37118,35.93,-86.19,TN4:80|TN6:20
37122,36.18,-86.49,TN6:98|TN4:2
37127,35.78,-86.33,TN4
37128,35.80,-86.47,TN4
37129,35.93,-86.45,TN4:99|TN9:1
37130,35.88,-86.32,TN4
37132,35.85,-86.36,TN4
37134,35.99,-87.95,TN5
37135,35.92,-86.68,TN9:89|TN4:11
37137,35.88,-87.51,TN5
37138,36.24,-86.61,TN6
37140,35.86,-87.65,TN5
37141,36.61,-86.70,TN7
37142,36.41,-87.51,TN7
37143,36.12,-87.03,TN7
37144,35.31,-86.66,TN9
37145,36.38,-85.92,TN6:89|TN7:11
37146,36.40,-87.03,TN7
37148,36.58,-86.50,TN7
37149,35.81,-86.19,TN4
37150,36.54,-85.81,TN7:71|TN6:29
37151,36.31,-86.04,TN6
37153,35.76,-86.56,TN4:95|TN9:5
37160,35.46,-86.48,TN9
37165,36.29,-87.48,TN7
37166,35.92,-85.79,TN6:94|TN4:6
37167,35.96,-86.53,TN9:52|TN4:48
37171,36.37,-87.31,TN7
37172,36.55,-86.85,TN7
37174,35.72,-86.90,TN5:96|TN9:4
37175,36.32,-87.89,TN5
37178,36.32,-87.79,TN5
37179,35.81,-86.91,TN5:92|TN9:8
37180,35.62,-86.58,TN9:97|TN4:3
37181,36.24,-87.51,TN7:82|TN5:18
37183,35.51,-86.29,TN9:91|TN4:9
37184,36.09,-86.15,TN6
37185,36.06,-87.87,TN5
37186,36.60,-86.22,TN7
37187,36.14,-87.20,TN7
37188,36.48,-86.68,TN7
37189,36.28,-86.83,TN7
37190,35.82,-86.04,TN4
37191,36.51,-87.53,TN7
37201,36.17,-86.78,TN7:50|TN6:50
37203,36.15,-86.79,TN6:96|TN7:4
37204,36.11,-86.77,TN7:52|TN6:47
37205,36.11,-86.87,TN7:82|TN6:18
37206,36.18,-86.73,TN6
37207,36.23,-86.78,TN7:58|TN6:42
37208,36.18,-86.81,TN7:54|TN6:46
37209,36.15,-86.96,TN6:62|TN7:38
37210,36.15,-86.73,TN6:99|TN4:1
37211,36.07,-86.72,TN4:94|TN7:3|TN6:3
37212,36.13,-86.80,TN6
37213,36.17,-86.77,TN6:85|TN7:15
37214,36.17,-86.66,TN6:66|TN4:34
37215,36.08,-86.83,TN7
37216,36.22,-86.73,TN6
37217,36.11,-86.66,TN4:95|TN6:5
37218,36.17,-86.92,TN7
37219,36.17,-86.78,TN6:66|TN7:34
37220,36.07,-86.79,TN7
37221,36.06,-86.97,TN7:94|TN5:6
37228,36.20,-86.80,TN7
37232,36.14,-86.80,TN6
37238,36.17,-86.78,TN6
37301,35.42,-85.80,TN4
37302,35.02,-85.02,TN3
37303,35.44,-84.64,TN3
37305,35.46,-85.70,TN4
37306,35.10,-86.19,TN4:96|TN9:4
37307,35.16,-84.63,TN3
37308,35.34,-84.99,TN3
37309,35.30,-84.74,TN3
37310,35.24,-84.71,TN3
37311,35.10,-84.92,TN3
37312,35.23,-84.87,TN3
37313,35.38,-85.70,TN4
37315,35.05,-85.05,TN3
37316,35.00,-84.73,TN3
37317,35.03,-84.44,TN3
37318,35.18,-85.98,TN4
37321,35.50,-85.01,TN3:99|TN4:1
37322,35.50,-84.83,TN3
37323,35.10,-84.82,TN3
37324,35.24,-85.99,TN4
37325,35.25,-84.60,TN3
37326,35.04,-84.38,TN3
37327,35.42,-85.39,TN4
37328,35.04,-86.36,TN9:91|TN4:9
37329,35.39,-84.46,TN3
37330,35.28,-86.13,TN4
37331,35.32,-84.54,TN3
37332,35.60,-84.95,TN3:99|TN4:1
37333,35.15,-84.36,TN3
37334,35.17,-86.58,TN9
37335,35.07,-86.40,TN9:99|TN4:1
37336,35.31,-84.93,TN3
37337,35.79,-84.85,TN6:51|TN3:48|TN4:1
37338,35.43,-85.21,TN4:58|TN3:42
37339,35.37,-85.63,TN4
37340,35.03,-85.52,TN4
37341,35.22,-85.07,TN3
37342,35.38,-85.95,TN4
37343,35.17,-85.21,TN3
37345,35.02,-86.20,TN4
37347,35.06,-85.61,TN4
37348,35.12,-86.43,TN9
37350,34.99,-85.35,TN3
37351,35.10,-85.26,TN3
37352,35.28,-86.35,TN9
37353,35.12,-84.99,TN3
37354,35.51,-84.35,TN3
37355,35.51,-86.08,TN4
37356,35.23,-85.82,TN4
37357,35.59,-85.92,TN4
37359,35.20,-86.40,TN9
37360,35.44,-86.25,TN9:53|TN4:47
37361,35.09,-84.66,TN3
37362,35.03,-84.68,TN3
37363,35.12,-85.06,TN3
37365,35.37,-85.52,TN4
37366,35.34,-85.83,TN4
37367,35.62,-85.23,TN4:99|TN6:1
37369,35.21,-84.46,TN3
37370,35.36,-84.70,TN3
37373,35.41,-85.09,TN3
37374,35.17,-85.66,TN4
37375,35.14,-85.89,TN4
37376,35.05,-85.96,TN4
37377,35.21,-85.36,TN3:90|TN4:10
37379,35.28,-85.19,TN3:98|TN4:2
37380,35.07,-85.75,TN4
37381,35.69,-84.88,TN3:90|TN4:10
37383,35.21,-85.91,TN4
37385,35.34,-84.23,TN3
37387,35.27,-85.72,TN4
37388,35.35,-86.20,TN4:94|TN9:6
37391,35.09,-84.35,TN3
37394,35.54,-85.86,TN4
37396,35.00,-85.50,TN4
37397,35.21,-85.52,TN4
37398,35.18,-86.14,TN4:99|TN9:1
37402,35.05,-85.32,TN3
37403,35.05,-85.29,TN3
37404,35.03,-85.27,TN3
37405,35.13,-85.38,TN3:95|TN4:5
37406,35.07,-85.25,TN3
37407,35.00,-85.29,TN3
37408,35.03,-85.31,TN3
37409,35.01,-85.34,TN3
37410,35.00,-85.31,TN3
37411,35.03,-85.23,TN3
37412,35.00,-85.23,TN3
37415,35.12,-85.28,TN3
37416,35.10,-85.16,TN3
37419,35.05,-85.42,TN3:92|TN4:8
37421,35.03,-85.15,TN3
37450,35.05,-85.31,TN3
37601,36.34,-82.32,TN1
37604,36.30,-82.38,TN1
37614,36.30,-82.37,TN1
37615,36.40,-82.45,TN1
37616,36.22,-82.75,TN1
37617,36.52,-82.37,TN1
37618,36.46,-82.21,TN1
37620,36.55,-82.09,TN1
37640,36.33,-81.97,TN1
37641,36.20,-82.66,TN1
37642,36.53,-82.73,TN1|VA9
37643,36.37,-82.12,TN1
37645,36.56,-82.66,TN1
37650,36.09,-82.47,TN1
37656,36.40,-82.63,TN1
37657,36.02,-82.56,TN1
37658,36.26,-82.15,TN1
37659,36.28,-82.51,TN1
37660,36.53,-82.57,TN1
37663,36.46,-82.49,TN1
37664,36.51,-82.51,TN1
37665,36.58,-82.57,TN1
37680,36.57,-81.73,TN1
37681,36.26,-82.62,TN1
37682,36.30,-82.29,TN1
37683,36.45,-81.82,TN1
37686,36.44,-82.35,TN1
37687,36.18,-82.10,TN1
37688,36.55,-81.88,TN1
37690,36.25,-82.56,TN1
37691,36.37,-81.76,TN1
37692,36.18,-82.30,TN1
37694,36.38,-82.28,TN1
37701,35.79,-83.99,TN2
37705,36.23,-84.01,TN3:77|TN2:23
37708,36.33,-83.32,TN2
37709,36.17,-83.66,TN2
37710,36.16,-84.32,TN3
37711,36.28,-83.05,TN1
37713,36.08,-83.13,TN1
37714,36.23,-84.25,TN6
37715,36.55,-83.96,TN2
37716,36.10,-84.17,TN3
37719,36.02,-84.43,TN6
37721,36.13,-83.81,TN2
37722,35.82,-83.20,TN1
37723,35.96,-84.80,TN6
37724,36.55,-83.71,TN2
37725,36.00,-83.39,TN1
37726,36.19,-84.81,TN6
37727,35.89,-83.02,TN1
37729,36.51,-84.03,TN2
37730,36.57,-83.97,TN2
37731,36.55,-83.01,TN1
37732,36.33,-84.63,TN6
37733,36.36,-84.70,TN6
37737,35.76,-84.12,TN2
37738,35.67,-83.48,TN1
37742,35.68,-84.18,TN2
37743,36.07,-82.86,TN1
37745,36.28,-82.83,TN1
37748,35.95,-84.52,TN3:89|TN6:11
37752,36.57,-83.55,TN2|VA9
37753,35.82,-83.10,TN1
37754,36.14,-84.03,TN3:59|TN2:41
37755,36.42,-84.53,TN6
37756,36.30,-84.41,TN6
37757,36.26,-84.11,TN6
37760,36.10,-83.47,TN1
37762,36.58,-84.12,TN2
37763,35.83,-84.50,TN3
37764,35.97,-83.62,TN1:94|TN2:6
37765,36.57,-83.06,TN1
37766,36.40,-84.07,TN2:77|TN6:23
37769,36.22,-84.16,TN3:91|TN6:9
37770,36.15,-84.64,TN6
37771,35.84,-84.31,TN2:93|TN3:7
37772,35.79,-84.22,TN2
37774,35.73,-84.36,TN2:94|TN3:6
37777,35.82,-84.05,TN2
37779,36.21,-83.76,TN2
37801,35.67,-84.08,TN2:97|TN3:3
37803,35.66,-83.98,TN2
37804,35.79,-83.89,TN2
37806,36.08,-83.73,TN2
37807,36.26,-83.83,TN2
37809,36.16,-83.04,TN1
37810,36.18,-83.10,TN1
37811,36.35,-83.21,TN1:93|TN2:7
37813,36.18,-83.26,TN1
37814,36.23,-83.34,TN1
37818,36.19,-82.97,TN1
37819,36.57,-84.21,TN2
37820,36.09,-83.57,TN1
37821,35.98,-83.20,TN1
37825,36.42,-83.68,TN2
37826,35.56,-84.59,TN3
37828,36.20,-84.07,TN3
37829,36.00,-84.62,TN6
37830,35.97,-84.29,TN3:99|TN2:1
37840,36.07,-84.37,TN3:74|TN6:26
37841,36.51,-84.54,TN6
37843,36.01,-83.05,TN1
37845,36.10,-84.45,TN6
37846,35.68,-84.48,TN3:59|TN2:41
37847,36.43,-84.27,TN6:57|TN2:43
37848,36.24,-83.68,TN2
37849,36.05,-84.05,TN2:84|TN3:16
37851,36.57,-83.79,TN2
37852,36.32,-84.58,TN6
37853,35.84,-83.91,TN2
37854,35.89,-84.71,TN3:81|TN6:19
37857,36.42,-82.94,TN1
37860,36.24,-83.18,TN1
37861,36.24,-83.51,TN2
37862,35.74,-83.67,TN1
37863,35.79,-83.56,TN1
37865,35.85,-83.73,TN1:78|TN2:22
37866,36.35,-83.84,TN2
37869,36.52,-83.24,TN1:98|TN2:2
37870,36.46,-83.83,TN2
37871,36.05,-83.68,TN2:67|TN1:33
37872,36.27,-84.68,TN6
37873,36.50,-82.86,TN1
37874,35.60,-84.46,TN3:97|TN2:3
37876,35.87,-83.48,TN1
37877,36.15,-83.41,TN1
37878,35.60,-83.98,TN2
37879,36.47,-83.51,TN2:95|TN1:5
37880,35.70,-84.66,TN3
37881,36.40,-83.36,TN2:57|TN1:43
37882,35.60,-83.82,TN2
37885,35.50,-84.14,TN3:92|TN2:8
37886,35.74,-83.81,TN2
37887,36.07,-84.61,TN6
37888,36.33,-83.58,TN2
37890,36.08,-83.29,TN1
37891,36.29,-83.14,TN1
37892,36.55,-84.38,TN6
37902,35.96,-83.92,TN2
37909,35.95,-84.02,TN2
37912,36.01,-83.98,TN2
37914,35.98,-83.80,TN2
37915,35.97,-83.90,TN2
37916,35.95,-83.93,TN2
37917,36.00,-83.91,TN2
37918,36.06,-83.92,TN2
37919,35.91,-84.00,TN2
37920,35.91,-83.86,TN2
37921,35.98,-84.00,TN2
37922,35.86,-84.10,TN2
37923,35.93,-84.08,TN2
37924,36.03,-83.81,TN2
37929,35.96,-83.92,TN2
37931,35.98,-84.13,TN2:97|TN3:3
37932,35.92,-84.20,TN2
37934,35.88,-84.18,TN2
37938,36.13,-83.94,TN2
38001,35.82,-89.15,TN8
38002,35.29,-89.70,TN8
38004,35.42,-89.76,TN8
38006,35.69,-89.09,TN8
38007,36.16,-89.44,TN5
38008,35.24,-89.00,TN9
38011,35.47,-89.72,TN8:82|TN5:18
38012,35.61,-89.27,TN8
38015,35.56,-89.82,TN5
38016,35.18,-89.76,TN8
38017,35.07,-89.65,TN9:56|TN8:44
38018,35.14,-89.77,TN8:99|TN9:1
38019,35.56,-89.63,TN8:86|TN5:14
38021,35.87,-89.18,TN8
38023,35.47,-89.96,TN5
38024,36.04,-89.38,TN5
38028,35.18,-89.63,TN8:70|TN9:30
38029,35.24,-89.82,TN8
38030,35.99,-89.62,TN5
38034,35.92,-89.23,TN8:71|TN5:29
38036,35.33,-89.62,TN8
38037,35.80,-89.40,TN5:73|TN8:27
38039,35.06,-89.19,TN9
38040,35.88,-89.48,TN5:87|TN8:13
38041,35.65,-89.68,TN5
38042,35.15,-89.14,TN9
38044,35.22,-88.81,TN9:93|TN8:7
38046,35.05,-89.24,TN9
38047,36.07,-89.55,TN5
38049,35.39,-89.54,TN8
38050,35.82,-89.23,TN8
38052,35.09,-88.92,TN9
38053,35.33,-89.94,TN8:75|TN5:25
38054,35.34,-89.87,TN8
38057,35.05,-89.36,TN9
38058,35.46,-89.82,TN5:99|TN8:1
38059,36.12,-89.24,TN5:97|TN8:3
38060,35.21,-89.51,TN9:92|TN8:8
38061,35.07,-88.77,TN9
38063,35.75,-89.63,TN5:98|TN8:2
38066,35.08,-89.53,TN9
38067,35.08,-89.04,TN9
38068,35.26,-89.34,TN8:71|TN9:29
38069,35.46,-89.37,TN8
38070,35.94,-89.25,TN5
38075,35.38,-89.17,TN9:87|TN8:13
38076,35.12,-89.47,TN9
38077,36.33,-89.47,TN5
38079,36.41,-89.47,KY1|TN5
38080,36.21,-89.52,TN5
38103,35.15,-90.06,TN5
38104,35.13,-90.00,TN5:89|TN9:11
38105,35.15,-90.04,TN5
38106,35.10,-90.04,TN5:69|TN9:31
38107,35.17,-90.02,TN5
38108,35.18,-89.96,TN5:81|TN8:19
38109,35.04,-90.15,TN5:90|TN9:10
38111,35.11,-89.94,TN9:63|TN8:37
38112,35.15,-89.98,TN5:61|TN8:39
38113,35.10,-90.14,TN5
38114,35.10,-89.99,TN9:94|TN5:6
38115,35.05,-89.86,TN9
38116,35.03,-90.01,TN9:94|TN5:6
38117,35.12,-89.91,TN8
38118,35.04,-89.93,TN9
38119,35.08,-89.85,TN8
38120,35.12,-89.85,TN8
38122,35.16,-89.92,TN8:99|TN5:1
38125,35.03,-89.79,TN9:94|TN8:6
38126,35.13,-90.04,TN5
38127,35.24,-90.03,TN5
38128,35.22,-89.93,TN5:73|TN8:27
38131,35.07,-89.99,TN9
38132,35.07,-90.00,TN9
38133,35.21,-89.79,TN8
38134,35.17,-89.86,TN8
38135,35.24,-89.85,TN8
38138,35.08,-89.80,TN8
38139,35.08,-89.75,TN8
38141,35.02,-89.85,TN9
38152,35.12,-89.94,TN8
38201,36.12,-88.53,TN8:79|TN5:21
38220,35.99,-88.67,TN8
38221,36.25,-88.03,TN5
38222,36.45,-88.16,TN5
38224,36.39,-88.49,TN5
38225,36.32,-88.67,TN5
38226,36.47,-88.66,TN5
38229,36.22,-88.61,TN5
38230,36.16,-88.77,TN5
38231,36.21,-88.43,TN5
38232,36.36,-89.32,TN5
38233,36.20,-89.04,TN8:53|TN5:47
38235,35.99,-88.58,TN8
38236,36.18,-88.28,TN5
38237,36.36,-88.83,TN5
38240,36.25,-89.32,TN5
38241,36.43,-88.59,TN5
38242,36.31,-88.34,TN5
38251,36.46,-88.36,TN5
38253,36.31,-89.06,TN5
38254,36.37,-89.35,TN5
38255,36.24,-88.86,TN5
38256,36.31,-88.12,TN5
38257,36.46,-88.89,TN5
38258,36.02,-88.61,TN8
38259,36.20,-89.18,TN5:94|TN8:6
38260,36.38,-89.21,TN5
38261,36.43,-89.11,TN5
38301,35.59,-88.85,TN8
38305,35.70,-88.76,TN8
38310,35.26,-88.41,TN9
38311,35.44,-88.10,TN8
38313,35.61,-88.62,TN8
38315,35.27,-88.62,TN9:93|TN8:7
38316,36.07,-88.82,TN8
38317,36.06,-88.26,TN8:96|TN5:4
38318,35.95,-88.24,TN8
38320,36.05,-88.11,TN5
38321,35.84,-88.53,TN8
38326,35.05,-88.28,MS1|TN9
38327,35.22,-88.30,TN9
38328,35.67,-88.21,TN8
38329,35.54,-88.11,TN8
38330,36.07,-89.03,TN8
38332,35.42,-88.43,TN8:91|TN9:9
38333,36.13,-87.95,TN5
38334,35.35,-88.59,TN9:59|TN8:41
38337,35.78,-89.03,TN8
38338,35.87,-88.85,TN8
38339,35.05,-88.51,TN9
38340,35.40,-88.68,TN8:98|TN9:2
38341,35.88,-88.08,TN5:81|TN8:19
38342,36.07,-88.29,TN8
38343,35.83,-88.93,TN8
38344,35.98,-88.43,TN8
38345,35.60,-88.51,TN8
38347,35.48,-88.50,TN8
38348,35.87,-88.65,TN8
38351,35.66,-88.40,TN8
38352,35.53,-88.53,TN8
38355,35.78,-88.78,TN8
38356,35.44,-88.89,TN8:76|TN9:24
38357,35.05,-88.41,TN9
38358,35.92,-88.76,TN8
38359,35.37,-88.35,TN9:93|TN8:7
38361,35.31,-88.30,TN9
38362,35.73,-88.79,TN8
38363,35.69,-88.11,TN8
38365,35.06,-88.24,TN9
38366,35.48,-88.74,TN8
38367,35.05,-88.62,TN9
38368,35.50,-88.36,TN8
38369,36.13,-88.94,TN8
38370,35.39,-88.25,TN9:93|TN8:7
38371,35.42,-88.30,TN8:76|TN9:24
38372,35.14,-88.16,TN9
38374,35.52,-88.24,TN8
38375,35.16,-88.59,TN9
38376,35.13,-88.35,TN9
38379,35.16,-88.43,TN9
38380,35.78,-88.04,TN8:86|TN5:14
38381,35.35,-88.96,TN9
38382,35.97,-88.98,TN8
38387,35.87,-88.28,TN8:95|TN5:5
38388,35.78,-88.31,TN8
38389,36.10,-89.12,TN8
38390,35.84,-88.38,TN8
38391,35.55,-88.99,TN8
38392,35.46,-89.03,TN8:87|TN9:13
38401,35.63,-87.02,TN5:54|TN9:46
38425,35.42,-87.97,TN9:95|TN8:5
38449,35.04,-86.83,TN9
38450,35.20,-87.67,TN9
38451,35.46,-86.99,TN9:58|TN5:42
38452,35.08,-87.79,TN9
38453,35.12,-86.81,TN9
38454,35.73,-87.34,TN5
38455,35.06,-86.89,TN9
38456,35.33,-87.27,TN9
38457,35.03,-87.28,TN9
38459,35.19,-86.80,TN9
38460,35.10,-87.16,TN9
38461,35.60,-87.34,TN5
38462,35.53,-87.54,TN5
38463,35.07,-87.65,TN9
38464,35.29,-87.43,TN9
38468,35.14,-87.29,TN9
38469,35.07,-87.42,TN9
38471,35.08,-87.93,TN9
38472,35.38,-87.04,TN9
38473,35.02,-87.17,TN9
38474,35.52,-87.23,TN5:95|TN9:5
38475,35.26,-88.02,TN9
38476,35.84,-87.21,TN5
38477,35.06,-87.02,TN9
38478,35.23,-87.01,TN9
38481,35.03,-87.49,TN9
38482,35.77,-87.15,TN5
38483,35.44,-87.33,TN9:76|TN5:24
38485,35.36,-87.78,TN9:99|TN5:1
38486,35.17,-87.54,TN9
38487,35.72,-87.23,TN5
38488,35.03,-86.69,TN9
38501,36.23,-85.53,TN6
38503,36.16,-85.51,TN6
38504,36.39,-84.74,TN6
38505,36.17,-85.51,TN6
38506,36.19,-85.43,TN6
38541,36.54,-85.34,TN6
38542,36.32,-85.20,TN6
38543,36.35,-85.15,TN6
38544,36.11,-85.65,TN6
38545,36.23,-85.66,TN6
38547,36.15,-86.01,TN6
38548,36.17,-85.79,TN6
38549,36.56,-85.15,KY1|TN6
38550,35.77,-85.63,TN4
38551,36.56,-85.49,TN6
38552,36.22,-85.81,TN6
38553,36.20,-85.00,TN6
38554,36.25,-85.16,TN6
38555,35.88,-84.98,TN6
38556,36.41,-84.93,TN6
38558,36.01,-84.87,TN6
38559,35.81,-85.51,TN6:78|TN4:22
38560,36.22,-85.86,TN6
38562,36.35,-85.66,TN6
38563,36.21,-86.02,TN6
38564,36.26,-85.75,TN6
38565,36.26,-85.01,TN6
38567,36.13,-85.93,TN6
38568,36.44,-85.47,TN6
38569,36.12,-85.86,TN6
38570,36.38,-85.33,TN6
38571,36.05,-85.01,TN6
38572,35.85,-85.13,TN6:98|TN4:2
38573,36.49,-85.22,TN6
38574,36.14,-85.23,TN6
38575,36.55,-85.63,TN6
38577,36.56,-84.95,TN6
38578,35.98,-85.20,TN6
38579,35.84,-85.55,TN6
38580,36.28,-85.30,TN6
38581,35.74,-85.62,TN4:98|TN6:2
38582,36.10,-85.76,TN6
38583,35.95,-85.43,TN6:99|TN4:1
38585,35.69,-85.41,TN4
38587,35.86,-85.61,TN6
38588,36.45,-85.73,TN6:93|TN7:7
38589,36.29,-85.08,TN6
38601,34.48,-89.45,MS1
38603,34.85,-89.14,MS1
38606,34.30,-89.95,MS2:99|MS1:1
38610,34.65,-89.03,MS1
38611,34.86,-89.68,MS1
38614,34.16,-90.61,MS2
38617,34.36,-90.49,MS2
38618,34.72,-89.94,MS1
38619,34.52,-89.82,MS2:74|MS1:26
38620,34.24,-89.92,MS2
38621,34.45,-90.17,MS2
38622,34.17,-90.13,MS2
38623,34.35,-90.31,MS2
38625,34.61,-88.84,MS1
38626,34.52,-90.43,MS2
38627,34.45,-89.24,MS1
38629,34.87,-88.99,MS1
38631,34.36,-90.63,MS2
38632,34.80,-90.02,MS1
38633,34.65,-89.19,MS1
38635,34.77,-89.49,MS1
38637,34.95,-90.05,MS1
38639,34.31,-90.43,MS2
38641,34.91,-90.17,MS1
38642,34.91,-89.34,MS1
38643,34.15,-90.26,MS2
38644,34.46,-90.48,MS2
38645,34.24,-90.48,MS2
38646,34.30,-90.32,MS2
38647,34.96,-89.22,MS1
38650,34.53,-89.14,MS1
38651,34.89,-90.00,MS1
38652,34.49,-89.00,MS1
38654,34.93,-89.82,MS1
38655,34.33,-89.49,MS1
38658,34.19,-89.90,MS2
38659,34.62,-89.33,MS1
38661,34.88,-89.54,MS1
38663,34.74,-88.90,MS1
38664,34.81,-90.33,MS2
38665,34.58,-90.17,MS1:82|MS2:18
38666,34.42,-89.93,MS2
38668,34.59,-89.92,MS1
38670,34.43,-90.29,MS2
38671,34.97,-90.00,MS1
38672,34.91,-89.93,MS1
38673,34.29,-89.64,MS1
38674,34.87,-88.89,MS1
38676,34.67,-90.37,MS2
38677,34.36,-89.54,MS1
38680,34.96,-90.15,MS1
38683,34.94,-88.85,MS1
38685,34.59,-89.49,MS1
38701,33.30,-91.03,MS2
38703,33.48,-91.05,MS2
38720,34.11,-90.79,MS2
38721,32.97,-90.75,MS2
38722,33.26,-90.89,MS2
38723,33.23,-91.04,MS2
38725,33.64,-91.06,MS2
38726,33.75,-90.98,MS2
38730,33.68,-90.80,MS2
38731,33.12,-91.13,MS2
38732,33.76,-90.73,MS2
38733,33.74,-90.74,MS2
38736,33.65,-90.54,MS2
38737,33.86,-90.50,MS2
38738,33.93,-90.53,MS2
38740,34.05,-90.81,MS2
38744,33.03,-91.05,MS2
38745,32.97,-91.04,MS2
38746,33.96,-90.99,MS2
38748,33.16,-90.88,MS2
38751,33.45,-90.67,MS2
38753,33.35,-90.58,MS2
38754,33.25,-90.62,MS2
38756,33.39,-90.86,MS2
38759,33.83,-90.74,MS2
38760,33.45,-90.99,MS2
38761,33.43,-90.47,MS2
38762,33.90,-90.73,MS2
38764,33.80,-90.88,MS2
38765,33.05,-90.89,MS2
38767,34.13,-90.81,MS2
38768,33.97,-90.48,MS2
38769,33.84,-90.98,AR1|MS2
38771,33.74,-90.52,MS2
38772,33.56,-91.09,MS2
38773,33.60,-90.77,MS2
38774,33.97,-90.77,MS2
38776,33.42,-90.93,MS2
38778,33.55,-90.51,MS2
38781,33.91,-90.76,MS2
38801,34.22,-88.77,MS1
38804,34.28,-88.67,MS1
38821,33.97,-88.44,MS1
38824,34.52,-88.64,MS1
38826,34.30,-88.85,MS1
38827,34.51,-88.24,MS1
38828,34.42,-88.86,MS1
38829,34.65,-88.54,MS1
38833,34.83,-88.34,MS1
38834,34.92,-88.56,MS1
38838,34.55,-88.26,MS1
38839,33.86,-89.28,MS1
38841,34.35,-89.02,MS1
38843,34.26,-88.38,MS1
38844,33.84,-88.26,MS1
38846,34.85,-88.38,MS1
38847,34.41,-88.23,MS1
38848,33.94,-88.28,MS1
38849,34.46,-88.70,MS1
38850,34.06,-89.06,MS1
38851,33.91,-88.97,MS1
38852,34.84,-88.22,AL4|MS1
38855,34.32,-88.48,MS1
38856,34.47,-88.46,MS1
38857,34.28,-88.57,MS1
38858,34.10,-88.53,MS1
38859,34.52,-88.37,MS1
38860,33.98,-88.76,MS1
38862,34.17,-88.62,MS1
38863,34.22,-89.03,MS1
38864,34.16,-89.21,MS1
38865,34.79,-88.60,MS1
38866,34.37,-88.68,MS1
38868,34.13,-88.74,MS1
38869,34.36,-88.84,MS1
38870,34.07,-88.34,MS1
38871,34.33,-89.21,MS1
38873,34.66,-88.25,MS1
38876,34.21,-88.23,MS1
38878,33.88,-89.19,MS1
38879,34.20,-88.71,MS1
38901,33.76,-89.80,MS2
38913,34.14,-89.38,MS1
38914,33.87,-89.47,MS1:92|MS2:8
38915,34.03,-89.39,MS1
38916,33.83,-89.35,MS1
38917,33.54,-89.98,MS2
38920,33.88,-90.04,MS2
38921,33.98,-90.14,MS2
38922,33.93,-89.65,MS2
38923,33.38,-89.99,MS2
38924,33.29,-90.22,MS2
38925,33.63,-89.62,MS2:98|MS1:2
38927,34.14,-90.03,MS2
38928,33.86,-90.29,MS2
38929,33.74,-89.52,MS2:86|MS1:14
38930,33.53,-90.14,MS2
38940,33.75,-90.03,MS2
38941,33.48,-90.36,MS2
38943,33.53,-89.84,MS2
38944,33.77,-90.34,MS2
38946,33.38,-90.36,MS2
38947,33.52,-89.92,MS2
38948,34.08,-89.89,MS2
38949,34.18,-89.43,MS1
38950,33.73,-90.20,MS2
38951,33.97,-89.29,MS1
38952,33.62,-90.33,MS2
38953,33.92,-89.93,MS2
38954,33.41,-90.22,MS2
38957,33.99,-90.37,MS2
38961,33.96,-89.89,MS2
38962,33.88,-90.19,MS2
38963,34.05,-90.31,MS2
38964,34.11,-90.39,MS2
38965,34.13,-89.59,MS2:79|MS1:21
38966,33.92,-90.32,MS2
38967,33.46,-89.72,MS2
39038,33.20,-90.47,MS2
39039,32.82,-90.23,MS2
39040,32.63,-90.41,MS2
39041,32.40,-90.47,MS2:99|MS3:1
39042,32.20,-89.89,MS3
39044,32.03,-89.97,MS3
39045,32.82,-89.78,MS2
39046,32.63,-89.99,MS2:72|MS3:28
39047,32.45,-89.95,MS3
39051,32.78,-89.51,MS2:98|MS3:2
39054,32.80,-90.94,MS2
39056,32.37,-90.35,MS2
39057,32.49,-89.28,MS3
39058,32.34,-90.33,MS2
39059,31.98,-90.35,MS2
39061,33.09,-90.80,MS2
39062,31.98,-89.90,MS3
39063,33.12,-89.90,MS2
39066,32.30,-90.61,MS2
39067,33.11,-89.45,MS2
39069,31.68,-91.04,MS2
39071,32.55,-90.32,MS3:56|MS2:44
39073,32.10,-90.14,MS3
39074,32.39,-89.47,MS3
39078,31.88,-90.19,MS2:99|MS3:1
39079,32.93,-89.89,MS2
39082,31.94,-90.12,MS3
39083,31.84,-90.47,MS2
39086,31.96,-90.76,MS2
39088,32.74,-90.75,MS2
39090,33.01,-89.54,MS2
39092,32.32,-89.36,MS3
39094,32.58,-89.68,MS3:51|MS2:49
39095,33.13,-90.12,MS2
39096,31.82,-91.12,MS2
39097,32.99,-90.61,MS2
39108,33.16,-89.33,MS2:51|MS1:29|MS3:20
39110,32.51,-90.14,MS3:99|MS2:1
39111,31.90,-89.72,MS3
39113,32.77,-91.12,MS2
39114,31.95,-89.82,MS3
39115,33.05,-90.56,MS2
39116,31.90,-89.54,MS3
39117,32.31,-89.66,MS3
39119,31.75,-89.67,MS3
39120,31.51,-91.36,MS2
39140,31.75,-90.02,MS3
39144,31.82,-90.79,MS2
39145,32.34,-89.79,MS3
39146,32.88,-89.99,MS2
39148,32.06,-90.00,MS3
39149,31.83,-90.01,MS3
39150,31.99,-90.99,MS2
39152,32.21,-89.59,MS3
39153,32.05,-89.49,MS3
39154,32.23,-90.44,MS2
39156,32.55,-90.78,MS2
39157,32.42,-90.17,MS3
39159,32.82,-90.91,MS2
39160,33.00,-89.75,MS2
39162,32.62,-90.62,MS2
39166,33.06,-90.48,MS2
39167,32.09,-90.04,MS3
39168,31.83,-89.41,MS3:76|MS4:24
39169,33.22,-90.25,MS2
39170,32.11,-90.33,MS2
39173,32.74,-90.47,MS2
39174,32.40,-90.16,MS2
39175,32.09,-90.62,MS2
39176,33.30,-89.75,MS2
39177,32.61,-90.82,MS2
39179,32.80,-90.10,MS2
39180,32.24,-90.89,MS2
39183,32.46,-90.82,MS2
39189,32.61,-89.40,MS2:87|MS3:13
39191,31.72,-90.41,MS2:63|MS3:37
39192,33.19,-89.75,MS2
39193,32.24,-90.07,MS3
39194,32.84,-90.52,MS2
39201,32.29,-90.18,MS2
39202,32.31,-90.17,MS2:54|MS3:46
39203,32.31,-90.20,MS2
39204,32.28,-90.24,MS2
39206,32.37,-90.17,MS2:97|MS3:3
39208,32.26,-90.09,MS3
39209,32.40,-90.29,MS2
39210,32.32,-90.18,MS2
39211,32.37,-90.12,MS3:67|MS2:33
39212,32.25,-90.26,MS2
39213,32.39,-90.22,MS2
39216,32.34,-90.16,MS3:78|MS2:22
39217,32.30,-90.21,MS2
39218,32.23,-90.16,MS3
39232,32.34,-90.09,MS3
39269,32.30,-90.19,MS2
39272,32.19,-90.26,MS2
39301,32.28,-88.59,MS3
39305,32.46,-88.73,MS3
39307,32.34,-88.79,MS3
39309,32.55,-88.55,MS3
39320,32.56,-88.75,MS3
39322,31.54,-88.50,MS4
39323,32.35,-88.92,MS3
39324,31.58,-88.70,MS4
39325,32.56,-88.88,MS3
39326,32.60,-88.66,MS3
39327,32.45,-89.12,MS3
39328,32.74,-88.70,MS3
39330,32.19,-88.86,MS3
39332,32.30,-89.00,MS3
39335,32.53,-88.49,MS3
39336,32.30,-89.26,MS3
39337,32.52,-89.00,MS3
39338,32.11,-89.23,MS3
39339,33.11,-89.00,MS3
39341,33.09,-88.56,MS3
39342,32.42,-88.65,MS3
39345,32.28,-89.12,MS3
39346,32.96,-89.10,MS3
39347,32.06,-88.94,MS3
39348,31.99,-89.04,MS3
39350,32.80,-89.13,MS3:99|MS2:1
39352,32.67,-88.48,MS3
39354,32.88,-88.84,MS3
39355,32.06,-88.62,MS3
39356,32.14,-89.04,MS3
39358,32.83,-88.45,MS3
39359,32.57,-89.33,MS3
39360,31.86,-88.75,MS3:64|MS4:36
39361,33.00,-88.60,MS3
39362,31.39,-88.54,MS4
39363,32.10,-88.78,MS3
39364,32.41,-88.49,MS3
39365,32.61,-89.12,MS3
39366,31.94,-88.90,MS3
39367,31.68,-88.67,MS4:99|MS3:1
39401,31.24,-89.26,MS4
39402,31.33,-89.41,MS4
39406,31.33,-89.34,MS4
39421,31.49,-89.72,MS3
39422,31.96,-89.27,MS3
39423,31.18,-88.91,MS4
39425,31.07,-89.06,MS4
39426,30.66,-89.66,MS4
39427,31.49,-89.83,MS3
39428,31.65,-89.57,MS3
39429,31.24,-89.78,MS3:99|MS4:1
39437,31.58,-89.22,MS4
39439,31.86,-89.00,MS3:92|MS4:8
39440,31.69,-89.15,MS4:86|MS3:14
39443,31.72,-89.08,MS4:65|MS3:35
39451,31.17,-88.62,MS4
39452,30.89,-88.59,MS4
39455,31.01,-89.47,MS4
39456,31.03,-88.83,MS4
39459,31.49,-89.30,MS4
39461,31.21,-88.73,MS4
39462,31.23,-89.06,MS4
39464,31.49,-89.06,MS4
39465,31.34,-89.19,MS4
39466,30.53,-89.62,MS4
39470,30.82,-89.57,MS4
39474,31.62,-89.85,MS3
39475,31.16,-89.41,MS4
39476,31.39,-88.87,MS4
39477,31.80,-89.04,MS3
39478,31.05,-89.86,MS3
39479,31.54,-89.46,MS3:84|MS4:16
39480,31.70,-89.32,MS4:96|MS3:4
39481,31.87,-89.24,MS3
39482,31.37,-89.58,MS4:86|MS3:14
39483,31.24,-89.93,MS3
39501,30.39,-89.10,MS4
39503,30.47,-89.14,MS4
39507,30.40,-89.03,MS4
39520,30.27,-89.48,MS4
39525,30.38,-89.37,MS4
39529,30.38,-89.61,MS4
39530,30.40,-88.89,MS4
39531,30.40,-88.97,MS4
39532,30.50,-88.98,MS4
39534,30.41,-88.92,MS4
39540,30.44,-88.90,MS4
39553,30.42,-88.65,MS4
39556,30.44,-89.43,MS4
39560,30.37,-89.16,MS4
39561,30.71,-89.15,MS4
39562,30.54,-88.49,MS4
39563,30.43,-88.53,MS4
39564,30.40,-88.77,MS4
39565,30.61,-88.76,MS4
39567,30.36,-88.56,MS4
39571,30.42,-89.28,MS4
39572,30.25,-89.60,MS4
39573,30.73,-89.09,MS4
39574,30.61,-89.11,MS4
39576,30.29,-89.38,MS4
39577,30.90,-89.09,MS4
39581,30.35,-88.49,MS4
39595,30.33,-88.58,MS4
39601,31.57,-90.48,MS3:99|MS2:1
39629,31.44,-90.46,MS3
39630,31.46,-90.85,MS2
39631,31.07,-91.13,MS2
39633,31.29,-91.17,MS2
39635,31.18,-90.45,MS3
39638,31.23,-91.00,MS2
39641,31.36,-90.18,MS3
39643,31.25,-90.01,MS3
39645,31.14,-90.79,MS2
39647,31.53,-90.71,MS2:90|MS3:10
39648,31.18,-90.39,MS3
39652,31.10,-90.47,MS3:88|MS2:12
39653,31.46,-90.87,MS2
39654,31.54,-90.15,MS3
39656,31.44,-89.93,MS3
39657,31.04,-90.51,MS3:77|MS2:23
39661,31.48,-91.08,MS2
39662,31.39,-90.29,MS3
39663,31.59,-90.04,MS3
39664,31.33,-90.67,MS2:84|MS3:16
39665,31.64,-90.21,MS3
39666,31.29,-90.50,MS3:89|MS2:11
39667,31.12,-90.13,MS3
39668,31.69,-90.79,MS2:71|MS3:29
39669,31.15,-91.36,MS2
39701,33.39,-88.50,MS1
39702,33.43,-88.35,MS1
39705,33.59,-88.44,MS1
39730,33.84,-88.57,MS1
39735,33.34,-89.19,MS1
39736,33.42,-88.64,MS1
39737,33.65,-89.34,MS1
39739,33.24,-88.58,MS3
39740,33.72,-88.32,MS1
39741,33.64,-88.85,MS1
39743,33.34,-88.62,MS1:68|MS3:32
39744,33.58,-89.30,MS1
39745,33.30,-89.47,MS1:75|MS2:25
39746,33.75,-88.41,MS1
39747,33.42,-89.54,MS2
39750,33.57,-89.04,MS1:95|MS3:5
39751,33.70,-89.09,MS1
39752,33.52,-89.15,MS1
39753,33.48,-88.63,MS1
39755,33.61,-88.96,MS1:78|MS3:22
39756,33.76,-88.74,MS1
39759,33.44,-88.83,MS3:99|MS1:1
39762,33.45,-88.80,MS3
39766,33.59,-88.32,MS1
39767,33.47,-89.45,MS1:70|MS2:30
39769,33.32,-89.02,MS1:71|MS3:29
39771,33.61,-89.28,MS1
39772,33.30,-89.30,MS1:98|MS2:1|MS3:1
39773,33.64,-88.67,MS1
39776,33.79,-89.03,MS1
39813,31.42,-84.68,GA2
39815,30.74,-84.49,GA2
39817,30.94,-84.60,GA2
39819,30.79,-84.65,GA2
39823,31.33,-84.95,GA2
39824,31.53,-84.86,GA2
39825,30.93,-84.74,GA2
39826,31.82,-84.32,GA2
39827,30.95,-84.21,GA2
39828,30.80,-84.23,GA2
39832,31.19,-85.03,GA2
39834,30.89,-84.43,GA2
39836,31.67,-84.87,GA2
39837,31.15,-84.68,GA2
39840,31.78,-84.76,GA2
39841,31.29,-84.69,GA2
39842,31.75,-84.44,GA2
39845,30.95,-84.89,GA2
39846,31.57,-84.75,GA2
39851,31.62,-84.99,GA2
39854,31.87,-85.05,GA2
39859,30.99,-84.81,GA2
39861,31.14,-84.99,GA2
39862,31.46,-84.52,GA2
39866,31.56,-84.60,GA2
39867,31.84,-84.93,GA2
39870,31.32,-84.41,GA2
39877,31.92,-84.51,GA2
39885,31.72,-84.34,GA2
39886,31.73,-84.62,GA2
39897,30.91,-84.33,GA2
40003,38.28,-85.04,KY4:91|KY1:9
40004,37.80,-85.47,KY4:52|KY2:48
40006,38.60,-85.33,KY4
40007,38.46,-85.01,KY4
40008,37.91,-85.28,KY4
40009,37.48,-85.09,KY1
40010,38.37,-85.46,KY4
40011,38.53,-85.17,KY4
40012,37.91,-85.17,KY4:92|KY1:8
40013,37.94,-85.48,KY4:87|KY2:13
40014,38.34,-85.43,KY4
40019,38.37,-85.18,KY4
40020,37.93,-85.39,KY4
40022,38.15,-85.34,KY4
40023,38.16,-85.42,KY2:53|KY4:47
40025,38.30,-85.66,KY3
40026,38.42,-85.52,KY4
40031,38.43,-85.40,KY4
40033,37.54,-85.23,KY1
40036,38.42,-84.95,KY4
40037,37.66,-85.42,KY1:92|KY2:8
40040,37.78,-85.07,KY1
40041,38.26,-85.66,KY3
40045,38.69,-85.35,KY4
40046,38.02,-85.17,KY4:89|KY1:11
40047,38.04,-85.55,KY2
40049,37.66,-85.40,KY1
40050,38.46,-85.18,KY4
40051,37.65,-85.58,KY2
40052,37.60,-85.49,KY2:79|KY1:21
40055,38.50,-85.33,KY4
40056,38.31,-85.49,KY4
40057,38.38,-85.06,KY4
40058,38.43,-85.17,KY4
40059,38.36,-85.58,KY3:58|KY4:42
40060,37.54,-85.47,KY1
40061,37.71,-85.26,KY1
40062,37.61,-85.44,KY1
40063,37.57,-85.34,KY1
40065,38.21,-85.21,KY4
40067,38.23,-85.37,KY4
40068,38.39,-85.29,KY4
40069,37.72,-85.21,KY1
40070,38.47,-85.24,KY4
40071,38.04,-85.38,KY4:90|KY2:10
40075,38.57,-85.11,KY4
40076,38.11,-85.09,KY4:87|KY1:13
40077,38.50,-85.44,KY4
40078,37.83,-85.14,KY1
40104,38.09,-86.33,KY2
40107,37.73,-85.60,KY2
40108,37.97,-86.17,KY2
40109,38.06,-85.75,KY2:99|KY3:1
40110,37.94,-85.65,KY2
40111,37.79,-86.62,KY2
40115,37.75,-86.23,KY2
40117,37.90,-86.12,KY2
40118,38.10,-85.76,KY3
40119,37.61,-86.55,KY2
40121,37.93,-85.96,KY2
40140,37.73,-86.28,KY2
40142,37.89,-86.20,KY2
40143,37.79,-86.50,KY2
40144,37.76,-86.38,KY2
40145,37.65,-86.31,KY2
40146,37.84,-86.31,KY2
40150,37.88,-85.68,KY2
40152,37.60,-86.45,KY2
40155,37.95,-85.99,KY2
40157,38.02,-86.38,KY2
40160,37.81,-85.93,KY2
40161,38.01,-86.40,KY2
40162,37.75,-86.04,KY2
40165,37.99,-85.70,KY2
40170,37.97,-86.49,KY2
40171,37.97,-86.44,KY2
40175,37.82,-86.09,KY2
40176,37.91,-86.35,KY2
40177,38.00,-85.92,KY2:91|KY3:9
40178,37.68,-86.42,KY2
40202,38.25,-85.75,KY3
40203,38.25,-85.77,KY3
40204,38.24,-85.72,KY3
40205,38.22,-85.68,KY3
40206,38.26,-85.70,KY3
40207,38.26,-85.66,KY3
40208,38.22,-85.77,KY3
40209,38.18,-85.74,KY3
40210,38.23,-85.79,KY3
40211,38.24,-85.82,KY3
40212,38.27,-85.80,KY3
40213,38.18,-85.72,KY3
40214,38.15,-85.78,KY3
40215,38.19,-85.79,KY3
40216,38.19,-85.84,KY3
40217,38.22,-85.74,KY3
40218,38.19,-85.66,KY3
40219,38.14,-85.69,KY3
40220,38.22,-85.62,KY3
40221,38.19,-85.75,KY3
40222,38.26,-85.61,KY3
40223,38.26,-85.54,KY3
40228,38.14,-85.64,KY3
40229,38.09,-85.66,KY3:68|KY2:32
40231,38.20,-85.70,KY3
40241,38.30,-85.58,KY3:99|KY4:1
40242,38.28,-85.59,KY3
40243,38.24,-85.53,KY3
40245,38.27,-85.45,KY2:54|KY3:39|KY4:7
40258,38.15,-85.87,KY3
40272,38.08,-85.85,KY3
40280,38.25,-85.69,KY3
40291,38.13,-85.58,KY3:86|KY2:14
40299,38.15,-85.52,KY3:93|KY2:7
40310,37.75,-84.77,KY6
40311,38.33,-84.00,KY6
40312,37.84,-83.93,KY6
40313,38.14,-83.40,KY5
40316,37.94,-83.52,KY5
40322,37.94,-83.63,KY5
40324,38.25,-84.55,KY6
40328,37.58,-85.01,KY1
40330,37.79,-84.89,KY6:97|KY1:3
40334,38.03,-83.75,KY6
40336,37.68,-83.99,KY6:99|KY5:1
40337,37.94,-83.85,KY6
40339,37.94,-84.64,KY6
40342,38.01,-84.97,KY6:83|KY1:17
40346,37.99,-83.74,KY5:69|KY6:31
40347,38.16,-84.73,KY6:92|KY1:8
40348,38.30,-84.15,KY6
40350,38.30,-83.87,KY6
40351,38.20,-83.43,KY5:99|KY6:1
40353,38.07,-83.95,KY6
40355,38.60,-84.87,KY4
40356,37.87,-84.57,KY6
40357,38.15,-84.11,KY6
40358,38.06,-83.68,KY5:91|KY6:9
40359,38.48,-84.81,KY4
40360,38.17,-83.77,KY5:59|KY6:41
40361,38.20,-84.21,KY6
40363,38.51,-85.01,KY4
40370,38.39,-84.53,KY6:79|KY4:21
40371,38.08,-83.60,KY5
40372,37.91,-84.89,KY6
40374,38.21,-83.90,KY6:69|KY5:31
40376,37.80,-83.72,KY6
40379,38.31,-84.69,KY6:93|KY1:6|KY4:1
40380,37.81,-83.80,KY6
40383,38.01,-84.74,KY6
40385,37.74,-84.13,KY6
40387,37.94,-83.49,KY5
40390,37.86,-84.68,KY6
40391,37.97,-84.15,KY6
40402,37.29,-83.98,KY5
40403,37.57,-84.26,KY6:96|KY5:4
40404,37.57,-84.29,KY6
40409,37.37,-84.43,KY5
40419,37.44,-84.49,KY5:86|KY6:14
40422,37.64,-84.81,KY1:98|KY5:2
40434,37.39,-83.94,KY5
40437,37.46,-84.84,KY5:79|KY1:21
40440,37.58,-84.84,KY1:99|KY5:1
40442,37.34,-84.74,KY5:53|KY1:47
40444,37.67,-84.58,KY6:98|KY5:2
40445,37.32,-84.21,KY5
40447,37.44,-84.05,KY5
40448,37.46,-84.76,KY5
40456,37.35,-84.32,KY5
40460,37.39,-84.25,KY5
40461,37.58,-84.41,KY6
40464,37.57,-84.93,KY1
40468,37.65,-84.98,KY1:96|KY6:4
40472,37.73,-83.86,KY6
40475,37.76,-84.30,KY6
40481,37.44,-84.08,KY5
40484,37.52,-84.67,KY5:99|KY6:1
40486,37.37,-83.86,KY5
40489,37.36,-84.65,KY5:93|KY1:7
40502,38.01,-84.48,KY6
40503,38.01,-84.53,KY6
40504,38.04,-84.54,KY6
40505,38.06,-84.46,KY6
40507,38.05,-84.50,KY6
40508,38.06,-84.51,KY6
40509,38.01,-84.37,KY6
40510,38.07,-84.58,KY6
40511,38.14,-84.46,KY6
40513,38.02,-84.61,KY6
40514,37.98,-84.57,KY6
40515,37.92,-84.41,KY6
40516,38.07,-84.36,KY6
40517,37.98,-84.49,KY6
40526,38.03,-84.50,KY6
40536,38.03,-84.51,KY6
40601,38.23,-84.87,KY1:97|KY4:1|KY6:1
40701,36.91,-84.17,KY5
40729,37.25,-84.14,KY5
40734,36.93,-83.98,KY5
40737,37.01,-84.15,KY5
40740,37.02,-84.04,KY5
40741,37.13,-84.12,KY5
40744,37.03,-84.11,KY5
40759,36.81,-84.06,KY5
40763,36.69,-83.93,KY5
40769,36.70,-84.19,KY5
40771,36.86,-84.04,KY5
40801,36.86,-83.25,KY5
40803,37.05,-83.42,KY5
40806,36.89,-83.30,KY5
40807,36.96,-82.96,KY5
40808,37.01,-83.29,KY5
40810,36.94,-83.28,KY5
40813,36.71,-83.59,KY5
40815,36.79,-83.23,KY5
40816,37.01,-83.37,KY5
40818,36.82,-83.24,KY5
40819,36.80,-83.44,KY5
40820,36.80,-83.16,KY5
40823,36.96,-82.99,KY5
40824,36.83,-83.38,KY5
40826,37.04,-82.77,KY5
40827,37.04,-83.51,KY5
40828,36.87,-83.15,KY5
40829,36.80,-83.30,KY5
40830,36.78,-83.33,KY5
40831,36.76,-83.33,KY5
40840,36.94,-83.42,KY5
40843,36.89,-82.93,KY5
40844,37.06,-83.34,KY5
40845,36.78,-83.50,KY5
40847,36.85,-83.16,KY5
40849,36.90,-83.14,KY5
40854,36.85,-83.36,KY5
40855,36.93,-82.89,KY5
40856,36.72,-83.53,KY5
40858,37.01,-83.41,KY5
40862,37.02,-82.86,KY5
40863,36.73,-83.43,KY5
40865,36.92,-83.21,KY5
40868,37.10,-83.43,KY5
40870,36.94,-83.15,KY5
40873,36.81,-83.40,KY5
40874,36.99,-83.47,KY5
40902,36.86,-83.60,KY5
40903,36.80,-83.80,KY5
40906,36.88,-83.87,KY5
40913,36.94,-83.56,KY5
40914,37.09,-83.57,KY5
40915,36.89,-83.81,KY5
40921,36.79,-83.90,KY5
40923,36.92,-83.85,KY5
40927,36.90,-83.01,KY5
40935,36.96,-83.75,KY5
40939,36.81,-83.72,KY5
40940,36.60,-83.94,KY5
40941,37.13,-83.75,KY5
40943,36.96,-83.85,KY5
40946,36.96,-83.82,KY5
40949,36.90,-83.87,KY5
40953,36.94,-83.80,KY5
40958,36.81,-83.60,KY5
40962,37.16,-83.72,KY5
40964,36.78,-83.34,KY5
40965,36.62,-83.73,KY5|TN2
40972,37.24,-83.59,KY5
40977,36.72,-83.73,KY5
40979,37.01,-83.49,KY5
40981,37.28,-83.49,KY5
40982,36.94,-83.68,KY5
40983,37.35,-83.73,KY5
40988,36.87,-83.52,KY5
40995,36.75,-83.82,KY5
40997,36.89,-83.66,KY5
41001,38.91,-84.40,KY4
41002,38.74,-83.97,KY4
41003,38.53,-84.39,KY4
41004,38.64,-84.09,KY4
41005,39.01,-84.76,KY4
41006,38.78,-84.35,KY4
41007,38.89,-84.31,KY4
41008,38.65,-85.18,KY4
41010,38.50,-84.61,KY4:97|KY6:3
41011,39.07,-84.53,KY4
41014,39.06,-84.50,KY4
41015,38.98,-84.48,KY4
41016,39.09,-84.55,KY4
41017,39.03,-84.56,KY4
41018,39.01,-84.60,KY4
41030,38.78,-84.59,KY4
41031,38.41,-84.30,KY4:96|KY6:4
41033,38.77,-84.48,KY4
41034,38.69,-83.90,KY4
41035,38.72,-84.65,KY4
41039,38.41,-83.87,KY6:96|KY4:4
41040,38.65,-84.33,KY4
41041,38.41,-83.72,KY6
41042,38.99,-84.65,KY4
41043,38.76,-84.20,KY4
41044,38.61,-83.97,KY4
41045,38.72,-85.02,KY4
41046,38.71,-84.80,KY4
41048,39.09,-84.70,KY4
41049,38.27,-83.64,KY6:98|KY5:2
41051,38.93,-84.54,KY4
41052,38.66,-84.78,KY4
41055,38.53,-83.87,KY4:95|KY6:5
41056,38.60,-83.78,KY4
41059,39.00,-84.35,KY4
41063,38.86,-84.51,KY4
41064,38.51,-84.06,KY4
41071,39.07,-84.48,KY4
41073,39.10,-84.48,KY4
41074,39.11,-84.47,KY4
41075,39.08,-84.46,KY4
41076,39.02,-84.44,KY4
41080,39.05,-84.82,KY4
41083,38.67,-84.98,KY4
41085,39.03,-84.39,KY4
41086,38.70,-84.88,KY4
41091,38.91,-84.74,KY4
41092,38.82,-84.69,KY4
41093,38.38,-83.55,KY6:85|KY4:15
41094,38.88,-84.62,KY4
41095,38.77,-84.75,KY4
41097,38.62,-84.58,KY4
41098,38.60,-84.99,KY4
41101,38.48,-82.65,KY5:92|KY4:8
41102,38.43,-82.73,KY5:98|KY4:2
41121,38.44,-82.83,KY4
41124,38.02,-82.86,KY5
41129,38.32,-82.66,KY5
41132,38.26,-82.82,KY5
41135,38.36,-83.27,KY4
41139,38.51,-82.73,KY4
41141,38.57,-83.14,KY4
41142,38.28,-83.07,KY5
41143,38.33,-82.98,KY5:91|KY4:9
41144,38.52,-82.93,KY4
41146,38.28,-82.90,KY5
41149,38.10,-83.08,KY5
41159,38.01,-82.98,KY5
41164,38.29,-83.16,KY5:84|KY4:16
41166,38.63,-83.10,KY4
41168,38.31,-82.75,KY5
41169,38.53,-82.74,KY4
41171,38.05,-83.18,KY5
41174,38.71,-83.01,KY4
41175,38.65,-82.97,KY4
41179,38.54,-83.37,KY4
41180,38.15,-82.88,KY5
41181,38.21,-82.87,KY5
41183,38.55,-82.74,KY4
41189,38.55,-83.56,KY4
41201,38.06,-82.76,KY5
41203,37.85,-82.46,KY5
41204,37.81,-82.67,KY5
41214,37.83,-82.58,KY5
41216,37.73,-82.81,KY5
41219,37.93,-82.92,KY5
41222,37.76,-82.86,KY5
41224,37.81,-82.55,KY5
41226,37.97,-82.95,KY5
41230,38.06,-82.67,KY5
41231,37.79,-82.38,KY5
41232,37.95,-82.73,KY5
41234,37.80,-82.75,KY5
41238,37.83,-82.95,KY5
41240,37.82,-82.78,KY5
41250,37.71,-82.45,KY5
41254,37.89,-82.72,KY5
41255,37.92,-82.83,KY5
41256,37.82,-82.88,KY5
41257,37.91,-82.80,KY5
41260,37.83,-82.75,KY5
41262,37.85,-82.63,KY5
41263,37.86,-82.76,KY5
41264,37.92,-82.68,KY5
41265,37.76,-82.72,KY5
41267,37.88,-82.44,KY5
41268,37.79,-82.79,KY5
41271,37.83,-82.72,KY5
41274,37.86,-82.81,KY5
41301,37.72,-83.49,KY5
41310,37.64,-83.25,KY5
41311,37.58,-83.72,KY5
41314,37.44,-83.64,KY5
41317,37.47,-83.21,KY5
41332,37.81,-83.37,KY5
41339,37.52,-83.27,KY5
41348,37.41,-83.30,KY5
41351,37.34,-83.59,KY5
41352,37.83,-83.34,KY5
41360,37.80,-83.61,KY5:98|KY6:2
41364,37.37,-83.66,KY5
41365,37.71,-83.63,KY5
41366,37.62,-83.22,KY5
41367,37.42,-83.23,KY5
41385,37.66,-83.31,KY5
41386,37.48,-83.80,KY5
41390,37.41,-83.38,KY5
41397,37.66,-83.66,KY5
41408,37.80,-83.29,KY5
41421,37.99,-83.19,KY5
41425,37.89,-83.42,KY5
41464,37.65,-82.95,KY5
41465,37.73,-83.09,KY5
41472,37.94,-83.25,KY5
41501,37.51,-82.52,KY5
41503,37.66,-82.28,KY5
41512,37.25,-82.48,KY5
41513,37.35,-82.34,KY5
41514,37.67,-82.32,KY5
41517,37.19,-82.60,KY5
41519,37.58,-82.32,KY5
41522,37.32,-82.40,KY5
41524,37.43,-82.23,KY5
41526,37.43,-82.51,KY5
41527,37.63,-82.29,KY5
41528,37.55,-82.14,KY5
41531,37.60,-82.23,KY5
41534,37.28,-82.50,KY5
41535,37.59,-82.28,KY5
41537,37.21,-82.61,KY5
41538,37.30,-82.59,KY5
41539,37.50,-82.32,KY5
41540,37.39,-82.34,KY5
41543,37.55,-82.28,KY5
41544,37.60,-82.17,KY5
41547,37.54,-82.09,KY5
41548,37.38,-82.25,KY5
41553,37.48,-82.16,KY5
41554,37.43,-82.34,KY5
41555,37.54,-82.26,KY5
41557,37.49,-82.41,KY5
41558,37.54,-82.21,KY5
41559,37.38,-82.39,KY5
41560,37.39,-82.58,KY5
41562,37.40,-82.47,KY5
41563,37.22,-82.54,KY5
41564,37.60,-82.37,KY5
41566,37.41,-82.19,KY5
41567,37.57,-82.29,KY5
41568,37.50,-82.04,KY5
41571,37.63,-82.44,KY5
41572,37.31,-82.64,KY5
41601,37.61,-82.72,KY5
41602,37.75,-82.75,KY5
41603,37.57,-82.70,KY5
41604,37.39,-82.66,KY5
41605,37.56,-82.63,KY5
41606,37.34,-82.73,KY5
41607,37.63,-82.86,KY5
41612,37.35,-82.72,KY5
41615,37.54,-82.69,KY5
41616,37.57,-82.88,KY5
41619,37.48,-82.73,KY5
41621,37.63,-82.73,KY5
41622,37.50,-82.80,KY5
41630,37.45,-82.89,KY5
41631,37.47,-82.65,KY5
41632,37.56,-82.95,KY5
41635,37.48,-82.63,KY5
41636,37.40,-82.73,KY5
41640,37.47,-82.92,KY5
41642,37.59,-82.65,KY5
41643,37.44,-82.84,KY5
41645,37.53,-82.80,KY5
41647,37.43,-82.73,KY5
41649,37.57,-82.78,KY5
41650,37.34,-82.68,KY5
41651,37.47,-82.76,KY5
41653,37.66,-82.76,KY5
41655,37.51,-82.74,KY5
41659,37.59,-82.59,KY5
41660,37.41,-82.63,KY5
41663,37.57,-82.66,KY5
41666,37.44,-82.81,KY5
41667,37.31,-82.69,KY5
41669,37.33,-82.71,KY5
41701,37.30,-83.18,KY5
41712,37.38,-83.14,KY5
41713,37.23,-83.28,KY5
41714,37.16,-83.50,KY5
41719,37.30,-83.25,KY5
41721,37.32,-83.49,KY5
41722,37.41,-83.10,KY5
41723,37.26,-83.31,KY5
41725,37.32,-83.03,KY5
41727,37.37,-83.28,KY5
41729,37.27,-83.22,KY5
41731,37.09,-83.08,KY5
41735,37.02,-83.10,KY5
41739,37.32,-83.13,KY5
41740,37.36,-83.05,KY5
41745,37.34,-83.44,KY5
41746,37.21,-83.09,KY5
41749,37.22,-83.43,KY5
41751,37.22,-83.13,KY5
41754,37.30,-83.33,KY5
41759,37.23,-83.03,KY5
41760,37.19,-83.09,KY5
41762,37.21,-83.50,KY5
41763,37.07,-83.11,KY5
41764,37.12,-83.25,KY5
41766,37.18,-83.45,KY5
41772,37.41,-83.01,KY5
41773,37.26,-82.99,KY5
41774,37.15,-83.15,KY5
41775,37.10,-83.34,KY5
41776,37.19,-83.31,KY5
41777,37.05,-83.23,KY5
41778,37.27,-83.32,KY5
41804,37.15,-83.00,KY5
41810,37.18,-82.67,KY5
41812,37.25,-82.74,KY5
41815,37.15,-82.80,KY5
41817,37.37,-82.88,KY5
41819,36.99,-83.09,KY5
41821,37.06,-83.01,KY5
41822,37.32,-82.98,KY5
41824,37.19,-82.87,KY5
41825,37.23,-82.71,KY5
41826,37.19,-82.92,KY5
41828,37.29,-82.79,KY5
41831,37.39,-82.95,KY5
41832,37.17,-82.96,KY5
41833,37.03,-82.99,KY5
41834,37.25,-82.96,KY5
41835,37.22,-82.67,KY5
41836,37.26,-82.90,KY5
41837,37.13,-82.76,KY5
41838,37.20,-82.76,KY5
41839,37.43,-82.89,KY5
41840,37.20,-82.72,KY5
41843,37.28,-82.86,KY5
41844,37.31,-82.87,KY5
41845,37.14,-82.90,KY5
41847,37.20,-82.97,KY5
41848,37.12,-82.94,KY5
41849,37.17,-82.73,KY5
41855,37.18,-82.78,KY5
41858,37.16,-82.85,KY5
41859,37.39,-82.77,KY5
41861,37.38,-82.82,KY5
41862,37.34,-82.77,KY5
42001,37.03,-88.71,KY1
42003,37.00,-88.58,KY1
42020,36.69,-88.29,KY1
42021,36.81,-88.99,KY1
42022,37.14,-88.94,KY1
42023,36.87,-88.99,KY1
42024,37.08,-89.05,KY1
42025,36.86,-88.33,KY1
42027,36.92,-88.64,KY1
42028,37.24,-88.34,KY1
42029,37.01,-88.38,KY1
42031,36.69,-88.99,KY1
42032,36.74,-89.11,KY1
42035,36.91,-88.84,KY1
42036,36.71,-88.23,KY1
42037,37.16,-88.18,KY1
42038,37.05,-88.03,KY1
42039,36.79,-88.83,KY1
42040,36.61,-88.50,KY1
42041,36.55,-88.88,KY1
42044,36.96,-88.26,KY1
42045,37.07,-88.27,KY1
42047,37.29,-88.40,KY1
42048,36.75,-88.30,KY1
42049,36.52,-88.32,KY1
42050,36.54,-89.19,KY1
42051,36.86,-88.64,KY1
42053,37.11,-88.88,KY1
42054,36.72,-88.43,KY1
42055,37.08,-88.17,KY1
42056,37.11,-88.99,KY1
42058,37.06,-88.47,KY1
42060,36.97,-88.83,KY1
42061,36.88,-88.77,KY1
42064,37.34,-88.10,KY1
42066,36.73,-88.64,KY1
42069,36.92,-88.76,KY1
42071,36.62,-88.28,KY1
42076,36.57,-88.11,KY1
42078,37.28,-88.29,KY1
42079,36.54,-88.58,KY1
42081,37.24,-88.39,KY1
42082,36.92,-88.50,KY1
42083,37.16,-88.29,KY1
42085,36.57,-88.80,KY1
42086,37.08,-88.77,KY1
42087,36.97,-88.99,KY1
42088,36.62,-88.75,KY1
42101,37.06,-86.46,KY2
42103,36.97,-86.33,KY2
42104,36.88,-86.45,KY2:99|KY1:1
42120,36.68,-86.28,KY1
42122,36.86,-86.35,KY2:98|KY1:2
42123,36.82,-86.00,KY2
42124,36.86,-85.65,KY1
42127,37.13,-85.93,KY2
42129,36.99,-85.59,KY1
42130,36.93,-85.79,KY2
42131,36.83,-85.91,KY2
42133,36.73,-85.96,KY1:65|KY2:35
42134,36.73,-86.56,KY1
42140,36.66,-85.83,KY1
42141,36.94,-85.90,KY2
42151,36.66,-85.54,KY1
42153,36.69,-86.05,KY1
42154,37.04,-85.73,KY1:85|KY2:15
42156,36.86,-86.05,KY2
42157,36.78,-85.82,KY1
42159,37.00,-86.25,KY2
42160,37.11,-86.09,KY2
42163,37.08,-86.13,KY2
42164,36.77,-86.18,KY1
42166,36.87,-85.73,KY1:77|KY2:23
42167,36.72,-85.67,KY1
42170,36.86,-86.57,KY2:63|KY1:37
42171,37.04,-86.17,KY2
42202,36.68,-86.84,KY1
42204,36.70,-87.09,KY1
42206,36.89,-86.74,KY1:63|KY2:37
42207,37.29,-86.27,KY2
42210,37.21,-86.31,KY2
42211,36.82,-87.83,KY1
42214,37.13,-85.70,KY1:84|KY2:16
42215,36.99,-87.68,KY1
42217,37.05,-87.47,KY1
42220,36.91,-87.19,KY1
42223,36.64,-87.47,KY1|TN5
42232,36.86,-87.66,KY1
42234,36.72,-87.18,KY1
42236,36.71,-87.61,KY1
42240,36.88,-87.46,KY1
42252,37.23,-86.50,KY2
42254,36.66,-87.64,KY1
42256,37.01,-86.95,KY1:85|KY2:15
42259,37.23,-86.16,KY2
42261,37.22,-86.65,KY2
42262,36.69,-87.45,KY1
42265,36.74,-87.00,KY1
42266,36.75,-87.36,KY1
42273,37.20,-86.86,KY2
42274,36.95,-86.60,KY2
42275,37.23,-86.45,KY2
42276,36.86,-86.88,KY1
42280,36.96,-87.10,KY1
42285,37.26,-86.30,KY2
42286,36.73,-87.27,KY1
42301,37.74,-87.25,KY2
42303,37.76,-87.05,KY2
42320,37.33,-86.87,KY2
42321,37.18,-87.04,KY2
42322,37.62,-87.39,KY2
42323,37.17,-87.03,KY2
42324,37.14,-87.01,KY2
42325,37.32,-87.27,KY2
42326,37.24,-87.01,KY2
42327,37.58,-87.30,KY2
42328,37.43,-87.05,KY2
42330,37.31,-87.12,KY2
42332,37.25,-87.09,KY2
42333,37.38,-86.76,KY2
42337,37.20,-86.95,KY2
42338,37.55,-86.79,KY2
42339,37.12,-86.96,KY2
42343,37.65,-86.69,KY2
42344,37.27,-87.32,KY2
42345,37.14,-87.20,KY2
42347,37.52,-86.89,KY2
42348,37.83,-86.77,KY2
42349,37.43,-86.68,KY2
42350,37.46,-87.19,KY2
42351,37.90,-86.87,KY2
42352,37.51,-87.09,KY2
42354,37.38,-86.93,KY2
42355,37.86,-86.99,KY2
42356,37.69,-87.32,KY2
42361,37.51,-86.71,KY2
42366,37.72,-86.94,KY2
42367,37.24,-87.16,KY2
42368,37.71,-86.75,KY2
42369,37.34,-86.99,KY2
42370,37.45,-86.74,KY2
42371,37.51,-87.29,KY2
42372,37.41,-87.28,KY2
42374,37.33,-87.14,KY2
42376,37.62,-87.09,KY2
42378,37.65,-86.87,KY2
42404,37.48,-87.84,KY1
42406,37.71,-87.69,KY1
42408,37.18,-87.69,KY1
42409,37.54,-87.69,KY1
42410,37.28,-87.51,KY1
42411,37.20,-88.01,KY1
42413,37.44,-87.46,KY1
42420,37.80,-87.52,KY1
42431,37.34,-87.48,KY1
42436,37.42,-87.56,KY1
42437,37.65,-87.92,KY1
42440,37.24,-87.47,KY1
42441,37.36,-87.66,KY1
42442,37.18,-87.48,KY1
42444,37.64,-87.65,KY1
42445,37.13,-87.86,KY1
42450,37.37,-87.80,KY1
42451,37.88,-87.39,KY1
42452,37.68,-87.54,KY1
42453,37.16,-87.59,KY1
42455,37.58,-87.53,KY1
42456,37.51,-87.51,KY1
42458,37.85,-87.43,KY1
42459,37.57,-88.02,KY1
42461,37.80,-87.89,KY1
42462,37.74,-87.79,KY1
42463,37.48,-87.87,KY1
42464,37.18,-87.36,KY1:93|KY2:7
42501,37.06,-84.45,KY5
42503,37.16,-84.52,KY5
42516,37.22,-84.78,KY1
42518,36.91,-84.64,KY5
42519,36.96,-84.54,KY5
42528,37.18,-85.02,KY1
42533,37.07,-84.59,KY5
42539,37.31,-84.95,KY1
42541,37.37,-84.81,KY1
42544,37.03,-84.82,KY5:91|KY1:9
42553,37.18,-84.70,KY5
42565,37.14,-84.91,KY1
42566,37.28,-84.78,KY1
42567,37.27,-84.60,KY5
42602,36.73,-85.12,TN6|KY1:99|KY5:1
42603,36.78,-85.01,KY5:65|KY1:35
42629,36.91,-85.14,KY1
42631,36.74,-84.48,KY5
42633,36.80,-84.83,KY5
42634,36.89,-84.42,KY5
42635,36.68,-84.40,KY5
42638,36.67,-84.47,KY5
42642,37.06,-85.04,KY1:99|KY5:1
42647,36.68,-84.63,KY5
42649,36.63,-84.42,KY5
42653,36.78,-84.45,KY5
42701,37.70,-85.84,KY2
42712,37.56,-86.16,KY2
42713,37.38,-85.87,KY2
42715,36.94,-85.41,KY1
42716,37.49,-85.68,KY2:97|KY1:3
42717,36.78,-85.39,KY1
42718,37.39,-85.38,KY1:97|KY2:3
42721,37.42,-86.50,KY2
42722,37.28,-85.72,KY2
42724,37.68,-86.07,KY2
42726,37.42,-86.15,KY2
42728,37.12,-85.29,KY1
42729,37.31,-86.10,KY2
42732,37.61,-86.10,KY2
42733,37.34,-85.19,KY1
42740,37.59,-85.95,KY2
42741,36.98,-85.26,KY1
42742,37.08,-85.47,KY1
42743,37.23,-85.53,KY2:98|KY1:2
42746,37.20,-85.74,KY2:92|KY1:8
42748,37.57,-85.69,KY2
42749,37.18,-85.88,KY2:94|KY1:6
42753,37.24,-85.16,KY1
42754,37.48,-86.31,KY2
42757,37.41,-85.74,KY2
42758,37.38,-85.20,KY1
42759,36.83,-85.51,KY1
42762,37.46,-86.39,KY2
42764,37.45,-85.62,KY2
42765,37.31,-85.93,KY2
42776,37.51,-85.93,KY2
42782,37.34,-85.64,KY2
42784,37.45,-85.93,KY2
42788,37.53,-86.03,KY2
43001,40.09,-82.61,OH12
43002,40.06,-83.17,OH15
43003,40.41,-82.97,OH4
43004,40.02,-82.80,OH3
43005,40.28,-82.27,OH12
43006,40.46,-82.15,OH12
43007,40.33,-83.40,OH4
43008,39.93,-82.48,OH12
43009,40.17,-83.64,OH4
43010,40.00,-83.62,OH4
43011,40.30,-82.68,OH12:87|OH4:13
43013,40.23,-82.68,OH12
43014,40.47,-82.25,OH12
43015,40.30,-83.06,OH4:87|OH12:13
43016,40.10,-83.15,OH15:92|OH4:8|OH12:1
43017,40.12,-83.13,OH15:82|OH4:18
43018,39.95,-82.68,OH12
43019,40.50,-82.59,OH12:78|OH4:22
43021,40.20,-82.87,OH12
43022,40.35,-82.34,OH12
43023,40.07,-82.53,OH12
43025,39.97,-82.52,OH12
43026,40.02,-83.18,OH15
43027,40.25,-82.52,OH12
43028,40.40,-82.30,OH12
43029,40.10,-83.44,OH15:71|OH4:29
43030,39.97,-82.41,OH12
43031,40.16,-82.67,OH12
43032,40.33,-82.96,OH12
43033,39.96,-82.60,OH12
43035,40.19,-83.00,OH12:98|OH4:2
43036,40.35,-83.26,OH4
43037,40.28,-82.32,OH12
43040,40.26,-83.36,OH4
43044,40.05,-83.55,OH4:97|OH15:3
43045,40.17,-83.46,OH4
43046,39.90,-82.54,OH12
43047,40.21,-83.64,OH4
43050,40.36,-82.50,OH12
43054,40.07,-82.80,OH3:99|OH12:1
43055,40.11,-82.38,OH12
43056,40.01,-82.33,OH12
43060,40.22,-83.57,OH4
43061,40.29,-83.20,OH4
43062,40.00,-82.68,OH12
43064,40.10,-83.29,OH4:59|OH15:41
43065,40.18,-83.09,OH12:69|OH15:16|OH4:16
43066,40.40,-83.17,OH4
43067,40.34,-83.48,OH4
43068,39.96,-82.78,OH3:56|OH12:35|OH15:9
43070,40.22,-83.96,OH4
43071,40.18,-82.36,OH12
43072,40.12,-83.95,OH4
43074,40.27,-82.85,OH12
43076,39.90,-82.39,OH12
43077,40.14,-83.34,OH4
43078,40.12,-83.79,OH4
43080,40.24,-82.43,OH12
43081,40.11,-82.89,OH3
43082,40.16,-82.89,OH12
43084,40.15,-83.56,OH4
43085,40.10,-83.01,OH3
43101,39.46,-82.75,OH2
43102,39.64,-82.76,OH12:92|OH2:5|OH15:3
43103,39.73,-82.94,OH15
43105,39.87,-82.61,OH12
43106,39.64,-83.42,OH15
43107,39.69,-82.41,OH12:96|OH2:4
43109,39.92,-82.83,OH15
43110,39.83,-82.80,OH15:80|OH12:20
43111,39.50,-82.24,OH2
43112,39.78,-82.67,OH12
43113,39.59,-82.96,OH15:99|OH12:1
43115,39.49,-83.17,OH2:90|OH15:10
43116,39.77,-83.06,OH15
43117,39.77,-83.21,OH15
43119,39.94,-83.21,OH15
43123,39.87,-83.12,OH15
43125,39.84,-82.89,OH15
43126,39.81,-83.17,OH15
43127,39.48,-82.32,OH2
43128,39.66,-83.59,OH15
43130,39.70,-82.61,OH12
43135,39.47,-82.71,OH2:84|OH15:16
43136,39.80,-82.82,OH12
43137,39.81,-82.99,OH15
43138,39.52,-82.41,OH2
43140,39.88,-83.43,OH15
43142,39.59,-83.59,OH15
43143,39.71,-83.29,OH15
43144,39.53,-82.20,OH2
43145,39.56,-83.26,OH15
43146,39.77,-83.14,OH15
43147,39.90,-82.74,OH12:99|OH15:1
43148,39.82,-82.50,OH12
43149,39.54,-82.58,OH2
43150,39.78,-82.41,OH12:97|OH2:3
43151,39.73,-83.48,OH15
43152,39.39,-82.62,OH2
43153,39.74,-83.56,OH15:99|OH10:1
43154,39.60,-82.83,OH12:77|OH15:23
43155,39.63,-82.54,OH12:66|OH2:34
43156,39.55,-82.78,OH15
43157,39.84,-82.55,OH12
43158,39.45,-82.35,OH2
43160,39.53,-83.44,OH15:99|OH2:1
43162,39.95,-83.32,OH15
43164,39.58,-83.12,OH15:97|OH2:3
43201,39.99,-83.00,OH3
43202,40.02,-83.01,OH3
43203,39.97,-82.97,OH3
43204,39.96,-83.08,OH15
43205,39.96,-82.96,OH3
43206,39.94,-82.97,OH3:74|OH15:26
43207,39.90,-82.96,OH15:78|OH3:22
43209,39.95,-82.93,OH3
43210,40.01,-83.02,OH3
43211,40.01,-82.97,OH3
43212,39.99,-83.04,OH3
43213,39.97,-82.86,OH3
43214,40.05,-83.02,OH3
43215,39.97,-83.01,OH3:63|OH15:37
43217,39.82,-82.94,OH15
43218,40.02,-82.92,OH3
43219,40.01,-82.92,OH3
43220,40.05,-83.07,OH3:98|OH15:2
43221,40.02,-83.08,OH3:67|OH15:33
43222,39.96,-83.03,OH15
43223,39.93,-83.03,OH15
43224,40.04,-82.96,OH3
43227,39.94,-82.89,OH3
43228,39.96,-83.13,OH15
43229,40.09,-82.98,OH3
43230,40.04,-82.87,OH3
43231,40.08,-82.94,OH3
43232,39.92,-82.87,OH15:51|OH3:49
43235,40.08,-83.08,OH3:69|OH15:31
43240,40.15,-82.98,OH12
43302,40.60,-83.13,OH4
43310,40.53,-83.78,OH4
43311,40.36,-83.76,OH4
43314,40.65,-82.96,OH4:97|OH5:3
43315,40.48,-82.87,OH4
43316,40.95,-83.38,OH5
43317,40.48,-82.68,OH4
43318,40.31,-83.91,OH4
43319,40.30,-83.58,OH4
43320,40.59,-82.90,OH4
43321,40.46,-82.83,OH4
43322,40.53,-83.21,OH4
43323,40.73,-83.25,OH5:95|OH4:5
43324,40.44,-83.81,OH4
43325,40.67,-82.83,OH4
43326,40.64,-83.61,OH4
43330,40.81,-83.42,OH5
43331,40.52,-83.92,OH4
43332,40.59,-83.37,OH4:98|OH5:2
43333,40.43,-83.92,OH4
43334,40.40,-82.80,OH4:97|OH12:3
43336,40.28,-83.58,OH4
43337,40.68,-83.27,OH4:92|OH5:8
43338,40.56,-82.76,OH4
43340,40.53,-83.50,OH4
43341,40.60,-83.32,OH4
43342,40.47,-83.18,OH4
43343,40.31,-84.00,OH4
43344,40.43,-83.34,OH4
43345,40.51,-83.59,OH4
43346,40.58,-83.85,OH4
43347,40.48,-83.66,OH4
43348,40.46,-83.89,OH4
43350,40.40,-82.70,OH4
43351,40.83,-83.31,OH5
43356,40.45,-83.04,OH4
43357,40.25,-83.75,OH4
43358,40.41,-83.54,OH4
43359,40.87,-83.45,OH5
43360,40.33,-83.64,OH4
43402,41.41,-83.65,OH5
43403,41.38,-83.64,OH5
43406,41.34,-83.44,OH5
43407,41.28,-83.25,OH5
43408,41.57,-83.36,OH9
43410,41.31,-82.96,OH5
43412,41.63,-83.32,OH9
43413,41.25,-83.66,OH5
43414,41.45,-83.62,OH5
43416,41.48,-83.27,OH9:96|OH5:4
43420,41.36,-83.11,OH5
43430,41.52,-83.38,OH9:94|OH5:6
43431,41.39,-83.34,OH5
43432,41.56,-83.25,OH9
43433,41.50,-82.88,OH9
43434,41.69,-83.44,OH9
43435,41.33,-83.31,OH5
43436,41.71,-82.83,OH9
43437,41.25,-83.60,OH5
43438,41.60,-82.71,OH9
43439,41.52,-83.04,OH9
43440,41.52,-82.77,OH9
43442,41.43,-83.22,OH5:98|OH9:2
43443,41.46,-83.47,OH5
43445,41.56,-83.31,OH9
43446,41.69,-82.81,OH9
43447,41.57,-83.43,OH5:82|OH9:18
43449,41.53,-83.14,OH9:99|OH5:1
43450,41.40,-83.49,OH5
43451,41.32,-83.62,OH5
43452,41.51,-82.95,OH9
43456,41.65,-82.83,OH9
43457,41.27,-83.43,OH5
43458,41.53,-83.21,OH9
43460,41.60,-83.56,OH9
43462,41.28,-83.72,OH5
43463,41.51,-83.51,OH5
43464,41.42,-82.92,OH5:76|OH9:24
43465,41.57,-83.50,OH5
43466,41.29,-83.51,OH5
43467,41.24,-83.49,OH5
43468,41.60,-83.35,OH9
43469,41.46,-83.36,OH5:95|OH9:5
43501,41.67,-84.46,OH9
43502,41.53,-84.30,OH9
43504,41.70,-83.83,OH9
43505,41.52,-84.73,OH9
43506,41.47,-84.56,OH9
43510,41.46,-83.95,OH9
43511,41.26,-83.82,OH5:92|OH9:8
43512,41.30,-84.36,OH9
43515,41.59,-84.01,OH9
43516,41.21,-83.92,OH9:88|OH5:12
43517,41.43,-84.73,OH9
43518,41.60,-84.76,OH9
43519,41.42,-84.41,OH9
43520,41.38,-84.64,OH9
43521,41.66,-84.30,OH9
43522,41.42,-83.83,OH5:54|OH9:46
43523,41.34,-84.00,OH9
43524,41.23,-84.04,OH9
43525,41.47,-83.70,OH5
43526,41.31,-84.73,OH9
43527,41.25,-84.16,OH9
43528,41.63,-83.75,OH9
43529,41.19,-83.78,OH5
43530,41.33,-84.29,OH9
43531,41.64,-84.50,OH9
43532,41.45,-83.96,OH9
43533,41.69,-84.08,OH9
43534,41.35,-83.93,OH9
43535,41.31,-84.02,OH9
43536,41.31,-84.63,OH9
43537,41.57,-83.69,OH9
43540,41.69,-83.94,OH9
43541,41.30,-83.83,OH5
43542,41.57,-83.77,OH9
43543,41.61,-84.65,OH9
43545,41.39,-84.13,OH9
43547,41.49,-83.88,OH9
43548,41.19,-84.17,OH9
43549,41.37,-84.53,OH9
43551,41.52,-83.58,OH9:67|OH5:33
43553,41.53,-84.22,OH9
43554,41.66,-84.56,OH9
43555,41.44,-84.26,OH9
43556,41.30,-84.56,OH9
43557,41.49,-84.39,OH9
43558,41.59,-83.88,OH9
43560,41.70,-83.74,OH9
43565,41.42,-83.74,OH5
43566,41.49,-83.76,OH9
43567,41.58,-84.16,OH9
43569,41.35,-83.79,OH5
43570,41.59,-84.44,OH9
43571,41.51,-83.81,OH9
43604,41.65,-83.54,OH9
43605,41.65,-83.51,OH9
43606,41.67,-83.61,OH9
43607,41.65,-83.60,OH9
43608,41.68,-83.53,OH9
43609,41.63,-83.58,OH9
43610,41.68,-83.56,OH9
43611,41.70,-83.49,OH9
43612,41.72,-83.55,OH9
43613,41.71,-83.60,OH9
43614,41.60,-83.63,OH9
43615,41.65,-83.67,OH9
43616,41.66,-83.41,OH9
43617,41.66,-83.73,OH9
43619,41.60,-83.47,OH9:66|OH5:34
43620,41.67,-83.55,OH9
43623,41.70,-83.65,OH9
43701,39.96,-82.00,OH12
43711,39.84,-81.58,OH12
43713,39.99,-81.17,OH6
43716,39.83,-81.01,OH12:82|OH6:18
43717,39.79,-81.55,OH12
43718,40.02,-81.00,OH6
43719,40.00,-81.09,OH6
43720,39.80,-81.88,OH12:97|OH2:3
43721,39.95,-82.26,OH12
43722,39.92,-81.52,OH12
43723,39.96,-81.54,OH12
43724,39.72,-81.50,OH12
43725,40.04,-81.60,OH12
43727,39.88,-81.80,OH12
43728,39.48,-81.90,OH2
43730,39.64,-82.09,OH2
43731,39.73,-82.06,OH12:66|OH2:34
43732,39.84,-81.66,OH12
43733,39.93,-81.54,OH12
43734,39.88,-81.91,OH12
43735,39.86,-82.11,OH12
43736,40.06,-81.24,OH12
43738,39.86,-82.14,OH12
43739,39.90,-82.29,OH12
43740,39.95,-82.22,OH12
43746,39.97,-82.18,OH12
43747,39.86,-81.12,OH12:67|OH6:33
43748,39.69,-82.32,OH2:94|OH12:6
43749,40.16,-81.56,OH12:98|OH6:2
43750,40.00,-81.51,OH12
43754,39.75,-81.24,OH12
43755,40.05,-81.43,OH12
43756,39.69,-81.80,OH2:99|OH12:1
43758,39.63,-81.95,OH2
43759,40.06,-81.07,OH6
43760,39.89,-82.19,OH12
43761,39.67,-82.15,OH2
43762,40.03,-81.74,OH12
43764,39.71,-82.18,OH12:90|OH2:10
43766,39.59,-82.25,OH2
43767,40.01,-81.81,OH12
43768,40.04,-81.44,OH12
43771,39.84,-81.95,OH12
43772,39.89,-81.53,OH12
43773,39.98,-81.30,OH12
43777,39.83,-82.10,OH12
43778,40.01,-81.37,OH12
43779,39.82,-81.43,OH12
43780,39.91,-81.44,OH12
43782,39.62,-82.21,OH2
43783,39.80,-82.28,OH12
43786,39.71,-81.28,OH12
43787,39.52,-81.80,OH2
43788,39.81,-81.33,OH12
43791,39.88,-82.09,OH12
43793,39.75,-81.10,OH12
43802,40.09,-81.85,OH12
43804,40.45,-81.74,OH6:80|OH12:20
43805,40.39,-81.97,OH12
43811,40.19,-81.94,OH12
43812,40.26,-81.88,OH12
43821,40.14,-82.00,OH12
43822,40.18,-82.16,OH12
43824,40.36,-81.76,OH12:93|OH6:7
43830,40.06,-82.14,OH12
43832,40.27,-81.58,OH6:82|OH12:18
43836,40.21,-81.72,OH12
43837,40.30,-81.48,OH6:93|OH12:7
43840,40.40,-81.60,OH6:99|OH12:1
43842,40.14,-82.01,OH12
43843,40.35,-82.18,OH12
43844,40.33,-82.05,OH12
43845,40.26,-81.73,OH12
43901,40.22,-80.87,OH6
43902,39.88,-80.95,OH6
43903,40.47,-80.97,OH6
43905,40.11,-80.83,OH6
43906,40.01,-80.81,OH6
43907,40.25,-81.02,OH6
43908,40.51,-80.87,OH6
43909,40.07,-80.81,OH6
43910,40.37,-80.83,OH6
43912,40.09,-80.79,OH6
43913,40.27,-80.64,OH6
43914,39.78,-80.95,OH12
43915,39.75,-80.93,OH12
43917,40.22,-80.79,OH6
43920,40.68,-80.59,OH6
43925,40.45,-80.86,OH6
43926,40.51,-80.62,OH6
43928,40.01,-80.88,OH6
43930,40.56,-80.76,OH6
43931,39.67,-80.87,OH12
43932,40.53,-80.75,OH6
43933,39.94,-80.90,OH6
43934,40.08,-80.79,OH6
43935,40.12,-80.74,OH6
43938,40.30,-80.67,OH6
43939,40.17,-80.80,OH6
43940,40.03,-80.83,OH6
43942,39.86,-80.86,OH6:95|OH12:5
43943,40.21,-80.73,OH6
43944,40.44,-80.77,OH6
43945,40.63,-80.85,OH6
43946,39.65,-80.97,OH12
43947,39.96,-80.79,OH6
43948,40.27,-80.78,OH6
43950,40.10,-80.92,OH6
43951,40.11,-81.01,OH6
43952,40.41,-80.67,OH6
43953,40.35,-80.70,OH6
43961,40.52,-80.63,OH6
43962,40.67,-80.89,OH6
43963,40.17,-80.70,OH6
43964,40.48,-80.66,OH6
43967,40.02,-80.95,OH6
43968,40.63,-80.68,OH6
43971,40.16,-80.72,OH6
43972,40.10,-80.97,OH6
43973,40.19,-81.28,OH6:57|OH12:43
43974,40.18,-80.89,OH6
43976,40.38,-80.90,OH6
43977,40.15,-81.11,OH6
43981,40.18,-80.99,OH6
43983,40.14,-81.20,OH6:77|OH12:23
43985,40.16,-81.13,OH6
43986,40.38,-80.99,OH6
43988,40.40,-81.10,OH6
44001,41.37,-82.26,OH5
44003,41.62,-80.59,OH14
44004,41.86,-80.79,OH14
44010,41.77,-80.85,OH14
44011,41.45,-82.01,OH5
44012,41.50,-82.02,OH5
44017,41.37,-81.86,OH7
44021,41.44,-81.14,OH14
44022,41.45,-81.40,OH11:58|OH14:33|OH7:9
44023,41.38,-81.29,OH14
44024,41.57,-81.19,OH14
44026,41.53,-81.32,OH14
44028,41.30,-81.94,OH5
44030,41.90,-80.58,OH14
44032,41.67,-80.67,OH14
44035,41.37,-82.14,OH5
44039,41.38,-82.02,OH5
44040,41.53,-81.41,OH11
44041,41.78,-80.95,OH14
44044,41.27,-82.04,OH5
44045,41.74,-81.29,OH14
44046,41.54,-81.08,OH14
44047,41.73,-80.74,OH14
44048,41.85,-80.64,OH14
44049,41.27,-82.31,OH5
44050,41.25,-82.13,OH5
44052,41.46,-82.17,OH5
44053,41.43,-82.22,OH5
44054,41.47,-82.09,OH5
44055,41.43,-82.13,OH5
44056,41.31,-81.50,OH13
44057,41.76,-81.06,OH14
44060,41.68,-81.33,OH14
44062,41.45,-81.03,OH14
44064,41.60,-81.03,OH14
44065,41.45,-81.23,OH14
44067,41.31,-81.54,OH13
44068,41.91,-80.68,OH14
44070,41.41,-81.92,OH7
44072,41.47,-81.32,OH14
44074,41.29,-82.24,OH5
44076,41.53,-80.81,OH14
44077,41.70,-81.21,OH14
44080,41.37,-81.06,OH14
44081,41.76,-81.14,OH14
44082,41.76,-80.57,OH14
44084,41.67,-80.90,OH14
44085,41.60,-80.87,OH14
44086,41.68,-81.06,OH14
44087,41.32,-81.44,OH13
44089,41.39,-82.38,OH9:58|OH5:42
44090,41.17,-82.23,OH5:99|OH7:1
44092,41.60,-81.47,OH14
44093,41.54,-80.61,OH14
44094,41.61,-81.38,OH14
44095,41.65,-81.44,OH14
44099,41.55,-80.98,OH14
44101,41.49,-81.67,OH11
44102,41.48,-81.74,OH11
44103,41.52,-81.64,OH11
44104,41.48,-81.63,OH11
44105,41.45,-81.63,OH11
44106,41.51,-81.61,OH11
44107,41.49,-81.80,OH11
44108,41.54,-81.61,OH11
44109,41.45,-81.70,OH11
44110,41.57,-81.57,OH11
44111,41.46,-81.79,OH11
44112,41.54,-81.57,OH11
44113,41.48,-81.70,OH11
44114,41.52,-81.68,OH11
44115,41.49,-81.67,OH11
44116,41.47,-81.85,OH7
44117,41.57,-81.53,OH11
44118,41.50,-81.56,OH11
44119,41.59,-81.55,OH11
44120,41.47,-81.58,OH11
44121,41.53,-81.53,OH11
44122,41.47,-81.51,OH11
44123,41.60,-81.52,OH11
44124,41.50,-81.47,OH11
44125,41.41,-81.61,OH11:94|OH7:6
44126,41.44,-81.85,OH7
44127,41.47,-81.65,OH11
44128,41.44,-81.54,OH11
44129,41.39,-81.74,OH7
44130,41.38,-81.79,OH7
44131,41.38,-81.65,OH7
44132,41.61,-81.50,OH11
44133,41.32,-81.75,OH7
44134,41.38,-81.70,OH7:99|OH11:1
44135,41.43,-81.82,OH11
44136,41.31,-81.81,OH7
44137,41.41,-81.56,OH11
44138,41.37,-81.92,OH7
44139,41.38,-81.44,OH7
44140,41.49,-81.93,OH7
44141,41.30,-81.62,OH7:97|OH13:3
44142,41.40,-81.83,OH7
44143,41.55,-81.47,OH11
44144,41.44,-81.74,OH7:53|OH11:47
44145,41.45,-81.93,OH7
44146,41.38,-81.53,OH11:81|OH7:19
44147,41.32,-81.68,OH7
44149,41.31,-81.85,OH7
44201,41.03,-81.18,OH14:99|OH6:1
44202,41.32,-81.34,OH14:82|OH13:18
44203,41.02,-81.63,OH13
44212,41.24,-81.83,OH7
44214,40.95,-82.00,OH7
44215,41.07,-81.90,OH7
44216,40.95,-81.58,OH13:99|OH7:1
44217,40.95,-81.91,OH7
44221,41.14,-81.47,OH13
44223,41.17,-81.53,OH13
44224,41.18,-81.44,OH13
44230,40.96,-81.69,OH7
44231,41.30,-81.07,OH14
44232,40.93,-81.46,OH13
44233,41.25,-81.74,OH7
44234,41.33,-81.15,OH14
44235,41.03,-82.12,OH7
44236,41.25,-81.45,OH13
44240,41.13,-81.34,OH13:75|OH14:25
44241,41.24,-81.35,OH13:96|OH14:4
44243,41.15,-81.34,OH13
44250,41.02,-81.43,OH13
44251,41.03,-81.93,OH7
44253,41.16,-82.03,OH7:89|OH5:11
44254,41.05,-82.01,OH7
44255,41.29,-81.23,OH14:98|OH13:2
44256,41.14,-81.86,OH7
44260,41.04,-81.34,OH14:71|OH13:22|OH6:7
44262,41.14,-81.44,OH13
44264,41.23,-81.54,OH13
44266,41.17,-81.20,OH14:98|OH13:2
44270,40.96,-81.77,OH7
44272,41.09,-81.18,OH14
44273,41.03,-81.88,OH7
44274,41.10,-81.73,OH7
44275,41.10,-82.11,OH7:97|OH5:3
44276,40.94,-81.84,OH7
44278,41.09,-81.42,OH13:97|OH14:3
44280,41.24,-81.93,OH7:98|OH5:2
44281,41.06,-81.74,OH7:99|OH13:1
44285,41.16,-81.06,OH14
44286,41.23,-81.64,OH13
44287,40.94,-82.10,OH7
44288,41.24,-81.08,OH14
44301,41.04,-81.52,OH13
44302,41.09,-81.54,OH13
44303,41.10,-81.54,OH13
44304,41.09,-81.51,OH13
44305,41.08,-81.46,OH13
44306,41.04,-81.48,OH13
44307,41.07,-81.55,OH13
44308,41.08,-81.52,OH13
44310,41.11,-81.50,OH13
44311,41.06,-81.52,OH13
44312,41.01,-81.44,OH13
44313,41.13,-81.57,OH13
44314,41.04,-81.56,OH13
44319,40.99,-81.53,OH13
44320,41.07,-81.58,OH13
44321,41.10,-81.65,OH13
44325,41.08,-81.51,OH13
44333,41.16,-81.63,OH13:99|OH7:1
44401,41.03,-80.94,OH14:96|OH6:4
44402,41.40,-80.85,OH14
44403,41.24,-80.58,OH14
44404,41.32,-80.56,OH14
44405,41.08,-80.59,OH6
44406,41.01,-80.77,OH14:90|OH6:10
44408,40.88,-80.69,OH6
44410,41.35,-80.73,OH14
44411,41.05,-81.06,OH14
44412,41.09,-81.02,OH14
44413,40.85,-80.55,OH6
44415,40.77,-80.70,OH6
44417,41.43,-80.66,OH14
44418,41.31,-80.60,OH14
44420,41.17,-80.67,OH14
44423,40.75,-80.90,OH6
44424,41.32,-80.58,OH14
44425,41.17,-80.58,OH14:99|OH6:1
44427,40.71,-80.96,OH6
44428,41.43,-80.59,OH14
44429,41.10,-80.97,OH14
44430,41.24,-80.91,OH14
44431,40.84,-80.75,OH6
44432,40.75,-80.75,OH6
44436,41.06,-80.54,OH6
44437,41.16,-80.73,OH14:99|OH6:1
44438,41.24,-80.53,OH14
44439,41.45,-80.96,OH14
44440,41.14,-80.81,OH14:93|OH6:7
44441,40.76,-80.55,OH6
44442,40.97,-80.55,OH6
44443,40.92,-80.59,OH6
44444,41.18,-80.98,OH14
44445,40.85,-80.62,OH6
44446,41.19,-80.75,OH14
44449,40.97,-81.02,OH6:59|OH14:41
44450,41.45,-80.82,OH14
44451,41.09,-80.87,OH14
44452,40.95,-80.66,OH6
44454,40.92,-80.55,OH6
44455,40.77,-80.61,OH6
44460,40.90,-80.87,OH6:99|OH14:1
44470,41.30,-80.97,OH14
44471,41.05,-80.59,OH6
44473,41.25,-80.66,OH14
44481,41.18,-80.90,OH14
44483,41.26,-80.82,OH14
44484,41.24,-80.75,OH14
44485,41.24,-80.85,OH14
44490,40.90,-80.77,OH6
44491,41.37,-80.96,OH14
44493,40.82,-80.89,OH6
44502,41.08,-80.64,OH6
44503,41.10,-80.65,OH6
44504,41.12,-80.65,OH6:97|OH14:3
44505,41.13,-80.62,OH6:61|OH14:39
44506,41.09,-80.63,OH6
44507,41.07,-80.66,OH6
44509,41.11,-80.70,OH6
44510,41.12,-80.67,OH6
44511,41.07,-80.70,OH6:76|OH14:24
44512,41.03,-80.67,OH6
44514,41.00,-80.61,OH6
44515,41.10,-80.76,OH14:53|OH6:47
44555,41.11,-80.65,OH6
44601,40.92,-81.13,OH6
44606,40.73,-81.80,OH6
44607,40.70,-81.03,OH6
44608,40.66,-81.59,OH6
44609,40.91,-80.99,OH6
44610,40.56,-81.80,OH12
44611,40.61,-82.07,OH12:93|OH6:7
44612,40.63,-81.48,OH6
44613,40.71,-81.61,OH6
44614,40.89,-81.59,OH6:85|OH13:15
44615,40.57,-81.08,OH6
44618,40.77,-81.68,OH6
44619,40.91,-80.95,OH6
44620,40.59,-81.23,OH6
44621,40.43,-81.29,OH6
44622,40.55,-81.48,OH6
44624,40.62,-81.66,OH6
44625,40.71,-81.02,OH6
44626,40.69,-81.39,OH6:96|OH13:4
44627,40.66,-81.84,OH6:81|OH12:19
44628,40.54,-82.15,OH12
44629,40.35,-81.45,OH6
44630,40.93,-81.40,OH13
44632,40.96,-81.31,OH6:68|OH13:28|OH14:5
44633,40.63,-81.94,OH12
44634,40.84,-81.04,OH6
44637,40.48,-82.03,OH12
44638,40.65,-82.13,OH12:77|OH7:16|OH6:7
44639,40.45,-81.21,OH6
44640,40.99,-81.15,OH6
44641,40.86,-81.25,OH6:98|OH13:2
44643,40.64,-81.31,OH6
44644,40.69,-81.18,OH6
44645,40.91,-81.72,OH7:50|OH6:49|OH13:1
44646,40.81,-81.50,OH6:69|OH13:31
44647,40.79,-81.56,OH6:94|OH13:6
44651,40.62,-80.96,OH6
44652,40.90,-81.33,OH13
44653,40.44,-81.37,OH6
44654,40.54,-81.87,OH12:79|OH6:21
44656,40.57,-81.33,OH6
44657,40.74,-81.09,OH6
44659,40.69,-81.70,OH6
44660,40.62,-81.77,OH6
44661,40.59,-82.12,OH12
44662,40.71,-81.56,OH6
44663,40.46,-81.45,OH6
44665,40.84,-80.99,OH6
44666,40.84,-81.64,OH6
44667,40.83,-81.77,OH7:72|OH6:28
44669,40.79,-81.15,OH6
44670,40.76,-81.19,OH6
44671,40.65,-81.37,OH6
44672,40.92,-81.03,OH6
44675,40.50,-81.25,OH6
44676,40.69,-82.03,OH6:78|OH12:22
44677,40.87,-81.86,OH7
44678,40.56,-81.36,OH6
44680,40.60,-81.54,OH6
44681,40.50,-81.66,OH6
44682,40.40,-81.40,OH6
44683,40.36,-81.33,OH6
44685,40.96,-81.42,OH13:75|OH6:25
44687,40.54,-81.71,OH6
44688,40.68,-81.26,OH6
44689,40.65,-81.66,OH6
44690,40.61,-81.69,OH6
44691,40.81,-81.98,OH7:71|OH6:29
44693,40.30,-81.19,OH6
44695,40.44,-81.17,OH6
44697,40.61,-81.41,OH6
44699,40.29,-81.29,OH6
44702,40.80,-81.38,OH13
44703,40.81,-81.38,OH13
44704,40.80,-81.34,OH13
44705,40.83,-81.33,OH13
44706,40.75,-81.42,OH13:68|OH6:32
44707,40.76,-81.35,OH13:99|OH6:1
44708,40.82,-81.44,OH13:65|OH6:35
44709,40.84,-81.39,OH13
44710,40.79,-81.43,OH13:70|OH6:30
44714,40.84,-81.36,OH13
44718,40.85,-81.45,OH13
44720,40.90,-81.43,OH13
44721,40.89,-81.32,OH13:97|OH6:3
44730,40.77,-81.27,OH6:87|OH13:13
44802,41.05,-83.42,OH5
44804,41.11,-83.54,OH5
44805,40.87,-82.32,OH7:98|OH5:2
44807,41.06,-82.86,OH5
44809,41.13,-83.29,OH5
44811,41.25,-82.85,OH5:95|OH9:5
44813,40.60,-82.53,OH4:96|OH12:4
44814,41.32,-82.47,OH9
44815,41.25,-83.24,OH5
44817,41.20,-83.55,OH5
44818,41.00,-82.99,OH5
44820,40.82,-82.97,OH5
44822,40.56,-82.40,OH4:68|OH12:32
44824,41.38,-82.81,OH9:97|OH5:3
44825,40.95,-82.94,OH5
44826,41.24,-82.48,OH5:91|OH9:9
44827,40.82,-82.76,OH5
44828,41.23,-82.86,OH5
44830,41.17,-83.40,OH5
44833,40.71,-82.80,OH5:84|OH4:16
44836,41.24,-83.06,OH5
44837,41.02,-82.47,OH5:91|OH7:9
44838,40.77,-82.26,OH7
44839,41.38,-82.55,OH9
44840,40.79,-82.17,OH7
44841,41.25,-83.31,OH5
44842,40.65,-82.22,OH7:88|OH12:12
44843,40.69,-82.41,OH4:92|OH5:6|OH7:2
44844,40.99,-83.26,OH5
44846,41.32,-82.61,OH9:89|OH5:11
44847,41.23,-82.71,OH5:81|OH9:19
44849,40.81,-83.13,OH5:98|OH4:2
44850,41.04,-82.68,OH5
44851,41.11,-82.39,OH5:95|OH7:5
44853,41.06,-83.30,OH5
44854,40.94,-82.87,OH5
44855,41.11,-82.57,OH5
44856,40.79,-82.86,OH5
44857,41.22,-82.58,OH5:99|OH9:1
44859,41.02,-82.33,OH7:95|OH5:5
44861,41.24,-83.15,OH5
44864,40.67,-82.32,OH7:79|OH4:21
44865,40.99,-82.69,OH5
44866,40.92,-82.20,OH7
44867,41.15,-82.98,OH5
44870,41.42,-82.71,OH9
44874,40.97,-82.37,OH7
44875,40.89,-82.65,OH5
44878,40.95,-82.52,OH5:97|OH7:3
44880,41.03,-82.22,OH7:92|OH5:8
44881,40.87,-82.88,OH5
44882,40.95,-83.14,OH5
44883,41.12,-83.17,OH5
44887,40.92,-82.79,OH5
44889,41.25,-82.38,OH5:74|OH9:26
44890,41.09,-82.71,OH5
44901,40.76,-82.51,OH5
44902,40.76,-82.51,OH4:78|OH5:22
44903,40.78,-82.53,OH5:53|OH4:46
44904,40.66,-82.61,OH4:75|OH5:25
44905,40.78,-82.47,OH5:94|OH4:6
44906,40.76,-82.58,OH5:79|OH4:21
44907,40.73,-82.52,OH4:87|OH5:13
45001,39.14,-84.71,OH1
45002,39.20,-84.76,OH1:98|OH8:2
45003,39.59,-84.79,OH8
45005,39.53,-84.29,OH1:99|OH10:1
45011,39.43,-84.50,OH8:99|OH10:1
45013,39.41,-84.65,OH8
45014,39.33,-84.55,OH8
45015,39.37,-84.56,OH8
45030,39.26,-84.76,OH1
45032,39.50,-84.01,OH1
45033,39.18,-84.76,OH1
45034,39.36,-84.25,OH1
45036,39.44,-84.22,OH1
45039,39.32,-84.24,OH1
45040,39.35,-84.31,OH1
45041,39.21,-84.70,OH1
45042,39.56,-84.42,OH10:93|OH8:5|OH1:2
45044,39.48,-84.41,OH10:61|OH8:35|OH1:4
45050,39.44,-84.37,OH10:59|OH8:41
45051,39.10,-84.66,OH1
45052,39.14,-84.78,OH1
45053,39.35,-84.79,OH8
45054,39.44,-84.09,OH1
45055,39.46,-84.51,OH8
45056,39.49,-84.74,OH8
45062,39.48,-84.56,OH8
45064,39.57,-84.61,OH8
45065,39.37,-84.21,OH1
45066,39.55,-84.22,OH1:95|OH10:5
45067,39.49,-84.49,OH10:92|OH8:8
45068,39.53,-84.04,OH1:98|OH10:2
45069,39.34,-84.41,OH8
45070,39.59,-84.56,OH8
45101,38.70,-83.73,OH2
45102,39.02,-84.20,OH2
45103,39.09,-84.14,OH2
45105,38.75,-83.61,OH2
45106,38.95,-84.06,OH2
45107,39.29,-83.98,OH1:84|OH2:16
45111,39.20,-84.29,OH1
45112,38.79,-84.14,OH2
45113,39.40,-83.99,OH1
45115,38.81,-83.71,OH2
45118,39.17,-83.92,OH2:97|OH15:3
45119,38.88,-84.00,OH2
45120,38.83,-84.09,OH2
45121,38.87,-83.91,OH2
45122,39.23,-84.13,OH2:94|OH1:6
45123,39.35,-83.39,OH15:86|OH2:14
45130,38.91,-84.00,OH2
45131,38.79,-83.97,OH2
45132,39.34,-83.60,OH15
45133,39.16,-83.57,OH15:99|OH2:1
45135,39.35,-83.54,OH15:97|OH1:3
45140,39.25,-84.25,OH2:52|OH1:48
45142,39.21,-83.80,OH15:83|OH1:9|OH2:8
45144,38.71,-83.62,OH2
45146,39.31,-83.80,OH1
45147,39.21,-84.30,OH2
45148,39.29,-83.89,OH1:95|OH2:5
45150,39.17,-84.23,OH2
45152,39.35,-84.12,OH1
45153,38.86,-84.19,OH2
45154,39.06,-83.92,OH2:95|OH15:5
45155,39.04,-83.75,OH15
45156,38.81,-84.21,OH2
45157,38.95,-84.23,OH2
45158,39.18,-84.08,OH2
45159,39.34,-83.69,OH1:63|OH15:37
45160,39.12,-84.14,OH2
45162,39.27,-84.07,OH1:63|OH2:37
45164,39.55,-83.79,OH1
45166,39.48,-83.69,OH1
45167,38.78,-83.79,OH2
45168,38.85,-83.77,OH2
45169,39.51,-83.65,OH1:92|OH15:6|OH10:2
45171,39.01,-83.79,OH2:77|OH15:23
45172,39.07,-83.39,OH15
45174,39.16,-84.31,OH1
45176,39.08,-84.03,OH2
45177,39.46,-83.84,OH1
45202,39.11,-84.50,OH1
45203,39.11,-84.53,OH1
45204,39.09,-84.58,OH1
45205,39.11,-84.58,OH1
45206,39.13,-84.48,OH1
45207,39.14,-84.47,OH1
45208,39.14,-84.43,OH1
45209,39.15,-84.43,OH1
45211,39.16,-84.60,OH1:60|OH8:40
45212,39.16,-84.45,OH1
45213,39.18,-84.42,OH1:82|OH8:18
45214,39.12,-84.53,OH1
45215,39.24,-84.46,OH8:92|OH1:8
45216,39.20,-84.48,OH1:92|OH8:8
45217,39.17,-84.50,OH1
45218,39.27,-84.52,OH8
45219,39.13,-84.51,OH1
45220,39.15,-84.52,OH1
45223,39.17,-84.55,OH1
45224,39.20,-84.53,OH1:72|OH8:28
45225,39.14,-84.56,OH1
45226,39.11,-84.42,OH1
45227,39.15,-84.39,OH1:53|OH8:47
45229,39.15,-84.49,OH1
45230,39.07,-84.39,OH1
45231,39.25,-84.54,OH8
45232,39.19,-84.52,OH1
45233,39.12,-84.67,OH1:95|OH8:5
45236,39.21,-84.40,OH8
45237,39.19,-84.45,OH1:67|OH8:33
45238,39.11,-84.61,OH1:91|OH8:9
45239,39.20,-84.58,OH8:77|OH1:23
45240,39.29,-84.53,OH8
45241,39.28,-84.40,OH8
45242,39.24,-84.35,OH8:89|OH1:11
45243,39.19,-84.34,OH8:72|OH1:28
45244,39.11,-84.33,OH1:55|OH2:45
45245,39.06,-84.28,OH2
45246,39.29,-84.46,OH8
45247,39.22,-84.66,OH8
45248,39.16,-84.66,OH8:63|OH1:37
45249,39.28,-84.33,OH1:55|OH8:45
45251,39.27,-84.60,OH8
45252,39.27,-84.63,OH8
45255,39.06,-84.33,OH1:70|OH2:30
45267,39.14,-84.50,OH1
45301,39.71,-84.02,OH10
45302,40.41,-84.21,OH4
45303,40.21,-84.66,OH8
45304,39.98,-84.53,OH8
45305,39.64,-84.09,OH10
45306,40.46,-84.19,OH4
45307,39.58,-83.72,OH10
45308,40.13,-84.46,OH8:61|OH15:39
45309,39.84,-84.42,OH10:99|OH8:1
45310,40.35,-84.64,OH4:75|OH8:25
45311,39.63,-84.66,OH8
45312,40.05,-84.09,OH15:98|OH4:2
45314,39.74,-83.78,OH10:99|OH15:1
45315,39.86,-84.34,OH10
45316,39.80,-83.83,OH10:69|OH15:31
45317,40.18,-84.02,OH4:50|OH15:50
45318,40.13,-84.35,OH15:97|OH8:3
45319,39.92,-83.94,OH4
45320,39.75,-84.68,OH8
45321,39.87,-84.69,OH8
45322,39.90,-84.33,OH10:98|OH8:2
45323,39.85,-83.93,OH15
45324,39.82,-84.00,OH10:96|OH15:4
45325,39.69,-84.43,OH10
45326,40.14,-84.09,OH15
45327,39.63,-84.40,OH10:99|OH8:1
45328,40.12,-84.50,OH8
45330,39.65,-84.53,OH8
45331,40.10,-84.65,OH8
45332,40.00,-84.77,OH8
45333,40.25,-84.33,OH4
45334,40.44,-84.05,OH4
45335,39.64,-83.74,OH10:97|OH1:2|OH15:1
45336,40.44,-84.26,OH4
45337,39.98,-84.42,OH15:62|OH8:38
45338,39.85,-84.54,OH8
45339,40.01,-84.34,OH15:70|OH8:30
45340,40.37,-84.05,OH4
45341,39.87,-84.02,OH4:56|OH15:44
45342,39.63,-84.28,OH10
45344,39.96,-84.01,OH4:67|OH15:33
45345,39.74,-84.40,OH10
45346,39.98,-84.71,OH8
45347,39.89,-84.76,OH8
45348,40.33,-84.66,OH8
45349,39.99,-83.94,OH4
45350,40.32,-84.57,OH8
45351,40.34,-84.50,OH8
45352,40.05,-84.74,OH8
45353,40.29,-84.04,OH4
45354,39.91,-84.40,OH10
45356,40.16,-84.23,OH15:97|OH4:3
45358,39.99,-84.49,OH8
45359,40.05,-84.35,OH15
45360,40.33,-84.09,OH4
45361,39.96,-84.41,OH15
45362,40.29,-84.63,OH8
45363,40.24,-84.40,OH4
45365,40.28,-84.16,OH4
45368,39.84,-83.65,OH15:99|OH10:1
45369,39.95,-83.59,OH4:62|OH15:38
45370,39.61,-84.03,OH10
45371,39.94,-84.17,OH8:63|OH15:37
45372,40.01,-83.84,OH4
45373,40.03,-84.20,OH8:91|OH15:9
45377,39.90,-84.22,OH10
45378,39.90,-84.49,OH8:84|OH10:16
45380,40.24,-84.51,OH8
45381,39.73,-84.52,OH8:95|OH10:5
45382,39.90,-84.61,OH8
45383,39.96,-84.34,OH8
45384,39.72,-83.90,OH10
45385,39.67,-83.91,OH10
45387,39.80,-83.89,OH10:96|OH15:4
45388,40.33,-84.48,OH8:98|OH4:2
45389,40.06,-84.03,OH4
45390,40.22,-84.76,OH8
45402,39.76,-84.21,OH10
45403,39.76,-84.15,OH10
45404,39.79,-84.15,OH10
45405,39.79,-84.22,OH10
45406,39.79,-84.24,OH10
45409,39.72,-84.19,OH10
45410,39.75,-84.16,OH10
45414,39.84,-84.21,OH10
45415,39.84,-84.26,OH10
45416,39.81,-84.26,OH10
45417,39.73,-84.28,OH10
45419,39.71,-84.17,OH10
45420,39.72,-84.13,OH10
45423,39.76,-84.19,OH10
45424,39.85,-84.10,OH10:99|OH15:1
45426,39.80,-84.31,OH10
45428,39.74,-84.26,OH10
45429,39.68,-84.16,OH10
45430,39.72,-84.08,OH10
45431,39.76,-84.08,OH10
45432,39.74,-84.09,OH10
45433,39.82,-84.05,OH10
45434,39.72,-84.03,OH10
45435,39.78,-84.06,OH10
45439,39.70,-84.23,OH10
45440,39.67,-84.10,OH10
45449,39.66,-84.24,OH10
45458,39.60,-84.16,OH10:89|OH1:11
45459,39.65,-84.17,OH10
45469,39.74,-84.18,OH10
45501,39.93,-83.81,OH4
45502,40.00,-83.90,OH4:80|OH15:20
45503,39.97,-83.77,OH4
45504,39.95,-83.86,OH4
45505,39.90,-83.76,OH4:99|OH15:1
45506,39.91,-83.84,OH4:98|OH15:2
45601,39.31,-82.96,OH2
45612,39.21,-83.28,OH2:88|OH15:12
45613,39.03,-82.85,OH2
45614,38.93,-82.28,OH2
45616,38.74,-83.29,OH2
45617,39.28,-83.16,OH2
45618,38.89,-83.62,OH2
45619,38.46,-82.45,OH2
45620,38.96,-82.15,OH2
45621,39.11,-82.61,OH2
45622,39.35,-82.49,OH2
45623,38.64,-82.27,OH2
45624,39.17,-83.35,OH2
45628,39.39,-83.19,OH2
45629,38.66,-82.82,OH2
45630,38.70,-83.09,OH2
45631,38.82,-82.26,OH2
45634,39.18,-82.49,OH2
45636,38.58,-82.82,OH2
45638,38.56,-82.67,OH2
45640,39.02,-82.66,OH2
45642,39.05,-83.05,OH2
45644,39.45,-82.83,OH2:78|OH15:22
45645,38.57,-82.53,OH2
45646,39.08,-83.32,OH2
45647,39.31,-82.73,OH2
45648,38.92,-83.01,OH2
45650,38.74,-83.42,OH2
45651,39.29,-82.48,OH2
45652,38.83,-83.08,OH2
45653,38.89,-82.82,OH2
45654,39.37,-82.38,OH2
45656,38.88,-82.59,OH2
45657,38.84,-83.24,OH2
45658,38.76,-82.41,OH2
45659,38.65,-82.64,OH2
45660,38.99,-83.36,OH2:97|OH15:3
45661,39.05,-83.11,OH2
45662,38.79,-82.91,OH2
45663,38.74,-83.11,OH2
45669,38.50,-82.36,OH2
45671,38.97,-83.25,OH2
45672,39.22,-82.67,OH2
45673,39.20,-82.81,OH2
45674,38.88,-82.38,OH2
45677,38.80,-82.76,OH2
45678,38.61,-82.38,OH2
45679,38.98,-83.57,OH2:94|OH15:6
45680,38.47,-82.55,OH2
45681,39.30,-83.26,OH2
45682,38.81,-82.69,OH2
45684,38.65,-83.19,OH2
45685,38.93,-82.46,OH2
45686,39.01,-82.37,OH2
45688,38.73,-82.54,OH2
45690,39.15,-83.02,OH2
45692,39.12,-82.54,OH2
45693,38.81,-83.53,OH2
45694,38.74,-82.78,OH2
45695,39.16,-82.37,OH2
45696,38.60,-82.45,OH2
45697,38.93,-83.67,OH2:91|OH15:9
45698,39.29,-82.40,OH2
45699,38.87,-82.97,OH2
45701,39.31,-82.07,OH2
45710,39.20,-82.21,OH2
45711,39.43,-81.93,OH2
45714,39.32,-81.61,OH2
45715,39.61,-81.63,OH2:96|OH12:4
45716,39.46,-82.18,OH2
45719,39.40,-82.13,OH2
45720,39.09,-81.92,OH2
45721,39.57,-81.58,OH2
45723,39.23,-81.82,OH2
45724,39.38,-81.80,OH2
45727,39.65,-81.48,OH12:97|OH2:3
45729,39.42,-81.60,OH2
45732,39.52,-82.06,OH2
45734,39.64,-81.20,OH12
45735,39.25,-81.92,OH2
45739,39.19,-81.75,OH2
45740,39.48,-82.08,OH2
45741,39.08,-82.25,OH2
45742,39.29,-81.73,OH2
45743,39.08,-81.83,OH2
45744,39.55,-81.49,OH2:97|OH12:3
45745,39.61,-81.33,OH2:59|OH12:41
45746,39.60,-81.45,OH2:87|OH12:13
45750,39.43,-81.43,OH2
45760,39.02,-82.13,OH2
45761,39.43,-82.08,OH2
45764,39.44,-82.23,OH2
45766,39.32,-82.26,OH2
45767,39.54,-81.14,OH2:78|OH12:22
45768,39.42,-81.26,OH2
45769,39.11,-82.05,OH2
45770,38.99,-81.81,OH2
45771,38.99,-81.90,OH2
45772,39.15,-81.82,OH2
45773,39.44,-81.27,OH2
45775,39.09,-82.16,OH2
45776,39.18,-82.02,OH2
45778,39.35,-81.89,OH2
45779,39.00,-81.97,OH2
45780,39.37,-82.13,OH2
45782,39.49,-82.08,OH2
45783,39.18,-81.84,OH2
45784,39.39,-81.68,OH2
45786,39.50,-81.66,OH2
45788,39.51,-81.38,OH2
45789,39.55,-81.26,OH2:86|OH12:14
45801,40.77,-84.03,OH4
45804,40.71,-84.06,OH4
45805,40.73,-84.16,OH4
45806,40.67,-84.13,OH4
45807,40.81,-84.17,OH4
45808,40.83,-83.97,OH4
45809,40.84,-84.19,OH4
45810,40.78,-83.81,OH4:97|OH5:3
45812,40.68,-83.81,OH4
45813,41.19,-84.73,OH9
45814,40.90,-83.60,OH5
45815,41.16,-83.94,OH9
45816,41.00,-83.79,OH5
45817,40.88,-83.88,OH4:81|OH5:18|OH9:1
45819,40.62,-84.26,OH4
45820,40.83,-84.08,OH4
45821,41.22,-84.56,OH9
45822,40.56,-84.60,OH4
45826,40.44,-84.49,OH4
45827,41.00,-84.30,OH9
45828,40.48,-84.68,OH4
45830,40.91,-84.10,OH9:79|OH4:21
45831,41.11,-84.25,OH9
45832,40.93,-84.73,OH4:99|OH9:1
45833,40.83,-84.35,OH4:97|OH9:3
45835,40.75,-83.70,OH4
45836,40.79,-83.64,OH4:99|OH5:1
45838,40.74,-84.48,OH4
45840,41.03,-83.65,OH5
45841,40.88,-83.73,OH5
45843,40.79,-83.55,OH4:61|OH5:39
45844,40.91,-84.29,OH9:94|OH4:6
45845,40.33,-84.38,OH4
45846,40.41,-84.75,OH4:94|OH8:6
45848,41.02,-84.08,OH9
45849,41.01,-84.45,OH9:86|OH4:14
45850,40.70,-83.92,OH4
45851,41.03,-84.60,OH9
45853,40.98,-84.18,OH9
45854,40.76,-83.95,OH4
45855,41.09,-84.58,OH9
45856,41.11,-84.00,OH9
45858,41.11,-83.80,OH5
45859,40.69,-83.79,OH4
45860,40.40,-84.52,OH4
45861,41.09,-84.43,OH9
45862,40.67,-84.52,OH4
45863,40.91,-84.45,OH4
45864,41.10,-84.14,OH9
45865,40.39,-84.37,OH4
45866,40.49,-84.55,OH4
45867,40.90,-83.54,OH5
45868,40.97,-83.85,OH5:99|OH9:1
45869,40.46,-84.39,OH4
45870,40.56,-83.95,OH4
45871,40.49,-84.29,OH4
45872,41.19,-83.68,OH5
45873,41.12,-84.39,OH9
45874,40.79,-84.68,OH4
45875,41.02,-84.06,OH9
45876,40.93,-84.34,OH9
45877,40.96,-83.93,OH9:95|OH4:5
45879,41.13,-84.56,OH9
45880,41.07,-84.74,OH9
45881,40.95,-83.78,OH5
45882,40.68,-84.68,OH4
45883,40.40,-84.62,OH4
45884,40.55,-84.08,OH4
45885,40.57,-84.39,OH4
45886,41.00,-84.62,OH4:56|OH9:44
45887,40.71,-84.37,OH4
45888,40.60,-84.09,OH4
45889,41.15,-83.64,OH5
45890,40.98,-83.49,OH5
45891,40.87,-84.58,OH4
45893,40.88,-84.15,OH9
45894,40.76,-84.47,OH4
45895,40.56,-84.15,OH4
45896,40.61,-83.94,OH4
45897,40.84,-83.66,OH5
45898,40.73,-84.75,OH4
45899,40.80,-84.77,OH4
46001,40.25,-85.66,IN5
46011,40.13,-85.76,IN5
46012,40.15,-85.62,IN5
46013,40.05,-85.69,IN5
46016,40.10,-85.68,IN5
46017,40.07,-85.61,IN5
46030,40.17,-86.02,IN5
46031,40.20,-86.01,IN5
46032,39.97,-86.18,IN5
46033,39.98,-86.09,IN5
46034,40.14,-86.05,IN5
46035,40.19,-86.68,IN4
46036,40.30,-85.83,IN5
46037,39.96,-85.94,IN5
46038,39.97,-86.02,IN5
46039,40.37,-86.31,IN4
46040,39.93,-85.83,IN5:62|IN6:38
46041,40.30,-86.49,IN4
46044,40.21,-85.79,IN5
46045,40.29,-86.15,IN5
46047,40.28,-85.95,IN5
46048,39.95,-85.81,IN5
46049,40.30,-86.22,IN5:97|IN4:3
46050,40.21,-86.35,IN4:96|IN5:4
46051,40.06,-85.84,IN5
46052,40.04,-86.46,IN4
46055,39.89,-85.90,IN6:79|IN5:21
46056,39.97,-85.61,IN5:91|IN6:9
46057,40.34,-86.38,IN4
46058,40.36,-86.65,IN4
46060,40.06,-85.93,IN5
46062,40.06,-86.06,IN5
46063,40.27,-85.72,IN5
46064,39.98,-85.74,IN5:98|IN6:2
46065,40.42,-86.61,IN4
46068,40.38,-86.11,IN5
46069,40.14,-86.23,IN5:83|IN4:17
46070,40.35,-85.66,IN5
46071,40.11,-86.61,IN4
46072,40.29,-86.07,IN5
46074,40.04,-86.17,IN5
46075,40.02,-86.33,IN4
46076,40.37,-85.95,IN5
46077,39.98,-86.28,IN4:93|IN5:6|IN7:1
46102,40.00,-86.62,IN4
46103,39.69,-86.61,IN4
46104,39.66,-85.60,IN6
46105,39.76,-86.81,IN4
46106,39.51,-86.21,IN6:99|IN4:1
46107,39.72,-86.09,IN6:62|IN7:38
46110,39.56,-85.91,IN6
46111,39.54,-86.37,IN4
46112,39.86,-86.38,IN4
46113,39.64,-86.30,IN4:51|IN6:49
46115,39.74,-85.57,IN6
46117,39.81,-85.62,IN6
46118,39.66,-86.53,IN4
46120,39.51,-86.79,IN4:86|IN8:14
46121,39.68,-86.68,IN4
46122,39.78,-86.55,IN4
46123,39.76,-86.40,IN4
46124,39.37,-85.95,IN6
46125,39.52,-86.64,IN4
46126,39.62,-85.88,IN6
46127,39.72,-85.32,IN6
46128,39.66,-86.74,IN4
46130,39.67,-85.84,IN6
46131,39.47,-86.04,IN6
46133,39.60,-85.31,IN6
46135,39.65,-86.89,IN4
46140,39.80,-85.77,IN6
46142,39.62,-86.17,IN6
46143,39.60,-86.11,IN6
46144,39.67,-85.65,IN6
46146,39.58,-85.57,IN6
46147,39.97,-86.62,IN4
46148,39.78,-85.48,IN6
46149,39.88,-86.55,IN4
46150,39.55,-85.60,IN6
46151,39.46,-86.42,IN4
46154,39.86,-85.77,IN6
46155,39.74,-85.43,IN6
46156,39.49,-85.49,IN6:99|IN9:1
46157,39.55,-86.53,IN4
46158,39.58,-86.37,IN4
46160,39.35,-86.27,IN9:47|IN4:37|IN6:15
46161,39.67,-85.70,IN6
46162,39.56,-85.95,IN6
46163,39.73,-85.91,IN6
46164,39.30,-86.12,IN9:51|IN6:49
46165,39.85,-86.64,IN4
46166,39.43,-86.59,IN4:94|IN8:6
46167,39.88,-86.47,IN4
46168,39.69,-86.39,IN4
46170,39.57,-86.86,IN4
46171,39.53,-86.96,IN4:98|IN8:2
46172,39.83,-86.82,IN4
46173,39.60,-85.43,IN6:96|IN9:4
46175,39.82,-86.97,IN4:97|IN8:3
46176,39.53,-85.77,IN6
46180,39.59,-86.62,IN4
46181,39.37,-86.18,IN6:88|IN9:12
46182,39.46,-85.67,IN6
46183,39.65,-86.28,IN6
46184,39.56,-86.07,IN6
46186,39.89,-85.64,IN6
46201,39.77,-86.11,IN7
46202,39.78,-86.16,IN7
46203,39.74,-86.10,IN7:89|IN6:11
46204,39.77,-86.16,IN7
46205,39.83,-86.13,IN7
46206,39.76,-86.16,IN7
46208,39.82,-86.17,IN7
46214,39.79,-86.29,IN7
46216,39.87,-86.01,IN7
46217,39.67,-86.19,IN6
46218,39.81,-86.10,IN7
46219,39.78,-86.04,IN7
46220,39.87,-86.11,IN7
46221,39.70,-86.24,IN6:77|IN7:23
46222,39.79,-86.22,IN7
46224,39.80,-86.26,IN7
46225,39.74,-86.16,IN7:97|IN6:3
46226,39.84,-86.05,IN7
46227,39.67,-86.13,IN6
46228,39.85,-86.20,IN7
46229,39.79,-85.98,IN7:92|IN6:8
46231,39.72,-86.33,IN7:65|IN4:35
46234,39.81,-86.33,IN7:55|IN4:45
46235,39.84,-85.97,IN7
46236,39.90,-85.97,IN7
46237,39.67,-86.08,IN6
46239,39.72,-86.00,IN6:59|IN7:41
46240,39.91,-86.12,IN7
46241,39.73,-86.28,IN7:78|IN6:22
46250,39.90,-86.06,IN7:99|IN5:1
46254,39.85,-86.27,IN7
46256,39.91,-86.01,IN7:95|IN5:5
46259,39.65,-85.98,IN6
46260,39.90,-86.18,IN7
46268,39.90,-86.23,IN7:98|IN4:2
46278,39.89,-86.30,IN7:94|IN4:6
46280,39.93,-86.14,IN5
46290,39.93,-86.16,IN5
46301,41.69,-86.97,IN1
46302,41.36,-87.12,IN1
46303,41.37,-87.48,IN1
46304,41.61,-87.05,IN1
46307,41.40,-87.33,IN1
46310,41.18,-87.23,IN4
46311,41.47,-87.51,IN1
46312,41.65,-87.45,IN1
46319,41.52,-87.42,IN1
46320,41.61,-87.50,IN1
46321,41.55,-87.50,IN1
46322,41.55,-87.46,IN1
46323,41.59,-87.45,IN1
46324,41.58,-87.50,IN1
46327,41.65,-87.50,IN1
46340,41.38,-86.77,IN2
46341,41.31,-87.21,IN1:99|IN4:1
46342,41.52,-87.24,IN1
46345,41.53,-86.70,IN2
46346,41.48,-86.69,IN2
46347,41.31,-87.01,IN1
46348,41.31,-86.86,IN2:99|IN1:1
46349,41.11,-87.42,IN4
46350,41.61,-86.72,IN1:72|IN2:28
46356,41.26,-87.42,IN1
46360,41.69,-86.87,IN1
46365,41.60,-86.54,IN2
46366,41.21,-86.77,IN2
46368,41.59,-87.18,IN1
46371,41.68,-86.59,IN2
46373,41.44,-87.47,IN1
46374,41.21,-86.90,IN2:89|IN4:11
46375,41.49,-87.45,IN1
46376,41.18,-87.48,IN1
46377,41.19,-87.35,IN1
46379,41.16,-87.43,IN4
46381,41.18,-87.33,IN4
46382,41.46,-86.76,IN2:97|IN1:3
46383,41.46,-87.00,IN1
46385,41.46,-87.12,IN1
46390,41.42,-86.88,IN2
46391,41.55,-86.92,IN1:98|IN2:2
46392,41.18,-87.05,IN4
46393,41.51,-87.17,IN1
46394,41.68,-87.50,IN1
46402,41.62,-87.34,IN1
46403,41.61,-87.26,IN1
46404,41.58,-87.37,IN1
46405,41.57,-87.26,IN1
46406,41.61,-87.41,IN1
46407,41.58,-87.33,IN1
46408,41.55,-87.37,IN1
46409,41.55,-87.32,IN1
46410,41.48,-87.33,IN1
46501,41.22,-86.25,IN2
46502,41.26,-85.98,IN2
46504,41.30,-86.11,IN2
46506,41.46,-86.17,IN2
46507,41.72,-85.82,IN2
46508,41.16,-85.97,IN2
46510,41.12,-85.87,IN2
46511,41.22,-86.43,IN2
46513,41.36,-86.45,IN2
46514,41.72,-85.97,IN2
46516,41.68,-85.95,IN2
46517,41.63,-86.00,IN2
46524,41.31,-86.01,IN2
46526,41.56,-85.88,IN2
46528,41.60,-85.78,IN2
46530,41.74,-86.13,IN2
46531,41.36,-86.52,IN2
46532,41.41,-86.63,IN2
46534,41.29,-86.62,IN2
46536,41.51,-86.30,IN2
46537,41.46,-86.31,IN2
46538,41.33,-85.82,IN3:52|IN2:48
46539,41.16,-86.03,IN2
46540,41.67,-85.70,IN2:93|IN3:7
46542,41.40,-85.87,IN2
46543,41.53,-85.67,IN2:67|IN3:33
46544,41.62,-86.13,IN2
46545,41.69,-86.15,IN2
46550,41.45,-86.00,IN2
46552,41.71,-86.49,IN2
46553,41.48,-85.85,IN2
46554,41.56,-86.42,IN2
46555,41.33,-85.68,IN3
46556,41.70,-86.24,IN2
46561,41.67,-86.07,IN2
46562,41.21,-85.68,IN3:84|IN2:16
46563,41.36,-86.33,IN2
46565,41.69,-85.58,IN3
46567,41.42,-85.73,IN3:78|IN2:22
46570,41.21,-86.12,IN2
46571,41.57,-85.55,IN3
46572,41.41,-86.39,IN2
46573,41.54,-86.07,IN2
46574,41.48,-86.49,IN2
46580,41.21,-85.87,IN2
46582,41.28,-85.85,IN2:93|IN3:7
46590,41.22,-85.80,IN2
46595,41.53,-86.16,IN2
46601,41.67,-86.25,IN2
46613,41.65,-86.27,IN2
46614,41.61,-86.28,IN2
46615,41.67,-86.21,IN2
46616,41.70,-86.27,IN2
46617,41.68,-86.23,IN2
46619,41.66,-86.35,IN2
46624,41.70,-86.25,IN2
46628,41.71,-86.32,IN2
46635,41.71,-86.20,IN2
46637,41.73,-86.24,IN2
46701,41.36,-85.43,IN3
46702,40.82,-85.62,IN3:94|IN2:6
46703,41.65,-85.01,IN3
46704,41.10,-85.29,IN3
46705,41.51,-85.06,IN3
46706,41.34,-85.03,IN3
46710,41.35,-85.25,IN3
46711,40.66,-84.93,IN3
46714,40.72,-85.18,IN3
46721,41.42,-84.87,IN3
46723,41.25,-85.33,IN3
46725,41.15,-85.48,IN3
46730,41.46,-85.15,IN3
46731,40.79,-85.10,IN3
46732,41.37,-85.63,IN3
46733,40.83,-84.94,IN3
46737,41.72,-84.91,IN3
46738,41.32,-85.15,IN3
46740,40.60,-84.96,IN3
46741,41.22,-84.95,IN3
46742,41.55,-84.88,IN3
46743,41.22,-84.85,IN3
46745,40.95,-85.01,IN3
46746,41.73,-85.34,IN3
46747,41.57,-85.16,IN3
46748,41.25,-85.16,IN3
46750,40.88,-85.50,IN3
46755,41.45,-85.28,IN3
46759,40.60,-85.18,IN3
46760,41.35,-85.55,IN3
46761,41.63,-85.38,IN3
46763,41.30,-85.25,IN3
46764,41.21,-85.62,IN3
46765,41.23,-85.03,IN3
46766,40.71,-85.29,IN3
46767,41.46,-85.57,IN3:98|IN2:2
46770,40.83,-85.32,IN3
46771,41.69,-85.30,IN3
46772,40.72,-84.91,IN3
46773,40.98,-84.88,IN3
46774,41.09,-84.97,IN3
46776,41.73,-85.17,IN3
46777,40.87,-85.15,IN3
46778,40.60,-85.16,IN3
46779,41.56,-85.03,IN3
46781,40.63,-85.27,IN3
46783,40.97,-85.36,IN3
46784,41.50,-85.39,IN3
46785,41.32,-84.88,IN3
46786,41.53,-85.27,IN3
46787,41.07,-85.62,IN3:96|IN2:4
46788,41.27,-84.91,IN3
46789,41.58,-85.20,IN3
46791,40.84,-85.25,IN3
46792,40.68,-85.44,IN3
46793,41.45,-85.02,IN3
46794,41.46,-85.45,IN3
46795,41.55,-85.34,IN3
46796,41.34,-85.50,IN3
46797,41.13,-84.86,IN3
46798,40.94,-85.22,IN3
46799,40.92,-85.28,IN3
46802,41.07,-85.17,IN3
46803,41.07,-85.09,IN3
46804,41.05,-85.24,IN3
46805,41.10,-85.12,IN3
46806,41.05,-85.09,IN3
46807,41.04,-85.15,IN3
46808,41.10,-85.18,IN3
46809,41.00,-85.22,IN3
46814,41.06,-85.30,IN3
46815,41.10,-85.06,IN3
46816,41.00,-85.05,IN3
46818,41.14,-85.26,IN3
46819,40.97,-85.13,IN3
46825,41.16,-85.13,IN3
46835,41.15,-85.04,IN3
46845,41.21,-85.11,IN3
46901,40.53,-86.17,IN5:96|IN2:4
46902,40.44,-86.09,IN5
46910,41.05,-86.04,IN2
46911,40.62,-85.95,IN2
46913,40.50,-86.50,IN4
46914,40.63,-86.09,IN2
46915,40.48,-86.39,IN4
46917,40.63,-86.48,IN4
46919,40.59,-85.87,IN2:56|IN5:44
46920,40.46,-86.50,IN4
46922,41.14,-86.43,IN2
46923,40.61,-86.65,IN4
46926,40.89,-86.05,IN2
46928,40.41,-85.68,IN5
46929,40.55,-86.48,IN4:95|IN5:5
46930,40.41,-85.57,IN5
46931,40.95,-86.26,IN2
46932,40.60,-86.27,IN2:90|IN4:7|IN5:4
46933,40.48,-85.58,IN5
46936,40.48,-85.93,IN5
46937,40.42,-86.04,IN5
46938,40.43,-85.59,IN5
46939,40.99,-86.41,IN2
46940,40.69,-85.69,IN2:87|IN3:11|IN5:2
46941,40.83,-85.70,IN2
46943,40.97,-85.84,IN2
46945,41.12,-86.39,IN2
46946,41.04,-85.73,IN2
46947,40.76,-86.37,IN4:83|IN2:17
46950,40.89,-86.36,IN2
46951,40.95,-86.11,IN2
46952,40.60,-85.63,IN5:99|IN3:1
46953,40.52,-85.65,IN5
46957,40.39,-85.50,IN5
46958,40.82,-86.12,IN2
46959,40.61,-86.11,IN2
46960,41.16,-86.52,IN2
46961,40.77,-86.19,IN2
46962,40.99,-85.77,IN2
46965,40.42,-86.10,IN5
46967,40.70,-86.19,IN2
46968,41.17,-86.55,IN2
46970,40.76,-86.06,IN2
46971,40.66,-86.16,IN2
46974,40.95,-85.93,IN2
46975,41.08,-86.25,IN2
46978,40.86,-86.51,IN4:87|IN2:13
46979,40.43,-86.28,IN5:73|IN4:27
46980,40.96,-85.74,IN2
46982,41.05,-85.88,IN2
46984,40.67,-85.83,IN2
46985,40.96,-86.58,IN2:97|IN4:3
46986,40.49,-85.82,IN5
46987,40.57,-85.77,IN5
46988,40.88,-86.23,IN2
46989,40.45,-85.48,IN5
46990,40.90,-85.73,IN2
46991,40.63,-85.51,IN5:94|IN3:6
46992,40.78,-85.83,IN2
46994,40.67,-86.25,IN2:92|IN4:8
46996,41.06,-86.66,IN2
46998,40.58,-86.35,IN4:91|IN2:9
47001,39.06,-84.96,IN9
47003,39.56,-84.83,IN6:98|IN9:2
47006,39.29,-85.21,IN9
47010,39.50,-84.85,IN9:68|IN6:32
47011,38.87,-85.06,IN9
47012,39.43,-84.98,IN9
47016,39.37,-84.89,IN9
47017,38.94,-85.18,IN9
47018,38.99,-85.10,IN9
47020,38.82,-84.92,IN9
47021,38.97,-85.15,IN9
47022,39.21,-84.95,IN9
47023,39.07,-85.38,IN9
47024,39.48,-85.20,IN9:99|IN6:1
47025,39.15,-84.87,IN9
47030,39.42,-85.13,IN9
47031,39.13,-85.15,IN9
47032,39.08,-85.06,IN9
47033,39.28,-85.18,IN9
47034,39.20,-85.33,IN9
47035,39.31,-84.90,IN9
47036,39.39,-85.23,IN9
47037,39.17,-85.33,IN9
47038,38.85,-84.85,IN9
47040,38.93,-84.91,IN9
47041,39.23,-85.08,IN9
47042,39.02,-85.26,IN9
47043,38.79,-85.10,IN9
47060,39.29,-84.87,IN9
47102,38.76,-85.80,IN9
47104,38.56,-85.42,IN9
47106,38.46,-85.90,IN9
47108,38.65,-86.26,IN9:98|IN8:2
47110,38.10,-86.21,IN9
47111,38.47,-85.63,IN9
47112,38.19,-86.15,IN9
47114,38.29,-86.07,IN9
47115,38.34,-86.22,IN9
47116,38.33,-86.62,IN8
47117,38.11,-85.97,IN9
47118,38.30,-86.48,IN8
47119,38.37,-85.88,IN9
47120,38.46,-86.19,IN9
47122,38.31,-85.98,IN9
47123,38.29,-86.47,IN8
47124,38.37,-86.00,IN9
47125,38.46,-86.30,IN9:58|IN8:42
47126,38.55,-85.78,IN9
47129,38.31,-85.77,IN9
47130,38.34,-85.70,IN9
47135,38.05,-86.07,IN9
47136,38.23,-85.97,IN9
47137,38.15,-86.43,IN8:99|IN9:1
47138,38.68,-85.58,IN9
47140,38.38,-86.37,IN8
47141,38.55,-85.61,IN9
47142,38.06,-86.20,IN9
47143,38.47,-85.78,IN9
47145,38.33,-86.31,IN8
47147,38.60,-85.53,IN9
47150,38.28,-85.85,IN9
47160,38.16,-86.05,IN9
47161,38.32,-86.10,IN9
47162,38.56,-85.49,IN9
47163,38.55,-85.68,IN9
47164,38.41,-86.10,IN9
47165,38.50,-86.00,IN9
47166,38.31,-86.17,IN9
47167,38.61,-86.09,IN9
47170,38.69,-85.84,IN9
47172,38.40,-85.77,IN9
47174,38.23,-86.48,IN8
47175,38.36,-86.55,IN8
47177,38.59,-85.79,IN9
47201,39.15,-86.00,IN6:83|IN9:17
47203,39.23,-85.83,IN6
47220,38.88,-86.06,IN9
47223,39.06,-85.48,IN9
47224,38.89,-85.23,IN9
47225,39.44,-85.34,IN9
47226,39.28,-85.87,IN6
47227,38.87,-85.66,IN9
47229,38.81,-85.86,IN9
47230,38.79,-85.63,IN9
47231,38.90,-85.49,IN9
47232,39.11,-85.79,IN9:69|IN6:31
47234,39.38,-85.77,IN6
47235,39.02,-86.14,IN9
47236,39.15,-85.73,IN6
47240,39.31,-85.48,IN9
47243,38.67,-85.48,IN9
47244,39.22,-85.70,IN6:91|IN9:9
47246,39.30,-85.76,IN6
47247,39.06,-85.89,IN9
47250,38.81,-85.36,IN9
47260,38.84,-86.20,IN9
47263,39.31,-85.33,IN9
47264,38.98,-86.25,IN9
47265,39.01,-85.63,IN9
47270,38.84,-85.72,IN9
47272,39.41,-85.62,IN9:66|IN6:34
47273,39.08,-85.74,IN9
47274,38.97,-85.93,IN9
47280,39.30,-85.95,IN6
47281,38.79,-86.11,IN9
47282,38.99,-85.61,IN9
47283,39.17,-85.59,IN9:97|IN6:3
47302,40.13,-85.37,IN5
47303,40.27,-85.38,IN5
47304,40.24,-85.46,IN5
47305,40.19,-85.39,IN5
47306,40.21,-85.41,IN5
47320,40.27,-85.27,IN5:93|IN3:7
47324,39.74,-84.85,IN6
47325,39.69,-85.01,IN6
47326,40.55,-84.97,IN3
47327,39.83,-85.18,IN6
47330,39.79,-85.02,IN6
47331,39.62,-85.16,IN6:99|IN9:1
47334,40.11,-85.52,IN5:97|IN6:3
47335,39.81,-85.21,IN6
47336,40.40,-85.21,IN3:88|IN5:12
47337,39.80,-85.44,IN6
47338,40.34,-85.34,IN5:99|IN3:1
47339,39.94,-85.08,IN6
47340,40.18,-85.13,IN3:73|IN6:27
47341,39.97,-84.89,IN6
47342,40.33,-85.51,IN5
47344,39.88,-85.46,IN6
47345,39.89,-85.06,IN6
47346,39.93,-85.17,IN6
47348,40.47,-85.34,IN3:99|IN5:1
47351,39.90,-85.52,IN6
47352,39.80,-85.37,IN6
47353,39.62,-84.93,IN6:99|IN9:1
47354,40.04,-85.19,IN6:92|IN5:8
47355,40.04,-84.93,IN6
47356,40.03,-85.51,IN6:91|IN5:9
47357,39.75,-85.15,IN6
47358,40.06,-85.11,IN6
47359,40.55,-85.29,IN3
47360,40.01,-85.26,IN6
47361,40.00,-85.38,IN6
47362,39.93,-85.37,IN6
47366,39.86,-85.26,IN6
47367,40.08,-85.39,IN5
47368,40.18,-85.19,IN3:66|IN5:17|IN6:16
47369,40.51,-85.14,IN3
47370,39.81,-85.14,IN6
47371,40.42,-84.96,IN3
47373,40.34,-85.16,IN3
47374,39.83,-84.89,IN6
47380,40.29,-85.05,IN3
47381,40.39,-84.86,IN3
47382,40.24,-84.92,IN3
47383,40.16,-85.27,IN5
47384,39.91,-85.55,IN6
47385,39.83,-85.45,IN6
47386,40.06,-85.39,IN6
47387,39.84,-85.30,IN6
47388,40.01,-85.44,IN6
47390,40.21,-84.85,IN3:89|IN6:11
47392,39.91,-84.94,IN6
47393,39.96,-85.00,IN6
47394,40.17,-84.99,IN3:82|IN6:18
47396,40.19,-85.52,IN5
47401,39.10,-86.44,IN9
47403,39.09,-86.61,IN9:99|IN8:1
47404,39.22,-86.59,IN9:99|IN8:1
47405,39.17,-86.52,IN9
47406,39.18,-86.52,IN9
47408,39.23,-86.47,IN9
47420,38.92,-86.55,IN9
47421,38.86,-86.45,IN9
47424,39.02,-86.88,IN8
47427,39.24,-87.01,IN8
47429,39.28,-86.61,IN9
47431,39.25,-86.92,IN8
47432,38.49,-86.64,IN8
47433,39.36,-86.64,IN8:62|IN9:29|IN4:9
47434,39.01,-86.55,IN9
47435,39.27,-86.30,IN9
47436,38.95,-86.39,IN9
47437,38.71,-86.68,IN9
47438,39.16,-87.18,IN8
47441,39.04,-87.17,IN8
47443,38.97,-87.08,IN8
47445,39.11,-87.19,IN8
47446,38.73,-86.51,IN9:99|IN8:1
47448,39.18,-86.24,IN9:99|IN6:1
47449,38.94,-86.99,IN8
47451,38.89,-86.53,IN9
47452,38.64,-86.41,IN8:93|IN9:7
47453,38.94,-86.77,IN8
47454,38.51,-86.45,IN8
47455,39.31,-86.96,IN8
47456,39.47,-86.69,IN8:58|IN4:42
47457,38.91,-86.90,IN8
47458,39.07,-86.51,IN9
47459,39.11,-86.75,IN8
47460,39.27,-86.79,IN8:98|IN9:2
47462,38.96,-86.65,IN9:76|IN8:24
47464,39.30,-86.65,IN9
47465,39.06,-87.04,IN8
47467,38.77,-86.34,IN9
47468,39.29,-86.39,IN9
47469,38.64,-86.60,IN8
47470,38.82,-86.64,IN9:91|IN8:9
47471,39.14,-87.01,IN8
47501,38.66,-87.17,IN8
47512,38.78,-87.32,IN8
47513,38.30,-86.71,IN8
47514,38.15,-86.59,IN8
47515,38.18,-86.70,IN8
47516,38.77,-87.42,IN8
47519,38.59,-86.98,IN8
47520,37.94,-86.67,IN8
47521,38.41,-86.72,IN8
47522,38.88,-86.80,IN8
47523,38.18,-87.03,IN8
47524,38.48,-87.62,IN8
47525,38.02,-86.56,IN8
47527,38.47,-86.79,IN8
47528,38.85,-87.26,IN8
47529,38.86,-87.07,IN8
47531,38.04,-86.85,IN8
47532,38.22,-86.86,IN8
47535,38.86,-87.31,IN8
47537,38.11,-87.06,IN8
47541,38.24,-87.05,IN8
47542,38.30,-86.97,IN8
47546,38.42,-86.93,IN8
47550,38.07,-86.92,IN8
47551,38.11,-86.57,IN8
47552,38.11,-86.99,IN8
47553,38.66,-86.91,IN8
47557,38.57,-87.34,IN8
47558,38.64,-87.05,IN8
47561,38.86,-87.44,IN8
47562,38.83,-86.97,IN8
47564,38.48,-87.10,IN8
47567,38.46,-87.31,IN8
47568,38.76,-87.10,IN8
47573,38.74,-87.32,IN8
47574,37.95,-86.56,IN8
47575,38.33,-86.80,IN8
47576,38.18,-86.60,IN8
47577,38.15,-86.81,IN8
47578,38.88,-87.19,IN8
47579,38.11,-86.91,IN8
47580,38.36,-86.77,IN8
47581,38.66,-86.76,IN8
47584,38.25,-87.26,IN8
47585,38.27,-87.16,IN8
47586,38.04,-86.69,IN8
47588,38.03,-86.80,IN8
47590,38.34,-87.10,IN8
47591,38.63,-87.50,IN8
47596,38.86,-87.23,IN8
47597,38.64,-87.30,IN8
47598,38.39,-87.21,IN8
47601,38.05,-87.25,IN8
47610,38.06,-87.39,IN8
47611,38.03,-87.06,IN8
47612,38.19,-87.70,IN8
47613,38.15,-87.42,IN8
47615,37.97,-86.95,IN8
47616,38.23,-87.91,IN8
47619,38.19,-87.33,IN8
47620,37.93,-87.90,IN8
47630,37.95,-87.35,IN8
47631,38.11,-87.90,IN8
47633,38.17,-87.79,IN8
47634,37.94,-87.18,IN8
47635,37.88,-87.10,IN8
47637,38.14,-87.16,IN8
47638,38.06,-87.78,IN8
47639,38.19,-87.57,IN8
47640,38.48,-87.48,IN8
47648,38.25,-87.55,IN8
47649,38.35,-87.45,IN8
47654,38.25,-87.39,IN8
47660,38.30,-87.33,IN8
47665,38.28,-87.73,IN8
47666,38.42,-87.60,IN8
47670,38.35,-87.58,IN8
47683,38.28,-87.38,IN8
47708,37.97,-87.57,IN8
47710,38.03,-87.58,IN8
47711,38.02,-87.54,IN8
47712,37.92,-87.65,IN8
47713,37.95,-87.56,IN8
47714,37.96,-87.52,IN8
47715,37.97,-87.48,IN8
47720,38.06,-87.64,IN8
47725,38.10,-87.53,IN8
47802,39.35,-87.41,IN8
47803,39.47,-87.31,IN8
47804,39.50,-87.39,IN8
47805,39.55,-87.33,IN8
47807,39.47,-87.40,IN8
47809,39.47,-87.41,IN8
47831,39.67,-87.52,IN8
47832,39.88,-87.26,IN8
47833,39.36,-86.98,IN8
47834,39.52,-87.12,IN8
47836,39.65,-87.17,IN8
47837,39.63,-87.11,IN8
47838,38.96,-87.38,IN8
47840,39.41,-87.06,IN8:97|IN4:3
47841,39.28,-87.11,IN8
47842,39.68,-87.45,IN8
47845,39.19,-87.23,IN8
47846,39.37,-87.19,IN8
47847,39.82,-87.49,IN8
47848,39.04,-87.26,IN8
47849,39.20,-87.56,IN8
47850,39.24,-87.44,IN8
47851,39.57,-87.25,IN8
47853,39.54,-87.07,IN8
47854,39.81,-87.41,IN8
47855,39.19,-87.30,IN8
47857,39.52,-87.09,IN8
47858,39.26,-87.22,IN8
47859,39.88,-87.17,IN8
47860,39.72,-87.33,IN8
47861,39.07,-87.57,IN8
47862,39.78,-87.34,IN8
47863,39.58,-87.46,IN8
47865,39.02,-87.39,IN8
47866,39.28,-87.32,IN8
47868,39.41,-86.90,IN8:96|IN4:4
47869,39.27,-87.50,IN8
47870,39.37,-87.47,IN8
47871,39.39,-87.30,IN8
47872,39.75,-87.17,IN8
47874,39.64,-87.28,IN8
47875,39.71,-87.52,IN8
47876,39.51,-87.46,IN8
47879,39.20,-87.38,IN8
47880,39.60,-87.42,IN8
47881,39.49,-87.19,IN8
47882,39.09,-87.41,IN8
47884,39.62,-87.45,IN8
47885,39.51,-87.48,IN8
47901,40.42,-86.89,IN4
47904,40.44,-86.88,IN4
47905,40.42,-86.76,IN4
47906,40.48,-86.99,IN4
47907,40.42,-86.91,IN4
47909,40.32,-86.90,IN4
47916,39.98,-87.06,IN4
47917,40.47,-87.48,IN4
47918,40.30,-87.21,IN4
47920,40.54,-86.83,IN4
47921,40.48,-87.37,IN4
47922,40.88,-87.35,IN4
47923,40.61,-86.94,IN4
47924,40.49,-86.76,IN4
47925,40.88,-86.74,IN4
47926,40.78,-86.60,IN4
47928,39.92,-87.47,IN8
47929,40.67,-86.91,IN4
47930,40.24,-86.74,IN4
47932,40.13,-87.43,IN8:86|IN4:14
47933,40.04,-86.90,IN4
47940,40.12,-86.74,IN4
47941,40.38,-86.77,IN4
47942,40.69,-87.44,IN4
47943,41.06,-87.28,IN4
47944,40.61,-87.34,IN4
47946,40.98,-86.87,IN2:91|IN4:9
47948,40.78,-87.29,IN4
47949,40.06,-87.14,IN4:76|IN8:24
47950,40.80,-86.65,IN4
47951,40.79,-87.44,IN4
47952,39.96,-87.30,IN8
47954,39.90,-86.82,IN4
47955,40.19,-86.87,IN4
47957,41.09,-86.88,IN2:94|IN4:6
47958,40.16,-87.15,IN4
47959,40.86,-86.90,IN4:99|IN2:1
47960,40.79,-86.75,IN4
47963,40.97,-87.44,IN4
47964,40.95,-87.30,IN4
47965,39.95,-86.92,IN4
47966,39.89,-87.41,IN8
47967,40.19,-87.00,IN4
47968,39.96,-86.75,IN4
47969,40.20,-87.15,IN4
47970,40.47,-87.12,IN4
47971,40.53,-87.24,IN4
47974,40.04,-87.48,IN8
47975,40.44,-87.25,IN4
47977,40.76,-87.16,IN4
47978,40.99,-87.11,IN4
47980,40.75,-86.91,IN4
47981,40.25,-86.94,IN4
47982,40.20,-87.53,IN4
47983,40.29,-86.77,IN4
47986,40.51,-87.21,IN4
47987,40.12,-87.23,IN8:87|IN4:13
47989,39.89,-87.05,IN4:77|IN8:23
47990,40.06,-87.06,IN4:99|IN8:1
47991,40.28,-87.45,IN4
47992,40.32,-87.05,IN4
47993,40.31,-87.41,IN4
47994,40.18,-87.08,IN4
47995,40.76,-87.03,IN4
47997,40.67,-86.72,IN4
48001,42.64,-82.58,MI9
48002,42.94,-82.92,MI9
48003,42.93,-83.04,MI9
48005,42.86,-82.91,MI9
48006,43.08,-82.69,MI9
48009,42.54,-83.22,MI11
48014,43.03,-82.93,MI9
48015,42.48,-83.03,MI10
48017,42.54,-83.15,MI11
48021,42.47,-82.95,MI10
48022,43.02,-82.80,MI9
48023,42.70,-82.66,MI9
48025,42.52,-83.26,MI12
48026,42.54,-82.95,MI10
48027,42.94,-82.69,MI9
48028,42.58,-82.62,MI9
48030,42.46,-83.10,MI11
48032,43.13,-82.60,MI9
48033,42.46,-83.29,MI12
48034,42.50,-83.29,MI12
48035,42.56,-82.91,MI10
48036,42.60,-82.91,MI10
48038,42.60,-82.94,MI10
48039,42.69,-82.55,MI9
48040,42.91,-82.48,MI9
48041,42.94,-82.81,MI9
48042,42.68,-82.91,MI9
48043,42.60,-82.88,MI10
48044,42.65,-82.93,MI9:61|MI10:39
48045,42.59,-82.82,MI10
48047,42.67,-82.77,MI9
48048,42.74,-82.80,MI9
48049,43.04,-82.57,MI9
48050,42.79,-82.80,MI9
48051,42.69,-82.83,MI9
48054,42.77,-82.53,MI9
48059,43.09,-82.49,MI9
48060,42.99,-82.46,MI9
48062,42.85,-82.80,MI9
48063,42.86,-82.68,MI9
48064,42.76,-82.67,MI9
48065,42.85,-83.04,MI9
48066,42.51,-82.94,MI10
48067,42.49,-83.14,MI11
48069,42.47,-83.14,MI11
48070,42.48,-83.17,MI11
48071,42.51,-83.10,MI11
48072,42.50,-83.19,MI11
48073,42.52,-83.16,MI11
48074,42.95,-82.56,MI9
48075,42.46,-83.23,MI12
48076,42.50,-83.23,MI12
48079,42.86,-82.55,MI9
48080,42.47,-82.90,MI10
48081,42.49,-82.90,MI10
48082,42.53,-82.89,MI10
48083,42.56,-83.12,MI11
48084,42.56,-83.18,MI11
48085,42.60,-83.12,MI11
48088,42.52,-82.98,MI10
48089,42.47,-82.99,MI10
48091,42.47,-83.06,MI10
48092,42.51,-83.06,MI10
48093,42.52,-83.02,MI10
48094,42.73,-83.05,MI9
48095,42.78,-83.05,MI9
48096,42.76,-82.92,MI9
48097,43.12,-82.83,MI9
48098,42.60,-83.18,MI11
48101,42.26,-83.21,MI13
48103,42.26,-83.85,MI6
48104,42.26,-83.72,MI6
48105,42.33,-83.70,MI6
48108,42.22,-83.73,MI6
48109,42.29,-83.71,MI6
48111,42.18,-83.49,MI6
48114,42.57,-83.76,MI7
48116,42.51,-83.78,MI7
48117,42.05,-83.41,MI5:99|MI6:1
48118,42.31,-84.03,MI6
48120,42.30,-83.16,MI12
48122,42.28,-83.18,MI13
48124,42.30,-83.25,MI12
48125,42.28,-83.26,MI13:92|MI12:8
48126,42.33,-83.19,MI12
48127,42.34,-83.28,MI12
48128,42.32,-83.26,MI12
48130,42.36,-83.91,MI6
48131,41.97,-83.67,MI5
48133,41.78,-83.49,MI5
48134,42.11,-83.30,MI6:97|MI5:3
48135,42.32,-83.34,MI12
48137,42.47,-84.07,MI7:68|MI6:32
48138,42.13,-83.15,MI6
48139,42.45,-83.81,MI7
48140,41.88,-83.58,MI5
48141,42.29,-83.32,MI12
48143,42.46,-83.85,MI7
48144,41.75,-83.63,MI5
48145,41.84,-83.46,MI5
48146,42.24,-83.18,MI13
48150,42.37,-83.38,MI12
48152,42.42,-83.37,MI12
48154,42.40,-83.37,MI12
48157,41.81,-83.44,MI5
48158,42.16,-84.03,MI6:99|MI5:1
48159,42.02,-83.55,MI5
48160,42.08,-83.68,MI6:82|MI5:18
48161,41.91,-83.47,MI5
48162,41.96,-83.43,MI5
48164,42.13,-83.40,MI6:99|MI5:1
48165,42.50,-83.62,MI7
48166,41.99,-83.29,MI5
48167,42.43,-83.52,MI6:84|MI11:9|MI7:7
48168,42.41,-83.54,MI6
48169,42.46,-83.95,MI7:95|MI6:5
48170,42.37,-83.53,MI6
48173,42.07,-83.21,MI6
48174,42.24,-83.39,MI13:75|MI6:25
48176,42.14,-83.83,MI6
48177,41.80,-83.58,MI5
48178,42.44,-83.66,MI7:94|MI6:6
48179,42.04,-83.26,MI5
48180,42.23,-83.27,MI13
48182,41.79,-83.58,MI5
48183,42.13,-83.22,MI6
48184,42.27,-83.40,MI13
48185,42.33,-83.38,MI12
48186,42.29,-83.37,MI12
48187,42.33,-83.48,MI6
48188,42.29,-83.49,MI6
48189,42.41,-83.78,MI6:54|MI7:46
48190,42.13,-83.60,MI6
48191,42.12,-83.57,MI6:96|MI5:4
48192,42.21,-83.16,MI13
48193,42.17,-83.21,MI6
48195,42.20,-83.21,MI13
48197,42.19,-83.64,MI6
48198,42.28,-83.59,MI6
48201,42.35,-83.06,MI13
48202,42.37,-83.08,MI13
48203,42.42,-83.11,MI13
48204,42.37,-83.14,MI13:81|MI12:19
48205,42.43,-82.98,MI13
48206,42.38,-83.11,MI13
48207,42.35,-83.01,MI13
48208,42.35,-83.09,MI13
48209,42.31,-83.12,MI13
48210,42.34,-83.13,MI13
48211,42.38,-83.05,MI13
48212,42.41,-83.06,MI13
48213,42.40,-83.00,MI13
48214,42.37,-82.99,MI13
48215,42.38,-82.95,MI13
48216,42.33,-83.08,MI13
48217,42.28,-83.16,MI13
48218,42.27,-83.13,MI13
48219,42.43,-83.25,MI12
48220,42.46,-83.14,MI11
48221,42.43,-83.15,MI13:52|MI12:48
48223,42.39,-83.25,MI12
48224,42.41,-82.94,MI13
48225,42.44,-82.93,MI13
48226,42.33,-83.05,MI13
48227,42.39,-83.19,MI12
48228,42.36,-83.22,MI12
48229,42.25,-83.14,MI13
48230,42.38,-82.92,MI13
48233,42.32,-83.06,MI13
48234,42.43,-83.04,MI13
48235,42.43,-83.19,MI12
48236,42.42,-82.89,MI13
48237,42.46,-83.18,MI11
48238,42.40,-83.14,MI13:78|MI12:22
48239,42.38,-83.28,MI12
48240,42.42,-83.30,MI12
48242,42.21,-83.36,MI13
48243,42.33,-83.04,MI13
48301,42.54,-83.28,MI11
48302,42.58,-83.30,MI11
48304,42.59,-83.23,MI11
48306,42.72,-83.15,MI10:54|MI9:46
48307,42.66,-83.12,MI10
48309,42.66,-83.19,MI10:92|MI11:8
48310,42.57,-83.07,MI10
48312,42.56,-83.01,MI10
48313,42.60,-83.00,MI10
48314,42.61,-83.05,MI10
48315,42.67,-83.00,MI10
48316,42.69,-83.06,MI10
48317,42.64,-83.05,MI10
48320,42.61,-83.34,MI11
48322,42.54,-83.38,MI11
48323,42.57,-83.38,MI11
48324,42.61,-83.38,MI11
48326,42.69,-83.24,MI11
48327,42.64,-83.41,MI11
48328,42.65,-83.36,MI11
48329,42.69,-83.39,MI11:99|MI9:1
48331,42.50,-83.41,MI11
48334,42.50,-83.35,MI11
48335,42.46,-83.41,MI11
48336,42.46,-83.35,MI11
48340,42.67,-83.29,MI11
48341,42.63,-83.29,MI11
48342,42.64,-83.27,MI11
48346,42.72,-83.43,MI9:99|MI11:1
48348,42.77,-83.40,MI9
48350,42.74,-83.53,MI9
48353,42.65,-83.71,MI7
48356,42.65,-83.59,MI9
48357,42.66,-83.65,MI9
48359,42.72,-83.28,MI9
48360,42.75,-83.26,MI9
48362,42.78,-83.27,MI9
48363,42.77,-83.16,MI9
48367,42.84,-83.14,MI9
48370,42.84,-83.19,MI9
48371,42.85,-83.28,MI9
48374,42.47,-83.52,MI6
48375,42.47,-83.46,MI6
48377,42.51,-83.47,MI6:64|MI11:36
48380,42.58,-83.67,MI7:64|MI9:36
48381,42.56,-83.59,MI7:50|MI9:50
48382,42.58,-83.51,MI11
48383,42.66,-83.53,MI11:90|MI9:10
48386,42.66,-83.48,MI11:99|MI9:1
48390,42.55,-83.47,MI11
48393,42.52,-83.55,MI11:99|MI7:1
48401,43.35,-82.66,MI9
48410,43.57,-82.94,MI9
48411,42.93,-83.53,MI8
48412,43.07,-83.18,MI9
48413,43.80,-83.00,MI9
48414,42.86,-84.08,MI7
48415,43.27,-83.81,MI8:99|MI9:1
48416,43.22,-82.98,MI9
48417,43.26,-83.94,MI8
48418,42.79,-83.97,MI7:74|MI8:26
48419,43.44,-82.66,MI9
48420,43.18,-83.70,MI8
48421,43.16,-83.39,MI9:96|MI8:4
48422,43.26,-82.65,MI9
48423,43.04,-83.51,MI8
48426,43.51,-83.07,MI9
48427,43.54,-82.73,MI9
48428,42.94,-83.15,MI9
48429,42.90,-84.00,MI7:97|MI8:3
48430,42.76,-83.74,MI8:57|MI7:40|MI9:3
48432,43.90,-82.97,MI9
48433,43.08,-83.86,MI8
48434,43.66,-82.61,MI9
48435,43.25,-83.36,MI9
48436,42.88,-83.88,MI8:95|MI7:5
48437,43.11,-83.62,MI8
48438,42.91,-83.48,MI8:86|MI9:14
48439,42.92,-83.63,MI8:99|MI9:1
48440,42.96,-83.41,MI9
48441,43.80,-82.71,MI9
48442,42.80,-83.60,MI9:93|MI8:6|MI7:1
48444,43.06,-83.05,MI9
48445,43.95,-82.99,MI9
48446,43.05,-83.34,MI9
48449,42.99,-83.94,MI7:60|MI8:40
48450,43.25,-82.54,MI9
48451,42.81,-83.82,MI8:95|MI7:5
48453,43.35,-83.03,MI9
48454,43.20,-82.81,MI9
48455,42.94,-83.29,MI9
48456,43.67,-82.76,MI9
48457,43.19,-83.89,MI8
48458,43.13,-83.68,MI8
48460,43.12,-83.98,MI7:62|MI8:38
48461,43.19,-83.21,MI9
48462,42.85,-83.42,MI9:99|MI8:1
48463,43.16,-83.52,MI8:99|MI9:1
48464,43.21,-83.42,MI9:92|MI8:8
48465,43.62,-82.71,MI9
48466,43.28,-82.81,MI9
48467,44.02,-82.98,MI9
48468,43.94,-82.78,MI9
48469,43.44,-82.56,MI9
48470,43.74,-82.76,MI9
48471,43.42,-82.85,MI9
48472,43.51,-82.96,MI9
48473,42.94,-83.82,MI8
48475,43.67,-82.93,MI9
48476,42.94,-84.03,MI7
48502,43.01,-83.69,MI8
48503,43.00,-83.71,MI8
48504,43.05,-83.74,MI8
48505,43.07,-83.69,MI8
48506,43.07,-83.62,MI8
48507,42.97,-83.72,MI8
48509,43.03,-83.60,MI8
48519,42.98,-83.60,MI8
48529,42.97,-83.66,MI8
48532,43.01,-83.79,MI8
48601,43.39,-83.89,MI8
48602,43.42,-83.97,MI8
48603,43.46,-84.03,MI8
48604,43.50,-83.97,MI8
48607,43.43,-83.93,MI8
48609,43.39,-84.08,MI8
48610,44.14,-84.19,MI1:79|MI2:21
48611,43.63,-84.10,MI8
48612,43.88,-84.44,MI2
48613,43.95,-84.16,MI8:93|MI2:7
48614,43.25,-84.30,MI8:98|MI2:2
48615,43.42,-84.47,MI2:75|MI8:25
48616,43.19,-84.11,MI8
48617,43.85,-84.72,MI2
48618,43.74,-84.56,MI2:98|MI8:2
48619,44.82,-84.02,MI1
48620,43.81,-84.38,MI2
48621,44.72,-84.01,MI1
48622,43.84,-84.89,MI2
48623,43.52,-84.13,MI8
48624,44.06,-84.46,MI2:98|MI1:2
48625,44.05,-84.84,MI2
48626,43.42,-84.22,MI8
48627,44.46,-84.75,MI1
48628,43.77,-84.32,MI8:79|MI2:21
48629,44.31,-84.78,MI1
48630,44.33,-84.77,MI1
48631,43.69,-84.00,MI8
48632,43.85,-85.04,MI2
48633,43.95,-84.93,MI2
48634,43.76,-84.04,MI8
48635,44.39,-83.99,MI1
48636,44.59,-84.29,MI1
48637,43.41,-84.34,MI8:93|MI2:7
48638,43.42,-84.02,MI8
48640,43.58,-84.34,MI8
48642,43.70,-84.24,MI8
48647,44.65,-84.09,MI1
48649,43.15,-84.22,MI8:98|MI7:2
48650,43.85,-84.01,MI8:94|MI1:6
48651,44.25,-84.61,MI1
48652,43.85,-84.22,MI8:51|MI2:49
48653,44.49,-84.61,MI1
48654,44.48,-84.12,MI1
48655,43.29,-84.16,MI8
48656,44.35,-84.46,MI1
48657,43.71,-84.42,MI8:74|MI2:26
48658,43.98,-83.94,MI1:96|MI8:4
48659,44.07,-84.05,MI1:97|MI8:3
48661,44.32,-84.24,MI1
48662,43.40,-84.42,MI2:80|MI8:20
48701,43.59,-83.56,MI9
48703,44.06,-83.68,MI1
48705,44.70,-83.66,MI1
48706,43.60,-83.96,MI8
48708,43.56,-83.85,MI8
48710,43.56,-83.99,MI8
48720,43.83,-83.39,MI9
48721,44.80,-83.33,MI1
48722,43.35,-83.84,MI8
48723,43.49,-83.38,MI9
48724,43.46,-83.93,MI8
48725,43.94,-83.21,MI9
48726,43.61,-83.17,MI9
48727,43.31,-83.18,MI9
48728,44.74,-83.82,MI1
48729,43.50,-83.17,MI9
48730,44.35,-83.49,MI1
48731,43.84,-83.15,MI9
48732,43.61,-83.79,MI8
48733,43.53,-83.59,MI9
48734,43.36,-83.75,MI8:98|MI9:2
48735,43.67,-83.27,MI9
48737,44.55,-83.71,MI1
48738,44.54,-83.34,MI1
48739,44.37,-83.84,MI1
48740,44.66,-83.37,MI1
48741,43.40,-83.18,MI9
48742,44.72,-83.45,MI1
48743,44.44,-83.86,MI1
48744,43.35,-83.36,MI9
48745,44.56,-83.48,MI1
48746,43.26,-83.54,MI9:80|MI8:20
48747,43.52,-83.76,MI8
48748,44.33,-83.70,MI1
48749,44.05,-83.90,MI1
48750,44.44,-83.47,MI1
48754,43.73,-83.24,MI9
48755,43.79,-83.25,MI9
48756,44.23,-83.97,MI1
48757,43.47,-83.68,MI9:75|MI8:25
48759,43.73,-83.39,MI9
48760,43.32,-83.25,MI9
48761,44.51,-83.89,MI1
48762,44.80,-83.50,MI1
48763,44.25,-83.61,MI1
48765,44.15,-83.72,MI1
48766,44.11,-83.86,MI1
48767,43.65,-83.46,MI9
48768,43.37,-83.58,MI9
48770,44.25,-83.81,MI1
48801,43.38,-84.68,MI2
48806,43.19,-84.50,MI2
48807,43.15,-84.40,MI2:73|MI8:27
48808,42.83,-84.45,MI7
48809,43.08,-85.26,MI2
48811,43.18,-84.86,MI2
48813,42.57,-84.85,MI7
48815,42.83,-85.26,MI2
48816,42.77,-83.96,MI7
48817,43.01,-84.04,MI7
48818,43.27,-84.90,MI2
48819,42.54,-84.29,MI7
48820,42.86,-84.59,MI7
48821,42.64,-84.65,MI7
48822,42.84,-84.76,MI7
48823,42.76,-84.46,MI7
48824,42.72,-84.48,MI7
48825,42.73,-84.49,MI7
48827,42.51,-84.66,MI7:99|MI5:1
48829,43.40,-85.02,MI2
48831,43.10,-84.37,MI7:83|MI8:15|MI2:1
48832,43.41,-84.78,MI2
48834,43.13,-85.03,MI2
48835,43.02,-84.75,MI7
48836,42.67,-84.08,MI7
48837,42.75,-84.77,MI7:99|MI2:1
48838,43.18,-85.26,MI2
48840,42.76,-84.38,MI7
48841,43.11,-84.24,MI7:75|MI8:25
48842,42.64,-84.54,MI7
48843,42.58,-83.92,MI7
48845,43.11,-84.86,MI2:85|MI7:15
48846,42.99,-85.06,MI2
48847,43.27,-84.57,MI2
48848,42.89,-84.35,MI7
48849,42.80,-85.13,MI2
48850,43.44,-85.25,MI2
48851,42.95,-84.94,MI2
48852,43.35,-85.05,MI2
48853,43.10,-84.69,MI7
48854,42.58,-84.45,MI7
48855,42.68,-83.90,MI7
48856,43.20,-84.73,MI2
48857,42.84,-84.16,MI7
48858,43.62,-84.80,MI2
48859,43.59,-84.77,MI2
48860,43.05,-84.92,MI2
48861,42.73,-84.92,MI7:77|MI2:23
48862,43.25,-84.55,MI2
48864,42.70,-84.39,MI7
48865,43.09,-85.10,MI2
48866,42.99,-84.38,MI7
48867,43.01,-84.19,MI7
48870,43.11,-84.98,MI2
48871,43.16,-84.67,MI2
48872,42.80,-84.22,MI7
48873,43.01,-84.83,MI2:78|MI7:22
48874,43.19,-84.59,MI2
48875,42.86,-84.94,MI2:95|MI7:5
48876,42.65,-84.73,MI7
48877,43.40,-84.84,MI2
48878,43.71,-84.78,MI2
48879,43.01,-84.58,MI7:99|MI2:1
48880,43.46,-84.58,MI2
48881,42.93,-85.20,MI2
48883,43.54,-84.67,MI2
48884,43.21,-85.05,MI2
48885,43.24,-85.15,MI2
48886,43.42,-85.16,MI2
48888,43.31,-85.10,MI2
48889,43.29,-84.81,MI2
48890,42.77,-84.97,MI2:94|MI7:6
48891,43.40,-84.91,MI2
48892,42.64,-84.17,MI7
48893,43.69,-84.99,MI2
48894,42.93,-84.79,MI7:92|MI2:8
48895,42.69,-84.28,MI7
48896,43.52,-84.90,MI2
48897,42.70,-85.13,MI2
48906,42.79,-84.59,MI7
48910,42.70,-84.53,MI7
48911,42.67,-84.57,MI7
48912,42.74,-84.52,MI7
48915,42.74,-84.57,MI7
48917,42.73,-84.64,MI7
48933,42.73,-84.56,MI7
49001,42.26,-85.56,MI4
49002,42.20,-85.56,MI4:97|MI5:3
49004,42.35,-85.56,MI4
49006,42.30,-85.63,MI4
49007,42.30,-85.59,MI4
49008,42.26,-85.61,MI4
49009,42.30,-85.70,MI4
49010,42.53,-85.87,MI4
49011,42.10,-85.23,MI5
49012,42.35,-85.34,MI4
49013,42.30,-86.10,MI4
49014,42.31,-85.11,MI4:87|MI5:13
49015,42.28,-85.23,MI4:97|MI5:3
49017,42.39,-85.20,MI4:93|MI2:7
49021,42.46,-85.05,MI7:54|MI2:35|MI5:9|MI4:2
49022,42.11,-86.37,MI4:98|MI5:2
49024,42.21,-85.62,MI4
49026,42.38,-85.96,MI4
49027,42.35,-86.07,MI4
49028,41.84,-85.18,MI5
49029,42.14,-85.09,MI5
49030,41.87,-85.34,MI5
49031,41.90,-85.98,MI5
49032,41.91,-85.52,MI5
49033,42.23,-85.09,MI5:80|MI4:20
49034,42.23,-85.33,MI4:94|MI5:6
49036,41.91,-85.03,MI5
49037,42.33,-85.25,MI4
49038,42.20,-86.32,MI4
49040,41.97,-85.32,MI5
49042,41.86,-85.67,MI5
49043,42.29,-86.27,MI4
49045,42.10,-86.00,MI4:91|MI5:9
49046,42.52,-85.39,MI2
49047,42.00,-86.12,MI5:94|MI4:6
49048,42.27,-85.49,MI4
49050,42.50,-85.25,MI2
49051,42.18,-85.24,MI5
49052,42.12,-85.31,MI5:88|MI4:12
49053,42.29,-85.41,MI4
49055,42.37,-85.86,MI4
49056,42.40,-86.07,MI4
49057,42.18,-86.19,MI4
49058,42.64,-85.30,MI2
49060,42.42,-85.41,MI2:68|MI4:32
49061,41.87,-85.82,MI5
49063,42.41,-86.14,MI4
49064,42.22,-86.05,MI4
49065,42.14,-85.84,MI4:99|MI5:1
49066,42.03,-85.34,MI5
49067,42.02,-85.80,MI5:91|MI4:9
49068,42.28,-84.94,MI5
49070,42.54,-85.63,MI4
49071,42.23,-85.78,MI4
49072,42.01,-85.46,MI5
49073,42.57,-85.13,MI2
49074,42.32,-85.54,MI4
49075,41.92,-85.45,MI5
49076,42.43,-84.88,MI7:78|MI5:22
49078,42.47,-85.73,MI4
49079,42.24,-85.91,MI4
49080,42.46,-85.59,MI4:82|MI2:18
49082,41.94,-84.88,MI5
49083,42.38,-85.46,MI4
49084,42.18,-86.39,MI4
49085,42.05,-86.46,MI4:64|MI5:36
49087,42.12,-85.68,MI5:82|MI4:18
49088,42.18,-85.42,MI4:96|MI5:4
49089,42.00,-85.23,MI5
49090,42.41,-86.21,MI4
49091,41.83,-85.45,MI5
49092,42.09,-84.96,MI5
49093,41.98,-85.65,MI5
49094,42.05,-85.12,MI5
49095,41.91,-85.89,MI5
49096,42.64,-85.01,MI2:84|MI7:16
49097,42.12,-85.49,MI5:94|MI4:6
49098,42.16,-86.24,MI4
49099,41.79,-85.67,MI5
49101,41.94,-86.48,MI5
49102,41.95,-86.25,MI5
49103,41.95,-86.38,MI5
49104,41.96,-86.36,MI5
49106,41.94,-86.55,MI5
49107,41.84,-86.42,MI5
49111,42.02,-86.29,MI5:93|MI4:7
49112,41.80,-86.03,MI5
49113,41.80,-86.50,MI5
49115,41.88,-86.63,MI5
49116,41.85,-86.67,MI5
49117,41.78,-86.73,MI5
49119,41.88,-86.55,MI5
49120,41.83,-86.23,MI5
49125,41.89,-86.58,MI5
49126,42.03,-86.37,MI5:99|MI4:1
49127,42.00,-86.52,MI5:98|MI4:2
49128,41.82,-86.60,MI5
49129,41.82,-86.69,MI5
49130,41.77,-85.86,MI5
49201,42.31,-84.46,MI5
49202,42.27,-84.41,MI5
49203,42.22,-84.40,MI5
49220,42.00,-84.34,MI5
49221,41.90,-84.06,MI5
49224,42.28,-84.75,MI5
49227,41.95,-84.77,MI5
49228,41.81,-83.88,MI5
49229,41.99,-83.83,MI5:99|MI6:1
49230,42.09,-84.22,MI5
49232,41.74,-84.66,MI5
49233,42.06,-84.37,MI5
49234,42.13,-84.37,MI5
49235,41.86,-84.20,MI5
49236,42.08,-83.94,MI5:88|MI6:12
49237,42.17,-84.65,MI5
49238,41.90,-83.79,MI5
49240,42.27,-84.18,MI5:91|MI6:9
49241,42.11,-84.60,MI5
49242,41.89,-84.62,MI5
49245,42.14,-84.81,MI5
49246,42.12,-84.50,MI5
49247,41.84,-84.34,MI5
49248,41.76,-84.01,MI5
49249,42.03,-84.45,MI5
49250,42.02,-84.63,MI5
49251,42.46,-84.41,MI7:94|MI5:6
49252,42.04,-84.77,MI5
49253,41.97,-84.28,MI5
49254,42.23,-84.32,MI5
49255,41.77,-84.86,MI5
49256,41.75,-84.21,MI5
49258,42.06,-84.66,MI5
49259,42.38,-84.26,MI5
49261,42.16,-84.25,MI5
49262,41.96,-84.47,MI5
49263,42.16,-84.18,MI5
49264,42.45,-84.56,MI7:72|MI5:28
49265,42.01,-84.18,MI5
49266,41.84,-84.55,MI5
49267,41.76,-83.72,MI5
49268,41.87,-83.93,MI5
49269,42.29,-84.58,MI5
49270,41.87,-83.68,MI5
49271,41.83,-84.45,MI5
49272,42.39,-84.35,MI5
49274,41.85,-84.76,MI5
49276,41.79,-83.78,MI5
49277,42.39,-84.47,MI5
49279,41.78,-84.10,MI5
49282,42.03,-84.40,MI5
49283,42.20,-84.56,MI5
49284,42.38,-84.69,MI5:93|MI7:7
49285,42.46,-84.21,MI7:91|MI5:7|MI6:2
49286,42.01,-83.93,MI5
49287,42.02,-84.07,MI5:94|MI6:6
49288,41.73,-84.43,MI5
49289,41.77,-84.11,MI5
49301,42.97,-85.48,MI3:97|MI2:3
49302,42.82,-85.40,MI2:89|MI3:11
49303,43.27,-85.86,MI2
49304,43.91,-85.87,MI2
49305,43.75,-85.15,MI2
49306,43.07,-85.57,MI3
49307,43.70,-85.48,MI2
49309,43.76,-85.88,MI2
49310,43.51,-85.05,MI2
49312,43.69,-85.78,MI2
49315,42.80,-85.74,MI3:94|MI4:6
49316,42.79,-85.55,MI3:45|MI2:44|MI4:11
49318,43.23,-85.82,MI2
49319,43.23,-85.53,MI2
49320,43.76,-85.29,MI2
49321,43.07,-85.68,MI3:97|MI2:3
49322,43.36,-85.35,MI2
49323,42.73,-85.79,MI4
49325,42.76,-85.30,MI2
49326,43.25,-85.32,MI2
49327,43.32,-85.85,MI2
49328,42.63,-85.76,MI4
49329,43.41,-85.49,MI2
49330,43.24,-85.74,MI2
49331,42.95,-85.35,MI2:99|MI3:1
49332,43.62,-85.24,MI2
49333,42.70,-85.46,MI2
49335,42.75,-85.67,MI4
49336,43.51,-85.44,MI2
49337,43.42,-85.73,MI2
49338,43.77,-85.60,MI2
49339,43.33,-85.50,MI2
49340,43.62,-85.11,MI2
49341,43.12,-85.49,MI3:57|MI2:43
49342,43.69,-85.32,MI2
49343,43.30,-85.53,MI2
49344,42.59,-85.59,MI4:60|MI2:40
49345,43.15,-85.71,MI2:96|MI3:4
49346,43.59,-85.42,MI2
49347,43.31,-85.35,MI2
49348,42.69,-85.61,MI4:80|MI2:19|MI3:1
49349,43.58,-85.75,MI2
49401,42.98,-85.96,MI3:92|MI4:8
49402,43.94,-86.02,MI2
49403,43.14,-85.86,MI2:56|MI3:44
49404,43.06,-85.95,MI3
49405,43.91,-86.19,MI2
49406,42.64,-86.21,MI4
49408,42.57,-86.12,MI4
49409,43.08,-86.22,MI3
49410,44.03,-86.15,MI2
49411,44.11,-86.25,MI2
49412,43.47,-85.95,MI2
49415,43.15,-86.11,MI3
49417,43.01,-86.15,MI3
49418,42.88,-85.77,MI3:84|MI4:16
49419,42.67,-85.98,MI4
49420,43.72,-86.28,MI2
49421,43.60,-86.07,MI2
49423,42.74,-86.08,MI4
49424,42.83,-86.13,MI4
49425,43.45,-86.11,MI2
49426,42.86,-85.89,MI4
49428,42.92,-85.84,MI4:93|MI3:7
49430,43.01,-85.90,MI3
49431,43.96,-86.41,MI2
49434,42.77,-86.21,MI4
49435,43.02,-85.84,MI3
49436,43.69,-86.47,MI2
49437,43.46,-86.38,MI2
49440,43.24,-86.25,MI3
49441,43.18,-86.29,MI3
49442,43.24,-86.14,MI3:70|MI2:30
49443,43.22,-86.24,MI3
49444,43.18,-86.20,MI3
49445,43.29,-86.29,MI2:90|MI3:10
49446,43.54,-86.38,MI2
49448,43.09,-86.07,MI3
49449,43.79,-86.39,MI2
49450,42.48,-86.08,MI4
49451,43.21,-85.97,MI3:51|MI2:49
49452,43.51,-86.25,MI2
49453,42.66,-86.18,MI4
49454,43.95,-86.29,MI2
49455,43.61,-86.38,MI2
49456,43.09,-86.21,MI3
49457,43.35,-86.15,MI2
49458,43.95,-86.11,MI2
49459,43.74,-86.10,MI2
49460,42.93,-86.15,MI4:72|MI3:28
49461,43.38,-86.33,MI2
49464,42.84,-85.98,MI4:99|MI3:1
49503,42.96,-85.66,MI3
49504,42.98,-85.71,MI3
49505,43.00,-85.64,MI3
49506,42.95,-85.61,MI3
49507,42.93,-85.66,MI3
49508,42.87,-85.63,MI3
49509,42.90,-85.69,MI3
49512,42.88,-85.55,MI3:95|MI2:5
49519,42.90,-85.72,MI3
49525,43.02,-85.59,MI3
49534,42.96,-85.79,MI3
49544,43.04,-85.75,MI3
49546,42.93,-85.54,MI3
49548,42.87,-85.66,MI3
49601,44.24,-85.54,MI2:99|MI1:1
49611,44.98,-84.98,MI1
49612,44.86,-85.22,MI1
49613,44.51,-86.21,MI2:79|MI1:21
49614,44.45,-86.11,MI2
49615,44.97,-85.21,MI1
49616,44.58,-86.09,MI1
49617,44.64,-86.03,MI1
49618,44.30,-85.59,MI2
49619,44.29,-85.99,MI2
49620,44.52,-85.69,MI1:97|MI2:3
49621,44.86,-85.77,MI1
49622,45.08,-85.27,MI1
49623,43.91,-85.69,MI2
49625,44.43,-85.86,MI2
49626,44.24,-86.29,MI2
49627,45.11,-85.36,MI1
49628,44.62,-86.23,MI1
49629,44.92,-85.39,MI1
49630,44.84,-86.05,MI1
49631,43.92,-85.26,MI2
49632,44.24,-84.97,MI1
49633,44.56,-85.19,MI1
49634,44.21,-86.29,MI2
49635,44.63,-86.19,MI1
49636,44.89,-85.96,MI1
49637,44.64,-85.71,MI1
49638,44.29,-85.76,MI2
49639,43.85,-85.41,MI2
49640,44.72,-86.05,MI1
49642,43.90,-85.78,MI2
49643,44.64,-85.83,MI1
49644,44.11,-85.92,MI2
49645,44.37,-86.02,MI2
49646,44.72,-85.04,MI1
49648,45.00,-85.34,MI1
49649,44.56,-85.53,MI1
49650,44.74,-85.89,MI1
49651,44.40,-85.11,MI1
49653,44.97,-85.72,MI1
49654,45.02,-86.12,MI1
49655,44.02,-85.43,MI2
49656,44.06,-85.70,MI2
49657,44.22,-85.18,MI1
49659,44.91,-85.03,MI1
49660,44.23,-86.21,MI2
49663,44.42,-85.39,MI2:58|MI1:42
49664,44.89,-85.90,MI1
49665,44.10,-85.13,MI2:93|MI1:7
49667,44.35,-84.93,MI1
49668,44.40,-85.71,MI2:77|MI1:23
49670,45.12,-85.62,MI1
49674,45.05,-85.59,MI1
49675,44.38,-86.23,MI2
49676,44.84,-85.29,MI1
49677,43.90,-85.54,MI2
49679,43.88,-85.16,MI2
49680,44.65,-85.24,MI1
49682,44.99,-85.65,MI1
49683,44.54,-85.93,MI1:66|MI2:34
49684,44.76,-85.69,MI1
49685,44.70,-85.70,MI1
49686,44.85,-85.54,MI1
49688,44.13,-85.44,MI2
49689,44.21,-85.91,MI2
49690,44.78,-85.39,MI1
49696,44.68,-85.49,MI1
49701,45.74,-84.74,MI1
49705,45.33,-84.45,MI1
49706,45.44,-84.78,MI1
49707,45.09,-83.48,MI1
49709,45.04,-84.17,MI1
49710,46.28,-84.18,MI1
49712,45.21,-85.01,MI1
49713,45.22,-84.85,MI1
49715,46.40,-84.69,MI1
49716,45.51,-84.75,MI1
49717,45.44,-84.70,MI1
49718,45.72,-84.84,MI1
49719,45.98,-84.31,MI1
49720,45.28,-85.24,MI1
49721,45.57,-84.46,MI1
49722,45.42,-84.87,MI1
49724,46.33,-84.39,MI1
49725,45.99,-83.99,MI1
49726,46.00,-83.62,MI1
49727,45.14,-85.11,MI1
49728,46.39,-85.02,MI1
49729,45.16,-85.29,MI1
49730,45.04,-84.87,MI1
49733,44.79,-84.73,MI1
49735,45.00,-84.67,MI1
49736,46.09,-84.14,MI1
49738,44.69,-84.60,MI1
49740,45.52,-84.99,MI1
49743,45.27,-83.89,MI1
49744,44.99,-83.66,MI1
49745,46.02,-84.53,MI1
49746,45.06,-83.95,MI1
49747,44.84,-83.63,MI1
49748,46.37,-85.17,MI1
49749,45.42,-84.58,MI1
49751,44.98,-84.43,MI1
49752,46.26,-84.42,MI1
49753,45.02,-83.78,MI1
49755,45.64,-84.83,MI1
49756,44.81,-84.29,MI1
49757,45.86,-84.63,MI1
49759,45.42,-84.10,MI1
49760,46.05,-84.85,MI1
49762,46.12,-85.28,MI1
49764,45.42,-84.83,MI1
49765,45.34,-84.26,MI1
49766,44.91,-83.43,MI1
49768,46.64,-85.12,MI1
49769,45.57,-84.86,MI1
49770,45.33,-84.90,MI1
49774,46.17,-84.30,MI1
49775,45.77,-84.48,MI1
49776,45.23,-83.68,MI1
49777,45.29,-83.48,MI1
49779,45.39,-83.84,MI1
49780,46.21,-84.69,MI1
49781,45.95,-84.77,MI1
49782,45.62,-85.54,MI1
49783,46.42,-84.29,MI1
49784,46.26,-84.45,MI1
49788,46.27,-84.47,MI1
49791,45.48,-84.60,MI1
49793,46.21,-85.05,MI1
49795,45.16,-84.57,MI1
49796,45.27,-84.95,MI1
49799,45.26,-84.58,MI1
49801,45.93,-88.02,MI1
49802,45.80,-88.08,MI1
49805,47.36,-88.40,MI1
49806,46.45,-86.90,MI1
49807,45.70,-87.29,MI1
49808,46.82,-87.85,MI1
49812,45.59,-87.50,MI1
49814,46.57,-87.95,MI1
49815,46.19,-87.95,MI1
49816,46.28,-86.91,MI1
49817,45.95,-86.50,MI1
49818,45.98,-87.35,MI1
49820,46.19,-85.65,MI1
49821,45.52,-87.62,MI1
49822,46.43,-87.02,MI1
49825,46.36,-86.97,MI1
49826,46.31,-87.05,MI1
49827,46.18,-85.53,MI1
49829,45.77,-87.14,MI1
49831,46.06,-87.73,MI1
49833,46.27,-87.27,MI1
49834,45.97,-87.71,MI1
49835,45.74,-86.56,MI1
49836,46.20,-85.90,MI1
49837,45.87,-87.08,MI1
49838,46.03,-85.74,MI1
49839,46.60,-86.15,MI1
49840,46.17,-86.05,MI1
49841,46.27,-87.50,MI1
49847,45.70,-87.64,MI1
49848,45.38,-87.64,MI1
49849,46.43,-87.77,MI1
49852,45.79,-87.82,MI1
49853,46.37,-85.75,MI1
49854,46.08,-86.35,MI1
49855,46.56,-87.45,MI1
49858,45.22,-87.55,MI1
49861,46.57,-88.18,MI1
49862,46.40,-86.73,MI1
49863,45.61,-87.55,MI1
49864,45.84,-86.65,MI1
49866,46.42,-87.58,MI1
49868,46.51,-85.52,MI1
49870,45.87,-87.88,MI1
49871,46.42,-87.54,MI1
49872,46.02,-87.08,MI1
49873,45.83,-87.49,MI1
49874,45.75,-87.47,MI1
49876,45.79,-87.98,MI1
49877,46.16,-87.71,MI1
49878,45.95,-86.87,MI1
49879,46.34,-88.06,MI1
49880,46.11,-87.22,MI1
49881,46.07,-88.04,MI1
49883,46.41,-86.01,MI1
49884,46.42,-86.36,MI1
49885,46.34,-87.20,MI1
49886,45.70,-87.49,MI1
49887,45.39,-87.73,MI1
49891,46.22,-87.02,MI1
49892,45.78,-87.79,MI1
49893,45.30,-87.61,MI1
49894,45.78,-87.08,MI1
49895,46.17,-86.66,MI1
49896,45.69,-87.39,MI1
49901,47.29,-88.39,MI1
49902,46.05,-88.38,MI1
49903,46.34,-88.48,MI1
49905,47.11,-88.71,MI1
49908,46.76,-88.56,MI1
49910,46.63,-89.53,MI1
49911,46.50,-90.06,MI1
49912,46.50,-89.19,MI1
49913,47.24,-88.45,MI1
49915,46.06,-88.63,MI1
49916,46.98,-88.59,MI1
49917,47.28,-88.36,MI1
49918,47.44,-87.83,MI1
49919,46.51,-88.43,MI1
49920,46.14,-88.30,MI1
49921,47.09,-88.58,MI1
49922,47.12,-88.49,MI1
49925,46.54,-89.37,MI1
49927,46.03,-88.55,MI1
49929,46.80,-89.10,MI1
49930,47.20,-88.58,MI1
49931,47.18,-88.64,MI1
49934,47.17,-88.44,MI1
49935,46.18,-88.75,MI1
49938,46.53,-90.13,MI1
49942,47.26,-88.42,MI1
49945,47.15,-88.34,MI1
49946,46.73,-88.33,MI1
49947,46.41,-89.60,MI1
49948,46.75,-89.00,MI1
49950,47.39,-88.13,MI1
49952,46.70,-88.78,MI1
49953,46.79,-89.43,MI1
49955,47.01,-88.69,MI1
49958,46.82,-88.66,MI1
49959,46.47,-90.00,MI1
49960,46.71,-89.26,MI1
49961,46.45,-88.70,MI1
49962,46.84,-88.13,MI1
49963,47.05,-88.64,MI1
49965,46.96,-88.86,MI1
49967,46.51,-88.97,MI1
49968,46.50,-89.89,MI1
49969,46.25,-89.21,MI1
49970,46.52,-88.60,MI1
49971,46.71,-89.63,MI1
50001,41.35,-93.44,IA1
50002,41.51,-94.65,IA3
50003,41.61,-94.04,IA3
50005,42.13,-93.03,IA4
50006,42.51,-93.40,IA2:88|IA4:12
50007,41.80,-93.60,IA3
50008,40.67,-93.39,IA3
50009,41.64,-93.46,IA3
50010,42.03,-93.59,IA4
50012,42.03,-93.65,IA4
50013,42.01,-93.66,IA4
50014,42.05,-93.69,IA4
50020,41.43,-94.75,IA3:98|IA4:2
50021,41.72,-93.57,IA3
50022,41.42,-95.01,IA3:99|IA4:1
50023,41.73,-93.63,IA3
50025,41.76,-94.92,IA4
50026,41.86,-94.45,IA3
50027,41.48,-92.47,IA1:95|IA2:5
50028,41.81,-93.15,IA1:99|IA4:1
50029,41.83,-94.56,IA3
50031,42.04,-94.14,IA4
50032,41.67,-93.54,IA3
50033,41.36,-93.79,IA3
50034,42.54,-93.65,IA4
50035,41.72,-93.46,IA3
50036,42.09,-93.85,IA4
50038,41.52,-93.90,IA3
50039,41.83,-94.01,IA3:95|IA4:5
50040,42.17,-94.10,IA4
50041,42.63,-93.25,IA4
50042,41.53,-94.91,IA4
50044,41.20,-92.91,IA1:99|IA3:1
50046,41.89,-93.52,IA4:82|IA3:18
50047,41.48,-93.47,IA1:91|IA3:9
50048,41.51,-94.52,IA3
50049,41.03,-93.30,IA3
50050,42.16,-94.50,IA3:99|IA4:1
50051,42.14,-93.14,IA4
50052,40.65,-93.44,IA3
50054,41.69,-93.23,IA1
50055,41.88,-93.28,IA4:78|IA1:22
50056,42.02,-93.30,IA4
50057,41.18,-93.13,IA1
50058,41.86,-94.69,IA4:86|IA3:14
50060,40.76,-93.32,IA3
50061,41.48,-93.80,IA3:54|IA1:46
50062,41.24,-93.24,IA1
50063,41.70,-93.94,IA3
50064,42.10,-94.22,IA3:85|IA4:15
50065,40.61,-93.77,IA3
50066,41.80,-94.23,IA3
50067,40.69,-93.88,IA3
50068,40.95,-93.47,IA3
50069,41.52,-94.03,IA3
50070,41.45,-94.23,IA3
50071,42.65,-93.50,IA4
50072,41.47,-94.12,IA3
50073,41.79,-93.52,IA3
50074,40.87,-94.08,IA3
50075,42.33,-93.56,IA4
50076,41.59,-94.84,IA4
50078,41.94,-92.86,IA4
50101,42.67,-93.63,IA4
50102,42.25,-93.40,IA2
50103,40.80,-93.61,IA3
50104,41.49,-92.39,IA1:89|IA2:11
50105,42.12,-93.64,IA4
50106,41.88,-92.81,IA4:84|IA1:9|IA2:7
50107,42.04,-94.22,IA3:96|IA4:4
50108,40.82,-93.97,IA3
50109,41.77,-93.80,IA3
50110,41.84,-94.99,IA4
50111,41.69,-93.80,IA3
50112,41.73,-92.71,IA2:92|IA1:8
50115,41.68,-94.56,IA3
50116,41.18,-92.98,IA1
50117,41.68,-94.79,IA4
50118,41.46,-93.38,IA1
50119,41.31,-92.94,IA1
50120,41.93,-92.98,IA4
50122,42.30,-93.31,IA2
50123,40.83,-93.51,IA3
50124,41.89,-93.60,IA4:99|IA3:1
50125,41.34,-93.58,IA1
50126,42.51,-93.26,IA2:97|IA4:3
50127,41.78,-93.21,IA1
50128,41.86,-94.30,IA3
50129,42.01,-94.38,IA3
50130,42.30,-93.67,IA4
50131,41.70,-93.72,IA3
50132,42.39,-93.68,IA4
50133,40.72,-94.08,IA3
50134,41.94,-93.67,IA4
50135,41.75,-92.90,IA1
50136,41.47,-92.29,IA1
50137,41.61,-92.92,IA1
50138,41.30,-93.11,IA1
50139,41.19,-93.36,IA1:89|IA3:11
50140,40.63,-93.99,IA3
50141,41.87,-92.95,IA4:83|IA1:17
50142,42.01,-92.78,IA4
50143,41.34,-92.80,IA1
50144,40.73,-93.74,IA3
50145,41.20,-93.49,IA1
50146,41.68,-94.25,IA3
50147,40.62,-93.55,IA3
50148,42.18,-93.00,IA4
50149,41.15,-94.10,IA3
50150,41.13,-92.98,IA3
50151,41.08,-93.49,IA3:91|IA1:9
50152,41.97,-93.82,IA4
50153,41.57,-92.81,IA1:98|IA2:2
50154,42.18,-93.39,IA4:96|IA2:4
50155,41.21,-94.20,IA3
50156,41.90,-93.80,IA4:87|IA3:13
50157,41.74,-92.56,IA2
50158,42.05,-92.90,IA4
50160,41.37,-93.74,IA1
50161,41.84,-93.40,IA4:75|IA3:24|IA1:1
50162,41.93,-93.06,IA4:99|IA1:1
50163,41.22,-93.24,IA1
50164,41.50,-94.43,IA3
50165,40.85,-93.31,IA3
50166,41.28,-93.43,IA1
50167,41.75,-94.05,IA3
50168,41.79,-93.28,IA1:93|IA3:7
50169,41.66,-93.35,IA3:92|IA1:8
50170,41.53,-93.12,IA1
50171,41.58,-92.53,IA2
50173,41.96,-92.71,IA2
50174,41.03,-93.98,IA3
50201,42.03,-93.44,IA4
50206,42.25,-93.20,IA2:86|IA4:14
50207,41.43,-92.64,IA1:98|IA2:2
50208,41.71,-93.04,IA1
50210,41.20,-93.70,IA1:85|IA3:15
50211,41.46,-93.71,IA1
50212,42.04,-94.07,IA4
50213,41.03,-93.76,IA3
50214,41.47,-93.06,IA1
50216,41.70,-94.35,IA3
50217,42.18,-94.25,IA3:88|IA4:12
50218,41.35,-93.88,IA3
50219,41.42,-92.90,IA1
50220,41.84,-94.12,IA3:95|IA4:5
50222,41.22,-93.96,IA3
50223,42.17,-94.04,IA4
50225,41.38,-93.27,IA1
50226,41.80,-93.70,IA3
50227,42.59,-93.43,IA4
50228,41.57,-93.25,IA1:99|IA3:1
50229,41.38,-93.78,IA1:72|IA3:28
50230,42.30,-93.45,IA2:80|IA4:20
50231,42.24,-93.60,IA4
50232,41.56,-92.97,IA1
50233,41.61,-94.21,IA3
50234,41.89,-93.18,IA4:91|IA1:9
50235,41.93,-94.22,IA3:95|IA4:5
50236,42.18,-93.49,IA4
50237,41.55,-93.37,IA3:93|IA1:7
50238,40.96,-93.18,IA3
50239,42.14,-93.20,IA4
50240,41.30,-93.79,IA3:65|IA1:35
50241,41.31,-93.73,IA1
50242,41.56,-92.69,IA2
50243,41.86,-93.70,IA4:52|IA3:48
50244,41.85,-93.65,IA4:91|IA3:9
50246,42.29,-93.78,IA4
50247,42.02,-93.17,IA4
50248,42.19,-93.61,IA4
50249,42.28,-93.90,IA4
50250,41.48,-94.35,IA3
50251,41.57,-92.87,IA1
50252,41.45,-93.32,IA1
50254,40.99,-94.06,IA3
50255,41.46,-92.33,IA1
50256,41.26,-92.91,IA1
50257,41.18,-93.86,IA3:97|IA1:3
50258,42.22,-93.07,IA2:92|IA4:8
50261,41.47,-93.92,IA3
50262,40.86,-93.82,IA3
50263,41.60,-93.88,IA3
50264,40.89,-93.71,IA3
50265,41.54,-93.75,IA3:99|IA1:1
50266,41.56,-93.81,IA3
50268,41.41,-92.36,IA1
50269,42.26,-93.01,IA2
50271,42.48,-93.54,IA4
50272,41.09,-93.26,IA3
50273,41.33,-94.05,IA3
50274,41.38,-94.86,IA3
50275,41.04,-93.59,IA3
50276,41.86,-93.92,IA3:65|IA4:35
50277,41.78,-94.34,IA3
50278,42.16,-93.30,IA4
50309,41.58,-93.62,IA3
50310,41.63,-93.67,IA3
50311,41.60,-93.67,IA3
50312,41.58,-93.68,IA3
50313,41.66,-93.62,IA3
50314,41.60,-93.63,IA3
50315,41.55,-93.62,IA3
50316,41.61,-93.60,IA3
50317,41.62,-93.55,IA3
50319,41.59,-93.60,IA3
50320,41.53,-93.57,IA3:92|IA1:8
50321,41.53,-93.66,IA3
50322,41.63,-93.73,IA3
50323,41.64,-93.82,IA3
50324,41.60,-93.71,IA3
50325,41.61,-93.80,IA3
50327,41.59,-93.49,IA3
50401,43.15,-93.20,IA2
50420,42.81,-93.46,IA4
50421,42.84,-93.62,IA4
50423,43.12,-93.81,IA4
50424,43.40,-93.94,IA4
50426,43.42,-93.02,IA2
50427,42.84,-93.22,IA4
50428,43.14,-93.40,IA2
50430,42.98,-93.96,IA4
50431,42.74,-93.37,IA4
50432,43.22,-93.80,IA4
50433,42.93,-93.05,IA2:90|IA4:10
50434,43.26,-93.45,IA2
50435,43.16,-92.77,IA2
50436,43.26,-93.69,IA4
50438,43.11,-93.62,IA4
50439,42.94,-93.63,IA4
50440,43.33,-93.07,IA2
50441,42.74,-93.22,IA4
50444,43.30,-93.38,IA2
50446,43.33,-93.45,IA2:92|IA4:8
50447,42.93,-93.80,IA4
50448,43.35,-93.24,IA2
50449,43.00,-93.55,IA4:99|IA2:1
50450,43.42,-93.52,IA4:94|IA2:6
50451,43.38,-94.09,IA4
50452,42.78,-93.37,IA4
50453,43.36,-93.65,IA4
50454,43.39,-92.74,IA2
50455,43.46,-92.65,IA2
50456,43.29,-93.22,IA2
50457,42.91,-93.49,IA2:73|IA4:27
50458,43.16,-93.01,IA2
50459,43.46,-93.25,IA2:99|IA4:1
50460,43.23,-92.69,IA2
50461,43.31,-92.82,IA2
50464,43.25,-93.08,IA2
50465,43.49,-93.91,IA4
50466,43.39,-92.54,IA2
50467,43.21,-93.07,IA2
50468,43.03,-92.95,IA2
50469,43.00,-93.20,IA2
50470,42.75,-93.55,IA4
50471,43.16,-92.88,IA2
50472,43.41,-92.94,IA2
50473,43.47,-93.67,IA4
50475,42.88,-93.21,IA4:92|IA2:8
50476,43.45,-92.76,IA2
50477,42.99,-93.33,IA2
50478,43.41,-93.78,IA4
50479,42.94,-93.41,IA2:90|IA4:10
50480,43.25,-94.06,IA4
50482,43.12,-93.48,IA2:92|IA4:8
50483,43.11,-94.00,IA4
50484,43.24,-93.91,IA4
50501,42.49,-94.19,IA4
50510,42.76,-94.99,IA4
50511,43.08,-94.22,IA4
50514,43.42,-94.47,IA4
50515,43.02,-94.89,IA4
50516,42.62,-94.14,IA4
50517,43.31,-94.23,IA4
50518,42.51,-94.38,IA4
50519,42.90,-94.27,IA4
50520,42.81,-94.40,IA4
50521,42.35,-94.10,IA4
50522,43.19,-94.19,IA4
50523,42.37,-94.29,IA4
50524,42.59,-94.36,IA4
50525,42.74,-93.75,IA4
50527,42.97,-94.79,IA4
50528,43.14,-94.54,IA4
50529,42.72,-94.20,IA4
50530,42.27,-94.04,IA4
50531,43.45,-94.61,IA4
50532,42.46,-94.00,IA4
50533,42.65,-93.91,IA4
50535,42.45,-95.16,IA4
50536,43.12,-94.70,IA4
50538,42.28,-94.43,IA4
50539,43.24,-94.42,IA4
50540,42.60,-94.84,IA4
50541,42.71,-94.45,IA4
50542,42.78,-93.94,IA4
50543,42.27,-94.31,IA4
50544,42.25,-94.17,IA4
50545,42.80,-94.08,IA4
50546,42.84,-94.71,IA4
50548,42.71,-94.22,IA4
50551,42.48,-94.75,IA4
50552,42.46,-94.46,IA4
50554,42.85,-94.84,IA4
50556,43.46,-94.20,IA4
50557,42.36,-94.04,IA4
50558,42.86,-94.16,IA4
50559,43.21,-94.32,IA4
50560,42.96,-94.10,IA4
50561,42.42,-94.85,IA4
50562,42.96,-94.64,IA4
50563,42.53,-94.53,IA4
50565,42.86,-95.00,IA4
50566,42.44,-94.32,IA4
50567,42.52,-95.08,IA4
50568,42.63,-95.00,IA4
50569,42.40,-94.13,IA4
50570,42.90,-94.37,IA4
50571,42.63,-94.58,IA4
50573,42.88,-94.62,IA4
50574,42.72,-94.70,IA4
50575,42.56,-94.70,IA4
50576,42.80,-95.18,IA4
50577,42.86,-93.98,IA4
50578,43.31,-94.55,IA4
50579,42.39,-94.63,IA4
50581,42.84,-94.55,IA4
50582,42.79,-94.29,IA4
50583,42.43,-94.99,IA4
50585,42.92,-95.14,IA4
50586,42.41,-94.43,IA4
50588,42.65,-95.16,IA4
50590,43.41,-94.30,IA4
50591,42.68,-94.05,IA4
50592,42.73,-95.18,IA4
50593,42.66,-94.90,IA4
50594,42.59,-94.04,IA4
50595,42.46,-93.82,IA4
50597,42.98,-94.45,IA4
50598,43.08,-94.42,IA4
50599,42.58,-93.82,IA4
50601,42.57,-93.06,IA2:87|IA4:13
50602,42.74,-92.81,IA2
50603,43.19,-92.46,IA2
50604,42.60,-92.90,IA2
50605,42.84,-93.03,IA2:63|IA4:37
50606,42.75,-91.69,IA2
50607,42.60,-91.75,IA2
50608,42.59,-92.96,IA2
50609,42.23,-92.81,IA2:79|IA4:21
50611,42.82,-92.91,IA2
50612,42.29,-92.39,IA2
50613,42.53,-92.49,IA2
50616,43.08,-92.66,IA2
50619,42.80,-92.66,IA2
50620,43.16,-92.59,IA2
50621,42.25,-92.92,IA2:96|IA4:4
50622,42.67,-92.33,IA2
50623,42.53,-92.21,IA2
50624,42.47,-92.66,IA2
50625,42.75,-92.99,IA2:95|IA4:5
50626,42.58,-92.17,IA2
50627,42.35,-93.09,IA2
50628,43.27,-92.39,IA2
50629,42.65,-92.07,IA2
50630,42.96,-92.21,IA2
50631,42.89,-92.31,IA2
50632,42.08,-92.70,IA2:90|IA4:10
50633,42.68,-93.13,IA4
50634,42.42,-92.21,IA2
50635,42.20,-92.70,IA2:98|IA4:2
50636,42.89,-92.81,IA2
50638,42.36,-92.79,IA2
50641,42.59,-91.92,IA2
50642,42.44,-92.82,IA2
50643,42.36,-92.46,IA2
50644,42.47,-91.90,IA2
50645,43.02,-92.44,IA2
50647,42.65,-92.50,IA2
50648,42.45,-92.09,IA2
50649,42.66,-92.91,IA2
50650,42.62,-91.66,IA2
50651,42.32,-92.20,IA2
50652,42.26,-92.69,IA2
50653,42.97,-92.89,IA2
50654,42.41,-91.57,IA2
50655,42.77,-91.89,IA2
50657,42.34,-92.67,IA2
50658,42.95,-92.54,IA2
50659,43.10,-92.33,IA2
50660,42.58,-92.64,IA2
50662,42.69,-91.94,IA2
50664,42.71,-92.07,IA2
50665,42.58,-92.77,IA2
50666,42.85,-92.50,IA2
50667,42.47,-92.23,IA2
50668,42.69,-92.23,IA2
50669,42.34,-92.62,IA2
50670,42.68,-92.62,IA2
50671,42.65,-91.80,IA2
50672,42.43,-93.07,IA2
50673,42.53,-92.71,IA2
50674,42.84,-92.11,IA2
50675,42.20,-92.51,IA2
50676,42.80,-92.28,IA2
50677,42.77,-92.44,IA2
50680,42.44,-92.92,IA2
50681,42.78,-92.01,IA2
50682,42.45,-91.69,IA2
50701,42.42,-92.34,IA2
50702,42.46,-92.31,IA2
50703,42.55,-92.29,IA2
50707,42.48,-92.28,IA2
50801,41.08,-94.40,IA3
50830,41.02,-94.19,IA3
50831,40.95,-94.22,IA3
50833,40.67,-94.70,IA3
50835,40.71,-94.38,IA3
50836,40.63,-94.50,IA3
50837,41.22,-94.69,IA3
50839,41.05,-94.82,IA3
50840,40.79,-94.48,IA3
50841,41.01,-94.77,IA3
50842,41.04,-94.46,IA3
50843,41.24,-94.89,IA3
50845,40.82,-94.35,IA3
50846,41.31,-94.58,IA3
50847,41.14,-94.98,IA3
50848,40.79,-94.76,IA3
50849,41.29,-94.41,IA3
50851,40.91,-94.54,IA3
50853,41.24,-94.77,IA3
50854,40.68,-94.21,IA3
50857,40.93,-94.88,IA3
50858,41.21,-94.41,IA3
50859,41.07,-94.60,IA3
50860,40.62,-94.35,IA3
50861,40.91,-94.26,IA3
50862,40.81,-94.65,IA3
50863,40.85,-94.18,IA3
50864,40.97,-94.98,IA3
51001,42.84,-96.55,IA4|SD0
51002,42.70,-95.32,IA4
51003,42.99,-95.99,IA4
51004,42.38,-95.92,IA4
51005,42.72,-95.42,IA4
51006,42.31,-95.61,IA4
51007,42.40,-96.19,IA4
51008,42.81,-96.27,IA4
51009,42.95,-95.55,IA4
51010,42.10,-95.94,IA4
51011,42.92,-96.51,IA4
51012,42.75,-95.56,IA4
51014,42.79,-95.71,IA4
51015,42.34,-96.08,IA4
51016,42.47,-95.81,IA4
51018,42.45,-95.68,IA4
51019,42.28,-95.72,IA4
51020,42.52,-95.41,IA4
51022,42.98,-95.85,IA4
51023,43.01,-96.46,IA4|SD0
51024,42.63,-96.26,IA4
51025,42.50,-95.56,IA4
51026,42.26,-96.07,IA4
51027,42.97,-96.33,IA4
51028,42.60,-95.99,IA4
51029,42.89,-95.54,IA4
51030,42.50,-96.19,IA4
51031,42.80,-96.19,IA4
51033,42.92,-95.25,IA4
51034,42.16,-95.79,IA4
51035,42.78,-95.80,IA4
51036,42.97,-96.19,IA4
51037,42.83,-95.64,IA4
51038,42.70,-96.32,IA4
51039,42.45,-96.05,IA4
51040,42.03,-96.07,IA4
51041,43.02,-96.08,IA4
51044,42.31,-95.92,IA4
51045,42.82,-96.06,IA4
51046,42.96,-95.68,IA4
51047,42.94,-95.37,IA4
51048,42.55,-95.84,IA4
51049,42.63,-95.64,IA4
51050,42.80,-95.95,IA4
51051,42.21,-95.96,IA4
51052,42.31,-96.27,IA4
51053,42.50,-95.29,IA4
51054,42.38,-96.34,IA4
51055,42.21,-96.26,IA4
51056,42.24,-95.96,IA4
51058,42.99,-95.48,IA4
51060,42.04,-95.68,IA4
51061,42.58,-95.73,IA4
51062,42.70,-96.53,IA4
51063,42.13,-96.19,IA4
51101,42.49,-96.39,IA4
51103,42.52,-96.45,IA4
51104,42.53,-96.40,IA4
51105,42.51,-96.37,IA4
51106,42.46,-96.31,IA4
51108,42.57,-96.36,IA4
51109,42.61,-96.47,IA4
51111,42.42,-96.39,IA4
51201,43.18,-95.87,IA4
51230,43.36,-96.32,IA4
51231,43.11,-95.74,IA4
51232,43.30,-95.81,IA4
51234,43.19,-96.02,IA4
51235,43.29,-96.22,IA4
51237,43.34,-96.00,IA4
51238,43.07,-95.89,IA4
51239,43.20,-96.15,IA4
51240,43.31,-96.46,IA4
51241,43.45,-96.46,IA4
51242,43.43,-96.34,IA4
51243,43.44,-95.90,IA4
51244,43.24,-95.93,IA4
51245,43.08,-95.60,IA4
51246,43.43,-96.16,IA4
51247,43.19,-96.34,IA4
51248,43.20,-95.66,IA4
51249,43.41,-95.73,IA4
51250,43.09,-96.21,IA4
51301,43.15,-95.15,IA4
51331,43.36,-95.13,IA4
51333,43.14,-95.00,IA4
51334,43.40,-94.80,IA4
51338,43.21,-95.32,IA4
51340,43.24,-95.16,IA4
51341,43.02,-95.04,IA4
51342,43.25,-94.74,IA4
51343,43.02,-95.13,IA4
51345,43.42,-95.44,IA4
51346,43.19,-95.45,IA4
51347,43.42,-95.32,IA4
51350,43.31,-95.60,IA4
51351,43.32,-95.18,IA4
51354,43.41,-95.54,IA4
51355,43.39,-95.14,IA4
51357,43.06,-95.29,IA4
51358,43.13,-94.89,IA4
51360,43.43,-95.09,IA4|MN1
51363,43.43,-94.95,IA4
51364,43.30,-94.96,IA4
51365,43.31,-94.73,IA4
51366,42.96,-95.00,IA4
51401,42.06,-94.87,IA4
51430,42.09,-95.03,IA4
51431,42.34,-95.35,IA4
51432,41.91,-95.14,IA4
51433,42.27,-94.88,IA4
51436,42.19,-95.00,IA4
51439,42.08,-95.59,IA4
51440,41.91,-94.81,IA4
51441,42.11,-95.32,IA4
51442,42.03,-95.36,IA4
51443,42.07,-94.70,IA4
51444,42.01,-94.97,IA4
51445,42.33,-95.47,IA4
51446,41.78,-95.19,IA4
51447,41.72,-95.19,IA4
51448,42.20,-95.31,IA4
51449,42.27,-94.73,IA4
51450,42.32,-95.02,IA4
51451,42.19,-94.70,IA4
51452,42.12,-94.78,IA4
51453,42.26,-94.55,IA4
51454,41.89,-95.19,IA4
51455,41.91,-95.06,IA4
51458,42.33,-95.24,IA4
51459,42.04,-94.64,IA4
51460,42.13,-95.57,IA4
51461,42.17,-95.47,IA4
51462,42.01,-94.56,IA3:99|IA4:1
51463,41.91,-94.91,IA4
51465,42.09,-95.20,IA4
51466,42.25,-95.10,IA4
51467,42.07,-95.11,IA4
51501,41.23,-95.89,IA4
51503,41.22,-95.78,IA4
51510,41.29,-95.92,IA4
51520,41.97,-95.46,IA4
51521,41.48,-95.35,IA4
51523,41.92,-96.07,IA4
51525,41.23,-95.42,IA4
51526,41.37,-95.87,IA4
51527,41.84,-95.34,IA4
51528,41.91,-95.50,IA4
51529,41.86,-95.64,IA4
51530,41.79,-95.43,IA4
51531,41.59,-95.09,IA4
51532,41.14,-95.11,IA3:97|IA4:3
51533,41.04,-95.38,IA4:74|IA3:26
51534,41.04,-95.72,IA4
51535,41.23,-95.13,IA3:84|IA4:16
51536,41.38,-95.37,IA4
51537,41.65,-95.30,IA4
51540,41.02,-95.50,IA4
51541,41.14,-95.42,IA4:91|IA3:9
51542,41.44,-95.83,IA4
51543,41.66,-95.07,IA4
51544,41.31,-95.10,IA3:90|IA4:10
51545,41.85,-96.01,IA4
51546,41.64,-95.77,IA4
51548,41.32,-95.64,IA4
51549,41.19,-95.47,IA4
51550,41.69,-95.87,IA4
51551,40.99,-95.59,IA4
51552,41.49,-95.11,IA3:75|IA4:25
51553,41.41,-95.55,IA4
51554,41.15,-95.68,IA4
51555,41.56,-95.92,IA4
51556,41.64,-96.04,IA4
51557,41.73,-96.01,IA4|NE3
51558,41.92,-95.88,IA4
51559,41.46,-95.64,IA4
51560,41.31,-95.40,IA4
51561,41.01,-95.81,IA4
51562,41.73,-95.49,IA4
51563,41.57,-95.59,IA4
51564,41.81,-95.92,IA4
51565,41.64,-95.52,IA4
51566,41.02,-95.23,IA3
51570,41.53,-95.47,IA4
51571,41.14,-95.62,IA4
51572,41.98,-95.81,IA4
51573,40.98,-95.10,IA3
51575,41.24,-95.60,IA4
51576,41.38,-95.71,IA4
51577,41.46,-95.20,IA4
51578,41.72,-95.40,IA4
51579,41.76,-95.72,IA4
51601,40.74,-95.35,IA3:97|IA4:3
51630,40.60,-95.19,IA3
51631,40.59,-95.01,IA3
51632,40.75,-95.05,IA3
51636,40.67,-95.24,IA3
51637,40.62,-95.12,IA3
51638,40.84,-95.27,IA3
51639,40.72,-95.47,IA4
51640,40.63,-95.66,IA4|MO6
51645,40.88,-95.42,IA4:98|IA3:2
51646,40.75,-94.87,IA3
51647,40.61,-95.35,IA3:79|IA4:21
51648,40.74,-95.80,IA4
51649,40.85,-95.53,IA4
51650,40.68,-95.55,IA4
51651,40.66,-95.03,IA3
51652,40.77,-95.62,IA4
51653,40.88,-95.68,IA4
51654,40.83,-95.78,IA4
51656,40.74,-95.15,IA3
52001,42.55,-90.69,IA2
52002,42.52,-90.77,IA2
52003,42.43,-90.67,IA2
52030,42.15,-90.59,IA1
52031,42.25,-90.49,IA1:91|IA2:9
52032,42.29,-90.84,IA2:51|IA1:49
52033,42.28,-91.00,IA2:71|IA1:29
52035,42.67,-91.18,IA2
52036,42.47,-91.34,IA2
52037,41.97,-90.63,IA1
52038,42.59,-91.56,IA2
52039,42.54,-90.86,IA2
52040,42.50,-91.14,IA2
52041,42.51,-91.26,IA2
52042,42.68,-91.36,IA2
52043,42.83,-91.43,IA2
52044,42.77,-91.32,IA2
52045,42.45,-90.93,IA2
52046,42.44,-91.01,IA2
52047,42.97,-91.34,IA2
52048,42.74,-91.26,IA2
52049,42.89,-91.20,IA2
52050,42.61,-91.33,IA2
52052,42.74,-91.12,IA2
52053,42.61,-90.96,IA2
52054,42.31,-90.63,IA1:87|IA2:13
52056,42.60,-91.07,IA2
52057,42.49,-91.45,IA2
52060,42.10,-90.68,IA1
52064,42.09,-90.31,IA1
52065,42.58,-91.10,IA2
52066,42.69,-90.96,IA2
52068,42.42,-90.81,IA2
52069,42.06,-90.43,IA1
52070,42.08,-90.21,IA1
52071,42.36,-90.54,IA1
52072,42.92,-91.38,IA2
52073,42.62,-90.82,IA2
52074,42.11,-90.46,IA1
52075,42.17,-90.48,IA1
52076,42.70,-91.51,IA2
52077,42.82,-91.56,IA2
52078,42.40,-91.12,IA2
52079,42.29,-90.72,IA1:55|IA2:45
52101,43.37,-91.77,IA2
52132,43.21,-91.93,IA2
52133,43.11,-91.66,IA2
52134,43.47,-92.40,IA2
52135,43.02,-91.66,IA2
52136,43.37,-92.11,IA2
52140,43.45,-91.53,IA2
52141,42.93,-91.64,IA2
52142,42.83,-91.80,IA2
52144,43.14,-91.96,IA2
52146,43.18,-91.21,IA2
52147,42.94,-91.96,IA2
52151,43.35,-91.26,IA2
52154,43.11,-92.16,IA2
52155,43.41,-92.30,IA2
52156,43.05,-91.47,IA2
52157,43.03,-91.23,IA2
52158,43.04,-91.19,IA2
52159,43.08,-91.37,IA2
52160,43.47,-91.35,IA2
52161,43.13,-91.76,IA2
52162,43.11,-91.55,IA2
52163,43.22,-92.10,IA2
52164,42.85,-91.91,IA2
52165,43.31,-91.99,IA2
52166,43.07,-91.94,IA2
52168,43.20,-91.95,IA2
52169,42.86,-91.66,IA2
52170,43.23,-91.30,IA2
52171,43.07,-92.05,IA2
52172,43.27,-91.48,IA2
52175,42.99,-91.82,IA2
52201,41.33,-91.55,IA1
52202,42.16,-91.64,IA2
52203,41.81,-91.89,IA1:99|IA2:1
52205,42.12,-91.29,IA1:98|IA2:2
52206,41.99,-91.89,IA2
52207,42.09,-90.83,IA1
52208,41.88,-92.26,IA2:94|IA1:6
52209,41.91,-92.10,IA2:97|IA1:3
52210,42.33,-91.99,IA2
52211,41.75,-92.45,IA2
52212,42.11,-91.09,IA1
52213,42.20,-91.76,IA2
52214,42.19,-91.51,IA2
52215,41.91,-92.41,IA2
52216,41.88,-91.02,IA1
52217,42.08,-92.41,IA2
52218,42.30,-91.54,IA2
52219,42.24,-91.43,IA2
52220,41.73,-92.00,IA1
52221,41.64,-92.33,IA2:90|IA1:10
52222,41.58,-92.34,IA2:77|IA1:23
52223,42.41,-91.32,IA2
52224,42.16,-92.29,IA2
52225,42.01,-92.33,IA2
52227,41.89,-91.57,IA2:99|IA1:1
52228,41.90,-91.79,IA2:98|IA1:2
52229,42.14,-92.17,IA2
52231,41.36,-92.06,IA1
52232,41.80,-92.35,IA2
52233,42.05,-91.69,IA2
52235,41.58,-91.53,IA1
52236,41.73,-91.88,IA1
52237,42.34,-91.25,IA2:99|IA1:1
52240,41.63,-91.50,IA1
52241,41.70,-91.60,IA1
52242,41.66,-91.54,IA1
52245,41.67,-91.51,IA1
52246,41.65,-91.60,IA1
52247,41.52,-91.72,IA1
52248,41.35,-91.94,IA1
52249,42.01,-92.21,IA2
52251,41.71,-92.21,IA1
52252,42.20,-91.23,IA1
52253,41.90,-91.35,IA2:73|IA1:27
52254,41.95,-90.81,IA1
52255,41.86,-90.96,IA1
52257,41.91,-92.17,IA2
52301,41.79,-92.08,IA1:99|IA2:1
52302,42.07,-91.56,IA2
52305,42.02,-91.34,IA1:88|IA2:12
52306,41.89,-91.25,IA1
52307,41.79,-91.90,IA1
52308,41.57,-92.16,IA1
52309,42.13,-90.89,IA1
52310,42.22,-91.20,IA1:99|IA2:1
52312,42.01,-91.25,IA1
52313,42.26,-92.10,IA2
52314,41.94,-91.45,IA2
52315,42.00,-91.97,IA2
52316,41.55,-92.09,IA1
52317,41.77,-91.63,IA1
52318,41.89,-91.90,IA2:89|IA1:11
52320,42.00,-91.15,IA1
52321,42.14,-90.98,IA1
52322,41.69,-91.76,IA1
52323,41.98,-90.95,IA1
52324,42.06,-91.81,IA2
52325,41.58,-91.93,IA1
52326,42.39,-91.76,IA2
52327,41.48,-91.58,IA1
52328,42.07,-91.67,IA2
52329,42.35,-91.86,IA2
52330,42.35,-91.50,IA2
52332,42.10,-91.89,IA2
52333,41.80,-91.49,IA1
52334,41.73,-91.94,IA1
52335,41.47,-92.05,IA1
52336,42.07,-91.44,IA2
52337,41.88,-91.14,IA1
52338,41.82,-91.71,IA1:99|IA2:1
52339,41.93,-92.59,IA2
52340,41.71,-91.68,IA1
52341,42.10,-91.73,IA2
52342,42.04,-92.56,IA2
52344,42.29,-91.68,IA2
52345,42.22,-91.89,IA2
52346,42.01,-92.08,IA2
52347,41.71,-92.29,IA1:81|IA2:19
52348,41.99,-92.39,IA2
52349,42.17,-92.01,IA2
52351,41.87,-91.84,IA2
52352,42.29,-91.78,IA2
52353,41.30,-91.72,IA1
52354,41.92,-91.99,IA2
52355,41.46,-92.19,IA1
52356,41.47,-91.85,IA1
52358,41.69,-91.32,IA1
52359,41.35,-91.81,IA1
52361,41.64,-92.02,IA1
52362,42.06,-91.00,IA1
52401,41.98,-91.66,IA2
52402,42.02,-91.66,IA2
52403,41.97,-91.57,IA2
52404,41.92,-91.69,IA2
52405,41.98,-91.75,IA2
52411,42.05,-91.73,IA2
52501,41.04,-92.43,IA3
52530,40.99,-92.30,IA3
52531,41.03,-92.82,IA3
52533,41.01,-92.15,IA1:84|IA3:16
52534,41.27,-92.68,IA1
52535,40.86,-91.96,IA1
52536,40.96,-92.61,IA3
52537,40.73,-92.41,IA3
52540,41.15,-91.82,IA1
52542,40.62,-92.06,IA1|MO6
52543,41.20,-92.51,IA1
52544,40.71,-92.91,IA3
52548,41.09,-92.53,IA3
52549,40.62,-92.94,IA3
52550,41.31,-92.36,IA1
52551,40.82,-92.10,IA1:99|IA3:1
52552,40.83,-92.55,IA3
52553,41.15,-92.65,IA3:73|IA1:27
52554,40.93,-92.24,IA3:95|IA1:5
52555,40.64,-92.82,IA3
52556,41.02,-91.93,IA1
52557,41.02,-91.97,IA1
52560,40.85,-92.25,IA3
52561,41.22,-92.45,IA1
52562,41.27,-92.25,IA1
52563,41.17,-92.28,IA1:80|IA3:20
52565,40.74,-91.93,IA1
52566,41.13,-92.51,IA3
52567,40.93,-92.07,IA1
52568,41.18,-92.25,IA1
52569,40.98,-93.05,IA3
52570,40.68,-92.14,IA1:88|IA3:12
52571,40.87,-92.83,IA3
52572,40.67,-92.69,IA3
52573,40.63,-91.93,IA1|MO6
52574,40.81,-92.96,IA3
52576,41.22,-92.11,IA1
52577,41.27,-92.66,IA1
52580,41.11,-92.09,IA1
52581,40.80,-93.06,IA3
52583,40.80,-93.15,IA3
52584,40.65,-92.24,IA3
52585,41.19,-91.99,IA1
52586,41.35,-92.46,IA1
52588,40.86,-92.16,IA1:79|IA3:21
52590,40.67,-93.14,IA3
52591,41.32,-92.19,IA1
52593,40.77,-92.75,IA3
52594,40.84,-92.65,IA3
52595,41.29,-92.62,IA1
52601,40.86,-91.13,IA1
52619,40.52,-91.57,IA1
52620,40.70,-91.80,IA1
52621,41.21,-91.53,IA1
52623,40.85,-91.34,IA1
52624,40.73,-91.34,IA1
52625,40.66,-91.57,IA1
52626,40.64,-91.73,IA1|MO6
52627,40.66,-91.36,IA1
52630,40.81,-91.69,IA1
52631,40.78,-91.61,IA1
52632,40.43,-91.44,IA1
52635,40.99,-91.76,IA1
52637,41.02,-91.15,IA1
52638,40.80,-91.24,IA1
52639,40.53,-91.48,IA1
52640,41.10,-91.28,IA1
52641,40.99,-91.59,IA1
52644,41.04,-91.42,IA1
52645,40.91,-91.40,IA1
52646,41.07,-91.02,IA1
52647,41.13,-91.55,IA1
52649,40.84,-91.61,IA1
52650,40.95,-91.15,IA1
52651,40.86,-91.81,IA1
52652,41.10,-91.55,IA1
52653,41.16,-91.15,IA1
52654,41.14,-91.67,IA1
52655,40.84,-91.21,IA1
52656,40.74,-91.46,IA1
52657,40.77,-91.52,IA1
52658,40.70,-91.23,IA1
52659,41.13,-91.44,IA1
52660,40.99,-91.30,IA1
52701,41.98,-90.25,IA1
52720,41.59,-91.17,IA1
52721,41.76,-90.96,IA1
52722,41.57,-90.47,IA1
52726,41.50,-90.78,IA1
52727,41.95,-90.33,IA1
52728,41.46,-90.73,IA1
52729,41.80,-90.74,IA1
52730,41.78,-90.34,IA1
52731,41.97,-90.49,IA1
52732,41.89,-90.25,IA1
52737,41.26,-91.37,IA1
52738,41.27,-91.38,IA1
52739,41.37,-91.37,IA1
52742,41.84,-90.52,IA1
52745,41.72,-90.77,IA1
52746,41.72,-90.67,IA1
52747,41.60,-90.91,IA1
52748,41.67,-90.56,IA1
52749,41.35,-91.13,IA1
52750,41.94,-90.40,IA1
52751,41.84,-90.70,IA1
52752,41.27,-91.19,IA1
52753,41.63,-90.39,IA1
52754,41.34,-91.24,IA1
52755,41.48,-91.43,IA1
52756,41.73,-90.54,IA1
52757,41.80,-90.36,IA1
52758,41.74,-90.44,IA1
52759,41.46,-90.81,IA1
52760,41.55,-91.07,IA1
52761,41.44,-91.06,IA1
52765,41.72,-90.87,IA1
52766,41.47,-91.30,IA1
52767,41.58,-90.43,IA1
52768,41.70,-90.39,IA1
52769,41.61,-90.85,IA1
52771,42.02,-90.26,IA1
52772,41.74,-91.15,IA1
52773,41.62,-90.75,IA1
52774,41.91,-90.60,IA1
52776,41.58,-91.27,IA1
52777,41.85,-90.86,IA1
52778,41.60,-91.01,IA1
52801,41.52,-90.57,IA1
52802,41.49,-90.64,IA1
52803,41.54,-90.56,IA1
52804,41.53,-90.68,IA1
52806,41.59,-90.63,IA1
52807,41.61,-90.52,IA1
53001,43.61,-88.06,WI6
53002,43.46,-88.35,WI5
53003,43.21,-88.52,WI5
53004,43.50,-87.88,WI6
53005,43.06,-88.10,WI5
53006,43.62,-88.53,WI6
53007,43.11,-88.07,WI5
53010,43.61,-88.27,WI6:95|WI5:5
53011,43.66,-88.09,WI6
53012,43.31,-88.03,WI6:91|WI5:9
53013,43.57,-87.85,WI6
53014,44.03,-88.18,WI8:81|WI6:19
53015,43.91,-87.79,WI6
53016,43.31,-88.72,WI5
53017,43.20,-88.25,WI5
53018,43.05,-88.39,WI5
53019,43.70,-88.30,WI6
53020,43.86,-88.01,WI6
53021,43.49,-88.01,WI6:87|WI5:13
53022,43.23,-88.12,WI5
53023,43.78,-88.11,WI6
53024,43.33,-87.93,WI6
53027,43.32,-88.37,WI5
53029,43.15,-88.34,WI5
53031,43.64,-87.92,WI6
53032,43.45,-88.62,WI5:95|WI6:5
53033,43.24,-88.26,WI5
53034,43.33,-88.62,WI5
53035,43.39,-88.54,WI5
53036,43.18,-88.58,WI5
53037,43.31,-88.16,WI5
53038,43.08,-88.79,WI5
53039,43.37,-88.71,WI5
53040,43.53,-88.19,WI5:90|WI6:10
53042,43.96,-87.97,WI6
53044,43.74,-87.78,WI6
53045,43.06,-88.15,WI5
53046,43.16,-88.16,WI5
53047,43.26,-88.63,WI5
53048,43.57,-88.46,WI6:99|WI5:1
53049,43.89,-88.29,WI6
53050,43.51,-88.55,WI6:94|WI5:6
53051,43.16,-88.12,WI5
53057,43.79,-88.24,WI6
53058,43.11,-88.41,WI5
53059,43.29,-88.52,WI5
53061,43.95,-88.12,WI6:95|WI8:5
53063,43.96,-87.80,WI6
53065,43.68,-88.57,WI6
53066,43.11,-88.49,WI5
53069,43.11,-88.43,WI5
53070,43.62,-87.81,WI6
53072,43.08,-88.27,WI5
53073,43.75,-88.00,WI6
53074,43.43,-87.89,WI6
53075,43.56,-87.99,WI6
53076,43.27,-88.21,WI5
53078,43.32,-88.47,WI5
53079,43.81,-88.20,WI6
53080,43.41,-87.99,WI6
53081,43.71,-87.73,WI6
53083,43.82,-87.76,WI6
53085,43.73,-87.86,WI6
53086,43.33,-88.27,WI5
53088,44.07,-88.30,WI8
53089,43.15,-88.24,WI5
53090,43.46,-88.17,WI5:99|WI6:1
53091,43.50,-88.43,WI6:68|WI5:32
53092,43.21,-87.95,WI6
53093,43.65,-87.94,WI6
53094,43.14,-88.73,WI5
53095,43.39,-88.15,WI5:99|WI6:1
53097,43.24,-88.01,WI6
53098,43.25,-88.71,WI5
53099,43.38,-88.53,WI5
53103,42.88,-88.22,WI5
53104,42.55,-88.04,WI1
53105,42.67,-88.28,WI1:99|WI5:1
53108,42.82,-87.94,WI1
53110,42.95,-87.86,WI1
53114,42.61,-88.75,WI1
53115,42.66,-88.67,WI1
53118,42.96,-88.49,WI5
53119,42.89,-88.49,WI5:93|WI1:7
53120,42.81,-88.42,WI5:76|WI1:24
53121,42.72,-88.53,WI1
53122,43.05,-88.09,WI5
53125,42.55,-88.56,WI1
53126,42.79,-88.00,WI1
53127,42.96,-88.38,WI5
53128,42.53,-88.34,WI1
53129,42.94,-88.00,WI1
53130,42.94,-88.05,WI1
53132,42.89,-88.01,WI1
53137,43.01,-88.67,WI5
53139,42.69,-88.12,WI1
53140,42.62,-87.83,WI1
53142,42.56,-87.89,WI1
53143,42.56,-87.83,WI1
53144,42.62,-87.92,WI1
53146,42.97,-88.16,WI5
53147,42.56,-88.45,WI1
53149,42.88,-88.34,WI5:99|WI1:1
53150,42.87,-88.13,WI5:98|WI1:2
53151,42.97,-88.10,WI5
53153,42.94,-88.40,WI5
53154,42.88,-87.90,WI1
53156,42.89,-88.59,WI5
53157,42.54,-88.37,WI1
53158,42.52,-87.89,WI1
53167,42.73,-88.23,WI1
53168,42.58,-88.12,WI1
53170,42.56,-88.16,WI1
53172,42.91,-87.86,WI1
53176,42.64,-88.41,WI1
53177,42.70,-87.93,WI1
53178,43.03,-88.60,WI5
53179,42.51,-88.13,WI1
53181,42.52,-88.24,WI1
53182,42.70,-88.04,WI1
53183,43.01,-88.37,WI5
53184,42.52,-88.61,WI1
53185,42.80,-88.19,WI1
53186,43.02,-88.20,WI5
53188,43.02,-88.29,WI5
53189,42.94,-88.29,WI5
53190,42.81,-88.74,WI1:79|WI5:21
53191,42.58,-88.55,WI1
53192,42.52,-88.18,WI1
53195,42.51,-88.49,WI1
53202,43.05,-87.89,WI4
53203,43.04,-87.91,WI4
53204,43.02,-87.93,WI4
53205,43.05,-87.93,WI4
53206,43.08,-87.93,WI4
53207,42.98,-87.90,WI4
53208,43.04,-87.97,WI4
53209,43.13,-87.95,WI4
53210,43.07,-87.97,WI4
53211,43.08,-87.88,WI4
53212,43.07,-87.91,WI4
53213,43.05,-88.00,WI4
53214,43.02,-88.01,WI4:77|WI5:23
53215,43.00,-87.94,WI4
53216,43.09,-87.98,WI4
53217,43.16,-87.91,WI4
53218,43.11,-87.99,WI4
53219,43.00,-87.99,WI4:98|WI5:2
53220,42.97,-87.99,WI5:56|WI4:44
53221,42.95,-87.94,WI4:73|WI5:25|WI1:2
53222,43.08,-88.03,WI4
53223,43.16,-87.99,WI4
53224,43.16,-88.04,WI4
53225,43.11,-88.04,WI4
53226,43.05,-88.04,WI4
53227,43.00,-88.04,WI5:57|WI4:43
53228,42.97,-88.04,WI5:77|WI4:23
53233,43.04,-87.93,WI4
53235,42.97,-87.87,WI1
53295,43.02,-87.98,WI4
53402,42.80,-87.82,WI1
53403,42.68,-87.82,WI1
53404,42.76,-87.82,WI1
53405,42.73,-87.83,WI1
53406,42.73,-87.86,WI1
53501,42.60,-89.08,WI2
53502,42.73,-89.44,WI2
53503,43.14,-89.96,WI2
53504,42.72,-89.85,WI2
53505,42.66,-88.82,WI1
53506,43.16,-90.29,WI2
53507,42.98,-89.91,WI2
53508,42.87,-89.58,WI2
53510,42.74,-90.32,WI2
53511,42.55,-89.11,WI1:83|WI2:17
53515,43.12,-89.74,WI2
53516,42.80,-89.87,WI2
53517,43.06,-89.83,WI2
53518,43.24,-90.60,WI3
53520,42.60,-89.36,WI2
53521,42.84,-89.40,WI2
53522,42.56,-89.78,WI2
53523,42.98,-89.03,WI2:52|WI5:48
53525,42.54,-88.85,WI1
53526,42.97,-90.34,WI2
53527,43.05,-89.19,WI2
53528,43.12,-89.64,WI2
53529,43.24,-89.53,WI2
53530,42.69,-90.11,WI2
53531,43.06,-89.09,WI2
53532,43.25,-89.33,WI2:99|WI6:1
53533,43.00,-90.16,WI2
53534,42.86,-89.09,WI2:90|WI1:8|WI5:2
53536,42.76,-89.27,WI2
53537,42.67,-89.21,WI2
53538,42.91,-88.87,WI5:99|WI1:1
53540,43.22,-90.29,WI3
53541,42.57,-90.03,WI2
53543,43.06,-90.35,WI2:95|WI3:5
53544,42.88,-89.91,WI2
53545,42.74,-89.04,WI1:98|WI2:2
53546,42.65,-88.95,WI1:95|WI2:5
53548,42.69,-89.13,WI1:87|WI2:13
53549,42.98,-88.77,WI5
53550,42.55,-89.49,WI2
53551,43.08,-88.92,WI5
53553,42.91,-90.30,WI2
53554,42.91,-90.44,WI3:87|WI2:13
53555,43.32,-89.55,WI6:93|WI2:7
53556,43.24,-90.25,WI3:85|WI2:15
53557,43.34,-88.80,WI5
53558,43.00,-89.28,WI2
53559,43.17,-89.08,WI2
53560,43.19,-89.74,WI2
53561,43.40,-89.65,WI2:85|WI6:15
53562,43.11,-89.54,WI2
53563,42.78,-88.93,WI1:99|WI5:1
53565,42.84,-90.17,WI2
53566,42.61,-89.65,WI2
53569,42.99,-90.43,WI3:77|WI2:23
53570,42.73,-89.62,WI2
53571,43.28,-89.35,WI2
53572,42.96,-89.75,WI2
53573,43.18,-90.47,WI3:93|WI2:7
53574,42.82,-89.65,WI2
53575,42.93,-89.39,WI2
53576,42.63,-89.23,WI2
53577,43.31,-90.06,WI2
53578,43.31,-89.77,WI2:87|WI6:13
53579,43.30,-88.87,WI5
53580,42.86,-90.38,WI2
53581,43.38,-90.42,WI3
53582,43.02,-89.98,WI2
53583,43.25,-89.81,WI2:99|WI6:1
53584,43.28,-90.29,WI3
53585,42.53,-88.72,WI1
53586,42.57,-90.23,WI2
53587,42.58,-89.90,WI2
53588,43.19,-90.08,WI2:99|WI3:1
53589,42.92,-89.21,WI2
53590,43.20,-89.21,WI2
53593,42.99,-89.58,WI2
53594,43.18,-88.97,WI5:96|WI2:4
53597,43.18,-89.46,WI2
53598,43.21,-89.34,WI2
53599,42.65,-89.86,WI2
53703,43.08,-89.38,WI2
53704,43.14,-89.35,WI2
53705,43.07,-89.46,WI2
53706,43.08,-89.41,WI2
53711,43.01,-89.41,WI2
53713,43.04,-89.39,WI2
53714,43.10,-89.31,WI2
53715,43.06,-89.39,WI2
53716,43.07,-89.32,WI2
53717,43.07,-89.52,WI2
53718,43.10,-89.27,WI2
53719,43.05,-89.51,WI2
53726,43.07,-89.42,WI2
53792,43.08,-89.43,WI2
53801,42.92,-91.07,WI3
53802,42.81,-90.89,WI3
53803,42.56,-90.36,WI2
53804,42.88,-90.91,WI3
53805,43.14,-90.68,WI3
53806,42.73,-90.92,WI3
53807,42.62,-90.47,WI3:78|WI2:22
53808,42.64,-90.59,WI3
53809,42.99,-90.63,WI3
53810,42.82,-91.00,WI3
53811,42.54,-90.53,WI3:96|WI2:4
53812,42.58,-90.60,WI3
53813,42.84,-90.72,WI3
53816,42.98,-90.86,WI3
53817,42.94,-90.97,WI3
53818,42.75,-90.49,WI3:96|WI2:4
53820,42.70,-90.70,WI3
53821,43.05,-91.06,WI3
53825,42.92,-90.59,WI3
53826,43.11,-90.92,WI3
53827,43.05,-90.82,WI3
53901,43.56,-89.48,WI6
53910,43.89,-89.81,WI3
53911,43.33,-89.37,WI6:97|WI2:3
53913,43.49,-89.73,WI2
53916,43.46,-88.85,WI6:85|WI5:15
53919,43.73,-88.78,WI6
53920,43.67,-89.60,WI6:73|WI3:27
53922,43.52,-88.72,WI6:99|WI5:1
53923,43.57,-89.14,WI6
53924,43.48,-90.26,WI3
53925,43.33,-89.06,WI6:80|WI5:15|WI2:5
53926,43.67,-89.22,WI6
53928,43.42,-89.16,WI6
53929,43.76,-90.29,WI3
53930,43.69,-89.49,WI6
53931,43.74,-88.87,WI6
53932,43.42,-89.06,WI6:97|WI5:3
53933,43.58,-88.88,WI6
53934,43.98,-89.82,WI3
53935,43.59,-89.07,WI6
53936,43.87,-89.71,WI3
53937,43.39,-90.15,WI2:85|WI3:15
53939,43.69,-89.14,WI6
53940,43.59,-89.79,WI2
53941,43.58,-90.14,WI3:93|WI2:7
53942,43.46,-90.17,WI3:92|WI2:8
53943,43.39,-90.04,WI2
53944,43.69,-89.93,WI3:92|WI2:8
53946,43.72,-89.02,WI6
53947,43.75,-89.14,WI6
53948,43.78,-90.04,WI3
53949,43.78,-89.34,WI6
53950,43.90,-90.14,WI3:79|WI7:21
53951,43.39,-89.88,WI2
53952,43.78,-89.59,WI3:56|WI6:44
53953,43.77,-89.46,WI6
53954,43.55,-89.31,WI6
53955,43.40,-89.40,WI6
53956,43.54,-89.02,WI6:99|WI5:1
53959,43.53,-90.00,WI2:98|WI3:2
53960,43.43,-89.24,WI6
53961,43.46,-89.94,WI2
53962,43.68,-90.26,WI3
53963,43.63,-88.74,WI6
53964,43.91,-89.51,WI6:98|WI3:2
53965,43.67,-89.75,WI2:37|WI3:34|WI6:28
53968,43.64,-90.24,WI3
53969,43.50,-89.30,WI6
54001,45.33,-92.39,WI7
54002,44.96,-92.37,WI7:99|WI3:1
54003,44.78,-92.45,WI3
54004,45.30,-92.13,WI7
54005,45.23,-92.23,WI7:96|WI3:4
54006,45.59,-92.65,WI7
54007,45.19,-92.35,WI7
54009,45.35,-92.58,WI7
54011,44.72,-92.46,WI3
54013,45.08,-92.23,WI7:99|WI3:1
54014,44.65,-92.57,WI3
54015,44.97,-92.45,WI7
54016,44.98,-92.69,WI7
54017,45.12,-92.52,WI7
54020,45.27,-92.66,WI7
54021,44.73,-92.71,WI3
54022,44.85,-92.61,WI3:71|WI7:29
54023,44.98,-92.55,WI7
54024,45.50,-92.64,WI7
54025,45.14,-92.70,WI7
54026,45.22,-92.54,WI7
54027,44.92,-92.20,WI7
54028,44.95,-92.28,WI7
54082,45.07,-92.75,WI7
54101,44.79,-88.08,WI8
54102,45.50,-88.01,WI8
54103,45.64,-88.52,WI7:91|WI8:9
54104,45.43,-88.27,WI8:99|WI7:1
54106,44.49,-88.46,WI8
54107,44.70,-88.46,WI8
54110,44.18,-88.08,WI8:90|WI6:10
54111,44.81,-88.38,WI8
54112,45.05,-88.05,WI8
54113,44.26,-88.31,WI8
54114,45.25,-88.11,WI8
54115,44.41,-88.09,WI8
54119,45.61,-88.20,WI8
54120,45.80,-88.57,WI7:61|WI8:39
54121,45.87,-88.33,WI7
54123,44.21,-88.16,WI8
54124,44.91,-88.35,WI8
54125,45.58,-88.40,WI8:96|WI7:4
54126,44.29,-88.03,WI8
54127,44.80,-88.27,WI8
54128,44.86,-88.80,WI8
54129,44.13,-88.20,WI8
54130,44.31,-88.24,WI8
54135,44.91,-88.63,WI8
54136,44.27,-88.34,WI8
54137,44.76,-88.26,WI8
54138,45.33,-88.41,WI8
54139,44.96,-88.08,WI8
54140,44.29,-88.31,WI8
54141,44.73,-88.00,WI8
54143,45.08,-87.69,WI8
54149,45.21,-88.44,WI8
54150,44.97,-88.79,WI8
54151,45.73,-87.99,WI8:73|WI7:27
54152,44.57,-88.47,WI8
54153,44.90,-87.92,WI8
54154,44.87,-88.18,WI8
54155,44.53,-88.20,WI8
54156,45.61,-87.94,WI8
54157,45.05,-87.81,WI8
54159,45.19,-87.84,WI8
54160,44.12,-88.10,WI8
54161,45.14,-88.15,WI8
54162,44.66,-88.27,WI8
54165,44.52,-88.32,WI8
54166,44.78,-88.63,WI8
54169,44.18,-88.28,WI8
54170,44.54,-88.58,WI8
54171,44.72,-88.10,WI8
54173,44.64,-88.01,WI8
54174,45.03,-88.44,WI8
54175,45.30,-88.63,WI8:99|WI7:1
54177,45.37,-87.91,WI8
54180,44.33,-88.18,WI8
54201,44.63,-87.49,WI8
54202,45.09,-87.14,WI8
54204,44.76,-87.61,WI8
54205,44.61,-87.63,WI8
54207,44.08,-87.98,WI6
54208,44.36,-87.80,WI8:91|WI6:9
54209,45.02,-87.27,WI8
54210,45.25,-87.04,WI8
54211,45.16,-87.17,WI8
54212,45.11,-87.21,WI8
54213,44.70,-87.53,WI8
54214,44.20,-87.71,WI6
54215,44.23,-87.80,WI6
54216,44.44,-87.57,WI8
54217,44.55,-87.72,WI8
54220,44.09,-87.72,WI6
54227,44.28,-87.80,WI6
54228,44.28,-87.65,WI6
54229,44.56,-87.82,WI8
54230,44.16,-87.92,WI6
54232,44.01,-87.92,WI6
54234,45.18,-87.10,WI8
54235,44.84,-87.37,WI8
54241,44.22,-87.59,WI6
54245,44.03,-87.90,WI6
54246,45.37,-86.90,WI8
54247,44.20,-87.79,WI6
54301,44.48,-88.02,WI8
54302,44.51,-87.98,WI8
54303,44.54,-88.05,WI8
54304,44.49,-88.07,WI8
54307,44.47,-88.04,WI8
54311,44.48,-87.89,WI8
54313,44.58,-88.12,WI8
54401,44.97,-89.71,WI7
54403,45.02,-89.53,WI7
54405,44.97,-90.28,WI7
54406,44.41,-89.30,WI3
54407,44.53,-89.28,WI3
54408,45.03,-89.32,WI7:73|WI8:27
54409,45.12,-89.17,WI7:99|WI8:1
54410,44.54,-90.03,WI7:89|WI3:11
54411,45.06,-90.03,WI7
54412,44.66,-89.97,WI7:90|WI3:10
54413,44.29,-90.15,WI7
54414,44.96,-89.18,WI8:65|WI7:35
54416,44.88,-88.95,WI8
54417,45.03,-89.65,WI7
54418,45.21,-88.98,WI7
54420,44.61,-90.35,WI7
54421,44.90,-90.29,WI7
54422,44.98,-90.45,WI7
54423,44.58,-89.43,WI3
54424,45.29,-89.19,WI7
54425,45.01,-90.34,WI7
54426,44.91,-90.00,WI7
54427,44.82,-89.26,WI7:68|WI8:32
54428,45.44,-89.16,WI7
54430,45.14,-88.89,WI7
54433,45.23,-90.81,WI7
54435,45.36,-89.44,WI7
54436,44.53,-90.43,WI7
54437,44.78,-90.63,WI7
54440,44.81,-89.39,WI7
54441,44.64,-90.11,WI7
54442,45.36,-89.66,WI7
54443,44.61,-89.75,WI3:99|WI7:1
54446,44.75,-90.47,WI7
54447,45.11,-90.72,WI7
54448,44.93,-89.83,WI7
54449,44.64,-90.20,WI7
54450,45.00,-89.04,WI8
54451,45.20,-90.41,WI7
54452,45.22,-89.79,WI7
54454,44.60,-89.88,WI3
54455,44.77,-89.68,WI7:98|WI3:2
54456,44.54,-90.63,WI7
54457,44.22,-89.90,WI3:97|WI7:3
54458,44.50,-89.31,WI3
54459,45.41,-90.24,WI7
54460,44.95,-90.53,WI7
54462,45.39,-89.01,WI7
54463,45.50,-89.23,WI7
54464,45.05,-89.02,WI7
54465,45.40,-88.88,WI7
54466,44.39,-90.33,WI7
54467,44.41,-89.54,WI3
54469,44.35,-89.87,WI3
54470,45.29,-90.14,WI7
54471,44.93,-89.42,WI7
54473,44.65,-89.35,WI3:79|WI7:21
54474,44.87,-89.62,WI7
54475,44.48,-89.79,WI3
54476,44.89,-89.52,WI7
54479,44.75,-90.33,WI7
54480,45.05,-90.27,WI7
54481,44.52,-89.65,WI3
54482,44.55,-89.51,WI3
54484,44.80,-90.08,WI7
54485,45.39,-89.22,WI7
54486,44.72,-89.05,WI8
54487,45.51,-89.75,WI7
54488,44.84,-90.35,WI7
54489,44.46,-90.00,WI3:60|WI7:40
54490,45.33,-90.41,WI7
54491,45.23,-88.75,WI7:94|WI8:6
54493,44.70,-90.81,WI7
54494,44.34,-89.74,WI3
54495,44.39,-89.96,WI3:99|WI7:1
54498,45.04,-90.63,WI7
54499,44.79,-89.18,WI8:80|WI7:18|WI3:1
54501,45.66,-89.35,WI7
54511,45.74,-88.82,WI7
54512,46.09,-89.69,WI7
54513,45.58,-90.14,WI7
54514,46.03,-90.50,WI7
54515,45.51,-90.49,WI7
54517,46.12,-90.93,WI7
54519,46.05,-89.26,WI7
54520,45.54,-88.93,WI7
54521,45.92,-89.26,WI7
54524,45.83,-90.39,WI7
54525,46.43,-90.23,WI7
54526,45.53,-90.86,WI7
54527,46.13,-90.64,WI7
54529,45.68,-89.67,WI7
54530,45.53,-90.72,WI7
54531,45.75,-89.77,WI7
54534,46.35,-90.22,WI7
54536,46.35,-90.34,WI7
54537,45.53,-90.60,WI7
54538,45.98,-89.93,WI7
54539,45.81,-89.58,WI7
54540,46.15,-89.37,MI1|WI7
54541,45.55,-88.66,WI7
54542,45.92,-88.74,WI7
54545,46.13,-89.85,WI7
54546,46.29,-90.75,WI7
54547,46.21,-90.11,WI7
54548,45.87,-89.83,WI7
54550,46.35,-90.26,WI7
54552,45.93,-90.27,WI7
54554,46.06,-89.06,WI7
54555,45.77,-90.33,WI7
54556,45.53,-90.33,WI7
54557,46.21,-89.75,WI7
54558,45.93,-89.50,WI7
54559,46.49,-90.49,WI7
54560,46.04,-89.55,WI7
54561,46.07,-89.43,WI7
54562,45.80,-89.08,WI7
54563,45.46,-90.97,WI7
54564,45.60,-89.96,WI7
54565,46.28,-90.47,WI7
54566,45.43,-88.63,WI7
54568,45.96,-89.67,WI7
54601,43.81,-91.14,WI3
54603,43.86,-91.24,WI3
54610,44.37,-91.83,WI3
54611,44.45,-90.95,WI3:62|WI7:38
54612,44.25,-91.51,WI3
54613,44.08,-89.92,WI3
54614,43.90,-90.95,WI3
54615,44.27,-90.78,WI3
54616,44.31,-91.21,WI3
54618,43.96,-90.29,WI3:79|WI7:21
54619,43.76,-90.77,WI3
54621,43.65,-91.08,WI3
54622,44.27,-91.77,WI3
54623,43.73,-91.03,WI3
54624,43.46,-91.13,WI3
54625,44.13,-91.53,WI3
54626,43.22,-91.05,WI3
54627,44.17,-91.23,WI3
54628,43.37,-91.03,WI3
54629,44.17,-91.64,WI3
54630,44.12,-91.37,WI3
54631,43.29,-90.83,WI3
54632,43.56,-91.15,WI3
54634,43.58,-90.42,WI3
54635,44.40,-91.05,WI3:96|WI7:4
54636,44.00,-91.22,WI3
54637,43.88,-90.27,WI3
54638,43.79,-90.41,WI3
54639,43.61,-90.60,WI3
54642,44.15,-91.04,WI3
54643,44.19,-90.63,WI3
54644,44.04,-91.06,WI3
54645,43.32,-90.93,WI3
54646,44.07,-90.09,WI7
54648,43.84,-90.63,WI3
54650,43.91,-91.23,WI3
54651,43.72,-90.57,WI3
54652,43.48,-90.77,WI3
54653,43.82,-90.93,WI3
54654,43.27,-90.95,WI3
54655,43.37,-90.76,WI3
54656,43.99,-90.80,WI3
54657,43.20,-90.91,WI3
54658,43.68,-91.19,WI3
54659,44.29,-91.10,WI3
54660,43.99,-90.51,WI3:82|WI7:18
54661,44.06,-91.47,WI3
54664,43.49,-90.64,WI3
54665,43.53,-90.93,WI3
54666,44.17,-90.45,WI7:82|WI3:18
54667,43.67,-90.86,WI3
54669,43.91,-91.08,WI3
54670,43.84,-90.48,WI3
54701,44.75,-91.51,WI3
54703,44.83,-91.52,WI3
54720,44.81,-91.44,WI3
54721,44.63,-92.08,WI3
54722,44.71,-91.10,WI3
54723,44.61,-92.42,WI3
54724,45.11,-91.48,WI7:99|WI3:1
54725,45.07,-91.99,WI3
54726,44.94,-91.03,WI7:73|WI3:27
54727,44.95,-91.16,WI7:87|WI3:13
54728,45.31,-91.64,WI7
54729,44.95,-91.39,WI3:86|WI7:14
54730,45.02,-91.72,WI3:99|WI7:1
54731,45.35,-91.09,WI7
54732,45.14,-91.17,WI7
54733,45.28,-91.85,WI7
54734,45.09,-92.11,WI3:94|WI7:6
54736,44.61,-91.92,WI3
54737,44.72,-91.98,WI3
54738,44.59,-91.49,WI3
54739,44.86,-91.70,WI3
54740,44.75,-92.17,WI3
54741,44.61,-90.98,WI3:74|WI7:26
54742,44.76,-91.27,WI3
54745,45.25,-91.12,WI7
54746,44.55,-90.86,WI7
54747,44.39,-91.50,WI3
54748,45.08,-91.26,WI7
54749,44.95,-92.10,WI3:89|WI7:11
54750,44.64,-92.28,WI3
54751,44.85,-91.93,WI3
54754,44.43,-90.77,WI3:66|WI7:34
54755,44.58,-91.68,WI3
54756,44.47,-91.94,WI3
54757,45.24,-91.52,WI7:87|WI3:13
54758,44.56,-91.22,WI3
54759,44.50,-92.12,WI3
54760,44.42,-91.21,WI3
54761,44.62,-92.18,WI3
54762,45.26,-92.00,WI7:90|WI3:10
54763,45.18,-91.88,WI3:88|WI7:12
54766,45.34,-90.86,WI7
54767,44.83,-92.25,WI3:94|WI7:6
54768,44.97,-90.93,WI7:88|WI3:12
54769,44.51,-92.23,WI3
54770,44.55,-91.38,WI3
54771,44.92,-90.81,WI7
54772,45.08,-91.89,WI3
54773,44.39,-91.30,WI3
54801,45.86,-91.94,WI7
54805,45.41,-92.02,WI7
54806,46.55,-90.85,WI7
54810,45.46,-92.39,WI7
54812,45.39,-91.88,WI7
54813,45.66,-92.02,WI7
54814,46.86,-90.90,WI7
54817,45.68,-91.53,WI7
54819,45.48,-91.30,WI7
54820,46.56,-91.56,WI7
54821,46.22,-91.17,WI7
54822,45.40,-91.69,WI7
54824,45.48,-92.54,WI7
54826,45.50,-92.18,WI7
54827,46.80,-91.11,WI7
54828,45.84,-91.29,WI7
54829,45.57,-92.08,WI7
54830,46.11,-92.23,WI7
54832,46.32,-91.34,WI7
54835,45.68,-91.25,WI7
54836,46.45,-92.20,WI7
54837,45.67,-92.36,WI7
54838,46.25,-91.79,WI7
54839,46.36,-91.15,WI7
54840,45.75,-92.69,WI7
54841,45.61,-91.78,WI7
54842,46.49,-91.87,WI7
54843,46.01,-91.29,WI7
54844,46.78,-91.22,WI7
54845,45.80,-92.14,WI7
54846,46.38,-90.72,WI7
54847,46.58,-91.40,WI7
54848,45.52,-91.10,WI7
54849,46.48,-91.72,WI7
54850,46.94,-90.57,WI7
54853,45.58,-92.46,WI7
54854,46.65,-91.67,WI7
54855,46.38,-90.83,WI7
54856,46.43,-91.11,WI7
54857,45.59,-91.60,WI7
54858,45.52,-92.46,WI7
54859,46.13,-91.85,WI7
54861,46.60,-90.64,WI7
54862,45.81,-91.12,WI7
54864,46.60,-91.80,WI7
54865,46.76,-91.37,WI7
54867,45.82,-91.20,WI7
54868,45.53,-91.72,WI7
54870,45.71,-91.78,WI7
54871,45.75,-92.00,WI7
54872,45.77,-92.39,WI7
54873,46.35,-91.70,WI7
54874,46.57,-91.94,WI7
54875,45.97,-91.69,WI7
54876,45.83,-91.50,WI7
54880,46.59,-92.13,WI7
54888,45.97,-91.87,WI7
54889,45.42,-92.17,WI7
54891,46.70,-90.97,WI7
54893,45.88,-92.33,WI7
54895,45.45,-91.46,WI7
54896,45.81,-90.88,WI7
54901,44.06,-88.54,WI6
54902,43.94,-88.53,WI6
54904,44.02,-88.62,WI6
54909,44.28,-89.37,WI3:91|WI6:9
54911,44.28,-88.38,WI8
54913,44.34,-88.40,WI8
54914,44.27,-88.50,WI8:98|WI6:2
54915,44.24,-88.36,WI8:91|WI6:9
54921,44.30,-89.58,WI3
54922,44.55,-88.74,WI8
54923,44.00,-88.97,WI6
54926,44.62,-89.02,WI8
54927,44.10,-88.65,WI6
54928,44.75,-88.88,WI8
54929,44.64,-88.74,WI8
54930,44.03,-89.55,WI6:88|WI3:12
54931,44.27,-88.67,WI8
54932,43.84,-88.62,WI6
54933,44.66,-88.71,WI8
54935,43.78,-88.43,WI6
54937,43.72,-88.40,WI6
54940,44.22,-88.84,WI8:61|WI6:39
54941,43.84,-88.99,WI6
54942,44.30,-88.54,WI8
54943,44.12,-89.57,WI6:72|WI3:28
54944,44.32,-88.63,WI8
54945,44.57,-89.14,WI8:99|WI3:1
54946,44.34,-89.15,WI8
54947,44.20,-88.70,WI8:78|WI6:22
54948,44.78,-88.89,WI8
54949,44.49,-88.91,WI8
54950,44.66,-88.92,WI8
54952,44.20,-88.34,WI6:75|WI8:25
54956,44.18,-88.53,WI6:98|WI8:2
54960,43.94,-89.22,WI6
54961,44.41,-88.76,WI8
54962,44.49,-89.03,WI8
54963,44.04,-88.77,WI6
54964,43.92,-88.74,WI6
54965,44.17,-89.04,WI6:99|WI8:1
54966,44.21,-89.50,WI6:88|WI3:12
54967,44.13,-88.98,WI6
54968,43.85,-89.14,WI6
54970,44.07,-89.10,WI6
54971,43.86,-88.83,WI6
54974,43.78,-88.65,WI6
54977,44.46,-89.17,WI8:92|WI3:8
54978,44.79,-88.91,WI8
54979,43.87,-88.54,WI6
54980,43.99,-88.77,WI6
54981,44.32,-89.13,WI8:96|WI3:3|WI6:1
54982,44.07,-89.29,WI6
54983,44.32,-88.94,WI8:93|WI6:7
54984,44.19,-89.22,WI6:99|WI3:1
54985,44.08,-88.52,WI6
54986,44.12,-88.75,WI6:99|WI8:1
55001,44.90,-92.82,MN4:99|MN2:1
55003,45.01,-92.78,MN4
55005,45.40,-93.22,MN6
55006,45.74,-93.20,MN8
55007,45.97,-93.12,MN8
55008,45.57,-93.28,MN8
55009,44.48,-92.87,MN1:90|MN2:10
55011,45.34,-93.25,MN6
55012,45.44,-92.79,MN8
55013,45.35,-92.89,MN8
55014,45.17,-93.12,MN6
55016,44.82,-92.93,MN2
55017,45.67,-93.44,MN8
55018,44.41,-92.98,MN1:99|MN2:1
55019,44.41,-93.25,MN2
55020,44.58,-93.37,MN2
55021,44.30,-93.27,MN1:95|MN2:5
55024,44.63,-93.14,MN2
55025,45.26,-93.02,MN8:85|MN6:15
55026,44.52,-92.34,MN1
55027,44.41,-92.61,MN1
55029,45.64,-93.20,MN8
55030,45.85,-93.12,MN8
55031,44.61,-92.96,MN2
55032,45.59,-92.99,MN8
55033,44.71,-92.86,MN2
55036,45.87,-93.12,MN8
55037,46.01,-92.79,MN8
55038,45.17,-92.98,MN8:64|MN6:36
55040,45.47,-93.28,MN8
55041,44.39,-92.33,MN1
55042,44.99,-92.89,MN4
55043,44.94,-92.77,MN4
55044,44.64,-93.28,MN2
55045,45.40,-92.83,MN8
55046,44.44,-93.41,MN2
55047,45.20,-92.82,MN8
55049,44.18,-93.24,MN1
55051,45.94,-93.34,MN8
55052,44.23,-93.44,MN2:89|MN1:11
55053,44.35,-93.07,MN1:90|MN2:10
55054,44.57,-93.35,MN2
55055,44.87,-93.00,MN2
55056,45.51,-92.96,MN8
55057,44.47,-93.18,MN2
55060,44.06,-93.23,MN1
55063,45.84,-92.90,MN8
55065,44.55,-93.02,MN2:97|MN1:3
55066,44.51,-92.54,MN1
55068,44.74,-93.06,MN2
55069,45.70,-92.97,MN8
55070,45.41,-93.30,MN6:96|MN8:4
55071,44.82,-93.00,MN2
55072,46.14,-92.58,MN8
55073,45.28,-92.83,MN8
55074,45.39,-92.72,MN8
55075,44.89,-93.04,MN2
55076,44.83,-93.03,MN2
55077,44.82,-93.08,MN2
55079,45.42,-93.04,MN8:57|MN6:43
55080,45.67,-93.22,MN8
55082,45.08,-92.84,MN4:91|MN8:9
55084,45.46,-92.72,MN8
55085,44.67,-92.96,MN2
55087,44.24,-93.41,MN1:95|MN2:5
55088,44.52,-93.38,MN2
55089,44.59,-92.71,MN1:82|MN2:18
55090,45.05,-92.96,MN4
55092,45.33,-93.10,MN8:60|MN6:40
55101,44.95,-93.09,MN4
55102,44.93,-93.12,MN4
55103,44.96,-93.12,MN4
55104,44.95,-93.16,MN4
55105,44.93,-93.17,MN4
55106,44.96,-93.05,MN4
55107,44.93,-93.08,MN4
55108,44.98,-93.17,MN4
55109,45.02,-93.03,MN4
55110,45.09,-93.00,MN4:96|MN8:2|MN6:1
55111,44.89,-93.19,MN5
55112,45.08,-93.19,MN4
55113,45.01,-93.15,MN4
55114,44.97,-93.20,MN4
55115,45.07,-92.95,MN4
55116,44.91,-93.17,MN4
55117,45.00,-93.09,MN4
55118,44.89,-93.10,MN2:99|MN4:1
55119,44.94,-93.01,MN4
55120,44.88,-93.15,MN2
55121,44.85,-93.16,MN2
55122,44.80,-93.20,MN2
55123,44.80,-93.14,MN2
55124,44.75,-93.20,MN2
55125,44.92,-92.94,MN4
55126,45.08,-93.14,MN4
55127,45.08,-93.08,MN4
55128,44.99,-92.96,MN4
55129,44.88,-92.89,MN4:77|MN2:23
55130,44.97,-93.08,MN4
55150,44.89,-93.16,MN2
55155,44.95,-93.10,MN4
55301,45.24,-93.66,MN6
55302,45.25,-94.12,MN6
55303,45.29,-93.43,MN6:62|MN3:38
55304,45.25,-93.26,MN6
55305,44.96,-93.43,MN3
55306,44.73,-93.29,MN2
55307,44.60,-94.11,MN7
55308,45.41,-93.84,MN6
55309,45.38,-93.73,MN6
55310,44.76,-94.88,MN7
55311,45.11,-93.50,MN3
55312,44.71,-94.35,MN7
55313,45.17,-93.85,MN6
55314,44.78,-94.61,MN7
55315,44.71,-93.69,MN6
55316,45.17,-93.39,MN3
55317,44.86,-93.55,MN6
55318,44.81,-93.64,MN6
55319,45.47,-93.95,MN6
55320,45.40,-94.09,MN6
55321,45.09,-94.19,MN6
55322,44.77,-93.79,MN6
55324,45.05,-94.43,MN7
55325,45.08,-94.32,MN7
55327,45.20,-93.47,MN3
55328,45.03,-93.81,MN6:98|MN3:2
55329,45.30,-94.56,MN7
55330,45.33,-93.57,MN6
55331,44.90,-93.61,MN3:76|MN6:24
55332,44.52,-94.70,MN7:94|MN1:6
55333,44.56,-94.86,MN7
55334,44.54,-94.19,MN7:98|MN1:2
55335,44.53,-94.55,MN7:92|MN1:8
55336,44.77,-94.19,MN7
55337,44.78,-93.27,MN2
55338,44.67,-94.00,MN7
55339,44.72,-93.96,MN6:88|MN7:12
55340,45.08,-93.57,MN3
55341,45.16,-93.66,MN6
55342,44.74,-94.74,MN7
55343,44.91,-93.42,MN3
55344,44.86,-93.43,MN3
55345,44.92,-93.48,MN3
55346,44.87,-93.48,MN3
55347,44.83,-93.46,MN3
55349,45.06,-94.07,MN6
55350,44.90,-94.39,MN7
55352,44.65,-93.59,MN2
55353,45.33,-94.32,MN7:94|MN6:6
55354,44.89,-94.06,MN7
55355,45.09,-94.56,MN7
55356,45.00,-93.59,MN3
55357,45.10,-93.67,MN3
55358,45.24,-94.00,MN6
55359,45.01,-93.69,MN3
55360,44.92,-93.92,MN6
55362,45.30,-93.85,MN6
55363,45.04,-93.92,MN6
55364,44.94,-93.68,MN3
55366,44.67,-94.23,MN7
55367,44.90,-93.98,MN6
55368,44.74,-93.90,MN6
55369,45.13,-93.45,MN3
55370,44.78,-94.03,MN7
55371,45.57,-93.59,MN8:64|MN6:36
55372,44.68,-93.41,MN2
55373,45.09,-93.72,MN6:81|MN3:19
55374,45.18,-93.58,MN3:91|MN6:9
55375,44.89,-93.73,MN3:92|MN6:8
55376,45.21,-93.68,MN6
55378,44.76,-93.36,MN2
55379,44.75,-93.51,MN2
55381,44.93,-94.20,MN7
55382,45.30,-94.20,MN6:88|MN7:12
55384,44.94,-93.63,MN3
55385,44.74,-94.49,MN7
55386,44.86,-93.66,MN6
55387,44.86,-93.78,MN6
55388,44.95,-93.85,MN6:99|MN3:1
55389,45.30,-94.44,MN7
55390,45.07,-93.98,MN6
55391,44.96,-93.54,MN3
55395,44.96,-94.06,MN7:95|MN6:5
55396,44.54,-94.37,MN7
55397,44.82,-93.94,MN6
55398,45.46,-93.59,MN6:95|MN8:5
55401,44.99,-93.27,MN5
55402,44.98,-93.27,MN5
55403,44.97,-93.28,MN5
55404,44.96,-93.26,MN5
55405,44.97,-93.30,MN5
55406,44.94,-93.22,MN5
55407,44.94,-93.25,MN5
55408,44.94,-93.29,MN5
55409,44.93,-93.28,MN5
55410,44.91,-93.32,MN5:99|MN3:1
55411,45.00,-93.30,MN5
55412,45.03,-93.30,MN5
55413,45.00,-93.24,MN5
55414,44.98,-93.22,MN5
55415,44.97,-93.26,MN5
55416,44.95,-93.34,MN5
55417,44.91,-93.24,MN5
55418,45.02,-93.24,MN5
55419,44.91,-93.29,MN5
55420,44.84,-93.28,MN3
55421,45.05,-93.25,MN5
55422,45.01,-93.34,MN5
55423,44.88,-93.28,MN5
55424,44.91,-93.34,MN5:68|MN3:32
55425,44.85,-93.23,MN3
55426,44.96,-93.38,MN5
55427,45.00,-93.38,MN5
55428,45.06,-93.38,MN5:63|MN3:37
55429,45.06,-93.34,MN5:77|MN3:23
55430,45.07,-93.30,MN5
55431,44.82,-93.31,MN3
55432,45.10,-93.25,MN5:99|MN4:1
55433,45.16,-93.31,MN3
55434,45.16,-93.25,MN6
55435,44.87,-93.34,MN3
55436,44.91,-93.37,MN3
55437,44.82,-93.34,MN3
55438,44.82,-93.39,MN3
55439,44.87,-93.37,MN3
55441,45.01,-93.43,MN3
55442,45.05,-93.43,MN3
55443,45.12,-93.34,MN3
55444,45.11,-93.30,MN3
55445,45.12,-93.38,MN3
55446,45.04,-93.49,MN3
55447,45.00,-93.49,MN3
55448,45.19,-93.30,MN3
55449,45.18,-93.18,MN6
55450,44.87,-93.23,MN5
55454,44.97,-93.24,MN5
55455,44.98,-93.24,MN5
55601,47.24,-91.37,MN8
55602,47.32,-91.93,MN8
55603,47.55,-91.21,MN8
55604,47.98,-90.60,MN8
55605,47.95,-89.66,MN8
55606,47.96,-90.02,MN8
55607,47.62,-91.50,MN8
55609,46.97,-91.79,MN8
55612,47.79,-90.71,MN8
55613,47.57,-90.99,MN8
55614,47.35,-91.38,MN8
55615,47.75,-90.85,MN8
55616,47.25,-91.69,MN8
55702,46.96,-92.64,MN8
55703,47.73,-92.75,MN8
55704,46.22,-92.75,MN8
55705,47.47,-92.27,MN8
55706,47.67,-91.99,MN8
55707,46.55,-92.64,MN8
55708,47.54,-92.34,MN8
55709,47.40,-93.37,MN8
55710,47.65,-92.70,MN8
55711,46.82,-92.69,MN8
55712,46.28,-92.52,MN8
55713,47.49,-92.76,MN8
55716,47.32,-93.26,MN8
55717,47.07,-92.39,MN8
55718,46.62,-92.49,MN8
55719,47.54,-92.86,MN8
55720,46.75,-92.53,MN8
55721,47.22,-93.68,MN8
55722,47.28,-93.43,MN8
55723,47.84,-92.86,MN8
55724,47.17,-92.37,MN8
55725,48.35,-92.53,MN8
55726,46.65,-92.83,MN8
55731,48.00,-91.75,MN8
55732,47.69,-92.25,MN8
55733,46.71,-92.36,MN8
55734,47.39,-92.50,MN8
55735,46.21,-93.01,MN8
55736,46.96,-92.92,MN8
55738,47.26,-92.66,MN8
55741,47.46,-92.38,MN8
55742,47.17,-93.14,MN8
55744,47.23,-93.51,MN8
55746,47.34,-92.95,MN8
55748,46.99,-93.60,MN8
55749,46.44,-92.44,MN8
55750,47.53,-91.96,MN8
55751,47.39,-92.67,MN8
55752,46.95,-93.25,MN8
55753,47.40,-93.08,MN8
55756,46.38,-92.60,MN8
55757,46.53,-92.95,MN8
55758,47.51,-92.71,MN8
55760,46.64,-93.26,MN8
55763,47.33,-92.23,MN8
55764,47.33,-93.29,MN8
55765,47.10,-92.74,MN8
55767,46.45,-92.77,MN8
55768,47.54,-92.66,MN8
55769,47.48,-93.18,MN8
55771,48.11,-92.90,MN8
55772,48.11,-93.10,MN8
55775,47.30,-93.16,MN8
55779,46.91,-92.45,MN8
55780,46.68,-92.68,MN8
55781,47.68,-93.07,MN8
55782,47.83,-92.20,MN8
55783,46.41,-92.92,MN8
55784,47.06,-93.17,MN8
55785,46.92,-93.73,MN8
55786,47.32,-93.38,MN8
55787,46.72,-93.11,MN8
55790,47.83,-92.38,MN8
55792,47.60,-92.48,MN8
55793,47.12,-93.28,MN8
55795,46.30,-92.88,MN8
55796,47.93,-91.80,MN8
55797,46.57,-92.36,MN8
55798,46.72,-92.97,MN8
55802,46.76,-92.08,MN8
55803,47.04,-92.07,MN8
55804,46.93,-91.93,MN8
55805,46.80,-92.09,MN8
55806,46.77,-92.13,MN8
55807,46.74,-92.17,MN8
55808,46.68,-92.24,MN8
55810,46.76,-92.27,MN8
55811,46.84,-92.22,MN8
55812,46.81,-92.07,MN8
55814,46.84,-92.20,MN8
55901,44.08,-92.50,MN1
55902,43.97,-92.51,MN1
55903,44.02,-92.44,MN1
55904,43.95,-92.40,MN1
55905,44.06,-92.53,MN1
55906,44.10,-92.41,MN1
55909,43.56,-92.73,MN1
55910,44.13,-91.97,MN1
55912,43.68,-92.99,MN1
55917,43.88,-93.08,MN1
55918,43.74,-92.85,MN1
55919,43.62,-91.30,MN1
55920,44.01,-92.62,MN1
55921,43.62,-91.48,MN1
55922,43.56,-91.90,MN1
55923,43.85,-92.18,MN1
55924,44.04,-93.02,MN1
55925,43.91,-91.46,MN1
55926,43.74,-92.71,MN1
55927,44.03,-92.87,MN1
55929,43.98,-92.14,MN1
55931,43.51,-91.39,MN1
55932,44.15,-92.30,MN1
55933,43.65,-92.69,MN1
55934,44.00,-92.27,MN1
55935,43.75,-92.13,MN1
55936,43.71,-92.58,MN1
55939,43.55,-92.08,MN1
55940,43.90,-92.81,MN1
55941,43.73,-91.35,MN1
55943,43.78,-91.58,MN1
55944,43.99,-92.72,MN1
55945,44.27,-92.05,MN1
55946,44.26,-92.95,MN1
55947,43.82,-91.37,MN1
55949,43.70,-91.93,MN1
55950,43.74,-92.97,MN1
55951,43.53,-92.48,MN1
55952,43.94,-91.84,MN1
55953,43.53,-92.97,MN1
55954,43.56,-91.78,MN1
55955,44.09,-92.74,MN1
55956,44.29,-92.53,MN1
55957,44.25,-92.30,MN1
55959,44.12,-91.80,MN1
55960,44.14,-92.54,MN1
55961,43.61,-92.48,MN1
55962,43.76,-91.85,MN1
55963,44.18,-92.67,MN1
55964,44.16,-92.16,MN1
55965,43.62,-92.13,MN1
55967,43.79,-92.51,MN1
55968,44.40,-92.09,MN1
55969,44.08,-91.88,MN1
55970,43.60,-92.83,MN1
55971,43.82,-91.76,MN1
55972,43.99,-92.05,MN1
55973,43.81,-92.77,MN1
55974,43.58,-91.65,MN1
55975,43.68,-92.36,MN1
55976,43.86,-92.48,MN1
55977,43.55,-92.65,MN1
55979,43.92,-91.95,MN1
55981,44.36,-92.05,MN1
55982,43.82,-92.89,MN1
55983,44.29,-92.81,MN1
55985,44.16,-92.90,MN1
55987,43.99,-91.63,MN1
55990,43.73,-92.26,MN1
55991,44.26,-92.42,MN1
55992,44.32,-92.68,MN1
56001,44.13,-93.98,MN1
56003,44.22,-94.09,MN1
56007,43.66,-93.32,MN1
56009,43.66,-93.55,MN1
56010,43.89,-94.18,MN1
56011,44.60,-93.77,MN2:92|MN7:6|MN6:2
56013,43.62,-94.10,MN1
56014,43.58,-93.82,MN1
56016,43.76,-93.34,MN1
56017,44.31,-93.82,MN2
56019,44.12,-94.89,MN7:93|MN1:7
56020,43.61,-93.53,MN1
56021,44.29,-94.32,MN1
56022,44.05,-94.84,MN1
56023,43.77,-94.01,MN1
56024,44.14,-93.84,MN1
56025,43.75,-93.92,MN1
56026,43.89,-93.29,MN1
56027,43.52,-94.12,IA4|MN1
56028,44.23,-93.72,MN2:95|MN1:5
56029,43.52,-93.54,MN1
56030,44.32,-94.60,MN1
56031,43.63,-94.46,MN1
56032,43.78,-93.57,MN1
56033,43.57,-93.94,MN1
56034,44.03,-94.18,MN1
56035,43.82,-93.27,MN1
56036,43.55,-93.22,MN1
56037,44.01,-94.04,MN1
56039,43.66,-94.32,MN1
56041,44.16,-94.53,MN1
56042,43.80,-93.48,MN1
56043,43.65,-93.22,MN1
56044,44.56,-93.96,MN7:93|MN2:7
56045,43.76,-93.21,MN1
56046,43.97,-93.27,MN1
56048,44.09,-93.71,MN1
56050,44.26,-93.95,MN2:96|MN1:4
56051,43.54,-93.71,MN1
56052,44.33,-93.56,MN2
56054,44.44,-94.37,MN1:94|MN7:6
56055,44.13,-94.24,MN1
56056,44.07,-94.58,MN1
56057,44.39,-93.72,MN2
56058,44.44,-93.91,MN2:91|MN7:7|MN1:2
56060,43.93,-94.44,MN1
56062,44.05,-94.41,MN1
56063,44.21,-93.82,MN1:76|MN2:24
56065,43.93,-93.91,MN1
56068,43.87,-93.81,MN1
56069,44.41,-93.54,MN2
56071,44.53,-93.58,MN2
56072,43.90,-93.52,MN1
56073,44.31,-94.47,MN1
56074,44.33,-94.20,MN1
56075,43.74,-94.44,MN1
56078,44.01,-93.76,MN1
56080,44.08,-93.86,MN1
56081,43.99,-94.63,MN1
56082,44.36,-94.04,MN1:95|MN2:5
56083,44.21,-95.13,MN7
56085,44.29,-94.73,MN1:92|MN7:8
56087,44.24,-94.98,MN7
56088,43.83,-94.46,MN1
56089,43.57,-93.46,MN1
56090,43.95,-94.23,MN1
56091,43.91,-93.69,MN1
56093,44.06,-93.52,MN1
56096,44.24,-93.60,MN2:96|MN1:4
56097,43.72,-93.71,MN1
56098,43.79,-94.18,MN1
56101,43.88,-95.13,MN7:91|MN1:9
56110,43.62,-95.94,MN1
56111,43.64,-94.89,MN1
56113,44.40,-96.15,MN7
56114,43.99,-95.59,MN7
56115,44.21,-95.91,MN7
56116,43.62,-96.38,MN1
56117,43.52,-95.69,MN1
56118,43.94,-95.03,MN7:95|MN1:5
56119,43.71,-95.46,MN1
56120,43.96,-94.79,MN1
56121,43.53,-94.58,MN1
56122,43.90,-95.96,MN7:96|MN1:4
56123,44.09,-95.59,MN7
56125,44.05,-95.55,MN7
56127,43.55,-94.76,MN1
56128,43.88,-96.11,MN7:90|MN1:10
56129,43.53,-96.04,MN1
56131,43.86,-95.57,MN7:81|MN1:19
56132,44.20,-95.76,MN7
56134,43.79,-96.23,MN1
56136,44.50,-96.41,MN7|SD0
56137,43.82,-95.31,MN1:87|MN7:13
56138,43.54,-96.38,MN1
56139,44.10,-96.18,MN7
56140,43.91,-96.37,MN7
56141,43.89,-95.80,MN7:95|MN1:5
56142,44.47,-96.23,MN7
56143,43.63,-95.00,MN1
56144,43.84,-96.39,SD0|MN7:75|MN1:25
56145,44.06,-95.17,MN7
56146,43.58,-96.10,MN1
56147,43.76,-96.06,MN1
56149,44.30,-96.31,MN7
56150,43.63,-95.20,MN1
56151,44.03,-95.93,MN7
56152,44.23,-95.28,MN7
56153,43.83,-96.02,MN1
56155,43.77,-95.95,MN1
56156,43.67,-96.23,MN1
56157,44.40,-95.95,MN7
56158,43.63,-96.08,MN1
56159,43.94,-94.94,MN7:98|MN1:2
56160,43.83,-94.81,MN1
56161,43.71,-95.32,MN1
56162,43.84,-94.67,MN1
56164,44.05,-96.33,MN7|SD0
56165,43.73,-95.70,MN1
56166,44.20,-95.38,MN7
56167,43.55,-95.41,MN1
56168,43.61,-95.80,MN1
56169,44.33,-96.01,MN7
56170,44.16,-96.10,MN7
56171,43.67,-94.76,MN1
56172,44.01,-95.78,MN7
56173,43.53,-96.24,MN1
56174,44.02,-95.31,MN7
56175,44.26,-95.64,MN7
56176,43.78,-94.72,MN1
56178,44.29,-96.13,MN7
56180,44.25,-95.46,MN7
56181,43.68,-94.63,MN1
56183,44.03,-95.43,MN7
56185,43.80,-95.82,MN1
56186,44.03,-96.08,MN7
56187,43.62,-95.58,MN1
56201,45.10,-95.04,MN7
56207,45.51,-96.07,MN7
56208,45.25,-96.00,MN7
56209,45.13,-94.81,MN7
56210,45.56,-96.56,MN7
56211,45.59,-96.69,MN7
56212,45.13,-96.32,MN7
56214,44.61,-95.32,MN7
56215,45.32,-95.57,MN7
56216,44.94,-95.06,MN7
56218,44.83,-95.94,MN7
56219,45.60,-96.82,MN7|SD0
56220,44.73,-96.29,MN7|SD0
56221,45.56,-96.19,MN7
56222,44.99,-95.36,MN7
56223,44.76,-95.82,MN7
56224,44.38,-95.07,MN7
56225,45.44,-96.44,MN7
56226,45.41,-95.68,MN7
56227,45.29,-96.17,MN7
56228,44.95,-94.69,MN7
56229,44.59,-95.72,MN7
56230,44.79,-95.09,MN7
56231,45.28,-95.76,MN7
56232,44.93,-96.04,MN7
56235,45.71,-96.02,MN7
56236,45.66,-96.40,MN7
56237,44.62,-95.43,MN7
56239,44.50,-95.91,MN7
56240,45.56,-96.48,MN7
56241,44.80,-95.57,MN7
56243,45.17,-94.69,MN7
56244,45.48,-95.78,MN7
56245,44.68,-95.68,MN7
56248,45.79,-96.14,MN7
56249,45.32,-95.90,MN7
56251,45.14,-94.92,MN7
56252,45.18,-95.31,MN7
56253,44.96,-94.87,MN7
56255,44.39,-95.42,MN7
56256,45.02,-96.21,MN7
56257,44.97,-96.40,MN7|SD0
56258,44.44,-95.75,MN7
56260,44.96,-95.48,MN7
56262,45.12,-95.87,MN7
56263,44.42,-95.53,MN7
56264,44.59,-95.98,MN7
56265,45.00,-95.71,MN7
56266,44.42,-94.91,MN7:89|MN1:11
56267,45.58,-95.93,MN7
56270,44.56,-94.97,MN7
56271,45.24,-95.41,MN7
56273,45.32,-94.98,MN7
56274,45.90,-96.24,MN7
56276,45.24,-96.31,MN7
56277,44.77,-94.99,MN7
56278,45.35,-96.38,MN7
56279,45.22,-95.17,MN7
56280,44.63,-96.17,MN7
56281,44.95,-95.16,MN7
56282,45.03,-95.22,MN7
56283,44.53,-95.15,MN7
56284,44.77,-95.21,MN7
56285,44.79,-95.35,MN7
56287,44.48,-95.33,MN7
56288,45.24,-94.94,MN7
56289,45.33,-95.22,MN7
56291,44.62,-96.06,MN7
56292,44.50,-95.46,MN7
56293,44.42,-95.26,MN7
56294,44.31,-95.21,MN7
56295,45.04,-95.85,MN7
56296,45.83,-96.48,MN7
56297,44.64,-95.55,MN7
56301,45.49,-94.24,MN6
56303,45.57,-94.22,MN6
56304,45.53,-94.06,MN6
56307,45.63,-94.59,MN7
56308,45.87,-95.39,MN7
56309,46.08,-95.81,MN7
56310,45.63,-94.45,MN7:90|MN6:10
56311,45.90,-95.90,MN7
56312,45.46,-94.97,MN7
56313,45.78,-93.55,MN8
56314,45.81,-94.43,MN7
56315,45.98,-95.59,MN7
56316,45.51,-95.14,MN7
56318,45.85,-94.67,MN7
56319,46.01,-95.22,MN7
56320,45.47,-94.40,MN7:83|MN6:17
56321,45.58,-94.39,MN6
56323,45.63,-95.72,MN7
56324,46.17,-95.90,MN7
56325,45.56,-94.95,MN7
56326,46.04,-95.67,MN7
56327,45.75,-95.61,MN7
56328,45.95,-94.52,MN7
56329,45.71,-93.91,MN6:95|MN7:5
56330,45.75,-93.76,MN8:83|MN6:17
56331,45.68,-94.67,MN7
56332,45.97,-95.51,MN7
56334,45.57,-95.34,MN7
56335,45.60,-94.86,MN7
56336,45.82,-94.76,MN7
56338,46.00,-93.83,MN7:90|MN8:10
56339,45.82,-95.82,MN7
56340,45.76,-94.43,MN7
56342,46.18,-93.36,MN8
56343,45.80,-95.71,MN7
56345,46.01,-94.38,MN7
56347,45.97,-94.86,MN7
56349,45.72,-95.52,MN7
56350,46.31,-93.23,MN8
56352,45.64,-94.81,MN7
56353,45.80,-93.63,MN8
56354,46.06,-95.28,MN7
56355,45.94,-95.25,MN7
56356,45.63,-94.73,MN7
56357,45.69,-93.80,MN6:70|MN8:30
56358,45.84,-93.45,MN8
56359,46.10,-93.67,MN8
56360,45.89,-95.10,MN7
56361,46.16,-95.33,MN7
56362,45.40,-94.71,MN7
56363,45.70,-93.65,MN8
56364,46.02,-94.07,MN7:98|MN8:2
56367,45.76,-94.18,MN6:82|MN7:18
56368,45.46,-94.56,MN7:98|MN6:2
56369,45.47,-94.34,MN6
56371,45.43,-94.64,MN7
56373,45.86,-94.23,MN7:89|MN6:11
56374,45.57,-94.32,MN6:90|MN7:10
56375,45.70,-94.27,MN7
56376,45.50,-94.67,MN7
56377,45.64,-94.23,MN6:97|MN7:3
56378,45.73,-94.99,MN7
56379,45.64,-94.08,MN6
56381,45.56,-95.54,MN7
56382,45.91,-94.60,MN7
56384,45.81,-94.57,MN7
56385,45.69,-95.21,MN7
56386,46.11,-93.52,MN8
56387,45.52,-94.24,MN6
56389,45.80,-95.09,MN7
56401,46.32,-94.13,MN8
56425,46.34,-94.28,MN8
56431,46.49,-93.64,MN8
56433,46.95,-94.69,MN7:64|MN8:36
56434,46.34,-94.93,MN7
56435,46.81,-94.53,MN8
56437,46.25,-95.06,MN7
56438,46.14,-94.82,MN7
56440,46.14,-94.96,MN7
56441,46.58,-93.98,MN8
56442,46.68,-94.10,MN8
56443,46.17,-94.58,MN7
56444,46.44,-93.89,MN8
56446,46.13,-95.10,MN7
56447,46.73,-93.88,MN8
56448,46.79,-94.08,MN8
56449,46.18,-94.26,MN8:78|MN7:22
56450,46.23,-93.85,MN8
56452,46.96,-94.45,MN8
56453,46.32,-95.18,MN7
56455,46.44,-94.00,MN8
56458,47.20,-95.00,MN8
56461,47.23,-94.85,MN8
56464,46.77,-95.10,MN7
56465,46.54,-94.11,MN8
56466,46.44,-94.62,MN7:60|MN8:40
56467,46.97,-94.83,MN7:97|MN8:3
56468,46.49,-94.31,MN8
56469,46.78,-93.56,MN8
56470,47.03,-95.09,MN7:80|MN8:20
56472,46.58,-94.34,MN8
56473,46.36,-94.47,MN8:94|MN7:6
56474,46.72,-94.40,MN8
56475,46.08,-94.55,MN7
56477,46.64,-95.00,MN7:97|MN8:3
56479,46.43,-94.80,MN7:95|MN8:5
56481,46.46,-94.94,MN7:96|MN8:4
56482,46.46,-95.15,MN7
56484,47.11,-94.48,MN8
56501,46.84,-95.83,MN7
56510,47.36,-96.53,MN7
56511,46.84,-96.02,MN7
56514,46.65,-96.43,MN7
56515,46.31,-95.69,MN7
56516,47.44,-95.97,MN8:82|MN7:18
56517,47.55,-96.56,MN7
56518,46.49,-95.25,MN7
56519,47.16,-96.48,MN7
56520,46.29,-96.50,MN7
56521,47.00,-95.90,MN8:87|MN7:13
56522,46.13,-96.39,MN7
56523,47.64,-96.81,MN7
56524,46.22,-95.62,MN7
56525,46.67,-96.75,MN7
56527,46.37,-95.31,MN7
56528,46.54,-95.81,MN7
56529,46.88,-96.70,MN7
56531,45.99,-95.98,MN7
56533,46.40,-96.14,MN7
56534,46.47,-96.01,MN7
56535,47.68,-96.04,MN7
56536,47.04,-96.53,MN7
56537,46.28,-96.09,MN7
56540,47.54,-96.27,MN7
56541,47.17,-96.14,MN7
56542,47.57,-95.73,MN7:94|MN8:6
56543,46.29,-96.34,MN7
56544,46.76,-95.61,MN7
56545,47.40,-96.24,MN7
56546,47.10,-96.72,MN7
56547,46.89,-96.55,MN7
56548,47.37,-96.75,MN7
56549,46.85,-96.31,MN7
56550,47.27,-96.74,MN7
56551,46.32,-95.45,MN7
56552,46.99,-96.23,MN7
56553,46.43,-96.62,MN7
56554,46.89,-96.12,MN7:99|MN8:1
56556,47.66,-95.88,MN7
56557,47.30,-95.84,MN8:99|MN7:1
56560,46.84,-96.73,MN7
56562,46.86,-96.77,MN7
56563,46.87,-96.76,MN7
56565,46.05,-96.32,MN7
56566,47.25,-95.60,MN8
56567,46.55,-95.37,MN7
56568,47.54,-96.78,MN7
56569,47.08,-95.83,MN8
56570,46.92,-95.37,MN7:98|MN8:2
56571,46.43,-95.54,MN7
56572,46.61,-96.08,MN7
56573,46.61,-95.54,MN7
56574,47.20,-96.71,MN7
56575,47.04,-95.43,MN8:86|MN7:14
56576,46.48,-95.74,MN7
56578,46.94,-95.64,MN7:99|MN8:1
56579,46.46,-96.34,MN7
56580,46.74,-96.60,MN7
56581,47.46,-96.76,MN7
56583,46.00,-96.41,MN7
56584,47.22,-96.24,MN7
56585,47.09,-96.25,MN7
56586,46.32,-95.83,MN7
56587,46.64,-95.86,MN7
56588,46.21,-95.50,MN7
56589,47.21,-95.73,MN8
56590,46.03,-96.15,MN7
56591,47.10,-95.86,MN8
56592,47.53,-96.01,MN7:98|MN8:2
56594,46.55,-96.64,MN7
56601,47.51,-94.82,MN8
56621,47.40,-95.41,MN8:99|MN7:1
56623,48.60,-94.60,MN8
56626,47.38,-94.15,MN8
56627,48.19,-94.05,MN8
56628,47.70,-93.53,MN8
56629,48.51,-94.17,MN8
56630,47.74,-94.51,MN8
56633,47.32,-94.50,MN8
56634,47.68,-95.40,MN8
56636,47.39,-93.85,MN8
56637,47.62,-93.84,MN8
56639,47.92,-93.54,MN8
56641,47.20,-94.26,MN8
56644,47.78,-95.51,MN8:97|MN7:3
56646,47.78,-95.63,MN7
56647,47.69,-94.62,MN8
56649,48.53,-93.16,MN8
56650,48.00,-94.56,MN8
56651,47.45,-95.62,MN8:56|MN7:44
56652,47.71,-95.23,MN8
56653,48.28,-93.57,MN8
56654,48.43,-93.96,MN8
56655,46.98,-94.23,MN8
56657,47.57,-93.64,MN8
56658,48.11,-93.93,MN8
56659,47.55,-94.05,MN8
56660,47.99,-94.18,MN8
56661,47.84,-94.13,MN8
56662,46.86,-93.85,MN8
56663,47.51,-94.44,MN8
56666,48.03,-94.82,MN8
56667,47.72,-94.97,MN8
56668,48.61,-93.34,MN8
56669,48.37,-93.21,MN8
56670,47.83,-94.87,MN8
56671,47.94,-95.34,MN8
56672,47.07,-94.01,MN8
56673,48.77,-95.15,MN7:61|MN8:39
56676,47.52,-95.20,MN8
56678,47.44,-95.09,MN8
56680,47.66,-93.95,MN8
56681,47.55,-94.26,MN8
56683,47.74,-94.75,MN8
56684,47.87,-95.70,MN7
56685,48.24,-94.53,MN8
56686,48.78,-94.91,MN8
56688,47.81,-93.84,MN8
56701,48.12,-96.20,MN7
56710,48.22,-97.00,MN7
56711,48.98,-95.06,MN8
56713,48.35,-96.81,MN7
56714,48.79,-96.01,MN7
56715,47.81,-95.95,MN7
56716,47.74,-96.55,MN7
56720,48.56,-96.90,MN7
56721,47.97,-96.95,MN7
56722,47.98,-96.65,MN7
56723,47.80,-96.81,MN7
56724,48.45,-95.73,MN7
56725,48.14,-95.71,MN7:99|MN8:1
56726,48.72,-96.22,MN7
56727,48.35,-95.39,MN7:58|MN8:42
56728,48.78,-96.98,MN7
56729,48.67,-96.59,MN7
56731,48.91,-97.07,MN7
56732,48.58,-96.47,MN7
56733,48.64,-96.90,MN7
56734,48.77,-96.60,MN7
56735,48.91,-96.64,MN7
56736,47.71,-96.21,MN7
56737,48.41,-96.01,MN7
56738,48.35,-96.34,MN7
56742,47.93,-95.83,MN7
56744,48.23,-97.12,MN7|ND0
56748,47.92,-96.01,MN7
56750,47.89,-96.30,MN7
56751,48.81,-95.76,MN7
56754,47.99,-96.18,MN7
56755,48.97,-97.12,MN7
56756,48.90,-95.56,MN7
56757,48.48,-96.90,MN7
56758,48.47,-96.54,MN7
56759,48.55,-96.08,MN7
56760,48.24,-96.45,MN7
56761,48.61,-95.70,MN7
56762,48.17,-96.74,MN7
56763,48.81,-95.34,MN7
57001,43.00,-96.66,SD0
57002,44.29,-96.68,SD0
57003,43.75,-96.76,SD0
57004,43.08,-96.79,SD0
57005,43.59,-96.59,SD0
57006,44.32,-96.79,SD0
57007,44.32,-96.78,SD0
57010,42.81,-96.82,SD0
57012,43.59,-97.28,SD0
57013,43.28,-96.62,SD0
57014,43.11,-96.96,SD0
57015,43.43,-96.97,SD0
57016,43.88,-96.96,SD0
57017,44.03,-96.82,SD0
57018,43.80,-96.98,SD0
57020,43.68,-96.82,SD0
57021,43.27,-96.98,SD0
57022,43.86,-96.74,SD0
57024,43.99,-96.68,SD0
57025,42.72,-96.69,SD0
57026,44.25,-96.50,MN7|SD0
57027,43.19,-96.52,SD0
57028,44.06,-96.60,SD0
57029,43.33,-97.47,SD0
57030,43.74,-96.54,MN1|SD0
57031,42.88,-97.19,SD0
57032,43.42,-96.68,SD0
57033,43.61,-96.96,SD0
57034,43.12,-96.54,IA4|SD0
57035,43.65,-97.08,SD0
57036,43.27,-97.15,SD0
57037,43.10,-97.25,SD0
57038,42.58,-96.58,SD0
57039,43.34,-96.87,SD0
57040,43.06,-97.59,SD0
57041,43.72,-96.88,SD0
57042,43.97,-97.14,SD0
57043,43.42,-97.31,SD0
57045,43.21,-97.53,SD0
57046,42.96,-97.31,SD0
57047,43.52,-97.22,SD0
57048,43.74,-97.20,SD0
57049,42.52,-96.51,SD0
57050,44.16,-97.02,SD0
57051,44.22,-97.35,SD0
57052,43.29,-97.71,SD0
57053,43.41,-97.14,SD0
57054,44.12,-97.26,SD0
57055,43.67,-96.74,SD0
57057,44.10,-96.96,SD0
57058,43.74,-97.40,SD0
57059,43.12,-97.76,SD0
57061,44.24,-97.04,SD0
57062,42.85,-97.95,SD0
57063,42.93,-97.68,SD0
57064,43.46,-96.87,SD0
57065,43.90,-96.61,SD0
57066,42.99,-97.87,SD0
57067,43.05,-97.47,SD0
57068,43.57,-96.50,MN1|SD0
57069,42.84,-96.99,SD0
57070,43.18,-97.17,SD0
57071,44.27,-96.96,SD0
57072,42.99,-97.21,SD0
57073,43.01,-97.06,SD0
57075,44.00,-96.97,SD0
57076,43.97,-97.36,SD0
57077,43.31,-96.75,SD0
57078,42.92,-97.45,SD0
57103,43.54,-96.69,SD0
57104,43.60,-96.70,SD0
57105,43.52,-96.74,SD0
57106,43.51,-96.84,SD0
57107,43.60,-96.82,SD0
57108,43.48,-96.70,SD0
57110,43.54,-96.64,SD0
57117,43.53,-96.75,SD0
57197,43.52,-96.74,SD0
57201,44.94,-97.09,SD0
57212,44.38,-97.14,SD0
57213,44.57,-96.54,SD0
57214,44.48,-97.20,SD0
57216,45.30,-96.53,SD0
57217,45.09,-97.67,SD0
57218,44.65,-96.59,SD0
57219,45.29,-97.80,SD0
57220,44.46,-96.92,SD0
57221,44.61,-97.44,SD0
57223,44.71,-96.99,SD0
57224,45.81,-97.16,SD0
57225,44.88,-97.73,SD0
57226,44.79,-96.73,SD0
57227,45.38,-96.73,SD0
57231,44.38,-97.58,SD0
57232,45.62,-97.40,SD0
57233,44.51,-97.40,SD0
57234,44.61,-96.89,SD0
57235,45.07,-97.32,SD0
57236,44.99,-97.59,SD0
57237,44.80,-96.50,SD0
57238,44.87,-96.86,SD0
57239,45.51,-97.31,SD0
57241,44.70,-97.22,SD0
57242,44.77,-97.36,SD0
57243,44.91,-97.44,SD0
57245,44.89,-96.92,SD0
57246,45.05,-96.67,SD0
57247,45.71,-97.46,SD0
57248,44.58,-97.19,SD0
57249,44.38,-97.37,SD0
57251,45.28,-96.93,SD0
57252,45.20,-96.61,SD0
57255,45.85,-96.95,ND0|SD0
57256,45.25,-97.20,SD0
57257,45.50,-97.03,SD0
57258,44.88,-97.93,SD0
57259,45.00,-96.56,SD0
57260,45.84,-96.72,SD0
57261,45.55,-97.50,SD0
57262,45.67,-97.07,SD0
57263,45.14,-97.01,SD0
57264,45.11,-96.81,SD0
57265,44.99,-96.78,SD0
57266,45.29,-97.09,SD0
57268,44.57,-96.69,SD0
57269,45.22,-96.80,SD0
57270,45.85,-97.33,SD0
57271,44.76,-97.54,SD0
57272,45.11,-97.48,SD0
57273,45.33,-97.28,SD0
57274,45.31,-97.56,SD0
57276,44.44,-96.62,SD0
57278,44.65,-97.68,SD0
57279,45.42,-96.87,SD0
57301,43.71,-98.04,SD0
57311,43.65,-97.76,SD0
57312,44.19,-98.38,SD0
57313,43.30,-98.35,SD0
57314,44.05,-97.98,SD0
57315,42.99,-98.04,SD0
57317,43.14,-98.97,SD0
57319,43.53,-97.48,SD0
57321,43.87,-97.54,SD0
57322,44.64,-97.96,SD0
57323,44.16,-97.72,SD0
57324,44.30,-98.05,SD0
57325,43.83,-99.31,SD0
57328,43.44,-98.44,SD0
57329,42.98,-98.15,SD0
57330,43.26,-98.16,SD0
57331,43.47,-98.04,SD0
57332,43.55,-97.66,SD0
57334,43.54,-98.00,SD0
57335,43.07,-98.74,SD0
57337,44.00,-97.78,SD0
57339,44.13,-99.46,SD0
57340,43.79,-97.85,SD0
57341,44.09,-99.12,SD0
57342,43.24,-98.70,SD0
57344,43.45,-98.62,SD0
57345,44.58,-99.44,SD0
57346,44.25,-99.46,SD0
57348,44.63,-98.37,SD0
57349,44.03,-97.58,SD0
57350,44.39,-98.20,SD0
57353,44.38,-97.84,SD0
57354,43.19,-97.84,SD0
57355,43.78,-98.93,SD0
57356,43.15,-98.51,SD0
57358,44.08,-98.42,SD0
57359,43.90,-98.15,SD0
57361,42.99,-98.43,SD0
57362,44.47,-99.07,SD0
57363,43.68,-98.26,SD0
57364,43.43,-98.62,SD0
57365,43.81,-99.42,SD0
57366,43.39,-97.95,SD0
57367,43.07,-98.50,SD0
57368,43.75,-98.47,SD0
57369,43.42,-98.95,SD0
57370,43.82,-99.17,SD0
57371,44.44,-99.22,SD0
57373,44.53,-98.88,SD0
57374,43.75,-97.60,SD0
57375,43.56,-98.48,SD0
57376,43.22,-97.94,SD0
57379,44.27,-98.53,SD0
57380,43.03,-98.30,SD0
57381,44.39,-98.73,SD0
57382,44.06,-98.68,SD0
57383,43.72,-98.71,SD0
57384,44.42,-98.49,SD0
57385,44.05,-98.30,SD0
57386,44.51,-98.00,SD0
57401,45.48,-98.53,SD0
57420,45.28,-100.14,SD0
57421,45.76,-97.91,SD0
57422,45.42,-97.93,SD0
57424,45.02,-98.52,SD0
57426,45.73,-98.49,SD0
57427,45.48,-98.32,SD0
57428,45.45,-99.68,SD0
57429,45.16,-98.30,SD0
57430,45.83,-97.72,ND0|SD0
57432,45.68,-98.03,SD0
57433,45.64,-98.32,SD0
57434,45.17,-98.07,SD0
57435,45.15,-98.91,SD0
57436,44.84,-98.08,SD0
57437,45.79,-99.62,SD0
57438,45.07,-99.15,SD0
57439,45.33,-98.10,SD0
57440,44.85,-98.26,SD0
57441,45.83,-98.51,SD0
57442,45.07,-100.16,SD0
57445,45.47,-98.11,SD0
57446,45.87,-98.15,SD0
57448,45.63,-99.41,SD0
57449,45.73,-98.18,SD0
57450,45.21,-99.83,SD0
57451,45.44,-98.94,SD0
57452,45.53,-99.86,SD0
57454,45.61,-97.76,SD0
57455,45.01,-99.68,SD0
57456,45.72,-99.00,SD0
57457,45.88,-99.15,SD0
57460,45.28,-98.67,SD0
57461,45.16,-98.44,SD0
57465,45.15,-98.67,SD0
57466,45.20,-99.46,SD0
57467,44.84,-99.18,SD0
57468,45.49,-97.74,SD0
57469,44.86,-98.57,SD0
57470,44.88,-98.89,SD0
57471,45.40,-99.32,SD0
57472,45.43,-100.11,SD0
57473,44.99,-99.47,SD0
57474,45.29,-98.28,SD0
57475,45.22,-99.62,SD0
57476,44.71,-98.62,SD0
57477,45.03,-98.14,SD0
57479,45.30,-98.44,SD0
57481,45.66,-98.68,SD0
57501,44.53,-100.31,SD0
57520,44.85,-100.19,SD0
57521,43.79,-101.18,SD0
57522,44.51,-99.96,SD0
57523,43.25,-99.24,SD0
57528,43.18,-99.76,SD0
57529,43.23,-99.56,SD0
57531,43.97,-100.49,SD0
57532,44.36,-100.57,SD0
57533,43.35,-99.42,SD0
57534,43.56,-99.65,SD0
57536,44.42,-99.77,SD0
57537,44.58,-101.07,SD0
57538,43.12,-99.16,SD0
57540,44.46,-99.61,SD0
57541,43.60,-99.91,SD0
57543,43.75,-101.52,SD0
57544,43.88,-99.84,SD0
57547,43.49,-101.42,SD0
57548,44.17,-99.59,SD0
57551,43.19,-101.71,SD0
57552,44.26,-101.22,SD0
57553,44.47,-101.65,SD0
57555,43.29,-100.67,SD0
57559,43.93,-100.72,SD0
57560,43.44,-101.21,SD0
57562,43.90,-100.96,SD0
57563,43.35,-100.42,SD0
57564,44.74,-100.01,SD0
57566,43.31,-101.09,SD0
57567,44.13,-101.71,SD0
57568,43.88,-100.10,SD0
57569,43.86,-99.55,SD0
57570,43.25,-100.89,SD0
57571,43.04,-99.09,SD0
57572,43.14,-101.10,SD0
57574,43.13,-101.39,SD0
57576,43.91,-100.29,SD0
57577,43.52,-101.66,SD0
57579,43.58,-100.79,SD0
57580,43.29,-100.09,SD0
57584,43.49,-100.06,SD0
57585,43.56,-100.39,SD0
57601,45.34,-100.35,SD0
57620,45.38,-102.54,SD0
57621,45.77,-101.08,SD0
57622,44.68,-101.57,SD0
57623,45.02,-101.65,SD0
57625,44.98,-101.03,SD0
57626,45.00,-102.17,SD0
57630,45.33,-100.84,SD0
57631,45.59,-100.30,SD0
57632,45.83,-100.04,SD0
57633,45.44,-101.53,SD0
57634,45.77,-101.87,SD0
57636,45.03,-101.44,SD0
57638,45.87,-102.23,ND0|SD0
57639,45.68,-100.81,SD0
57640,45.77,-102.70,SD0
57641,45.90,-101.31,ND0|SD0
57642,45.79,-100.71,ND0|SD0
57644,45.48,-102.09,SD0
57645,45.91,-101.72,ND0|SD0
57646,45.68,-100.06,SD0
57648,45.93,-100.32,ND0|SD0
57649,45.49,-102.85,SD0
57650,45.83,-103.03,SD0
57651,45.48,-103.03,SD0
57652,45.14,-100.68,SD0
57656,45.42,-101.11,SD0
57657,45.52,-100.79,SD0
57658,45.67,-100.56,SD0
57659,45.89,-101.09,SD0
57660,45.83,-101.53,ND0|SD0
57661,45.27,-100.98,SD0
57701,44.12,-103.20,SD0
57702,44.03,-103.42,SD0
57703,44.00,-103.04,SD0
57706,44.16,-103.10,SD0
57714,43.33,-101.91,SD0
57716,43.09,-102.20,SD0
57717,44.93,-103.90,MT2|SD0|WY0
57718,44.17,-103.37,SD0
57719,44.23,-102.99,SD0
57720,45.54,-103.59,SD0
57722,43.44,-102.99,SD0
57724,45.57,-104.00,MT2|SD0
57725,43.93,-102.79,SD0
57730,43.73,-103.65,SD0
57732,44.33,-103.69,SD0
57735,43.29,-103.85,NE3|SD0
57737,44.56,-102.52,SD0
57738,43.69,-103.14,SD0
57741,44.41,-103.47,SD0
57744,43.79,-103.03,SD0
57745,44.02,-103.78,SD0
57747,43.39,-103.50,SD0
57748,44.59,-102.01,SD0
57750,43.59,-101.95,SD0
57751,43.87,-103.41,SD0
57752,43.43,-102.20,SD0
57754,44.26,-103.89,SD0
57755,45.88,-103.32,SD0
57756,43.24,-102.48,SD0
57758,44.99,-102.74,SD0
57759,44.23,-103.56,SD0
57760,44.89,-103.33,SD0
57761,44.23,-102.79,SD0
57762,44.75,-103.62,SD0
57763,43.12,-103.25,SD0
57764,43.26,-102.77,SD0
57766,43.36,-103.18,SD0
57767,44.14,-102.57,SD0
57769,44.25,-103.29,SD0
57770,43.08,-102.65,SD0
57772,43.48,-102.53,SD0
57773,43.59,-103.59,SD0
57775,44.09,-102.00,SD0
57776,45.24,-103.51,SD0
57779,44.57,-103.76,SD0
57780,43.77,-102.48,SD0
57782,43.25,-103.18,SD0
57783,44.45,-103.94,SD0
57785,44.40,-103.19,SD0
57787,44.67,-102.66,SD0
57788,44.62,-103.20,SD0
57790,44.10,-102.20,SD0
57791,44.25,-102.46,SD0
57792,44.60,-102.37,SD0
57793,44.53,-103.58,SD0
57794,43.12,-102.41,SD0
57799,44.50,-103.87,SD0
58001,46.45,-96.74,ND0
58002,46.97,-97.40,ND0
58004,47.03,-97.27,ND0
58005,47.05,-96.95,ND0
58006,47.10,-97.20,ND0
58007,47.03,-97.46,ND0
58008,46.31,-97.00,ND0
58009,47.33,-97.24,ND0
58011,46.93,-97.54,ND0
58012,46.94,-97.17,ND0
58013,46.06,-97.35,ND0
58015,46.59,-96.82,ND0
58016,47.37,-97.46,ND0
58017,46.04,-97.85,ND0
58018,46.43,-96.89,ND0
58021,46.74,-97.08,ND0
58027,46.63,-97.63,ND0
58029,47.12,-97.39,ND0
58030,46.03,-96.67,MN7|ND0
58031,46.77,-97.67,ND0
58032,46.08,-97.65,ND0
58033,46.43,-97.92,ND0
58035,47.25,-97.43,ND0
58036,47.15,-96.96,ND0
58038,47.25,-96.99,ND0
58040,46.19,-97.69,ND0
58041,46.04,-96.91,ND0|SD0
58042,46.97,-96.96,ND0
58043,45.97,-97.54,ND0|SD0
58045,47.39,-97.02,ND0
58046,47.32,-97.73,ND0
58047,46.71,-96.87,ND0
58048,47.20,-97.22,ND0
58049,46.67,-97.99,ND0
58051,46.64,-97.02,ND0
58052,46.63,-97.28,ND0
58053,46.05,-97.18,ND0|SD0
58054,46.42,-97.67,ND0
58056,47.24,-97.93,ND0
58057,46.43,-97.27,ND0
58058,46.18,-96.97,ND0
58059,46.83,-97.14,ND0
58060,46.27,-97.43,ND0
58061,46.27,-96.89,ND0
58062,46.64,-97.84,ND0
58063,46.96,-97.80,ND0
58064,47.14,-97.63,ND0
58065,47.20,-97.77,ND0
58067,46.07,-97.50,ND0
58068,46.55,-97.42,ND0
58069,46.24,-97.84,ND0
58071,46.94,-97.68,ND0
58072,46.93,-98.01,ND0
58074,46.22,-96.88,ND0
58075,46.28,-96.73,ND0
58076,46.27,-96.61,ND0
58077,46.52,-96.98,ND0
58078,46.87,-96.94,ND0
58079,46.87,-97.37,ND0
58081,46.31,-97.14,ND0
58102,46.93,-96.83,ND0
58103,46.86,-96.82,ND0
58104,46.79,-96.84,ND0
58105,46.90,-96.80,ND0
58201,47.87,-97.14,ND0
58202,47.92,-97.08,ND0
58203,47.97,-97.17,ND0
58204,47.96,-97.37,ND0
58205,47.95,-97.40,ND0
58210,48.41,-98.11,ND0
58212,47.70,-98.00,ND0
58214,47.93,-97.50,ND0
58216,48.88,-97.44,ND0
58218,47.59,-97.06,ND0
58219,47.48,-96.88,ND0
58220,48.80,-97.74,ND0
58222,48.62,-97.68,ND0
58223,47.52,-97.02,ND0
58224,48.17,-97.94,ND0
58225,48.61,-97.22,MN7|ND0
58227,48.55,-97.89,ND0
58228,47.87,-97.35,ND0
58229,48.51,-98.24,ND0
58230,47.49,-97.82,ND0
58231,48.20,-97.83,ND0
58233,48.20,-97.55,ND0
58235,48.09,-97.48,ND0
58236,48.72,-97.50,ND0
58237,48.42,-97.40,ND0
58238,48.78,-97.40,ND0
58239,48.92,-98.68,ND0
58240,47.64,-97.48,ND0
58241,48.71,-97.70,ND0
58243,48.51,-97.68,ND0
58244,48.11,-97.66,ND0
58249,48.83,-98.33,ND0
58250,48.27,-98.02,ND0
58251,47.95,-97.70,ND0
58254,47.77,-98.15,ND0
58255,49.00,-98.35,ND0
58256,48.08,-97.20,ND0
58257,47.49,-97.29,ND0
58258,48.01,-97.34,ND0
58259,48.02,-98.12,ND0
58260,48.64,-98.05,ND0
58261,48.24,-97.32,ND0
58262,48.68,-97.88,ND0
58265,48.96,-97.59,ND0
58266,48.00,-97.85,ND0
58267,47.76,-97.63,ND0
58269,48.70,-98.16,ND0
58270,48.39,-97.79,ND0
58271,48.91,-97.29,ND0
58272,48.01,-97.98,ND0
58273,48.30,-97.66,ND0
58274,47.49,-97.49,ND0
58275,47.69,-97.11,ND0
58276,48.62,-97.46,ND0
58277,47.61,-97.82,ND0
58278,47.78,-97.12,ND0
58281,48.86,-98.62,ND0
58282,48.90,-97.94,ND0
58301,48.14,-98.89,ND0
58310,48.57,-99.55,ND0
58311,48.65,-98.56,ND0
58313,48.17,-100.04,ND0
58316,48.84,-99.80,ND0
58317,48.63,-99.40,ND0
58318,48.86,-100.40,ND0
58321,48.20,-98.31,ND0
58323,48.84,-98.92,ND0
58324,48.48,-99.22,ND0
58325,48.29,-99.11,ND0
58327,48.10,-98.57,ND0
58329,48.86,-100.07,ND0
58330,48.43,-98.48,ND0
58331,48.64,-99.09,ND0
58332,48.04,-99.77,ND0
58335,47.97,-99.02,ND0
58338,48.53,-98.63,ND0
58339,48.96,-99.31,ND0
58341,47.77,-99.88,ND0
58343,48.30,-99.73,ND0
58344,48.02,-98.34,ND0
58345,48.31,-98.38,ND0
58346,48.29,-99.43,ND0
58348,47.95,-99.52,ND0
58351,48.10,-99.31,ND0
58352,48.70,-98.86,ND0
58353,48.64,-99.59,ND0
58355,48.58,-98.40,ND0
58356,47.67,-99.07,ND0
58357,47.94,-99.22,ND0
58361,47.75,-98.38,ND0
58362,48.23,-99.06,ND0
58363,48.77,-99.47,ND0
58365,48.84,-99.23,ND0
58366,48.65,-99.87,ND0
58367,48.88,-99.56,ND0
58368,48.24,-100.03,ND0
58369,48.96,-99.81,ND0
58370,47.99,-98.87,ND0
58372,48.94,-99.01,ND0
58374,47.82,-99.10,ND0
58377,48.47,-98.87,ND0
58379,47.90,-98.82,ND0
58380,47.82,-98.50,ND0
58381,47.83,-98.75,ND0
58382,48.32,-98.80,ND0
58384,48.60,-100.27,ND0
58385,48.47,-99.65,ND0
58386,48.32,-99.60,ND0
58401,46.88,-98.77,ND0
58402,46.88,-98.69,ND0
58405,46.91,-98.70,ND0
58413,45.99,-99.33,ND0|SD0
58415,46.36,-98.49,ND0
58416,47.55,-98.36,ND0
58418,47.42,-99.64,ND0
58420,47.06,-98.86,ND0
58421,47.44,-99.08,ND0
58422,47.59,-99.41,ND0
58423,47.43,-99.83,ND0
58424,46.88,-99.09,ND0
58425,47.45,-98.12,ND0
58426,47.22,-98.58,ND0
58428,46.81,-99.75,ND0
58429,47.20,-98.17,ND0
58430,47.51,-100.26,ND0
58431,46.51,-98.50,ND0
58433,46.37,-98.72,ND0
58436,46.08,-98.58,ND0|SD0
58438,47.67,-99.57,ND0
58439,45.97,-98.83,ND0|SD0
58440,46.28,-99.16,ND0
58441,46.18,-98.37,ND0
58442,46.55,-99.18,ND0
58443,47.46,-98.68,ND0
58444,47.48,-100.14,ND0
58445,47.56,-98.78,ND0
58448,47.31,-98.21,ND0
58451,47.45,-99.97,ND0
58452,47.54,-98.23,ND0
58454,46.58,-98.95,ND0
58455,47.30,-98.73,ND0
58456,46.25,-98.95,ND0
58458,46.37,-98.29,ND0
58460,46.31,-99.32,ND0
58461,46.65,-98.19,ND0
58463,47.49,-100.47,ND0
58464,47.61,-98.61,ND0
58466,46.61,-98.37,ND0
58467,46.87,-99.33,ND0
58472,46.64,-98.65,ND0
58474,46.10,-98.14,ND0
58475,47.15,-99.53,ND0
58476,47.19,-99.01,ND0
58477,47.22,-100.52,ND0
58478,47.16,-99.75,ND0
58479,47.09,-98.20,ND0
58480,46.95,-98.26,ND0
58481,46.93,-98.42,ND0
58482,46.87,-99.90,ND0
58483,46.67,-99.43,ND0
58484,47.37,-98.46,ND0
58486,47.40,-99.39,ND0
58487,46.86,-99.61,ND0
58488,47.18,-100.03,ND0
58490,46.38,-98.07,ND0
58492,47.16,-98.42,ND0
58494,47.18,-100.26,ND0
58495,46.27,-99.60,ND0
58496,47.14,-99.31,ND0
58497,46.77,-98.51,ND0
58501,46.81,-100.70,ND0
58503,46.91,-100.75,ND0
58504,46.74,-100.68,ND0
58505,46.82,-100.78,ND0
58520,46.67,-101.57,ND0
58521,47.03,-100.67,ND0
58523,47.27,-101.78,ND0
58524,46.62,-100.07,ND0
58528,46.33,-100.59,ND0
58529,46.30,-101.58,ND0
58530,47.13,-101.16,ND0
58531,47.58,-101.21,ND0
58532,46.85,-100.10,ND0
58533,46.39,-101.80,ND0
58535,46.48,-101.25,ND0
58538,46.08,-100.66,ND0
58540,47.62,-101.73,ND0
58541,47.34,-102.04,ND0
58542,46.04,-99.99,ND0
58544,46.51,-100.37,ND0
58545,47.35,-101.60,ND0
58549,46.46,-99.94,ND0
58552,46.24,-100.29,ND0
58554,46.76,-100.95,ND0
58558,46.82,-100.53,ND0
58559,47.47,-100.70,ND0
58560,46.65,-100.31,ND0
58561,46.49,-99.66,ND0
58562,46.36,-102.01,ND0
58563,46.90,-101.44,ND0
58564,46.27,-101.34,ND0
58565,47.50,-101.37,ND0
58566,46.58,-100.91,ND0
58568,46.10,-101.00,ND0|SD0
58569,46.27,-101.20,ND0
58570,46.38,-100.87,ND0
58571,47.29,-101.41,ND0
58572,46.87,-100.34,ND0
58573,46.12,-100.20,ND0
58575,47.55,-100.90,ND0
58576,47.44,-101.21,ND0
58577,47.32,-101.05,ND0
58579,47.18,-100.74,ND0
58580,47.27,-101.94,ND0
58581,46.05,-99.81,ND0
58601,46.91,-102.83,ND0
58620,46.51,-103.34,ND0
58621,47.12,-103.94,MT2|ND0
58622,46.88,-103.25,ND0
58623,46.16,-103.42,ND0|SD0
58625,47.28,-102.19,ND0
58626,47.38,-102.60,ND0
58627,47.23,-103.27,ND0
58630,46.93,-102.57,ND0
58631,46.80,-101.84,ND0
58632,46.67,-103.97,ND0
58634,47.44,-103.36,ND0
58636,47.39,-102.35,ND0
58638,46.92,-102.04,ND0
58639,46.07,-102.65,ND0|SD0
58640,47.45,-102.91,ND0
58641,46.67,-102.49,ND0
58642,47.20,-102.83,ND0
58643,46.22,-103.96,ND0
58644,47.13,-102.35,ND0
58645,46.95,-103.55,ND0
58646,46.39,-102.29,ND0
58647,46.52,-102.94,ND0
58649,46.14,-102.90,ND0|SD0
58650,46.44,-102.62,ND0
58651,46.26,-103.74,ND0
58652,46.90,-102.24,ND0
58653,46.09,-103.13,ND0|SD0
58654,46.78,-103.82,ND0
58655,46.77,-103.03,ND0
58656,46.96,-102.46,ND0
58701,48.14,-101.33,ND0
58703,48.32,-101.30,ND0
58704,48.41,-101.32,ND0
58705,48.42,-101.35,ND0
58707,48.25,-101.30,ND0
58710,47.87,-100.23,ND0
58711,48.93,-101.27,ND0
58712,47.97,-100.55,ND0
58713,48.52,-100.61,ND0
58716,47.80,-101.07,ND0
58718,48.29,-101.80,ND0
58721,48.82,-102.25,ND0
58722,48.25,-101.50,ND0
58723,47.75,-100.60,ND0
58725,48.48,-101.68,ND0
58727,48.86,-102.80,ND0
58730,48.86,-103.31,ND0
58731,48.45,-100.98,ND0
58733,48.18,-101.59,ND0
58734,48.51,-101.96,ND0
58735,47.88,-101.48,ND0
58736,47.93,-100.40,ND0
58737,48.91,-102.40,ND0
58740,48.47,-101.22,ND0
58741,48.28,-100.83,ND0
58744,48.12,-100.59,ND0
58746,48.71,-102.09,ND0
58748,48.66,-100.64,ND0
58750,48.61,-101.40,ND0
58752,48.82,-102.60,ND0
58755,48.63,-102.95,ND0
58756,47.97,-101.81,ND0
58757,47.69,-102.56,ND0
58758,47.77,-100.09,ND0
58759,47.84,-101.25,ND0
58760,48.70,-101.14,ND0
58761,48.79,-101.52,ND0
58762,48.67,-100.94,ND0
58763,47.98,-102.58,ND0
58765,48.87,-103.04,ND0
58768,48.25,-101.02,ND0
58769,48.31,-102.24,ND0
58770,47.87,-102.16,ND0
58771,48.09,-101.98,ND0
58772,48.96,-102.63,ND0
58773,48.58,-102.66,ND0
58775,47.71,-101.86,ND0
58776,48.25,-102.62,ND0
58778,47.79,-100.91,ND0
58779,47.85,-101.75,ND0
58781,48.03,-101.13,ND0
58782,48.94,-101.70,ND0
58783,48.88,-100.76,ND0
58784,48.36,-102.42,ND0
58785,48.31,-101.10,ND0
58787,48.76,-101.81,ND0
58788,48.33,-100.48,ND0
58789,48.55,-100.81,ND0
58790,48.03,-100.95,ND0
58792,47.97,-100.75,ND0
58793,48.87,-101.05,ND0
58794,48.27,-102.79,ND0
58795,48.64,-103.16,ND0
58801,48.24,-103.77,ND0
58830,48.60,-103.46,ND0
58831,47.85,-103.65,ND0
58833,48.89,-103.52,ND0
58835,47.74,-103.45,ND0
58838,47.77,-103.90,ND0
58843,48.23,-103.38,ND0
58844,48.89,-103.75,ND0
58845,48.64,-103.92,ND0
58847,47.89,-102.91,ND0
58849,48.31,-103.16,ND0
58852,48.38,-102.93,ND0
58853,48.05,-103.82,ND0
58854,47.83,-103.15,ND0
58856,48.60,-103.73,ND0
59001,45.53,-109.54,MT2
59002,46.02,-108.66,MT2
59003,45.49,-106.20,MT2
59006,45.92,-108.09,MT2
59007,45.17,-109.19,MT2
59008,45.08,-109.08,MT2
59010,45.97,-107.30,MT2
59011,45.92,-109.95,MT2
59012,45.32,-106.63,MT2
59013,45.46,-109.08,MT2
59014,45.16,-108.67,MT2
59015,46.07,-108.84,MT2
59016,45.46,-106.95,MT2
59018,45.85,-110.62,MT2
59019,45.63,-109.24,MT2
59020,45.11,-110.10,MT2
59022,45.57,-107.26,MT2
59024,46.28,-107.81,MT2
59025,45.08,-106.73,MT2
59026,45.49,-108.78,MT2
59027,45.26,-110.90,MT2
59028,45.30,-109.71,MT2
59029,45.40,-108.80,MT2
59030,45.09,-110.60,MT2
59031,45.50,-107.37,MT2
59032,47.02,-108.70,MT2
59033,45.71,-109.74,MT2
59034,45.70,-107.78,MT2
59035,45.30,-107.95,MT2
59036,46.46,-109.88,MT2
59037,45.86,-108.21,MT2
59038,46.22,-107.21,MT2
59039,46.69,-107.29,MT2
59041,45.50,-108.97,MT2
59043,45.55,-106.68,MT2
59044,45.64,-108.73,MT2
59046,46.36,-108.95,MT2
59047,45.59,-110.51,MT2
59050,45.26,-107.48,MT2
59052,45.35,-110.14,MT2
59053,46.48,-110.48,MT2
59054,46.67,-107.77,MT2
59055,46.11,-109.81,MT2
59057,45.85,-108.95,MT2
59058,46.99,-107.76,MT2
59059,46.51,-108.07,MT2
59061,45.42,-109.86,MT2
59062,45.15,-106.22,MT2
59063,45.65,-108.97,MT2
59064,45.88,-107.87,MT2
59065,45.27,-110.66,MT2
59066,45.34,-108.51,MT2
59067,45.96,-109.23,MT2
59068,45.09,-109.56,MT2
59069,45.73,-109.58,MT2
59070,45.36,-109.18,MT2
59071,45.25,-109.63,MT2
59072,46.53,-108.55,MT2
59074,46.36,-109.30,MT2
59075,45.41,-107.85,MT2
59076,46.28,-107.07,MT2
59077,47.24,-107.59,MT2
59078,46.41,-109.48,MT2
59079,46.06,-108.36,MT2
59081,45.02,-109.98,MT2
59082,45.85,-110.29,MT2
59083,46.56,-107.56,MT2
59085,46.32,-110.19,MT2
59086,46.06,-110.66,MT2:85|MT1:15
59087,47.14,-108.23,MT2
59088,46.13,-108.06,MT2
59089,45.09,-107.32,MT2
59101,45.56,-108.33,MT2
59102,45.77,-108.58,MT2
59105,45.89,-108.50,MT2
59106,45.81,-108.71,MT2
59201,48.14,-105.63,MT2
59211,48.70,-104.35,MT2
59212,48.22,-104.14,MT2
59213,48.19,-104.89,MT2
59214,47.30,-106.04,MT2
59215,47.52,-105.77,MT2
59217,47.58,-104.24,MT2
59218,48.08,-104.49,MT2
59219,48.57,-104.16,MT2
59221,47.90,-104.16,MT2|ND0
59222,48.70,-105.16,MT2
59223,47.91,-106.21,MT2
59225,48.27,-105.97,MT2
59226,48.35,-104.53,MT2
59230,48.13,-106.80,MT2
59231,48.40,-106.54,MT2
59240,48.84,-106.24,MT2
59241,48.46,-107.05,MT2
59242,48.41,-104.44,MT2
59243,47.76,-104.68,MT2
59244,48.62,-106.30,MT2
59247,48.52,-104.52,MT2
59248,48.25,-106.25,MT2
59250,48.84,-106.62,MT2
59252,48.95,-104.84,MT2
59253,48.74,-105.86,MT2
59254,48.75,-104.64,MT2
59255,48.24,-105.16,MT2
59256,48.91,-104.56,MT2
59257,48.75,-104.94,MT2
59258,48.58,-104.66,MT2
59259,47.68,-105.10,MT2
59260,48.86,-106.12,MT2
59261,48.53,-107.42,MT2
59262,47.49,-104.50,MT2
59263,48.79,-105.51,MT2
59270,47.61,-104.09,MT2|ND0
59273,48.31,-106.94,MT2
59274,47.85,-105.42,MT2
59275,48.88,-104.16,MT2|ND0
59276,48.97,-105.21,MT2
59301,46.36,-105.87,MT2
59311,45.16,-104.55,MT2
59312,47.04,-106.26,MT2
59313,46.26,-104.23,MT2
59314,45.07,-105.43,MT2
59315,47.45,-104.87,MT2
59316,45.35,-105.07,MT2
59317,45.34,-105.52,MT2
59318,47.50,-107.51,MT2
59319,45.41,-104.17,MT2
59322,47.05,-106.69,MT2
59323,45.92,-106.72,MT2
59324,45.77,-104.57,MT2
59326,46.77,-104.86,MT2
59327,46.24,-106.68,MT2
59330,47.13,-104.78,MT2
59332,45.39,-104.70,MT2
59333,46.28,-106.19,MT2
59336,46.35,-104.95,MT2
59337,47.41,-106.82,MT2
59338,46.68,-105.63,MT2
59339,47.23,-105.27,MT2
59343,45.66,-105.43,MT2
59344,46.36,-104.60,MT2
59345,45.86,-105.21,MT2
59347,46.42,-106.37,MT2
59349,46.81,-105.50,MT2
59351,45.76,-105.71,MT2
59353,46.96,-104.27,MT2
59354,46.18,-104.40,MT2
59401,47.51,-111.28,MT2
59404,47.63,-111.33,MT2
59405,47.29,-111.30,MT2
59410,47.50,-112.65,MT2
59411,48.89,-113.40,MT1
59412,47.30,-110.86,MT2
59414,47.53,-111.26,MT2
59416,48.04,-111.53,MT2
59417,48.55,-113.00,MT1
59418,46.80,-109.86,MT2
59419,47.97,-112.32,MT2
59420,47.88,-111.00,MT2
59421,47.07,-111.69,MT2
59422,47.83,-112.49,MT2
59424,47.35,-110.11,MT2
59425,48.19,-111.90,MT2:91|MT1:9
59427,48.75,-112.66,MT1
59430,47.43,-109.78,MT2
59432,48.16,-112.55,MT1:95|MT2:5
59433,47.88,-111.69,MT2
59434,48.69,-113.54,MT1
59435,48.58,-112.04,MT2
59436,47.62,-112.12,MT2
59440,47.72,-111.16,MT2
59441,46.80,-108.95,MT2
59442,47.93,-110.65,MT2
59443,47.56,-111.83,MT2
59444,48.65,-111.38,MT2
59446,47.65,-110.15,MT2
59447,47.29,-110.45,MT2
59448,48.26,-112.85,MT1
59450,47.55,-110.74,MT2
59451,47.38,-109.39,MT2
59452,46.89,-110.06,MT2
59453,46.65,-109.68,MT2
59454,48.77,-111.99,MT2
59456,48.27,-111.36,MT2
59457,47.14,-109.31,MT2
59460,48.07,-110.51,MT2
59461,48.47,-111.21,MT2
59462,47.11,-109.89,MT2
59463,47.05,-110.87,MT2
59464,46.80,-109.55,MT2
59465,46.94,-110.71,MT2
59466,48.72,-111.77,MT2
59467,48.07,-112.40,MT2
59468,47.73,-111.63,MT2
59469,47.19,-110.68,MT2
59471,47.43,-108.77,MT2
59472,47.34,-111.21,MT2
59474,48.53,-111.70,MT2
59477,47.44,-111.97,MT2
59479,47.03,-110.31,MT2
59480,47.21,-111.07,MT2
59482,48.86,-111.85,MT2
59483,47.46,-111.73,MT2
59484,48.96,-111.54,MT2
59485,47.43,-111.57,MT2
59486,48.34,-112.38,MT1:92|MT2:8
59487,47.59,-111.64,MT2
59489,47.62,-109.23,MT2
59501,48.69,-109.78,MT2
59520,48.04,-109.93,MT2
59521,48.31,-109.95,MT2
59522,48.56,-110.98,MT2
59523,48.53,-109.20,MT2
59524,48.14,-108.40,MT2
59525,48.64,-110.26,MT2
59526,48.45,-108.70,MT2
59527,48.04,-108.79,MT2
59528,48.62,-110.43,MT2
59529,48.80,-108.68,MT2
59530,48.60,-110.70,MT2
59531,48.78,-110.79,MT2
59532,48.59,-110.08,MT2
59535,47.94,-109.25,MT2
59537,48.84,-107.99,MT2
59538,48.03,-107.84,MT2
59540,48.60,-110.56,MT2
59542,48.82,-108.34,MT2
59544,48.80,-107.56,MT2
59545,48.94,-111.22,MT2
59546,47.90,-108.54,MT2
59547,48.70,-108.99,MT2
59601,46.53,-112.20,MT2
59602,46.73,-111.91,MT2
59623,46.59,-112.04,MT2
59625,46.60,-112.04,MT2
59631,46.29,-112.39,MT2
59632,46.17,-112.00,MT2
59633,46.82,-112.34,MT2
59634,46.44,-112.03,MT2
59635,46.56,-111.81,MT2
59636,46.62,-112.11,MT2
59638,46.36,-112.03,MT2
59639,47.19,-112.75,MT2
59640,46.77,-112.37,MT2
59642,46.26,-110.76,MT2
59643,46.13,-111.58,MT2
59644,46.43,-111.43,MT2
59645,46.69,-111.05,MT2
59647,46.46,-111.65,MT2
59648,47.09,-112.20,MT2
59701,46.03,-112.46,MT1
59710,45.05,-112.08,MT1
59711,46.09,-113.14,MT1
59713,46.66,-112.62,MT1
59714,45.97,-111.13,MT1
59715,45.69,-110.91,MT1
59716,45.29,-111.39,MT1
59718,45.64,-111.17,MT1
59720,44.94,-111.59,MT1
59721,45.85,-111.86,MT2:54|MT1:46
59722,46.35,-112.75,MT1
59724,44.66,-112.80,MT1
59725,45.07,-112.83,MT1
59727,45.80,-112.83,MT1
59728,46.51,-112.43,MT1
59729,45.32,-111.65,MT1
59730,45.21,-111.13,MT1
59731,46.58,-112.76,MT1
59732,45.50,-112.69,MT1
59733,46.54,-112.96,MT1
59735,45.65,-111.85,MT1
59736,45.34,-113.34,MT1
59739,44.66,-112.20,MT1
59740,45.50,-111.81,MT1
59741,45.77,-111.37,MT1
59743,45.60,-112.76,MT1
59745,45.60,-111.62,MT1
59746,45.39,-113.06,MT1
59747,45.69,-111.97,MT1
59748,46.05,-112.70,MT1
59749,45.45,-112.07,MT1
59750,45.92,-112.68,MT1
59751,45.69,-112.30,MT1
59752,45.92,-111.53,MT1:74|MT2:26
59754,45.52,-112.36,MT1
59755,45.27,-111.94,MT1
59756,46.17,-112.83,MT1
59758,44.80,-111.19,MT1
59759,45.85,-112.17,MT2:89|MT1:11
59760,45.76,-111.59,MT1
59761,45.58,-113.56,MT1
59762,45.95,-113.33,MT1
59801,46.85,-114.01,MT1
59802,46.90,-113.92,MT1
59803,46.78,-113.95,MT1
59804,46.88,-114.26,MT1
59808,46.96,-114.09,MT1
59812,46.86,-113.98,MT1
59820,46.90,-114.61,MT1
59821,47.21,-114.02,MT1
59823,46.97,-113.60,MT1
59824,47.41,-114.21,MT1
59825,46.64,-113.65,MT1
59826,47.46,-113.70,MT1
59827,45.89,-114.09,MT1
59828,46.33,-113.96,MT1
59829,45.75,-114.16,MT1
59830,47.43,-115.46,MT1
59831,47.26,-114.37,MT1
59832,46.69,-113.25,MT1
59833,46.65,-114.07,MT1
59834,47.08,-114.22,MT1
59837,46.53,-113.28,MT1
59840,46.17,-114.11,MT1
59841,46.33,-114.22,MT1
59842,47.33,-115.44,MT1
59843,46.85,-113.01,MT1
59844,48.00,-115.94,MT1
59845,47.69,-114.55,MT1
59846,47.15,-114.51,MT1
59847,46.72,-114.37,ID1|MT1
59848,47.71,-114.69,MT1
59851,46.87,-113.87,MT1
59853,48.04,-115.79,MT1
59854,47.28,-113.23,MT1
59855,47.60,-114.12,MT1
59856,47.39,-114.73,MT1
59858,46.29,-113.47,MT1
59859,47.52,-114.80,MT1
59860,47.72,-114.19,MT1
59863,47.30,-114.18,MT1
59864,47.53,-114.12,MT1
59865,47.33,-114.00,MT1
59866,47.34,-115.12,MT1
59867,47.39,-115.56,MT1
59868,47.22,-113.54,MT1
59870,46.52,-114.06,MT1
59871,45.89,-113.82,MT1
59872,47.10,-114.91,MT1
59873,47.66,-115.27,MT1
59874,47.81,-115.60,MT1
59875,46.40,-114.33,MT1
59901,48.23,-114.40,MT1
59910,47.82,-114.24,MT1
59911,47.86,-113.88,MT1
59912,48.44,-114.17,MT1
59913,48.43,-113.96,MT1
59914,47.88,-114.30,MT1
59915,47.82,-114.41,MT1
59916,48.31,-113.66,MT1
59917,48.94,-114.88,MT1
59918,48.78,-114.76,MT1
59919,48.38,-114.06,MT1
59920,48.00,-114.61,MT1
59922,48.00,-114.22,MT1
59923,48.27,-115.31,MT1
59925,48.04,-114.83,MT1
59926,48.36,-114.00,MT1
59927,48.56,-114.71,MT1
59928,48.80,-114.29,MT1
59929,47.92,-114.41,MT1
59930,48.87,-115.13,MT1
59931,47.92,-114.25,MT1
59932,48.05,-114.24,MT1
59933,48.72,-114.77,MT1
59934,48.64,-114.93,MT1
59935,48.65,-115.83,MT1
59936,48.19,-113.47,MT1
59937,48.43,-114.49,MT1
60002,42.47,-88.09,IL10
60004,42.11,-87.98,IL5:67|IL9:26|IL8:7
60005,42.06,-87.99,IL5:77|IL8:19|IL3:4
60007,42.02,-88.00,IL8:97|IL3:3
60008,42.07,-88.02,IL8:99|IL5:1
60010,42.15,-88.16,IL5:66|IL9:20|IL8:12|IL11:2
60012,42.27,-88.31,IL11
60013,42.22,-88.24,IL9:92|IL11:8
60014,42.23,-88.33,IL9:54|IL11:46
60015,42.17,-87.88,IL10
60016,42.05,-87.89,IL5:55|IL8:45
60018,41.98,-87.91,IL8:71|IL3:24|IL5:5
60020,42.39,-88.18,IL10
60021,42.19,-88.22,IL9:91|IL5:9
60022,42.14,-87.76,IL10
60025,42.07,-87.81,IL9:86|IL5:14
60026,42.09,-87.84,IL9
60029,42.06,-87.78,IL9
60030,42.34,-88.05,IL10
60031,42.37,-87.94,IL10
60033,42.42,-88.61,IL16
60034,42.46,-88.43,IL10:96|IL16:4
60035,42.19,-87.81,IL10
60040,42.21,-87.81,IL10
60041,42.37,-88.15,IL10
60042,42.28,-88.20,IL11:68|IL9:32
60043,42.09,-87.71,IL10
60044,42.29,-87.86,IL10
60045,42.24,-87.87,IL10
60046,42.42,-88.07,IL10
60047,42.20,-88.05,IL5:60|IL9:38|IL10:2
60048,42.29,-87.95,IL10
60050,42.33,-88.29,IL11:85|IL10:15
60051,42.35,-88.22,IL10:56|IL11:44
60053,42.04,-87.79,IL9
60056,42.07,-87.93,IL5:40|IL8:27|IL9:23|IL3:10
60060,42.27,-88.04,IL10:95|IL9:5
60061,42.23,-87.96,IL10
60062,42.13,-87.85,IL10:85|IL9:15
60064,42.32,-87.86,IL10
60067,42.11,-88.06,IL5:82|IL8:18
60068,42.01,-87.84,IL5:67|IL9:33
60069,42.19,-87.92,IL10
60070,42.10,-87.93,IL9:98|IL10:2
60071,42.47,-88.32,IL10
60072,42.41,-88.31,IL10
60073,42.35,-88.10,IL10:94|IL11:6
60074,42.13,-88.03,IL8:77|IL5:23
60075,42.49,-87.91,IL10
60076,42.03,-87.73,IL9
60077,42.04,-87.76,IL9
60081,42.45,-88.23,IL10
60083,42.44,-87.95,IL10
60084,42.27,-88.14,IL11:78|IL9:22
60085,42.35,-87.86,IL10
60087,42.40,-87.85,IL10
60088,42.31,-87.84,IL10
60089,42.17,-87.96,IL9:51|IL10:44|IL5:6
60090,42.13,-87.91,IL10:80|IL9:20
60091,42.08,-87.72,IL9:66|IL10:34
60093,42.10,-87.75,IL10:75|IL9:25
60096,42.48,-87.83,IL10
60097,42.40,-88.37,IL10:99|IL11:1
60098,42.32,-88.45,IL11:96|IL16:2|IL10:2
60099,42.46,-87.87,IL10
60101,41.93,-88.01,IL3:65|IL8:29|IL6:6
60102,42.16,-88.31,IL9:61|IL8:27|IL11:12
60103,41.98,-88.21,IL3:66|IL8:34
60104,41.88,-87.88,IL7
60106,41.96,-87.94,IL3
60107,42.02,-88.18,IL8:80|IL3:20
60108,41.95,-88.10,IL8
60109,42.05,-88.54,IL11
60110,42.11,-88.29,IL8
60111,42.01,-88.84,IL16:97|IL14:3
60112,41.92,-88.69,IL14
60113,41.93,-88.96,IL16
60115,41.90,-88.76,IL14
60118,42.11,-88.30,IL8
60119,41.85,-88.48,IL11
60120,42.03,-88.24,IL8:63|IL3:37
60123,42.04,-88.31,IL8
60124,42.02,-88.40,IL8:65|IL11:35
60126,41.90,-87.94,IL6:67|IL4:32|IL7:1
60129,42.01,-88.97,IL16
60130,41.87,-87.82,IL7
60131,41.94,-87.88,IL4:72|IL3:28
60133,41.98,-88.14,IL8:73|IL3:27
60134,41.88,-88.34,IL11:81|IL8:19
60135,42.11,-88.67,IL11:96|IL14:4
60136,42.11,-88.38,IL8
60137,41.87,-88.06,IL6:71|IL3:28|IL8:1
60139,41.92,-88.08,IL3:55|IL8:45
60140,42.08,-88.51,IL8:55|IL11:45
60141,41.86,-87.84,IL7
60142,42.17,-88.44,IL11:96|IL8:4
60143,41.97,-88.02,IL8
60144,41.84,-88.52,IL11
60145,42.08,-88.77,IL11:87|IL14:7|IL16:6
60146,42.10,-88.87,IL16
60148,41.88,-88.02,IL6:95|IL3:5
60150,41.91,-88.90,IL14:96|IL16:4
60151,41.92,-88.58,IL11:72|IL14:28
60152,42.24,-88.63,IL11:98|IL16:2
60153,41.88,-87.84,IL7:92|IL4:8
60154,41.85,-87.89,IL7
60155,41.86,-87.86,IL7
60156,42.20,-88.32,IL11:55|IL9:45
60157,41.98,-88.06,IL8
60160,41.90,-87.86,IL4
60162,41.87,-87.90,IL7
60163,41.89,-87.91,IL4:58|IL7:42
60164,41.92,-87.90,IL4
60165,41.90,-87.88,IL4
60169,42.05,-88.12,IL8
60171,41.93,-87.84,IL3:63|IL4:37
60172,41.98,-88.09,IL8
60173,42.05,-88.06,IL8
60174,41.93,-88.30,IL8:55|IL11:43|IL3:2
60175,41.95,-88.39,IL11:61|IL8:39
60176,41.96,-87.87,IL3:52|IL5:48
60177,41.99,-88.31,IL8
60178,42.01,-88.66,IL14:95|IL16:3|IL11:3
60180,42.22,-88.52,IL11
60181,41.88,-87.98,IL6:95|IL3:5
60183,41.94,-88.41,IL11
60184,41.95,-88.25,IL3:65|IL8:35
60185,41.90,-88.22,IL3:99|IL8:1
60187,41.87,-88.11,IL3:82|IL6:18
60188,41.92,-88.13,IL8:92|IL3:8
60189,41.84,-88.12,IL6:51|IL3:49
60190,41.87,-88.16,IL3
60191,41.97,-87.99,IL8:64|IL3:36
60192,42.06,-88.20,IL5:63|IL8:37
60193,42.01,-88.10,IL8
60194,42.03,-88.11,IL8
60195,42.07,-88.09,IL8:98|IL5:2
60201,42.05,-87.69,IL9
60202,42.03,-87.69,IL9
60203,42.05,-87.72,IL9
60208,42.05,-87.67,IL9
60301,41.89,-87.80,IL7
60302,41.89,-87.79,IL7
60304,41.87,-87.79,IL7
60305,41.89,-87.82,IL7
60401,41.35,-87.61,IL2
60402,41.83,-87.79,IL4
60403,41.57,-88.12,IL14
60404,41.51,-88.22,IL14
60406,41.65,-87.68,IL1:73|IL2:27
60407,41.23,-88.26,IL16:65|IL1:35
60408,41.27,-88.22,IL1
60409,41.61,-87.55,IL2
60410,41.43,-88.21,IL1:69|IL16:31
60411,41.51,-87.59,IL2
60415,41.70,-87.78,IL6
60416,41.29,-88.28,IL16
60417,41.43,-87.59,IL2
60418,41.65,-87.74,IL6:84|IL1:16
60419,41.63,-87.60,IL2
60420,41.09,-88.42,IL2:95|IL16:5
60421,41.41,-88.08,IL14:99|IL1:1
60422,41.54,-87.68,IL2
60423,41.47,-87.84,IL1
60424,41.16,-88.33,IL16
60425,41.54,-87.61,IL2
60426,41.61,-87.65,IL2:91|IL1:9
60428,41.60,-87.69,IL2:71|IL1:29
60429,41.57,-87.68,IL2
60430,41.56,-87.66,IL2
60431,41.51,-88.19,IL14
60432,41.54,-88.03,IL14:88|IL1:12
60433,41.50,-88.04,IL14:96|IL1:4
60435,41.55,-88.13,IL14
60436,41.49,-88.13,IL14
60437,41.16,-88.56,IL16
60438,41.57,-87.55,IL2
60439,41.68,-87.98,IL1:51|IL11:49
60440,41.70,-88.08,IL11
60441,41.59,-88.05,IL1:61|IL14:39
60442,41.39,-87.96,IL1
60443,41.50,-87.75,IL2
60444,41.24,-88.40,IL16
60445,41.63,-87.74,IL1:98|IL6:2
60446,41.63,-88.10,IL14:90|IL11:10
60447,41.49,-88.32,IL16:68|IL1:17|IL14:15
60448,41.54,-87.89,IL1
60449,41.42,-87.78,IL2:75|IL1:25
60450,41.37,-88.43,IL16
60451,41.51,-87.96,IL1
60452,41.61,-87.75,IL6:50|IL1:50
60453,41.71,-87.75,IL6:93|IL4:7
60455,41.74,-87.81,IL6:98|IL4:2
60456,41.73,-87.73,IL6
60457,41.72,-87.83,IL6
60458,41.75,-87.83,IL6
60459,41.74,-87.77,IL4
60460,41.00,-88.54,IL2:93|IL16:7
60461,41.52,-87.69,IL2
60462,41.63,-87.84,IL6
60463,41.66,-87.79,IL6
60464,41.67,-87.86,IL6:98|IL11:2
60465,41.70,-87.83,IL6
60466,41.48,-87.68,IL2
60467,41.60,-87.89,IL1:53|IL6:47
60468,41.34,-87.81,IL2:84|IL1:16
60469,41.63,-87.69,IL1
60470,41.17,-88.64,IL16
60471,41.48,-87.73,IL2
60472,41.64,-87.71,IL1:92|IL6:8
60473,41.60,-87.60,IL2
60474,41.19,-88.28,IL16
60475,41.47,-87.63,IL2
60476,41.57,-87.59,IL2
60477,41.57,-87.79,IL6:88|IL1:12
60478,41.55,-87.74,IL2
60479,41.23,-88.53,IL16
60480,41.72,-87.88,IL6
60481,41.29,-88.11,IL1:97|IL16:2|IL2:1
60482,41.69,-87.79,IL6
60484,41.44,-87.71,IL2
60487,41.56,-87.83,IL6:71|IL1:29
60490,41.68,-88.14,IL11:64|IL14:36
60491,41.60,-87.96,IL1
60501,41.78,-87.82,IL4:95|IL6:5
60502,41.79,-88.26,IL11
60503,41.71,-88.26,IL14
60504,41.75,-88.24,IL11:78|IL14:22
60505,41.77,-88.30,IL11:51|IL14:49
60506,41.76,-88.37,IL11:86|IL14:14
60510,41.84,-88.31,IL11:99|IL8:1
60511,41.76,-88.55,IL14
60512,41.70,-88.44,IL14
60513,41.83,-87.85,IL4
60514,41.80,-87.97,IL6:71|IL4:29
60515,41.81,-88.02,IL6
60516,41.76,-88.01,IL6:94|IL11:6
60517,41.74,-88.04,IL11
60518,41.60,-88.92,IL14:95|IL16:5
60519,41.78,-88.24,IL11
60520,41.79,-88.67,IL14
60521,41.80,-87.93,IL4:99|IL6:1
60523,41.84,-87.95,IL6:60|IL4:40
60525,41.78,-87.87,IL6:61|IL4:39
60526,41.83,-87.88,IL4:85|IL7:15
60527,41.74,-87.93,IL6:82|IL11:17|IL4:1
60530,41.80,-88.95,IL16:68|IL14:32
60531,41.62,-88.79,IL14
60532,41.79,-88.08,IL6:63|IL11:37
60534,41.81,-87.82,IL4
60536,41.60,-88.55,IL14
60537,41.56,-88.60,IL14
60538,41.73,-88.34,IL14
60539,41.82,-88.34,IL11
60540,41.76,-88.14,IL11
60541,41.51,-88.53,IL14:95|IL16:5
60542,41.81,-88.35,IL11:99|IL14:1
60543,41.67,-88.32,IL14
60544,41.61,-88.22,IL14:89|IL11:11
60545,41.68,-88.53,IL14
60546,41.84,-87.82,IL4:89|IL7:11
60548,41.65,-88.63,IL14
60549,41.50,-88.74,IL14
60550,41.78,-88.88,IL14
60551,41.53,-88.69,IL14
60552,41.67,-88.71,IL14
60553,41.83,-89.04,IL16
60554,41.78,-88.46,IL14:97|IL11:3
60555,41.82,-88.19,IL3:62|IL11:38
60556,41.76,-88.77,IL14
60557,41.45,-88.77,IL14
60558,41.80,-87.90,IL6
60559,41.79,-87.97,IL6
60560,41.61,-88.43,IL14
60561,41.75,-87.98,IL6:87|IL11:13
60563,41.79,-88.21,IL11
60564,41.71,-88.19,IL14:88|IL11:12
60565,41.73,-88.13,IL11:83|IL14:17
60585,41.66,-88.23,IL14
60586,41.57,-88.24,IL14
60601,41.89,-87.62,IL7
60602,41.88,-87.63,IL7
60603,41.88,-87.63,IL7
60604,41.88,-87.63,IL7
60605,41.87,-87.61,IL7
60606,41.88,-87.64,IL7
60607,41.87,-87.65,IL7
60608,41.85,-87.67,IL4:86|IL7:14
60609,41.81,-87.66,IL4:52|IL7:46|IL1:2
60610,41.90,-87.64,IL5:52|IL7:48
60611,41.89,-87.62,IL7:54|IL5:46
60612,41.88,-87.69,IL7
60613,41.96,-87.65,IL5:61|IL9:39
60614,41.92,-87.65,IL5:96|IL7:4
60615,41.80,-87.60,IL1:49|IL2:32|IL7:19
60616,41.84,-87.62,IL7:70|IL1:30|IL4:1
60617,41.71,-87.56,IL2:59|IL1:41
60618,41.95,-87.70,IL3:69|IL5:31
60619,41.74,-87.61,IL1
60620,41.74,-87.65,IL1
60621,41.78,-87.64,IL7:53|IL1:47
60622,41.90,-87.68,IL7:50|IL3:28|IL5:22
60623,41.85,-87.72,IL4:67|IL7:33
60624,41.88,-87.72,IL7
60625,41.97,-87.70,IL3:49|IL5:46|IL9:4
60626,42.01,-87.67,IL9
60628,41.69,-87.62,IL1:64|IL2:36
60629,41.78,-87.71,IL4:72|IL7:22|IL1:5
60630,41.97,-87.76,IL5:82|IL3:18
60631,41.99,-87.81,IL5:74|IL9:24|IL8:2
60632,41.81,-87.71,IL4
60633,41.66,-87.56,IL2
60634,41.95,-87.81,IL3:94|IL5:6
60636,41.78,-87.67,IL7
60637,41.78,-87.60,IL1:77|IL7:17|IL2:6
60638,41.78,-87.77,IL6:56|IL4:44
60639,41.92,-87.76,IL3:87|IL7:13
60640,41.97,-87.66,IL9:87|IL5:13
60641,41.95,-87.75,IL3:85|IL5:15
60642,41.90,-87.66,IL7:78|IL5:22
60643,41.70,-87.66,IL1:79|IL6:21
60644,41.88,-87.76,IL7
60645,42.01,-87.69,IL9
60646,41.99,-87.76,IL5
60647,41.92,-87.70,IL3:84|IL5:15
60649,41.76,-87.56,IL2:62|IL1:38
60651,41.90,-87.74,IL7:51|IL3:49
60652,41.75,-87.71,IL1:63|IL4:37
60653,41.82,-87.61,IL1:61|IL7:24|IL2:15
60654,41.89,-87.64,IL7
60655,41.69,-87.70,IL6:94|IL1:6
60656,41.97,-87.83,IL5:63|IL8:37
60657,41.94,-87.65,IL5
60659,41.99,-87.71,IL9:60|IL5:40
60660,41.99,-87.66,IL9
60661,41.88,-87.64,IL7
60706,41.96,-87.82,IL5:94|IL8:6
60707,41.92,-87.81,IL3:85|IL7:15
60712,42.01,-87.73,IL9
60714,42.03,-87.81,IL9:88|IL5:12
60803,41.67,-87.74,IL6:63|IL1:37
60804,41.84,-87.76,IL4
60805,41.72,-87.70,IL6:66|IL1:34
60827,41.65,-87.63,IL2:72|IL1:28
60901,41.11,-87.90,IL2
60910,41.06,-87.79,IL2
60911,40.88,-87.98,IL2
60912,40.97,-87.61,IL2
60913,41.15,-88.06,IL2
60914,41.18,-87.86,IL1:79|IL2:21
60915,41.15,-87.86,IL2:76|IL1:24
60917,41.05,-88.20,IL2
60918,40.59,-88.03,IL2
60919,40.99,-88.24,IL2
60920,41.03,-88.30,IL2
60921,40.73,-88.30,IL2
60922,41.01,-87.92,IL2
60924,40.56,-87.89,IL2
60926,40.57,-87.81,IL2
60927,40.94,-87.97,IL2
60928,40.75,-87.85,IL2
60929,40.88,-88.29,IL2
60930,40.83,-88.01,IL2
60931,40.89,-87.59,IL2
60932,40.47,-87.80,IL2
60933,40.46,-88.27,IL2
60934,40.96,-88.35,IL2
60935,41.17,-88.18,IL2
60936,40.46,-88.37,IL16:74|IL2:26
60938,40.77,-87.98,IL2
60939,40.57,-87.78,IL2
60940,41.25,-87.64,IL2
60941,41.04,-88.09,IL2
60942,40.47,-87.66,IL2
60945,40.84,-87.60,IL2
60946,40.91,-88.20,IL2
60948,40.52,-88.08,IL2
60949,40.38,-88.11,IL2
60950,41.25,-87.88,IL1:98|IL2:2
60951,40.92,-87.74,IL2
60952,40.56,-88.25,IL2
60953,40.63,-87.69,IL2
60954,41.15,-87.62,IL2
60955,40.71,-87.98,IL2
60956,40.97,-87.72,IL2
60957,40.44,-88.14,IL2
60958,41.07,-87.59,IL2
60959,40.79,-88.18,IL2
60960,40.44,-87.89,IL2
60961,41.11,-88.22,IL2:96|IL16:4
60962,40.63,-88.19,IL2
60963,40.37,-87.65,IL2
60964,41.03,-87.74,IL2
60966,40.75,-87.58,IL2
60967,40.62,-87.58,IL2
60968,40.68,-88.12,IL2
60969,41.11,-88.15,IL2
60970,40.79,-87.74,IL2
60973,40.54,-87.66,IL2
60974,40.72,-87.74,IL2
61001,42.47,-90.11,IL16
61006,41.86,-89.20,IL16
61007,42.20,-89.59,IL16:63|IL17:37
61008,42.25,-88.84,IL11:75|IL16:25
61010,42.13,-89.27,IL16
61011,42.39,-88.90,IL16:76|IL17:24
61012,42.40,-88.76,IL16
61013,42.38,-89.64,IL16:57|IL17:43
61014,41.97,-89.89,IL17
61015,42.00,-89.20,IL16
61016,42.20,-88.95,IL16
61018,42.42,-89.56,IL16:95|IL17:5
61019,42.44,-89.41,IL16
61020,42.11,-89.10,IL16
61021,41.83,-89.48,IL16
61024,42.44,-89.29,IL16
61025,42.47,-90.56,IL16
61027,42.33,-89.76,IL17
61028,42.30,-90.18,IL16
61030,42.12,-89.59,IL16
61031,41.83,-89.32,IL16
61032,42.32,-89.64,IL17:98|IL16:2
61036,42.41,-90.38,IL16
61037,41.79,-89.76,IL17
61038,42.27,-88.74,IL11:93|IL16:7
61039,42.21,-89.47,IL17:87|IL16:13
61041,42.27,-90.31,IL16
61042,41.69,-89.56,IL16
61043,42.07,-89.10,IL16
61044,42.32,-89.91,IL17:82|IL16:18
61046,42.10,-89.81,IL17
61047,42.15,-89.40,IL16:97|IL17:3
61048,42.38,-89.84,IL16:85|IL17:15
61049,42.05,-89.01,IL16
61050,42.44,-89.73,IL16
61051,41.98,-89.76,IL17:99|IL16:1
61052,42.11,-89.00,IL16
61053,42.12,-89.98,IL17:97|IL16:3
61054,42.06,-89.45,IL16
61057,41.83,-89.38,IL16
61059,42.45,-89.94,IL16
61060,42.48,-89.62,IL16
61061,42.00,-89.34,IL16
61062,42.25,-89.84,IL17:99|IL16:1
61063,42.32,-89.34,IL16:83|IL17:17
61064,41.99,-89.59,IL16:98|IL17:2
61065,42.40,-88.84,IL16:99|IL11:1
61067,42.31,-89.47,IL17:81|IL16:19
61068,41.95,-89.07,IL16
61070,42.42,-89.47,IL16
61071,41.72,-89.70,IL17:99|IL16:1
61072,42.44,-89.13,IL16
61073,42.42,-88.99,IL16
61074,42.12,-90.12,IL17
61075,42.47,-90.26,IL16
61077,42.24,-89.35,IL17
61078,42.17,-89.73,IL17:92|IL16:8
61079,42.45,-89.22,IL16
61080,42.48,-88.98,IL16
61081,41.85,-89.74,IL17:97|IL16:3
61084,42.12,-89.19,IL16
61085,42.34,-90.03,IL16
61087,42.48,-89.99,IL16
61088,42.27,-89.26,IL17:66|IL16:34
61089,42.47,-89.82,IL16
61091,41.91,-89.55,IL16
61101,42.35,-89.15,IL17:74|IL16:26
61102,42.23,-89.16,IL17:89|IL16:11
61103,42.34,-89.09,IL17:89|IL16:11
61104,42.25,-89.08,IL17
61107,42.29,-89.00,IL17:70|IL16:30
61108,42.26,-89.00,IL17:78|IL16:22
61109,42.19,-89.06,IL17:68|IL16:32
61111,42.34,-89.00,IL16:66|IL17:34
61112,42.24,-88.98,IL16
61114,42.31,-88.99,IL17:60|IL16:40
61115,42.36,-89.02,IL16
61201,41.48,-90.58,IL17
61230,41.73,-90.21,IL17
61231,41.21,-90.72,IL15:88|IL17:12
61232,41.43,-90.73,IL17
61233,41.29,-90.29,IL16
61234,41.42,-89.91,IL16
61235,41.40,-90.02,IL16
61236,41.51,-90.36,IL17
61237,41.34,-90.86,IL17
61238,41.28,-90.17,IL16
61239,41.49,-90.39,IL17
61240,41.42,-90.44,IL17:90|IL16:10
61241,41.49,-90.32,IL17:82|IL16:18
61242,41.71,-90.29,IL17
61243,41.62,-89.68,IL17:95|IL16:5
61244,41.52,-90.39,IL17
61250,41.66,-90.11,IL17:99|IL16:1
61251,41.73,-90.07,IL17
61252,41.84,-90.13,IL17
61254,41.47,-90.15,IL16
61256,41.56,-90.40,IL17
61257,41.59,-90.22,IL17
61258,41.52,-89.91,IL16
61259,41.39,-90.92,IL17:98|IL15:2
61260,41.24,-90.89,IL15
61261,41.74,-89.91,IL17
61262,41.28,-90.35,IL16:80|IL17:20
61263,41.27,-90.60,IL17
61264,41.40,-90.60,IL17
61265,41.48,-90.49,IL17
61270,41.83,-89.95,IL17
61272,41.25,-91.01,IL15:99|IL17:1
61273,41.36,-90.40,IL16:94|IL17:6
61274,41.37,-90.28,IL16
61275,41.61,-90.31,IL17
61276,41.32,-90.58,IL17
61277,41.61,-89.93,IL17:88|IL16:12
61278,41.58,-90.33,IL17
61279,41.33,-90.73,IL17:76|IL15:24
61281,41.30,-90.52,IL17
61282,41.50,-90.41,IL17
61283,41.59,-89.79,IL17:73|IL16:27
61284,41.40,-90.75,IL17
61285,41.99,-90.09,IL17
61301,41.40,-89.08,IL14
61310,41.70,-89.35,IL16
61311,41.04,-88.86,IL16
61312,41.43,-89.23,IL14
61313,41.07,-88.67,IL16:94|IL2:6
61314,41.30,-89.68,IL16
61315,41.29,-89.36,IL14
61316,41.26,-89.13,IL14
61317,41.43,-89.21,IL14
61318,41.71,-89.08,IL16
61319,41.02,-88.74,IL16
61320,41.36,-89.17,IL14
61321,40.97,-88.98,IL16
61322,41.31,-89.31,IL14
61323,41.44,-89.40,IL16:96|IL14:4
61324,41.77,-89.41,IL16
61325,41.23,-88.81,IL16
61326,41.25,-89.23,IL14
61327,41.23,-89.30,IL14:77|IL16:23
61328,41.51,-89.46,IL16
61329,41.38,-89.21,IL14
61330,41.54,-89.28,IL16:93|IL14:7
61331,41.75,-89.28,IL16
61332,41.19,-88.98,IL16
61333,40.99,-88.89,IL16
61334,41.15,-89.10,IL16
61335,41.16,-89.23,IL16
61336,41.11,-89.21,IL16
61337,41.45,-89.30,IL14
61338,41.47,-89.67,IL16
61340,41.26,-89.25,IL14
61341,41.35,-88.69,IL14:88|IL16:12
61342,41.54,-89.08,IL14:99|IL16:1
61344,41.41,-89.83,IL16
61345,41.28,-89.79,IL16
61346,41.51,-89.72,IL16
61348,41.28,-89.04,IL14:95|IL16:5
61349,41.55,-89.44,IL16
61350,41.37,-88.87,IL14:98|IL16:2
61353,41.70,-88.99,IL16
61354,41.33,-89.14,IL14
61356,41.39,-89.44,IL16:92|IL14:8
61358,40.98,-89.04,IL16
61359,41.36,-89.27,IL14
61360,41.33,-88.60,IL14:81|IL16:19
61361,41.41,-89.77,IL16
61362,41.35,-89.22,IL14
61363,41.25,-89.18,IL14
61364,41.13,-88.84,IL16
61367,41.62,-89.26,IL16
61368,41.26,-89.52,IL16:99|IL14:1
61369,40.98,-89.15,IL16
61370,41.21,-89.04,IL16:97|IL14:3
61371,41.50,-89.02,IL14
61372,41.47,-89.08,IL14
61373,41.41,-89.00,IL14
61374,41.55,-89.36,IL16
61375,41.04,-89.24,IL16
61376,41.54,-89.60,IL16
61377,41.07,-89.04,IL16
61378,41.72,-89.16,IL16
61379,41.38,-89.61,IL16
61401,40.95,-90.39,IL17
61402,40.94,-90.41,IL17
61410,40.79,-90.42,IL17:96|IL15:4
61411,40.40,-90.50,IL15:99|IL17:1
61412,41.07,-90.59,IL17:95|IL15:5
61413,41.19,-90.37,IL16
61414,41.13,-90.15,IL17:90|IL16:10
61415,40.65,-90.42,IL17:66|IL15:34
61416,40.50,-90.56,IL17
61417,40.77,-90.54,IL15
61418,40.85,-90.87,IL15
61419,41.20,-90.12,IL16
61420,40.55,-90.87,IL15
61421,41.19,-89.65,IL16
61422,40.55,-90.53,IL15:97|IL17:3
61423,40.89,-90.50,IL15:54|IL17:46
61424,41.08,-89.64,IL16
61425,40.76,-91.04,IL15
61426,41.12,-89.71,IL16
61427,40.50,-90.19,IL17:99|IL15:1
61428,40.93,-90.11,IL17
61430,40.94,-90.31,IL17
61431,40.60,-90.29,IL17
61432,40.65,-90.15,IL17
61433,40.55,-90.17,IL17
61434,41.17,-90.04,IL17:96|IL16:4
61435,41.00,-90.57,IL17
61436,40.86,-90.22,IL17
61437,40.85,-90.99,IL15
61438,40.59,-90.65,IL15:98|IL17:2
61439,41.03,-90.35,IL17
61440,40.32,-90.59,IL15
61441,40.33,-90.28,IL15
61442,41.10,-90.92,IL15
61443,41.26,-89.94,IL17:98|IL16:2
61447,40.87,-90.76,IL15
61448,40.93,-90.24,IL17
61449,41.10,-89.98,IL16:74|IL17:26
61450,40.57,-90.98,IL15
61451,40.94,-89.94,IL16
61452,40.24,-90.66,IL15
61453,41.01,-90.76,IL15:93|IL17:7
61454,40.68,-91.04,IL15
61455,40.44,-90.64,IL17:80|IL15:20
61458,40.78,-90.18,IL17
61459,40.51,-90.42,IL17
61460,40.72,-90.83,IL15
61462,40.91,-90.65,IL17:93|IL15:7
61465,41.21,-90.48,IL17:94|IL16:6
61466,41.11,-90.48,IL17
61467,41.07,-90.24,IL17
61468,41.26,-90.39,IL16
61469,40.96,-90.91,IL15
61470,40.61,-90.51,IL15
61471,40.70,-90.83,IL15
61472,41.10,-90.38,IL17
61473,40.71,-90.65,IL15
61474,40.74,-90.39,IL17:96|IL15:4
61475,40.60,-90.75,IL15
61476,41.09,-90.83,IL15
61477,40.50,-90.31,IL17:88|IL15:12
61478,40.76,-90.76,IL15
61479,41.00,-89.64,IL16
61480,40.73,-90.91,IL15
61482,40.39,-90.40,IL15:96|IL17:4
61483,41.08,-89.87,IL16
61484,40.30,-90.44,IL15
61485,41.02,-90.07,IL17
61486,41.19,-90.58,IL17
61488,41.03,-90.32,IL17
61489,40.93,-90.03,IL17:98|IL16:2
61490,41.19,-90.26,IL16:97|IL17:3
61491,41.05,-89.72,IL16
61501,40.23,-90.31,IL15
61516,40.86,-89.13,IL16
61517,40.82,-89.85,IL16:92|IL17:8
61519,40.46,-90.09,IL17
61520,40.54,-90.02,IL17
61523,40.91,-89.54,IL16
61524,40.49,-90.03,IL17
61525,40.85,-89.67,IL16
61526,40.92,-89.62,IL16
61528,40.78,-89.72,IL16
61529,40.78,-89.94,IL17:93|IL16:7
61530,40.71,-89.26,IL16
61531,40.68,-90.04,IL17
61532,40.35,-89.81,IL15
61533,40.59,-89.84,IL17
61534,40.41,-89.66,IL17
61535,40.58,-89.52,IL16
61536,40.69,-89.79,IL17:88|IL16:12
61537,41.12,-89.47,IL16
61539,40.56,-89.76,IL17
61540,41.01,-89.37,IL16
61541,40.98,-89.23,IL16
61542,40.38,-90.13,IL15
61543,40.42,-89.98,IL15
61544,40.70,-90.23,IL17
61545,40.87,-89.35,IL16
61546,40.45,-89.81,IL15:57|IL17:43
61547,40.57,-89.72,IL17
61548,40.81,-89.42,IL16
61550,40.61,-89.44,IL16
61552,40.82,-89.56,IL16
61553,40.62,-90.03,IL17
61554,40.54,-89.62,IL16:92|IL17:8
61559,40.92,-89.78,IL16
61560,41.19,-89.42,IL16
61561,40.81,-89.21,IL16
61562,40.88,-89.50,IL16
61563,40.49,-90.05,IL17
61564,40.50,-89.66,IL17
61565,41.04,-89.51,IL16
61567,40.37,-89.90,IL15
61568,40.50,-89.48,IL16:91|IL17:9
61569,40.68,-89.90,IL17
61570,40.91,-89.32,IL16
61571,40.70,-89.42,IL16
61572,40.80,-90.04,IL17
61602,40.68,-89.61,IL17
61603,40.71,-89.58,IL17
61604,40.71,-89.65,IL17:91|IL16:9
61605,40.68,-89.63,IL17
61606,40.70,-89.61,IL17
61607,40.63,-89.69,IL17
61610,40.64,-89.60,IL16
61611,40.71,-89.54,IL16
61614,40.76,-89.60,IL17:71|IL16:29
61615,40.75,-89.67,IL16:62|IL17:38
61616,40.75,-89.57,IL17:98|IL16:2
61625,40.70,-89.61,IL17
61701,40.48,-88.99,IL17:97|IL16:3
61704,40.47,-88.94,IL16:74|IL17:26
61705,40.52,-89.07,IL16:83|IL17:17
61720,40.55,-88.50,IL16:93|IL2:7
61721,40.35,-89.32,IL17:98|IL15:2
61722,40.42,-88.63,IL16
61723,40.26,-89.28,IL15:99|IL17:1
61724,40.33,-88.53,IL16
61725,40.62,-89.12,IL16
61726,40.73,-88.71,IL16
61727,40.15,-88.95,IL15
61728,40.58,-88.62,IL16
61729,40.63,-89.22,IL16
61730,40.53,-88.73,IL16
61731,40.61,-88.48,IL16:71|IL2:29
61732,40.53,-89.21,IL16
61733,40.62,-89.33,IL16
61734,40.38,-89.53,IL17
61735,40.21,-88.81,IL15
61736,40.40,-88.84,IL16
61737,40.46,-88.73,IL16
61738,40.75,-89.03,IL16
61739,40.73,-88.52,IL2:99|IL16:1
61740,40.89,-88.86,IL16
61741,40.76,-88.40,IL2
61742,40.63,-89.27,IL16
61743,40.88,-88.78,IL16
61744,40.74,-88.88,IL16
61745,40.32,-88.97,IL16:96|IL15:4|IL17:1
61747,40.42,-89.44,IL16:80|IL17:20
61748,40.62,-89.00,IL16
61749,40.09,-89.12,IL15
61750,40.12,-88.86,IL15
61751,40.21,-89.30,IL15
61752,40.34,-88.76,IL16:99|IL15:1
61753,40.63,-88.79,IL16
61754,40.33,-89.16,IL17:94|IL15:6
61755,40.53,-89.34,IL16
61756,40.03,-88.96,IL15
61759,40.43,-89.34,IL16:93|IL17:7
61760,40.89,-89.02,IL16
61761,40.53,-88.95,IL17:71|IL16:29
61764,40.88,-88.63,IL2:89|IL16:11
61769,40.89,-88.40,IL2
61770,40.44,-88.51,IL16
61771,40.71,-89.15,IL16
61772,40.39,-89.06,IL17:72|IL16:28
61773,40.57,-88.37,IL2
61774,40.43,-89.20,IL16:74|IL17:26
61775,40.65,-88.38,IL2
61776,40.57,-88.87,IL16
61777,40.24,-88.95,IL15
61778,40.23,-89.09,IL15
61801,40.11,-88.21,IL13
61802,40.12,-88.15,IL13:94|IL15:6
61810,39.91,-87.92,IL15
61811,40.30,-87.62,IL2
61812,40.21,-87.93,IL2
61813,39.91,-88.57,IL13:97|IL15:3
61814,40.23,-87.57,IL2
61815,40.11,-88.37,IL13
61816,39.92,-88.00,IL15
61817,40.04,-87.72,IL2:97|IL15:3
61818,39.89,-88.72,IL13:97|IL15:3
61820,40.11,-88.24,IL13
61821,40.11,-88.28,IL13
61822,40.13,-88.31,IL13:97|IL15:3
61830,40.01,-88.73,IL13:92|IL15:8
61831,40.23,-87.80,IL2
61832,40.13,-87.63,IL2
61833,40.10,-87.65,IL2
61834,40.15,-87.67,IL2:97|IL15:3
61839,40.13,-88.64,IL15
61840,40.30,-88.30,IL15:58|IL2:42
61841,40.03,-87.82,IL15:75|IL2:25
61842,40.24,-88.67,IL15:96|IL16:4
61843,40.32,-88.37,IL2:80|IL15:19|IL16:1
61844,40.14,-87.87,IL2:97|IL15:3
61845,40.37,-88.40,IL2:91|IL16:9
61846,39.98,-87.61,IL15
61847,40.31,-88.01,IL15:71|IL2:29
61848,40.31,-87.70,IL2
61849,40.01,-87.97,IL15
61850,39.93,-87.74,IL15
61851,39.97,-88.44,IL13
61852,39.90,-88.07,IL15
61853,40.23,-88.42,IL15
61854,40.20,-88.53,IL15:99|IL16:1
61855,39.92,-88.66,IL13
61856,40.03,-88.59,IL13:83|IL15:17
61857,40.12,-87.84,IL2
61858,40.13,-87.76,IL2
61859,40.15,-87.96,IL15:96|IL2:4
61862,40.31,-87.96,IL15:68|IL2:32
61863,39.90,-88.28,IL15
61864,39.98,-88.15,IL15
61865,40.30,-87.80,IL2
61866,40.31,-88.16,IL2:97|IL15:3
61870,39.90,-87.62,IL15
61871,40.19,-87.98,IL15
61872,39.93,-88.38,IL15:89|IL13:11
61873,40.13,-88.04,IL15
61874,40.05,-88.27,IL13
61875,40.10,-88.42,IL13:64|IL15:36
61876,39.90,-87.84,IL15
61877,39.99,-88.08,IL15
61878,40.24,-88.15,IL15
61880,39.97,-88.25,IL15:98|IL13:2
61882,40.11,-88.75,IL15
61883,40.03,-87.64,IL2:94|IL15:6
61884,40.09,-88.49,IL15:98|IL13:2
61910,39.67,-88.30,IL15
61911,39.70,-88.47,IL15
61912,39.52,-88.04,IL12
61913,39.83,-88.47,IL15
61914,39.63,-88.76,IL15
61917,39.72,-87.89,IL15
61919,39.78,-88.14,IL15
61920,39.51,-88.15,IL15:81|IL12:19
61924,39.79,-87.66,IL15
61925,39.72,-88.84,IL15
61928,39.46,-88.50,IL15:80|IL12:20
61929,39.82,-88.63,IL15:97|IL13:3
61930,39.68,-88.13,IL15:98|IL12:2
61931,39.59,-88.37,IL15
61932,39.80,-87.87,IL15
61933,39.55,-87.90,IL15:97|IL12:3
61936,39.80,-88.73,IL15
61937,39.73,-88.66,IL15
61938,39.48,-88.38,IL15:83|IL12:17
61940,39.80,-87.81,IL15
61941,39.80,-88.08,IL15
61942,39.81,-88.00,IL15
61943,39.66,-88.02,IL12:88|IL15:12
61944,39.60,-87.70,IL15
61949,39.66,-87.86,IL15
61951,39.60,-88.59,IL15
61953,39.80,-88.29,IL15
61955,39.58,-87.59,IL15
61956,39.86,-88.14,IL15
61957,39.44,-88.61,IL15
62001,38.88,-89.75,IL15
62002,38.94,-90.14,IL13:80|IL15:20
62006,39.06,-90.68,IL15
62009,39.09,-89.80,IL13
62010,38.92,-90.05,IL13
62011,39.13,-89.22,IL15
62012,39.04,-90.15,IL13:54|IL15:46
62013,38.96,-90.57,IL15
62014,39.04,-89.95,IL13
62015,39.21,-89.54,IL15
62016,39.30,-90.42,IL15
62017,39.07,-89.37,IL15
62018,38.91,-90.08,IL13
62019,39.02,-89.44,IL15
62021,38.98,-89.98,IL13:80|IL15:20
62022,39.00,-90.33,IL15
62023,39.11,-89.78,IL13
62024,38.88,-90.09,IL13
62025,38.83,-89.93,IL13:79|IL15:21
62026,38.79,-90.00,IL13
62027,39.24,-90.56,IL15
62028,38.96,-90.35,IL15
62030,39.15,-90.16,IL15
62031,39.11,-90.54,IL15
62032,39.12,-89.29,IL15
62033,39.14,-89.84,IL13
62034,38.75,-89.97,IL13
62035,38.97,-90.25,IL15:93|IL13:7
62036,38.92,-90.59,IL15
62037,39.01,-90.47,IL15
62040,38.71,-90.10,IL13
62044,39.37,-90.20,IL15:95|IL13:5
62045,39.26,-90.69,IL15
62046,38.89,-89.84,IL15
62047,39.12,-90.63,IL15
62048,38.77,-90.14,IL13
62049,39.14,-89.48,IL15
62050,39.44,-90.57,IL15
62051,39.20,-89.41,IL15
62052,39.11,-90.32,IL15
62053,39.32,-90.67,IL15
62054,39.21,-90.35,IL15
62056,39.18,-89.67,IL15:97|IL13:3
62058,38.96,-89.77,IL15
62059,38.65,-90.17,IL13
62060,38.68,-90.14,IL13
62061,38.79,-89.78,IL15
62062,38.73,-89.96,IL13:65|IL15:35
62063,39.20,-90.15,IL13:67|IL15:33
62067,38.93,-89.98,IL13
62069,39.09,-89.74,IL13
62074,38.96,-89.69,IL15:91|IL13:9
62075,39.30,-89.30,IL15
62076,39.34,-89.23,IL15
62077,39.03,-89.51,IL15
62078,39.48,-90.49,IL15
62079,39.11,-90.13,IL13:64|IL15:36
62080,39.14,-89.10,IL15
62081,39.26,-90.22,IL15
62082,39.49,-90.32,IL15
62083,39.35,-89.20,IL15
62084,38.84,-90.06,IL13
62085,39.08,-89.80,IL13
62086,38.99,-89.59,IL15
62087,38.81,-90.07,IL13
62088,39.02,-89.80,IL13:90|IL15:10
62089,39.12,-89.49,IL15
62090,38.67,-90.17,IL13
62091,39.06,-89.61,IL15
62092,39.42,-90.43,IL15
62093,39.06,-89.84,IL13
62094,39.24,-89.35,IL15
62095,38.86,-90.07,IL13
62097,38.94,-89.85,IL15:99|IL13:1
62098,39.38,-90.30,IL15
62201,38.64,-90.14,IL13
62203,38.60,-90.08,IL13
62204,38.63,-90.10,IL13
62205,38.60,-90.12,IL13
62206,38.57,-90.17,IL13
62207,38.58,-90.13,IL13
62208,38.60,-90.01,IL13:90|IL12:10
62214,38.38,-89.60,IL12
62215,38.51,-89.60,IL12
62216,38.63,-89.60,IL12:99|IL15:1
62217,38.17,-89.84,IL12
62218,38.52,-89.47,IL12
62219,38.60,-89.44,IL12
62220,38.48,-90.00,IL13:90|IL12:10
62221,38.51,-89.90,IL13:74|IL12:26
62223,38.54,-90.06,IL13:81|IL12:19
62225,38.54,-89.85,IL12
62226,38.54,-90.00,IL13
62230,38.64,-89.53,IL12
62231,38.63,-89.29,IL12
62232,38.63,-90.01,IL13:57|IL12:43
62233,37.94,-89.79,IL12
62234,38.68,-89.98,IL13:74|IL15:25
62236,38.43,-90.21,IL12
62237,38.20,-89.57,IL12
62238,38.05,-89.54,IL12
62239,38.52,-90.16,IL13:94|IL12:6
62240,38.50,-90.18,IL13:72|IL12:28
62241,38.01,-89.89,IL12
62242,38.10,-89.94,IL12
62243,38.42,-89.89,IL12
62244,38.20,-90.20,IL12
62245,38.53,-89.58,IL12
62246,38.89,-89.43,IL15
62248,38.31,-89.99,IL12
62249,38.76,-89.67,IL15:99|IL12:1
62250,38.54,-89.26,IL12
62253,38.78,-89.30,IL15:60|IL12:40
62254,38.61,-89.82,IL12
62255,38.31,-89.78,IL12
62256,38.23,-90.23,IL12
62257,38.28,-89.73,IL12
62258,38.46,-89.78,IL12
62260,38.46,-90.10,IL12
62261,38.01,-90.00,IL12
62262,38.94,-89.26,IL15
62263,38.32,-89.40,IL12
62264,38.32,-89.90,IL12
62265,38.51,-89.68,IL12
62266,38.47,-89.65,IL12
62268,38.28,-89.54,IL12
62269,38.60,-89.92,IL12:71|IL13:29
62271,38.44,-89.52,IL12
62272,38.00,-89.62,IL12
62273,38.79,-89.58,IL15
62274,38.09,-89.40,IL12
62275,38.81,-89.55,IL15:95|IL12:5
62277,38.10,-90.11,IL12
62278,38.20,-89.99,IL12
62279,38.14,-90.14,IL12
62280,37.85,-89.65,IL12
62281,38.71,-89.78,IL15
62282,38.36,-89.71,IL12
62284,38.86,-89.31,IL15
62285,38.39,-90.02,IL12
62286,38.12,-89.72,IL12
62288,37.99,-89.69,IL12
62289,38.60,-89.75,IL12
62292,38.21,-89.68,IL12
62293,38.62,-89.70,IL12:92|IL15:8
62294,38.70,-89.87,IL15:99|IL12:1
62295,38.27,-90.31,IL12
62297,38.05,-89.81,IL12
62298,38.31,-90.15,IL12
62301,39.93,-91.39,IL15
62305,39.93,-91.34,IL15
62311,40.22,-90.94,IL15
62312,39.71,-91.02,IL15
62313,40.32,-91.23,IL15
62314,39.77,-90.89,IL15
62316,40.24,-91.05,IL15
62319,40.15,-90.73,IL15
62320,40.03,-91.08,IL15
62321,40.41,-91.10,IL15
62323,39.80,-90.67,IL15
62324,40.00,-90.97,IL15
62325,40.05,-91.16,IL15
62326,40.42,-90.81,IL15
62330,40.57,-91.13,IL15
62334,40.40,-91.25,IL15
62336,40.47,-91.17,IL15
62338,40.00,-91.24,IL15
62339,40.13,-91.04,IL15
62340,39.73,-90.73,IL15
62341,40.43,-91.30,IL15
62343,39.70,-91.25,IL15
62344,40.18,-90.82,IL15
62345,39.70,-91.11,IL15
62346,40.14,-90.94,IL15
62347,39.87,-91.09,IL15
62348,40.19,-91.37,IL15
62349,40.17,-91.19,IL15
62351,40.11,-91.27,IL15
62352,39.57,-90.65,IL15
62353,39.97,-90.76,IL15
62354,40.52,-91.34,IL15
62355,39.41,-90.78,IL15
62356,39.59,-91.08,IL15
62357,39.68,-90.87,IL15
62358,40.59,-91.26,IL15
62359,40.04,-91.21,IL15
62360,39.82,-91.26,IL15
62361,39.49,-90.62,IL15
62362,39.78,-90.76,IL15
62363,39.59,-90.77,IL15
62365,39.80,-91.17,IL15
62366,39.47,-90.90,IL15
62367,40.30,-90.87,IL15
62370,39.52,-91.01,IL15
62373,40.24,-91.36,IL15
62374,40.41,-90.91,IL15
62375,40.00,-90.86,IL15
62376,40.11,-91.41,IL15
62378,39.91,-90.63,IL15
62379,40.27,-91.40,IL15
62380,40.24,-91.19,IL15
62401,39.12,-88.56,IL12
62410,38.54,-87.73,IL12
62411,39.07,-88.73,IL12:99|IL15:1
62413,39.14,-87.84,IL12
62414,39.17,-88.83,IL15:55|IL12:45
62417,38.70,-87.77,IL12
62418,39.02,-88.97,IL15
62419,38.63,-87.98,IL12
62420,39.29,-88.00,IL12
62421,38.75,-87.94,IL12
62422,39.23,-88.89,IL15
62423,39.46,-87.58,IL12:85|IL15:15
62424,38.99,-88.43,IL12
62425,38.84,-88.10,IL12
62426,38.89,-88.66,IL12:84|IL15:16
62427,38.87,-87.65,IL12
62428,39.26,-88.14,IL12
62431,39.23,-89.00,IL15
62432,39.13,-88.14,IL12
62433,39.11,-87.72,IL12
62434,38.84,-88.32,IL12
62436,39.18,-88.26,IL12
62438,39.33,-88.87,IL15
62439,38.74,-87.64,IL12
62440,39.39,-88.26,IL12
62441,39.39,-87.70,IL12:98|IL15:2
62442,39.30,-87.85,IL12
62443,38.96,-88.63,IL12
62444,39.28,-88.73,IL15
62445,39.17,-88.33,IL12
62446,38.49,-88.21,IL12
62447,39.31,-88.44,IL12:83|IL15:17
62448,38.97,-88.18,IL12
62449,39.00,-87.91,IL12
62450,38.71,-88.09,IL12
62451,38.97,-87.61,IL12
62452,38.59,-88.01,IL12
62454,38.99,-87.76,IL12
62458,39.03,-88.85,IL15:97|IL12:3
62459,38.93,-88.03,IL12
62460,38.60,-87.73,IL12
62461,39.19,-88.68,IL12:88|IL15:12
62462,39.24,-88.47,IL15:58|IL12:42
62463,39.28,-88.59,IL15
62464,39.00,-87.82,IL12
62465,39.35,-88.64,IL15
62466,38.73,-87.85,IL12
62467,39.13,-88.44,IL12
62468,39.28,-88.27,IL12
62469,39.35,-88.33,IL12
62471,38.96,-89.13,IL15
62473,39.02,-88.57,IL12
62474,39.46,-88.04,IL12
62475,38.88,-88.05,IL12
62476,38.53,-88.02,IL12
62477,39.23,-87.64,IL12
62478,39.18,-87.74,IL12
62479,39.04,-88.31,IL12
62480,39.00,-88.00,IL12
62481,39.13,-88.02,IL12
62501,39.93,-88.81,IL15:59|IL13:41
62510,39.53,-89.03,IL15
62512,40.14,-89.21,IL15
62513,39.72,-89.15,IL15
62514,39.77,-89.05,IL15
62515,39.86,-89.37,IL13:84|IL15:16
62517,39.59,-89.43,IL15
62518,40.05,-89.20,IL15
62519,39.93,-89.40,IL15
62520,39.82,-89.46,IL13:83|IL15:17
62521,39.81,-88.93,IL15:62|IL13:38
62522,39.83,-89.05,IL13:57|IL15:43
62523,39.84,-88.95,IL13
62526,39.90,-88.99,IL13:71|IL15:29
62530,39.56,-89.66,IL13
62531,39.67,-89.38,IL15
62532,39.78,-88.98,IL15
62533,39.45,-89.63,IL15
62534,39.53,-88.80,IL15
62535,39.93,-88.97,IL13
62536,39.63,-89.65,IL13
62537,39.85,-89.09,IL13
62538,39.36,-89.52,IL15
62539,39.87,-89.25,IL13
62540,39.58,-89.42,IL15
62541,39.96,-89.37,IL15
62543,39.97,-89.15,IL15:99|IL13:1
62544,39.71,-88.97,IL15
62545,39.77,-89.38,IL13:83|IL15:17
62546,39.43,-89.45,IL15
62547,39.77,-89.24,IL15
62548,39.98,-89.28,IL15
62549,39.77,-88.87,IL15
62550,39.62,-88.99,IL15
62551,39.85,-89.16,IL13
62553,39.27,-89.11,IL15
62554,39.94,-88.88,IL13:98|IL15:2
62555,39.46,-89.21,IL15
62556,39.47,-89.38,IL15
62557,39.40,-89.11,IL15
62558,39.59,-89.55,IL13:95|IL15:5
62560,39.30,-89.60,IL15:97|IL13:3
62561,39.87,-89.51,IL15
62563,39.72,-89.50,IL13:98|IL15:2
62565,39.42,-88.80,IL15
62567,39.65,-89.19,IL15
62568,39.56,-89.29,IL15
62570,39.58,-89.45,IL15
62571,39.38,-88.96,IL15
62572,39.36,-89.70,IL15:62|IL13:38
62573,39.95,-89.07,IL13:92|IL15:8
62601,39.75,-90.04,IL15
62610,39.54,-90.45,IL15
62611,39.88,-90.40,IL15
62612,39.90,-90.06,IL15
62613,39.98,-89.67,IL15
62615,39.59,-89.75,IL13
62617,40.16,-90.17,IL15
62618,40.01,-90.40,IL15
62621,39.73,-90.52,IL15
62622,39.98,-90.34,IL15
62624,40.16,-90.35,IL15
62625,39.90,-89.71,IL15:97|IL13:3
62626,39.28,-89.88,IL13
62627,40.06,-90.11,IL15
62628,39.78,-90.40,IL15
62629,39.68,-89.72,IL13:98|IL15:2
62630,39.27,-90.09,IL13:96|IL15:4
62631,39.83,-90.35,IL15
62633,40.22,-89.87,IL15
62634,40.01,-89.45,IL15
62635,40.30,-89.47,IL15:97|IL17:3
62638,39.61,-90.08,IL15:98|IL13:2
62639,40.04,-90.49,IL15
62640,39.43,-89.80,IL13:99|IL15:1
62642,40.09,-89.72,IL15
62643,40.24,-89.46,IL15
62644,40.29,-90.06,IL15
62649,39.36,-90.06,IL13
62650,39.74,-90.22,IL15
62655,40.17,-89.99,IL15
62656,40.14,-89.37,IL15
62661,39.67,-89.83,IL15:95|IL13:5
62663,39.54,-90.33,IL15
62664,40.21,-89.72,IL15
62665,39.82,-90.53,IL15
62666,40.08,-89.54,IL15
62667,39.49,-89.99,IL13:97|IL15:3
62668,39.57,-90.24,IL15
62670,39.74,-89.90,IL15
62671,40.17,-89.55,IL15
62672,39.40,-89.80,IL13
62673,40.10,-89.97,IL15
62674,39.44,-90.02,IL13
62675,40.03,-89.87,IL15
62677,39.85,-89.88,IL15
62681,40.14,-90.54,IL15
62682,40.30,-89.63,IL15:96|IL17:4
62684,39.91,-89.59,IL15
62685,39.14,-89.99,IL13
62688,39.94,-89.92,IL15
62689,39.53,-89.77,IL13
62690,39.51,-89.77,IL13:98|IL15:2
62691,39.96,-90.23,IL15
62692,39.58,-89.94,IL15
62693,39.96,-89.52,IL15
62694,39.62,-90.48,IL15
62695,39.62,-90.22,IL15
62701,39.80,-89.65,IL13
62702,39.82,-89.64,IL13:91|IL15:9
62703,39.76,-89.63,IL13
62704,39.77,-89.68,IL13
62706,39.80,-89.66,IL13
62707,39.86,-89.65,IL15:94|IL13:6
62711,39.77,-89.73,IL15:88|IL13:12
62712,39.75,-89.58,IL13:90|IL15:10
62801,38.51,-89.14,IL12
62803,38.45,-89.29,IL12
62806,38.39,-88.09,IL12
62807,38.75,-88.93,IL12
62808,38.31,-89.19,IL12
62809,38.28,-88.34,IL12
62810,38.20,-88.75,IL12
62811,38.39,-87.90,IL12
62812,38.01,-88.92,IL12
62814,38.38,-88.73,IL12
62815,38.46,-87.97,IL12
62816,38.19,-88.92,IL12
62817,37.95,-88.48,IL12
62818,38.38,-87.97,IL12
62819,37.97,-89.00,IL12
62820,38.25,-88.24,IL12
62821,38.07,-88.13,IL12
62822,37.97,-89.05,IL12
62823,38.52,-88.44,IL12
62824,38.67,-88.34,IL12
62825,38.00,-89.06,IL12
62827,38.17,-88.05,IL12
62828,38.19,-88.60,IL12
62829,38.00,-88.49,IL12
62830,38.44,-88.97,IL12
62831,38.23,-89.22,IL12
62832,38.01,-89.25,IL12
62833,38.34,-88.17,IL12
62835,38.11,-88.32,IL12
62836,38.09,-88.81,IL12
62837,38.37,-88.36,IL12
62838,38.86,-88.75,IL15:64|IL12:36
62839,38.66,-88.49,IL12
62841,37.86,-89.00,IL12
62842,38.47,-88.39,IL12
62843,38.38,-88.20,IL12
62844,38.25,-88.05,IL12
62846,38.15,-88.86,IL12
62848,38.43,-89.17,IL12
62849,38.58,-88.77,IL12
62850,38.49,-88.59,IL12
62851,38.43,-88.66,IL12
62852,38.35,-87.87,IL12
62853,38.52,-88.91,IL12
62854,38.76,-88.82,IL12
62856,37.95,-88.84,IL12
62858,38.81,-88.49,IL12
62859,38.07,-88.54,IL12
62860,38.04,-88.73,IL12
62861,38.04,-88.05,IL12
62862,38.22,-88.30,IL12
62863,38.42,-87.86,IL12
62864,38.33,-88.90,IL12
62865,37.97,-89.08,IL12
62867,37.91,-88.10,IL12
62868,38.68,-88.23,IL12
62869,37.96,-88.28,IL12
62870,38.64,-89.05,IL12
62871,37.88,-88.27,IL12
62872,38.27,-88.80,IL12
62874,37.92,-88.98,IL12
62875,38.76,-89.12,IL12:81|IL15:19
62876,38.28,-89.19,IL12
62877,38.39,-89.20,IL12
62878,38.58,-88.50,IL12
62879,38.77,-88.36,IL12
62880,38.87,-88.89,IL15
62881,38.64,-88.93,IL12
62882,38.64,-89.12,IL12
62883,38.17,-89.10,IL12
62884,38.09,-89.04,IL12
62885,38.86,-89.06,IL15
62886,38.38,-88.53,IL12
62887,38.19,-88.37,IL12
62888,38.13,-89.23,IL12
62889,38.46,-88.82,IL12
62890,37.91,-88.74,IL12
62891,38.02,-89.04,IL12
62892,38.81,-89.08,IL12:90|IL15:10
62893,38.47,-89.03,IL12
62894,38.21,-89.04,IL12
62895,38.31,-88.56,IL12
62896,37.89,-88.91,IL12
62897,38.09,-88.91,IL12
62898,38.35,-89.06,IL12
62899,38.62,-88.64,IL12
62901,37.74,-89.21,IL12
62902,37.67,-89.11,IL12
62903,37.67,-89.28,IL12
62905,37.56,-89.37,IL12
62906,37.46,-89.18,IL12
62907,37.86,-89.50,IL12
62908,37.31,-88.86,IL12
62910,37.15,-88.53,IL12
62912,37.48,-89.03,IL12
62914,37.04,-89.20,IL12
62915,37.78,-89.12,IL12
62916,37.94,-89.58,IL12
62917,37.69,-88.65,IL12
62918,37.79,-89.09,IL12
62919,37.52,-88.14,IL12
62920,37.55,-89.23,IL12
62921,37.80,-89.08,IL12
62922,37.62,-88.81,IL12
62923,37.34,-89.04,IL12
62924,37.82,-89.20,IL12
62926,37.37,-89.13,IL12
62927,37.94,-89.25,IL12
62928,37.48,-88.57,IL12
62930,37.84,-88.44,IL12
62931,37.52,-88.28,IL12
62932,37.89,-89.21,IL12
62933,37.77,-89.02,IL12
62934,37.71,-88.36,IL12
62935,37.84,-88.64,IL12
62938,37.40,-88.56,IL12
62939,37.55,-88.98,IL12
62940,37.73,-89.46,IL12
62941,37.24,-88.97,IL12
62942,37.64,-89.47,IL12
62943,37.36,-88.75,IL12
62946,37.70,-88.52,IL12
62947,37.53,-88.45,IL12
62948,37.82,-89.03,IL12
62949,37.83,-89.14,IL12
62950,37.75,-89.56,IL12
62951,37.83,-88.93,IL12
62952,37.42,-89.34,IL12
62953,37.21,-88.85,IL12
62954,37.70,-88.27,IL12
62956,37.28,-88.93,IL12
62957,37.31,-89.43,IL12
62958,37.61,-89.14,IL12
62959,37.71,-88.91,IL12
62960,37.23,-88.72,IL12
62961,37.34,-89.25,IL12
62962,37.08,-89.34,IL12
62963,37.09,-89.17,IL12
62964,37.13,-89.23,IL12
62965,37.77,-88.52,IL12
62966,37.77,-89.35,IL12
62967,37.58,-88.74,IL12
62969,37.14,-89.33,IL12
62970,37.22,-89.11,IL12
62972,37.54,-88.82,IL12
62974,37.78,-88.80,IL12
62975,37.64,-89.37,IL12
62976,37.22,-89.21,IL12
62977,37.85,-88.54,IL12
62979,37.81,-88.23,IL12
62982,37.42,-88.37,IL12
62983,37.90,-89.10,IL12
62984,37.75,-88.15,IL12
62985,37.47,-88.69,IL12
62987,37.62,-88.66,IL12
62988,37.23,-89.29,IL12
62990,37.23,-89.40,IL12
62992,37.28,-89.14,IL12
62994,37.91,-89.35,IL12
62995,37.42,-88.88,IL12
62996,37.18,-89.16,IL12
62997,37.98,-89.59,IL12
62998,37.51,-89.46,IL12
62999,37.87,-89.06,IL12
63005,38.64,-90.65,MO2
63010,38.43,-90.39,MO8
63011,38.61,-90.56,MO2
63012,38.35,-90.45,MO8
63013,38.41,-91.15,MO2
63014,38.66,-91.32,MO2:93|MO3:7
63015,38.40,-90.75,MO2:76|MO3:24
63016,38.36,-90.65,MO3
63017,38.66,-90.54,MO2
63019,38.23,-90.38,MO8
63020,38.11,-90.57,MO3:60|MO8:40
63021,38.57,-90.55,MO2
63023,38.27,-90.70,MO3
63025,38.49,-90.62,MO2:78|MO3:22
63026,38.50,-90.46,MO2:52|MO8:48
63028,38.14,-90.39,MO8:98|MO3:2
63030,38.14,-90.75,MO3
63031,38.81,-90.35,MO1
63033,38.80,-90.27,MO1
63034,38.85,-90.29,MO1
63036,37.98,-90.37,MO8
63037,38.42,-91.32,MO2
63038,38.58,-90.67,MO2
63039,38.49,-90.84,MO2
63040,38.57,-90.63,MO2
63041,38.29,-90.77,MO2:80|MO3:20
63042,38.78,-90.38,MO1
63043,38.73,-90.45,MO1:74|MO2:26
63044,38.77,-90.43,MO1
63045,38.77,-90.46,MO1
63047,38.20,-90.49,MO8
63048,38.26,-90.39,MO8
63049,38.48,-90.53,MO3:58|MO8:35|MO2:7
63050,38.26,-90.58,MO3:82|MO8:18
63051,38.38,-90.58,MO3:87|MO8:13
63052,38.39,-90.43,MO8
63053,38.37,-90.36,MO8
63055,38.53,-90.84,MO2
63056,38.40,-91.21,MO2
63060,38.26,-90.88,MO2
63061,38.26,-90.81,MO2
63068,38.57,-91.24,MO2:97|MO3:3
63069,38.48,-90.71,MO2:86|MO3:14
63070,38.29,-90.42,MO8
63071,38.15,-90.82,MO3
63072,38.37,-90.82,MO2:94|MO3:6
63073,38.58,-90.77,MO2
63074,38.73,-90.39,MO1
63077,38.33,-90.98,MO2
63079,38.27,-91.10,MO2
63080,38.21,-91.08,MO2:75|MO3:25
63084,38.42,-91.02,MO2
63087,38.01,-90.46,MO8
63088,38.55,-90.50,MO2
63089,38.46,-90.88,MO2
63090,38.54,-91.05,MO2
63091,38.36,-91.39,MO3:88|MO2:12
63101,38.63,-90.19,MO1
63102,38.63,-90.19,MO1
63103,38.63,-90.22,MO1
63104,38.61,-90.21,MO1
63105,38.64,-90.33,MO1
63106,38.64,-90.21,MO1
63107,38.66,-90.21,MO1
63108,38.64,-90.25,MO1
63109,38.58,-90.29,MO1
63110,38.63,-90.27,MO1
63111,38.56,-90.25,MO1
63112,38.66,-90.28,MO1
63113,38.66,-90.25,MO1
63114,38.70,-90.36,MO1
63115,38.68,-90.24,MO1
63116,38.58,-90.27,MO1
63117,38.63,-90.33,MO2:52|MO1:48
63118,38.59,-90.23,MO1
63119,38.59,-90.35,MO1:53|MO2:47
63120,38.69,-90.26,MO1
63121,38.71,-90.30,MO1
63122,38.58,-90.42,MO2:98|MO1:2
63123,38.55,-90.33,MO2:96|MO1:4
63124,38.64,-90.37,MO2:60|MO1:40
63125,38.52,-90.29,MO2:99|MO1:1
63126,38.55,-90.38,MO2
63127,38.53,-90.42,MO2
63128,38.49,-90.39,MO2
63129,38.46,-90.32,MO2
63130,38.66,-90.32,MO1
63131,38.62,-90.44,MO2:95|MO1:5
63132,38.68,-90.38,MO1
63133,38.68,-90.31,MO1
63134,38.74,-90.35,MO1
63135,38.75,-90.30,MO1
63136,38.74,-90.26,MO1
63137,38.75,-90.21,MO1
63138,38.79,-90.18,MO1
63139,38.61,-90.29,MO1
63140,38.74,-90.32,MO1
63141,38.66,-90.46,MO2:82|MO1:18
63143,38.61,-90.32,MO2:84|MO1:16
63144,38.62,-90.35,MO1:71|MO2:29
63146,38.70,-90.48,MO1:71|MO2:29
63147,38.69,-90.22,MO1
63155,38.63,-90.21,MO1
63301,38.86,-90.46,MO3
63303,38.74,-90.54,MO3
63304,38.71,-90.69,MO3:96|MO2:4
63330,39.26,-90.79,MO6
63332,38.60,-90.89,MO2
63333,39.04,-91.32,MO3:99|MO6:1
63334,39.31,-91.19,MO6
63336,39.33,-90.93,MO6
63339,39.33,-91.35,MO6
63341,38.66,-90.81,MO2
63343,39.15,-90.83,MO6
63344,39.23,-91.01,MO6
63345,39.28,-91.57,MO6
63347,39.07,-90.77,MO6
63348,38.79,-90.94,MO3:73|MO2:24|MO6:3
63349,38.98,-91.15,MO6:98|MO3:2
63350,38.90,-91.35,MO3
63351,38.86,-91.31,MO3:78|MO2:22
63352,39.25,-91.66,MO6
63353,39.45,-91.11,MO6
63357,38.65,-91.10,MO2
63359,39.16,-91.34,MO6:54|MO3:46
63361,38.96,-91.56,MO3
63362,38.94,-90.90,MO6
63363,38.89,-91.46,MO3:94|MO2:6
63365,38.71,-90.87,MO2
63366,38.86,-90.73,MO3:70|MO2:30
63367,38.77,-90.80,MO2:62|MO3:38
63368,38.75,-90.73,MO2:89|MO3:11
63369,38.94,-90.78,MO6
63373,38.93,-90.39,MO3
63376,38.80,-90.61,MO3:96|MO2:4
63377,39.11,-91.10,MO6
63379,39.00,-91.00,MO6
63380,38.81,-91.12,MO2
63381,38.99,-91.25,MO3:59|MO6:41
63382,39.31,-91.49,MO6
63383,38.80,-91.19,MO2:66|MO3:33|MO6:1
63384,39.09,-91.55,MO3:95|MO6:5
63385,38.79,-90.86,MO3:61|MO2:39
63386,38.87,-90.22,MO3
63387,39.18,-91.02,MO6
63388,38.88,-91.76,MO3
63389,39.00,-90.77,MO6
63390,38.80,-91.04,MO2:52|MO3:40|MO6:8
63401,39.69,-91.47,MO6
63430,40.39,-91.53,MO6
63431,39.75,-92.31,MO6
63432,40.50,-91.99,MO6
63433,39.51,-91.12,MO6
63434,39.91,-91.95,MO6
63435,40.20,-91.58,MO6
63436,39.50,-91.54,MO6
63437,39.72,-92.24,MO6
63438,39.97,-91.69,MO6
63439,39.80,-91.86,MO6
63440,39.97,-91.74,MO6
63441,39.48,-91.32,MO6
63443,39.66,-91.87,MO6
63445,40.40,-91.72,MO6
63446,40.14,-92.00,MO6
63447,40.09,-91.91,MO6
63448,40.02,-91.54,MO6
63450,39.67,-92.15,MO6
63451,39.92,-92.21,MO6
63452,40.09,-91.78,MO6
63453,40.49,-91.86,MO6
63454,39.92,-91.65,MO6
63456,39.65,-91.73,MO6
63457,40.17,-91.71,MO6
63458,39.99,-92.02,MO6
63459,39.58,-91.38,MO6
63460,40.01,-92.21,MO6
63461,39.80,-91.56,MO6
63462,39.42,-91.70,MO6
63463,39.85,-91.78,MO6
63465,40.53,-91.68,MO6
63466,40.27,-91.62,MO6
63467,39.65,-91.27,MO6
63468,39.68,-92.02,MO6
63469,39.83,-92.04,MO6
63471,39.93,-91.50,MO6
63472,40.41,-91.58,MO6
63473,40.25,-91.77,MO6
63474,40.35,-91.89,MO6
63501,40.17,-92.59,MO6
63530,39.91,-92.44,MO6
63531,40.30,-92.24,MO6
63532,39.77,-92.57,MO6
63533,40.20,-92.39,MO6
63534,39.74,-92.65,MO6
63535,40.58,-92.67,MO6
63536,40.49,-92.36,MO6
63537,40.14,-92.16,MO6
63538,39.95,-92.68,MO6
63539,39.93,-92.77,MO6
63540,40.10,-92.40,MO6
63541,40.50,-92.63,MO6
63543,40.35,-92.01,MO6
63544,40.24,-92.85,MO6
63545,40.26,-92.97,MO6
63546,40.34,-92.50,MO6
63547,40.14,-92.30,MO6
63548,40.54,-92.49,MO6
63549,40.02,-92.49,MO6
63551,40.50,-92.74,MO6
63552,39.75,-92.45,MO6
63555,40.49,-92.19,MO6
63556,40.18,-93.11,MO6
63557,39.98,-92.88,MO6
63558,39.75,-92.75,MO6
63559,40.24,-92.77,MO6
63560,40.37,-93.12,MO6
63561,40.41,-92.53,MO6
63563,40.30,-92.07,MO6
63565,40.48,-92.95,MO6
63566,40.03,-92.95,MO6
63567,40.41,-92.70,MO6
63601,37.82,-90.54,MO8
63620,37.38,-90.65,MO8
63621,37.47,-90.57,MO8
63622,37.79,-90.90,MO3
63623,37.68,-90.91,MO8
63624,37.76,-90.63,MO8:83|MO3:17
63625,37.56,-91.00,MO8
63626,38.07,-90.71,MO3:90|MO8:10
63627,38.04,-90.25,MO8
63628,37.93,-90.53,MO8:98|MO3:2
63629,37.38,-91.24,MO8
63630,38.03,-90.72,MO3:99|MO8:1
63631,37.75,-90.79,MO3:87|MO8:13
63633,37.44,-91.02,MO8
63636,37.29,-90.58,MO8
63637,37.71,-90.52,MO8
63638,37.21,-91.02,MO8
63640,37.76,-90.37,MO8
63645,37.54,-90.33,MO8
63648,37.82,-90.70,MO3:89|MO8:11
63650,37.61,-90.63,MO8
63653,37.86,-90.59,MO8
63654,37.49,-90.86,MO8
63655,37.39,-90.19,MO8
63656,37.60,-90.79,MO8
63660,37.92,-90.71,MO3
63662,37.54,-90.05,MO8
63663,37.63,-90.65,MO8
63664,37.92,-90.91,MO3
63665,37.29,-90.84,MO8
63670,37.90,-90.16,MO8
63673,37.84,-89.99,IL12|MO8
63674,38.04,-90.66,MO3
63675,37.31,-90.69,MO8
63701,37.33,-89.58,MO8
63703,37.27,-89.54,MO8
63730,37.09,-89.92,MO8
63732,37.59,-89.58,MO8
63735,36.98,-89.79,MO8
63736,37.08,-89.52,MO8
63738,37.09,-89.96,MO8
63739,37.36,-89.80,MO8
63740,37.18,-89.68,MO8
63742,37.16,-89.45,MO8
63743,37.52,-89.82,MO8
63744,37.19,-89.72,MO8
63745,37.26,-89.66,MO8
63746,37.71,-89.69,MO8
63747,37.56,-89.82,MO8
63748,37.66,-89.61,MO8
63750,37.15,-90.16,MO8
63751,37.28,-90.13,MO8
63755,37.44,-89.64,MO8
63758,37.19,-89.55,MO8
63760,37.26,-89.90,MO8
63763,37.06,-90.17,MO8
63764,37.33,-89.97,MO8
63766,37.44,-89.85,MO8
63767,37.04,-89.61,MO8
63769,37.53,-89.75,MO8
63770,37.59,-89.70,MO8
63771,37.08,-89.71,MO8
63774,37.09,-89.77,MO8
63775,37.71,-89.88,MO8
63780,37.18,-89.50,MO8
63781,37.53,-89.93,MO8
63782,37.12,-90.04,MO8
63783,37.61,-89.68,MO8
63784,36.99,-89.70,MO8
63785,37.27,-89.82,MO8
63787,37.12,-90.13,MO8
63801,36.90,-89.62,MO8
63820,36.82,-89.33,MO8
63821,36.05,-90.24,MO8
63822,36.66,-90.00,MO8
63823,36.89,-89.45,MO8
63824,37.00,-89.53,MO8
63825,36.93,-89.95,MO8
63826,36.19,-89.85,MO8
63827,36.26,-89.90,MO8
63828,36.75,-89.69,MO8
63829,36.04,-90.31,MO8
63830,36.14,-89.69,MO8
63833,36.65,-89.73,MO8
63834,36.91,-89.27,MO8
63837,36.45,-89.99,MO8
63839,36.05,-89.81,MO8
63840,36.19,-89.88,MO8
63841,36.77,-89.98,MO8
63845,36.71,-89.31,MO8
63846,36.83,-89.80,MO8
63847,36.44,-90.03,MO8
63848,36.44,-89.89,MO8
63849,36.14,-89.99,MO8
63850,36.82,-89.78,MO8
63851,36.26,-89.72,MO8
63852,36.37,-90.02,MO8
63853,36.06,-89.87,MO8
63855,36.07,-90.06,MO8
63857,36.22,-90.05,MO8
63860,36.68,-89.59,MO8
63862,36.59,-89.68,MO8
63863,36.56,-89.98,MO8
63866,36.53,-89.61,MO8
63867,36.75,-89.55,MO8
63868,36.85,-89.69,MO8
63869,36.61,-89.50,MO8
63870,36.62,-89.84,MO8
63873,36.43,-89.66,MO8
63874,36.56,-89.81,MO8
63876,36.13,-90.16,MO8
63877,36.08,-89.85,MO8
63878,36.50,-89.82,MO8
63879,36.36,-89.81,MO8
63880,36.33,-90.03,MO8
63882,36.92,-89.22,MO8
63901,36.77,-90.45,MO8
63932,36.69,-90.24,MO8
63933,36.52,-90.11,MO8
63934,37.20,-90.37,MO8
63935,36.68,-90.92,MO8
63936,36.81,-90.13,MO8
63937,36.95,-90.75,MO8
63939,36.68,-90.69,MO8
63940,36.77,-90.23,MO8
63941,36.88,-91.18,MO8
63942,36.55,-91.07,MO8
63943,36.83,-90.80,MO8
63944,37.11,-90.36,MO8
63945,36.64,-90.55,MO8
63950,37.26,-90.41,MO8
63951,37.11,-90.26,MO8
63952,37.01,-90.64,MO8
63953,36.59,-90.64,MO8
63954,36.58,-90.47,MO8
63955,36.60,-90.68,MO8
63956,37.21,-90.52,MO8
63957,37.14,-90.69,MO8
63960,36.96,-90.13,MO8
63961,36.57,-90.28,MO8
63962,36.84,-90.28,MO8
63964,37.24,-90.40,MO8
63965,36.97,-91.02,MO8
63966,36.96,-90.27,MO8
63967,36.94,-90.49,MO8
64001,39.10,-93.54,MO4
64011,38.96,-94.07,MO4
64012,38.79,-94.55,MO4
64014,39.01,-94.26,MO4
64015,39.02,-94.30,MO5:73|MO4:27
64016,39.11,-94.21,MO6:95|MO4:5
64017,39.20,-94.03,MO6:98|MO4:2
64018,39.45,-94.72,MO6
64019,38.78,-93.87,MO4
64020,38.97,-93.60,MO4
64021,39.11,-93.63,MO4
64022,39.20,-93.67,MO4
64024,39.32,-94.23,MO6
64028,39.29,-94.83,MO6
64029,39.01,-94.22,MO4
64030,38.88,-94.52,MO5
64034,38.86,-94.30,MO5:75|MO4:25
64035,39.29,-93.81,MO6
64036,39.20,-93.94,MO6
64037,39.04,-93.73,MO4
64040,38.72,-93.99,MO4
64048,39.44,-94.36,MO6
64050,39.12,-94.41,MO5
64052,39.07,-94.45,MO5
64053,39.11,-94.46,MO5
64054,39.12,-94.44,MO5
64055,39.05,-94.40,MO5
64056,39.11,-94.31,MO5:97|MO6:3
64057,39.07,-94.32,MO5:97|MO4:3|MO6:1
64058,39.17,-94.31,MO6:99|MO5:1
64060,39.38,-94.36,MO6
64061,38.79,-94.08,MO4
64062,39.46,-94.18,MO6
64063,38.91,-94.35,MO5
64064,38.98,-94.34,MO5:94|MO4:6
64065,38.95,-94.40,MO5
64066,39.14,-94.14,MO6
64067,39.15,-93.84,MO4
64068,39.26,-94.39,MO6:97|MO5:3
64070,38.89,-94.15,MO4
64071,39.03,-93.83,MO4
64072,39.24,-94.30,MO6
64074,39.08,-94.07,MO4
64075,39.00,-94.14,MO4
64076,38.98,-93.95,MO4
64077,39.22,-94.14,MO6
64078,38.71,-94.47,MO4
64079,39.36,-94.79,MO6
64080,38.76,-94.26,MO4
64081,38.91,-94.41,MO5
64082,38.86,-94.41,MO5:87|MO4:13
64083,38.80,-94.45,MO4
64084,39.39,-94.07,MO6
64085,39.34,-93.96,MO6
64086,38.90,-94.27,MO5:87|MO4:13
64088,39.17,-94.18,MO6:99|MO4:1
64089,39.39,-94.56,MO6
64090,38.76,-94.16,MO4
64092,39.22,-94.81,MO6
64093,38.79,-93.73,MO4
64096,39.20,-93.56,MO4
64097,39.11,-93.99,MO4
64098,39.47,-94.89,MO6
64101,39.10,-94.60,MO5
64102,39.09,-94.60,MO5
64105,39.11,-94.59,MO5
64106,39.11,-94.57,MO5
64108,39.08,-94.59,MO5
64109,39.07,-94.57,MO5
64110,39.03,-94.57,MO5
64111,39.06,-94.59,MO5
64112,39.04,-94.60,MO5
64113,39.01,-94.60,MO5
64114,38.96,-94.60,MO5
64116,39.15,-94.58,MO5
64117,39.16,-94.52,MO5
64118,39.21,-94.57,MO5:99|MO6:1
64119,39.21,-94.51,MO5
64120,39.14,-94.51,MO5
64123,39.11,-94.52,MO5
64124,39.11,-94.54,MO5
64125,39.11,-94.49,MO5
64126,39.09,-94.50,MO5
64127,39.09,-94.54,MO5
64128,39.07,-94.53,MO5
64129,39.05,-94.50,MO5
64130,39.03,-94.54,MO5
64131,38.96,-94.57,MO5
64132,38.98,-94.54,MO5
64133,39.01,-94.46,MO5
64134,38.93,-94.49,MO5
64136,39.01,-94.41,MO5
64137,38.93,-94.54,MO5
64138,38.97,-94.47,MO5
64139,38.97,-94.40,MO5
64145,38.88,-94.60,MO5
64146,38.88,-94.57,MO5
64147,38.85,-94.55,MO5:80|MO4:20
64149,38.87,-94.47,MO5
64150,39.17,-94.63,MO6
64151,39.22,-94.63,MO6
64152,39.22,-94.72,MO6
64153,39.27,-94.73,MO6
64154,39.28,-94.63,MO6
64155,39.28,-94.57,MO5:99|MO6:1
64156,39.27,-94.52,MO5
64157,39.28,-94.47,MO6:99|MO5:1
64158,39.23,-94.48,MO6:99|MO5:1
64161,39.16,-94.45,MO6:82|MO5:18
64163,39.34,-94.69,MO6
64164,39.33,-94.63,MO6
64165,39.32,-94.58,MO5
64166,39.32,-94.52,MO6:62|MO5:38
64167,39.32,-94.48,MO6
64401,39.63,-94.72,MO6
64402,40.25,-94.32,MO6
64420,40.49,-94.29,MO6
64421,39.91,-94.93,MO6
64422,39.89,-94.49,MO6
64423,40.19,-94.85,MO6
64424,40.26,-94.03,MO6
64426,40.52,-93.86,MO6
64427,40.11,-94.85,MO6
64428,40.42,-95.09,MO6
64429,39.74,-94.23,MO6
64430,39.84,-94.57,MO6
64431,40.53,-95.00,MO6
64432,40.26,-94.66,MO6
64433,40.24,-94.68,MO6
64434,40.26,-94.74,MO6
64436,39.85,-94.69,MO6
64437,40.14,-95.36,MO6
64438,40.16,-94.41,MO6
64439,39.52,-94.75,MO6
64440,39.59,-94.91,MO6
64441,40.39,-94.27,MO6
64442,40.50,-94.01,MO6
64443,39.74,-94.65,MO6
64444,39.49,-94.65,MO6
64445,40.54,-95.15,MO6
64446,40.32,-95.40,MO6
64448,39.60,-94.83,MO6
64449,40.04,-94.98,MO6
64451,39.99,-95.21,MO6
64453,40.34,-94.47,MO6
64454,39.61,-94.59,MO6
64455,40.18,-95.01,MO6
64456,40.49,-94.39,MO6
64457,40.16,-94.68,MO6
64458,40.51,-94.15,MO6
64459,39.93,-94.65,MO6
64461,40.51,-94.81,MO6
64463,40.06,-94.48,MO6
64465,39.55,-94.29,MO6
64466,40.17,-95.11,MO6
64467,40.39,-94.18,MO6
64468,40.34,-94.88,MO6
64469,39.93,-94.36,MO6
64470,40.17,-95.23,MO6
64471,40.27,-94.19,MO6
64473,39.98,-95.08,MO6
64474,39.75,-94.38,MO6
64475,40.44,-94.63,MO6
64476,40.45,-94.83,MO6
64477,39.58,-94.45,MO6
64479,40.34,-94.67,MO6
64480,40.05,-94.71,MO6
64481,40.35,-93.89,MO6
64482,40.45,-95.56,MO6
64483,40.04,-94.84,MO6
64484,39.56,-95.02,MO6
64485,39.95,-94.82,MO6
64486,40.54,-94.61,MO6
64487,40.30,-95.10,MO6
64489,40.23,-94.55,MO6
64490,39.74,-94.51,MO6
64491,40.45,-95.36,MO6
64492,39.48,-94.54,MO6
64493,39.63,-94.30,MO6
64494,39.99,-94.61,MO6
64496,40.50,-95.62,MO6
64497,39.93,-94.22,MO6
64498,40.54,-95.31,MO6
64499,40.40,-94.42,MO6
64501,39.77,-94.84,MO6
64503,39.75,-94.85,MO6
64504,39.69,-94.91,MO6
64505,39.85,-94.82,MO6
64506,39.79,-94.80,MO6
64507,39.74,-94.74,MO6
64601,39.81,-93.58,MO6
64620,39.89,-94.09,MO6
64622,39.49,-93.54,MO6
64623,39.47,-93.33,MO6
64624,39.58,-93.78,MO6
64625,39.74,-93.80,MO6
64628,39.79,-93.05,MO6
64630,40.04,-93.16,MO6
64631,39.84,-92.88,MO6
64632,40.47,-93.77,MO6
64633,39.36,-93.48,MO6
64635,39.95,-93.43,MO6
64636,40.13,-93.98,MO6
64637,39.58,-93.92,MO6
64638,39.62,-93.62,MO6
64639,39.40,-93.22,MO6
64640,39.90,-93.94,MO6
64641,40.16,-93.40,MO6
64642,40.17,-93.84,MO6
64643,39.61,-93.37,MO6
64644,39.74,-93.97,MO6
64645,40.30,-93.32,MO6
64646,40.10,-93.31,MO6
64647,40.03,-93.97,MO6
64648,39.99,-93.79,MO6
64649,39.77,-94.09,MO6
64650,39.64,-94.05,MO6
64651,39.78,-93.18,MO6
64652,40.02,-93.42,MO6
64653,39.90,-93.19,MO6
64654,39.85,-93.78,MO6
64655,40.45,-93.26,MO6
64656,39.68,-93.69,MO6
64657,40.13,-94.21,MO6
64658,39.66,-92.92,MO6
64659,39.78,-93.29,MO6
64660,39.58,-93.10,MO6
64661,40.54,-93.52,MO6
64664,39.75,-93.65,MO6
64667,40.40,-93.34,MO6
64668,39.36,-93.70,MO6
64670,40.05,-94.14,MO6
64671,39.53,-94.05,MO6
64672,40.54,-93.25,MO6
64673,40.37,-93.59,MO6
64674,39.97,-93.16,MO6
64676,39.65,-93.03,MO6
64679,40.24,-93.58,MO6
64681,39.65,-93.21,MO6
64682,39.55,-93.50,MO6
64683,40.07,-93.60,MO6
64686,39.75,-93.62,MO6
64688,39.81,-93.37,MO6
64689,39.88,-94.15,MO6
64701,38.62,-94.32,MO4
64720,38.40,-94.34,MO4
64722,38.28,-94.55,MO4
64723,38.36,-94.56,MO4
64724,38.15,-94.01,MO4
64725,38.49,-94.37,MO4
64726,38.53,-93.92,MO4
64728,37.70,-94.52,MO4
64730,38.26,-94.28,MO4
64733,38.58,-93.83,MO4
64734,38.65,-94.56,MO4
64735,38.37,-93.73,MO4
64738,37.90,-93.65,MO4
64739,38.51,-94.10,MO4
64740,38.23,-93.70,MO4
64741,37.82,-94.56,MO4
64742,38.51,-94.54,MO4
64743,38.67,-94.21,MO4
64744,37.85,-93.98,MO4
64745,38.15,-94.51,MO4
64746,38.60,-94.50,MO4
64747,38.58,-94.17,MO4
64748,37.36,-94.10,MO4:86|MO7:14
64750,37.92,-94.11,MO4
64752,38.07,-94.56,MO4
64755,37.34,-94.31,MO7:84|MO4:16
64756,37.62,-94.02,MO4
64759,37.52,-94.27,MO4
64761,38.61,-93.68,MO4
64762,37.55,-94.50,MO4
64763,38.14,-93.71,MO4
64765,38.00,-94.44,MO4
64767,37.74,-94.20,MO4
64769,37.49,-94.56,MO4
64770,38.28,-93.99,MO4
64771,37.77,-94.46,MO4
64772,37.83,-94.33,MO4
64776,38.04,-93.68,MO4
64778,37.92,-94.48,MO4
64779,38.09,-94.40,MO4
64780,38.06,-94.05,MO4
64781,37.98,-93.82,MO4
64783,38.00,-94.11,MO4
64784,37.66,-94.23,MO4
64788,38.42,-94.02,MO4
64790,37.92,-94.22,MO4
64801,37.11,-94.50,MO7
64804,37.02,-94.51,MO7
64830,37.23,-94.41,MO7
64831,36.66,-94.46,MO7
64832,37.34,-94.57,MO7:74|MO4:26
64833,37.19,-94.13,MO7
64834,37.19,-94.57,MO7
64835,37.15,-94.44,MO7
64836,37.19,-94.28,MO7
64840,37.02,-94.34,MO7
64841,37.08,-94.41,MO7
64842,36.79,-94.11,MO7
64843,36.73,-94.45,MO7
64844,36.91,-94.24,MO7
64847,36.59,-94.44,MO7
64848,37.19,-94.00,MO7
64849,37.25,-94.45,MO7
64850,36.86,-94.40,MO7
64854,36.55,-94.44,MO7
64855,37.34,-94.51,MO7:97|MO4:3
64856,36.55,-94.25,MO7
64857,37.25,-94.44,MO7
64858,36.90,-94.53,MO7
64859,37.16,-94.11,MO7
64861,36.70,-94.15,MO7
64862,37.10,-94.12,MO7
64863,36.56,-94.58,MO7
64865,36.84,-94.58,MO7
64866,36.87,-94.16,MO7
64867,36.72,-94.23,MO7
64868,36.69,-94.61,MO7
64870,37.18,-94.48,MO7
64873,37.01,-94.05,MO7
64874,36.75,-94.05,MO7
65001,38.28,-92.00,MO3
65010,38.79,-92.24,MO3
65011,38.40,-92.71,MO4:94|MO3:6
65013,38.27,-91.75,MO3
65014,38.32,-91.62,MO3
65016,38.56,-91.92,MO3
65017,38.09,-92.49,MO3:99|MO4:1
65018,38.62,-92.56,MO3
65020,38.01,-92.78,MO4
65023,38.65,-92.40,MO3
65024,38.63,-91.77,MO3
65025,38.67,-92.70,MO3
65026,38.32,-92.56,MO3
65032,38.35,-92.39,MO3
65034,38.56,-92.82,MO4:56|MO3:44
65035,38.36,-91.95,MO3
65037,38.24,-92.85,MO4
65039,38.71,-92.30,MO3
65040,38.35,-92.28,MO3
65041,38.63,-91.49,MO3:98|MO2:2
65043,38.62,-92.10,MO3
65046,38.78,-92.48,MO3
65047,38.15,-92.58,MO3:87|MO4:13
65048,38.37,-92.04,MO3
65049,38.20,-92.67,MO3
65050,38.52,-92.69,MO3
65051,38.46,-91.80,MO3
65052,38.08,-92.71,MO4
65053,38.54,-92.37,MO3
65054,38.48,-91.95,MO3
65058,38.27,-92.13,MO3
65059,38.70,-91.89,MO3
65061,38.59,-91.63,MO3
65062,38.50,-91.66,MO3
65063,38.73,-92.09,MO3
65064,38.40,-92.47,MO3
65065,38.13,-92.67,MO3:78|MO4:22
65066,38.34,-91.49,MO3
65067,38.74,-91.73,MO3
65068,38.83,-92.60,MO3
65069,38.76,-91.61,MO3
65072,38.26,-92.73,MO4:78|MO3:22
65074,38.49,-92.47,MO3
65075,38.24,-92.25,MO3
65076,38.38,-92.19,MO3
65077,38.77,-91.82,MO3
65078,38.38,-93.04,MO4
65079,38.15,-92.75,MO4:53|MO3:47
65080,38.64,-91.98,MO3
65081,38.63,-92.78,MO3:95|MO4:5
65082,38.22,-92.42,MO3
65083,38.15,-92.44,MO3
65084,38.44,-92.86,MO4:99|MO3:1
65085,38.41,-92.08,MO3
65101,38.50,-92.13,MO3
65109,38.57,-92.28,MO3
65201,38.90,-92.24,MO3:87|MO4:13
65202,39.02,-92.30,MO4:97|MO3:3
65203,38.90,-92.40,MO3:84|MO4:16
65215,38.95,-92.32,MO4
65216,38.96,-92.33,MO4
65230,39.29,-92.68,MO4:93|MO6:7
65231,39.02,-91.91,MO3:99|MO6:1
65232,39.16,-91.76,MO6
65233,38.91,-92.72,MO3
65236,39.45,-93.09,MO6
65237,38.77,-92.79,MO3
65239,39.53,-92.42,MO6
65240,39.22,-92.13,MO4:82|MO6:17|MO3:1
65243,39.28,-92.35,MO6:74|MO4:26
65244,39.48,-92.66,MO6
65246,39.37,-92.99,MO6
65247,39.64,-92.47,MO6
65248,39.14,-92.66,MO4
65250,39.03,-92.84,MO4
65251,38.85,-91.98,MO3
65254,39.21,-92.85,MO4:94|MO6:6
65255,39.10,-92.22,MO4
65256,39.12,-92.46,MO4
65257,39.29,-92.53,MO6:79|MO4:21
65258,39.53,-92.14,MO6
65259,39.48,-92.56,MO6
65260,39.59,-92.40,MO6
65261,39.46,-92.92,MO6
65262,38.96,-91.96,MO3
65263,39.45,-92.22,MO6
65264,39.09,-91.69,MO6:79|MO3:21
65265,39.21,-91.89,MO6
65270,39.41,-92.39,MO6
65274,39.02,-92.69,MO4
65275,39.45,-91.99,MO6
65276,38.85,-92.96,MO3
65278,39.34,-92.41,MO6
65279,38.99,-92.55,MO3:52|MO4:48
65280,39.23,-91.75,MO6
65281,39.47,-92.79,MO6:99|MO4:1
65282,39.38,-91.84,MO6
65283,39.51,-91.83,MO6
65284,39.19,-92.30,MO4:95|MO6:5
65285,39.27,-92.00,MO6
65286,39.51,-93.22,MO6
65287,38.88,-92.52,MO3
65301,38.70,-93.22,MO4
65305,38.73,-93.55,MO4
65320,39.07,-92.95,MO4
65321,39.08,-93.45,MO4
65322,38.97,-92.97,MO3
65323,38.45,-93.62,MO4
65324,38.10,-93.01,MO4
65325,38.44,-93.19,MO4
65326,38.17,-93.14,MO4
65327,38.98,-93.48,MO4
65329,38.60,-92.96,MO4
65330,39.22,-92.95,MO4
65332,38.62,-93.41,MO4
65333,38.90,-93.32,MO4
65334,38.84,-93.25,MO4
65335,38.51,-93.32,MO4
65336,38.79,-93.56,MO4
65337,38.79,-93.43,MO4
65338,38.36,-93.31,MO4
65339,39.19,-93.37,MO4
65340,39.09,-93.18,MO4
65344,39.32,-93.20,MO4
65345,38.54,-93.13,MO4
65347,38.98,-93.05,MO4:93|MO3:7
65348,38.71,-92.99,MO3:77|MO4:23
65349,39.23,-93.05,MO4
65350,38.65,-93.10,MO4
65351,38.99,-93.38,MO4
65354,38.64,-92.89,MO4:88|MO3:12
65355,38.22,-93.37,MO4
65360,38.52,-93.51,MO4
65401,37.90,-91.77,MO8:99|MO3:1
65409,37.95,-91.78,MO8
65436,37.62,-91.96,MO8
65438,36.93,-91.50,MO8
65439,37.66,-91.09,MO8
65440,37.60,-91.19,MO8
65441,38.10,-91.17,MO3
65443,38.13,-92.09,MO3
65444,37.38,-92.05,MO8
65446,37.81,-91.27,MO3
65449,37.85,-91.49,MO3:86|MO8:14
65452,37.97,-92.27,MO4:97|MO3:3
65453,38.11,-91.43,MO3
65456,37.78,-91.19,MO3
65457,37.82,-92.05,MO4
65459,38.03,-92.10,MO4:73|MO3:26|MO8:1
65461,37.69,-92.02,MO8:61|MO4:39
65462,37.68,-91.86,MO8
65463,37.85,-92.78,MO4
65464,37.19,-91.90,MO8
65466,37.21,-91.39,MO8
65468,37.25,-91.80,MO8
65470,37.54,-92.40,MO4:92|MO8:8
65473,37.71,-92.15,MO4
65479,37.34,-91.64,MO8
65483,37.30,-91.96,MO8
65484,37.36,-92.23,MO8
65486,38.10,-92.31,MO3
65501,37.45,-91.54,MO8
65529,37.93,-91.99,MO8
65534,37.70,-92.26,MO4
65535,38.07,-91.27,MO3
65536,37.69,-92.65,MO4
65541,37.64,-91.76,MO8
65542,37.50,-91.88,MO8
65543,37.45,-92.29,MO4:62|MO8:38
65548,37.01,-91.71,MO8
65550,37.84,-91.94,MO8:93|MO4:7
65552,37.50,-92.17,MO8:84|MO4:16
65555,37.36,-91.78,MO8
65556,37.84,-92.40,MO4
65557,37.52,-92.14,MO8
65559,38.02,-91.61,MO8:92|MO3:8
65560,37.60,-91.50,MO8:98|MO3:2
65564,37.23,-91.96,MO8
65565,37.90,-91.24,MO3:99|MO8:1
65566,37.81,-91.16,MO8:95|MO3:5
65567,37.85,-92.54,MO4
65570,37.45,-92.09,MO8
65571,37.19,-91.64,MO8
65580,38.12,-91.79,MO3
65582,38.20,-91.93,MO3
65583,37.83,-92.26,MO4
65584,37.83,-92.13,MO4
65586,37.86,-91.43,MO3
65588,36.97,-91.29,MO8
65589,37.24,-91.83,MO8
65590,37.64,-92.98,MO4
65591,37.98,-92.59,MO4
65601,37.53,-93.59,MO4
65603,37.53,-93.86,MO4
65604,37.27,-93.60,MO7:95|MO4:5
65605,36.99,-93.74,MO7
65606,36.70,-91.36,MO8
65608,36.90,-92.67,MO8:98|MO7:2
65609,36.53,-92.18,MO8
65610,37.04,-93.53,MO7
65611,36.55,-93.37,MO7
65612,37.21,-93.54,MO7
65613,37.64,-93.39,MO4
65614,36.73,-92.90,MO7
65616,36.67,-93.24,MO7
65617,37.44,-93.33,MO4:63|MO7:37
65618,36.76,-92.37,MO8
65619,37.12,-93.39,MO7
65620,37.02,-92.96,MO7
65622,37.64,-93.11,MO4
65623,36.75,-93.91,MO7
65624,36.73,-93.56,MO7
65625,36.67,-93.82,MO7
65626,36.59,-92.11,MO8
65627,36.57,-93.03,MO7
65629,36.89,-93.00,MO7
65630,36.84,-93.23,MO7
65631,37.00,-93.42,MO7
65632,37.50,-92.82,MO4
65633,36.90,-93.54,MO7
65634,38.02,-93.19,MO4
65635,37.53,-93.72,MO4
65637,36.78,-92.19,MO8
65638,36.83,-92.33,MO8
65640,37.70,-93.57,MO4
65641,36.54,-93.77,MO7
65644,37.51,-93.04,MO4
65646,37.33,-93.70,MO4:74|MO7:26
65647,36.69,-94.01,MO7
65648,37.41,-93.17,MO7:70|MO4:30
65649,37.62,-93.62,MO4
65650,37.81,-93.44,MO4
65652,37.13,-92.95,MO7
65653,36.84,-93.14,MO7
65654,37.02,-93.90,MO7
65655,36.60,-92.42,MO8
65656,36.79,-93.47,MO7
65657,36.84,-93.02,MO7
65658,36.55,-93.64,MO7
65660,37.32,-92.27,MO8
65661,37.46,-93.83,MO4
65662,37.42,-92.57,MO8:80|MO4:20
65663,37.63,-93.25,MO4
65664,37.20,-93.62,MO7
65666,36.57,-92.36,MO8
65667,37.31,-92.51,MO8
65668,37.93,-93.29,MO4
65669,36.92,-93.30,MO7
65672,36.56,-93.22,MO7
65674,37.79,-93.61,MO4
65675,36.93,-93.49,MO7
65676,36.58,-92.60,MO8
65679,36.57,-93.09,MO7
65680,36.64,-92.98,MO7
65681,36.55,-93.47,MO7
65682,37.42,-93.98,MO4:96|MO7:4
65685,37.75,-93.15,MO4
65686,36.63,-93.44,MO7
65688,36.65,-91.69,MO8
65689,37.14,-92.09,MO8
65690,36.59,-91.26,MO8
65692,36.62,-91.65,MO8
65702,37.05,-92.49,MO8
65704,37.13,-92.59,MO8
65705,37.09,-93.62,MO7
65706,37.32,-92.90,MO4:99|MO7:1
65707,37.23,-93.84,MO7
65708,36.91,-93.91,MO7
65710,37.49,-93.42,MO4
65711,37.18,-92.28,MO8
65712,37.11,-93.81,MO7
65713,37.41,-92.74,MO4:91|MO8:9
65714,37.04,-93.32,MO7
65715,36.73,-92.57,MO8
65717,37.06,-92.42,MO8
65720,36.95,-92.96,MO7:84|MO8:16
65721,36.98,-93.21,MO7
65722,37.59,-92.81,MO4
65723,36.95,-94.05,MO7
65724,37.84,-93.32,MO4
65725,37.43,-93.26,MO4:67|MO7:33
65726,36.62,-93.24,MO7
65727,37.77,-93.30,MO4
65728,36.88,-93.34,MO7
65729,36.54,-92.56,AR1|MO8
65730,36.62,-94.22,MO7
65731,36.65,-93.13,MO7
65732,37.93,-93.18,MO4
65733,36.53,-92.85,AR1|MO7:98|MO8:2
65734,36.80,-93.95,MO7
65735,38.04,-93.49,MO4
65737,36.71,-93.35,MO7
65738,37.14,-93.49,MO7
65739,36.51,-93.27,MO7
65740,36.71,-93.16,MO7
65741,36.80,-92.40,MO8
65742,37.13,-93.09,MO7
65744,36.62,-92.89,MO7
65745,36.52,-93.98,MO7
65746,37.14,-92.79,MO7:90|MO8:8|MO4:2
65747,36.60,-93.58,MO7
65752,37.33,-93.84,MO4:92|MO7:8
65753,36.99,-93.06,MO7:99|MO8:1
65754,36.84,-93.28,MO7
65755,36.80,-92.63,MO8
65756,37.10,-93.96,MO7
65757,37.28,-93.10,MO7:81|MO4:19
65759,36.77,-93.05,MO7
65760,36.62,-92.28,MO8
65761,36.54,-92.72,AR1|MO8:95|MO7:5
65762,36.68,-92.66,MO8
65764,37.81,-92.95,MO4
65766,36.54,-92.27,MO8
65767,37.85,-93.16,MO4
65768,36.92,-92.27,MO8
65769,36.92,-93.80,MO7
65770,37.42,-93.55,MO7:70|MO4:30
65771,36.77,-93.20,MO7
65772,36.60,-94.02,MO7
65773,36.75,-92.52,MO8
65774,37.93,-93.49,MO4
65775,36.70,-91.86,MO8
65777,36.52,-91.98,MO8
65778,36.53,-91.27,MO8
65779,37.98,-93.38,MO4
65781,37.36,-93.42,MO7:98|MO4:2
65783,37.71,-92.90,MO4
65784,36.73,-92.30,MO8
65785,37.71,-93.83,MO4
65786,37.96,-92.96,MO4
65787,38.07,-92.90,MO4
65788,36.81,-91.71,MO8
65789,36.86,-91.89,MO8
65790,36.70,-92.11,MO8
65791,36.58,-91.50,MO8
65793,36.99,-91.98,MO8
65801,37.21,-93.30,MO7
65802,37.21,-93.35,MO7
65803,37.28,-93.29,MO7
65804,37.15,-93.25,MO7
65806,37.21,-93.30,MO7
65807,37.17,-93.32,MO7
65809,37.17,-93.19,MO7
65810,37.12,-93.31,MO7
65897,37.20,-93.28,MO7
66002,39.55,-95.14,KS2:99|KS1:1
66006,38.79,-95.24,KS2:99|KS3:1
66007,39.14,-94.94,KS2
66008,39.72,-95.18,KS2
66010,38.09,-95.00,KS2
66012,39.07,-94.92,KS3:78|KS2:22
66013,38.73,-94.70,KS3
66014,38.23,-94.99,KS2:97|KS3:3
66015,38.08,-95.40,KS3:86|KS2:14
66016,39.47,-95.22,KS2
66017,39.70,-95.27,KS2
66018,38.96,-94.97,KS3
66020,39.34,-95.11,KS2
66021,38.76,-95.01,KS3:92|KS2:8
66023,39.51,-95.39,KS2
66024,39.76,-94.89,KS2
66025,38.89,-95.08,KS2:97|KS3:3
66026,38.40,-94.87,KS3:68|KS2:32
66027,39.36,-94.92,KS2
66030,38.81,-94.94,KS3
66031,38.83,-94.89,KS3
66032,38.28,-95.28,KS3
66033,38.36,-95.13,KS3:99|KS2:1
66035,39.87,-95.25,KS2
66039,38.11,-95.16,KS3:95|KS2:5
66040,38.36,-94.74,KS2:91|KS3:9
66041,39.60,-95.31,KS2
66042,38.42,-95.08,KS3
66043,39.25,-94.90,KS2
66044,39.03,-95.21,KS1:98|KS2:2
66045,38.96,-95.26,KS1
66046,38.90,-95.21,KS1:93|KS2:7
66047,38.89,-95.35,KS1:90|KS2:10
66048,39.27,-94.98,KS2
66049,38.98,-95.35,KS1:97|KS2:3
66050,39.03,-95.43,KS2
66052,39.01,-95.05,KS2
66053,38.58,-94.67,KS3
66054,39.21,-95.20,KS1:73|KS2:27
66056,38.15,-94.84,KS2
66058,39.54,-95.52,KS2
66060,39.42,-95.33,KS1:74|KS2:26
66061,38.89,-94.88,KS3
66062,38.84,-94.78,KS3
66064,38.48,-94.99,KS3
66066,39.20,-95.33,KS1
66067,38.62,-95.28,KS3
66070,39.21,-95.45,KS1
66071,38.57,-94.87,KS3
66072,38.32,-94.97,KS2:97|KS3:3
66073,39.09,-95.38,KS1
66075,38.20,-94.68,KS2
66076,38.63,-95.44,KS3
66078,38.48,-95.26,KS3
66079,38.54,-95.12,KS3
66080,38.41,-95.25,KS3
66083,38.73,-94.83,KS3
66085,38.81,-94.65,KS3
66086,39.11,-95.08,KS2
66087,39.81,-95.14,KS2
66088,39.34,-95.46,KS1:98|KS2:2
66090,39.79,-94.97,KS2
66091,38.17,-95.33,KS3
66092,38.69,-95.11,KS3:92|KS2:8
66093,38.21,-95.49,KS3:74|KS2:26
66094,39.96,-95.34,KS2
66095,38.44,-95.44,KS3
66097,39.33,-95.25,KS1:98|KS2:2
66101,39.12,-94.63,KS2
66102,39.11,-94.69,KS2
66103,39.06,-94.63,KS3
66104,39.15,-94.69,KS2
66105,39.09,-94.64,KS2
66106,39.07,-94.70,KS3
66109,39.17,-94.83,KS2
66111,39.08,-94.79,KS3:99|KS2:1
66112,39.11,-94.77,KS2:93|KS3:7
66115,39.15,-94.61,KS2
66118,39.10,-94.61,KS2
66160,39.06,-94.61,KS3
66202,39.02,-94.67,KS3
66203,39.02,-94.71,KS3
66204,38.99,-94.68,KS3
66205,39.03,-94.63,KS3
66206,38.96,-94.62,KS3
66207,38.96,-94.64,KS3
66208,39.00,-94.63,KS3
66209,38.90,-94.63,KS3
66210,38.93,-94.70,KS3
66211,38.93,-94.64,KS3
66212,38.96,-94.68,KS3
66213,38.90,-94.70,KS3
66214,38.96,-94.71,KS3
66215,38.96,-94.74,KS3
66216,39.01,-94.74,KS3
66217,39.01,-94.78,KS3
66218,39.01,-94.82,KS3
66219,38.95,-94.78,KS3
66220,38.96,-94.82,KS3
66221,38.85,-94.71,KS3
66223,38.86,-94.67,KS3
66224,38.86,-94.62,KS3
66226,39.03,-94.86,KS3
66227,38.97,-94.87,KS3
66251,38.92,-94.66,KS3
66401,38.93,-96.31,KS2
66402,38.92,-95.85,KS2
66403,39.89,-96.27,KS1:90|KS2:10
66404,39.86,-96.17,KS2:96|KS1:4
66406,39.89,-96.42,KS1
66407,39.23,-96.19,KS1:72|KS2:28
66408,39.95,-95.98,KS2
66409,38.92,-95.56,KS2
66411,39.64,-96.64,KS1
66412,39.91,-96.78,KS1
66413,38.77,-95.88,KS2
66414,38.83,-95.69,KS2
66415,39.69,-96.14,KS2
66416,39.53,-95.86,KS1:96|KS2:4
66417,39.66,-96.04,KS2
66418,39.28,-95.93,KS1
66419,39.36,-95.60,KS1
66422,39.33,-96.08,KS1
66423,38.85,-96.12,KS2
66424,39.67,-95.40,KS2
66425,39.81,-95.72,KS2
66427,39.66,-96.44,KS1
66428,39.68,-95.93,KS2
66429,39.09,-95.53,KS1
66431,38.81,-96.00,KS2
66432,39.49,-96.08,KS1:92|KS2:8
66434,39.86,-95.55,KS2
66436,39.47,-95.70,KS1:97|KS2:3
66438,39.84,-96.51,KS1
66439,39.66,-95.54,KS2
66440,39.27,-95.68,KS1
66441,38.97,-96.80,KS2
66442,39.09,-96.79,KS2:51|KS1:49
66449,39.39,-96.86,KS1
66451,38.60,-95.67,KS2
66501,39.05,-96.24,KS2
66502,39.14,-96.53,KS1
66503,39.27,-96.70,KS1
66506,39.20,-96.58,KS1
66507,39.05,-96.03,KS2
66508,39.86,-96.64,KS1
66509,39.33,-95.78,KS1
66510,38.50,-95.61,KS2
66512,39.21,-95.54,KS1:97|KS2:3
66514,39.13,-96.88,KS2
66515,39.94,-95.70,KS2
66516,39.62,-95.72,KS2:97|KS1:3
66517,39.11,-96.70,KS1
66518,39.97,-96.55,KS1
66520,39.41,-96.61,KS1
66521,39.47,-96.23,KS1:97|KS2:3
66522,39.87,-95.94,KS2
66523,38.62,-95.83,KS2
66524,38.79,-95.51,KS2:98|KS3:2
66526,39.06,-96.16,KS2
66527,39.75,-95.68,KS2
66528,38.60,-95.54,KS2:87|KS3:13
66531,39.31,-96.84,KS1
66532,39.82,-95.38,KS2
66533,39.16,-95.95,KS2
66534,39.88,-95.84,KS2
66535,39.27,-96.43,KS1
66536,39.22,-96.07,KS1:97|KS2:3
66537,38.75,-95.72,KS2
66538,39.85,-96.04,KS2
66539,39.14,-95.84,KS2
66540,39.48,-95.97,KS1:92|KS2:8
66541,39.98,-96.34,KS1|NE3
66542,39.01,-95.54,KS2
66543,38.64,-95.60,KS2
66544,39.69,-96.27,KS1:92|KS2:8
66546,38.89,-95.73,KS2
66547,39.23,-96.30,KS1:96|KS2:4
66548,39.67,-96.76,KS1
66549,39.42,-96.44,KS1
66550,39.66,-95.82,KS2
66552,39.59,-95.63,KS2:89|KS1:11
66554,39.49,-96.79,KS1
66603,39.06,-95.67,KS2
66604,39.04,-95.73,KS2
66605,39.01,-95.64,KS2
66606,39.07,-95.72,KS2
66607,39.04,-95.64,KS2
66608,39.08,-95.66,KS2
66609,38.98,-95.66,KS2
66610,38.98,-95.84,KS2
66611,39.02,-95.70,KS2
66612,39.04,-95.68,KS2
66614,39.01,-95.84,KS2
66615,39.05,-95.90,KS2
66616,39.07,-95.62,KS2
66617,39.13,-95.62,KS2:96|KS1:4
66618,39.14,-95.75,KS2
66619,38.95,-95.69,KS2
66621,39.03,-95.70,KS2
66622,39.03,-95.72,KS2
66701,37.83,-94.76,KS2
66710,37.55,-95.62,KS2
66711,37.64,-94.69,KS2
66712,37.56,-94.71,KS2
66713,37.04,-94.79,KS2
66714,37.64,-95.70,KS2
66716,37.94,-95.04,KS2
66717,37.70,-95.68,KS2
66720,37.65,-95.46,KS2
66724,37.35,-94.86,KS2
66725,37.16,-94.90,KS2
66732,37.80,-95.19,KS2
66733,37.59,-95.25,KS2
66734,37.61,-94.82,KS2
66735,37.52,-94.72,KS2
66736,37.55,-95.86,KS2:99|KS4:1
66738,38.01,-94.72,KS2
66739,37.13,-94.66,KS2
66740,37.47,-95.37,KS2
66741,37.72,-94.66,KS2
66742,37.92,-95.35,KS2
66743,37.51,-94.88,KS2
66746,37.67,-94.95,KS2
66748,37.80,-95.44,KS2
66749,37.93,-95.42,KS2
66751,37.93,-95.29,KS2
66753,37.36,-95.02,KS2
66754,38.00,-94.89,KS2
66755,37.91,-95.17,KS2
66756,37.55,-94.64,KS2
66757,37.41,-95.69,KS2
66758,38.02,-95.59,KS2:95|KS3:5
66760,37.35,-94.62,KS2
66761,37.91,-95.57,KS2
66762,37.39,-94.71,KS2
66763,37.46,-94.70,KS2
66767,38.07,-94.70,KS2
66769,37.86,-94.89,KS2
66770,37.08,-94.72,KS2
66771,37.50,-95.14,KS2
66772,37.74,-95.19,KS2
66773,37.26,-94.81,KS2
66775,37.70,-95.15,KS2
66776,37.47,-95.50,KS2
66777,37.79,-95.98,KS2:82|KS4:18
66778,37.00,-94.84,KS2
66779,37.83,-94.97,KS2
66780,37.61,-95.06,KS2
66781,37.29,-94.73,KS2
66782,37.28,-94.93,KS2
66783,37.88,-95.73,KS2
66801,38.41,-96.22,KS2
66830,38.60,-96.09,KS2
66833,38.70,-96.20,KS2
66834,38.86,-96.46,KS2
66835,38.53,-96.27,KS2
66838,38.56,-96.80,KS2
66839,38.22,-95.75,KS2
66840,38.08,-96.88,KS2:56|KS4:44
66842,38.02,-96.66,KS4
66843,38.22,-96.74,KS2
66845,38.30,-96.51,KS2
66846,38.64,-96.47,KS2
66849,38.88,-96.60,KS2
66850,38.41,-96.71,KS2
66851,38.22,-96.92,KS2
66852,38.07,-95.90,KS2:93|KS4:7
66853,38.00,-96.24,KS4
66854,38.25,-95.99,KS2
66856,38.40,-95.81,KS2
66857,38.10,-95.63,KS2
66858,38.47,-96.92,KS2
66859,38.56,-96.96,KS2
66860,38.13,-96.17,KS4:90|KS2:10
66861,38.36,-97.01,KS2
66862,38.15,-96.56,KS2
66863,37.83,-96.08,KS4
66864,38.35,-95.98,KS2
66865,38.21,-96.27,KS2
66866,38.17,-97.10,KS2:93|KS4:7
66868,38.54,-95.98,KS2
66869,38.47,-96.52,KS2
66870,37.93,-95.98,KS4:89|KS2:11
66871,38.36,-95.61,KS2
66872,38.80,-96.76,KS2
66873,38.61,-96.67,KS2
66901,39.56,-97.64,KS1
66930,39.70,-97.49,KS1
66932,39.78,-98.93,KS1
66933,39.68,-96.87,KS1
66935,39.83,-97.63,KS1
66936,39.92,-98.30,KS1
66937,39.60,-97.26,KS1
66938,39.59,-97.44,KS1
66939,39.85,-97.90,KS1
66940,39.80,-97.45,KS1
66941,39.83,-98.45,KS1
66942,39.79,-98.00,KS1
66943,39.67,-96.97,KS1
66944,39.84,-97.29,KS1
66945,39.89,-96.88,KS1
66946,39.97,-97.00,KS1
66948,39.60,-97.85,KS1
66949,39.64,-98.21,KS1
66951,39.86,-99.04,KS1
66952,39.84,-98.60,KS1
66953,39.68,-97.12,KS1
66955,39.98,-97.32,KS1|NE3
66956,39.80,-98.22,KS1
66958,39.89,-97.18,KS1
66959,39.92,-97.53,KS1
66960,39.94,-97.42,KS1
66961,39.69,-97.78,KS1
66962,39.60,-97.11,KS1
66963,39.64,-98.01,KS1
66964,39.93,-97.79,KS1
66966,39.78,-97.76,KS1
66967,39.82,-98.79,KS1
66968,39.84,-97.06,KS1
66970,39.95,-98.02,KS1
67001,37.76,-97.64,KS4
67002,37.70,-97.11,KS4
67003,37.10,-98.06,KS4
67004,37.28,-97.76,KS4
67005,37.07,-97.00,KS4
67008,37.49,-96.75,KS4
67009,37.23,-98.27,KS4
67010,37.66,-96.98,KS4
67012,37.66,-96.56,KS4
67013,37.38,-97.27,KS4
67016,37.89,-97.52,KS4
67017,37.83,-97.11,KS4
67018,37.07,-97.85,KS4
67019,37.31,-96.78,KS4
67020,38.01,-97.68,KS4:81|KS1:19
67021,37.78,-98.91,KS4
67022,37.08,-97.63,KS4
67023,37.35,-96.59,KS4
67024,37.11,-96.49,KS4
67025,37.64,-97.79,KS4:98|KS1:2
67026,37.51,-97.49,KS4
67028,37.48,-98.98,KS4
67029,37.17,-99.28,KS4
67030,37.79,-97.55,KS4
67031,37.41,-97.64,KS4
67035,37.65,-98.39,KS4:96|KS1:4
67036,37.29,-97.88,KS4
67037,37.57,-97.22,KS4
67038,37.12,-96.68,KS4
67039,37.53,-96.97,KS4
67041,38.05,-97.13,KS4
67042,37.86,-96.78,KS4
67045,37.85,-96.32,KS4
67047,37.64,-96.05,KS4:73|KS2:27
67049,37.17,-97.85,KS4
67050,37.67,-97.68,KS4
67051,37.10,-97.20,KS4
67052,37.66,-97.57,KS4
67053,38.25,-97.35,KS2
67054,37.58,-99.32,KS4
67055,37.78,-97.20,KS4
67056,38.02,-97.52,KS4
67057,37.07,-98.78,KS4
67058,37.32,-98.06,KS4
67059,37.66,-99.10,KS4
67060,37.54,-97.36,KS4
67061,37.08,-98.38,KS4
67062,38.14,-97.43,KS4:99|KS1:1
67063,38.34,-97.23,KS2
67065,37.48,-98.53,KS4
67066,37.77,-98.76,KS4
67067,37.79,-97.27,KS4
67068,37.62,-98.12,KS4:99|KS1:1
67070,37.07,-98.55,KS4
67071,37.21,-98.89,KS4
67072,37.54,-96.63,KS4
67073,38.39,-97.32,KS2
67074,37.68,-96.74,KS4
67101,37.79,-97.46,KS4
67102,37.03,-96.80,KS4
67103,37.27,-97.56,KS4
67104,37.27,-98.66,KS4
67105,37.22,-97.68,KS4
67106,37.46,-97.76,KS4
67107,38.20,-97.54,KS1:90|KS4:10
67108,37.82,-97.69,KS4:72|KS1:28
67109,37.56,-99.49,KS4
67110,37.47,-97.23,KS4
67111,37.62,-97.94,KS4
67112,37.45,-98.42,KS4
67114,38.07,-97.29,KS4:98|KS2:2
67117,38.07,-97.35,KS4
67118,37.48,-97.85,KS4
67119,37.24,-97.18,KS4
67120,37.47,-97.37,KS4
67122,37.62,-96.43,KS4
67123,37.95,-97.00,KS4
67124,37.63,-98.77,KS4
67127,37.16,-99.49,KS4:98|KS1:2
67131,37.43,-96.95,KS4
67132,37.85,-96.58,KS4
67133,37.58,-97.11,KS4
67134,37.48,-98.67,KS4
67135,37.91,-97.45,KS4
67137,37.63,-96.23,KS4
67138,37.26,-98.42,KS4
67140,37.08,-97.36,KS4
67142,37.45,-98.11,KS4
67143,37.32,-98.97,KS4
67144,37.82,-97.00,KS4
67146,37.38,-97.10,KS4
67147,37.87,-97.31,KS4
67149,37.54,-97.63,KS4
67150,37.03,-98.20,KS4
67151,38.14,-97.26,KS4:91|KS2:9
67152,37.26,-97.41,KS4
67154,37.96,-97.12,KS4
67155,37.27,-99.14,KS4
67156,37.25,-96.96,KS4
67159,37.43,-98.31,KS4
67202,37.69,-97.33,KS4
67203,37.70,-97.36,KS4
67204,37.77,-97.36,KS4
67205,37.75,-97.42,KS4
67206,37.70,-97.22,KS4
67207,37.67,-97.23,KS4
67208,37.70,-97.28,KS4
67209,37.65,-97.43,KS4
67210,37.64,-97.21,KS4
67211,37.67,-97.32,KS4
67212,37.70,-97.44,KS4
67213,37.67,-97.36,KS4
67214,37.71,-97.32,KS4
67215,37.62,-97.44,KS4
67216,37.61,-97.31,KS4
67217,37.62,-97.36,KS4
67218,37.67,-97.28,KS4
67219,37.77,-97.32,KS4
67220,37.75,-97.28,KS4
67221,37.64,-97.26,KS4
67223,37.74,-97.50,KS4
67226,37.77,-97.22,KS4
67227,37.63,-97.50,KS4
67228,37.78,-97.18,KS4
67230,37.68,-97.17,KS4
67232,37.64,-97.16,KS4
67235,37.69,-97.50,KS4
67260,37.72,-97.29,KS4
67301,37.21,-95.76,KS2
67330,37.16,-95.31,KS2
67332,37.04,-95.24,KS2
67333,37.04,-95.87,KS2
67334,37.02,-96.18,KS4
67335,37.27,-95.53,KS2
67336,37.07,-95.07,KS2
67337,37.05,-95.60,KS2
67340,37.06,-95.71,KS2
67341,37.34,-95.43,KS2
67342,37.06,-95.36,KS2
67344,37.29,-95.95,KS2:79|KS4:21
67345,37.37,-96.20,KS4
67346,37.32,-96.45,KS4
67347,37.15,-95.95,KS2:86|KS4:14
67349,37.50,-96.28,KS4
67351,37.14,-95.57,KS2
67352,37.33,-96.09,KS4
67353,37.31,-96.32,KS4
67354,37.21,-95.41,KS2
67355,37.03,-96.01,KS4
67356,37.18,-95.15,KS2
67357,37.34,-95.25,KS2
67360,37.04,-96.11,KS4
67361,37.13,-96.22,KS4
67363,37.33,-95.72,KS2
67364,37.04,-95.82,KS2
67401,38.83,-97.65,KS1
67410,38.96,-97.22,KS1
67416,38.67,-97.56,KS1
67417,39.43,-97.55,KS1
67418,39.18,-98.05,KS1
67420,39.40,-98.09,KS1
67422,39.03,-97.60,KS1
67423,38.97,-97.97,KS1
67425,38.78,-97.91,KS1
67427,38.50,-98.40,KS1
67428,38.38,-97.42,KS1:95|KS2:5
67430,39.58,-98.44,KS1
67431,38.95,-97.01,KS1
67432,39.33,-97.18,KS1
67436,39.28,-97.73,KS1
67437,39.51,-98.56,KS1
67438,38.50,-97.27,KS2
67439,38.76,-98.22,KS1
67441,38.88,-97.10,KS1
67442,38.65,-97.78,KS1
67443,38.38,-97.53,KS1
67444,38.55,-98.12,KS1
67445,39.37,-97.82,KS1
67446,39.46,-98.33,KS1
67447,39.47,-96.97,KS1
67448,38.66,-97.40,KS1
67449,38.68,-96.90,KS1:88|KS2:12
67450,38.63,-98.46,KS1
67451,38.70,-97.13,KS1
67452,39.24,-98.37,KS1
67454,38.70,-98.11,KS1
67455,39.03,-98.16,KS1
67456,38.60,-97.68,KS1
67457,38.39,-97.99,KS1
67458,39.17,-97.31,KS1
67459,38.60,-98.35,KS1
67460,38.38,-97.70,KS1
67464,38.56,-97.90,KS1
67466,39.33,-97.47,KS1
67467,39.14,-97.70,KS1
67468,39.46,-97.26,KS1
67470,38.92,-97.51,KS1
67473,39.38,-98.74,KS1
67474,39.60,-98.70,KS1
67475,38.59,-97.06,KS2:88|KS1:12
67476,38.54,-97.44,KS1
67478,39.39,-97.95,KS1
67480,38.97,-97.40,KS1
67481,39.01,-98.39,KS1
67482,39.03,-97.26,KS1
67483,38.56,-97.20,KS2
67484,39.00,-97.85,KS1
67485,39.32,-98.50,KS1
67487,39.17,-97.06,KS1
67490,38.80,-98.44,KS1
67491,38.38,-97.90,KS1
67492,38.82,-96.96,KS1
67501,37.98,-97.93,KS1
67502,38.13,-97.93,KS1
67505,38.03,-97.95,KS1
67510,37.99,-98.21,KS1
67511,38.43,-99.05,KS1
67512,38.24,-98.34,KS1
67513,38.45,-99.54,KS1
67514,37.86,-98.20,KS1
67515,38.60,-100.07,KS1
67516,38.39,-99.69,KS1
67518,38.40,-100.17,KS1
67519,37.94,-99.10,KS4
67520,38.59,-99.19,KS1
67521,38.63,-99.72,KS1
67522,38.12,-97.75,KS1:96|KS4:4
67523,38.19,-99.57,KS1:94|KS4:6
67524,38.38,-98.38,KS1
67525,38.57,-98.56,KS1
67526,38.30,-98.54,KS1:98|KS4:2
67529,38.08,-99.25,KS4
67530,38.35,-98.80,KS1
67543,37.89,-97.80,KS1
67544,38.57,-98.75,KS1
67545,38.18,-98.65,KS4
67546,38.22,-97.82,KS1
67547,37.94,-99.47,KS4:98|KS1:2
67548,38.59,-99.33,KS1
67550,38.18,-99.12,KS1:52|KS4:48
67552,37.86,-99.24,KS4
67553,38.65,-99.32,KS1
67554,38.37,-98.18,KS1
67556,38.60,-99.52,KS1
67557,37.92,-98.96,KS4
67559,38.37,-99.46,KS1
67560,38.40,-99.94,KS1
67561,38.11,-98.10,KS1
67563,37.85,-99.56,KS4:77|KS1:23
67564,38.53,-98.94,KS1
67565,38.60,-99.04,KS1
67566,37.95,-98.10,KS1
67567,38.26,-98.97,KS1:81|KS4:19
67568,38.02,-98.32,KS1
67570,37.79,-97.96,KS1:94|KS4:6
67572,38.69,-99.92,KS1
67573,38.26,-98.41,KS1
67574,38.23,-99.40,KS1:79|KS4:21
67575,38.40,-99.26,KS1
67576,38.04,-98.80,KS4
67578,37.97,-98.59,KS4
67579,38.19,-98.24,KS1
67581,37.99,-98.41,KS1
67583,37.80,-98.47,KS1:59|KS4:41
67584,38.68,-100.16,KS1
67601,38.87,-99.34,KS1
67621,39.83,-99.13,KS1
67622,39.90,-99.73,KS1
67623,39.44,-98.95,KS1
67625,39.39,-99.69,KS1
67626,38.88,-98.72,KS1
67627,38.92,-99.21,KS1
67628,39.63,-99.00,KS1
67629,39.70,-100.20,KS1
67631,39.01,-100.08,KS1
67632,39.33,-99.58,KS1
67634,38.82,-98.60,KS1
67635,39.60,-100.45,KS1
67637,38.94,-99.59,KS1
67638,39.63,-98.85,KS1
67639,39.62,-99.32,KS1
67640,38.90,-99.05,KS1
67642,39.37,-99.83,KS1
67643,39.64,-100.29,KS1
67644,39.64,-99.15,KS1
67645,39.60,-99.89,KS1
67646,39.62,-99.59,KS1
67647,39.94,-99.53,KS1
67648,39.09,-98.58,KS1
67649,39.14,-98.69,KS1
67650,39.37,-100.10,KS1
67651,39.21,-99.04,KS1
67653,39.91,-100.21,KS1
67654,39.84,-99.95,KS1
67656,38.98,-99.75,KS1
67657,39.21,-99.61,KS1
67658,39.12,-98.93,KS1
67659,39.32,-100.01,KS1
67660,38.72,-99.15,KS1
67661,39.82,-99.34,KS1
67663,39.21,-99.33,KS1
67664,39.82,-99.58,KS1
67665,38.85,-98.88,KS1
67667,38.71,-99.33,KS1
67669,39.46,-99.35,KS1
67671,38.87,-99.14,KS1
67672,38.99,-99.91,KS1
67673,39.17,-98.81,KS1
67674,38.89,-99.10,KS1
67675,39.41,-99.09,KS1
67701,39.39,-101.05,KS1
67730,39.81,-101.11,KS1
67731,39.77,-101.54,KS1
67732,39.37,-101.35,KS1
67733,39.33,-101.51,KS1
67734,39.54,-100.89,KS1
67735,39.35,-101.77,KS1
67736,38.85,-100.45,KS1
67737,39.09,-100.49,KS1
67738,39.00,-100.65,KS1
67739,39.88,-100.81,KS1
67740,39.36,-100.36,KS1
67741,39.39,-102.00,KS1
67743,39.39,-101.24,KS1
67744,39.86,-100.94,KS1
67745,39.81,-101.35,KS1
67747,39.04,-101.06,KS1
67748,39.07,-100.86,KS1
67749,39.83,-100.56,KS1
67751,39.12,-100.36,KS1
67752,38.99,-100.23,KS1
67753,39.43,-100.75,KS1
67756,39.80,-101.84,KS1
67757,39.55,-100.62,KS1
67758,38.90,-101.78,KS1
67761,38.95,-101.53,KS1
67762,38.84,-102.00,KS1
67764,38.87,-101.16,KS1
67801,37.73,-100.06,KS1
67831,37.19,-99.80,KS1
67834,37.53,-99.62,KS1
67835,37.99,-100.31,KS1
67836,38.04,-101.99,KS1
67837,37.55,-100.68,KS1
67838,38.06,-101.13,KS1
67839,38.47,-100.44,KS1
67840,37.05,-99.95,KS1
67841,37.63,-100.23,KS1
67842,37.55,-99.77,KS1
67843,37.73,-99.94,KS1
67844,37.38,-100.20,KS1
67846,38.03,-100.78,KS1
67849,38.16,-99.73,KS1
67850,38.63,-100.64,KS1
67851,38.09,-101.02,KS1
67853,37.89,-100.53,KS1
67854,38.10,-100.00,KS1
67855,37.54,-101.70,KS1
67857,37.99,-101.55,KS1
67859,37.24,-100.77,KS1
67860,38.02,-101.30,KS1
67861,38.47,-101.39,KS1
67862,37.49,-101.95,KS1
67863,38.57,-101.21,KS1
67864,37.18,-100.32,KS1
67865,37.44,-99.97,KS1
67867,37.57,-100.46,KS1
67868,37.82,-100.71,KS1
67869,37.25,-100.56,KS1
67870,37.53,-101.02,KS1
67871,38.49,-100.92,KS1
67876,37.86,-99.74,KS1
67877,37.55,-100.84,KS1
67878,38.00,-101.81,KS1
67879,38.47,-101.79,KS1
67880,37.60,-101.32,KS1
67882,37.80,-99.88,KS1
67901,37.10,-100.90,KS1
67950,37.06,-101.87,KS1
67951,37.16,-101.33,KS1
67952,37.29,-101.12,KS1
67953,37.22,-101.85,KS1
67954,37.18,-101.62,KS1
68001,41.33,-96.95,NE1
68002,41.50,-96.34,NE3
68003,41.07,-96.38,NE2:86|NE1:14
68004,42.01,-96.62,NE1:99|NE3:1
68005,41.14,-95.89,NE1
68007,41.37,-96.18,NE2:99|NE3:1
68008,41.54,-96.17,NE3
68010,41.26,-96.13,NE2
68014,41.29,-96.96,NE1
68015,41.39,-96.65,NE2
68016,41.02,-96.10,NE1
68017,41.06,-96.66,NE2:83|NE1:17
68018,41.30,-96.62,NE2
68019,41.78,-96.38,NE3:98|NE1:2
68020,41.97,-96.26,NE3
68022,41.28,-96.25,NE2
68023,41.47,-96.01,NE3
68025,41.44,-96.49,NE1:96|NE2:4
68028,41.11,-96.26,NE2
68029,41.66,-96.27,NE3
68030,42.32,-96.46,NE3
68031,41.64,-96.53,NE1:95|NE3:5
68033,41.13,-96.53,NE2
68034,41.45,-96.23,NE3
68036,41.39,-96.95,NE1:84|NE2:16
68037,40.98,-96.13,NE1
68038,41.95,-96.43,NE3
68039,42.11,-96.34,NE3
68040,41.29,-96.75,NE2
68041,41.24,-96.49,NE2
68042,41.09,-96.44,NE2
68044,41.55,-96.45,NE1:67|NE3:33
68045,41.83,-96.49,NE3:93|NE1:7
68046,41.12,-96.05,NE1:76|NE2:24
68047,42.11,-96.73,NE3:90|NE1:10
68048,40.98,-95.94,NE1
68050,41.30,-96.84,NE2
68055,42.05,-96.47,NE3
68056,41.14,-95.90,NE1
68057,41.66,-96.72,NE1
68058,41.00,-96.24,NE1
68059,41.06,-96.16,NE2
68061,41.81,-96.22,NE3
68062,42.20,-96.68,NE3
68063,41.72,-96.50,NE1
68064,41.35,-96.35,NE2
68065,41.08,-96.85,NE2:76|NE1:24
68066,41.18,-96.62,NE2
68067,42.16,-96.49,NE3
68068,41.40,-96.21,NE3
68069,41.24,-96.32,NE2
68070,41.20,-96.80,NE2
68071,42.24,-96.48,NE3
68072,41.61,-96.50,NE1
68073,41.24,-96.42,NE2
68102,41.26,-95.93,NE2
68104,41.30,-96.00,NE2
68105,41.24,-95.96,NE2
68106,41.24,-96.00,NE2
68107,41.21,-95.95,NE2
68108,41.24,-95.93,NE2
68110,41.30,-95.89,NE2
68111,41.30,-95.96,NE2
68112,41.38,-95.97,NE2:99|NE3:1
68113,41.12,-95.91,NE1
68114,41.26,-96.05,NE2
68116,41.30,-96.17,NE2
68117,41.21,-96.00,NE2
68118,41.26,-96.18,NE2
68122,41.36,-96.05,NE2:98|NE3:2
68123,41.10,-95.95,NE1
68124,41.24,-96.05,NE2
68127,41.21,-96.05,NE2
68128,41.18,-96.07,NE1
68130,41.23,-96.20,NE2
68131,41.26,-95.96,NE2
68132,41.27,-96.00,NE2
68133,41.11,-96.00,NE1:98|NE2:2
68134,41.30,-96.05,NE2
68135,41.21,-96.19,NE2
68136,41.17,-96.19,NE2:93|NE1:7
68137,41.21,-96.12,NE2
68138,41.16,-96.13,NE1
68142,41.37,-96.10,NE2:95|NE3:5
68144,41.23,-96.12,NE2
68147,41.18,-95.96,NE1:97|NE2:3
68152,41.37,-96.00,NE2:96|NE3:4
68154,41.27,-96.11,NE2
68157,41.18,-96.00,NE1:98|NE2:2
68164,41.30,-96.11,NE2
68178,41.27,-95.95,NE2
68182,41.26,-96.01,NE2
68183,41.26,-95.94,NE2
68301,40.47,-96.52,NE3:85|NE1:15
68303,40.26,-97.42,NE3
68304,40.89,-96.38,NE1
68305,40.37,-95.87,NE3
68307,40.79,-96.15,NE1:74|NE3:26
68309,40.05,-96.57,NE3
68310,40.25,-96.75,NE3
68313,40.78,-97.27,NE1
68314,41.02,-97.02,NE1
68315,40.24,-97.54,NE3
68316,41.01,-97.61,NE3
68317,40.67,-96.50,NE1:98|NE3:2
68318,40.16,-96.65,NE3
68319,40.94,-97.76,NE3
68320,40.48,-95.95,NE3
68321,40.40,-95.70,NE3
68322,40.33,-97.55,NE3
68323,40.13,-96.37,NE3
68324,40.55,-96.29,NE3
68325,40.01,-97.76,KS1|NE3
68326,40.28,-97.68,NE3
68327,40.01,-97.62,KS1|NE3
68328,40.47,-96.84,NE3
68329,40.50,-96.17,NE3
68330,40.71,-97.34,NE1
68331,40.47,-96.71,NE3
68332,40.33,-96.41,NE3
68333,40.62,-96.95,NE3:93|NE1:7
68335,40.30,-97.81,NE3
68336,40.97,-96.69,NE1
68337,40.10,-95.83,NE3
68338,40.31,-97.25,NE3
68339,40.73,-96.87,NE1:97|NE3:3
68340,40.13,-97.74,NE3
68341,40.39,-96.92,NE3
68342,40.10,-96.95,NE3
68343,40.62,-97.13,NE3:98|NE1:2
68344,40.57,-96.40,NE3
68345,40.04,-96.02,NE3
68346,40.66,-96.05,NE3
68347,40.81,-96.42,NE1:82|NE3:18
68348,40.30,-96.12,NE3
68349,40.83,-96.30,NE1
68350,40.03,-97.09,NE3
68351,40.65,-97.43,NE3
68352,40.15,-97.23,NE3
68354,40.64,-97.58,NE3
68355,40.12,-95.57,NE3
68357,40.31,-96.55,NE3
68358,40.53,-96.61,NE1:77|NE3:23
68359,40.63,-97.28,NE3:93|NE1:7
68360,40.95,-96.96,NE1
68361,40.50,-97.60,NE3
68362,40.15,-97.42,NE3
68364,40.84,-97.23,NE1
68365,40.62,-97.74,NE3
68366,40.98,-96.43,NE1:97|NE2:3
68367,41.04,-97.40,NE3:82|NE1:18
68368,40.55,-96.81,NE1:93|NE3:7
68370,40.14,-97.56,NE3
68371,40.76,-97.78,NE3
68372,40.60,-96.60,NE1
68375,40.04,-97.49,NE3
68376,40.17,-95.94,NE3
68377,40.22,-97.02,NE3
68378,40.40,-96.02,NE3
68379,40.53,-95.87,NE3
68380,40.24,-96.41,NE3
68381,40.08,-96.48,NE3
68382,40.60,-96.02,NE3
68401,40.75,-97.58,NE3
68402,40.91,-96.86,NE1
68403,40.92,-96.17,NE1
68404,40.62,-96.76,NE1
68405,40.76,-97.07,NE1
68406,40.50,-97.38,NE3
68407,40.92,-96.26,NE1
68409,40.91,-95.95,NE1
68410,40.64,-95.88,NE3
68413,40.85,-96.03,NE1:93|NE3:7
68414,40.32,-95.70,NE3
68415,40.06,-96.82,NE3
68416,40.41,-97.46,NE3
68417,40.73,-96.09,NE3
68418,40.69,-96.38,NE3:99|NE1:1
68419,40.60,-96.51,NE1
68420,40.08,-96.19,KS2|NE3
68421,40.49,-95.74,NE3
68422,40.39,-96.69,NE3
68423,40.81,-96.96,NE1
68424,40.30,-97.02,NE3
68428,40.97,-96.81,NE1
68429,40.06,-97.37,NE3
68430,40.68,-96.67,NE1
68431,40.07,-95.44,NE3
68433,40.05,-95.74,NE3
68434,40.91,-97.12,NE1
68436,40.43,-97.74,NE3
68437,40.25,-95.64,NE3
68438,40.63,-96.74,NE1
68439,41.00,-97.21,NE1
68440,40.05,-97.01,NE3
68441,40.22,-96.25,NE3
68442,40.24,-95.77,NE3
68443,40.45,-96.36,NE3
68444,40.41,-97.58,NE3
68445,40.40,-97.09,NE3
68446,40.65,-96.17,NE3
68447,40.20,-96.07,NE3
68448,40.54,-96.04,NE3
68450,40.36,-96.23,NE3
68452,40.40,-97.85,NE3
68453,40.40,-97.34,NE3
68454,40.69,-96.29,NE3:95|NE1:5
68455,40.82,-95.90,NE1:96|NE3:4
68456,40.91,-97.30,NE1
68457,40.16,-95.71,NE3
68458,40.23,-96.49,NE3
68460,40.90,-97.44,NE3:98|NE1:2
68461,40.76,-96.51,NE1
68462,40.95,-96.52,NE1
68463,40.88,-96.13,NE1
68464,40.41,-97.19,NE3
68465,40.49,-97.02,NE3:99|NE1:1
68466,40.07,-96.64,NE3
68467,40.87,-97.60,NE3
68502,40.78,-96.70,NE1
68503,40.82,-96.67,NE1
68504,40.85,-96.66,NE1
68505,40.82,-96.62,NE1
68506,40.78,-96.64,NE1
68507,40.86,-96.61,NE1
68508,40.82,-96.70,NE1
68510,40.81,-96.65,NE1
68512,40.74,-96.71,NE1
68514,40.93,-96.65,NE1
68516,40.74,-96.64,NE1
68517,40.93,-96.60,NE1
68520,40.81,-96.57,NE1
68521,40.86,-96.71,NE1
68522,40.79,-96.76,NE1
68523,40.73,-96.76,NE1
68524,40.91,-96.79,NE1
68526,40.73,-96.58,NE1
68527,40.85,-96.51,NE1
68528,40.82,-96.82,NE1
68531,40.91,-96.71,NE1
68532,40.80,-96.84,NE1
68588,40.82,-96.70,NE1
68601,41.45,-97.39,NE1
68620,41.72,-98.05,NE3
68621,41.49,-96.64,NE1
68622,41.92,-98.52,NE3
68623,41.44,-98.10,NE3
68624,41.35,-97.23,NE1
68626,41.17,-96.99,NE1
68627,41.55,-98.17,NE3
68628,41.22,-97.84,NE3
68629,41.71,-97.13,NE1
68631,41.69,-97.36,NE1
68632,41.24,-97.13,NE1
68633,41.71,-96.90,NE1
68634,41.39,-97.51,NE1
68635,41.08,-97.02,NE1
68636,42.01,-98.15,NE3
68637,41.82,-98.64,NE3
68638,41.38,-98.00,NE3
68640,41.46,-97.77,NE3:89|NE1:11
68641,41.74,-97.02,NE1
68642,41.69,-97.51,NE1
68643,41.71,-97.26,NE1
68644,41.70,-97.67,NE1
68647,41.52,-97.63,NE1
68648,41.40,-96.78,NE2
68649,41.51,-96.79,NE1
68651,41.23,-97.57,NE1:83|NE3:17
68652,41.86,-98.09,NE3
68653,41.56,-97.50,NE1
68654,41.07,-97.78,NE3
68655,41.65,-98.26,NE3
68658,41.20,-97.29,NE1
68659,41.55,-96.94,NE1
68660,41.57,-97.87,NE3:91|NE1:9
68661,41.49,-97.09,NE1
68662,41.21,-97.42,NE1:91|NE3:9
68663,41.31,-97.70,NE3
68664,41.70,-96.79,NE1
68665,41.71,-98.42,NE3
68666,41.11,-97.61,NE3
68667,41.11,-97.31,NE1
68669,41.08,-97.24,NE1
68701,42.02,-97.44,NE1:98|NE3:2
68710,42.45,-96.85,NE3
68711,42.19,-99.04,NE3
68713,42.54,-98.97,NE3
68714,42.37,-99.50,NE3
68715,41.97,-97.61,NE1
68716,41.93,-96.82,NE1
68717,42.38,-97.22,NE3
68718,42.67,-97.69,NE3
68719,42.97,-98.56,NE3|SD0
68720,42.34,-98.01,NE3
68722,42.93,-98.87,NE3
68723,42.29,-97.22,NE3
68724,42.63,-97.88,NE3
68725,42.20,-98.78,NE3
68726,42.18,-98.21,NE3
68727,42.52,-97.20,NE3
68728,42.39,-96.93,NE3
68729,42.48,-97.91,NE3
68730,42.77,-97.53,NE3
68731,42.41,-96.49,NE3
68732,42.49,-96.97,NE3
68733,42.28,-96.72,NE3
68734,42.43,-98.80,NE3
68735,42.15,-98.45,NE3
68736,42.74,-97.37,NE3
68739,42.63,-97.26,NE3
68740,42.15,-97.30,NE3:96|NE1:4
68741,42.36,-96.59,NE3
68742,42.35,-98.50,NE3
68743,42.47,-96.62,NE3
68745,42.46,-97.08,NE3
68746,42.81,-98.44,NE3
68747,42.39,-97.50,NE3
68748,41.84,-97.47,NE1
68749,42.46,-97.48,NE3
68751,42.69,-96.98,NE3
68752,42.02,-97.71,NE1:95|NE3:5
68753,42.85,-99.49,NE3
68755,42.93,-99.13,NE3|SD0
68756,42.18,-97.98,NE3
68757,42.65,-96.93,NE3
68758,41.78,-97.78,NE1:94|NE3:6
68759,42.75,-99.35,NE3
68760,42.71,-97.87,NE3
68761,42.02,-97.96,NE3
68763,42.52,-98.59,NE3
68764,42.40,-98.23,NE3
68765,42.34,-97.61,NE3
68766,42.43,-98.41,NE3
68767,42.20,-97.54,NE3
68768,42.00,-97.07,NE1:96|NE3:4
68769,42.31,-97.82,NE3
68770,42.56,-96.76,NE3
68771,42.40,-97.36,NE3
68773,42.36,-98.12,NE3
68774,42.81,-97.27,NE3
68776,42.46,-96.44,NE3
68777,42.86,-98.69,NE3
68778,42.88,-99.81,NE3
68779,41.95,-97.21,NE1
68780,42.63,-99.13,NE3
68781,42.03,-97.84,NE1:62|NE3:38
68783,42.64,-98.14,NE3
68784,42.26,-96.89,NE3
68785,42.43,-96.72,NE3
68786,42.50,-97.56,NE3
68787,42.21,-97.03,NE3
68788,41.83,-96.72,NE1
68789,42.54,-97.98,NE3
68790,42.17,-97.19,NE3
68791,42.00,-96.94,NE1:99|NE3:1
68792,42.73,-97.10,NE3
68801,40.95,-98.30,NE3
68803,40.96,-98.41,NE3
68810,40.86,-98.47,NE3
68812,40.91,-99.28,NE3
68813,41.70,-99.86,NE3
68814,41.31,-99.41,NE3
68815,41.43,-99.16,NE3
68816,41.17,-98.13,NE3
68817,41.27,-98.79,NE3
68818,40.82,-98.01,NE3
68820,41.11,-98.70,NE3
68821,42.01,-99.76,NE3
68822,41.39,-99.63,NE3
68823,41.96,-99.16,NE3
68824,41.01,-98.62,NE3
68825,41.26,-99.97,NE3
68826,41.16,-98.02,NE3
68827,41.04,-98.18,NE3
68828,41.56,-99.25,NE3
68831,41.09,-98.56,NE3
68832,40.77,-98.37,NE3
68833,41.79,-100.08,NE3
68834,41.01,-99.66,NE3
68835,41.33,-98.62,NE3
68836,40.71,-99.38,NE3
68837,41.67,-99.07,NE3
68838,41.21,-98.66,NE3
68840,40.76,-98.88,NE3
68841,40.76,-98.16,NE3
68842,41.58,-98.53,NE3
68843,40.91,-97.88,NE3
68844,41.05,-99.06,NE3
68845,40.72,-99.17,NE3
68846,41.06,-97.88,NE3
68847,40.74,-99.02,NE3
68849,40.70,-99.10,NE3
68850,40.83,-99.74,NE3
68852,41.17,-99.14,NE3
68853,41.29,-98.98,NE3
68854,41.01,-98.00,NE3
68855,41.17,-99.33,NE3
68856,41.50,-99.82,NE3
68858,40.96,-99.38,NE3
68859,41.46,-98.82,NE3
68860,41.13,-99.80,NE3
68861,40.70,-99.26,NE3
68862,41.60,-98.94,NE3
68863,40.77,-99.53,NE3
68864,41.26,-98.24,NE3
68865,40.90,-98.18,NE3
68866,40.97,-99.12,NE3
68869,41.00,-98.88,NE3
68870,40.85,-99.16,NE3
68871,41.14,-98.85,NE3
68872,41.09,-98.33,NE3
68873,41.24,-98.45,NE3
68874,41.63,-99.44,NE3
68875,41.52,-98.69,NE3
68876,40.83,-98.75,NE3
68878,40.98,-99.51,NE3
68879,41.90,-99.51,NE3
68881,41.43,-99.36,NE3
68882,41.44,-98.39,NE3
68883,40.82,-98.58,NE3
68901,40.59,-98.37,NE3
68920,40.15,-99.34,NE3
68922,40.34,-99.90,NE3
68923,40.37,-99.47,NE3
68924,40.50,-99.12,NE3
68925,40.43,-98.43,NE3
68926,40.11,-99.84,NE3
68927,40.50,-99.63,NE3
68928,40.28,-98.61,NE3
68929,40.15,-99.10,NE3
68930,40.28,-98.42,NE3
68932,40.30,-98.74,NE3
68933,40.52,-98.04,NE3
68934,40.34,-98.15,NE3
68935,40.38,-97.96,NE3
68936,40.31,-99.78,NE3
68937,40.57,-99.86,NE3
68938,40.42,-98.12,NE3
68939,40.11,-98.96,NE3
68940,40.54,-99.25,NE3
68941,40.47,-98.27,NE3
68942,40.10,-98.32,NE3
68943,40.03,-97.89,KS1|NE3
68944,40.64,-98.09,NE3
68945,40.56,-98.77,NE3
68946,40.11,-99.99,NE3
68947,40.30,-99.05,NE3
68948,40.34,-100.03,NE3
68949,40.43,-99.40,NE3
68950,40.46,-98.66,NE3
68952,40.08,-98.68,NE3
68954,40.61,-98.23,NE3
68955,40.59,-98.54,NE3
68956,40.63,-98.69,NE3
68957,40.27,-98.25,NE3
68958,40.53,-99.51,NE3
68959,40.49,-98.92,NE3
68960,40.08,-99.14,NE3
68961,40.21,-98.04,NE3
68964,40.24,-97.90,NE3
68966,40.16,-99.47,NE3
68967,40.25,-99.63,NE3
68970,40.11,-98.53,NE3
68971,40.12,-99.25,NE3
68972,40.10,-98.80,NE3
68973,40.44,-98.56,NE3
68974,40.13,-97.87,NE3
68975,40.62,-97.95,NE3
68976,40.60,-99.71,NE3
68977,40.07,-99.63,NE3
68978,40.07,-98.10,KS1|NE3
68979,40.60,-97.85,NE3
68980,40.68,-98.25,NE3
68981,40.29,-98.89,NE3
68982,40.33,-99.20,NE3
69001,40.25,-100.66,NE3
69020,40.15,-100.26,NE3
69021,40.14,-101.54,NE3
69022,40.34,-100.19,NE3
69023,40.48,-101.90,NE3
69024,40.24,-100.86,NE3
69025,40.62,-100.51,NE3
69026,40.03,-100.41,KS1|NE3
69027,40.50,-101.52,NE3
69028,40.64,-100.05,NE3
69029,40.68,-100.24,NE3
69030,40.18,-101.92,NE3
69032,40.58,-101.06,NE3
69033,40.55,-101.69,NE3
69034,40.25,-100.43,NE3
69036,40.03,-100.30,NE3
69037,40.18,-101.41,NE3
69038,40.61,-100.74,NE3
69039,40.71,-100.39,NE3
69040,40.35,-101.12,NE3
69041,40.18,-101.72,NE3
69042,40.48,-100.38,NE3
69043,40.13,-101.26,NE3
69044,40.13,-101.02,NE3
69045,40.47,-101.37,NE3
69046,40.07,-100.10,NE3
69101,41.15,-100.81,NE3
69120,41.43,-100.24,NE3
69121,41.54,-101.77,NE3
69122,41.10,-102.09,NE3
69123,41.04,-100.37,NE3
69125,41.59,-102.86,NE3
69127,41.11,-101.92,NE3
69128,41.23,-103.91,NE3
69129,41.13,-102.38,NE3
69130,40.90,-99.96,NE3
69131,41.42,-103.00,NE3
69132,40.81,-101.01,NE3
69133,41.22,-103.47,NE3
69134,40.81,-101.37,NE3
69135,42.14,-100.27,NE3
69138,41.00,-100.18,NE3
69140,40.84,-101.77,NE3
69141,41.30,-102.94,NE3
69142,42.04,-100.30,NE3
69143,41.19,-101.02,NE3
69144,41.34,-101.62,NE3
69145,41.25,-103.68,NE3
69146,41.35,-101.87,NE3
69147,41.57,-102.10,NE3
69148,41.69,-102.61,NE3
69149,41.22,-102.68,NE3
69150,40.82,-101.54,NE3
69151,41.09,-100.50,NE3
69152,42.07,-101.15,NE3
69153,41.08,-101.67,NE3
69154,41.46,-102.35,NE3
69155,41.19,-101.39,NE3
69156,41.28,-103.35,NE3
69157,41.97,-100.16,NE3
69161,42.16,-100.78,NE3
69162,41.13,-103.02,NE3
69163,41.58,-100.53,NE3
69165,41.15,-101.17,NE3
69166,42.03,-100.62,NE3
69167,41.60,-101.01,NE3
69168,40.75,-101.98,CO4|NE3
69169,40.82,-101.18,NE3
69170,40.80,-100.74,NE3
69171,40.89,-100.07,NE3
69201,42.69,-100.62,NE3|SD0
69210,42.39,-99.86,NE3
69211,42.83,-101.31,NE3
69212,42.96,-100.80,NE3|SD0
69214,42.45,-100.10,NE3
69216,42.95,-101.01,NE3|SD0
69217,42.27,-99.72,NE3
69218,42.77,-101.61,NE3
69219,42.70,-101.02,NE3
69220,42.93,-100.18,NE3
69221,42.64,-100.31,NE3
69301,42.13,-102.89,NE3
69331,41.90,-102.99,NE3
69333,42.05,-101.97,NE3
69334,41.82,-103.29,NE3
69335,42.02,-102.18,NE3
69336,41.63,-103.17,NE3
69337,42.88,-102.98,NE3|SD0
69339,42.58,-103.44,NE3
69340,42.15,-102.20,NE3
69341,41.74,-103.68,NE3
69343,42.66,-101.91,NE3
69345,41.59,-103.71,NE3
69346,42.63,-103.79,NE3
69347,42.59,-102.68,NE3
69348,42.33,-103.21,NE3
69350,41.96,-101.76,NE3
69351,42.12,-102.41,NE3
69352,41.80,-103.97,NE3
69353,41.75,-103.42,NE3
69354,42.38,-103.38,NE3
69355,41.78,-103.52,NE3
69356,41.89,-103.45,NE3
69357,42.11,-103.77,NE3
69358,42.08,-103.98,NE3
69360,42.74,-102.49,NE3
69361,42.10,-103.57,NE3
69365,42.95,-102.46,NE3
69366,42.07,-101.58,NE3
69367,42.81,-103.32,NE3
70001,29.98,-90.17,LA1:99|LA2:1
70002,30.01,-90.16,LA1
70003,30.00,-90.21,LA1:95|LA2:5
70005,30.00,-90.13,LA1
70006,30.01,-90.19,LA1
70030,29.82,-90.44,LA2:90|LA1:10
70031,29.94,-90.30,LA2
70032,29.95,-90.00,LA2
70036,29.68,-90.13,LA1
70037,29.72,-90.04,LA1
70038,29.33,-89.40,LA1
70039,29.88,-90.38,LA2
70040,29.74,-89.92,LA1
70041,29.34,-89.46,LA1
70043,29.96,-89.96,LA2:92|LA1:8
70047,29.97,-90.35,LA6
70049,30.03,-90.56,LA2
70050,29.38,-89.59,LA1
70051,30.07,-90.64,LA6
70052,30.07,-90.69,LA2
70053,29.92,-90.05,LA2
70056,29.89,-90.03,LA2
70057,29.96,-90.46,LA2
70058,29.86,-90.06,LA2
70062,29.99,-90.26,LA2:70|LA1:30
70065,30.03,-90.25,LA1:78|LA2:22
70067,29.71,-90.10,LA1
70068,30.16,-90.44,LA2:52|LA6:48
70070,29.83,-90.31,LA2
70071,30.05,-90.70,LA2
70072,29.81,-90.14,LA2:82|LA1:18
70075,29.93,-89.92,LA1:94|LA2:6
70076,30.05,-90.65,LA6
70079,30.00,-90.41,LA6
70080,29.87,-90.42,LA2
70082,29.57,-89.75,LA1
70083,29.51,-89.84,LA1
70084,30.07,-90.57,LA6:50|LA2:50
70085,29.80,-89.76,LA1
70086,30.04,-90.87,LA2
70087,29.99,-90.32,LA6
70090,29.97,-90.70,LA2
70091,29.17,-89.22,LA1
70092,29.90,-89.90,LA1
70094,29.92,-90.21,LA2
70112,29.96,-90.08,LA2
70113,29.94,-90.08,LA2
70114,29.94,-90.03,LA2
70115,29.92,-90.10,LA2:94|LA1:6
70116,29.97,-90.06,LA2
70117,29.97,-90.03,LA2
70118,29.94,-90.13,LA1:52|LA2:48
70119,29.98,-90.09,LA2:74|LA1:26
70121,29.96,-90.16,LA1:85|LA2:15
70122,30.01,-90.06,LA2:97|LA1:3
70123,29.95,-90.21,LA1:92|LA2:8
70124,30.01,-90.10,LA1
70125,29.95,-90.10,LA2:86|LA1:14
70126,30.02,-90.02,LA2
70127,30.03,-89.97,LA2
70128,30.04,-89.95,LA2
70129,30.08,-89.81,LA2:98|LA1:2
70130,29.94,-90.07,LA2
70131,29.91,-89.96,LA2
70139,29.95,-90.07,LA2
70148,30.03,-90.07,LA2
70163,29.95,-90.08,LA2
70301,29.81,-90.75,LA6:92|LA3:6|LA1:2
70310,29.79,-90.80,LA6
70339,29.90,-91.18,LA6
70340,29.67,-91.10,LA3
70341,30.03,-91.08,LA6
70342,29.69,-91.24,LA3
70343,29.55,-90.56,LA1:97|LA6:3
70344,29.40,-90.63,LA1
70345,29.50,-90.24,LA1
70346,30.11,-91.02,LA2:94|LA6:6
70352,29.68,-90.94,LA3
70353,29.36,-90.70,LA1
70354,29.43,-90.34,LA1
70355,29.69,-90.44,LA1
70356,29.63,-90.97,LA3:95|LA1:5
70357,29.26,-90.19,LA1
70358,29.21,-90.03,LA1
70359,29.69,-90.77,LA3:64|LA6:34|LA1:2
70360,29.58,-90.81,LA1
70363,29.51,-90.70,LA1
70364,29.64,-90.68,LA1:79|LA6:18|LA3:2
70372,29.78,-90.99,LA6
70373,29.60,-90.31,LA1
70374,29.60,-90.50,LA1:90|LA6:10
70375,29.70,-90.53,LA1
70377,29.46,-90.53,LA1
70380,29.75,-91.10,LA3:86|LA6:14
70390,29.89,-91.03,LA6
70391,30.00,-91.06,LA6
70392,29.70,-91.32,LA3
70393,30.00,-91.00,LA6
70394,29.69,-90.62,LA1:88|LA6:12
70395,29.70,-90.86,LA3:98|LA1:2
70397,29.39,-90.83,LA3:86|LA1:14
70401,30.53,-90.45,LA5
70402,30.52,-90.47,LA5
70403,30.49,-90.49,LA5:73|LA1:21|LA6:6
70420,30.50,-89.94,LA1
70422,30.73,-90.49,LA5
70426,30.93,-89.86,LA5
70427,30.74,-89.91,LA5:96|LA1:4
70431,30.62,-89.97,LA1:99|LA5:1
70433,30.46,-90.14,LA1
70435,30.56,-90.11,LA1
70436,30.83,-90.53,LA5
70437,30.62,-90.21,LA1:97|LA5:3
70438,30.84,-90.10,LA5:98|LA1:2
70441,30.86,-90.75,LA5
70442,30.71,-90.33,LA5
70443,30.63,-90.54,LA5:76|LA6:24
70444,30.90,-90.49,LA5
70445,30.37,-89.89,LA1
70446,30.63,-90.36,LA5:91|LA1:9
70447,30.42,-90.21,LA1
70448,30.36,-90.04,LA1
70449,30.27,-90.67,LA6
70450,30.94,-90.26,LA5
70451,30.55,-90.48,LA5
70452,30.41,-89.75,LA1
70453,30.69,-90.78,LA5:86|LA6:14
70454,30.36,-90.36,LA1
70455,30.54,-90.33,LA1:86|LA5:14
70456,30.79,-90.50,LA5
70457,30.53,-90.11,LA1
70458,30.27,-89.79,LA1
70460,30.30,-89.84,LA1
70461,30.23,-89.71,LA1
70462,30.38,-90.59,LA6:98|LA1:2
70463,30.66,-89.90,LA1
70464,30.54,-89.89,LA1
70465,30.88,-90.51,LA5
70466,30.57,-90.50,LA5:93|LA6:7
70471,30.40,-90.06,LA1
70501,30.24,-91.99,LA3
70503,30.17,-92.05,LA3
70506,30.20,-92.08,LA3
70507,30.28,-92.03,LA3
70508,30.16,-92.03,LA3
70510,29.89,-92.19,LA3
70512,30.42,-91.92,LA3
70513,29.90,-91.90,LA3
70514,29.85,-91.56,LA3
70515,30.45,-92.58,LA4:69|LA3:31
70516,30.37,-92.30,LA3
70517,30.29,-91.79,LA3
70518,30.13,-91.93,LA3
70519,30.08,-91.91,LA3
70520,30.33,-92.03,LA3
70522,29.75,-91.44,LA3
70523,29.87,-91.53,LA3
70524,30.56,-92.32,LA4
70525,30.41,-92.22,LA3
70526,30.21,-92.38,LA3
70528,29.88,-91.96,LA3
70529,30.20,-92.16,LA3
70531,30.23,-92.50,LA3
70532,30.47,-92.70,LA3:69|LA4:31
70533,29.90,-92.03,LA3
70534,30.17,-92.45,LA3
70535,30.47,-92.42,LA3:94|LA4:6
70537,30.25,-92.57,LA3
70538,29.81,-91.49,LA3
70541,30.42,-92.04,LA3
70542,30.01,-92.58,LA3
70543,30.34,-92.50,LA3
70544,29.91,-91.66,LA3
70546,30.27,-92.67,LA3
70548,29.79,-92.42,LA3
70549,30.05,-92.83,LA3
70550,30.52,-92.19,LA3
70551,30.46,-91.98,LA3
70552,30.05,-91.66,LA3
70554,30.63,-92.49,LA4
70555,30.09,-92.14,LA3
70556,30.19,-92.58,LA3
70558,30.10,-92.08,LA3
70559,30.14,-92.51,LA3
70560,29.94,-91.87,LA3
70563,30.03,-91.73,LA3
70570,30.53,-92.11,LA3:83|LA5:17
70575,29.95,-92.16,LA3
70576,30.78,-92.42,LA4
70577,30.55,-91.92,LA5:53|LA3:47
70578,30.23,-92.26,LA3
70580,30.68,-92.43,LA4
70581,30.26,-92.74,LA3
70582,30.16,-91.78,LA3
70583,30.26,-92.12,LA3
70584,30.39,-92.11,LA3
70585,30.88,-92.41,LA4
70586,30.73,-92.36,LA4:99|LA3:1
70589,30.68,-92.04,LA5:97|LA4:3
70591,30.26,-92.83,LA3
70592,30.08,-92.02,LA3
70601,30.23,-93.22,LA3
70605,30.13,-93.27,LA3
70607,30.04,-93.19,LA3
70609,30.18,-93.21,LA3
70611,30.35,-93.20,LA4:89|LA3:11
70615,30.25,-93.12,LA3:76|LA4:24
70629,30.23,-93.22,LA3
70630,30.03,-93.06,LA3
70631,29.85,-93.57,LA3
70632,29.88,-92.88,LA3
70633,30.43,-93.39,LA4
70634,30.80,-93.24,LA4
70637,30.71,-92.97,LA4
70638,30.84,-92.77,LA4
70639,30.98,-93.50,LA4
70640,30.37,-92.92,LA3
70643,29.74,-92.78,LA3
70644,30.79,-92.95,LA4
70645,29.93,-93.47,LA3
70646,30.11,-92.93,LA3
70647,30.25,-93.02,LA3:88|LA4:12
70648,30.51,-92.89,LA4:91|LA3:9
70650,30.23,-92.92,LA3
70651,30.56,-92.95,LA4
70652,30.61,-93.25,LA4
70653,30.67,-93.56,LA4
70654,30.69,-92.87,LA4
70655,30.63,-92.72,LA4
70656,30.91,-92.93,LA4:84|LA5:16
70657,30.50,-93.14,LA4:95|LA3:5
70658,30.52,-93.04,LA4
70659,30.92,-93.28,LA4
70660,30.57,-93.46,LA4
70661,30.35,-93.65,LA4
70662,30.80,-93.01,LA4
70663,30.28,-93.41,LA4
70665,30.12,-93.45,LA4
70668,30.17,-93.62,LA4
70669,30.24,-93.27,LA4:79|LA3:21
70706,30.61,-90.91,LA6:97|LA5:3
70710,30.36,-91.27,LA2:66|LA6:34
70711,30.52,-90.59,LA6
70712,30.97,-91.59,LA5
70714,30.59,-91.13,LA6:73|LA2:27
70715,30.81,-91.66,LA6
70719,30.36,-91.30,LA6:69|LA2:31
70721,30.22,-91.08,LA2
70722,30.85,-90.95,LA5:95|LA6:5
70723,30.06,-90.84,LA2
70725,30.13,-90.98,LA6
70726,30.43,-90.90,LA6
70729,30.59,-91.34,LA6
70730,30.81,-91.09,LA5
70732,30.65,-91.61,LA6
70733,30.29,-90.80,LA6
70734,30.21,-91.00,LA6
70736,30.63,-91.34,LA6
70737,30.23,-90.92,LA6
70739,30.60,-90.96,LA6
70740,30.32,-91.44,LA6
70743,30.03,-90.77,LA2
70744,30.56,-90.67,LA6:96|LA5:4
70747,30.87,-91.67,LA6
70748,30.82,-91.21,LA5:96|LA6:4
70749,30.63,-91.45,LA6
70750,30.46,-91.79,LA3
70752,30.59,-91.42,LA6
70753,30.64,-91.68,LA6
70754,30.41,-90.75,LA6
70755,30.59,-91.53,LA6
70756,30.53,-91.64,LA6
70757,30.37,-91.53,LA6
70759,30.71,-91.59,LA6
70760,30.70,-91.48,LA6
70761,30.97,-91.04,LA5
70762,30.58,-91.46,LA6
70763,30.05,-90.74,LA2
70764,30.23,-91.31,LA2:66|LA6:34
70767,30.48,-91.33,LA6:70|LA2:30
70769,30.31,-90.94,LA6
70770,30.65,-90.99,LA6
70772,30.44,-91.46,LA6
70773,30.60,-91.37,LA6
70774,30.21,-90.76,LA6
70775,30.86,-91.37,LA5
70776,30.26,-91.09,LA2
70777,30.74,-91.08,LA5:68|LA6:32
70778,30.16,-90.82,LA6
70780,30.30,-91.19,LA2
70782,30.95,-91.51,LA5
70783,30.67,-91.42,LA6
70785,30.56,-90.82,LA6
70786,30.58,-90.95,LA6
70787,30.96,-91.44,LA5
70788,30.13,-91.18,LA2:72|LA6:28
70789,30.94,-91.08,LA5
70791,30.65,-91.16,LA6
70801,30.45,-91.19,LA2
70802,30.45,-91.18,LA2:81|LA6:19
70803,30.41,-91.17,LA6
70805,30.49,-91.16,LA2
70806,30.45,-91.12,LA6:56|LA2:44
70807,30.56,-91.21,LA2:95|LA6:5
70808,30.40,-91.14,LA6
70809,30.39,-91.07,LA6
70810,30.35,-91.09,LA6
70811,30.54,-91.13,LA2:98|LA6:2
70812,30.50,-91.11,LA2
70813,30.53,-91.20,LA2
70814,30.49,-91.06,LA6:93|LA2:7
70815,30.46,-91.07,LA6
70816,30.43,-91.03,LA6
70817,30.38,-90.98,LA6
70818,30.54,-91.05,LA6
70819,30.47,-91.01,LA6
70820,30.37,-91.20,LA6
70825,30.45,-91.19,LA2
70836,30.39,-91.08,LA6
71001,32.59,-92.91,LA4:91|LA5:9
71002,32.12,-93.11,LA4
71003,32.63,-93.03,LA4
71004,32.74,-93.86,LA4
71006,32.73,-93.66,LA4
71007,32.36,-94.01,LA4
71008,32.35,-92.97,LA4
71009,32.58,-93.89,LA4
71016,32.22,-93.12,LA4
71018,32.82,-93.43,LA4
71019,32.04,-93.31,LA4
71021,32.97,-93.45,LA4
71023,32.46,-93.40,LA4
71024,32.49,-93.22,LA4
71027,32.25,-93.69,LA4
71028,32.49,-93.08,LA4
71029,32.84,-93.83,LA4
71030,32.18,-93.79,LA4
71031,32.01,-92.90,LA4:64|LA5:36
71032,32.09,-93.80,LA4
71033,32.44,-94.00,LA4
71034,32.18,-93.30,LA4
71037,32.48,-93.49,LA4
71038,32.94,-93.07,LA4
71039,32.43,-93.29,LA4
71040,32.78,-93.00,LA4
71043,32.89,-93.89,LA4
71044,32.95,-93.88,LA4
71045,32.34,-93.16,LA4
71046,32.17,-93.94,LA4
71047,32.30,-93.91,LA4
71048,32.84,-92.85,LA4
71049,32.01,-93.97,LA4
71051,32.32,-93.48,LA4
71052,32.02,-93.66,LA4
71055,32.68,-93.29,LA4
71060,32.64,-93.99,LA4
71061,32.75,-93.98,LA4
71063,31.91,-93.51,LA4
71064,32.91,-93.69,LA4
71065,31.80,-93.50,LA4
71066,31.87,-93.20,LA4
71067,32.61,-93.46,LA4
71068,32.28,-93.30,LA4
71069,32.97,-93.99,LA4
71070,32.08,-92.99,LA4
71071,32.92,-93.45,LA4
71072,32.94,-93.31,LA4
71073,32.51,-93.31,LA4
71075,32.99,-93.48,LA4
71078,32.28,-93.80,LA4
71079,32.96,-92.81,LA4
71082,32.84,-93.98,LA4
71101,32.51,-93.75,LA4
71103,32.49,-93.77,LA4
71104,32.48,-93.73,LA4
71105,32.46,-93.71,LA4
71106,32.38,-93.74,LA4
71107,32.59,-93.86,LA4
71108,32.44,-93.79,LA4
71109,32.47,-93.81,LA4
71110,32.50,-93.63,LA4
71111,32.57,-93.70,LA4
71112,32.44,-93.64,LA4
71115,32.26,-93.56,LA4
71118,32.39,-93.80,LA4
71119,32.49,-93.93,LA4
71129,32.39,-93.93,LA4
71201,32.54,-92.11,LA5
71202,32.40,-92.06,LA5
71203,32.58,-92.02,LA5
71209,32.53,-92.07,LA5
71212,32.53,-92.07,LA5
71218,32.35,-91.79,LA5
71219,32.33,-91.69,LA5
71220,32.86,-91.91,LA5
71222,32.83,-92.66,LA4
71223,32.89,-91.68,LA5
71225,32.51,-92.35,LA5
71226,32.25,-92.44,LA5
71227,32.53,-92.47,LA5
71229,32.63,-91.90,LA5
71230,32.24,-91.59,LA5
71232,32.41,-91.50,LA5
71233,32.33,-90.93,LA5
71234,32.65,-92.33,LA4:74|LA5:26
71235,32.69,-92.67,LA5:98|LA4:2
71237,32.59,-91.48,LA5
71238,32.36,-92.38,LA5
71241,32.78,-92.35,LA4
71242,32.79,-91.41,LA5
71243,31.95,-91.81,LA5
71245,32.53,-92.72,LA5
71247,32.27,-92.72,LA5
71250,32.96,-91.57,LA5
71251,32.22,-92.68,LA5:97|LA4:3
71253,33.00,-91.32,LA5
71254,32.81,-91.24,LA5
71256,32.95,-92.71,LA4
71259,32.26,-91.85,LA5
71260,32.91,-92.23,LA4
71261,32.78,-91.70,LA5
71263,32.87,-91.43,LA5
71264,32.60,-91.77,LA5
71266,32.71,-91.48,LA5
71268,32.35,-92.74,LA5:88|LA4:12
71269,32.44,-91.79,LA5
71270,32.49,-92.64,LA5
71272,32.53,-92.65,LA5
71275,32.51,-92.82,LA5:94|LA4:6
71276,32.58,-91.16,LA5
71277,32.94,-92.55,LA4
71279,32.49,-91.86,LA5
71280,32.72,-92.10,LA5:83|LA4:17
71282,32.35,-91.24,LA5
71286,32.65,-91.23,LA5
71291,32.57,-92.17,LA5
71292,32.40,-92.21,LA5
71295,32.14,-91.71,LA5
71301,31.27,-92.47,LA5
71302,31.20,-92.37,LA5
71303,31.27,-92.55,LA5
71316,31.29,-91.76,LA5
71320,31.11,-91.78,LA5
71322,30.87,-92.18,LA5
71323,31.27,-92.21,LA5
71325,31.02,-92.34,LA5:84|LA4:16
71326,31.77,-91.59,LA5
71327,30.98,-92.03,LA5
71328,31.35,-92.18,LA5
71330,31.11,-92.24,LA5
71331,31.25,-92.07,LA5
71333,30.91,-92.07,LA5
71334,31.67,-91.58,LA5
71336,32.03,-91.59,LA5
71339,31.01,-91.94,LA5
71340,31.76,-91.81,LA5
71341,31.06,-92.16,LA5
71342,31.59,-92.14,LA5
71343,31.52,-91.90,LA5
71345,30.73,-91.98,LA5
71346,31.12,-92.37,LA5
71350,31.07,-92.06,LA5
71351,31.18,-91.96,LA5
71353,30.61,-91.77,LA5:63|LA3:37
71354,31.41,-91.75,LA5
71355,31.06,-91.84,LA5
71356,30.84,-92.03,LA5
71357,32.12,-91.30,LA5
71358,30.72,-91.85,LA5
71359,31.32,-92.43,LA5
71360,31.32,-92.35,LA5
71362,30.90,-91.96,LA5
71366,31.95,-91.35,LA5
71367,30.88,-92.29,LA4:99|LA5:1
71368,31.88,-91.68,LA5
71369,30.94,-91.85,LA5
71371,31.67,-92.25,LA5
71373,31.38,-91.59,LA5
71375,31.84,-91.46,LA5
71378,31.94,-91.71,LA5
71401,31.79,-91.94,LA5
71403,31.21,-93.45,LA4
71404,31.75,-92.75,LA5
71405,31.41,-92.40,LA5
71406,31.73,-93.51,LA4
71407,31.52,-92.49,LA5
71409,31.31,-92.69,LA5
71410,31.96,-92.77,LA5
71411,31.91,-93.09,LA4
71414,31.83,-93.02,LA4
71415,32.03,-92.14,LA5
71416,31.54,-92.90,LA4
71417,31.51,-92.65,LA5
71418,32.14,-92.05,LA5
71419,31.80,-93.73,LA4
71422,32.08,-92.66,LA5
71423,31.60,-92.55,LA5
71424,31.18,-92.70,LA5
71425,31.89,-91.87,LA5
71426,31.49,-93.46,LA4
71427,31.38,-92.89,LA5:80|LA4:20
71428,31.61,-93.09,LA4
71429,31.40,-93.43,LA4
71430,31.06,-92.53,LA5
71432,31.75,-92.47,LA5
71433,31.00,-92.64,LA5
71434,31.44,-92.94,LA4
71435,32.03,-92.15,LA5
71438,31.10,-92.88,LA5:65|LA4:35
71439,31.34,-93.37,LA4
71441,31.95,-92.15,LA5
71446,31.16,-93.17,LA4
71447,31.41,-92.81,LA5:64|LA4:36
71449,31.52,-93.54,LA4
71450,31.78,-93.40,LA4
71452,31.58,-92.95,LA4
71454,31.69,-92.86,LA5
71455,31.40,-92.99,LA5:71|LA4:29
71456,31.62,-92.96,LA4
71457,31.74,-93.09,LA4:99|LA5:1
71459,31.08,-93.22,LA4
71461,31.12,-93.30,LA4
71462,31.67,-93.74,LA4
71463,30.81,-92.65,LA4:96|LA5:4
71465,31.87,-92.20,LA5
71466,31.22,-92.75,LA5
71467,31.56,-92.39,LA5
71468,31.48,-93.14,LA4
71469,31.69,-93.27,LA4
71472,31.17,-92.79,LA5
71473,32.07,-92.43,LA5
71474,31.28,-93.01,LA4
71475,31.20,-93.12,LA4
71479,31.86,-92.35,LA5
71480,31.87,-92.28,LA5
71483,31.89,-92.66,LA5
71485,31.17,-92.52,LA5
71486,31.63,-93.66,LA4
71497,31.75,-93.10,LA4
71601,34.18,-91.89,AR4
71602,34.27,-92.13,AR4
71603,34.12,-92.09,AR4:99|AR1:1
71630,33.61,-91.23,AR1
71631,33.58,-92.26,AR4
71635,33.13,-92.00,AR4
71638,33.52,-91.48,AR1:85|AR4:15
71639,33.89,-91.54,AR1
71640,33.12,-91.25,AR1
71642,33.39,-91.88,AR4
71643,34.02,-91.58,AR1
71644,34.10,-91.72,AR1:72|AR4:28
71646,33.21,-91.78,AR4
71647,33.36,-92.11,AR4
71651,33.33,-92.30,AR4
71652,33.89,-92.32,AR4
71653,33.37,-91.29,AR1
71654,33.62,-91.37,AR1
71655,33.63,-91.73,AR4
71658,33.33,-91.57,AR4
71659,34.14,-91.78,AR4
71660,33.76,-92.20,AR4
71661,33.15,-91.51,AR4:88|AR1:12
71662,33.81,-91.52,AR1
71663,33.23,-91.43,AR4:65|AR1:35
71665,33.93,-92.14,AR4
71666,33.74,-91.26,AR1
71667,33.94,-91.84,AR1:97|AR4:3
71670,33.75,-91.40,AR1:70|AR4:30
71671,33.60,-92.10,AR4
71674,33.83,-91.18,AR1
71675,33.61,-91.94,AR4:98|AR1:2
71676,33.05,-91.56,AR4:97|AR1:3
71677,33.76,-91.49,AR4
71678,34.02,-91.83,AR1
71701,33.58,-92.82,AR4
71720,33.78,-92.64,AR4
71721,33.89,-93.21,AR4
71722,33.72,-93.18,AR4
71724,33.33,-92.53,AR4
71725,34.04,-92.54,AR4
71726,33.68,-92.99,AR4
71728,34.01,-93.11,AR4
71730,33.20,-92.63,AR4
71740,33.08,-93.17,AR4
71742,33.83,-92.45,AR4
71743,33.89,-93.10,AR4
71744,33.50,-92.48,AR4
71745,33.50,-92.39,AR4
71747,33.05,-92.23,AR4
71748,33.90,-92.43,AR4
71749,33.07,-92.82,AR4|LA4
71751,33.41,-92.77,AR4
71752,33.39,-93.19,AR4
71753,33.22,-93.18,AR4
71758,33.31,-92.91,AR4
71759,33.32,-92.66,AR4
71762,33.34,-92.77,AR4
71763,33.91,-92.80,AR4
71764,33.43,-93.05,AR4
71765,33.14,-92.33,AR4
71766,33.73,-92.50,AR4
71770,33.39,-93.31,AR4
71772,33.83,-93.13,AR4
71801,33.62,-93.61,AR4
71820,33.79,-94.24,AR4
71822,33.67,-94.15,AR4
71823,33.83,-94.12,AR4
71825,33.88,-93.56,AR4
71826,33.09,-93.72,AR4
71827,33.39,-93.41,AR4
71831,33.77,-93.85,AR4
71832,34.04,-94.36,AR4
71833,34.13,-94.02,AR4
71834,33.11,-93.96,AR4
71835,33.68,-93.45,AR4
71836,33.71,-94.39,AR4
71837,33.25,-93.85,AR4
71838,33.65,-93.79,AR4
71839,33.29,-93.74,AR4
71841,34.16,-94.34,AR4
71842,33.89,-94.29,AR4
71845,33.32,-93.64,AR4
71846,33.92,-94.12,AR4
71847,33.92,-93.63,AR4
71851,33.86,-93.94,AR4
71852,33.99,-93.85,AR4
71853,33.59,-93.94,AR4
71854,33.44,-93.89,AR4
71855,33.86,-93.74,AR4
71857,33.80,-93.34,AR4
71858,33.59,-93.26,AR4
71859,33.72,-93.92,AR4
71860,33.31,-93.49,AR4
71861,33.10,-93.50,AR4
71862,33.78,-93.73,AR4
71864,33.51,-93.29,AR4
71865,33.74,-94.15,AR4
71866,33.87,-94.38,AR4
71901,34.53,-92.97,AR4
71909,34.64,-92.99,AR4:62|AR2:38
71913,34.45,-93.10,AR4
71921,34.25,-93.40,AR4
71922,34.02,-93.41,AR4
71923,34.09,-93.06,AR4
71929,34.30,-93.16,AR4
71933,34.41,-93.36,AR4
71935,34.39,-93.75,AR4
71937,34.40,-94.38,AR4|OK2
71940,34.01,-93.50,AR4
71941,34.25,-92.96,AR4
71942,34.22,-92.99,AR4
71943,34.33,-93.59,AR4
71944,34.24,-94.32,AR4
71945,34.50,-94.38,AR4
71949,34.69,-93.21,AR4
71950,34.26,-93.72,AR4
71952,34.28,-93.82,AR4
71953,34.62,-94.21,AR4|OK2
71956,34.61,-93.13,AR4
71957,34.56,-93.60,AR4
71958,34.11,-93.66,AR4
71959,34.25,-93.93,AR4
71960,34.47,-93.69,AR4
71961,34.60,-93.84,AR4
71962,34.05,-93.36,AR4
71964,34.42,-93.24,AR4
71965,34.65,-93.74,AR4
71968,34.52,-93.29,AR4
71969,34.67,-93.63,AR4
71970,34.67,-93.49,AR4
71971,34.30,-94.03,AR4
71972,34.39,-94.24,AR4
71973,34.29,-94.30,AR4
71998,34.13,-93.05,AR4
71999,34.13,-93.06,AR4
72001,35.06,-92.89,AR2
72002,34.67,-92.54,AR2
72003,34.38,-91.41,AR1
72004,34.39,-91.86,AR4:99|AR1:1
72005,35.54,-91.07,AR1
72006,35.24,-91.36,AR1
72007,35.00,-91.98,AR1
72010,35.31,-91.52,AR2
72011,34.50,-92.47,AR2
72012,35.10,-91.93,AR2
72013,35.46,-92.37,AR2
72014,35.43,-91.11,AR1
72015,34.49,-92.59,AR2:98|AR4:2
72016,34.98,-92.63,AR2
72017,34.88,-91.38,AR1
72019,34.63,-92.70,AR2
72020,35.47,-91.47,AR1:54|AR2:46
72021,34.86,-91.22,AR1
72022,34.61,-92.49,AR2
72023,34.96,-92.06,AR1:91|AR2:9
72024,34.75,-91.74,AR1
72025,35.05,-93.00,AR2:98|AR4:2
72026,34.52,-91.32,AR1
72027,35.37,-92.58,AR2
72028,35.54,-92.43,AR2
72029,34.71,-91.28,AR1
72030,35.43,-92.68,AR2
72031,35.60,-92.52,AR2:97|AR1:3
72032,35.07,-92.36,AR2
72034,35.05,-92.48,AR2
72035,35.08,-92.46,AR2
72036,35.01,-91.27,AR1
72038,34.45,-91.24,AR1
72039,35.36,-92.40,AR2
72040,34.97,-91.53,AR1
72041,34.73,-91.47,AR1
72042,34.27,-91.32,AR1
72044,35.69,-92.17,AR2:81|AR1:19
72045,35.09,-92.08,AR2
72046,34.56,-91.94,AR1:98|AR4:2
72047,35.23,-92.21,AR2
72048,34.23,-91.11,AR1
72051,35.79,-92.32,AR1
72052,35.14,-91.78,AR2
72053,34.70,-92.23,AR2
72055,34.10,-91.35,AR1
72057,34.13,-92.33,AR4
72058,35.25,-92.37,AR2
72059,35.15,-91.34,AR1
72060,35.08,-91.57,AR2:69|AR1:31
72061,35.32,-92.29,AR2
72063,35.32,-92.79,AR2:98|AR4:2
72064,34.80,-91.62,AR1
72065,34.53,-92.29,AR2:84|AR4:16
72066,34.98,-91.72,AR1
72067,35.56,-92.17,AR2
72068,35.14,-91.72,AR2
72069,34.53,-91.14,AR1
72070,35.01,-92.70,AR2
72072,34.52,-91.77,AR1:95|AR4:5
72073,34.37,-91.65,AR1:75|AR4:25
72074,35.07,-91.11,AR1
72075,35.64,-91.31,AR1
72076,34.91,-92.14,AR2:94|AR1:6
72079,34.39,-92.19,AR4
72080,35.43,-92.84,AR2:95|AR4:5
72081,35.38,-91.67,AR2
72082,35.24,-91.67,AR2
72083,34.61,-92.02,AR1
72084,34.14,-92.69,AR4
72085,35.37,-91.83,AR2
72086,34.81,-91.91,AR1
72087,34.60,-92.83,AR2:52|AR4:48
72088,35.60,-92.26,AR2
72099,34.90,-92.15,AR2
72101,35.23,-91.15,AR1
72102,35.14,-91.83,AR2
72103,34.59,-92.38,AR2:83|AR4:17
72104,34.35,-92.82,AR4:99|AR2:1
72106,34.97,-92.53,AR2
72107,35.14,-92.54,AR2
72108,34.73,-91.10,AR1
72110,35.15,-92.77,AR2
72111,35.24,-92.13,AR2
72112,35.58,-91.23,AR1
72113,34.86,-92.40,AR2
72114,34.76,-92.26,AR2
72116,34.80,-92.25,AR2
72117,34.78,-92.14,AR2:51|AR1:49
72118,34.84,-92.33,AR2
72119,34.84,-92.30,AR2
72120,34.90,-92.24,AR2
72121,35.46,-91.79,AR2
72122,34.77,-92.78,AR2
72123,35.26,-91.24,AR1
72125,35.07,-92.79,AR2
72126,34.94,-92.91,AR2
72127,35.17,-92.61,AR2
72128,34.31,-92.64,AR4
72129,34.31,-92.55,AR4
72130,35.66,-92.06,AR2
72131,35.40,-92.19,AR2
72132,34.44,-92.19,AR4
72133,34.10,-91.48,AR4
72134,34.62,-91.35,AR1
72135,34.88,-92.59,AR2
72136,35.24,-92.03,AR2
72137,35.34,-92.04,AR2
72139,35.36,-91.51,AR2
72140,34.38,-91.19,AR1
72141,35.52,-92.70,AR2
72142,34.67,-92.07,AR1
72143,35.23,-91.74,AR2
72150,34.31,-92.40,AR4
72152,34.36,-91.98,AR4
72153,35.66,-92.32,AR2:92|AR1:8
72156,35.29,-92.68,AR2
72157,35.27,-92.57,AR2
72160,34.44,-91.53,AR1
72165,35.58,-91.47,AR1
72166,34.07,-91.22,AR1
72167,34.43,-92.65,AR2:66|AR4:34
72168,34.43,-91.97,AR4
72169,35.39,-91.23,AR1
72170,34.57,-91.42,AR1
72173,35.10,-92.21,AR2
72175,34.33,-91.76,AR4
72176,34.99,-91.85,AR1
72178,35.20,-91.61,AR2
72179,35.50,-91.87,AR2
72180,34.53,-92.21,AR4
72181,35.16,-92.45,AR2
72182,34.43,-92.09,AR4
72183,34.60,-92.19,AR4
72199,34.83,-92.29,AR2
72201,34.75,-92.28,AR2
72202,34.74,-92.25,AR2
72204,34.72,-92.36,AR2
72205,34.75,-92.35,AR2
72206,34.63,-92.25,AR4:52|AR2:48
72207,34.78,-92.34,AR2
72209,34.68,-92.34,AR4:54|AR2:46
72210,34.71,-92.51,AR2
72211,34.75,-92.42,AR2
72212,34.79,-92.42,AR2
72223,34.79,-92.50,AR2
72227,34.78,-92.37,AR2
72301,35.13,-90.18,AR1
72311,34.72,-90.90,AR1
72313,35.53,-90.14,AR1
72315,35.90,-89.90,AR1
72320,34.82,-90.54,AR1
72322,35.07,-90.81,AR1
72324,35.39,-90.78,AR1
72325,35.33,-90.25,AR1
72326,35.12,-90.91,AR1
72327,35.24,-90.33,AR1
72328,34.01,-91.11,AR1
72329,35.62,-89.97,AR1
72330,35.59,-90.20,AR1
72331,35.28,-90.47,AR1
72332,35.10,-90.30,AR1
72333,34.29,-90.88,AR1
72335,34.99,-90.75,AR1
72338,35.43,-90.14,AR1|TN5
72339,35.42,-90.26,AR1
72340,34.96,-91.04,AR1
72341,34.88,-90.77,AR1
72342,34.44,-90.66,AR1
72346,35.08,-90.48,AR1
72347,35.38,-90.99,AR1
72348,34.94,-90.42,AR1
72350,35.50,-90.13,AR1
72351,35.68,-90.10,AR1
72352,34.66,-90.73,AR1
72353,34.32,-91.00,AR1
72354,35.64,-90.31,AR1
72355,34.46,-90.85,AR1
72358,35.79,-89.89,AR1
72359,35.02,-90.72,AR1
72360,34.75,-90.78,AR1
72364,35.21,-90.19,AR1
72365,35.56,-90.42,AR1
72366,34.53,-90.95,AR1
72367,34.18,-91.02,AR1
72368,34.81,-91.02,AR1
72369,34.46,-90.79,AR1
72370,35.67,-90.06,AR1
72372,34.97,-90.95,AR1
72373,35.29,-90.61,AR1
72374,34.56,-90.84,AR1
72376,35.09,-90.31,AR1
72377,35.68,-90.34,AR1
72379,34.07,-91.05,AR1
72383,34.49,-91.04,AR1
72384,35.38,-90.22,AR1
72386,35.46,-90.37,AR1
72387,35.32,-90.77,AR1
72389,34.37,-90.88,AR1
72390,34.55,-90.68,AR1
72391,35.68,-90.27,AR1
72392,34.97,-91.09,AR1
72394,35.06,-90.61,AR1
72395,35.59,-90.02,AR1
72396,35.23,-90.83,AR1
72401,35.83,-90.58,AR1
72404,35.78,-90.79,AR1
72405,35.90,-90.65,AR1
72410,35.95,-91.10,AR1
72411,35.75,-90.58,AR1
72412,36.13,-90.69,AR1
72413,36.30,-90.82,AR1
72414,35.84,-90.37,AR1
72415,36.13,-91.18,AR1
72416,35.96,-90.78,AR1
72417,35.92,-90.53,AR1
72419,35.74,-90.35,AR1
72421,35.78,-90.98,AR1
72422,36.42,-90.52,AR1
72424,36.39,-90.73,AR1
72425,36.23,-90.75,AR1
72426,35.86,-90.04,AR1
72427,35.87,-90.95,AR1
72428,35.74,-90.22,AR1
72429,35.49,-90.94,AR1
72430,36.34,-90.17,AR1
72431,35.63,-91.08,AR1
72432,35.55,-90.73,AR1
72433,36.03,-91.04,AR1
72434,36.22,-91.16,AR1
72435,36.31,-90.55,AR1
72436,36.24,-90.48,AR1
72437,35.83,-90.46,AR1
72438,35.94,-90.23,AR1
72440,35.99,-91.26,AR1
72441,36.44,-90.39,AR1
72442,35.83,-90.19,AR1
72443,36.18,-90.40,AR1
72444,36.43,-90.85,AR1
72445,35.98,-91.03,AR1
72447,35.91,-90.33,AR1
72449,36.17,-90.82,AR1
72450,36.08,-90.52,AR1
72453,36.31,-90.67,AR1
72454,36.41,-90.20,AR1
72455,36.32,-91.05,AR1
72456,36.45,-90.33,AR1
72457,36.09,-91.07,AR1
72458,36.07,-91.16,AR1
72459,36.27,-91.30,AR1
72460,36.35,-91.15,AR1
72461,36.27,-90.27,AR1
72462,36.39,-90.76,AR1
72464,36.45,-90.15,AR1
72466,36.04,-91.33,AR1
72467,35.84,-90.68,AR1
72469,35.95,-91.29,AR1
72470,36.47,-90.69,AR1
72471,35.82,-91.12,AR1
72472,35.59,-90.55,AR1
72473,35.74,-91.17,AR1
72476,36.05,-90.92,AR1
72478,36.46,-91.05,AR1
72479,35.63,-90.90,AR1
72482,36.27,-91.36,AR1
72501,35.79,-91.65,AR1
72512,36.22,-91.75,AR1
72513,36.23,-91.65,AR1
72515,36.28,-92.06,AR1
72517,36.15,-91.95,AR1
72519,36.13,-92.18,AR1
72520,36.40,-91.72,AR1
72521,35.95,-91.54,AR1
72522,35.80,-91.47,AR1
72523,35.63,-91.84,AR2:92|AR1:8
72524,35.84,-91.31,AR1
72526,35.88,-91.77,AR1
72527,35.74,-91.68,AR1
72528,36.24,-92.11,AR1
72529,36.29,-91.57,AR1
72530,35.62,-91.97,AR2:95|AR1:5
72531,36.31,-92.15,AR1
72532,36.09,-91.59,AR1
72533,35.98,-92.25,AR1
72534,35.59,-91.74,AR1:91|AR2:9
72536,36.14,-91.77,AR1
72537,36.45,-92.23,AR1
72538,36.45,-92.10,AR1
72539,36.33,-91.72,AR1
72540,35.92,-91.91,AR1
72542,36.30,-91.47,AR1
72543,35.46,-92.00,AR2
72544,36.40,-92.19,AR1
72546,35.58,-91.94,AR2
72550,35.71,-91.78,AR1:73|AR2:27
72553,35.70,-91.48,AR1
72554,36.44,-91.56,AR1
72555,35.77,-91.87,AR1
72556,36.01,-91.97,AR1
72560,35.84,-92.08,AR1
72561,35.93,-91.81,AR1
72562,35.73,-91.39,AR1
72564,35.61,-91.45,AR1
72565,36.22,-91.91,AR1
72566,36.21,-92.06,AR1
72567,35.82,-91.92,AR1
72568,35.57,-91.62,AR1:93|AR2:7
72569,36.08,-91.46,AR1
72571,35.64,-91.55,AR1
72572,35.90,-91.29,AR1
72573,36.08,-91.80,AR1
72576,36.35,-91.86,AR1
72577,36.03,-91.71,AR1
72578,36.47,-91.86,AR1
72579,35.84,-91.44,AR1
72581,35.55,-91.97,AR2
72583,36.41,-91.99,AR1
72584,36.15,-91.85,AR1
72585,36.18,-92.01,AR1
72587,36.22,-91.82,AR1
72601,36.24,-93.09,AR1:99|AR4:1
72611,36.25,-93.32,AR3:52|AR1:47|AR4:1
72615,36.32,-93.01,AR1
72616,36.35,-93.55,AR3
72617,36.02,-92.39,AR1
72619,36.37,-92.59,AR1
72623,36.46,-92.29,AR1
72624,36.08,-93.36,AR4:93|AR3:7
72626,36.32,-92.55,AR1
72628,35.84,-93.28,AR4
72629,35.74,-92.57,AR2
72630,36.46,-92.92,AR1
72631,36.47,-93.73,AR3
72632,36.37,-93.74,AR3
72633,36.15,-92.88,AR1
72634,36.25,-92.56,AR1
72635,36.32,-92.48,AR1
72636,35.99,-92.72,AR1
72638,36.33,-93.40,AR3:99|AR4:1
72639,36.02,-92.50,AR1
72640,36.00,-93.06,AR4
72641,36.00,-93.21,AR4
72642,36.37,-92.54,AR1
72644,36.41,-92.97,AR1|MO7
72645,35.80,-92.58,AR1:87|AR2:13
72648,36.09,-93.16,AR4
72650,35.86,-92.69,AR1
72651,36.39,-92.48,AR1
72653,36.34,-92.39,AR1
72655,35.91,-93.04,AR4
72658,36.15,-92.32,AR1
72660,36.48,-93.38,AR3
72661,36.43,-92.60,AR1
72662,36.43,-93.18,AR1:99|AR3:1
72663,35.94,-92.33,AR1
72666,35.95,-93.29,AR4
72668,36.45,-92.76,AR1
72669,36.06,-92.87,AR1
72670,35.98,-93.37,AR4
72672,36.29,-92.84,AR1
72675,36.00,-92.80,AR1
72677,36.26,-92.70,AR1
72679,35.74,-92.80,AR1:58|AR4:35|AR2:7
72680,35.88,-92.33,AR1
72682,36.14,-92.74,AR1
72683,35.93,-93.12,AR4
72685,36.06,-92.99,AR4:84|AR1:16
72686,35.60,-92.96,AR1:72|AR4:28
72687,36.29,-92.65,AR1
72701,35.99,-94.09,AR3
72703,36.12,-94.04,AR3
72704,36.11,-94.30,AR3
72712,36.40,-94.22,AR3
72713,36.30,-94.28,AR3
72714,36.47,-94.22,AR3
72715,36.47,-94.31,AR3
72717,35.84,-94.41,AR3
72718,36.26,-94.22,AR3
72719,36.37,-94.30,AR3
72721,35.78,-93.78,AR3:99|AR4:1
72722,36.34,-94.47,AR3
72727,35.91,-93.93,AR3
72729,35.79,-94.47,AR3
72730,36.03,-94.27,AR3
72732,36.43,-93.96,AR3
72734,36.27,-94.45,AR3
72736,36.41,-94.47,AR3
72738,36.16,-93.89,AR3
72739,36.43,-94.33,AR3
72740,36.10,-93.65,AR3
72742,36.00,-93.52,AR3:91|AR4:9
72744,35.96,-94.44,AR3
72745,36.25,-94.10,AR3
72747,36.37,-94.58,AR3
72749,35.87,-94.44,AR3
72751,36.46,-94.12,AR3
72752,35.83,-93.57,AR3:78|AR4:22
72753,35.93,-94.33,AR3
72756,36.33,-94.00,AR3
72758,36.30,-94.14,AR3
72760,35.84,-93.70,AR3
72761,36.17,-94.46,AR3
72762,36.18,-94.23,AR3
72764,36.18,-94.06,AR3
72768,36.47,-94.49,AR3
72769,36.04,-94.50,AR3
72773,36.02,-93.84,AR3
72774,35.93,-94.15,AR3
72776,35.91,-93.67,AR3
72801,35.28,-93.14,AR4
72802,35.32,-93.08,AR4
72821,35.46,-93.71,AR4
72823,35.25,-92.89,AR4:97|AR2:3
72824,35.13,-93.42,AR4
72826,35.13,-93.71,AR4
72827,34.87,-93.63,AR4
72828,34.93,-93.54,AR4
72829,35.10,-93.18,AR4
72830,35.52,-93.51,AR4
72832,35.43,-93.67,AR4
72833,35.01,-93.50,AR4
72834,35.17,-93.20,AR4
72835,35.27,-93.35,AR4
72837,35.52,-93.11,AR4
72838,34.89,-93.66,AR4
72839,35.63,-93.24,AR4
72840,35.46,-93.62,AR4
72841,34.86,-93.78,AR4
72842,35.09,-93.58,AR4
72843,35.58,-92.90,AR4
72845,35.36,-93.38,AR4
72846,35.48,-93.33,AR4
72847,35.37,-93.27,AR4
72851,35.26,-93.44,AR4
72852,35.67,-93.55,AR4:97|AR3:3
72853,35.01,-93.23,AR4:93|AR2:7
72854,35.70,-93.43,AR4
72855,35.24,-93.67,AR4
72856,35.77,-93.06,AR4
72857,34.86,-93.32,AR4:74|AR2:26
72858,35.21,-93.04,AR4
72860,34.97,-93.45,AR4
72863,35.37,-93.51,AR4
72865,35.31,-93.55,AR4
72901,35.37,-94.41,AR3
72903,35.35,-94.36,AR3
72904,35.42,-94.38,AR3
72905,35.26,-94.24,AR3
72908,35.31,-94.41,AR3
72916,35.27,-94.37,AR3:91|AR4:9
72921,35.46,-94.19,AR3
72923,35.31,-94.29,AR3
72926,34.71,-94.02,AR4
72927,35.08,-93.94,AR4:97|AR3:3
72928,35.29,-93.93,AR4
72930,35.43,-94.13,AR4:75|AR3:25
72932,35.60,-94.38,AR3
72933,35.33,-94.01,AR4:82|AR3:18
72934,35.69,-94.28,AR3
72935,35.49,-94.13,AR3
72936,35.19,-94.22,AR3:97|AR4:3
72937,35.12,-94.39,AR4:87|AR3:13
72938,35.00,-94.38,AR4
72940,35.12,-94.26,AR4:95|AR3:5
72941,35.35,-94.16,AR3
72943,35.18,-93.79,AR4
72944,35.04,-94.24,AR4
72945,35.10,-94.36,AR4
72946,35.65,-94.14,AR3:96|AR4:4
72947,35.55,-94.04,AR3:74|AR4:26
72948,35.70,-94.39,AR3
72949,35.56,-93.81,AR4
72950,34.79,-93.90,AR4
72951,35.30,-93.89,AR4
72952,35.57,-94.30,AR3
72955,35.61,-94.44,AR3
72956,35.47,-94.35,AR3
72958,34.91,-94.15,AR4
72959,35.78,-94.06,AR3
73001,35.23,-98.42,OK3
73002,34.96,-97.74,OK4
73003,35.67,-97.50,OK5
73004,35.17,-97.80,OK4
73005,35.05,-98.24,OK3
73006,34.91,-98.40,OK3:71|OK4:29
73007,35.69,-97.33,OK5
73008,35.51,-97.64,OK5
73009,35.29,-98.37,OK3
73010,35.10,-97.67,OK4
73011,34.85,-97.75,OK4
73012,35.67,-97.59,OK5
73013,35.62,-97.50,OK5
73014,35.59,-98.15,OK3
73015,35.07,-98.60,OK3
73016,35.79,-97.69,OK3:62|OK5:38
73017,34.93,-98.10,OK3:60|OK4:40
73018,35.05,-97.94,OK4
73019,35.21,-97.44,OK4
73020,35.46,-97.26,OK5:98|OK4:2
73021,35.32,-98.67,OK3
73022,35.62,-97.99,OK3
73024,35.37,-98.81,OK3
73025,35.73,-97.57,OK5
73026,35.24,-97.28,OK4
73027,35.97,-97.24,OK5:55|OK3:45
73028,35.98,-97.63,OK3
73029,34.91,-98.21,OK3
73030,34.47,-97.19,OK4
73031,35.03,-97.63,OK4
73032,34.40,-97.05,OK4
73033,35.31,-98.56,OK3
73034,35.70,-97.43,OK5
73036,35.51,-97.96,OK3
73038,35.12,-98.45,OK3
73040,35.65,-98.38,OK3
73041,35.03,-98.88,OK3
73042,35.22,-98.25,OK3
73043,35.73,-98.40,OK3
73044,35.87,-97.43,OK5:98|OK3:2
73045,35.51,-97.14,OK5
73047,35.46,-98.32,OK3
73048,35.50,-98.55,OK3
73049,35.58,-97.29,OK5
73050,35.94,-97.26,OK5
73051,35.03,-97.25,OK4
73052,34.83,-97.60,OK4
73053,35.36,-98.41,OK3
73054,35.67,-97.20,OK5
73055,34.65,-97.92,OK4
73056,36.17,-97.61,OK3
73057,34.83,-97.43,OK4
73058,35.82,-97.23,OK5
73059,35.33,-98.05,OK4:79|OK3:21
73061,36.37,-97.02,OK3
73062,35.02,-98.74,OK3
73063,36.06,-97.43,OK3
73064,35.37,-97.75,OK3
73065,35.26,-97.61,OK4
73066,35.50,-97.33,OK5
73067,34.91,-97.91,OK4
73068,35.14,-97.28,OK4
73069,35.26,-97.47,OK4
73070,35.23,-97.43,OK4
73071,35.24,-97.41,OK4
73072,35.21,-97.50,OK4
73073,36.16,-97.39,OK3
73074,34.83,-97.27,OK4
73075,34.75,-97.23,OK4
73077,36.30,-97.27,OK3
73078,35.67,-97.75,OK5
73079,35.21,-98.01,OK4:89|OK3:11
73080,35.02,-97.45,OK4
73082,34.78,-97.90,OK4
73084,35.53,-97.35,OK5
73086,34.49,-96.97,OK4
73089,35.27,-97.80,OK4
73090,35.40,-97.96,OK3
73092,35.13,-98.07,OK4:86|OK3:14
73093,35.11,-97.51,OK4
73095,34.91,-97.29,OK4
73096,35.51,-98.72,OK3
73097,35.40,-97.65,OK3
73098,34.63,-97.16,OK4
73099,35.52,-97.77,OK5:82|OK3:18
73102,35.47,-97.52,OK5
73103,35.49,-97.52,OK5
73104,35.48,-97.50,OK5
73105,35.52,-97.50,OK5
73106,35.48,-97.54,OK3:58|OK5:42
73107,35.48,-97.57,OK3:74|OK5:26
73108,35.45,-97.57,OK3
73109,35.43,-97.52,OK3:99|OK5:1
73110,35.45,-97.39,OK4
73111,35.52,-97.48,OK5
73112,35.52,-97.57,OK5
73114,35.58,-97.52,OK5
73115,35.44,-97.44,OK4
73116,35.55,-97.56,OK5
73117,35.47,-97.46,OK5:87|OK4:12|OK3:1
73118,35.52,-97.53,OK5
73119,35.42,-97.57,OK3
73120,35.58,-97.57,OK5
73121,35.52,-97.44,OK5
73122,35.52,-97.61,OK5
73127,35.48,-97.65,OK5:87|OK3:13
73128,35.44,-97.66,OK3:94|OK5:6
73129,35.43,-97.48,OK3
73130,35.46,-97.35,OK4:77|OK5:23
73131,35.58,-97.47,OK5
73132,35.54,-97.64,OK5
73134,35.62,-97.57,OK5
73135,35.40,-97.43,OK3:67|OK4:33
73139,35.39,-97.53,OK3:56|OK4:44
73141,35.52,-97.39,OK5:64|OK4:36
73142,35.61,-97.65,OK5
73145,35.42,-97.41,OK4
73149,35.39,-97.49,OK3
73150,35.40,-97.33,OK5:57|OK4:43
73151,35.57,-97.42,OK5
73159,35.39,-97.58,OK3:69|OK4:31
73160,35.34,-97.48,OK4
73162,35.58,-97.64,OK5
73165,35.36,-97.37,OK4
73169,35.38,-97.65,OK3:84|OK4:16
73170,35.33,-97.55,OK4
73173,35.34,-97.63,OK4
73179,35.43,-97.65,OK3
73401,34.21,-97.11,OK4
73425,34.46,-97.57,OK4
73430,33.90,-97.36,OK4
73432,34.25,-96.42,OK2
73433,34.64,-97.42,OK4
73434,34.62,-97.58,OK4
73435,34.36,-97.50,OK4
73436,34.29,-97.04,OK4
73437,34.37,-97.41,OK4
73438,34.28,-97.50,OK4
73439,33.94,-96.74,OK2
73440,33.96,-96.89,OK2
73441,33.87,-97.44,OK4
73442,34.32,-97.69,OK4
73443,34.16,-97.30,OK4
73444,34.47,-97.39,OK4
73446,34.09,-96.78,OK2:99|OK4:1
73447,34.25,-96.85,OK2
73448,33.95,-97.11,OK4
73449,33.99,-96.54,OK2
73450,34.27,-96.54,OK2
73453,34.03,-97.27,OK4
73455,34.23,-96.76,OK2
73456,34.11,-97.62,OK4
73458,34.35,-97.31,OK4
73459,33.77,-97.14,OK4
73460,34.30,-96.67,OK2
73461,34.36,-96.43,OK2
73463,34.12,-97.43,OK4
73481,34.43,-97.53,OK4
73487,34.47,-97.44,OK4
73488,34.49,-97.56,OK4
73491,34.47,-97.66,OK4
73501,34.56,-98.29,OK4
73503,34.68,-98.49,OK4
73505,34.57,-98.49,OK4
73507,34.73,-98.47,OK4
73520,34.27,-97.98,OK4
73521,34.64,-99.32,OK3
73523,34.66,-99.29,OK3
73526,34.79,-99.27,OK3
73527,34.58,-98.62,OK4
73528,34.40,-98.65,OK4
73529,34.34,-97.95,OK4
73530,34.25,-99.05,OK4
73531,34.20,-98.53,OK4
73532,34.63,-99.59,OK3
73533,34.50,-97.85,OK4
73537,34.47,-99.68,OK3
73538,34.78,-98.38,OK4
73539,34.46,-99.28,OK3
73540,34.47,-98.56,OK4
73541,34.79,-98.18,OK4
73542,34.40,-98.94,OK4
73543,34.47,-98.39,OK4
73544,34.66,-99.75,OK3
73546,34.22,-98.72,OK4
73547,34.97,-99.40,OK3
73548,34.21,-98.13,OK4
73549,34.64,-99.15,OK3
73550,34.70,-99.90,OK3
73551,34.31,-98.88,OK4
73552,34.63,-98.76,OK4:99|OK3:1
73553,34.33,-98.70,OK4
73554,34.84,-99.61,OK3
73555,34.50,-98.97,OK4
73556,34.73,-99.39,OK3
73557,34.73,-98.50,OK4
73559,34.73,-98.94,OK3:93|OK4:7
73560,34.55,-99.45,OK3
73562,34.19,-98.40,OK4
73564,34.85,-99.00,OK3
73565,34.02,-97.89,OK4
73566,34.62,-98.93,OK3:97|OK4:3
73567,34.75,-98.17,OK4
73568,34.26,-98.22,OK4
73569,33.94,-97.78,OK4
73570,34.51,-99.11,OK4
73571,34.91,-99.93,OK3
73572,34.37,-98.33,OK4
73573,34.14,-97.96,OK4
73601,35.49,-98.95,OK3
73620,35.62,-99.03,OK3
73622,35.40,-99.00,OK3
73624,35.36,-99.17,OK3
73625,35.69,-99.19,OK3
73626,35.44,-99.29,OK3
73627,35.20,-99.45,OK3
73628,35.63,-99.70,OK3
73632,35.27,-98.91,OK3
73638,35.85,-99.80,OK3
73639,35.74,-98.96,OK3
73641,35.27,-99.20,OK3
73642,35.82,-99.91,OK3
73644,35.40,-99.43,OK3
73645,35.17,-99.87,OK3
73646,35.82,-98.62,OK3
73647,35.44,-99.15,OK3
73650,35.64,-99.42,OK3
73651,35.03,-99.07,OK3
73654,35.86,-99.37,OK3
73655,34.98,-99.25,OK3
73658,35.95,-98.72,OK3
73659,35.88,-98.94,OK3
73660,35.63,-99.91,OK3
73661,35.17,-99.02,OK3
73662,35.32,-99.66,OK3
73663,36.10,-98.89,OK3
73664,35.17,-99.24,OK3
73666,35.42,-99.92,OK3
73667,36.01,-99.04,OK3
73668,35.23,-99.97,OK3
73669,35.75,-98.74,OK3
73673,35.05,-99.64,OK3
73701,36.43,-97.79,OK3
73703,36.44,-97.97,OK3
73705,36.34,-97.90,OK3
73716,36.49,-98.55,OK3
73717,36.84,-98.78,OK3
73718,36.21,-98.17,OK3
73719,36.96,-98.26,OK3
73720,36.19,-97.87,OK3
73722,36.93,-98.35,OK3
73724,36.03,-98.69,OK3
73726,36.59,-98.51,OK3
73727,36.48,-98.04,OK3
73728,36.73,-98.40,OK3
73729,36.39,-98.45,OK3
73730,36.31,-97.54,OK3
73731,36.64,-98.60,OK3
73733,36.25,-97.69,OK3
73734,35.98,-97.85,OK3
73735,36.28,-98.06,OK3
73736,36.34,-97.68,OK3
73737,36.30,-98.58,OK3
73738,36.44,-97.56,OK3
73739,36.51,-98.13,OK3
73741,36.55,-98.27,OK3
73742,36.10,-97.92,OK3
73743,36.56,-97.99,OK3
73744,35.95,-98.29,OK3
73746,36.69,-98.66,OK3
73747,36.23,-98.34,OK3
73749,36.70,-98.16,OK3
73750,35.85,-97.94,OK3
73753,36.56,-97.86,OK3
73754,36.38,-98.10,OK3
73755,36.14,-98.60,OK3
73756,35.98,-98.11,OK3
73757,36.28,-97.45,OK3
73758,36.93,-98.09,OK3
73759,36.86,-97.71,OK3
73760,36.38,-98.17,OK3
73761,36.68,-98.03,OK3
73762,35.71,-97.98,OK3:98|OK5:2
73763,36.10,-98.33,OK3
73764,35.85,-98.20,OK3
73766,36.65,-97.84,OK3
73768,36.37,-98.27,OK3
73770,36.05,-98.50,OK3
73771,36.88,-97.96,OK3
73772,35.87,-98.42,OK3
73773,36.25,-97.92,OK3
73801,36.49,-99.41,OK3
73832,36.05,-99.69,OK3
73834,36.85,-99.57,OK3
73835,35.97,-99.22,OK3
73838,36.24,-98.88,OK3
73840,36.40,-99.64,OK3
73841,36.55,-99.62,OK3
73842,36.82,-99.22,OK3
73843,36.40,-99.83,OK3
73844,36.90,-100.16,OK3
73848,36.63,-100.04,OK3
73851,36.57,-99.78,OK3
73852,36.48,-99.12,OK3
73853,36.24,-99.16,OK3
73855,36.87,-99.85,OK3
73857,36.27,-99.33,OK3
73858,36.17,-99.93,OK3
73859,36.14,-99.29,OK3
73860,36.54,-98.84,OK3
73901,36.75,-101.08,OK3
73931,36.59,-100.80,OK3
73932,36.69,-100.51,OK3
73933,36.74,-102.58,OK3
73937,36.57,-102.76,OK3
73938,36.93,-100.58,OK3
73939,36.78,-101.79,OK3
73942,36.74,-101.50,OK3
73944,36.58,-101.10,OK3
73945,36.83,-101.23,OK3
73946,36.94,-102.80,OK3
73947,36.84,-102.17,OK3
73949,36.60,-101.99,OK3|TX13
73950,36.85,-100.89,OK3
73951,36.94,-101.05,OK3
73960,36.49,-101.79,TX13
74001,36.49,-96.06,OK3
74002,36.56,-96.14,OK3
74003,36.73,-96.07,OK2:88|OK3:12
74006,36.71,-95.90,OK2
74008,35.92,-95.88,OK1
74010,35.81,-96.36,OK3:99|OK2:1
74011,35.98,-95.81,OK1
74012,36.05,-95.81,OK1
74014,36.05,-95.66,OK1
74015,36.18,-95.72,OK1:82|OK2:18
74016,36.55,-95.45,OK2
74017,36.39,-95.59,OK2
74019,36.28,-95.60,OK2
74020,36.25,-96.42,OK3
74021,36.38,-95.85,OK1:78|OK2:22
74022,36.93,-95.98,OK2:97|OK3:3
74023,35.96,-96.75,OK3:92|OK5:8
74026,35.72,-96.78,OK5
74027,36.81,-95.61,OK2
74028,35.79,-96.52,OK3
74029,36.82,-95.89,OK2
74030,35.98,-96.57,OK3
74032,36.21,-96.90,OK3
74033,35.95,-96.01,OK1
74034,36.23,-96.56,OK3
74035,36.40,-96.38,OK3
74036,36.16,-95.51,OK2
74037,36.00,-95.98,OK1
74038,36.16,-96.56,OK3
74039,35.90,-96.24,OK3
74041,35.94,-96.06,OK1
74042,36.91,-95.54,OK2
74044,36.08,-96.38,OK3
74045,36.22,-96.70,OK3
74046,35.75,-96.57,OK3
74047,35.85,-96.03,OK1:56|OK2:44
74048,36.69,-95.65,OK2
74050,36.07,-96.07,OK1
74051,36.61,-95.96,OK2:93|OK3:7
74052,36.07,-96.57,OK3
74053,36.43,-95.74,OK2
74054,36.28,-96.33,OK3
74055,36.28,-95.82,OK1:94|OK2:6
74056,36.80,-96.33,OK3
74058,36.36,-96.76,OK3
74059,35.97,-97.07,OK3:95|OK5:5
74060,36.25,-96.25,OK3
74061,36.53,-95.89,OK2
74062,36.04,-96.90,OK3
74063,36.15,-96.20,OK1:82|OK3:18
74066,35.99,-96.17,OK1:93|OK3:7
74068,35.91,-96.58,OK3
74070,36.40,-96.09,OK3:70|OK1:26|OK2:5
74071,35.78,-96.26,OK3
74072,36.96,-95.62,OK2
74073,36.30,-96.01,OK1:56|OK3:44
74074,36.08,-97.06,OK3
74075,36.17,-97.08,OK3
74077,36.12,-97.07,OK3
74078,36.13,-97.08,OK3
74079,35.74,-96.66,OK5:92|OK3:8
74080,36.54,-95.75,OK2
74081,36.18,-96.46,OK3
74082,36.45,-95.88,OK2
74083,36.88,-95.75,OK2
74084,36.53,-96.33,OK3
74085,36.11,-96.72,OK3
74103,36.16,-96.00,OK1
74104,36.15,-95.95,OK1
74105,36.10,-95.96,OK1
74106,36.19,-95.99,OK1:96|OK3:4
74107,36.11,-96.03,OK1
74108,36.14,-95.79,OK1
74110,36.19,-95.95,OK1
74112,36.15,-95.90,OK1
74114,36.13,-95.95,OK1
74115,36.20,-95.91,OK1
74116,36.19,-95.84,OK1
74117,36.25,-95.90,OK1
74119,36.14,-95.99,OK1
74120,36.15,-95.98,OK1
74126,36.24,-96.02,OK1:90|OK3:10
74127,36.17,-96.05,OK1:64|OK3:36
74128,36.15,-95.85,OK1
74129,36.13,-95.87,OK1
74130,36.24,-95.96,OK1
74131,36.05,-96.07,OK1
74132,36.05,-96.02,OK1
74133,36.04,-95.88,OK1
74134,36.11,-95.80,OK1
74135,36.10,-95.92,OK1
74136,36.06,-95.94,OK1
74137,36.02,-95.93,OK1
74145,36.10,-95.89,OK1
74146,36.10,-95.86,OK1
74171,36.05,-95.95,OK1
74301,36.68,-95.24,OK2
74330,36.44,-95.26,OK2
74331,36.65,-94.95,OK2
74332,36.55,-95.32,OK2
74333,36.79,-95.08,OK2
74337,36.14,-95.34,OK2
74338,36.26,-94.71,OK2
74339,36.93,-94.88,OK2
74340,36.47,-95.02,OK2
74342,36.43,-94.94,OK2
74343,36.74,-94.82,OK2
74344,36.60,-94.74,OK2
74346,36.44,-94.75,OK2
74347,36.20,-94.79,OK2
74349,36.51,-95.03,OK2
74350,36.47,-95.05,OK2
74352,36.14,-95.19,OK2
74354,36.89,-94.88,OK2
74358,36.92,-94.88,OK2
74359,36.17,-94.85,OK2
74360,36.98,-94.84,OK2
74361,36.31,-95.31,OK2
74363,36.96,-94.71,OK2
74364,36.20,-94.95,OK2
74365,36.29,-95.06,OK2
74366,36.38,-95.03,OK2
74367,36.42,-95.11,OK2
74368,36.21,-94.85,OK2
74369,36.92,-95.20,OK2
74370,36.75,-94.68,OK2
74401,35.72,-95.45,OK2
74403,35.68,-95.31,OK2
74421,35.76,-96.04,OK2
74422,35.64,-95.69,OK2
74423,35.64,-95.22,OK2
74425,35.17,-95.62,OK2
74426,35.45,-95.53,OK2
74427,35.68,-94.89,OK2
74428,35.55,-95.65,OK2
74429,35.95,-95.63,OK1
74430,35.13,-95.65,OK2
74431,35.46,-95.94,OK2
74432,35.28,-95.65,OK2
74434,35.79,-95.19,OK2
74435,35.59,-95.09,OK2
74436,35.81,-95.70,OK2:81|OK1:19
74437,35.44,-95.93,OK2
74438,35.51,-95.76,OK2
74441,35.98,-95.15,OK2
74442,35.12,-95.82,OK2
74445,35.63,-95.83,OK2
74446,35.85,-95.32,OK2
74447,35.65,-96.01,OK2
74450,35.60,-95.47,OK2
74451,35.72,-95.01,OK2
74452,36.12,-95.07,OK2
74454,35.84,-95.51,OK1:95|OK2:5
74455,35.36,-95.27,OK2
74456,35.71,-95.99,OK2
74457,36.01,-94.84,OK2
74458,35.88,-95.59,OK1
74459,35.52,-95.49,OK2
74460,35.50,-95.96,OK2
74462,35.28,-95.15,OK2
74463,35.77,-95.55,OK2
74464,35.94,-94.97,OK2
74467,35.97,-95.39,OK2
74468,35.62,-95.60,OK2
74469,35.51,-95.32,OK2
74470,35.48,-95.17,OK2
74471,35.83,-94.87,OK2
74472,35.25,-95.26,OK2
74477,36.00,-95.27,OK2
74501,34.98,-95.79,OK2
74521,34.66,-95.10,OK2
74522,34.88,-95.68,OK2
74523,34.25,-95.60,OK2
74525,34.33,-96.06,OK2
74528,34.70,-95.73,OK2
74530,34.43,-96.54,OK2
74531,34.88,-96.23,OK2
74533,34.21,-96.20,OK2
74534,34.62,-96.36,OK2
74535,34.49,-96.45,OK2
74536,34.58,-95.42,OK2
74538,34.57,-96.25,OK2
74540,34.57,-95.71,OK2
74543,34.36,-95.38,OK2
74546,34.85,-95.58,OK2
74547,34.81,-95.60,OK2
74549,34.56,-94.89,OK2
74552,35.11,-95.25,OK2
74553,34.71,-95.93,OK2
74554,34.93,-95.72,OK2
74555,34.25,-95.96,OK2
74556,34.46,-96.20,OK2
74557,34.39,-95.70,OK2
74558,34.50,-95.17,OK2
74560,34.65,-95.76,OK2
74561,35.13,-95.42,OK2
74562,34.31,-95.31,OK2
74563,34.97,-95.07,OK2
74565,34.82,-95.82,OK2
74567,34.45,-95.34,OK2
74569,34.48,-95.92,OK2
74570,34.86,-96.10,OK2
74571,34.72,-95.05,OK2
74572,34.62,-96.43,OK2:87|OK4:13
74574,34.68,-95.26,OK2
74576,34.67,-96.04,OK2
74577,34.73,-94.86,OK2
74578,34.91,-95.34,OK2
74601,36.70,-97.15,OK3
74604,36.70,-96.98,OK3
74630,36.50,-97.44,OK3
74631,36.80,-97.30,OK3
74632,36.94,-97.34,OK3
74633,36.71,-96.78,OK3
74636,36.82,-97.52,OK3
74637,36.60,-96.64,OK3
74640,36.57,-97.65,OK3
74641,36.81,-96.86,OK3
74643,36.66,-97.58,OK3
74644,36.56,-97.10,OK3
74646,36.82,-97.44,OK3
74647,36.92,-96.99,OK3
74650,36.48,-96.72,OK3
74651,36.47,-97.16,OK3
74652,36.86,-96.64,OK3
74653,36.65,-97.34,OK3
74701,34.01,-96.38,OK2
74720,33.83,-96.37,OK2
74721,33.88,-96.16,OK2
74722,34.38,-94.90,OK2
74723,33.99,-96.01,OK2
74724,34.34,-94.86,OK2
74726,33.94,-96.17,OK2
74727,34.02,-95.86,OK2
74728,34.16,-94.82,OK2
74729,34.15,-96.25,OK2
74730,33.91,-96.43,OK2
74731,33.87,-96.58,OK2
74733,33.82,-96.48,OK2
74734,34.09,-94.54,OK2
74735,34.10,-95.26,OK2
74736,33.91,-94.99,OK2
74737,34.03,-94.90,OK2
74738,33.90,-95.44,OK2
74740,33.77,-94.60,OK2
74741,33.80,-96.29,OK2
74743,34.01,-95.51,OK2
74745,33.86,-94.82,OK2
74747,33.76,-96.32,OK2
74748,34.13,-96.49,OK2
74750,33.99,-95.01,OK2
74753,33.91,-96.53,OK2
74754,34.19,-95.12,OK2
74755,34.12,-95.14,OK2
74756,34.08,-95.37,OK2
74759,34.06,-95.72,OK2
74760,34.16,-95.36,OK2
74761,34.01,-95.20,OK2
74764,34.09,-95.06,OK2
74766,34.09,-94.97,OK2
74801,35.32,-96.97,OK5
74804,35.39,-96.92,OK5
74820,34.80,-96.72,OK4
74824,35.89,-96.87,OK5:91|OK3:9
74825,34.82,-96.39,OK4:72|OK2:28
74826,35.02,-96.89,OK5
74827,34.94,-96.34,OK2
74829,35.50,-96.47,OK2
74830,35.14,-96.66,OK5
74831,34.89,-97.03,OK4
74832,35.83,-97.01,OK5
74833,35.58,-96.41,OK2
74834,35.70,-96.88,OK5
74836,34.44,-96.63,OK2
74837,35.34,-96.46,OK5
74839,35.24,-96.05,OK2
74840,35.31,-96.77,OK5
74842,34.62,-96.62,OK4
74843,34.66,-96.73,OK4
74844,34.88,-96.59,OK4
74845,35.25,-95.88,OK2
74848,35.08,-96.34,OK2:98|OK5:2
74849,34.98,-96.74,OK5
74850,35.11,-96.11,OK2
74851,35.43,-97.08,OK5:91|OK4:9
74852,35.12,-97.01,OK5:95|OK4:5
74854,35.11,-96.77,OK5
74855,35.51,-96.91,OK5
74856,34.40,-96.82,OK2:88|OK4:12
74857,35.34,-97.20,OK4:73|OK5:27
74859,35.46,-96.32,OK2:92|OK5:8
74860,35.53,-96.57,OK2
74864,35.50,-96.71,OK5
74865,34.61,-96.82,OK4
74866,35.07,-96.85,OK5
74867,34.97,-96.54,OK5:98|OK2:2
74868,35.28,-96.64,OK5
74869,35.59,-96.75,OK5
74871,34.60,-96.55,OK4:90|OK2:10
74872,34.77,-96.99,OK4
74873,35.23,-96.98,OK5
74875,35.87,-96.96,OK5
74878,35.00,-97.07,OK5:91|OK4:9
74880,35.38,-96.12,OK2
74881,35.71,-97.08,OK5
74883,35.22,-96.25,OK2
74884,35.19,-96.52,OK5:99|OK2:1
74901,35.30,-94.50,OK2
74902,35.25,-94.47,OK2
74930,35.19,-94.78,OK2
74931,35.69,-94.79,OK2
74932,35.15,-94.54,OK2
74935,34.96,-94.91,OK2
74936,35.40,-94.73,OK2
74937,34.82,-94.59,OK2
74939,34.73,-94.63,OK2
74940,34.95,-94.63,OK2
74941,35.27,-94.88,OK2
74942,34.89,-94.98,OK2
74943,35.10,-95.10,OK2
74944,35.13,-95.01,OK2
74945,35.58,-94.82,OK2
74946,35.40,-94.45,OK2
74947,34.99,-94.52,OK2
74948,35.47,-94.57,OK2
74949,34.68,-94.77,OK2
74951,35.17,-94.66,OK2
74953,35.04,-94.57,OK2
74954,35.41,-94.49,OK2
74955,35.50,-94.76,OK2
74956,35.10,-94.77,OK2
74957,34.52,-94.66,OK2
74959,35.27,-94.62,OK2
74960,35.81,-94.65,OK2
74962,35.54,-94.94,OK2
74963,34.41,-94.56,OK2
74964,36.11,-94.66,OK2
74965,36.00,-94.63,OK2
74966,34.89,-94.87,OK2
75001,32.96,-96.84,TX32:97|TX24:3
75002,33.09,-96.61,TX3
75006,32.96,-96.90,TX32:99|TX24:1
75007,33.01,-96.90,TX26:92|TX32:7|TX4:1
75009,33.34,-96.75,TX4:90|TX3:8|TX26:2
75010,33.04,-96.87,TX26
75013,33.11,-96.69,TX3
75019,32.96,-96.99,TX24:98|TX26:2
75020,33.77,-96.61,TX4
75021,33.73,-96.48,TX4
75022,33.02,-97.12,TX26:98|TX24:2
75023,33.06,-96.73,TX4:84|TX3:16
75024,33.08,-96.81,TX4:95|TX26:5
75025,33.09,-96.74,TX4:76|TX3:24
75028,33.03,-97.06,TX26
75032,32.86,-96.43,TX32
75033,33.18,-96.84,TX4:96|TX26:4
75034,33.12,-96.84,TX4
75035,33.16,-96.78,TX4
75036,33.13,-96.91,TX4:73|TX26:27
75038,32.87,-96.98,TX6:99|TX24:1
75039,32.88,-96.94,TX33:60|TX6:37|TX24:2
75040,32.93,-96.62,TX32:73|TX5:27
75041,32.88,-96.65,TX5
75042,32.91,-96.67,TX32:90|TX5:10
75043,32.86,-96.58,TX5
75044,32.96,-96.65,TX32
75048,32.97,-96.58,TX32:64|TX3:36
75050,32.77,-97.01,TX33:49|TX6:37|TX25:13
75051,32.73,-96.99,TX33:89|TX30:11
75052,32.66,-97.03,TX30:67|TX33:33
75054,32.61,-97.03,TX30
75056,33.08,-96.91,TX26
75057,33.05,-96.97,TX26
75058,33.45,-96.72,TX4
75060,32.80,-96.95,TX6
75061,32.83,-96.97,TX6
75062,32.85,-96.96,TX6
75063,32.91,-97.00,TX33:67|TX24:31|TX6:2
75065,33.11,-97.01,TX26
75067,33.02,-97.00,TX26:98|TX24:2
75068,33.18,-96.96,TX26:99|TX4:1
75069,33.16,-96.60,TX3
75070,33.15,-96.70,TX3
75071,33.25,-96.63,TX3:99|TX4:1
75072,33.19,-96.70,TX3:99|TX4:1
75074,33.03,-96.67,TX3
75075,33.02,-96.74,TX4
75076,33.80,-96.73,TX4
75077,33.08,-97.06,TX26
75078,33.24,-96.81,TX4:91|TX26:9
75080,32.98,-96.74,TX32
75081,32.95,-96.71,TX32
75082,32.99,-96.67,TX32
75087,32.95,-96.44,TX32:99|TX3:1
75088,32.89,-96.54,TX5:83|TX32:17
75089,32.94,-96.54,TX32
75090,33.60,-96.55,TX4
75092,33.66,-96.70,TX4
75093,33.03,-96.81,TX4:94|TX26:6
75094,33.02,-96.61,TX3
75098,33.01,-96.53,TX3:93|TX32:7
75101,32.27,-96.70,TX6
75102,32.09,-96.64,TX6
75103,32.50,-95.89,TX5
75104,32.58,-96.97,TX30:99|TX6:1
75105,32.27,-96.37,TX6
75109,32.04,-96.34,TX6
75110,32.08,-96.52,TX6
75114,32.61,-96.44,TX5
75115,32.60,-96.86,TX30
75116,32.66,-96.91,TX30
75117,32.71,-95.86,TX5
75119,32.32,-96.59,TX6
75124,32.32,-95.97,TX5
75125,32.54,-96.62,TX6:95|TX30:5
75126,32.74,-96.45,TX5:99|TX32:1
75127,32.68,-95.79,TX5
75132,32.94,-96.38,TX32
75134,32.62,-96.78,TX30
75135,33.07,-96.22,TX3:86|TX32:14
75137,32.63,-96.91,TX30
75140,32.64,-95.69,TX5:99|TX1:1
75141,32.64,-96.69,TX30
75142,32.57,-96.25,TX5
75143,32.36,-96.24,TX5
75144,32.11,-96.21,TX6
75146,32.57,-96.75,TX30
75147,32.43,-96.06,TX5
75148,32.12,-96.03,TX5
75149,32.77,-96.62,TX5
75150,32.81,-96.63,TX5
75152,32.44,-96.68,TX6
75153,32.17,-96.36,TX6
75154,32.52,-96.81,TX6:75|TX30:25
75155,32.23,-96.48,TX6
75156,32.28,-96.11,TX5
75157,32.46,-96.45,TX5
75158,32.47,-96.40,TX5
75159,32.60,-96.54,TX5:99|TX33:1
75160,32.76,-96.29,TX5:94|TX32:6
75161,32.74,-96.16,TX5
75163,32.17,-96.14,TX5
75164,33.07,-96.30,TX3
75165,32.36,-96.79,TX6
75166,33.01,-96.45,TX3
75167,32.36,-96.92,TX6
75169,32.70,-95.99,TX5:89|TX32:11
75172,32.61,-96.67,TX30
75173,33.06,-96.40,TX3
75180,32.72,-96.62,TX33
75181,32.73,-96.55,TX5:93|TX33:7
75182,32.80,-96.55,TX5
75189,32.95,-96.31,TX32:79|TX3:21
75201,32.79,-96.80,TX33
75202,32.78,-96.80,TX33
75203,32.74,-96.80,TX30:54|TX33:46
75204,32.80,-96.79,TX33:94|TX24:6
75205,32.84,-96.80,TX24
75206,32.83,-96.77,TX24:46|TX5:30|TX33:24
75207,32.79,-96.82,TX33
75208,32.75,-96.84,TX33
75209,32.85,-96.83,TX24:51|TX33:49
75210,32.77,-96.75,TX30
75211,32.74,-96.91,TX33
75212,32.78,-96.88,TX33
75214,32.83,-96.74,TX5:54|TX33:42|TX24:3
75215,32.75,-96.76,TX30
75216,32.71,-96.78,TX30
75217,32.71,-96.68,TX33:82|TX30:18
75218,32.84,-96.70,TX33
75219,32.81,-96.81,TX33:97|TX24:3
75220,32.87,-96.88,TX33:85|TX24:15
75223,32.79,-96.75,TX33:59|TX30:41
75224,32.71,-96.84,TX30
75225,32.86,-96.79,TX24
75226,32.78,-96.78,TX33:84|TX30:16
75227,32.77,-96.69,TX33
75228,32.82,-96.68,TX33
75229,32.89,-96.87,TX24:51|TX33:49
75230,32.90,-96.79,TX24:77|TX5:16|TX32:7
75231,32.87,-96.75,TX5
75232,32.66,-96.84,TX30
75233,32.70,-96.87,TX30
75234,32.92,-96.89,TX24:88|TX33:12
75235,32.83,-96.85,TX33
75236,32.69,-96.94,TX30
75237,32.66,-96.87,TX30
75238,32.88,-96.71,TX5:62|TX33:38
75240,32.93,-96.79,TX32:99|TX24:1
75241,32.67,-96.76,TX30
75243,32.91,-96.74,TX32:88|TX5:12
75244,32.93,-96.84,TX24:84|TX33:16
75246,32.79,-96.77,TX33
75247,32.82,-96.88,TX33
75248,32.97,-96.80,TX32:99|TX4:1
75249,32.64,-96.96,TX30
75251,32.92,-96.77,TX32
75252,33.00,-96.79,TX4:94|TX32:6
75253,32.67,-96.61,TX33
75254,32.94,-96.80,TX32:99|TX24:1
75261,32.90,-97.05,TX24
75270,32.78,-96.80,TX33
75287,33.00,-96.84,TX26:51|TX4:49|TX32:1
75390,32.81,-96.84,TX33
75401,33.19,-96.11,TX3
75402,33.07,-96.09,TX3:88|TX32:12
75407,33.16,-96.48,TX3
75409,33.36,-96.52,TX3
75410,32.79,-95.64,TX32
75411,33.87,-95.64,TX4
75412,33.80,-95.13,TX4
75413,33.44,-96.16,TX4
75414,33.62,-96.43,TX4
75415,33.46,-95.72,TX3
75416,33.60,-95.33,TX4
75417,33.44,-95.14,TX4
75418,33.57,-96.17,TX4
75420,33.07,-95.72,TX3:99|TX32:1
75421,33.66,-95.73,TX4
75422,33.14,-95.92,TX3
75423,33.29,-96.20,TX3:98|TX4:2
75424,33.31,-96.39,TX3:93|TX4:7
75426,33.65,-95.01,TX4
75428,33.27,-95.92,TX3
75429,33.28,-95.89,TX3
75431,33.01,-95.46,TX3:86|TX32:14
75432,33.39,-95.67,TX3
75433,33.10,-95.80,TX3
75434,33.42,-95.34,TX4
75435,33.50,-95.29,TX4
75436,33.74,-95.26,TX4
75437,33.26,-95.46,TX3
75438,33.62,-96.07,TX4
75439,33.55,-96.28,TX4
75440,32.87,-95.75,TX32:99|TX3:1
75441,33.43,-95.64,TX3
75442,33.18,-96.35,TX3
75446,33.62,-95.90,TX4
75447,33.77,-96.12,TX4
75448,33.32,-95.79,TX3
75449,33.42,-95.95,TX4:82|TX3:18
75450,33.40,-95.46,TX3
75451,32.96,-95.13,TX32
75452,33.40,-96.24,TX4:89|TX3:11
75453,33.01,-95.93,TX32:64|TX3:36
75454,33.28,-96.56,TX3
75455,33.22,-94.98,TX3
75457,33.18,-95.21,TX3
75459,33.53,-96.68,TX4
75460,33.66,-95.60,TX4
75462,33.62,-95.49,TX4
75468,33.51,-95.40,TX4
75469,33.40,-95.82,TX3:97|TX4:3
75470,33.58,-95.80,TX4
75471,33.06,-95.37,TX3:96|TX32:4
75472,32.88,-95.87,TX32:99|TX3:1
75473,33.82,-95.49,TX4
75474,32.92,-96.11,TX32:97|TX5:3
75475,33.49,-96.26,TX4
75476,33.71,-96.24,TX4
75477,33.53,-95.74,TX4
75478,33.17,-95.35,TX3
75479,33.63,-96.33,TX4
75480,33.02,-95.19,TX3:97|TX32:3
75481,33.32,-95.37,TX3
75482,33.17,-95.61,TX3
75486,33.75,-95.74,TX4
75487,33.34,-95.16,TX3
75488,33.78,-96.00,TX4
75489,33.52,-96.49,TX4
75490,33.44,-96.31,TX4
75491,33.49,-96.40,TX4:99|TX3:1
75492,33.60,-95.99,TX4
75493,33.14,-95.11,TX3
75494,32.92,-95.26,TX32:76|TX3:24
75495,33.44,-96.55,TX4:96|TX3:4
75496,33.36,-96.07,TX3:86|TX4:14
75497,32.92,-95.58,TX32:89|TX3:11
75501,33.37,-94.14,TX1
75503,33.52,-94.14,TX1
75550,33.50,-94.89,TX4
75551,33.12,-94.22,TX1
75554,33.58,-94.78,TX4
75555,32.94,-94.14,TX1
75556,33.15,-94.06,AR4|TX1
75558,33.26,-94.85,TX3
75559,33.50,-94.65,TX4
75560,33.20,-94.37,TX1
75561,33.52,-94.28,TX4:75|TX1:25
75562,32.94,-94.25,TX1
75563,33.03,-94.39,TX1
75564,32.89,-94.25,TX1
75565,32.95,-94.07,TX1
75566,33.15,-94.49,TX1
75567,33.32,-94.32,TX1:97|TX4:3
75568,33.19,-94.59,TX3:72|TX1:28
75569,33.44,-94.12,TX1
75570,33.46,-94.43,TX4:98|TX1:2
75571,33.21,-94.77,TX3
75572,33.23,-94.13,TX1
75573,33.35,-94.23,TX1
75574,33.33,-94.55,TX4
75601,32.51,-94.72,TX1
75602,32.44,-94.64,TX1
75603,32.40,-94.71,TX1
75604,32.51,-94.83,TX1:99|TX32:1
75605,32.59,-94.71,TX1
75630,32.85,-94.57,TX1
75631,32.26,-94.45,TX1
75633,32.14,-94.27,TX1
75638,33.02,-94.73,TX3
75639,32.28,-94.17,TX1
75640,32.71,-94.68,TX32:74|TX1:26
75641,32.38,-94.58,TX1
75642,32.36,-94.18,TX1
75643,32.01,-94.36,TX1
75644,32.79,-95.00,TX32
75645,32.68,-94.88,TX32:99|TX1:1
75647,32.52,-94.96,TX1:64|TX32:36
75650,32.51,-94.55,TX1
75651,32.67,-94.52,TX1
75652,32.24,-94.73,TX1
75654,32.09,-94.83,TX1
75656,33.01,-94.57,TX1:91|TX3:9
75657,32.79,-94.31,TX1
75658,32.17,-94.90,TX1
75659,32.51,-94.09,TX1
75661,32.64,-94.15,TX1
75662,32.38,-94.87,TX1
75667,31.99,-94.84,TX1
75668,32.91,-94.68,TX3:90|TX1:10
75669,32.03,-94.55,TX1
75670,32.56,-94.42,TX1
75671,32.49,-94.31,TX1
75672,32.47,-94.30,TX1
75680,32.01,-94.72,TX1
75681,31.95,-94.68,TX1
75682,32.26,-94.95,TX1
75683,32.83,-94.74,TX32:81|TX1:19
75684,32.28,-94.94,TX1
75686,32.97,-94.94,TX32:92|TX3:8
75687,32.11,-94.96,TX1
75689,32.19,-94.96,TX1
75691,32.31,-94.55,TX1
75692,32.47,-94.12,TX1
75693,32.53,-94.86,TX1
75694,32.64,-94.34,TX1
75701,32.32,-95.30,TX1
75702,32.36,-95.31,TX1
75703,32.24,-95.32,TX1
75704,32.40,-95.45,TX1
75705,32.38,-95.08,TX1
75706,32.47,-95.29,TX1
75707,32.30,-95.17,TX1
75708,32.41,-95.21,TX1
75709,32.31,-95.39,TX1
75711,32.34,-95.28,TX1
75750,32.27,-95.08,TX1
75751,32.07,-95.92,TX5
75752,32.25,-95.80,TX5
75754,32.41,-95.65,TX5
75755,32.64,-95.08,TX32
75756,32.29,-95.58,TX5
75757,32.11,-95.35,TX1
75758,32.27,-95.52,TX5
75759,32.04,-95.42,TX1
75760,31.81,-94.86,TX1
75762,32.22,-95.41,TX1
75763,32.04,-95.52,TX5
75764,31.90,-95.14,TX1
75765,32.64,-95.23,TX32
75766,31.95,-95.25,TX1
75770,32.16,-95.64,TX5
75771,32.53,-95.43,TX1
75773,32.68,-95.45,TX32:93|TX1:7
75778,32.30,-95.71,TX5
75779,31.86,-95.48,TX5
75780,31.99,-95.09,TX1
75782,32.07,-95.59,TX5
75783,32.82,-95.42,TX32
75784,31.87,-94.97,TX1
75785,31.76,-95.18,TX1
75788,31.82,-94.92,TX1
75789,32.11,-95.09,TX1
75790,32.53,-95.64,TX5:97|TX1:3
75791,32.22,-95.22,TX1
75792,32.47,-95.11,TX1
75801,31.74,-95.55,TX5
75803,31.88,-95.68,TX5
75831,31.47,-96.01,TX10:87|TX17:13
75833,31.27,-95.84,TX10
75835,31.28,-95.49,TX10
75838,31.48,-96.23,TX17
75839,31.62,-95.56,TX5:99|TX10:1
75840,31.78,-96.09,TX17
75844,31.53,-95.42,TX10:87|TX5:13
75845,31.09,-95.08,TX10
75846,31.35,-96.18,TX10:77|TX17:23
75847,31.34,-95.12,TX10
75848,31.77,-96.33,TX17
75849,31.40,-95.48,TX10
75850,31.14,-95.94,TX10
75851,31.09,-95.50,TX10
75852,31.00,-95.70,TX10
75853,31.95,-95.81,TX5
75855,31.56,-95.86,TX10:53|TX17:47
75856,31.20,-95.25,TX10
75858,31.38,-95.14,TX10
75859,31.89,-96.25,TX17:77|TX6:23
75860,31.62,-96.25,TX17
75861,31.85,-95.89,TX5
75862,30.96,-95.33,TX10
75865,31.06,-94.96,TX10
75884,31.79,-95.89,TX5
75886,31.78,-95.92,TX5
75901,31.30,-94.64,TX36
75903,31.37,-94.75,TX36
75904,31.33,-94.84,TX36
75925,31.61,-95.06,TX1
75926,31.24,-94.96,TX10
75928,30.67,-93.71,TX36
75929,31.23,-94.19,TX1
75930,31.34,-94.04,TX1
75931,31.10,-93.99,TX36:89|TX1:11
75932,31.06,-93.62,TX36
75933,30.55,-93.81,TX36
75934,30.90,-94.76,TX10
75935,31.72,-94.20,TX1
75936,30.96,-94.60,TX36:73|TX10:27
75937,31.48,-94.40,TX1
75938,30.94,-94.35,TX36
75939,31.02,-94.80,TX10
75941,31.19,-94.76,TX36
75942,30.83,-94.42,TX36
75943,31.66,-94.89,TX1
75944,31.35,-94.39,TX1
75946,31.81,-94.52,TX1
75948,31.27,-93.72,TX1
75949,31.23,-94.52,TX36
75951,30.93,-94.06,TX36
75954,31.90,-94.05,TX1
75956,30.68,-93.98,TX36
75959,31.51,-93.84,TX1
75960,30.91,-94.85,TX10
75961,31.56,-94.50,TX1
75962,31.62,-94.65,TX1
75964,31.63,-94.78,TX1
75965,31.73,-94.63,TX1
75966,30.83,-93.71,TX36
75968,31.25,-93.95,TX1
75969,31.45,-94.89,TX36:97|TX1:3
75972,31.50,-94.12,TX1
75973,31.71,-93.94,TX1
75974,31.96,-94.24,TX1
75975,31.88,-94.42,TX1
75976,31.52,-94.95,TX1
75977,31.07,-93.79,TX36
75979,30.75,-94.39,TX36
75980,31.09,-94.35,TX36
76001,32.63,-97.16,TX6:57|TX30:43
76002,32.62,-97.09,TX30
76005,32.80,-97.08,TX25
76006,32.79,-97.10,TX25
76008,32.68,-97.63,TX12:65|TX25:35
76009,32.42,-97.20,TX6
76010,32.72,-97.08,TX30:79|TX6:21
76011,32.75,-97.08,TX25:99|TX6:1
76012,32.76,-97.14,TX25
76013,32.72,-97.16,TX6:93|TX30:7
76014,32.69,-97.09,TX30
76015,32.69,-97.14,TX6:72|TX30:28
76016,32.69,-97.19,TX6:85|TX25:15
76017,32.66,-97.16,TX6:72|TX30:28
76018,32.66,-97.09,TX30
76020,32.90,-97.56,TX12:97|TX26:3
76021,32.85,-97.13,TX24
76022,32.83,-97.15,TX24
76023,33.04,-97.60,TX26:94|TX12:6
76028,32.53,-97.31,TX6:50|TX25:50
76031,32.35,-97.33,TX6:61|TX25:20|TX17:19
76033,32.29,-97.52,TX25:70|TX17:30
76034,32.89,-97.15,TX24
76035,32.57,-97.65,TX25
76036,32.57,-97.42,TX25:98|TX12:2
76039,32.86,-97.09,TX24
76040,32.82,-97.10,TX24:66|TX25:34
76041,32.24,-96.84,TX6
76043,32.19,-97.77,TX25
76044,32.43,-97.54,TX25
76048,32.41,-97.80,TX25
76049,32.46,-97.70,TX25
76050,32.27,-97.16,TX6:61|TX17:39
76051,32.94,-97.08,TX24
76052,32.98,-97.37,TX12:86|TX26:14
76053,32.82,-97.18,TX24:89|TX25:11
76054,32.86,-97.18,TX24
76055,32.16,-97.15,TX17
76058,32.47,-97.43,TX25:68|TX6:32
76059,32.39,-97.33,TX6
76060,32.64,-97.22,TX6
76061,32.50,-97.20,TX6
76063,32.57,-97.14,TX6:80|TX30:20
76064,32.31,-97.04,TX6
76065,32.47,-96.99,TX6
76066,32.70,-98.00,TX12:69|TX25:31
76067,32.80,-98.14,TX25:98|TX12:2
76070,32.22,-97.66,TX25
76071,33.01,-97.47,TX26:89|TX12:11
76073,33.10,-97.72,TX26
76077,32.28,-97.70,TX25
76078,33.09,-97.46,TX26
76082,32.97,-97.73,TX12:89|TX26:11
76084,32.43,-97.09,TX6
76085,32.86,-97.69,TX12
76086,32.75,-97.79,TX12
76087,32.67,-97.79,TX25:55|TX12:45
76088,32.85,-97.90,TX12
76092,32.95,-97.15,TX24:98|TX26:2
76093,32.21,-97.41,TX17
76102,32.76,-97.33,TX12
76103,32.75,-97.27,TX25:98|TX12:2
76104,32.73,-97.32,TX12
76105,32.72,-97.27,TX25
76106,32.82,-97.36,TX12
76107,32.74,-97.38,TX12
76108,32.79,-97.52,TX12
76109,32.70,-97.39,TX12
76110,32.71,-97.34,TX12
76111,32.78,-97.30,TX12
76112,32.75,-97.22,TX25
76114,32.77,-97.41,TX12
76115,32.68,-97.33,TX12
76116,32.72,-97.45,TX12
76117,32.80,-97.27,TX12:83|TX24:17
76118,32.79,-97.19,TX24:51|TX25:46|TX12:3
76119,32.69,-97.26,TX25:99|TX12:1
76120,32.77,-97.18,TX25
76123,32.62,-97.40,TX25:91|TX12:9
76126,32.65,-97.51,TX12:95|TX25:5
76127,32.78,-97.43,TX12
76129,32.71,-97.36,TX12
76131,32.88,-97.35,TX12
76132,32.67,-97.42,TX12
76133,32.65,-97.38,TX25:86|TX12:14
76134,32.64,-97.33,TX25
76135,32.84,-97.47,TX12
76137,32.86,-97.29,TX24:70|TX12:30
76140,32.62,-97.27,TX25:88|TX6:12
76148,32.87,-97.25,TX24:98|TX12:2
76155,32.82,-97.05,TX25
76164,32.78,-97.35,TX12
76177,32.97,-97.30,TX12:65|TX24:18|TX26:17
76179,32.91,-97.43,TX12
76180,32.84,-97.22,TX24
76182,32.89,-97.21,TX24
76201,33.22,-97.15,TX13
76203,33.21,-97.15,TX13
76205,33.19,-97.13,TX13
76207,33.23,-97.18,TX13:75|TX26:25
76208,33.20,-97.06,TX13:76|TX26:24
76209,33.23,-97.11,TX13
76210,33.15,-97.10,TX13:58|TX26:42
76225,33.37,-97.67,TX13
76226,33.11,-97.18,TX26
76227,33.27,-96.99,TX26
76228,33.62,-98.06,TX13
76230,33.52,-97.93,TX13:98|TX25:2
76233,33.54,-96.89,TX4:85|TX26:15
76234,33.28,-97.51,TX26:78|TX13:22
76238,33.48,-97.35,TX26
76239,33.51,-97.58,TX13:82|TX26:18
76240,33.66,-97.18,TX26
76241,33.65,-97.18,TX26
76244,32.93,-97.28,TX24
76245,33.82,-96.86,TX4
76247,33.09,-97.33,TX26
76248,32.93,-97.23,TX24
76249,33.28,-97.30,TX13:99|TX26:1
76250,33.63,-97.24,TX26
76251,33.66,-97.69,TX13
76252,33.67,-97.38,TX26
76253,33.63,-97.31,TX26
76255,33.81,-97.72,TX13
76258,33.37,-96.93,TX26:95|TX4:5
76259,33.20,-97.31,TX26:87|TX13:13
76261,33.79,-97.96,TX13
76262,33.01,-97.22,TX26:70|TX24:30
76263,33.50,-97.44,TX26
76264,33.75,-96.84,TX4
76265,33.72,-97.54,TX13:94|TX26:6
76266,33.37,-97.21,TX26:71|TX13:29
76267,33.37,-97.40,TX13
76268,33.63,-96.77,TX4
76270,33.46,-97.76,TX13
76271,33.47,-96.91,TX4:88|TX26:12
76272,33.45,-97.13,TX26
76273,33.74,-96.94,TX4:77|TX26:23
76301,33.91,-98.48,TX13
76302,33.87,-98.48,TX13
76305,34.01,-98.39,TX13
76306,33.95,-98.53,TX13
76308,33.85,-98.54,TX13
76309,33.90,-98.54,TX13
76310,33.81,-98.53,TX13
76311,33.97,-98.51,TX13
76351,33.56,-98.70,TX13
76354,34.09,-98.63,TX13
76357,34.08,-98.18,TX13
76360,33.88,-98.88,TX13
76363,33.51,-99.52,TX13
76364,34.14,-99.01,TX13
76365,33.76,-98.21,TX13
76366,33.71,-98.77,TX13
76367,33.97,-98.71,TX13
76370,33.46,-98.90,TX13
76371,33.48,-99.65,TX13
76372,33.24,-98.93,TX25:91|TX19:9
76373,34.16,-99.13,TX13
76374,33.34,-98.76,TX25:98|TX13:2
76377,34.01,-98.26,TX13
76379,33.67,-98.49,TX13
76380,33.60,-99.21,TX13
76384,34.14,-99.32,TX13
76388,33.32,-99.64,TX19
76389,33.51,-98.48,TX13:95|TX25:5
76401,32.27,-98.21,TX25
76402,32.22,-98.22,TX25
76424,32.80,-98.89,TX25
76426,33.16,-97.84,TX26:98|TX25:2
76427,33.13,-98.40,TX25
76429,32.75,-98.67,TX25
76430,32.80,-99.22,TX19
76431,33.30,-97.87,TX26:54|TX13:44|TX25:2
76432,31.84,-98.78,TX11:92|TX25:8
76433,32.31,-98.01,TX25
76435,32.22,-98.86,TX25
76436,31.87,-98.22,TX31:50|TX25:50
76437,32.38,-99.02,TX25
76439,32.62,-97.93,TX25
76442,31.89,-98.61,TX25:97|TX31:3
76443,32.11,-99.21,TX25:93|TX11:7
76444,32.12,-98.58,TX25
76445,32.31,-98.54,TX25
76446,32.07,-98.36,TX25
76448,32.39,-98.79,TX25
76449,32.90,-98.32,TX25
76450,33.06,-98.65,TX25
76452,31.76,-98.40,TX25
76453,32.58,-98.34,TX25
76454,32.23,-98.70,TX25
76455,31.82,-98.37,TX25
76457,31.94,-98.03,TX31:64|TX25:32|TX17:5
76458,33.22,-98.19,TX25
76459,33.28,-98.39,TX25
76460,33.31,-98.50,TX25
76462,32.52,-98.03,TX25
76463,32.46,-98.42,TX25
76464,32.58,-99.16,TX19:85|TX25:15
76466,32.43,-98.73,TX25
76469,32.34,-99.20,TX25
76470,32.50,-98.67,TX25
76471,32.11,-98.98,TX25:86|TX11:14
76472,32.61,-98.18,TX25
76474,31.96,-98.78,TX25:96|TX11:4
76475,32.64,-98.52,TX25
76476,32.36,-97.92,TX25
76481,33.00,-98.70,TX25
76483,33.16,-99.28,TX19
76484,32.74,-98.30,TX25
76486,33.01,-98.05,TX25:77|TX12:23
76487,32.97,-97.90,TX12:78|TX26:17|TX25:5
76490,32.96,-98.04,TX12
76491,33.06,-99.04,TX19:98|TX25:2
76501,31.08,-97.25,TX17:99|TX31:1
76502,31.10,-97.41,TX31
76504,31.14,-97.37,TX31:61|TX17:39
76511,30.80,-97.42,TX31:95|TX17:5
76513,31.06,-97.50,TX31
76518,30.85,-97.14,TX17
76519,30.99,-97.03,TX17
76520,30.86,-96.89,TX17
76522,31.22,-97.97,TX31
76523,30.80,-97.27,TX17
76524,31.27,-97.20,TX17
76525,31.47,-98.18,TX31
76527,30.84,-97.80,TX31
76528,31.44,-97.77,TX31
76530,30.71,-97.42,TX31
76531,31.69,-98.19,TX31
76534,30.88,-97.38,TX31:98|TX17:2
76537,30.82,-97.60,TX31
76538,31.63,-97.92,TX31
76539,31.09,-98.00,TX31
76541,31.11,-97.73,TX31
76542,30.99,-97.70,TX31
76543,31.12,-97.64,TX31
76544,31.33,-97.69,TX31
76548,31.05,-97.64,TX31
76549,31.02,-97.83,TX31
76550,31.10,-98.26,TX31
76554,30.97,-97.38,TX31
76556,30.70,-96.85,TX17:99|TX10:1
76557,31.29,-97.40,TX17:70|TX31:30
76559,31.08,-97.61,TX31
76561,31.43,-97.54,TX31:95|TX17:5
76565,31.65,-98.35,TX31
76566,31.52,-98.00,TX31
76567,30.63,-97.03,TX17:97|TX10:3
76569,30.94,-97.22,TX17
76570,31.08,-96.95,TX17
76571,30.95,-97.60,TX31
76573,30.82,-97.50,TX31
76574,30.58,-97.39,TX17:56|TX31:44
76577,30.61,-97.18,TX17:99|TX31:1
76578,30.54,-97.24,TX17:95|TX31:5
76579,31.20,-97.24,TX17
76596,31.48,-97.73,TX31
76597,31.48,-97.71,TX31
76598,31.48,-97.73,TX31
76599,31.46,-97.74,TX31
76621,31.87,-97.09,TX17
76622,31.82,-97.24,TX17
76623,32.23,-96.80,TX6
76624,31.66,-96.96,TX17
76626,32.12,-96.72,TX6
76627,32.10,-97.39,TX17
76628,32.04,-96.97,TX17
76629,31.15,-96.65,TX17
76630,31.35,-97.22,TX17
76631,31.99,-96.97,TX17
76632,31.31,-97.07,TX17
76633,31.70,-97.33,TX17
76634,31.81,-97.57,TX17
76635,31.72,-96.66,TX17
76636,32.17,-97.29,TX17
76637,31.77,-97.76,TX17:88|TX31:12
76638,31.56,-97.44,TX17
76639,31.87,-96.66,TX6
76640,31.70,-97.07,TX17
76641,32.04,-96.79,TX6
76642,31.50,-96.53,TX17
76643,31.45,-97.20,TX17
76645,32.01,-97.13,TX17
76648,31.85,-96.81,TX17:91|TX6:9
76649,32.00,-97.88,TX17:91|TX25:9
76650,31.98,-96.86,TX17
76651,32.18,-96.87,TX6
76652,32.12,-97.58,TX17
76653,31.30,-96.61,TX17
76654,31.73,-97.01,TX17
76655,31.40,-97.18,TX17
76656,31.18,-97.06,TX17
76657,31.44,-97.40,TX17:99|TX31:1
76660,31.94,-96.89,TX17
76661,31.31,-96.84,TX17
76664,31.56,-96.80,TX17
76665,31.93,-97.72,TX17
76666,32.04,-96.89,TX17:91|TX6:9
76667,31.66,-96.47,TX17
76670,32.14,-96.99,TX6:69|TX17:31
76671,31.99,-97.53,TX17
76673,31.75,-96.89,TX17
76676,31.88,-96.96,TX17
76678,31.65,-96.75,TX17
76679,31.96,-96.58,TX6
76680,31.19,-96.80,TX17
76681,31.92,-96.44,TX6
76682,31.45,-96.91,TX17
76685,31.34,-97.01,TX17
76686,31.74,-96.54,TX17
76687,31.37,-96.49,TX17
76689,31.66,-97.51,TX17:96|TX31:4
76690,32.10,-97.79,TX17:73|TX25:27
76691,31.77,-97.10,TX17
76692,31.96,-97.33,TX17
76693,31.81,-96.44,TX17:84|TX6:16
76701,31.55,-97.14,TX17
76704,31.58,-97.12,TX17
76705,31.63,-97.08,TX17
76706,31.46,-97.08,TX17
76707,31.55,-97.16,TX17
76708,31.63,-97.22,TX17
76710,31.54,-97.20,TX17
76711,31.51,-97.15,TX17
76712,31.52,-97.26,TX17
76798,31.55,-97.12,TX17
76801,31.74,-99.06,TX11
76802,31.72,-98.89,TX11
76820,30.78,-99.04,TX11
76821,31.74,-99.95,TX11
76823,31.69,-99.17,TX11
76824,30.94,-98.47,TX11
76825,31.10,-99.39,TX11
76827,31.53,-99.14,TX11
76828,32.01,-99.29,TX11
76831,30.76,-98.96,TX11
76832,30.96,-98.75,TX11
76834,31.88,-99.48,TX11
76836,31.42,-99.59,TX11
76837,31.21,-99.89,TX11
76841,30.85,-100.14,TX11:74|TX23:26
76842,30.92,-99.10,TX11
76844,31.45,-98.50,TX31
76845,31.54,-99.49,TX11
76848,30.84,-99.56,TX11
76849,30.47,-99.82,TX11:99|TX21:1
76852,31.36,-99.46,TX11
76853,31.27,-98.37,TX31
76854,30.56,-99.53,TX11
76856,30.69,-99.27,TX11
76857,31.93,-98.93,TX11:99|TX25:1
76858,31.21,-99.61,TX11
76859,30.89,-99.86,TX11
76861,31.60,-100.20,TX11
76862,31.41,-99.71,TX11
76864,31.56,-98.75,TX31
76865,31.85,-100.15,TX11
76866,31.44,-99.93,TX11
76869,30.91,-98.98,TX11
76870,31.60,-98.53,TX31
76871,31.27,-98.99,TX11
76872,31.34,-99.15,TX11
76873,31.51,-99.37,TX11
76874,30.48,-100.12,TX23:51|TX11:49
76875,31.60,-100.02,TX11
76877,31.16,-98.76,TX11
76878,31.66,-99.29,TX11
76880,31.44,-98.32,TX31
76882,31.80,-99.72,TX11
76884,31.69,-99.57,TX11
76885,30.86,-98.86,TX11
76887,31.03,-99.16,TX11
76888,31.61,-99.64,TX11
76890,31.69,-98.77,TX11:87|TX31:11|TX25:2
76901,31.51,-100.65,TX11
76902,31.54,-100.72,TX11
76903,31.48,-100.44,TX11
76904,31.29,-100.42,TX11
76905,31.50,-100.32,TX11
76908,31.43,-100.40,TX11
76909,31.44,-100.47,TX11
76930,31.11,-101.12,TX11:90|TX23:10
76932,31.19,-101.56,TX23
76933,31.88,-100.28,TX11
76934,31.61,-100.68,TX11
76935,31.07,-100.42,TX11:96|TX23:4
76936,30.89,-100.66,TX23
76937,31.39,-100.15,TX11
76939,31.27,-100.59,TX11
76940,31.44,-100.13,TX11
76941,31.25,-100.86,TX11
76943,30.47,-101.32,TX23
76945,31.87,-100.60,TX11
76950,30.44,-100.56,TX23
76951,31.80,-101.06,TX11
76953,31.73,-100.32,TX11
76955,31.30,-100.14,TX11
76957,31.37,-100.31,TX11
76958,31.64,-100.76,TX11
77002,29.76,-95.37,TX18:94|TX7:6
77003,29.75,-95.34,TX18
77004,29.72,-95.36,TX18
77005,29.72,-95.42,TX7
77006,29.74,-95.39,TX7:82|TX18:18
77007,29.77,-95.41,TX7
77008,29.80,-95.42,TX7
77009,29.80,-95.37,TX7:68|TX29:23|TX18:9
77010,29.75,-95.36,TX18
77011,29.74,-95.31,TX9:70|TX18:30
77012,29.72,-95.27,TX9
77013,29.80,-95.23,TX9
77014,29.98,-95.45,TX29
77015,29.76,-95.17,TX9
77016,29.86,-95.30,TX18
77017,29.69,-95.25,TX9:99|TX36:1
77018,29.83,-95.43,TX29
77019,29.75,-95.41,TX7:55|TX18:24|TX38:20
77020,29.77,-95.31,TX9:55|TX18:45
77021,29.70,-95.36,TX18
77022,29.83,-95.38,TX29
77023,29.72,-95.32,TX9:65|TX18:35
77024,29.77,-95.51,TX38:96|TX7:4
77025,29.69,-95.43,TX18:56|TX7:44
77026,29.80,-95.33,TX18
77027,29.74,-95.45,TX38:55|TX7:45
77028,29.83,-95.29,TX18
77029,29.76,-95.26,TX9:65|TX18:35
77030,29.71,-95.40,TX7:58|TX18:42
77031,29.65,-95.55,TX18
77032,29.99,-95.36,TX29
77033,29.67,-95.34,TX18
77034,29.61,-95.19,TX9:55|TX36:45
77035,29.66,-95.47,TX18
77036,29.70,-95.54,TX7:93|TX18:7
77037,29.89,-95.39,TX29
77038,29.92,-95.44,TX29
77039,29.91,-95.35,TX29
77040,29.88,-95.53,TX29:48|TX2:42|TX38:9
77041,29.86,-95.59,TX38:88|TX29:12
77042,29.74,-95.56,TX7:50|TX8:38|TX38:12
77043,29.81,-95.58,TX38
77044,29.91,-95.18,TX18:52|TX2:24|TX9:24
77045,29.64,-95.43,TX18
77046,29.73,-95.43,TX7
77047,29.61,-95.39,TX18
77048,29.62,-95.33,TX18:86|TX36:14
77049,29.83,-95.15,TX9
77050,29.91,-95.27,TX18
77051,29.66,-95.38,TX18
77053,29.59,-95.46,TX18
77054,29.68,-95.41,TX18
77055,29.80,-95.49,TX38:73|TX29:27
77056,29.75,-95.47,TX7:67|TX38:33
77057,29.74,-95.49,TX38:50|TX7:50
77058,29.56,-95.10,TX36
77059,29.61,-95.12,TX36
77060,29.94,-95.40,TX29
77061,29.65,-95.28,TX36
77062,29.58,-95.13,TX36
77063,29.74,-95.52,TX7:57|TX38:43
77064,29.92,-95.54,TX2:85|TX38:15
77065,29.93,-95.60,TX38
77066,29.96,-95.50,TX29:89|TX2:11
77067,29.95,-95.45,TX29
77068,30.01,-95.49,TX2:93|TX29:7
77069,29.99,-95.52,TX2:99|TX29:1
77070,29.98,-95.57,TX2:65|TX38:35
77071,29.65,-95.52,TX18:95|TX7:5
77072,29.70,-95.59,TX7:89|TX8:11
77073,30.00,-95.40,TX29
77074,29.69,-95.52,TX7:93|TX18:7
77075,29.62,-95.27,TX36
77076,29.86,-95.38,TX29
77077,29.75,-95.64,TX8:90|TX38:9|TX7:1
77078,29.85,-95.25,TX18
77079,29.78,-95.60,TX38:83|TX8:17
77080,29.82,-95.52,TX38:62|TX29:38
77081,29.71,-95.48,TX7
77082,29.72,-95.64,TX8:71|TX7:29
77083,29.69,-95.65,TX7:55|TX8:45
77084,29.83,-95.66,TX8:94|TX22:5|TX38:1
77085,29.62,-95.49,TX18
77086,29.92,-95.49,TX29:90|TX2:10
77087,29.69,-95.30,TX9:75|TX18:25
77088,29.88,-95.45,TX29
77089,29.59,-95.23,TX36
77090,30.01,-95.44,TX29
77091,29.85,-95.44,TX29
77092,29.83,-95.47,TX29
77093,29.86,-95.34,TX29
77094,29.77,-95.70,TX22:99|TX8:1
77095,29.91,-95.66,TX38:88|TX8:12
77096,29.68,-95.48,TX18:66|TX7:34
77098,29.73,-95.42,TX7
77099,29.67,-95.59,TX7:75|TX18:25
77204,29.72,-95.34,TX18
77301,30.31,-95.43,TX8
77302,30.22,-95.34,TX2:50|TX8:50
77303,30.38,-95.38,TX8
77304,30.33,-95.52,TX8
77306,30.29,-95.31,TX8:84|TX2:16
77316,30.31,-95.69,TX8
77318,30.44,-95.53,TX8
77320,30.81,-95.56,TX10:86|TX8:14
77326,30.51,-94.82,TX10
77327,30.35,-94.93,TX9
77328,30.41,-95.19,TX10:37|TX8:24|TX2:20|TX9:19
77331,30.62,-95.18,TX10
77334,30.78,-95.37,TX10
77335,30.59,-94.92,TX10
77336,30.07,-95.11,TX2:84|TX9:16
77338,30.01,-95.28,TX29:78|TX2:22
77339,30.05,-95.22,TX2
77340,30.65,-95.52,TX8:57|TX10:43
77341,30.70,-95.56,TX10
77342,30.74,-95.56,TX10
77345,30.05,-95.16,TX2
77346,29.99,-95.18,TX2:97|TX29:3
77350,30.81,-94.91,TX10
77351,30.72,-94.82,TX10
77354,30.21,-95.64,TX8:74|TX2:26
77355,30.16,-95.75,TX8
77356,30.47,-95.73,TX8
77357,30.16,-95.18,TX2:99|TX9:1
77358,30.54,-95.44,TX8:84|TX10:16
77359,30.77,-95.30,TX10
77360,30.85,-95.12,TX10
77362,30.16,-95.67,TX8
77363,30.32,-95.85,TX10:93|TX8:7
77364,30.77,-95.21,TX10
77365,30.11,-95.27,TX2
77367,30.85,-95.39,TX10
77368,30.45,-94.84,TX9
77369,30.42,-94.74,TX9:97|TX36:3
77371,30.49,-94.98,TX10
77372,30.27,-95.20,TX2:83|TX9:16|TX8:1
77373,30.06,-95.38,TX2:71|TX29:29
77374,30.39,-94.64,TX36
77375,30.09,-95.59,TX38:90|TX2:10
77376,30.44,-94.68,TX36
77377,30.06,-95.67,TX38
77378,30.46,-95.37,TX8:92|TX10:8
77379,30.04,-95.53,TX38:91|TX2:9
77380,30.14,-95.47,TX2
77381,30.18,-95.50,TX2
77382,30.20,-95.55,TX2
77384,30.23,-95.50,TX2
77385,30.19,-95.43,TX2
77386,30.10,-95.36,TX2
77388,30.06,-95.47,TX2:92|TX38:8
77389,30.12,-95.52,TX2:53|TX38:47
77396,29.94,-95.26,TX29:71|TX18:24|TX2:5
77401,29.70,-95.46,TX7
77406,29.66,-95.79,TX22:97|TX7:3
77407,29.67,-95.71,TX7:91|TX22:9
77412,29.56,-96.46,TX27
77414,28.90,-95.89,TX27
77415,28.94,-95.71,TX27
77417,29.46,-95.95,TX22
77418,29.99,-96.25,TX27
77419,28.87,-96.25,TX27
77420,29.24,-95.92,TX27:99|TX22:1
77422,28.97,-95.58,TX22
77423,29.83,-95.99,TX8:84|TX22:16
77426,30.12,-96.26,TX27
77428,28.67,-96.16,TX27
77429,30.00,-95.67,TX38
77430,29.26,-95.67,TX22
77431,29.13,-95.82,TX22
77432,29.04,-96.23,TX27
77433,29.95,-95.74,TX38:67|TX8:33
77434,29.52,-96.32,TX27
77435,29.52,-96.12,TX27:91|TX22:9
77436,29.37,-96.25,TX27
77437,29.20,-96.27,TX27
77440,28.89,-96.15,TX27
77441,29.69,-95.91,TX22
77442,29.44,-96.50,TX27
77443,29.36,-96.18,TX27
77444,29.29,-95.78,TX22
77445,30.10,-96.06,TX8
77446,30.09,-95.99,TX8
77447,30.06,-95.82,TX38:58|TX8:42
77448,29.42,-96.09,TX27
77449,29.84,-95.73,TX8:69|TX22:31
77450,29.75,-95.74,TX22
77451,29.46,-96.03,TX22
77453,29.23,-96.02,TX27
77454,29.55,-96.24,TX27
77455,29.13,-96.45,TX27
77456,28.93,-96.09,TX27
77457,28.70,-95.94,TX27
77458,28.96,-96.25,TX27
77459,29.53,-95.53,TX14:57|TX18:43
77460,29.40,-96.38,TX27
77461,29.39,-95.77,TX22
77464,29.62,-95.94,TX22
77465,28.71,-96.23,TX27
77466,29.80,-96.01,TX8
77467,29.24,-96.18,TX27
77468,29.14,-95.85,TX27
77469,29.49,-95.70,TX22:83|TX7:17
77470,29.53,-96.53,TX27
77471,29.55,-95.86,TX22
77473,29.79,-96.10,TX27
77474,29.77,-96.19,TX27
77475,29.51,-96.67,TX27
77476,29.68,-95.97,TX22
77477,29.62,-95.57,TX18:80|TX22:13|TX7:7
77478,29.62,-95.61,TX22
77479,29.57,-95.64,TX22:55|TX7:33|TX14:12
77480,29.09,-95.77,TX22:95|TX27:5
77481,29.47,-95.57,TX22
77482,29.09,-95.90,TX27
77483,28.78,-95.87,TX27
77484,30.08,-95.93,TX8:96|TX10:4
77485,29.64,-96.06,TX27:61|TX22:39
77486,29.16,-95.69,TX22
77488,29.30,-96.10,TX27
77489,29.60,-95.52,TX18
77493,29.85,-95.83,TX22:87|TX8:13
77494,29.74,-95.82,TX22
77498,29.64,-95.66,TX7:54|TX22:46
77502,29.68,-95.20,TX9
77503,29.69,-95.16,TX9
77504,29.65,-95.19,TX9
77505,29.65,-95.14,TX9
77506,29.72,-95.19,TX9
77507,29.62,-95.06,TX36
77510,29.35,-95.09,TX14
77511,29.38,-95.25,TX14:58|TX22:42
77514,29.69,-94.63,TX36
77515,29.18,-95.45,TX22
77517,29.37,-95.15,TX14:99|TX22:1
77518,29.51,-94.99,TX14
77519,30.21,-94.57,TX36
77520,29.74,-95.00,TX9:73|TX36:27
77521,29.81,-94.96,TX9:85|TX36:15
77523,29.77,-94.87,TX36
77530,29.79,-95.11,TX9
77531,29.04,-95.40,TX22
77532,29.93,-95.06,TX9:99|TX2:1
77533,30.09,-94.60,TX9
77534,29.22,-95.31,TX22
77535,30.05,-94.92,TX9:91|TX36:9
77536,29.69,-95.12,TX9
77538,29.97,-94.52,TX9
77539,29.45,-95.03,TX14
77541,29.01,-95.33,TX22
77545,29.54,-95.47,TX18:95|TX14:5
77546,29.51,-95.19,TX14:56|TX36:44
77547,29.74,-95.24,TX9
77550,29.31,-94.77,TX14
77551,29.28,-94.84,TX14
77554,29.24,-94.92,TX14
77555,29.31,-94.78,TX14
77560,29.87,-94.59,TX36
77561,30.13,-94.74,TX9
77562,29.83,-95.05,TX9
77563,29.30,-95.03,TX14
77564,30.23,-94.66,TX9:86|TX36:14
77565,29.54,-95.03,TX14
77566,29.06,-95.47,TX22
77568,29.37,-94.99,TX14
77571,29.69,-95.06,TX9:69|TX36:31
77573,29.50,-95.09,TX14
77575,30.08,-94.75,TX9:99|TX36:1
77577,29.26,-95.26,TX22
77578,29.49,-95.36,TX14
77580,29.86,-94.88,TX36
77581,29.56,-95.28,TX36:52|TX14:48
77582,30.01,-94.66,TX9
77583,29.37,-95.46,TX14:82|TX22:15|TX18:2
77584,29.54,-95.35,TX36:73|TX14:20|TX18:6
77585,30.33,-94.53,TX36
77586,29.58,-95.04,TX36
77587,29.66,-95.23,TX9
77590,29.38,-94.92,TX14
77591,29.40,-95.00,TX14
77597,29.83,-94.70,TX36
77598,29.54,-95.13,TX36
77611,30.02,-93.82,TX14
77612,30.40,-93.94,TX36
77613,30.03,-94.36,TX36
77614,30.31,-93.75,TX36
77615,30.36,-94.07,TX36
77616,30.57,-94.21,TX36
77617,29.52,-94.48,TX14
77619,29.95,-93.92,TX14
77622,29.86,-94.29,TX14:91|TX36:9
77623,29.56,-94.41,TX14
77624,30.68,-94.27,TX36
77625,30.37,-94.39,TX36
77627,29.99,-94.01,TX14
77629,29.98,-94.43,TX36:93|TX9:7
77630,30.07,-93.87,TX14
77632,30.20,-93.80,TX14:92|TX36:8
77640,29.88,-93.94,TX14
77642,29.96,-93.89,TX14
77650,29.43,-94.67,TX14
77651,29.98,-93.95,TX14
77655,29.71,-93.94,TX14
77656,30.42,-94.17,TX36
77657,30.23,-94.19,TX36
77659,30.17,-94.43,TX36
77660,30.65,-94.14,TX36
77661,29.78,-94.37,TX36
77662,30.18,-94.02,TX14:98|TX36:2
77663,30.51,-94.41,TX36
77664,30.58,-94.40,TX36
77665,29.78,-94.39,TX36:84|TX14:16
77701,30.07,-94.11,TX36:84|TX14:16
77702,30.09,-94.13,TX36
77703,30.11,-94.11,TX36
77705,29.91,-94.18,TX14:75|TX36:25
77706,30.10,-94.17,TX36
77707,30.05,-94.17,TX36
77708,30.15,-94.15,TX36
77713,30.07,-94.26,TX36
77801,30.64,-96.36,TX10
77802,30.66,-96.32,TX10
77803,30.68,-96.39,TX10
77807,30.68,-96.48,TX10:95|TX17:5
77808,30.80,-96.31,TX10:95|TX17:5
77830,30.53,-96.00,TX10
77831,30.72,-95.91,TX10
77833,30.21,-96.41,TX27
77835,30.19,-96.59,TX27
77836,30.54,-96.68,TX10
77837,31.01,-96.68,TX17
77840,30.61,-96.32,TX10
77843,30.62,-96.34,TX10
77845,30.56,-96.28,TX10
77852,30.43,-96.76,TX10
77853,30.35,-96.84,TX10
77855,31.15,-96.10,TX10
77856,31.09,-96.41,TX17
77857,30.79,-96.76,TX17
77859,30.88,-96.52,TX17:93|TX10:7
77861,30.72,-96.11,TX10
77863,30.39,-96.56,TX10
77864,30.96,-95.90,TX10
77865,31.21,-96.20,TX10
77866,30.49,-96.21,TX10
77867,30.74,-96.57,TX17
77868,30.37,-96.05,TX10
77871,31.06,-96.11,TX10
77872,30.88,-96.09,TX10
77873,30.58,-95.80,TX10:73|TX8:27
77875,30.58,-95.94,TX10
77876,30.60,-95.86,TX10
77878,30.49,-96.43,TX10
77879,30.42,-96.47,TX10
77880,30.29,-96.19,TX27
77882,30.91,-96.38,TX17
77901,28.81,-96.99,TX27
77904,28.92,-97.01,TX27
77905,28.74,-97.06,TX27:93|TX15:7
77950,28.25,-96.90,TX27
77951,28.64,-96.91,TX27
77954,29.10,-97.30,TX15
77957,29.04,-96.72,TX27
77960,28.65,-97.25,TX15
77961,28.85,-96.38,TX27
77962,29.03,-96.50,TX27
77963,28.65,-97.41,TX15
77964,29.38,-96.83,TX15
77968,28.92,-96.85,TX27
77969,28.78,-96.65,TX27
77970,28.85,-96.43,TX27
77971,28.83,-96.52,TX27
77973,28.53,-96.96,TX27
77974,28.90,-97.28,TX27:56|TX15:44
77975,29.58,-97.08,TX15
77976,28.94,-97.13,TX27
77977,28.68,-96.80,TX27
77978,28.69,-96.58,TX27
77979,28.61,-96.62,TX27
77982,28.44,-96.49,TX27
77983,28.38,-96.70,TX27
77984,29.47,-97.19,TX15
77986,29.48,-96.80,TX15
77987,29.35,-97.08,TX15
77988,28.84,-96.88,TX27
77990,28.48,-96.92,TX27:95|TX15:5
77991,28.79,-96.60,TX27
77993,28.86,-97.42,TX15
77994,29.18,-97.47,TX15
77995,29.20,-97.09,TX15:97|TX27:3
78001,28.23,-99.22,TX28
78002,29.28,-98.74,TX35
78003,29.71,-99.10,TX21:94|TX23:6
78004,29.86,-98.54,TX21
78005,28.94,-98.83,TX23:77|TX28:23
78006,29.86,-98.70,TX21:84|TX23:16
78007,28.48,-98.41,TX28
78008,28.73,-98.26,TX28
78009,29.37,-98.89,TX23
78010,29.91,-99.05,TX21
78011,28.81,-98.73,TX28
78012,28.77,-98.45,TX28
78013,29.98,-98.91,TX21
78014,28.40,-99.11,TX28
78015,29.74,-98.65,TX23:73|TX21:27
78016,29.18,-98.95,TX23
78017,28.74,-99.21,TX23:99|TX28:1
78019,28.02,-99.27,TX28
78021,28.44,-98.83,TX28
78022,28.24,-98.17,TX28
78023,29.62,-98.76,TX23:99|TX21:1
78024,30.00,-99.49,TX21
78025,30.08,-99.29,TX21
78026,28.75,-98.56,TX28
78027,29.98,-98.53,TX21
78028,30.04,-99.17,TX21
78029,29.90,-99.19,TX21
78039,29.31,-98.83,TX23:93|TX35:7
78040,27.51,-99.50,TX28
78041,27.55,-99.46,TX28
78043,27.57,-99.30,TX28
78044,27.73,-99.23,TX28
78045,27.83,-99.68,TX28
78046,27.38,-99.38,TX28
78050,29.09,-98.50,TX28
78052,29.21,-98.78,TX28:68|TX23:26|TX35:6
78055,29.83,-99.33,TX21
78056,29.54,-98.94,TX23
78057,29.04,-99.02,TX23
78058,30.11,-99.60,TX21
78059,29.19,-98.84,TX23
78061,28.90,-99.13,TX23
78062,28.75,-98.20,TX28
78063,29.69,-98.91,TX21
78064,28.92,-98.43,TX28:99|TX35:1
78065,29.08,-98.64,TX28
78066,29.49,-98.89,TX23
78067,27.10,-99.36,TX28
78069,29.19,-98.67,TX28:61|TX35:39
78070,29.89,-98.41,TX21
78071,28.49,-98.23,TX28
78072,28.33,-98.59,TX28
78073,29.24,-98.62,TX35:84|TX28:16
78074,29.94,-98.79,TX21
78075,28.59,-98.27,TX28
78076,26.93,-99.13,TX28
78101,29.35,-98.24,TX35
78102,28.42,-97.71,TX15
78104,28.52,-97.76,TX15
78107,28.57,-97.58,TX15
78108,29.57,-98.22,TX35:98|TX21:2
78109,29.48,-98.29,TX35:63|TX20:37
78111,29.03,-97.74,TX35
78112,29.19,-98.39,TX35
78113,28.95,-98.13,TX35:89|TX28:11
78114,29.13,-98.20,TX35:99|TX28:1
78116,29.10,-97.74,TX35
78117,28.94,-97.92,TX35
78118,28.87,-97.94,TX35:99|TX28:1
78119,28.72,-97.91,TX35:94|TX15:5
78121,29.35,-98.09,TX35
78122,29.46,-97.71,TX15
78123,29.61,-98.04,TX35
78124,29.56,-98.15,TX35
78125,28.53,-97.97,TX15
78130,29.69,-98.07,TX21:66|TX35:34
78132,29.76,-98.19,TX21:99|TX35:1
78133,29.88,-98.26,TX21
78140,29.31,-97.76,TX15:88|TX35:12
78141,28.91,-97.62,TX15:96|TX35:4
78142,28.54,-97.81,TX15
78143,29.26,-97.85,TX35
78144,28.95,-97.89,TX35
78145,28.65,-97.99,TX15
78146,28.60,-97.84,TX15
78147,29.07,-98.08,TX35
78148,29.54,-98.30,TX35
78150,29.54,-98.28,TX35
78151,28.87,-97.71,TX35:99|TX15:1
78152,29.43,-98.20,TX35
78154,29.55,-98.26,TX35:98|TX21:2
78155,29.54,-97.94,TX35
78159,29.23,-97.59,TX15
78160,29.25,-97.91,TX35
78161,29.29,-98.05,TX35
78162,28.58,-97.79,TX15
78163,29.77,-98.44,TX21
78164,28.98,-97.52,TX15
78201,29.47,-98.53,TX20
78202,29.43,-98.46,TX20
78203,29.42,-98.46,TX20
78204,29.40,-98.51,TX20
78205,29.42,-98.49,TX20
78207,29.42,-98.53,TX20
78208,29.44,-98.46,TX20:99|TX21:1
78209,29.49,-98.46,TX21:84|TX20:15|TX35:1
78210,29.40,-98.46,TX20:79|TX35:21
78211,29.34,-98.57,TX35
78212,29.46,-98.49,TX20:92|TX21:8
78213,29.52,-98.52,TX20:60|TX21:40
78214,29.35,-98.48,TX35:93|TX20:7
78215,29.44,-98.48,TX20:91|TX21:9
78216,29.54,-98.49,TX21:93|TX20:4|TX23:2
78217,29.54,-98.42,TX35:78|TX21:19|TX20:3
78218,29.49,-98.40,TX20:89|TX35:11
78219,29.44,-98.38,TX20
78220,29.41,-98.40,TX20:98|TX35:2
78221,29.28,-98.48,TX35
78222,29.36,-98.39,TX35:97|TX20:3
78223,29.31,-98.39,TX35
78224,29.31,-98.54,TX35
78225,29.39,-98.53,TX20:89|TX35:11
78226,29.38,-98.57,TX20:94|TX23:6
78227,29.40,-98.63,TX20:71|TX23:29
78228,29.46,-98.57,TX20
78229,29.51,-98.58,TX20:99|TX21:1
78230,29.55,-98.56,TX21:90|TX23:10
78231,29.58,-98.54,TX23:86|TX21:14
78232,29.59,-98.48,TX21:50|TX23:27|TX35:23
78233,29.56,-98.36,TX35
78234,29.46,-98.44,TX21
78235,29.34,-98.44,TX35
78236,29.39,-98.62,TX23
78237,29.42,-98.57,TX20
78238,29.47,-98.62,TX20
78239,29.52,-98.36,TX35:76|TX20:24
78240,29.53,-98.60,TX20:74|TX21:26
78242,29.35,-98.61,TX35
78243,29.37,-98.59,TX23
78244,29.48,-98.35,TX20
78245,29.40,-98.75,TX20:74|TX23:26
78247,29.58,-98.41,TX35:98|TX21:2
78248,29.59,-98.53,TX23
78249,29.57,-98.62,TX21:98|TX23:2
78250,29.50,-98.66,TX20:61|TX21:39
78251,29.46,-98.68,TX20
78252,29.34,-98.69,TX23:62|TX35:38
78253,29.47,-98.79,TX23:79|TX20:21
78254,29.53,-98.73,TX23:72|TX21:26|TX20:1
78255,29.65,-98.67,TX23
78256,29.62,-98.63,TX23:60|TX21:40
78257,29.65,-98.58,TX23:89|TX21:11
78258,29.63,-98.49,TX23:98|TX21:2
78259,29.63,-98.42,TX21
78260,29.70,-98.49,TX23
78261,29.69,-98.40,TX21
78263,29.33,-98.31,TX35
78264,29.20,-98.51,TX35:91|TX28:9
78266,29.65,-98.34,TX21:81|TX35:19
78330,27.76,-97.93,TX34
78332,27.72,-98.13,TX15
78336,27.93,-97.17,TX27:69|TX15:31
78338,26.86,-97.73,TX34
78339,27.80,-97.79,TX34
78340,28.12,-97.20,TX15
78341,27.58,-98.47,TX28
78342,27.66,-98.08,TX15
78343,27.63,-97.77,TX34
78344,27.56,-98.85,TX28
78347,27.57,-97.49,TX34
78349,27.37,-98.29,TX28
78351,27.67,-97.75,TX34
78352,27.98,-97.69,TX15
78353,26.88,-98.24,TX15
78355,27.19,-98.21,TX15
78357,27.93,-98.57,TX28
78358,28.07,-97.04,TX15:59|TX27:41
78359,27.93,-97.30,TX15
78360,26.86,-98.83,TX28
78361,27.05,-98.75,TX28
78362,27.85,-97.20,TX27:95|TX15:5
78363,27.44,-97.85,TX34
78368,28.11,-97.80,TX15:88|TX28:12
78369,27.43,-99.09,TX28
78370,27.94,-97.61,TX15
78371,27.51,-99.07,TX28
78372,28.01,-98.10,TX15:99|TX28:1
78373,27.78,-97.13,TX27
78374,27.89,-97.30,TX15:64|TX27:36
78375,27.40,-98.17,TX15
78376,27.37,-98.48,TX28
78377,28.32,-97.16,TX15
78379,27.31,-97.78,TX34
78380,27.78,-97.74,TX34
78382,28.11,-97.05,TX15:82|TX27:18
78383,28.07,-97.94,TX15:46|TX28:40|TX34:15
78384,27.74,-98.47,TX28:85|TX15:15
78385,27.12,-97.84,TX34
78387,28.08,-97.55,TX15
78389,28.25,-97.65,TX15
78390,28.01,-97.35,TX15
78391,28.18,-97.71,TX15
78393,28.19,-97.35,TX15
78401,27.80,-97.40,TX27
78402,27.85,-97.44,TX27
78404,27.77,-97.40,TX34:65|TX27:35
78405,27.77,-97.44,TX27:89|TX34:11
78406,27.77,-97.52,TX34
78407,27.81,-97.45,TX34:76|TX27:24
78408,27.80,-97.44,TX27:63|TX34:37
78409,27.83,-97.51,TX34
78410,27.84,-97.59,TX34
78411,27.73,-97.39,TX34
78412,27.70,-97.35,TX34
78413,27.68,-97.41,TX34
78414,27.66,-97.37,TX34
78415,27.66,-97.50,TX34:72|TX27:28
78416,27.75,-97.44,TX27
78417,27.74,-97.47,TX34
78418,27.39,-97.33,TX34
78419,27.70,-97.27,TX34
78501,26.22,-98.24,TX28:98|TX15:2
78503,26.16,-98.25,TX28:70|TX15:30
78504,26.28,-98.24,TX15:96|TX28:4
78516,26.14,-98.12,TX15
78520,25.96,-97.55,TX34
78521,25.94,-97.32,TX34
78526,26.00,-97.45,TX34
78535,26.25,-97.73,TX34
78536,26.64,-98.44,TX28
78537,26.17,-98.06,TX15
78538,26.37,-97.97,TX15
78539,26.28,-98.19,TX15
78540,26.55,-97.99,TX15
78541,26.45,-98.28,TX15:91|TX28:9
78542,26.43,-98.09,TX15
78543,26.30,-98.01,TX15
78545,26.59,-99.13,TX28
78547,26.30,-98.70,TX28
78548,26.28,-98.66,TX28
78549,26.49,-98.03,TX15
78550,26.26,-97.66,TX34
78552,26.19,-97.75,TX34
78557,26.11,-98.25,TX15
78558,26.29,-98.02,TX15
78559,26.15,-97.83,TX34
78560,26.26,-98.50,TX28
78561,26.47,-97.92,TX34
78562,26.28,-97.89,TX15
78563,26.67,-98.26,TX15:96|TX28:4
78564,26.67,-99.13,TX28
78565,26.24,-98.56,TX28
78566,26.14,-97.39,TX34
78567,26.04,-97.74,TX34
78569,26.38,-97.75,TX34:97|TX15:3
78570,26.17,-97.91,TX15
78572,26.20,-98.36,TX28
78573,26.29,-98.30,TX28
78574,26.31,-98.37,TX28
78575,26.03,-97.55,TX34
78576,26.32,-98.46,TX28
78577,26.16,-98.19,TX15:68|TX28:32
78578,26.04,-97.31,TX34
78579,26.09,-97.95,TX15
78580,26.50,-97.75,TX34
78582,26.53,-98.74,TX28
78583,26.29,-97.47,TX34
78584,26.57,-98.99,TX28
78585,26.48,-99.08,TX28
78586,26.11,-97.65,TX34
78588,26.74,-98.40,TX28
78589,26.15,-98.16,TX15
78590,26.50,-97.64,TX34
78591,26.64,-98.55,TX28
78592,26.06,-97.85,TX34
78593,26.28,-97.82,TX34
78594,26.35,-97.81,TX34
78595,26.31,-98.54,TX28
78596,26.10,-98.00,TX15
78597,26.27,-97.28,TX34
78598,26.56,-97.37,TX34
78599,26.22,-97.99,TX15
78602,30.13,-97.33,TX27
78605,30.77,-98.05,TX31
78606,30.09,-98.46,TX21
78607,30.82,-98.49,TX11
78608,30.93,-97.94,TX31
78609,30.75,-98.45,TX11
78610,30.08,-97.84,TX27
78611,30.80,-98.28,TX31:99|TX11:1
78612,30.09,-97.49,TX27
78613,30.51,-97.82,TX17:89|TX11:11
78614,29.41,-97.59,TX15
78615,30.46,-97.39,TX17:47|TX10:30|TX11:23
78616,29.93,-97.55,TX27
78617,30.15,-97.60,TX27:83|TX37:17
78618,30.49,-99.17,TX21:83|TX11:17
78619,30.11,-98.03,TX27:74|TX21:26
78620,30.23,-98.14,TX21:86|TX10:14
78621,30.34,-97.36,TX27:88|TX10:9|TX17:3
78622,29.78,-97.78,TX27
78623,29.96,-98.22,TX21
78624,30.29,-98.87,TX21
78626,30.66,-97.62,TX31
78628,30.66,-97.78,TX31
78629,29.48,-97.45,TX15
78631,30.34,-99.31,TX21:86|TX11:14
78632,29.69,-97.47,TX15:58|TX27:42
78633,30.74,-97.75,TX31
78634,30.56,-97.54,TX17:64|TX31:35|TX11:2
78635,30.20,-98.54,TX21
78636,30.32,-98.43,TX21
78638,29.66,-97.78,TX35:99|TX15:1
78639,30.66,-98.46,TX11:88|TX31:12
78640,29.99,-97.82,TX27
78641,30.56,-97.91,TX17:54|TX31:26|TX11:12|TX10:7
78642,30.70,-97.94,TX31
78643,30.68,-98.71,TX11
78644,29.87,-97.67,TX27
78645,30.45,-97.97,TX10
78648,29.69,-97.64,TX27:92|TX35:6|TX15:2
78650,30.30,-97.22,TX27:85|TX10:15
78652,30.13,-97.86,TX27
78653,30.34,-97.52,TX27:48|TX37:47|TX10:4|TX11:1
78654,30.57,-98.21,TX31:86|TX11:11|TX10:3
78655,29.82,-97.84,TX27:74|TX35:26
78656,29.90,-97.81,TX27
78657,30.53,-98.38,TX11
78658,29.60,-97.63,TX15
78659,30.21,-97.13,TX27:90|TX10:10
78660,30.44,-97.59,TX11:80|TX10:20
78661,29.72,-97.76,TX27
78662,29.94,-97.44,TX27
78663,30.42,-98.31,TX21:91|TX10:7|TX11:2
78664,30.51,-97.65,TX17:55|TX11:34|TX31:11
78665,30.55,-97.64,TX31:77|TX17:23
78666,29.88,-97.98,TX21:80|TX27:13|TX35:7
78669,30.44,-98.12,TX10:75|TX11:24|TX21:2
78670,29.76,-97.85,TX35
78671,30.22,-98.63,TX21
78672,30.88,-98.49,TX11
78674,30.67,-97.60,TX31
78675,30.43,-98.71,TX21
78676,30.04,-98.16,TX21
78677,29.35,-97.59,TX15
78681,30.54,-97.72,TX31:48|TX17:40|TX11:12
78701,30.27,-97.74,TX10:81|TX37:19
78702,30.26,-97.71,TX37
78703,30.29,-97.77,TX10:71|TX37:29
78704,30.24,-97.77,TX37:99|TX10:1
78705,30.29,-97.74,TX37
78712,30.28,-97.73,TX37
78717,30.49,-97.75,TX17
78719,30.14,-97.67,TX27
78721,30.27,-97.68,TX37
78722,30.29,-97.71,TX37
78723,30.30,-97.69,TX37
78724,30.29,-97.62,TX37
78725,30.23,-97.61,TX37
78726,30.43,-97.84,TX11:54|TX10:46
78727,30.43,-97.72,TX37:56|TX10:44
78728,30.45,-97.69,TX11:76|TX10:24
78729,30.46,-97.76,TX17:60|TX11:37|TX10:3
78730,30.36,-97.84,TX10
78731,30.35,-97.77,TX37:99|TX10:1
78732,30.38,-97.89,TX10
78733,30.32,-97.88,TX10
78734,30.38,-97.95,TX10
78735,30.27,-97.87,TX10:92|TX37:8
78736,30.25,-97.95,TX37:62|TX10:37|TX27:1
78737,30.18,-97.96,TX27:74|TX21:25|TX10:1
78738,30.31,-97.99,TX10
78739,30.18,-97.89,TX27:73|TX37:27
78741,30.23,-97.71,TX37
78742,30.24,-97.66,TX37
78744,30.18,-97.73,TX37
78745,30.21,-97.80,TX37
78746,30.30,-97.81,TX10:90|TX37:10
78747,30.12,-97.74,TX37:67|TX27:33
78748,30.16,-97.82,TX37:77|TX27:23
78749,30.22,-97.86,TX37
78750,30.44,-97.79,TX17:40|TX11:39|TX10:20
78751,30.31,-97.72,TX37
78752,30.33,-97.70,TX37
78753,30.38,-97.67,TX37:96|TX10:4
78754,30.36,-97.64,TX37:81|TX10:19
78756,30.32,-97.74,TX37
78757,30.35,-97.73,TX37
78758,30.39,-97.71,TX37
78759,30.40,-97.76,TX37:57|TX10:31|TX11:12
78801,29.36,-99.90,TX23
78802,29.15,-99.92,TX23
78827,28.43,-99.72,TX28
78828,29.84,-100.01,TX23:73|TX21:27
78829,28.89,-99.58,TX23
78830,28.52,-99.48,TX28
78832,29.41,-100.39,TX23
78833,29.69,-99.97,TX21:93|TX23:7
78834,28.54,-99.87,TX28
78836,28.32,-99.63,TX28
78837,29.93,-101.28,TX23
78838,29.53,-99.71,TX23
78839,28.71,-99.74,TX23:99|TX28:1
78840,29.73,-100.93,TX23
78841,29.84,-101.47,TX23
78842,29.64,-101.01,TX23
78843,29.34,-100.79,TX23
78850,29.29,-99.33,TX23
78851,30.22,-101.92,TX23
78852,28.94,-100.23,TX23:79|TX28:21
78860,28.40,-100.23,TX28
78861,29.41,-99.16,TX23
78870,29.27,-99.61,TX23
78871,29.90,-101.62,TX23
78872,28.91,-99.88,TX23
78873,29.82,-99.73,TX21
78877,28.95,-100.61,TX23
78879,29.65,-99.71,TX21:84|TX23:16
78880,29.95,-100.28,TX23:97|TX21:3
78881,29.38,-99.50,TX23
78883,29.67,-99.32,TX21
78884,29.64,-99.51,TX23:56|TX21:44
78885,29.84,-99.56,TX21
78886,29.16,-99.19,TX23
78931,30.04,-96.44,TX27
78932,30.16,-96.72,TX27
78933,29.80,-96.37,TX27
78934,29.70,-96.57,TX27
78935,29.70,-96.42,TX27
78938,29.81,-96.71,TX27
78940,29.94,-96.66,TX27
78941,29.73,-97.16,TX27:97|TX15:3
78942,30.16,-96.94,TX10:97|TX27:3
78943,29.70,-96.60,TX27
78944,30.00,-96.49,TX27
78945,29.92,-96.89,TX27
78946,30.19,-96.78,TX10:54|TX27:46
78947,30.44,-97.06,TX10
78948,30.32,-96.98,TX10
78949,29.85,-97.08,TX27
78950,29.90,-96.48,TX27
78951,29.62,-96.84,TX27
78953,29.84,-97.36,TX27
78954,30.04,-96.70,TX27
78956,29.69,-96.93,TX27:91|TX15:9
78957,30.01,-97.18,TX27
78959,29.70,-97.30,TX15:86|TX27:14
78962,29.67,-96.73,TX27
78963,29.92,-97.03,TX27
79001,35.29,-102.81,TX13
79002,35.20,-100.77,TX13
79003,35.64,-100.08,TX13
79005,36.39,-100.52,TX13
79007,35.67,-101.41,TX13
79008,35.70,-101.42,TX13
79009,34.53,-102.88,TX19
79010,35.45,-102.14,TX13
79011,35.64,-100.21,TX13
79012,35.12,-102.11,TX13
79013,36.04,-102.00,TX13
79014,35.92,-100.33,TX13
79015,34.95,-101.90,TX13
79016,34.98,-101.91,TX13
79018,35.71,-102.34,TX13
79019,34.98,-101.39,TX13
79021,33.98,-101.99,TX19
79022,36.10,-102.61,TX13
79024,36.44,-100.37,TX13
79025,34.95,-102.20,TX13
79027,34.50,-102.34,TX19
79029,35.90,-102.03,TX13
79031,34.24,-102.45,TX19
79032,34.29,-101.89,TX19
79033,36.31,-100.98,TX13
79034,36.38,-100.16,TX13
79035,34.68,-102.78,TX19:99|TX13:1
79036,35.59,-101.54,TX13
79039,35.24,-101.13,TX13
79040,36.30,-101.59,TX13
79041,34.04,-101.93,TX19
79042,34.74,-101.89,TX19:59|TX13:41
79043,34.37,-102.13,TX19
79044,35.86,-102.37,TX13
79045,34.90,-102.51,TX13:98|TX19:2
79046,36.14,-100.11,TX13
79051,36.44,-102.22,TX13
79052,34.36,-101.76,TX19
79053,34.41,-102.58,TX19
79054,35.43,-100.78,TX13
79056,36.22,-100.22,TX13
79057,35.20,-100.62,TX13
79058,35.59,-101.95,TX13
79059,35.80,-100.73,TX13
79061,35.52,-100.45,TX13
79062,35.99,-101.53,TX13
79063,34.52,-102.12,TX19
79064,34.18,-102.12,TX19
79065,35.52,-100.90,TX13
79066,35.50,-101.03,TX13
79068,35.33,-101.44,TX13
79070,36.24,-100.79,TX13
79072,34.17,-101.74,TX19
79073,33.96,-101.95,TX19
79078,35.70,-101.55,TX13
79079,35.21,-100.25,TX13
79080,35.70,-101.21,TX13
79081,36.22,-101.20,TX13
79082,34.22,-102.29,TX19
79083,35.87,-101.51,TX13
79084,36.26,-102.03,TX13
79085,34.74,-102.51,TX19
79086,36.13,-101.78,TX13
79087,36.32,-102.92,TX13
79088,34.58,-101.69,TX19:99|TX13:1
79091,34.86,-102.08,TX13
79092,35.31,-102.51,TX13
79093,36.27,-101.03,TX13
79094,34.84,-101.51,TX13
79095,34.88,-100.20,TX13
79096,35.46,-100.20,TX13
79097,35.43,-101.17,TX13
79098,35.15,-102.22,TX13
79101,35.21,-101.84,TX13
79102,35.20,-101.85,TX13
79103,35.18,-101.80,TX13
79104,35.20,-101.79,TX13
79106,35.20,-101.89,TX13
79107,35.23,-101.79,TX13
79108,35.30,-101.68,TX13
79109,35.17,-101.89,TX13
79110,35.15,-101.87,TX13
79111,35.22,-101.70,TX13
79118,35.11,-101.74,TX13
79119,35.11,-102.02,TX13
79121,35.17,-101.93,TX13
79124,35.26,-102.05,TX13
79201,34.40,-100.34,TX13
79220,33.77,-100.76,TX13
79223,34.23,-100.48,TX13
79225,34.25,-99.51,TX13
79226,34.92,-101.00,TX13
79227,33.87,-99.75,TX13
79229,33.67,-100.74,TX13
79230,34.71,-100.05,TX13
79231,33.94,-101.07,TX19
79233,34.50,-100.49,TX13
79234,34.22,-100.93,TX13:91|TX19:9
79235,33.94,-101.26,TX19
79236,33.60,-100.30,TX13
79237,34.86,-100.67,TX13
79239,34.66,-100.76,TX13
79240,34.88,-100.76,TX13
79241,34.18,-101.39,TX19
79243,33.77,-101.03,TX13:88|TX19:12
79244,34.06,-100.79,TX13
79245,34.68,-100.48,TX13
79247,34.40,-99.38,TX13
79248,33.94,-100.22,TX13
79250,33.89,-101.60,TX19
79251,34.94,-100.45,TX13
79252,34.31,-99.80,TX13
79255,34.35,-101.05,TX13:94|TX19:6
79256,33.88,-100.83,TX13
79257,34.45,-101.30,TX13:99|TX19:1
79258,34.24,-101.30,TX19
79259,34.36,-100.45,TX13
79261,34.45,-100.87,TX13
79311,33.86,-101.88,TX19
79312,34.02,-102.31,TX19
79313,33.81,-102.16,TX19
79314,33.63,-103.03,TX19
79316,33.13,-102.30,TX19
79322,33.66,-101.21,TX19
79323,32.93,-102.90,TX19
79324,33.89,-102.74,TX19
79325,34.41,-102.93,TX19
79326,34.10,-102.21,TX19
79329,33.72,-101.69,TX19
79330,33.02,-101.26,TX19
79331,32.67,-101.97,TX19
79336,33.60,-102.40,TX19
79339,33.89,-102.35,TX19
79342,32.90,-102.33,TX19
79343,33.65,-101.55,TX19
79344,33.86,-103.01,TX19
79345,33.34,-102.33,TX19
79346,33.65,-102.83,TX19
79347,34.19,-102.80,TX19
79350,33.73,-101.83,TX19
79351,32.94,-101.78,TX19
79353,33.78,-102.59,TX19
79355,33.17,-102.89,TX19
79356,33.28,-101.34,TX19
79357,33.65,-101.41,TX19
79358,33.42,-102.19,TX19
79359,32.92,-102.54,TX19
79360,32.69,-102.72,TX19
79363,33.71,-102.05,TX19
79364,33.45,-101.63,TX19
79366,33.53,-101.69,TX19
79367,33.59,-102.17,TX19
79369,33.94,-102.16,TX19
79370,33.44,-100.93,TX13:85|TX19:15
79371,33.98,-102.70,TX19
79372,33.42,-102.50,TX19
79373,33.16,-101.84,TX19
79376,33.25,-102.64,TX19
79377,32.93,-102.13,TX19
79378,33.03,-102.44,TX19
79379,33.50,-102.65,TX19
79380,33.74,-102.33,TX19
79381,33.31,-101.77,TX19
79382,33.47,-102.02,TX19
79383,33.32,-101.91,TX19
79401,33.59,-101.85,TX19
79402,33.58,-101.84,TX19
79403,33.64,-101.76,TX19
79404,33.53,-101.79,TX19
79406,33.59,-101.88,TX19
79407,33.56,-102.09,TX19
79410,33.57,-101.89,TX19
79411,33.57,-101.86,TX19
79412,33.55,-101.86,TX19
79413,33.55,-101.89,TX19
79414,33.55,-101.92,TX19
79415,33.70,-101.90,TX19
79416,33.60,-101.98,TX19
79423,33.44,-101.86,TX19
79424,33.46,-101.93,TX19
79501,32.74,-99.89,TX19
79502,33.18,-100.26,TX19
79503,32.89,-99.70,TX19
79504,32.31,-99.35,TX25:94|TX19:6
79505,33.56,-99.84,TX13
79506,32.12,-100.33,TX19:57|TX11:43
79508,32.27,-99.83,TX19
79510,32.27,-99.52,TX25:87|TX19:13
79511,32.43,-101.27,TX19
79512,32.32,-100.93,TX19
79517,32.88,-101.25,TX19
79518,33.31,-100.75,TX19
79519,32.04,-99.70,TX11:91|TX19:9
79520,32.88,-100.13,TX19
79521,33.12,-99.63,TX19
79525,32.66,-99.83,TX19
79526,32.65,-100.76,TX19
79527,32.60,-101.10,TX19
79528,33.16,-100.58,TX19
79529,33.44,-99.83,TX13
79530,32.10,-99.78,TX19:95|TX11:5
79532,32.41,-100.71,TX19
79533,32.85,-99.55,TX19
79534,32.75,-100.25,TX19
79535,32.20,-100.48,TX19
79536,32.47,-100.02,TX19
79537,32.28,-100.22,TX19
79538,31.98,-99.70,TX11
79539,33.36,-99.89,TX19
79540,33.15,-100.07,TX19
79541,32.15,-99.81,TX19:96|TX25:4
79543,32.72,-100.38,TX19
79544,33.29,-99.86,TX19
79545,32.42,-100.57,TX19
79546,32.88,-100.49,TX19
79547,33.20,-99.91,TX19
79548,33.07,-99.91,TX19
79549,32.90,-100.93,TX19
79553,32.94,-99.85,TX19
79556,32.49,-100.39,TX19
79560,32.67,-100.21,TX19
79561,32.51,-100.18,TX19
79562,32.24,-99.87,TX19
79563,32.42,-99.91,TX19
79565,32.38,-101.10,TX19
79566,32.16,-100.11,TX19:57|TX11:43
79567,31.99,-99.98,TX11:99|TX19:1
79601,32.57,-99.64,TX19
79602,32.34,-99.67,TX19:98|TX25:2
79603,32.33,-99.93,TX19
79605,32.43,-99.78,TX19
79606,32.36,-99.82,TX19
79607,32.42,-99.84,TX19
79699,32.46,-99.71,TX19
79701,31.99,-102.08,TX11
79703,31.98,-102.13,TX11
79705,32.10,-102.05,TX11
79706,31.85,-101.97,TX11
79707,32.04,-102.20,TX11
79713,32.50,-101.75,TX19
79714,32.31,-102.64,TX19
79718,30.99,-103.73,TX23
79719,31.46,-103.40,TX23
79720,32.20,-101.50,TX19:99|TX11:1
79721,32.22,-101.53,TX19
79730,31.21,-103.05,TX23
79731,31.45,-102.55,TX23
79733,32.11,-101.37,TX19
79734,30.68,-103.98,TX23
79735,30.79,-102.82,TX23
79738,32.75,-101.47,TX19
79739,31.77,-101.51,TX11:97|TX23:3
79741,32.01,-102.65,TX11
79742,31.40,-102.84,TX23
79743,31.24,-102.77,TX23
79744,30.89,-101.91,TX23
79745,31.83,-102.97,TX23
79748,32.39,-101.66,TX19
79749,32.26,-101.83,TX19
79752,31.11,-102.19,TX23
79754,31.89,-103.45,TX23
79755,31.53,-102.00,TX23:96|TX11:4
79756,31.53,-102.88,TX23
79758,32.01,-102.33,TX11
79759,31.78,-102.70,TX11
79761,31.86,-102.35,TX11
79762,31.93,-102.36,TX11
79763,31.81,-102.45,TX11
79764,31.88,-102.47,TX11
79765,31.89,-102.26,TX11
79766,31.72,-102.38,TX11:98|TX23:2
79769,31.69,-102.63,TX11
79770,31.85,-103.91,TX23
79772,31.40,-103.58,TX23
79776,31.78,-102.56,TX11
79777,31.46,-103.18,TX23
79778,31.26,-101.97,TX23
79780,31.04,-103.66,TX23
79781,30.61,-101.77,TX23
79782,32.19,-101.88,TX19:93|TX11:7
79783,32.33,-102.05,TX19
79785,31.32,-103.94,TX23
79788,31.60,-102.99,TX23
79789,31.77,-103.27,TX23
79821,31.98,-106.60,TX16
79830,30.21,-103.63,TX23
79832,30.36,-103.65,TX23
79834,29.18,-103.26,TX23
79835,31.94,-106.60,NM2|TX16
79836,31.57,-106.21,TX23:94|TX16:6
79837,32.10,-105.16,NM2|TX23
79838,31.49,-106.16,TX23
79839,31.42,-105.64,TX23
79842,30.01,-103.03,TX23
79843,29.87,-104.41,TX23
79845,29.65,-104.40,TX23
79846,29.39,-103.99,TX23
79847,31.75,-105.18,TX23
79848,30.12,-102.40,TX23
79849,31.57,-106.26,TX23
79851,31.28,-105.26,TX23
79852,29.36,-103.62,TX23
79853,31.43,-106.06,TX23
79854,30.63,-104.58,TX23
79855,30.93,-104.86,TX23
79901,31.76,-106.48,TX16
79902,31.78,-106.50,TX16
79903,31.79,-106.44,TX16
79904,31.85,-106.46,TX16
79905,31.77,-106.43,TX16
79906,31.81,-106.42,TX16
79907,31.71,-106.33,TX16
79908,31.83,-106.36,TX16
79911,31.94,-106.54,TX16
79912,31.85,-106.53,TX16
79915,31.75,-106.37,TX16
79916,31.87,-106.39,TX16
79918,31.85,-106.37,TX16
79920,31.82,-106.46,TX16
79922,31.81,-106.56,NM2|TX16
79924,31.90,-106.41,TX16:96|TX23:4
79925,31.81,-106.37,TX16
79927,31.65,-106.27,TX16
79928,31.64,-106.09,TX16:54|TX23:46
79930,31.81,-106.47,TX16
79932,31.87,-106.61,TX16
79934,31.95,-106.43,TX16:63|TX23:37
79935,31.77,-106.33,TX16
79936,31.77,-106.30,TX16
79938,31.85,-106.02,TX16:83|TX23:17
80002,39.79,-105.11,CO7:94|CO8:6
80003,39.83,-105.06,CO7:90|CO8:10
80004,39.81,-105.12,CO7
80005,39.85,-105.13,CO7
80007,39.87,-105.20,CO7
80010,39.74,-104.86,CO6
80011,39.74,-104.79,CO6
80012,39.70,-104.84,CO6:99|CO1:1
80013,39.66,-104.77,CO6:91|CO4:9
80014,39.66,-104.84,CO6:89|CO1:11
80015,39.63,-104.79,CO6:70|CO4:30
80016,39.59,-104.72,CO6
80017,39.70,-104.78,CO6
80018,39.70,-104.69,CO6:89|CO4:11
80019,39.78,-104.68,CO6
80020,39.93,-105.07,CO7
80021,39.89,-105.11,CO7
80022,39.86,-104.79,CO8
80023,39.98,-105.01,CO7:82|CO8:18
80024,39.84,-104.92,CO8
80025,39.93,-105.30,CO2
80026,40.01,-105.10,CO2
80027,39.95,-105.16,CO2
80030,39.83,-105.04,CO8:96|CO7:4
80031,39.87,-105.04,CO8:94|CO7:6
80033,39.77,-105.10,CO7
80045,39.75,-104.84,CO6
80101,39.41,-103.94,CO4
80102,39.73,-104.44,CO4:99|CO6:1
80103,39.79,-104.09,CO4
80104,39.30,-104.82,CO4
80105,39.64,-103.97,CO4
80106,39.19,-104.52,CO5:66|CO4:34
80107,39.41,-104.57,CO4
80108,39.44,-104.85,CO4
80109,39.37,-104.91,CO4
80110,39.65,-105.01,CO6:94|CO1:6
80111,39.61,-104.88,CO6
80112,39.57,-104.86,CO6:88|CO4:12
80113,39.65,-104.97,CO6
80116,39.32,-104.71,CO4
80117,39.40,-104.39,CO4
80118,39.19,-104.88,CO4
80120,39.59,-105.01,CO6
80121,39.61,-104.95,CO6
80122,39.58,-104.95,CO6
80123,39.62,-105.07,CO6:49|CO1:27|CO7:24
80124,39.53,-104.89,CO4
80125,39.49,-105.06,CO4
80126,39.54,-104.96,CO4
80127,39.53,-105.16,CO7:69|CO6:31
80128,39.56,-105.08,CO6
80129,39.55,-105.01,CO4
80130,39.53,-104.92,CO4
80131,39.48,-105.01,CO4
80132,39.09,-104.86,CO5
80133,39.11,-104.90,CO5
80134,39.48,-104.78,CO4
80135,39.25,-105.16,CO4:99|CO7:1
80136,39.79,-104.28,CO4
80137,39.71,-104.59,CO4:67|CO6:33
80138,39.51,-104.68,CO4:99|CO6:1
80202,39.75,-105.00,CO1
80203,39.73,-104.98,CO1
80204,39.73,-105.02,CO1
80205,39.76,-104.96,CO1
80206,39.73,-104.95,CO1
80207,39.76,-104.92,CO1
80209,39.71,-104.97,CO1
80210,39.68,-104.96,CO1
80211,39.77,-105.02,CO1
80212,39.77,-105.05,CO1:81|CO7:14|CO8:5
80214,39.74,-105.07,CO7:98|CO1:2
80215,39.74,-105.12,CO7
80216,39.79,-104.96,CO1:97|CO8:3
80218,39.73,-104.97,CO1
80219,39.70,-105.04,CO1
80220,39.73,-104.92,CO1:99|CO6:1
80221,39.82,-105.01,CO8:86|CO1:14
80222,39.67,-104.93,CO1
80223,39.70,-105.00,CO1
80224,39.69,-104.91,CO1:97|CO6:3
80226,39.71,-105.09,CO7:99|CO1:1
80227,39.67,-105.10,CO7:73|CO1:27
80228,39.70,-105.17,CO7
80229,39.85,-104.96,CO8
80230,39.72,-104.89,CO1
80231,39.67,-104.89,CO1:57|CO6:43
80232,39.69,-105.09,CO7:99|CO1:1
80233,39.90,-104.94,CO8
80234,39.91,-105.00,CO8:93|CO7:7
80235,39.65,-105.09,CO7:59|CO1:41
80236,39.65,-105.04,CO1:92|CO6:8
80237,39.64,-104.90,CO1
80238,39.78,-104.88,CO1
80239,39.79,-104.83,CO1
80241,39.93,-104.95,CO8
80246,39.71,-104.93,CO1
80247,39.70,-104.88,CO6:53|CO1:47
80249,39.86,-104.71,CO1
80260,39.87,-105.00,CO8
80264,39.74,-104.99,CO1
80266,39.79,-104.90,CO1
80290,39.74,-104.99,CO1
80293,39.75,-104.99,CO1
80294,39.75,-104.99,CO1
80301,40.05,-105.20,CO2
80302,40.03,-105.35,CO2
80303,39.97,-105.21,CO2
80304,40.04,-105.29,CO2
80305,39.98,-105.25,CO2
80310,40.00,-105.26,CO2
80401,39.72,-105.24,CO7
80403,39.83,-105.32,CO7:85|CO2:15
80419,39.73,-105.20,CO7
80420,39.32,-106.12,CO7
80421,39.46,-105.50,CO7
80422,39.86,-105.54,CO2
80423,39.85,-106.55,CO2
80424,39.47,-106.00,CO2
80425,39.35,-105.21,CO7
80426,39.88,-106.99,CO2
80427,39.79,-105.52,CO2
80428,40.85,-106.93,CO2
80430,40.50,-106.43,CO2
80432,39.23,-105.84,CO7
80433,39.50,-105.30,CO7
80434,40.90,-106.28,CO2
80435,39.57,-105.93,CO2
80436,39.78,-105.64,CO2
80438,39.74,-105.80,CO2
80439,39.63,-105.44,CO7:85|CO2:15
80440,39.13,-106.06,CO7
80442,39.92,-105.89,CO2
80443,39.50,-106.17,CO2
80444,39.63,-105.73,CO2
80446,40.16,-105.93,CO2
80447,40.30,-105.82,CO2
80448,39.48,-105.83,CO7
80449,38.93,-105.79,CO7
80451,40.04,-106.04,CO2
80452,39.71,-105.60,CO2
80453,39.66,-105.24,CO7
80454,39.63,-105.25,CO7
80455,40.09,-105.40,CO2
80456,39.31,-105.69,CO7
80457,39.65,-105.30,CO7
80459,40.15,-106.41,CO2
80461,39.24,-106.29,CO7
80463,39.98,-106.76,CO2
80465,39.61,-105.21,CO7
80466,39.99,-105.54,CO2
80467,40.21,-106.83,CO2:99|CO3:1
80468,39.91,-106.11,CO2
80469,40.21,-106.97,CO2
80470,39.38,-105.32,CO7
80471,39.94,-105.42,CO2
80473,40.45,-106.16,CO2
80474,39.92,-105.57,CO2
80475,39.41,-105.61,CO7
80476,39.67,-105.83,CO2
80478,40.02,-105.86,CO2
80479,39.99,-106.85,CO2
80480,40.67,-106.34,CO2
80481,40.10,-105.58,CO2
80482,39.90,-105.79,CO2
80483,40.09,-106.94,CO2
80487,40.58,-106.89,CO2
80498,39.75,-106.27,CO2
80501,40.16,-105.10,CO2
80503,40.17,-105.21,CO2
80504,40.17,-105.03,CO2:56|CO8:44
80510,40.21,-105.61,CO2
80512,40.63,-105.57,CO2
80513,40.30,-105.12,CO8:77|CO2:23
80514,40.07,-104.96,CO8
80515,40.46,-105.38,CO2
80516,40.05,-105.02,CO2:92|CO8:8
80517,40.40,-105.61,CO2
80520,40.11,-104.93,CO8
80521,40.59,-105.13,CO2
80524,40.65,-105.03,CO2:89|CO4:11
80525,40.53,-105.04,CO2
80526,40.52,-105.13,CO2
80528,40.50,-105.01,CO2:89|CO4:11
80530,40.10,-104.92,CO8
80532,40.48,-105.47,CO2
80534,40.33,-104.94,CO8
80535,40.74,-105.19,CO2
80536,40.88,-105.38,CO2
80537,40.38,-105.20,CO4:85|CO2:12|CO8:3
80538,40.54,-105.25,CO4:94|CO2:6
80540,40.22,-105.40,CO2
80542,40.23,-105.00,CO8
80543,40.35,-104.86,CO8
80544,40.10,-105.17,CO2
80545,40.84,-105.70,CO2
80546,40.53,-104.85,CO4
80547,40.53,-104.97,CO2
80549,40.89,-105.04,CO4:92|CO2:8
80550,40.49,-104.90,CO4
80601,39.96,-104.81,CO8
80602,39.96,-104.91,CO8
80603,39.95,-104.66,CO8:93|CO4:7
80610,40.67,-104.59,CO4
80611,40.62,-104.25,CO4
80612,40.88,-104.82,CO4:96|CO2:4
80615,40.55,-104.65,CO4:98|CO8:2
80620,40.38,-104.71,CO8
80621,40.11,-104.80,CO8
80622,40.54,-104.44,CO4
80623,40.29,-104.78,CO8
80624,40.44,-104.42,CO8:63|CO4:37
80631,40.44,-104.68,CO8
80634,40.40,-104.79,CO8
80640,39.89,-104.88,CO8
80642,40.05,-104.61,CO4:87|CO8:13
80643,40.11,-104.49,CO4
80644,40.33,-104.43,CO8:92|CO4:8
80645,40.28,-104.65,CO8:96|CO4:4
80646,40.48,-104.70,CO8
80648,40.76,-104.73,CO4
80649,40.40,-104.19,CO4
80650,40.65,-104.78,CO4
80651,40.24,-104.82,CO8
80652,40.14,-104.28,CO4
80653,40.45,-103.98,CO4
80654,40.14,-104.08,CO4
80701,40.13,-103.82,CO4
80705,40.27,-103.83,CO4
80720,40.07,-103.19,CO4
80721,40.69,-102.15,CO4
80722,40.48,-103.20,CO4
80723,40.19,-103.54,CO4
80726,40.92,-102.78,CO4
80727,40.02,-102.51,CO4
80728,40.64,-102.87,CO4
80729,40.88,-104.23,CO4
80731,40.59,-102.60,CO4
80732,40.99,-104.31,CO4
80733,40.36,-103.47,CO4
80734,40.52,-102.29,CO4
80735,39.71,-102.24,CO4
80736,40.81,-103.03,CO4
80737,40.90,-102.20,CO4|NE3
80740,39.74,-103.38,CO4
80741,40.57,-103.48,CO4
80742,40.76,-103.84,CO4
80743,40.22,-102.96,CO4
80744,40.87,-102.39,CO4
80745,40.90,-103.41,CO4
80746,40.61,-102.46,CO4
80747,40.93,-103.18,CO4
80749,40.87,-102.55,CO4
80750,40.41,-103.60,CO4
80751,40.65,-103.24,CO4
80754,40.67,-103.64,CO4
80755,39.90,-102.35,CO4
80757,39.79,-103.58,CO4
80758,40.14,-102.19,CO4
80759,40.11,-102.69,CO4
80801,39.73,-103.10,CO4
80802,38.83,-102.15,CO4
80804,39.35,-103.25,CO4
80805,39.30,-102.44,CO4
80807,39.32,-102.22,CO4
80808,39.01,-104.30,CO4:53|CO5:47
80809,38.85,-105.01,CO5
80810,38.82,-102.43,CO4
80812,39.63,-102.83,CO4
80813,38.75,-105.12,CO7
80814,38.94,-105.19,CO7
80815,39.39,-103.10,CO4
80816,38.86,-105.32,CO7
80817,38.59,-104.68,CO5
80818,39.42,-103.46,CO4
80819,38.94,-105.00,CO7:81|CO5:19
80820,38.78,-105.57,CO7
80821,39.00,-103.45,CO4
80822,39.68,-102.68,CO4
80823,38.66,-103.42,CO4
80824,39.67,-102.50,CO4
80825,38.83,-102.83,CO4
80826,39.22,-103.69,CO4
80827,39.06,-105.47,CO7
80828,39.26,-103.70,CO4
80829,38.83,-104.93,CO5
80830,39.11,-103.91,CO4
80831,38.98,-104.50,CO5:93|CO4:7
80832,38.90,-103.77,CO4
80833,38.76,-103.97,CO4
80834,39.30,-102.88,CO4
80835,39.22,-104.02,CO4
80836,39.30,-102.58,CO4
80840,39.00,-104.86,CO5
80860,38.71,-105.09,CO7
80861,39.32,-102.77,CO4
80862,38.92,-103.06,CO4
80863,39.03,-105.05,CO7:99|CO5:1
80864,38.70,-104.19,CO4:99|CO5:1
80902,38.68,-104.82,CO5
80903,38.83,-104.82,CO5
80904,38.86,-104.87,CO5
80905,38.82,-104.84,CO5
80906,38.75,-104.88,CO5
80907,38.88,-104.82,CO5
80908,39.05,-104.69,CO5
80909,38.85,-104.77,CO5
80910,38.81,-104.77,CO5
80911,38.75,-104.72,CO5
80913,38.69,-104.75,CO5
80914,38.82,-104.71,CO5
80915,38.85,-104.72,CO5
80916,38.80,-104.69,CO5
80917,38.89,-104.74,CO5
80918,38.91,-104.78,CO5
80919,38.93,-104.88,CO5
80920,38.96,-104.77,CO5
80921,39.06,-104.82,CO5
80922,38.89,-104.70,CO5
80923,38.93,-104.71,CO5
80924,38.97,-104.72,CO5
80925,38.77,-104.64,CO5
80926,38.63,-104.90,CO5:95|CO7:5
80927,38.93,-104.66,CO5
80928,38.63,-104.40,CO5
80929,38.82,-104.61,CO5
80930,38.81,-104.51,CO5
80938,38.91,-104.66,CO5
80939,38.87,-104.68,CO5
80951,38.88,-104.66,CO5
81001,38.30,-104.54,CO3
81003,38.28,-104.66,CO3
81004,38.04,-104.71,CO3
81005,38.21,-104.83,CO3
81006,38.24,-104.48,CO3
81007,38.39,-104.80,CO3
81008,38.39,-104.57,CO3
81019,37.94,-104.84,CO3
81020,37.47,-104.61,CO3
81021,38.42,-103.38,CO4
81022,38.03,-104.43,CO3
81023,38.07,-104.93,CO3
81024,37.23,-104.71,CO3
81025,38.46,-104.36,CO3
81027,37.25,-103.72,CO3
81029,37.08,-102.51,CO4
81030,38.10,-103.51,CO3
81033,38.20,-103.86,CO4
81036,38.42,-102.79,CO4
81039,37.94,-104.09,CO3:97|CO4:3
81040,37.78,-105.23,CO3
81041,37.85,-102.40,CO4
81043,38.12,-102.22,CO4
81044,37.86,-102.95,CO4
81045,38.57,-103.15,CO4
81046,37.30,-104.37,CO3
81047,38.01,-102.19,CO4
81049,37.30,-103.39,CO3
81050,37.86,-103.47,CO3
81052,37.97,-102.64,CO4
81054,37.91,-103.19,CO4
81055,37.39,-105.12,CO3
81057,38.12,-102.90,CO4
81058,38.10,-103.88,CO3:93|CO4:7
81059,37.56,-104.00,CO3
81062,38.30,-103.96,CO4
81063,38.43,-103.77,CO4
81064,37.22,-103.00,CO4:87|CO3:13
81067,38.02,-103.73,CO3
81069,37.89,-104.89,CO3:96|CO7:4
81071,38.43,-102.26,CO4
81073,37.43,-102.71,CO4
81076,38.34,-103.60,CO4
81077,38.02,-103.61,CO3
81081,37.07,-104.16,CO3
81082,37.19,-104.41,CO3
81084,37.56,-102.43,CO4
81087,37.39,-102.41,CO4
81089,37.63,-104.67,CO3
81090,37.37,-102.23,CO4
81091,37.15,-104.96,CO3
81092,38.22,-102.91,CO4
81101,37.47,-105.85,CO3
81120,37.20,-106.35,CO3|NM3
81121,37.02,-107.42,CO3
81122,37.30,-107.54,CO3
81123,37.41,-105.57,CO3
81124,37.29,-106.11,CO3
81125,37.82,-106.07,CO3
81126,37.16,-105.35,CO3
81128,37.08,-106.62,CO3
81129,37.10,-106.02,CO3
81130,37.70,-107.10,CO3
81131,37.87,-105.68,CO3
81132,37.71,-106.42,CO3
81133,37.45,-105.33,CO3
81136,37.72,-105.81,CO3
81137,37.05,-107.61,CO3|NM3
81138,37.02,-105.63,CO3
81140,37.30,-106.16,CO3
81141,37.16,-105.89,CO3
81143,38.16,-105.85,CO3
81144,37.55,-106.14,CO3
81146,37.65,-105.67,CO3
81147,37.29,-107.09,CO3
81148,37.17,-105.99,CO3
81149,38.10,-106.35,CO3
81151,37.24,-105.71,CO3
81152,37.13,-105.40,CO3
81154,37.63,-106.67,CO3
81155,38.30,-106.12,CO3
81201,38.56,-106.11,CO7
81210,38.81,-106.68,CO3
81211,38.95,-106.37,CO7
81212,38.54,-105.42,CO7
81220,38.30,-107.48,CO3
81221,38.36,-105.14,CO7
81222,38.35,-105.82,CO7
81223,38.36,-105.61,CO7
81224,38.88,-106.93,CO3
81225,38.96,-107.02,CO3
81226,38.34,-105.09,CO7
81227,38.55,-106.29,CO7
81228,39.03,-106.28,CO7
81230,38.40,-106.95,CO3
81232,38.28,-105.61,CO7
81233,38.49,-105.81,CO7
81235,37.97,-107.41,CO3
81236,38.67,-106.26,CO7
81237,38.65,-106.58,CO3
81239,38.54,-106.61,CO3
81240,38.50,-105.03,CO7
81241,38.63,-106.50,CO3
81242,38.47,-106.07,CO7
81243,38.27,-107.19,CO3
81244,38.36,-105.16,CO7
81248,38.42,-106.50,CO3
81251,39.15,-106.45,CO7
81252,38.11,-105.43,CO7
81253,38.17,-105.07,CO7:92|CO3:8
81301,37.53,-107.82,CO3
81303,37.12,-107.85,CO3
81320,37.72,-108.74,CO3
81321,37.31,-108.73,CO3
81323,37.70,-108.13,CO3
81324,37.64,-109.01,CO3|UT3
81325,37.92,-108.71,CO3
81326,37.15,-108.12,CO3
81327,37.52,-108.66,CO3
81328,37.27,-108.33,CO3
81330,37.23,-108.48,CO3
81331,37.45,-108.91,CO3
81332,37.70,-107.99,CO3
81334,37.15,-108.61,CO3
81335,37.54,-108.72,CO3
81401,38.51,-107.77,CO3
81403,38.31,-107.93,CO3
81410,38.81,-107.98,CO3
81411,38.25,-108.98,CO3
81413,38.98,-107.90,CO3
81415,38.63,-107.63,CO3
81416,38.64,-108.25,CO3
81418,38.90,-108.06,CO3
81419,38.88,-107.75,CO3
81422,38.32,-108.71,CO3
81423,38.01,-108.43,CO3
81424,38.35,-108.50,CO3
81425,38.46,-108.12,CO3
81426,37.87,-107.82,CO3
81427,38.03,-107.61,CO3
81428,38.96,-107.60,CO3
81429,38.38,-108.88,CO3
81430,38.05,-108.07,CO3
81431,38.14,-108.51,CO3
81432,38.13,-107.75,CO3
81433,37.72,-107.58,CO3
81434,38.98,-107.43,CO3
81435,37.86,-107.92,CO3
81501,39.07,-108.55,CO3
81503,39.03,-108.49,CO3
81504,39.12,-108.49,CO3
81505,39.21,-108.59,CO3
81506,39.12,-108.56,CO3
81507,39.01,-108.65,CO3
81520,39.11,-108.43,CO3
81521,39.16,-108.88,CO3
81522,38.69,-108.92,CO3
81523,38.92,-108.89,CO3
81524,39.29,-108.73,CO3
81525,39.26,-108.97,CO3
81526,39.08,-108.35,CO3
81527,38.80,-108.47,CO3
81601,39.60,-107.35,CO3
81610,40.29,-108.84,CO3
81611,39.16,-106.67,CO3
81612,39.05,-106.85,CO3
81615,39.21,-106.94,CO3
81620,39.61,-106.50,CO2
81621,39.38,-106.88,CO3
81623,39.25,-107.16,CO3
81624,39.16,-107.75,CO3
81625,40.70,-107.74,CO3
81630,39.46,-108.56,CO3
81631,39.63,-106.77,CO2:95|CO3:5
81632,39.62,-106.61,CO2
81633,40.39,-108.47,CO3
81635,39.54,-108.07,CO3
81637,39.78,-107.11,CO2:85|CO3:15
81638,40.30,-107.64,CO3:80|CO2:20
81639,40.56,-107.25,CO2
81640,40.67,-108.51,CO3
81641,40.11,-107.82,CO3
81642,39.31,-106.57,CO3
81643,39.12,-108.15,CO3
81645,39.46,-106.46,CO2
81646,39.10,-108.01,CO3
81647,39.58,-107.53,CO3
81648,39.90,-108.79,CO3
81649,39.47,-106.28,CO2
81650,39.75,-108.11,CO3
81652,39.47,-107.67,CO3
81653,40.90,-107.24,CO2:84|CO3:16
81654,39.21,-107.05,CO3
81655,39.75,-106.69,CO2
81656,39.28,-106.79,CO3
81657,39.65,-106.33,CO2
82001,41.10,-104.92,WY0
82005,41.15,-104.87,WY0
82007,41.08,-104.68,WY0
82009,41.38,-104.85,WY0
82050,41.45,-104.27,WY0
82051,41.60,-105.65,WY0
82052,41.12,-105.35,WY0
82053,41.24,-104.34,WY0
82054,41.06,-104.36,WY0
82055,41.38,-106.28,WY0
82058,42.15,-105.61,WY0
82059,41.05,-105.18,WY0
82060,41.29,-104.50,WY0
82061,41.49,-105.14,WY0
82063,40.77,-105.97,CO2|WY0
82070,41.22,-105.84,WY0
82072,41.43,-105.55,WY0
82073,41.17,-105.44,WY0
82081,41.53,-104.48,WY0
82082,41.26,-104.09,CO4|NE3|WY0
82083,41.72,-105.99,WY0
82084,41.05,-105.52,WY0
82190,44.52,-110.65,WY0
82201,42.00,-105.13,WY0
82210,41.71,-104.76,WY0
82212,42.26,-104.54,WY0
82213,42.49,-105.00,WY0
82214,42.26,-104.75,WY0
82215,42.47,-104.70,WY0
82217,41.76,-104.14,WY0
82218,41.94,-104.14,WY0
82219,42.48,-104.48,WY0
82221,41.64,-104.33,WY0
82222,43.17,-104.65,WY0
82223,42.12,-104.39,WY0
82224,42.82,-104.92,WY0
82225,42.96,-104.32,WY0
82227,42.72,-104.73,WY0
82229,42.88,-104.99,WY0
82240,42.16,-104.13,WY0
82242,42.65,-104.14,WY0
82243,41.99,-104.41,WY0
82244,41.90,-104.44,WY0
82301,41.98,-107.48,WY0
82310,42.45,-107.88,WY0
82321,41.09,-107.65,WY0
82322,42.25,-107.55,WY0
82323,41.03,-107.52,WY0
82324,41.66,-106.43,WY0
82325,41.15,-106.79,WY0
82327,42.14,-106.63,WY0
82329,42.04,-106.11,WY0
82331,41.40,-106.82,WY0
82332,41.11,-107.26,WY0
82334,41.95,-106.98,WY0
82335,41.76,-106.83,WY0
82336,41.70,-108.21,WY0
82401,44.01,-108.17,WY0
82410,44.35,-108.16,WY0
82411,44.45,-108.48,WY0
82412,44.79,-108.55,WY0
82414,44.40,-109.61,WY0
82420,44.92,-108.46,WY0
82421,44.89,-108.60,WY0
82422,44.50,-108.38,WY0
82423,44.99,-108.59,WY0
82426,44.52,-108.03,WY0
82428,44.30,-107.59,WY0
82430,43.80,-108.18,WY0
82431,44.87,-108.16,WY0
82432,44.21,-107.85,WY0
82433,44.06,-109.10,WY0
82434,44.35,-108.30,WY0
82435,44.82,-109.05,WY0
82440,44.72,-108.87,WY0
82441,44.55,-107.61,WY0
82442,43.91,-107.33,WY0
82443,43.72,-108.48,WY0
82450,44.50,-109.43,WY0
82501,43.03,-108.24,WY0
82510,43.00,-108.61,WY0
82512,43.03,-109.24,WY0
82513,43.63,-109.63,WY0
82514,43.07,-109.02,WY0
82515,42.90,-108.57,WY0
82516,43.20,-108.81,WY0
82520,42.66,-108.64,WY0
82523,43.41,-108.85,WY0
82601,43.07,-106.34,WY0
82604,42.91,-106.71,WY0
82609,42.78,-106.18,WY0
82620,42.54,-107.06,WY0
82630,43.33,-107.31,WY0
82633,43.02,-105.39,WY0
82635,43.42,-106.22,WY0
82636,42.83,-106.16,WY0
82637,42.76,-105.86,WY0
82638,43.06,-107.25,WY0
82639,43.74,-106.70,WY0
82640,43.56,-106.13,WY0
82642,43.28,-107.66,WY0
82643,43.42,-106.28,WY0
82644,42.84,-106.37,WY0
82646,42.98,-106.77,WY0
82648,43.10,-106.92,WY0
82649,43.28,-108.01,WY0
82701,43.69,-104.46,SD0|WY0
82710,44.69,-104.31,WY0
82711,44.71,-104.48,WY0
82712,44.53,-104.12,WY0
82714,44.55,-104.68,WY0
82716,44.54,-105.64,WY0
82718,43.92,-105.61,WY0
82720,44.80,-104.67,WY0
82721,44.46,-104.90,WY0
82723,43.99,-104.43,WY0
82725,44.88,-105.70,WY0
82727,44.33,-105.20,WY0
82729,44.37,-104.36,WY0
82730,44.04,-104.71,WY0
82731,44.80,-105.22,WY0
82732,43.72,-105.58,WY0
82801,44.83,-106.90,MT2|WY0
82831,44.67,-106.04,WY0
82832,44.58,-106.75,WY0
82833,44.61,-107.16,WY0
82834,44.26,-106.73,WY0
82835,44.76,-106.36,WY0
82836,44.82,-107.61,WY0
82837,44.73,-106.28,WY0
82838,44.92,-107.46,WY0
82839,44.96,-107.17,WY0
82842,44.57,-106.94,WY0
82844,44.81,-107.20,WY0
82845,44.76,-106.73,WY0
82901,41.38,-108.98,WY0
82922,43.14,-110.46,WY0
82923,42.63,-109.35,WY0
82925,43.22,-109.79,WY0
82929,41.55,-109.88,WY0
82930,40.96,-110.61,UT3|WY0
82932,42.12,-109.39,WY0
82933,41.27,-110.50,WY0
82934,41.61,-110.00,WY0
82935,41.68,-109.66,WY0
82936,41.05,-110.18,WY0
82937,41.35,-110.26,WY0
82938,41.09,-109.90,WY0
82939,41.22,-110.35,WY0
82941,42.93,-109.69,WY0
82942,41.70,-108.77,WY0
82943,41.70,-109.18,WY0
82944,41.13,-110.50,WY0
82945,41.72,-108.94,WY0
83001,43.39,-110.63,WY0
83011,43.59,-110.53,WY0
83012,43.72,-110.81,WY0
83013,44.05,-110.43,WY0
83014,43.45,-110.97,WY0
83025,43.59,-110.85,WY0
83101,41.98,-110.55,WY0
83110,42.73,-110.85,WY0
83111,42.82,-111.01,WY0
83112,42.87,-110.85,WY0
83113,42.55,-110.27,WY0
83114,42.10,-110.96,WY0
83115,42.91,-110.24,WY0
83116,41.76,-110.55,WY0
83118,43.07,-110.90,WY0
83119,42.64,-110.99,WY0
83120,43.11,-111.14,ID2|WY0
83121,41.85,-110.54,WY0
83122,42.82,-110.96,WY0
83123,42.24,-110.27,WY0
83124,41.76,-110.32,WY0
83126,42.58,-110.90,WY0
83127,42.92,-111.00,ID2|WY0
83128,43.09,-110.80,WY0
83201,42.91,-112.37,ID2
83202,42.99,-112.38,ID2
83203,43.03,-112.43,ID2
83204,42.81,-112.52,ID2
83209,42.86,-112.43,ID2
83210,43.02,-112.87,ID2
83211,42.66,-113.08,ID2
83212,42.51,-112.55,ID2
83213,43.44,-113.36,ID2
83214,42.54,-112.31,ID2
83215,43.44,-112.81,ID2
83217,42.77,-111.93,ID2
83218,43.32,-112.16,ID2
83220,42.34,-111.38,ID2
83221,43.29,-112.51,ID2
83223,42.18,-111.40,ID2
83226,44.37,-114.01,ID2
83227,44.16,-114.50,ID2
83228,42.23,-112.06,ID2
83232,42.13,-111.97,ID2
83233,42.14,-111.24,ID2
83234,42.42,-112.10,ID2
83235,44.62,-114.05,ID2
83236,43.19,-111.87,ID2
83237,42.03,-111.78,ID2
83238,42.38,-111.10,ID2
83239,42.53,-111.36,ID2
83241,42.51,-111.77,ID2
83243,42.23,-112.67,ID2
83244,43.90,-112.95,ID2
83245,42.87,-112.18,ID2
83246,42.61,-112.03,ID2
83250,42.69,-112.21,ID2
83251,43.95,-113.94,ID2
83252,42.17,-112.41,ID2
83253,44.54,-113.75,ID2
83254,42.35,-111.24,ID2
83255,43.71,-113.46,ID2
83261,42.22,-111.41,ID2
83262,43.22,-112.84,ID2
83263,42.18,-111.75,ID2
83271,42.44,-112.91,ID2
83272,42.09,-111.38,ID2
83274,43.35,-112.10,ID2
83276,42.76,-111.44,ID2
83277,43.07,-112.68,ID2
83278,44.34,-114.81,ID2
83281,42.31,-111.96,ID2
83283,42.37,-111.63,ID2
83285,43.07,-111.30,ID2
83286,42.06,-112.02,ID2
83287,42.02,-111.46,ID2
83301,42.40,-114.52,ID2
83302,42.06,-114.73,ID2:66|ID1:34
83311,42.41,-113.56,ID2
83312,42.11,-113.64,ID2
83313,43.35,-114.20,ID2
83314,42.97,-114.95,ID2
83316,42.63,-114.88,ID2
83318,42.44,-113.82,ID2
83320,43.40,-113.89,ID2
83321,42.35,-114.85,ID2
83322,43.32,-114.97,ID2
83323,42.47,-113.45,ID2
83324,42.87,-114.26,ID2
83325,42.59,-114.24,ID2
83327,43.50,-114.77,ID2
83328,42.57,-114.62,ID2
83330,42.94,-114.69,ID2
83332,42.80,-114.93,ID2
83333,43.57,-114.24,ID2
83334,42.42,-114.29,ID2
83335,42.58,-114.07,ID2
83336,42.56,-113.82,ID2
83337,43.22,-115.15,ID2
83338,42.73,-114.43,ID2
83340,43.74,-114.58,ID2
83341,42.44,-114.38,ID2
83342,42.14,-113.25,ID2|UT2
83344,42.41,-114.13,ID2
83346,42.20,-113.90,ID2
83347,42.65,-113.79,ID2
83348,43.28,-114.12,ID2
83349,43.11,-114.20,ID2
83350,42.71,-113.60,ID2
83352,43.05,-114.41,ID2
83353,43.69,-114.33,ID2
83354,43.67,-114.32,ID2
83355,42.76,-114.72,ID2
83401,43.54,-111.84,ID2
83402,43.53,-112.18,ID2
83404,43.43,-112.02,ID2
83406,43.44,-111.93,ID2
83414,43.86,-110.94,WY0
83420,44.06,-111.32,ID2
83421,44.00,-111.55,ID2
83422,43.70,-111.31,ID2
83423,44.28,-112.30,ID2
83424,43.90,-111.20,ID2
83425,43.93,-112.22,ID2
83427,43.36,-111.75,ID2
83428,43.39,-111.12,ID2
83429,44.48,-111.38,ID2
83431,43.69,-112.03,ID2
83433,44.49,-111.32,ID2
83434,43.76,-112.01,ID2
83435,43.98,-112.59,ID2
83436,43.87,-111.46,ID2
83438,43.96,-111.76,ID2
83440,43.81,-111.81,ID2
83442,43.63,-111.83,ID2
83443,43.53,-111.55,ID2
83444,43.72,-112.30,ID2
83445,44.04,-111.75,ID2
83446,44.37,-112.21,ID2
83448,43.85,-111.71,ID2
83449,43.43,-111.36,ID2
83450,43.84,-112.40,ID2
83451,43.87,-111.63,ID2
83452,43.77,-111.33,ID2
83454,43.59,-111.96,ID2
83455,43.61,-111.14,ID2
83460,43.82,-111.78,ID2
83462,45.28,-113.85,ID2
83463,45.57,-113.98,ID2
83464,44.48,-113.20,ID2
83465,44.79,-113.67,ID2
83466,45.42,-114.04,ID2
83467,45.04,-113.86,ID2
83468,44.89,-113.55,ID2
83469,45.07,-114.41,ID2
83501,46.25,-116.93,ID1
83520,46.54,-116.33,ID1
83522,45.91,-116.47,ID1
83523,46.23,-116.47,ID1
83524,46.35,-116.64,ID1
83525,45.74,-115.39,ID1
83526,46.15,-116.41,ID1
83530,45.92,-116.02,ID1
83533,46.12,-116.24,ID1
83535,46.54,-116.74,ID1
83536,46.21,-116.02,ID1
83537,46.63,-116.53,ID1
83539,46.26,-114.85,ID1
83540,46.33,-116.76,ID1
83541,46.50,-116.50,ID1
83542,45.56,-116.32,ID1
83543,46.27,-116.23,ID1
83544,46.49,-116.15,ID1
83545,46.43,-116.42,ID1
83546,46.57,-115.79,ID1
83547,45.31,-116.34,ID1
83548,46.34,-116.51,ID1
83549,45.36,-116.27,ID1
83552,45.98,-115.92,ID1
83553,46.39,-115.90,ID1
83554,45.69,-116.27,ID1
83555,46.08,-116.72,ID1
83602,44.09,-116.15,ID1
83604,42.75,-115.68,ID1
83605,43.67,-116.65,ID1
83607,43.71,-116.74,ID1
83610,44.74,-116.77,ID1
83611,45.34,-115.05,ID1
83612,44.85,-116.53,ID1
83615,44.71,-116.04,ID1
83616,43.78,-116.39,ID1:89|ID2:11
83617,43.94,-116.51,ID1
83619,43.97,-116.91,ID1
83622,44.10,-115.88,ID1
83623,43.04,-115.40,ID2
83624,42.92,-116.15,ID1:80|ID2:20
83626,43.67,-116.83,ID1
83627,42.91,-115.54,ID2:85|ID1:15
83628,43.58,-116.97,ID1
83629,43.91,-116.13,ID1
83631,43.88,-115.78,ID1
83632,44.53,-116.41,ID1
83633,43.05,-115.20,ID2
83634,43.44,-116.32,ID1
83636,43.91,-116.66,ID1
83637,44.10,-115.16,ID1
83638,45.12,-115.71,ID1
83639,43.42,-116.91,ID1
83641,43.35,-116.64,ID1
83642,43.57,-116.40,ID1:93|ID2:7
83643,44.63,-116.46,ID1
83644,43.75,-116.58,ID1
83645,44.34,-116.58,ID1
83646,43.65,-116.43,ID1:97|ID2:3
83647,43.40,-115.52,ID2
83648,43.05,-115.87,ID2
83650,42.90,-116.66,ID1
83651,43.59,-116.63,ID1
83654,45.23,-116.25,ID1
83655,43.95,-116.79,ID1
83656,43.72,-116.80,ID1
83657,44.24,-116.30,ID1
83660,43.80,-116.93,ID1
83661,44.11,-116.70,ID1
83666,43.96,-115.97,ID1
83669,43.72,-116.49,ID1
83670,44.02,-116.31,ID1
83672,44.37,-116.96,ID1
83676,43.65,-116.90,ID1
83677,45.04,-115.26,ID1
83686,43.50,-116.60,ID1
83687,43.61,-116.53,ID1
83702,43.67,-116.14,ID2
83703,43.66,-116.24,ID2
83704,43.63,-116.29,ID2
83705,43.55,-116.22,ID2
83706,43.59,-116.19,ID2
83709,43.55,-116.29,ID1:60|ID2:40
83712,43.62,-116.09,ID2
83713,43.64,-116.34,ID2:89|ID1:11
83714,43.71,-116.28,ID2
83716,43.88,-115.16,ID2:88|ID1:12
83720,43.62,-116.20,ID2
83725,43.60,-116.21,ID2
83801,47.96,-116.65,ID1
83802,47.28,-115.62,ID1
83803,48.02,-116.37,ID1
83804,48.05,-116.97,ID1
83805,48.83,-116.50,ID1
83806,46.88,-116.37,ID1
83808,47.32,-116.06,ID1
83809,48.06,-116.58,ID1
83810,47.54,-116.45,ID1
83811,48.11,-116.16,ID1
83812,47.02,-116.28,ID1
83813,48.11,-116.70,ID1
83814,47.69,-116.66,ID1
83815,47.73,-116.79,ID1
83821,48.58,-116.84,ID1
83822,48.17,-117.00,ID1
83823,46.82,-116.54,ID1
83824,47.11,-116.94,ID1
83825,48.25,-116.61,ID1
83826,48.98,-116.15,ID1
83827,46.78,-116.17,ID1
83830,47.08,-116.35,ID1
83832,46.55,-116.91,ID1
83833,47.53,-116.74,ID1
83834,47.01,-116.73,ID1
83835,47.80,-116.66,ID1
83836,48.24,-116.19,ID1
83837,47.53,-116.09,ID1
83839,47.62,-116.18,ID1
83840,48.31,-116.52,ID1
83841,48.20,-116.77,ID1
83842,47.44,-116.55,ID1
83843,46.72,-116.94,ID1
83844,46.73,-117.02,ID1
83845,48.74,-116.10,ID1
83846,47.49,-115.73,ID1
83847,48.58,-116.43,ID1
83848,48.72,-116.91,ID1
83849,47.54,-115.99,ID1
83850,47.44,-116.21,ID1
83851,47.30,-116.90,ID1
83852,48.32,-116.53,ID1
83854,47.73,-116.98,ID1
83855,46.99,-116.89,ID1
83856,48.33,-116.90,ID1|WA5
83857,46.89,-116.81,ID1
83858,47.86,-116.92,ID1
83860,48.18,-116.54,ID1
83861,47.25,-116.59,ID1
83864,48.43,-116.50,ID1
83866,47.14,-116.44,ID1
83867,47.51,-115.95,ID1
83868,47.52,-116.18,ID1
83869,47.98,-116.89,ID1
83870,47.14,-116.85,ID1
83871,46.74,-116.74,ID1
83872,46.86,-116.97,ID1
83873,47.58,-115.84,ID1
83874,47.64,-115.80,ID1
83876,47.46,-116.95,ID1
84001,40.35,-110.27,UT3
84002,40.43,-110.29,UT3
84003,40.47,-111.68,UT4
84004,40.49,-111.73,UT3
84005,40.32,-112.00,UT4
84006,40.60,-112.12,UT1
84007,40.35,-110.20,UT3
84008,40.03,-109.19,UT3
84009,40.55,-112.02,UT4
84010,40.87,-111.84,UT2
84013,40.30,-112.09,UT4
84014,40.94,-111.83,UT2
84015,41.12,-112.06,UT2
84017,40.96,-111.22,UT3
84018,41.22,-111.45,UT3
84020,40.50,-111.87,UT4
84021,40.11,-110.53,UT3
84022,40.35,-112.64,UT4
84023,40.90,-109.22,UT3
84024,41.01,-111.45,UT3
84025,40.98,-111.90,UT2
84026,40.29,-109.85,UT3
84027,40.16,-110.78,UT3
84028,41.91,-111.37,UT2
84029,40.57,-112.95,UT4
84031,40.63,-110.74,UT3
84032,40.37,-111.19,UT3
84033,40.98,-111.49,UT3
84034,39.99,-113.88,NV2|UT4
84035,40.41,-109.29,UT3
84036,40.70,-111.02,UT3
84037,41.02,-111.95,UT2
84038,41.89,-111.26,UT2
84039,40.44,-109.81,UT3
84040,41.09,-111.90,UT2
84041,41.07,-111.98,UT2
84042,40.34,-111.72,UT4
84043,40.41,-111.87,UT4
84044,40.74,-112.12,UT1
84045,40.29,-111.93,UT4
84046,40.95,-109.80,UT3
84047,40.62,-111.89,UT1:59|UT4:41
84049,40.50,-111.51,UT3
84050,41.02,-111.66,UT3
84051,40.39,-110.43,UT3
84052,40.17,-110.00,UT3
84053,40.43,-109.99,UT3
84054,40.84,-111.92,UT2
84055,40.70,-111.13,UT3
84056,41.13,-111.99,UT2
84057,40.31,-111.71,UT3
84058,40.27,-111.71,UT3
84059,40.30,-111.75,UT4:80|UT3:20
84060,40.64,-111.51,UT3
84061,40.76,-111.32,UT3
84062,40.38,-111.68,UT4
84063,40.21,-109.69,UT3
84064,41.68,-111.11,UT2
84065,40.49,-111.94,UT4
84066,40.35,-110.07,UT3
84067,41.17,-112.05,UT2
84069,40.37,-112.49,UT4
84070,40.58,-111.89,UT4
84071,40.35,-112.27,UT4
84072,40.36,-110.63,UT3
84073,40.35,-110.42,UT3
84074,40.58,-112.30,UT4
84075,41.06,-112.07,UT2
84076,40.45,-109.84,UT3
84078,40.47,-109.51,UT3
84080,40.03,-112.45,UT4
84081,40.60,-112.04,UT1
84082,40.34,-111.36,UT3
84083,40.82,-113.74,UT4
84084,40.62,-111.97,UT1
84085,40.58,-109.92,UT3
84086,41.42,-111.20,UT2
84087,40.89,-111.93,UT2
84088,40.60,-111.96,UT1
84092,40.55,-111.71,UT4:99|UT1:1
84093,40.59,-111.83,UT4:82|UT1:18
84094,40.57,-111.86,UT4
84095,40.56,-111.94,UT4
84096,40.48,-112.10,UT4
84097,40.30,-111.67,UT3
84098,40.75,-111.53,UT3
84101,40.76,-111.90,UT1
84102,40.76,-111.86,UT1
84103,40.80,-111.85,UT1
84104,40.75,-111.98,UT1
84105,40.74,-111.86,UT1
84106,40.71,-111.86,UT1
84107,40.66,-111.88,UT1
84108,40.80,-111.74,UT1
84109,40.71,-111.70,UT1
84111,40.76,-111.88,UT1
84112,40.77,-111.84,UT1
84113,40.76,-111.83,UT1
84114,40.78,-111.89,UT1
84115,40.71,-111.89,UT1
84116,40.87,-112.04,UT1
84117,40.66,-111.84,UT1
84118,40.66,-112.04,UT1
84119,40.70,-111.95,UT1
84120,40.70,-112.00,UT1
84121,40.62,-111.69,UT1
84123,40.66,-111.92,UT1
84124,40.68,-111.80,UT1
84128,40.71,-112.04,UT1
84129,40.65,-111.96,UT1
84138,40.77,-111.89,UT1
84150,40.77,-111.89,UT1
84180,40.77,-111.90,UT1
84301,41.61,-112.13,UT2
84302,41.59,-112.05,UT2
84304,41.82,-111.98,UT2
84305,41.94,-112.06,UT2
84306,41.78,-112.05,UT2
84307,41.48,-112.54,UT2
84308,41.96,-111.96,UT2
84309,41.71,-112.10,UT2
84310,41.33,-111.84,UT2
84311,41.82,-112.11,UT2
84312,41.78,-112.16,UT2
84313,41.37,-113.68,UT2
84314,41.65,-112.09,UT2
84315,41.17,-112.14,UT2
84316,41.78,-112.45,UT2
84317,41.31,-111.62,UT2:87|UT3:13
84318,41.80,-111.80,UT2
84319,41.59,-111.66,UT2
84320,41.95,-111.85,UT2
84321,41.80,-111.73,UT2
84322,41.76,-111.81,UT2
84324,41.49,-111.94,UT2
84325,41.74,-112.00,UT2
84326,41.67,-111.82,UT2
84327,41.87,-112.00,UT2
84328,41.54,-111.84,UT2
84329,41.80,-113.48,UT2
84330,41.91,-112.17,UT2
84331,41.94,-112.36,UT2
84332,41.70,-111.81,UT2
84333,41.91,-111.80,UT2
84334,41.79,-112.15,UT2
84335,41.82,-111.88,UT2
84336,41.88,-112.85,UT2
84337,41.69,-112.28,UT2
84338,41.91,-111.94,UT2
84339,41.63,-111.94,UT2
84340,41.40,-112.18,UT2
84341,41.77,-111.81,UT2
84401,41.22,-112.03,UT2
84403,41.21,-111.89,UT2
84404,41.27,-112.12,UT2
84405,41.15,-111.96,UT2
84408,41.19,-111.94,UT2
84414,41.33,-111.97,UT2
84501,39.53,-110.81,UT3
84511,37.53,-109.41,UT3
84512,37.17,-109.57,UT3
84513,39.26,-111.01,UT3
84515,38.91,-109.35,UT3
84516,39.13,-111.07,UT3
84518,39.39,-110.88,UT3
84520,39.53,-110.42,UT3
84521,39.42,-110.76,UT3
84522,38.87,-111.22,UT3
84523,39.06,-111.22,UT3
84525,39.13,-110.23,UT3
84526,39.68,-110.97,UT3
84528,39.40,-111.08,UT3
84529,39.71,-110.77,UT3
84530,38.24,-109.40,UT3
84531,37.05,-109.83,AZ2|UT3
84532,38.52,-109.39,UT3
84533,37.41,-110.54,UT3
84534,37.22,-109.27,UT3
84535,37.85,-109.30,UT3
84536,37.13,-110.22,AZ2|UT3
84537,39.30,-111.17,UT3
84539,39.58,-110.40,UT3
84540,39.22,-109.52,UT3
84542,39.74,-110.49,UT3
84601,40.23,-111.70,UT3
84602,40.25,-111.65,UT3
84604,40.32,-111.58,UT3
84606,40.21,-111.63,UT3
84620,38.92,-111.92,UT4
84621,39.05,-111.84,UT4
84622,39.10,-111.81,UT4
84623,39.45,-111.59,UT4
84624,39.44,-112.54,UT4
84626,39.94,-111.98,UT4
84627,39.36,-111.59,UT4
84628,39.94,-112.13,UT4
84629,39.77,-111.45,UT4:94|UT3:6
84630,39.31,-111.83,UT4
84631,39.00,-112.40,UT4
84632,39.64,-111.65,UT4
84633,39.94,-111.89,UT4
84634,39.18,-111.83,UT4
84635,39.39,-112.72,UT4
84636,39.14,-112.34,UT4
84637,38.72,-112.49,UT4
84638,39.50,-112.26,UT4
84639,39.51,-111.90,UT4
84640,39.47,-112.39,UT4
84642,39.26,-111.55,UT4
84643,39.13,-111.68,UT4
84644,38.85,-112.33,UT4
84645,39.86,-111.84,UT4
84646,39.54,-111.61,UT4
84647,39.53,-111.41,UT4
84648,39.69,-111.87,UT4
84649,39.35,-112.33,UT4
84651,39.95,-111.69,UT3:99|UT4:1
84652,39.02,-111.88,UT4
84653,40.05,-111.67,UT3
84654,38.86,-111.68,UT4
84655,39.97,-111.81,UT4
84656,39.24,-112.11,UT4
84657,38.82,-111.94,UT4
84660,40.04,-111.42,UT3
84662,39.44,-111.49,UT4
84663,40.19,-111.49,UT3
84664,40.13,-111.58,UT3
84665,39.19,-111.62,UT4
84667,39.50,-111.66,UT4
84701,38.59,-111.80,UT4
84710,37.47,-112.51,UT3
84711,38.73,-112.05,UT4
84712,38.14,-111.98,UT3
84713,38.33,-112.52,UT3
84714,37.84,-113.77,UT3
84715,38.33,-111.60,UT3
84716,37.94,-111.44,UT3
84718,37.58,-112.08,UT3
84719,37.66,-112.78,UT3
84720,37.59,-113.29,UT3
84721,37.77,-113.13,UT3
84722,37.48,-113.56,UT3
84723,38.18,-112.25,UT3
84724,38.67,-112.15,UT4
84725,37.54,-113.78,UT3
84726,37.75,-111.58,UT3
84728,39.33,-113.91,UT4
84729,37.38,-112.66,UT3
84730,38.74,-112.02,UT4
84731,38.19,-112.76,UT3
84732,38.45,-111.90,UT3
84733,37.30,-113.81,UT3
84734,38.36,-110.58,UT3
84735,37.64,-112.45,UT3
84736,37.71,-111.72,UT3
84737,37.03,-113.25,UT3
84738,37.22,-113.70,UT3
84739,38.64,-112.22,UT4
84740,38.28,-112.26,UT3
84741,37.19,-112.25,UT3
84742,37.52,-113.15,UT3
84743,38.21,-112.19,UT3
84744,38.63,-111.92,UT4:96|UT3:4
84745,37.21,-113.26,UT3
84746,37.24,-113.35,UT3
84747,38.45,-111.64,UT3
84749,38.35,-111.50,UT3
84750,38.44,-112.19,UT3
84751,38.37,-112.92,UT3
84752,38.25,-112.89,UT3
84753,37.97,-113.86,UT3
84754,38.61,-112.12,UT4
84755,37.23,-112.79,UT3
84756,37.74,-113.55,UT3
84757,37.46,-113.27,UT3
84758,37.33,-112.78,UT3
84759,37.93,-112.39,UT3
84760,37.95,-112.66,UT3
84761,37.85,-112.87,UT3
84762,37.50,-112.74,UT3
84763,37.15,-113.07,UT3
84764,37.79,-111.93,UT3
84765,37.34,-114.02,UT3
84766,38.60,-112.35,UT4
84767,37.20,-112.99,UT3
84770,37.14,-113.63,UT3
84772,37.79,-112.95,UT3
84773,38.25,-111.47,UT3
84774,37.24,-113.28,UT3
84775,38.29,-111.03,UT3
84776,37.63,-112.08,UT3
84779,37.33,-113.12,UT3
84780,37.13,-113.47,UT3
84781,37.40,-113.48,UT3
84782,37.38,-113.67,UT3
84783,37.26,-113.68,UT3
84784,37.02,-112.97,UT3
84790,37.05,-113.56,UT3
85003,33.45,-112.08,AZ3
85004,33.45,-112.07,AZ3
85006,33.47,-112.05,AZ3
85007,33.45,-112.09,AZ3
85008,33.46,-111.99,AZ3:56|AZ1:42|AZ4:2
85009,33.44,-112.13,AZ3
85012,33.51,-112.07,AZ3:72|AZ1:28
85013,33.51,-112.08,AZ3:74|AZ1:26
85014,33.51,-112.06,AZ3:63|AZ1:37
85015,33.51,-112.10,AZ3:82|AZ1:15|AZ8:3
85016,33.51,-112.03,AZ1:62|AZ3:38
85017,33.51,-112.12,AZ3:86|AZ8:14
85018,33.52,-111.99,AZ1:98|AZ3:2
85019,33.51,-112.14,AZ3:98|AZ8:2
85020,33.57,-112.06,AZ1
85021,33.56,-112.09,AZ1:60|AZ8:40
85022,33.62,-112.05,AZ1
85023,33.63,-112.09,AZ1:59|AZ8:41
85024,33.69,-112.04,AZ1:87|AZ8:13
85026,33.45,-111.97,AZ4
85027,33.68,-112.10,AZ8:58|AZ1:42
85028,33.58,-112.01,AZ1
85029,33.60,-112.11,AZ8:83|AZ1:17
85031,33.49,-112.17,AZ3
85032,33.63,-112.00,AZ1
85033,33.49,-112.21,AZ3
85034,33.43,-112.01,AZ3:99|AZ4:1
85035,33.47,-112.20,AZ3
85037,33.49,-112.27,AZ3
85040,33.41,-112.03,AZ3
85041,33.39,-112.11,AZ3
85042,33.36,-112.05,AZ3
85043,33.43,-112.20,AZ3
85044,33.34,-112.01,AZ4:96|AZ3:4
85045,33.30,-112.11,AZ4
85048,33.30,-112.03,AZ4
85050,33.69,-112.00,AZ1
85051,33.56,-112.13,AZ8:98|AZ3:2
85053,33.63,-112.13,AZ8
85054,33.68,-111.94,AZ1
85083,33.75,-112.17,AZ8
85085,33.75,-112.08,AZ8
85086,33.82,-112.13,AZ8
85087,33.93,-112.15,AZ8
85118,33.36,-111.36,AZ2:92|AZ5:8
85119,33.39,-111.51,AZ5:98|AZ2:2
85120,33.39,-111.56,AZ5
85121,33.14,-111.91,AZ2
85122,32.92,-111.75,AZ6:50|AZ2:50
85123,32.71,-111.68,AZ6
85128,32.96,-111.51,AZ2
85131,32.65,-111.58,AZ6:98|AZ7:2
85132,32.93,-111.21,AZ2
85135,32.99,-110.78,AZ2
85137,33.14,-111.02,AZ2
85138,33.02,-111.99,AZ2
85139,32.92,-112.21,AZ2:80|AZ7:20
85140,33.25,-111.49,AZ5
85141,32.64,-111.43,AZ6
85142,33.19,-111.67,AZ5
85143,33.16,-111.52,AZ5:98|AZ2:2
85145,32.54,-111.39,AZ6
85147,33.10,-111.72,AZ2
85172,32.90,-111.96,AZ2:95|AZ7:5
85173,33.27,-111.14,AZ2
85191,32.98,-111.45,AZ2
85192,32.96,-110.68,AZ2
85193,32.81,-111.84,AZ7:51|AZ6:40|AZ2:9
85194,32.90,-111.63,AZ2:58|AZ6:42
85201,33.43,-111.85,AZ4
85202,33.38,-111.88,AZ4
85203,33.45,-111.80,AZ4:98|AZ1:2
85204,33.40,-111.79,AZ4
85205,33.43,-111.71,AZ4
85206,33.40,-111.72,AZ4:97|AZ5:3
85207,33.45,-111.64,AZ5:59|AZ4:31|AZ1:9
85208,33.40,-111.63,AZ5:79|AZ4:21
85209,33.38,-111.63,AZ5
85210,33.39,-111.84,AZ4
85212,33.32,-111.63,AZ5
85213,33.45,-111.77,AZ4
85215,33.51,-111.58,AZ4
85224,33.32,-111.88,AZ4
85225,33.32,-111.83,AZ4:72|AZ5:28
85226,33.27,-111.92,AZ4
85233,33.35,-111.81,AZ5
85234,33.37,-111.74,AZ5
85236,33.32,-111.72,AZ5
85248,33.21,-111.87,AZ5:98|AZ2:2
85249,33.23,-111.80,AZ5
85250,33.53,-111.89,AZ1
85251,33.49,-111.92,AZ1
85253,33.54,-111.96,AZ1
85254,33.61,-111.95,AZ1
85255,33.67,-111.82,AZ1
85256,33.50,-111.84,AZ1
85257,33.46,-111.91,AZ1
85258,33.56,-111.89,AZ1
85259,33.60,-111.81,AZ1
85260,33.61,-111.89,AZ1
85262,33.86,-111.81,AZ1
85263,33.93,-111.56,AZ1
85264,33.69,-111.49,AZ1
85266,33.76,-111.92,AZ1
85268,33.61,-111.74,AZ1
85281,33.43,-111.93,AZ4
85282,33.39,-111.93,AZ4
85283,33.36,-111.93,AZ4:88|AZ3:12
85284,33.34,-111.93,AZ4
85286,33.27,-111.83,AZ5:93|AZ4:7
85295,33.31,-111.74,AZ5
85296,33.33,-111.75,AZ5
85297,33.28,-111.73,AZ5
85298,33.24,-111.73,AZ5
85301,33.53,-112.18,AZ3:68|AZ8:28|AZ9:4
85302,33.57,-112.18,AZ8
85303,33.53,-112.22,AZ9:86|AZ8:14
85304,33.59,-112.18,AZ8
85305,33.53,-112.26,AZ9:92|AZ3:8
85306,33.62,-112.18,AZ8
85307,33.53,-112.31,AZ9:70|AZ3:30
85308,33.66,-112.18,AZ8
85309,33.54,-112.38,AZ9
85310,33.70,-112.16,AZ8
85320,33.84,-113.23,AZ9
85321,32.36,-112.58,AZ7
85322,33.15,-112.92,AZ9:99|AZ7:1
85323,33.42,-112.33,AZ7
85324,34.12,-112.04,AZ2
85325,33.96,-113.87,AZ9
85326,33.23,-112.58,AZ9
85328,33.25,-114.62,AZ9
85329,33.43,-112.30,AZ7
85331,33.88,-111.94,AZ1:99|AZ8:1
85332,34.21,-112.92,AZ2
85333,32.97,-113.32,AZ9:87|AZ7:13
85334,33.59,-114.36,AZ9
85335,33.59,-112.33,AZ9
85336,32.51,-114.74,AZ7
85337,32.98,-112.87,AZ7
85338,33.37,-112.41,AZ9
85339,33.24,-112.14,AZ3:93|AZ2:7
85340,33.52,-112.42,AZ9:97|AZ7:3
85341,31.97,-112.72,AZ7
85342,33.94,-112.42,AZ9:95|AZ2:5
85343,33.34,-112.69,AZ9
85344,33.91,-114.26,AZ9
85345,33.57,-112.25,AZ8
85346,33.61,-114.16,AZ9
85347,32.79,-113.81,AZ9
85348,33.70,-113.66,AZ9
85349,32.48,-114.68,AZ7
85350,32.56,-114.71,AZ7:99|AZ9:1
85351,33.61,-112.28,AZ8
85352,32.69,-113.90,AZ9
85353,33.42,-112.27,AZ7:58|AZ3:42
85354,33.41,-113.07,AZ9
85355,33.57,-112.45,AZ9
85356,32.69,-114.19,AZ9
85357,34.02,-113.45,AZ9
85360,34.55,-113.57,AZ9
85361,33.75,-112.63,AZ9
85362,34.29,-112.84,AZ2
85363,33.58,-112.30,AZ9
85364,32.70,-114.66,AZ7:90|AZ9:10
85365,33.02,-114.11,AZ9:91|AZ7:9
85367,32.66,-114.39,AZ9
85371,33.97,-114.39,AZ9
85373,33.67,-112.30,AZ8
85374,33.64,-112.40,AZ8:62|AZ9:38
85375,33.67,-112.36,AZ8
85377,33.82,-111.91,AZ1
85378,33.64,-112.32,AZ9:53|AZ8:47
85379,33.60,-112.37,AZ9
85381,33.61,-112.23,AZ8
85382,33.66,-112.25,AZ8
85383,33.80,-112.34,AZ8:94|AZ9:6
85387,33.71,-112.45,AZ9:71|AZ8:29
85388,33.61,-112.43,AZ9
85390,33.90,-112.88,AZ9:85|AZ2:15
85392,33.48,-112.31,AZ7:96|AZ9:4
85395,33.49,-112.41,AZ9
85396,33.54,-112.70,AZ9
85501,33.56,-110.77,AZ2
85530,33.09,-110.27,AZ2
85531,32.87,-109.78,AZ6
85532,33.41,-110.84,AZ2
85533,33.29,-109.38,AZ6
85534,32.72,-109.15,AZ6
85535,32.99,-109.91,AZ6
85536,33.15,-109.99,AZ6
85539,33.34,-110.93,AZ2
85540,33.03,-109.38,AZ6
85541,34.22,-111.35,AZ2
85542,33.32,-110.31,AZ2
85543,32.95,-109.90,AZ6
85544,34.38,-111.48,AZ2
85545,33.57,-111.14,AZ2:99|AZ1:1
85546,32.70,-109.59,AZ6
85550,33.55,-110.51,AZ2
85551,32.74,-109.56,AZ6
85552,32.82,-109.78,AZ6
85553,33.79,-111.22,AZ2
85554,34.00,-111.00,AZ2
85601,31.58,-111.33,AZ7
85602,32.17,-110.41,AZ6
85603,31.43,-109.91,AZ7:99|AZ6:1
85605,32.31,-109.47,AZ6
85606,32.01,-109.93,AZ6
85607,31.49,-109.34,AZ7:99|AZ6:1
85608,31.45,-109.58,AZ7
85609,32.07,-110.10,AZ6
85610,31.74,-109.67,AZ6
85611,31.64,-110.51,AZ7:78|AZ6:22
85613,31.54,-110.41,AZ6
85614,31.81,-110.93,AZ6:84|AZ7:16
85615,31.40,-110.21,AZ6:78|AZ7:22
85616,31.70,-110.32,AZ6
85617,31.58,-109.72,AZ6:98|AZ7:2
85618,32.78,-110.69,AZ6:99|AZ2:1
85619,32.40,-110.74,AZ6
85620,31.34,-109.94,AZ7
85621,31.39,-110.90,AZ7
85622,31.80,-111.09,AZ6:95|AZ7:5
85623,32.65,-110.78,AZ6
85624,31.52,-110.72,AZ7
85625,31.88,-109.66,AZ6
85626,31.36,-109.57,AZ7
85627,32.01,-110.24,AZ6
85629,31.96,-111.11,AZ7:79|AZ6:21
85630,31.89,-110.18,AZ6
85631,32.58,-110.56,AZ6
85632,32.06,-109.18,AZ6
85633,31.61,-111.53,AZ7
85634,32.01,-112.02,AZ7
85635,31.55,-110.17,AZ6
85637,31.72,-110.69,AZ7:79|AZ6:21
85638,31.67,-110.06,AZ6:98|AZ7:2
85639,31.77,-111.68,AZ7
85640,31.57,-111.04,AZ7
85641,32.02,-110.65,AZ6
85643,32.44,-109.99,AZ6
85645,31.70,-111.14,AZ7:66|AZ6:34
85646,31.62,-111.05,AZ7
85648,31.50,-111.00,AZ7
85650,31.50,-110.20,AZ6
85653,32.40,-111.39,AZ6:63|AZ7:37
85654,32.42,-111.15,AZ6
85658,32.52,-111.15,AZ6
85701,32.22,-110.97,AZ7
85704,32.34,-110.98,AZ6
85705,32.27,-110.99,AZ7:97|AZ6:3
85706,32.15,-110.94,AZ7:90|AZ6:10
85707,32.18,-110.89,AZ6
85708,32.18,-110.86,AZ6
85709,32.14,-110.99,AZ7
85710,32.21,-110.82,AZ6:65|AZ7:35
85711,32.22,-110.88,AZ7:68|AZ6:32
85712,32.25,-110.89,AZ6
85713,32.19,-111.01,AZ7
85714,32.17,-110.95,AZ7
85715,32.25,-110.84,AZ6
85716,32.24,-110.92,AZ6:56|AZ7:44
85718,32.31,-110.92,AZ6
85719,32.25,-110.95,AZ7:73|AZ6:27
85721,32.23,-110.95,AZ7
85723,32.18,-110.96,AZ7
85724,32.24,-110.95,AZ7
85726,32.20,-110.95,AZ7
85730,32.19,-110.72,AZ6:98|AZ7:2
85734,32.07,-110.87,AZ7
85735,32.10,-111.33,AZ7
85736,31.87,-111.37,AZ7
85737,32.41,-110.95,AZ6
85739,32.61,-111.01,AZ6
85741,32.34,-111.04,AZ6
85742,32.39,-111.05,AZ6
85743,32.30,-111.18,AZ6:71|AZ7:29
85745,32.25,-111.06,AZ7
85746,32.07,-111.09,AZ7
85747,32.09,-110.77,AZ6
85748,32.22,-110.75,AZ6
85749,32.28,-110.73,AZ6
85750,32.30,-110.84,AZ6
85755,32.47,-110.98,AZ6
85756,32.07,-110.91,AZ7:75|AZ6:25
85757,32.13,-111.12,AZ7
85901,34.30,-110.02,AZ2
85902,34.16,-110.16,AZ2
85911,34.09,-110.42,AZ2
85912,34.41,-109.91,AZ2
85920,33.86,-109.18,AZ2
85922,33.51,-109.13,AZ6
85923,34.32,-110.34,AZ2
85924,34.57,-109.67,AZ2
85925,34.02,-109.35,AZ2
85926,33.77,-109.98,AZ2
85927,33.99,-109.48,AZ2
85928,34.52,-110.56,AZ2
85929,34.17,-109.97,AZ2
85930,34.03,-109.77,AZ2
85931,34.42,-110.88,AZ2
85932,33.97,-109.18,AZ2
85933,34.36,-110.51,AZ2
85934,34.30,-110.24,AZ2
85935,34.16,-109.92,AZ2
85936,34.59,-109.29,AZ2
85937,34.57,-110.01,AZ2
85938,34.16,-109.41,AZ2
85939,34.43,-110.09,AZ2
85940,34.25,-109.70,AZ2
85941,33.89,-110.06,AZ2
85942,34.77,-110.03,AZ2
86001,35.36,-111.77,AZ2
86003,35.24,-111.20,AZ2
86004,35.38,-111.37,AZ2
86005,35.09,-111.62,AZ2
86011,35.19,-111.65,AZ2
86015,35.22,-111.81,AZ2
86016,35.76,-111.64,AZ2
86017,34.94,-111.68,AZ2
86018,35.24,-111.97,AZ2
86020,35.99,-111.50,AZ2
86021,36.94,-113.15,AZ9
86022,36.77,-112.56,AZ2:79|AZ9:21
86023,36.05,-112.01,AZ2
86024,34.67,-111.19,AZ2
86025,34.89,-110.07,AZ2
86028,35.03,-109.82,AZ2
86029,34.97,-110.01,AZ2
86030,35.85,-110.80,AZ2
86031,35.36,-110.07,AZ2
86032,35.08,-110.28,AZ2
86033,36.68,-110.26,AZ2
86034,35.77,-110.14,AZ2
86035,35.40,-111.03,AZ2
86036,36.79,-111.82,AZ2
86038,34.91,-111.49,AZ2
86039,35.97,-110.57,AZ2
86040,36.66,-111.39,AZ2
86042,35.86,-110.38,AZ2
86043,35.81,-110.53,AZ2
86044,36.74,-110.80,AZ2|UT3
86045,36.14,-111.12,AZ2
86046,35.44,-112.18,AZ2
86047,35.18,-110.62,AZ2
86052,36.29,-112.14,AZ2
86053,36.76,-111.06,AZ2
86054,36.67,-110.62,AZ2
86301,34.60,-112.42,AZ2
86303,34.50,-112.43,AZ2
86305,34.77,-112.76,AZ2
86313,34.55,-112.45,AZ2
86314,34.60,-112.33,AZ2
86315,34.67,-112.29,AZ2
86320,35.37,-112.62,AZ2
86321,34.55,-113.09,AZ2
86322,34.47,-111.81,AZ2
86323,34.77,-112.40,AZ2
86324,34.82,-112.11,AZ2
86325,34.73,-111.90,AZ2
86326,34.70,-112.01,AZ2
86327,34.56,-112.11,AZ2
86329,34.49,-112.28,AZ2
86331,34.76,-112.12,AZ2
86332,34.30,-112.62,AZ2
86333,34.32,-112.08,AZ2
86334,34.95,-112.54,AZ2
86335,34.65,-111.66,AZ2
86336,34.88,-111.86,AZ2
86337,35.24,-113.05,AZ2
86338,34.57,-112.76,AZ2
86343,34.19,-112.32,AZ2
86351,34.78,-111.79,AZ2
86401,35.08,-113.75,AZ9
86403,34.48,-114.34,AZ9
86404,34.59,-114.31,AZ9
86406,34.38,-114.08,AZ9
86409,35.46,-114.02,AZ9
86411,35.45,-113.74,AZ9
86413,35.17,-114.26,AZ9
86426,35.01,-114.55,AZ9
86429,35.28,-114.48,AZ9
86431,35.43,-114.25,AZ9
86432,36.80,-113.72,AZ9
86433,34.93,-114.36,AZ9
86434,35.66,-113.59,AZ2:92|AZ9:8
86435,36.01,-112.95,AZ2
86436,34.74,-114.42,AZ9
86437,35.40,-113.60,AZ9
86438,34.68,-113.99,AZ9
86440,34.89,-114.54,AZ9
86441,35.57,-114.30,AZ9
86442,35.09,-114.56,AZ9
86443,35.95,-114.44,AZ9
86444,35.91,-114.06,AZ9
86445,35.69,-114.56,AZ9
86502,35.14,-109.61,AZ2
86503,36.22,-109.68,AZ2
86504,35.86,-109.14,AZ2|NM3
86505,35.63,-109.70,AZ2
86506,35.35,-109.26,AZ2
86507,36.42,-109.28,AZ2
86508,35.35,-109.09,AZ2
86510,36.26,-110.26,AZ2
86511,35.74,-109.37,AZ2
86512,35.10,-109.24,AZ2
86514,36.91,-109.33,AZ2|NM3|UT3
86515,35.71,-108.98,AZ2|NM3
86520,36.04,-109.97,AZ2
86535,36.82,-109.87,AZ2
86538,36.42,-109.63,AZ2
86540,35.94,-109.44,AZ2
86544,36.55,-109.14,AZ2
86545,36.72,-109.54,AZ2
86547,36.55,-109.47,AZ2
86556,36.23,-109.22,AZ2
87001,35.41,-106.38,NM3:99|NM1:1
87002,34.64,-106.83,NM2:93|NM1:7
87004,35.37,-106.60,NM1:94|NM3:6
87005,35.27,-108.00,NM2
87006,34.48,-106.88,NM2
87007,34.98,-107.42,NM2
87008,35.15,-106.40,NM1
87010,35.40,-106.14,NM3
87011,34.08,-105.97,NM1:50|NM2:50
87012,36.13,-106.65,NM3
87013,35.89,-107.34,NM3
87014,35.17,-107.41,NM2
87015,35.08,-106.18,NM1
87016,34.76,-106.02,NM1
87017,36.31,-106.73,NM3
87018,36.11,-107.53,NM3
87020,35.01,-107.93,NM2
87021,35.19,-107.88,NM2
87022,34.91,-106.69,NM2
87023,34.60,-106.77,NM2
87024,35.67,-106.75,NM3
87025,35.83,-106.62,NM3
87026,34.98,-107.21,NM2
87027,36.13,-106.95,NM3
87028,34.35,-106.78,NM2
87029,36.42,-107.04,NM3
87031,34.78,-106.73,NM1:55|NM2:45
87032,34.87,-106.04,NM1
87034,34.92,-107.63,NM2
87035,34.95,-105.91,NM1
87036,34.37,-106.24,NM1:98|NM2:2
87037,36.19,-107.78,NM3
87038,35.09,-107.41,NM2
87040,35.14,-107.41,NM2
87041,35.60,-106.32,NM3
87042,34.83,-106.69,NM1
87043,35.28,-106.43,NM1
87044,35.71,-106.66,NM3
87045,35.40,-108.01,NM3:98|NM2:2
87046,36.29,-106.92,NM3
87047,35.25,-106.29,NM1:98|NM3:2
87048,35.24,-106.63,NM1
87049,35.13,-107.63,NM2
87051,35.04,-107.85,NM2
87052,35.53,-106.37,NM3
87053,35.58,-106.88,NM3
87056,35.16,-105.89,NM3:73|NM1:27
87059,35.00,-106.30,NM1
87060,34.74,-106.74,NM1
87061,34.71,-106.38,NM1
87062,34.46,-106.70,NM2
87063,34.55,-105.89,NM1
87064,36.18,-106.54,NM3
87068,34.89,-106.65,NM1:81|NM2:19
87070,35.02,-105.74,NM1
87072,35.61,-106.40,NM3
87083,35.64,-106.36,NM3
87101,35.10,-106.64,NM1
87102,35.08,-106.65,NM1:81|NM2:19
87104,35.10,-106.67,NM1
87105,34.99,-106.68,NM2
87106,35.01,-106.61,NM1
87107,35.14,-106.64,NM1
87108,35.07,-106.58,NM1
87109,35.15,-106.57,NM1
87110,35.11,-106.58,NM1
87111,35.14,-106.51,NM1
87112,35.10,-106.52,NM1
87113,35.20,-106.57,NM1
87114,35.20,-106.68,NM1:69|NM2:31
87116,35.05,-106.56,NM1
87117,35.00,-106.52,NM1
87120,35.14,-106.76,NM1:55|NM2:45
87121,35.02,-106.89,NM2
87122,35.19,-106.49,NM1
87123,35.06,-106.47,NM1
87124,35.27,-106.80,NM1
87144,35.33,-106.71,NM1:96|NM3:4
87151,35.01,-106.86,NM2
87301,35.52,-108.76,NM3
87305,35.40,-108.73,NM3
87310,35.75,-108.60,NM3
87311,35.61,-108.50,NM3
87312,35.43,-108.35,NM3
87313,35.80,-108.22,NM3
87315,34.66,-108.55,NM2
87316,35.49,-108.53,NM3
87317,35.58,-108.75,NM3
87319,35.48,-108.94,NM3
87320,35.81,-108.87,NM3
87321,35.07,-108.41,NM2
87322,35.49,-108.66,NM3
87323,35.46,-108.19,NM3:92|NM2:8
87325,35.98,-108.57,NM3
87326,35.28,-108.88,NM3
87327,35.07,-108.79,NM2:82|NM3:18
87328,36.03,-109.03,AZ2|NM3
87347,35.39,-108.46,NM3
87357,34.83,-108.41,NM2
87364,36.13,-108.71,NM3
87365,35.54,-108.14,NM3
87375,35.67,-108.79,NM3
87401,36.74,-108.18,NM3
87402,36.80,-108.15,NM3
87410,36.86,-107.90,NM3
87412,36.64,-107.55,NM3
87413,36.45,-107.96,NM3
87415,36.83,-108.10,NM3
87416,36.59,-108.45,NM3
87417,36.75,-108.35,NM3
87418,36.95,-108.15,NM3
87419,36.92,-107.64,NM3
87420,36.86,-108.94,NM3
87421,36.78,-108.53,NM3
87455,36.27,-108.71,NM3
87461,36.45,-108.92,NM3
87499,36.32,-108.24,NM3
87501,35.71,-105.85,NM3
87505,35.62,-105.87,NM3
87506,35.82,-105.96,NM3
87507,35.62,-106.11,NM3
87508,35.52,-105.95,NM3
87510,36.36,-106.48,NM3
87511,36.09,-105.98,NM3
87512,36.92,-105.34,NM3
87513,36.58,-105.70,NM3
87514,36.53,-105.60,NM3
87515,36.56,-106.38,NM3
87516,36.18,-106.47,NM3
87517,36.39,-105.79,NM3
87518,36.52,-106.55,NM3
87519,36.76,-105.64,NM3
87520,36.88,-106.63,NM3
87521,36.02,-105.61,NM3
87522,35.94,-105.80,NM3
87523,36.01,-105.86,NM3
87524,36.97,-105.54,NM3
87525,36.60,-105.50,NM3
87527,36.15,-105.84,NM3
87528,36.79,-106.88,NM3
87529,36.45,-105.67,NM3
87530,36.34,-106.20,NM3
87531,36.23,-105.90,NM3
87532,35.99,-106.13,NM3
87535,35.57,-105.75,NM3
87537,36.14,-106.26,NM3
87538,35.49,-105.54,NM3
87539,36.39,-105.98,NM3
87540,35.41,-105.87,NM3
87543,36.10,-105.66,NM3
87544,35.77,-106.29,NM3
87547,35.81,-106.21,NM3
87548,36.18,-106.19,NM3
87549,36.29,-105.96,NM3
87551,36.70,-106.66,NM3
87552,35.67,-105.61,NM3
87553,36.22,-105.73,NM3
87554,36.55,-106.07,NM3
87556,36.81,-105.56,NM3
87557,36.30,-105.64,NM3
87558,36.67,-105.46,NM3
87560,35.24,-105.53,NM3
87562,35.41,-105.66,NM3
87564,36.62,-105.62,NM3
87565,35.52,-105.47,NM3
87566,36.07,-106.08,NM3
87567,35.99,-106.02,NM3
87569,35.35,-105.31,NM3
87571,36.35,-105.44,NM3
87573,35.77,-105.71,NM3
87575,36.64,-106.60,NM3
87577,36.64,-106.00,NM3
87578,36.05,-105.77,NM3
87579,36.09,-105.53,NM3
87580,36.56,-105.57,NM3
87581,36.51,-106.15,NM3
87582,36.18,-105.99,NM3
87583,35.28,-105.35,NM3
87701,35.54,-104.93,NM3
87710,36.38,-105.23,NM3
87711,35.24,-105.14,NM1:60|NM3:40
87712,35.88,-105.17,NM3
87713,36.17,-105.36,NM3
87714,36.49,-105.05,NM3
87715,36.01,-105.42,NM3
87718,36.60,-105.24,NM3
87722,36.15,-105.28,NM3
87723,36.06,-105.38,NM3
87724,35.17,-104.99,NM1
87728,36.60,-104.59,NM3
87729,36.30,-104.82,NM3
87730,36.11,-104.23,NM3
87731,35.70,-105.40,NM3
87732,35.98,-105.47,NM3
87733,35.75,-103.86,NM3
87734,36.17,-105.09,NM3
87735,36.05,-105.12,NM3
87736,35.98,-105.18,NM3
87740,36.77,-104.36,NM3
87742,35.87,-105.44,NM3
87743,35.97,-104.02,NM3
87745,35.79,-105.27,NM3
87746,35.66,-104.11,NM3
87747,36.35,-104.44,NM3
87749,36.58,-105.13,NM3
87750,35.82,-104.93,NM3
87752,35.99,-104.66,NM3
87753,35.86,-104.95,NM3
87801,33.93,-107.07,NM2
87820,33.94,-108.59,NM2
87821,33.95,-108.07,NM2
87823,34.18,-106.96,NM2
87824,33.83,-108.98,NM2
87825,33.95,-107.66,NM2
87827,34.36,-108.14,NM2
87828,34.21,-106.92,NM2
87829,34.24,-108.66,NM2
87830,33.71,-108.73,NM2
87831,34.28,-106.89,NM2
87832,33.77,-106.83,NM2
87901,33.16,-107.02,NM2
87930,32.83,-107.35,NM2
87931,32.92,-107.34,NM2
87933,32.79,-107.28,NM2
87935,33.26,-107.23,NM2
87936,32.75,-107.26,NM2
87937,32.59,-107.20,NM2
87939,33.37,-107.34,NM2
87940,32.64,-107.01,NM2
87941,32.71,-107.21,NM2
87942,33.06,-107.35,NM2
87943,33.46,-107.71,NM2
88001,32.29,-106.75,NM2
88002,32.38,-106.46,NM2
88003,32.28,-106.75,NM2
88004,32.25,-106.95,NM2
88005,32.22,-106.99,NM2
88007,32.39,-106.98,NM2
88008,31.83,-106.74,NM2
88009,31.91,-108.54,NM2
88011,32.38,-106.58,NM2
88012,32.59,-106.77,NM2
88020,31.78,-108.83,NM2
88021,32.02,-106.78,NM2
88022,32.80,-108.19,NM2
88023,32.72,-108.09,NM2
88024,32.07,-106.62,NM2
88025,33.11,-108.73,NM2
88026,32.75,-108.16,NM2
88027,32.04,-106.68,NM2
88028,32.99,-108.74,NM2
88029,31.84,-107.69,NM2
88030,32.17,-107.73,NM2
88034,32.59,-107.97,NM2
88038,33.13,-108.36,NM2
88039,33.29,-108.58,NM2
88040,31.60,-108.35,NM2
88041,32.81,-107.88,NM2
88042,32.80,-107.55,NM2
88043,32.60,-108.12,NM2
88044,31.98,-107.10,NM2
88045,32.33,-108.70,NM2
88046,32.27,-106.80,NM2
88047,32.21,-106.72,NM2
88048,32.14,-106.66,NM2
88049,33.05,-108.05,NM2
88051,33.00,-108.92,NM2
88052,32.45,-106.60,NM2
88053,32.90,-108.21,NM2
88055,32.73,-108.74,NM2
88056,31.84,-109.00,NM2
88061,32.63,-108.41,NM2
88063,31.80,-106.55,NM2
88065,32.71,-108.30,NM2
88072,32.14,-106.62,NM2
88081,32.22,-106.29,NM2
88101,34.50,-103.26,NM3
88103,34.38,-103.32,NM3
88112,34.92,-103.13,NM3
88113,33.80,-103.09,NM3
88114,33.49,-103.42,NM3
88115,33.93,-103.34,NM3
88116,33.89,-103.82,NM3:85|NM1:15
88118,34.23,-103.66,NM3
88119,34.36,-104.37,NM1
88120,34.92,-103.42,NM3
88121,34.68,-103.98,NM3
88124,34.54,-103.65,NM3
88125,33.71,-103.23,NM3
88126,33.81,-103.37,NM3
88130,34.13,-103.33,NM3
88132,33.91,-103.17,NM3
88134,34.34,-104.02,NM1:78|NM3:22
88135,34.56,-103.08,NM3
88136,34.24,-104.82,NM1
88201,33.67,-104.50,NM3:85|NM1:15
88203,33.29,-104.07,NM3
88210,32.77,-104.22,NM3:90|NM2:10
88220,32.31,-104.42,NM2
88230,33.22,-104.40,NM3
88231,32.42,-103.26,NM2
88232,33.06,-104.15,NM3
88240,32.67,-103.45,NM3:69|NM2:31
88242,32.81,-103.16,NM3
88244,32.76,-103.22,NM3
88250,32.70,-104.96,NM2
88252,32.11,-103.36,NM2
88253,33.01,-104.56,NM3:98|NM2:2
88254,32.63,-104.40,NM2
88255,32.81,-104.00,NM2
88256,32.19,-103.89,NM2
88260,32.99,-103.38,NM3
88262,33.13,-103.40,NM3
88263,32.11,-104.10,NM2
88264,32.86,-103.71,NM3
88265,32.58,-103.35,NM2
88267,33.30,-103.39,NM3
88268,32.18,-104.38,NM2
88301,33.75,-105.85,NM1
88310,32.74,-106.04,NM2
88311,32.81,-105.99,NM2
88312,33.43,-105.64,NM1
88314,33.11,-105.87,NM2
88316,33.77,-105.37,NM1
88317,32.86,-105.72,NM2
88318,34.23,-105.51,NM1
88321,34.78,-105.45,NM1
88323,33.49,-105.56,NM1
88324,33.42,-105.53,NM1
88325,32.86,-105.85,NM2
88330,32.87,-106.10,NM2
88336,33.33,-105.28,NM1
88337,33.00,-105.88,NM2
88338,33.54,-105.38,NM1
88339,32.96,-105.32,NM2
88340,33.18,-105.58,NM2:50|NM1:50
88341,33.47,-105.85,NM1
88342,32.39,-106.11,NM2
88343,33.24,-105.07,NM1
88344,32.51,-105.22,NM2
88345,33.35,-105.67,NM1
88346,33.35,-105.54,NM1
88347,32.76,-105.68,NM2
88348,33.41,-105.40,NM1
88349,32.80,-105.80,NM2
88350,32.61,-105.65,NM2
88351,33.47,-105.10,NM1
88352,33.17,-105.99,NM2
88353,34.50,-105.10,NM1
88354,32.74,-105.49,NM2
88355,33.36,-105.67,NM1
88401,35.07,-103.78,NM3
88410,35.90,-103.32,NM3
88411,35.25,-103.18,NM3
88414,36.78,-104.03,NM3
88415,36.36,-103.34,NM3
88416,35.48,-104.21,NM3
88417,34.93,-104.24,NM1:85|NM3:15
88418,36.75,-103.64,NM3
88419,36.90,-103.54,NM3
88421,35.33,-104.50,NM3
88422,36.35,-103.99,NM3
88424,36.44,-103.66,NM3
88426,35.52,-103.45,NM3
88427,34.78,-103.76,NM3
88430,35.67,-103.21,NM3|TX13
88431,35.21,-104.34,NM3:51|NM1:49
88434,35.12,-103.34,NM3
88435,34.89,-104.82,NM1
88436,36.16,-103.16,NM3
88439,35.49,-104.38,NM3
89001,37.34,-115.30,NV4
89002,36.00,-114.96,NV1
89003,36.94,-116.77,NV4
89004,36.04,-115.41,NV3
89005,36.00,-114.85,NV1
89007,36.67,-114.23,NV4
89008,37.29,-114.51,NV4
89010,37.82,-118.08,CA5|NV4
89011,36.08,-114.96,NV1:90|NV4:10
89012,36.01,-115.04,NV1
89013,37.37,-117.26,NV4
89014,36.06,-115.06,NV1
89015,36.04,-114.93,NV1
89017,37.70,-115.33,NV4
89018,36.57,-115.67,NV4
89019,35.77,-115.52,NV3|CA23:81|CA5:19
89020,36.56,-116.42,NV4
89021,36.64,-114.47,NV4
89022,38.52,-117.01,NV4
89025,36.68,-114.79,NV4
89026,35.75,-115.28,NV3
89027,36.81,-114.09,NV4
89029,35.13,-114.66,NV3
89030,36.21,-115.12,NV4
89031,36.26,-115.17,NV4
89032,36.22,-115.17,NV4
89034,36.81,-114.15,NV4
89039,35.27,-114.87,NV3
89040,36.35,-114.52,NV4
89042,37.80,-114.36,NV4
89043,38.28,-114.41,NV4:99|NV2:1
89044,35.94,-115.06,NV1
89045,38.87,-117.10,NV4
89046,35.51,-114.81,NV3:94|NV1:6
89047,37.76,-117.64,NV4
89048,36.16,-115.99,NV4
89049,38.39,-116.40,NV4
89052,35.98,-115.11,NV1:91|NV3:9
89054,35.92,-115.19,NV3
89060,36.39,-116.06,CA5|NV4
89061,36.07,-115.90,CA5|NV4
89070,36.50,-115.64,NV4
89074,36.04,-115.08,NV1:96|NV3:4
89081,36.26,-115.11,NV4
89084,36.30,-115.16,NV4
89085,36.31,-115.20,NV4
89086,36.28,-115.11,NV4
89101,36.17,-115.12,NV1:90|NV4:10
89102,36.15,-115.19,NV4:52|NV3:48
89103,36.11,-115.21,NV3
89104,36.15,-115.11,NV1:99|NV4:1
89106,36.18,-115.16,NV4
89107,36.17,-115.21,NV4
89108,36.21,-115.22,NV4
89109,36.13,-115.17,NV1
89110,36.17,-115.06,NV1:99|NV4:1
89113,36.06,-115.26,NV3
89115,36.25,-115.04,NV4:95|NV1:5
89117,36.14,-115.28,NV3
89118,36.08,-115.21,NV3
89119,36.08,-115.15,NV1:82|NV3:18
89120,36.08,-115.10,NV1:79|NV3:21
89121,36.12,-115.09,NV1
89122,36.10,-115.04,NV1
89123,36.04,-115.15,NV3
89124,36.39,-115.68,NV4
89128,36.20,-115.26,NV3
89129,36.23,-115.29,NV3:72|NV4:28
89130,36.25,-115.23,NV4
89131,36.31,-115.24,NV4
89134,36.20,-115.31,NV3
89135,36.10,-115.37,NV3
89138,36.20,-115.36,NV3
89139,36.03,-115.21,NV3
89141,35.99,-115.21,NV3
89142,36.15,-115.03,NV1
89143,36.32,-115.29,NV4
89144,36.18,-115.32,NV3
89145,36.17,-115.28,NV3
89146,36.14,-115.23,NV4:57|NV3:43
89147,36.11,-115.28,NV3
89148,36.06,-115.30,NV3
89149,36.27,-115.29,NV4:94|NV3:6
89156,36.16,-114.98,NV1:99|NV4:1
89158,36.10,-115.18,NV1
89161,36.08,-115.50,NV3:75|NV4:25
89166,36.34,-115.47,NV4
89169,36.12,-115.14,NV1
89178,35.99,-115.30,NV3
89179,35.89,-115.33,NV3
89183,36.00,-115.16,NV3
89191,36.25,-115.00,NV4
89301,39.53,-114.77,NV2
89310,39.47,-117.14,NV2:91|NV4:9
89311,39.24,-114.14,NV2
89314,38.86,-115.64,NV4
89315,39.19,-114.84,NV2
89316,39.67,-116.01,NV2
89317,38.90,-115.02,NV2
89318,39.44,-114.82,NV2
89319,39.28,-114.99,NV2
89402,39.23,-120.00,NV2
89403,39.23,-119.47,NV2
89404,41.84,-118.88,NV2
89405,40.45,-119.47,NV2
89406,39.36,-117.95,NV2
89408,39.67,-119.01,NV2
89409,38.73,-117.95,NV4
89410,38.78,-119.56,NV2
89411,39.02,-119.85,NV2
89412,41.12,-119.70,NV2
89413,39.07,-119.92,NV2
89414,41.06,-117.22,NV2
89415,38.52,-118.79,NV4
89418,40.57,-118.04,NV2
89419,40.34,-118.29,NV2
89420,38.51,-118.18,NV4
89421,42.04,-117.95,NV2|OR2
89422,38.43,-118.18,NV4
89423,39.00,-119.74,NV2
89424,40.11,-119.45,NV2
89425,41.66,-117.88,NV2
89426,41.48,-117.62,NV2
89427,38.90,-118.65,NV4
89428,39.26,-119.63,NV2
89429,39.36,-119.27,NV2
89430,38.80,-119.32,NV2:52|NV4:48
89431,39.54,-119.75,NV2
89433,39.60,-119.78,NV2
89434,39.54,-119.54,NV2
89436,39.61,-119.70,NV2
89437,39.50,-119.47,NV2
89438,40.80,-117.13,NV2
89439,39.52,-119.99,CA1|NV2
89440,39.30,-119.66,NV2
89441,39.68,-119.69,NV2
89442,39.69,-119.34,NV2
89444,38.74,-119.38,NV2:98|NV4:2
89445,41.12,-118.01,NV2
89446,40.88,-117.95,NV2
89447,38.83,-119.11,NV2:99|NV4:1
89448,39.00,-119.92,NV2
89449,38.96,-119.91,NV2
89450,39.24,-119.94,NV2
89451,39.27,-119.95,NV2
89460,38.90,-119.79,NV2
89496,39.20,-118.57,NV2
89501,39.53,-119.81,NV2
89502,39.49,-119.75,NV2
89503,39.54,-119.84,NV2
89506,39.70,-119.83,NV2
89508,39.78,-119.91,NV2
89509,39.50,-119.83,NV2
89510,39.92,-119.71,NV2
89511,39.43,-119.87,NV2
89512,39.55,-119.80,NV2
89519,39.48,-119.86,NV2
89521,39.37,-119.68,NV2
89523,39.53,-119.92,NV2
89557,39.54,-119.82,NV2
89701,39.13,-119.73,NV2
89703,39.14,-119.87,NV2
89704,39.28,-119.79,NV2
89705,39.09,-119.84,NV2
89706,39.22,-119.70,NV2
89801,41.17,-115.76,NV2
89815,40.56,-115.60,NV2
89820,40.43,-116.96,NV2
89821,40.56,-116.42,NV2
89822,40.49,-116.19,NV2
89823,40.95,-115.16,NV2
89825,41.90,-114.71,NV2
89826,41.93,-115.41,NV2
89828,40.74,-115.34,NV2
89830,41.32,-114.18,NV2
89831,41.72,-116.10,NV2
89832,41.98,-116.19,ID1|NV2
89833,40.48,-115.33,NV2
89834,41.41,-116.23,NV2
89835,41.29,-114.93,NV2
89883,40.85,-114.16,NV2
90001,33.97,-118.25,CA44:80|CA37:20
90002,33.95,-118.25,CA43:62|CA44:30|CA37:7
90003,33.96,-118.27,CA37:61|CA43:39
90004,34.08,-118.31,CA34:70|CA30:30
90005,34.06,-118.31,CA34:92|CA30:8
90006,34.05,-118.29,CA34:91|CA37:9
90007,34.03,-118.28,CA37:93|CA34:7
90008,34.01,-118.34,CA37
90010,34.06,-118.30,CA34:88|CA30:12
90011,34.01,-118.26,CA37
90012,34.07,-118.24,CA34
90013,34.04,-118.24,CA34
90014,34.04,-118.25,CA37:57|CA34:43
90015,34.04,-118.27,CA37:66|CA34:34
90016,34.03,-118.35,CA37
90017,34.05,-118.26,CA34:89|CA37:11
90018,34.03,-118.32,CA37
90019,34.05,-118.34,CA37:80|CA34:15|CA30:5
90020,34.07,-118.31,CA34:93|CA30:7
90021,34.03,-118.24,CA34:52|CA37:48
90022,34.02,-118.16,CA34:98|CA38:2
90023,34.02,-118.20,CA34
90024,34.07,-118.44,CA36:90|CA32:10
90025,34.05,-118.45,CA36:65|CA32:35
90026,34.08,-118.26,CA30:60|CA34:40
90027,34.13,-118.30,CA30
90028,34.10,-118.33,CA30
90029,34.09,-118.29,CA30
90031,34.08,-118.21,CA34:94|CA30:6
90032,34.08,-118.19,CA34
90033,34.05,-118.21,CA34
90034,34.03,-118.40,CA37:61|CA36:39
90035,34.05,-118.39,CA37
90036,34.07,-118.35,CA30
90037,34.00,-118.29,CA37
90038,34.09,-118.33,CA30
90039,34.11,-118.26,CA30:99|CA34:1
90040,33.99,-118.15,CA38:94|CA34:5
90041,34.14,-118.21,CA34
90042,34.11,-118.19,CA34
90043,33.99,-118.34,CA37
90044,33.95,-118.29,CA43:55|CA37:45
90045,33.94,-118.42,CA36:81|CA43:19
90046,34.11,-118.36,CA30:88|CA32:12
90047,33.96,-118.31,CA37:72|CA43:28
90048,34.07,-118.37,CA30:99|CA37:1
90049,34.09,-118.49,CA32
90052,33.98,-118.26,CA37
90056,33.99,-118.37,CA37:91|CA43:9
90057,34.06,-118.28,CA34
90058,34.00,-118.22,CA37:88|CA44:10|CA34:2
90059,33.93,-118.25,CA43
90061,33.92,-118.27,CA43
90062,34.00,-118.31,CA37
90063,34.05,-118.19,CA34
90064,34.04,-118.43,CA36:99|CA37:1
90065,34.11,-118.23,CA34
90066,34.00,-118.43,CA36
90067,34.06,-118.41,CA37:98|CA36:2
90068,34.12,-118.33,CA30:96|CA32:4
90069,34.09,-118.38,CA30:83|CA32:17
90071,34.05,-118.26,CA34
90073,34.06,-118.46,CA32
90077,34.11,-118.46,CA32
90079,34.04,-118.26,CA37
90089,34.02,-118.29,CA37
90094,33.98,-118.42,CA36
90095,34.07,-118.44,CA36
90201,33.97,-118.17,CA38:59|CA41:41
90210,34.10,-118.41,CA36:62|CA32:37|CA30:1
90211,34.06,-118.38,CA36
90212,34.06,-118.40,CA36
90220,33.88,-118.23,CA43:94|CA44:6
90221,33.89,-118.21,CA43
90222,33.91,-118.24,CA43
90230,34.00,-118.39,CA37:63|CA36:37
90232,34.02,-118.39,CA37
90240,33.96,-118.12,CA41
90241,33.94,-118.13,CA41
90242,33.92,-118.14,CA41
90245,33.92,-118.40,CA36
90247,33.89,-118.30,CA43
90248,33.88,-118.28,CA43:72|CA44:28
90249,33.90,-118.32,CA43
90250,33.91,-118.35,CA43
90254,33.86,-118.40,CA36
90255,33.98,-118.22,CA44
90260,33.89,-118.35,CA43
90262,33.92,-118.20,CA44
90263,34.04,-118.71,CA32
90265,34.07,-118.85,CA32:97|CA26:3
90266,33.89,-118.40,CA36
90270,33.99,-118.19,CA38
90272,34.09,-118.53,CA32
90274,33.78,-118.37,CA36
90275,33.75,-118.37,CA36
90277,33.83,-118.39,CA36
90278,33.87,-118.37,CA36
90280,33.94,-118.19,CA44
90290,34.11,-118.62,CA32:99|CA26:1
90291,33.99,-118.47,CA36
90292,33.98,-118.45,CA36
90293,33.95,-118.44,CA36
90301,33.96,-118.36,CA43
90302,33.98,-118.36,CA43
90303,33.94,-118.33,CA43
90304,33.94,-118.36,CA43
90305,33.96,-118.33,CA43
90401,34.02,-118.49,CA36
90402,34.03,-118.50,CA36:80|CA32:20
90403,34.03,-118.49,CA36
90404,34.03,-118.47,CA36
90405,34.01,-118.47,CA36
90501,33.83,-118.31,CA44:46|CA43:30|CA36:24
90502,33.83,-118.29,CA44
90503,33.84,-118.35,CA36:55|CA43:45
90504,33.87,-118.33,CA43:99|CA36:1
90505,33.81,-118.35,CA36:98|CA43:2
90506,33.88,-118.33,CA43
90601,34.01,-118.03,CA41:69|CA38:31
90602,33.97,-118.02,CA41
90603,33.94,-117.99,CA41
90604,33.93,-118.01,CA41
90605,33.95,-118.02,CA41
90606,33.98,-118.07,CA38:80|CA41:20
90620,33.85,-118.02,CA45
90621,33.87,-117.99,CA45
90623,33.85,-118.04,CA45
90630,33.82,-118.04,CA45
90631,33.94,-117.95,CA41:91|CA38:9
90638,33.90,-118.01,CA41:99|CA45:1
90639,33.91,-118.01,CA41
90640,34.02,-118.11,CA38
90650,33.91,-118.08,CA45:53|CA41:47
90660,33.99,-118.09,CA38:61|CA41:39
90670,33.93,-118.06,CA41
90680,33.80,-118.00,CA46:68|CA45:32
90701,33.87,-118.08,CA45
90703,33.87,-118.07,CA45
90704,33.40,-118.44,CA42
90706,33.89,-118.13,CA41
90710,33.80,-118.30,CA44:64|CA36:36
90712,33.85,-118.15,CA41
90713,33.85,-118.11,CA41:98|CA45:2
90715,33.84,-118.08,CA45
90716,33.83,-118.07,CA45
90717,33.79,-118.32,CA36:99|CA44:1
90720,33.80,-118.06,CA41:94|CA45:6
90723,33.90,-118.17,CA44
90731,33.73,-118.28,CA44
90732,33.74,-118.31,CA44
90740,33.75,-118.07,CA42:73|CA41:25|CA45:2
90742,33.72,-118.07,CA42
90743,33.73,-118.09,CA42
90744,33.78,-118.26,CA44
90745,33.82,-118.26,CA44
90746,33.86,-118.25,CA44
90747,33.86,-118.25,CA44
90755,33.80,-118.17,CA42
90802,33.75,-118.20,CA42
90803,33.75,-118.13,CA42
90804,33.78,-118.15,CA42
90805,33.86,-118.18,CA44:96|CA41:3|CA42:1
90806,33.81,-118.18,CA42
90807,33.83,-118.18,CA42:91|CA44:9
90808,33.82,-118.11,CA41:73|CA42:27
90810,33.82,-118.22,CA44:81|CA42:19
90813,33.78,-118.20,CA42
90814,33.77,-118.14,CA42
90815,33.80,-118.12,CA42:99|CA41:1
90822,33.78,-118.12,CA42
90831,33.77,-118.20,CA42
90840,33.78,-118.12,CA42
91001,34.19,-118.14,CA28
91006,34.14,-118.03,CA28:81|CA31:11|CA38:8
91007,34.13,-118.05,CA28
91008,34.15,-117.97,CA31
91010,34.14,-117.96,CA31
91011,34.22,-118.20,CA28
91016,34.15,-118.00,CA31
91020,34.21,-118.23,CA28:72|CA30:28
91024,34.18,-118.05,CA28
91030,34.11,-118.16,CA28
91040,34.26,-118.34,CA30:65|CA29:35
91042,34.32,-118.26,CA30
91046,34.21,-118.24,CA30
91101,34.15,-118.14,CA28
91103,34.17,-118.16,CA28:71|CA30:29
91104,34.17,-118.12,CA28
91105,34.14,-118.17,CA28:91|CA30:8|CA34:1
91106,34.14,-118.13,CA28
91107,34.16,-118.09,CA28
91108,34.12,-118.11,CA28
91125,34.14,-118.12,CA28
91201,34.17,-118.29,CA30
91202,34.18,-118.26,CA30
91203,34.15,-118.26,CA30
91204,34.14,-118.26,CA30
91205,34.14,-118.25,CA30
91206,34.16,-118.21,CA30
91207,34.17,-118.24,CA30
91208,34.19,-118.24,CA30
91210,34.14,-118.26,CA30
91214,34.24,-118.25,CA30:55|CA28:45
91301,34.12,-118.77,CA26:92|CA32:8
91302,34.13,-118.67,CA26:94|CA32:6
91303,34.20,-118.60,CA32
91304,34.23,-118.64,CA32:84|CA26:16
91306,34.21,-118.58,CA32
91307,34.20,-118.66,CA26:99|CA32:1
91311,34.29,-118.60,CA32
91316,34.16,-118.52,CA32
91320,34.17,-118.95,CA26
91321,34.36,-118.49,CA27:99|CA30:1
91324,34.24,-118.55,CA32:69|CA27:31
91325,34.24,-118.52,CA27:63|CA32:37
91326,34.28,-118.55,CA32
91330,34.24,-118.53,CA32
91331,34.26,-118.42,CA29
91335,34.20,-118.54,CA32:58|CA27:42
91340,34.29,-118.43,CA29
91342,34.33,-118.38,CA29:99|CA30:1
91343,34.24,-118.48,CA29:79|CA27:21
91344,34.29,-118.50,CA27:83|CA32:17
91345,34.27,-118.46,CA29
91350,34.43,-118.50,CA27
91351,34.43,-118.46,CA27
91352,34.23,-118.37,CA29
91354,34.45,-118.55,CA27
91355,34.40,-118.57,CA27
91356,34.15,-118.55,CA32
91360,34.21,-118.87,CA26
91361,34.14,-118.88,CA26
91362,34.19,-118.82,CA26
91364,34.15,-118.59,CA32:61|CA26:39
91367,34.18,-118.62,CA26:64|CA32:36
91371,34.19,-118.58,CA32
91377,34.18,-118.77,CA26
91381,34.36,-118.62,CA27
91384,34.52,-118.67,CA26:79|CA27:21
91387,34.40,-118.37,CA27:81|CA30:19
91390,34.58,-118.49,CA27:81|CA30:19
91401,34.18,-118.43,CA29:97|CA32:3
91402,34.22,-118.44,CA29
91403,34.15,-118.46,CA32
91405,34.20,-118.45,CA29
91406,34.20,-118.49,CA29:57|CA27:43
91411,34.18,-118.46,CA29:73|CA32:27
91423,34.15,-118.43,CA32:85|CA29:15
91436,34.15,-118.49,CA32
91501,34.19,-118.29,CA30
91502,34.18,-118.31,CA30
91504,34.21,-118.32,CA30:87|CA29:13
91505,34.18,-118.35,CA30:98|CA29:2
91506,34.17,-118.32,CA30
91601,34.17,-118.37,CA29
91602,34.15,-118.37,CA29:77|CA32:23
91604,34.14,-118.39,CA32:99|CA29:1
91605,34.21,-118.40,CA29
91606,34.19,-118.39,CA29
91607,34.17,-118.40,CA29:98|CA32:2
91608,34.14,-118.35,CA30
91701,34.14,-117.60,CA28:70|CA33:30
91702,34.28,-117.80,CA31
91706,34.10,-117.97,CA38:98|CA31:2
91708,33.95,-117.64,CA35
91709,33.95,-117.73,CA35
91710,34.01,-117.68,CA31:96|CA35:4
91711,34.13,-117.71,CA35
91722,34.10,-117.91,CA31
91723,34.08,-117.89,CA31
91724,34.08,-117.85,CA31
91730,34.10,-117.58,CA33:46|CA28:42|CA35:12
91731,34.08,-118.04,CA38
91732,34.07,-118.01,CA38
91733,34.05,-118.05,CA38
91737,34.16,-117.58,CA28:73|CA33:27
91739,34.16,-117.52,CA33:99|CA28:1
91740,34.12,-117.86,CA31
91741,34.16,-117.83,CA31
91744,34.03,-117.94,CA31:77|CA38:23
91745,34.00,-117.97,CA38
91746,34.04,-117.99,CA31:67|CA38:33
91748,33.98,-117.90,CA38
91750,34.15,-117.77,CA31:98|CA28:2
91752,34.00,-117.53,CA39:70|CA35:30
91754,34.05,-118.14,CA28
91755,34.05,-118.11,CA28
91759,34.26,-117.70,CA28
91761,34.04,-117.59,CA35
91762,34.06,-117.67,CA35:95|CA31:5
91763,34.07,-117.70,CA31:95|CA35:5
91764,34.08,-117.60,CA35
91765,33.99,-117.81,CA38
91766,34.04,-117.76,CA31:95|CA35:5
91767,34.08,-117.74,CA35
91768,34.06,-117.79,CA35:70|CA31:30
91770,34.07,-118.08,CA28:99|CA38:1
91773,34.11,-117.81,CA31
91775,34.12,-118.09,CA28
91776,34.09,-118.09,CA28
91780,34.10,-118.06,CA28:95|CA38:5
91784,34.14,-117.66,CA28
91786,34.11,-117.66,CA35:70|CA28:30
91789,34.02,-117.85,CA31:71|CA38:29
91790,34.07,-117.94,CA31
91791,34.06,-117.89,CA31
91792,34.02,-117.90,CA31:96|CA38:4
91801,34.09,-118.13,CA28
91803,34.07,-118.15,CA28
91901,32.83,-116.70,CA51:66|CA52:34
91902,32.67,-117.00,CA52
91905,32.68,-116.31,CA52:75|CA48:25
91906,32.66,-116.48,CA52
91910,32.64,-117.06,CA52
91911,32.61,-117.05,CA52
91913,32.62,-116.99,CA52
91914,32.67,-116.95,CA52
91915,32.62,-116.95,CA52
91916,32.91,-116.63,CA51
91917,32.64,-116.75,CA52
91931,32.84,-116.58,CA51
91932,32.57,-117.11,CA52
91934,32.65,-116.15,CA52:96|CA48:4
91935,32.69,-116.78,CA52:96|CA51:4
91941,32.76,-117.00,CA51
91942,32.78,-117.02,CA51
91945,32.73,-117.03,CA51
91948,32.87,-116.47,CA51:86|CA48:14
91950,32.67,-117.09,CA52
91962,32.85,-116.51,CA51:94|CA52:5|CA48:2
91963,32.65,-116.60,CA52
91977,32.73,-116.99,CA52:57|CA51:43
91978,32.70,-116.94,CA51:95|CA52:5
91980,32.59,-116.63,CA52
92003,33.29,-117.20,CA49:95|CA48:5
92004,33.25,-116.20,CA48
92007,33.02,-117.28,CA49
92008,33.14,-117.31,CA49
92009,33.10,-117.25,CA49
92010,33.17,-117.28,CA49
92011,33.11,-117.30,CA49
92014,32.96,-117.25,CA49
92019,32.78,-116.87,CA51:96|CA52:4
92020,32.80,-116.97,CA51
92021,32.83,-116.87,CA51
92024,33.06,-117.26,CA49
92025,33.08,-117.03,CA48:70|CA50:30
92026,33.21,-117.12,CA48:81|CA50:19
92027,33.13,-116.98,CA48:71|CA50:29
92028,33.39,-117.22,CA49:84|CA48:16
92029,33.09,-117.13,CA50:83|CA48:14|CA49:3
92036,33.03,-116.26,CA51:82|CA48:18
92037,32.85,-117.25,CA50:98|CA49:2
92040,32.91,-116.91,CA51
92054,33.19,-117.36,CA49
92055,33.41,-117.44,CA49
92056,33.20,-117.30,CA49:54|CA48:46
92057,33.25,-117.29,CA49
92058,33.27,-117.34,CA49
92059,33.38,-117.05,CA48
92060,33.35,-116.86,CA48
92061,33.30,-116.93,CA48:98|CA50:2
92064,32.98,-117.01,CA50
92065,33.04,-116.83,CA50:61|CA51:39
92066,33.22,-116.54,CA48
92067,33.02,-117.19,CA49:82|CA50:18
92069,33.18,-117.16,CA48
92070,33.19,-116.74,CA48:68|CA51:32
92071,32.85,-117.00,CA50
92075,33.00,-117.26,CA49
92078,33.12,-117.18,CA48
92081,33.16,-117.24,CA48:97|CA49:3
92082,33.25,-117.00,CA50:58|CA48:42
92083,33.20,-117.25,CA48
92084,33.22,-117.20,CA48:97|CA49:3
92086,33.32,-116.63,CA48
92091,33.05,-117.18,CA49:71|CA50:29
92092,32.88,-117.24,CA49
92093,32.88,-117.24,CA49
92096,33.13,-117.16,CA48
92101,32.71,-117.17,CA50:90|CA51:10
92102,32.72,-117.12,CA52:67|CA51:33
92103,32.75,-117.17,CA51
92104,32.74,-117.13,CA51:81|CA52:19
92105,32.74,-117.09,CA52:84|CA51:16
92106,32.71,-117.24,CA50
92107,32.74,-117.25,CA50
92108,32.77,-117.14,CA51:90|CA50:10
92109,32.79,-117.23,CA50
92110,32.77,-117.20,CA50:93|CA51:7
92111,32.81,-117.17,CA50
92113,32.69,-117.12,CA52:95|CA50:5
92114,32.71,-117.06,CA52:57|CA51:43
92115,32.76,-117.07,CA51:86|CA52:14
92116,32.76,-117.12,CA51
92117,32.82,-117.20,CA50
92118,32.70,-117.21,CA50
92119,32.82,-117.03,CA51
92120,32.79,-117.07,CA51
92121,32.90,-117.20,CA50:87|CA49:13
92122,32.86,-117.21,CA50
92123,32.81,-117.13,CA51:87|CA50:13
92124,32.83,-117.09,CA51
92126,32.91,-117.14,CA50:97|CA49:3
92127,33.02,-117.12,CA49
92128,33.00,-117.07,CA50
92129,32.96,-117.13,CA49:96|CA50:4
92130,32.95,-117.21,CA49
92131,32.90,-117.05,CA50
92132,32.71,-117.17,CA50
92134,32.73,-117.15,CA51
92135,32.69,-117.19,CA50
92136,32.68,-117.12,CA52
92139,32.68,-117.05,CA51:52|CA52:48
92140,32.74,-117.20,CA50
92145,32.87,-117.14,CA50
92147,32.72,-117.22,CA50
92154,32.58,-116.96,CA52
92155,32.66,-117.16,CA50
92161,32.87,-117.23,CA49
92173,32.56,-117.05,CA52
92179,32.58,-116.93,CA52
92182,32.77,-117.07,CA51
92201,33.71,-116.24,CA25
92203,33.75,-116.24,CA25
92210,33.70,-116.33,CA48
92211,33.77,-116.33,CA25
92220,33.94,-116.84,CA25:99|CA23:1
92222,32.78,-114.55,CA25
92223,33.94,-116.98,CA25:89|CA23:11
92225,33.72,-114.66,CA23
92227,32.99,-115.34,CA25
92230,33.91,-116.77,CA25
92231,32.69,-115.56,CA25
92233,33.15,-115.50,CA25
92234,33.81,-116.47,CA25
92236,33.70,-116.07,CA25
92239,33.77,-115.22,CA23:88|CA25:12
92240,33.95,-116.52,CA25
92241,33.85,-116.28,CA25
92242,34.18,-114.31,CA23
92243,32.77,-115.60,CA25
92249,32.73,-115.48,CA25
92250,32.78,-115.12,CA25
92251,32.87,-115.71,CA25
92252,34.15,-116.28,CA23
92253,33.64,-116.29,CA25
92254,33.54,-116.00,CA25
92256,34.07,-116.62,CA23
92257,33.34,-115.53,CA25
92258,33.92,-116.56,CA25:96|CA48:4
92259,32.73,-115.95,CA25
92260,33.70,-116.41,CA25
92262,33.86,-116.56,CA48:96|CA25:4
92264,33.71,-116.50,CA48
92266,33.20,-114.92,CA25
92267,34.30,-114.21,CA23
92268,34.16,-116.55,CA23
92270,33.76,-116.43,CA25
92273,32.80,-115.70,CA25
92274,33.47,-116.11,CA25
92275,33.21,-115.88,CA25
92276,33.83,-116.39,CA25
92277,34.13,-115.73,CA25:92|CA23:8
92278,34.24,-116.06,CA25
92280,34.13,-114.99,CA23
92281,33.05,-115.61,CA25
92282,33.96,-116.66,CA25
92283,32.89,-114.77,CA25
92284,34.16,-116.42,CA23
92285,34.34,-116.51,CA23
92301,34.65,-117.53,CA23
92304,34.55,-115.69,CA23
92305,34.14,-116.87,CA23
92307,34.57,-117.13,CA23
92308,34.42,-117.16,CA23
92309,35.25,-116.16,CA23
92310,35.33,-116.76,CA23
92311,34.97,-117.00,CA23
92313,34.03,-117.32,CA33
92314,34.25,-116.79,CA23
92315,34.22,-116.94,CA23
92316,34.06,-117.39,CA35:76|CA33:24
92317,34.25,-117.21,CA23
92320,33.99,-117.05,CA23
92321,34.26,-117.14,CA23
92322,34.25,-117.32,CA23
92324,34.03,-117.29,CA33:99|CA23:1
92325,34.25,-117.27,CA23
92327,34.86,-116.85,CA23
92328,36.28,-117.03,CA5
92332,34.91,-115.36,CA23
92333,34.26,-116.98,CA23
92335,34.09,-117.47,CA35:95|CA33:5
92336,34.14,-117.46,CA33:97|CA35:2
92337,34.05,-117.47,CA35
92338,34.79,-116.25,CA23
92339,34.08,-116.84,CA23
92341,34.23,-117.08,CA23
92342,34.76,-117.34,CA23
92344,34.39,-117.41,CA23
92345,34.36,-117.31,CA23
92346,34.13,-117.18,CA33:91|CA23:9
92347,34.95,-117.26,CA23
92350,34.05,-117.26,CA23
92352,34.27,-117.19,CA23
92354,34.05,-117.25,CA23
92356,34.50,-116.89,CA23
92358,34.25,-117.57,CA28
92359,34.09,-117.08,CA23
92363,34.71,-114.58,CA23
92364,35.36,-115.44,CA23
92365,34.89,-116.52,CA23
92368,34.66,-117.32,CA23
92369,34.14,-117.22,CA23
92371,34.44,-117.54,CA23:97|CA28:3
92372,34.45,-117.63,CA23
92373,34.01,-117.16,CA33:64|CA23:36
92374,34.07,-117.18,CA33:92|CA23:8
92376,34.11,-117.38,CA33
92377,34.15,-117.40,CA33
92378,34.23,-117.22,CA23
92382,34.21,-117.11,CA23
92384,36.01,-116.09,CA5
92385,34.21,-117.23,CA23
92386,34.24,-116.83,CA23
92389,35.82,-116.27,CA5
92391,34.24,-117.24,CA23
92392,34.48,-117.41,CA23
92394,34.57,-117.36,CA23
92395,34.50,-117.30,CA23
92397,34.35,-117.75,CA28:90|CA23:10
92398,35.01,-116.83,CA23
92399,34.03,-117.01,CA23
92401,34.11,-117.29,CA33
92404,34.18,-117.24,CA33:96|CA23:4
92405,34.15,-117.30,CA33
92407,34.22,-117.39,CA33:96|CA23:4
92408,34.08,-117.27,CA33:97|CA23:3
92410,34.11,-117.26,CA33
92411,34.12,-117.33,CA33
92415,34.11,-117.29,CA33
92501,34.00,-117.37,CA39:95|CA33:5
92503,33.88,-117.45,CA39:81|CA40:19
92504,33.91,-117.40,CA39:84|CA40:16
92505,33.93,-117.49,CA39
92506,33.93,-117.37,CA39:97|CA40:3
92507,33.99,-117.31,CA39:87|CA33:13
92508,33.89,-117.33,CA39:87|CA40:13
92509,34.00,-117.44,CA39
92518,33.90,-117.28,CA39
92521,33.97,-117.32,CA39
92530,33.63,-117.37,CA40
92532,33.69,-117.30,CA40
92536,33.49,-116.82,CA48:82|CA25:18
92539,33.53,-116.65,CA48:63|CA25:37
92543,33.70,-116.98,CA48
92544,33.65,-116.88,CA48:66|CA25:34
92545,33.73,-117.04,CA48:99|CA23:1
92548,33.76,-117.11,CA48:93|CA23:7
92549,33.80,-116.68,CA48:99|CA25:1
92551,33.88,-117.22,CA39
92553,33.92,-117.25,CA39
92555,33.91,-117.11,CA39
92557,33.97,-117.26,CA39:99|CA33:1
92561,33.64,-116.56,CA48
92562,33.53,-117.34,CA40
92563,33.59,-117.14,CA40:71|CA48:29
92567,33.83,-117.08,CA23:65|CA39:32|CA48:3
92570,33.78,-117.33,CA39:89|CA40:11
92571,33.84,-117.19,CA39:98|CA23:2
92582,33.81,-117.02,CA25
92583,33.80,-116.93,CA25:99|CA23:1
92584,33.66,-117.18,CA40:99|CA48:1
92585,33.74,-117.17,CA40:87|CA48:9|CA39:4
92586,33.71,-117.20,CA40
92587,33.69,-117.25,CA40
92590,33.48,-117.23,CA48:59|CA40:41
92591,33.53,-117.11,CA48
92592,33.51,-117.02,CA48
92595,33.62,-117.26,CA40
92596,33.66,-117.04,CA48
92602,33.74,-117.73,CA47
92603,33.63,-117.79,CA47
92604,33.69,-117.79,CA47
92606,33.69,-117.83,CA47
92610,33.68,-117.65,CA47
92612,33.66,-117.82,CA47
92614,33.68,-117.83,CA47
92617,33.64,-117.84,CA47
92618,33.67,-117.73,CA47
92620,33.71,-117.76,CA47
92624,33.46,-117.67,CA47
92625,33.60,-117.86,CA42:89|CA47:11
92626,33.68,-117.91,CA42
92627,33.65,-117.92,CA42
92629,33.48,-117.71,CA47
92630,33.64,-117.68,CA47
92637,33.61,-117.73,CA47
92646,33.66,-117.97,CA42
92647,33.72,-118.01,CA42
92648,33.68,-118.01,CA42
92649,33.72,-118.05,CA42
92651,33.57,-117.77,CA47
92653,33.60,-117.70,CA47
92655,33.75,-117.99,CA45
92656,33.58,-117.73,CA47
92657,33.59,-117.83,CA47:99|CA42:1
92660,33.63,-117.87,CA42:71|CA47:29
92661,33.60,-117.90,CA42
92662,33.61,-117.89,CA42
92663,33.63,-117.93,CA42
92672,33.37,-117.51,CA49
92673,33.47,-117.61,CA49
92675,33.50,-117.65,CA49
92676,33.75,-117.62,CA40:98|CA47:2
92677,33.53,-117.70,CA47
92678,33.65,-117.51,CA40
92679,33.65,-117.56,CA40:79|CA47:21
92683,33.75,-117.99,CA45
92688,33.62,-117.61,CA40
92691,33.61,-117.67,CA40:74|CA47:26
92692,33.61,-117.64,CA40:94|CA47:6
92694,33.51,-117.58,CA49:88|CA40:12
92697,33.65,-117.85,CA47:96|CA42:4
92701,33.75,-117.86,CA46
92703,33.75,-117.91,CA46:83|CA45:17
92704,33.72,-117.91,CA46:63|CA42:20|CA45:17
92705,33.77,-117.79,CA46:55|CA47:45
92706,33.77,-117.88,CA46
92707,33.71,-117.87,CA46:76|CA42:24
92708,33.71,-117.95,CA45
92780,33.74,-117.82,CA47
92782,33.73,-117.80,CA47
92801,33.84,-117.95,CA46
92802,33.81,-117.92,CA46
92804,33.82,-117.98,CA46:97|CA45:3
92805,33.83,-117.91,CA46
92806,33.84,-117.87,CA46:99|CA38:1
92807,33.85,-117.79,CA38:53|CA40:43|CA46:4
92808,33.86,-117.74,CA40:81|CA38:19
92821,33.93,-117.86,CA41:74|CA38:26
92823,33.93,-117.80,CA38
92831,33.88,-117.90,CA45:77|CA46:23
92832,33.87,-117.93,CA46:85|CA45:15
92833,33.88,-117.96,CA46:56|CA45:44
92835,33.90,-117.91,CA41:67|CA45:33
92840,33.79,-117.93,CA45
92841,33.79,-117.98,CA45
92843,33.76,-117.93,CA45
92844,33.77,-117.97,CA45
92845,33.78,-118.03,CA45
92860,33.93,-117.55,CA35
92861,33.82,-117.81,CA40
92865,33.83,-117.85,CA46:54|CA40:46
92866,33.78,-117.84,CA46
92867,33.82,-117.80,CA40:56|CA46:44
92868,33.79,-117.88,CA46:99|CA45:1
92869,33.80,-117.76,CA40:56|CA46:44
92870,33.88,-117.85,CA46:44|CA45:28|CA38:28
92879,33.88,-117.53,CA35:70|CA40:16|CA39:15
92880,33.93,-117.61,CA35:97|CA40:3
92881,33.82,-117.57,CA40
92882,33.86,-117.60,CA40:58|CA35:42
92883,33.76,-117.48,CA40
92886,33.90,-117.80,CA38
92887,33.89,-117.73,CA38
93001,34.36,-119.35,CA24:93|CA26:7
93003,34.28,-119.22,CA24
93004,34.28,-119.16,CA24
93010,34.23,-119.08,CA26
93012,34.20,-118.99,CA26
93013,34.44,-119.50,CA24
93015,34.41,-118.87,CA26
93021,34.31,-118.89,CA26
93022,34.40,-119.30,CA24
93023,34.51,-119.25,CA24:70|CA26:30
93030,34.21,-119.18,CA26
93033,34.15,-119.13,CA26
93035,34.19,-119.23,CA26
93036,34.25,-119.15,CA26
93040,34.58,-118.93,CA26
93041,34.16,-119.19,CA26
93042,33.26,-119.50,CA26
93043,34.17,-119.20,CA26
93060,34.39,-119.09,CA26
93063,34.31,-118.69,CA32
93064,34.25,-118.70,CA32
93065,34.26,-118.77,CA32
93066,34.30,-119.01,CA26
93067,34.42,-119.60,CA24
93101,34.42,-119.71,CA24
93103,34.44,-119.68,CA24
93105,34.53,-119.77,CA24
93106,34.42,-119.85,CA24
93108,34.45,-119.61,CA24
93109,34.41,-119.73,CA24
93110,34.44,-119.77,CA24
93111,34.45,-119.80,CA24
93117,34.48,-120.08,CA24
93201,35.86,-119.51,CA22
93202,36.32,-119.71,CA22:66|CA20:34
93203,35.12,-118.85,CA22:98|CA20:2
93204,35.91,-120.08,CA18
93205,35.57,-118.49,CA20
93206,35.44,-119.48,CA20:97|CA22:3
93207,35.90,-118.60,CA20
93208,36.13,-118.64,CA20
93210,36.18,-120.46,CA18:99|CA22:1
93212,36.01,-119.56,CA22
93215,35.78,-119.19,CA22
93218,35.86,-119.04,CA22:88|CA20:12
93219,35.89,-119.29,CA22
93220,35.38,-118.78,CA22:82|CA20:18
93221,36.30,-119.03,CA20
93222,34.90,-119.21,CA20
93223,36.30,-119.21,CA21
93224,35.26,-119.63,CA20
93225,34.79,-119.03,CA20:94|CA26:6
93226,35.74,-118.74,CA20
93227,36.34,-119.42,CA20
93230,36.29,-119.62,CA20:68|CA22:32
93234,36.20,-120.08,CA22
93235,36.39,-119.22,CA21:99|CA20:1
93237,36.47,-118.90,CA20
93238,35.85,-118.50,CA20
93239,36.03,-119.99,CA22:99|CA18:1
93240,35.62,-118.45,CA20
93241,35.25,-118.91,CA22
93242,36.44,-119.73,CA22:91|CA20:9
93243,34.84,-118.81,CA20:94|CA26:6
93244,36.39,-118.99,CA20
93245,36.29,-119.83,CA20:97|CA22:3
93246,36.32,-119.93,CA20
93247,36.20,-119.08,CA22:84|CA20:16
93249,35.62,-119.89,CA22
93250,35.67,-119.20,CA22
93251,35.37,-119.70,CA20
93252,34.80,-119.36,CA20:81|CA24:12|CA26:7
93254,34.95,-119.80,CA24
93255,35.68,-118.10,CA20
93256,35.97,-119.31,CA22
93257,35.98,-118.89,CA22:53|CA20:47
93258,36.06,-119.15,CA22
93260,35.82,-118.66,CA20
93261,35.81,-119.12,CA22
93262,36.44,-118.68,CA20
93263,35.49,-119.28,CA22:96|CA20:4
93265,36.22,-118.69,CA20
93266,36.17,-119.86,CA22
93267,36.14,-119.07,CA22:80|CA20:20
93268,35.18,-119.41,CA20
93270,35.94,-119.06,CA22:85|CA20:15
93271,36.44,-118.88,CA20
93272,36.05,-119.34,CA22
93274,36.18,-119.38,CA20:53|CA22:47
93276,35.32,-119.41,CA20
93277,36.30,-119.37,CA20:94|CA21:6
93280,35.65,-119.45,CA22:99|CA20:1
93283,35.59,-118.30,CA20
93285,35.75,-118.49,CA20
93286,36.46,-119.09,CA21:79|CA20:21
93287,35.72,-118.92,CA20:92|CA22:8
93291,36.39,-119.37,CA20:50|CA21:50
93292,36.37,-119.21,CA20:52|CA21:48
93301,35.38,-119.02,CA22:72|CA20:28
93304,35.34,-119.02,CA22
93305,35.39,-118.99,CA22
93306,35.47,-118.78,CA22:73|CA20:27
93307,35.25,-118.94,CA22:99|CA20:1
93308,35.55,-118.94,CA20:95|CA22:5
93309,35.34,-119.07,CA22:59|CA20:41
93311,35.15,-119.17,CA20
93312,35.39,-119.12,CA20
93313,35.17,-119.05,CA22:85|CA20:15
93314,35.39,-119.25,CA20
93401,35.24,-120.62,CA24
93402,35.30,-120.84,CA24
93405,35.30,-120.73,CA24
93407,35.31,-120.67,CA24
93408,35.32,-120.72,CA24
93409,35.32,-120.70,CA24
93410,35.30,-120.66,CA24
93420,35.18,-120.48,CA24
93422,35.47,-120.69,CA19:94|CA24:6
93424,35.20,-120.79,CA24
93426,35.84,-120.98,CA18:63|CA19:37
93427,34.64,-120.24,CA24
93428,35.59,-121.06,CA19
93429,34.87,-120.54,CA24
93430,35.48,-120.94,CA24:94|CA19:6
93432,35.48,-120.48,CA19:67|CA24:33
93433,35.12,-120.62,CA24
93434,34.94,-120.62,CA24
93436,34.60,-120.38,CA24
93437,34.76,-120.51,CA24
93440,34.77,-120.26,CA24
93441,34.73,-120.10,CA24
93442,35.40,-120.80,CA24
93444,35.04,-120.50,CA24
93445,35.06,-120.62,CA24
93446,35.66,-120.72,CA19
93449,35.16,-120.65,CA24
93450,36.09,-120.82,CA18
93451,35.94,-120.58,CA19:88|CA18:12
93452,35.75,-121.22,CA19
93453,35.24,-120.22,CA24:99|CA19:1
93454,34.92,-120.26,CA24
93455,34.85,-120.48,CA24
93458,34.95,-120.49,CA24
93460,34.67,-119.74,CA24
93461,35.63,-120.27,CA19:99|CA22:1
93463,34.61,-120.13,CA24
93465,35.54,-120.73,CA19
93501,35.07,-118.22,CA20:97|CA23:3
93505,35.11,-117.96,CA23
93510,34.45,-118.23,CA30
93512,37.89,-118.55,CA5
93513,37.04,-118.34,CA5
93514,37.49,-118.39,CA5
93516,35.01,-117.64,CA23
93517,38.28,-119.27,CA5
93518,35.38,-118.48,CA20
93519,35.31,-117.96,CA23:95|CA20:5
93522,36.32,-117.59,CA5
93523,35.00,-117.88,CA20:68|CA23:32
93524,34.91,-117.83,CA20
93526,36.86,-118.26,CA5
93527,35.92,-118.08,CA20
93528,35.37,-117.64,CA23
93529,37.78,-119.19,CA5
93530,36.48,-117.87,CA5
93531,35.22,-118.62,CA20
93532,34.69,-118.53,CA26
93534,34.72,-118.15,CA27
93535,34.70,-117.89,CA27:91|CA23:9
93536,34.74,-118.39,CA27:65|CA26:35
93541,38.02,-119.06,CA5
93543,34.47,-117.97,CA27:98|CA28:1|CA23:1
93544,34.49,-117.76,CA23
93545,36.61,-118.03,CA5
93546,37.55,-118.84,CA5
93549,36.30,-117.87,CA5
93550,34.41,-118.06,CA27:99|CA30:1
93551,34.59,-118.23,CA27:96|CA26:4
93552,34.58,-118.03,CA27
93553,34.45,-117.89,CA23:63|CA27:33|CA28:4
93554,35.37,-117.74,CA23
93555,35.58,-117.68,CA20:97|CA23:3
93558,35.34,-117.59,CA23
93560,34.88,-118.32,CA20
93561,35.10,-118.52,CA20
93562,35.72,-117.32,CA23
93563,34.37,-117.81,CA28:87|CA23:13
93581,35.11,-118.57,CA20
93591,34.60,-117.82,CA23:91|CA27:9
93601,37.39,-119.73,CA5
93602,37.07,-119.39,CA5
93603,36.49,-119.00,CA20
93604,37.35,-119.53,CA5
93605,37.18,-119.25,CA5
93606,36.80,-120.02,CA22
93608,36.50,-120.34,CA22
93609,36.53,-119.86,CA22
93610,37.09,-120.29,CA5:88|CA13:12
93611,36.83,-119.68,CA5:82|CA20:15|CA21:3
93612,36.81,-119.71,CA21:70|CA5:30
93614,37.22,-119.73,CA5
93615,36.50,-119.28,CA21
93616,36.65,-119.59,CA21
93618,36.52,-119.39,CA21
93619,36.91,-119.59,CA5:59|CA20:41
93620,37.04,-120.62,CA13
93621,36.75,-119.10,CA20:99|CA5:1
93622,36.79,-120.63,CA13:99|CA18:1
93623,37.48,-119.67,CA5
93624,36.38,-120.13,CA22
93625,36.62,-119.67,CA21
93626,37.04,-119.70,CA5
93627,36.51,-120.11,CA22
93628,36.77,-118.85,CA5
93630,36.72,-120.13,CA22
93631,36.48,-119.52,CA21:95|CA20:4|CA22:1
93633,36.73,-118.96,CA20
93634,37.22,-119.00,CA5
93635,37.02,-120.88,CA13
93636,36.98,-119.88,CA5
93637,36.92,-120.19,CA13:57|CA5:40|CA22:3
93638,37.04,-120.03,CA13:67|CA5:33
93640,36.67,-120.44,CA13:98|CA22:2
93641,36.71,-119.04,CA20:68|CA5:32
93643,37.21,-119.52,CA5
93644,37.42,-119.59,CA5
93645,37.15,-119.62,CA5
93646,36.63,-119.29,CA21:96|CA20:4
93647,36.60,-119.18,CA21:94|CA20:6
93648,36.62,-119.52,CA21
93650,36.84,-119.80,CA5:90|CA21:10
93651,37.00,-119.51,CA5
93652,36.60,-119.90,CA22
93653,37.25,-119.91,CA5
93654,36.66,-119.40,CA21:95|CA20:5
93656,36.45,-119.94,CA22:94|CA20:6
93657,36.82,-119.45,CA21:76|CA20:24
93660,36.61,-120.17,CA22
93662,36.54,-119.64,CA21:95|CA22:5
93664,37.05,-119.19,CA5
93665,36.96,-120.65,CA13
93666,36.55,-119.34,CA21
93667,36.97,-119.32,CA5:65|CA20:35
93668,36.66,-120.29,CA22
93669,37.29,-119.55,CA5
93670,36.49,-119.25,CA21
93673,36.45,-119.48,CA21
93675,36.72,-119.19,CA20
93701,36.75,-119.79,CA21
93702,36.74,-119.75,CA21
93703,36.77,-119.76,CA21
93704,36.80,-119.80,CA21
93705,36.79,-119.83,CA21
93706,36.66,-119.92,CA21:88|CA22:12
93710,36.82,-119.76,CA21
93711,36.84,-119.83,CA21:47|CA5:32|CA22:21
93720,36.86,-119.76,CA5
93721,36.73,-119.78,CA21
93722,36.80,-119.88,CA21:56|CA22:37|CA5:7
93723,36.79,-119.95,CA22:83|CA21:17
93725,36.63,-119.73,CA21:95|CA22:4|CA20:1
93726,36.79,-119.76,CA21
93727,36.75,-119.69,CA21:91|CA20:9
93728,36.76,-119.82,CA21
93730,36.91,-119.74,CA5
93737,36.75,-119.65,CA20
93740,36.82,-119.75,CA21
93741,36.77,-119.80,CA21
93901,36.65,-121.63,CA18
93905,36.69,-121.61,CA18
93906,36.72,-121.63,CA18
93907,36.77,-121.67,CA19:57|CA18:43
93908,36.62,-121.62,CA19:85|CA18:15
93920,36.07,-121.52,CA19
93921,36.55,-121.92,CA19
93923,36.41,-121.80,CA19
93924,36.42,-121.64,CA19:99|CA18:1
93925,36.59,-121.40,CA18
93926,36.53,-121.40,CA18
93927,36.28,-121.39,CA18
93928,36.08,-121.47,CA18
93930,36.20,-121.08,CA18
93932,35.99,-121.06,CA18
93933,36.68,-121.78,CA19
93940,36.56,-121.81,CA19
93943,36.60,-121.87,CA19
93944,36.60,-121.92,CA19
93950,36.62,-121.93,CA19
93953,36.59,-121.94,CA19
93954,36.17,-120.90,CA18
93955,36.61,-121.79,CA19
93960,36.41,-121.32,CA18
93962,36.62,-121.65,CA19
94002,37.51,-122.30,CA15
94005,37.69,-122.41,CA15
94010,37.57,-122.38,CA15
94014,37.69,-122.45,CA15
94015,37.68,-122.48,CA15
94018,37.51,-122.47,CA16
94019,37.46,-122.41,CA16
94020,37.27,-122.22,CA16
94021,37.25,-122.25,CA16
94022,37.36,-122.14,CA16
94024,37.35,-122.10,CA16:98|CA17:2
94025,37.45,-122.18,CA16:67|CA15:33
94027,37.46,-122.20,CA16:97|CA15:3
94028,37.37,-122.21,CA16
94030,37.60,-122.40,CA15
94037,37.55,-122.50,CA16
94038,37.54,-122.47,CA16
94040,37.38,-122.09,CA16
94041,37.39,-122.08,CA16
94043,37.41,-122.07,CA16
94044,37.61,-122.48,CA16
94060,37.25,-122.26,CA16
94061,37.46,-122.24,CA15:91|CA16:9
94062,37.42,-122.29,CA15:73|CA16:27
94063,37.50,-122.20,CA15
94065,37.53,-122.25,CA15
94066,37.63,-122.43,CA15
94070,37.50,-122.27,CA15
94074,37.33,-122.34,CA16
94080,37.66,-122.42,CA15
94085,37.39,-122.02,CA17
94086,37.37,-122.02,CA17
94087,37.35,-122.04,CA17
94089,37.41,-122.02,CA17
94102,37.78,-122.42,CA11
94103,37.77,-122.41,CA11
94104,37.79,-122.40,CA11
94105,37.79,-122.39,CA11
94107,37.76,-122.40,CA11
94108,37.79,-122.41,CA11
94109,37.79,-122.42,CA11
94110,37.75,-122.42,CA11
94111,37.80,-122.40,CA11
94112,37.72,-122.44,CA15:87|CA11:13
94114,37.76,-122.44,CA11
94115,37.79,-122.44,CA11
94116,37.75,-122.49,CA11
94117,37.77,-122.44,CA11
94118,37.78,-122.46,CA11
94121,37.78,-122.50,CA11
94122,37.76,-122.48,CA11
94123,37.80,-122.43,CA11
94124,37.73,-122.38,CA11
94127,37.74,-122.46,CA11
94128,37.62,-122.38,CA15
94129,37.80,-122.46,CA11
94130,37.82,-122.37,CA11
94131,37.75,-122.44,CA11
94132,37.72,-122.48,CA11:79|CA15:21
94133,37.80,-122.41,CA11
94134,37.72,-122.41,CA15:97|CA11:3
94158,37.77,-122.39,CA11
94188,37.74,-122.38,CA11
94301,37.44,-122.15,CA16
94303,37.46,-122.12,CA15:62|CA16:38
94304,37.40,-122.17,CA16
94305,37.42,-122.17,CA16
94306,37.42,-122.13,CA16
94401,37.58,-122.32,CA15
94402,37.54,-122.33,CA15
94403,37.54,-122.31,CA15
94404,37.55,-122.28,CA15
94501,37.77,-122.28,CA12
94502,37.74,-122.24,CA12
94503,38.19,-122.22,CA4
94505,37.87,-121.60,CA10
94506,37.80,-121.90,CA10
94507,37.85,-122.01,CA10
94508,38.59,-122.44,CA4
94509,37.99,-121.81,CA9
94510,38.11,-122.12,CA8
94511,38.03,-121.63,CA9
94512,38.13,-121.82,CA8
94513,37.92,-121.69,CA10
94514,37.83,-121.63,CA10:95|CA14:5
94515,38.63,-122.61,CA4:99|CA1:1
94516,37.83,-122.17,CA10
94517,37.90,-121.90,CA10
94518,37.95,-122.02,CA10
94519,37.99,-122.01,CA10
94520,37.99,-122.04,CA10
94521,37.95,-121.97,CA10
94523,37.95,-122.08,CA10
94525,38.05,-122.23,CA10:61|CA8:39
94526,37.81,-121.98,CA10
94528,37.84,-121.96,CA10
94530,37.92,-122.30,CA8
94531,37.96,-121.78,CA9
94533,38.28,-122.01,CA8
94534,38.24,-122.12,CA8
94535,38.27,-121.94,CA8
94536,37.57,-121.98,CA14
94538,37.50,-121.96,CA14:97|CA17:3
94539,37.52,-121.91,CA17:63|CA14:37
94541,37.67,-122.09,CA14:97|CA10:3
94542,37.66,-122.03,CA14
94544,37.63,-122.06,CA14
94545,37.63,-122.12,CA14
94546,37.74,-122.10,CA10:76|CA14:24
94547,38.01,-122.26,CA8
94548,37.97,-121.65,CA10
94549,37.90,-122.12,CA10
94550,37.52,-121.58,CA14
94551,37.75,-121.75,CA14:99|CA10:1
94552,37.71,-122.01,CA10:73|CA14:27
94553,37.98,-122.15,CA10
94555,37.55,-122.10,CA14
94556,37.83,-122.11,CA10
94558,38.40,-122.18,CA4
94559,38.25,-122.29,CA4
94560,37.50,-122.03,CA17
94561,37.99,-121.69,CA10:55|CA9:45
94562,38.43,-122.41,CA4
94563,37.87,-122.21,CA10
94564,37.99,-122.27,CA8
94565,38.01,-121.93,CA9:76|CA10:24
94566,37.65,-121.85,CA14
94567,38.67,-122.40,CA4
94568,37.72,-121.90,CA14
94569,38.04,-122.19,CA10
94571,38.15,-121.76,CA8
94572,38.02,-122.23,CA8
94573,38.46,-122.43,CA4
94574,38.53,-122.40,CA4
94575,37.84,-122.11,CA10
94576,38.55,-122.48,CA4
94577,37.72,-122.17,CA12:95|CA10:5
94578,37.71,-122.13,CA10:50|CA12:30|CA14:20
94579,37.69,-122.16,CA12:57|CA14:43
94580,37.68,-122.13,CA14:74|CA10:26
94582,37.77,-121.92,CA10
94583,37.77,-121.99,CA10
94585,38.19,-121.94,CA8
94586,37.57,-121.85,CA14
94587,37.59,-122.08,CA14
94588,37.79,-121.86,CA14:99|CA10:1
94589,38.14,-122.25,CA8
94590,38.10,-122.25,CA8
94591,38.13,-122.20,CA8
94592,38.09,-122.29,CA8
94595,37.87,-122.07,CA10
94596,37.89,-122.04,CA10
94597,37.92,-122.07,CA10
94598,37.92,-122.01,CA10
94599,38.40,-122.39,CA4
94601,37.78,-122.22,CA12
94602,37.81,-122.20,CA12
94603,37.74,-122.18,CA12
94605,37.76,-122.15,CA12
94606,37.79,-122.24,CA12
94607,37.81,-122.30,CA12
94608,37.84,-122.29,CA12
94609,37.83,-122.26,CA12
94610,37.81,-122.24,CA12
94611,37.83,-122.22,CA12
94612,37.81,-122.27,CA12
94613,37.78,-122.18,CA12
94618,37.84,-122.24,CA12
94619,37.79,-122.16,CA12
94621,37.75,-122.21,CA12
94702,37.87,-122.29,CA12
94703,37.86,-122.28,CA12
94704,37.87,-122.26,CA12
94705,37.87,-122.24,CA12
94706,37.89,-122.30,CA12
94707,37.90,-122.28,CA12:75|CA8:25
94708,37.90,-122.26,CA12:80|CA8:20
94709,37.88,-122.27,CA12
94710,37.86,-122.30,CA12
94720,37.87,-122.25,CA12
94801,37.94,-122.39,CA8
94803,37.96,-122.28,CA8
94804,37.92,-122.34,CA8
94805,37.94,-122.32,CA8
94806,37.98,-122.34,CA8
94901,37.98,-122.50,CA2
94903,38.02,-122.56,CA2
94904,37.94,-122.55,CA2
94920,37.89,-122.46,CA2
94922,38.36,-122.95,CA2
94923,38.33,-123.03,CA2
94924,37.97,-122.74,CA2
94925,37.93,-122.51,CA2
94928,38.35,-122.69,CA4
94929,38.25,-122.96,CA2
94930,37.97,-122.62,CA2
94931,38.33,-122.72,CA4
94933,38.02,-122.69,CA2
94937,38.09,-122.95,CA2
94938,38.03,-122.73,CA2
94939,37.94,-122.54,CA2
94940,38.21,-122.90,CA2
94941,37.92,-122.60,CA2
94945,38.12,-122.55,CA2
94946,38.07,-122.70,CA2
94947,38.11,-122.62,CA2
94949,38.06,-122.51,CA2
94950,38.02,-122.76,CA2
94951,38.32,-122.64,CA4
94952,38.23,-122.76,CA2
94954,38.24,-122.56,CA4
94956,38.02,-122.82,CA2
94957,37.96,-122.56,CA2
94960,38.00,-122.58,CA2
94963,38.01,-122.66,CA2
94964,37.94,-122.49,CA2
94965,37.84,-122.53,CA2
94970,37.93,-122.66,CA2
94971,38.23,-122.90,CA2
94972,38.34,-122.94,CA2
94973,38.01,-122.64,CA2
95002,37.44,-122.01,CA17
95003,37.03,-121.86,CA19
95004,36.88,-121.63,CA18
95005,37.10,-122.09,CA19
95006,37.17,-122.15,CA19
95007,37.11,-122.11,CA19
95008,37.28,-121.96,CA16
95010,36.98,-121.95,CA19
95012,36.79,-121.73,CA18:73|CA19:27
95013,37.22,-121.74,CA19:89|CA18:11
95014,37.31,-122.09,CA17:99|CA16:1
95017,37.10,-122.24,CA19
95018,37.08,-122.06,CA19
95019,36.94,-121.78,CA18
95020,37.02,-121.56,CA18:98|CA19:2
95023,36.92,-121.29,CA18
95030,37.22,-121.98,CA16
95032,37.18,-121.90,CA16
95033,37.16,-121.97,CA19:62|CA16:38
95035,37.44,-121.87,CA17
95037,37.13,-121.68,CA18:91|CA19:9
95039,36.83,-121.77,CA19
95041,37.05,-122.06,CA19
95043,36.52,-120.98,CA18
95045,36.83,-121.52,CA18
95046,37.10,-121.60,CA18:98|CA19:2
95050,37.35,-121.95,CA17
95051,37.35,-121.98,CA17
95053,37.35,-121.94,CA17
95054,37.39,-121.96,CA17
95060,36.99,-122.10,CA19
95062,36.97,-121.99,CA19
95064,36.99,-122.06,CA19
95065,37.03,-121.98,CA19
95066,37.07,-122.01,CA19
95070,37.25,-122.05,CA16
95073,37.04,-121.93,CA19
95075,36.79,-121.19,CA18
95076,36.94,-121.76,CA18:85|CA19:15
95110,37.35,-121.91,CA18:80|CA17:20
95111,37.28,-121.83,CA16:58|CA19:42
95112,37.34,-121.88,CA18:84|CA17:9|CA16:7
95113,37.33,-121.89,CA18
95116,37.35,-121.85,CA18
95117,37.31,-121.96,CA17:80|CA16:20
95118,37.26,-121.89,CA16
95119,37.23,-121.79,CA19
95120,37.19,-121.84,CA19:94|CA16:6
95121,37.30,-121.81,CA16:61|CA19:39
95122,37.33,-121.83,CA16:76|CA18:24
95123,37.24,-121.83,CA19
95124,37.26,-121.92,CA16
95125,37.30,-121.89,CA16:69|CA18:31
95126,37.33,-121.92,CA17:73|CA16:19|CA18:8
95127,37.37,-121.79,CA18:87|CA17:13
95128,37.32,-121.94,CA16:62|CA17:38
95129,37.31,-122.00,CA17:77|CA16:23
95130,37.28,-121.99,CA16:89|CA17:11
95131,37.39,-121.90,CA17
95132,37.42,-121.79,CA17
95133,37.37,-121.86,CA17:96|CA18:4
95134,37.43,-121.95,CA17
95135,37.22,-121.53,CA19:99|CA18:1
95136,37.27,-121.85,CA19:72|CA16:28
95138,37.25,-121.75,CA19:99|CA18:1
95139,37.22,-121.76,CA19
95140,37.35,-121.64,CA18
95148,37.33,-121.78,CA19:92|CA18:8
95202,37.96,-121.29,CA9:74|CA13:26
95203,37.95,-121.32,CA9:68|CA13:32
95204,37.97,-121.32,CA9
95205,37.96,-121.26,CA13:84|CA9:16
95206,37.91,-121.40,CA13:60|CA9:40
95207,38.00,-121.32,CA9
95209,38.05,-121.35,CA9
95210,38.03,-121.30,CA9
95211,37.98,-121.31,CA9
95212,38.05,-121.23,CA9
95215,37.95,-121.16,CA13:51|CA9:45|CA5:3|CA7:1
95219,38.03,-121.52,CA9
95220,38.20,-121.23,CA7
95221,38.07,-120.55,CA5
95222,38.05,-120.59,CA5
95223,38.48,-119.73,CA5
95224,38.23,-120.32,CA5
95225,38.20,-120.86,CA5
95226,38.24,-120.87,CA5
95227,38.21,-121.05,CA7
95228,37.91,-120.69,CA5
95230,38.00,-120.89,CA5:55|CA7:45
95231,37.87,-121.29,CA13:53|CA9:47
95232,38.36,-120.58,CA5
95233,38.19,-120.37,CA5
95236,38.04,-121.04,CA7:96|CA5:4
95237,38.15,-121.15,CA7:92|CA9:8
95240,38.12,-121.16,CA7:54|CA9:39|CA8:7
95242,38.14,-121.38,CA8:63|CA7:36|CA9:2
95245,38.30,-120.61,CA5
95246,38.25,-120.49,CA5
95247,38.14,-120.44,CA5
95248,38.32,-120.46,CA5
95249,38.19,-120.62,CA5
95251,38.08,-120.45,CA5
95252,38.16,-120.84,CA5
95253,38.15,-121.20,CA9:79|CA7:21
95254,38.20,-120.97,CA5
95255,38.42,-120.48,CA5
95257,38.38,-120.48,CA5
95258,38.17,-121.31,CA7
95301,37.31,-120.66,CA13
95303,37.47,-120.67,CA13
95304,37.68,-121.38,CA9:83|CA13:17
95305,37.82,-120.36,CA5
95306,37.36,-120.12,CA5
95307,37.56,-120.95,CA13:98|CA5:2
95309,37.87,-120.43,CA5
95310,38.09,-120.38,CA5
95311,37.71,-120.09,CA5
95312,37.42,-120.65,CA13
95313,37.42,-121.05,CA13
95315,37.42,-120.77,CA13
95316,37.54,-120.67,CA5:99|CA13:1
95317,37.13,-120.51,CA13
95318,37.67,-119.81,CA5
95319,37.63,-120.87,CA5:50|CA13:50
95320,37.82,-121.01,CA5
95321,37.93,-119.84,CA5
95322,37.18,-121.02,CA13
95323,37.60,-120.66,CA5
95324,37.39,-120.90,CA13
95325,37.48,-120.24,CA5
95326,37.59,-120.86,CA5:99|CA13:1
95327,37.85,-120.49,CA5
95328,37.56,-120.91,CA13
95329,37.68,-120.42,CA5
95330,37.81,-121.32,CA13
95333,37.24,-120.24,CA13
95334,37.35,-120.75,CA13
95335,38.12,-120.09,CA5
95336,37.83,-121.20,CA9:99|CA13:1
95337,37.74,-121.24,CA9:94|CA13:6
95338,37.51,-119.98,CA5
95340,37.34,-120.41,CA13
95341,37.23,-120.50,CA13
95345,37.59,-119.96,CA5
95346,38.07,-120.17,CA5
95348,37.42,-120.50,CA13
95350,37.67,-121.01,CA5:79|CA13:21
95351,37.62,-121.00,CA13
95354,37.64,-120.96,CA13:92|CA5:8
95355,37.67,-120.95,CA5
95356,37.72,-121.03,CA5
95357,37.67,-120.89,CA5:99|CA13:1
95358,37.61,-121.11,CA13
95360,37.33,-121.04,CA13
95361,37.79,-120.79,CA5
95363,37.38,-121.21,CA13
95364,38.22,-119.76,CA5
95365,37.30,-120.33,CA13
95366,37.76,-121.14,CA9:92|CA5:8
95367,37.73,-120.95,CA5
95368,37.71,-121.08,CA13:64|CA5:36
95369,37.53,-120.40,CA13:93|CA5:7
95370,37.98,-120.35,CA5
95372,38.01,-120.25,CA5
95374,37.32,-120.86,CA13
95375,38.23,-119.96,CA5
95376,37.74,-121.43,CA9
95377,37.67,-121.52,CA9:99|CA13:1
95379,37.97,-120.21,CA5
95380,37.47,-120.88,CA13:85|CA5:15
95382,37.53,-120.85,CA5:95|CA13:5
95383,38.09,-120.23,CA5
95385,37.61,-121.25,CA13
95386,37.67,-120.62,CA5
95387,37.55,-121.24,CA13
95388,37.42,-120.60,CA13
95389,37.78,-119.43,CA5
95391,37.78,-121.60,CA9
95401,38.45,-122.80,CA1
95403,38.50,-122.75,CA1
95404,38.53,-122.69,CA1:90|CA4:10
95405,38.44,-122.67,CA1
95407,38.39,-122.75,CA1:78|CA4:22
95409,38.47,-122.58,CA1:97|CA4:3
95410,39.23,-123.70,CA2
95412,38.71,-123.31,CA2
95415,39.02,-123.37,CA1:83|CA2:17
95417,39.69,-123.65,CA2
95419,38.42,-122.96,CA2
95420,39.36,-123.77,CA2
95421,38.58,-123.18,CA2
95422,38.99,-122.64,CA1
95423,39.07,-122.63,CA1
95425,38.82,-123.06,CA1
95426,38.83,-122.73,CA1:81|CA4:19
95427,39.25,-123.57,CA2
95428,39.82,-123.18,CA1
95429,39.76,-123.36,CA1
95430,38.46,-123.05,CA2
95431,38.35,-122.52,CA4
95432,39.11,-123.65,CA2
95435,39.00,-122.87,CA1
95436,38.49,-122.91,CA1:99|CA2:1
95437,39.45,-123.67,CA2
95439,38.49,-122.78,CA1
95441,38.72,-123.05,CA1:99|CA2:1
95442,38.38,-122.52,CA4
95443,39.05,-122.74,CA1
95444,38.43,-122.87,CA1
95445,38.83,-123.47,CA2
95446,38.52,-123.01,CA2:94|CA1:6
95448,38.62,-122.89,CA1
95449,38.94,-123.12,CA1
95450,38.51,-123.21,CA2
95451,38.92,-122.79,CA1
95452,38.43,-122.54,CA4
95453,39.05,-122.94,CA1
95454,39.78,-123.50,CA2:62|CA1:38
95456,39.25,-123.76,CA2
95457,38.92,-122.55,CA4:51|CA1:49
95458,39.11,-122.78,CA1
95459,38.98,-123.61,CA2
95460,39.31,-123.74,CA2
95461,38.75,-122.55,CA4:80|CA1:20
95462,38.47,-123.02,CA2
95463,39.19,-123.58,CA2
95464,39.13,-122.85,CA1
95465,38.42,-123.05,CA2
95466,39.05,-123.51,CA2:74|CA1:26
95467,38.81,-122.55,CA1:69|CA4:31
95468,38.92,-123.61,CA2
95469,39.40,-123.08,CA1
95470,39.30,-123.24,CA1
95471,38.53,-122.97,CA2
95472,38.40,-122.86,CA1:56|CA2:43|CA4:1
95476,38.26,-122.46,CA4
95480,38.68,-123.37,CA2
95482,39.13,-123.26,CA1
95485,39.21,-122.93,CA1
95486,38.47,-123.02,CA2
95488,39.73,-123.79,CA2
95490,39.48,-123.35,CA1:99|CA2:1
95492,38.53,-122.81,CA1
95493,39.22,-122.99,CA1
95494,38.90,-123.34,CA1:66|CA2:34
95497,38.73,-123.46,CA2
95501,40.80,-124.14,CA2
95503,40.74,-124.11,CA2
95511,40.17,-123.58,CA2
95514,40.29,-123.66,CA2
95519,40.96,-124.05,CA2
95521,40.84,-124.05,CA2
95524,40.82,-124.05,CA2
95525,40.95,-123.82,CA2
95526,40.46,-123.68,CA2
95527,41.04,-123.40,CA2
95528,40.50,-123.93,CA2
95531,41.86,-124.13,CA2
95536,40.50,-124.21,CA2
95537,40.74,-124.21,CA2
95538,41.87,-124.15,CA2
95540,40.57,-124.13,CA2
95542,40.09,-123.76,CA2:99|CA1:1
95543,41.89,-123.80,CA2
95545,40.26,-124.09,CA2
95546,41.19,-123.73,CA2
95547,40.57,-124.08,CA2
95548,41.60,-124.06,CA2
95549,40.67,-123.91,CA2
95550,40.78,-123.84,CA2
95551,40.67,-124.23,CA2
95552,40.34,-123.42,CA2
95553,40.23,-123.87,CA2
95554,40.30,-123.78,CA2
95555,41.30,-123.98,CA2
95556,41.31,-123.59,CA2
95558,40.34,-124.26,CA2
95559,40.19,-123.75,CA2
95560,40.14,-123.84,CA2
95562,40.44,-124.10,CA2
95563,40.89,-123.57,CA2
95564,40.79,-124.20,CA2
95565,40.46,-124.02,CA2
95567,41.95,-124.10,CA2
95568,41.48,-123.49,CA2
95569,40.36,-123.86,CA2
95570,41.11,-124.08,CA2
95571,40.37,-123.94,CA2
95573,40.91,-123.67,CA2
95585,39.86,-123.67,CA2:57|CA1:43
95587,39.97,-123.76,CA1:81|CA2:19
95589,40.06,-123.98,CA2
95595,40.07,-123.11,CA2
95601,38.42,-120.83,CA5
95602,38.99,-121.10,CA3
95603,38.91,-121.09,CA3
95604,39.24,-120.07,CA3
95605,38.59,-121.54,CA6
95606,38.76,-122.19,CA4
95607,38.83,-122.13,CA4
95608,38.63,-121.33,CA3:59|CA6:41
95610,38.69,-121.27,CA6
95612,38.39,-121.57,CA8
95613,38.81,-120.89,CA7
95614,38.89,-120.98,CA7
95615,38.31,-121.54,CA7:83|CA8:17
95616,38.55,-121.80,CA4
95618,38.54,-121.69,CA4:51|CA8:49
95619,38.68,-120.81,CA7
95620,38.40,-121.75,CA8
95621,38.70,-121.31,CA6
95623,38.63,-120.84,CA7
95624,38.43,-121.31,CA7
95625,38.36,-121.91,CA8
95626,38.73,-121.49,CA4
95627,38.73,-122.03,CA4
95628,38.65,-121.25,CA3:77|CA6:23
95629,38.51,-120.69,CA5
95630,38.66,-121.14,CA3
95631,39.05,-120.75,CA3
95632,38.27,-121.26,CA7
95633,38.85,-120.82,CA7:93|CA3:7
95634,38.90,-120.71,CA7:74|CA3:26
95635,38.91,-120.91,CA7:99|CA3:1
95636,38.61,-120.49,CA3
95637,38.85,-122.27,CA4
95638,38.34,-121.07,CA7
95639,38.41,-121.50,CA7
95640,38.34,-120.94,CA5
95641,38.16,-121.60,CA8:96|CA7:4
95642,38.34,-120.76,CA5
95645,38.89,-121.80,CA4
95646,38.63,-120.02,CA5
95648,38.92,-121.31,CA4:98|CA3:2
95650,38.81,-121.17,CA3
95651,38.82,-120.94,CA7
95652,38.66,-121.40,CA6
95653,38.70,-121.98,CA4
95655,38.55,-121.28,CA3
95658,38.88,-121.17,CA3
95659,38.86,-121.59,CA4
95660,38.68,-121.38,CA6
95661,38.74,-121.25,CA6
95662,38.69,-121.22,CA6
95663,38.86,-121.18,CA3
95664,38.80,-121.04,CA7
95665,38.40,-120.65,CA5
95666,38.54,-120.33,CA5
95667,38.73,-120.79,CA7:91|CA3:9
95668,38.83,-121.50,CA4
95669,38.49,-120.89,CA5
95670,38.60,-121.28,CA3
95671,38.69,-121.15,CA3
95672,38.72,-120.99,CA7
95673,38.69,-121.47,CA4:99|CA6:1
95674,38.95,-121.48,CA4
95675,38.55,-120.74,CA5
95676,38.87,-121.71,CA4
95677,38.79,-121.23,CA6
95678,38.77,-121.29,CA6
95679,38.92,-122.29,CA4
95680,38.24,-121.58,CA7:64|CA8:36
95681,39.00,-121.35,CA4
95682,38.60,-120.96,CA7
95683,38.51,-121.10,CA7
95684,38.57,-120.50,CA5:55|CA3:25|CA7:20
95685,38.43,-120.76,CA5
95686,38.16,-121.52,CA7:70|CA8:30
95687,38.33,-121.92,CA8
95688,38.42,-122.03,CA8
95689,38.47,-120.62,CA5
95690,38.20,-121.63,CA7:59|CA8:41
95691,38.63,-121.59,CA6
95692,39.04,-121.41,CA4
95693,38.40,-121.22,CA7
95694,38.57,-122.06,CA4:88|CA8:12
95695,38.70,-121.84,CA4
95697,38.73,-121.81,CA4
95698,38.82,-121.91,CA4
95699,38.44,-120.86,CA5
95701,39.22,-120.77,CA3
95703,38.99,-120.99,CA3
95709,38.75,-120.70,CA7:62|CA3:38
95713,39.08,-120.93,CA3
95714,39.20,-120.84,CA3
95715,39.28,-120.64,CA3
95717,39.14,-120.84,CA3
95720,38.85,-120.25,CA3
95721,38.82,-120.10,CA3
95722,39.01,-121.04,CA3
95726,38.76,-120.41,CA3
95728,39.28,-120.41,CA3
95735,38.84,-120.18,CA3
95736,39.04,-120.98,CA3
95742,38.56,-121.20,CA3
95746,38.75,-121.16,CA3:89|CA6:11
95747,38.78,-121.37,CA6:92|CA4:8
95757,38.33,-121.43,CA7
95758,38.43,-121.45,CA7
95762,38.69,-121.06,CA7
95765,38.82,-121.28,CA6
95776,38.70,-121.70,CA4
95811,38.59,-121.48,CA7
95814,38.58,-121.50,CA7
95815,38.61,-121.45,CA6
95816,38.58,-121.46,CA7:59|CA6:41
95817,38.55,-121.46,CA7:91|CA3:8|CA6:1
95818,38.55,-121.50,CA7
95819,38.57,-121.44,CA6:73|CA7:27
95820,38.53,-121.44,CA3:73|CA7:27
95821,38.63,-121.38,CA3:97|CA6:3
95822,38.51,-121.49,CA7
95823,38.47,-121.44,CA7:71|CA3:29
95824,38.52,-121.44,CA3:94|CA7:6
95825,38.59,-121.41,CA3:89|CA7:9|CA6:2
95826,38.54,-121.38,CA3:96|CA7:4
95827,38.55,-121.33,CA3
95828,38.49,-121.40,CA7:60|CA3:40
95829,38.49,-121.32,CA7:99|CA3:1
95830,38.49,-121.28,CA7:91|CA3:9
95831,38.50,-121.53,CA7
95832,38.45,-121.50,CA7
95833,38.62,-121.52,CA6
95834,38.64,-121.52,CA6
95835,38.67,-121.53,CA6
95837,38.69,-121.60,CA4:83|CA6:17
95838,38.65,-121.45,CA6
95841,38.66,-121.35,CA6:98|CA3:2
95842,38.69,-121.35,CA6
95843,38.72,-121.36,CA4:59|CA6:41
95864,38.58,-121.38,CA3:97|CA7:3
95901,39.22,-121.49,CA4:99|CA1:1
95903,39.12,-121.37,CA4
95910,39.46,-120.83,CA1
95912,39.00,-122.07,CA4
95913,39.63,-122.19,CA1
95914,39.41,-121.38,CA1:83|CA4:17
95915,39.99,-121.23,CA1
95916,39.65,-121.38,CA1
95917,39.44,-121.76,CA1
95918,39.30,-121.34,CA4
95919,39.43,-121.27,CA4
95920,39.45,-121.94,CA1
95922,39.47,-121.07,CA4:99|CA1:1
95923,40.18,-121.14,CA1
95925,39.46,-121.18,CA4
95926,39.75,-121.84,CA1
95928,39.68,-121.84,CA1
95929,39.73,-121.85,CA1
95930,39.55,-121.16,CA1:91|CA4:9
95932,39.25,-122.01,CA4
95934,40.06,-120.91,CA1
95935,39.38,-121.19,CA4
95936,39.58,-120.77,CA1
95937,38.88,-122.00,CA4
95938,39.60,-121.80,CA1
95939,39.56,-122.61,CA1
95941,39.52,-121.27,CA1:76|CA4:24
95942,39.92,-121.67,CA1
95943,39.58,-122.03,CA1
95944,39.54,-120.85,CA1
95945,39.19,-120.98,CA3
95946,39.21,-121.22,CA3
95947,40.16,-120.84,CA1
95948,39.34,-121.77,CA1
95949,39.10,-121.13,CA3
95950,39.04,-121.92,CA4
95951,39.72,-122.00,CA1
95953,39.26,-121.78,CA4
95954,39.85,-121.58,CA1
95955,39.29,-122.20,CA4
95956,39.88,-121.12,CA1
95957,39.05,-121.83,CA4
95958,39.56,-121.80,CA1
95959,39.35,-120.87,CA3
95960,39.44,-121.02,CA3:71|CA1:23|CA4:6
95961,39.04,-121.56,CA4
95962,39.32,-121.27,CA4
95963,39.75,-122.30,CA1
95965,39.59,-121.57,CA1
95966,39.48,-121.41,CA1
95968,39.44,-121.55,CA1
95969,39.72,-121.64,CA1
95970,39.41,-122.04,CA4:64|CA1:36
95971,39.93,-120.92,CA1
95972,39.42,-121.34,CA4
95973,39.88,-121.86,CA1
95974,39.50,-121.76,CA1
95975,39.22,-121.15,CA3
95977,39.18,-121.29,CA3:59|CA4:41
95978,39.91,-121.53,CA1
95979,39.29,-122.48,CA4
95981,39.67,-121.03,CA1:50|CA4:50
95982,39.17,-121.81,CA4
95983,40.06,-120.74,CA1
95984,39.98,-121.11,CA1
95986,39.36,-120.77,CA3
95987,39.10,-122.25,CA4
95988,39.50,-122.29,CA1
95991,39.02,-121.61,CA4
95993,39.08,-121.68,CA4
96001,40.58,-122.45,CA2
96002,40.53,-122.32,CA2
96003,40.66,-122.31,CA2
96006,41.13,-120.84,CA2:70|CA1:30
96007,40.46,-122.31,CA2
96008,40.72,-122.11,CA2
96009,41.06,-121.02,CA1
96010,40.95,-123.24,CA2
96011,41.06,-121.89,CA2
96013,40.97,-121.69,CA2
96014,41.39,-122.78,CA2
96015,41.51,-120.88,CA2
96016,40.88,-121.48,CA2
96017,41.11,-122.31,CA2
96019,40.69,-122.40,CA2
96020,40.31,-121.26,CA1
96021,39.92,-122.27,CA1
96022,40.35,-122.42,CA1:53|CA2:47
96023,41.92,-121.97,CA2
96024,40.56,-122.87,CA2
96025,41.20,-122.32,CA2
96027,41.39,-123.23,CA2
96028,41.01,-121.46,CA2
96029,39.94,-122.49,CA1
96031,41.18,-123.20,CA2
96032,41.59,-122.98,CA2
96033,40.73,-122.57,CA2
96034,41.46,-122.60,CA2
96035,40.04,-122.19,CA1
96037,41.54,-122.92,CA2
96038,41.61,-122.55,CA2
96039,41.67,-123.38,CA2
96040,40.79,-121.47,CA2
96041,40.51,-123.20,CA2
96044,41.93,-122.67,CA2
96046,40.61,-123.43,CA2
96047,40.48,-122.69,CA2
96048,40.83,-123.02,CA2
96050,41.85,-122.95,CA2
96051,40.92,-122.31,CA2
96052,40.68,-122.79,CA2
96054,41.26,-121.12,CA2
96055,40.10,-122.00,CA1
96056,41.07,-121.32,CA2:65|CA1:35
96057,41.27,-121.92,CA2
96058,41.73,-121.93,CA2
96059,40.44,-121.84,CA1:56|CA2:44
96061,40.35,-121.49,CA1
96062,40.56,-122.09,CA2
96063,40.37,-121.61,CA1
96064,41.75,-122.37,CA2
96065,40.89,-121.96,CA2
96067,41.32,-122.32,CA2
96068,41.10,-121.20,CA1
96069,40.69,-122.02,CA2
96071,40.69,-121.46,CA2
96073,40.60,-122.19,CA2
96074,39.86,-122.59,CA1
96075,40.36,-121.88,CA1:94|CA2:6
96076,40.39,-122.94,CA2:80|CA1:20
96078,40.08,-122.18,CA1
96080,40.17,-122.44,CA1
96084,40.80,-121.87,CA2
96085,41.74,-123.08,CA2
96086,41.92,-123.25,CA2
96087,40.63,-122.59,CA2
96088,40.52,-121.86,CA2
96090,40.00,-122.12,CA1
96091,41.04,-122.80,CA2
96092,39.97,-121.97,CA1
96093,40.77,-122.94,CA2
96094,41.51,-122.35,CA2
96096,40.64,-121.88,CA2
96097,41.76,-122.66,CA2
96101,41.46,-120.51,CA2
96103,39.78,-120.67,CA1
96104,41.46,-120.13,CA2
96105,39.69,-120.14,CA1
96106,39.74,-120.54,CA1
96107,38.41,-119.55,CA5
96108,41.79,-120.40,CA2
96109,39.99,-120.10,CA1
96110,41.24,-120.12,CA2
96111,39.41,-120.02,CA3
96112,41.89,-120.17,CA2
96113,40.19,-120.15,CA1
96114,40.29,-120.49,CA1
96115,41.69,-120.08,CA2
96116,41.26,-120.45,CA2
96117,40.53,-120.24,CA1
96118,39.64,-120.25,CA1
96119,41.04,-120.55,CA1
96120,38.73,-119.86,CA5
96121,40.16,-120.38,CA1
96122,39.82,-120.48,CA1
96123,40.85,-120.32,CA1
96124,39.64,-120.47,CA1
96125,39.61,-120.60,CA1
96126,39.55,-120.40,CA1
96128,40.35,-120.41,CA1
96129,39.84,-120.36,CA1
96130,40.55,-120.63,CA1
96132,40.90,-120.51,CA1
96133,38.62,-119.51,CA5
96134,41.84,-121.44,CA2
96135,39.81,-120.21,CA1
96136,40.35,-120.08,CA1
96137,40.51,-121.22,CA1
96140,39.23,-120.11,CA3
96141,39.10,-120.21,CA3
96142,39.00,-120.10,CA3
96143,39.25,-120.02,CA3
96145,39.18,-120.17,CA3
96146,39.22,-120.24,CA3
96148,39.25,-120.06,CA3
96150,38.86,-120.07,CA3
96155,38.76,-120.09,CA3
96161,39.35,-120.22,CA3
96701,21.41,-157.88,HI1
96703,22.14,-159.37,HI2
96704,19.29,-155.84,HI2
96705,21.89,-159.56,HI2
96706,21.34,-158.02,HI1
96707,21.36,-158.08,HI1:50|HI2:50
96708,20.88,-156.23,HI2
96710,19.84,-155.25,HI2
96712,21.65,-157.98,HI2
96713,20.73,-156.11,HI2
96714,22.13,-159.52,HI2
96716,21.92,-159.61,HI2
96717,21.56,-157.91,HI2
96719,20.24,-155.83,HI2
96720,19.66,-155.23,HI2
96722,22.18,-159.46,HI2
96725,19.58,-155.90,HI2
96726,19.42,-155.81,HI2
96727,20.10,-155.49,HI2
96728,19.86,-155.13,HI2
96729,21.18,-157.12,HI2
96730,21.54,-157.84,HI2
96731,21.67,-157.97,HI2
96732,20.88,-156.46,HI2
96734,21.39,-157.76,HI2
96737,19.11,-155.78,HI2
96738,19.87,-155.80,HI2
96740,19.77,-155.89,HI2
96741,21.96,-159.52,HI2
96742,21.18,-156.97,HI2
96743,20.03,-155.78,HI2
96744,21.45,-157.83,HI2
96746,22.09,-159.35,HI2
96747,21.92,-159.63,HI2
96748,21.13,-156.84,HI2
96749,19.62,-154.99,HI2
96750,19.53,-155.89,HI2
96751,22.11,-159.31,HI2
96752,22.12,-159.68,HI2
96753,20.73,-156.44,HI2
96754,22.19,-159.40,HI2
96755,20.19,-155.77,HI2
96756,21.90,-159.45,HI2
96757,21.15,-156.98,HI2
96759,21.46,-158.06,HI2
96760,19.55,-155.05,HI2
96761,20.92,-156.62,HI2
96762,21.62,-157.94,HI2
96763,20.83,-156.93,HI2
96764,20.00,-155.25,HI2
96765,21.93,-159.50,HI2
96766,22.01,-159.41,HI2
96768,20.83,-156.30,HI2
96769,21.96,-159.62,HI2
96770,21.13,-157.21,HI2
96771,19.53,-155.18,HI2
96772,19.07,-155.67,HI2
96773,19.90,-155.26,HI2
96774,19.97,-155.32,HI2
96776,20.00,-155.38,HI2
96777,19.23,-155.47,HI2
96778,19.43,-155.09,HI2
96779,20.91,-156.38,HI2
96780,19.97,-155.22,HI2
96781,19.81,-155.20,HI2
96782,21.45,-157.92,HI1
96783,19.84,-155.11,HI2
96785,19.48,-155.23,HI2
96786,21.54,-158.02,HI2
96789,21.48,-157.93,HI1
96790,20.71,-156.29,HI2
96791,21.56,-158.19,HI2
96792,21.47,-158.17,HI2
96793,20.90,-156.53,HI2
96795,21.34,-157.71,HI2
96796,21.96,-159.67,HI2
96797,21.41,-158.02,HI1:81|HI2:19
96813,21.32,-157.85,HI1
96814,21.29,-157.84,HI1
96815,21.27,-157.82,HI1
96816,21.29,-157.79,HI1
96817,21.36,-157.82,HI1
96818,21.34,-157.94,HI1
96819,21.35,-157.88,HI1
96820,21.34,-157.92,HI1
96821,21.31,-157.75,HI1
96822,21.32,-157.81,HI1
96825,21.29,-157.69,HI1
96826,21.29,-157.83,HI1
96848,21.30,-157.81,HI1
96850,21.30,-157.86,HI1
96853,21.34,-157.94,HI1
96857,21.49,-158.05,HI2
96858,21.34,-157.88,HI1
96859,21.36,-157.89,HI1
96860,21.36,-157.95,HI1
96863,21.44,-157.75,HI2
97001,44.99,-120.60,OR2
97002,45.24,-122.79,OR6:92|OR5:8
97003,45.50,-122.86,OR1
97004,45.25,-122.45,OR5
97005,45.49,-122.80,OR1:94|OR6:6
97006,45.53,-122.86,OR1
97007,45.44,-122.87,OR1:65|OR6:35
97008,45.46,-122.80,OR6:74|OR1:26
97009,45.42,-122.33,OR3
97011,45.39,-122.04,OR3
97013,45.22,-122.67,OR5
97014,45.64,-121.79,OR3
97015,45.42,-122.53,OR5:71|OR3:29
97016,46.05,-123.26,OR1
97017,45.17,-122.37,OR5
97018,45.90,-122.81,OR1
97019,45.48,-122.20,OR3
97020,45.22,-122.84,OR6
97021,45.39,-121.12,OR2
97022,45.35,-122.32,OR3
97023,45.20,-122.20,OR3:74|OR5:26
97024,45.54,-122.44,OR3
97026,45.10,-122.94,OR6:87|OR5:13
97027,45.39,-122.59,OR5
97028,45.29,-121.81,OR3
97029,45.30,-120.81,OR2
97030,45.51,-122.43,OR3
97031,45.61,-121.60,OR3
97032,45.18,-122.79,OR6:77|OR5:23
97033,45.20,-120.58,OR2
97034,45.41,-122.69,OR5
97035,45.41,-122.73,OR5:68|OR6:32
97037,45.07,-121.03,OR2
97038,45.10,-122.56,OR5
97039,45.47,-120.62,OR2
97040,45.62,-121.39,OR2
97041,45.42,-121.60,OR3
97042,45.21,-122.54,OR5
97045,45.32,-122.54,OR5
97048,46.01,-122.97,OR1
97049,45.37,-121.87,OR3
97050,45.67,-120.78,OR2
97051,45.89,-122.92,OR1
97053,45.83,-122.88,OR1
97054,45.96,-122.93,OR1
97055,45.36,-122.16,OR3
97056,45.80,-122.97,OR1
97057,45.00,-120.75,OR2
97058,45.55,-121.15,OR2
97060,45.53,-122.37,OR3
97062,45.37,-122.76,OR6:96|OR5:4
97063,45.22,-121.30,OR2
97064,45.86,-123.24,OR1
97065,45.61,-120.64,OR2
97067,45.32,-121.99,OR3
97068,45.35,-122.67,OR5
97070,45.31,-122.77,OR6:97|OR5:3
97071,45.13,-122.83,OR6:91|OR5:9
97078,45.48,-122.89,OR1
97080,45.48,-122.39,OR3
97086,45.45,-122.53,OR5:54|OR3:46
97089,45.43,-122.44,OR3
97101,45.09,-123.23,OR6
97102,45.79,-123.94,OR1
97103,46.13,-123.70,OR1
97106,45.65,-123.14,OR1
97107,45.56,-123.89,OR1
97108,45.27,-123.68,OR1
97109,45.74,-123.19,OR1
97110,45.89,-123.95,OR1
97111,45.28,-123.20,OR6
97112,45.28,-123.88,OR1
97113,45.51,-123.04,OR1
97114,45.19,-123.08,OR6
97115,45.28,-123.03,OR6
97116,45.58,-123.17,OR1
97117,45.63,-123.34,OR1
97118,45.56,-123.92,OR1
97119,45.47,-123.22,OR1:80|OR6:20
97121,46.20,-123.98,OR1
97122,45.16,-123.83,OR1
97123,45.44,-122.98,OR1:98|OR6:2
97124,45.57,-122.95,OR1
97125,45.66,-123.22,OR1
97127,45.25,-123.11,OR6
97128,45.21,-123.28,OR6
97130,45.71,-123.94,OR1
97131,45.71,-123.82,OR1
97132,45.32,-122.99,OR6:99|OR1:1
97133,45.69,-123.01,OR1
97134,45.46,-123.97,OR1
97135,45.20,-123.96,OR1
97136,45.63,-123.92,OR1
97137,45.22,-122.95,OR6
97138,45.91,-123.71,OR1
97140,45.35,-122.87,OR6:92|OR1:8
97141,45.51,-123.74,OR1
97144,45.74,-123.30,OR1
97145,45.84,-123.95,OR1
97146,46.13,-123.91,OR1
97147,45.69,-123.89,OR1
97148,45.36,-123.26,OR6
97149,45.11,-123.94,OR1
97201,45.51,-122.69,OR1
97202,45.48,-122.64,OR3:73|OR5:17|OR1:10
97203,45.60,-122.74,OR3
97204,45.52,-122.67,OR1
97205,45.52,-122.70,OR1
97206,45.48,-122.60,OR3:65|OR5:35
97208,45.53,-122.68,OR1
97209,45.53,-122.68,OR1
97210,45.55,-122.74,OR1
97211,45.59,-122.64,OR3
97212,45.54,-122.64,OR3
97213,45.54,-122.60,OR3
97214,45.51,-122.64,OR1:82|OR3:18
97215,45.52,-122.60,OR3
97216,45.51,-122.56,OR3
97217,45.60,-122.70,OR3
97218,45.58,-122.60,OR3
97219,45.45,-122.70,OR1:52|OR5:47|OR6:1
97220,45.55,-122.56,OR3
97221,45.50,-122.73,OR1
97222,45.44,-122.62,OR5
97223,45.44,-122.78,OR6:95|OR1:5
97224,45.41,-122.80,OR6:97|OR1:3
97225,45.50,-122.77,OR1:85|OR6:15
97227,45.54,-122.68,OR3
97229,45.55,-122.81,OR1
97230,45.56,-122.51,OR3
97231,45.69,-122.82,OR1
97232,45.53,-122.64,OR1:51|OR3:49
97233,45.52,-122.50,OR3
97236,45.48,-122.51,OR3
97239,45.49,-122.69,OR1
97258,45.51,-122.68,OR1
97266,45.48,-122.56,OR3:84|OR5:16
97267,45.41,-122.61,OR5
97301,44.95,-123.01,OR6
97302,44.90,-123.06,OR6
97303,45.03,-123.02,OR6
97304,45.01,-123.11,OR6
97305,45.02,-122.93,OR6:91|OR5:9
97306,44.84,-123.09,OR6
97310,44.88,-122.97,OR6
97317,44.90,-122.91,OR6:79|OR5:21
97321,44.65,-123.14,OR5:62|OR4:38
97322,44.63,-123.02,OR5
97324,44.34,-123.63,OR4
97325,44.83,-122.85,OR6:70|OR5:30
97326,44.64,-123.67,OR4
97327,44.38,-122.95,OR5
97329,44.37,-122.29,OR5
97330,44.65,-123.26,OR4
97331,44.56,-123.28,OR4
97333,44.47,-123.29,OR4:99|OR5:1
97335,44.64,-122.88,OR5
97336,44.36,-122.85,OR5
97338,44.94,-123.34,OR6
97341,44.82,-124.04,OR4
97342,44.74,-121.88,OR5
97343,44.58,-123.75,OR4
97344,44.87,-123.47,OR6
97345,44.41,-122.58,OR5
97346,44.77,-122.38,OR5
97347,45.08,-123.66,OR6
97348,44.38,-123.12,OR5
97350,44.66,-121.99,OR5
97351,44.81,-123.13,OR6
97352,44.75,-123.03,OR6:98|OR5:2
97355,44.53,-122.82,OR5
97357,44.75,-123.83,OR4
97358,44.81,-122.40,OR5
97360,44.75,-122.48,OR5
97361,44.78,-123.33,OR6:99|OR4:1
97362,45.06,-122.76,OR5
97364,45.00,-123.99,OR4
97365,44.67,-124.03,OR4
97366,44.58,-124.05,OR4
97367,44.91,-123.97,OR4
97368,45.02,-123.90,OR4:99|OR1:1
97369,44.76,-124.06,OR4
97370,44.56,-123.45,OR4:99|OR6:1
97371,44.99,-123.19,OR6
97373,45.06,-122.78,OR5
97374,44.69,-122.77,OR5
97375,44.99,-122.60,OR5
97376,44.50,-123.98,OR4
97377,44.46,-123.10,OR5
97378,45.08,-123.42,OR6
97380,44.79,-123.93,OR4
97381,44.94,-122.72,OR5
97383,44.80,-122.72,OR5
97384,44.79,-122.62,OR5
97385,44.87,-122.72,OR5
97386,44.36,-122.73,OR5
97388,44.86,-124.01,OR4
97389,44.53,-123.09,OR5
97390,44.36,-123.86,OR4
97391,44.58,-123.88,OR4
97392,44.80,-122.93,OR6
97394,44.40,-124.02,OR4
97396,45.10,-123.55,OR6
97401,44.07,-123.08,OR4
97402,44.05,-123.23,OR4
97403,44.04,-123.05,OR4
97404,44.11,-123.13,OR4
97405,43.95,-123.16,OR4
97406,42.62,-124.02,OR4
97408,44.14,-123.06,OR4
97410,42.80,-123.12,OR2
97411,43.06,-124.35,OR4
97412,44.20,-123.55,OR4
97413,44.05,-121.95,OR4
97414,42.97,-124.16,OR4
97415,42.14,-124.13,OR4
97416,43.04,-123.70,OR4:69|OR2:31
97417,42.93,-123.23,OR2
97419,44.19,-123.41,OR4
97420,43.32,-124.11,OR4
97423,43.19,-124.17,OR4
97424,43.75,-123.05,OR4
97426,43.90,-123.03,OR4
97429,42.97,-123.05,OR2
97430,44.16,-123.71,OR4
97431,43.87,-122.84,OR4
97432,43.10,-123.43,OR4
97434,43.62,-122.70,OR4
97435,43.69,-123.33,OR4
97436,43.64,-123.60,OR4
97437,44.10,-123.39,OR4
97438,43.94,-122.68,OR4
97439,44.07,-124.03,OR4
97441,43.75,-124.17,OR4
97442,42.77,-123.42,OR2
97443,43.25,-123.00,OR4:72|OR2:28
97444,42.44,-124.33,OR4
97446,44.26,-123.05,OR5:99|OR4:1
97447,43.28,-122.50,OR4:57|OR2:43
97448,44.21,-123.28,OR4
97449,43.56,-124.04,OR4
97450,42.91,-124.37,OR4
97451,43.85,-123.31,OR4
97452,43.87,-122.75,OR4
97453,43.98,-123.85,OR4
97454,44.22,-122.82,OR4
97455,43.97,-122.92,OR4
97456,44.34,-123.36,OR4
97457,43.06,-123.23,OR2:99|OR4:1
97458,43.05,-124.01,OR4
97459,43.48,-124.18,OR4
97461,44.10,-123.51,OR4
97462,43.49,-123.42,OR4
97463,43.74,-122.39,OR4
97465,42.76,-124.34,OR4
97466,42.85,-124.09,OR4
97467,43.74,-123.91,OR4
97469,42.92,-123.41,OR2
97470,43.25,-123.24,OR4:93|OR2:7
97471,43.22,-123.49,OR4
97473,43.70,-123.93,OR4
97476,42.84,-124.40,OR4
97477,44.06,-123.01,OR4
97478,44.09,-122.84,OR4
97479,43.40,-123.20,OR4
97480,44.13,-123.83,OR4
97481,43.12,-123.57,OR4:80|OR2:20
97484,42.93,-122.85,OR2
97486,43.35,-123.53,OR4
97487,43.99,-123.39,OR4
97488,44.13,-122.42,OR4
97489,44.11,-122.61,OR4
97490,44.01,-123.61,OR4
97492,43.80,-122.51,OR4
97493,43.91,-124.02,OR4
97494,43.33,-123.33,OR4
97495,43.28,-123.32,OR4
97496,43.07,-123.47,OR4:83|OR2:17
97497,42.67,-123.43,OR2
97498,44.27,-124.01,OR4
97499,43.59,-123.24,OR4
97501,42.29,-122.90,OR2
97502,42.41,-122.95,OR2
97503,42.61,-122.93,OR2
97504,42.33,-122.80,OR2
97520,42.17,-122.51,OR2
97522,42.63,-122.43,OR2
97523,42.10,-123.64,OR2
97524,42.47,-122.65,OR2
97525,42.43,-123.06,OR2
97526,42.54,-123.34,OR2
97527,42.38,-123.39,OR2
97530,42.14,-123.11,OR2
97531,42.21,-123.64,OR2
97532,42.52,-123.66,OR2
97534,42.02,-123.70,OR2
97535,42.27,-122.81,OR2
97536,42.78,-122.49,OR2
97537,42.55,-123.15,OR2
97538,42.31,-123.67,OR2
97539,42.58,-122.79,OR2
97540,42.19,-122.82,OR2
97541,42.78,-122.75,OR2
97543,42.38,-123.56,OR2
97544,42.21,-123.30,OR2
97601,42.44,-122.07,OR2
97603,42.13,-121.66,OR2
97604,42.98,-122.21,OR2
97620,42.28,-119.90,OR2
97621,42.51,-121.29,OR2
97622,42.39,-121.01,OR2
97623,42.20,-121.31,OR2
97624,42.55,-121.86,OR2
97625,42.32,-121.58,OR2
97626,42.72,-122.01,OR2
97627,42.07,-122.07,OR2
97630,42.31,-120.39,OR2
97632,42.04,-121.41,OR2
97633,42.03,-121.56,OR2
97634,42.13,-121.80,OR2
97635,41.93,-120.29,CA2|OR2
97636,42.66,-120.58,OR2
97637,42.47,-119.96,OR2
97638,43.15,-121.02,OR2
97639,42.43,-121.49,OR2
97640,42.99,-120.54,OR2
97641,43.29,-120.53,OR2
97701,44.00,-121.05,OR5:89|OR2:11
97702,43.98,-121.21,OR5:93|OR2:7
97703,44.18,-121.38,OR5
97707,43.83,-121.49,OR2:56|OR5:44
97709,43.90,-121.86,OR5
97710,42.14,-118.54,OR2
97711,44.71,-120.67,OR2
97712,43.78,-120.41,OR2
97720,43.59,-118.90,OR2
97721,42.53,-118.45,OR2
97722,43.01,-118.73,OR2
97730,44.52,-121.65,OR2
97731,43.09,-121.86,OR2
97732,43.49,-118.32,OR2
97733,43.42,-121.93,OR2
97734,44.53,-121.34,OR2
97735,43.39,-120.99,OR2
97736,42.67,-118.90,OR2
97737,43.49,-121.79,OR2
97738,43.48,-119.16,OR2
97739,43.67,-121.49,OR2
97741,44.66,-121.04,OR2
97750,44.83,-120.29,OR2
97751,44.13,-119.78,OR2
97752,44.13,-120.20,OR2
97753,44.20,-120.99,OR2
97754,44.13,-120.52,OR2
97756,44.28,-121.19,OR5
97758,43.45,-119.77,OR2
97759,44.49,-121.78,OR5
97760,44.38,-121.25,OR2:59|OR5:41
97761,44.86,-121.29,OR2
97801,45.67,-118.82,OR2
97810,45.67,-118.40,OR2
97812,45.58,-120.25,OR2
97813,45.85,-118.53,OR2
97814,44.80,-117.78,OR2
97817,44.73,-118.61,OR2
97818,45.75,-119.78,OR2
97819,44.49,-117.76,OR2
97820,44.14,-119.19,OR2
97823,45.25,-120.20,OR2
97824,45.35,-117.76,OR2
97825,44.39,-119.50,OR2
97826,45.66,-119.23,OR2
97827,45.62,-117.86,OR2
97828,45.53,-117.15,OR2
97830,44.97,-120.18,OR2
97833,44.94,-118.08,OR2
97834,45.03,-117.23,OR2
97835,45.90,-118.77,OR2
97836,45.32,-119.47,OR2
97837,44.52,-118.06,OR2
97838,45.85,-119.29,OR2
97839,45.57,-119.61,OR2
97840,44.85,-116.96,OR2
97841,45.47,-117.94,OR2
97842,45.61,-116.80,OR2
97843,45.50,-119.88,OR2
97844,45.88,-119.55,OR2
97845,44.41,-118.90,OR2
97846,45.28,-117.11,OR2
97848,44.72,-119.58,OR2
97850,45.31,-118.16,OR2
97856,44.78,-119.12,OR2
97857,45.36,-117.52,OR2
97859,45.52,-118.43,OR2
97862,45.92,-118.32,OR2
97864,44.81,-119.47,OR2
97865,44.46,-119.18,OR2
97867,45.08,-117.99,OR2
97868,45.41,-118.85,OR2
97869,44.40,-118.63,OR2
97870,44.79,-117.19,OR2
97873,44.13,-119.00,OR2
97874,44.76,-119.85,OR2
97875,45.81,-119.15,OR2
97876,45.52,-118.03,OR2
97877,44.81,-118.40,OR2
97880,45.09,-118.88,OR2
97882,45.91,-119.36,OR2
97883,45.13,-117.65,OR2
97884,44.46,-118.22,OR2
97885,45.65,-117.51,OR2
97886,45.80,-118.27,OR2
97901,43.59,-117.10,OR2
97902,42.91,-117.49,OR2
97903,44.27,-117.60,OR2
97904,43.90,-118.49,OR2
97905,44.58,-117.47,OR2
97906,43.46,-117.81,OR2
97907,44.42,-117.35,OR2
97908,44.24,-117.93,OR2
97909,44.21,-117.38,OR2
97910,42.85,-117.51,ID1|OR2
97911,43.88,-118.06,OR2
97913,43.63,-117.28,ID1|OR2
97914,44.11,-117.08,OR2
97917,43.55,-118.12,OR2
97918,43.96,-117.39,OR2
97920,44.07,-117.75,OR2
98001,47.31,-122.26,WA9
98002,47.31,-122.22,WA9:79|WA8:21
98003,47.31,-122.31,WA9
98004,47.62,-122.21,WA1:83|WA9:17
98005,47.61,-122.17,WA9:55|WA1:45
98006,47.55,-122.15,WA9
98007,47.61,-122.14,WA1:53|WA9:47
98008,47.61,-122.11,WA1:61|WA9:39
98010,47.32,-122.00,WA8
98011,47.76,-122.20,WA1
98012,47.84,-122.20,WA1
98014,47.70,-121.85,WA8
98019,47.74,-121.93,WA8
98020,47.80,-122.37,WA2
98021,47.79,-122.21,WA1
98022,47.17,-121.68,WA8
98023,47.31,-122.36,WA9
98024,47.57,-121.90,WA8
98025,47.43,-121.95,WA8
98026,47.84,-122.33,WA2
98027,47.51,-121.99,WA8
98028,47.75,-122.25,WA1
98029,47.56,-122.01,WA8
98030,47.37,-122.20,WA9:79|WA8:21
98031,47.41,-122.19,WA9:94|WA8:6
98032,47.39,-122.26,WA9
98033,47.68,-122.19,WA1
98034,47.72,-122.21,WA1
98036,47.81,-122.28,WA1:59|WA2:41
98037,47.84,-122.28,WA2:74|WA1:26
98038,47.42,-121.96,WA8
98039,47.63,-122.24,WA1
98040,47.56,-122.23,WA9
98042,47.36,-122.12,WA8:99|WA9:1
98043,47.79,-122.30,WA1
98045,47.48,-121.68,WA8
98047,47.26,-122.25,WA9:99|WA10:1
98050,47.55,-121.94,WA8
98051,47.35,-121.88,WA8
98052,47.68,-122.12,WA1:97|WA8:3
98053,47.67,-122.02,WA8
98055,47.45,-122.20,WA9
98056,47.51,-122.19,WA9
98057,47.47,-122.22,WA9
98058,47.44,-122.13,WA9:64|WA8:36
98059,47.49,-122.13,WA9:71|WA8:29
98065,47.60,-121.78,WA8
98068,47.43,-121.37,WA8
98070,47.41,-122.47,WA7
98072,47.76,-122.13,WA1:76|WA8:24
98074,47.62,-122.04,WA8
98075,47.59,-122.04,WA8
98077,47.75,-122.06,WA8:93|WA1:7
98087,47.86,-122.27,WA2:67|WA1:33
98092,47.29,-122.12,WA8:70|WA10:19|WA9:10
98101,47.61,-122.34,WA7
98102,47.63,-122.32,WA7
98103,47.67,-122.33,WA7
98104,47.60,-122.33,WA7:51|WA9:49
98105,47.66,-122.28,WA7
98106,47.54,-122.35,WA7
98107,47.67,-122.38,WA7
98108,47.54,-122.31,WA9:76|WA7:24
98109,47.63,-122.35,WA7
98110,47.65,-122.53,WA6
98112,47.64,-122.29,WA7
98115,47.69,-122.28,WA7
98116,47.58,-122.40,WA7
98117,47.69,-122.39,WA7
98118,47.54,-122.27,WA9
98119,47.64,-122.37,WA7
98121,47.62,-122.35,WA7
98122,47.61,-122.30,WA7:60|WA9:40
98125,47.72,-122.30,WA7
98126,47.55,-122.37,WA7
98133,47.74,-122.34,WA7
98134,47.58,-122.34,WA7:77|WA9:23
98136,47.54,-122.39,WA7
98144,47.59,-122.29,WA9
98146,47.50,-122.36,WA7
98148,47.44,-122.33,WA7:79|WA9:21
98154,47.61,-122.33,WA7
98155,47.75,-122.30,WA7
98158,47.45,-122.31,WA9
98164,47.61,-122.33,WA7
98166,47.45,-122.35,WA7
98168,47.49,-122.30,WA7:57|WA9:43
98174,47.60,-122.34,WA7
98177,47.74,-122.37,WA7
98178,47.50,-122.25,WA9
98188,47.45,-122.27,WA9
98195,47.65,-122.31,WA7
98198,47.39,-122.31,WA9
98199,47.65,-122.41,WA7
98201,47.99,-122.19,WA2
98203,47.94,-122.23,WA2
98204,47.90,-122.26,WA2:69|WA1:31
98207,47.99,-122.22,WA2
98208,47.90,-122.19,WA1:63|WA2:37
98220,48.68,-122.20,WA2
98221,48.45,-122.59,WA2
98222,48.57,-122.82,WA2
98223,48.22,-121.95,WA1:50|WA8:41|WA2:9
98224,47.73,-121.56,WA8
98225,48.76,-122.51,WA2
98226,48.80,-122.43,WA2
98229,48.71,-122.40,WA2
98230,48.95,-122.71,WA2
98232,48.56,-122.41,WA2
98233,48.50,-122.35,WA2
98235,48.46,-122.23,WA2
98236,47.95,-122.41,WA2
98237,48.53,-121.71,WA2
98238,48.34,-122.34,WA2
98239,48.20,-122.65,WA2
98240,48.95,-122.62,WA2
98241,48.20,-121.14,WA8:86|WA2:14
98243,48.61,-123.01,WA2
98244,48.77,-121.91,WA2
98245,48.67,-122.91,WA2
98247,48.90,-122.31,WA2
98248,48.87,-122.62,WA2
98249,48.01,-122.54,WA2
98250,48.55,-123.09,WA2
98251,47.91,-121.61,WA8
98252,48.06,-121.71,WA8:98|WA1:2
98253,48.08,-122.57,WA2
98255,48.52,-121.99,WA2
98256,47.82,-121.41,WA8
98257,48.41,-122.51,WA2
98258,48.03,-122.08,WA1:99|WA8:1
98260,48.04,-122.45,WA2
98261,48.48,-122.88,WA2
98262,48.70,-122.68,WA2
98263,48.52,-122.06,WA2
98264,48.95,-122.46,WA2
98266,48.97,-122.03,WA2
98267,48.40,-121.28,WA2
98270,48.06,-122.15,WA1
98271,48.09,-122.24,WA1:61|WA2:39
98272,47.86,-121.89,WA1:69|WA8:31
98273,48.40,-122.38,WA2
98274,48.35,-122.15,WA2
98275,47.91,-122.30,WA2
98276,48.93,-122.32,WA2
98277,48.32,-122.63,WA2
98278,48.34,-122.67,WA2
98279,48.64,-122.82,WA2
98280,48.60,-122.88,WA2
98281,48.98,-123.06,WA2
98282,48.21,-122.49,WA2
98283,48.80,-121.30,WA2
98284,48.55,-122.14,WA2
98286,48.57,-122.96,WA2
98288,47.62,-121.33,WA8
98290,47.94,-121.99,WA1:88|WA8:12
98292,48.23,-122.31,WA2:96|WA8:4
98294,47.84,-121.77,WA8
98295,48.98,-122.20,WA2
98296,47.84,-122.10,WA1
98297,48.70,-123.03,WA2
98303,47.15,-122.68,WA10
98304,46.88,-121.74,WA8:76|WA3:24
98305,48.02,-124.24,WA6
98310,47.59,-122.62,WA6
98311,47.63,-122.64,WA6
98312,47.57,-122.76,WA6
98314,47.56,-122.64,WA6
98315,47.72,-122.72,WA6
98320,47.70,-123.06,WA6
98321,47.15,-122.07,WA8
98323,46.98,-121.99,WA8
98325,47.97,-122.76,WA6
98326,48.16,-124.50,WA6
98327,47.11,-122.66,WA10
98328,46.86,-122.16,WA8
98329,47.36,-122.74,WA6
98330,46.76,-122.15,WA8
98331,47.75,-124.18,WA6
98332,47.37,-122.60,WA6
98333,47.25,-122.64,WA6
98335,47.30,-122.62,WA6
98336,46.60,-122.08,WA3
98337,47.56,-122.64,WA6
98338,47.03,-122.28,WA8
98339,48.03,-122.75,WA6
98340,47.91,-122.57,WA6
98342,47.76,-122.51,WA6
98345,47.70,-122.62,WA6
98346,47.83,-122.53,WA6
98349,47.27,-122.75,WA6
98350,47.91,-124.62,WA6
98351,47.20,-122.77,WA6
98353,47.54,-122.49,WA6
98354,47.25,-122.32,WA6:81|WA9:19
98355,46.70,-122.04,WA3
98356,46.58,-122.27,WA3
98357,48.33,-124.64,WA6
98358,48.04,-122.69,WA6
98359,47.43,-122.57,WA6
98360,47.05,-122.15,WA8
98361,46.54,-121.50,WA3
98362,48.03,-123.33,WA6
98363,48.00,-123.82,WA6
98364,47.85,-122.59,WA6
98365,47.88,-122.70,WA6
98366,47.54,-122.58,WA6
98367,47.46,-122.67,WA6
98368,48.04,-122.83,WA6
98370,47.75,-122.63,WA6
98371,47.20,-122.32,WA10
98372,47.21,-122.26,WA10:95|WA8:5
98373,47.15,-122.32,WA10
98374,47.13,-122.26,WA10:89|WA8:11
98375,47.10,-122.33,WA10
98376,47.85,-122.85,WA6
98377,46.51,-121.82,WA3
98380,47.60,-122.88,WA6
98381,48.29,-124.46,WA6
98382,48.02,-123.11,WA6
98383,47.66,-122.72,WA6
98385,47.14,-122.10,WA8
98387,47.06,-122.39,WA10:68|WA8:32
98388,47.21,-122.68,WA10
98390,47.21,-122.23,WA10:91|WA8:9
98391,47.18,-122.17,WA8:99|WA10:1
98392,47.73,-122.57,WA6
98394,47.32,-122.79,WA6
98396,47.11,-122.00,WA8
98402,47.25,-122.44,WA6
98403,47.27,-122.46,WA6
98404,47.21,-122.41,WA10
98405,47.25,-122.47,WA6
98406,47.26,-122.51,WA6
98407,47.29,-122.52,WA6
98408,47.20,-122.45,WA10:80|WA6:20
98409,47.21,-122.47,WA6:99|WA10:1
98416,47.26,-122.48,WA6
98418,47.22,-122.45,WA10:58|WA6:42
98421,47.26,-122.40,WA6:97|WA10:3
98422,47.29,-122.39,WA6
98424,47.24,-122.35,WA6
98430,47.12,-122.57,WA10
98433,47.09,-122.61,WA10
98438,47.14,-122.49,WA10
98439,47.13,-122.50,WA10
98443,47.21,-122.37,WA10
98444,47.15,-122.45,WA10
98445,47.14,-122.40,WA10
98446,47.13,-122.38,WA10
98447,47.15,-122.44,WA10
98465,47.25,-122.54,WA6
98466,47.23,-122.54,WA10:91|WA6:9
98467,47.20,-122.57,WA10:94|WA6:6
98498,47.16,-122.56,WA10
98499,47.17,-122.51,WA10
98501,46.98,-122.88,WA10
98502,47.08,-123.02,WA10
98503,47.02,-122.79,WA10
98505,47.07,-122.97,WA10
98506,47.11,-122.87,WA10
98512,46.95,-123.05,WA10
98513,46.99,-122.73,WA10
98516,47.10,-122.79,WA10
98520,46.99,-123.83,WA6
98524,47.37,-122.84,WA6
98526,47.47,-124.00,WA6
98527,46.60,-123.91,WA3
98528,47.45,-122.90,WA6
98530,46.81,-122.88,WA3
98531,46.74,-122.90,WA3
98532,46.63,-123.05,WA3
98533,46.66,-122.40,WA3
98535,47.09,-124.11,WA6
98536,47.19,-124.10,WA6
98537,46.81,-123.61,WA6:94|WA3:6
98538,46.48,-123.15,WA3
98539,46.64,-123.27,WA3
98541,47.06,-123.39,WA6
98542,46.53,-122.73,WA3
98544,46.74,-123.03,WA3
98546,47.32,-122.91,WA6
98547,46.78,-124.04,WA6:58|WA3:42
98548,47.54,-123.17,WA6
98550,47.11,-123.92,WA6
98552,47.32,-123.95,WA6
98555,47.53,-123.06,WA6
98556,46.89,-123.14,WA10
98557,47.04,-123.27,WA6
98558,46.94,-122.56,WA8
98559,46.96,-123.33,WA6
98560,47.31,-123.42,WA6
98562,47.24,-124.20,WA6
98563,47.21,-123.61,WA6
98564,46.45,-122.42,WA3
98565,46.58,-122.91,WA3
98566,47.38,-123.96,WA6
98568,46.86,-123.30,WA6:97|WA3:3
98569,46.99,-124.14,WA6
98570,46.63,-122.65,WA3
98571,47.20,-124.20,WA6
98572,46.54,-123.33,WA3
98575,47.45,-123.80,WA6
98576,46.85,-122.65,WA3:84|WA10:16
98577,46.64,-123.61,WA3
98579,46.79,-123.13,WA3:79|WA10:21
98580,46.99,-122.51,WA8:90|WA10:10
98581,46.36,-123.07,WA3
98582,46.52,-122.63,WA3
98583,47.00,-123.49,WA6
98584,47.24,-123.15,WA6
98585,46.57,-122.44,WA3
98586,46.54,-123.84,WA3
98587,47.32,-124.15,WA6
98588,47.45,-123.03,WA6
98589,46.83,-122.80,WA10:53|WA3:47
98590,46.70,-123.99,WA3
98591,46.44,-122.75,WA3
98592,47.33,-123.08,WA6
98593,46.40,-123.00,WA3
98595,46.90,-124.11,WA6
98596,46.49,-122.95,WA3
98597,46.84,-122.49,WA10:56|WA3:44
98601,45.94,-122.44,WA3
98602,45.87,-121.28,WA4
98603,46.06,-122.41,WA3
98604,45.81,-122.51,WA3
98605,45.78,-121.66,WA4:65|WA3:35
98606,45.73,-122.46,WA3
98607,45.64,-122.38,WA3
98609,46.07,-122.87,WA3
98610,45.78,-122.02,WA3
98611,46.31,-122.90,WA3
98612,46.25,-123.29,WA3
98613,45.75,-120.97,WA4
98614,46.28,-123.92,WA3
98616,46.07,-122.15,WA3
98617,45.64,-121.13,WA4
98619,45.97,-121.27,WA4
98620,45.87,-120.78,WA4
98621,46.40,-123.54,WA3
98623,45.80,-121.49,WA4
98624,46.34,-123.96,WA3
98625,46.11,-122.57,WA3
98626,46.17,-122.77,WA3
98628,45.85,-121.07,WA4
98629,45.87,-122.62,WA3
98631,46.39,-124.02,WA3
98632,46.20,-123.06,WA3
98635,45.75,-121.19,WA4
98638,46.39,-123.76,WA3
98639,45.63,-121.98,WA3
98640,46.63,-124.04,WA3
98641,46.56,-124.04,WA3
98642,45.80,-122.70,WA3
98643,46.29,-123.62,WA3
98644,46.32,-124.05,WA3
98645,46.33,-122.75,WA3
98647,46.31,-123.40,WA3
98648,45.71,-121.95,WA3
98649,46.32,-122.53,WA3
98650,45.95,-121.53,WA4
98651,45.74,-121.57,WA3
98660,45.67,-122.73,WA3
98661,45.64,-122.63,WA3
98662,45.69,-122.58,WA3
98663,45.65,-122.66,WA3
98664,45.62,-122.58,WA3
98665,45.68,-122.65,WA3
98670,45.86,-121.15,WA4
98671,45.61,-122.28,WA3
98672,45.82,-121.47,WA4:98|WA3:2
98673,45.68,-120.95,WA4
98674,45.95,-122.67,WA3
98675,45.87,-122.32,WA3
98682,45.67,-122.48,WA3
98683,45.60,-122.51,WA3
98684,45.63,-122.51,WA3
98685,45.72,-122.69,WA3
98686,45.72,-122.62,WA3
98801,47.43,-120.35,WA8
98802,47.49,-120.16,WA4:98|WA8:2
98811,47.73,-120.37,WA8
98812,48.13,-119.81,WA4
98813,48.01,-119.62,WA4
98814,48.20,-120.29,WA4
98815,47.53,-120.48,WA8
98816,48.06,-120.33,WA8:99|WA4:1
98817,47.79,-119.99,WA8
98819,48.58,-119.83,WA4
98821,47.55,-120.56,WA8
98822,47.99,-120.61,WA8
98823,47.34,-119.64,WA4
98824,47.07,-119.87,WA4
98826,47.78,-120.84,WA8
98827,48.86,-119.75,WA4
98828,47.31,-120.18,WA8
98829,48.30,-119.81,WA4
98830,47.88,-119.53,WA4
98831,47.94,-120.14,WA8
98832,47.33,-119.03,WA4:94|WA5:6
98833,48.77,-120.51,WA4
98834,48.12,-120.07,WA4
98836,47.47,-120.44,WA8
98837,47.15,-119.32,WA4
98840,48.29,-119.51,WA4
98841,48.38,-119.29,WA4
98843,47.74,-120.09,WA4
98844,48.93,-119.23,WA4
98845,47.44,-119.94,WA4
98846,48.01,-119.97,WA4:99|WA8:1
98847,47.42,-120.62,WA8
98848,47.17,-119.84,WA4
98849,48.54,-119.41,WA4
98850,47.41,-120.04,WA4
98851,47.41,-119.43,WA4
98852,48.37,-120.67,WA8
98853,47.47,-119.28,WA4
98855,48.67,-119.25,WA4
98856,48.34,-120.26,WA4
98857,46.99,-119.02,WA4:92|WA5:8
98858,47.68,-119.89,WA4
98859,48.80,-118.96,WA4
98860,47.46,-119.12,WA4
98862,48.60,-120.22,WA4
98901,46.67,-120.34,WA4
98902,46.60,-120.54,WA4
98903,46.53,-120.94,WA4
98908,46.64,-120.78,WA4
98921,46.43,-120.32,WA4
98922,47.23,-120.87,WA8
98923,46.67,-120.72,WA4
98925,47.28,-121.28,WA8
98926,46.99,-120.35,WA8
98930,46.27,-119.89,WA4
98932,46.33,-120.16,WA4
98933,46.40,-120.64,WA4
98934,46.98,-120.42,WA8
98935,46.13,-120.07,WA4
98936,46.53,-120.18,WA4
98937,46.79,-121.23,WA4
98938,46.39,-120.10,WA4
98939,46.50,-120.47,WA4
98940,47.36,-121.04,WA8
98941,47.22,-121.00,WA8
98942,46.80,-120.66,WA4
98943,47.18,-120.97,WA8
98944,46.51,-119.67,WA4
98946,47.07,-120.76,WA8
98947,46.69,-120.81,WA4
98948,46.24,-120.37,WA4
98950,46.82,-119.97,WA8
98951,46.46,-120.51,WA4
98952,46.35,-120.82,WA4
98953,46.44,-120.23,WA4
99001,47.64,-117.59,WA5
99003,47.92,-117.27,WA5
99004,47.42,-117.60,WA5
99005,47.84,-117.36,WA5
99006,47.95,-117.51,WA5
99008,47.50,-117.93,WA5
99009,48.03,-117.25,WA5
99011,47.62,-117.65,WA5
99012,47.38,-117.19,WA5
99013,47.88,-117.84,WA5
99014,47.56,-117.60,WA5
99016,47.60,-117.12,WA5
99017,47.18,-117.89,WA5
99018,47.29,-117.15,WA5
99019,47.64,-117.07,WA5
99020,47.56,-117.50,WA5
99021,47.85,-117.19,WA5
99022,47.60,-117.71,WA5
99023,47.56,-117.14,WA5
99025,47.79,-117.08,WA5
99026,47.80,-117.63,WA5
99027,47.71,-117.13,WA5
99029,47.71,-117.83,WA5
99030,47.48,-117.11,WA5
99031,47.41,-117.33,WA5
99032,47.33,-118.03,WA5
99033,47.23,-117.10,ID1|WA5
99034,47.89,-117.76,WA5
99036,47.52,-117.27,WA5
99037,47.64,-117.20,WA5
99039,47.34,-117.23,WA5
99040,47.90,-118.00,WA5
99101,48.32,-117.94,WA5
99102,46.79,-117.25,WA5
99103,47.74,-118.92,WA5:93|WA4:7
99105,46.96,-118.07,WA5
99109,48.29,-117.70,WA5
99110,48.01,-117.58,WA5
99111,46.86,-117.45,WA5
99113,46.58,-117.20,WA5
99114,48.66,-117.74,WA5
99115,47.67,-119.38,WA4
99116,48.01,-118.94,WA4
99117,47.65,-118.57,WA5
99118,48.90,-118.64,WA5
99119,48.51,-117.31,WA5
99121,48.93,-118.47,WA5
99122,47.69,-118.21,WA5
99123,47.89,-119.05,WA4
99124,48.00,-118.95,WA4
99125,46.96,-117.75,WA5
99126,48.73,-117.97,WA5
99128,47.10,-117.08,ID1|WA5
99129,48.01,-118.16,WA5
99130,47.00,-117.19,WA5
99131,48.30,-118.09,WA5
99133,48.01,-119.14,WA4:81|WA5:19
99134,47.45,-118.30,WA5
99135,47.66,-119.09,WA4
99136,46.67,-117.95,WA5
99137,48.15,-118.12,WA5
99138,48.23,-118.39,WA5
99139,48.72,-117.25,WA5
99140,48.11,-118.65,WA5
99141,48.72,-118.17,WA5
99143,46.77,-117.85,WA5
99144,47.37,-118.49,WA5
99146,48.96,-118.30,WA5
99147,47.87,-118.46,WA5
99148,48.11,-117.57,WA5
99149,47.22,-117.47,WA5
99150,48.81,-118.61,WA5
99151,48.66,-118.06,WA5
99152,48.84,-117.40,WA5
99153,48.91,-117.17,WA5
99154,47.39,-118.36,WA5
99155,48.31,-119.01,WA4
99156,48.16,-117.19,WA5
99157,48.92,-117.80,WA5
99158,47.13,-117.24,WA5
99159,47.33,-118.77,WA5
99160,48.87,-118.30,WA5
99161,46.90,-117.15,WA5
99163,46.73,-117.22,WA5
99166,48.61,-118.67,WA5:98|WA4:2
99167,48.41,-118.13,WA5
99169,47.12,-118.38,WA5
99170,47.25,-117.40,WA5
99171,47.10,-117.65,WA5
99173,48.04,-117.86,WA5
99174,47.01,-117.36,WA5
99176,47.09,-117.41,WA5
99179,46.49,-117.13,WA5
99180,48.31,-117.31,WA5
99181,48.14,-117.77,WA5
99185,47.73,-118.71,WA5
99201,47.66,-117.44,WA5
99202,47.66,-117.38,WA5
99203,47.63,-117.40,WA5
99204,47.65,-117.43,WA5
99205,47.70,-117.44,WA5
99206,47.63,-117.25,WA5
99207,47.69,-117.39,WA5
99208,47.79,-117.45,WA5
99212,47.67,-117.31,WA5
99216,47.69,-117.22,WA5
99217,47.74,-117.26,WA5
99218,47.76,-117.41,WA5
99223,47.60,-117.32,WA5
99224,47.65,-117.53,WA5
99251,47.75,-117.42,WA5
99258,47.67,-117.40,WA5
99301,46.38,-118.95,WA4:98|WA5:2
99320,46.32,-119.51,WA4
99321,46.86,-119.89,WA4
99322,45.95,-120.16,WA4
99323,46.18,-118.88,WA5
99324,46.04,-118.39,WA5
99326,46.67,-118.84,WA5
99328,46.28,-117.84,WA5
99329,46.14,-118.15,WA5
99330,46.49,-119.03,WA5
99333,46.70,-118.14,WA5
99335,46.65,-118.44,WA5
99336,46.21,-119.18,WA4
99337,46.05,-119.10,WA4
99338,46.17,-119.27,WA4
99341,46.91,-118.64,WA5
99343,46.60,-119.16,WA5
99344,46.82,-119.17,WA4:92|WA5:8
99345,45.93,-119.66,WA4
99346,46.03,-119.30,WA4
99347,46.42,-117.57,WA5
99348,46.40,-118.44,WA5
99349,46.73,-119.70,WA4
99350,46.14,-119.74,WA4
99352,46.25,-119.29,WA4
99353,46.31,-119.39,WA4
99354,46.33,-119.30,WA4
99356,45.83,-120.36,WA4
99357,46.89,-119.66,WA4
99359,46.51,-118.16,WA5
99360,46.09,-118.67,WA5
99361,46.24,-118.14,WA5
99362,46.10,-118.31,OR2|WA5
99363,46.05,-118.89,WA5
99371,46.79,-118.33,WA5
99401,46.09,-117.25,WA5
99402,46.22,-117.35,WA5
99403,46.38,-117.29,WA5
99501,61.22,-149.86,AK0
99502,61.16,-150.00,AK0
99503,62.04,-158.17,AK0
99504,61.19,-149.61,AK0
99505,61.28,-149.65,AK0
99506,61.27,-149.81,AK0
99507,61.12,-149.62,AK0
99508,61.20,-149.82,AK0
99513,61.21,-149.89,AK0
99515,61.12,-149.89,AK0
99516,61.08,-149.71,AK0
99517,61.19,-149.94,AK0
99518,61.16,-149.88,AK0
99519,69.97,-150.03,AK0
99530,61.18,-149.98,AK0
99540,61.03,-149.28,AK0
99546,51.87,-176.63,AK0
99547,52.21,-174.21,AK0
99548,56.27,-158.79,AK0
99549,56.97,-158.60,AK0
99550,57.87,-152.86,AK0
99551,60.92,-161.40,AK0
99552,60.91,-161.22,AK0
99553,54.15,-165.85,AK0
99554,62.71,-164.64,AK0
99555,59.29,-158.66,AK0
99556,59.84,-151.59,AK0
99557,61.47,-155.21,AK0
99558,62.63,-160.22,AK0
99559,60.76,-161.87,AK0
99561,60.15,-164.26,AK0
99563,61.55,-165.35,AK0
99564,56.30,-158.39,AK0
99565,56.30,-158.50,AK0
99566,61.27,-142.61,AK0
99567,61.30,-149.02,AK0
99568,60.27,-150.61,AK0
99569,58.81,-158.53,AK0
99571,55.27,-162.81,AK0
99572,60.53,-149.95,AK0
99573,61.55,-145.72,AK0
99574,61.12,-147.61,AK0
99575,61.80,-158.08,AK0
99576,59.36,-158.82,AK0
99577,61.17,-149.28,AK0
99578,60.22,-162.04,AK0
99579,58.23,-157.43,AK0
99580,59.35,-157.49,AK0
99581,62.82,-164.71,AK0
99583,54.90,-163.42,AK0
99585,61.87,-162.06,AK0
99586,62.69,-144.24,AK0
99587,60.97,-148.89,AK0
99588,62.68,-146.80,AK0
99589,59.24,-161.58,AK0
99590,62.90,-160.11,AK0
99591,56.58,-169.61,AK0
99602,62.19,-159.85,AK0
99603,59.54,-151.19,AK0
99604,61.51,-166.11,AK0
99605,60.87,-149.47,AK0
99606,59.74,-154.90,AK0
99607,61.54,-160.35,AK0
99608,57.59,-154.36,AK0
99609,60.86,-162.54,AK0
99610,60.28,-151.27,AK0
99611,60.83,-150.72,AK0
99612,55.08,-162.32,AK0
99613,59.07,-155.38,AK0
99614,59.94,-164.06,AK0
99615,57.68,-153.38,AK0
99620,63.03,-163.54,AK0
99621,60.79,-161.43,AK0
99622,59.88,-163.18,AK0
99623,61.44,-149.94,AK0
99624,57.49,-153.85,AK0
99625,59.07,-156.90,AK0
99626,61.52,-160.35,AK0
99627,63.55,-154.58,AK0
99628,58.70,-158.89,AK0
99630,60.37,-166.28,AK0
99631,60.58,-149.71,AK0
99632,62.12,-163.66,AK0
99633,58.79,-156.88,AK0
99634,60.69,-162.02,AK0
99635,61.07,-153.00,AK0
99636,59.49,-157.29,AK0
99637,60.53,-165.11,AK0
99638,53.00,-168.73,AK0
99639,60.00,-151.32,AK0
99640,60.71,-155.60,AK0
99641,60.88,-162.46,AK0
99643,57.22,-153.33,AK0
99644,57.91,-152.38,AK0
99645,61.62,-148.98,AK0
99647,59.88,-154.07,AK0
99648,55.93,-159.16,AK0
99649,57.51,-157.29,AK0
99650,61.95,-162.88,AK0
99651,58.97,-161.76,AK0
99652,61.52,-149.97,AK0
99653,60.16,-154.34,AK0
99654,61.61,-149.42,AK0
99655,59.74,-161.89,AK0
99656,61.87,-157.36,AK0
99657,61.79,-161.51,AK0
99658,62.09,-163.25,AK0
99659,63.46,-162.13,AK0
99660,57.18,-170.28,AK0
99661,55.27,-160.68,AK0
99662,61.84,-165.58,AK0
99663,59.39,-151.56,AK0
99664,60.13,-149.50,AK0
99665,62.69,-159.56,AK0
99666,62.44,-165.15,AK0
99667,61.70,-152.14,AK0
99668,61.65,-157.10,AK0
99669,60.37,-151.00,AK0
99670,58.66,-156.98,AK0
99671,63.48,-162.26,AK0
99672,60.57,-150.76,AK0
99674,61.59,-148.06,AK0
99675,62.99,-156.03,AK0
99676,62.57,-149.61,AK0
99677,60.89,-146.67,AK0
99678,59.24,-160.49,AK0
99679,61.10,-160.94,AK0
99680,60.35,-162.66,AK0
99681,60.60,-165.14,AK0
99682,61.19,-151.19,AK0
99683,62.41,-150.40,AK0
99684,64.25,-160.36,AK0
99685,53.87,-166.48,AK0
99686,61.05,-146.18,AK0
99688,61.89,-149.62,AK0
99689,59.48,-139.42,AK0
99690,60.46,-164.83,AK0
99691,62.73,-153.58,AK0
99692,53.88,-166.54,AK0
99693,60.85,-148.03,AK0
99694,61.62,-149.83,AK0
99695,55.92,-159.50,AK0
99701,67.38,-149.73,AK0
99702,64.65,-147.05,AK0
99703,64.84,-147.61,AK0
99704,64.29,-149.20,AK0
99705,64.77,-147.27,AK0
99706,64.01,-144.68,AK0
99707,65.16,-146.25,AK0
99709,64.88,-148.15,AK0
99712,65.06,-145.93,AK0
99714,64.38,-146.53,AK0
99720,66.56,-152.77,AK0
99721,68.15,-151.70,AK0
99722,68.17,-145.40,AK0
99723,71.26,-156.75,AK0
99724,66.32,-146.80,AK0
99725,64.86,-148.02,AK0
99726,66.76,-151.41,AK0
99727,65.98,-161.14,AK0
99729,63.24,-147.98,AK0
99730,65.65,-145.61,AK0
99732,64.09,-141.98,AK0
99733,65.79,-144.20,AK0
99734,70.42,-149.30,AK0
99736,66.07,-162.76,AK0
99737,63.44,-145.30,AK0
99738,65.15,-142.65,AK0
99739,64.87,-162.72,AK0
99740,67.72,-144.83,AK0
99741,64.74,-156.88,AK0
99742,63.75,-171.69,AK0
99743,63.93,-149.99,AK0
99744,64.33,-149.05,AK0
99745,66.05,-154.23,AK0
99746,65.70,-156.34,AK0
99747,70.12,-143.68,AK0
99748,64.31,-158.78,AK0
99749,66.98,-160.43,AK0
99750,67.72,-164.50,AK0
99751,66.92,-156.90,AK0
99752,67.25,-161.04,AK0
99753,64.94,-161.15,AK0
99754,64.90,-157.69,AK0
99755,63.75,-149.21,AK0
99756,64.70,-151.21,AK0
99757,63.79,-152.46,AK0
99758,65.15,-149.37,AK0
99759,69.74,-162.84,AK0
99760,64.38,-149.15,AK0
99761,67.61,-162.98,AK0
99762,64.74,-164.66,AK0
99763,66.83,-161.03,AK0
99764,62.70,-141.83,AK0
99765,64.73,-158.13,AK0
99766,68.28,-165.96,AK0
99767,65.49,-150.16,AK0
99768,65.70,-152.78,AK0
99769,63.68,-170.48,AK0
99770,66.61,-160.09,AK0
99771,64.36,-161.20,AK0
99772,65.84,-165.90,AK0
99773,66.89,-157.17,AK0
99774,66.02,-149.08,AK0
99775,64.86,-147.83,AK0
99776,63.33,-143.49,AK0
99777,65.18,-152.06,AK0
99778,65.25,-166.35,AK0
99780,63.67,-141.55,AK0
99781,67.38,-145.99,AK0
99782,70.65,-159.96,AK0
99783,65.61,-168.07,AK0
99784,64.68,-163.41,AK0
99785,65.34,-166.51,AK0
99786,67.08,-157.91,AK0
99788,66.65,-143.79,AK0
99789,70.21,-151.02,AK0
99790,65.46,-148.11,AK0
99791,70.48,-157.32,AK0
99801,58.37,-134.18,AK0
99820,57.42,-134.28,AK0
99824,58.27,-134.40,AK0
99825,58.10,-136.29,AK0
99826,58.41,-135.81,AK0
99827,58.82,-136.21,AK0
99829,58.02,-135.30,AK0
99830,56.77,-134.09,AK0
99832,57.97,-136.08,AK0
99833,56.78,-133.13,AK0
99835,56.96,-135.04,AK0
99836,56.24,-134.65,AK0
99840,59.65,-135.25,AK0
99841,57.95,-135.47,AK0
99850,58.49,-135.48,AK0
99901,55.70,-131.33,AK0
99903,55.73,-132.10,AK0
99918,55.92,-132.70,AK0
99919,55.66,-132.53,AK0
99921,55.52,-132.70,AK0
99922,55.31,-133.05,AK0
99923,56.00,-130.04,AK0
99925,55.55,-132.95,AK0
99926,55.14,-131.47,AK0
99927,56.33,-133.61,AK0
99929,56.22,-131.92,AK0
