race_id,office,state_po,district,special,race_type,incumbent,incumbent_party,inc_side,dem_candidate,rep_candidate,race_note,pres24,quality_diff,prior_edge,money_log_ratio,money_adj,quality_adj,challenger_adj,chal_rec,ideology_gap,ideology_adj,poll_count,poll_avg,poll_undecided,poll_weight,fundamentals_mean,margin_median,margin_p10,margin_p90,p_dem,p_fund,p_poll
governor-ak,GOV,AK,0,False,rcv_bloc,Mike Dunleavy,R,0,Jonathan Kreiss-Tomkins,Dave Bronson; Treg Taylor; Bernadette Wilson,,-13.69312508474994,-1.0,,,0.0,-2.198256183923395,0.0,0.0,0.0,0.0,5.0,5.341526090712566,0.034424137586970036,0.7259030916886428,-7.639265407407777,1.8003109535342152,-3.9651199392486722,7.723446221577391,0.6615,0.1898549688571825,0.8329305307376454
governor-al,GOV,AL,0,False,standard,Kay Ivey,R,0,Doug Jones,Tommy Tuberville,,-30.88122385938789,0.0,,,0.0,0.0,0.0,13.586294974684805,0.0,0.0,3.0,-10.61647636803252,0.12856294835408205,0.4431349751557551,-22.972183173837223,-17.418816131676106,-25.24293250647164,-9.539708051050054,0.0093,0.0040876698336275484,0.13706524213960036
governor-ar,GOV,AR,0,False,standard,Sarah Huckabee Sanders,R,-1,Fredrick Love,Sarah Huckabee Sanders,,-31.33998647229675,-2.0,-7.430304736258474,,0.0,-0.07959028908373207,0.0,0.0,0.0,0.0,1.0,-7.730630682205534,0.15,0.6300878005464579,-24.722758686744786,-14.055892268947684,-23.18473776521037,-4.681440972429023,0.03825,0.030447486689102198,0.2239703301501859
governor-az,GOV,AZ,0,False,standard,Katie Hobbs,D,1,Katie Hobbs,Andy Biggs,,-5.588317921733368,1.0,7.601347123459197,,0.0,0.31508971421308835,0.0,0.0,0.0,0.0,23.0,5.530351450617077,0.11337352997172816,0.8494434010828739,17.902970459871284,7.449546464564044,1.0465258703750087,13.900112655665831,0.93005,0.9125043763027428,0.8300403174962688
governor-ca,GOV,CA,0,False,standard,Gavin Newsom,D,0,Xavier Becerra,Steve Hilton,,20.80028514359668,2.0,,,0.0,0.017262005269489,0.0,0.0,0.0,0.0,10.0,15.80164788713413,0.11224772367322777,0.7157854678445135,28.781355555779893,19.545604052924347,13.663347089068267,25.43066819343089,0.99905,0.9995419714918738,0.9973399246697876
governor-co,GOV,CO,0,False,standard,Jared Polis,D,0,Phil Weiser,Victor Marx,,11.293083462132921,2.0,,,0.0,0.38911182470780203,0.0,0.0,0.0,0.0,,,,0.0,19.850905028075474,19.83543890014716,10.11507261084558,29.79419865484476,0.98525,0.9888216621446004,
governor-ct,GOV,CT,0,False,standard,Ned Lamont,D,1,Ned Lamont,Ryan Fazio,,14.756464972518335,2.0,-0.0579333049323143,,0.0,0.007536845723680456,0.0,0.0,0.0,0.0,7.0,14.437975434186804,0.10115866839901562,0.8410779202538847,30.77613234018354,17.08391236811527,10.522718407967778,23.55517577611864,0.99595,0.9901751142381934,0.9921629000150523
governor-fl,GOV,FL,0,False,standard,Ron DeSantis,R,0,David Jolly,Byron Donalds,,-13.22213886698459,0.0,,,0.0,0.0,0.0,0.0,0.0,0.0,27.0,-3.9711070749828816,0.08677993706787973,0.7445901242772152,-4.965315897582352,-4.186736104290339,-9.94936795352849,1.523196995574814,0.17475,0.2840233486129862,0.22728855556829694
governor-ga,GOV,GA,0,False,standard,Brian Kemp,R,0,Keisha Lance Bottoms,Rick Jackson,,-2.2087323027962817,2.0,,,0.0,4.1743722958056475,0.0,0.0,0.0,0.0,12.0,-1.7902416607848528,0.04613080739259916,0.7713670514182801,10.262938095963019,0.9271158759335076,-4.545417681934493,6.477466537188507,0.5866,0.8810196940924448,0.3599274791821813
governor-hi,GOV,HI,0,False,standard,Josh Green,D,1,Josh Green,Gary Cordery,,23.560651661222998,3.0,3.649681188688071,,0.0,2.524215336142278e-05,0.0,0.0,0.0,0.0,,,,0.0,42.72888826126402,42.7235985991136,28.140586001624182,57.0847255006091,0.9952,0.9994036405116136,
governor-ia,GOV,IA,0,False,standard,Kim Reynolds,R,0,Rob Sand,Zach Lahn,,-13.445597709596235,2.0,,,0.0,4.478428711569713,0.0,0.0,0.0,0.0,19.0,9.192476286910491,0.05488132367915432,0.768567823358756,-0.7125485747695708,6.937402776914425,1.3673322474682936,12.47648257488956,0.9415,0.4673677713008011,0.9666074400653655
governor-id,GOV,ID,0,False,standard,Brad Little,R,-1,Terri Pickens,Brad Little,,-37.52184118025308,-3.0,10.683178915651183,,0.0,-1.2547021414816726e-06,0.0,0.0,0.0,0.0,2.0,-11.475813331119719,0.34541794854751434,0.5841282385689082,-47.51829881919566,-26.451245540615577,-36.287110188476866,-16.69460776106299,0.00555,0.00015696593664834137,0.15243041192132764
governor-il,GOV,IL,0,False,standard,JB Pritzker,D,1,JB Pritzker,Darren Bailey,,11.135530816543426,2.0,2.843788380954962,,0.0,0.011073453395716921,-0.0,-1.6562116190450382,0.0,0.0,2.0,16.297828563177,0.12,0.44278020366298615,29.86577014829755,23.950865587392556,12.786810265846947,35.059046197613675,0.98735,0.988199491551154,0.8650330183019456
governor-ks,GOV,KS,0,False,standard,Laura Kelly,D,0,Cindy Holscher,Ty Masterson,,-16.411473894550323,0.0,,,0.0,0.0,0.0,0.0,0.0,0.0,7.0,-3.8773242390086886,0.06597573186844562,0.7189039957662101,-8.191355801619784,-5.036277531385879,-10.972231750251778,0.8305301569059196,0.1347,0.17309083294973843,0.24545530044383368
governor-ma,GOV,MA,0,False,standard,Maura Healey,D,1,Maura Healey,Mike Minogue,,25.910638840838516,3.0,2.68716674221502,,0.0,1.0831334276442813e-05,0.0,0.0,0.0,0.0,10.0,19.59470906430611,0.1433596826035738,0.8022507762949737,44.13152016948912,24.49975167628726,17.412032009025474,31.698253656566973,0.999,0.9995923087243253,0.9981542608174426
governor-md,GOV,MD,0,False,standard,Wes Moore,D,1,Wes Moore,Dan Cox,,29.509514054361844,2.0,6.797289058340606,,0.0,6.02248471415697e-08,0.0,6.797289058340606,0.0,0.0,2.0,27.150652047576802,0.24548298982211014,0.593431136891596,51.35043811425094,36.97240626135126,27.512376748346384,46.41374857007308,0.9986,0.9999511053564958,0.9933254632809145
governor-me,GOV,ME,0,False,standard,Janet Mills,D,0,Hannah Pingree,Robert B. Charles,,7.08861163994892,1.0,,,0.0,0.5292950966445011,0.0,0.0,0.0,0.0,14.0,11.735871157155806,0.10879032192396929,0.7267763850605538,15.847335928650294,12.85712702674266,6.975033459612224,18.737488670530645,0.99355,0.9658492222137883,0.983106786190239
governor-mi,GOV,MI,0,False,standard,Gretchen Whitmer,D,0,Jocelyn Benson,John James,,-1.4424736578339323,0.0,,,0.0,0.0,-0.0,-5.146484989306387,0.0,0.0,37.0,7.103169860967537,0.0898795355684089,0.7560704467438775,6.852726958012169,7.058719552790691,1.4741474632562979,12.553630338703499,0.94485,0.7846688228105054,0.915551563775127
governor-mn,GOV,MN,0,False,standard,Tim Walz,D,0,Amy Klobuchar,Lisa Demuth,,4.343404352188957,2.0,,,0.0,1.7922487645715037,0.0,7.4622921755249205,0.0,0.0,7.0,7.265515386719764,0.10359988051730717,0.6575766388716686,14.394693265369032,9.687138853162786,3.3787050464748605,16.001782992961672,0.97075,0.9510996116568525,0.871904014240554
governor-ne,GOV,NE,0,False,standard,Jim Pillen,R,-1,Lynne Walz,Jim Pillen,,-20.840683303897794,-2.0,-2.508114974921277,,0.0,-0.5186321972770654,0.0,0.0,0.0,0.0,10.0,-4.040329795075231,0.1619493145939439,0.79042621679096,-18.88670601570157,-7.03638230143143,-14.347018887992895,0.012899182572482714,0.10045,0.07619062906560166,0.2814464344708498
governor-nh,GOV,NH,0,False,standard,Kelly Ayotte,R,-1,Cinde Warmington,Kelly Ayotte,,2.821214946726764,-2.0,11.35055113147892,,0.0,-3.769046033089075,0.0,0.0,0.0,0.0,11.0,-8.9538183332535,0.08812906738787564,0.864560092139984,-10.964815047464226,-9.196227400352594,-15.37668657620782,-3.023960610784631,0.03445,0.20303443220324272,0.05147866415417354
governor-nm,GOV,NM,0,False,standard,Michelle Lujan Grisham,D,0,Deb Haaland,Gregg Hull,,6.141812228647307,0.0,,,0.0,0.0,0.0,0.0,0.0,0.0,4.0,6.595405739471665,0.12583307762717108,0.5746468745330978,14.382353538601915,9.953280953610943,3.1143730739598143,16.769237213150493,0.9628,0.9509785255841958,0.8093081259455266
governor-nv,GOV,NV,0,False,standard,Joe Lombardo,R,-1,Aaron Ford,Joe Lombardo,,-3.1590179085170167,-1.0,-3.307901712140107,,0.0,-2.6993218428872017,0.0,0.0,0.0,0.0,13.0,0.023134391863428076,0.2073636238649224,0.7481707670620085,-2.509130038901718,-0.6135605662624062,-8.447613401061231,7.166504902063287,0.4576,0.42462114044430366,0.5014385628783159
governor-ny,GOV,NY,0,False,standard,Kathy Hochul,D,1,Kathy Hochul,Bruce Blakeman,,12.689486117138935,2.0,-9.718659304306652,,0.0,0.340446348132039,0.0,0.0,0.0,0.0,26.0,13.055709172728447,0.07014658810287172,0.8773006189936514,20.290411836001436,13.897589964424442,7.929641797128831,19.900070689392425,0.9962,0.9379761648070147,0.9937372034574852
governor-oh,GOV,OH,0,False,standard,Mike DeWine,R,0,Amy Acton,Vivek Ramaswamy,,-11.313229427274072,0.0,,,0.0,0.0,0.0,0.0,0.0,0.0,27.0,3.787920259668541,0.07977652264915672,0.748457359374302,-3.039848230232795,2.0975151272921417,-3.47660048140112,7.679542893418742,0.68985,0.36335936381281,0.7647327029295604
governor-ok,GOV,OK,0,False,standard,Kevin Stitt,R,0,Cyndi Munson,Mike Mazzei,,-34.94008381234161,0.0,,,0.0,0.0,0.0,0.0,0.0,0.0,,,,0.0,-27.16167722446744,-27.099362478217362,-36.87187651104433,-17.18758048530332,0.00565,0.0008787789906415763,
governor-or,GOV,OR,0,False,standard,Tina Kotek,D,1,Tina Kotek,Christine Drazan,,14.866116069775194,2.0,-5.546544107267179,,0.0,0.051544467802123864,-0.0,-5.546544107267179,0.0,0.0,6.0,1.2492875410231714,0.09018115246623282,0.7997158478100959,25.932930552716208,6.198606867066351,-0.9170816090853701,13.438129113799796,0.87075,0.975343799255267,0.5732637480602394
governor-pa,GOV,PA,0,False,standard,Josh Shapiro,D,1,Josh Shapiro,Stacy Garrity,,-1.7263846921271542,1.0,21.207883058742727,,0.0,0.0009548998347079547,0.0,0.0,0.0,0.0,20.0,22.318292585439757,0.11977779748119004,0.8508163830583392,33.8297953600231,24.0473035378896,17.599148525572943,30.409371351902788,0.9992,0.9948103048005515,0.9999424781617993
governor-ri,GOV,RI,0,False,standard,Dan McKee,D,0,Helena Foulkes,Aaron Guckian,,14.162406267890672,0.0,,,0.0,0.0,0.0,0.0,0.0,0.0,4.0,24.229771035148104,0.3930812701517782,0.4371863677652634,22.279092839929373,23.239499450824155,15.533551346661438,30.929232832673456,0.9975,0.9948312712050272,0.9932049448996404
governor-sc,GOV,SC,0,False,standard,Henry McMaster,R,0,Jermaine Johnson,Alan Wilson,,-18.123365227038146,-1.0,,,0.0,-1.3618182541584456,0.0,0.0,0.0,0.0,3.0,-10.3842151458025,0.19430968706656193,0.4213891141358154,-11.28945977177424,-11.000979995560948,-18.570024215993037,-3.117553146108299,0.0435,0.09707070968501003,0.15271650191020086
governor-sd,GOV,SD,0,False,standard,Larry Rhoden,R,-1,Dan Ahlers,Larry Rhoden,,-29.890199073853058,-2.0,,,0.0,-0.010812370017241611,0.0,2.1624132214848673,0.0,0.0,,,,0.0,-29.92299595785736,-29.80260903271536,-39.79089262402843,-20.165587459357425,0.003,0.000286690665252362,
governor-tn,GOV,TN,0,False,standard,Bill Lee,R,0,Jerri Green,Marsha Blackburn,,-30.121099654993333,-2.0,,,0.0,-0.1767646423303569,0.0,6.239376092885431,0.0,0.0,4.0,-13.700103433419692,0.19979073462888897,0.425774039945991,-22.366497692554432,-18.68014589527006,-26.51081306322973,-10.916003369127784,0.00735,0.005014802499668252,0.0862768339802647
governor-tx,GOV,TX,0,False,standard,Greg Abbott,R,-1,Gina Hinojosa,Greg Abbott,,-13.878067801618457,-2.0,-1.932886592561596,,0.0,-2.043584956570934,0.0,0.0,0.0,0.0,42.0,-2.016343457273388,0.05569349302236128,0.8994060892417373,-13.872525877725932,-3.1994370194128647,-8.839426090423709,2.3701213856060517,0.23145,0.14661948261773672,0.33563562895377125
governor-vt,GOV,VT,0,False,standard,Phil Scott,R,-1,Amanda Janoo,Phil Scott,,32.77043577168019,-3.0,86.00196335393109,,0.0,-3.64031697456632e-06,0.0,0.0,0.0,0.0,5.0,-3.460215140276541,0.1300870830258624,0.8046582071863089,-45.8759641857259,-11.807117216915675,-18.986544701376772,-4.728521857132925,0.025,0.0002489592945168316,0.30290482743086805
governor-wi,GOV,WI,0,False,standard,Tony Evers,D,0,David Crowley,Tom Tiffany,,-0.8733887823450505,-1.0,,,0.0,-1.8421468382814246,0.0,0.0,0.0,0.0,8.0,4.02301442780835,0.07047654288811035,0.7041541494071424,5.57769800570607,4.471329144657075,-1.564838140795208,10.467387947149454,0.83355,0.7393914694081495,0.7560894052003865
governor-wy,GOV,WY,0,False,standard,Mark Gordon,R,0,Kenneth Casner,Eric Barlow,,-46.95834604821483,-1.0,,,0.0,-4.813499517854281e-05,0.0,0.0,0.0,0.0,,,,0.0,-39.681333559978974,-39.698774876799845,-49.419535780782255,-29.86109968616844,0.0011,2.3588855769437715e-06,
house-ak-al,HOUSE,AK,0,False,independent,Nick Begich III,R,-1,Eric Hafner,Nick Begich III,Bill Hill,-13.69312508474994,0.0,-12.770549517046897,,0.0,0.0,0.0,0.0,0.0,0.0,11.0,-8.912035525029847,0.03481409227758187,0.5998572607643853,-0.7780294560518457,-5.665053187555534,-11.521464286961919,0.21925526173171758,0.10795,0.4583941395788228,0.07435252343353897
house-al-1,HOUSE,AL,1,False,standard,None (new seat),,0,Clyde Jones Jr.,Jerry Carl,,-36.345566221179666,-2.0,,-2.431121173534253,-0.013844808994408271,-0.0,0.0,0.0,0.1735,0.0021407795318768856,,,,0.0,-28.628600090325413,-28.48663575335143,-36.682860756824226,-20.295083059102218,0.0018,3.6943722204371944e-05,
house-al-2,HOUSE,AL,2,False,standard,Shomari Figures,D,1,Shomari Figures,Rhett Marques,,-14.464028814208385,1.0,1.1475379080899204,0.2395606374046885,0.3838715106954278,0.0,0.0,0.0,0.011,0.03819048809808896,3.0,-3.7392544959642637,0.0649090290969521,0.41085040287938085,-2.187557904802159,-2.767512314187506,-8.674143532693556,3.201029140288158,0.27045,0.3637005196483664,0.30726656392909335
house-al-3,HOUSE,AL,3,False,standard,Mike Rogers,R,-1,Lee McInnis,Mike Rogers,,-47.07264752025102,-2.0,,-3.902197354795428,-2.2733019855848984e-05,-0.0,0.0,0.0,-0.3685,-6.050140645524698e-06,,,,0.0,-42.10121800715108,-42.04322429216149,-49.39785860753098,-34.826084096151334,0.00025,9.922105309116094e-12,
house-al-4,HOUSE,AL,4,False,standard,Robert Aderholt,R,-1,Amanda Pusczek,Robert Aderholt,,-66.92238927771601,-2.0,,-4.105521583157128,-4.6533323422180125e-12,-0.0,0.0,0.0,-0.1915,-6.435817147750967e-13,,,,0.0,-63.169308043836246,-63.153960572361086,-70.37946129150114,-55.905240862211976,0.0,9.053380422776606e-24,
house-al-5,HOUSE,AL,5,False,standard,Dale Strong,R,-1,Andrew Sneed,Dale Strong,,-29.494479149858233,-2.0,,-1.1794377138850516,-0.038214401803715374,-0.0,0.0,0.0,-0.2285,-0.016040960199587645,,,,0.0,-23.898875671556247,-23.954511221463974,-31.150172278819685,-16.550340153723763,0.0014,6.939006873938208e-05,
house-al-6,HOUSE,AL,6,False,standard,Gary Palmer,R,-1,Maurice Mercer,Gary Palmer,,-34.997225548319264,-1.0,1.069753467649206,-3.728361892596589,-0.01755025052480076,-0.0,0.0,0.0,0.1385,0.0017555125594390982,,,,0.0,-28.564935033824923,-28.526157343352622,-35.85593974377983,-21.284521565206255,0.0009,2.6174155165655013e-06,
house-al-7,HOUSE,AL,7,False,standard,Terri Sewell,D,1,Terri Sewell,Ammie Akin,,17.94825384375597,2.0,3.2814848729842767,3.477072922003848,0.017459231732984973,0.0,0.0,0.0,0.396,0.004993340275633703,,,,0.0,28.58470327282665,28.670689349520146,21.370630545907098,35.96601861905522,0.99905,0.9999974331387671,
house-ar-1,HOUSE,AR,1,False,standard,Rick Crawford,R,-1,Terri Green,Rick Crawford,,-46.175871865422906,-2.0,,-3.077293238149337,-3.91543005545246e-05,-0.0,0.0,0.0,-0.1815,-5.132476231022266e-06,,,,0.0,-41.16093006530559,-41.236116828281794,-48.571131169599866,-33.90716292038428,0.0001,2.7299808869472045e-11,
house-ar-2,HOUSE,AR,2,False,standard,French Hill,R,-1,Chris Jones,French Hill,,-15.914419225205982,-2.0,,-1.6006980168392992,-1.3802816896822903,-0.0,0.0,0.0,-0.2915,-0.5446142253801682,2.0,1.09743701535813,0.08009456531440119,0.40626709844370973,-11.724907246313252,-6.557129702243888,-12.553049996474794,-0.5173151991990409,0.0845,0.030833640028643913,0.5585768404816023
house-ar-3,HOUSE,AR,3,False,standard,Steve Womack,R,-1,Robb Ryerse,Steve Womack,,-25.590736769421778,-2.0,7.803256216161354,-3.2514994389466443,-0.14670544808157887,-0.0,0.0,0.0,-0.2845,-0.030143894429428858,,,,0.0,-22.744298769088527,-22.763448042876142,-30.11891230446994,-15.416989222614601,0.0024,0.00014491318897931564,
house-ar-4,HOUSE,AR,4,False,standard,Bruce Westerman,R,-1,James Russell,Bruce Westerman,,-40.66097964677422,-2.0,5.038389015066705,-5.377559988629998,-0.0004571130737781628,-0.0,0.0,0.0,-0.2455,-8.10486874979448e-05,,,,0.0,-36.61132841423842,-36.63035666405284,-44.01170623719861,-29.41180939635338,0.0004,2.734413954834575e-09,
house-az-1,HOUSE,AZ,1,False,standard,David Schweikert,,0,Amish Shah,Jay Feely,,-3.136835928138348,1.0,,-0.2158783661301358,-0.26745263846736544,0.0,0.0,0.0,-0.124,-0.3328522915766195,1.0,2.3869690039067173,0.14,0.38442050598616345,6.022199515450128,4.6497189985597505,-2.166772779864129,11.430147733536188,0.81555,0.7973455105831584,0.60426099558076
house-az-2,HOUSE,AZ,2,False,standard,Eli Crane,R,-1,Jonathan Nez,Eli Crane,,-15.120247407676915,-2.0,-6.280610068917462,-1.0425379600417812,-1.5729104090311192,-0.0,0.0,0.0,0.1675000000000002,0.5475439979068011,3.0,-5.44271805735055,0.08009948698045151,0.393473227312655,-4.960272594107291,-5.148906293865197,-11.13919220602527,0.9985674236366325,0.13585,0.21457894697529023,0.2392140287178582
house-az-3,HOUSE,AZ,3,False,same_party,Yassamin Ansari,D,1,Yassamin Ansari,,D,40.30739381027563,0.0,5.305098033369839,,,,,0.0,0.431,,,,,,,,,,1.0,,
house-az-4,HOUSE,AZ,4,False,standard,Greg Stanton,D,1,Greg Stanton,Zuhdi Jasser,,6.762673080066313,2.0,0.7821639108612466,1.6958555434852682,0.38981758970576696,0.0,0.0,0.0,0.0755000000000001,0.03760205930334246,,,,0.0,17.35149371299951,17.372175931811782,10.078060947442937,24.72920587024602,0.99285,0.997152485691914,
house-az-5,HOUSE,AZ,5,False,standard,Andy Biggs,,0,Elizabeth Lee,Mark Lamb,,-20.192893032045866,-1.0,,-1.946264841600863,-1.2057723213654816,-0.0,0.0,0.0,0.0,0.0,,,,0.0,-13.191276992990769,-13.138063452639738,-21.471718519261366,-4.930433014414856,0.03,0.034115567854354524,
house-az-6,HOUSE,AZ,6,False,standard,Juan Ciscomani,R,-1,JoAnna Mendoza,Juan Ciscomani,,-0.7577863175811479,0.0,1.6926229756400386,0.0835124495755585,0.09635496617588626,0.0,0.0,0.0,-0.0854999999999999,-0.21373768312152322,3.0,-3.0588525698680455,0.08010862580964026,0.2845704764992356,7.238436931003668,4.368675058834545,-1.973600751110993,10.884664326496017,0.81685,0.8756828251127469,0.37629690279532263
house-az-7,HOUSE,AZ,7,False,standard,Adelita Grijalva,D,1,Adelita Grijalva,Daniel Butierez,,22.388102593577123,2.0,,2.5027491242181448,0.002605110134298119,0.0,0.0,0.0,0.4515,0.0010182598664072121,,,,0.0,32.61728310377572,32.71474221356222,25.432191663845273,39.94053862043962,0.99955,0.9999999039687091,
house-az-8,HOUSE,AZ,8,False,standard,Abraham Hamadeh,R,-1,Bernadette Greene-Placentia,Abraham Hamadeh,,-16.479945618728582,-2.0,-3.602494534275597,-1.8431457459795928,-1.8039964988957695,-0.0,0.0,0.0,0.2655000000000002,0.5630314305059205,,,,0.0,-10.06127582959352,-10.044003699538116,-17.32039741947032,-2.6138140459449852,0.0482,0.05438327156903438,
house-az-9,HOUSE,AZ,9,False,standard,Paul Gosar,R,-1,Dani Sterbinsky,Paul Gosar,,-31.342610456055603,-2.0,-0.8711098394813428,-0.6194512817681341,-0.02099584273612541,-0.0,0.0,0.0,0.2555,0.018763297373169903,,,,0.0,-23.710368051299486,-23.770565465935316,-31.138240360167973,-16.44913935961591,0.0015,7.775762056973175e-05,
house-ca-1,HOUSE,CA,1,False,standard,James Gallagher,R,-1,Mike McGuire,James Gallagher,,12.629463408737175,0.0,,-0.3709752082628805,-0.05525986362573063,0.0,0.0,0.0,0.0,0.0,,,,0.0,18.623472257229817,18.644177683361768,11.359265249257902,25.81650299809791,0.99495,0.9985127464391844,
house-ca-2,HOUSE,CA,2,False,standard,Jared Huffman,D,1,Jared Huffman,Robin Littau,,25.44160337217163,0.0,-2.8993666984930675,,0.0,0.0,0.0,0.0,-0.1869999999999999,-0.0004606449162094777,,,,0.0,32.417801048897786,32.4943748867273,25.20653905309109,39.661040921532035,0.99955,0.9999998892774029,
house-ca-3,HOUSE,CA,3,False,standard,Ami Bera,D,1,Ami Bera,Robb Tucker,,10.524576177817453,0.0,1.0762642409394418,2.4227575970708752,0.22678546376844677,0.0,0.0,0.0,0.01,0.002028137298695096,,,,0.0,20.619815109423907,20.59775665944723,13.321644349872425,27.941260513858413,0.99665,0.9994927163620698,
house-ca-4,HOUSE,CA,4,False,same_party,Mike Thompson,D,1,Eric Jones; Mike Thompson,,D,14.94839647088782,0.0,0.8037552636300811,,,,,0.0,0.0,,,,,,,,,,1.0,,
house-ca-5,HOUSE,CA,5,False,standard,Tom McClintock,R,-1,Michael Masuda,Tom McClintock,,-21.235866123925824,0.0,5.252533776953697,-1.116225321104394,-0.2709070016735097,0.0,0.0,0.0,0.0055,0.0028921655651165785,,,,0.0,-16.959347196072667,-16.955294036353436,-24.25094876163123,-9.576865199644224,0.0077,0.0034342410508593616,
house-ca-6,HOUSE,CA,6,False,independent,Kevin Kiley,,0,Richard Pan,,Kevin Kiley,8.682513359130274,0.0,,,0.0,0.0,0.0,0.0,0.0,0.0,1.0,2.3284287731671283,0.26,0.3856836311614054,17.42295493829468,11.634492743910872,4.147328161065921,19.27952620961465,0.96775,0.9824884351176999,0.589262577417985
house-ca-7,HOUSE,CA,7,False,same_party,Doris Matsui,D,1,Doris Matsui; Mai Vang,,D,13.242240467285542,0.0,2.7128337879861144,,,,,0.0,0.0,,,,,,,,,,1.0,,
house-ca-8,HOUSE,CA,8,False,standard,John Garamendi,D,1,John Garamendi,Rudy Recile,,35.16151506846601,0.0,3.08075322027645,3.675476835123816,3.752650826525809e-06,0.0,0.0,0.0,0.5535000000000001,1.5001221679036926e-06,,,,0.0,45.076666613520295,45.14400989805024,37.77309424604282,52.31411563247992,0.9999,0.9999999999997461,
house-ca-9,HOUSE,CA,9,False,standard,Josh Harder,D,1,Josh Harder,John McBride,,11.79306950489872,0.0,5.563804813366509,4.670436788171247,0.0920137749243431,0.0,0.0,0.0,0.0845,0.005615396208577273,,,,0.0,24.107296427493825,24.153882513713032,16.802759446267174,31.386074208282526,0.99855,0.9999388631159578,
house-ca-10,HOUSE,CA,10,False,standard,Mark DeSaulnier,D,1,Mark DeSaulnier,Jeff Frese,,34.70519851744464,0.0,-1.9187440809793437,,0.0,0.0,0.0,0.0,-0.0499999999999999,-9.290023123217399e-07,,,,0.0,41.889120170333875,41.97434888722001,34.69690631619135,49.25317754339786,0.9998,0.9999999999904136,
house-ca-11,HOUSE,CA,11,False,same_party,Nancy Pelosi,,0,Connie Chan; Scott Wiener,,D,70.62364833844883,0.0,,,,,,0.0,0.0,,,,,,,,,,1.0,,
house-ca-12,HOUSE,CA,12,False,same_party,Lateefah Simon,D,1,Jamie Joyce; Lateefah Simon,,D,77.64166603414307,0.0,,,,,,0.0,-0.134,,,,,,,,,,1.0,,
house-ca-13,HOUSE,CA,13,False,standard,Adam Gray,D,1,Adam Gray,Kevin Lincoln,,0.38467032128098666,0.0,5.756796081624154,0.8049163002624744,0.22925109909721222,0.0,0.0,0.0,-0.0225,-0.013884662389548736,,,,0.0,16.201574325463987,16.184429808010798,8.861012886158525,23.463893206400375,0.99185,0.995058641727561,
house-ca-14,HOUSE,CA,14,False,same_party,Aisha Wahab,D,1,Melissa Hernandez; Aisha Wahab,,D,36.20284739037839,0.0,,,,,,0.0,-0.244,,,,,,,,,,1.0,,
house-ca-15,HOUSE,CA,15,False,standard,Kevin Mullin,D,1,Kevin Mullin,Charles Hoelter,,49.63592027213561,0.0,-3.3193008313935186,3.630480023472267,2.9257702664774287e-09,0.0,0.0,0.0,-0.008,-1.6904450428536253e-11,,,,0.0,55.33953772507226,55.32568901315402,48.2620152200348,62.4848055334995,0.9999,1.0,
house-ca-16,HOUSE,CA,16,False,standard,Sam Liccardo,D,1,Sam Liccardo,Peter Soulé,,49.88409390678165,0.0,,4.988528402051517,1.653079194373039e-10,0.0,0.0,0.0,0.155,1.8505303203675967e-11,,,,0.0,58.95972259975622,58.95301272007282,51.7604320256683,66.23032535722268,1.0,1.0,
house-ca-17,HOUSE,CA,17,False,standard,Ro Khanna,D,1,Ro Khanna,Ritesh Tandon,,40.74153179236477,0.0,-4.232284072178678,5.981583956134133,1.6275173693431245e-06,0.0,0.0,0.0,-1.6015,-1.8824498817243988e-06,,,,0.0,46.391852107889676,46.44392887606262,39.18486241273435,53.75524272368799,0.99985,0.9999999999999538,
house-ca-18,HOUSE,CA,18,False,standard,Zoe Lofgren,D,1,Zoe Lofgren,Shane Lewis,,29.36942888310379,0.0,-1.068018686251352,2.7497850186687383,0.00030619768826651466,0.0,0.0,0.0,-0.14,-3.377717341910934e-05,,,,0.0,37.22270981813796,37.29117561730034,29.88502922894487,44.55974316054006,0.99955,0.9999999986904964,
house-ca-19,HOUSE,CA,19,False,standard,Jimmy Panetta,D,1,Jimmy Panetta,Peter Coe Verbica,,35.65620730686175,0.0,3.030690413099209,4.191912414695078,2.83291176842877e-06,0.0,0.0,0.0,0.492,1.0066279817150229e-06,,,,0.0,45.523536931798674,45.59295504508047,38.378990111450676,52.66565836579784,0.9998,0.9999999999998519,
house-ca-20,HOUSE,CA,20,False,standard,Vince Fong,R,-1,Sandra Van Scotter,Vince Fong,,-32.974775522914825,0.0,,-4.1835615831780615,-0.027109558051393468,0.0,0.0,0.0,-0.2704999999999999,-0.005296153382651395,,,,0.0,-27.463038222595653,-27.43374874173151,-34.653867209515624,-20.145977538546845,0.00095,5.9782577338772406e-06,
house-ca-21,HOUSE,CA,21,False,standard,Jim Costa,D,1,Jim Costa,Kyle Kirkland,,6.132521905498509,0.0,1.3700734439778768,1.4853933604826512,0.35941294628150405,0.0,0.0,0.0,0.679,0.3559705867851708,,,,0.0,17.419783110867765,17.437719574457955,10.216913193267224,24.840477140216958,0.9935,0.9972435150945855,
house-ca-22,HOUSE,CA,22,False,standard,David Valadao,R,-1,Randy Villegas,David Valadao,,-1.904550659129194,0.0,0.7632872083505973,-0.6509386401972529,-0.798472312678183,0.0,0.0,0.0,-0.1845000000000001,-0.49035237314592417,1.0,0.8248580555280687,0.08,0.321074773773788,5.440906307244002,3.9724710117019617,-2.3637987561282636,10.289002367097392,0.79035,0.8071016065394637,0.537070545928132
house-ca-23,HOUSE,CA,23,False,standard,Jay Obernolte,R,-1,Tessa Lynn Hodge,Jay Obernolte,,-19.916752765341304,0.0,2.791437038838988,-3.241198290602025,-1.298440724870094,0.0,0.0,0.0,-0.3105,-0.2911753325521186,,,,0.0,-15.564552376058657,-15.548682872501074,-22.79432908162777,-8.272760976483415,0.0107,0.006553981147061311,
house-ca-24,HOUSE,CA,24,False,standard,Salud Carbajal,D,1,Salud Carbajal,Bob Smith,,25.739617194559514,0.0,-0.3084910688449218,2.9525586745494854,0.0015205809373005019,0.0,0.0,0.0,-0.0509999999999999,-5.690799475723984e-05,,,,0.0,34.13324565050433,34.18615659946842,26.942590918252233,41.46318398519064,0.9991,0.999999975386711,
house-ca-25,HOUSE,CA,25,False,standard,Raul Ruiz,D,1,Raul Ruiz,Joe Males,,5.945627014024418,0.0,10.070900393897332,1.4155785256537825,0.1009759863086593,0.0,0.0,0.0,0.033,0.005100234914721312,,,,0.0,21.43505811333267,21.495522393407445,14.155434180930644,28.825030206903477,0.9968,0.9996790425115345,
house-ca-26,HOUSE,CA,26,False,standard,Julia Brownley,,0,Jacqui Irwin,Sam Gallucci,,15.718925391005014,0.0,,0.7479961898449257,0.023943666980057503,0.0,0.0,0.0,0.0,0.0,,,,0.0,23.905112931066775,23.876421155525662,15.558620482190461,32.041454715200345,0.99615,0.9995285260349005,
house-ca-27,HOUSE,CA,27,False,standard,George T. Whitesides,,0,George Whitesides,Jason Gibbs,,10.031526860467544,0.0,,2.423998442454749,0.3668753860799281,0.0,0.0,0.0,-0.14,-0.04590990317010308,,,,0.0,18.93816496988324,18.943009832236775,10.67037646676946,27.262750428363816,0.9914,0.9955813875898977,
house-ca-28,HOUSE,CA,28,False,standard,Judy Chu,D,1,Judy Chu,April Verlato,,26.1481226056064,0.0,2.163367124713017,4.935587316381753,0.000658175519971966,0.0,0.0,0.0,-0.7244999999999999,-0.00034439034082533115,,,,0.0,35.887025525217474,35.96141108847709,28.735930674944477,43.1699311533009,1.0,0.9999999950999496,
house-ca-29,HOUSE,CA,29,False,same_party,Luz Rivas,D,1,Angelica Dueñas; Luz Rivas,,D,34.707532916037124,0.0,3.727003733491729,,,,,0.0,-0.3029999999999999,,,,,,,,,,1.0,,
house-ca-30,HOUSE,CA,30,False,standard,Laura Friedman,D,1,Laura Friedman,Scott Meyers,,41.437251814842114,0.0,-5.567047676241173,2.6770151994822355,4.1940094332935546e-07,0.0,0.0,0.0,-0.122,-4.1412409378487966e-08,,,,0.0,48.28107946201654,48.33014599039075,41.15364016327345,55.567740753829604,0.99985,0.9999999999999958,
house-ca-31,HOUSE,CA,31,False,standard,Gil Cisneros,D,1,Gil Cisneros,Eric Ching,,12.60519627223948,0.0,2.138382595491401,1.5090365256091662,0.03501363175765126,0.0,0.0,0.0,-0.7074999999999999,-0.035567714081782255,,,,0.0,24.831859230446184,24.863699228632534,17.54625323343088,32.016079436143514,0.9988,0.9999620995166255,
house-ca-32,HOUSE,CA,32,False,standard,Brad Sherman,D,1,Brad Sherman,Larry Thompson,,25.747546353027406,0.0,0.2922952117154489,4.425771665200805,0.0013151588974584243,0.0,0.0,0.0,-0.2525,-0.0002398338378281821,,,,0.0,34.47096591113445,34.491794293474726,27.215969754713257,41.78625089607637,0.9996,0.9999999818402532,
house-ca-33,HOUSE,CA,33,False,standard,Pete Aguilar,D,1,Pete Aguilar,Stephanie Vargas,,10.074713405340932,0.0,8.79098950956989,,0.0,0.0,0.0,0.0,0.235,0.014501566182105833,,,,0.0,24.245329156427303,24.298121371614247,17.012819616220497,31.69450657421099,0.99805,0.9999437870194599,
house-ca-34,HOUSE,CA,34,False,same_party,Jimmy Gomez,D,1,Jimmy Gomez; Angela Gonzales-Torres,,D,53.04146587963031,0.0,,,,,,0.0,0.0,,,,,,,,,,1.0,,
house-ca-35,HOUSE,CA,35,False,standard,Norma Torres,D,1,Norma Torres,Mike Cargile,,8.045128888677315,0.0,6.330823280804872,3.609995347246432,0.2297760543566928,0.0,0.0,0.0,0.6525,0.10828196561559147,,,,0.0,21.425497249485222,21.486200752199906,14.16357561376458,28.779688364459584,0.9972,0.9996786362483188,
house-ca-36,HOUSE,CA,36,False,standard,Ted Lieu,D,1,Ted Lieu,Houston Brignano,,40.42823555904659,0.0,-2.874067918935096,4.496240124520736,1.2176285357901935e-06,0.0,0.0,0.0,0.207,1.8203546610063394e-07,,,,0.0,46.84000199145053,46.82954367039086,39.68821439846725,54.08229414130671,0.99985,0.9999999999999731,
house-ca-37,HOUSE,CA,37,False,same_party,Sydney Kamlager-Dove,D,1,Sydney Kamlager-Dove; Samantha Mota,,D,62.30874203046086,0.0,,,,,,0.0,0.0,,,,,,,,,,1.0,,
house-ca-38,HOUSE,CA,38,False,standard,None (new seat),,0,Hilda Solis,Pedro Casas,,12.742118430048967,0.0,,,0.0,0.0,0.0,0.0,0.0,0.0,,,,0.0,21.082940858954895,21.14871967266663,12.910961499806353,29.460102837300912,0.9943,0.99822513791318,
house-ca-39,HOUSE,CA,39,False,standard,Mark Takano,D,1,Mark Takano,Steve Manos,,9.780058137498687,0.0,3.490835779056403,,0.0,0.0,0.0,0.0,-0.13,-0.02179233405085061,,,,0.0,21.031146219514294,21.109230331688103,13.813755647264381,28.36911386747611,0.997,0.9995978941179609,
house-ca-40,HOUSE,CA,40,False,same_party,Young Kim,R,-1,,Ken Calvert; Young Kim,R,-12.603878865212948,0.0,8.018197579654693,,,,,0.0,0.1114999999999999,,,,,,,,,,0.0,,
house-ca-41,HOUSE,CA,41,False,standard,Linda Sánchez,D,1,Linda Sánchez,Mitch Clemmons,,14.644434716860998,0.0,3.1850697720503165,4.411924565984419,0.058037398321925115,0.0,0.0,0.0,0.1099999999999999,0.004610748866686269,,,,0.0,25.416673890466864,25.54069944534048,18.260210546814033,32.827209325148154,0.9984,0.9999746216336636,
house-ca-42,HOUSE,CA,42,False,standard,Robert Garcia,D,1,Robert Garcia,Brian Burley,,13.56070313007434,0.0,2.727948986440624,2.469245206024792,0.07386265228208662,0.0,0.0,0.0,0.3955000000000001,0.02563299004501105,,,,0.0,24.1841093067505,24.18435827617804,16.905671784466087,31.419612721883336,0.9982,0.9999421931809429,
house-ca-43,HOUSE,CA,43,False,standard,Maxine Waters,D,1,Maxine Waters,Cristian Morales,,50.587898039106896,0.0,-0.3495257582380011,,0.0,0.0,0.0,0.0,-0.002,-5.769319731846855e-13,,,,0.0,57.872390452657584,57.92300536359974,50.73791324817542,65.13038476349017,0.99975,1.0,
house-ca-44,HOUSE,CA,44,False,standard,Nanette Barragán,D,1,Nanette Barragán,Genevieve Angel,,36.31627653527624,0.0,7.951769490274075,4.177481670150154,3.174538956932444e-07,0.0,0.0,0.0,0.132,3.0263938056089297e-08,,,,0.0,48.86275571741082,48.93172088058239,41.60941597053837,56.13516013426395,0.99995,0.9999999999999977,
house-ca-45,HOUSE,CA,45,False,standard,Derek Tran,D,1,Derek Tran,Chuong Vo,,4.054985173885471,0.0,-1.318767740662521,2.4415500370827883,0.7913330834969855,0.0,0.0,0.0,-0.1719999999999999,-0.12078534454376073,,,,0.0,16.06362088392807,16.07550596355722,8.851475204114339,23.265142249375995,0.99135,0.9947517933167579,
house-ca-46,HOUSE,CA,46,False,standard,Lou Correa,D,1,Lou Correa,David Pan,,16.687679706845415,0.0,,3.366145791445452,0.03065129324915554,0.0,0.0,0.0,0.5785000000000001,0.012806280604459682,,,,0.0,27.149878525137563,27.156801841407123,19.69986572741072,34.46382864842793,0.99925,0.9999925345124618,
house-ca-47,HOUSE,CA,47,False,standard,Dave Min,D,1,Dave Min,Jenny Le Roux,,10.467836596792077,0.0,-1.2467872526652797,2.275777362991438,0.17765730666182467,0.0,0.0,0.0,-0.138,-0.023341270352589157,,,,0.0,21.176638960162887,21.151793411964064,13.928267766727433,28.538988418044074,0.9971,0.9996308088237927,
house-ca-48,HOUSE,CA,48,False,standard,Darrell Issa,,0,Marni von Wilpert,Jim Desmond,,3.483522109969155,0.0,,-0.0374571116730566,-0.019741520043164974,0.0,0.0,0.0,0.0,0.0,1.0,2.9485807606080012,0.13,0.4026558012368661,12.90056630309655,8.989850984614186,2.1039492136241207,15.671913802201452,0.9504,0.9626917152928436,0.6325597358052434
house-ca-49,HOUSE,CA,49,False,standard,Mike Levin,D,1,Mike Levin,Armen Kurdian,,12.472724656910152,0.0,-3.5536342683158777,3.8143991580810206,0.3479565293244034,0.0,0.0,0.0,-0.1669999999999999,-0.04196742362018218,,,,0.0,19.92547095144206,19.934398982735566,12.656558581818413,27.296747096766346,0.996,0.999256932926357,
house-ca-50,HOUSE,CA,50,False,standard,Scott Peters,D,1,Scott Peters,Steve Cohen,,18.835035308251694,0.0,-1.968226872948484,,0.0,0.0,0.0,0.0,0.056,0.0015364075495130376,,,,0.0,26.531819774372423,26.579597866706333,19.29987407947928,33.81661913557395,0.99825,0.9999885195161367,
house-ca-51,HOUSE,CA,51,False,standard,Sara Jacobs,D,1,Sara Jacobs,Ricardo Cabrera,,18.80325794580321,0.0,-2.7329987170896137,4.303418797913867,0.04479771072645691,0.0,0.0,0.0,-0.0889999999999999,-0.0028794972950283663,,,,0.0,26.12088718239304,26.165439862506688,18.941486309548406,33.35307629054117,0.99865,0.9999846739244383,
house-ca-52,HOUSE,CA,52,False,standard,Juan Vargas,D,1,Juan Vargas,Jeff Belle,,18.041442893620868,0.0,10.976531094670182,2.846774211985893,0.002619992378855983,0.0,0.0,0.0,0.52,0.0010369133132334164,,,,0.0,32.887957707479714,32.92088052406476,25.752623004171827,40.25651535889528,0.9993,0.9999999210369257,
house-co-1,HOUSE,CO,1,False,standard,Diana DeGette,,0,Melat Kiros,Christy Peterson,,57.612736564272474,0.0,,3.71973976808556,2.365675700232786e-12,0.0,0.0,0.0,0.0,0.0,,,,0.0,63.935751698316516,63.92935857921364,55.84575663927371,72.21892838992731,0.99995,1.0,
house-co-2,HOUSE,CO,2,False,standard,Joe Neguse,D,1,Joe Neguse,Kelley Dennison,,40.91811325700261,2.0,-0.2738921648753267,,0.0,0.0,0.0,0.0,0.02,4.992146686672832e-09,,,,0.0,48.73737695265117,48.739241938491176,41.49096285140637,55.93180651233704,0.99975,0.9999999999999974,
house-co-3,HOUSE,CO,3,False,standard,Jeff Hurd,R,-1,Dwayne Romero,Jeff Hurd,,-9.976649536268868,-2.0,-4.944663168340056,-1.5878601171287483,-2.6511720941733583,-0.0,0.0,0.0,-0.0785,-0.28397979277462815,1.0,-4.751133009947289,0.09,0.310842470184727,-3.8784482949413075,-4.148702049891541,-10.408773146380671,2.2166050152756704,0.19565,0.26828631966981403,0.3013854466601546
house-co-4,HOUSE,CO,4,False,standard,Lauren Boebert,R,-1,Eileen Laubacher,Lauren Boebert,,-18.71337622079264,-2.0,-6.709335647869062,1.9490786631845332,2.2157919333926364,-0.0,0.0,0.0,0.4075,1.00373559303219,,,,0.0,-4.279663172135779,-4.188649862387307,-11.654064995729948,3.0651641305195154,0.2233,0.24749885246406134,
house-co-5,HOUSE,CO,5,False,standard,Jeff Crank,R,-1,Jessica Killin,Jeff Crank,,-9.337043356329268,-2.0,4.980302160664235,0.275477867330993,0.3699585068448597,-0.0,0.0,0.0,0.1394999999999999,0.40591267740396914,2.0,-4.432070929309734,0.11000015402565815,0.2883214087141887,-4.902427209523551,-4.751188294922623,-11.160819142444765,1.6880542199289013,0.16835,0.21734276587725557,0.32239428426889927
house-co-6,HOUSE,CO,6,False,standard,Jason Crow,D,1,Jason Crow,Jason Clark,,20.360281044369106,2.0,0.8208666217469522,,0.0,0.0,0.0,0.0,-0.1839999999999999,-0.001563986490203167,,,,0.0,29.5381402547764,29.556470320695638,22.250158738125474,36.83301664213421,0.9992,0.9999987857532491,
house-co-7,HOUSE,CO,7,False,standard,Brittany Pettersen,D,1,Brittany Pettersen,Tim Bennett,,15.41488104034284,2.0,-0.5899832308996702,3.366112632166681,0.09208035370230433,0.0,0.0,0.0,0.075,0.0049876858255414845,,,,0.0,24.104566134475455,24.110877011429366,16.74573449014594,31.432070474467434,0.99785,0.9999395574210779,
house-co-8,HOUSE,CO,8,False,standard,Gabe Evans,R,-1,Manny Rutinel,Gabe Evans,,-1.8800480977231158,-1.0,-1.2486186750236898,-0.246864482379053,-0.3256473046180355,-0.0,0.0,0.0,0.2504999999999999,0.7159599180819051,1.0,3.7936987244032783,0.05999999999999999,0.3309695207429,6.291316940202473,5.4930264125469295,-0.8751194935252281,11.701863330263023,0.86885,0.8420044913652514,0.6683316449456755
house-ct-1,HOUSE,CT,1,False,standard,John B. Larson,,0,Luke Bronin,Amy Chai,,23.26879227281734,2.0,,4.710546800792924,0.00592526400855697,0.0,0.0,0.0,0.0,0.0,,,,0.0,31.173453250597696,31.10849008103572,22.854558811813416,39.423767272559324,0.99845,0.9999921022408045,
house-ct-2,HOUSE,CT,2,False,standard,Joe Courtney,D,1,Joe Courtney,George Austin,,7.856473409463372,2.0,8.29878931008028,1.2448780472229632,0.07244175090326749,0.0,0.0,0.0,-0.0929999999999999,-0.011725656854156089,,,,0.0,22.066255237914,21.93703846536394,14.830373819384109,29.3554378066413,0.99745,0.999779759175664,
house-ct-3,HOUSE,CT,3,False,standard,Rosa DeLauro,D,1,Rosa DeLauro,Chris Lancia,,14.332117484384685,2.0,5.431502702137432,3.9347843674206193,0.04141100294095274,0.0,0.0,0.0,-0.0269999999999999,-0.0008075145573485754,,,,0.0,26.33570803541924,26.339301950842902,18.987400945714846,33.67295375242013,0.99885,0.9999865245554147,
house-ct-4,HOUSE,CT,4,False,standard,Jim Himes,D,1,Jim Himes,Michael Goldstein,,23.729413954381982,2.0,0.4989811530060501,3.922617215725456,0.003101787357574542,0.0,0.0,0.0,0.088,0.00019713581872584865,,,,0.0,32.631788471763336,32.58665773373166,25.255564522355975,40.00180342169717,0.99955,0.9999999063082993,
house-ct-5,HOUSE,CT,5,False,standard,Jahana Hayes,D,1,Jahana Hayes,Chris Shea,,5.675230760185784,2.0,-1.2666356398500511,1.7837426521934596,0.6465580946098697,0.0,0.0,0.0,-0.1699999999999999,-0.13351079422160553,,,,0.0,15.373678833031677,15.36893013404729,8.063953809009167,22.65365547322236,0.99085,0.9928549398720333,
house-de-al,HOUSE,DE,0,False,standard,Sarah McBride,D,1,Sarah McBride,Joseph Arminio,,14.958471282996337,0.0,0.8909582243564254,5.164260075857007,0.04060067281133071,0.0,0.0,0.0,-0.0749999999999999,-0.0021992031106137437,,,,0.0,26.387561761743868,26.41942809474771,19.053042362276432,33.74861900278478,0.9987,0.9999870430660339,
house-fl-1,HOUSE,FL,1,False,standard,Jimmy Patronis,R,-1,Gay Valimont,Jimmy Patronis,,-37.5886728785613,-2.0,,-2.185732539719852,-0.002733441061511192,-0.0,0.0,0.0,-0.1995,-0.0005405647202331768,,,,0.0,-32.209223625252,-32.20555934311041,-39.52553128325491,-24.797670183999145,0.00055,1.4163499091729565e-07,
house-fl-2,HOUSE,FL,2,False,standard,Neal Dunn,,0,Amanda Green,Austin Rogers,,-18.176177438099554,-3.0,,-1.0205239563158912,-0.8694405835966862,-0.0,0.0,0.0,0.0,0.0,,,,0.0,-10.757726402250348,-10.703228911260261,-19.149719201474007,-2.5340721036615683,0.05565,0.06852114969314385,
house-fl-3,HOUSE,FL,3,False,standard,Kat Cammack,R,-1,Seth Harp,Kat Cammack,,-21.31654394584286,-2.0,1.7742408273770414,-3.823290069006792,-1.0872408155711262,-0.0,0.0,0.0,0.0584999999999999,0.045935924457879994,,,,0.0,-15.902726956664859,-15.96097453853832,-23.23028973789278,-8.620408637800766,0.00965,0.005620817334800187,
house-fl-4,HOUSE,FL,4,False,standard,Aaron Bean,R,-1,LaShonda Holloway,Aaron Bean,,-11.962520792109427,-2.0,2.4555568492913187,-3.8014478951635087,-4.152020853283463,-0.0,0.0,0.0,-0.3275,-0.9820682657141302,,,,0.0,-10.41696443289503,-10.496302543139063,-17.88640869970406,-3.0827301667194607,0.0403,0.0484621742804358,
house-fl-5,HOUSE,FL,5,False,standard,John Rutherford,R,-1,Rachel Grage,John Rutherford,,-21.67839300824128,-2.0,4.3421433214138885,-1.1526586392471585,-0.2826690915169339,-0.0,0.0,0.0,-0.5365,-0.28506207470532285,,,,0.0,-17.21421525417356,-17.156988092601093,-24.51538893637132,-9.892284173803887,0.0069,0.003036090002614959,
house-fl-6,HOUSE,FL,6,False,standard,Randy Fine,R,-1,Eric Yonce,Randy Fine,,-30.308187147843146,-2.0,,-1.8230312456254896,-0.044546226451994186,-0.0,0.0,0.0,-0.2135,-0.011303339955928653,,,,0.0,-24.737729672608783,-24.708199947875862,-31.940323764435924,-17.32958718300237,0.00215,4.0058844786621355e-05,
house-fl-7,HOUSE,FL,7,False,standard,Cory Mills,,0,Bale Dalton,Ryan Elijah,,-12.617439168584001,0.0,,1.3037635090255264,1.968726660101932,0.0,0.0,0.0,0.0,0.0,,,,0.0,-1.9503696158271633,-1.9179943100305128,-10.258084160275335,6.323052763588067,0.3798,0.393802177215974,
house-fl-8,HOUSE,FL,8,False,standard,Mike Haridopolos,R,-1,Jennifer Jenkins,Mike Haridopolos,,-16.395271547785974,-1.0,1.8009870102269927,-1.0785981029654792,-0.7000869131426498,-0.0,0.0,0.0,-0.3255,-0.45775742988642726,2.0,-7.019654026693544,0.11519031386166519,0.34258275444611014,-12.860193206053367,-10.824972278954448,-17.145651897329294,-4.590336369930006,0.01955,0.020204838057182664,0.20492486117377998
house-fl-9,HOUSE,FL,9,False,standard,Darren Soto,D,1,Darren Soto,Dan Green,,-17.93494817151253,2.0,9.409546794910533,0.5496941359508347,0.8388516633954126,0.0,0.0,0.0,0.426,1.4085289157663792,1.0,-5.524072856558397,0.17999999999999997,0.21480532217546458,-1.47304348705538,-2.4128540381958485,-8.920264793150132,4.284600179147098,0.31765,0.4071948857282004,0.31735621111684087
house-fl-10,HOUSE,FL,10,False,same_party,Maxwell Frost,D,1,Maxwell Frost,,D,24.292988534582708,0.0,1.8509874742375356,,,,,0.0,-0.2669999999999999,,,,,,,,,,1.0,,
house-fl-11,HOUSE,FL,11,False,standard,Daniel Webster,,0,James Pericola,Joe Strada,,-15.8391286849105,0.0,,-3.595440355275024,-3.4387414271678662,0.0,0.0,0.0,0.0,0.0,1.0,-5.566272856558397,0.16,0.32741349747514203,-10.858396272554597,-9.110662981956164,-16.162393309894497,-2.099431819615653,0.05395,0.06673560781334323,0.29277606581454646
house-fl-12,HOUSE,FL,12,False,standard,Gus Bilirakis,R,-1,Kimberly Overman,Gus Bilirakis,,-15.553760972030888,-1.0,7.094759437067757,-2.1645814901669307,-1.3925953776976154,-0.0,0.0,0.0,-0.2754999999999999,-0.38402961248946177,,,,0.0,-13.533267233904617,-13.482876100739144,-20.800178304742577,-6.173259009306666,0.0174,0.015520838271600274,
house-fl-13,HOUSE,FL,13,False,standard,Anna Paulina Luna,R,-1,Leela Gray,Anna Paulina Luna,,-13.453080359687094,-2.0,-2.44010282848756,-1.0811664212748688,-1.603458516255625,-0.0,0.0,0.0,0.3545,1.139130607270525,5.0,-5.127091479110378,0.11371779092994608,0.3878000875949654,-4.701388439911762,-4.845871644297935,-10.856063846215752,1.2236659348007204,0.15095,0.22684567595244962,0.2545555244916218
house-fl-14,HOUSE,FL,14,False,standard,Kathy Castor,D,1,Kathy Castor,Mike Beltran,,-10.62098657326328,1.0,7.950182530103848,0.2090118605522644,0.3237025890555981,0.0,0.0,0.0,0.152,0.5100478622630747,1.0,8.123902024427926,0.16,0.30458537814289577,4.256583669453041,5.4201051694348745,-1.0744802126123176,11.740986349322107,0.85995,0.7512515295367727,0.8102220046893425
house-fl-15,HOUSE,FL,15,False,standard,Laurel Lee,R,-1,Robert People,Laurel Lee,,-20.095141150578385,-2.0,0.8807636828702625,-3.8005361948675898,-1.528173857890024,-0.0,0.0,0.0,-0.0705,-0.07780951893090036,,,,0.0,-14.714755125984457,-14.724727303207711,-22.058700795776588,-7.427836838982047,0.0133,0.009497262319826309,
house-fl-16,HOUSE,FL,16,False,standard,Vern Buchanan,,0,Kelly Kirschner,Sydney Gruters,,-13.811661289568429,2.0,,-1.241510054018505,-1.7247411068410494,0.0,0.0,0.0,0.0,0.0,2.0,-5.873055370814628,0.18862367338350267,0.3701836434490405,-6.956042822663417,-6.482975867197723,-13.404406314131595,0.4152710694300868,0.11365,0.1682273876863959,0.26430765093870867
house-fl-17,HOUSE,FL,17,False,standard,Greg Steube,R,-1,Matthew Montavon,Greg Steube,,-22.24156570778953,-2.0,,-3.1857596284373653,-0.7789100452025435,-0.0,0.0,0.0,-0.1234999999999999,-0.06947444875403792,,,,0.0,-17.246136617528922,-17.22713810034844,-24.433186187038356,-9.872905028564713,0.00605,0.002987393896639342,
house-fl-18,HOUSE,FL,18,False,standard,Scott Franklin,R,-1,Curtis Gibson,Scott Franklin,,-17.102886122235766,-1.0,0.8512849936619196,-3.739302145206497,-1.8761283350416031,-0.0,0.0,0.0,-0.2245,-0.3041933636566066,,,,0.0,-14.10928639792612,-14.159202962305331,-21.454883638609736,-6.8646805336588015,0.01375,0.012271847506080425,
house-fl-19,HOUSE,FL,19,False,standard,Byron Donalds,,0,Victor Arias,Jim Schwartzel,,-30.416149231176274,0.0,,-3.228529993240168,-0.1501624655710426,0.0,0.0,0.0,0.0,0.0,,,,0.0,-22.64318074010717,-22.620346750439815,-31.01021104072077,-14.413552506553563,0.0039,0.0008655336750573755,
house-fl-20,HOUSE,FL,20,False,standard,Debbie Wasserman Schultz,D,1,Debbie Wasserman Schultz,Brent Andersen,,37.50081626941555,2.0,3.685393198666764,3.91888919099027,7.153977158733215e-07,0.0,0.0,0.0,0.32,1.653363610018343e-07,,,,0.0,47.65047824498436,47.66994669411798,40.49135954802387,54.903827784191016,1.0,0.9999999999999892,
house-fl-21,HOUSE,FL,21,False,standard,Brian Mast,R,-1,James Martin,Brian Mast,,-16.40535991568672,-2.0,6.836259767160008,-2.344816786842756,-1.3258167099428249,-0.0,0.0,0.0,0.1685000000000001,0.2064270379549357,,,,0.0,-13.641850565678086,-13.628081055244934,-21.026221438817256,-6.261849107900204,0.0173,0.014853624779434676,
house-fl-22,HOUSE,FL,22,False,standard,None (new seat),,0,Pia Dandiya,Casey Askar,,-10.371815924951084,0.0,,-0.1158857691058467,-0.19202244878842975,0.0,0.0,0.0,0.0,0.0,2.0,-0.9249432579383832,0.05167453441618453,0.5123113714819928,-1.601011752113488,-1.2340676684609022,-7.498280919877869,4.888141190646045,0.3969,0.4124971391422079,0.44825408846106457
house-fl-23,HOUSE,FL,23,False,standard,Lois Frankel,D,1,Lois Frankel,Deborah Adeimy,,13.860283552064374,2.0,4.4163509868165605,2.589473894206645,0.05117230059352588,0.0,0.0,0.0,0.5095000000000001,0.021815224947142015,,,,0.0,25.3665436206005,25.376002727761687,18.026789511268667,32.79520152714025,0.99865,0.9999736579997262,
house-fl-24,HOUSE,FL,24,False,standard,Frederica Wilson,,0,Oliver Gilbert,Te Mayonna Brown,,39.04931980196582,1.0,,0.9060069353321618,5.003524543825622e-07,0.0,0.0,0.0,0.0,0.0,,,,0.0,46.364184432497964,46.403793740420085,38.089140789835206,54.5197751100427,0.99985,0.9999999999418491,
house-fl-25,HOUSE,FL,25,False,standard,Jared Moskowitz,D,1,Jared Moskowitz,Scott Singer,,-9.218034236116692,0.0,3.0870778916786765,0.4602244670089471,0.7444842501935375,0.0,0.0,0.0,0.483,1.692875593709777,1.0,8.57983263871714,0.24,0.13630368444284585,4.770933746854071,5.2582196452448065,-1.7597250249845906,12.248458408267519,0.8396,0.776478244761925,0.7136898339423288
house-fl-26,HOUSE,FL,26,False,standard,Mario Díaz-Balart,R,-1,Nicole Locklin,Mario Díaz-Balart,,-18.540683907584068,-2.0,6.511737502652834,-2.3810732143778166,-0.9120727623316827,-0.0,0.0,0.0,-0.6755,-0.5606272355152079,,,,0.0,-16.06334114528086,-16.065119057145935,-23.494901678981424,-8.846251332130011,0.00805,0.005237143154769883,
house-fl-27,HOUSE,FL,27,False,standard,María Elvira Salazar,R,-1,Eliott Rodriguez,María Elvira Salazar,,-14.697284015567739,-2.0,5.851854214290957,-1.702902474616086,-1.3985750415952032,-0.0,0.0,0.0,-0.0335,-0.05961189201904884,3.0,-4.43266342312334,0.08000119732032147,0.385186759660651,-11.609889310747905,-8.90138697407644,-14.979828793605844,-2.750316651338112,0.03645,0.03214284478082916,0.2851029424160024
house-fl-28,HOUSE,FL,28,False,standard,Carlos A. Giménez,,0,Phil Ehr,Carlos Giménez,,-25.62449782340173,-2.0,,-1.1608113437349743,-0.22856317636412476,-0.0,0.0,0.0,-0.4485,-0.19133709179408873,,,,0.0,-17.990193610953725,-18.01860004936632,-26.42502246823909,-9.747066860004963,0.01015,0.006423900948584423,
house-ga-1,HOUSE,GA,1,False,standard,Buddy Carter,,0,Amanda Hollowell,Jim Kingston,,-15.892812698763862,0.0,,-2.351771298389646,-2.679778603719231,0.0,0.0,0.0,0.0,0.0,,,,0.0,-10.156735856270739,-10.136108470383679,-18.491110033503997,-1.7191859975902144,0.06335,0.08021766666837525,
house-ga-2,HOUSE,GA,2,False,standard,Sanford Bishop,D,1,Sanford Bishop,Matt Day,,7.650507378170518,2.0,5.131041568381559,1.892993442224871,0.19315167214309018,0.0,0.0,0.0,0.445,0.09837878977140882,,,,0.0,20.37579080950114,20.467388104675162,12.956407606549792,27.68962579401105,0.9963,0.9994146752978158,
house-ga-3,HOUSE,GA,3,False,standard,Brian Jack,R,-1,Maura Keller,Brian Jack,,-29.876322455669797,-2.0,2.6106379824860677,-2.6549794320546907,-0.03972739822227131,-0.0,0.0,0.0,-0.2054999999999998,-0.006662433555945495,,,,0.0,-26.119672430133225,-26.000829897827046,-33.474924309346335,-18.662270534182092,0.0012,1.5739303559935346e-05,
house-ga-4,HOUSE,GA,4,False,standard,Hank Johnson,D,1,Hank Johnson,James Duffie,,53.03852255145806,2.0,-1.7481010280365077,,0.0,0.0,0.0,0.0,0.01,8.21346537670713e-13,,,,0.0,59.41471911936399,59.25215438213607,52.13588889524626,66.4504989864706,0.99995,1.0,
house-ga-5,HOUSE,GA,5,False,standard,Nikema Williams,D,1,Nikema Williams,John Oscar Salvesen,,72.33073290669485,2.0,,3.3654534994545418,2.689179142532615e-19,0.0,0.0,0.0,0.127,2.4665748690674155e-20,,,,0.0,79.9395353181986,79.95090038750497,72.79474494545151,87.10397507651524,1.0,1.0,
house-ga-6,HOUSE,GA,6,False,standard,Lucy McBath,D,1,Lucy McBath,Kevin Martin,,50.345152979843064,0.0,-0.8546959983136082,4.031937785171063,5.993395357962231e-10,0.0,0.0,0.0,-0.0469999999999999,-2.0344247576193975e-11,,,,0.0,57.365270372801184,57.384822126426215,50.05097405575125,64.65067114891215,1.0,1.0,
house-ga-7,HOUSE,GA,7,False,standard,Rich McCormick,R,-1,Tony Kozycki,Rich McCormick,,-22.30291135099771,-2.0,7.2767955893072545,-1.7762910032698032,-0.24954674650523506,-0.0,0.0,0.0,-0.0284999999999999,-0.008675105356235169,1.0,-8.834415463522603,0.11,0.28743124407332804,-19.161289406172525,-16.225589007619178,-22.699312961102635,-9.759512775083994,0.00515,0.0011304757675421502,0.17943758936190218
house-ga-8,HOUSE,GA,8,False,standard,Austin Scott,R,-1,Kelly Esti,Austin Scott,,-30.72180747930478,-2.0,6.987592458043152,-4.402150452933544,-0.027522627536598766,-0.0,0.0,0.0,0.0455,0.0009044241215498983,,,,0.0,-27.41752936077392,-27.373260027618677,-34.66389945413675,-20.004575767841434,0.00125,6.2507850467713875e-06,
house-ga-9,HOUSE,GA,9,False,standard,Andrew Clyde,R,-1,Caitlyn Gegen,Andrew Clyde,,-34.33522296479662,-2.0,3.5504409590688715,-2.450660283793968,-0.010914531837047275,-0.0,0.0,0.0,0.2204999999999999,0.002127760269194341,,,,0.0,-29.237622725592264,-29.185115481534087,-36.635461686083595,-21.958249092887375,0.0007,1.576506771197817e-06,
house-ga-10,HOUSE,GA,10,False,standard,Mike Collins,,0,Pam Delancy,Houston Gaines,,-20.913860114633074,-1.0,,-4.191954583387389,-1.6355430175362748,-0.0,0.0,0.0,0.0,0.0,,,,0.0,-14.36590414894812,-14.392893164989822,-22.595522501089487,-6.222836801799821,0.02175,0.023521220934799948,
house-ga-11,HOUSE,GA,11,False,standard,Barry Loudermilk,,0,Chris Harden,John Cowan,,-23.563722533183686,0.0,,-3.17001733717638,-0.959322321695416,0.0,0.0,0.0,0.0544999999999999,0.03775999249562228,1.0,1.6715368995391646,0.18,0.3529388650287898,-16.377516866925085,-10.010865412680023,-17.120316913968754,-3.0236325020843844,0.0394,0.011771733911488351,0.568921367483614
house-ga-12,HOUSE,GA,12,False,standard,Rick Allen,R,-1,Ceretta Smith,Rick Allen,,-14.231034879705307,-1.0,6.283421925551944,-3.7637177422160017,-2.5574197214631558,-0.0,0.0,0.0,0.1125,0.20779035236888144,,,,0.0,-12.233487141203803,-12.229549536169706,-19.641008541635866,-4.8525388170113715,0.02595,0.025621904547709348,
house-ga-13,HOUSE,GA,13,False,standard,Everton Blair,,0,Jasmine Clark,Jonathan Chavez,,42.724453914937364,1.0,,,0.0,0.0,0.0,0.0,0.3025,3.478883750042043e-08,,,,0.0,49.869030182031885,49.84099404861407,41.675652246951785,57.95356903190139,1.0,0.9999999999980191,
house-ga-14,HOUSE,GA,14,False,standard,Clay Fuller,R,-1,Shawn Harris,Clay Fuller,,-37.01635857495856,-2.0,,1.467812949399513,0.002388100933170786,-0.0,0.0,0.0,-0.3234999999999999,-0.001140376739710877,,,,0.0,-31.611007375149835,-31.65693359515113,-38.98572961730972,-24.22383528877948,0.00045,2.3394718890597087e-07,
house-hi-1,HOUSE,HI,1,False,standard,Ed Case,D,1,Ed Case,Adriel Lam,,25.166334746889017,2.0,18.640783175923783,,0.0,0.0,0.0,0.0,0.5030000000000001,2.6555078984107977e-06,,,,0.0,43.9987733218725,44.037297935587524,36.78910010906258,51.31884933722755,0.9997,0.9999999999989202,
house-hi-2,HOUSE,HI,2,False,standard,Jill Tokuda,D,1,Jill Tokuda,Brenton Awa,,22.062952000244117,1.0,15.616576458118669,2.218015975224514,8.066183886737733e-05,0.0,0.0,0.0,0.163,1.2843493048832477e-05,,,,0.0,39.3276139871204,39.373512411117986,32.081235047627416,46.608126677467986,0.9996,0.9999999998234118,
house-ia-1,HOUSE,IA,1,False,standard,Mariannette Miller-Meeks,R,-1,Christina Bohannan,Mariannette Miller-Meeks,,-8.590704180072024,-1.0,-8.521283143076325,-0.0794421672972864,-0.11556647185096476,-0.0,0.0,0.0,-0.0644999999999998,-0.20329775723180632,2.0,3.304716156725185,0.24999999993058847,0.26175132364947307,4.234455351594773,4.049477710810397,-2.5369032832885616,10.526629147592143,0.79095,0.7501275568101081,0.6266912208742913
house-ia-2,HOUSE,IA,2,False,standard,Ashley Hinson,,0,Lindsay James,Joe Mitchell,,-10.127597485735269,0.0,,-0.1720623259636155,-0.2864975499707533,0.0,0.0,0.0,0.0,0.0,2.0,-2.4678517807606917,0.09159851293451703,0.4007728776224732,-1.4198834352943235,-1.7419521601223533,-8.600799243298695,5.044087846004409,0.36805,0.42226738998883556,0.38921431877024004
house-ia-3,HOUSE,IA,3,False,standard,Zach Nunn,R,-1,Sarah Trone Garriott,Zach Nunn,,-4.464251430326767,-1.0,-0.754455771234106,-0.0083406686317467,-0.01187299377630378,-0.0,0.0,0.0,0.1625000000000001,0.5011928191818746,1.0,-0.9037624631709813,0.1,0.06034589069203657,5.373641010176485,5.025419689336809,-2.191202589785082,12.121123858083873,0.8193,0.8041182315969371,0.484893883570959
house-ia-4,HOUSE,IA,4,False,standard,Randy Feenstra,,0,David Dawson,Chris McGowan,,-31.901561369041463,1.0,,-1.4783026766701204,-0.04513415222500938,0.0,0.0,0.0,0.0,0.0,,,,0.0,-24.068536082290592,-24.01445435369206,-32.331371665015354,-15.599234418596776,0.0035,0.0004333111320582212,
house-id-1,HOUSE,ID,1,False,standard,Russ Fulcher,R,-1,Kaylee Peterson,Russ Fulcher,,-46.19778126853283,-2.0,0.9076352246212585,-1.3913910102249132,-3.262350319532363e-05,-0.0,0.0,0.0,-0.0524999999999999,-2.6670601298970587e-06,2.0,-19.39279755766006,0.22768421311329795,0.2851711857478466,-40.123081646393345,-34.15762529397878,-40.56397489257601,-27.87851572638506,0.0003,8.008495250337316e-11,0.022541364789870313
house-id-2,HOUSE,ID,2,False,standard,Mike Simpson,R,-1,Ellie Gilbreath,Mike Simpson,,-27.561138104639443,-2.0,5.233872944155752,-2.3674484767699004,-0.09540837110635125,-0.0,0.0,0.0,-0.4535,-0.039598190300423525,,,,0.0,-23.311463512803712,-23.288602313455478,-30.59857145418213,-15.964987623172194,0.0016,0.00010136214098964765,
house-il-1,HOUSE,IL,1,False,standard,Jonathan Jackson,D,1,Jonathan Jackson,Christian Maxwell,,32.45721176888944,2.0,-0.6283098800027416,1.701148349847759,3.3423287729931855e-05,0.0,0.0,0.0,0.003,1.277086564872485e-07,,,,0.0,40.43906317707995,40.382007160359635,33.11703871388103,47.69051758742331,0.9999,0.9999999999524349,
house-il-2,HOUSE,IL,2,False,standard,Robin Kelly,,0,Donna Miller,Michael Noack,,33.57708216310065,0.0,,,0.0,0.0,0.0,0.0,0.0,0.0,,,,0.0,41.12117356524053,41.19062801837691,32.85781804004517,49.377301831630085,0.99965,0.9999999942579859,
house-il-3,HOUSE,IL,3,False,standard,Delia Ramirez,D,1,Delia Ramirez,Angel Oakley,,31.83380528871024,2.0,2.8682636964648127,4.111692187436496,2.7692950756571113e-05,0.0,0.0,0.0,-0.1469999999999999,-2.9400682719892983e-06,,,,0.0,41.76233286937841,41.738836166949056,34.34330048639769,49.02185686331686,0.9999,0.9999999999883851,
house-il-4,HOUSE,IL,4,False,standard,Chuy García,,0,Patty Garcia,Lupe Castillo,,28.752276035686318,0.0,,,0.0,0.0,0.0,0.0,0.0,0.0,,,,0.0,36.47418226776582,36.50707068053897,28.115664529932463,44.78956538285394,0.9995,0.999999786726112,
house-il-5,HOUSE,IL,5,False,standard,Mike Quigley,D,1,Mike Quigley,Tommy Hanson,,37.56614329445709,2.0,0.5003447000653916,,0.0,0.0,0.0,0.0,0.052,8.056493252180457e-08,,,,0.0,45.961213354991344,45.99566143570737,38.858976040221904,53.153176348754435,0.99995,0.9999999999999162,
house-il-6,HOUSE,IL,6,False,standard,Sean Casten,D,1,Sean Casten,Niki Conforti,,5.575462312490821,2.0,2.964765839552494,2.087519346752857,0.46008758637303176,0.0,0.0,0.0,-0.0884999999999999,-0.04226154589860833,,,,0.0,17.51986230443823,17.546316048776486,10.279515726554465,24.91586547899307,0.9928,0.9973735297503318,
house-il-7,HOUSE,IL,7,False,standard,Danny Davis,,0,La Shawn Ford,Chad Koppie,,66.15598021500666,1.0,,2.228434091099001,9.460518214196102e-16,0.0,0.0,0.0,0.3694999999999999,3.398769224198404e-16,,,,0.0,71.91427622605114,71.78751253139495,63.56137299885856,80.16008978341006,1.0,1.0,
house-il-8,HOUSE,IL,8,False,standard,Raja Krishnamoorthi,,0,Melissa Bean,Jennifer Davis,,7.000325718967043,2.0,,0.3339292115176673,0.09568161316675006,0.0,0.0,0.0,0.0,0.0,,,,0.0,16.054764318917343,16.134711974258828,7.704498218669868,24.40666305421625,0.98245,0.986761669144015,
house-il-9,HOUSE,IL,9,False,standard,Jan Schakowsky,,0,Daniel Biss,John Elleson,,36.986157350622044,1.0,,,0.0,0.0,0.0,0.0,0.9295,3.857462384051831e-06,,,,0.0,44.39088326766221,44.41141237584371,36.17504235964814,52.44718549976595,0.9995,0.9999999996506082,
house-il-10,HOUSE,IL,10,False,standard,Brad Schneider,D,1,Brad Schneider,Carl Lambrecht,,22.345356623267172,2.0,-2.2652301709088603,5.125619774484333,0.010720326333296469,0.0,0.0,0.0,0.2260000000000001,0.0017497954870680577,,,,0.0,29.778807586580836,29.687899475408475,22.36419761953672,36.978088084669814,0.9992,0.9999990088443949,
house-il-11,HOUSE,IL,11,False,standard,Bill Foster,D,1,Bill Foster,Jeff Walter,,11.606554064861559,0.0,-0.3003582183254645,2.454408278368989,0.21561398903029905,0.0,0.0,0.0,-0.2189999999999998,-0.04168370792118717,,,,0.0,20.787908259956414,20.787643144418986,13.39016379050906,28.140789454526644,0.9965,0.9995399956242098,
house-il-12,HOUSE,IL,12,False,standard,Mike Bost,R,-1,Julie Fortier,Mike Bost,,-44.08125909098338,-2.0,4.180216152299926,-2.330402018292631,-6.879480562674666e-05,-0.0,0.0,0.0,-0.2654999999999999,-1.6981710291248397e-05,,,,0.0,-39.70760690080088,-39.754974633215376,-47.001375693860545,-32.42894921189083,0.0002,1.2643199786390793e-10,
house-il-13,HOUSE,IL,13,False,standard,Nikki Budzinski,D,1,Nikki Budzinski,Jeff Wilson,,10.649960605661136,1.0,5.699093840100404,2.5788729082839565,0.10835937035909625,0.0,0.0,0.0,-0.007,-0.0006372746966968158,,,,0.0,23.154122181956343,23.10715033499138,15.869735721329969,30.367229717521404,0.99815,0.999887530771931,
house-il-14,HOUSE,IL,14,False,standard,Lauren Underwood,D,1,Lauren Underwood,James Marter,,5.2631897441173,2.0,5.068363312404505,2.981603577156067,0.5292538342386558,0.0,0.0,0.0,0.0555000000000001,0.02134514931991819,,,,0.0,18.540765043950994,18.54933286591198,11.275584269638244,25.850541879425357,0.99505,0.9984275803713263,
house-il-15,HOUSE,IL,15,False,standard,Mary Miller,R,-1,Jennifer Todd,Mary Miller,,-40.433634690775264,-2.0,,-2.701707479578671,-0.0008471198698898451,-0.0,0.0,0.0,0.3305,0.00022452779390395739,,,,0.0,-35.16358379875466,-35.139879819591314,-42.49990147135526,-27.893812010504945,0.00035,1.0450503400785338e-08,
house-il-16,HOUSE,IL,16,False,standard,Darin LaHood,R,-1,Paul Nolley,Darin LaHood,,-23.049919660830685,-2.0,,-3.053507107786751,-0.6415721752188266,-0.0,0.0,0.0,-0.3245,-0.15035956784225668,,,,0.0,-18.020353404625514,-17.937481830891656,-25.2193119073701,-10.658401496933617,0.00655,0.0020353644992904406,
house-il-17,HOUSE,IL,17,False,standard,Eric Sorensen,D,1,Eric Sorensen,Dillan Vancil,,4.828123190177733,2.0,4.148654374160702,1.937764575352899,0.4263466953176676,0.0,0.0,0.0,0.0494999999999999,0.023597130247100508,,,,0.0,17.559230761758137,17.529468973038384,10.389738966122788,24.719207551829655,0.9939,0.9974214652178777,
house-in-1,HOUSE,IN,1,False,standard,Frank J. Mrvan,,0,Frank Mrvan,Barb Regnitz,,0.4022301253280738,1.0,,0.0746375769875172,0.06143064921806345,0.0,0.0,0.0,0.038,0.06776466122151557,,,,0.0,10.26567282807707,10.182765139560333,1.9638238347261239,18.462167560282868,0.93665,0.9219811691319781,
house-in-2,HOUSE,IN,2,False,standard,Rudy Yakym,R,-1,Jamee Decio,Rudy Yakym,,-26.920260374288038,-2.0,1.8550214695547596,-2.8038189407098195,-0.2430707871416836,-0.0,0.0,0.0,0.2664999999999999,0.05005784133830758,,,,0.0,-20.8531615822556,-20.924238106360175,-28.31105782616505,-13.577125199364419,0.003,0.00044212413739176795,
house-in-3,HOUSE,IN,3,False,standard,Marlin Stutzman,R,-1,Kelly Thompson,Marlin Stutzman,,-31.72894798522732,-2.0,3.0134958605389803,-1.803419857987651,-0.012092835976121569,-0.0,0.0,0.0,0.2275,0.003305253833984014,,,,0.0,-28.211648662530106,-28.232558221753848,-35.44189346180321,-20.982507833899934,0.0009,3.473898640483171e-06,
house-in-4,HOUSE,IN,4,False,standard,Jim Baird,R,-1,Drew Cox,Jim Baird,,-29.878658536585366,-2.0,5.398549230995093,-2.606323774000942,-0.04541881506652941,-0.0,0.0,0.0,0.0965,0.0036435677504420287,,,,0.0,-25.69081266689423,-25.57738421742561,-32.91694347191327,-18.369677416511184,0.00135,2.1143580503777976e-05,
house-in-5,HOUSE,IN,5,False,standard,Victoria Spartz,R,-1,J. D. Ford,Victoria Spartz,,-17.12743785454997,-1.0,2.3865274213933985,-1.015500082318891,-0.7544825260595412,-0.0,0.0,0.0,0.1414999999999999,0.22778114133963226,1.0,-7.461214193527705,0.05999999999999999,0.3309695207429,-11.36595097844387,-10.086454559136275,-16.389163958675343,-3.8860345592930567,0.0243,0.03501569427842512,0.19639808009105003
house-in-6,HOUSE,IN,6,False,standard,Jefferson Shreve,R,-1,Cinde Wirth,Jefferson Shreve,,-33.09952049613334,-2.0,0.4805651133835615,-3.872300423106712,-0.0199526975655996,-0.0,0.0,0.0,-0.1185,-0.0017076183666558992,,,,0.0,-28.245387382341317,-28.243605094820264,-35.58248499825351,-20.92927891442836,0.0011,3.362044204794894e-06,
house-in-7,HOUSE,IN,7,False,standard,André Carson,D,1,André Carson,Patrick McAuley,,42.161067786442715,0.0,-1.5523722223000282,,0.0,0.0,0.0,0.0,-0.0829999999999999,-1.4931790094479504e-08,,,,0.0,49.21879007096273,49.17423057606912,41.84192167900322,56.366880004070865,0.9999,0.9999999999999988,
house-in-8,HOUSE,IN,8,False,standard,Mark Messmer,R,-1,Mary Allen,Mark Messmer,,-36.49150182813958,-1.0,2.917961324114919,-1.5217366015143527,-0.001284540893598121,-0.0,0.0,0.0,-1.0645,-0.0019469115240188673,,,,0.0,-33.07624134157136,-33.05566423330636,-40.47605087183224,-25.74199288604112,0.00045,6.858845787540133e-08,
house-in-9,HOUSE,IN,9,False,standard,Erin Houchin,R,-1,Brad Meyer,Erin Houchin,,-30.3858345174336,-2.0,2.047181420126676,-3.02875983830688,-0.0826952290734435,-0.0,0.0,0.0,-0.1394999999999999,-0.008331544329149426,,,,0.0,-24.418787065655668,-24.44125974101175,-31.638699700039346,-17.077296196352606,0.00135,4.939096353735932e-05,
house-ks-1,HOUSE,KS,1,False,standard,Tracey Mann,R,-1,Lauren Reinhold,Tracey Mann,,-31.848581559120564,-2.0,6.301345261018343,-3.806015691409785,-0.02034098757677228,-0.0,0.0,0.0,-0.0655000000000001,-0.0009622417178678681,,,,0.0,-28.19581959106822,-28.203237901717184,-35.597260095617706,-20.819885921322204,0.00085,3.5126710236425747e-06,
house-ks-2,HOUSE,KS,2,False,standard,Derek Schmidt,R,-1,Don Coover,Derek Schmidt,,-20.055354340614592,-2.0,-0.3680230366400758,-0.7382146787724481,-0.2973330617369882,-0.0,0.0,0.0,0.1354999999999999,0.11824748800729032,,,,0.0,-14.519841392585999,-14.497869600502582,-21.86947273186523,-7.113015619172636,0.01335,0.010317384723309283,
house-ks-3,HOUSE,KS,3,False,standard,Sharice Davids,D,1,Sharice Davids,Eric Jenkins,,4.174028834088756,1.0,7.157275137333762,4.600955616274553,0.5053904560066331,0.0,0.0,0.0,-0.1909999999999999,-0.0697158056813594,,,,0.0,18.63390333465986,18.744425908988102,11.35869201668227,25.979758045209426,0.99545,0.9984991506807055,
house-ks-4,HOUSE,KS,4,False,standard,Ron Estes,R,-1,Katy Tyndell,Ron Estes,,-23.69976552345745,-2.0,6.275852691558842,-2.528986830913205,-0.2801588195039413,-0.0,0.0,0.0,-0.1154999999999999,-0.0277224632899907,,,,0.0,-20.095190590187745,-20.021195765174063,-27.322728410954625,-12.688315190903017,0.0043,0.0006808090558345589,
house-ky-1,HOUSE,KY,1,False,standard,James Comer,R,-1,Drew Williams,James Comer,,-47.91004767154219,-2.0,1.3978969625571684,-3.6089459034253775,-2.1594549920192273e-05,-0.0,0.0,0.0,0.1025,1.5985965427031222e-06,,,,0.0,-42.18898179049721,-42.19426847556722,-49.52202672669494,-34.75232937285539,0.0002,8.90054170411247e-12,
house-ky-2,HOUSE,KY,2,False,standard,Brett Guthrie,R,-1,Megan Wingfield,Brett Guthrie,,-41.93201836717013,-2.0,4.147458952843933,-5.078749700002629,-0.0002975963331800654,-0.0,0.0,0.0,-0.2704999999999999,-5.813875031264999e-05,,,,0.0,-37.44569892778774,-37.356590765289766,-44.84570411476679,-29.945473438558377,0.00055,1.2169228034895897e-09,
house-ky-3,HOUSE,KY,3,False,standard,Morgan McGarvey,D,1,Morgan McGarvey,Maria Rodriquez,,19.26899411654809,2.0,4.767103761865028,4.781345768246492,0.007386588621174191,0.0,0.0,0.0,0.405,0.002160577171693451,,,,0.0,30.663606129061517,30.652155379915754,23.332407774398796,37.959331943662,0.9995,0.9999994994566861,
house-ky-4,HOUSE,KY,4,False,standard,Thomas Massie,,0,Melissa Strange,Ed Gallrein,,-36.16019101367484,0.0,,-3.403540947643686,-0.018435050307905067,0.0,0.0,0.0,0.0,0.0,,,,0.0,-28.443260370168836,-28.465342957146603,-36.68652209436172,-20.16958054171586,0.00215,4.1138185160722134e-05,
house-ky-5,HOUSE,KY,5,False,standard,Hal Rogers,R,-1,Ned Pillersdorf,Hal Rogers,,-64.66978795481056,-2.0,,-2.2413907177324863,-2.7800815880570173e-11,-0.0,0.0,0.0,-0.3585,-9.63432371000396e-12,,,,0.0,-60.75348413147698,-60.79592234759699,-68.02242337250254,-53.634459885426395,0.0001,3.3193230490862076e-22,
house-ky-6,HOUSE,KY,6,False,standard,Andy Barr,,0,Zach Dembo,Ralph Alvarado,,-15.313409908980443,-1.0,,-0.0381893615737427,-0.04628650691590181,-0.0,0.0,0.0,0.0,0.0,7.0,0.7520274108278245,0.15665463809052024,0.4269730094603095,-6.903110932046451,-3.6483820502676947,-10.215642028348002,2.987531074124993,0.234,0.17005272512279235,0.536269467969812
house-la-1,HOUSE,LA,1,False,jungle,Steve Scalise,R,-1,Lauren Jewett,Randall Arrington; Steve Scalise,,-38.94809735335349,-2.0,12.025910051031865,,0.0,-0.0,0.0,0.0,0.0,0.0,,,,0.0,-38.67196510065353,-38.74081929104875,-45.94289643518572,-31.40771939068711,0.0002,3.839263207507371e-10,
house-la-2,HOUSE,LA,2,False,jungle,Troy Carter,D,1,Troy Carter; Renada Collins,Peter Williams,,48.34454715461763,0.0,10.026227410449255,,0.0,0.0,0.0,0.0,0.0,0.0,,,,0.0,61.458053989929226,61.47748514703126,54.12108014198856,68.65072959676473,1.0,1.0,
house-la-3,HOUSE,LA,3,False,jungle,Clay Higgins,R,-1,John Day; Priscilla Gonzalez; Tia LeBrun; Caleb Walker,Kate Cotten; Clay Higgins,,-36.49141918263314,-2.0,3.629297718232862,,0.0,-0.0,0.0,0.0,-0.0144999999999999,-5.359430525107241e-05,,,,0.0,-31.504212846433774,-31.54309011314631,-38.803909584508574,-24.201274304796154,0.00065,2.565132226543379e-07,
house-la-4,HOUSE,LA,4,False,jungle,Mike Johnson,R,-1,Conrad Cable; Matt Gromlich,Gordon Heslop; Mike Johnson; Mike Nichols,,-34.66020705293809,-2.0,,-4.4286200430792935,-0.013671872338283503,-0.0,0.0,0.0,0.2215,0.002187119799893742,,,,0.0,-29.18363222913732,-29.22798479758238,-36.438731589497365,-21.9173557428366,0.0007,1.6397290048025717e-06,
house-la-5,HOUSE,LA,5,False,jungle,Julia Letlow,,0,Dan McKay; Patricia Moore; Antonio Wilson,Stewart Cathey Jr.; Misti Cordell; Omar Dantzler; Michael Echols; Gabe Firment; Austin Magee,,-34.46022314691452,0.0,,,0.0,0.0,0.0,0.0,0.0,0.0,,,,0.0,-26.665336953957645,-26.721383991453074,-35.06908928101409,-18.468326104632787,0.0024,0.00011173142592768612,
house-la-6,HOUSE,LA,6,False,jungle,Cleo Fields,,0,Pat Forbes; Lindsay Garcia,Monique Appeaning; Larry Davis; Rick Edmonds; Chris Johnson; Michael Mebruer; Blake Miguez; Stephen Wagley,,-30.628413524975773,-1.0,,,0.0,-0.0,0.0,0.0,0.0,0.0,,,,0.0,-22.711562908655758,-22.712204393018226,-31.017045428414384,-14.33569966179477,0.0045,0.0008377569703358549,
house-ma-1,HOUSE,MA,1,False,same_party,Richard Neal,D,1,Richard Neal,,D,13.91472962033623,0.0,,,,,,0.0,0.396,,,,,,,,,,1.0,,
house-ma-2,HOUSE,MA,2,False,same_party,Jim McGovern,D,1,Jim McGovern,,D,24.287252795533576,0.0,,,,,,0.0,-0.0569999999999999,,,,,,,,,,1.0,,
house-ma-3,HOUSE,MA,3,False,standard,Lori Trahan,D,1,Lori Trahan,Gary Grossi,,19.39223989927893,2.0,,4.602917822939294,0.010966725899019265,0.0,0.0,0.0,0.193,0.0015286397378132966,,,,0.0,29.723815852657566,29.662779526960804,22.511923121433412,36.93155570332566,0.9994,0.9999989430262767,
house-ma-4,HOUSE,MA,4,False,standard,Jake Auchincloss,D,1,Jake Auchincloss,Thomas Stalcup,,20.13118266529218,2.0,,5.765852177419516,0.008135544340566755,0.0,0.0,0.0,0.5090000000000001,0.0029907164945294573,,,,0.0,30.437501235986698,30.432253279544604,23.11976347522575,37.71269723424447,0.9993,0.9999994032644585,
house-ma-5,HOUSE,MA,5,False,same_party,Katherine Clark,D,1,Katherine Clark,,D,46.346449490580284,0.0,,,,,,0.0,0.103,,,,,,,,,,1.0,,
house-ma-6,HOUSE,MA,6,False,standard,Seth Moulton,,0,Dan Koh,Micah Jones,,21.088680178889774,1.0,,2.3034776042991005,0.011011522421663002,0.0,0.0,0.0,0.095,0.0009839637081322065,,,,0.0,29.065942974358865,28.953874503446087,20.755325859647346,37.54901599269094,0.9985,0.9999713875398178,
house-ma-7,HOUSE,MA,7,False,same_party,Ayanna Pressley,D,1,Ayanna Pressley,,D,65.14004345536927,0.0,,,,,,0.0,-0.2809999999999999,,,,,,,,,,1.0,,
house-ma-8,HOUSE,MA,8,False,standard,Stephen Lynch,D,1,Stephen Lynch,Robert Burke,,26.9861956166176,2.0,14.298747911823163,4.349485181727128,1.0692482515972824e-05,0.0,0.0,0.0,0.266,2.0541446966796684e-06,,,,0.0,43.371963392522964,43.435234039646886,36.28426251719383,50.72122542306938,0.9998,0.9999999999978718,
house-ma-9,HOUSE,MA,9,False,standard,Bill Keating,D,1,Bill Keating,Tyler MacAllister,,10.942031882242684,1.0,,1.7503611501444836,0.11056369597546002,0.0,0.0,0.0,0.071,0.009717070043604606,,,,0.0,21.855787125343706,21.77823829687551,14.49985076227655,29.040844664818383,0.99755,0.999752243451824,
house-md-1,HOUSE,MD,1,False,standard,Andy Harris,R,-1,Dan Schwartz,Andy Harris,,-17.30515700957555,-2.0,5.337279097997732,-1.4731728940375293,-0.8146751123750816,-0.0,0.0,0.0,-0.2704999999999999,-0.32410826141112264,1.0,-18.701115713701256,0.09,0.3090903442190712,-13.788275770354305,-15.316515105445326,-21.762044411813978,-8.860084527917918,0.00575,0.013993846311626413,0.020582426059931283
house-md-2,HOUSE,MD,2,False,standard,Johnny Olszewski,D,1,Johnny Olszewski,Dave Wallace,,18.938218026002716,2.0,0.266000010762796,3.367159589513458,0.010490215498547268,0.0,0.0,0.0,0.7454999999999999,0.005648106861342825,,,,0.0,29.834915107651014,29.776880525599374,22.424493850956477,36.999814106026506,0.99895,0.9999990284384803,
house-md-3,HOUSE,MD,3,False,standard,Sarah Elfreth,D,1,Sarah Elfreth,Berney Flowers,,24.49027443115774,2.0,-2.323935412135426,3.879679397517795,0.0018296033183219412,0.0,0.0,0.0,0.7745000000000002,0.0010234089450291371,,,,0.0,33.7761109902273,33.77428841824785,26.4924651000779,40.94408479034674,0.9993,0.9999999657200027,
house-md-4,HOUSE,MD,4,False,standard,Glenn Ivey,D,1,Glenn Ivey,George McDermott,,75.6651801829724,2.0,,3.716068236483568,8.262863029002306e-21,0.0,0.0,0.0,0.181,1.0801398170690235e-21,,,,0.0,83.01703893001358,83.01700654313683,75.77708283534676,90.28466848556084,1.0,1.0,
house-md-5,HOUSE,MD,5,False,standard,Steny Hoyer,,0,Adrian Boafo,Chris Chaffee,,34.05016724003836,1.0,,,0.0,0.0,0.0,0.0,0.0,0.0,,,,0.0,41.575598355077204,41.569590496674635,33.42399683688267,49.87240874581309,0.9998,0.9999999960587679,
house-md-6,HOUSE,MD,6,False,standard,April McClain Delaney,D,1,April McClain Delaney,Robin Ficker,,5.925898469147308,1.0,0.5356131365762353,3.371052092149576,0.5275572829254785,0.0,0.0,0.0,0.342,0.13030664888259322,,,,0.0,18.685458413817564,18.639187273300788,11.362848265947648,25.920501211629272,0.99355,0.9985421925834911,
house-md-7,HOUSE,MD,7,False,standard,Kweisi Mfume,D,1,Kweisi Mfume,Scott Collier,,60.49731735411945,2.0,4.389203584551454,3.8338822565503943,1.0289113377843598e-14,0.0,0.0,0.0,0.124,9.214472647268823e-16,,,,0.0,69.7912160489002,69.7609779305207,62.43236002693942,76.83940863425222,1.0,1.0,
house-md-8,HOUSE,MD,8,False,standard,Jamie Raskin,D,1,Jamie Raskin,Cheryl Riley,,58.05566151736721,2.0,-0.0059471840819389,5.622304673504999,8.426961720223173e-13,0.0,0.0,0.0,0.0205000000000001,1.247658499133048e-14,,,,0.0,65.08777875708205,65.05875326216797,57.80606354133809,72.27599814956879,0.99995,1.0,
house-me-1,HOUSE,ME,1,False,standard,Chellie Pingree,D,1,Chellie Pingree,Ronald Russell,,22.08301794249629,2.0,1.5056209434328922,1.8930307861271725,0.0031156842990785463,0.0,0.0,0.0,-0.3235,-0.0011536183506891452,1.0,21.016405859356276,0.08,0.387512105074501,31.58791200767806,27.51063172090432,21.55245523134709,33.558654037611866,0.9998,0.999999770409568,0.9965968027986044
house-me-2,HOUSE,ME,2,False,standard,Jared Golden,,0,Matthew Dunlap,Paul LePage,,-9.23471064196821,-1.0,,-0.6957075364858891,-1.1686654485276409,-0.0,0.0,0.0,0.0,0.0,8.0,0.9895744078067272,0.03009730759348988,0.5745199440105161,-1.291877320431465,0.12912837300974234,-5.900249821695477,6.011768712628765,0.512,0.429202695423164,0.5627844256775907
house-mi-1,HOUSE,MI,1,False,standard,Jack Bergman,R,-1,Callie Barr,Jack Bergman,,-21.519722425890762,-2.0,0.2316726756453766,-0.8898274179139831,-0.3669169264722298,-0.0,0.0,0.0,-0.3004999999999999,-0.26847171792480545,,,,0.0,-14.857721925558568,-14.926874212656024,-22.22188034625299,-7.612878023693971,0.0122,0.008921778386954148,
house-mi-2,HOUSE,MI,2,False,standard,John Moolenaar,R,-1,Ben Ambrose,John Moolenaar,,-30.540216196830155,-2.0,3.8770253670758894,-3.3498424879426896,-0.05525587934231918,-0.0,0.0,0.0,-0.1514999999999999,-0.006045914131372088,,,,0.0,-25.554416006073378,-25.54897260751148,-32.68848927226416,-18.296631485909764,0.00115,2.3140142539832993e-05,
house-mi-3,HOUSE,MI,3,False,standard,Hillary Scholten,D,1,Hillary Scholten,Terri DeBoer,,7.972385433101784,2.0,2.3010195922239145,1.6256937267342797,0.2341676331812093,0.0,0.0,0.0,-0.0779999999999999,-0.02434304159315537,,,,0.0,19.017490344717917,18.925869859866445,11.82077735542541,26.300238153805207,0.9952,0.9987783092071133,
house-mi-4,HOUSE,MI,4,False,standard,Bill Huizenga,R,-1,Sean McCann,Bill Huizenga,,-5.621377887750186,-1.0,6.147840019606269,-0.5010513514334808,-0.8415809264467177,-0.0,0.0,0.0,0.0155,0.0564075771854051,4.0,-2.0806999392615673,0.0700026953151286,0.37161842739185347,-0.9632465706954212,-1.3713685350220932,-7.540357732197135,4.737405906509092,0.38035,0.43906135745698505,0.3978198698369757
house-mi-5,HOUSE,MI,5,False,standard,Tim Walberg,R,-1,Christian Vukasovich,Tim Walberg,,-27.40917258410124,-2.0,5.9077309581649216,-3.533420937766253,-0.11279500220544708,-0.0,0.0,0.0,0.0665,0.005417293300367167,,,,0.0,-23.4984200856957,-23.48457983950031,-30.7938920074689,-16.285868581469973,0.00165,9.015301633291194e-05,
house-mi-6,HOUSE,MI,6,False,standard,Debbie Dingell,D,1,Debbie Dingell,Heather Smiley,,23.922767554940073,2.0,4.0544345737160805,,0.0,0.0,0.0,0.0,0.4305,0.00035371941728707827,,,,0.0,34.77175360601236,34.797787345317715,27.568068990123074,41.97263356549057,0.9995,0.999999985904279,
house-mi-7,HOUSE,MI,7,False,standard,Tom Barrett,R,-1,William Lawrence,Tom Barrett,,-1.303857115880356,-2.0,2.410882391128948,-1.7382445669946092,-2.5427974811358305,-0.0,0.0,0.0,0.2015,0.6386575407080376,2.0,-1.6958050266528293,0.04246658401460387,0.4307796517904698,2.560193633464705,0.7064013328724278,-5.129135856327269,6.642234481152627,0.56215,0.658464532919339,0.4063622404122996
house-mi-8,HOUSE,MI,8,False,standard,Kristen McDonald Rivet,D,1,Kristen McDonald Rivet,Thomas Smith,,-2.009144166793344,2.0,9.05853067314203,5.09832166479946,0.9572595585140392,0.0,0.0,0.0,-0.0809999999999999,-0.05599968417307123,,,,0.0,16.367238572536998,16.35509102384046,9.078160685796917,23.876367504138482,0.9924,0.9954162921902838,
house-mi-9,HOUSE,MI,9,False,standard,Lisa McClain,R,-1,Ray Pooley,Lisa McClain,,-32.77545908113034,-2.0,5.805455279935123,-5.273263460476266,-0.0155176483679073,-0.0,0.0,0.0,-0.0224999999999999,-0.0002521617859784925,,,,0.0,-28.87367005928416,-28.902737870321474,-36.19304464912892,-21.66510368861217,0.0007,2.101201572512152e-06,
house-mi-10,HOUSE,MI,10,False,standard,John James,,0,Christina Hines,Mike Bouchard,,-6.684831205554229,0.0,,-0.1521755647335265,-0.24249671854725469,0.0,0.0,0.0,0.0,0.0,2.0,-3.4543801744966416,0.10000107097153632,0.3811500222065045,2.5159506798604188,0.2368185286826393,-6.597497817710766,7.072632262412814,0.51885,0.6359778472889667,0.3524118289350876
house-mi-11,HOUSE,MI,11,False,standard,Haley Stevens,,0,Jeremy Moss,Ethan Baker,,16.423294509151415,-1.0,,2.19675704633931,0.05608940738179586,-0.0,0.0,0.0,0.0,0.0,,,,0.0,24.609462675220442,24.637312121470256,16.248843099626654,32.81451023741788,0.99655,0.9996688729118163,
house-mi-12,HOUSE,MI,12,False,standard,Rashida Tlaib,D,1,Rashida Tlaib,James Hooper,,39.897191011235954,2.0,6.740255373846851,5.340050291667084,4.6319807052055285e-08,0.0,0.0,0.0,-0.0714999999999999,-2.3919033697158514e-09,,,,0.0,51.621068651518485,51.60707772592225,44.51801234294189,58.83378668462941,1.0,1.0,
house-mi-13,HOUSE,MI,13,False,standard,Shri Thanedar,,0,Donavan McKinney,T. P. Nykoriak,,41.99678274964389,1.0,,,0.0,0.0,0.0,0.0,0.0,0.0,,,,0.0,49.176111138160735,49.23423332667174,40.93939382841833,57.49724736467611,0.9997,0.9999999999960586,
house-mn-1,HOUSE,MN,1,False,standard,Brad Finstad,R,-1,Jake Johnson,Brad Finstad,,-12.233713055803454,-2.0,4.75157807356985,-0.0817357309336514,-0.09915641106668578,-0.0,0.0,0.0,-0.0124999999999999,-0.03285571808534976,3.0,-4.756972482575997,0.07000016414491037,0.3406652479192672,-6.979234943509298,-6.166721839518336,-12.37935040494116,0.05222272848357512,0.10185,0.13301274542811822,0.28908820428948856
house-mn-2,HOUSE,MN,2,False,standard,Angie Craig,,0,Matt Little,Eric Pratt,,5.9507367864820395,0.0,,0.5706436769766289,0.19868251307429102,0.0,0.0,0.0,0.0,0.0,2.0,6.595898905935373,0.080982468186536,0.4401968810273225,15.25306697664994,11.468880740372878,4.762290573543185,18.01772195719952,0.97845,0.9824920906967114,0.7922956449482487
house-mn-3,HOUSE,MN,3,False,standard,Kelly Morrison,D,1,Kelly Morrison,Tyler Bass,,21.720150444274704,2.0,-4.60252185814226,,0.0,0.0,0.0,0.0,0.0,0.0,,,,0.0,29.834665292157087,29.874100335285426,22.569878107498088,37.04323157353559,0.999,0.9999990471388841,
house-mn-4,HOUSE,MN,4,False,standard,Betty McCollum,D,1,Betty McCollum,Paul Wikstrom,,36.46698138802974,2.0,-1.6101802176268754,3.83215516867897,8.51639288665026e-06,0.0,0.0,0.0,0.131,8.057453936647441e-07,,,,0.0,43.748072379728036,43.80949031829611,36.57079349549394,51.13371493836952,0.99995,0.9999999999988466,
house-mn-5,HOUSE,MN,5,False,standard,Ilhan Omar,D,1,Ilhan Omar,John Nagel,,63.542984491902445,2.0,-13.069564180094382,2.1154608785306404,3.698192907422212e-12,0.0,0.0,0.0,-0.3,-1.1363128546693288e-12,,,,0.0,63.03284093812663,63.061121442669446,55.79873039437198,70.2465981914163,0.99995,1.0,
house-mn-6,HOUSE,MN,6,False,standard,Tom Emmer,R,-1,Doug Chapin,Tom Emmer,,-20.06608890237427,-2.0,4.8763389132086905,-3.231449164368663,-0.9968255012797358,-0.0,0.0,0.0,-0.0674999999999999,-0.04859524318738705,,,,0.0,-16.321687655946768,-16.301362851603987,-23.60134016960489,-8.933375771495394,0.0085,0.004643266452491358,
house-mn-7,HOUSE,MN,7,False,standard,Michelle Fischbach,R,-1,Erik Osberg,Michelle Fischbach,,-37.09774237198466,-2.0,3.82631766493813,-1.6051921295735947,-0.0019760672350241986,-0.0,0.0,0.0,0.0874999999999999,0.00023338602675941825,,,,0.0,-32.242872968420166,-32.17187347862355,-39.50598467711579,-25.004633996651716,0.0005,1.382806030124063e-07,
house-mn-8,HOUSE,MN,8,False,standard,Pete Stauber,R,-1,Trina Swanson,Pete Stauber,,-14.531388413157739,-2.0,1.43447499278819,-2.0479487256838023,-2.317637200372291,-0.0,0.0,0.0,-0.0135,-0.033101848332777184,,,,0.0,-9.893426324308553,-9.854159449171675,-17.251157748022727,-2.517035947664477,0.04935,0.057423435140829954,
house-mo-1,HOUSE,MO,1,False,standard,Wesley Bell,D,1,Wesley Bell,Paul Berry,,58.18768172722622,2.0,2.9716294497426725,,0.0,0.0,0.0,0.0,0.894,1.709543130489143e-14,,,,0.0,68.80919634825922,68.81568409113365,61.4849270138628,75.9668490896343,1.0,1.0,
house-mo-2,HOUSE,MO,2,False,standard,Ann Wagner,R,-1,Fred Wellman,Ann Wagner,,-8.036578251263439,-2.0,4.207181997151738,-1.7513577826849565,-2.8753979404067898,-0.0,0.0,0.0,0.0934999999999999,0.3326034835294376,2.0,-2.0314275105607074,0.15,0.33002479529285395,-4.362450241826139,-3.5644885950379948,-9.872502456199763,2.706770541138467,0.2282,0.24348677543626268,0.4083525416945019
house-mo-3,HOUSE,MO,3,False,standard,Bob Onder,R,-1,Bethany Mann,Bob Onder,,-27.09880132670149,-2.0,-0.2974415771232381,-2.721599347768508,-0.17802032813244728,-0.0,0.0,0.0,-0.1494999999999999,-0.02118745043602694,,,,0.0,-21.81876901659407,-21.74404678404672,-29.10690283862267,-14.500065463067775,0.00295,0.00025217900156987764,
house-mo-4,HOUSE,MO,4,False,standard,Mark Alford,R,-1,Jordan Herrera,Mark Alford,,-42.811354448074596,-2.0,2.882068726654942,-3.539218868419995,-0.0002651199153877686,-0.0,0.0,0.0,-0.1125,-2.15409931252562e-05,,,,0.0,-37.66716540595909,-37.773675968946336,-45.00570008378301,-30.526203136512787,0.0002,9.715640162703793e-10,
house-mo-5,HOUSE,MO,5,False,standard,Emanuel Cleaver,D,1,Emanuel Cleaver,Rick Brattin,,23.50937224201861,1.0,1.2184126690067822,1.874106207615429,0.0017835622644086083,0.0,0.0,0.0,0.3075,0.0006340613748749063,,,,0.0,32.813297436521395,32.83289872024875,25.555995437173216,39.86387093823725,0.99945,0.9999999196863737,
house-mo-6,HOUSE,MO,6,False,standard,Sam Graves,,0,Josh Smead,Chris Stigall,,-39.31892471811242,0.0,,-1.862502483332656,-0.0029114698727062496,0.0,0.0,0.0,0.0,0.0,,,,0.0,-31.706112093665276,-31.652372623747326,-39.84824958904603,-23.332995555388532,0.00105,5.646210336465024e-06,
house-mo-7,HOUSE,MO,7,False,standard,Eric Burlison,R,-1,Missi Hesketh,Eric Burlison,,-43.124014394889,0.0,3.03776442543215,-3.3818441974007443,-0.00021345361904269807,0.0,0.0,0.0,0.0775000000000001,1.1947473399195478e-05,,,,0.0,-38.07916654417626,-38.06668696872569,-45.29448313746008,-30.720226365732838,0.00025,6.48318193569282e-10,
house-mo-8,HOUSE,MO,8,False,standard,Jason Smith,R,-1,Chris Reichard,Jason Smith,,-54.60781455423596,-2.0,0.7571927791819908,-5.642867503322933,-3.100666067621956e-07,-0.0,0.0,0.0,0.0164999999999999,3.6949603972494755e-09,,,,0.0,-48.89743795816825,-48.90771816725263,-56.0844585955202,-41.795728512591765,0.0,3.4577718893158736e-15,
house-ms-1,HOUSE,MS,1,False,standard,Trent Kelly,R,-1,Cliff Johnson,Trent Kelly,,-37.53256379062851,-2.0,1.961787866264081,-1.0758979445378716,-0.0017090724175536439,-0.0,0.0,0.0,-0.0495000000000001,-0.00017036747557070604,,,,0.0,-31.66859007319538,-31.667903473919388,-38.92405393874528,-24.371481976906722,0.00065,2.221496203891566e-07,
house-ms-2,HOUSE,MS,2,False,standard,Bennie Thompson,D,1,Bennie Thompson,Ron Eller,,20.573389722299627,2.0,3.580985900573041,3.1477987759962702,0.005682072421448096,0.0,0.0,0.0,0.6975000000000001,0.0028623439823044785,,,,0.0,31.272736838413646,31.258963626681712,23.955165168669218,38.48131430979876,0.99925,0.9999996983622037,
house-ms-3,HOUSE,MS,3,False,standard,Michael Guest,R,-1,Michael Chiaradio,Michael Guest,,-29.463344005292292,-2.0,,-2.045235290297825,-0.06697273599245207,-0.0,0.0,0.0,-0.0115,-0.0008159146022928236,,,,0.0,-23.880385889901074,-23.88961294646729,-31.236307373550478,-16.539198027966545,0.00175,7.022531876796814e-05,
house-ms-4,HOUSE,MS,4,False,standard,Mike Ezell,R,-1,Jeffrey Hulum III,Mike Ezell,,-42.99199812853909,-1.0,4.783732566765081,-3.0353314029711926,-0.0001375189054009532,-0.0,0.0,0.0,-0.0974999999999999,-9.683622921983777e-06,,,,0.0,-38.90153990707915,-38.92213436463895,-46.1892026253254,-31.63844965300068,0.00035,2.8879629737294917e-10,
house-mt-1,HOUSE,MT,1,False,standard,Ryan Zinke,,0,Sam Forstag,Aaron Flint,,-11.922412494511375,0.0,,0.0635156786567131,0.09961142810872334,0.0,0.0,0.0,0.0,0.0,6.0,-1.8733669060272093,0.10566841874674159,0.4764268337831398,-3.0480432132991666,-2.456385364497675,-8.867627512336364,3.8295032222242678,0.30795,0.3368415717248037,0.4024479022289085
house-mt-2,HOUSE,MT,2,False,standard,Troy Downing,R,-1,Brian Miller,Troy Downing,,-30.507838926964144,-2.0,1.3480660134091798,-4.276495910059555,-0.045617554838650376,-0.0,0.0,0.0,0.2555,0.008417706022032068,1.0,-20.182669453547305,0.26,0.23358201798586598,-26.066051132535627,-24.62846512337112,-31.2368499405155,-18.140323648761903,0.00035,1.629023209395277e-05,0.03357643873533076
house-nc-1,HOUSE,NC,1,False,standard,Don Davis,D,1,Don Davis,Laurie Buckhout,,-11.640982218458934,2.0,5.026946521719204,0.1786801306703458,0.2992453847121524,0.0,0.0,0.0,0.3215000000000001,1.1666061961415486,6.0,6.865318694553338,0.09880833734829143,0.40127893845461976,2.1368973038893158,4.041461952146144,-2.1000682604811094,10.013088780027177,0.80165,0.6333390798991969,0.8183962757693005
house-nc-2,HOUSE,NC,2,False,standard,Deborah Ross,D,1,Deborah Ross,Eugene Douglass,,34.43506519240677,2.0,1.126980153367172,,0.0,0.0,0.0,0.0,0.4135,3.3245188865753914e-06,,,,0.0,43.30499491948524,43.281919239434245,36.07131587630411,50.529994031210876,0.99995,0.999999999998008,
house-nc-3,HOUSE,NC,3,False,standard,Greg Murphy,R,-1,Raymond Smith Jr.,Greg Murphy,,-13.756454677871803,-1.0,,-2.7768693520994554,-3.166115452915944,-0.0,0.0,0.0,-0.1294999999999999,-0.31991394439413806,1.0,-6.0186695659553076,0.15,0.2701921429010295,-10.957053683029853,-9.630987661871494,-16.15497258762533,-3.0171055046826174,0.03655,0.04039524380241562,0.27439117415135345
house-nc-4,HOUSE,NC,4,False,standard,Valerie Foushee,D,1,Valerie Foushee,Max Ganorkar,,46.06391998673297,2.0,0.726365233790994,3.1214903757679835,7.056490885422766e-09,0.0,0.0,0.0,0.022,1.121197996239395e-10,,,,0.0,54.181992040734876,54.19810450785066,47.01858353456907,61.41006900489524,1.0,1.0,
house-nc-5,HOUSE,NC,5,False,standard,Virginia Foxx,R,-1,Chuck Hubbard,Virginia Foxx,,-17.953183297610543,-2.0,0.9004566182576133,-2.382014743822398,-1.7562460803519218,-0.0,0.0,0.0,-0.4265,-0.6813214470204846,,,,0.0,-13.327604431387403,-13.402787108061949,-20.672859612163553,-6.071122642893271,0.0174,0.016824056916353674,
house-nc-6,HOUSE,NC,6,False,standard,Addison McDowell,R,-1,Cyril Jefferson,Addison McDowell,,-17.37132543617617,0.0,,-1.8159916883842968,-1.2483507187609,0.0,0.0,0.0,-0.0115,-0.01712823849438058,,,,0.0,-12.609143391141076,-12.66373933948859,-19.974989204187906,-5.267380559214622,0.0216,0.022229021057302917,
house-nc-7,HOUSE,NC,7,False,standard,David Rouzer,R,-1,Kimberly Hardy,David Rouzer,,-13.94974512852853,-2.0,3.0371662790510188,-2.4114259874364383,-2.657380298031255,-0.0,0.0,0.0,-0.0484999999999999,-0.11580134787728416,1.0,-10.579072955322204,0.16,0.25724875973798583,-10.565528120121808,-10.549961802407683,-17.043776311449538,-4.0863194399525335,0.02385,0.04611227940153112,0.15367635972601434
house-nc-8,HOUSE,NC,8,False,standard,Mark Harris,R,-1,Colby Watson,Mark Harris,,-19.58539183387993,-2.0,-0.5226098593041444,-2.9714893398474422,-1.3382292995222749,-0.0,0.0,0.0,0.2424999999999999,0.23662476871842344,,,,0.0,-14.870315633438379,-14.912135907716543,-22.389553894740498,-7.656913481199744,0.01175,0.008888074409139145,
house-nc-9,HOUSE,NC,9,False,standard,Richard Hudson,R,-1,Richard Ojeda,Richard Hudson,,-16.01098912732778,-1.0,3.562598698207295,-0.5658622958580318,-0.45489303797306885,-0.0,0.0,0.0,-0.0055,-0.00957973122116696,1.0,-11.18971923095151,0.11999999999999998,0.2743189014675815,-10.766892016646034,-10.930199750444338,-17.39146971424102,-4.435506406856204,0.0219,0.043071309487885956,0.12999499979506107
house-nc-10,HOUSE,NC,10,False,standard,Pat Harrigan,R,-1,Ashley Bell,Pat Harrigan,,-17.90491390090454,-2.0,2.14373170993112,-2.820939655170511,-1.3409502208338595,-0.0,0.0,0.0,0.2195,0.22607132864020404,1.0,-9.870789803994953,0.11000000000000001,0.05574163550473267,-14.598123701133835,-14.22351908782597,-21.480411925345162,-7.116097733505498,0.013,0.009996275287142685,0.34515592205530377
house-nc-11,HOUSE,NC,11,False,standard,Chuck Edwards,,0,Jamie Ager,Jennifer Balkcom,,-9.615756470815723,-1.0,,,0.0,-0.0,0.0,0.0,0.0,0.0,1.0,-1.7411685597178082,0.09,0.3593131005873577,-0.5547002531658307,-0.9483228780072191,-7.911145497730109,5.912263368766389,0.42825,0.4694927046321185,0.4276781280312729
house-nc-12,HOUSE,NC,12,False,standard,Alma Adams,D,1,Alma Adams,Jack Codiga,,47.05490301304412,2.0,1.1270365772888915,2.921350717741225,2.8436113139164964e-09,0.0,0.0,0.0,-0.0869999999999999,-1.8348386909453573e-10,,,,0.0,55.34203146868383,55.36906887342365,48.19256225432232,62.52740730212174,0.99995,1.0,
house-nc-13,HOUSE,NC,13,False,standard,Brad Knott,R,-1,Paul Barringer,Brad Knott,,-16.650008567022674,-2.0,0.4560768947753066,-0.3592015682133619,-0.2512512026329424,-0.0,0.0,0.0,0.0774999999999999,0.11745289602147531,,,,0.0,-11.366620390137038,-11.3110432636423,-18.62918786168814,-3.9681387027130426,0.0312,0.0350136837718897,
house-nc-14,HOUSE,NC,14,False,standard,Tim Moore,R,-1,Lakesha Womack,Tim Moore,,-15.227341475872397,-2.0,0.789457935210705,-4.191631695878629,-2.5522505702878227,-0.0,0.0,0.0,-0.2845,-0.5244165963449728,1.0,-2.8573200389285573,0.12,0.05366795017740486,-12.975252778842812,-12.431526904456744,-19.617064887655005,-5.21532912003542,0.02185,0.01933593327691078,0.45504079148744186
house-nd-al,HOUSE,ND,0,False,standard,Julie Fedorchak,R,-1,Trygve Hammer,Julie Fedorchak,,-37.392986132786376,0.0,1.5166580299915813,-2.306827077689307,-0.001805566381405168,0.0,0.0,0.0,-0.1165,-0.0001975679286269722,,,,0.0,-33.23907397856695,-33.220801828766646,-40.5550743419417,-25.91462226276877,0.00035,5.91439169178564e-08,
house-ne-1,HOUSE,NE,1,False,standard,Mike Flood,R,-1,Chris Backemeyer,Mike Flood,,-13.228325882116762,0.0,6.85585176481844,-1.4734707971875542,-1.3922741887255197,0.0,0.0,0.0,-0.1254999999999999,-0.2569325141746205,3.0,0.3798660574643484,0.061362165233098336,0.41821917145381715,-10.752422684181836,-6.164242032245305,-12.034624650856747,-0.12755718982417621,0.0952,0.043312472902487076,0.5209995498761552
house-ne-2,HOUSE,NE,2,False,standard,Don Bacon,,0,Denise Powell,Brinker Harding,,4.684329452129328,-1.0,,0.3401203134819927,0.1475389841706506,-0.0,0.0,0.0,0.0,0.0,1.0,3.9265089737741454,0.12,0.3738734689234801,14.110923640694242,10.317298313483478,3.5751908526343974,17.190079882633533,0.96705,0.9744225759350158,0.664699435925198
house-ne-3,HOUSE,NE,3,False,standard,Adrian Smith,R,-1,Becky Stille,Adrian Smith,,-54.43078179590726,-2.0,6.281908983757716,-3.5634760152249814,-4.226493478086408e-08,-0.0,0.0,0.0,-0.0905,-2.7624830983159214e-09,,,,0.0,-51.748689269123204,-51.76898977116873,-58.91731045207612,-44.499518828693034,0.0001,9.476668787173032e-17,
house-nh-1,HOUSE,NH,1,False,standard,Chris Pappas,,0,Stefany Shaheen,Anthony DiLorenzo,,2.01995452407088,1.0,,-0.02745650817707,-0.018051752133591444,0.0,0.0,0.0,0.0,0.0,1.0,3.1144817486843372,0.12,0.42196194290432604,11.604951967964881,8.027336456019698,1.3755783636722,14.64073726979689,0.9337,0.9456067562211611,0.6448771662743303
house-nh-2,HOUSE,NH,2,False,standard,Maggie Goodlander,D,1,Maggie Goodlander,Lily Tang Williams,,3.626907261452192,2.0,2.4630204395387385,1.1004297771301996,0.24263416936972768,0.0,0.0,0.0,0.2975000000000001,0.1421244180439868,8.0,19.322123536545213,0.10056995912721194,0.4120310450033073,17.485053529077838,18.302638508139474,12.285277063794085,24.246937813123726,0.99855,0.9973221195635679,0.9954798859356644
house-nj-1,HOUSE,NJ,1,False,standard,Donald Norcross,D,1,Donald Norcross,Damon Galdo,,19.018716043787666,2.0,-0.6562314713287689,4.573836065745343,0.027123080854063245,0.0,0.0,0.0,1.0475,0.020519364085011458,,,,0.0,27.476965945947512,27.577042202636704,20.21661236202373,34.958149305337365,0.99885,0.9999941871866173,
house-nj-2,HOUSE,NJ,2,False,standard,Jeff Van Drew,R,-1,Zack Mullock,Jeff Van Drew,,-12.73536038103531,0.0,4.1645729131194384,-2.213969712600671,-2.6260640959433057,0.0,0.0,0.0,0.1605000000000001,0.41247799559622955,,,,0.0,-9.293532851427857,-9.323578567204201,-16.563183111483635,-1.8355269334096538,0.0583,0.06929678467303048,
house-nj-3,HOUSE,NJ,3,False,standard,Herb Conaway,D,1,Herb Conaway,Michael McGuire,,8.495531888848085,2.0,0.3985928017944582,2.302732629859251,0.228866369230074,0.0,0.0,0.0,0.158,0.03402417894743496,,,,0.0,20.44112265135933,20.454950620563096,13.14002826037433,27.79626035577775,0.9967,0.9994366157689987,
house-nj-4,HOUSE,NJ,4,False,standard,Chris Smith,R,-1,Rachel Peace,Chris Smith,,-30.53695687107094,-2.0,5.412096666495109,-2.87931398118424,-0.03918341119985801,-0.0,0.0,0.0,-0.6265000000000001,-0.018472530528839612,,,,0.0,-26.391703552461497,-26.39375037337522,-33.575748484963356,-19.029084876380466,0.00155,1.2984591867643925e-05,
house-nj-5,HOUSE,NJ,5,False,standard,Josh Gottheimer,D,1,Josh Gottheimer,Sean Kirrane,,1.5426974936227071,2.0,10.108780542572298,5.764249222090967,0.6022291806016321,0.0,0.0,0.0,0.5660000000000001,0.2461779061592672,,,,0.0,18.339300537135014,18.426268570762147,11.133053668518203,25.78828861478923,0.99525,0.9982489889766683,
house-nj-6,HOUSE,NJ,6,False,standard,Frank Pallone,D,1,Frank Pallone,Hillary Herzig,,6.589506910899613,2.0,9.844926059860338,5.136164539520171,0.1881452211458649,0.0,0.0,0.0,0.309,0.04198774185238552,,,,0.0,21.98937015245179,22.05842458535566,14.73780466387637,29.37589780080016,0.9975,0.9997687750135071,
house-nj-7,HOUSE,NJ,7,False,standard,Thomas Kean Jr.,R,-1,Rebecca Bennett,Thomas Kean Jr.,,-1.1969676211353153,-2.0,4.184102499735708,-0.1760146501612592,-0.2386707896647881,-0.0,0.0,0.0,-0.4455,-1.3088511638825089,2.0,4.508979985834691,0.10997898920063201,0.3586348497025527,4.007271063513677,4.273810389153124,-2.059158163457532,10.460850143837067,0.8113,0.7385528585629384,0.7082864504742915
house-nj-8,HOUSE,NJ,8,False,same_party,Rob Menendez,D,1,Rob Menendez,,D,24.811967664433183,0.0,1.4689350950109177,,,,,0.0,0.468,,,,,,,,,,1.0,,
house-nj-9,HOUSE,NJ,9,False,standard,Nellie Pou,D,1,Nellie Pou,Rosie Pino,,-1.1707415175108455,1.0,6.356050412977262,1.88193531688059,0.6882036531731743,0.0,0.0,0.0,0.346,0.27414509629232486,,,,0.0,15.78011348114215,15.874871007063035,8.477904456675539,23.09262462900878,0.98995,0.9940077716235195,
house-nj-10,HOUSE,NJ,10,False,standard,LaMonica McIver,D,1,LaMonica McIver,Carmen Bucco,,51.66747780945097,2.0,2.433459933561772,4.468671940968306,9.24414866045371e-12,0.0,0.0,0.0,-0.7625,-5.090701310930412e-12,,,,0.0,62.382039442789186,62.4458780616385,55.20317382268388,69.67281505112327,0.99995,1.0,
house-nj-11,HOUSE,NJ,11,False,standard,Analilia Mejia,D,1,Analilia Mejia,Joe Hathaway,,8.896444150169497,0.0,,-0.075501282829264,-0.008083611275453258,0.0,0.0,0.0,0.0,0.0,,,,0.0,19.902895290357403,19.95305318960049,12.723761508638459,27.19958180702435,0.99645,0.9992417333567579,
house-nj-12,HOUSE,NJ,12,False,standard,Bonnie Watson Coleman,,0,Adam Hamawy,Gregg Mele,,24.53718857974177,0.0,,2.7032364785647616,0.0031031056889010587,0.0,0.0,0.0,0.0255,6.34227122455858e-05,,,,0.0,32.40004499623484,32.45763685880635,24.20889360501063,40.794777773361524,0.999,0.9999964081576139,
house-nm-1,HOUSE,NM,1,False,standard,Melanie Stansbury,D,1,Melanie Stansbury,Didi Okpareke,,12.99640454650893,2.0,-0.1351058694813423,2.545098087771315,0.14906503600981433,0.0,0.0,0.0,-0.1649999999999999,-0.020938584107842426,,,,0.0,22.112491849583822,22.164462537770003,14.86812507758306,29.47218949805111,0.997,0.9997886739056019,
house-nm-2,HOUSE,NM,2,False,standard,Gabe Vasquez,D,1,Gabe Vasquez,Greg Cunningham,,-1.8466859656378058,2.0,6.128641962690037,1.102888155146477,0.674979363953324,0.0,0.0,0.0,-0.1959999999999999,-0.2599005485925953,2.0,2.915435515239103,0.11005846545564886,0.3587463140903674,12.473731208430397,9.108793020282615,2.9103575570683597,15.239131160108776,0.9646,0.9765288233323308,0.6386598945907768
house-nm-3,HOUSE,NM,3,False,standard,Teresa Leger Fernandez,,0,Teresa Leger Fernández,Martin Zamora,,5.320573111539808,1.0,,1.3384049583296245,0.5208924533382971,0.0,0.0,0.0,-0.1549999999999999,-0.13070263063811455,,,,0.0,14.902174639429903,14.935041483581973,6.722017144838213,23.20882369537776,0.97845,0.9802804397992548,
house-nv-1,HOUSE,NV,1,False,standard,Dina Titus,D,1,Dina Titus,Carrie Buck,,2.3001314794627863,1.0,5.603080209551462,-0.0039612007823134,-0.0012025872756490255,0.0,0.0,0.0,-0.0569999999999999,-0.037493562357603295,,,,0.0,15.657311656363914,15.691866999696899,8.356873614369299,23.01959319415967,0.99005,0.9936825035005062,
house-nv-2,HOUSE,NV,2,False,standard,Mark Amodei,,0,Teresa Benitez-Thompson,David Flippo,,-14.269321190402676,0.0,,-2.081902387467621,-2.784601076764853,0.0,0.0,0.0,0.3605,1.0447202059692664,3.0,-1.8940194585086576,0.1779571136384958,0.402377405795714,-7.469441130054954,-5.192876073668912,-11.88366868627422,1.5488643795456722,0.1565,0.1509983677983671,0.4142977002185149
house-nv-3,HOUSE,NV,3,False,standard,Susie Lee,D,1,Susie Lee,Martin O'Donnell,,-0.7494067306702425,2.0,3.617845519200176,0.2737094067273298,0.17585974973801843,0.0,0.0,0.0,0.3925000000000002,0.546397231871633,,,,0.0,12.486994660441498,12.49554739986172,5.273690740362973,19.79423834772007,0.97945,0.9766543921015742,
house-nv-4,HOUSE,NV,4,False,standard,Steven Horsford,D,1,Steven Horsford,Cody Whipple,,2.359334791654918,2.0,6.082326887381565,1.3478409277054328,0.3816473944962054,0.0,0.0,0.0,0.1159999999999999,0.0711661961326612,,,,0.0,16.465310442504588,16.442753751446784,9.152105921534451,23.75810820508093,0.993,0.9956336680333138,
house-ny-1,HOUSE,NY,1,False,standard,Nick LaLota,R,-1,Chris Gallant,Nick LaLota,,-10.19098649580888,0.0,0.1150856651121694,-1.9182069368577728,-3.1335831541384462,0.0,0.0,0.0,-0.3095,-1.0954650389397194,1.0,-7.47702684320647,0.20999999999999996,0.003965217452188383,-6.237302189973471,-6.279919486341005,-13.479565598743122,1.0204612090633778,0.13295,0.1601227081836063,0.4686882084636348
house-ny-2,HOUSE,NY,2,False,standard,Andrew Garbarino,R,-1,Patrick Halpin,Andrew Garbarino,,-14.07654671761222,-1.0,5.3370012983088335,-2.382738044101273,-2.225230601336934,-0.0,0.0,0.0,-0.5135,-1.0390376256423919,,,,0.0,-12.459616238019056,-12.444113989443695,-19.760260666309062,-5.15179022908673,0.0247,0.023549106800748853,
house-ny-3,HOUSE,NY,3,False,standard,Tom Suozzi,D,1,Tom Suozzi,Mike LiPetri,,-4.3468453348013485,1.0,8.046994457016226,1.5842487786789468,0.905213819061722,0.0,0.0,0.0,-0.1234999999999999,-0.15289273650942103,,,,0.0,13.214355636689888,13.255709670338813,5.974346454057352,20.507198014948287,0.9818,0.9823251630061411,
house-ny-4,HOUSE,NY,4,False,standard,Laura Gillen,D,1,Laura Gillen,Jeanine Driscoll,,1.2928081522715966,2.0,1.125822512392883,2.901899652082301,1.182533606185514,0.0,0.0,0.0,0.36,0.3178525529519383,,,,0.0,15.782403366959706,15.769745218938144,8.566694877014333,23.118011816633103,0.9916,0.9940231687188349,
house-ny-5,HOUSE,NY,5,False,standard,Gregory Meeks,D,1,Gregory Meeks,George Marsh,,42.80056553350199,0.0,6.95871981176503,5.100909761411157,5.51402247845355e-09,0.0,0.0,0.0,0.53,2.1106452709191645e-09,,,,0.0,54.50877328582569,54.50120737392385,47.317945502444,61.66768327504325,0.9999,1.0,
house-ny-6,HOUSE,NY,6,False,standard,Grace Meng,D,1,Grace Meng,Joseph Chou,,6.526551363448394,0.0,17.034007473833675,3.292268395120239,0.05209463157038981,0.0,0.0,0.0,-2.0685,-0.07782503834686484,,,,0.0,25.633231419896223,25.634572147557705,18.326941685132073,32.89892231313634,0.9987,0.9999774642712222,
house-ny-7,HOUSE,NY,7,False,standard,Nydia Velázquez,,0,Claire Valdez,Melvin Rivera,,47.1903032424627,1.0,,,0.0,0.0,0.0,0.0,0.0,0.0,,,,0.0,54.11047796981054,54.17417123561948,45.77179924006809,62.263062268015204,0.9999,0.9999999999999764,
house-ny-8,HOUSE,NY,8,False,standard,Hakeem Jeffries,D,1,Hakeem Jeffries,Lewis Mizrahi,,44.70400544553402,2.0,6.193204163217225,6.741222006781704,1.9009718594394386e-09,0.0,0.0,0.0,0.015,2.059386181059392e-11,,,,0.0,55.89772946249545,55.83048706299806,48.67709990939326,63.20306469781228,0.9999,1.0,
house-ny-9,HOUSE,NY,9,False,standard,Yvette Clarke,D,1,Yvette Clarke,Joel Azumah,,41.46428833112162,2.0,7.162515442875766,,0.0,0.0,0.0,0.0,0.068,6.459520192442654e-10,,,,0.0,53.34810781597737,53.2591463260772,46.078501941570245,60.49592989899908,1.0,1.0,
house-ny-10,HOUSE,NY,10,False,standard,Dan Goldman,,0,Brad Lander,Jennifer Moore,,61.892367529836285,2.0,,4.494968660443486,6.039450469053326e-14,0.0,0.0,0.0,0.0,0.0,,,,0.0,67.94086360631393,67.93507507560676,59.71449528918787,76.12990785189963,1.0,1.0,
house-ny-11,HOUSE,NY,11,False,standard,Nicole Malliotakis,R,-1,Michael DeCillis,Nicole Malliotakis,,-24.82593754669057,-2.0,3.250007789762239,-3.820946438532169,-0.38151847663271127,-0.0,0.0,0.0,-0.1365,-0.03761136315470812,,,,0.0,-19.69772676788706,-19.7293532754195,-27.053496129438212,-12.407362895313899,0.0044,0.000844335018913096,
house-ny-12,HOUSE,NY,12,False,standard,Jerry Nadler,,0,Micah Lasher,Caroline Shinkle,,64.89941854165914,1.0,,2.9216799192690206,3.950436564690726e-15,0.0,0.0,0.0,0.0,0.0,,,,0.0,70.74496456724935,70.72213135716976,62.598761637322525,78.96697787302696,0.99995,1.0,
house-ny-13,HOUSE,NY,13,False,standard,Adriano Espaillat,,0,Darializa Avila Chevalier,Jomo Williams,,60.27299582357136,0.0,,,0.0,0.0,0.0,0.0,0.0,0.0,,,,0.0,66.42735291885658,66.28512836169358,58.22535390723418,74.52507099911257,1.0,1.0,
house-ny-14,HOUSE,NY,14,False,standard,Alexandria Ocasio-Cortez,D,1,Alexandria Ocasio-Cortez,Diamant Hysenaj,,32.36610727477116,2.0,6.1515586588277325,4.634311560156069,6.954175813267368e-06,0.0,0.0,0.0,-0.347,-1.7427937274249497e-06,,,,0.0,44.08032624835004,44.043274857534385,36.81011798633409,51.35311388295104,0.9999,0.9999999999991416,
house-ny-15,HOUSE,NY,15,False,standard,Ritchie Torres,D,1,Ritchie Torres,Stylo Sapaskis,,48.80797713394829,0.0,8.035282517873483,6.601886794374569,3.57296962051003e-11,0.0,0.0,0.0,0.6200000000000001,1.5998963967394915e-11,,,,0.0,60.80157961857923,60.8881315433497,53.696368478944535,68.12559906196098,0.99995,1.0,
house-ny-16,HOUSE,NY,16,False,standard,George Latimer,D,1,George Latimer,Joseph Cinquemani,,33.30969325456048,2.0,9.981136065162111,,0.0,0.0,0.0,0.0,1.2135,2.4431852961432395e-07,,,,0.0,49.053859456323146,49.09123155955943,41.85555952035483,56.297184764623736,1.0,0.9999999999999978,
house-ny-17,HOUSE,NY,17,False,standard,Mike Lawler,R,-1,Cait Conley,Mike Lawler,,0.5597232177745115,-2.0,6.877263421848264,-0.7016754711456092,-0.9361094438713594,-0.0,0.0,0.0,-0.3535,-1.021814007142845,4.0,2.492588057094393,0.049639806672011684,0.47016543970692554,3.803731334793156,3.182527214634156,-2.62086919937324,8.932328528394965,0.76295,0.7279260709748371,0.6468651539098969
house-ny-18,HOUSE,NY,18,False,standard,Pat Ryan,D,1,Pat Ryan,Jacqueline Auringer,,3.3539403039279723,2.0,11.119021499016792,3.7981200374535495,0.19607031034682207,0.0,0.0,0.0,-0.0259999999999999,-0.0036817647165125335,2.0,17.396624920660834,0.12911679366366258,0.3549596557715647,21.81467051923239,20.275729156686396,14.068466299451833,26.454616448575642,0.99865,0.999741973556347,0.982022335872767
house-ny-19,HOUSE,NY,19,False,standard,Josh Riley,D,1,Josh Riley,Peter Oberacker,,1.80061138988952,1.0,0.5404594298880883,1.3953587948041202,0.5529256902441562,0.0,0.0,0.0,-0.1759999999999999,-0.15110736918101197,,,,0.0,14.824186140724466,14.76827979854422,7.648387635667096,22.11476915075361,0.9893,0.9908946424270931,
house-ny-20,HOUSE,NY,20,False,standard,Paul Tonko,D,1,Paul Tonko,Ralph Ambrosio,,14.320901440778664,2.0,8.065636612737325,3.435000927966396,0.024141497923210197,0.0,0.0,0.0,-0.0459999999999999,-0.0008020342087822037,,,,0.0,27.756658590682328,27.762690919156945,20.356761920345036,35.17762339460162,0.99865,0.9999951437093365,
house-ny-21,HOUSE,NY,21,False,standard,Elise Stefanik,,0,Blake Gendebien,Anthony Constantino,,-20.759985363244855,0.0,,-0.7422264670742905,-0.4160980888491267,0.0,0.0,0.0,-0.558,-0.6777750615678891,5.0,-8.499705641265399,0.09601001285488447,0.48638135259982007,-13.665424913740647,-11.0923360404323,-17.552051229874028,-4.742681729037483,0.0197,0.02943922548339092,0.12623331545845484
house-ny-22,HOUSE,NY,22,False,standard,John Mannion,D,1,John Mannion,Kailee Buller,,7.694014964669066,2.0,1.5523099116897905,2.3326459953207626,0.236060681786083,0.0,0.0,0.0,-0.128,-0.028065765606954535,,,,0.0,20.321739772836143,20.344709025510703,12.992518057657689,27.6203627121881,0.99685,0.9993968226521938,
house-ny-23,HOUSE,NY,23,False,standard,Nick Langworthy,R,-1,Aaron Gies,Nick Langworthy,,-21.18795208389146,-2.0,10.27642821648898,-2.789779796601702,-0.3429316115001666,-0.0,0.0,0.0,-0.4615,-0.12291401431882666,2.0,-19.54145878158261,0.13,0.33027937521939954,-19.87092795281942,-19.72284721881442,-25.974884663450645,-13.52863859539098,0.00125,0.0007731951974930081,0.012691016604161099
house-ny-24,HOUSE,NY,24,False,standard,Claudia Tenney,R,-1,Alissa Ellman,Claudia Tenney,,-23.23714041522547,-2.0,7.973784829564162,-2.7092184665244248,-0.26417316967168525,-0.0,0.0,0.0,0.1594999999999999,0.033697483492164185,,,,0.0,-20.476735583015117,-20.510019560715385,-27.780327673322255,-13.12596568847495,0.0037,0.0005511808063018931,
house-ny-25,HOUSE,NY,25,False,standard,Joseph Morelle,D,1,Joseph Morelle,Virginia McIntyre,,18.654098607614007,1.0,3.108762003324924,4.061384204078744,0.013806700724376883,0.0,0.0,0.0,0.126,0.0012564097659182964,,,,0.0,29.16297993295897,29.20211360211964,21.86700679857735,36.57478809682186,0.99935,0.9999983568966668,
house-ny-26,HOUSE,NY,26,False,standard,Tim Kennedy,D,1,Tim Kennedy,Dennis Hannon,,19.560710081799225,2.0,10.902353793302002,,0.0,0.0,0.0,0.0,0.402,0.000157654068278433,,,,0.0,36.2707166727466,36.19255826716294,28.88748528315525,43.461258869079124,0.99975,0.9999999963281221,
house-oh-1,HOUSE,OH,1,False,standard,Greg Landsman,D,1,Greg Landsman,Eric Conroy,,-2.6197222469283257,2.0,2.877949597463445,1.248303144638358,1.1231453161392175,0.0,0.0,0.0,0.161,0.31385847750953805,1.0,2.7517014677659253,0.075,0.38389699474653016,10.919630297343268,7.798303859556995,1.8421911426933757,13.905089127016003,0.9477,0.9590260444613327,0.637785543343048
house-oh-2,HOUSE,OH,2,False,standard,David Taylor,R,-1,Jennifer Mazzuckelli,David Taylor,,-42.48019552563594,-2.0,-0.9470432288946152,,0.0,-0.0,0.0,0.0,-0.2115,-5.228760227325402e-05,,,,0.0,-37.175278876790955,-37.14977165908087,-44.38337943517921,-29.743235749338325,0.0004,1.5654967776049657e-09,
house-oh-3,HOUSE,OH,3,False,standard,Joyce Beatty,D,1,Joyce Beatty,Cleophus Dulaney,,40.654067267595785,2.0,0.9510588596842676,5.067003526639993,2.594326585064524e-07,0.0,0.0,0.0,0.372,6.97009075854002e-08,,,,0.0,49.159263593594694,49.26937059526271,41.98639143884322,56.43975439503654,1.0,0.9999999999999986,
house-oh-4,HOUSE,OH,4,False,standard,Jim Jordan,R,-1,Joshua Kolasinski,Jim Jordan,,-43.01401244702379,-2.0,-0.2886907093336583,-5.803731675777787,-0.0005814457895485226,-0.0,0.0,0.0,0.3245,0.00013626828128946903,,,,0.0,-36.13499154602938,-36.14968069963764,-43.36979152805309,-28.857423090234548,0.00035,4.1494708559038105e-09,
house-oh-5,HOUSE,OH,5,False,standard,Bob Latta,R,-1,Brian Shaver,Bob Latta,,-23.972456468406715,-1.0,,-3.951238896820313,-0.5083079065426,-0.0,0.0,0.0,-0.1094999999999999,-0.04019868360907725,,,,0.0,-18.723947530820254,-18.59011818742176,-26.14050277913201,-11.365948486967044,0.0048,0.0014182288667101547,
house-oh-6,HOUSE,OH,6,False,standard,Michael Rulli,R,-1,Elizabeth Kirtley,Michael Rulli,,-34.89692072203759,-2.0,-0.5852160648202238,-3.880388723453233,-0.011986158744304176,-0.0,0.0,0.0,-0.4485,-0.0038825165865925275,,,,0.0,-29.511001652759553,-29.46461207614133,-36.78298212222519,-22.233392458854834,0.0009,1.272294482828032e-06,
house-oh-7,HOUSE,OH,7,False,standard,Max Miller,R,-1,Brian Poindexter,Max Miller,,-11.151670963328055,-1.0,6.298498260781678,-1.3603117515799368,-1.7057044125256686,-0.0,0.0,0.0,-0.4004999999999999,-1.088077789705231,5.0,9.337581586594498,0.13954740917907577,0.37480392535001894,-9.284102044772666,-2.269989068904785,-8.338699286604635,3.8440249195874574,0.3117,0.06950939302981975,0.879601123801088
house-oh-8,HOUSE,OH,8,False,standard,Warren Davidson,R,-1,Vanessa Enoch,Warren Davidson,,-15.774611860237084,-2.0,1.6062013192192517,-3.67805348792612,-2.880983077914954,-0.0,0.0,0.0,-0.1814999999999998,-0.37764886513001816,,,,0.0,-12.232790842590912,-12.218079098270891,-19.49353643509478,-4.923662510124729,0.0244,0.02561568931944625,
house-oh-9,HOUSE,OH,9,False,standard,Marcy Kaptur,D,1,Marcy Kaptur,Derek Merrin,,-10.679051092377328,1.0,7.558986951040739,,0.0,0.0,0.0,0.0,0.3605,1.2252563411293491,2.0,-4.017967747265686,0.04002418796640984,0.38121914620091424,4.367567625501264,1.1948744609097732,-4.889920857853202,7.261399602078889,0.60395,0.7568215990131847,0.30484861647827866
house-oh-10,HOUSE,OH,10,False,standard,Mike Turner,R,-1,Kristina Knickerbocker,Mike Turner,,-7.862840402157268,-2.0,13.100731986134754,-1.2934525386281046,-1.618329168533813,-0.0,0.0,0.0,-0.4885,-1.3242593083049974,2.0,-11.80956545869706,0.09672959039352653,0.3668226785716487,-9.45710304362295,-10.282770136280872,-16.438094647253973,-4.2685250333689755,0.02015,0.06591069002242082,0.07234190966577846
house-oh-11,HOUSE,OH,11,False,standard,Shontel Brown,D,1,Shontel Brown,Mike Kirchner,,55.46192877452597,2.0,4.566635427774672,,0.0,0.0,0.0,0.0,0.525,2.9711510017862174e-13,,,,0.0,65.16815800174491,65.16698438289436,58.06158285640583,72.35486172961394,1.0,1.0,
house-oh-12,HOUSE,OH,12,False,standard,Troy Balderson,R,-1,Jerrad Christian,Troy Balderson,,-30.355763886497893,-2.0,3.8833404841271095,-3.158364324000822,-0.05901195357452736,-0.0,0.0,0.0,-0.4585,-0.019541152737831687,,,,0.0,-25.385245347695566,-25.42525899054763,-32.610396668640824,-18.138880370358326,0.00135,2.5974026603429145e-05,
house-oh-13,HOUSE,OH,13,False,standard,Emilia Sykes,D,1,Emilia Sykes,Carey Coleman,,3.32248331777791,2.0,2.294345920441325,3.103949148248991,1.1053610931075968,0.0,0.0,0.0,-0.131,-0.10457944119790208,,,,0.0,15.781908090510091,15.805003488181944,8.462245816081587,23.22349053111459,0.99005,0.9940315792968719,
house-oh-14,HOUSE,OH,14,False,standard,David Joyce,R,-1,Maria Jukic,David Joyce,,-20.532469622988483,-1.0,8.624096176095186,-4.199716269992327,-0.5555602029785373,-0.0,0.0,0.0,-0.4715,-0.18918368134205243,,,,0.0,-18.564579769055854,-18.46144263446391,-25.83080875261892,-11.16350293282762,0.00495,0.0015478798071745323,
house-oh-15,HOUSE,OH,15,False,standard,Mike Carey,R,-1,Don Leonard,Mike Carey,,-10.11469405584615,-2.0,3.491416207919907,-1.7720105349286333,-2.6958975891024792,-0.0,0.0,0.0,-0.2584999999999999,-0.8520983810576638,3.0,-5.168809860634301,0.10144921699656761,0.3755070307784819,-7.327088903406034,-6.46207653296938,-12.632748969600597,-0.36069458029539736,0.0884,0.12148090157114882,0.2580380701109151
house-ok-1,HOUSE,OK,1,False,standard,Kevin Hern,,0,John Croisant,Mark Tedford,,-21.998761071705406,0.0,,-2.371493376438966,-1.0518961082009548,0.0,0.0,0.0,0.0,0.0,,,,0.0,-14.899913337586314,-14.969811834296546,-23.260105918022845,-6.6356458878397895,0.0204,0.019702202575627,
house-ok-2,HOUSE,OK,2,False,standard,Josh Brecheen,R,-1,Brandon Wade,Josh Brecheen,,-56.511293397442095,-2.0,-1.4880994651168402,-2.55852987063112,-1.5483536850008434e-07,-0.0,0.0,0.0,0.0314999999999999,4.130307025699881e-09,,,,0.0,-49.679319045849915,-49.63708849792325,-56.95334052120237,-42.5726714146843,0.0001,1.2734936524852125e-15,
house-ok-3,HOUSE,OK,3,False,standard,Frank Lucas,R,-1,Suzie Byrd,Frank Lucas,,-46.41821356574914,-2.0,,,0.0,-0.0,0.0,0.0,-0.1514999999999999,-3.703428535648655e-06,,,,0.0,-41.41489765690033,-41.40668112596292,-48.84987452824701,-34.2697879401272,0.00015,2.0814096975064272e-11,
house-ok-4,HOUSE,OK,4,False,standard,Tom Cole,R,-1,Mitchell Jacob,Tom Cole,,-33.8874815283935,-2.0,5.52789183283739,-3.7128384561854513,-0.010339743866280034,-0.0,0.0,0.0,-0.2724999999999999,-0.0020349190359053894,,,,0.0,-29.86601668420409,-29.804603928003182,-37.10555476222674,-22.68402615334507,0.00065,9.71745600288037e-07,
house-ok-5,HOUSE,OK,5,False,standard,Stephanie Bice,R,-1,Jena Nelson,Stephanie Bice,,-18.120004629945658,-2.0,3.1425896489637166,-1.9009250370295792,-1.1172426145709313,-0.0,0.0,0.0,-0.0914999999999999,-0.11651871800520683,1.0,-8.04285527309849,0.09,0.310842470184727,-13.531687348499151,-11.815048195408997,-18.258404415819545,-5.542387475754803,0.0138,0.015510930508528349,0.1890639790392036
house-or-1,HOUSE,OR,1,False,standard,Suzanne Bonamici,D,1,Suzanne Bonamici,Barbara Kahl,,39.11033167782459,2.0,2.9117732858649115,3.928886291229188,3.3944721166624857e-07,0.0,0.0,0.0,-0.0519999999999999,-1.27481286159102e-08,,,,0.0,48.76395115158884,48.77795499134343,41.51718869940223,55.97824879724937,0.99985,0.9999999999999974,
house-or-2,HOUSE,OR,2,False,standard,Cliff Bentz,R,-1,Chris Beck,Cliff Bentz,,-27.87852040916719,-1.0,4.139821977072383,-2.8906137222995265,-0.12723924666913217,-0.0,0.0,0.0,-0.2704999999999999,-0.025798259118255142,,,,0.0,-23.0537061062934,-23.050624049914674,-30.362993866393406,-15.80547413784116,0.00215,0.00011894089286180085,
house-or-3,HOUSE,OR,3,False,standard,Maxine Dexter,D,1,Maxine Dexter,Loran Ayles,,47.613763803262344,2.0,-1.7741002875993097,3.8315948914951576,1.4608472947472155e-09,0.0,0.0,0.0,0.546,5.760607832286521e-10,,,,0.0,56.23591703945443,56.23337661195389,49.01001265469679,63.412443389334506,0.99985,1.0,
house-or-4,HOUSE,OR,4,False,standard,Val Hoyle,D,1,Val Hoyle,Monique DeSpain,,12.442914801419136,2.0,-4.195091537067758,0.7506926118244909,0.09647953738301042,0.0,0.0,0.0,-0.003,-0.0008353845277168991,,,,0.0,19.334825866821845,19.316454793406137,12.046218690812461,26.567738190838313,0.99575,0.9989767802421317,
house-or-5,HOUSE,OR,5,False,standard,Janelle Bynum,D,1,Janelle Bynum,Patti Adair,,8.808655945204382,1.0,-5.740760742481606,2.1875678219046937,0.48508719572278264,0.0,0.0,0.0,-0.1859999999999999,-0.08936415041343494,,,,0.0,17.472067760138078,17.41695660744655,10.19809536265029,24.718686641984586,0.99375,0.9973235143170776,
house-or-6,HOUSE,OR,6,False,standard,Andrea Salinas,D,1,Andrea Salinas,David Russ,,11.741786607103235,0.0,-4.75375163830037,4.132405773482974,0.4940098442219917,0.0,0.0,0.0,-0.1429999999999999,-0.051020238911593435,,,,0.0,18.73110738643176,18.75312928102838,11.599589883390383,26.13765216754916,0.99605,0.9985909562368168,
house-pa-1,HOUSE,PA,1,False,standard,Brian Fitzpatrick,R,-1,Bob Harvie,Brian Fitzpatrick,,0.3223803661609427,-1.0,13.00458470436702,-1.719833311783359,-2.7964645940508874,-0.0,0.0,0.0,-0.7905,-2.7849470647211136,5.0,-5.354043968444201,0.08825934852738858,0.38697179332529236,-3.4125898935175303,-4.140635850917879,-10.251892778224517,2.0173820638305253,0.1884,0.29324147007671153,0.24561900324903585
house-pa-2,HOUSE,PA,2,False,standard,Brendan Boyle,D,1,Brendan Boyle,Jessica Arriaga,,36.16987750404209,2.0,6.875239725748949,,0.0,0.0,0.0,0.0,0.468,1.7572481996890386e-07,,,,0.0,48.13038801256068,48.17417740495034,40.82423278951575,55.4334376267374,0.9999,0.999999999999994,
house-pa-3,HOUSE,PA,3,False,same_party,Dwight Evans,,0,Chris Rabb,,D,78.25794319536355,0.0,,,,,,0.0,0.0,,,,,,,,,,1.0,,
house-pa-4,HOUSE,PA,4,False,standard,Madeleine Dean,D,1,Madeleine Dean,Aurora Stuski,,15.969585034454454,2.0,2.289383330634817,4.18269076284755,0.04414921734662758,0.0,0.0,0.0,-0.007,-0.00022319882103017278,,,,0.0,26.163122162922377,26.23591627299852,18.760106805811617,33.547400526785516,0.999,0.9999849093524117,
house-pa-5,HOUSE,PA,5,False,standard,Mary Gay Scanlon,D,1,Mary Gay Scanlon,Nicholas Manganaro,,28.934375196073226,2.0,1.76660720044707,3.7871637415687354,0.00018371388774184567,0.0,0.0,0.0,-0.0849999999999999,-1.1277991441929957e-05,,,,0.0,38.36178521848632,38.35434395736681,31.059807732888878,45.64676265730685,0.9998,0.9999999995727848,
house-pa-6,HOUSE,PA,6,False,standard,Chrissy Houlahan,D,1,Chrissy Houlahan,Marty Young,,11.526010296683289,2.0,0.9975946698571372,2.508355249645427,0.18291612292594803,0.0,0.0,0.0,-0.0529999999999999,-0.00837396063375214,,,,0.0,21.428939413727274,21.400957447077875,14.19296102943164,28.809226908067835,0.99735,0.9996819696045437,
house-pa-7,HOUSE,PA,7,False,standard,Ryan Mackenzie,R,-1,Bob Brooks,Ryan Mackenzie,,-3.2388654010275633,-2.0,-2.355699136867992,-0.6317339165053999,-0.8852247821644122,-0.0,0.0,0.0,0.1665000000000001,0.5055052955401711,2.0,5.538774408413812,0.1492719592603121,0.3251318065989398,4.7314984368959365,4.928664237702685,-1.3299175126372753,11.234931833742714,0.84565,0.7746300176593798,0.7347643501370585
house-pa-8,HOUSE,PA,8,False,standard,Rob Bresnahan,R,-1,Paige Cognetti,Rob Bresnahan,,-8.56734175384965,0.0,-7.067747166199494,-0.1608595686124057,-0.26409632078626494,0.0,0.0,0.0,0.2355,0.8377191909912856,3.0,-4.945028643039822,0.08381650057006289,0.3454330771721429,2.39397363007231,-0.14676746910327076,-6.34512346306621,6.145054029261152,0.4872,0.6486437881077797,0.27963856586315533
house-pa-9,HOUSE,PA,9,False,standard,Dan Meuser,R,-1,Rachel Wallace,Dan Meuser,,-38.286959054699274,-2.0,2.608873568153924,-1.0679900369395,-0.001018781039365786,-0.0,0.0,0.0,-0.2885,-0.0005962818247335752,,,,0.0,-32.80734277712033,-32.8132294131764,-40.21709686292594,-25.611089726667796,0.00045,8.491243081678024e-08,
house-pa-10,HOUSE,PA,10,False,standard,Scott Perry,R,-1,Janelle Stelson,Scott Perry,,-5.291422535038262,-2.0,-4.151129385491565,0.4543096146014823,0.6017855160071219,-0.0,0.0,0.0,0.0825,0.23677500437808718,4.0,3.5241096779764005,0.08998493280028842,0.34943443078869435,6.6887498513106465,5.528568613805126,-0.6895315991122373,11.774393271936042,0.8749,0.8567527248647698,0.6629808244310343
house-pa-11,HOUSE,PA,11,False,standard,Lloyd Smucker,R,-1,Nancy Mannion,Lloyd Smucker,,-21.57463662043542,-2.0,4.095484210414823,-2.380551743247054,-0.6172015999152143,-0.0,0.0,0.0,-0.1405,-0.07892559119561396,,,,0.0,-17.100112467211027,-17.07477529460919,-24.332069027446355,-9.80136108007888,0.00725,0.003208544988311929,
house-pa-12,HOUSE,PA,12,False,standard,Summer Lee,D,1,Summer Lee,James Hayes,,19.36501513829129,2.0,-6.417284853198422,3.542230104311741,0.07550532022957446,0.0,0.0,0.0,-0.3674999999999999,-0.02004037041093288,,,,0.0,24.650952069560233,24.731894158775166,17.42259964210366,31.893932385737354,0.99835,0.999958462570544,
house-pa-13,HOUSE,PA,13,False,standard,John Joyce,R,-1,Beth Farnham,John Joyce,,-45.903263915331515,-1.0,2.371768990263837,-3.974147881246629,-5.3242336127799784e-05,-0.0,0.0,0.0,-0.5894999999999999,-2.2667924606410754e-05,,,,0.0,-40.61978834935835,-40.634000707753245,-47.90769661177004,-33.42239165148125,0.0002,4.8214545597920857e-11,
house-pa-14,HOUSE,PA,14,False,standard,Guy Reschenthaler,R,-1,Alan Bradstock,Guy Reschenthaler,,-33.59611755448029,-2.0,-0.5736424213984757,-3.0867150593980157,-0.042922410009728656,-0.0,0.0,0.0,0.0464999999999999,0.0014414776028267178,,,,0.0,-26.238245814526802,-26.26618593876662,-33.486918016967074,-18.835185357181388,0.0014,1.4245883589057224e-05,
house-pa-15,HOUSE,PA,15,False,standard,Glenn Thompson,R,-1,Ray Bilger,Glenn Thompson,,-38.28705018459166,-2.0,4.520306171266205,-2.854702730775781,-0.0016737605480153161,-0.0,0.0,0.0,-0.1865000000000001,-0.00023692090043296994,,,,0.0,-33.85902096797228,-33.82838182400887,-41.06087155573996,-26.546086489921528,0.00035,3.421934212470568e-08,
house-pa-16,HOUSE,PA,16,False,standard,Mike Kelly,R,-1,Justin Wagner,Mike Kelly,,-22.959797174936618,-2.0,4.221778839893523,-3.309944842356144,-0.5449147464862926,-0.0,0.0,0.0,-0.2385,-0.0938615650822639,,,,0.0,-18.53661442188124,-18.499119497895986,-25.873177319417557,-11.22566161811114,0.0055,0.0015650744957356978,
house-pa-17,HOUSE,PA,17,False,standard,Chris Deluzio,D,1,Chris Deluzio,Tony Guy,,5.556475855381876,1.0,2.318801483224491,3.1461326511754963,0.7215231374448923,0.0,0.0,0.0,-0.119,-0.0620109052015138,,,,0.0,17.389926325631432,17.4152265481914,10.00115253471238,24.778990492399874,0.99335,0.997200945210396,
house-ri-1,HOUSE,RI,1,False,standard,Gabe Amo,D,1,Gabe Amo,Kellie Keenan,,22.659710215618045,2.0,10.12108999602192,4.280622740988987,0.00014187706534260044,0.0,0.0,0.0,-0.126,-1.291081294617664e-05,,,,0.0,38.84373358784901,38.9717719372275,31.615022875175704,46.25647556999228,0.99975,0.999999999713467,
house-ri-2,HOUSE,RI,2,False,standard,Seth Magaziner,D,1,Seth Magaziner,Vic Mellor,,6.934426897530219,2.0,9.9531269699233,-0.2676043123476803,-0.015052426990064413,0.0,0.0,0.0,0.01,0.0012187244490078912,,,,0.0,22.102540672312447,22.102581400489047,14.845492216063008,29.281041507863023,0.998,0.9997840451519067,
house-sc-1,HOUSE,SC,1,False,standard,Nancy Mace,,0,Nancy Lacore,Jenny Costa Honeycutt,,-13.209432555402822,-1.0,,1.3771859224041345,2.0010892437830794,-0.0,0.0,0.0,0.0,0.0,3.0,0.4561256890772175,0.14709754012065185,0.4105002956485029,-2.570648855012321,-1.3429413172732223,-8.0345250699016,5.571873424848964,0.39785,0.3612391015549032,0.5214070690480505
house-sc-2,HOUSE,SC,2,False,standard,Joe Wilson,R,-1,Zyon Khalifa,Joe Wilson,,-14.123469393416519,-2.0,5.083766349706159,-3.18960815411455,-2.833283927060959,-0.0,0.0,0.0,-0.3265,-0.6681040904672355,,,,0.0,-12.608507697633804,-12.581706366914736,-19.984121948714485,-5.213220471502939,0.02405,0.02226191061151315,
house-sc-3,HOUSE,SC,3,False,standard,Sheri Biggs,R,-1,Eunice Lehmacher,Sheri Biggs,,-43.61925875397908,-2.0,4.062430794403936,-1.767188651751113,-2.361132927551722e-05,-0.0,0.0,0.0,0.0055,1.5921805533010754e-07,,,,0.0,-41.11988899040272,-41.07906164101584,-48.51471217675762,-33.97779444839644,0.00025,2.973764260300896e-11,
house-sc-4,HOUSE,SC,4,False,standard,William Timmons,R,-1,Courtney McClain,William Timmons,,-23.96239999770522,-2.0,-0.8825024847807912,-2.621254395269633,-0.7246687918965949,-0.0,0.0,0.0,-0.0914999999999999,-0.054807953113120776,,,,0.0,-16.899221689068806,-16.8921055136545,-24.32712415294945,-9.57070530792409,0.00795,0.0035223773666964234,
house-sc-5,HOUSE,SC,5,False,standard,Ralph Norman,,0,Mallory Dittmer,Wes Climer,,-23.088838343075633,-1.0,,-1.7084256700567788,-0.6055878918239473,-0.0,0.0,0.0,0.0,0.0,,,,0.0,-15.573978505851741,-15.572980686411729,-23.775468263451558,-7.270463643319481,0.0171,0.015645810070361144,
house-sc-6,HOUSE,SC,6,False,standard,Jim Clyburn,D,1,Jim Clyburn,John Peterson,,23.044582639922922,2.0,0.7520332985104341,,0.0,0.0,0.0,0.0,0.103,0.0002921183564443655,,,,0.0,32.10406886461385,32.155896705476565,24.891449622501298,39.3856638476358,0.9994,0.9999998522591249,
house-sc-7,HOUSE,SC,7,False,standard,Russell Fry,R,-1,John Vincent,Russell Fry,,-26.624063961841426,-2.0,3.211281233000242,-1.9979614653614692,-0.15237221504636791,-0.0,0.0,0.0,0.1385,0.02288550754917847,1.0,-9.288019683953184,0.22,0.2262557884636522,-21.231581919689162,-18.540170099925476,-25.047304603278846,-11.887750329148304,0.00335,0.0003560448566638627,0.20455572080428244
house-sd-al,HOUSE,SD,0,False,standard,Dusty Johnson,,0,Nikki Gronli,Marty Jackley,,-29.890199073853058,0.0,,-1.6300692444743894,-0.09642829126799923,0.0,0.0,0.0,0.0,0.0,1.0,-11.232929331961614,0.1,0.379427755480745,-22.04813797603919,-17.86424270218366,-24.73823274489911,-10.992611528320394,0.0042,0.001142691450404159,0.10958978893235617
house-tn-1,HOUSE,TN,1,False,standard,Diana Harshbarger,R,-1,Kristi Burke,Diana Harshbarger,,-58.4412194612654,-2.0,1.6563396393269647,-3.1003061328956925,-1.2121598858072986e-08,-0.0,0.0,0.0,-0.0215,-1.882214933795222e-10,,,,0.0,-53.458192612203106,-53.48202174269953,-60.67927347348433,-46.25445986495623,0.00015,9.505171777941105e-18,
house-tn-2,HOUSE,TN,2,False,standard,Tim Burchett,R,-1,Michaela Barnett,Tim Burchett,,-34.325708961516874,-2.0,4.058296347738071,-2.070967037829489,-0.008263516282346874,-0.0,0.0,0.0,0.0464999999999999,0.0004020099065985197,,,,0.0,-29.506181695745,-29.503722314538855,-36.833118688262886,-22.25122958553575,0.00065,1.2818693562116197e-06,
house-tn-3,HOUSE,TN,3,False,standard,Chuck Fleischmann,R,-1,Anna Golladay,Chuck Fleischmann,,-36.206458812861825,-2.0,2.900817689221987,-4.169554931040088,-0.0069162310471542025,-0.0,0.0,0.0,-0.1265,-0.0006318745531691715,,,,0.0,-30.81575830368119,-30.796996483105527,-38.166464206126875,-23.48709422507235,0.0006,4.4993806917381344e-07,
house-tn-4,HOUSE,TN,4,False,standard,Scott DesJarlais,R,-1,Victoria Broderick,Scott DesJarlais,,-24.276339895406547,-2.0,0.4256528129548362,-2.001929890082561,-0.43503945990256293,-0.0,0.0,0.0,-0.0744999999999997,-0.03507746192002877,,,,0.0,-17.631476280613185,-17.64353005994565,-25.08550888416091,-10.258700928399714,0.0058,0.002466624156153306,
house-tn-5,HOUSE,TN,5,False,standard,Andy Ogles,,0,Chaz Molder,Charlie Hatcher,,-23.390548243207476,0.0,,1.2600334787356715,0.4185076314706512,0.0,0.0,0.0,0.0,0.0,2.0,-10.68951964095336,0.12873345625162963,0.40404901674428373,-14.859675582709091,-13.175489984262112,-19.88964575774891,-6.448512431292872,0.01325,0.019953261587372175,0.10961585798147803
house-tn-6,HOUSE,TN,6,False,standard,John Rose,,0,Mike Croley,Johnny Garrett,,-26.87603213256081,-1.0,,-4.409684300615743,-0.42686515014056986,-0.0,0.0,0.0,0.0,0.0,,,,0.0,-19.281355903541737,-19.24889488980125,-27.582768897087643,-10.999252610150725,0.00885,0.0038287408619974116,
house-tn-7,HOUSE,TN,7,False,standard,Matt Van Epps,R,-1,Darden Copeland,Matt Van Epps,,-22.72632896191422,-2.0,,-1.292893131043007,-0.29915525555534256,-0.0,0.0,0.0,0.0,0.0,,,,0.0,-17.195175833053774,-17.198416389583887,-24.603420988425988,-9.804742396604832,0.00655,0.0030602066730121506,
house-tn-8,HOUSE,TN,8,False,standard,David Kustoff,R,-1,Heidi Kuhn,David Kustoff,,-20.43242219556846,-2.0,5.589980351150671,-4.1955003674277975,-0.8428349690405339,-0.0,0.0,0.0,-0.1494999999999999,-0.09100276457390426,,,,0.0,-16.98152252434678,-16.936856689187927,-24.30444977970473,-9.649327657117102,0.0071,0.003400971910922586,
house-tn-9,HOUSE,TN,9,False,standard,Steve Cohen,,0,Justin Pearson,Brent Taylor,,-21.425243647535822,0.0,,0.40894136279688,0.20271156845075525,0.0,0.0,0.0,0.0,0.0,1.0,-9.731594595688833,0.08,0.3790840388886526,-13.054879787381003,-11.870431326299908,-18.63540075849276,-4.932032145999211,0.0212,0.035548368414630396,0.14373769123482777
house-tx-1,HOUSE,TX,1,False,standard,Nathaniel Moran,R,-1,Yolanda Prince,Nathaniel Moran,,-49.90366327371402,-2.0,,-4.0808776873589006,-3.754092676965969e-06,-0.0,0.0,0.0,-0.0324999999999999,-8.811689755656205e-08,,,,0.0,-45.076051607198664,-45.07353184361524,-52.361107292301405,-37.64733037235934,0.00015,3.5064577794209015e-13,
house-tx-2,HOUSE,TX,2,False,standard,Dan Crenshaw,,0,Shaun Finnie,Steve Toth,,-23.13431489842665,-1.0,,1.1769781686931509,0.41316771037363725,-0.0,0.0,0.0,0.5614999999999999,0.4270707509130588,1.0,-14.211957054332625,0.17,0.0019813488490772876,-14.174853610291652,-14.188242318032625,-22.548720174369688,-5.785159744228923,0.0249,0.02499731937422148,0.4639732388538938
house-tx-3,HOUSE,TX,3,False,standard,Keith Self,R,-1,Evan Hunt,Keith Self,,-23.981599143217043,-2.0,4.377038951909401,-0.7504045408595901,-0.10189663324681222,-0.0,0.0,0.0,-0.0894999999999999,-0.026331737600019247,,,,0.0,-19.160422603528858,-19.122486947453933,-26.429478388633687,-11.719755248798528,0.00435,0.0011279108157199126,
house-tx-4,HOUSE,TX,4,False,standard,Pat Fallon,R,-1,Jason Pearce,Pat Fallon,,-25.158856069593824,-2.0,3.9926543055347343,-3.609844240555603,-0.3108905059349151,-0.0,0.0,0.0,-0.0415,-0.00931807933066037,,,,0.0,-20.34878226845682,-20.376871992007597,-27.676116889788254,-13.07514543838299,0.00325,0.0005898127426591128,
house-tx-5,HOUSE,TX,5,False,standard,Lance Gooden,R,-1,Chelsey Hockett,Lance Gooden,,-21.843996130993506,-2.0,0.7706207290556284,-4.400731468227505,-1.089219620734363,-0.0,0.0,0.0,0.0304999999999999,0.02399308775673186,,,,0.0,-15.917836420158059,-15.921064989683387,-23.370651283082193,-8.556071013221754,0.009,0.005579306915976317,
house-tx-6,HOUSE,TX,6,False,standard,Jake Ellzey,R,-1,Danny Minton,Jake Ellzey,,-23.274848423140842,-2.0,1.933670214497201,-4.464409443518912,-0.6833203059145619,-0.0,0.0,0.0,0.3874999999999999,0.1912347800580336,,,,0.0,-17.45499979466432,-17.531933601376124,-24.920652298249873,-10.29454588894872,0.00575,0.0026943935084578798,
house-tx-7,HOUSE,TX,7,False,standard,Lizzie Fletcher,D,1,Lizzie Fletcher,Alexander Hale,,24.093375271886345,2.0,1.041189715720237,3.326006034067751,0.002302580992575171,0.0,0.0,0.0,0.192,0.00031929123097042375,,,,0.0,33.28208731732347,33.24506473427325,25.849983773428274,40.5738455833167,0.9994,0.999999946836225,
house-tx-8,HOUSE,TX,8,False,standard,Morgan Luttrell,,0,Laura Jones,Jessica Hart Steinmann,,-27.993926866059134,0.0,,-3.647668193418901,-0.31316918156965645,0.0,0.0,0.0,-0.123,-0.027819862296104482,,,,0.0,-20.34329299243762,-20.294007292379074,-28.582099153748636,-11.983720116366689,0.0067,0.0024465825046857356,
house-tx-9,HOUSE,TX,9,False,standard,None (new seat),,0,Leticia Gutierrez,Alex Mealer,,-19.967725626975657,0.0,,-3.2658243281499675,-1.931391382899661,0.0,0.0,0.0,0.0,0.0,1.0,-5.379072955322203,0.16,0.36643545280142253,-13.683830269275525,-10.641099382950783,-17.49111445523117,-3.7633677785527535,0.0313,0.02927919009222511,0.2834490719477359
house-tx-10,HOUSE,TX,10,False,standard,Michael McCaul,,0,Caitlin Rourk,Chris Gober,,-22.935141814419953,0.0,,-1.8936915323748045,-0.6935336380937408,0.0,0.0,0.0,0.0,0.0,1.0,-8.22230072322098,0.11,0.42707928125777145,-15.504068809098797,-12.387684581346424,-19.1534983124554,-5.677632803451228,0.01725,0.016030671166544476,0.16143068062671814
house-tx-11,HOUSE,TX,11,False,standard,August Pfluger,R,-1,Claire Reynolds,August Pfluger,,-34.776226874930764,-2.0,,-3.942460227073517,-0.01302173266132192,-0.0,0.0,0.0,0.2495,0.00234644388261098,,,,0.0,-29.302824381965422,-29.299216913860178,-36.692728843567004,-22.170171662817342,0.00055,1.4952011586889125e-06,
house-tx-12,HOUSE,TX,12,False,standard,Craig Goldman,R,-1,Angela Rodriguez Prilliman,Craig Goldman,,-24.152059215739328,-2.0,3.551298924208573,-4.552849302759294,-0.2561626472482291,-0.0,0.0,0.0,-0.2165,-0.04005387614889672,,,,0.0,-21.009164743346453,-20.989980667610133,-28.29077649727929,-13.691571299440456,0.0032,0.0004069323245473445,
house-tx-13,HOUSE,TX,13,False,standard,Ronny Jackson,R,-1,Mark Nair,Ronny Jackson,,-46.66045241939511,-1.0,,-4.123729160530777,-2.9233546807744872e-05,-0.0,0.0,0.0,0.3985000000000001,8.413577179862353e-06,,,,0.0,-41.668886423418925,-41.684952361879965,-48.944813034184286,-34.43164407650955,0.00015,1.5843990310993763e-11,
house-tx-14,HOUSE,TX,14,False,standard,Randy Weber,R,-1,Thurman Bartie,Randy Weber,,-24.57811033271256,0.0,2.5586414324048965,-3.486899162545146,-0.45090380031468025,0.0,0.0,0.0,-0.1925,-0.06268815334930486,,,,0.0,-19.157697135294175,-19.096584431953602,-26.439925013200153,-11.612081042269288,0.0048,0.0011283619597038572,
house-tx-15,HOUSE,TX,15,False,standard,Monica De La Cruz,R,-1,Bobby Pulido,Monica De La Cruz,,-18.01759130969824,-2.0,-3.06719418329246,-0.74062669080336,-0.7288924220220125,-0.0,0.0,0.0,0.3185,0.679149858459402,6.0,6.3440778092508,0.049695180123685866,0.4712099316381589,-8.82505259952833,-1.6037957246219503,-7.512950862272221,4.134941214476453,0.3599,0.07971490628159518,0.8313831701708625
house-tx-16,HOUSE,TX,16,False,standard,Veronica Escobar,D,1,Veronica Escobar,Adam Bauman,,16.63676773389655,2.0,2.880079198126336,,0.0,0.0,0.0,0.0,0.271,0.0060551915157646165,,,,0.0,27.087762218950072,27.09178504368308,19.61722035957531,34.26648431009111,0.9991,0.9999921905711355,
house-tx-17,HOUSE,TX,17,False,standard,Pete Sessions,R,-1,Casey Shepard,Pete Sessions,,-21.9502302161465,-2.0,3.27939312884149,-3.841873531374521,-0.7888905046627888,-0.0,0.0,0.0,-0.1134999999999999,-0.06466710775721911,,,,0.0,-17.195310000651588,-17.192971944395598,-24.691145679770226,-9.904683185212011,0.0067,0.003063000663704175,
house-tx-18,HOUSE,TX,18,False,standard,Christian Menefee,D,1,Christian Menefee,Ronald Whitfield,,55.72034781448782,2.0,,,0.0,0.0,0.0,0.0,0.0,0.0,,,,0.0,64.45934754380805,64.50554934841483,57.2810540789345,71.80061369622375,0.99995,1.0,
house-tx-19,HOUSE,TX,19,False,standard,Jodey Arrington,,0,Kyle Rable,Tom Sell,,-52.16553105495645,0.0,,-3.738275075790237,-3.5619311237360543e-06,0.0,0.0,0.0,0.0,0.0,,,,0.0,-45.15990154692153,-45.16569746899771,-53.42397518617742,-36.851871642255446,0.00025,1.910783728295207e-10,
house-tx-20,HOUSE,TX,20,False,standard,Joaquin Castro,D,1,Joaquin Castro,Edgardo Rafael Baez,,28.881561605032594,2.0,,2.294226033327514,0.00010530273032755558,0.0,0.0,0.0,-0.0229999999999999,-2.2873012445561593e-06,,,,0.0,38.8990993928448,38.93427817753557,31.551782969885323,46.22200301857635,0.9998,0.9999999997514347,
house-tx-21,HOUSE,TX,21,False,standard,Chip Roy,,0,Kristin Hook,Mark Teixeira,,-22.084735744258868,0.0,,-2.696274309601862,-1.1757198611721547,0.0,0.0,0.0,-0.1799999999999999,-0.17006086666487868,,,,0.0,-15.282240584358718,-15.405604807688894,-23.615502758369107,-6.942268200466219,0.0176,0.017309593414011476,
house-tx-22,HOUSE,TX,22,False,standard,Troy Nehls,,0,Marquette Greene-Scott,Trever Nehls,,-22.728896297178235,1.0,,-3.0907369778590583,-1.1472873596550062,0.0,0.0,0.0,-0.1964999999999999,-0.16281919779103954,,,,0.0,-15.908764958344193,-15.906550019640434,-24.345321618984357,-7.567596299909987,0.0169,0.013920896445340903,
house-tx-23,HOUSE,TX,23,False,standard,Vacant,,0,Katy Padilla Stout,Brandon Herrera,,-14.973852558895206,0.0,,-1.4077439537212355,-1.7649714993746777,0.0,0.0,0.0,0.2704999999999999,0.7348071905103563,1.0,-6.5439112828483355,0.18,0.041150672566641025,-7.521794327586403,-7.534972787580411,-15.779279437425105,0.8543835112658494,0.12085,0.14930120023193635,0.4233806814410869
house-tx-24,HOUSE,TX,24,False,standard,Beth Van Duyne,R,-1,Kevin Burge,Beth Van Duyne,,-16.38594296670372,-2.0,4.150819196649517,-2.9824077077977607,-2.154257398115227,-0.0,0.0,0.0,0.0064999999999999,0.010172695350850724,,,,0.0,-13.168935095360517,-13.132380850181272,-20.57275454798718,-5.646834767241953,0.0195,0.017922219192767427,
house-tx-25,HOUSE,TX,25,False,standard,Roger Williams,R,-1,Dione Sims,Roger Williams,,-24.33804955302802,-2.0,,,0.0,-0.0,0.0,0.0,-0.0375,-0.012510628612825111,,,,0.0,-18.56307477452929,-18.562589314821935,-25.97331138120822,-11.191679064351241,0.00495,0.001540503187028308,
house-tx-26,HOUSE,TX,26,False,standard,Brandon Gill,R,-1,Steven Shook,Brandon Gill,,-24.143127359490155,-2.0,3.651963273463141,-4.930306615906332,-0.2527767659091891,-0.0,0.0,0.0,0.3134999999999999,0.05723287274793888,,,,0.0,-20.954692812205455,-20.966190774155564,-28.30780858738617,-13.577031006926475,0.0029,0.00041982208797336555,
house-tx-27,HOUSE,TX,27,False,standard,Michael Cloud,R,-1,Tanya Lloyd,Michael Cloud,,-21.457064940663432,-2.0,2.6691188187887525,-2.106562829182046,-0.6675076550595305,-0.0,0.0,0.0,-0.1434999999999999,-0.09852032524763447,,,,0.0,-16.264416325106303,-16.300570981133376,-23.61399969539588,-9.028607167001727,0.0071,0.00476136134928146,
house-tx-28,HOUSE,TX,28,False,standard,Henry Cuellar,D,1,Henry Cuellar,Tano Tijerina,,-10.459161706977333,1.0,12.783449903273231,0.6455803402855187,0.8259290281678291,0.0,0.0,0.0,0.966,2.677698418125207,3.0,10.499901404422271,0.20921965344801144,0.3144514634892876,9.7670597256533,9.970552447563435,3.582654903232475,16.336883796650042,0.97205,0.940132250106796,0.8771710327117955
house-tx-29,HOUSE,TX,29,False,standard,Sylvia Garcia,D,1,Sylvia Garcia,Martha Fierro,,30.845369895153603,2.0,9.494159693134456,4.0407394889597965,5.524320484662386e-06,0.0,0.0,0.0,0.275,1.0971914295926683e-06,,,,0.0,44.45471300986727,44.47792801970303,37.14134347772481,51.80938759859623,0.99975,0.9999999999994252,
house-tx-30,HOUSE,TX,30,False,standard,None (new seat),,0,Frederick Haynes III,Everett Jackson,,47.804896337119935,0.0,,2.355646780726939,3.766019832098616e-09,0.0,0.0,0.0,0.0,0.0,,,,0.0,54.692698805383195,54.69381741844727,46.39823651486906,62.96073329506895,0.9999,0.9999999999999875,
house-tx-31,HOUSE,TX,31,False,standard,John Carter,R,-1,Justin Early,John Carter,,-22.146914200858628,-2.0,5.50460131947117,-2.333948288272066,-0.4377948603734188,-0.0,0.0,0.0,-0.1985,-0.08067371235761187,,,,0.0,-18.286412761489867,-18.27348985725147,-25.69325211821663,-10.88970625687451,0.0058,0.0017811619247834237,
house-tx-32,HOUSE,TX,32,False,standard,None (new seat),,0,Dan Barrios,Jace Yarbrough,,-18.113580215751295,1.0,,-1.9920184499570408,-1.71239665853724,0.0,0.0,0.0,0.0,0.0,,,,0.0,-11.53517381001021,-11.527500342038888,-19.817522021267337,-3.1927676332270543,0.0453,0.05543228793509568,
house-tx-33,HOUSE,TX,33,False,standard,Jasmine Crockett,,0,Colin Allred,Patrick Gillespie,,33.340829756235884,2.0,,5.698024768164236,4.558136949643953e-05,0.0,0.0,0.0,-0.2169999999999998,-7.143613519414212e-06,,,,0.0,40.89419609112842,40.912934512808306,32.61167408970709,49.18194646236944,0.9998,0.9999999930812071,
house-tx-34,HOUSE,TX,34,False,standard,Vicente Gonzalez,D,1,Vicente Gonzalez,Eric Flores,,-10.22506904859846,2.0,7.7580469982158204,0.5670429655065609,0.8633916174820632,0.0,0.0,0.0,0.445,1.4680605677066476,4.0,2.5681585786220604,0.130284853296859,0.37622174694162847,6.0949494343379165,4.763974795939897,-1.406329546316254,10.90457067372753,0.84115,0.8342886827977823,0.6270459558459823
house-tx-35,HOUSE,TX,35,False,standard,None (new seat),,0,Johnny Garcia,Carlos De La Cruz,,-10.563314149260139,1.0,,-0.1154239105962223,-0.19038945470405602,0.0,0.0,0.0,0.0,0.0,1.0,-6.113948460691132,0.11,0.3604835178773061,-1.815208407408998,-3.3531066105989016,-10.315534484622644,3.466574240541963,0.257,0.40101327215892213,0.26013832243270274
house-tx-36,HOUSE,TX,36,False,standard,Brian Babin,R,-1,Rhonda Hart,Brian Babin,,-25.312327790203895,-2.0,1.2204653389580633,-4.272558505421538,-0.44889890505818186,-0.0,0.0,0.0,-0.2305,-0.0747291982781579,,,,0.0,-19.18493476284871,-19.13482258423385,-26.443169108727847,-11.83789467545409,0.00465,0.0011106956871783093,
house-tx-37,HOUSE,TX,37,False,standard,Greg Casar,D,1,Greg Casar,Lauren Peña,,57.704254135704865,2.0,0.1564659071256935,2.3423739245358424,8.171726889454555e-13,0.0,0.0,0.0,0.013,9.826369093991393e-15,,,,0.0,64.84763211480019,64.7205281709161,57.63197008551013,71.91784220242353,0.9999,1.0,
house-tx-38,HOUSE,TX,38,False,standard,Wesley Hunt,,0,Melissa McDonough,Jon Bonck,,-21.29669299579903,0.0,,-2.5961749643330245,-1.3185331523953678,0.0,0.0,0.0,-0.2179999999999999,-0.2398864358286462,,,,0.0,-14.68355154438786,-14.695714551979503,-23.128882128288208,-6.557914287422248,0.02035,0.021184009458559798,
house-ut-1,HOUSE,UT,1,False,standard,None (new seat),,0,Ben McAdams,Riley Owen,,24.325735111457707,2.0,,2.682011367190529,0.003375087639972423,0.0,0.0,0.0,0.118,0.0003217351787451676,1.0,40.581316255545,0.16099999999999998,0.37585206849111114,32.195684207927,35.364030929047054,28.601230898002946,42.23263070364146,0.9996,0.9999958961464046,0.9999947295606544
house-ut-2,HOUSE,UT,2,False,standard,Blake Moore,R,-1,Peter Crosby,Blake Moore,,-29.9231434255034,-2.0,11.8569342565702,-4.00714262469264,-0.013263364370859829,-0.0,0.0,0.0,-0.3685,-0.0035298970565891116,3.0,-4.645933747573354,0.301770797705796,0.2594897637254689,-29.26371478606706,-22.860027534726797,-29.368242615331365,-16.363181297407152,0.0007,1.5865272168971024e-06,0.3261451626680899
house-ut-3,HOUSE,UT,3,False,standard,Celeste Maloy,R,-1,Kent Udell,Celeste Maloy,,-42.41903846817411,-2.0,4.798317084819732,-3.118280158817572,-6.475040097185552e-05,-0.0,0.0,0.0,-0.1865000000000001,-8.7215192864591e-06,1.0,-18.590458132831255,0.2909999999999999,0.23466494135587468,-40.27143117872601,-35.14339812104598,-41.704116050413326,-28.547344964495007,0.0001,7.300527255412794e-11,0.04540317448992147
house-ut-4,HOUSE,UT,4,False,standard,Mike Kennedy,R,-1,Jonny Larsen,Mike Kennedy,,-33.446643564909,-2.0,12.785920534601786,-2.8307521180873545,-0.0008098507005109463,-0.0,0.0,0.0,0.0164999999999999,1.0227727944906804e-05,1.0,-9.41285480597661,0.2539999999999999,0.2516622364875883,-35.35092764573771,-28.86920194139732,-35.311426905684584,-22.30175654788945,0.0005,9.488965226553325e-09,0.18530145794168845
house-va-1,HOUSE,VA,1,False,standard,Rob Wittman,R,-1,Shannon Taylor,Rob Wittman,,-5.00442471396264,-2.0,7.674711528138682,-0.944174630078467,-1.5849458245732626,-0.0,0.0,0.0,-0.2395,-0.8710833546400812,3.0,2.0778778875770256,0.04633593626258937,0.446869279778542,-2.7953187111167384,-0.5876204197276738,-6.4586085034532115,5.236744820404198,0.44575,0.3280256183501785,0.6182591010901491
house-va-2,HOUSE,VA,2,False,standard,Jen Kiggans,R,-1,Elaine Luria,Jen Kiggans,,-0.25221671009308466,0.0,3.558796871487511,-0.285934344368051,-0.3478414464156349,0.0,0.0,0.0,0.1815,0.4783918109077372,1.0,-3.2138636836023657,0.05999999999999999,0.35862697982900205,6.9485069554747545,3.3468930256159957,-2.848703899724329,9.428961248663486,0.76175,0.8659705487337201,0.3483137569133089
house-va-3,HOUSE,VA,3,False,standard,Bobby Scott,D,1,Bobby Scott,Edwin Rivera,,35.171354784672296,2.0,,3.3855102482910024,4.057621253978186e-06,0.0,0.0,0.0,0.012,3.5166050867810945e-08,,,,0.0,44.95168973425219,45.04055494087768,37.76984027843762,52.251674669630546,0.99985,0.9999999999997059,
house-va-4,HOUSE,VA,4,False,standard,Jennifer McClellan,D,1,Jennifer McClellan,Robert Murray,,33.178227120064946,2.0,1.926106553640481,,0.0,0.0,0.0,0.0,-0.2019999999999999,-7.850381282887936e-07,,,,0.0,44.497238112508676,44.44496187299755,37.14782966184138,51.78891992876182,0.99995,0.9999999999994783,
house-va-5,HOUSE,VA,5,False,standard,John McGuire,R,-1,Tom Perriello,John McGuire,,-12.407085063709836,0.0,2.530256581254638,0.138132675845518,0.15246060902972847,0.0,0.0,0.0,0.1984999999999999,0.47469410501297593,3.0,-5.186130993966793,0.04598757839109559,0.45886891980154054,-7.150680019856978,-6.275204007897017,-12.154480002177193,-0.483626376971885,0.08395,0.12722807056225224,0.2219828178482162
house-va-6,HOUSE,VA,6,False,standard,Ben Cline,R,-1,Beth Macy,Ben Cline,,-24.157705036448466,-2.0,4.653808404577879,-0.0667313378906842,-0.008291631494821644,-0.0,0.0,0.0,-0.0124999999999999,-0.003365210810238639,1.0,-27.651539970434435,0.12,0.35208345568525257,-19.37677825257463,-22.24427162065063,-28.52707989059951,-16.194466835539185,0.00075,0.0010049040805378893,0.0004622125109584998
house-va-7,HOUSE,VA,7,False,standard,Eugene Vindman,D,1,Eugene Vindman,Doug Ollivant,,2.914155482400608,2.0,-0.1426521302539942,3.8350624783316873,1.0473517267629944,0.0,0.0,0.0,-0.2329999999999998,-0.17624602113139484,,,,0.0,15.912526606735506,15.838518201385035,8.577696553921003,23.221409414749854,0.99135,0.9943719502493703,
house-va-8,HOUSE,VA,8,False,standard,Don Beyer,D,1,Don Beyer,Tony Sabio,,50.904224479584464,2.0,-2.0577590018806253,4.091817364175643,6.666340917801008e-10,0.0,0.0,0.0,0.075,3.6109346638088794e-11,,,,0.0,57.23155395702353,57.25740893929991,49.97708550561103,64.43051478099353,0.99995,1.0,
house-va-9,HOUSE,VA,9,False,standard,Morgan Griffith,R,-1,Joy Powers,Morgan Griffith,,-44.42581664466825,-2.0,,-3.06821876444428,-0.00010903003880043878,-0.0,0.0,0.0,-0.0384999999999999,-3.0316408010899706e-06,,,,0.0,-39.32880670447486,-39.32972742352767,-46.55887895461351,-32.0797615437793,0.00045,1.8439357497563084e-10,
house-va-10,HOUSE,VA,10,False,standard,Suhas Subramanyam,D,1,Suhas Subramanyam,Dave Beckwith,,8.576451033971418,2.0,-3.886437970558408,2.372240527887434,0.4314753005137488,0.0,0.0,0.0,0.6545,0.2579282856061941,,,,0.0,18.581776553993095,18.607258383082588,11.258175316655784,25.95835759899495,0.9943,0.9984684012409026,
house-va-11,HOUSE,VA,11,False,standard,James Walkinshaw,D,1,James Walkinshaw,Arthur Purves,,35.29116354091677,2.0,,4.525681764703802,3.776355760549619e-06,0.0,0.0,0.0,0.0,0.0,,,,0.0,45.06660597702692,45.026077572016604,37.72232185874,52.35075590873554,0.99985,0.9999999999997439,
house-vt-al,HOUSE,VT,0,False,standard,Becca Balint,D,1,Becca Balint,Gerald Malloy,,32.77043577168019,0.0,,2.6555273388129144,1.4604244380977942e-05,0.0,0.0,0.0,-0.25,-2.978930872753118e-06,4.0,25.584518186083184,0.13171101049703857,0.3858855044866414,42.64584962883762,36.054194391306474,30.042103587157374,42.13114823871412,0.99995,0.999999999995687,0.9994862986958709
house-wa-1,HOUSE,WA,1,False,standard,Suzan DelBene,D,1,Suzan DelBene,Mary Silva,,29.71416626019093,2.0,-3.2733632356154514,4.956749314488006,0.0005237774131500321,0.0,0.0,0.0,-0.118,-4.463747509845273e-05,,,,0.0,36.342553592635724,36.44744236473453,29.10894201652825,43.78293576531252,0.99965,0.999999996955105,
house-wa-2,HOUSE,WA,2,False,standard,Rick Larsen,D,1,Rick Larsen,Edwin Feller,,24.449358063403622,0.0,3.734410420493576,,0.0,0.0,0.0,0.0,0.101,7.055935545924018e-05,,,,0.0,35.10577307143602,35.12605013094894,27.78491909385117,42.32000987640573,0.99975,0.9999999896743192,
house-wa-3,HOUSE,WA,3,False,standard,Marie Gluesenkamp Perez,D,1,Marie Gluesenkamp Perez,John Braun,,-3.396252192645398,0.0,7.412514312502439,1.1723654191744082,0.8284812334142009,0.0,0.0,0.0,-0.1669999999999999,-0.255698540222616,4.0,-2.2356177367994987,0.10510576939953711,0.38129147518147694,11.739737434083997,6.391147733965062,0.2434056374868811,12.626746672882248,0.9077,0.969250490232006,0.388280185671026
house-wa-4,HOUSE,WA,4,False,standard,Dan Newhouse,,0,John Duresky,Amanda McKinney,,-21.23632345302414,-1.0,,-1.5963329175543814,-0.8199642700366029,-0.0,0.0,0.0,0.0,0.0,,,,0.0,-13.882874454850592,-13.926193929799672,-22.279698243705145,-5.508969779880687,0.0258,0.02747688359588975,
house-wa-5,HOUSE,WA,5,False,standard,Michael Baumgartner,R,-1,Carmela Conroy,Michael Baumgartner,,-11.108555422659757,-2.0,10.079905812644675,-1.472892024901894,-1.1537973039315617,-0.0,0.0,0.0,-0.1494999999999999,-0.2537417342071573,1.0,-11.903872856558396,0.0,0.3302152553066165,-11.88927024847856,-11.894607166826866,-18.17227737476675,-5.531364720938647,0.01525,0.02908882398678586,0.0866796464436273
house-wa-6,HOUSE,WA,6,False,standard,Emily Randall,D,1,Emily Randall,Teresa Fox,,19.891451831750338,2.0,-6.136453702958522,3.2601594523000608,0.02937396127734051,0.0,0.0,0.0,-0.123,-0.0026093868934704153,,,,0.0,27.24601504164815,27.23722547861101,19.982968404259484,34.54560133344718,0.9986,0.9999931577844614,
house-wa-7,HOUSE,WA,7,False,standard,Pramila Jayapal,D,1,Pramila Jayapal,Nirav Sheth,,77.56051167435446,2.0,-9.082424552371911,4.804297389255944,1.8036995818787477e-18,0.0,0.0,0.0,0.5045000000000002,6.571979837639873e-19,,,,0.0,78.20658600336488,78.24744056246476,71.14526101533872,85.4168281239072,1.0,1.0,
house-wa-8,HOUSE,WA,8,False,standard,Kim Schrier,D,1,Kim Schrier,Spencer Meline,,5.966932359880001,2.0,2.3278904041291115,3.7721516102463126,0.6633003777773604,0.0,0.0,0.0,-0.2149999999999998,-0.10299580866042893,,,,0.0,17.648967821660253,17.690087209848752,10.327419416312745,25.07129162133886,0.99315,0.9975366329853672,
house-wa-9,HOUSE,WA,9,False,standard,Adam Smith,D,1,Adam Smith,Doug Basler,,42.69428737721389,2.0,,3.865130999683998,3.186216378140656e-08,0.0,0.0,0.0,0.6375,1.4669871241022603e-08,,,,0.0,52.140314478111726,52.192095278688306,44.839597959787284,59.44113730345617,0.9999,1.0,
house-wa-10,HOUSE,WA,10,False,standard,Marilyn Strickland,D,1,Marilyn Strickland,Chris Chung,,18.6042540382684,2.0,-1.1312334145655418,4.478702145625662,0.03479104675296478,0.0,0.0,0.0,0.135,0.003392127058414066,,,,0.0,26.80598818248578,26.85002732576383,19.37050424614668,34.21721558937541,0.99865,0.9999905407200745,
house-wi-1,HOUSE,WI,1,False,standard,Bryan Steil,R,-1,Mitchell Berman,Bryan Steil,,-4.574926503161371,-2.0,5.722291735026506,-2.362730412274356,-3.9297426153300123,-0.0,0.0,0.0,0.0475000000000001,0.1711731515058487,4.0,-4.381396107173661,0.04539287632862398,0.4438664716266629,-2.5563056034902156,-3.319430027054419,-9.251299105743682,2.5259464585108296,0.2321,0.34190143804087286,0.2647849144523102
house-wi-2,HOUSE,WI,2,False,same_party,Mark Pocan,D,1,Mark Pocan,,D,40.745668109005265,0.0,-0.3391138527341359,,,,,0.0,-0.1119999999999999,,,,,,,,,,1.0,,
house-wi-3,HOUSE,WI,3,False,standard,Derrick Van Orden,R,-1,Rebecca Cooke,Derrick Van Orden,,-7.513658895468744,-2.0,-4.911379672142732,0.0351813333320443,0.05350246943428646,-0.0,0.0,0.0,0.1575,0.518960368048943,4.0,-3.1526828504889717,0.03998696344772702,0.4016202867188814,4.3592495412616215,1.325427661397314,-4.6263018404231895,7.3040280277866465,0.6159,0.7564017636255584,0.33836242575274744
house-wi-4,HOUSE,WI,4,False,standard,Gwen Moore,D,1,Gwen Moore,Tim Rogers,,52.46959330772252,2.0,1.529154114940071,,0.0,0.0,0.0,0.0,0.3595,1.0269545802754864e-11,,,,0.0,60.68107159052653,60.65726094060321,53.49174135631662,67.76210741743037,1.0,1.0,
house-wi-5,HOUSE,WI,5,False,standard,Scott Fitzgerald,R,-1,Andrew Beck,Scott Fitzgerald,,-22.453536619855047,-2.0,6.353302332530933,-4.188650190590025,-0.461998650688957,-0.0,0.0,0.0,0.1725000000000001,0.05755733189833259,,,,0.0,-18.954436257947464,-18.94024174895099,-26.32426314392304,-11.718174065576513,0.004,0.001260427137604145,
house-wi-6,HOUSE,WI,6,False,standard,Glenn Grothman,R,-1,Brad Smith,Glenn Grothman,,-16.695392066092158,-2.0,5.774922636417382,-2.0680111854344525,-1.2261972473745,-0.0,0.0,0.0,0.2175,0.2794208546332587,1.0,-27.903872856558397,0.0,0.320243218731474,-13.193030367740642,-17.834226574452593,-24.20111530295046,-11.53484044024026,0.0026,0.01775120721030124,0.000895314803924192
house-wi-7,HOUSE,WI,7,False,standard,Tom Tiffany,,0,Fred Clark,Michael Alfonso,,-22.842779803336647,1.0,,-1.1224471473670272,-0.4191532532075566,0.0,0.0,0.0,0.0,0.0,,,,0.0,-15.134812087037805,-15.100852603339902,-23.329385735818953,-6.8181395539781855,0.0191,0.01819250488167483,
house-wi-8,HOUSE,WI,8,False,standard,Tony Wied,R,-1,Rick Crosson,Tony Wied,,-16.463834239873304,-1.0,-1.9298058929247877,-2.559960309870283,-2.230563676804243,-0.0,0.0,0.0,0.3065,0.5786340342829285,,,,0.0,-11.375123372879218,-11.348228877864504,-18.64913795558769,-4.059689991086232,0.03095,0.03491145672892069,
house-wv-1,HOUSE,WV,1,False,standard,Carol Miller,R,-1,Vince George,Carol Miller,,-45.19875830196956,-2.0,-1.856375774022489,-2.0061016446065367,-0.0001878135932368637,-0.0,0.0,0.0,-0.0965,-1.9574627349939764e-05,,,,0.0,-37.5566566088552,-37.60824472065142,-44.83619591063287,-30.383718010577514,0.00025,1.0467337562504366e-09,
house-wv-2,HOUSE,WV,2,False,standard,Riley Moore,R,-1,Ace Parsi,Riley Moore,,-40.383313502646374,-2.0,1.030833813858805,-1.6870378335642138,-0.0003364570018718859,-0.0,0.0,0.0,-0.1274999999999999,-5.5094346385072106e-05,,,,0.0,-36.0779245018119,-36.10492019303797,-43.428003823192526,-28.823758771869652,0.00025,4.516886235356313e-09,
house-wy-al,HOUSE,WY,0,False,standard,Harriet Hageman,,0,Lisa Kinney,Chuck Gray,,-46.95834604821483,0.0,,-3.646279545613131,-8.985199107872169e-05,0.0,0.0,0.0,0.0,0.0,,,,0.0,-39.68137527538411,-39.67397740630508,-47.909094244912204,-31.392323728147154,0.0006,1.9052383517315592e-08,
senate-ak,SEN,AK,0,False,rcv_bloc,Dan Sullivan,R,-1,Mary Peltola,Gerald Heikes; Dan J. Sullivan; Dan S. Sullivan,,-13.69312508474994,-1.0,1.4719906238951417,0.3666094504434499,1.1421230661083768,-0.0,0.0,11.31671315632245,0.1394999999999999,0.0,22.0,1.119073439084068,0.02673451340582782,0.6824387381354254,-6.369923157022451,-1.2254365270388647,-6.354922470292415,3.9627540605019687,0.38045,0.17622941212667395,0.5915910447848932
senate-al,SEN,AL,0,False,standard,Tommy Tuberville,R,0,Everett Wess,Barry Moore,,-30.88122385938789,-2.0,,,0.0,-0.0,0.0,0.0,0.0,0.0,2.0,-18.354170338821355,0.13383213835878685,0.6196605998924171,-22.972183173837223,-20.060136230557788,-28.10045686114067,-12.046768508683224,0.00575,0.019629381063917203,0.018649423435004787
senate-ar,SEN,AR,0,False,standard,Tom Cotton,R,-1,Hallie Shoffner,Tom Cotton,,-31.33998647229675,-3.0,,-2.18470237471752,-0.12923524606108067,-0.0,0.0,0.0,0.1705000000000001,0.0,4.0,-8.136529223434216,0.11572375050034427,0.7194942743627262,-25.173980953717347,-12.893364651600113,-20.108069386125976,-5.80282281487852,0.01755,0.011938466827169614,0.12632579392228846
senate-co,SEN,CO,0,False,standard,John Hickenlooper,D,1,John Hickenlooper,Mark Baisley,,11.293083462132921,2.0,-2.9701204541250323,4.59648896867292,0.8336383600588139,0.0,0.0,0.0,-0.0499999999999999,-0.0,,,,0.0,20.944993018106477,20.98381865102057,13.073631845925275,29.020308772214005,0.9948,0.9988890754910772,
senate-de,SEN,DE,0,False,standard,Chris Coons,D,1,Chris Coons,Michael Katz,,14.958471282996337,2.0,4.239865462704085,3.88472862417668,0.12576087281062587,0.0,0.0,0.0,0.246,0.0,,,,0.0,26.141730860931514,26.224831047338927,18.225370746370388,34.194284489461246,0.9979,0.9999329137953333,
senate-fl-special,SEN,FL,0,True,standard,Ashley Moody,R,-1,Angie Nixon,Ashley Moody,,-13.22213886698459,-2.0,,-3.6522466123839634,-10.252393265586134,-0.0,0.0,0.0,0.0,0.0,14.0,-5.9957951918028645,0.07454568948237073,0.8211566243133197,-16.817709163168487,-7.886519530688063,-13.928710625787478,-1.8728054454065945,0.0503,0.06578549124132146,0.13581774086417303
senate-ga,SEN,GA,0,False,standard,Jon Ossoff,D,1,Jon Ossoff,Mike Collins,,-2.2087323027962817,1.0,,2.6013219567470403,7.95446513213705,0.0,0.0,0.0,-0.274,-0.0,17.0,8.816697951769141,0.043067722669082556,0.8398797028637922,15.64303093229442,9.888313767880948,4.073645846092689,15.706307363594437,0.9808,0.9196298823894271,0.9567748887202749
senate-ia,SEN,IA,0,False,standard,Joni Ernst,R,0,Josh Turek,Ashley Hinson,,-13.445597709596235,-1.0,,-0.6741303388997628,-2.577369612216243,-0.0,0.0,0.0,0.0,0.0,25.0,1.221806127963319,0.0804564108018311,0.8219334205737966,-7.768346898555527,-0.37425552616918467,-6.339956497337658,5.695784789486838,0.4678,0.24304749773351003,0.5893255029700456
senate-id,SEN,ID,0,False,same_party,Jim Risch,R,-1,,Jim Risch,R,-37.52184118025308,0.0,-2.4760069518199472,,,,,0.0,-0.3195,,,,,,,,,,0.0,,
senate-il,SEN,IL,0,False,standard,Dick Durbin,D,0,Juliana Stratton,Don Tracy,,11.135530816543426,2.0,,0.8700654221035241,0.3013353735575187,0.0,0.0,0.0,0.0,0.0,1.0,10.165457296778637,0.15,0.4098953049788824,19.60818464179033,15.747462380152532,5.93483767492786,25.552339503693897,0.9683,0.9607172500828798,0.7773195903448299
senate-ks,SEN,KS,0,False,standard,Roger Marshall,R,-1,Adam Hamilton,Roger Marshall,,-16.411473894550323,-3.0,-4.312270332201006,-0.3633284401757001,-1.0247467123520957,-0.0,0.0,0.0,-0.1134999999999999,-0.0,12.0,2.0363767832759865,0.08361555567724491,0.596738013771144,-9.436176007667557,-2.5983724722607158,-8.170621496665872,3.064443910270095,0.27495,0.0841585318751252,0.639311704664414
senate-ky,SEN,KY,0,False,standard,Mitch McConnell,R,0,Charles Booker,Andy Barr,,-31.02814203220417,-1.0,,-2.511890508194776,-0.28254908341125745,-0.0,0.0,15.495409793911385,0.0,0.0,2.0,-10.62219056457422,0.11000007509554062,0.4545082672146376,-23.406043153834432,-17.647979022070068,-26.99759664072486,-8.188480281580754,0.02005,0.017846080912385875,0.1918708547228821
senate-la,SEN,LA,0,False,standard,Bill Cassidy,R,0,Jamie Davis,Julia Letlow,,-22.357020818831867,-2.0,,-1.1327858035556986,-1.278332727913257,-0.0,0.0,0.0,0.0,0.0,2.0,-7.877846862777765,0.08588336902617333,0.5754714916743567,-15.514152263431502,-11.02305144254159,-19.59884007104317,-2.5734874118431255,0.05515,0.08203928830029267,0.20666583956303702
senate-ma,SEN,MA,0,False,standard,Ed Markey,D,1,Ed Markey,John Deaton,,25.910638840838516,3.0,0.5085556465280519,1.8615419235886217,0.0013649416724992335,0.0,-0.0,-10.492920014718209,0.072,0.0,11.0,24.029990001367125,0.198547974501314,0.4635403931954249,35.49029035130065,30.157379128977688,24.025884753089848,36.33829937596904,0.99975,0.9999998971903893,0.9994702136971902
senate-me,SEN,ME,0,False,standard,Susan Collins,R,-1,Troy Jackson,Susan Collins,,7.08861163994892,-2.0,17.18453938781839,,0.0,-0.0,0.0,0.0,-0.9685,-0.0,21.0,1.7146363458964458,0.04196718570577933,0.6719920587523873,8.218988227903907,3.865133335326653,-1.3319526928456105,9.124475772632584,0.834,0.8850715262014848,0.6356814943288328
senate-mi,SEN,MI,0,False,standard,Gary Peters,D,0,Abdul El-Sayed,Mike Rogers,,-1.4424736578339323,-2.0,,0.2325586573104284,0.7737587665474025,-0.0,0.0,2.7641752741633407,0.0444999999999999,0.0,47.0,3.445347222045849,0.07098863139090741,0.8354956165226852,7.626485724559572,4.135492284252666,-1.5614157807723728,9.966155265671157,0.82665,0.7529690851500187,0.7460134265567449
senate-mn,SEN,MN,0,False,standard,Tina Smith,D,0,Peggy Flanagan,Michele Tafoya,,4.343404352188957,2.0,,0.2072829546676579,0.31715316213434563,0.0,0.0,0.0,0.0,0.0,11.0,2.200491668540935,0.10977826604336942,0.7806801022891456,12.919597662931874,4.54053358018504,-1.8276239693477663,10.972097611808586,0.8222,0.8767041576028499,0.6409360507654226
senate-ms,SEN,MS,0,False,standard,Cindy Hyde-Smith,R,-1,Scott Colom,Cindy Hyde-Smith,,-23.145028211183686,-2.0,-7.978080670910353,-0.87337473076951,-1.0148750020924935,-0.0,0.0,0.0,0.1634999999999999,0.0,3.0,-8.567051258209931,0.11995691357942562,0.276499289701676,-15.101831517308913,-13.24312469596221,-20.34883033151365,-6.279434834866388,0.0148,0.01369655273979369,0.21464215910767312
senate-mt,SEN,MT,0,False,standard,Steve Daines,R,0,Alani Bankhead,Kurt Alme,,-20.5780970401637,0.0,,-3.100094666159993,-4.735457811914205,0.0,0.0,0.0,0.0,0.0,10.0,-24.77503444147402,0.3505089458599765,0.6361103888062466,-17.15856894069137,-21.89179805475538,-29.89434816559792,-14.037858698086792,0.00405,0.061921315593973555,0.0018250323733090123
senate-nc,SEN,NC,0,False,standard,Thom Tillis,R,0,Roy Cooper,Michael Whatley,,-3.260680202600806,3.0,,1.130924536490559,4.370907893608936,0.0,0.0,2.8002416298553774,0.0,0.0,41.0,9.69664532669532,0.08673596207504725,0.8216278045951142,9.409373168406653,9.62036324268063,3.573718884375995,15.72150822300137,0.9716,0.8005777620057379,0.9625260979188788
senate-ne,SEN,NE,0,False,independent,Pete Ricketts,R,0,,Pete Ricketts,Dan Osborn,-20.840683303897794,-3.0,,,0.0,-0.0,0.0,0.0,0.0,0.0,15.0,-0.8098100903694379,0.06422347507408857,0.8471621132236073,-2.690458445602867,-1.0909218755019312,-7.245525817260114,5.171736569333545,0.4082,0.41586887919092624,0.44319159830586957
senate-nh,SEN,NH,0,False,standard,Jeanne Shaheen,D,0,Chris Pappas,John E. Sununu,,2.821214946726764,-1.0,,1.3443960496856378,2.6368650699270852,-0.0,0.0,0.0,0.0,0.0,26.0,6.833864863959439,0.07894452474659687,0.8201901272879448,13.730097585197754,8.067073530322364,1.953664732895032,14.167390542628189,0.9518,0.8908892779805028,0.8944534245694885
senate-nj,SEN,NJ,0,False,standard,Cory Booker,D,1,Cory Booker,Justin Murphy,,6.027747433233515,2.0,1.8359211034842104,6.424778117547163,2.108639867769656,0.0,0.0,0.0,-0.6555,-0.0,,,,0.0,18.565698251939537,18.62019388156646,10.733589507572578,26.498445986589317,0.9923,0.9966335878746851,
senate-nm,SEN,NM,0,False,standard,Ben Ray Luján,D,1,Ben Ray Luján,Larry Marker,,6.141812228647307,3.0,,4.998948239051213,2.3466332498548965,0.0,0.0,0.0,0.032,0.0,2.0,17.515510600575507,0.09844072518092348,0.6860147297795499,18.32898678845681,17.819994722879873,10.348556420329777,25.348456890570507,0.9927,0.9498979010124764,0.9888363777577819
senate-oh-special,SEN,OH,0,True,standard,Jon Husted,R,-1,Sherrod Brown,Jon Husted,,-11.313229427274072,0.0,,0.9874911283901482,3.9201846618196337,0.0,0.0,3.135714439187865,-0.0179999999999999,-0.0,32.0,3.581927154507973,0.08092492609341384,0.8233657658297041,-0.7196635684131616,2.8633496662797104,-3.075473995628159,8.884368854815508,0.73565,0.47428502007279183,0.7462149557764031
senate-ok,SEN,OK,0,False,standard,Alan Armstrong,R,0,N'Kiyla Jasmine Thomas,Kevin Hern,,-34.94008381234161,-2.0,,-4.733979580565153,-0.08237524285687424,-0.0,0.0,0.0,0.0,0.0,1.0,-24.070948532234073,0.26,0.4081646846775137,-27.244052467324313,-25.947811728839625,-35.74052238931497,-16.253654397809818,0.00545,0.00723140468287485,0.03595347034171905
senate-or,SEN,OR,0,False,standard,Jeff Merkley,D,1,Jeff Merkley,David Brock Smith,,14.866116069775194,2.0,3.023806470271399,4.401444948859762,0.1493188562819119,0.0,0.0,0.0,-0.2629999999999999,-0.0,,,,0.0,25.685678149295978,25.661253042715423,17.73850601450545,33.45858235298519,0.9978,0.9999123332186846,
senate-ri,SEN,RI,0,False,standard,Jack Reed,D,1,Jack Reed,Raymond McKay,,14.162406267890672,2.0,13.344478460004396,3.4593541539465287,0.05636931384489038,0.0,0.0,0.0,0.3065,0.0,4.0,19.125777595058597,0.14866341584996612,0.45195421886006854,28.205695260975673,24.142025361205267,17.983647251584525,30.310319701011405,0.9994,0.9999809515469272,0.9946229616650326
senate-sc,SEN,SC,0,False,standard,Darline Graham,R,-1,Annie Andrews,Darline Graham,,-18.123365227038146,-3.0,-2.800733662357596,3.371677357151427,6.308713336496162,-0.0,0.0,0.0,0.0,0.0,9.0,-0.49163602641670906,0.10979626391426567,0.5410073378341652,-4.322693409165202,-2.216431694552,-8.158736069335685,3.545525949917834,0.3108,0.26396263597460745,0.46947714583157074
senate-sd,SEN,SD,0,False,same_party,Mike Rounds,R,-1,,Mike Rounds,R,-29.890199073853058,0.0,3.237586778515133,,,,,0.0,-0.1885000000000001,,,,,,,,,,0.0,,
senate-tn,SEN,TN,0,False,standard,Bill Hagerty,R,-1,Marquita Bradshaw,Bill Hagerty,,-30.121099654993333,-3.0,2.751456219205909,-6.430701456889573,-0.20196138807126912,-0.0,0.0,-2.751456219205909,0.1665000000000001,0.0,1.0,-20.22032800841613,0.18,0.29575050117546475,-24.87216042844123,-23.51884550867886,-30.307704455125737,-16.468458319350503,0.0014,0.00013960021752259377,0.025384018690230523
senate-tx,SEN,TX,0,False,standard,John Cornyn,R,0,James Talarico,Ken Paxton,,-13.878067801618457,-1.0,,2.00170832364325,7.405908847846751,-0.0,0.0,0.0,0.0,0.0,47.0,3.116059817159293,0.06609555583646676,0.8390856875606052,1.778041127460698,2.8998170885473806,-2.9915567871094613,8.761089780348867,0.73805,0.5633431932347538,0.727684797764845
senate-va,SEN,VA,0,False,standard,Mark Warner,D,1,Mark Warner,Bert Mizusawa,,5.891296826702209,3.0,3.1498030586139123,4.179985577981367,1.974313193318608,0.0,0.0,0.0,0.211,0.0,2.0,17.5782159434399,0.16923735023099656,0.27070317442678,18.71687023682435,18.40913180366942,11.440468338037194,25.47670888772843,0.99585,0.9968501472578338,0.9452121622695364
senate-wv,SEN,WV,0,False,standard,Shelley Moore Capito,R,-1,Rachel Fetty Anderson,Shelley Moore Capito,,-42.687784560047604,-2.0,3.5317300493123085,-4.71739321730529,-0.0006293474279157524,-0.0,0.0,0.0,-0.3605,-0.0,,,,0.0,-37.94353492899167,-38.00539889411634,-45.80401302441751,-29.982226576079437,0.00075,1.4489956333235909e-08,
senate-wy,SEN,WY,0,False,standard,Cynthia Lummis,R,0,James W. Byrd,Harriet Hageman,,-46.95834604821483,-1.0,,-4.268705561410005,-0.0002465581419700915,-0.0,-0.0,-0.24938302490707986,0.0,0.0,,,,0.0,-39.681531983125765,-39.636744367092305,-52.06801295484898,-27.40726324655336,0.00385,0.00018138477359781283,
