fips,state,t0,t1,cycle,swing,lagswing,nextswing,margin0,votes0,dturnout,dreg,dreg_mid,dreg_late,dreg_prev,dtot,regshare0,sc,maga
12001,FL,2008,2012,2008-2012,-4.163000621506729,8.4329262819401,5.9929176108007916,21.802414610164575,125519.0,-4.761368044853754,-4.518000423719538,-1.20627568349137,-3.3117247402281684,,2.643397000642139,24.69846030535338,FL_2008-2012,False
12001,FL,2012,2016,2012-2016,5.9929176108007916,-4.163000621506729,3.900438738054511,17.639413988657846,120418.0,1.1547523842608265,-0.4858317058286836,-1.5416427917752422,1.0558110859465586,-4.518000423719538,2.501864807243109,20.18045988163384,FL_2012-2016,False
12001,FL,2016,2020,2016-2020,3.900438738054511,5.9929176108007916,-6.242524494980234,23.632331599458638,128571.0,2.2699201411068737,2.8035732913775284,0.5298735762149178,2.2736997151626106,-0.4858317058286836,-0.04769255856966481,19.694628175805157,FL_2016-2020,True
12001,FL,2020,2024,2020-2024,-6.242524494980234,3.900438738054511,,27.53277033751315,142604.0,-3.870372604281047,-4.840376160040833,-1.6544179760381574,-3.1859581840026756,2.8035732913775284,-13.74699100743193,22.498201467182685,FL_2020-2024,True
12003,FL,2008,2012,2008-2012,-1.3595439548038115,-1.6475383626233366,-6.905352314619478,-57.68706246022366,11059.0,-0.14340090164961516,-14.324436335881051,-5.408682669138704,-8.915753666742347,,-2.9831714233840643,19.108100479819363,FL_2008-2012,False
12003,FL,2012,2016,2012-2016,-6.905352314619478,-1.3595439548038115,-4.839552598141978,-59.04660641502747,11368.0,3.8076562329199093,-16.12584411356926,-0.7687516116756221,-15.35709250189364,-14.324436335881051,2.6879815377815106,4.783664143938312,FL_2012-2016,False
12003,FL,2016,2020,2016-2020,-4.839552598141978,-6.905352314619478,-2.6187382026645167,-65.95195872964695,12634.0,6.11617673074446,-23.554176257853847,-8.488373379588007,-15.065802878265838,-16.12584411356926,7.699862862286281,-11.34217996963095,FL_2016-2020,True
12003,FL,2020,2024,2020-2024,-2.6187382026645167,-4.839552598141978,,-70.79151132778892,14059.0,3.450857704684085,-12.718452381197196,-6.303963553236997,-6.414488827960199,-23.554176257853847,9.102959686151294,-34.896356227484794,FL_2020-2024,True
12005,FL,2008,2012,2008-2012,-3.008232648288015,2.3055281364300626,-3.9737694836965574,-41.11481776538538,81127.0,-4.333102471324635,-7.352707700353907,-2.755369379282879,-4.597338321071028,,-2.951343054878606,-11.4747288669755,FL_2008-2012,False
12005,FL,2012,2016,2012-2016,-3.9737694836965574,-3.008232648288015,3.95489580974688,-44.1230504136734,79861.0,2.4522392636641355,-5.999705515100093,-1.238972040930829,-4.760733474169264,-7.352707700353907,-0.5954532459223003,-18.827436567329407,FL_2012-2016,False
12005,FL,2016,2020,2016-2020,3.95489580974688,-3.9737694836965574,-3.734970987766282,-48.096819897369954,87453.0,4.414393928775606,-4.706844263667264,-1.6120268114977314,-3.094817452169533,-5.999705515100093,5.318046386445815,-24.8271420824295,FL_2016-2020,True
12005,FL,2020,2024,2020-2024,-3.734970987766282,3.95489580974688,,-44.141924087623075,93024.0,2.5277508314194175,-6.612931052372655,-3.070688009289359,-3.542243043083296,-4.706844263667264,4.725442669829675,-29.533986346096764,FL_2020-2024,True
12007,FL,2008,2012,2008-2012,-1.706093289181652,-0.7567362799343726,-8.201272704525216,-40.688224105135745,11676.0,1.7452373574084024,-10.713027222502644,-5.515109081986534,-5.19791814051611,,1.5013480653168187,18.02695143656242,FL_2008-2012,False
12007,FL,2012,2016,2012-2016,-8.201272704525216,-1.706093289181652,-2.5687792504978333,-42.3943173943174,11635.0,3.9244851258581237,-12.288366303574799,-2.5377285688263935,-9.750637734748405,-10.713027222502644,4.915829270719328,7.313924214059776,FL_2012-2016,False
12007,FL,2016,2020,2016-2020,-2.5687792504978333,-8.201272704525216,-4.343203130105678,-50.595590098842614,12098.0,4.19003023808825,-16.86638758019527,-6.55341229548222,-10.31297528471305,-12.288366303574799,4.052101668391941,-4.974442089515023,FL_2016-2020,True
12007,FL,2020,2024,2020-2024,-4.343203130105678,-2.5687792504978333,,-53.16436934934045,13632.0,2.1220444149474993,-14.479667766746562,-6.7758722095291155,-7.703795557217447,-16.86638758019527,3.6802705923854546,-21.840829669710292,FL_2020-2024,True
12009,FL,2008,2012,2008-2012,-2.353726621670676,5.727169894233077,-7.756594557257809,-10.507732925679063,287859.0,-2.711068395263827,-1.7919189071765516,-0.43758908428265286,-1.3543298228938987,,4.128310300123275,-6.225817097596504,FL_2008-2012,False
12009,FL,2012,2016,2012-2016,-7.756594557257809,-2.353726621670676,3.9714006054828914,-12.861459547349739,285559.0,2.693811667171242,-2.1984607954754676,-0.4125793670998661,-1.7858814283756015,-1.7919189071765516,1.9696827228444675,-8.017736004773056,FL_2012-2016,False
12009,FL,2016,2020,2016-2020,3.9714006054828914,-7.756594557257809,-4.400623212468954,-20.61805410460755,314752.0,5.0071772276556565,-1.7579690264980687,-0.9017239107683572,-0.8562451157297115,-2.1984607954754676,2.456317217338764,-10.216196800248524,FL_2016-2020,True
12009,FL,2020,2024,2020-2024,-4.400623212468954,3.9714006054828914,,-16.646653499124657,360764.0,-2.3761469452659,-6.8896510195002705,-2.1826772411269264,-4.706973778373344,-1.7579690264980687,-4.9812482106977,-11.974165826746592,FL_2020-2024,True
12011,FL,2008,2012,2008-2012,0.2134831809251665,4.9539386213292325,0.7904575621405314,34.90167298995439,733899.0,-3.1066433857797615,0.5768955308212682,0.26932140183496145,0.30757412898630676,,4.225754721899605,28.71801684617947,FL_2008-2012,False
12011,FL,2012,2016,2012-2016,0.7904575621405314,0.2134831809251665,-5.937677638178986,35.11515617087956,756422.0,2.094976119718117,-0.3879329705110486,-0.3327791596221452,-0.055153810888903365,0.5768955308212682,-2.7808383313388134,29.29491237700074,FL_2012-2016,False
12011,FL,2016,2020,2016-2020,-5.937677638178986,0.7904575621405314,-12.839986702035084,35.90561373302009,831951.0,7.674090199749772,-0.14971120174316965,-0.02840253262979786,-0.12130866911337179,-0.3879329705110486,3.9350022530980766,28.90697940648969,FL_2016-2020,True
12011,FL,2020,2024,2020-2024,-12.839986702035084,-5.937677638178986,,29.967936094841104,957672.0,-7.005792412802125,-7.057788731990243,-2.3038935338162467,-4.753895198173996,-0.14971120174316965,-10.298812679812613,28.75726820474652,FL_2020-2024,True
12013,FL,2008,2012,2008-2012,-3.8751318550506255,-12.687291700282241,-13.094376601839286,-40.934155043788515,6244.0,-2.2262568452299902,-9.526737004832476,-6.959520307738252,-2.5672166970942243,,-4.998393746804879,61.73741591278126,FL_2008-2012,False
12013,FL,2012,2016,2012-2016,-13.094376601839286,-3.8751318550506255,-4.798789067577012,-44.80928689883914,6152.0,0.3194785754880858,-15.123661690638407,-5.498497808415905,-9.625163882222502,-9.526737004832476,4.162158700681189,52.21067890794878,FL_2012-2016,False
12013,FL,2016,2020,2016-2020,-4.798789067577012,-13.094376601839286,-5.331360831869802,-57.90366350067843,6081.0,5.85255420622135,-30.668369841032963,-9.990985014895195,-20.677384826137768,-15.123661690638407,3.4704244943076645,37.087017217310375,FL_2016-2020,True
12013,FL,2020,2024,2020-2024,-5.331360831869802,-4.798789067577012,,-62.70245256825544,6526.0,0.21679403675201048,-35.56922652685657,-14.001930235150825,-21.56729629170574,-30.668369841032963,-2.462613433122044,6.4186473762774146,FL_2020-2024,True
12015,FL,2008,2012,2008-2012,-7.0802605685594795,5.5982521529929485,-14.174724560671612,-7.329407854124128,85158.0,-2.5007635467032885,-1.772424670728757,0.32489495972459714,-2.097319630453354,,-5.808084576954954,-10.804715703021786,FL_2008-2012,False
12015,FL,2012,2016,2012-2016,-14.174724560671612,-7.0802605685594795,1.7742541281317017,-14.409668422683607,84682.0,2.4136573903307035,-3.24821885076088,-0.09302541813481824,-3.155193432626062,-1.772424670728757,1.516104412599546,-12.577140373750543,FL_2012-2016,False
12015,FL,2016,2020,2016-2020,1.7742541281317017,-14.174724560671612,-7.380050683538382,-28.58439298335522,96374.0,6.890446389597493,-3.9798227765139345,-2.093552663704415,-1.8862701128095196,-3.24821885076088,7.452762161590684,-15.825359224511423,FL_2016-2020,True
12015,FL,2020,2024,2020-2024,-7.380050683538382,1.7742541281317017,,-26.810138855223517,116340.0,0.21573438073357876,-10.681664005084386,-4.781901891482253,-5.899762113602133,-3.9798227765139345,-3.565343181433235,-19.805182001025358,FL_2020-2024,True
12017,FL,2008,2012,2008-2012,-5.8655497168055035,-1.4279598137961163,-18.83804346968,-16.291940505015564,76158.0,-2.2247734685266862,-5.380256367000352,-2.0655481856941336,-3.3147081813062185,,-3.9514742311845055,-4.923984349146406,FL_2008-2012,False
12017,FL,2012,2016,2012-2016,-18.83804346968,-5.8655497168055035,-0.3916845162787794,-22.157490221821067,73935.0,3.344609358102002,-7.177972423423331,-1.1983020485319287,-5.979670374891402,-5.380256367000352,3.929172945119163,-10.304240716146758,FL_2012-2016,False
12017,FL,2016,2020,2016-2020,-0.3916845162787794,-18.83804346968,-4.786167567375841,-40.995533691501066,79700.0,4.657610968242487,-9.386402991335522,-3.373822257365589,-6.0125807339699335,-7.177972423423331,1.1678096331973933,-17.48221313957009,FL_2016-2020,True
12017,FL,2020,2024,2020-2024,-4.786167567375841,-0.3916845162787794,,-41.387218207779846,93208.0,0.5043171814942515,-11.452203894845606,-4.620473915091345,-6.831729979754261,-9.386402991335522,-2.1594168220990326,-26.86861613090561,FL_2020-2024,True
12019,FL,2008,2012,2008-2012,-3.075334229747291,10.04896387177449,0.34901835683971427,-43.13738019169329,94577.0,-3.5944125335095722,-1.686407369946906,-0.3823625010272558,-1.3040448689196502,,2.002217503740056,-29.592394907837157,FL_2008-2012,False
12019,FL,2012,2016,2012-2016,0.34901835683971427,-3.075334229747291,8.270758126377622,-46.21271442144058,96589.0,1.43403979993727,-1.4282850988704858,0.7487908196649578,-2.1770759185354436,-1.686407369946906,2.277903169604997,-31.278802277784063,FL_2012-2016,False
12019,FL,2016,2020,2016-2020,8.270758126377622,0.34901835683971427,-2.033127631632773,-45.863696064600866,106483.0,5.926788763211266,0.7395011069650295,1.2139349919080438,-0.4744338849430143,-1.4282850988704858,4.179682010290264,-32.70708737665455,FL_2016-2020,True
12019,FL,2020,2024,2020-2024,-2.033127631632773,8.270758126377622,,-37.592937938223244,124405.0,-0.933239060144675,-3.678777792199334,-0.44852152316138216,-3.2302562690379517,0.7395011069650295,-8.260439495165713,-31.96758626968952,FL_2020-2024,True
12021,FL,2008,2012,2008-2012,-7.568414665695187,8.490044821482996,3.612441562280093,-22.672176895383764,141988.0,-2.8091490275162,-2.636074475453853,-1.0588363104533265,-1.5772381650005265,,-18.361235339204825,-24.258032746522222,FL_2008-2012,False
12021,FL,2012,2016,2012-2016,3.612441562280093,-7.568414665695187,1.7800348229029197,-30.24059156107895,149112.0,2.255378602612823,-0.3959225228758747,0.7953318073087132,-1.191254330184588,-2.636074475453853,0.31399295886645007,-26.894107221976075,FL_2012-2016,False
12021,FL,2016,2020,2016-2020,1.7800348229029197,3.612441562280093,-8.431571502833474,-26.628149998798857,170789.0,7.9354783386198395,0.9909809420484201,0.4324402585557081,0.558540683492712,-0.3959225228758747,4.773668593357158,-27.29002974485195,FL_2016-2020,True
12021,FL,2020,2024,2020-2024,-8.431571502833474,1.7800348229029197,,-24.848115175895938,207818.0,-0.716765452410395,-7.2593451504752515,-2.9732988314398625,-4.286046319035389,0.9909809420484201,7.102276375118848,-26.29904880280353,FL_2020-2024,True
12023,FL,2008,2012,2008-2012,-2.945699618756173,1.0863855735337538,-8.58252093063627,-34.11874573470781,28128.0,-3.5453736976526207,-11.5779431066403,-5.045424377582696,-6.532518729057603,,-7.557599073461688,15.92809364548495,FL_2008-2012,False
12023,FL,2012,2016,2012-2016,-8.58252093063627,-2.945699618756173,0.08360750547429774,-37.06444535346398,27163.0,1.9234503044050943,-9.381580256645908,-0.1769044301146705,-9.204675826531236,-11.5779431066403,2.1877492455656267,4.35015053884465,FL_2012-2016,False
12023,FL,2016,2020,2016-2020,0.08360750547429774,-8.58252093063627,-4.973244135217804,-45.64696628410025,28707.0,7.911241987386486,-13.847839705106132,-5.7623783317343475,-8.085461373371784,-9.381580256645908,12.575124174592176,-5.031429717801257,FL_2016-2020,True
12023,FL,2020,2024,2020-2024,-4.973244135217804,0.08360750547429774,,-45.563358778625954,33042.0,-0.5903325096757062,-13.627460132346432,-5.317717667971884,-8.309742464374548,-13.847839705106132,-6.279359814700712,-18.879269422907388,FL_2020-2024,True
12086,FL,2008,2012,2008-2012,7.6515024751949205,9.8784415763196,6.442499039984263,16.188158283181192,863486.0,-5.969267284373592,1.0466467047702075,-0.22024407128608914,1.2668907760562966,,-5.265794567426994,13.811061557207948,FL_2008-2012,False
12086,FL,2012,2016,2012-2016,6.442499039984263,7.6515024751949205,-22.892638490839804,23.839660758376112,878314.0,1.9575743275494828,0.6149105180657823,-0.1996847240625801,0.8145952421283624,1.0466467047702075,-2.524411083958796,14.857708261978155,FL_2012-2016,False
12086,FL,2016,2020,2016-2020,-22.892638490839804,6.442499039984263,-18.92187331429808,30.282159798360375,980204.0,9.316438881232026,-2.3244122693877127,0.16380644405142242,-2.488218713439135,0.6149105180657823,9.230338965872733,15.472618780043938,FL_2016-2020,True
12086,FL,2020,2024,2020-2024,-18.92187331429808,-22.892638490839804,,7.389521307520572,1156816.0,-4.420789949833814,-10.639951531610794,-4.176981828574808,-6.462969703035985,-2.3244122693877127,-3.1935295451065144,13.148206510656225,FL_2020-2024,True
12027,FL,2008,2012,2008-2012,-2.004682761739984,4.599810044390869,-13.907393815126888,-12.471293060409385,10131.0,-3.682546899524153,-6.9679882493673055,-2.8629896292011985,-4.104998620166107,,-0.4737267163274197,30.154358547364374,FL_2008-2012,False
12027,FL,2012,2016,2012-2016,-13.907393815126888,-2.004682761739984,-3.862891896290396,-14.475975822149369,9865.0,-0.5788325314146303,-7.950913234285158,-2.642826553435853,-5.308086680849305,-6.9679882493673055,-9.236963880920825,23.18637029799707,FL_2012-2016,False
12027,FL,2016,2020,2016-2020,-3.862891896290396,-13.907393815126888,-10.958443211458722,-28.383369637276257,10818.0,7.2457817685186,-17.261384444597482,-6.278181891916272,-10.98320255268121,-7.950913234285158,7.579880767241846,15.23545706371191,FL_2016-2020,True
12027,FL,2020,2024,2020-2024,-10.958443211458722,-3.862891896290396,,-32.24626153356665,12659.0,-2.447978271445855,-14.316860178097633,-7.101772919907429,-7.215087258190204,-17.261384444597482,4.738180238179211,-2.025927380885572,FL_2020-2024,True
12029,FL,2008,2012,2008-2012,-1.584278936904738,-7.226846456655373,-16.681347544884545,-45.91937069813176,7264.0,-2.211796928044696,-16.07880238591929,-5.473843207534543,-10.604959178384746,,-3.802540154360244,48.95591647331786,FL_2008-2012,False
12029,FL,2012,2016,2012-2016,-16.681347544884545,-1.584278936904738,-2.210866926430512,-47.503649635036496,6941.0,0.15128724259411142,-21.55997209404979,-4.262565340039686,-17.297406754010105,-16.07880238591929,-4.983511439967586,32.877114087398574,FL_2012-2016,False
12029,FL,2016,2020,2016-2020,-2.210866926430512,-16.681347544884545,-4.40507381787404,-64.18499717992104,7202.0,6.1582644733013225,-34.99812358844081,-10.076190597278465,-24.921932991162347,-21.55997209404979,3.617509945725729,11.317141993348786,FL_2016-2020,True
12029,FL,2020,2024,2020-2024,-4.40507381787404,-2.210866926430512,,-66.39586410635155,8167.0,-1.5956953777644167,-19.279597648673057,-10.60069527725842,-8.678902371414637,-34.99812358844081,2.3841799850336116,-23.680981595092025,FL_2020-2024,True
12031,FL,2008,2012,2008-2012,-1.7267112140009504,14.339885722657252,2.2135395176725012,-1.9167140661495081,415761.0,-3.394235412786506,-3.3106700595603575,-1.7120915000487784,-1.5985785595115791,,-0.36377642676418986,9.064310047932493,FL_2008-2012,False
12031,FL,2012,2016,2012-2016,2.2135395176725012,-1.7267112140009504,5.294435295910814,-3.6434252801504585,411848.0,-0.08138017030141498,-2.4293240737899318,-0.33146010507786094,-2.097863968712071,-3.3106700595603575,0.2800357559852529,5.753639988372135,FL_2012-2016,False
12031,FL,2016,2020,2016-2020,5.294435295910814,2.2135395176725012,-5.350644239757349,-1.4298857624779575,432695.0,3.340260289204211,2.5485166642218218,1.0045622617340104,1.5439544024878114,-2.4293240737899318,3.7684502262983557,3.324315914582203,FL_2016-2020,True
12031,FL,2020,2024,2020-2024,-5.350644239757349,5.294435295910814,,3.864549533432857,492820.0,-4.618591134043005,-4.03816499305978,-1.0454409164576495,-2.9927240766021304,2.5485166642218218,-4.256917564790143,5.872832578804025,FL_2020-2024,True
12033,FL,2008,2012,2008-2012,-1.2759068011343402,12.375834371374587,-0.6503735693353647,-19.50478157703797,154447.0,-4.6234921176451005,-4.064532829432732,-1.2833927816680064,-2.781140047764726,,-1.2861914842259665,-3.1164027398523513,FL_2008-2012,False
12033,FL,2012,2016,2012-2016,-0.6503735693353647,-1.2759068011343402,6.070358380149097,-20.78068837817231,148502.0,-0.3655187496985568,-3.0704939271417695,-0.5631637972334556,-2.507330129908314,-4.064532829432732,2.205707745941808,-7.180935569285084,FL_2012-2016,False
12033,FL,2016,2020,2016-2020,6.070358380149097,-0.6503735693353647,-4.393594355725989,-21.431061947507676,152469.0,5.414382325828471,-0.6016608677684978,-0.8572297175157821,0.25556884974728433,-3.0704939271417695,6.462067102256199,-10.251429496426853,FL_2016-2020,True
12033,FL,2020,2024,2020-2024,-4.393594355725989,6.070358380149097,,-15.360703567358579,170372.0,-3.762586320370198,-5.500737082729133,-1.3383964340500665,-4.162340648679066,-0.6016608677684978,-8.014528785964558,-10.853090364195351,FL_2020-2024,True
12035,FL,2008,2012,2008-2012,-9.08973611728059,4.3531127555723215,-13.663534111520264,1.5921276989132445,49031.0,-3.9359750316652287,-2.8368500404880574,-0.15727952218689434,-2.679570518301163,,5.151019175975236,1.1385009737179381,FL_2008-2012,False
12035,FL,2012,2016,2012-2016,-13.663534111520264,-9.08973611728059,0.2606313226520598,-7.497608418367347,50595.0,1.2461268873244946,-6.099231690283903,-0.8923100826695689,-5.206921607614335,-2.8368500404880574,1.9276699531685466,-1.6983490667701193,FL_2012-2016,False
12035,FL,2016,2020,2016-2020,0.2606313226520598,-13.663534111520264,-7.525443856015755,-21.16114252988761,57503.0,8.525191433273772,-5.1381431647876585,-2.3802405984555346,-2.757902566332124,-6.099231690283903,4.362116508593303,-7.797580757054023,FL_2016-2020,True
12035,FL,2020,2024,2020-2024,-7.525443856015755,0.2606313226520598,,-20.90051120723555,71716.0,2.0983440252190455,-11.399941859390555,-4.822864204824008,-6.577077654566548,-5.1381431647876585,-2.9288950033971446,-12.935723921841682,FL_2020-2024,True
12037,FL,2008,2012,2008-2012,-3.562944925982187,-10.057015520268624,-8.713136159802975,-28.293010752688172,6029.0,-6.628304765588167,-10.163861167485365,-4.221737753586538,-5.942123413898827,,-6.76541066127777,54.35120435120435,FL_2008-2012,False
12037,FL,2012,2016,2012-2016,-8.713136159802975,-3.562944925982187,2.967914502196656,-31.85595567867036,5474.0,4.699659211222873,-18.12564723683837,-4.910500787914408,-13.21514644892396,-10.163861167485365,-0.6534486941944664,44.18734318371899,FL_2012-2016,False
12037,FL,2016,2020,2016-2020,2.967914502196656,-8.713136159802975,-6.586257374960454,-40.569091838473334,6015.0,5.155631188118814,-23.197818516120453,-8.639108255758945,-14.558710260361508,-18.12564723683837,8.707817656765684,26.06169594688062,FL_2016-2020,True
12037,FL,2020,2024,2020-2024,-6.586257374960454,2.967914502196656,,-37.60117733627668,6849.0,-2.5045754285517474,-25.697004067111276,-10.727918569603762,-14.969085497507514,-23.197818516120453,-13.880407368143082,2.863877430760165,FL_2020-2024,True
12039,FL,2008,2012,2008-2012,1.6350812753985622,-0.942610316130839,-2.6759275072913127,39.16849015317287,22510.0,-3.0506897981401493,-3.0747084170828884,-1.2119751271989827,-1.8627332898839057,,-5.496375042622063,67.41901221455124,FL_2008-2012,False
12039,FL,2012,2016,2012-2016,-2.6759275072913127,1.6350812753985622,-1.3421413385042698,40.80357142857143,22499.0,-0.5471854194439074,-3.5310263501995607,-0.3843175953296907,-3.14670875486987,-3.0747084170828884,0.6439572341890738,64.34430379746836,FL_2012-2016,False
12039,FL,2016,2020,2016-2020,-1.3421413385042698,-2.6759275072913127,-5.870210850818985,38.12764392128012,22113.0,7.509581400095233,-6.061231226758444,-3.0815287206134485,-2.9797025061449958,-3.5310263501995607,8.120074169551643,60.813277447268796,FL_2016-2020,True
12039,FL,2020,2024,2020-2024,-5.870210850818985,-1.3421413385042698,,36.78550258277585,23762.0,-5.2814364860743535,-8.364297099760059,-3.4387790269673886,-4.92551807279267,-6.061231226758444,-11.127118886570514,54.75204622051035,FL_2020-2024,True
12041,FL,2008,2012,2008-2012,-3.84842413776515,-5.848754188472839,-12.7512922134365,-47.830632514375324,7819.0,-1.0111386361119523,-20.838238316373385,-6.629703394051888,-14.208534922321494,,0.7339078079834422,13.105120790970991,FL_2008-2012,False
12041,FL,2012,2016,2012-2016,-12.7512922134365,-3.84842413776515,-0.13452867480864938,-51.679056652140474,7909.0,0.7416690598924691,-14.65154499757756,-3.709354769398942,-10.942190228178617,-20.838238316373385,-1.9930365509835326,-7.733117525402392,FL_2012-2016,False
12041,FL,2016,2020,2016-2020,-0.13452867480864938,-12.7512922134365,-4.055909771990471,-64.43034886557697,8420.0,8.20588703461681,-15.630677841353702,-5.510835732487667,-10.119842108866035,-14.65154499757756,6.655775610736896,-22.38466252297995,FL_2016-2020,True
12041,FL,2020,2024,2020-2024,-4.055909771990471,-0.13452867480864938,,-64.56487754038562,9685.0,3.6808602408537228,-14.560966677068585,-8.97221150288626,-5.5887551741823245,-15.630677841353702,0.8245355453486098,-38.01534036433365,FL_2020-2024,True
12043,FL,2008,2012,2008-2012,1.6445981515599897,-2.994654141565025,-21.65277696053444,-20.418350368433565,4261.0,-6.5355100854898485,-7.282173577435181,-4.31740023173802,-2.9647733456971608,,-4.820779652022068,31.63730255164034,FL_2008-2012,False
12043,FL,2012,2016,2012-2016,-21.65277696053444,1.6445981515599897,-5.964026270627599,-18.773752216873575,3989.0,0.3101949810024318,-12.844011140291983,-3.3554644321051903,-9.488546708186792,-7.282173577435181,-5.911056507329803,24.355128974205158,FL_2012-2016,False
12043,FL,2016,2020,2016-2020,-5.964026270627599,-21.65277696053444,-7.1102055869720004,-40.426529177408014,4353.0,11.867262630367065,-26.32019209064137,-11.49637726787544,-14.82381482276593,-12.844011140291983,9.822384757776874,11.511117833913175,FL_2016-2020,True
12043,FL,2020,2024,2020-2024,-7.1102055869720004,-5.964026270627599,,-46.39055544803561,5193.0,-1.1405121170126042,-19.0490817716406,-8.743160259725318,-10.305921511915283,-26.32019209064137,-3.2038301881130593,-14.809074256728195,FL_2020-2024,True
12045,FL,2008,2012,2008-2012,-2.819992114420913,-6.460900758675379,-8.6677200650822,-39.71103941646795,7205.0,-2.0240488866166917,-12.198087925702009,-6.033828105006219,-6.16425982069579,,-2.33407641183409,30.65877452592349,FL_2008-2012,False
12045,FL,2012,2016,2012-2016,-8.6677200650822,-2.819992114420913,0.22320207757145738,-42.53103153088886,7108.0,0.5113981949902646,-20.830911869565263,-5.064261784238306,-15.766650085326956,-12.198087925702009,7.781575004885255,18.460686600221482,FL_2012-2016,False
12045,FL,2016,2020,2016-2020,0.22320207757145738,-8.6677200650822,-3.496370980791525,-51.19875159597106,7293.0,10.314775594060155,-21.445454848857345,-7.8082410966103275,-13.637213752247018,-20.830911869565263,9.644757315286185,-2.3702252693437806,FL_2016-2020,True
12045,FL,2020,2024,2020-2024,-3.496370980791525,0.22320207757145738,,-50.9755495183996,8163.0,3.89837335707075,-14.039514744119625,-6.473702787126587,-7.565811956993038,-21.445454848857345,3.8146446445259414,-23.815680118201126,FL_2020-2024,True
12047,FL,2008,2012,2008-2012,-2.255399102829644,-4.172746321175168,-11.823866455885511,-14.703229298213964,5587.0,-2.383355046200064,-11.650589883518244,-5.025383911960397,-6.625205971557847,,1.331666692040642,55.176899063475545,FL_2008-2012,False
12047,FL,2012,2016,2012-2016,-11.823866455885511,-2.255399102829644,-3.270118504095457,-16.958628401043608,5407.0,1.420998459978795,-12.58393965237877,-3.9512930820822234,-8.632646570296547,-11.650589883518244,2.497104398991894,43.5263091799573,FL_2012-2016,False
12047,FL,2016,2020,2016-2020,-3.270118504095457,-11.823866455885511,-7.255065430049051,-28.78249485692912,5460.0,6.480435710162391,-22.8292551783565,-9.226308960734997,-13.602946217621504,-12.58393965237877,4.485606003563987,30.94236952757853,FL_2016-2020,True
12047,FL,2020,2024,2020-2024,-7.255065430049051,-3.270118504095457,,-32.05261336102458,5830.0,-1.395602788220618,-23.678623867699073,-8.469984091766001,-15.208639775933072,-22.8292551783565,-9.684976087877146,8.11311434922203,FL_2020-2024,True
12049,FL,2008,2012,2008-2012,-1.2501622203415153,10.34762418469884,-10.656686555412232,-29.94134497340063,7412.0,-2.079607682747864,-11.711675888019773,-6.002180238577658,-5.709495649442115,,1.7052576823430172,25.4787324182342,FL_2008-2012,False
12049,FL,2012,2016,2012-2016,-10.656686555412232,-1.2501622203415153,-3.567483210465575,-31.191507193742144,7226.0,-3.5172915434030507,-16.36091318550453,-8.475185280896367,-7.88572790460816,-11.711675888019773,-12.553591293080473,13.767056530214425,FL_2012-2016,False
12049,FL,2016,2020,2016-2020,-3.567483210465575,-10.656686555412232,-11.280254782682512,-41.848193749154376,7583.0,7.287875222575196,-15.169853206657882,-5.388821668102331,-9.781031538555549,-16.36091318550453,11.246075745971268,-2.5938566552901023,FL_2016-2020,True
12049,FL,2020,2024,2020-2024,-11.280254782682512,-3.567483210465575,,-45.41567695961995,8485.0,-2.2500879345991542,-11.73621367376084,-4.169514165477864,-7.566699508282976,-15.169853206657882,-0.6483918780859597,-17.763709861947984,FL_2020-2024,True
12051,FL,2008,2012,2008-2012,1.278872968614703,11.237841644079499,-8.639448671098382,-7.255520504731861,10879.0,-6.572263970974957,-3.5697685184982504,-2.55462418088727,-1.0151443376109803,,-3.667042804849359,22.342938119981106,FL_2008-2012,False
12051,FL,2012,2016,2012-2016,-8.639448671098382,1.278872968614703,-8.578294131701483,-5.9766475361171585,10185.0,2.2156290359160504,-6.757377417469581,-1.7173198181414975,-5.040057599328083,-3.5697685184982504,-2.339136075788147,18.773169601482856,FL_2012-2016,False
12051,FL,2016,2020,2016-2020,-8.578294131701483,-8.639448671098382,-15.437716935036079,-14.616096207215541,11115.0,4.106309235642841,-11.87982314311797,-4.4818924484593445,-7.397930694658626,-6.757377417469581,1.3658731893932128,12.015792184013275,FL_2016-2020,True
12051,FL,2020,2024,2020-2024,-15.437716935036079,-8.578294131701483,,-23.194390338917025,12940.0,-0.3127798487863487,-22.95026980302431,-5.3124276292265975,-17.63784217379771,-11.87982314311797,-15.367749467705053,0.13596904089530384,FL_2020-2024,True
12053,FL,2008,2012,2008-2012,-4.980555682695588,3.217881679103709,-21.352094785874506,-3.607304359832925,87901.0,-5.29084820699921,-2.225241312066077,-0.31550168064887474,-1.9097396314172022,,-2.826337318003027,-0.977132498191248,FL_2008-2012,False
12053,FL,2012,2016,2012-2016,-21.352094785874506,-4.980555682695588,-0.5359974003357131,-8.587860042528513,83667.0,3.3574132356348763,-4.491347054109365,-0.46829926666575217,-4.023047787443613,-2.225241312066077,-0.3087384370276567,-3.202373810257325,FL_2012-2016,False
12053,FL,2016,2020,2016-2020,-0.5359974003357131,-21.352094785874506,-6.852151013978126,-29.939954828403017,93796.0,5.239420508565862,-6.050296890053194,-2.2769185684439313,-3.773378321609263,-4.491347054109365,4.2128844920121225,-7.69372086436669,FL_2016-2020,True
12053,FL,2020,2024,2020-2024,-6.852151013978126,-0.5359974003357131,,-30.47595222873873,108922.0,-2.0823531349558277,-11.137757943260203,-4.430759665673593,-6.70699827758661,-6.050296890053194,-6.2927078537857,-13.744017754419884,FL_2020-2024,True
12055,FL,2008,2012,2008-2012,-4.990154750010863,7.315401639559877,-9.65050078278577,-18.229777256740913,44783.0,-3.5645530140734127,-3.2670074382565693,-0.8848854497500502,-2.382121988506519,,-6.014376331118655,-3.4618410700236035,FL_2008-2012,False
12055,FL,2012,2016,2012-2016,-9.65050078278577,-4.990154750010863,-1.7457684032593477,-23.219932006751776,42444.0,1.8963477299684062,-5.929625916666664,-0.737069032825338,-5.192556883841326,-3.2670074382565693,-3.9165568960160613,-6.728848508280173,FL_2012-2016,False
12055,FL,2016,2020,2016-2020,-1.7457684032593477,-9.65050078278577,-6.3747112449562096,-32.870432789537546,45686.0,6.481391550238058,-6.451256111717969,-3.2411071650113215,-3.2101489467066475,-5.929625916666664,3.71233819694811,-12.658474424946837,FL_2016-2020,True
12055,FL,2020,2024,2020-2024,-6.3747112449562096,-1.7457684032593477,,-34.61620119279689,52170.0,-2.6042981568763945,-10.999276203924175,-3.7232381839065987,-7.276038020017577,-6.451256111717969,-5.765499214600084,-19.109730536664806,FL_2020-2024,True
12057,FL,2008,2012,2008-2012,-0.42704399000210547,14.027645020336182,0.3772543738215255,7.187650937135542,513312.0,-1.3197389518416869,-1.2267306384157628,-0.8614691616951546,-0.36526147672060816,,-1.0358660938729827,9.645683883991195,FL_2008-2012,False
12057,FL,2012,2016,2012-2016,0.3772543738215255,-0.42704399000210547,-0.1797147805615067,6.760606947133437,542102.0,1.1940221960835218,-0.40836769868296585,-0.448775972414972,0.04040827373200617,-1.2267306384157628,4.33016287843266,8.418953245575432,FL_2012-2016,False
12057,FL,2016,2020,2016-2020,-0.1797147805615067,0.3772543738215255,-10.05729767261908,7.137861320954962,597660.0,6.377461670659546,-0.13010015925234164,-0.4673025985427124,0.33720243929037075,-0.40836769868296585,1.4999066301398756,8.010585546892466,FL_2016-2020,True
12057,FL,2020,2024,2020-2024,-10.05729767261908,-0.1797147805615067,,6.9581465403934555,712063.0,-5.920016165369535,-7.293576464619164,-2.2008971983291676,-5.092679266289997,-0.13010015925234164,-10.024002144280118,7.880485387640125,FL_2020-2024,True
12059,FL,2008,2012,2008-2012,-3.2144803206322763,-9.920421248208655,-10.427864354334147,-65.89220426937139,8589.0,-2.2050590866076636,-17.432304598051793,-4.651187339835644,-12.781117258216149,,0.08631681887062825,36.54130113784418,FL_2008-2012,False
12059,FL,2012,2016,2012-2016,-10.427864354334147,-3.2144803206322763,0.058760405910447844,-69.10668459000367,8274.0,2.0979397167541602,-36.09029662883958,-5.614435719869704,-30.475860908969878,-17.432304598051793,-1.4244523020687723,19.108996539792386,FL_2012-2016,False
12059,FL,2016,2020,2016-2020,0.058760405910447844,-10.427864354334147,-1.0861949326470182,-79.53454894433781,8514.0,3.1832433116494308,-24.188514516227414,-11.47186705819492,-12.716647458032494,-36.09029662883958,1.133550065987535,-16.981300089047195,FL_2016-2020,True
12059,FL,2020,2024,2020-2024,-1.0861949326470182,0.058760405910447844,,-79.47578853842737,9068.0,0.3118908382066299,-17.761392953036584,-6.467088080459604,-11.29430487257698,-24.188514516227414,-8.628979857050027,-41.16981460527461,FL_2020-2024,True
12061,FL,2008,2012,2008-2012,-7.518614310916911,6.343195607138474,-2.7131957566537217,-14.975817760352575,70591.0,-2.87945945542597,-0.8296913424995935,0.04383698836887717,-0.8735283308684707,,-1.4505085327542844,-17.85170954882125,FL_2008-2012,False
12061,FL,2012,2016,2012-2016,-2.7131957566537217,-7.518614310916911,3.4656203007301905,-22.494432071269486,71464.0,1.1354375800139316,-0.5840261717939157,0.8329726597262059,-1.4169988315201216,-0.8296913424995935,3.0753907497701505,-18.681400891320845,FL_2012-2016,False
12061,FL,2016,2020,2016-2020,3.4656203007301905,-2.7131957566537217,-5.783884068583021,-25.207627827923208,80009.0,7.220762760112631,-0.08024580542584658,0.18250074992378273,-0.2627465553496293,-0.5840261717939157,5.534148019693987,-19.26542706311476,FL_2016-2020,True
12061,FL,2020,2024,2020-2024,-5.783884068583021,3.4656203007301905,,-21.742007527193017,97484.0,-2.121489590669634,-8.46041581445079,-3.475490461527297,-4.984925352923494,-0.08024580542584658,-6.851280133545913,-19.345672868540607,FL_2020-2024,True
12063,FL,2008,2012,2008-2012,-0.9996349671884879,-5.0583488706363156,-8.787759717731156,-28.268187768842342,21565.0,-2.2737446933556726,-10.393744157610783,-4.495992062061838,-5.897752095548945,,1.3636903608205415,43.0282992036405,FL_2008-2012,False
12063,FL,2012,2016,2012-2016,-8.787759717731156,-0.9996349671884879,-1.1373716219098071,-29.26782273603083,20941.0,0.9566490185452747,-12.63939063597169,-2.825905166957302,-9.813485469014388,-10.393744157610783,0.8328694258461695,32.63455504602972,FL_2012-2016,False
12063,FL,2016,2020,2016-2020,-1.1373716219098071,-8.787759717731156,-7.16050126439923,-38.055582453761986,21041.0,3.8822122496836364,-24.97557101487432,-6.443228419202191,-18.532342595672127,-12.63939063597169,2.754792339360577,19.995164410058027,FL_2016-2020,True
12063,FL,2020,2024,2020-2024,-7.16050126439923,-1.1373716219098071,,-39.19295407567179,22419.0,-1.4604768360569231,-20.45909701462528,-7.10517349607082,-13.35392351855446,-24.97557101487432,-8.0220238779834,-4.980406604816291,FL_2020-2024,True
12065,FL,2008,2012,2008-2012,-1.9234937673399242,-7.570042965093965,-6.973857538283417,3.690551680405834,7957.0,-2.2121055334904938,-8.686068638009253,-2.9124385878595405,-5.773630050149713,,-8.035912844373286,49.09796314258002,FL_2008-2012,False
12065,FL,2012,2016,2012-2016,-6.973857538283417,-1.9234937673399242,-1.7416244435504007,1.7670579130659099,7808.0,-0.3959549218346847,-8.547808664048993,-2.0003114107775204,-6.547497253271473,-8.686068638009253,1.1593488340885472,40.41189450457077,FL_2012-2016,False
12065,FL,2016,2020,2016-2020,-1.7416244435504007,-6.973857538283417,-11.795651760615977,-5.206799625217507,7645.0,5.191369735499474,-18.7046485603342,-10.058345875247543,-8.646302685086658,-8.547808664048993,4.133535546862603,31.864085840521774,FL_2016-2020,True
12065,FL,2020,2024,2020-2024,-11.795651760615977,-1.7416244435504007,,-6.948424068767908,8451.0,-3.111801242236023,-17.254523177111267,-9.82229204679533,-7.4322311303159365,-18.7046485603342,-6.0871419301010405,13.159437280187573,FL_2020-2024,True
12067,FL,2008,2012,2008-2012,2.2907470008629573,-12.471591180863904,-9.814635885679074,-61.33694670280036,3359.0,-1.173273054082502,-12.850923995189277,-8.620835215144012,-4.230088780045264,,-0.8517423384774219,54.5759677780264,FL_2008-2012,False
12067,FL,2012,2016,2012-2016,-9.814635885679074,2.2907470008629573,-3.10178123481343,-59.046199701937404,3399.0,-0.10844306738961862,-16.01395755663332,-3.9562265785360538,-12.057730978097265,-12.850923995189277,-1.5956622773044131,41.725043782837126,FL_2012-2016,False
12067,FL,2016,2020,2016-2020,-3.10178123481343,-9.814635885679074,-4.435563536146489,-68.86083558761648,3392.0,4.87701962748992,-64.80915978137018,-15.954428742273596,-48.854731039096585,-16.01395755663332,2.539960869052379,25.711086226203808,FL_2016-2020,True
12067,FL,2020,2024,2020-2024,-4.435563536146489,-3.10178123481343,,-71.96261682242991,3658.0,1.9485803027648463,-21.236865651073593,-8.019003909622363,-13.21786174145123,-64.80915978137018,-2.8050441947736573,-39.09807355516637,FL_2020-2024,True
12069,FL,2008,2012,2008-2012,-3.6717103669102453,7.72051258484173,-6.551061727487522,-13.621955403087478,146926.0,-2.625341487400934,-1.1665036608006716,-0.09866265251882567,-1.067841008281846,,0.018676532254033873,-9.65808523492067,FL_2008-2012,False
12069,FL,2012,2016,2012-2016,-6.551061727487522,-3.6717103669102453,3.6148885566931312,-17.293665769997723,150811.0,1.5094406375778746,-1.6336005734197894,0.219653720539986,-1.8532542939597754,-1.1665036608006716,-0.10125742229935497,-10.824588895721341,FL_2012-2016,False
12069,FL,2016,2020,2016-2020,3.6148885566931312,-6.551061727487522,-4.633522327570798,-23.844727497485245,170462.0,4.984883516758909,-1.673760616052549,-0.8912119998648755,-0.7825486161876736,-1.6336005734197894,2.8068843499194855,-12.45818946914113,FL_2016-2020,True
12069,FL,2020,2024,2020-2024,-4.633522327570798,3.6148885566931312,,-20.229838940792114,211314.0,0.4891132948960153,-8.727916005671553,-1.9030838951603535,-6.824832110511199,-1.673760616052549,-8.533211355968874,-14.13195008519368,FL_2020-2024,True
12071,FL,2008,2012,2008-2012,-6.208781376196949,10.69800142550115,-4.410209064469427,-10.439977703706198,269276.0,-5.494293390035243,0.6919006406128787,0.7955243800004776,-0.10362373938759895,,8.780989880400654,-14.922374201277956,FL_2008-2012,False
12071,FL,2012,2016,2012-2016,-4.410209064469427,-6.208781376196949,1.7333392787096358,-16.648759079903147,266166.0,5.023825958762085,-2.0457272045411568,0.5432924303567432,-2.5890196348979,0.6919006406128787,-2.6638681537618396,-14.230473560665077,FL_2012-2016,False
12071,FL,2016,2020,2016-2020,1.7333392787096358,-4.410209064469427,-9.251112409686446,-21.058968144372574,326420.0,6.138032727445619,0.4247983362782364,0.5589156056738407,-0.1341172693956043,-2.0457272045411568,4.124173974049796,-16.276200765206234,FL_2016-2020,True
12071,FL,2020,2024,2020-2024,-9.251112409686446,1.7333392787096358,,-19.32562886566294,393899.0,-2.9387234308199117,-9.278175076050264,-3.0702451172613223,-6.207929958788942,0.4247983362782364,-3.13104211032649,-15.851402428927997,FL_2020-2024,True
12073,FL,2008,2012,2008-2012,-0.5309061681671139,0.6344580469288843,2.3042046012240007,24.44320863738708,148608.0,-3.4333251677395205,-3.528724100527299,-2.1292849039904915,-1.3994391965368074,,3.4668398512634155,30.466816390136586,FL_2008-2012,False
12073,FL,2012,2016,2012-2016,2.3042046012240007,-0.5309061681671139,2.4000053231697507,23.912302469219966,148353.0,-0.6013453415979697,-1.5604297505344817,-0.9572809432749452,-0.6031488072595366,-3.528724100527299,4.068822910866217,26.938092289609287,FL_2012-2016,False
12073,FL,2016,2020,2016-2020,2.4000053231697507,2.3042046012240007,-6.589878776902832,26.216507070443967,152132.0,2.7175140495990235,1.5259584566300326,-0.15896604056405295,1.6849244971940855,-1.5604297505344817,2.1659751831399348,25.377662539074805,FL_2016-2020,True
12073,FL,2020,2024,2020-2024,-6.589878776902832,2.4000053231697507,,28.616512393613718,162929.0,-3.1203939126592917,-5.4673077409680815,-1.894686260882871,-3.5726214800852105,1.5259584566300326,-10.020476787827477,26.903620995704838,FL_2020-2024,True
12075,FL,2008,2012,2008-2012,-5.347210131275979,-1.006834089270722,-13.294193021610816,-27.311129163281883,18725.0,-2.0755426038197244,-22.874200261253886,-5.7446989005241775,-17.12950136072971,,-4.220099034910206,23.688474000925783,FL_2008-2012,False
12075,FL,2012,2016,2012-2016,-13.294193021610816,-5.347210131275979,0.01718335738154053,-32.65833929455786,18399.0,3.0166896704196144,-11.18955790469258,-2.4605233049228907,-8.729034599769689,-22.874200261253886,5.463607645334108,0.8142737396718955,FL_2012-2016,False
12075,FL,2016,2020,2016-2020,0.01718335738154053,-13.294193021610816,-4.60716517133374,-45.95253231616868,19395.0,6.402006734823051,-11.82811129662256,-4.0150385314149375,-7.813072765207622,-11.18955790469258,3.1720937072428654,-10.375284165020684,FL_2016-2020,True
12075,FL,2020,2024,2020-2024,-4.60716517133374,0.01718335738154053,,-45.93534895878714,23145.0,-0.15505824702938265,-15.750046172923827,-6.464133645730623,-9.285912527193204,-11.82811129662256,-5.377762183229663,-22.203395461643243,FL_2020-2024,True
12077,FL,2008,2012,2008-2012,2.744944584511124,-16.0553255791351,-17.33042470358101,-44.650587507730364,3278.0,2.4091535512860585,-6.723566750120128,-5.02902282966258,-1.6945439204575479,,4.691588785046733,80.66914498141264,FL_2008-2012,False
12077,FL,2012,2016,2012-2016,-17.33042470358101,2.744944584511124,-1.5548928251771486,-41.90564292321924,3284.0,-2.539078653543958,-14.683848189042124,-4.23779326586758,-10.446054923174543,-6.723566750120128,-2.3641551567281454,73.94557823129252,FL_2012-2016,False
12077,FL,2016,2020,2016-2020,-1.5548928251771486,-17.33042470358101,-6.530055714304353,-59.23606762680025,3296.0,9.477784675203438,-39.98331230697545,-11.479379790764341,-28.503932516211112,-14.683848189042124,8.729662619642255,59.26173004225039,FL_2016-2020,True
12077,FL,2020,2024,2020-2024,-6.530055714304353,-1.5548928251771486,,-60.7909604519774,3561.0,-0.06009360431966648,-45.913427448203926,-16.448229056029657,-29.46519839217427,-39.98331230697545,1.9798176196813273,19.27841773527494,FL_2020-2024,True
12079,FL,2008,2012,2008-2012,-0.3363959858921235,-1.397733311228645,-12.372031594905124,-3.1086907193101885,8907.0,-0.653663719500619,-9.947795928772237,-2.751922036955598,-7.195873891816639,,-0.9864721284104263,56.37726014008796,FL_2008-2012,False
12079,FL,2012,2016,2012-2016,-12.372031594905124,-0.3363959858921235,-3.8010303644855075,-3.445086705202312,8715.0,-1.9597767387192655,-12.176849012906459,-2.148829400804928,-10.02801961210153,-9.947795928772237,-3.693009082411166,46.429464211315725,FL_2012-2016,False
12079,FL,2016,2020,2016-2020,-3.8010303644855075,-12.372031594905124,-9.409857925192888,-15.817118300107436,8505.0,7.018027684295047,-19.088471636579023,-6.6512638470579155,-12.437207789521107,-12.176849012906459,2.578011999304806,34.252615198409266,FL_2016-2020,True
12079,FL,2020,2024,2020-2024,-9.409857925192888,-3.8010303644855075,,-19.618148664592944,9380.0,-2.375291962830395,-18.862954658263533,-6.967959168151378,-11.894995490112155,-19.088471636579023,1.3928421396284563,15.164143561830244,FL_2020-2024,True
12081,FL,2008,2012,2008-2012,-5.481842141721329,6.977503548685717,-5.169170570409957,-7.08898543995224,151994.0,-3.3117957756422345,-1.2111904969157479,-0.49063379088871173,-0.7205567060270361,,-3.993755578275568,-9.270601471308515,FL_2008-2012,False
12081,FL,2012,2016,2012-2016,-5.169170570409957,-5.481842141721329,1.5557013958217034,-12.57082758167357,153491.0,1.6303044789301668,-2.0863674252220488,-0.02340771758395732,-2.0629597076380914,-1.2111904969157479,-2.4876932008073993,-10.481791968224263,FL_2012-2016,False
12081,FL,2016,2020,2016-2020,1.5557013958217034,-5.169170570409957,-7.504733002498522,-17.739998152083526,178958.0,5.831257868516449,-0.13248831142555595,-0.08933505752639981,-0.04315325389915614,-2.0863674252220488,5.363299834600426,-12.568159393446312,FL_2016-2020,True
12081,FL,2020,2024,2020-2024,-7.504733002498522,1.5557013958217034,,-16.184296756261823,216958.0,0.10855701292591391,-10.014559642234927,-3.1391122415294674,-6.875447400705459,-0.13248831142555595,-1.8932890390547499,-12.700647704871868,FL_2020-2024,True
12087,FL,2008,2012,2008-2012,-4.514837911613325,4.476815136109993,-7.615516533690827,4.954819277108434,40272.0,-4.57662880395141,-1.558968982521412,-0.32881756098743553,-1.2301514215339764,,-0.6679594386310583,-1.639540449976065,FL_2008-2012,False
12087,FL,2012,2016,2012-2016,-7.615516533690827,-4.514837911613325,-0.837244921769388,0.43998136549510847,39057.0,5.280083040261053,-2.3595829527515684,-0.22297978385852968,-2.1366031688930387,-1.558968982521412,4.751885392018451,-3.198509432497477,FL_2012-2016,False
12087,FL,2016,2020,2016-2020,-0.837244921769388,-7.615516533690827,-10.46802541950145,-7.175535168195719,42478.0,3.0744484187513965,-2.5125454639865907,-0.9948415841953473,-1.5177038797912434,-2.3595829527515684,-3.947382882052736,-5.558092385249045,FL_2016-2020,True
12087,FL,2020,2024,2020-2024,-10.46802541950145,-0.837244921769388,,-8.012780089965107,48029.0,-5.5261115877278115,-9.927940249644136,-4.433212974387581,-5.494727275256555,-2.5125454639865907,-7.314546756524692,-8.070637849235636,FL_2020-2024,True
12083,FL,2008,2012,2008-2012,-4.6864618828305815,5.6214776222496745,-10.561038688294449,-11.708949503636262,162022.0,-2.535348940506421,-3.988973850726123,-1.0156762131220989,-2.973297637604024,,0.3088091384823457,-1.8675310401356173,FL_2008-2012,False
12083,FL,2012,2016,2012-2016,-10.561038688294449,-4.6864618828305815,0.8231588430903187,-16.395411386466844,161385.0,2.0178636907729697,-4.26171500941594,-1.1981957739161428,-3.063519235499797,-3.988973850726123,-1.2435167206371176,-5.85650489086174,FL_2012-2016,False
12083,FL,2016,2020,2016-2020,0.8231588430903187,-10.561038688294449,-5.726601811426921,-26.956450074761293,174700.0,4.966860736732515,-3.923743109993886,-1.5335276150254202,-2.3902154949684657,-4.26171500941594,4.735577949028013,-10.11821990027768,FL_2016-2020,True
12083,FL,2020,2024,2020-2024,-5.726601811426921,0.8231588430903187,,-26.133291231670974,204376.0,0.18552352299013863,-9.695650136158537,-3.507256270108609,-6.188393866049928,-3.923743109993886,-3.427311882557362,-14.041963010271566,FL_2020-2024,True
12085,FL,2008,2012,2008-2012,-9.392621313360817,1.888846471797974,-4.515843235341858,-13.695895738625389,78294.0,-2.962634884190374,-3.311768856616279,0.22754491229584772,-3.539313768912127,,-3.8865055145183476,-20.95002718600168,FL_2008-2012,False
12085,FL,2012,2016,2012-2016,-4.515843235341858,-9.392621313360817,2.8493608482034354,-23.088517051986205,78873.0,1.2638867705039303,-0.5653549917715495,0.6280927893494876,-1.193447781121037,-3.311768856616279,1.766722303605789,-24.26179604261796,FL_2012-2016,False
12085,FL,2016,2020,2016-2020,2.8493608482034354,-4.515843235341858,-6.559766073879672,-27.604360287328063,85792.0,8.021839676009002,0.9312093772890968,0.3835243565077562,0.5476850207813406,-0.5653549917715495,3.166018693892781,-24.82715103438951,FL_2016-2020,True
12085,FL,2020,2024,2020-2024,-6.559766073879672,2.8493608482034354,,-24.754999439124628,98726.0,-0.9686656597219012,-7.4875428837513205,-2.6353390504004075,-4.852203833350913,0.9312093772890968,-2.113925321382439,-23.895941657100412,FL_2020-2024,True
12089,FL,2008,2012,2008-2012,-4.8279584404568325,2.8616270577760687,-2.8632056377739232,-44.14665579548144,38304.0,-1.108428652333171,-7.595287881174144,-2.717020550884069,-4.878267330290075,,0.9324749143381865,-19.34485589777057,FL_2008-2012,False
12089,FL,2012,2016,2012-2016,-2.8632056377739232,-4.8279584404568325,5.386761900204547,-48.974614235938276,40528.0,4.232244061738766,-7.760959138238604,-0.9918441555568656,-6.769114982681739,-7.595287881174144,8.459156497215858,-26.940143778944716,FL_2012-2016,False
12089,FL,2016,2020,2016-2020,5.386761900204547,-2.8632056377739232,-0.8725654286555766,-51.8378198737122,46607.0,7.4297541094847315,-2.676186865849786,-1.1203288622112737,-1.5558580036385123,-7.760959138238604,2.7193384766196544,-34.70110291718332,FL_2016-2020,True
12089,FL,2020,2024,2020-2024,-0.8725654286555766,5.386761900204547,,-46.45105797350765,58811.0,3.299092442412921,-5.519311789046348,-1.6194098869338873,-3.899901902112461,-2.676186865849786,0.050289376781606165,-37.377289783033106,FL_2020-2024,True
12091,FL,2008,2012,2008-2012,-4.611673148355543,11.168641817775786,-0.3397590853987893,-45.337573023737335,95529.0,-3.8571399048829114,-3.121079093300594,-0.8086889011675638,-2.31239019213303,,-4.884320915496218,-33.85404991767989,FL_2008-2012,False
12091,FL,2012,2016,2012-2016,-0.3397590853987893,-4.611673148355543,10.348981056730572,-49.94924617209288,94798.0,0.31303257812668184,-1.4813635670351175,-1.00582675725542,-0.4755368097796975,-3.121079093300594,-0.5190053504556857,-36.97512901098048,FL_2012-2016,False
12091,FL,2016,2020,2016-2020,10.348981056730572,-0.3397590853987893,-2.9801683550525055,-50.28900525749167,100855.0,6.728828474321091,1.353594546765187,-0.3535072006850797,1.7071017474502668,-1.4813635670351175,5.311442178508244,-38.4564925780156,FL_2016-2020,True
12091,FL,2020,2024,2020-2024,-2.9801683550525055,10.348981056730572,,-39.940024200761094,116373.0,-2.2856039743602063,-2.9578753396856143,-1.2040603683385172,-1.7538149713470972,1.353594546765187,-0.4785326012186317,-37.10289803125041,FL_2020-2024,True
12093,FL,2008,2012,2008-2012,-0.9266807315326595,-4.318120860715416,-20.244329715670272,-19.362222748441077,12786.0,-2.1104524935377675,-13.375300397724038,-2.596517449472344,-10.778782948251694,,0.620463868400563,22.40839917280874,FL_2008-2012,False
12093,FL,2012,2016,2012-2016,-20.244329715670272,-0.9266807315326595,-4.107372100698996,-20.288903479973737,12324.0,2.471932377413877,-12.701631362049916,-2.015644976316734,-10.68598638573318,-13.375300397724038,-0.5449822852532833,9.033098775084701,FL_2012-2016,False
12093,FL,2016,2020,2016-2020,-4.107372100698996,-20.244329715670272,-9.431707977771843,-40.53323319564401,13653.0,6.523318729577116,-14.416668806265115,-4.788065311049578,-9.628603495215536,-12.701631362049916,6.181127011117482,-3.668532586965214,FL_2016-2020,True
12093,FL,2020,2024,2020-2024,-9.431707977771843,-4.107372100698996,,-44.640605296343004,15954.0,-0.2090177531382298,-17.59804813076518,-6.087580607912177,-11.510467522853002,-14.416668806265115,-7.2690434363976095,-18.085201393230328,FL_2020-2024,True
12095,FL,2008,2012,2008-2012,-0.3360080983752063,18.52940972571727,7.242978534217823,18.740608166735893,462711.0,-5.109716656627006,0.4985584644738239,0.27413027908485255,0.22442818538897136,,3.3588227141557496,12.80494767833471,FL_2008-2012,False
12095,FL,2012,2016,2012-2016,7.242978534217823,-0.3360080983752063,-2.2851181864713794,18.404600068360686,466359.0,3.3121406866697067,1.8663355031666775,0.23711655469948845,1.629218948467189,0.4985584644738239,1.297929226626394,13.303506142808533,FL_2012-2016,False
12095,FL,2016,2020,2016-2020,-2.2851181864713794,7.242978534217823,-9.586808840206508,25.64757860257851,546275.0,5.331067206254392,2.4637479023016873,0.9268950923663901,1.5368528099352972,1.8663355031666775,2.100009756227209,15.169841645975211,FL_2016-2020,True
12095,FL,2020,2024,2020-2024,-9.586808840206508,-2.2851181864713794,,23.36246041610713,647403.0,-5.30422701074521,-4.718924219818467,-1.2146929889453588,-3.504231230873108,2.4637479023016873,-4.67326555016264,17.6335895482769,FL_2020-2024,True
12097,FL,2008,2012,2008-2012,4.845353469143685,25.35147938775321,1.1848080717022285,19.86646409723333,100670.0,-4.135011189606752,2.8617264340106683,1.9401281344223094,0.9215982995883589,,2.770740266345811,14.03650105460511,FL_2008-2012,False
12097,FL,2012,2016,2012-2016,1.1848080717022285,4.845353469143685,-11.950368238078072,24.711817566377015,108698.0,4.95749237927825,2.8388424868332223,0.3169306773272531,2.521911809505969,2.8617264340106683,1.070125113765144,16.898227488615778,FL_2012-2016,False
12097,FL,2016,2020,2016-2020,-11.950368238078072,1.1848080717022285,-15.413627717931407,25.896625638079243,140206.0,4.374131409473614,-0.7998787794753248,0.45821788214446,-1.2580966616197848,2.8388424868332223,5.188930763183123,19.737069975449,FL_2016-2020,True
12097,FL,2020,2024,2020-2024,-15.413627717931407,-11.950368238078072,,13.946257400001171,172436.0,-3.983587195273619,-10.215522012907762,-3.830880845869503,-6.384641167038259,-0.7998787794753248,-7.344233643217677,18.937191195973675,FL_2020-2024,True
12099,FL,2008,2012,2008-2012,-5.899678299128258,1.5993408358231704,-1.3212769569775489,23.026078309847644,590500.0,-2.61842617465351,-0.42152041686688513,0.23518321796579045,-0.6567036348326756,,-1.0881012892874935,16.262961212283038,FL_2008-2012,False
12099,FL,2012,2016,2012-2016,-1.3212769569775489,-5.899678299128258,-2.9373386565861015,17.126400010719387,600721.0,1.5202796904333238,-1.5095884637812027,-0.23239561763741,-1.2771928461437927,-0.42152041686688513,-3.519248721256787,15.841440795416153,FL_2012-2016,False
12099,FL,2016,2020,2016-2020,-2.9373386565861015,-1.3212769569775489,-12.100080961155369,15.805123053741838,662332.0,7.615050462279049,-0.9531955294879673,-0.30251126313675236,-0.6506842663512149,-1.5095884637812027,7.310006142095858,14.33185233163495,FL_2016-2020,True
12099,FL,2020,2024,2020-2024,-12.100080961155369,-2.9373386565861015,,12.867784397155736,773158.0,-4.056487524909769,-8.603278396045607,-2.588723487611386,-6.014554908434221,-0.9531955294879673,-13.517460840312737,13.378656802146983,FL_2020-2024,True
12101,FL,2008,2012,2008-2012,-3.105618807015482,6.214363024538429,-15.650014106815373,-3.6170543146324365,214866.0,-3.1638525137305806,-2.3485436943925873,-0.6000973634399649,-1.7484463309526226,,0.6007956633352052,-1.7617030815369306,FL_2008-2012,False
12101,FL,2012,2016,2012-2016,-15.650014106815373,-3.105618807015482,2.1017745218136774,-6.722673121647919,213573.0,2.5598165658494376,-2.813333750198324,-0.5740756193366297,-2.2392581308616943,-2.3485436943925873,0.01889626076621198,-4.110246775929518,FL_2012-2016,False
12101,FL,2016,2020,2016-2020,2.1017745218136774,-15.650014106815373,-5.211831584008923,-22.372687228463292,241139.0,7.464571052602986,-3.4866464230729557,-0.861354222940915,-2.6252922001320407,-2.813333750198324,4.072375973500968,-6.923580526127842,FL_2016-2020,True
12101,FL,2020,2024,2020-2024,-5.211831584008923,2.1017745218136774,,-20.270912706649614,301970.0,-0.7040094279601616,-7.422260803382692,-2.527148337851388,-4.895112465531303,-3.4866464230729557,-3.903862470925148,-10.410226949200798,FL_2020-2024,True
12103,FL,2008,2012,2008-2012,-2.627603471465375,8.391263803437973,-6.876597348185944,8.341169155585614,463282.0,-2.3494219438160324,-0.6512953841846234,-0.10140597951090391,-0.5498894046737195,,-4.554375984304286,1.8191764981979195,FL_2008-2012,False
12103,FL,2012,2016,2012-2016,-6.876597348185944,-2.627603471465375,1.3871768509045355,5.71356568412024,457702.0,1.8116388826304841,-0.9359111884132184,-0.40602064143850913,-0.5298905469747093,-0.6512953841846234,-0.8367864418490427,1.167881114013296,FL_2012-2016,False
12103,FL,2016,2020,2016-2020,1.3871768509045355,-6.876597348185944,-5.502272408848348,-1.163031664065705,492403.0,7.404669692253529,0.475587189186095,0.20919154969667914,0.26639563948941586,-0.9359111884132184,6.381403913938243,0.23196992560007768,FL_2016-2020,True
12103,FL,2020,2024,2020-2024,-5.502272408848348,1.3871768509045355,,0.2241451868388304,559715.0,-6.103562563635578,-6.270699813356257,-2.083531176223544,-4.187168637132713,0.475587189186095,-9.7934032445595,0.7075571147861727,FL_2020-2024,True
12105,FL,2008,2012,2008-2012,-0.7019751172878301,11.733081526998763,-7.664907515412818,-6.184730352677523,244833.0,-2.639761034073429,-2.2866360592976323,-1.205326919301207,-1.0813091399964252,,-0.4318032464732511,4.804301010496514,FL_2008-2012,False
12105,FL,2012,2016,2012-2016,-7.664907515412818,-0.7019751172878301,-0.03375071388721729,-6.886705469965353,248683.0,2.308332309512051,-1.690490859508154,-0.3344940370745495,-1.3559968224336045,-2.2866360592976323,4.544540414476984,2.5176649511988813,FL_2012-2016,False
12105,FL,2016,2020,2016-2020,-0.03375071388721729,-7.664907515412818,-6.276215322655675,-14.55161298537817,284314.0,5.24480697870271,-3.2248856660231815,-1.2957551897763757,-1.9291304762468058,-1.690490859508154,3.622415067258885,0.8271740916907272,FL_2016-2020,True
12105,FL,2020,2024,2020-2024,-6.276215322655675,-0.03375071388721729,,-14.585363699265388,343256.0,-2.622476563142373,-8.529369518375654,-3.3846438775595726,-5.144725640816082,-3.2248856660231815,-6.900722413549474,-2.397711574332454,FL_2020-2024,True
12107,FL,2008,2012,2008-2012,-5.240124712935135,-0.27130813632248163,-12.654560457398215,-19.4719070361695,33171.0,-3.134326299486756,-7.967712070670597,-4.472110902623275,-3.4956011680473225,,-4.871212299211763,25.80117160578911,FL_2008-2012,False
12107,FL,2012,2016,2012-2016,-12.654560457398215,-5.240124712935135,-4.216604708122162,-24.712031749104636,31324.0,2.5817406969771084,-12.509038895344565,-2.450207038052982,-10.058831857291583,-7.967712070670597,6.018630549197539,17.833459535118514,FL_2012-2016,False
12107,FL,2016,2020,2016-2020,-4.216604708122162,-12.654560457398215,-6.52796966883313,-37.36659220650285,33117.0,5.623059433091926,-16.598388918792335,-6.385456685349789,-10.212932233442546,-12.509038895344565,5.551611039041148,5.324420639773949,FL_2016-2020,True
12107,FL,2020,2024,2020-2024,-6.52796966883313,-4.216604708122162,,-41.58319691462501,36373.0,-1.9114713398754146,-18.619372106190305,-6.977837950994642,-11.641534155195664,-16.598388918792335,-11.699872461255566,-11.273968279018385,FL_2020-2024,True
12113,FL,2008,2012,2008-2012,-4.829598113866787,7.672647057656491,-2.7209644468893757,-48.384189178441716,76185.0,-5.5719813054765694,-3.7801657182910837,-1.1977307212319523,-2.5824349970591314,,-0.4967501813631543,-30.24810494811334,FL_2008-2012,False
12113,FL,2012,2016,2012-2016,-2.7209644468893757,-4.829598113866787,8.530540190296485,-53.2137872923085,76846.0,3.1943966158604398,-4.077813100027861,-0.7679650588453057,-3.309848041182555,-3.7801657182910837,2.7891936932485635,-34.028270666404424,FL_2012-2016,False
12113,FL,2016,2020,2016-2020,8.530540190296485,-2.7209644468893757,-4.036753345260209,-55.93475173919788,87745.0,6.0831514233040345,-2.0290235650264634,-1.4090155482998412,-0.6200080167266222,-4.077813100027861,-0.3332660477193343,-38.106083766432285,FL_2016-2020,True
12113,FL,2020,2024,2020-2024,-4.036753345260209,8.530540190296485,,-47.404211548901394,106928.0,0.21517119207323798,-6.605573336345159,-2.2406818532791064,-4.364891483066053,-2.0290235650264634,-6.463297219754907,-40.13510733145875,FL_2020-2024,True
12115,FL,2008,2012,2008-2012,-7.379504698414964,8.311212435078678,-4.468847275137818,-0.10263494549646615,207353.0,-2.7025676175714386,0.17122293600248106,0.5478265637740272,-0.3766036277715461,,2.0840220195410524,-12.363305681111818,FL_2008-2012,False
12115,FL,2012,2016,2012-2016,-4.468847275137818,-7.379504698414964,1.4250632003364938,-7.48213964391143,207480.0,1.780513224963176,-0.020843601081452334,0.28963914693265913,-0.31048274801411146,0.17122293600248106,0.9861535229529608,-12.192082745109337,FL_2012-2016,False
12115,FL,2016,2020,2016-2020,1.4250632003364938,-4.468847275137818,-7.797157832792028,-11.950986919049248,229063.0,5.875452432632988,0.8559993970123312,0.4218187528443895,0.43418064416794167,-0.020843601081452334,3.1588368663372393,-12.21292634619079,FL_2016-2020,True
12115,FL,2020,2024,2020-2024,-7.797157832792028,1.4250632003364938,,-10.525923718712754,270575.0,-1.1505336318608728,-9.898740829052475,-3.475049921650667,-6.423690907401808,0.8559993970123312,-5.641361651032668,-11.356926949178458,FL_2020-2024,True
12117,FL,2008,2012,2008-2012,-3.7344045596220026,14.046674610490506,4.901434533880946,-2.8057043614392994,205895.0,-3.504939004170249,0.8679602429414031,0.7850272802416791,0.08293296269972394,,0.16735935786361722,-6.771138600117222,FL_2008-2012,False
12117,FL,2012,2016,2012-2016,4.901434533880946,-3.7344045596220026,4.465624097967922,-6.540108921061302,208620.0,1.2639393411702948,1.2258893763425656,-0.5331668243057317,1.7590562006482973,0.8679602429414031,-0.41110473640034684,-5.903178357175819,FL_2012-2016,False
12117,FL,2016,2020,2016-2020,4.465624097967922,4.901434533880946,-6.427639663353327,-1.6386743871803564,224896.0,8.060022388286736,4.184109359623845,2.3016682371263104,1.8824411224975344,1.2258893763425656,9.482558790464424,-4.677288980833254,FL_2016-2020,True
12117,FL,2020,2024,2020-2024,-6.427639663353327,4.465624097967922,,2.8269497107875656,260815.0,-3.84404713271681,-1.986324022270784,-0.13074439532706622,-1.855579626943718,4.184109359623845,2.0406099469146284,-0.4931796212094089,FL_2020-2024,True
12109,FL,2008,2012,2008-2012,-6.266790917854031,6.481384319491205,3.510940702670979,-31.835106129717275,105844.0,-4.103129911915082,-2.4394318192633193,-0.42912111365871297,-2.0103107056046063,,1.3789808395023329,-25.2421362642701,FL_2008-2012,False
12109,FL,2012,2016,2012-2016,3.510940702670979,-6.266790917854031,7.647548028920557,-38.101897047571306,114795.0,1.501704498970391,-1.6666533675961794,-0.31775927491601763,-1.3488940926801618,-2.4394318192633193,-2.7831242885925036,-27.68156808353342,FL_2012-2016,False
12109,FL,2016,2020,2016-2020,7.647548028920557,3.510940702670979,-4.697877640026999,-34.59095634490033,136514.0,7.399085914643488,1.156142082952087,0.6850283983573888,0.47111368459469816,-1.6666533675961794,2.743881986993159,-29.3482214511296,FL_2016-2020,True
12109,FL,2020,2024,2020-2024,-4.697877640026999,7.647548028920557,,-26.94340831597977,176622.0,1.3644543067143466,-5.4997002633831436,-1.7652438359337594,-3.734456427449384,1.156142082952087,-0.3910076592415379,-28.192079368177513,FL_2020-2024,True
12111,FL,2008,2012,2008-2012,-4.295286908058956,7.946996204498422,-10.40367007368477,12.214448707339702,120579.0,-4.056130790335965,-0.36395823395218585,0.3154526712625021,-0.6794109052146879,,1.8576835951565869,11.29848550191532,FL_2008-2012,False
12111,FL,2012,2016,2012-2016,-10.40367007368477,-4.295286908058956,0.9087748038130365,7.919161799280746,123027.0,2.759021094313252,-2.6703068201527937,0.1253122966006064,-2.7956191167534,-0.36395823395218585,0.9882499901180637,10.934527267963134,FL_2012-2016,False
12111,FL,2016,2020,2016-2020,0.9087748038130365,-10.40367007368477,-7.551082263047007,-2.4845082744040243,140847.0,5.74465988254671,-2.449518247846112,-0.9723742992658044,-1.4771439485803075,-2.6703068201527937,2.373609354548151,8.26422044781034,FL_2016-2020,True
12111,FL,2020,2024,2020-2024,-7.551082263047007,0.9087748038130365,,-1.5757334705909878,172169.0,0.3559630387091839,-8.685322589848315,-3.147979662303686,-5.53734292754463,-2.449518247846112,1.3803860442661033,5.814702199964228,FL_2020-2024,True
12119,FL,2008,2012,2008-2012,-7.8764862813881,-1.0484413950640068,-4.822887005728759,-27.22738608025391,48868.0,-0.19530955281216178,-7.891323142327776,-2.7377357269955773,-5.153587415332199,,-0.4573135613475756,-11.036002203194633,FL_2008-2012,False
12119,FL,2012,2016,2012-2016,-4.822887005728759,-7.8764862813881,3.6409023827233113,-35.10387236164201,60479.0,4.682983740427693,-8.607318127831686,-2.2171851444113706,-6.390132983420315,-7.891323142327776,4.283949294064811,-18.92732534552241,FL_2012-2016,False
12119,FL,2016,2020,2016-2020,3.6409023827233113,-4.822887005728759,-1.5256728429305113,-39.92675936737077,76665.0,7.293377670019474,-5.467288125327876,-1.7512410619164314,-3.7160470634114446,-8.607318127831686,4.13346860410158,-27.534643473354095,FL_2016-2020,True
12119,FL,2020,2024,2020-2024,-1.5256728429305113,3.6409023827233113,,-36.28585698464746,92485.0,3.543884017317911,-5.894591639305844,-2.8620934627014876,-3.0324981766043564,-5.467288125327876,8.447530056867251,-33.00193159868197,FL_2020-2024,True
12121,FL,2008,2012,2008-2012,-1.8067334174584246,-1.35313015542242,-11.098390437277168,-43.656160458452725,17662.0,-4.920825905380333,-12.94015670965346,-6.404627145922184,-6.535529563731275,,-5.9860182271177536,27.223589205760156,FL_2008-2012,False
12121,FL,2012,2016,2012-2016,-11.098390437277168,-1.8067334174584246,-0.5097853206953857,-45.46289387591115,17629.0,2.4712010058134837,-15.846523859364588,-3.412739055250775,-12.433784804113813,-12.94015670965346,3.102954222359145,14.283432496106697,FL_2012-2016,False
12121,FL,2016,2020,2016-2020,-0.5097853206953857,-11.098390437277168,-4.201774520767778,-56.56128431318832,18694.0,5.761825024996215,-20.879926524797504,-8.07546285360958,-12.804463671187923,-15.846523859364588,2.091503629078474,-1.563091363257891,FL_2016-2020,True
12121,FL,2020,2024,2020-2024,-4.201774520767778,-0.5097853206953857,,-57.0710696338837,21057.0,0.6487220253321602,-18.265570499998773,-7.124857615626695,-11.140712884372078,-20.879926524797504,-4.557340496401494,-22.443017888055394,FL_2020-2024,True
12123,FL,2008,2012,2008-2012,0.7936723988076722,-11.066431172119664,-13.94318656848229,-39.46004319654428,9366.0,-4.158107358804419,-9.220605506030871,-4.512236643300319,-4.708368862730552,,-6.687877907744294,47.432762836185816,FL_2008-2012,False
12123,FL,2012,2016,2012-2016,-13.94318656848229,0.7936723988076722,-1.639198852686576,-38.666370797736604,9120.0,2.62628353175256,-15.827373131179087,-2.3214974903663546,-13.505875640812732,-9.220605506030871,0.6839231033363546,38.212157330154945,FL_2012-2016,False
12123,FL,2016,2020,2016-2020,-1.639198852686576,-13.94318656848229,-5.711022564402725,-52.609557366218894,9290.0,7.173218101293521,-34.27929863672529,-8.72970266380867,-25.54959597291662,-15.827373131179087,5.749543438207695,22.384784198975858,FL_2016-2020,True
12123,FL,2020,2024,2020-2024,-5.711022564402725,-1.639198852686576,,-54.24875621890547,10127.0,0.07043086067071158,-27.37538707124126,-9.172379337413158,-18.203007733828102,-34.27929863672529,-9.219901073669305,-11.894514437749432,FL_2020-2024,True
12125,FL,2008,2012,2008-2012,0.6918464359203895,-4.185224560385215,-14.016745603953943,-50.34403669724771,5285.0,-1.5711938278279158,-12.124256984011396,-6.139467402224973,-5.984789581786423,,-3.06969084230942,39.11728310188368,FL_2008-2012,False
12125,FL,2012,2016,2012-2016,-14.016745603953943,0.6918464359203895,-2.2864472579001145,-49.65219026132732,5393.0,2.1596279255352346,-20.01948697785023,-4.89011160106849,-15.129375376781741,-12.124256984011396,-0.9285651940797237,26.993026117872283,FL_2012-2016,False
12125,FL,2016,2020,2016-2020,-2.2864472579001145,-14.016745603953943,-2.6967556984489676,-63.66893586528126,5694.0,4.827736318407955,-30.502950904727935,-9.47489122222865,-21.028059682499286,-20.01948697785023,4.150829187396347,6.9735391400220506,FL_2016-2020,True
12125,FL,2020,2024,2020-2024,-2.6967556984489676,-2.2864472579001145,,-65.95538312318138,6245.0,-0.3192461470352237,-19.746937676672495,-8.094296203369478,-11.652641473303017,-30.502950904727935,-2.6498616529703085,-23.529411764705884,FL_2020-2024,True
12127,FL,2008,2012,2008-2012,-6.913042932582236,4.151741798514332,-12.272812911319624,5.732357601154994,243824.0,-3.647374359609845,-2.6521520093416413,-0.8488097104694754,-1.803342298872166,,-0.25285418842095453,6.6974857275725554,FL_2008-2012,False
12127,FL,2012,2016,2012-2016,-12.272812911319624,-6.913042932582236,-0.7536529681757465,-1.1806853314272427,234536.0,2.523538099131506,-3.769083023476926,-0.6561747922358685,-3.1129082312410574,-2.6521520093416413,2.033132397769947,4.045333718230914,FL_2012-2016,False
12127,FL,2016,2020,2016-2020,-0.7536529681757465,-12.272812911319624,-7.740201650949306,-13.453498242746868,260869.0,6.527435426128236,-4.952435674554756,-1.6826020263160895,-3.2698336482386665,-3.769083023476926,2.4126257248174596,0.2762506947539883,FL_2016-2020,True
12127,FL,2020,2024,2020-2024,-7.740201650949306,-0.7536529681757465,,-14.207151210922614,307439.0,-1.4756479107147946,-9.940186334363924,-3.5000605282229564,-6.440125806140967,-4.952435674554756,-5.8578895835048,-4.676184979800768,FL_2020-2024,True
12129,FL,2008,2012,2008-2012,-3.3140618922959497,-9.019806501916438,-13.032506644571598,-25.133915985339723,14376.0,-3.5356303584161752,-12.11963604561566,-5.127719785599741,-6.99191626001592,,-6.347320891129513,32.415836251009964,FL_2008-2012,False
12129,FL,2012,2016,2012-2016,-13.032506644571598,-3.3140618922959497,0.20202087337325025,-28.447977877635672,14660.0,1.358056049445433,-15.267514747674173,-3.1202422949941315,-12.147272452680042,-12.11963604561566,4.427196290290013,20.296200205394303,FL_2012-2016,False
12129,FL,2016,2020,2016-2020,0.20202087337325025,-13.032506644571598,-3.446481746604597,-41.48048452220727,15351.0,8.083761198786588,-18.700168281064666,-6.9027844485899035,-11.797383832474763,-15.267514747674173,6.28169556826748,5.02868545772013,FL_2016-2020,True
12129,FL,2020,2024,2020-2024,-3.446481746604597,0.20202087337325025,,-41.27846364883402,18404.0,1.866380231374265,-13.985399767748582,-5.579152231693566,-8.406247536055016,-18.700168281064666,-1.315721154740757,-13.671482823344537,FL_2020-2024,True
12131,FL,2008,2012,2008-2012,-6.289898168753901,1.387100112508314,-5.234896891293793,-46.33252291004302,27046.0,-2.3878338775531027,-8.295732841615667,-2.2515539027927467,-6.04417893882292,,-4.262483117436474,-21.505142888159146,FL_2008-2012,False
12131,FL,2012,2016,2012-2016,-5.234896891293793,-6.289898168753901,5.624442840138073,-52.62242107879692,28494.0,2.450323890073647,-8.035977094750859,-1.3040120101840174,-6.731965084566841,-8.295732841615667,5.956534855205405,-29.800875729774813,FL_2012-2016,False
12131,FL,2016,2020,2016-2020,5.624442840138073,-5.234896891293793,-5.998442246257852,-57.85731797009071,33637.0,7.80660494450448,-4.609363824629469,-3.032176083418541,-1.5771877412109276,-8.035977094750859,6.499850618572069,-37.83685282452567,FL_2016-2020,True
12131,FL,2020,2024,2020-2024,-5.998442246257852,5.624442840138073,,-52.23287512995264,43711.0,4.668468611403142,-10.58499085921882,-3.837199641183389,-6.747791218035431,-4.609363824629469,-2.6314184440174557,-42.44621664915514,FL_2020-2024,True
12133,FL,2008,2012,2008-2012,0.08202318427027677,-4.786941521631789,-10.405794010492698,-48.13875554750476,11131.0,-3.6392400704633676,-19.561930446118197,-7.194001639421046,-12.367928806697151,,-10.800296717471625,26.66583009160497,FL_2008-2012,False
12133,FL,2012,2016,2012-2016,-10.405794010492698,0.08202318427027677,-3.134462908773024,-48.05673236323448,10999.0,1.2172709569395868,-19.87083874382582,-4.809973023501007,-15.060865720324813,-19.561930446118197,3.1574475257030628,7.1038996454867736,FL_2012-2016,False
12133,FL,2016,2020,2016-2020,-3.134462908773024,-10.405794010492698,-4.190380821416667,-58.46252637372718,11156.0,5.2074947052927705,-15.020856841396862,-6.08619360697802,-8.934663234418842,-19.87083874382582,9.271883425201835,-12.766939098339046,FL_2016-2020,True
12133,FL,2020,2024,2020-2024,-4.190380821416667,-3.134462908773024,,-61.5969892825002,12327.0,-0.9006593650562555,-14.508402960574877,-7.793991581343349,-6.714411379231528,-15.020856841396862,-5.3090338970364,-27.787795939735908,FL_2020-2024,True
06001,CA,2012,2016,2012-2016,6.031402587744253,1.842695263887208,-4.747272261916244,62.55810170523962,595642.0,1.9029593079900264,3.2853058740007057,0.03224891504699201,3.2530569589537137,,2.4057863467147484,42.057703407347475,CA_2012-2016,False
06001,CA,2016,2020,2016-2020,-4.747272261916244,6.031402587744253,-7.815433767645075,68.58950429298388,654266.0,8.596299873662671,3.0902386507666435,-0.7247431844736809,3.8149818352403244,3.2853058740007057,4.506966307208742,45.34300928134818,CA_2016-2020,True
06001,CA,2020,2024,2020-2024,-7.815433767645075,-4.747272261916244,,63.84223203106763,770070.0,-7.928707191327944,-1.247758222303986,1.0889455317409187,-2.3367037540449047,3.0902386507666435,1.142904495491024,48.433247932114824,CA_2020-2024,True
06003,CA,2012,2016,2012-2016,-3.245880217785846,-0.7425519287833815,10.988102440008067,24.48,653.0,-1.4742722728609325,0.3549504932754708,-0.17948700581808819,0.534437499093559,,-0.6980299911790553,6.985769728331177,CA_2012-2016,False
06003,CA,2016,2020,2016-2020,10.988102440008067,-3.245880217785846,0.46475838719606344,21.234119782214155,602.0,-2.8277872237065793,10.610948362973328,6.77537476520074,3.835573597772589,0.3549504932754708,-5.105173670148176,7.340720221606648,CA_2016-2020,True
06003,CA,2020,2024,2020-2024,0.46475838719606344,10.988102440008067,,32.22222222222222,741.0,-6.46149117114655,2.4885829877470655,0.8461456230702957,1.6424373646767698,10.610948362973328,-0.6241333378872156,17.951668584579977,CA_2020-2024,True
06005,CA,2012,2016,2012-2016,-7.007380104914706,-5.21239681303587,2.187193484197632,-20.168312781251828,17649.0,-1.5520042436701909,-2.2367559004305075,0.34351775003746887,-2.5802736504679764,,0.7137413157099388,-13.412082035064875,CA_2012-2016,False
06005,CA,2016,2020,2016-2020,2.187193484197632,-7.007380104914706,-3.6111061207135435,-27.175692886166534,17734.0,9.633809003363536,-3.0428238493122706,0.45493522309906,-3.4977590724113305,-2.2367559004305075,4.444280696642352,-15.648837935495383,CA_2016-2020,True
06005,CA,2020,2024,2020-2024,-3.6111061207135435,2.187193484197632,,-24.9884994019689,22304.0,-0.9886282449895645,-4.273454494262115,-1.2898439561186024,-2.9836105381435125,-3.0428238493122706,1.1192236685851924,-18.691661784807653,CA_2020-2024,True
06007,CA,2012,2016,2012-2016,-2.0482708875174502,-4.487106404724512,5.835633575647078,-2.0769266076100426,90752.0,1.0912508385624298,2.142837452080726,-0.46074532851700134,2.603582780597727,,1.6017860420096355,-2.6804510664686587,CA_2012-2016,False
06007,CA,2016,2020,2016-2020,5.835633575647078,-2.0482708875174502,-4.93885403538081,-4.125197495127493,95564.0,7.502974270556184,0.34208982699601165,1.2610882479659546,-0.918998420969943,2.142837452080726,2.022371479329152,-0.5376136143879326,CA_2016-2020,True
06007,CA,2020,2024,2020-2024,-4.93885403538081,5.835633575647078,,1.7104360805195853,102066.0,-2.4919831371553625,-2.8615240509299005,-0.5750414282453082,-2.2864826226845922,0.34208982699601165,2.965199288740081,-0.19552378739192103,CA_2020-2024,True
06009,CA,2012,2016,2012-2016,-8.381370131579814,-4.222619917335132,1.5835309918951204,-17.56596149275018,21786.0,2.5871489962355554,-1.770486848781733,0.09144039338988463,-1.8619272421716175,,-0.029946337574827453,-11.780519749086649,CA_2012-2016,False
06009,CA,2016,2020,2016-2020,1.5835309918951204,-8.381370131579814,-4.482204172649215,-25.947331624329994,23136.0,9.452683669461315,-5.269934608610383,-0.5242189774754724,-4.74571563113491,-1.770486848781733,3.0563641620422857,-13.551006597868382,CA_2016-2020,True
06009,CA,2020,2024,2020-2024,-4.482204172649215,1.5835309918951204,,-24.363800632434874,27164.0,-1.9146206679816147,-4.346728716991397,-0.8483364262453428,-3.498392290746054,-5.269934608610383,4.499649279685016,-18.820941206478764,CA_2020-2024,True
06011,CA,2012,2016,2012-2016,7.431132936606215,-3.2879148778863154,-2.600308464848169,-21.75824175824176,6034.0,3.1409756405978095,2.9831870945061176,0.5552590560350179,2.4279280384710997,,4.878331468687989,-11.07533805537669,CA_2012-2016,False
06011,CA,2016,2020,2016-2020,-2.600308464848169,7.431132936606215,-12.042633845729583,-14.327108821635544,6632.0,9.543895946643188,-1.4724457557604058,-0.10848598180458602,-1.3639597739558198,2.9831870945061176,7.972224903374297,-8.092150960870573,CA_2016-2020,True
06011,CA,2020,2024,2020-2024,-12.042633845729583,-2.600308464848169,,-16.927417286483713,7961.0,-7.769342133212598,-0.37329148212678476,1.204975265526878,-1.5782667476536627,-1.4724457557604058,6.025246559383987,-9.564596716630978,CA_2020-2024,True
06013,CA,2012,2016,2012-2016,10.60802717041907,-2.353181468545422,-0.4271610918657771,36.108634556478314,438226.0,0.15788437058700255,3.643320086680326,0.22464794853347314,3.418672138146853,,2.283723387708335,24.936056554225658,CA_2012-2016,False
06013,CA,2016,2020,2016-2020,-0.4271610918657771,10.60802717041907,-7.037844125162955,46.716661726897385,466175.0,11.515575682541012,4.805259095437599,0.41843282266206216,4.3868262727755365,3.643320086680326,8.11542426896527,28.579376640905984,CA_2016-2020,True
06013,CA,2020,2024,2020-2024,-7.037844125162955,-0.4271610918657771,,46.28950063503161,581316.0,-6.719232718742729,0.4565868500181125,2.240584180775265,-1.7839973307571526,4.805259095437599,2.3739864957280474,33.38463573634358,CA_2020-2024,True
06015,CA,2012,2016,2012-2016,-9.340359300547833,-2.8596054555152923,3.1149116180263903,-9.791790600832838,8770.0,4.84109167203513,-1.6626897484615424,-0.49337318820145537,-1.169316560260087,,10.195733881703937,-2.6046660274848192,CA_2012-2016,False
06015,CA,2016,2020,2016-2020,3.1149116180263903,-9.340359300547833,-0.8653725300894592,-19.13214990138067,9558.0,9.073497963528505,-5.264837383007361,-0.8421848600960411,-4.42265252291132,-1.6626897484615424,7.527174975872072,-4.267355775946362,CA_2016-2020,True
06015,CA,2020,2024,2020-2024,-0.8653725300894592,3.1149116180263903,,-16.01723828335428,11453.0,-4.16500090035229,-2.1264926617432707,0.10302900182329289,-2.2295216635665636,-5.264837383007361,-4.004470842869949,-9.532193158953723,CA_2020-2024,True
06017,CA,2012,2016,2012-2016,3.356001919642763,-7.579242153764206,5.989555964127266,-18.35057291122488,88774.0,0.4779877057493387,1.8534235351001662,0.49266185729881506,1.3607616778013512,,0.4694103753745793,-14.858000253086754,CA_2012-2016,False
06017,CA,2016,2020,2016-2020,5.989555964127266,3.356001919642763,-3.3153172888337927,-14.994570991582117,93591.0,12.643160738723457,2.669949927187348,1.5120689616990433,1.1578809654883049,1.8534235351001662,9.621515498590185,-13.004576717986588,CA_2016-2020,True
06017,CA,2020,2024,2020-2024,-3.3153172888337927,5.989555964127266,,-9.005015027454851,116159.0,-3.613999777003618,-1.329822580967205,0.9364154826288598,-2.266238063596065,2.669949927187348,-1.0328279012319541,-10.33462679079924,CA_2020-2024,True
06019,CA,2012,2016,2012-2016,4.686572249263191,-0.2965987976299458,1.473642850364687,1.8291216352087185,258827.0,1.501286484539216,2.1636559411177005,1.629703373910585,0.5339525672071157,,0.6590366229137743,1.559285010775547,CA_2012-2016,False
06019,CA,2016,2020,2016-2020,1.473642850364687,4.686572249263191,-12.49127657461087,6.51569388447191,282319.0,9.832272438126866,3.125444286645108,0.8976359471920925,2.2278083394530155,2.1636559411177005,4.200769558109798,3.7229409518932477,CA_2016-2020,True
06019,CA,2020,2024,2020-2024,-12.49127657461087,1.473642850364687,,7.989336734836597,364917.0,-7.001495854308926,-2.000769731306929,0.5954832934447829,-2.5962530247517117,3.125444286645108,1.5584637871147748,6.848385238538356,CA_2020-2024,True
06021,CA,2012,2016,2012-2016,-4.6636779148167165,-3.5310054856507485,3.013315883062347,-26.09425724840479,9211.0,2.795111155399088,0.25462773868271604,0.3573156235931432,-0.10268788491042713,,3.4526711641790655,-14.567054696220698,CA_2012-2016,False
06021,CA,2016,2020,2016-2020,3.013315883062347,-4.6636779148167165,-8.10740748095851,-30.757935163221507,9470.0,4.848009442412094,-1.9912357639411145,0.06262334402659064,-2.053859107967705,0.25462773868271604,1.0047839404926293,-14.312426957537982,CA_2016-2020,True
06021,CA,2020,2024,2020-2024,-8.10740748095851,3.013315883062347,,-27.74461928015916,11297.0,-1.6242014847732689,-4.579668202331806,-0.4327097865370746,-4.146958415794732,-1.9912357639411145,1.5566819795202917,-16.303662721479096,CA_2020-2024,True
06023,CA,2012,2016,2012-2016,-0.5886985664106561,0.05886341036844556,5.814168468639323,29.338238054127096,57470.0,1.1680057473029581,5.751382403451586,-0.13856432614042902,5.889946729592015,,2.0114721611832778,16.12109248107149,CA_2012-2016,False
06023,CA,2016,2020,2016-2020,5.814168468639323,-0.5886985664106561,-4.835387742532202,28.74953948771644,59246.0,8.276283092295689,0.9125878627387003,-0.7919583150740337,1.704546177812734,5.751382403451586,1.1241034797707101,21.872474884523076,CA_2016-2020,True
06023,CA,2020,2024,2020-2024,-4.835387742532202,5.814168468639323,,34.56370795635576,68843.0,-3.8389578510044764,-1.6483207734211085,0.11597080788476077,-1.7642915813058693,0.9125878627387003,-0.3806915544151508,22.785062747261776,CA_2020-2024,True
06025,CA,2012,2016,2012-2016,11.401153827843956,5.996273710253487,-19.089970802625185,32.59831719990505,38565.0,6.580111498135693,3.9731927774410494,0.6961118499283749,3.2770809275126744,,4.589613666818877,26.367743836558294,CA_2012-2016,False
06025,CA,2016,2020,2016-2020,-19.089970802625185,11.401153827843956,-25.78924333253608,43.999471027749,48091.0,7.726261777402987,-2.7487026870306615,-1.1948260128061357,-1.5538766742245258,3.9731927774410494,13.065313163765836,30.340936613999343,CA_2016-2020,True
06025,CA,2020,2024,2020-2024,-25.78924333253608,-19.089970802625185,,24.909500225123818,56743.0,-2.4422662952907404,-5.685389356225169,-0.7202963133872125,-4.965093042837957,-2.7487026870306615,5.492447324437336,27.59223392696868,CA_2020-2024,True
06027,CA,2012,2016,2012-2016,-2.937435999103826,-2.390603891865755,14.91557067983438,-11.826848750322082,8036.0,0.17159288937734773,2.3645794224004337,0.6834873443149867,1.681092078085447,,1.3037602248403033,-12.515066291683407,CA_2012-2016,False
06027,CA,2016,2020,2016-2020,14.91557067983438,-2.937435999103826,-3.2312259465579705,-14.764284749425908,8086.0,6.965019730246902,4.023035888890816,0.6546718035197205,3.3683640853710957,2.3645794224004337,2.4178885188705124,-10.150486869282974,CA_2016-2020,True
06027,CA,2020,2024,2020-2024,-3.2312259465579705,14.91557067983438,,0.15128593040847202,9484.0,-3.080115321661059,1.67663206672509,1.3273764161270813,0.34925565059800867,4.023035888890816,-0.6876111804689629,-6.127450980392157,CA_2020-2024,True
06029,CA,2012,2016,2012-2016,3.643354517770403,0.9323794903875928,3.0866924247241734,-17.17758765090485,221472.0,2.3669851042097734,4.043292101998636,2.7021350020760364,1.3411570999225995,,4.301474637225468,-5.62121467025572,CA_2012-2016,False
06029,CA,2016,2020,2016-2020,3.0866924247241734,3.643354517770403,-11.151039618983612,-13.534233133134448,244163.0,8.814350643616976,-1.1625497698800986,-0.16012750610155546,-1.0024222637785432,4.043292101998636,6.431902862092699,-1.5779225682570845,CA_2016-2020,True
06029,CA,2020,2024,2020-2024,-11.151039618983612,3.0866924247241734,,-10.447540708410274,305292.0,-4.698060348286537,-1.0193118316981065,1.4508735568435924,-2.470185388541699,-1.1625497698800986,4.903496666527829,-2.740472338137183,CA_2020-2024,True
06031,CA,2012,2016,2012-2016,1.1928987361503598,-0.9048603548286138,1.5531708800915016,-15.308319738988581,31418.0,2.0119430475657674,0.015125026388210117,1.2752712047681811,-1.260146178379971,,3.7842462404451496,-9.954884062532788,CA_2012-2016,False
06031,CA,2016,2020,2016-2020,1.5531708800915016,1.1928987361503598,-10.97629100503393,-14.115421002838222,33915.0,9.487711181612868,3.485516107691999,1.5245664690263396,1.9609496386656593,0.015125026388210117,6.925199994506357,-9.939759036144578,CA_2016-2020,True
06031,CA,2020,2024,2020-2024,-10.97629100503393,1.5531708800915016,,-12.56225012274672,43861.0,-1.6979966533450574,-1.3254435317668687,1.1141925506188253,-2.439636082385694,3.485516107691999,5.935972010150309,-6.454242928452579,CA_2020-2024,True
06033,CA,2012,2016,2012-2016,-13.661493947047088,-2.1222429923137867,2.418308147955483,17.721235970129232,23391.0,2.65733138874934,-1.5519049538185605,-0.7936049195254729,-0.7583000342930877,,0.03502858642765716,13.215594229448135,CA_2012-2016,False
06033,CA,2016,2020,2016-2020,2.418308147955483,-13.661493947047088,-7.892035915595517,4.059742023082145,24496.0,6.124703188814406,-3.0275452146559285,-0.5008558453168916,-2.526689369339037,-1.5519049538185605,1.5908363035280786,11.663689275629574,CA_2016-2020,True
06033,CA,2020,2024,2020-2024,-7.892035915595517,2.418308147955483,,6.478050171037628,28812.0,-3.606244639319367,-4.072615423712289,-1.1591563880447548,-2.9134590356675343,-3.0275452146559285,2.103453664635097,8.636144060973646,CA_2020-2024,True
06035,CA,2012,2016,2012-2016,-13.603849849282298,-5.792697972043193,2.1686187419730203,-40.99913035075853,10683.0,1.9317264796913314,-4.50012489072062,-0.9330218183943622,-3.5671030723262582,,3.9879238533099937,-23.588110403397028,CA_2012-2016,False
06035,CA,2016,2020,2016-2020,2.1686187419730203,-13.603849849282298,-2.9049194286583386,-54.602980200040825,10524.0,5.913236204708844,-8.765947763841961,-0.4841900477746215,-8.28175771606734,-4.50012489072062,3.9864327842922265,-28.08823529411765,CA_2016-2020,True
06035,CA,2020,2024,2020-2024,-2.9049194286583386,2.1686187419730203,,-52.434361458067805,11987.0,1.0005066906069116,-4.4611851384117855,-1.9206356721345799,-2.5405494662772057,-8.765947763841961,3.5193888561203934,-36.85418305795961,CA_2020-2024,True
06037,CA,2012,2016,2012-2016,9.4755098677932,1.7386088844094232,-7.281799823806679,42.92291108735763,3181067.0,1.1241637183286524,3.969325421798679,0.5922466195909948,3.3770788022076843,,3.5337857458948605,29.286528328524682,CA_2012-2016,False
06037,CA,2016,2020,2016-2020,-7.281799823806679,9.4755098677932,-11.092310983023026,52.39842095515083,3434308.0,11.772856545877719,2.0426504901362748,-0.21747103362404374,2.2601215237603185,3.969325421798679,6.932699577119067,33.25585375032336,CA_2016-2020,True
06037,CA,2020,2024,2020-2024,-11.092310983023026,-7.281799823806679,,45.116621131344154,4264365.0,-8.219536946519924,-1.5563146544842468,1.0773261793938573,-2.633640833878104,2.0426504901362748,-0.8423514293081809,35.298504240459636,CA_2020-2024,True
06039,CA,2012,2016,2012-2016,1.9128864140488595,-4.0244416503307665,3.850579697567694,-17.58168253151531,39866.0,1.523192270854129,2.7555506843199034,0.9300028733988643,1.825547810921039,,1.9760930063663977,-10.879711411517507,CA_2012-2016,False
06039,CA,2016,2020,2016-2020,3.850579697567694,1.9128864140488595,-9.490738104245642,-15.66879611746645,43112.0,9.675656250979298,1.3886764762146706,1.183828427221986,0.20484804899268472,2.7555506843199034,8.28632420430602,-8.124160727197603,CA_2016-2020,True
06039,CA,2020,2024,2020-2024,-9.490738104245642,3.850579697567694,,-11.818216419898755,53732.0,-0.9466610583586998,-0.9265279223074359,1.2280389754734289,-2.1545668977808647,1.3886764762146706,8.194050873720386,-6.735484250982933,CA_2020-2024,True
06041,CA,2012,2016,2012-2016,13.854647637010409,-6.0011348815343055,1.1775524458636113,52.77420933504619,134516.0,0.38263157230499223,3.5596986728762943,0.553656352626632,3.0060423202496622,,0.5968791382252192,36.0690211256249,CA_2012-2016,False
06041,CA,2016,2020,2016-2020,1.1775524458636113,13.854647637010409,-2.1187783607614534,66.6288569720566,139273.0,7.36711023595642,7.439068684991206,1.1165083553908417,6.322560329600364,3.5596986728762943,5.997280598177383,39.628719798501194,CA_2016-2020,True
06041,CA,2020,2024,2020-2024,-2.1187783607614534,1.1775524458636113,,67.80640941792021,155830.0,-5.079408226672322,2.6146084767999653,2.89790971932797,-0.2833012425280046,7.439068684991206,-0.11764725183049052,47.0677884834924,CA_2020-2024,True
06043,CA,2012,2016,2012-2016,-5.825447079127997,-6.261636805671314,6.284965092201819,-19.009029868025006,9000.0,0.6237455777567402,-0.6494332256577469,0.522932829511312,-1.172366055169059,,3.108587871842147,-15.150111193476649,CA_2012-2016,False
06043,CA,2016,2020,2016-2020,6.284965092201819,-5.825447079127997,-3.111567414000909,-24.834476947153004,8877.0,12.910600275745033,-1.3425935234734254,1.370354333443803,-2.7129478569172285,-0.6494332256577469,10.08524233746951,-15.799544419134396,CA_2016-2020,True
06043,CA,2020,2024,2020-2024,-3.111567414000909,6.284965092201819,,-18.549511854951184,10280.0,-4.902046550086547,-2.6721562902910634,-0.8540551703875074,-1.818101119903556,-1.3425935234734254,-0.3143743582838425,-17.14213794260782,CA_2020-2024,True
06045,CA,2012,2016,2012-2016,-7.25511381097715,-3.197740183349026,2.951361910354194,41.201181090377766,35017.0,3.7118723883454385,2.8515043795870163,-0.22734268856561002,3.0788470681526263,,1.7120343447791555,24.613684316286548,CA_2012-2016,False
06045,CA,2016,2020,2016-2020,2.951361910354194,-7.25511381097715,-8.898919463060288,33.946067279400616,37477.0,4.73727043306682,0.5512740487862864,0.008450777118280683,0.5428232716680057,2.8515043795870163,-1.6261435804364197,27.465188695873564,CA_2016-2020,True
06045,CA,2020,2024,2020-2024,-8.898919463060288,2.951361910354194,,36.89742918975481,43340.0,-5.498789851739383,-3.581691315563667,-0.3053244337663372,-3.2763668817973297,0.5512740487862864,2.142419137059747,28.01646274465985,CA_2020-2024,True
06047,CA,2012,2016,2012-2016,4.0573394906824,0.46129048423324903,-2.1554881627143114,8.952563298451787,62057.0,3.7305976126844165,5.910348577924427,0.07969386731715389,5.8306547106072735,,-3.215707714636679,9.484275457579129,CA_2012-2016,False
06047,CA,2016,2020,2016-2020,-2.1554881627143114,4.0573394906824,-15.328833783826735,13.009902789134188,70789.0,9.551173544398933,-1.0535586114333704,0.47478078495881526,-1.5283393963921856,5.910348577924427,7.2982021719919175,15.394624035503556,CA_2016-2020,True
06047,CA,2020,2024,2020-2024,-15.328833783826735,-2.1554881627143114,,10.854414626419876,90554.0,-5.005311825213587,-3.6408752826382926,0.13843465213770934,-3.779309934776002,-1.0535586114333704,5.697308561372793,14.341065424070186,CA_2020-2024,True
06049,CA,2012,2016,2012-2016,-8.059805537415393,-4.004894378412978,4.912886932708048,-42.849794238683124,3986.0,-1.4827812173591415,-3.9661336554186057,-0.8054811771765138,-3.160652478242092,,-0.90664103511061,-24.29557753312185,CA_2012-2016,False
06049,CA,2016,2020,2016-2020,4.912886932708048,-8.059805537415393,-2.2047260055303965,-50.90959977609852,3788.0,7.765338952961331,-4.784373487368125,0.5946537442262709,-5.379027231594396,-3.9661336554186057,1.9697583921036284,-28.261711188540456,CA_2016-2020,True
06049,CA,2020,2024,2020-2024,-2.2047260055303965,4.912886932708048,,-45.99671284339047,4343.0,-3.224826084391186,-4.692308697237252,-1.6277656223404122,-3.0645430748968394,-4.784373487368125,-0.1053593255807499,-33.04608467590858,CA_2020-2024,True
06051,CA,2012,2016,2012-2016,4.626603849401777,-4.639241451538185,9.43051958988214,8.927859705061778,5181.0,-0.8427890005055727,6.547666231885103,1.8375417663651048,4.710124465519997,,2.926692018552309,-3.626943005181347,CA_2012-2016,False
06051,CA,2016,2020,2016-2020,9.43051958988214,4.626603849401777,-1.8708153314158444,13.554463554463554,5276.0,16.947580403093333,5.686095825779963,1.1568878086153296,4.529208017164634,6.547666231885103,16.20025322949469,2.920723226703755,CA_2016-2020,True
06051,CA,2020,2024,2020-2024,-1.8708153314158444,9.43051958988214,,22.984983144345694,6738.0,-8.277768920512752,0.9194359224809752,1.7693158372698488,-0.8498799147888736,5.686095825779963,-1.911177462302561,8.606819052483718,CA_2020-2024,True
06053,CA,2012,2016,2012-2016,5.86612151152157,-1.178493606643869,-1.4927669425240566,37.84390324993766,123518.0,3.500247471478135,0.37783827500229705,-0.9961075945448847,1.3739458695471818,,7.3915009316175855,27.3955138613266,CA_2012-2016,False
06053,CA,2016,2020,2016-2020,-1.4927669425240566,5.86612151152157,-11.41029156786339,43.71002476145923,133408.0,10.123635604971659,3.810809629016628,0.9130636629772155,2.8977459660394125,0.37783827500229705,5.24251434182024,27.773352136328896,CA_2016-2020,True
06053,CA,2020,2024,2020-2024,-11.41029156786339,-1.4927669425240566,,42.217257818935174,163923.0,-7.253873712443715,-1.3304888363562597,1.2915348549993801,-2.62202369135564,3.810809629016628,3.1228960913297072,31.584161765345524,CA_2020-2024,True
06055,CA,2012,2016,2012-2016,8.98396436218237,-3.6933972539981497,2.8509566759755955,29.503935302187884,56968.0,1.7602127038337523,3.0835292224616246,0.22939740676656228,2.8541318156950624,,0.7983075124504637,19.566894423627947,CA_2012-2016,False
06055,CA,2016,2020,2016-2020,2.8509566759755955,8.98396436218237,-5.385797459444781,38.487899664370254,61372.0,10.233455671071134,4.829097834256942,0.760339776192378,4.068758058064564,3.0835292224616246,7.120561683165334,22.65042364608957,CA_2016-2020,True
06055,CA,2020,2024,2020-2024,-5.385797459444781,2.8509566759755955,,41.33885634034585,72150.0,-6.6608119027592005,0.7667011076951127,1.8604401871187477,-1.093739079423635,4.829097834256942,0.457719930729624,27.479521480346513,CA_2020-2024,True
06057,CA,2012,2016,2012-2016,6.089880590626363,-6.092718785654217,9.733799253460106,-0.6505669802010111,51676.0,3.0154421886743776,6.5525046646552045,1.5056030422972158,5.046901622357988,,6.216886849239032,-5.003738882790002,CA_2012-2016,False
06057,CA,2016,2020,2016-2020,9.733799253460106,6.089880590626363,-2.4865332538055718,5.439313610425351,54935.0,9.639172587211874,4.886044915452393,1.6127621933066518,3.2732827221457415,6.5525046646552045,3.7219702866846376,1.548765781865202,CA_2016-2020,True
06057,CA,2020,2024,2020-2024,-2.4865332538055718,9.733799253460106,,15.173112863885457,64750.0,-3.07892767199599,0.34473830207437306,1.2577035331624824,-0.9129652310881093,4.886044915452393,1.8102731071034697,6.434810697317595,CA_2020-2024,True
06059,CA,2012,2016,2012-2016,15.587649002779752,-3.769821807488847,0.022298282289435534,-6.384160354850143,1122664.0,0.6046323835628198,5.821529001458723,0.8191635982384806,5.002365403220242,,-11.804233677838411,-9.603084014804507,CA_2012-2016,False
06059,CA,2016,2020,2016-2020,0.022298282289435534,15.587649002779752,-6.48425414931145,9.20348864792961,1197521.0,12.900011854426197,6.171299470952824,2.625162936115381,3.5461365348374425,5.821529001458723,8.117142897422738,-3.7815550133457836,CA_2016-2020,True
06059,CA,2020,2024,2020-2024,-6.48425414931145,0.022298282289435534,,9.225786930219046,1522113.0,-6.274992032367621,0.44069146916027035,2.049942753375897,-1.6092512842156266,6.171299470952824,4.050714357060713,2.38974445760704,CA_2020-2024,True
06061,CA,2012,2016,2012-2016,7.028170525028326,-8.34569368828259,6.0151054947591565,-19.853183718266273,171322.0,-0.3829939990597775,3.235912882478024,0.5584569791618215,2.6774559033162024,,0.8235250590776104,-19.18515464708251,CA_2012-2016,False
06061,CA,2016,2020,2016-2020,6.0151054947591565,7.028170525028326,-1.9584502144563256,-12.825013193237947,182839.0,12.897087810375485,5.015720206875152,2.490488803781078,2.5252314030940735,3.235912882478024,9.222746374126345,-15.949241764604485,CA_2016-2020,True
06061,CA,2020,2024,2020-2024,-1.9584502144563256,6.0151054947591565,,-6.80990769847879,235084.0,-2.534727027672201,1.5338735556434209,2.4372346064433863,-0.9033610507999654,5.015720206875152,3.8959801011464776,-10.933521557729334,CA_2020-2024,True
06063,CA,2012,2016,2012-2016,-4.695854331850001,-5.110896375986886,4.967884803826813,-17.389966143428747,10047.0,-1.4332574340969906,-2.1945711424689183,-1.0003629171660169,-1.1942082253029014,,-6.844535891010395,-11.255574873384232,CA_2012-2016,False
06063,CA,2016,2020,2016-2020,4.967884803826813,-4.695854331850001,-0.37821620130332434,-22.085820475278748,9676.0,6.928198234132554,-2.478085401210196,-0.716520650813516,-1.7615647503966798,-2.1945711424689183,6.7553909185366905,-13.45014601585315,CA_2016-2020,True
06063,CA,2020,2024,2020-2024,-0.37821620130332434,4.967884803826813,,-17.117935671451935,11260.0,-6.788394348768723,-1.6350943731403174,-0.26905338940690093,-1.3660409837334164,-2.478085401210196,1.1903238620275687,-15.928231417063346,CA_2020-2024,True
06065,CA,2012,2016,2012-2016,4.0323760066885646,-0.6684432721603961,2.3798826635517987,1.6897665291490906,661907.0,1.9007880783676157,6.593130098881298,0.3956933802203668,6.197436718660931,,-0.6949308541374393,-4.484076298090428,CA_2012-2016,False
06065,CA,2016,2020,2016-2020,2.3798826635517987,4.0323760066885646,-9.401373395212532,5.722142535837655,751391.0,12.553730110591378,5.024517729036313,2.161007601371574,2.863510127664739,6.593130098881298,10.13972072192702,2.109053800790871,CA_2016-2020,True
06065,CA,2020,2024,2020-2024,-9.401373395212532,2.3798826635517987,,8.102025199389454,997156.0,-5.0704451909725385,-0.4010565285303258,2.0734898701674753,-2.474546398697801,5.024517729036313,5.87692899587276,7.133571529827184,CA_2020-2024,True
06067,CA,2012,2016,2012-2016,6.931304666737631,0.06408262399854436,-0.504729594146589,19.48025613448452,516809.0,1.176867551076477,4.424292421276956,1.0045367489838437,3.419755672293112,,3.19371445186826,11.628575802798402,CA_2012-2016,False
06067,CA,2016,2020,2016-2020,-0.504729594146589,6.931304666737631,-5.4834158585847845,26.41156080122215,559330.0,11.12909973853804,3.1763742839569,0.5955426040956411,2.5808316798612587,4.424292421276956,5.479114831860912,16.052868224075358,CA_2016-2020,True
06067,CA,2020,2024,2020-2024,-5.4834158585847845,-0.504729594146589,,25.906831207075562,718440.0,-6.099256461012947,0.1858884306217874,1.9387773711899108,-1.7528889405681234,3.1763742839569,-0.11377521159671744,19.229242508032257,CA_2020-2024,True
06069,CA,2012,2016,2012-2016,1.8604063486186533,-2.1004885314638244,1.957536900201191,21.123583436274775,19044.0,3.663389835269004,0.8446839985053458,-1.1902812940870255,2.0349652925923714,,-1.2731332593705673,17.91948833709556,CA_2012-2016,False
06069,CA,2016,2020,2016-2020,1.957536900201191,1.8604063486186533,-12.006740032812338,22.983989784893428,21924.0,9.986342569386075,2.4326940916170585,0.7275785957455518,1.7051154958715067,0.8446839985053458,8.659273711566783,18.764172335600907,CA_2016-2020,True
06069,CA,2020,2024,2020-2024,-12.006740032812338,1.957536900201191,,24.94152668509462,28830.0,-4.732292150527007,-2.820854751484916,0.9779680098681283,-3.798822761353044,2.4326940916170585,2.9587310124864956,21.196866427217966,CA_2020-2024,True
06071,CA,2012,2016,2012-2016,3.836395058075495,1.0743399295558618,-0.4711004305545998,7.533653939348015,581517.0,2.7091706883780766,5.601762131775438,0.9278357936883572,4.67392633808708,,-1.2026444730868917,2.690290177916135,CA_2012-2016,False
06071,CA,2016,2020,2016-2020,-0.4711004305545998,3.836395058075495,-13.100344864115478,11.37004899742351,653983.0,11.290023771196894,2.809738134922357,1.2593689825940615,1.5503691523282956,5.601762131775438,12.524931655604945,8.292052309691572,CA_2016-2020,True
06071,CA,2020,2024,2020-2024,-13.100344864115478,-0.4711004305545998,,10.89894856686891,841130.0,-6.3699491441226,-2.0430043319701117,1.0125245732379131,-3.055528905208025,2.809738134922357,5.63749340687059,11.101790444613929,CA_2020-2024,True
06073,CA,2012,2016,2012-2016,13.487518307858757,-2.642543992903274,2.056690058045678,7.753915800093324,1192282.0,1.6893900222212932,5.288524309796314,0.7160092903068844,4.57251501948943,,-0.47292042344305685,1.2376742778580674,CA_2012-2016,False
06073,CA,2016,2020,2016-2020,2.056690058045678,13.487518307858757,-6.0044718123095215,21.24143410795208,1306400.0,11.117999634861754,5.963233853022455,1.759178918435909,4.204054934586546,5.288524309796314,10.760946903332325,6.526198587654381,CA_2016-2020,True
06073,CA,2020,2024,2020-2024,-6.0044718123095215,2.056690058045678,,23.29812416599776,1602143.0,-5.685164374213514,0.7861958308349308,2.0631006643187106,-1.2769048334837798,5.963233853022455,0.9872876353833533,12.489432440676836,CA_2020-2024,True
06075,CA,2012,2016,2012-2016,7.301056163861915,0.9322102747440653,-6.2721969161189435,73.00680334519308,361209.0,3.433790305683493,3.5025609658175227,0.44671992640998326,3.0558410394075395,,-2.841672865115541,46.913160583635104,CA_2012-2016,False
06075,CA,2016,2020,2016-2020,-6.2721969161189435,7.301056163861915,-6.441509665128805,80.30785950905499,405792.0,7.236535631595276,5.2357040759654225,-0.21264226353979154,5.448346339505214,3.5025609658175227,3.0417408014575074,50.41572154945263,CA_2016-2020,True
06075,CA,2020,2024,2020-2024,-6.441509665128805,-6.2721969161189435,,74.03566259293605,443553.0,-4.625264760104553,0.0279918327665456,0.6825145629010265,-0.6545227301344809,5.2357040759654225,2.0508364486642847,55.65142562541805,CA_2020-2024,True
06077,CA,2012,2016,2012-2016,1.3116920657244933,3.1316524245547566,-1.1368360325352231,14.011548913043478,204697.0,1.310241723866734,5.558691459643193,1.0579803979690352,4.500711061674158,,4.855829910874974,6.656905707771908,CA_2012-2016,False
06077,CA,2016,2020,2016-2020,-1.1368360325352231,1.3116920657244933,-15.105264449524448,15.323240978767972,224166.0,9.29379441864841,2.263351723669359,0.27327612878572793,1.9900755948836313,5.558691459643193,0.7660372136243865,12.215597167415101,CA_2016-2020,True
06077,CA,2020,2024,2020-2024,-15.105264449524448,-1.1368360325352231,,14.186404946232749,288492.0,-6.42568699827023,-2.2493546846510277,1.5785343515468,-3.8278890361978277,2.263351723669359,1.9556024942918242,14.47894889108446,CA_2020-2024,True
06079,CA,2012,2016,2012-2016,7.812227434347038,-4.4453259314443425,4.525402116665312,1.0649618478036709,125638.0,1.8814565265776406,3.3021604569936653,-0.4537199327206496,3.755880389714315,,1.372524672380763,-5.874415994653317,CA_2012-2016,False
06079,CA,2016,2020,2016-2020,4.525402116665312,7.812227434347038,-2.200917506880515,8.87718928215071,135009.0,10.161743918363797,5.10509979005154,2.232052459024637,2.8730473310269034,3.3021604569936653,5.731120396304675,-2.5722555376596516,CA_2016-2020,True
06079,CA,2020,2024,2020-2024,-2.200917506880515,4.525402116665312,,13.402591398816021,159714.0,-3.721559242799888,0.9269069257625824,1.551284298666574,-0.6243773729039916,5.10509979005154,-0.06978192600749367,2.5328442523918886,CA_2020-2024,True
06081,CA,2012,2016,2012-2016,13.018353928312045,-1.7909673937157606,-2.0149895245700407,47.81542169193196,285720.0,2.7420302817606323,3.104188642404651,0.2873786097201432,2.816810032684508,,3.1031894652417265,31.808977387782654,CA_2012-2016,False
06081,CA,2016,2020,2016-2020,-2.0149895245700407,13.018353928312045,-6.767768018427141,60.833775620244005,314384.0,11.34919511278013,5.343680656404658,0.17601616792914143,5.167664488475516,3.104188642404651,8.65537501923518,34.913166030187305,CA_2016-2020,True
06081,CA,2020,2024,2020-2024,-6.767768018427141,-2.0149895245700407,,58.818786095673964,374251.0,-7.630858777087035,0.7928882857774937,2.052978748894965,-1.2600904631174714,5.343680656404658,1.5097835587717583,40.25684668659196,CA_2020-2024,True
06083,CA,2012,2016,2012-2016,12.456016811016092,-4.782639075331485,1.7643390421190155,18.598922732856646,163320.0,2.778868031576298,4.925736949119676,0.03211935078586414,4.893617598333812,,4.241027438075662,10.72433502946165,CA_2012-2016,False
06083,CA,2016,2020,2016-2020,1.7643390421190155,12.456016811016092,-5.292032874642679,31.054939543872738,176786.0,6.896013077612684,5.430464420537714,1.0349158558566423,4.3955485646810715,4.925736949119676,2.61625222908593,15.650071978581327,CA_2016-2020,True
06083,CA,2020,2024,2020-2024,-5.292032874642679,1.7643390421190155,,32.81927858599175,200339.0,-5.591321999412968,0.5553604297440593,1.6693910484223764,-1.114030618678317,5.430464420537714,3.1935655842580672,21.08053639911904,CA_2020-2024,True
06085,CA,2012,2016,2012-2016,11.770682340476831,2.3784981700477488,-7.433578562051814,44.1093499514913,643091.0,2.2612182297885863,3.6619670952605006,-1.224612611163007,4.8865797064235075,,1.1879210395153734,23.783712402349124,CA_2012-2016,False
06085,CA,2016,2020,2016-2020,-7.433578562051814,11.770682340476831,-6.901033952400901,55.880032291968135,703709.0,12.200141841247447,5.140219380944373,0.8545223620279323,4.285697018916441,3.6619670952605006,11.880279206214212,27.445679497609625,CA_2016-2020,True
06085,CA,2020,2024,2020-2024,-6.901033952400901,-7.433578562051814,,48.44645372991632,850741.0,-7.9125198091186455,0.8986342155042024,2.0979102716329407,-1.1992760561287383,5.140219380944373,3.3618874756472223,32.585898878554,CA_2020-2024,True
06087,CA,2012,2016,2012-2016,3.743106258054162,-1.1550192940476762,-0.027330843572947572,58.12523943858183,120095.0,1.9551922702048086,4.080826874979309,0.16649307135369185,3.914333803625617,,-4.155993098986329,37.555196689460274,CA_2012-2016,False
06087,CA,2016,2020,2016-2020,-0.027330843572947572,3.743106258054162,-5.2258306327429835,61.86834569663599,128821.0,7.356970138100616,3.297273085465882,-1.0633553972410397,4.360628482706922,4.080826874979309,5.928672054610232,41.63602356443958,CA_2016-2020,True
06087,CA,2020,2024,2020-2024,-5.2258306327429835,-0.027330843572947572,,61.841014853063044,144837.0,-4.6540378086916245,-0.25507810239322737,1.3059981506821998,-1.5610762530754272,3.297273085465882,0.9625406053114745,44.933296649905465,CA_2020-2024,True
06089,CA,2012,2016,2012-2016,-9.680051408270707,-3.6999338797467054,5.878605203342481,-30.111252470021384,76335.0,2.6281063481529143,-2.560759812479887,0.5421654667676492,-3.102925279247536,,1.159230326623259,-20.114730383598545,CA_2012-2016,False
06089,CA,2016,2020,2016-2020,5.878605203342481,-9.680051408270707,-3.4812945636939645,-39.79130387829209,80053.0,8.236620162598108,-3.9185426868894844,-0.09474422651102543,-3.823798460378459,-2.560759812479887,5.322327893370002,-22.67549019607843,CA_2016-2020,True
06089,CA,2020,2024,2020-2024,-3.4812945636939645,5.878605203342481,,-33.91269867494961,92930.0,-2.7855751693719344,-2.8508870233228762,-0.35529882592232553,-2.4955881974005507,-3.9185426868894844,3.362512772085367,-26.594032882967916,CA_2020-2024,True
06091,CA,2012,2016,2012-2016,-3.526296235709996,-1.7504260792185669,5.098790771926005,-23.581041544763018,1795.0,-0.09778911564626291,1.1222561241590618,1.4986535263491074,-0.3763974021900456,,-4.794217687074834,-14.015477214101463,CA_2012-2016,False
06091,CA,2016,2020,2016-2020,5.098790771926005,-3.526296235709996,-2.8889339522028443,-27.107337780473014,1830.0,4.283627561454029,-1.4367214133747161,0.7014402680245926,-2.1381616813993087,1.1222561241590618,0.3519886482200292,-12.8932210899424,CA_2016-2020,True
06091,CA,2020,2024,2020-2024,-2.8889339522028443,5.098790771926005,,-22.00854700854701,1931.0,-1.2292781621198179,-5.50847760440281,-3.515934017638269,-1.9925435867645405,-1.4367214133747161,6.284427620415087,-14.329942503317117,CA_2020-2024,True
06093,CA,2012,2016,2012-2016,-6.260339859782837,-5.144661240886643,5.954264977985915,-15.850023531872614,19910.0,2.0522232796381656,1.0026899189507752,-0.20943875346830865,1.2121286724190838,,5.610960012797889,-8.562702953456007,CA_2012-2016,False
06093,CA,2016,2020,2016-2020,5.954264977985915,-6.260339859782837,-3.7188414612703404,-22.11036339165545,20492.0,7.997516078891764,-2.894843326643878,-0.28660961658669315,-2.608233710057185,1.0026899189507752,3.772785454950295,-7.560013034505232,CA_2016-2020,True
06093,CA,2020,2024,2020-2024,-3.7188414612703404,5.954264977985915,,-16.156098413669536,23472.0,-5.213617458833508,-4.388698081904707,-1.7226893307568947,-2.666008751147812,-2.894843326643878,-2.9661398694053958,-10.45485636114911,CA_2020-2024,True
06095,CA,2012,2016,2012-2016,2.67465989737655,0.8912108632361111,-1.6738726473595804,30.019143576826195,152444.0,1.0340287045557783,1.2476121185472202,0.22568084795419452,1.0219312705930257,,0.33046622724963015,23.408947700063013,CA_2012-2016,False
06095,CA,2016,2020,2016-2020,-1.6738726473595804,2.67465989737655,-7.340031509270393,32.693803474202745,166113.0,10.362750956974976,0.9001404565083213,-0.6498214487773986,1.5499619052857199,1.2476121185472202,7.874473673541203,24.656559818610233,CA_2016-2020,True
06095,CA,2020,2024,2020-2024,-7.340031509270393,-1.6738726473595804,,31.019930826843165,205877.0,-4.748195303892699,-0.9469022009060062,1.432675891544271,-2.379578092450277,0.9001404565083213,3.6885478174139337,25.556700275118555,CA_2020-2024,True
06097,CA,2012,2016,2012-2016,3.9596439934703653,-3.276459957506738,1.2966693901729087,47.50630012552342,216508.0,1.8938639356859133,3.680418267399027,0.6140539337509061,3.0663643336481208,,0.9817877946229316,29.835775886906248,CA_2012-2016,False
06097,CA,2016,2020,2016-2020,1.2966693901729087,3.9596439934703653,-4.959497793152764,51.46594411899378,231253.0,10.652752386505881,4.553876315047205,0.25547982816596004,4.298396486881245,3.680418267399027,7.969890573112451,33.516194154305275,CA_2016-2020,True
06097,CA,2020,2024,2020-2024,-4.959497793152764,1.2966693901729087,,52.76261350916669,268317.0,-4.258818926164376,0.04635470921721918,1.3902228695068573,-1.343868160289638,4.553876315047205,2.9895026310442034,38.07007046935248,CA_2020-2024,True
06099,CA,2012,2016,2012-2016,-0.8521944654186886,1.057825076850234,-1.1612170232831889,2.8210843811804236,155369.0,2.844645786236372,0.8499974376817467,-5.546193695894324,6.39619113357607,,-0.7846737731318996,1.1206093366937302,CA_2012-2016,False
06099,CA,2016,2020,2016-2020,-1.1612170232831889,-0.8521944654186886,-12.05847228727819,1.968889915761735,172146.0,10.147775147232064,0.943812987893694,0.4506500575451884,0.49316293034850567,0.8499974376817467,8.070320844718111,1.970606774375477,CA_2016-2020,True
06099,CA,2020,2024,2020-2024,-12.05847228727819,-1.1612170232831889,,0.8076728924785462,214954.0,-5.105319786578222,-1.4042496464485361,1.665367980344846,-3.069617626793382,0.943812987893694,3.734051067552315,2.914419762269171,CA_2020-2024,True
06101,CA,2012,2016,2012-2016,3.2429629986296185,-2.549265057024826,-0.4698901800110882,-19.56191858547206,31026.0,2.298789812443014,2.2660801869531113,0.8586838526691736,1.4073963342839377,,3.2497678828030416,-12.238706925155235,CA_2012-2016,False
06101,CA,2016,2020,2016-2020,-0.4698901800110882,3.2429629986296185,-15.398296048297038,-16.318955586842442,33523.0,11.630408000682168,-0.33142731585193097,0.7335788505114511,-1.065006166363382,2.2660801869531113,6.468382207352846,-9.972626738202123,CA_2016-2020,True
06101,CA,2020,2024,2020-2024,-15.398296048297038,-0.4698901800110882,,-16.78884576685353,42644.0,-5.416508455851776,-1.7121791132582498,1.1861623420153364,-2.898341455273586,-0.33142731585193097,2.9722824009352564,-10.304054054054054,CA_2020-2024,True
06103,CA,2012,2016,2012-2016,-10.518377587945515,-3.6285582716191307,2.472961625785011,-28.4225720600839,22977.0,1.730860910672094,-3.3099156771446,-0.46665487548817275,-2.8432608016564274,,2.608995781240324,-14.008468595624558,CA_2012-2016,False
06103,CA,2016,2020,2016-2020,2.472961625785011,-10.518377587945515,-6.313090764699034,-38.94094964802942,23908.0,8.784095115344536,-5.66462628823346,-0.1364015230609219,-5.5282247651725385,-3.3099156771446,7.456016651069746,-17.31838427276916,CA_2016-2020,True
06103,CA,2020,2024,2020-2024,-6.313090764699034,2.472961625785011,,-36.467988022244405,28731.0,-3.5442081329804753,-4.030967245228709,-0.4502392841402525,-3.5807279610884564,-5.66462628823346,2.657595273085562,-22.98301056100262,CA_2020-2024,True
06105,CA,2012,2016,2012-2016,-11.118908946206997,-5.5256973708293975,6.317735620443506,-0.7792207792207793,5674.0,2.8317358819281324,1.7363398483229415,0.0964921685060659,1.6398476798168757,,4.1698899707470645,-0.8451404424558787,CA_2012-2016,False
06105,CA,2016,2020,2016-2020,6.317735620443506,-11.118908946206997,-4.183791598774021,-11.898129725427776,5686.0,-5.704696330578917,-3.792223296652046,-1.9230698342892154,-1.8691534623628305,1.7363398483229415,-13.523424712031073,0.8911994058670628,CA_2016-2020,True
06105,CA,2020,2024,2020-2024,-4.183791598774021,6.317735620443506,,-5.580394104984269,6259.0,-5.4971091826821255,-5.558027833352948,-2.024410505165215,-3.5336173281877326,-3.792223296652046,-7.013309081877885,-2.901023890784983,CA_2020-2024,True
06107,CA,2012,2016,2012-2016,5.284386471466036,0.1977242997879003,2.1330409109658577,-15.403006848482393,101100.0,2.1965716490700506,0.5276192310867707,-4.428473686489861,4.9560929175766315,,0.1925431929800112,-10.084762088229628,CA_2012-2016,False
06107,CA,2016,2020,2016-2020,2.1330409109658577,5.284386471466036,-13.212273578554349,-10.118620377016358,112334.0,10.292204406914857,4.298912790801638,1.4699712121352704,2.8289415786663676,0.5276192310867707,13.498289810223163,-9.557142857142857,CA_2016-2020,True
06107,CA,2020,2024,2020-2024,-13.212273578554349,2.1330409109658577,,-7.9855794660505,146885.0,-4.2199295664337,-0.9328765808465089,1.623790266089379,-2.556666846935888,4.298912790801638,5.592999529592532,-5.258230066341219,CA_2020-2024,True
06109,CA,2012,2016,2012-2016,-6.670463765135185,-3.225968810533484,3.6777612820775296,-16.25764301867828,24687.0,1.6338114433327555,-2.0137191107815298,-0.3241984409932215,-1.6895206697883083,,-1.183733446046233,-10.176587239132488,CA_2012-2016,False
06109,CA,2016,2020,2016-2020,3.6777612820775296,-6.670463765135185,-3.157990498833076,-22.928106783813465,25529.0,10.1599926401035,-2.877326776049113,0.33368583052278566,-3.2110126065718987,-2.0137191107815298,7.216854730395156,-12.190306349914017,CA_2016-2020,True
06109,CA,2020,2024,2020-2024,-3.157990498833076,3.6777612820775296,,-19.250345501735936,30408.0,-2.986042184273918,-2.5237065222100767,0.13905159576938075,-2.6627581179794575,-2.877326776049113,1.684649002343079,-15.06763312596313,CA_2020-2024,True
06111,CA,2012,2016,2012-2016,11.796890438621794,-5.31637566173283,2.56201541329904,7.203492146120726,326974.0,1.5543918433642223,6.789049828151136,2.8358544358902162,3.953195392260919,,-0.895202965814164,2.1735668043883565,CA_2012-2016,False
06111,CA,2016,2020,2016-2020,2.56201541329904,11.796890438621794,-6.0112121879040465,19.00038258474252,351726.0,10.729828470315383,4.44453144855682,1.1970534955803895,3.24747795297643,6.789049828151136,7.920723384816824,8.962616632539492,CA_2016-2020,True
06111,CA,2020,2024,2020-2024,-6.0112121879040465,2.56201541329904,,21.56239799804156,422825.0,-6.186788586673431,0.40204321697772905,2.2260803245974987,-1.8240371076197697,4.44453144855682,2.8343738422495903,13.407148081096311,CA_2020-2024,True
06113,CA,2012,2016,2012-2016,9.892071189734665,-1.8445659068337221,-2.5791502073950525,35.163630814477756,74475.0,2.5276808905508985,4.688448372596721,0.21772274486410126,4.4707256277326195,,2.4909049121501,23.13428453995655,CA_2012-2016,False
06113,CA,2016,2020,2016-2020,-2.5791502073950525,9.892071189734665,-4.872769121381232,45.05570200421242,82090.0,8.121234037116709,2.6332385011594255,-0.10410775636101732,2.737346257520443,4.688448372596721,2.593334035227798,27.82273291255327,CA_2016-2020,True
06113,CA,2020,2024,2020-2024,-4.872769121381232,-2.5791502073950525,,42.47655179681737,97294.0,-4.913318343055195,-0.6271744091297755,1.1508873453468773,-1.7780617544766528,2.6332385011594255,-3.042922066350414,30.455971413712696,CA_2020-2024,True
06115,CA,2012,2016,2012-2016,-6.180835134487392,-3.72357820975375,2.6526931304256394,-18.77172653534183,19700.0,4.348591018847209,-0.9644598458131464,-0.8507303719722037,-0.11372947384094267,,3.7329232367184133,-7.600863357130998,CA_2012-2016,False
06115,CA,2016,2020,2016-2020,2.6526931304256394,-6.180835134487392,-4.281456761801238,-24.952561669829223,22998.0,7.82164311117951,-3.1391132781541238,-0.7935675951834842,-2.3455456829706396,-0.9644598458131464,4.2069272685497054,-8.565323202944144,CA_2016-2020,True
06115,CA,2020,2024,2020-2024,-4.281456761801238,2.6526931304256394,,-22.299868539403583,29796.0,-1.4332849903561318,-1.084256290806083,1.1007288231345687,-2.1849851139406518,-3.1391132781541238,5.192367529139446,-11.704436481098268,CA_2020-2024,True
37001,NC,2008,2012,2008-2012,-4.548552410294777,14.052885491209729,0.7796834278834357,-9.315270395283566,64353.0,0.3069023673830662,-2.17059230765242,-1.1294856358621121,-1.041106671790308,,2.9242912184675873,11.907105781277966,NC_2008-2012,False
37001,NC,2012,2016,2012-2016,0.7796834278834357,-4.548552410294777,4.565153974601165,-13.863822805578343,67776.0,-0.29551103670550916,-3.416876966316182,-1.381496056409782,-2.0353809099064,-2.17059230765242,-0.8419506115692172,9.736513473625546,NC_2012-2016,False
37001,NC,2016,2020,2016-2020,4.565153974601165,0.7796834278834357,0.26140023580791727,-13.084139377694907,71157.0,7.071193648838758,-3.673490969304774,-1.387235484608504,-2.28625548469627,-3.416876966316182,1.0135547615620766,6.319636507309364,NC_2016-2020,True
37001,NC,2020,2024,2020-2024,0.26140023580791727,4.565153974601165,,-8.518985403093742,86091.0,1.5755237542540157,-2.682883844368667,-1.0856968759725707,-1.5971869683960964,-3.673490969304774,5.021258619615608,2.6461455380045904,NC_2020-2024,True
37003,NC,2008,2012,2008-2012,-6.25784857199352,1.5316027680856266,-12.023153450910193,-39.05761632364215,17254.0,-2.16273573517749,-3.6559133023771953,-0.916294222509972,-2.7396190798672233,,0.34007462268809263,-9.534321008617397,NC_2008-2012,False
37003,NC,2012,2016,2012-2016,-12.023153450910193,-6.25784857199352,-1.2796614917209936,-45.31546489563567,17196.0,3.204349835041187,-3.9790443010599095,-0.8639984932382117,-3.115045807821698,-3.6559133023771953,-0.6871340259341849,-13.190234310994592,NC_2012-2016,False
37003,NC,2016,2020,2016-2020,-1.2796614917209936,-12.023153450910193,-1.7022831015298578,-57.338618346545864,18271.0,6.166763374577188,-9.556930936167223,-2.2480390962788306,-7.308891839888393,-3.9790443010599095,0.9881366059684922,-17.1692786120545,NC_2016-2020,True
37003,NC,2020,2024,2020-2024,-1.7022831015298578,-1.2796614917209936,,-58.61827983826686,20236.0,1.933061378439349,-6.8600185962749265,-3.215511671640961,-3.6445069246339656,-9.556930936167223,3.963734891450187,-26.726209548221725,NC_2020-2024,True
37005,NC,2008,2012,2008-2012,-14.897925962490945,-1.4382896015549065,-12.648159435954149,-21.438289601554906,5263.0,-3.2201199079860188,-7.3330111338586725,-2.6665980962478155,-4.666413037610857,,3.130837363473347,18.47115657857346,NC_2008-2012,False
37005,NC,2012,2016,2012-2016,-12.648159435954149,-14.897925962490945,-1.5893818601363705,-36.33621556404585,5067.0,0.9423842177503361,-7.7111039453841315,-2.6242776373462213,-5.08682630803791,-7.3330111338586725,-1.9815949392309307,11.138145444714787,NC_2012-2016,False
37005,NC,2016,2020,2016-2020,-1.5893818601363705,-12.648159435954149,-1.7657425957939878,-48.984375,5315.0,6.676837822671155,-14.265835732620301,-4.095758899357405,-10.170076833262897,-7.7111039453841315,-0.8242143658810335,3.427041499330656,NC_2016-2020,True
37005,NC,2020,2024,2020-2024,-1.7657425957939878,-1.5893818601363705,,-50.57375686013637,6076.0,3.888627359555008,-11.500737860291638,-5.921769146992046,-5.5789687132995915,-14.265835732620301,6.853675084922315,-10.838794233289645,NC_2020-2024,True
37007,NC,2008,2012,2008-2012,4.415750703754572,3.532715483989211,-12.453830363825855,21.091625246178374,10733.0,3.36145169200589,-1.8966671057646067,-0.6184568152472849,-1.2782102905173218,,6.0633809861921435,60.85920312881936,NC_2008-2012,False
37007,NC,2012,2016,2012-2016,-12.453830363825855,4.415750703754572,-8.84112434398288,25.507375949932946,11256.0,-3.1030850263355947,-4.520452522222044,-0.15191246647276557,-4.368540055749278,-1.8966671057646067,1.0304759123868905,58.96253602305475,NC_2012-2016,False
37007,NC,2016,2020,2016-2020,-8.84112434398288,-12.453830363825855,-6.7360805481179025,13.053545586107091,10545.0,11.677645164783812,-11.083852248965364,-2.4549481918503986,-8.628904057114966,-4.520452522222044,9.189910474111528,54.44208350083271,NC_2016-2020,True
37007,NC,2020,2024,2020-2024,-6.7360805481179025,-8.84112434398288,,4.212421242124212,11194.0,-1.8329689540023675,-12.632641523590248,-5.2273783827830655,-7.4052631408071825,-11.083852248965364,0.06883272305391586,43.358231251867345,NC_2020-2024,True
37009,NC,2008,2012,2008-2012,-9.583713652086136,0.11520380610029335,-12.399585436782417,-23.803565842977793,13069.0,-3.155513468013471,-3.15218959079842,-0.5586446931325106,-2.5935448976659092,,-7.3650943963444035,-4.995570430160448,NC_2008-2012,False
37009,NC,2012,2016,2012-2016,-12.399585436782417,-9.583713652086136,-0.8798017348203189,-33.38727949506393,12610.0,3.391092920984229,-4.3988303512391465,-1.5414538730082246,-2.857376478230922,-3.15218959079842,-0.8275680571876194,-8.147760020958868,NC_2012-2016,False
37009,NC,2016,2020,2016-2020,-0.8798017348203189,-12.399585436782417,1.8472395184723922,-45.786864931846345,13424.0,9.34406182158577,-9.8192757494167,-2.7639686340131657,-7.055307115403535,-4.3988303512391465,0.11025911689139889,-12.546590372198015,NC_2016-2020,True
37009,NC,2020,2024,2020-2024,1.8472395184723922,-0.8798017348203189,,-46.666666666666664,15814.0,1.341772487786963,-5.811194707037643,-2.9540698911827263,-2.8571248158549167,-9.8192757494167,4.909653153721564,-22.365866121614715,NC_2020-2024,True
37011,NC,2008,2012,2008-2012,-6.211417925029053,7.184215680834825,-6.92175386467445,-44.57310090342283,7943.0,-1.0006390797251963,2.296018818830163,0.9944896217543402,1.3015291970758227,,5.04428085095924,-49.665316188127534,NC_2008-2012,False
37011,NC,2012,2016,2012-2016,-6.92175386467445,-6.211417925029053,4.507511612276176,-50.78451882845188,7759.0,2.7399067564928714,1.1062493525959098,0.2945233347862768,0.811726017809633,2.296018818830163,-1.2831600273384112,-47.36929736929737,NC_2012-2016,False
37011,NC,2016,2020,2016-2020,4.507511612276176,-6.92175386467445,0.4277792704044572,-57.70627269312633,8249.0,6.750484277439261,-0.022804384200888705,0.14042995539242753,-0.16323433959331624,1.1062493525959098,0.8754842774392415,-46.26304801670146,NC_2016-2020,True
37011,NC,2020,2024,2020-2024,0.4277792704044572,4.507511612276176,,-53.198761080850154,9458.0,0.8557187550742085,-0.6801953032387402,-0.3450031169110659,-0.33519218632767434,-0.022804384200888705,3.983667876321576,-46.28585240090235,NC_2020-2024,True
37013,NC,2008,2012,2008-2012,-1.9175459041533713,10.306722873847246,-5.394818393235198,-17.48276163044427,23010.0,-0.08615109699195989,-5.6483391093875,-1.825714129213793,-3.822624980173707,,4.046867864588492,22.025645187469568,NC_2008-2012,False
37013,NC,2012,2016,2012-2016,-5.394818393235198,-1.9175459041533713,-1.3038383989795896,-19.40030753459764,23620.0,-0.2791285503032648,-6.929762439428117,-2.2783046428360905,-4.651457796592027,-5.6483391093875,-1.0001130217254968,16.377306078082068,NC_2012-2016,False
37013,NC,2016,2020,2016-2020,-1.3038383989795896,-5.394818393235198,-5.204888396664511,-24.79512592783284,23938.0,9.915698613164825,-9.855144365884025,-2.677717719891862,-7.177426645992163,-6.929762439428117,6.512636123824109,9.44754363865395,NC_2016-2020,True
37013,NC,2020,2024,2020-2024,-5.204888396664511,-1.3038383989795896,,-26.09896432681243,26315.0,0.9447453522246518,-8.75111813397989,-4.911611861772498,-3.839506272207391,-9.855144365884025,3.2038524405053437,-0.40760072723007446,NC_2020-2024,True
37015,NC,2008,2012,2008-2012,2.1262155814569788,7.1575301240207665,-7.664751377882649,30.684734626835027,9763.0,1.515169259140181,-4.033273584566942,-2.2244090747064575,-1.8088645098604843,,5.68608727459312,71.39218397496543,NC_2008-2012,False
37015,NC,2012,2016,2012-2016,-7.664751377882649,2.1262155814569788,-3.3954813232342858,32.810950208292006,10123.0,-3.3415918909068254,-5.822068285135337,-1.817526777477383,-4.0045415076579545,-4.033273584566942,-1.4267324272014434,67.35891039039849,NC_2012-2016,False
37015,NC,2016,2020,2016-2020,-3.3954813232342858,-7.664751377882649,-5.970478445874491,25.146198830409357,9347.0,8.418391655761436,-7.996125736460343,-1.7886356064588256,-6.207490130001517,-5.822068285135337,2.0182995691129975,61.536842105263155,NC_2016-2020,True
37015,NC,2020,2024,2020-2024,-5.970478445874491,-3.3954813232342858,,21.75071750717507,9815.0,-1.5137934266682307,-9.16464532970015,-3.7120025724776795,-5.4526427572224705,-7.996125736460343,0.2241710415137277,53.54071636880281,NC_2020-2024,True
37017,NC,2008,2012,2008-2012,-0.1003630823207915,2.6156345195823416,-11.54528516652937,2.08644783880403,15480.0,0.18574655045050514,-3.9142540701451054,-0.6917010254804268,-3.2225530446646786,,1.646929834576909,57.463228618122386,NC_2008-2012,False
37017,NC,2012,2016,2012-2016,-11.54528516652937,-0.1003630823207915,-4.26270289544734,1.9860847564832385,15957.0,0.35946510143830546,-9.15167631451694,-2.301719387678645,-6.849956926838296,-3.9142540701451054,0.9886622942961054,53.54897454797728,NC_2012-2016,False
37017,NC,2016,2020,2016-2020,-4.26270289544734,-11.54528516652937,-6.682449741639523,-9.559200410046131,15897.0,11.633861990477213,-19.173010104478415,-8.295130386282835,-10.87787971819558,-9.15167631451694,9.101281727717264,44.39729823346034,NC_2016-2020,True
37017,NC,2020,2024,2020-2024,-6.682449741639523,-4.26270289544734,,-13.821903305493471,17125.0,0.13611116951789404,-12.179159491276316,-6.014105067766614,-6.165054423509702,-19.173010104478415,5.146432959429788,25.224288128981925,NC_2020-2024,True
37019,NC,2008,2012,2008-2012,-4.285434041673302,3.1165052456684563,-7.075180218837605,-18.09000844789187,52608.0,-1.6945062930381338,-5.691125020278799,-3.8743436843091956,-1.8167813359696026,,-0.9966036172799022,2.3461814699545127,NC_2008-2012,False
37019,NC,2012,2016,2012-2016,-7.075180218837605,-4.285434041673302,4.170227912530187,-22.37544248956517,57362.0,1.99307019376741,-5.461010952244117,-1.7561140426359296,-3.7048969096081876,-5.691125020278799,-0.7890042997364475,-3.3449435503242855,NC_2012-2016,False
37019,NC,2016,2020,2016-2020,4.170227912530187,-7.075180218837605,0.23673171774109036,-29.450622708402776,68351.0,10.655613630865679,-7.140210118156652,-2.08666762331222,-5.053542494844432,-5.461010952244117,5.616552334750921,-8.805954502568403,NC_2016-2020,True
37019,NC,2020,2024,2020-2024,0.23673171774109036,4.170227912530187,,-25.28039479587259,90175.0,8.275178702687358,-4.713757932882148,-2.2092543109181495,-2.5045036219639982,-7.140210118156652,11.973617268324773,-15.946164620725055,NC_2020-2024,True
37021,NC,2008,2012,2008-2012,-1.3860738976074192,14.68911422667622,2.340290180199551,14.09213648637591,123795.0,-2.3725742673712302,-0.7613035337194916,0.06553771049260959,-0.8268412442121011,,0.6665367318457527,16.259318729212065,NC_2008-2012,False
37021,NC,2012,2016,2012-2016,2.340290180199551,-1.3860738976074192,6.411926818515521,12.706062588768491,127696.0,2.1482113584583185,-0.13672110391504688,-0.18496515777570188,0.048244053860655,-0.7613035337194916,0.44759135400448713,15.498015195492574,NC_2012-2016,False
37021,NC,2016,2020,2016-2020,6.411926818515521,2.340290180199551,3.6853675922117652,15.046352768968042,138947.0,6.189147099575997,-0.8188851501043217,-0.2482600408226272,-0.5706251092816945,-0.13672110391504688,-2.061491344973149,15.361294091577527,NC_2016-2020,True
37021,NC,2020,2024,2020-2024,3.6853675922117652,6.411926818515521,,21.458279587483563,161569.0,-1.6934943522979973,-1.3145044429108719,-0.4923942144924265,-0.8221102284184454,-0.8188851501043217,3.0753576980292223,14.542408941473205,NC_2020-2024,True
37023,NC,2008,2012,2008-2012,-4.35502960205304,4.0108675990690585,-16.161446058578136,-19.460584276950517,37443.0,-2.121492411788073,-2.7412062230070755,-0.6671289432020746,-2.074077279805001,,3.8147121756422564,5.131305838823211,NC_2008-2012,False
37023,NC,2012,2016,2012-2016,-16.161446058578136,-4.35502960205304,-0.5807487036943328,-23.815613879003557,36544.0,1.8575031064933079,-4.6995250758236455,-1.6510895777406769,-3.048435498082969,-2.7412062230070755,-2.7898280538230864,2.3900996158161356,NC_2012-2016,False
37023,NC,2016,2020,2016-2020,-0.5807487036943328,-16.161446058578136,-0.9778065298618088,-39.97705993758169,38920.0,8.488076888100037,-10.221400680559691,-2.718717129110688,-7.502683551449003,-4.6995250758236455,0.25886762647483863,-2.3094254600075104,NC_2016-2020,True
37023,NC,2020,2024,2020-2024,-0.9778065298618088,-0.5807487036943328,,-40.557808641276026,44602.0,1.870138374904018,-8.015153213976918,-4.140073867899483,-3.8750793460774346,-10.221400680559691,4.309987512939472,-12.530826140567202,NC_2020-2024,True
37025,NC,2008,2012,2008-2012,-1.7157803131739726,16.065782533287347,-0.20608468716166328,-18.55944236478637,77994.0,-1.302041018400557,-0.9255966491117569,-0.7969232447197001,-0.12867340439205677,,3.614255746457701,-3.999505294302322,NC_2008-2012,False
37025,NC,2012,2016,2012-2016,-0.20608468716166328,-1.7157803131739726,10.884170474854326,-20.275222677960343,83566.0,0.713458997231109,-1.076828325617167,-0.7018655277296775,-0.37496279788748943,-0.9255966491117569,0.5191803706840119,-4.925101943414079,NC_2012-2016,False
37025,NC,2016,2020,2016-2020,10.884170474854326,-0.20608468716166328,1.772373696762945,-20.481307365122007,93289.0,6.751292949229315,0.8380159649289096,0.49533506843023734,0.3426808964986723,-1.076828325617167,-0.3778706618206087,-6.001930269031246,NC_2016-2020,True
37025,NC,2020,2024,2020-2024,1.772373696762945,10.884170474854326,,-9.59713689026768,117227.0,0.21167776839479124,0.3611413661055751,0.5432048697465239,-0.1820635036409488,0.8380159649289096,5.098513128133533,-5.163914304102336,NC_2020-2024,True
37027,NC,2008,2012,2008-2012,-5.95092573227641,5.69126073677176,-15.787652407744957,-30.181755136244114,35155.0,-1.3010942192184238,-2.5258803093768645,-0.5155039689079235,-2.010376340468941,,4.154639139136577,-10.46516161734316,NC_2008-2012,False
37027,NC,2012,2016,2012-2016,-15.787652407744957,-5.95092573227641,0.2868709025519536,-36.132680868520524,34732.0,2.2228565462470873,-4.477914765838593,-1.596605208915248,-2.8813095569233447,-2.5258803093768645,1.1414286152545259,-12.991041926720024,NC_2012-2016,False
37027,NC,2016,2020,2016-2020,0.2868709025519536,-15.787652407744957,-1.3453349846458735,-51.92033327626548,36320.0,10.25089351221309,-10.185765245844536,-2.370034366538569,-7.815730879305967,-4.477914765838593,-1.1585829864836512,-17.468956692558617,NC_2016-2020,True
37027,NC,2020,2024,2020-2024,-1.3453349846458735,0.2868709025519536,,-51.63346237371353,42829.0,1.168305359493349,-5.521573623213509,-2.436950250684543,-3.0846233725289665,-10.185765245844536,2.673979835405447,-27.654721938403153,NC_2020-2024,True
37029,NC,2008,2012,2008-2012,-2.1028379986785097,-2.6964275320175872,-12.460732796080158,-32.57335866582225,4821.0,-5.75227495870868,-5.509731109649831,-1.8096027274018667,-3.7001283822479643,,2.352322094269212,18.503480278422273,NC_2008-2012,False
37029,NC,2012,2016,2012-2016,-12.460732796080158,-2.1028379986785097,-0.3070780620725273,-34.67619666450076,4704.0,0.636752856406575,-10.963820736762033,-3.462878314094631,-7.500942422667402,-5.509731109649831,-3.006656018398033,12.993749168772442,NC_2012-2016,False
37029,NC,2016,2020,2016-2020,-0.3070780620725273,-12.460732796080158,-3.7583009095363593,-47.136929460580916,5006.0,10.896991633442688,-16.03115017910876,-5.911091516713318,-10.120058662395444,-10.963820736762033,4.791249544777216,2.02992843201041,NC_2016-2020,True
37029,NC,2020,2024,2020-2024,-3.7583009095363593,-0.3070780620725273,,-47.44400752265344,5953.0,0.9732951630150755,-9.128107195787988,-5.354806273056498,-3.77330092273149,-16.03115017910876,3.00724624650546,-14.00122174709835,NC_2020-2024,True
37031,NC,2008,2012,2008-2012,-6.236516267499574,4.2047794781632675,-4.286977506233768,-35.02816613642334,34597.0,-1.5629715664717159,-4.829338387531336,-1.2852920715052631,-3.5440463160260727,,2.471035986748646,-7.114616149015794,NC_2008-2012,False
37031,NC,2012,2016,2012-2016,-4.286977506233768,-6.236516267499574,2.971949077080545,-41.26468240392291,35517.0,2.1001797745437423,-5.568304988160529,-2.138590875199114,-3.429714112961415,-4.829338387531336,0.7373367810287021,-11.94395453654713,NC_2012-2016,False
37031,NC,2016,2020,2016-2020,2.971949077080545,-4.286977506233768,-0.8769648801693819,-45.55165991015668,37781.0,8.347139175531225,-8.586909291572077,-2.528763414266013,-6.058145877306064,-5.568304988160529,-1.8807022055153908,-17.51225952470766,NC_2016-2020,True
37031,NC,2020,2024,2020-2024,-0.8769648801693819,2.971949077080545,,-42.579710833076135,42695.0,4.250762947174469,-4.212763397471093,-2.1007580843050597,-2.1120053131660335,-8.586909291572077,10.024168879795525,-26.099168816279736,NC_2020-2024,True
37033,NC,2008,2012,2008-2012,-5.382226989809546,6.631404670236179,-9.158696525848878,3.1340091137357016,10862.0,1.037199200871175,-6.2910410640615595,-2.3826468031588277,-3.908394260902732,,6.158761642752452,42.67793653988059,NC_2008-2012,False
37033,NC,2012,2016,2012-2016,-9.158696525848878,-5.382226989809546,-7.247366291022294,-2.248217876073844,11039.0,1.52691133806242,-7.576439610179431,-2.3230862589321504,-5.253353351247281,-6.2910410640615595,0.932667452451625,36.38689547581903,NC_2012-2016,False
37033,NC,2016,2020,2016-2020,-7.247366291022294,-9.158696525848878,-6.073479400873044,-11.406914401922721,11070.0,4.952525891374815,-9.53233791526899,-0.3604304978060142,-9.171907417462975,-7.576439610179431,-2.4007826705668407,28.8104558656396,NC_2016-2020,True
37033,NC,2020,2024,2020-2024,-6.073479400873044,-7.247366291022294,,-18.654280692945015,12051.0,1.3009949451658676,-11.654149706403626,-5.061031479324129,-6.593118227079498,-9.53233791526899,3.750672447610711,19.27811795037061,NC_2020-2024,True
37035,NC,2008,2012,2008-2012,-4.580592233196587,10.22953590285372,-9.146732914871595,-25.25455578376961,69451.0,-1.1486579043010536,-0.5789228255567771,-0.05977171751739441,-0.5191511080393827,,2.091222849140607,-13.032196251422183,NC_2008-2012,False
37035,NC,2012,2016,2012-2016,-9.146732914871595,-4.580592233196587,1.427035713854636,-29.835148016966198,69601.0,0.5549222684672617,-2.9699191597756904,-0.9613118828219065,-2.008607276953784,-0.5789228255567771,-2.6582890303670013,-13.61111907697896,NC_2012-2016,False
37035,NC,2016,2020,2016-2020,1.427035713854636,-9.146732914871595,-0.7615014493026138,-38.98188093183779,72351.0,6.9147189225328365,-5.966731295319505,-2.0453738585393104,-3.9213574367801947,-2.9699191597756904,0.22002768107824977,-16.58103823675465,NC_2016-2020,True
37035,NC,2020,2024,2020-2024,-0.7615014493026138,1.427035713854636,,-37.55484521798316,83425.0,1.3798514271652795,-3.181295934681142,-1.4097822852612616,-1.7715136494198802,-5.966731295319505,4.6675944011860935,-22.547769532074156,NC_2020-2024,True
37037,NC,2008,2012,2008-2012,-4.976511673581939,9.799240846674822,5.532522485149361,9.818628957885029,32880.0,-1.5737637096751023,-5.081437122784845,-2.202864539357247,-2.878572583427598,,4.161578090420889,23.559977343807716,NC_2008-2012,False
37037,NC,2012,2016,2012-2016,5.532522485149361,-4.976511673581939,1.3006775965659347,4.8421172843030895,35434.0,3.01160972905693,-3.6804035750601383,-1.0985279741426588,-2.5818756009174795,-5.081437122784845,2.0603679244500626,18.47854022102287,NC_2012-2016,False
37037,NC,2016,2020,2016-2020,1.3006775965659347,5.532522485149361,0.9544840741710523,10.37463976945245,39849.0,7.835118640201633,-2.473452818125798,-0.23223802845121355,-2.2412147896745847,-3.6804035750601383,1.7774552358464462,14.798136645962733,NC_2016-2020,True
37037,NC,2020,2024,2020-2024,0.9544840741710523,1.3006775965659347,,11.675317366018385,48599.0,2.9376885507386152,-2.2235787255561927,-0.2871079694945955,-1.9364707560615972,-2.473452818125798,5.745866530688119,12.324683827836935,NC_2020-2024,True
37039,NC,2008,2012,2008-2012,-7.529051279745545,-4.279253954716033,-11.642157134074743,-39.08915352429997,12586.0,0.8084681105814506,-3.1544117528357063,-1.0018882045623814,-2.152523548273325,,9.11573581401197,-5.566938183998801,NC_2008-2012,False
37039,NC,2012,2016,2012-2016,-11.642157134074743,-7.529051279745545,2.464914402496298,-46.61820480404551,12867.0,3.711649990184729,-5.511691501134237,-1.8220142677368703,-3.689677233397367,-3.1544117528357063,3.9131804006153743,-8.721349936834507,NC_2012-2016,False
37039,NC,2016,2020,2016-2020,2.464914402496298,-11.642157134074743,-2.244281532621251,-58.260361938120255,14181.0,5.781732739636503,-15.087252822196007,-5.424422774710191,-9.662830047485816,-5.511691501134237,-10.884155047820713,-14.233041437968744,NC_2016-2020,True
37039,NC,2020,2024,2020-2024,-2.244281532621251,2.464914402496298,,-55.79544753562396,16423.0,3.808938549568275,-9.529972032472564,-4.903981399406042,-4.625990633066522,-15.087252822196007,5.1003389046015,-29.32029426016475,NC_2020-2024,True
37041,NC,2008,2012,2008-2012,-3.359198281806183,9.301836888503635,-10.089040677635133,-1.1392574721887148,7512.0,0.4187715851829754,-5.470510595993272,-2.160481886145753,-3.3100287098475185,,4.083153197993383,35.13850282756638,NC_2008-2012,False
37041,NC,2012,2016,2012-2016,-10.089040677635133,-3.359198281806183,-1.271534405374375,-4.4984557539948975,7505.0,-2.5761736676183533,-5.627588191169064,-2.3702591385255865,-3.2573290526434775,-5.470510595993272,-3.8813169697651233,29.667992231573105,NC_2012-2016,False
37041,NC,2016,2020,2016-2020,-1.271534405374375,-10.089040677635133,-6.7552434212153205,-14.587496431630031,7228.0,6.102961173525578,-11.349509008507656,-3.172016070188395,-8.177492938319261,-5.627588191169064,1.0412344446066584,24.04040404040404,NC_2016-2020,True
37041,NC,2020,2024,2020-2024,-6.7552434212153205,-1.271534405374375,,-15.859030837004406,7784.0,-1.831297756102035,-10.518813766097303,-5.506986985919374,-5.011826780177929,-11.349509008507656,3.454831045351483,12.690895031896385,NC_2020-2024,True
37043,NC,2008,2012,2008-2012,-6.857879945572812,-3.5761677022714053,-9.774958937193276,-36.26171659621393,5543.0,0.6233874767235803,-3.1177411473842023,0.06588711862188656,-3.183628266006089,,8.59619332331232,-5.702230259192285,NC_2008-2012,False
37043,NC,2012,2016,2012-2016,-9.774958937193276,-6.857879945572812,2.784439490138439,-43.11959654178674,5642.0,2.5077622923281973,-6.611444522627053,-1.9618203393132347,-4.6496241833138185,-3.1177411473842023,-3.3804105751411697,-8.819971406576487,NC_2012-2016,False
37043,NC,2016,2020,2016-2020,2.784439490138439,-9.774958937193276,-0.30763858034902114,-52.89455547898002,6010.0,5.397663764153315,-12.472251284808502,-5.384676024819447,-7.087575259989055,-6.611444522627053,-5.198255018403813,-15.43141592920354,NC_2016-2020,True
37043,NC,2020,2024,2020-2024,-0.30763858034902114,2.784439490138439,,-50.11011598884158,6893.0,5.885845689875213,-8.143068977567719,-4.724544528842156,-3.418524448725563,-12.472251284808502,8.98943051814976,-27.903667214012042,NC_2020-2024,True
37045,NC,2008,2012,2008-2012,-0.31165913014311286,3.027716029520839,-10.736377990089338,-20.061692870790267,43835.0,-1.3869636879723646,-3.7703090485798825,-0.9466905563165753,-2.823618492263307,,2.922261717988846,19.964437419737234,NC_2008-2012,False
37045,NC,2012,2016,2012-2016,-10.736377990089338,-0.31165913014311286,-2.0764856021441886,-20.37335200093338,43340.0,1.2775380047722384,-6.2638502669662035,-1.2482485953697093,-5.015601671596494,-3.7703090485798825,-0.4877902280422859,16.19412837115735,NC_2012-2016,False
37045,NC,2016,2020,2016-2020,-2.0764856021441886,-10.736377990089338,-2.0304377419873134,-31.109729991022718,44673.0,7.217534352368804,-12.737611064195864,-3.4084051244786826,-9.32920593971718,-6.2638502669662035,3.17770515546529,9.930278104191148,NC_2016-2020,True
37045,NC,2020,2024,2020-2024,-2.0304377419873134,-2.0764856021441886,,-33.18621559316691,51308.0,0.03427119991789018,-8.661731950201894,-3.9017670783920706,-4.7599648718098235,-12.737611064195864,3.5143632185936866,-2.807332960004716,NC_2020-2024,True
37047,NC,2008,2012,2008-2012,0.08630296325115872,-5.932054901120705,-14.440568773750124,-7.968425425841296,24282.0,-1.6069841783492023,-4.384331606941835,-1.1371584329868796,-3.2471731739549554,,-3.394342070510959,52.32373670385686,NC_2008-2012,False
37047,NC,2012,2016,2012-2016,-14.440568773750124,0.08630296325115872,-5.784470648125833,-7.882122462590138,24243.0,-1.0638696848810691,-7.641794175413317,-1.7623887184625033,-5.879405456950813,-4.384331606941835,-3.0555692275942903,47.939405096915024,NC_2012-2016,False
37047,NC,2016,2020,2016-2020,-5.784470648125833,-14.440568773750124,-5.9782039691924425,-22.322691236340262,23732.0,11.748618001169309,-20.419342089528424,-5.404668812064756,-15.014673277463668,-7.641794175413317,8.812232826626655,40.29761092150171,NC_2016-2020,True
37047,NC,2020,2024,2020-2024,-5.9782039691924425,-5.784470648125833,,-28.107161884466095,26446.0,1.1006221036337083,-15.3099008420552,-6.721441615054658,-8.588459227000541,-20.419342089528424,4.17027804011245,19.878268831973283,NC_2020-2024,True
37049,NC,2008,2012,2008-2012,-5.330777176817964,12.879686957586724,-4.397987549151143,-12.539262874833344,44598.0,-1.236985664289647,-2.907979896233919,-0.7500331679512042,-2.157946728282715,,0.3217343295797974,8.540589889708588,NC_2008-2012,False
37049,NC,2012,2016,2012-2016,-4.397987549151143,-5.330777176817964,3.325904181867994,-17.87004005165131,46170.0,1.056383035375963,-4.761754530520694,-1.1095494226698834,-3.652205107850811,-2.907979896233919,0.09829972776252305,5.632609993474669,NC_2012-2016,False
37049,NC,2016,2020,2016-2020,3.325904181867994,-4.397987549151143,-1.7218039167056816,-22.26802760080245,47001.0,8.560361400705109,-7.337857486027954,-2.869146304714408,-4.468711181313546,-4.761754530520694,2.4333819924221842,0.870855462953975,NC_2016-2020,True
37049,NC,2020,2024,2020-2024,-1.7218039167056816,3.325904181867994,,-18.942123418934457,53065.0,2.1535501699554316,-5.409244230327744,-2.9369229518181257,-2.472321278509618,-7.337857486027954,5.869344379341115,-6.467002023073979,NC_2020-2024,True
37051,NC,2008,2012,2008-2012,2.0976116513849767,21.301516789000466,-3.3149658811622515,17.77143577938255,127575.0,-2.291443911798363,-0.8616070993852141,-0.9421965580104299,0.08058945862521583,,9.059810097707114,27.901333120459807,NC_2008-2012,False
37051,NC,2012,2016,2012-2016,-3.3149658811622515,2.0976116513849767,0.35722010228640855,19.869047430767527,127641.0,-2.5386711646826154,-3.301121623712632,-0.7433211754317632,-2.5578004482808687,-0.8616070993852141,-5.903995057246078,27.039726021074593,NC_2012-2016,False
37051,NC,2016,2020,2016-2020,0.35722010228640855,-3.3149658811622515,-3.340951181396056,16.554081549605275,127506.0,7.807553024492442,-3.695189375236996,-1.4194810450466946,-2.2757083301903016,-3.301121623712632,5.695442084072084,23.73860439736196,NC_2016-2020,True
37051,NC,2020,2024,2020-2024,-3.340951181396056,0.35722010228640855,,16.911301651891684,147150.0,-3.332869065355293,-4.179145125029745,-1.0908001026748764,-3.0883450223548685,-3.695189375236996,0.15034937842726492,20.043415022124965,NC_2020-2024,True
37053,NC,2008,2012,2008-2012,-3.701110504272769,2.915462706994788,-16.17949465886487,-31.87494303162884,11102.0,-3.1929733104185676,-6.904406125750544,-2.411444834267417,-4.492961291483127,,6.420629405419277,2.1049912830115582,NC_2008-2012,False
37053,NC,2012,2016,2012-2016,-16.17949465886487,-3.701110504272769,4.682623642659486,-35.57605353590161,11304.0,2.504977875879355,-8.876566352126577,-3.293429794974913,-5.583136557151665,-6.904406125750544,-1.0408541946148802,-4.799414842738986,NC_2012-2016,False
37053,NC,2016,2020,2016-2020,4.682623642659486,-16.17949465886487,-1.3098323288840987,-51.755548194766476,12669.0,9.7564132510089,-10.263814770183156,-3.707308128038129,-6.5565066421450275,-8.876566352126577,4.236505433058795,-13.675981194865564,NC_2016-2020,True
37053,NC,2020,2024,2020-2024,-1.3098323288840987,4.682623642659486,,-47.07292455210699,16147.0,3.596285971618063,-5.128541797216776,-3.0772445496443765,-2.0512972475724,-10.263814770183156,8.176945142333594,-23.93979596504872,NC_2020-2024,True
37055,NC,2008,2012,2008-2012,-6.806259183163222,11.351004482089474,-6.501047570706874,-9.377630619002188,18048.0,-1.887896554958246,-3.6929843815834102,-0.9893349190033796,-2.7036494625800307,,3.183013588322936,10.14471132328808,NC_2008-2012,False
37055,NC,2012,2016,2012-2016,-6.501047570706874,-6.806259183163222,5.921931592525464,-16.18388980216541,17974.0,2.7088846682889134,-5.162386840181827,-1.5517590375643033,-3.6106278026175236,-3.6929843815834102,-0.4545800213557385,6.45172694170467,NC_2012-2016,False
37055,NC,2016,2020,2016-2020,5.921931592525464,-6.501047570706874,-2.2106932464367404,-22.684937372872284,19609.0,11.753566185479592,-8.855423404530088,-3.204493214882766,-5.650930189647322,-5.162386840181827,-3.6667627914741985,1.2893401015228427,NC_2016-2020,True
37055,NC,2020,2024,2020-2024,-2.2106932464367404,5.921931592525464,,-16.76300578034682,24232.0,1.0315879725264376,-5.394826848684703,-2.9262745020541434,-2.4685523466305597,-8.855423404530088,10.721816453553728,-7.566083303007245,NC_2020-2024,True
37057,NC,2008,2012,2008-2012,-7.203504938159639,8.110301223353162,-8.912918705328579,-33.87667275835642,68581.0,0.1895828718726955,-3.738800535674354,-1.5357007022739566,-2.2030998334003975,,2.997428321630707,-12.492280904222472,NC_2008-2012,False
37057,NC,2012,2016,2012-2016,-8.912918705328579,-7.203504938159639,1.8546218216902162,-41.08017769651606,70935.0,2.031546426801434,-4.202363855797024,-1.0709854089978172,-3.131378446799207,-3.738800535674354,-1.2890776995527204,-16.231081439896826,NC_2012-2016,False
37057,NC,2016,2020,2016-2020,1.8546218216902162,-8.912918705328579,0.5763471007550152,-49.99309640184464,74856.0,8.30346866189261,-6.757102011694361,-2.6625804357933163,-4.0945215759010445,-4.202363855797024,2.7630714778673138,-20.43344529569385,NC_2016-2020,True
37057,NC,2020,2024,2020-2024,0.5763471007550152,1.8546218216902162,,-48.13847458015442,88514.0,2.0928032115539397,-3.26544664773515,-1.6806223910570601,-1.5848242566780897,-6.757102011694361,3.894202464264268,-27.19054730738821,NC_2020-2024,True
37059,NC,2008,2012,2008-2012,-5.1278026692009675,10.308079673551006,-5.666644982888641,-38.707277146683865,20368.0,-1.2977710482517502,0.19572599124658652,0.10407522811423675,0.09165076313234977,,5.051328280949562,-31.026768494947156,NC_2008-2012,False
37059,NC,2012,2016,2012-2016,-5.666644982888641,-5.1278026692009675,3.332766056140862,-43.83507981588483,20670.0,1.2720051728206228,-1.1268835625219076,-0.3046935049686361,-0.8221900575532715,0.19572599124658652,0.8097236565631221,-30.83104250370057,NC_2012-2016,False
37059,NC,2016,2020,2016-2020,3.332766056140862,-5.666644982888641,-0.8635585013604157,-49.50172479877347,21756.0,8.835020111773673,-3.314166588069128,-0.7465814462983928,-2.567585141770735,-1.1268835625219076,3.2069660350485236,-31.957926066222477,NC_2016-2020,True
37059,NC,2020,2024,2020-2024,-0.8635585013604157,3.332766056140862,,-46.16895874263261,25311.0,2.56558114907931,-1.7138428984945833,-0.5591357113179001,-1.1547071871766832,-3.314166588069128,3.9993509430922103,-35.272092654291605,NC_2020-2024,True
37061,NC,2008,2012,2008-2012,-2.1748043805412482,6.7788317725342715,-7.536862318987511,-9.478577202910266,19904.0,-0.5295131386407137,-5.151809295233164,-1.8033806938460728,-3.3484286013870914,,0.27814048505004507,32.80295893087686,NC_2008-2012,False
37061,NC,2012,2016,2012-2016,-7.536862318987511,-2.1748043805412482,-3.0881248918872153,-11.653381583451514,20592.0,-0.004075927017577197,-6.774613378314385,-2.0481874778884155,-4.726425900425969,-5.151809295233164,-0.6459457394843611,27.651149635643698,NC_2012-2016,False
37061,NC,2016,2020,2016-2020,-3.0881248918872153,-7.536862318987511,-6.841011868997416,-19.190243902439025,20856.0,15.57162567345829,-9.780120012692043,-2.2086464693006143,-7.571473543391429,-6.774613378314385,16.863401054244733,20.876536257329313,NC_2016-2020,True
37061,NC,2020,2024,2020-2024,-6.841011868997416,-3.0881248918872153,,-22.27836879432624,22715.0,0.41754350085457803,-10.961830859386605,-5.396851472491853,-5.564979386894752,-9.780120012692043,4.922488838829935,11.09641624463727,NC_2020-2024,True
37063,NC,2008,2012,2008-2012,1.0646744373802193,15.786764514406244,8.67911021409811,52.355145829805096,136897.0,-2.6571091231625155,-1.4075014865408377,-0.7700501084599551,-0.6374513780808826,,6.7222301448205855,46.184420155099005,NC_2008-2012,False
37063,NC,2012,2016,2012-2016,8.67911021409811,1.0646744373802193,1.2546685071273274,53.419820267185315,146735.0,-2.720802704646519,-1.8477125430575896,-0.2418017391636056,-1.605910803893984,-1.4075014865408377,-1.040591193652702,44.77691866855817,NC_2012-2016,False
37063,NC,2016,2020,2016-2020,1.2546685071273274,8.67911021409811,-0.41219359763902474,62.098930481283425,156134.0,4.103612684230063,0.20664145377647003,-0.2615966171723798,0.46823807094884984,-1.8477125430575896,-3.7283093982133124,42.92920612550058,NC_2016-2020,True
37063,NC,2020,2024,2020-2024,-0.41219359763902474,1.2546685071273274,,63.35359898841075,179914.0,-1.025924754068408,-1.604623973899848,0.17658058523247178,-1.7812045591323198,0.20664145377647003,1.4582658233416055,43.13584757927705,NC_2020-2024,True
37065,NC,2008,2012,2008-2012,1.7004131391355344,12.25151014471264,-3.834914033985413,34.65645311049211,25930.0,1.865369323196786,-2.2231147364092294,-1.1330027396018991,-1.0901119968073303,,6.544458806353745,61.50065174885944,NC_2008-2012,False
37065,NC,2012,2016,2012-2016,-3.834914033985413,1.7004131391355344,-5.31104096836016,36.35686624962764,26972.0,-3.2957694895901612,-4.2443969958802015,-1.1618176064082206,-3.082579389471981,-2.2231147364092294,-0.43036325592542823,59.27753701245021,NC_2012-2016,False
37065,NC,2016,2020,2016-2020,-5.31104096836016,-3.834914033985413,-4.349645528873495,32.52195221564223,24886.0,7.1328219374027,-7.842034616676166,-2.020810360502523,-5.821224256173643,-4.2443969958802015,0.9466959142110767,55.03314001657001,NC_2016-2020,True
37065,NC,2020,2024,2020-2024,-4.349645528873495,-5.31104096836016,,27.21091124728207,25477.0,-1.951539465377261,-10.775474071559323,-4.639258441773549,-6.136215629785774,-7.842034616676166,3.2559174320860365,47.19110539989384,NC_2020-2024,True
37067,NC,2008,2012,2008-2012,-3.2719975037414963,19.19026063591523,3.5523105805999586,10.56755624882404,166133.0,-0.19491693521627163,-0.3103351801916112,-0.38695722601706883,0.07662204582545762,,5.512283230080158,12.938708065249594,NC_2008-2012,False
37067,NC,2012,2016,2012-2016,3.5523105805999586,-3.2719975037414963,3.270971444243342,7.295558745082544,174069.0,-2.0465488457374947,-1.028205936893828,-0.518263294240267,-0.5099426426535612,-0.3103351801916112,-1.7345751415856085,12.628372885057983,NC_2012-2016,False
37067,NC,2016,2020,2016-2020,3.270971444243342,3.5523105805999586,-0.788121984399849,10.847869325682503,178312.0,5.570961382646011,-0.32127217220050674,0.00836769912770663,-0.3296398713282134,-1.028205936893828,2.129084180133532,11.600166948164155,NC_2016-2020,True
37067,NC,2020,2024,2020-2024,-0.788121984399849,3.270971444243342,,14.118840769925844,201270.0,0.1162982808147417,-1.8087743861162515,-0.0576822959447032,-1.7510920901715483,-0.32127217220050674,0.9458843270530934,11.278894775963648,NC_2020-2024,True
37069,NC,2008,2012,2008-2012,-3.4488040503977446,10.109753761937904,-7.786507141597276,-0.713255937476288,26639.0,-0.5886659976066411,-4.196557433086667,-1.4462672771315859,-2.7502901559550814,,3.4916945119864238,22.17034875642629,NC_2008-2012,False
37069,NC,2012,2016,2012-2016,-7.786507141597276,-3.4488040503977446,-1.705592740022981,-4.1620599878740325,28389.0,0.48770427854075704,-5.517123355755427,-1.6860985623141822,-3.8310247934412445,-4.196557433086667,1.6446752896555523,17.973791323339622,NC_2012-2016,False
37069,NC,2016,2020,2016-2020,-1.705592740022981,-7.786507141597276,-0.052050794322358485,-11.948567129471309,30368.0,8.070211331314237,-7.769658815560069,-2.1443140703960477,-5.625344745164021,-5.517123355755427,0.4707221052615296,12.456667967584195,NC_2016-2020,True
37069,NC,2020,2024,2020-2024,-0.052050794322358485,-1.705592740022981,,-13.65415986949429,37351.0,5.291123689307476,-5.154727585527158,-1.9623050363180545,-3.192422549209103,-7.769658815560069,8.635714514119755,4.687009152024126,NC_2020-2024,True
37071,NC,2008,2012,2008-2012,-0.5372317272305622,11.03479959564379,-7.218326674493099,-25.179101453076015,84402.0,2.07023525063712,-1.6707578805553847,-1.0272323667809844,-0.6435255137744003,,3.000321853373123,-0.41002277904328016,NC_2008-2012,False
37071,NC,2012,2016,2012-2016,-7.218326674493099,-0.5372317272305622,4.79759760481722,-25.716333180306577,90483.0,0.8624027281360913,-3.669065339169325,-1.1367206425815568,-2.532344696587768,-1.6707578805553847,-0.1917300268285942,-2.080780659598665,NC_2012-2016,False
37071,NC,2016,2020,2016-2020,4.79759760481722,-7.218326674493099,2.8881013542321803,-32.934659854799676,96431.0,7.1925533751505455,-5.419451082588699,-1.1418616124676113,-4.277589470121088,-3.669065339169325,-0.33450132816702194,-5.74984599876799,NC_2016-2020,True
37071,NC,2020,2024,2020-2024,2.8881013542321803,4.79759760481722,,-28.137062249982456,115498.0,1.0033462078296806,-1.8281314080488098,-0.8133060114268158,-1.014825396621994,-5.419451082588699,5.076197742333406,-11.169297081356689,NC_2020-2024,True
37073,NC,2008,2012,2008-2012,-1.1136251844564686,0.39294775876650867,-13.44787840337792,5.2631578947368425,5420.0,-0.6607951678286095,-3.9644938727141437,-1.628580993931429,-2.3359128787827146,,4.9889852226662015,44.700061842918984,NC_2008-2012,False
37073,NC,2012,2016,2012-2016,-13.44787840337792,-1.1136251844564686,-4.5863152235268405,4.149532710280374,5396.0,-0.40117104564356687,-6.0508832855201575,-0.7878182967693803,-5.263064988750777,-3.9644938727141437,0.1530042667777849,40.73556797020484,NC_2012-2016,False
37073,NC,2016,2020,2016-2020,-4.5863152235268405,-13.44787840337792,-7.989262610761077,-9.298345693097547,5392.0,13.03310254900978,-11.34298515080157,-3.24473021684177,-8.098254933959801,-6.0508832855201575,6.202352891490889,34.68468468468468,NC_2016-2020,True
37073,NC,2020,2024,2020-2024,-7.989262610761077,-4.5863152235268405,,-13.884660916624387,5971.0,-1.0798568223970295,-11.011647963325213,-4.044084767012681,-6.967563196312533,-11.34298515080157,2.226774001740509,23.341699533883112,NC_2020-2024,True
37075,NC,2008,2012,2008-2012,-4.028914420997623,-2.28809369831464,-19.92784042741681,-38.12668134018097,4171.0,-3.875997788882646,-2.231924827532487,-0.5661347174304678,-1.6657901101020194,,0.4019709327887995,-4.237158969669258,NC_2008-2012,False
37075,NC,2012,2016,2012-2016,-19.92784042741681,-4.028914420997623,1.3033711831782853,-42.155595761178596,3947.0,3.230727836806413,-5.85223379136258,-1.4919356930531276,-4.360298098309452,-2.231924827532487,-3.1989237569667495,-6.469083797201745,NC_2012-2016,False
37075,NC,2016,2020,2016-2020,1.3033711831782853,-19.92784042741681,-3.684145075057252,-62.08343618859541,4168.0,12.41719366425248,-12.69904403384975,-2.5739500607762498,-10.1250939730735,-5.85223379136258,2.251215921804146,-12.321317588564325,NC_2016-2020,True
37075,NC,2020,2024,2020-2024,-3.684145075057252,1.3033711831782853,,-60.78006500541712,4665.0,-0.09528601574843032,-9.991514862146492,-4.681473239971247,-5.310041622175245,-12.69904403384975,0.2772633324035638,-25.020361622414075,NC_2020-2024,True
37077,NC,2008,2012,2008-2012,-2.0471969113657824,8.975003992168183,-7.161517067334031,6.635129073039436,24725.0,2.2946489852609053,-4.160481041183232,-1.3971970457667808,-2.763283995416451,,6.143169462499657,35.42745920047911,NC_2008-2012,False
37077,NC,2012,2016,2012-2016,-7.161517067334031,-2.0471969113657824,-4.096926436131241,4.5879321616736535,26275.0,0.07871047839205225,-5.453073517413923,-0.9741975553344133,-4.47887596207951,-4.160481041183232,-0.4080470781832304,31.26697815929588,NC_2012-2016,False
37077,NC,2016,2020,2016-2020,-4.096926436131241,-7.161517067334031,-2.8355992793498714,-2.5735849056603772,27353.0,7.022730554797995,-8.408158911519813,-2.363749275369809,-6.044409636150004,-5.453073517413923,1.9652484789496043,25.813904641881958,NC_2016-2020,True
37077,NC,2020,2024,2020-2024,-2.8355992793498714,-4.096926436131241,,-6.670511341791618,31598.0,2.488105395857909,-7.930565064564254,-3.563463851167514,-4.36710121339674,-8.408158911519813,5.828748744652017,17.405745730362145,NC_2020-2024,True
37079,NC,2008,2012,2008-2012,-1.830030284164768,11.65621988810501,-1.9079176745416593,-5.899851264253843,8103.0,-0.1846727426126571,-5.058988235108153,-0.8986762001440596,-4.160312034964093,,3.874012492038247,53.069436646078984,NC_2008-2012,False
37079,NC,2012,2016,2012-2016,-1.9079176745416593,-1.830030284164768,-2.3309579559967712,-7.729881548418611,8236.0,-1.7305773189788654,-7.048591031203003,-1.4553651661957687,-5.593225865007234,-5.058988235108153,-1.3165352809024995,48.01044841097083,NC_2012-2016,False
37079,NC,2016,2020,2016-2020,-2.3309579559967712,-1.9079176745416593,-6.21738897672018,-9.63779922296027,8095.0,4.502711354243805,-13.21532899165041,-3.3341517520621977,-9.881177239588212,-7.048591031203003,-0.2238965465070919,40.96185737976783,NC_2016-2020,True
37079,NC,2020,2024,2020-2024,-6.21738897672018,-2.3309579559967712,,-11.968757178957041,8753.0,-2.5877039360564846,-10.207957719559165,-3.9405169553311374,-6.267440764228027,-13.21532899165041,-1.4661070129628229,27.74652838811742,NC_2020-2024,True
37081,NC,2008,2012,2008-2012,-1.9528871371466607,17.6051916006107,4.143114007712821,18.50687393409196,241771.0,-0.549330458310826,0.6027831457498181,-0.30637824223747856,0.9091613879872966,,-2.9623016486933693,20.750165815386534,NC_2008-2012,False
37081,NC,2012,2016,2012-2016,4.143114007712821,-1.9528871371466607,2.768196292139084,16.5539867969453,253852.0,-2.7364069296869187,-1.275555841253535,-0.5801914079406956,-0.6953644333128395,0.6027831457498181,-4.402013911336681,21.352948961136352,NC_2012-2016,False
37081,NC,2016,2020,2016-2020,2.768196292139084,4.143114007712821,-1.323217473677591,20.69710080465812,257405.0,3.873962448766144,-0.6980052126499601,-0.22780966411433567,-0.4701955485356244,-1.275555841253535,0.585189687973056,20.077393119882817,NC_2016-2020,True
37081,NC,2020,2024,2020-2024,-1.323217473677591,2.768196292139084,,23.465297096797205,284486.0,-0.6086308933284101,-2.3068487865924467,-0.8107919843608613,-1.4960568022315854,-0.6980052126499601,2.1792001970894717,19.379387907232857,NC_2020-2024,True
37083,NC,2008,2012,2008-2012,4.098854140220759,10.798228090665145,-5.326155499592691,28.33493282149712,25091.0,2.5725721936746937,-2.8019398406350575,-1.0915998393301436,-1.710340001304914,,2.87778884723852,60.82268585907596,NC_2008-2012,False
37083,NC,2012,2016,2012-2016,-5.326155499592691,4.098854140220759,-5.780802193832503,32.43378696171788,26079.0,-0.4175194784327596,-2.924220921915804,0.16326636448535226,-3.0874872864011564,-2.8019398406350575,4.390777268582667,58.0207460184409,NC_2012-2016,False
37083,NC,2016,2020,2016-2020,-5.780802193832503,-5.326155499592691,-3.5225253005724433,27.107631462125187,25167.0,5.748882460567195,-7.084549677648056,-1.9981824984770924,-5.0863671791709635,-2.924220921915804,4.397351563493984,55.0965250965251,NC_2016-2020,True
37083,NC,2020,2024,2020-2024,-3.5225253005724433,-5.780802193832503,,21.326829268292684,25759.0,-3.257304995232402,-6.452143426124415,-2.826551880947676,-3.6255915451767393,-7.084549677648056,-2.093887457433439,48.01197541887704,NC_2020-2024,True
37085,NC,2008,2012,2008-2012,-2.363432617710721,11.97838975771457,-5.329550458634504,-16.831830343870777,40705.0,-3.1302685429251187,-4.979316425809113,-1.8105657784428004,-3.1687506473663127,,3.064980860396531,13.237104939116158,NC_2008-2012,False
37085,NC,2012,2016,2012-2016,-5.329550458634504,-2.363432617710721,1.6786461424091215,-19.1952629615815,43415.0,-1.0503069494449124,-6.033783945669302,-1.7774726515537829,-4.256311294115519,-4.979316425809113,-0.9562620751031119,8.257788513307045,NC_2012-2016,False
37085,NC,2016,2020,2016-2020,1.6786461424091215,-5.329550458634504,-2.5353179714301497,-24.524813420216002,46065.0,10.327073501406092,-6.790330789181498,-2.116792601736378,-4.67353818744512,-6.033783945669302,5.469013201213031,2.224004567637743,NC_2016-2020,True
37085,NC,2020,2024,2020-2024,-2.5353179714301497,1.6786461424091215,,-22.84616727780688,58293.0,3.4848118135473283,-5.082167706014963,-2.3141020949345315,-2.7680656110804316,-6.790330789181498,8.145359296140356,-4.566326221543755,NC_2020-2024,True
37087,NC,2008,2012,2008-2012,-5.9481671484797465,4.943536931778316,-14.924661038582554,-7.88712011577424,28067.0,-1.5421273367735577,-4.975505042809694,-1.5319085650201387,-3.443596477789555,,3.3113823783751712,20.97661623108666,NC_2008-2012,False
37087,NC,2012,2016,2012-2016,-14.924661038582554,-5.9481671484797465,1.826822503737091,-13.835287264253987,27974.0,4.014972676380612,-6.718486819134933,-1.5236400866020414,-5.194846732532891,-4.975505042809694,-0.10819996324732983,16.001111188276965,NC_2012-2016,False
37087,NC,2016,2020,2016-2020,1.826822503737091,-14.924661038582554,1.5216638358763745,-28.75994830283654,30727.0,9.557766680164503,-12.321595463429713,-3.3490116504564744,-8.97258381297324,-6.718486819134933,1.277092975240194,9.282624369142033,NC_2016-2020,True
37087,NC,2020,2024,2020-2024,1.5216638358763745,1.826822503737091,,-26.93312579909945,36542.0,1.7246026252687896,-7.748593672551697,-3.7939086008674634,-3.954685071684233,-12.321595463429713,2.3685255456739895,-3.038971094287681,NC_2020-2024,True
37089,NC,2008,2012,2008-2012,-6.528977365197882,8.998429561996872,-0.9314428115943088,-21.265584568336863,51614.0,-3.067125129393322,0.45928383891242675,0.7220439874466003,-0.2627601485341735,,1.3519821017365956,-16.98468080466663,NC_2008-2012,False
37089,NC,2012,2016,2012-2016,-0.9314428115943088,-6.528977365197882,9.659336095604196,-27.794561933534744,52392.0,2.96881205608035,0.6100848366875642,0.5946511224029347,0.015433714284629474,0.45928383891242675,-1.650565129817167,-16.525396965754204,NC_2012-2016,False
37089,NC,2016,2020,2016-2020,9.659336095604196,-0.9314428115943088,4.346519937683096,-28.726004745129053,58176.0,8.597946867310913,-0.7751057014070515,0.018907979650442996,-0.7940136810574945,0.6100848366875642,1.9228274039471103,-15.91531212906664,NC_2016-2020,True
37089,NC,2020,2024,2020-2024,4.346519937683096,9.659336095604196,,-19.066668649524857,68371.0,1.423613104599819,0.016925127147615626,0.11452923481980903,-0.09760410767219341,-0.7751057014070515,5.133435396722945,-16.69041783047369,NC_2020-2024,True
37091,NC,2008,2012,2008-2012,2.8434527178160423,14.522730276475325,-6.4956967300857755,41.72797585361253,10650.0,0.2111258348771683,1.6685073166318887,0.007155291056264446,1.6613520255756242,,-0.6158689531978752,65.81360068597058,NC_2008-2012,False
37091,NC,2012,2016,2012-2016,-6.4956967300857755,2.8434527178160423,-3.866200827727063,44.57142857142857,10918.0,-4.358586716850343,-3.35117510571213,-1.2714833362917375,-2.0796917694203927,1.6685073166318887,-1.2096742047082927,67.48210800260247,NC_2012-2016,False
37091,NC,2016,2020,2016-2020,-3.866200827727063,-6.4956967300857755,-7.240704106314663,38.075731841342794,10186.0,8.258798056203831,-6.275355935487298,-1.5956493454405063,-4.679706590046791,-3.35117510571213,7.182252653041459,64.13093289689034,NC_2016-2020,True
37091,NC,2020,2024,2020-2024,-7.240704106314663,-3.866200827727063,,34.20953101361573,10634.0,1.2958191253311768,-8.775053138611185,-3.1024604491111063,-5.672592689500078,-6.275355935487298,4.548112286416583,57.855576961403045,NC_2020-2024,True
37093,NC,2008,2012,2008-2012,0.37325369245461104,14.045350423108605,-8.034612529155783,18.90463917525773,15627.0,-2.6973773400066348,-4.588412060519936,-2.048838851385973,-2.5395732091339625,,2.309395441926455,35.20848948676476,NC_2008-2012,False
37093,NC,2012,2016,2012-2016,-8.034612529155783,0.37325369245461104,-0.18339418340766755,19.277892867712342,17089.0,-0.9413010037570446,-4.092935099053037,-1.3776780835989761,-2.7152570154540605,-4.588412060519936,-0.5994619725006345,30.620077426244826,NC_2012-2016,False
37093,NC,2016,2020,2016-2020,-0.18339418340766755,-8.034612529155783,-5.049103282983851,11.24328033855656,18230.0,9.030652020605768,-5.041643765350948,-0.5755016715332637,-4.466142093817684,-4.092935099053037,2.33177929677899,26.52714232719179,NC_2016-2020,True
37093,NC,2020,2024,2020-2024,-5.049103282983851,-0.18339418340766755,,11.059886155148892,21639.0,2.120860790878498,-6.407262430973132,-1.4299200127957299,-4.977342418177402,-5.041643765350948,9.025780837019482,21.485498561840842,NC_2020-2024,True
37095,NC,2008,2012,2008-2012,-2.4555704978554376,9.373202630835081,-13.063095649867334,1.182225845902976,2469.0,-4.239932682502445,-8.087055254371165,-3.9047872242441173,-4.182268030127048,,-2.538525718279132,60.85879438480595,NC_2008-2012,False
37095,NC,2012,2016,2012-2016,-13.063095649867334,-2.4555704978554376,-0.7609622955828019,-1.2733446519524618,2383.0,6.078654347311064,-8.628382487078134,-2.5711660645322,-6.057216422545935,-8.087055254371165,6.2759219774145265,52.77173913043478,NC_2012-2016,False
37095,NC,2016,2020,2016-2020,-0.7609622955828019,-13.063095649867334,-7.18974264466752,-14.336440301819795,2304.0,12.817404817404821,-13.837459450042235,-3.4361678648645366,-10.401291585177699,-8.628382487078134,3.9585599585599454,44.14335664335665,NC_2016-2020,True
37095,NC,2020,2024,2020-2024,-7.18974264466752,-0.7609622955828019,,-15.097402597402597,2492.0,-2.174912953155639,-11.85015331384172,-6.281388970160592,-5.568764343681128,-13.837459450042235,0.1709921877286007,30.30589719331441,NC_2020-2024,True
37097,NC,2008,2012,2008-2012,-6.205308071735271,11.718939070776017,-6.956756675559401,-24.60464217702095,73162.0,-0.9055680393150745,-2.8861320538953743,-1.1466539604544552,-1.739478093440919,,6.306166710236738,-7.229495769049522,NC_2008-2012,False
37097,NC,2012,2016,2012-2016,-6.956756675559401,-6.205308071735271,4.939495284838131,-30.80995024875622,76365.0,0.6795010117576328,-4.8997573155213505,-1.9631745808324688,-2.9365827346888818,-2.8861320538953743,-0.644216772150429,-10.115627822944896,NC_2012-2016,False
37097,NC,2016,2020,2016-2020,4.939495284838131,-6.956756675559401,-0.09409564553255478,-37.76670692431562,82567.0,8.086391817516446,-4.520113120225023,-1.0921629621750952,-3.427950158049928,-4.8997573155213505,0.7483877978923061,-15.015385138466247,NC_2016-2020,True
37097,NC,2020,2024,2020-2024,-0.09409564553255478,4.939495284838131,,-32.82721163947749,102371.0,2.1649237811769417,-2.650942072351871,-1.0004072635876575,-1.6505348087642133,-4.520113120225023,6.029751546216929,-19.53549825869127,NC_2020-2024,True
37099,NC,2008,2012,2008-2012,-6.4599011675164,9.845683757792688,-11.29499459145328,5.487364620938628,16866.0,-2.856726847401292,-4.0091087033138155,-0.9924250967830979,-3.0166836065307177,,3.773424428542384,18.99205465781292,NC_2008-2012,False
37099,NC,2012,2016,2012-2016,-11.29499459145328,-6.4599011675164,3.8415035445809167,-0.9725365465777723,16701.0,2.9303862054742558,-4.457534456612432,-0.36120406002993555,-4.096330396582497,-4.0091087033138155,-3.0898404207410692,14.982945954499103,NC_2012-2016,False
37099,NC,2016,2020,2016-2020,3.8415035445809167,-11.29499459145328,-1.0902661582906497,-12.267531138031053,18713.0,8.009599508347499,-6.268736333523327,-2.074851192699164,-4.193885140824163,-4.457534456612432,2.180352086909707,10.52541149788667,NC_2016-2020,True
37099,NC,2020,2024,2020-2024,-1.0902661582906497,3.8415035445809167,,-8.426027593450137,21428.0,-0.6515469548702635,-5.7955742353359785,-2.427772505958387,-3.3678017293775917,-6.268736333523327,2.258077687440931,4.256675164363344,NC_2020-2024,True
37101,NC,2008,2012,2008-2012,-4.019573455279584,12.355143237059295,-3.5223111375601235,-23.896218242753882,71017.0,-1.6972942257775459,-3.8079994240930235,-1.445690691392999,-2.3623087327000243,,2.3597421475590465,1.9881008792713104,NC_2008-2012,False
37101,NC,2012,2016,2012-2016,-3.5223111375601235,-4.019573455279584,6.71773060678235,-27.915791698033466,76691.0,0.6134640125856627,-4.554502656448108,-1.7379830082289223,-2.816519648219185,-3.8079994240930235,2.025535797100005,-1.8198985448217129,NC_2012-2016,False
37101,NC,2016,2020,2016-2020,6.71773060678235,-3.5223111375601235,2.9615872474300353,-31.43810283559359,85909.0,6.947080998379973,-3.8789965532576227,-1.3807040039462501,-2.4982925493113726,-4.554502656448108,0.16326017292894335,-6.37440120126982,NC_2016-2020,True
37101,NC,2020,2024,2020-2024,2.9615872474300353,6.71773060678235,,-24.72037222881124,111357.0,3.2908865605855264,-1.4287521522109365,-0.3666823449063372,-1.0620698073045993,-3.8789965532576227,7.050038037699437,-10.253397754527443,NC_2020-2024,True
37103,NC,2008,2012,2008-2012,-0.8962618228276256,7.416233557908246,-8.692598579031138,-8.450433108758421,5227.0,-2.203143287638065,-7.885804936168064,-2.254170457368602,-5.631634478799462,,3.129859887264061,43.98698358800226,NC_2008-2012,False
37103,NC,2012,2016,2012-2016,-8.692598579031138,-0.8962618228276256,-1.7343051747945353,-9.346694931586047,5230.0,0.6350786216125837,-9.38177926853885,-3.6239180846859895,-5.75786118385286,-7.885804936168064,1.5091753094680485,36.101178651834196,NC_2012-2016,False
37103,NC,2016,2020,2016-2020,-1.7343051747945353,-8.692598579031138,-6.112664239255931,-18.039293510617185,5135.0,7.016437570328526,-13.856272778782444,-4.295487823311724,-9.56078495547072,-9.38177926853885,1.7867396244732277,26.719399383295347,NC_2016-2020,True
37103,NC,2020,2024,2020-2024,-6.112664239255931,-1.7343051747945353,,-19.77359868541172,5525.0,-0.9431484610293639,-13.338411775615565,-7.706876604512903,-5.631535171102661,-13.856272778782444,-0.6444975937220221,12.863126604512903,NC_2020-2024,True
37105,NC,2008,2012,2008-2012,-1.3865165872834737,12.979281062913625,-3.573716722852458,-8.451122713188166,23788.0,-3.091691559844123,-4.6125463208009805,-1.6109132932370436,-3.001633027563937,,2.492958027503448,22.48983323350462,NC_2008-2012,False
37105,NC,2012,2016,2012-2016,-3.573716722852458,-1.3865165872834737,-1.7081742436967318,-9.83763930047164,24239.0,-1.2473562737194022,-4.410496361699893,-0.7878343092323448,-3.6226620524675486,-4.6125463208009805,-3.306557357373464,17.87728691270364,NC_2012-2016,False
37105,NC,2016,2020,2016-2020,-1.7081742436967318,-3.573716722852458,-2.5168455989911447,-13.411356023324098,25084.0,5.570008460193565,-8.01684084632757,-2.2144974680211185,-5.8023433783064515,-4.410496361699893,2.6576715916859683,13.466790551003745,NC_2016-2020,True
37105,NC,2020,2024,2020-2024,-2.5168455989911447,-1.7081742436967318,,-15.11953026702083,29008.0,-0.6523597190187025,-6.289431983616541,-2.8236511600621195,-3.465780823554421,-8.01684084632757,1.5784571151793614,5.449949704676175,NC_2020-2024,True
37107,NC,2008,2012,2008-2012,-0.02869215349560829,11.71744715354598,-3.615369740063976,-0.0858881959744576,26897.0,2.0817055544880447,-4.096409296639905,-2.021662056107438,-2.074747240532467,,4.383946089378483,39.64382910138188,NC_2008-2012,False
37107,NC,2012,2016,2012-2016,-3.615369740063976,-0.02869215349560829,0.23642286839554227,-0.11458034947006589,28086.0,-1.601656029103804,-4.730047810899396,-1.1425212207389137,-3.5875265901604827,-4.096409296639905,0.7761641487599746,35.54741980474198,NC_2012-2016,False
37107,NC,2016,2020,2016-2020,0.23642286839554227,-3.615369740063976,-3.343327238955397,-3.729950089534042,26807.0,5.336463988948137,-8.934512702702026,-2.6285701790354032,-6.305942523666623,-4.730047810899396,-0.35924588851956685,30.81737199384258,NC_2016-2020,True
37107,NC,2020,2024,2020-2024,-3.343327238955397,0.23642286839554227,,-3.4935272211385,28409.0,-1.3237380410864419,-8.374468672458793,-3.9936899843693574,-4.3807786880894355,-8.934512702702026,3.6382797026377034,21.882859291140555,NC_2020-2024,True
37109,NC,2008,2012,2008-2012,-5.526636119864008,2.290300923745967,-9.610032603181985,-33.72000905387053,35798.0,-2.330193981509898,-3.877333580918684,-1.228871159824438,-2.648462421094246,,3.1509198803522906,-7.6749248471027265,NC_2008-2012,False
37109,NC,2012,2016,2012-2016,-9.610032603181985,-5.526636119864008,2.364689466929619,-39.246645173734535,36775.0,2.0349012906029196,-5.755674896956656,-1.7700411572618524,-3.985633739694803,-3.877333580918684,-0.4382146054785352,-11.55225842802141,NC_2012-2016,False
37109,NC,2016,2020,2016-2020,2.364689466929619,-9.610032603181985,0.4383763154389655,-48.85667777691652,40023.0,9.529735752862845,-9.760155376856869,-3.2772286394942434,-6.482926737362625,-5.755674896956656,2.43614056166912,-17.307933324978066,NC_2016-2020,True
37109,NC,2020,2024,2020-2024,0.4383763154389655,2.364689466929619,,-46.4919883099869,50217.0,4.046037104128231,-4.079846656045799,-1.4361134842038865,-2.6437331718419124,-9.760155376856869,6.795999365329251,-27.068088701834935,NC_2020-2024,True
37113,NC,2008,2012,2008-2012,-9.13234427689839,4.676702234800739,-11.685120597401426,-21.827950640609316,17238.0,-2.6093907717759546,-3.0102489311701515,-0.598788654501651,-2.4114602766685005,,-1.1629888601913336,-5.3164758904000315,NC_2008-2012,False
37113,NC,2012,2016,2012-2016,-11.685120597401426,-9.13234427689839,3.6013374365372357,-30.960294917507706,16861.0,2.0822424566242725,-4.800943009240838,-1.1182955117365712,-3.6826474975042665,-3.0102489311701515,0.3053979898495953,-8.326724821570183,NC_2012-2016,False
37113,NC,2016,2020,2016-2020,3.6013374365372357,-11.685120597401426,0.6898113624502145,-42.64541551490913,17734.0,4.6530238645617334,-8.646377858749318,-2.6524269559188376,-5.9939509028304805,-4.800943009240838,-3.0071719211115493,-13.12766783081102,NC_2016-2020,True
37113,NC,2020,2024,2020-2024,0.6898113624502145,3.6013374365372357,,-39.044078078371896,20743.0,2.9266245505959465,-5.15917047915671,-3.785915729365822,-1.3732547497908882,-8.646377858749318,6.364602894851259,-21.77404568956034,NC_2020-2024,True
37115,NC,2008,2012,2008-2012,-7.6796230524089415,8.376478744868926,-17.37428760432277,-1.624584067332159,10379.0,-3.1052916141249054,-3.2573373893046096,-0.45764670982621425,-2.7996906794783953,,-0.27118655398702174,20.004895661220242,NC_2008-2012,False
37115,NC,2012,2016,2012-2016,-17.37428760432277,-7.6796230524089415,2.7809791961135595,-9.3042071197411,10113.0,4.235385956942428,-2.445816317383599,1.043815607415599,-3.4896319247991983,-3.2573373893046096,-2.615698314979298,16.747558271915633,NC_2012-2016,False
37115,NC,2016,2020,2016-2020,2.7809791961135595,-17.37428760432277,0.06661391927092453,-26.67849472406387,11269.0,9.559929202721595,-7.460672386294969,-2.330846302860266,-5.129826083434703,-2.445816317383599,0.813054238838447,14.301741954532034,NC_2016-2020,True
37115,NC,2020,2024,2020-2024,0.06661391927092453,2.7809791961135595,,-23.89751552795031,13076.0,0.9483490269500794,-8.130596367967946,-3.9988855742206098,-4.131710793747336,-7.460672386294969,0.3526426162239886,6.841069568237065,NC_2020-2024,True
37117,NC,2008,2012,2008-2012,0.01733866969724751,6.880564371629968,-5.109130352496699,4.657490396927017,12541.0,0.9466772128198353,-4.637959527912223,-0.7066402763628119,-3.931319251549411,,0.5633931855155936,52.81010974393083,NC_2008-2012,False
37117,NC,2012,2016,2012-2016,-5.109130352496699,0.01733866969724751,-4.556456569950116,4.674829066624264,12652.0,-1.9594689198631388,-6.774548740003844,-2.410795679924341,-4.363753060079503,-4.637959527912223,-1.286774219921341,48.17215021601861,NC_2012-2016,False
37117,NC,2016,2020,2016-2020,-4.556456569950116,-5.109130352496699,-5.384628817532519,-0.43430128587243466,11964.0,5.72445303962329,-8.594938037758105,-2.2730184108851503,-6.321919626872955,-6.774548740003844,-1.2496608655868897,41.39760147601476,NC_2016-2020,True
37117,NC,2020,2024,2020-2024,-5.384628817532519,-4.556456569950116,,-4.990757855822551,12540.0,-1.9767663481155329,-9.761078807268053,-4.516790998377207,-5.244287808890846,-8.594938037758105,2.6412457720390847,32.80266343825666,NC_2020-2024,True
37111,NC,2008,2012,2008-2012,-4.8464721326972935,5.627883965533272,-19.215086575146437,-27.412317039491853,18386.0,-1.939136109453088,-5.2891589654802535,-1.9174582708382673,-3.3717006946419863,,-2.76003773865159,5.095628415300546,NC_2008-2012,False
37111,NC,2012,2016,2012-2016,-19.215086575146437,-4.8464721326972935,2.8232043847998156,-32.25878917218915,18099.0,4.746640764463395,-7.327001588556463,-1.8509483012524839,-5.47605328730398,-5.2891589654802535,0.9343723982161833,-0.19353055017970694,NC_2012-2016,False
37111,NC,2016,2020,2016-2020,2.8232043847998156,-19.215086575146437,-0.894802582238249,-51.47387574733558,19875.0,8.908234686936368,-11.953609248408023,-2.927379963990397,-9.026229284417626,-7.327001588556463,1.206279327204527,-7.52053213873617,NC_2016-2020,True
37111,NC,2020,2024,2020-2024,-0.894802582238249,2.8232043847998156,,-48.65067136253577,23003.0,0.918322743684008,-7.864079438651611,-3.5252559208314302,-4.338823517820181,-11.953609248408023,3.2615499768518674,-19.474141387144194,NC_2020-2024,True
37119,NC,2008,2012,2008-2012,-1.8885584374001532,20.900235254031127,8.233295737024989,24.548437247122408,410817.0,-0.9738044224774312,2.9357862303605664,1.0269431845456545,1.908843045814912,,-2.4731348130926705,16.22781975752047,NC_2008-2012,False
37119,NC,2012,2016,2012-2016,8.233295737024989,-1.8885584374001532,4.79488864159406,22.659878809722255,448900.0,-2.822429353815936,1.1316472932577923,0.7977446888481161,0.33390260440967623,2.9357862303605664,-4.804740834868753,19.163605987881038,NC_2012-2016,False
37119,NC,2016,2020,2016-2020,4.79488864159406,8.233295737024989,-2.246734921553646,30.893174546747243,472857.0,7.348112777080262,1.2588925269479567,0.2560233552451052,1.0028691717028515,1.1316472932577923,3.3495805256014677,20.29525328113883,NC_2016-2020,True
37119,NC,2020,2024,2020-2024,-2.246734921553646,4.79488864159406,,35.6880631883413,567053.0,-0.5646456361278807,-1.2984083367296222,0.26221924131922947,-1.5606275780488517,1.2588925269479567,3.5075004350113232,21.554145808086787,NC_2020-2024,True
37121,NC,2008,2012,2008-2012,-9.761875341003467,4.285050803070064,-7.572107289221854,-42.14811942613416,7846.0,0.5450484760917584,1.7225075167469939,0.7826420502475742,0.9398654664994197,,4.466380181340369,-54.0085866993779,NC_2008-2012,False
37121,NC,2012,2016,2012-2016,-7.572107289221854,-9.761875341003467,1.1701672567614025,-51.909994767137626,7765.0,4.4488932136797725,1.9612898567882127,0.7568695606377815,1.2044202961504311,1.7225075167469939,-0.42634025828493805,-52.28607918263091,NC_2012-2016,False
37121,NC,2016,2020,2016-2020,1.1701672567614025,-7.572107289221854,2.0433803351084663,-59.48210205635948,8096.0,7.762729963543791,0.6789541245515593,0.8550787380303646,-0.17612461347880526,1.9612898567882127,-2.1988506073523126,-50.324789325842694,NC_2016-2020,True
37121,NC,2020,2024,2020-2024,2.0433803351084663,1.1701672567614025,,-58.31193479959808,9041.0,-3.096346623711721,1.096999608659921,1.1588227939002564,-0.061823185240335476,0.6789541245515593,1.1059965286250844,-49.645835201291135,NC_2020-2024,True
37123,NC,2008,2012,2008-2012,-4.192471589005304,3.146366183077955,-11.134911363476775,-11.091056763829979,11210.0,-1.389332806305854,-1.765258492290215,0.06818844429928816,-1.8334469365895032,,3.5024580265263836,23.1251198772457,NC_2008-2012,False
37123,NC,2012,2016,2012-2016,-11.134911363476775,-4.192471589005304,-5.643108407412228,-15.283528352835283,11231.0,2.0757333887487794,-6.346750829433809,-1.1980692256524357,-5.148681603781373,-1.765258492290215,-1.0140829216532694,21.359861384955487,NC_2012-2016,False
37123,NC,2016,2020,2016-2020,-5.643108407412228,-11.134911363476775,-6.025328737104786,-26.418439716312058,11540.0,8.264175871778201,-13.472215312962502,-3.049552655737454,-10.422662657225048,-6.346750829433809,5.4745830625947605,15.013110555521678,NC_2016-2020,True
37123,NC,2020,2024,2020-2024,-6.025328737104786,-5.643108407412228,,-32.061548123724286,12849.0,0.8304775338377146,-11.721546939334457,-5.493984487410434,-6.227562451924023,-13.472215312962502,2.278731560122111,1.540895242559175,NC_2020-2024,True
37125,NC,2008,2012,2008-2012,-6.676088020789997,7.596329401314819,-2.007137106172987,-21.563042413992612,45328.0,-2.7302084189304465,-1.174335236804243,-0.306880361894871,-0.867454874909372,,2.3651213571848473,-11.655015610153386,NC_2008-2012,False
37125,NC,2012,2016,2012-2016,-2.007137106172987,-6.676088020789997,2.4670415708115314,-28.23913043478261,46415.0,-1.0502267352123562,-2.403618644772786,-0.5776507606339489,-1.8259678841388371,-1.174335236804243,-3.4007509980736472,-12.82935084695763,NC_2012-2016,False
37125,NC,2016,2020,2016-2020,2.4670415708115314,-2.007137106172987,-1.9998184666567482,-30.246267540955596,48692.0,9.31751402551544,-4.053898107839014,-1.1145725437646057,-2.9393255640744087,-2.403618644772786,6.239748027223044,-15.232969491730415,NC_2016-2020,True
37125,NC,2020,2024,2020-2024,-1.9998184666567482,2.4670415708115314,,-27.779225970144065,58339.0,1.2471583341430836,-2.91409897312489,-1.116823440812876,-1.797275532312014,-4.053898107839014,2.5126158822988316,-19.28686759956943,NC_2020-2024,True
37127,NC,2008,2012,2008-2012,2.3213337259000677,15.172251935034986,-1.15852720242257,-1.3432421466248106,47118.0,-0.15426696253242334,0.5630377409620451,0.4465945326235321,0.11644320833851296,,2.3450709689853966,24.207591014717273,NC_2008-2012,False
37127,NC,2012,2016,2012-2016,-1.15852720242257,2.3213337259000677,0.4122121905363497,0.978091579275257,48492.0,-1.4783336727700047,-1.9593031983103693,0.016853937744926384,-1.9761571360552956,0.5630377409620451,-2.475596798520286,24.77062875567932,NC_2012-2016,False
37127,NC,2016,2020,2016-2020,0.4122121905363497,-1.15852720242257,-2.0088612243905195,-0.1804356231473128,47665.0,5.411494017598406,-5.194895967817796,-1.4365987631319186,-3.758297204685878,-1.9593031983103693,1.3255655212974915,22.81132555736895,NC_2016-2020,True
37127,NC,2020,2024,2020-2024,-2.0088612243905195,0.4122121905363497,,0.23177656738903696,52271.0,-0.8433766688851652,-7.215911884896032,-2.6165765316853413,-4.599335353210691,-5.194895967817796,1.7274424493941467,17.616429589551153,NC_2020-2024,True
37129,NC,2008,2012,2008-2012,-3.2187436568090098,10.68096261287511,0.5166934875204809,-1.4033644634814273,100665.0,-2.428918214710729,-1.036697641698641,-0.33145524187629904,-0.705242399822342,,3.0353259518655022,3.542255081131971,NC_2008-2012,False
37129,NC,2012,2016,2012-2016,0.5166934875204809,-3.2187436568090098,6.2735012017555825,-4.622108120290437,103628.0,-0.8420978994126416,-1.8219022649925103,-0.8000736434132105,-1.0218286215792998,-1.036697641698641,-2.34042062196049,2.5055574394333298,NC_2012-2016,False
37129,NC,2016,2020,2016-2020,6.2735012017555825,0.5166934875204809,-1.5356055616956426,-4.105414632769956,111905.0,9.465685280542424,-1.8554576227312374,-0.6726522268090591,-1.1828053959221783,-1.8219022649925103,1.8466720125762919,0.6836551744408195,NC_2016-2020,True
37129,NC,2020,2024,2020-2024,-1.5356055616956426,6.2735012017555825,,2.168086568985626,131830.0,2.0369426892505538,-1.2654310530496147,-0.0033110979571489008,-1.2621199550924658,-1.8554576227312374,4.732830683719399,-1.171802448290418,NC_2020-2024,True
37131,NC,2008,2012,2008-2012,4.42279599870821,3.0769536374652056,-8.64656976806111,30.56553811235105,10618.0,2.166413025299596,-3.3411111602600982,-1.7581555900263197,-1.5829555702337785,,7.0729925031800605,72.16993998908893,NC_2008-2012,False
37131,NC,2012,2016,2012-2016,-8.64656976806111,4.42279599870821,-5.661708665925172,34.98833411105926,10756.0,-3.5886034806392186,-5.384578191501582,-1.2806266401889133,-4.103951551312669,-3.3411111602600982,-1.0235477797021844,68.82882882882883,NC_2012-2016,False
37131,NC,2016,2020,2016-2020,-5.661708665925172,-8.64656976806111,-6.091254277247957,26.34176434299815,9848.0,10.220322883321753,-8.935318863168419,-2.4137319566101283,-6.521586906558291,-5.384578191501582,5.93746385902665,63.44425063732725,NC_2016-2020,True
37131,NC,2020,2024,2020-2024,-6.091254277247957,-5.661708665925172,,20.68005567707298,10110.0,-4.039257754796955,-9.293963021805844,-3.662114898308232,-5.631848123497612,-8.935318863168419,-1.4041411438545168,54.50893177415883,NC_2020-2024,True
37133,NC,2008,2012,2008-2012,-5.45400867424426,17.763837377060334,-8.779837115668183,-21.654579424232075,50203.0,-2.19651593087094,-3.3288891937519427,-1.4478077431922807,-1.8810814505596618,,7.262827954754258,1.4353714790460301,NC_2008-2012,False
37133,NC,2012,2016,2012-2016,-8.779837115668183,-5.45400867424426,4.880805516657883,-27.108588098476336,51435.0,0.9460519262932177,-6.1893779986537885,-2.3448546182559964,-3.844523380397792,-3.3288891937519427,0.19425179826617978,-1.8935177147059123,NC_2012-2016,False
37133,NC,2016,2020,2016-2020,4.880805516657883,-8.779837115668183,-5.295143062297104,-35.88842521414452,57135.0,8.099168734303031,-7.320876396148769,-2.6100362166442252,-4.710840179504544,-6.1893779986537885,3.906455158414275,-8.0828957133597,NC_2016-2020,True
37133,NC,2020,2024,2020-2024,-5.295143062297104,4.880805516657883,,-31.007619697486636,72235.0,5.474892182429852,-5.308432440404701,-2.3017047419136887,-3.0067276984910123,-7.320876396148769,11.907235781504681,-15.40377210950847,NC_2020-2024,True
37135,NC,2008,2012,2008-2012,-2.3826008273512684,10.514796199755502,9.811303418179776,45.28026784749973,74910.0,-3.8105435040452607,-2.034415549471454,-0.5734918191720766,-1.4609237302993776,,6.750765182325409,34.81778492413218,NC_2008-2012,False
37135,NC,2012,2016,2012-2016,9.811303418179776,-2.3826008273512684,-0.8789596946252374,42.89766702014846,76757.0,1.5262626929459011,-1.1419182602959914,-0.3419529300575519,-0.7999653302384395,-2.034415549471454,-1.351335385766788,32.78336937466072,NC_2012-2016,False
37135,NC,2016,2020,2016-2020,-0.8789596946252374,9.811303418179776,-0.07580784515227634,52.70897043832824,82340.0,-0.9852321489908333,1.9642162820860243,0.5113122168883031,1.4529040651977212,-1.1419182602959914,-8.895077720648771,31.64145111436473,NC_2016-2020,True
37135,NC,2020,2024,2020-2024,-0.07580784515227634,-0.8789596946252374,,51.830010743703,84997.0,0.45501132940847233,-0.7491299028286917,0.6180342867850754,-1.3671641896137672,1.9642162820860243,0.20649377975064453,33.605667396450755,NC_2020-2024,True
37137,NC,2008,2012,2008-2012,-6.1739116050972385,7.5602855709694445,-6.029273509049666,-14.787569434018916,6712.0,0.018414414822021108,-6.754515972198071,-3.130252179445673,-3.624263792752398,,-0.9618930199414137,24.072547403132727,NC_2008-2012,False
37137,NC,2012,2016,2012-2016,-6.029273509049666,-6.1739116050972385,-1.2557410879092927,-20.961481039116155,6762.0,0.9004829011733939,-7.522530408439769,-0.7406036094123465,-6.781926799027422,-6.754515972198071,0.8482919108448783,17.318031430934656,NC_2012-2016,False
37137,NC,2016,2020,2016-2020,-1.2557410879092927,-6.029273509049666,-4.049519544190542,-26.99075454816582,6870.0,9.056161712976552,-14.72644731405499,-4.158672377993609,-10.56777493606138,-7.522530408439769,2.3308485698953945,9.795501022494888,NC_2016-2020,True
37137,NC,2020,2024,2020-2024,-4.049519544190542,-1.2557410879092927,,-28.246495636075114,7631.0,2.3543546508193236,-10.283178426696846,-5.299412827240823,-4.983765599456024,-14.72644731405499,7.145241882335853,-4.930946291560102,NC_2020-2024,True
37139,NC,2008,2012,2008-2012,0.9693172514405131,11.058401617420405,-12.196435202222265,13.817174515235457,18180.0,-1.518251657771963,-1.4347569719380857,-0.08658500655245405,-1.3481719653856317,,7.145739514467195,33.79568884723524,NC_2008-2012,False
37139,NC,2012,2016,2012-2016,-12.196435202222265,0.9693172514405131,-2.2737623087655114,14.78649176667597,18107.0,-1.0876764156809937,-5.8658312720262415,-1.3713485419638225,-4.494482730062419,-1.4347569719380857,-0.4528608487691912,32.360931875297155,NC_2012-2016,False
37139,NC,2016,2020,2016-2020,-2.2737623087655114,-12.196435202222265,-5.235143205205271,2.5900565644537066,17391.0,5.838201864537062,-10.067746015780038,-2.9010894849598046,-7.166656530820234,-5.8658312720262415,-3.331537521579918,26.495100603270913,NC_2016-2020,True
37139,NC,2020,2024,2020-2024,-5.235143205205271,-2.2737623087655114,,0.3162942556881951,19897.0,0.49466507136705085,-7.963150272651198,-3.195532517345452,-4.767617755305746,-10.067746015780038,8.989540620785405,16.427354587490875,NC_2020-2024,True
37141,NC,2008,2012,2008-2012,-4.7828410071929515,2.058116849010622,-10.135593901719748,-15.77470775770457,23749.0,-3.149216367454888,-5.579114461538026,-2.194508361368439,-3.3846061001695875,,-0.7292151568755258,8.85753245983281,NC_2008-2012,False
37141,NC,2012,2016,2012-2016,-10.135593901719748,-4.7828410071929515,0.3092239041837068,-20.557548764897522,24527.0,2.6694645095382663,-7.7725485195840776,-2.576842814164897,-5.195705705419181,-5.579114461538026,1.4031084005508632,3.2784179982947825,NC_2012-2016,False
37141,NC,2016,2020,2016-2020,0.3092239041837068,-10.135593901719748,-4.8921707913558485,-30.69314266661727,27885.0,9.867887263798448,-8.651440644123404,-2.935943588201501,-5.715497055921903,-7.7725485195840776,5.2353680268701055,-4.4941305212892955,NC_2016-2020,True
37141,NC,2020,2024,2020-2024,-4.8921707913558485,0.3092239041837068,,-30.383918762433563,34169.0,6.443518287729166,-7.01291838694066,-2.9330157729537607,-4.079902613986899,-8.651440644123404,10.14884883085432,-13.145571165412699,NC_2020-2024,True
37143,NC,2008,2012,2008-2012,-2.1060487732478634,6.0912517432437525,-12.449656347613633,-14.046511627906977,6501.0,-0.13980981055647934,-4.592089397818032,-1.5203060107158244,-3.071783387102208,,6.438819080427024,27.94880282467174,NC_2008-2012,False
37143,NC,2012,2016,2012-2016,-12.449656347613633,-2.1060487732478634,-4.000893460832611,-16.15256040115484,6652.0,-0.060093896713619976,-7.532127927000868,-2.217192589326025,-5.314935337674843,-4.592089397818032,1.109684463369362,23.35671342685371,NC_2012-2016,False
37143,NC,2016,2020,2016-2020,-4.000893460832611,-12.449656347613633,-7.267036868708175,-28.602216748768473,6708.0,8.774512601046125,-14.460343013443978,-3.830095683853628,-10.63024732959035,-7.532127927000868,-2.103435844695838,15.82458549985284,NC_2016-2020,True
37143,NC,2020,2024,2020-2024,-7.267036868708175,-4.000893460832611,,-32.603110209601084,7484.0,0.18358104132565334,-10.370425009247286,-5.239681767939515,-5.130743241307772,-14.460343013443978,8.159819558049477,1.3642424864088625,NC_2020-2024,True
37145,NC,2008,2012,2008-2012,-2.413286533458276,9.718192899709281,-6.638836714555234,-8.573284260662481,18632.0,-0.002352314731157712,-3.76881804487547,-0.8047211643496048,-2.964096880525865,,5.106746973265956,32.39482999917675,NC_2008-2012,False
37145,NC,2012,2016,2012-2016,-6.638836714555234,-2.413286533458276,-4.172366060541986,-10.986570794120757,19106.0,0.9656507877687792,-7.101531242135106,-1.6284799475142968,-5.473051294620809,-3.76881804487547,0.7444054451090238,28.62601195430128,NC_2012-2016,False
37145,NC,2016,2020,2016-2020,-4.172366060541986,-6.638836714555234,-2.115269909042894,-17.62540750867599,19615.0,6.378579049877208,-8.979987130028324,-2.2263002442864845,-6.753686885741839,-7.101531242135106,1.3241832500635127,21.524480712166174,NC_2016-2020,True
37145,NC,2020,2024,2020-2024,-2.115269909042894,-4.172366060541986,,-21.797773569217977,21894.0,0.32531788155231167,-10.18615068325441,-6.022129135136556,-4.164021548117855,-8.979987130028324,2.8758225918447238,12.54449358213785,NC_2020-2024,True
37147,NC,2008,2012,2008-2012,-1.6213005721822666,15.683241154892098,0.7006202291876127,8.83269737195679,74884.0,-1.2917860359703215,-1.391698862162638,-0.08077897477611629,-1.3109198873865218,,6.428401059139361,26.139932419002186,NC_2008-2012,False
37147,NC,2012,2016,2012-2016,0.7006202291876127,-1.6213005721822666,1.6781678169223184,7.211396799774524,78856.0,-1.0600591734696518,-3.907905639894455,-1.6997533358431767,-2.2081523040512785,-1.391698862162638,1.248728871517642,24.748233556839548,NC_2012-2016,False
37147,NC,2016,2020,2016-2020,1.6781678169223184,0.7006202291876127,-3.5528351400773426,7.912017028962136,80527.0,7.210893386507222,-3.477441652586574,-1.6960070972860848,-1.781434555300489,-3.907905639894455,3.4277859486878555,20.840327916945093,NC_2016-2020,True
37147,NC,2020,2024,2020-2024,-3.5528351400773426,1.6781678169223184,,9.590184845884455,87573.0,-2.3462899434564144,-4.395044342622757,-1.7323830803362181,-2.662661262286539,-3.477441652586574,1.2054257775426152,17.36288626435852,NC_2020-2024,True
37149,NC,2008,2012,2008-2012,-6.342337682707704,-0.1913157821110616,-7.187542613934454,-15.347583285191604,10562.0,-1.8891763167582454,-0.04330252002110546,0.34441122563561866,-0.3877137456567241,,2.913793024438746,-3.083128247197156,NC_2008-2012,False
37149,NC,2012,2016,2012-2016,-7.187542613934454,-6.342337682707704,2.9005650809735997,-21.689920967899308,10389.0,1.7173795188424879,-2.8516950095652334,-0.9316337489107704,-1.920061260654463,-0.04330252002110546,2.533073899181616,-3.1264307672182614,NC_2012-2016,False
37149,NC,2016,2020,2016-2020,2.9005650809735997,-7.187542613934454,0.6173809502184433,-28.877463581833762,10934.0,11.12647688584818,-6.3494812883024,-1.8904431812796263,-4.459038107022773,-2.8516950095652334,6.107014830400232,-5.978125776783495,NC_2016-2020,True
37149,NC,2020,2024,2020-2024,0.6173809502184433,2.9005650809735997,,-25.976898500860162,12358.0,2.474934461911882,-4.7356347215089105,-2.1147507225193642,-2.6208839989895463,-6.3494812883024,3.0638125568442547,-12.327607065085894,NC_2020-2024,True
37151,NC,2008,2012,2008-2012,-7.881300495253676,6.0690543660532725,-7.161183398961747,-42.82031631017906,58147.0,0.884437116273018,-1.5915416477482474,-0.41988541820784064,-1.1716562295404067,,4.007825452516599,-23.595545258899485,NC_2008-2012,False
37151,NC,2012,2016,2012-2016,-7.161183398961747,-7.881300495253676,0.9398081479072786,-50.701616805432735,60715.0,2.3843372656407014,-2.8936431816105888,-1.1293439675753731,-1.7642992140352156,-1.5915416477482474,-0.3717133552829637,-25.187086906647732,NC_2012-2016,False
37151,NC,2016,2020,2016-2020,0.9398081479072786,-7.161183398961747,-0.7149746933932875,-57.86280020439448,64575.0,6.774484920033186,-5.92810829558006,-1.9267352627754697,-4.00137303280459,-2.8936431816105888,-0.43515164230935,-28.08073008825832,NC_2016-2020,True
37151,NC,2020,2024,2020-2024,-0.7149746933932875,0.9398081479072786,,-56.9229920564872,73316.0,2.2827156072712684,-3.1700705831580223,-1.468283894358045,-1.7017866887999773,-5.92810829558006,4.131568133961665,-34.00883838383838,NC_2020-2024,True
37153,NC,2008,2012,2008-2012,1.463427625691769,-2.678253047017586,-12.939700058436467,1.5101635575064012,19327.0,-0.5276059510028963,-3.958840606999665,-1.0456354125334428,-2.9132051944662223,,2.4867019733347178,49.43740973365129,NC_2008-2012,False
37153,NC,2012,2016,2012-2016,-12.939700058436467,1.463427625691769,-4.977536674703407,2.9735911831981703,19417.0,0.26376590624835883,-7.498646044714334,-1.6786215306867405,-5.820024514027594,-3.958840606999665,-0.19116563879866533,45.47856912665163,NC_2012-2016,False
37153,NC,2016,2020,2016-2020,-4.977536674703407,-12.939700058436467,-6.072684706676615,-9.966108875238296,19328.0,6.474550538439416,-14.097702144192912,-4.252695115418341,-9.845007028774571,-7.498646044714334,-0.6655417646720991,37.979923081937294,NC_2016-2020,True
37153,NC,2020,2024,2020-2024,-6.072684706676615,-4.977536674703407,,-14.943645549941703,20763.0,-1.339132395627407,-11.867966737846197,-5.703958058660227,-6.1640086791859705,-14.097702144192912,2.250012690536906,23.882220937744382,NC_2020-2024,True
37155,NC,2008,2012,2008-2012,3.7041461757895977,8.092171393901648,-21.985483123745844,13.891975994665481,40834.0,0.5718446182078007,-4.609283385468537,-1.623809671116149,-2.9854737143523877,,5.221472667537839,65.15999764276033,NC_2008-2012,False
37155,NC,2012,2016,2012-2016,-21.985483123745844,3.7041461757895977,-14.373719386691297,17.59612217045508,42946.0,-3.0034411501445533,-6.355774485580682,-1.5560264486374606,-4.799748036943221,-4.609283385468537,-0.7531603237258366,60.550714257291794,NC_2012-2016,False
37155,NC,2016,2020,2016-2020,-14.373719386691297,-21.985483123745844,-9.094601600718747,-4.389360953290764,40858.0,12.887152925713357,-14.225396228089394,-3.7848810440573715,-10.440515184032023,-6.355774485580682,11.015770413125352,54.19493977171111,NC_2016-2020,True
37155,NC,2020,2024,2020-2024,-9.094601600718747,-14.373719386691297,,-18.76308033998206,47188.0,0.9645836737973368,-17.4286220522607,-7.321424519530197,-10.107197532730503,-14.225396228089394,5.233990710758235,39.96954354362172,NC_2020-2024,True
37157,NC,2008,2012,2008-2012,-5.2035894652372505,6.4208270233909985,-9.345337587138904,-16.144238713126306,41612.0,0.27139100475271905,-4.927011737933045,-1.6390120057558697,-3.287999732177175,,1.6754290470250623,17.67526371574219,NC_2008-2012,False
37157,NC,2012,2016,2012-2016,-9.345337587138904,-5.2035894652372505,-1.6773753293741613,-21.347828178363557,42020.0,-0.01175940163082867,-7.374704844030211,-2.530254597808474,-4.844450246221737,-4.927011737933045,-0.8068628886180136,12.748251977809145,NC_2012-2016,False
37157,NC,2016,2020,2016-2020,-1.6773753293741613,-9.345337587138904,-3.8059953544444696,-30.69316576550246,42278.0,7.885127198113462,-10.600384194481808,-3.3736461387786862,-7.226738055703123,-7.374704844030211,2.704785073796316,5.373547133778934,NC_2016-2020,True
37157,NC,2020,2024,2020-2024,-3.8059953544444696,-1.6773753293741613,,-32.37054109487662,47809.0,1.4173107500558335,-8.444228991904302,-3.9427327359429967,-4.501496255961305,-10.600384194481808,1.5316231912353544,-5.226837060702875,NC_2020-2024,True
37159,NC,2008,2012,2008-2012,-3.1424897307018185,12.089414592437912,-11.379079760368946,-23.109036520824432,61560.0,-0.9352492996352879,-2.1497421248887054,-1.0523379699795017,-1.0974041549092037,,2.929752097318598,-4.1773510307822646,NC_2008-2012,False
37159,NC,2012,2016,2012-2016,-11.379079760368946,-3.1424897307018185,1.4717351221132589,-26.25152625152625,62312.0,0.600388793283102,-3.454431447745267,-1.2624438933957656,-2.1919875543495015,-2.1497421248887054,-0.8332469924964272,-6.32709315567097,NC_2012-2016,False
37159,NC,2016,2020,2016-2020,1.4717351221132589,-11.379079760368946,-0.062055445763341766,-37.630606011895196,64369.0,5.40876067896181,-6.5624599734737075,-1.5786070961753271,-4.98385287729838,-3.454431447745267,-2.163860652088161,-9.781524603416237,NC_2016-2020,True
37159,NC,2020,2024,2020-2024,-0.062055445763341766,1.4717351221132589,,-36.15887088978194,73408.0,1.158309425150017,-4.316710261370311,-1.8857103994930107,-2.4309998618773,-6.5624599734737075,3.1418939189551054,-16.343984576889945,NC_2020-2024,True
37161,NC,2008,2012,2008-2012,-1.6885986166375488,1.135849153703667,-15.050262817018094,-32.12953185498064,28720.0,-0.9509275188351873,-4.276079251435777,-1.6477044838238744,-2.628374767611903,,3.7041934231654636,11.368859001959313,NC_2008-2012,False
37161,NC,2012,2016,2012-2016,-15.050262817018094,-1.6885986166375488,2.562627109831837,-33.81813047161819,28702.0,2.749159700307302,-8.293054859790725,-2.0199027632285382,-6.273152096562186,-4.276079251435777,1.6731996258066317,7.092779750523536,NC_2012-2016,False
37161,NC,2016,2020,2016-2020,2.562627109831837,-15.050262817018094,-1.8234162477303215,-48.868393288636284,30307.0,9.404274667889457,-13.792554407051094,-5.536914973377439,-8.255639433673654,-8.293054859790725,3.7837548598932074,-1.2002751092671888,NC_2016-2020,True
37161,NC,2020,2024,2020-2024,-1.8234162477303215,2.562627109831837,,-46.30576617880445,34429.0,0.29489291344145796,-8.931968753376418,-4.376462598761252,-4.555506154615166,-13.792554407051094,3.8110872754422047,-14.992829516318283,NC_2020-2024,True
37163,NC,2008,2012,2008-2012,-2.479213713361549,4.753043626721368,-5.913995729426976,-8.510473834737574,26038.0,-1.5615192268980893,-2.66561119717214,-1.1610504844111915,-1.5045607127609486,,-0.11626090772475095,15.961397706633413,NC_2008-2012,False
37163,NC,2012,2016,2012-2016,-5.913995729426976,-2.479213713361549,-5.808372260409552,-10.989687548099123,26174.0,0.054862268409727744,-5.328122123547343,-1.471166472857469,-3.8569556506898737,-2.66561119717214,0.5727493028304167,13.295786509461273,NC_2012-2016,False
37163,NC,2016,2020,2016-2020,-5.808372260409552,-5.913995729426976,-7.246836329803401,-16.9036832775261,25928.0,10.237475833444531,-8.773629049482752,-2.412108830358375,-6.361520219124378,-5.328122123547343,5.892708726646092,7.96766438591393,NC_2016-2020,True
37163,NC,2020,2024,2020-2024,-7.246836329803401,-5.808372260409552,,-22.71205553793565,28618.0,-0.6785513314220948,-8.24648023128803,-4.30337091254556,-3.9431093187424713,-8.773629049482752,3.866575885824332,-0.805964663568822,NC_2020-2024,True
37165,NC,2008,2012,2008-2012,1.8131540266295723,4.358920894670604,-9.142232742771775,15.15964961853631,14217.0,-0.7932181958432261,-1.0256465142474127,-0.6930228512465888,-0.3326236630008239,,3.80371520632724,47.18448378390742,NC_2008-2012,False
37165,NC,2012,2016,2012-2016,-9.142232742771775,1.8131540266295723,-9.788412501411775,16.972803645165882,14156.0,-0.4793116079798043,-4.306163554305179,-0.05261518501842488,-4.253548369286754,-1.0256465142474127,0.10617120937986613,46.158837269660005,NC_2012-2016,False
37165,NC,2016,2020,2016-2020,-9.788412501411775,-9.142232742771775,-5.018261975116344,7.830570902394107,13928.0,4.640280963674304,-10.227968046092009,-2.544374182012767,-7.683593864079242,-4.306163554305179,-1.1728462259545722,41.852673715354825,NC_2016-2020,True
37165,NC,2020,2024,2020-2024,-5.018261975116344,-9.788412501411775,,-1.9578415990176683,14775.0,0.8934535703948865,-11.665019415373855,-4.360178513926698,-7.304840901447157,-10.227968046092009,5.121414549240157,31.624705669262816,NC_2020-2024,True
37167,NC,2008,2012,2008-2012,-3.4394727691532623,2.8640877541009218,-10.682955660027673,-37.05108660970681,28506.0,-0.6402125189265417,-2.7210229959177914,-0.8942508425425748,-1.8267721533752166,,4.0464429672150715,-6.340665717149338,NC_2008-2012,False
37167,NC,2012,2016,2012-2016,-10.682955660027673,-3.4394727691532623,-0.4208518292457626,-40.49055937886007,28717.0,1.4905901790271292,-6.260872217824895,-2.12214237597723,-4.138729841847665,-2.7210229959177914,-0.5275610282696732,-9.061688713067129,NC_2012-2016,False
37167,NC,2016,2020,2016-2020,-0.4208518292457626,-10.682955660027673,0.39241077043851647,-51.17351503888774,29917.0,6.543671606739865,-9.122812730454875,-3.151517038369633,-5.971295692085242,-6.260872217824895,1.965297935372078,-15.322560930892024,NC_2016-2020,True
37167,NC,2020,2024,2020-2024,0.39241077043851647,-0.4208518292457626,,-51.594366868133505,33939.0,4.198623368155019,-5.629766021396662,-2.666346069338939,-2.9634199520577233,-9.122812730454875,5.623174122430925,-24.4453736613469,NC_2020-2024,True
37169,NC,2008,2012,2008-2012,-7.736943265635375,4.756384199733873,-13.791177246962505,-35.63638065814727,21743.0,-0.9701675874987048,-4.78674936874685,-2.520133616536665,-2.2666157522101855,,0.585389801259808,-12.381672363923219,NC_2008-2012,False
37169,NC,2012,2016,2012-2016,-13.791177246962505,-7.736943265635375,-1.2592836334077546,-43.37332392378264,21619.0,2.395508155193682,-4.890777042527684,-1.0866863031024998,-3.8040907394251846,-4.78674936874685,0.8579466001670681,-17.16842173267007,NC_2012-2016,False
37169,NC,2016,2020,2016-2020,-1.2592836334077546,-13.791177246962505,-1.6178075903806715,-57.16450117074515,22550.0,9.252955183653267,-10.042692145258567,-2.42063272850406,-7.622059416754507,-4.890777042527684,2.5360363745650147,-22.059198775197753,NC_2016-2020,True
37169,NC,2020,2024,2020-2024,-1.6178075903806715,-1.2592836334077546,,-58.4237848041529,25701.0,3.158818715299616,-6.212772278195885,-2.7517300348595484,-3.461042243336337,-10.042692145258567,3.9406554632248287,-32.10189092045632,NC_2020-2024,True
37171,NC,2008,2012,2008-2012,-8.968664382557026,7.588449888732232,-14.702467769026129,-28.265707926724875,29525.0,-1.020444177372204,-4.725208674294015,-1.435972770734847,-3.2892359035591676,,-2.687492370954473,2.383408317787776,NC_2008-2012,False
37171,NC,2012,2016,2012-2016,-14.702467769026129,-8.968664382557026,0.040759105308225685,-37.2343723092819,29470.0,4.598426212205242,-7.300457279036914,-1.5770970846308319,-5.723360194406082,-4.725208674294015,1.187991201034265,-2.341800356506239,NC_2012-2016,False
37171,NC,2016,2020,2016-2020,0.040759105308225685,-14.702467769026129,-1.770065672866032,-51.93684007830803,32196.0,8.830470822040315,-11.513951320945427,-3.6089247309253683,-7.905026590020059,-7.300457279036914,3.3034763328463583,-9.642257635543153,NC_2016-2020,True
37171,NC,2020,2024,2020-2024,-1.770065672866032,0.040759105308225685,,-51.896080972999805,36638.0,1.349381302796815,-8.45323884159107,-4.355240782524721,-4.097998059066349,-11.513951320945427,3.661636303394417,-21.15620895648858,NC_2020-2024,True
37173,NC,2008,2012,2008-2012,-4.752325265628726,1.8242792831728913,-17.36352157012029,-1.6473887136347705,5798.0,-2.2472441221229267,-2.773275042038037,-0.42873194736938913,-2.344543094668648,,4.995962836325717,20.68855254743125,NC_2008-2012,False
37173,NC,2012,2016,2012-2016,-17.36352157012029,-4.752325265628726,3.866967000183383,-6.399713979263496,5728.0,3.1290713071895127,-3.693013283128991,-1.2533932394917322,-2.439620043637259,-2.773275042038037,2.6175751855202236,17.915277505393213,NC_2012-2016,False
37173,NC,2016,2020,2016-2020,3.866967000183383,-17.36352157012029,-4.089926446485531,-23.763235549383786,6124.0,9.166550854184564,-9.63674377064493,-2.7611382169022924,-6.875605553742637,-3.693013283128991,-3.7731195108080726,14.222264222264222,NC_2016-2020,True
37173,NC,2020,2024,2020-2024,-4.089926446485531,3.866967000183383,,-19.896268549200403,7068.0,-0.5755328155027328,-9.978011919196085,-4.826920572319353,-5.151091346876732,-9.63674377064493,0.8430168088301571,4.585520451619293,NC_2020-2024,True
37175,NC,2008,2012,2008-2012,-4.310677636562406,8.49379259453497,-6.139899598682167,-12.748860638042697,16909.0,-1.6426719661761569,-0.7506372829452146,-0.06516497281509848,-0.6854723101301161,,1.6975757223417247,-2.493606138107417,NC_2008-2012,False
37175,NC,2012,2016,2012-2016,-6.139899598682167,-4.310677636562406,7.3030235306577875,-17.059538274605103,16763.0,2.5391074016350768,-1.5361031736350035,-0.4741563171458467,-1.0619468564891568,-0.7506372829452146,2.362857845951936,-3.2442434210526314,NC_2012-2016,False
37175,NC,2016,2020,2016-2020,7.3030235306577875,-6.139899598682167,3.5821062894629456,-23.19943787328727,17869.0,8.86755601571626,-4.053256476560812,-1.6462610118497105,-2.406995464711102,-1.5361031736350035,3.1635094775406145,-4.780346594687635,NC_2016-2020,True
37175,NC,2020,2024,2020-2024,3.5821062894629456,7.3030235306577875,,-15.896414342629482,20404.0,0.7917473141048625,-2.4821670909295825,-0.7574973496775907,-1.7246697412519918,-4.053256476560812,1.7355719619047818,-8.833603071248447,NC_2020-2024,True
37177,NC,2008,2012,2008-2012,-3.836850446242389,6.392103648605168,-9.781089892873776,-1.4263074484944533,1910.0,1.5286003431542516,-6.615620812416552,-2.1699790122927993,-4.445641800123752,,8.99712375991895,61.29160063391442,NC_2008-2012,False
37177,NC,2012,2016,2012-2016,-9.781089892873776,-3.836850446242389,-0.8270063744315568,-5.2631578947368425,1783.0,-6.720077163519505,-9.645798734978754,-3.6900643285401244,-5.95573440643863,-6.615620812416552,-10.523084828038478,54.67597982149787,NC_2012-2016,False
37177,NC,2016,2020,2016-2020,-0.8270063744315568,-9.781089892873776,-5.832833345154141,-15.044247787610619,1739.0,18.437598508284044,-13.787970866328006,-3.7007013177329853,-10.087269548595021,-9.645798734978754,19.251096614253584,45.030181086519114,NC_2016-2020,True
37177,NC,2020,2024,2020-2024,-5.832833345154141,-0.8270063744315568,,-15.871254162042176,1817.0,-2.978360382854761,-11.35131638888603,-4.665437710404245,-6.685878678481785,-13.787970866328006,-1.8905534748231503,31.242210220191108,NC_2020-2024,True
37179,NC,2008,2012,2008-2012,-3.7159165900152082,13.986662844733786,-1.4371304043152158,-26.88250187546887,86089.0,-0.9045450602916727,-1.5844383890026617,-0.7586432966505985,-0.8257950923520632,,4.443238548957282,-12.43802395978729,NC_2008-2012,False
37179,NC,2012,2016,2012-2016,-1.4371304043152158,-3.7159165900152082,7.515577063468111,-30.598418465484077,94728.0,0.10820192361629122,-1.5895111316975612,-0.5821868529190652,-1.007324278778496,-1.5844383890026617,-0.4863535450411405,-14.022462348789952,NC_2012-2016,False
37179,NC,2016,2020,2016-2020,7.515577063468111,-1.4371304043152158,-1.0208135602678183,-32.03554886979929,105710.0,10.280424205277683,-1.3720140799003921,0.008785582317509366,-1.3807996622179015,-1.5895111316975612,3.3419498849905693,-15.611973480487514,NC_2016-2020,True
37179,NC,2020,2024,2020-2024,-1.0208135602678183,7.515577063468111,,-24.51997180633118,131011.0,1.2579139186499777,-0.7774094349496856,-0.1000475819008031,-0.6773618530488825,-1.3720140799003921,5.126883835623531,-16.983987560387906,NC_2020-2024,True
37181,NC,2008,2012,2008-2012,1.6352802635538843,14.76373358673495,-3.367574288792426,26.766801463508568,20871.0,-1.8858855899993587,-3.0883521996647545,-1.3222487240869825,-1.766103475577772,,5.034604416314352,59.33530906011855,NC_2008-2012,False
37181,NC,2012,2016,2012-2016,-3.367574288792426,1.6352802635538843,-5.631952448355513,28.402081727062452,20854.0,-2.2097040798050527,-4.053380786773403,-0.9660879326201126,-3.08729285415329,-3.0883521996647545,-0.8580306628798979,56.24695686045379,NC_2012-2016,False
37181,NC,2016,2020,2016-2020,-5.631952448355513,-3.367574288792426,-5.949324808059796,25.034507438270026,19977.0,6.069679367016867,-6.889020364733959,-1.6334442779637541,-5.255576086770205,-4.053380786773403,2.3053776022573658,52.19357607368039,NC_2016-2020,True
37181,NC,2020,2024,2020-2024,-5.949324808059796,-5.631952448355513,,19.402554989914513,20999.0,-2.2438822261267144,-9.500225755534537,-3.7742163667908954,-5.726009388743641,-6.889020364733959,-0.65101733000634,45.30455570894643,NC_2020-2024,True
37183,NC,2008,2012,2008-2012,-2.9656150842920947,16.725809328316174,9.7566049722564,14.590355612799502,442245.0,-2.2512468721834655,-0.5129360335567252,-0.33844538547008796,-0.17449064808663728,,2.7771085547546335,11.870972786431956,NC_2008-2012,False
37183,NC,2012,2016,2012-2016,9.7566049722564,-2.9656150842920947,5.596878419511626,11.624740528507408,486427.0,-2.6704476359111773,-0.4054405730079331,-0.1746863991746057,-0.23075417383332741,-0.5129360335567252,-4.259185415135008,11.35803675287523,NC_2012-2016,False
37183,NC,2016,2020,2016-2020,5.596878419511626,9.7566049722564,-0.990407394582121,21.381345500763807,527624.0,6.239617903124084,2.0162017175461795,0.5284126877869415,1.487789029759238,-0.4054405730079331,2.1521172964312996,10.952596179867298,NC_2016-2020,True
37183,NC,2020,2024,2020-2024,-0.990407394582121,5.596878419511626,,26.978223920275433,631830.0,-0.2829600176502578,0.10861276276087395,0.792143502274639,-0.6835307395137651,2.0162017175461795,4.445010385922885,12.968797897413477,NC_2020-2024,True
37185,NC,2008,2012,2008-2012,-1.706975630217876,10.541882387330777,-4.702938893303745,39.639373337274606,10195.0,-0.49519384430440905,-3.5929368004425015,-2.1368855560635893,-1.4560512443789122,,-2.0340795794434854,65.05748768121117,NC_2008-2012,False
37185,NC,2012,2016,2012-2016,-4.702938893303745,-1.706975630217876,-7.145928474903496,37.93239770705673,10162.0,-1.482315852859395,-4.546403487817898,-1.4853950704507923,-3.0610084173671055,-3.5929368004425015,0.6466190966483225,61.46455088076867,NC_2012-2016,False
37185,NC,2016,2020,2016-2020,-7.145928474903496,-4.702938893303745,-6.830890208873861,33.229458813752984,9842.0,6.993573719595025,-9.012717027232263,-2.8164126090636827,-6.19630441816858,-4.546403487817898,4.287668828298209,56.91814739295077,NC_2016-2020,True
37185,NC,2020,2024,2020-2024,-6.830890208873861,-7.145928474903496,,26.08353033884949,10293.0,-1.858079107573618,-9.400867516145354,-3.344982491607446,-6.055885024537908,-9.012717027232263,0.344922144134884,47.90543036571851,NC_2020-2024,True
37187,NC,2008,2012,2008-2012,1.9641408422622355,7.902323129914338,-3.186070480597291,16.796509816142102,6454.0,2.1643155782623325,-4.432589099253356,-1.8905783935989788,-2.542010705654377,,5.202699665099729,64.09106201637321,NC_2008-2012,False
37187,NC,2012,2016,2012-2016,-3.186070480597291,1.9641408422622355,-5.6182907169036955,18.760650658404337,6499.0,-1.415589830920283,-4.341988399815669,-0.1625233221603608,-4.179465077655308,-4.432589099253356,-1.33838817744342,59.65847291711986,NC_2012-2016,False
37187,NC,2016,2020,2016-2020,-5.6182907169036955,-3.186070480597291,-3.691474018979883,15.574580177807047,6165.0,5.6428477415203515,-8.376239736886625,-1.8541627250434942,-6.52207701184313,-4.341988399815669,2.225891838664708,55.31648451730419,NC_2016-2020,True
37187,NC,2020,2024,2020-2024,-3.691474018979883,-5.6182907169036955,,9.956289460903351,6205.0,-2.592101614844,-10.34983348813234,-4.203531280112131,-6.146302208020209,-8.376239736886625,-0.7758399908563831,46.940244780417565,NC_2020-2024,True
37189,NC,2008,2012,2008-2012,-7.548649467834322,10.323903113830472,4.782043150362757,4.350942584760949,28372.0,-4.922461133800738,-0.9023538243825993,-0.2280617684173234,-0.6742920559652759,,6.028868591435682,-3.399800598205384,NC_2008-2012,False
37189,NC,2012,2016,2012-2016,4.782043150362757,-7.548649467834322,6.875423654162489,-3.1977068830733724,27674.0,1.8855558571338693,0.7206316281371858,-0.6686633359535605,1.3892949640907464,-0.9023538243825993,-1.7785093515888803,-4.302154422587983,NC_2012-2016,False
37189,NC,2016,2020,2016-2020,6.875423654162489,4.782043150362757,-2.3912233285764763,1.584336267289384,29985.0,3.7891413404218866,0.7681104260530267,-0.07289252008919966,0.8410029461422264,0.7206316281371858,-3.931351875525479,-3.5815227944507972,NC_2016-2020,True
37189,NC,2020,2024,2020-2024,-2.3912233285764763,6.875423654162489,,8.459759921451873,32220.0,1.3013275582405281,-0.012707242769371963,0.5734333272659917,-0.5861405700353637,0.7681104260530267,2.166897428029017,-2.8134123683977705,NC_2020-2024,True
37191,NC,2008,2012,2008-2012,0.13524144555097095,15.915608281149442,-3.2096739340052967,-8.62704794147875,49882.0,-0.1411213785586951,-2.779524926136414,-1.125356896930061,-1.6541680292063532,,7.31695679126112,19.423313990198142,NC_2008-2012,False
37191,NC,2012,2016,2012-2016,-3.2096739340052967,0.13524144555097095,-0.1221303777284195,-8.49180649592778,51352.0,-1.0623843045095227,-4.5884271935015555,-1.9560857459094834,-2.632341447592072,-2.779524926136414,0.9857976428029929,16.64378906406173,NC_2012-2016,False
37191,NC,2016,2020,2016-2020,-0.1221303777284195,-3.2096739340052967,-4.712054715051519,-11.701480429933076,50689.0,7.98590549519419,-6.000830471113086,-1.350032303208062,-4.650798167905024,-4.5884271935015555,3.419349887768348,12.055361870560173,NC_2016-2020,True
37191,NC,2020,2024,2020-2024,-4.712054715051519,-0.1221303777284195,,-11.823610807661495,55537.0,-1.0793741227191789,-6.1237311175223095,-2.5292250665852043,-3.594506050937105,-6.000830471113086,1.7929115510040106,6.054531399447087,NC_2020-2024,True
37193,NC,2008,2012,2008-2012,-4.291928511206315,3.035656330709152,-13.168360787027368,-38.85428786530696,29724.0,-1.7436505632118404,-1.4246567223142819,-0.166604766979642,-1.2580519553346399,,-0.009980863717075295,-22.587014964432708,NC_2008-2012,False
37193,NC,2012,2016,2012-2016,-13.168360787027368,-4.291928511206315,-0.8913596509766393,-43.14621637651327,29145.0,3.9778318953887615,-3.25915438505503,-0.8909218354234412,-2.368232549631589,-1.4246567223142819,0.8356800451025777,-24.01167168674699,NC_2012-2016,False
37193,NC,2016,2020,2016-2020,-0.8913596509766393,-13.168360787027368,-2.834056519926982,-56.31457716354064,31296.0,9.02277195281782,-7.736112527283453,-1.6083641965608741,-6.127748330722579,-3.25915438505503,3.0668236081828013,-27.27082607180202,NC_2016-2020,True
37193,NC,2020,2024,2020-2024,-2.834056519926982,-0.8913596509766393,,-57.20593681451728,35466.0,2.527530288229418,-5.663242288510496,-2.7689777261052626,-2.894264562405233,-7.736112527283453,4.515073602460063,-35.00693859908547,NC_2020-2024,True
37195,NC,2008,2012,2008-2012,1.3731613255139292,12.903750976245446,-1.7906205289051371,6.149566532530316,37191.0,1.0316210563427353,-1.2137007168784493,0.17361957090525237,-1.3873202877837016,,3.0108812440517028,32.880930656934304,NC_2008-2012,False
37195,NC,2012,2016,2012-2016,-1.7906205289051371,1.3731613255139292,-2.823963037580908,7.522727858044245,39109.0,-3.261337730041658,-2.8776911522841644,-0.9132402430206596,-1.9644509092635047,-1.2137007168784493,-1.7009414119147408,31.667229940055854,NC_2012-2016,False
37195,NC,2016,2020,2016-2020,-2.823963037580908,-1.7906205289051371,-2.507226467104734,5.732107329139108,38135.0,5.617886889731194,-4.794627402866752,-1.0151899419501866,-3.779437460916565,-2.8776911522841644,3.0739323097955946,28.78953878777169,NC_2016-2020,True
37195,NC,2020,2024,2020-2024,-2.507226467104734,-2.823963037580908,,2.9081442915582,40735.0,-1.3636055742394237,-6.058314189530108,-2.6197218405335043,-3.438592348996604,-4.794627402866752,-1.073257989025663,23.99491138490494,NC_2020-2024,True
37197,NC,2008,2012,2008-2012,-5.597974351652979,8.251465126851322,-10.772908796392912,-46.53991497401984,17147.0,-2.341625006719339,-0.12639408021906462,-0.08586760555441941,-0.04052647466464521,,1.507552545288405,-34.931124747886535,NC_2008-2012,False
37197,NC,2012,2016,2012-2016,-10.772908796392912,-5.597974351652979,1.12160234627369,-52.137889325672816,16813.0,2.378264503396965,-2.6583286189936572,-0.9806273990986796,-1.6777012198949777,-0.12639408021906462,-0.7592401384347767,-35.0575188281056,NC_2012-2016,False
37197,NC,2016,2020,2016-2020,1.12160234627369,-10.772908796392912,-1.1506396885750974,-62.91079812206573,17624.0,8.382791354937746,-4.847840381449068,-0.9721221673008742,-3.8757182141481934,-2.6583286189936572,2.3774760294059973,-37.71584744709926,NC_2016-2020,True
37197,NC,2020,2024,2020-2024,-1.1506396885750974,1.12160234627369,,-61.78919577579204,19923.0,1.0275610329629425,-3.4695368260084223,-1.4739312382094454,-1.995605587798977,-4.847840381449068,2.841204806787232,-42.563687828548325,NC_2020-2024,True
37199,NC,2008,2012,2008-2012,-8.142920353044673,-0.46716276043249394,-19.27663359815699,-5.8650718707375935,9717.0,-2.1985075570732926,-1.7545908487872524,-0.4154235159855659,-1.3391673328016864,,1.7882007324238458,8.545936149449323,NC_2008-2012,False
37199,NC,2012,2016,2012-2016,-19.27663359815699,-8.142920353044673,-0.8817433319343593,-14.007992223782265,9451.0,2.8523362831494037,-4.085740834267396,-1.6843414096114877,-2.4013994246559087,-1.7545908487872524,-6.056571420337477,6.791345300662071,NC_2012-2016,False
37199,NC,2016,2020,2016-2020,-0.8817433319343593,-19.27663359815699,-0.5967320665140363,-33.28462582193926,9960.0,5.739151325923597,-8.67133325844037,-2.0287500947527795,-6.642583163687591,-4.085740834267396,-3.735720795018665,2.7056044663946746,NC_2016-2020,True
37199,NC,2020,2024,2020-2024,-0.5967320665140363,-0.8817433319343593,,-34.16636915387362,11352.0,-2.132819838794242,-7.145125554450601,-4.212231509117892,-2.9328940453327093,-8.67133325844037,1.4256118490065717,-5.965728792045695,NC_2020-2024,True
19001,IA,2008,2012,2008-2012,-4.8855257093949565,9.728125880819558,-28.651292682704323,-3.4136546184738954,4053.0,-0.04119695245975441,-3.247495402244013,-2.2418200582329675,-1.0056753440110455,,-3.142287493823332,-13.752310536044362,IA_2008-2012,False
19001,IA,2012,2016,2012-2016,-28.651292682704323,-4.8855257093949565,-4.894187183601581,-8.299180327868852,3996.0,1.0997828110456132,-1.0587948191363807,-0.45546245137365204,-0.6033323677627287,-3.247495402244013,3.283028234564071,-16.999805938288375,IA_2012-2016,False
19001,IA,2016,2020,2016-2020,-4.894187183601581,-28.651292682704323,-3.882476237609353,-36.95047301057318,3811.0,2.7263322884012564,-5.047896743536413,-2.0088863406300277,-3.039010402906385,-1.0587948191363807,-1.528526645768025,-18.058600757424756,IA_2016-2020,True
19001,IA,2020,2024,2020-2024,-3.882476237609353,-4.894187183601581,,-41.84466019417476,4177.0,-0.4191953220877398,-10.496356244579857,-6.318984797109639,-4.177371447470218,-5.047896743536413,-16.329571432009047,-23.10649750096117,IA_2020-2024,True
19003,IA,2008,2012,2008-2012,-7.072490255941625,18.148444789670716,-38.60162042345028,3.3271719038817005,2206.0,3.0821271545854234,-6.727356790405649,-3.7404831316498126,-2.9868736587558358,,-7.536623088595775,-2.735467827168169,IA_2008-2012,False
19003,IA,2012,2016,2012-2016,-38.60162042345028,-7.072490255941625,-2.1236494597839126,-3.745318352059925,2185.0,1.7226335561088546,-4.487301873210425,-3.1225763173416805,-1.3647255558687448,-6.727356790405649,4.179825710916006,-9.462824617573817,IA_2012-2016,False
19003,IA,2016,2020,2016-2020,-2.1236494597839126,-38.60162042345028,-0.4888002023551934,-42.3469387755102,2106.0,2.8567141255704365,-7.963110439137893,-2.060274697923038,-5.902835741214854,-4.487301873210425,-1.1153577954118106,-13.950126490784243,IA_2016-2020,True
19003,IA,2020,2024,2020-2024,-0.4888002023551934,-2.1236494597839126,,-44.470588235294116,2160.0,2.0623902100586067,-10.592406410935652,-5.823691174653028,-4.768715236282624,-7.963110439137893,-14.278855379891652,-21.913236929922135,IA_2020-2024,True
19005,IA,2008,2012,2008-2012,-10.264635412621846,15.664661640218068,-29.9071939432965,14.504036908881199,7059.0,-1.7939566360618997,-12.030972752357023,-1.563774492973229,-10.467198259383794,,-1.627742575110986,-9.824633370936315,IA_2008-2012,False
19005,IA,2012,2016,2012-2016,-29.9071939432965,-10.264635412621846,-3.9496938917606634,4.239401496259352,6934.0,1.4899534385232616,-0.19213257017399954,0.2613729431846892,-0.4535055133586887,-12.030972752357023,1.09964211290864,-21.855606123293338,IA_2012-2016,False
19005,IA,2016,2020,2016-2020,-3.9496938917606634,-29.9071939432965,-5.168138747923432,-25.66779244703715,6923.0,4.602747506167293,0.8167420718457166,0.8492368208081622,-0.03249474896244564,-0.19213257017399954,-1.0888094531739654,-22.047738693467338,IA_2016-2020,True
19005,IA,2020,2024,2020-2024,-5.168138747923432,-3.9496938917606634,,-29.617486338797814,7422.0,1.4665403512522435,-14.132182323030683,-4.160927368877193,-9.97125495415349,0.8167420718457166,-15.004671697253713,-21.23099662162162,IA_2020-2024,True
19007,IA,2008,2012,2008-2012,-1.5204081279783106,2.410641395597465,-34.515222152676856,-1.915455746367239,6176.0,1.1357639560594546,-5.814268046138259,-4.3479994928474515,-1.4662685532908069,,0.35782134895073625,3.8158487167942368,IA_2008-2012,False
19007,IA,2012,2016,2012-2016,-34.515222152676856,-1.5204081279783106,-3.074954827491865,-3.4358638743455496,6245.0,0.1450487854430249,-4.286613467316682,-2.184272978348286,-2.1023404889683963,-5.814268046138259,-3.0665544922719477,-1.9984193293440218,IA_2012-2016,False
19007,IA,2016,2020,2016-2020,-3.074954827491865,-34.515222152676856,-6.204006093842537,-37.951086027022406,6136.0,5.259618198965821,-9.467158342731782,-2.919162144733497,-6.547996197998284,-4.286613467316682,1.1381941960172242,-6.285032796660704,IA_2016-2020,True
19007,IA,2020,2024,2020-2024,-6.204006093842537,-3.074954827491865,,-41.02604085451427,6516.0,0.6214564440486958,-15.750085036631793,-8.348576744212528,-7.4015082924192654,-9.467158342731782,-17.8607991320805,-15.752191139392485,IA_2020-2024,True
19009,IA,2008,2012,2008-2012,-8.70920545942777,12.927874502062584,-27.239571261769093,3.1129558256744736,3435.0,1.78265851795264,-7.4252395651272565,-0.03841186655768891,-7.386827698569567,,-3.996562261268153,0.869376222560313,IA_2008-2012,False
19009,IA,2012,2016,2012-2016,-27.239571261769093,-8.70920545942777,-3.6033482439434863,-5.596249633753296,3457.0,1.5402015995456875,-18.39714417623005,-1.048969635400363,-17.34817454082969,-7.4252395651272565,1.496190431120155,-6.555863342566943,IA_2012-2016,False
19009,IA,2016,2020,2016-2020,-3.6033482439434863,-27.239571261769093,-2.6311826193280936,-32.83582089552239,3412.0,2.6847029077117557,1.02795347123514,1.6373193571030562,-0.6093658858679163,-18.39714417623005,0.9949936788874965,-24.953007518796994,IA_2016-2020,True
19009,IA,2020,2024,2020-2024,-2.6311826193280936,-3.6033482439434863,,-36.439169139465875,3420.0,-2.4047695905662247,-7.141177018669211,-3.5104954775399086,-3.6306815411293023,1.02795347123514,-17.519976283803814,-23.925054047561854,IA_2020-2024,True
19011,IA,2008,2012,2008-2012,-5.089385765285426,3.8603189087827303,-26.96391176258316,4.524250277674935,13712.0,0.7175110631590487,-5.08997495199443,-3.2094782923940297,-1.8804966596004,,0.10961976449168276,3.168456257701109,IA_2008-2012,False
19011,IA,2012,2016,2012-2016,-26.96391176258316,-5.089385765285426,-0.6446721261983335,-0.5651354876104913,14023.0,-1.254246579882834,-9.154797705613893,-1.7917902765896216,-7.363007429024271,-5.08997495199443,-0.5869976715858911,-1.921518694293321,IA_2012-2016,False
19011,IA,2016,2020,2016-2020,-0.6446721261983335,-26.96391176258316,-5.490894285422126,-27.52904725019365,13844.0,3.296786236397975,0.022638467501646886,0.860355051749579,-0.8377165842479322,-9.154797705613893,0.8892577855343262,-11.076316399907213,IA_2016-2020,True
19011,IA,2020,2024,2020-2024,-5.490894285422126,-0.6446721261983335,,-28.173719376391983,14642.0,-0.5942518780900352,-12.57442179354858,-4.464094506453547,-8.110327287095034,0.022638467501646886,-13.792283662482404,-11.053677932405567,IA_2020-2024,True
19013,IA,2008,2012,2008-2012,-2.1779586530901405,11.165545804513608,-12.600424206689919,22.745356012906054,64775.0,0.8677548351805231,-2.5949808203638423,-1.2736257710854275,-1.3213550492784147,,-2.6880585621888713,12.699118871958378,IA_2008-2012,False
19013,IA,2012,2016,2012-2016,-12.600424206689919,-2.1779586530901405,0.9453397096909937,20.567397359815914,67141.0,-2.6824901938320767,0.33803271367800747,0.33449364127815606,0.003539072399851406,-2.5949808203638423,3.517636719728344,10.104138051594536,IA_2012-2016,False
19013,IA,2016,2020,2016-2020,0.9453397096909937,-12.600424206689919,-7.73728740662588,7.966973153125994,64405.0,3.206753066410195,2.3937645817757787,0.569056989054948,1.8247075927208307,0.33803271367800747,1.1834365627858574,10.442170765272543,IA_2016-2020,True
19013,IA,2020,2024,2020-2024,-7.73728740662588,0.9453397096909937,,8.912312862816988,66593.0,-3.088687598705908,-8.578697721054054,-2.996300173605066,-5.582397547448988,2.3937645817757787,-21.345390415856954,12.835935347048322,IA_2020-2024,True
19015,IA,2008,2012,2008-2012,-0.9925519440412858,6.658376113815134,-21.713030812227093,7.788116345519819,13929.0,1.7071935465246546,-11.323516613325335,-5.733633744304476,-5.589882869020859,,-3.9387083737120463,10.403963414634147,IA_2008-2012,False
19015,IA,2012,2016,2012-2016,-21.713030812227093,-0.9925519440412858,-1.2214372614174849,6.795564401478533,14388.0,-1.9693968020477404,-1.761765482627493,-0.8452849308052147,-0.9164805518222783,-11.323516613325335,1.0490968021084228,-0.9195531986911881,IA_2012-2016,False
19015,IA,2016,2020,2016-2020,-1.2214372614174849,-21.713030812227093,-5.75058884141551,-14.91746641074856,14196.0,3.6125493484260973,-2.289271112544919,-0.30880517965147236,-1.9804659328934466,-1.761765482627493,0.8425846347343082,-2.681318681318681,IA_2016-2020,True
19015,IA,2020,2024,2020-2024,-5.75058884141551,-1.2214372614174849,,-16.138903672166045,15340.0,0.9522855916790918,-7.928960810605036,-3.4653346990429545,-4.463626111562082,-2.289271112544919,-14.531718331732648,-4.9705897938636,IA_2020-2024,True
19017,IA,2008,2012,2008-2012,-6.736378263402075,14.498431506117658,-17.45924052327176,9.455090292563678,12871.0,0.8551292554707435,-3.0390573812501014,-1.6411532167921141,-1.3979041644579873,,-5.543040575547479,-4.44339119616091,IA_2008-2012,False
19017,IA,2012,2016,2012-2016,-17.45924052327176,-6.736378263402075,-1.8257787457722134,2.718712029161604,13346.0,0.8059702651100897,-0.23617575486196163,-0.8550050690661202,0.6188293142041585,-3.0390573812501014,1.9763854662817693,-7.482448577411011,IA_2012-2016,False
19017,IA,2016,2020,2016-2020,-1.8257787457722134,-17.45924052327176,-5.89715831335354,-14.740528494110157,13538.0,4.38592868750598,1.5409288209356289,0.7354010265979687,0.8055277943376602,-0.23617575486196163,2.2105261720403604,-7.718624332272973,IA_2016-2020,True
19017,IA,2020,2024,2020-2024,-5.89715831335354,-1.8257787457722134,,-16.56630723988237,14546.0,-0.12404767469035294,-8.362118345953245,-4.759013349422149,-3.603104996531096,1.5409288209356289,-15.231956732213803,-6.177695511337344,IA_2020-2024,True
19019,IA,2008,2012,2008-2012,-4.654565153309525,10.96119101032768,-30.345681244621893,18.755520659534792,10338.0,0.9094101033332413,-5.697292965506083,-3.177719510659359,-2.519573454846724,,-1.3458900206597946,11.06473345049795,IA_2008-2012,False
19019,IA,2012,2016,2012-2016,-30.345681244621893,-4.654565153309525,-5.087475412655362,14.100955506225267,10535.0,-2.0866437411110383,-2.8527027788505346,-0.6338462646426803,-2.2188565142078542,-5.697292965506083,-1.1288416226198876,5.367440484991867,IA_2012-2016,False
19019,IA,2016,2020,2016-2020,-5.087475412655362,-30.345681244621893,-7.315013703059421,-16.244725738396625,10252.0,4.365495002131025,-2.7362707145595873,-0.17790037724471341,-2.558370337314874,-2.8527027788505346,2.136749414971902,2.5147377061413327,IA_2016-2020,True
19019,IA,2020,2024,2020-2024,-7.315013703059421,-5.087475412655362,,-21.332201151051986,10774.0,-0.1511581747687618,-9.38890433079527,-5.456854851580114,-3.9320494792151557,-2.7362707145595873,-18.220862228411136,-0.22153300841825432,IA_2020-2024,True
19021,IA,2008,2012,2008-2012,-8.56293636314314,14.476697003550077,-16.035767088583558,-1.7835623041696795,8418.0,-1.3506891831818968,-2.426835994592931,-0.6855600361733094,-1.7412759584196218,,-5.099160207901093,-6.706857573474002,IA_2008-2012,False
19021,IA,2012,2016,2012-2016,-16.035767088583558,-8.56293636314314,0.08481709379307745,-10.346498667312819,8383.0,1.733148249557459,-0.48527340907108574,-0.518056239411461,0.03278283034037521,-2.426835994592931,6.159927664505943,-9.133693568066933,IA_2012-2016,False
19021,IA,2016,2020,2016-2020,0.08481709379307745,-16.035767088583558,-7.377120303413939,-26.382265755896377,8278.0,-1.8295320132861503,-0.05285104682447539,-0.9045794580106268,0.8517284111861514,-0.48527340907108574,-3.6497340511702276,-9.618966977138019,IA_2016-2020,True
19021,IA,2020,2024,2020-2024,-7.377120303413939,0.08481709379307745,,-26.2974486621033,8167.0,-2.8459580397528605,-16.172321146662746,-6.993123493478766,-9.17919765318398,-0.05285104682447539,-27.347139822394375,-9.671818023962494,IA_2020-2024,True
19023,IA,2008,2012,2008-2012,-5.694059729433117,14.332191263209353,-28.60000763896503,-4.756511891279728,7166.0,3.4102266345760524,-4.416595226134913,-2.2642092164810315,-2.152386009653881,,-0.8186688600990095,-25.09023409301846,IA_2008-2012,False
19023,IA,2012,2016,2012-2016,-28.60000763896503,-5.694059729433117,-0.19754104107400394,-10.450571620712845,7545.0,0.3327818672023364,0.337169050242359,0.6573082562220698,-0.3201392059797108,-4.416595226134913,2.1304006693836612,-29.506829319153372,IA_2012-2016,False
19023,IA,2016,2020,2016-2020,-0.19754104107400394,-28.60000763896503,-6.665098669984751,-39.050579259677875,7513.0,7.0430821283280265,0.7985597709941352,0.10709574279083967,0.6914640282032956,0.337169050242359,3.127792322874299,-29.169660268911013,IA_2016-2020,True
19023,IA,2020,2024,2020-2024,-6.665098669984751,-0.19754104107400394,,-39.24812030075188,8098.0,0.7052747454362018,-8.163320463645348,-3.341396707538074,-4.8219237561072745,0.7985597709941352,-15.241087973580406,-28.371100497916878,IA_2020-2024,True
19025,IA,2008,2012,2008-2012,-4.860609651548874,10.535776381207777,-29.808547369362437,-7.870916961826053,5195.0,-0.7762678071424056,-7.873130709393549,-4.285665027917596,-3.587465681475953,,-7.199255804033768,-6.152093420677869,IA_2008-2012,False
19025,IA,2012,2016,2012-2016,-29.808547369362437,-4.860609651548874,-0.5713811256217696,-12.731526613374927,5230.0,0.9141538887937894,-5.388466810206143,-1.6622857139985143,-3.726181096207629,-7.873130709393549,0.13205024740570082,-14.025224130071418,IA_2012-2016,False
19025,IA,2016,2020,2016-2020,-0.5713811256217696,-29.808547369362437,-4.148274836041189,-42.54007398273736,5159.0,1.4139750418697195,-3.8123124169633975,0.24311191054360393,-4.055424327507001,-5.388466810206143,1.977333685920442,-19.41369094027756,IA_2016-2020,True
19025,IA,2020,2024,2020-2024,-4.148274836041189,-0.5713811256217696,,-43.11145510835913,5258.0,-0.9217918598049546,-13.588421886936349,-4.927035410322947,-8.661386476613401,-3.8123124169633975,-15.051318383902,-23.22600335724096,IA_2020-2024,True
19027,IA,2008,2012,2008-2012,-9.916972445213563,13.983705013440021,-27.267149567337146,3.7167449139280127,10387.0,1.5157903569218534,-13.531206026264037,-10.719911859186945,-2.811294167077093,,0.17413289849466196,14.945070130587991,IA_2008-2012,False
19027,IA,2012,2016,2012-2016,-27.267149567337146,-9.916972445213563,-4.963995450396908,-6.2002275312855515,10674.0,0.5782729539610676,-4.363570548406856,-1.2437478582224506,-3.1198226901844057,-13.531206026264037,-0.8798292319155507,1.4138641043239533,IA_2012-2016,False
19027,IA,2016,2020,2016-2020,-4.963995450396908,-27.267149567337146,-4.068855407577459,-33.4673770986227,10544.0,4.047317169196951,-7.102503789122805,-2.0121256169857995,-5.090378172137005,-4.363570548406856,0.07079381639744042,-2.949706444082903,IA_2016-2020,True
19027,IA,2020,2024,2020-2024,-4.068855407577459,-4.963995450396908,,-38.431372549019606,11335.0,-0.2637199636106313,-15.00677190363285,-6.443033754111591,-8.56373814952126,-7.102503789122805,-15.48406347108552,-10.052210233205708,IA_2020-2024,True
19029,IA,2008,2012,2008-2012,-8.192823089965733,17.30541275870842,-22.65683528683398,-11.015657475405293,7350.0,-0.2038992235070647,-5.036726841918188,-5.589437614164098,0.5527107722459093,,-3.3829714221871114,-28.697962798937112,IA_2008-2012,False
19029,IA,2012,2016,2012-2016,-22.65683528683398,-8.192823089965733,3.174508052762114,-19.208480565371026,7205.0,1.7734925780902744,-1.9031528248981218,-0.49220291758346946,-1.4109499073146523,-5.036726841918188,0.5681351428477939,-33.7346896408553,IA_2012-2016,False
19029,IA,2016,2020,2016-2020,3.174508052762114,-22.65683528683398,-2.670005300500641,-41.86531585220501,7125.0,1.311555173624146,2.304509132420087,0.6168850424134718,1.687624090006615,-1.9031528248981218,-0.9534621948415065,-35.63784246575342,IA_2016-2020,True
19029,IA,2020,2024,2020-2024,-2.670005300500641,3.174508052762114,,-38.690807799442894,7276.0,1.5063198866142602,-8.527131782945737,-3.955838018414404,-4.571293764531333,2.304509132420087,-18.341057133487297,-33.333333333333336,IA_2020-2024,True
19031,IA,2008,2012,2008-2012,-5.137543217267184,11.068929106938837,-23.731702392374782,9.800210304942166,9665.0,-0.8631216765071725,-6.584222939339291,-5.690359079103347,-0.8938638602359443,,-5.262145339156376,2.635710154507147,IA_2008-2012,False
19031,IA,2012,2016,2012-2016,-23.731702392374782,-5.137543217267184,1.5136698451427222,4.662667087674982,9649.0,-1.733202161415004,-2.267910852926873,-1.0379512794417178,-1.2299595734851554,-6.584222939339291,0.45542950491667966,-3.9485127848321446,IA_2012-2016,False
19031,IA,2016,2020,2016-2020,1.5136698451427222,-23.731702392374782,-4.565991444408521,-19.0690353046998,9541.0,7.504128920752285,-2.7098686404796553,0.7634035035308298,-3.473272144010485,-2.267910852926873,4.899193310262561,-6.216423637759018,IA_2016-2020,True
19031,IA,2020,2024,2020-2024,-4.565991444408521,1.5136698451427222,,-17.555365459557077,10703.0,-0.39937783474468525,-8.585185281959959,-3.1803089315447934,-5.404876350415165,-2.7098686404796553,-13.449570388928436,-8.926292278238673,IA_2020-2024,True
19033,IA,2008,2012,2008-2012,-7.553866709409995,11.239356825478554,-21.786231532449012,21.152228763666947,24140.0,-0.9876356677099296,-2.769036517311525,-2.6351596148274004,-0.13387690248412465,,-1.7583231859833717,8.154809699694876,IA_2008-2012,False
19033,IA,2012,2016,2012-2016,-21.786231532449012,-7.553866709409995,1.5411117990111718,13.598362054256953,23824.0,-1.5263700367086686,-3.3394979383015007,-1.418398295664995,-1.9210996426365057,-2.769036517311525,-0.6268729396114026,5.3857731823833515,IA_2012-2016,False
19033,IA,2016,2020,2016-2020,1.5411117990111718,-21.786231532449012,-5.185675231987299,-8.18786947819206,22965.0,2.3794559988712605,0.5471725355922112,-0.09811386351627727,0.6452863991084885,-3.3394979383015007,-0.2060528833647055,2.046275244081851,IA_2016-2020,True
19033,IA,2020,2024,2020-2024,-5.185675231987299,1.5411117990111718,,-6.646757679180888,23801.0,-0.8196844897289446,-11.657625739275186,-4.554306174717133,-7.103319564558054,0.5471725355922112,-17.920409535989364,2.593447779674062,IA_2020-2024,True
19035,IA,2008,2012,2008-2012,-8.630605856831124,3.7169500257696733,-26.475783777302645,-7.69722133503673,6365.0,1.1396503212275144,-4.074838943984284,-2.409811181077661,-1.6650277629066235,,1.3223098739566694,-9.585979769466007,IA_2008-2012,False
19035,IA,2012,2016,2012-2016,-26.475783777302645,-8.630605856831124,2.8718703548360267,-16.327827191867854,6415.0,1.2137246204949714,-13.277045605041584,-2.5510790249961186,-10.725966580045466,-4.074838943984284,-1.466709258264956,-13.660818713450292,IA_2012-2016,False
19035,IA,2016,2020,2016-2020,2.8718703548360267,-26.475783777302645,-6.448688741631578,-42.8036109691705,6258.0,2.766915645533219,-8.445010068531886,-0.9083281921891988,-7.536681876342687,-13.277045605041584,-1.3684132121721007,-26.937864318491876,IA_2016-2020,True
19035,IA,2020,2024,2020-2024,-6.448688741631578,2.8718703548360267,,-39.93174061433447,6518.0,-2.9040705148345003,-13.854978899733936,-5.833532967997456,-8.02144593173648,-8.445010068531886,-17.06313319766369,-35.38287438702376,IA_2020-2024,True
19037,IA,2008,2012,2008-2012,-9.843940184315771,11.181017512276156,-35.803550404364344,21.080246913580247,6583.0,-0.19814047748221153,-4.700360842742404,-3.4336949054920023,-1.2666659372504014,,-0.9580358757524294,13.421487603305785,IA_2008-2012,False
19037,IA,2012,2016,2012-2016,-35.803550404364344,-9.843940184315771,-7.301558765784954,11.236306729264475,6484.0,0.767097252627702,-7.302770178685524,-2.9148268075779553,-4.387943371107569,-4.700360842742404,-1.991559982296991,8.721126760563381,IA_2012-2016,False
19037,IA,2016,2020,2016-2020,-7.301558765784954,-35.803550404364344,-5.755120848567479,-24.567243675099867,6435.0,2.635768621654677,-5.431570823894253,-1.1727770140978966,-4.258793809796357,-7.302770178685524,-3.3364570156721385,1.4183565818778572,IA_2016-2020,True
19037,IA,2020,2024,2020-2024,-5.755120848567479,-7.301558765784954,,-31.86880244088482,6631.0,-2.224018951423834,-13.243559156998383,-7.003380375191805,-6.240178781806579,-5.431570823894253,-16.791930619959217,-4.013214242016396,IA_2020-2024,True
19039,IA,2008,2012,2008-2012,-0.7992014188632497,-0.413160941249032,-31.37782319963569,2.3062730627306274,4443.0,-0.9173570137389842,-8.511359969433565,-6.216804738892052,-2.294555230541513,,-4.669968439897673,5.999667608442746,IA_2008-2012,False
19039,IA,2012,2016,2012-2016,-31.37782319963569,-0.7992014188632497,-6.652305382963018,1.5070716438673777,4430.0,1.4000061677356457,-2.99648105763036,-1.9693974400487937,-1.0270836175815665,-8.511359969433565,-0.8854191820069701,-2.5116923609908195,IA_2012-2016,False
19039,IA,2016,2020,2016-2020,-6.652305382963018,-31.37782319963569,-6.042209803606923,-29.87075155576831,4454.0,-1.9461908547227513,-9.022466540638709,-3.708171884757558,-5.314294655881151,-2.99648105763036,-2.600684111060744,-5.50817341862118,IA_2016-2020,True
19039,IA,2020,2024,2020-2024,-6.042209803606923,-6.652305382963018,,-36.52305693873133,4670.0,-0.9617795373232596,-16.020644907860692,-5.276309847689918,-10.744335060170773,-9.022466540638709,-18.340538934662504,-14.530639959259888,IA_2020-2024,True
19041,IA,2008,2012,2008-2012,-13.592751768709373,10.804395019778447,-25.860824216290165,-5.193236714975845,8398.0,0.9547924031792054,-2.2937177064105825,-0.346822849683468,-1.9468948567271145,,-2.4411845764929723,-14.249958284665443,IA_2008-2012,False
19041,IA,2012,2016,2012-2016,-25.860824216290165,-13.592751768709373,5.009624491358608,-18.78598848368522,8502.0,2.26018563180308,-17.035103285006304,-2.3801069658213017,-14.654996319185003,-2.2937177064105825,-1.2590448116336148,-16.543675991076025,IA_2012-2016,False
19041,IA,2016,2020,2016-2020,5.009624491358608,-25.860824216290165,-4.0994412185284546,-44.646812699975385,8617.0,1.8900353370530865,3.405676746122275,2.0784151100226076,1.3272616360996672,-17.035103285006304,-1.2523663923233244,-33.57877927608233,IA_2016-2020,True
19041,IA,2020,2024,2020-2024,-4.0994412185284546,5.009624491358608,,-39.63718820861678,8969.0,-2.033116666329282,-8.942543728543349,-4.907462419313866,-4.035081309229483,3.405676746122275,-18.62618724232034,-30.173102529960055,IA_2020-2024,True
19043,IA,2008,2012,2008-2012,-10.297025959619715,12.768098115849291,-31.47330005794391,17.45421659507122,8989.0,1.303511128283108,-5.123422635501697,-3.0211868368000996,-2.1022357987015976,,-4.062020776766104,6.391040754462782,IA_2008-2012,False
19043,IA,2012,2016,2012-2016,-31.47330005794391,-10.297025959619715,-5.063317578247634,7.157190635451505,9138.0,0.007403421010809819,-1.7443451710543503,-0.9957836749063675,-0.7485614961479827,-5.123422635501697,1.9624166881442449,1.2676181189610851,IA_2012-2016,False
19043,IA,2016,2020,2016-2020,-5.063317578247634,-31.47330005794391,-5.542919849993353,-24.316109422492403,9129.0,5.378482769996296,-6.047804157770593,-3.298331526401918,-2.749472631368675,-1.7443451710543503,3.4463993622080835,-0.47672705209326516,IA_2016-2020,True
19043,IA,2020,2024,2020-2024,-5.542919849993353,-5.063317578247634,,-29.379427000740037,9594.0,-0.3141890252846946,-19.144792313536918,-7.169262918712879,-11.97552939482404,-6.047804157770593,-13.523713063117839,-6.524531209863858,IA_2020-2024,True
19045,IA,2008,2012,2008-2012,-0.15885221480846923,10.535751403845742,-28.758996843762134,23.3916687207296,24719.0,1.2727752962485739,-1.4591275809344353,-1.4539907015403823,-0.00513687939405294,,1.4906558511034405,13.664695032754564,IA_2008-2012,False
19045,IA,2012,2016,2012-2016,-28.758996843762134,-0.15885221480846923,-5.199606137264276,23.232816505921132,25000.0,-3.557538356635026,-4.716524702661772,-2.7134015832250604,-2.0031231194367116,-1.4591275809344353,1.5549299542436898,12.205567451820128,IA_2012-2016,False
19045,IA,2016,2020,2016-2020,-5.199606137264276,-28.758996843762134,-8.441306885536472,-5.526180337841,23067.0,5.225150438942383,-5.061069497486585,-2.0132883868716505,-3.047781110614935,-4.716524702661772,2.370907115852333,7.489042749158356,IA_2016-2020,True
19045,IA,2020,2024,2020-2024,-8.441306885536472,-5.199606137264276,,-10.725786475105275,24687.0,-1.4618762680994157,-11.561800017024842,-5.490395446229836,-6.071404570795005,-5.061069497486585,-19.269300768640647,2.4279732516717707,IA_2020-2024,True
19047,IA,2008,2012,2008-2012,-13.182543689047872,15.484695640157536,-31.797958955184544,5.240793201133145,7191.0,-3.5118371058357467,-4.409080513841081,-3.819035468034919,-0.5900450458061623,,-3.8084653679106992,0.6276574205304718,IA_2008-2012,False
19047,IA,2012,2016,2012-2016,-31.797958955184544,-13.182543689047872,2.433863636829855,-7.941750487914727,6752.0,3.756867389534402,-4.963091516557741,-2.2177090394730747,-2.745382477084666,-4.409080513841081,2.4419174815725455,-3.781423093310609,IA_2012-2016,False
19047,IA,2016,2020,2016-2020,2.433863636829855,-31.797958955184544,-6.621123093622273,-39.73970944309927,6935.0,-0.1450075512594684,-4.31063928395524,0.07131406186539913,-4.381953345820639,-4.963091516557741,0.19959195238971006,-8.74451460986835,IA_2016-2020,True
19047,IA,2020,2024,2020-2024,-6.621123093622273,2.433863636829855,,-37.30584580626942,7154.0,-4.0286222898405555,-22.518268436273498,-5.752793126043958,-16.76547531022954,-4.31063928395524,-26.860590212000353,-13.05515389382359,IA_2020-2024,True
19049,IA,2008,2012,2008-2012,-6.12276055209938,10.722300096564183,1.3628679504178915,-5.622527489642713,32640.0,0.11646956947729548,-8.286759304084068,-4.267622207089413,-4.019137096994655,,-6.53023214095569,-5.332900778598523,IA_2008-2012,False
19049,IA,2012,2016,2012-2016,1.3628679504178915,-6.12276055209938,8.051430465408973,-11.745288041742093,38116.0,-11.090758377334708,0.3089432784743913,-0.6029812649962629,0.9119245434706542,-8.286759304084068,2.7112202327161867,-13.619660082682591,IA_2012-2016,False
19049,IA,2016,2020,2016-2020,8.051430465408973,1.3628679504178915,-2.479940185014584,-10.382420091324201,38252.0,13.360444787177117,8.24665997509879,3.7371608870121964,4.509499088086595,0.3089432784743913,0.5703627902027222,-13.3107168042082,IA_2016-2020,True
19049,IA,2020,2024,2020-2024,-2.479940185014584,8.051430465408973,,-2.330989625915227,56022.0,4.493556515722796,-4.003877176040478,-1.0806831282735923,-2.923194047766886,8.24665997509879,-8.196544047473466,-5.064056829109409,IA_2020-2024,True
19051,IA,2008,2012,2008-2012,-7.48493350517508,1.3406489972239939,-30.29471133243686,-9.409544351577244,3815.0,-0.6297075344096403,-11.93664788629818,-8.929979904220602,-3.0066679820775786,,-3.686795750236115,19.840497957595797,IA_2008-2012,False
19051,IA,2012,2016,2012-2016,-30.29471133243686,-7.48493350517508,-2.7614036961863064,-16.894477856752324,3773.0,0.9115081732644192,-8.026977508194806,-0.5347753455679545,-7.492202162626851,-11.93664788629818,-1.6523321374978366,7.903850071297617,IA_2012-2016,False
19051,IA,2016,2020,2016-2020,-2.7614036961863064,-30.29471133243686,-5.081417357902353,-47.189189189189186,3882.0,2.5843122061733226,-13.210205896436145,-0.6370944657122217,-12.573111430723923,-8.026977508194806,0.3461338735108086,-0.1231274368971886,IA_2016-2020,True
19051,IA,2020,2024,2020-2024,-5.081417357902353,-2.7614036961863064,,-49.95059288537549,4102.0,-2.027915275342751,-25.981633159592946,-9.644157194859224,-16.337475964733724,-13.210205896436145,-14.678639796303983,-13.333333333333334,IA_2020-2024,True
19053,IA,2008,2012,2008-2012,-3.3246278255169415,4.953147932016341,-27.139198882233842,-0.8487269096355466,4102.0,-3.873797132757273,-4.794144601097027,-3.233928343909071,-1.5602162571879554,,-5.747655636292222,4.5570481210678455,IA_2008-2012,False
19053,IA,2012,2016,2012-2016,-27.139198882233842,-3.3246278255169415,-8.76235274965487,-4.173354735152488,3833.0,0.24968276028762837,-6.937695940664879,-2.1712581661771275,-4.766437774487752,-4.794144601097027,-10.07819203577256,-0.2370964800291811,IA_2012-2016,False
19053,IA,2016,2020,2016-2020,-8.76235274965487,-27.139198882233842,-7.744068551170358,-31.31255361738633,3734.0,4.445040140387723,-7.572639086155255,-2.6623701936267077,-4.910268892528547,-6.937695940664879,3.6621851294026726,-7.17479242069406,IA_2016-2020,True
19053,IA,2020,2024,2020-2024,-7.744068551170358,-8.76235274965487,,-40.0749063670412,3804.0,-1.5880900729113412,-20.586465365509092,-8.190774792741932,-12.395690572767162,-7.572639086155255,-19.85854140470631,-14.747431506849315,IA_2020-2024,True
19055,IA,2008,2012,2008-2012,-6.333494288556696,13.572168818254974,-31.42179145250246,6.11732481168683,8901.0,3.8934364390795895,-4.3935896553713425,-3.220501722019743,-1.1730879333515993,,-7.963252860555755,-6.625866993064055,IA_2008-2012,False
19055,IA,2012,2016,2012-2016,-31.42179145250246,-6.333494288556696,-4.22796085833717,-0.21616947686986598,9378.0,-0.4495798319327782,-6.9382282615138955,-0.42897700168779807,-6.509251259826097,-4.3935896553713425,2.887254901960773,-11.019456648435398,IA_2012-2016,False
19055,IA,2016,2020,2016-2020,-4.22796085833717,-31.42179145250246,-4.346886885247741,-31.637960929372326,9241.0,4.4172486460582805,-0.02183958450878265,0.34350274245300483,-0.3653423269617875,-6.9382282615138955,1.2517419279809303,-17.957684909949293,IA_2016-2020,True
19055,IA,2020,2024,2020-2024,-4.346886885247741,-4.22796085833717,,-35.865921787709496,10003.0,1.057799682958882,-8.047063393281952,-3.7416767605845074,-4.305386632697445,-0.02183958450878265,-12.977692397703066,-17.979524494458076,IA_2020-2024,True
19057,IA,2008,2012,2008-2012,-4.7525509150204925,3.0083712604893726,-26.160997311089833,23.490065897042065,20570.0,-0.852918653524537,-7.341307039386987,-5.043242994055149,-2.298064045331838,,-2.3750276555324064,28.350955295863475,IA_2008-2012,False
19057,IA,2012,2016,2012-2016,-26.160997311089833,-4.7525509150204925,-1.5296786640210671,18.737514982021573,20385.0,-3.038022679654395,-5.751485765967756,-1.6453299516276765,-4.106155814340079,-7.341307039386987,1.6060543853147777,21.00964825647649,IA_2012-2016,False
19057,IA,2016,2020,2016-2020,-1.5296786640210671,-26.160997311089833,-6.311935915448235,-7.42348232906826,19103.0,4.1762619799063145,-4.858192172907071,-1.6777739330664811,-3.1804182398405896,-5.751485765967756,3.8518403610731013,15.258162490508733,IA_2016-2020,True
19057,IA,2020,2024,2020-2024,-6.311935915448235,-1.5296786640210671,,-8.953160993089327,19956.0,-2.2320022678960605,-12.933532445390094,-5.751983710852168,-7.181548734537927,-4.858192172907071,-23.687975721713315,10.399970317601662,IA_2020-2024,True
19059,IA,2008,2012,2008-2012,-12.67041955886831,7.1437089590422245,-19.532586746826407,-5.486870338203739,9906.0,1.7361595042929223,-11.362388121328182,-4.826724803560884,-6.535663317767298,,0.02056304570025702,-8.994413407821229,IA_2008-2012,False
19059,IA,2012,2016,2012-2016,-19.532586746826407,-12.67041955886831,3.576675888026955,-18.15728989707205,10159.0,0.6573733864741804,-3.6507599075235575,-2.343753152529537,-1.3070067549940205,-11.362388121328182,0.07275098677263259,-20.35680152914941,IA_2012-2016,False
19059,IA,2016,2020,2016-2020,3.576675888026955,-19.532586746826407,-6.331163405978209,-37.68987664389846,10354.0,4.431254444764166,-2.4350651386089233,-2.4277990455154246,-0.007266093093498682,-3.6507599075235575,3.8753168670910583,-24.00756143667297,IA_2016-2020,True
19059,IA,2020,2024,2020-2024,-6.331163405978209,3.576675888026955,,-34.1132007558715,11244.0,-1.6800762880483266,-9.441256300798315,-4.751767566911635,-4.68948873388668,-2.4350651386089233,-14.110144957697443,-26.442626575281892,IA_2020-2024,True
19061,IA,2008,2012,2008-2012,-6.1123761204477915,7.2273315663529605,-16.27884693445318,21.074012949092293,47953.0,1.6006067833042037,-5.90443938564685,-2.4568087255364475,-3.447630660110402,,-2.184603570424059,22.354726442014282,IA_2008-2012,False
19061,IA,2012,2016,2012-2016,-16.27884693445318,-6.1123761204477915,-1.8913157830906875,14.961636828644501,50894.0,-2.715256983300751,-1.2216957358754392,-0.6706596287019551,-0.5510361071734842,-5.90443938564685,3.1959376664920995,16.450287056367433,IA_2012-2016,False
19061,IA,2016,2020,2016-2020,-1.8913157830906875,-16.27884693445318,-5.493740667360139,-1.3172101058086807,49721.0,4.090512794863144,-4.060078166133586,-0.18131959618498072,-3.878758569948605,-1.2216957358754392,1.1430056998076878,15.228591320491994,IA_2016-2020,True
19061,IA,2020,2024,2020-2024,-5.493740667360139,-1.8913157830906875,,-3.208525888899368,53926.0,-1.0605773831471432,-9.635066232364187,-3.2402886091283474,-6.394777623235838,-4.060078166133586,-17.222470276722206,11.168513154358408,IA_2020-2024,True
19063,IA,2008,2012,2008-2012,-12.843445236617983,9.70867973296204,-30.575150950949066,3.9854339469957516,5015.0,-2.508974010919629,-8.237117274548797,-5.6702864829978274,-2.566830791550971,,0.4890049513270327,15.4939293598234,IA_2008-2012,False
19063,IA,2012,2016,2012-2016,-30.575150950949066,-12.843445236617983,2.925225732634793,-8.858011289622231,4687.0,2.8783416982484877,-7.28774789347259,-2.3420834031040583,-4.945664490368531,-8.237117274548797,-5.509302614828584,7.256812085274601,IA_2012-2016,False
19063,IA,2016,2020,2016-2020,2.925225732634793,-30.575150950949066,-7.971691948892712,-39.4331622405713,4753.0,0.6042743746409673,-6.362480871656419,-2.799402878397654,-3.5630779932587644,-7.28774789347259,-3.0072532694732246,-0.030935808197989172,IA_2016-2020,True
19063,IA,2020,2024,2020-2024,-7.971691948892712,2.925225732634793,,-36.507936507936506,4853.0,-0.08426295301532383,-19.36915545534757,-6.63009544358424,-12.73906001176333,-6.362480871656419,-19.70315425652481,-6.393416679854408,IA_2020-2024,True
19065,IA,2008,2012,2008-2012,-4.71138575412394,16.28701078760266,-32.871692143046985,16.83971126273114,10259.0,0.8472952227083108,-2.6269464482398814,-1.3047338404375002,-1.3222126078023813,,-8.485279255272658,-0.3198452841416245,IA_2008-2012,False
19065,IA,2012,2016,2012-2016,-32.871692143046985,-4.71138575412394,-2.6256012944242357,12.1283255086072,10366.0,-0.7847967995788685,-1.6013426902580967,-0.27111367302389944,-1.3302290172341973,-2.6269464482398814,0.8848379608795653,-2.946791732381506,IA_2012-2016,False
19065,IA,2016,2020,2016-2020,-2.6256012944242357,-32.871692143046985,-7.596970574086594,-20.743366634439788,9975.0,3.3569119066857334,-2.9976349984390716,-0.7382465701478393,-2.259388428291232,-1.6013426902580967,4.007882004421404,-4.5481344226396025,IA_2016-2020,True
19065,IA,2020,2024,2020-2024,-7.596970574086594,-2.6256012944242357,,-23.368967928864024,10186.0,-0.39648985290259287,-15.101407190855646,-5.453956130106031,-9.647451060749615,-2.9976349984390716,-12.8060245754437,-7.545769421078674,IA_2020-2024,True
19067,IA,2008,2012,2008-2012,-7.676152343377517,15.032284037386066,-30.651120892608873,22.49460180363267,8091.0,1.4929426985518135,-3.182266696294065,-1.0939014348106513,-2.0883652614834136,,-0.7954259004215203,7.137497655224161,IA_2008-2012,False
19067,IA,2012,2016,2012-2016,-30.651120892608873,-7.676152343377517,-4.056203425582886,14.818449460255152,8257.0,-0.8752556237218823,-1.2458479377303622,1.0324420924637976,-2.2782900301941598,-3.182266696294065,0.7644811155596898,3.955230958930096,IA_2012-2016,False
19067,IA,2016,2020,2016-2020,-4.056203425582886,-30.651120892608873,-6.180750441026987,-15.83267143235372,8060.0,0.21093533166806067,-3.1196883647111844,-1.341367606941545,-1.7783207577696392,-1.2458479377303622,0.2548262441899425,2.709383021199734,IA_2016-2020,True
19067,IA,2020,2024,2020-2024,-6.180750441026987,-4.056203425582886,,-19.888874857936607,8032.0,-1.7385134720812379,-10.459259873879855,-5.1531910830965755,-5.306068790783279,-3.1196883647111844,-20.751780438316004,-0.41030534351145037,IA_2020-2024,True
19069,IA,2008,2012,2008-2012,-12.403016689065446,15.868960058752897,-24.92252172497922,1.4578408195429473,5148.0,0.022486324071335773,-5.51281715668215,-2.1031292630950453,-3.4096878935871047,,-5.010336717663307,-21.235906950192664,IA_2008-2012,False
19069,IA,2012,2016,2012-2016,-24.92252172497922,-12.403016689065446,0.14917614757545294,-10.9451758695225,5186.0,-0.9970478804412264,-3.3715743551321893,-0.49136564630394375,-2.8802087088282455,-5.51281715668215,1.1364954846762743,-26.748724106874814,IA_2012-2016,False
19069,IA,2016,2020,2016-2020,0.14917614757545294,-24.92252172497922,-6.528576397186505,-35.86769759450172,4968.0,5.8110962911679165,2.3425206842292248,1.7562031788393107,0.5863175053899141,-3.3715743551321893,2.0420161144749898,-30.120298462007003,IA_2016-2020,True
19069,IA,2020,2024,2020-2024,-6.528576397186505,0.14917614757545294,,-35.71852144692627,5130.0,0.41882912748638645,-10.66946566636841,-4.15557869566894,-6.51388697069947,2.3425206842292248,-18.195726093856294,-27.77777777777778,IA_2020-2024,True
19071,IA,2008,2012,2008-2012,-5.607603786121526,18.32938633617431,-33.566315007075126,-3.674745895230649,3894.0,-2.0459118260853337,1.5545041185864896,2.4983650531300263,-0.9438609345435367,,-6.147000196524331,-17.536746071971617,IA_2008-2012,False
19071,IA,2012,2016,2012-2016,-33.566315007075126,-5.607603786121526,-0.2643192462579762,-9.282349681352175,3668.0,1.0867943132003566,-9.231522384466803,-1.8085285623801681,-7.422993822086635,1.5545041185864896,-7.755326378062918,-15.982241953385127,IA_2012-2016,False
19071,IA,2016,2020,2016-2020,-0.2643192462579762,-33.566315007075126,-2.0932292415332583,-42.8486646884273,3595.0,8.36362384689523,-9.397634625878641,-2.6083086793532715,-6.78932594652537,-9.231522384466803,4.928186844641559,-25.21376433785193,IA_2016-2020,True
19071,IA,2020,2024,2020-2024,-2.0932292415332583,-0.2643192462579762,,-43.112983934685275,3857.0,0.24994139709328955,-10.058387827741086,-5.308807560559501,-4.749580267181585,-9.397634625878641,-17.986542922002613,-34.61139896373057,IA_2020-2024,True
19073,IA,2008,2012,2008-2012,-0.5712541659983247,3.597872425661758,-24.922557571036194,0.4661016949152542,4804.0,1.8295106580533016,2.8576232661006253,-3.0918116839383867,5.949434950039012,,-3.157628558446433,-4.2066957787481805,IA_2008-2012,False
19073,IA,2012,2016,2012-2016,-24.922557571036194,-0.5712541659983247,-4.183974631750285,-0.10515247108307045,4846.0,1.8480628848530078,-11.635484688739146,-3.3613030443225274,-8.274181644416618,2.8576232661006253,0.38879370320758255,-1.349072512647555,IA_2012-2016,False
19073,IA,2016,2020,2016-2020,-4.183974631750285,-24.922557571036194,-4.190891146653925,-25.027710042119264,4821.0,3.563908579966768,-1.076468278323901,1.192778118701412,-2.269246397025313,-11.635484688739146,0.3121900533698465,-12.9845572013867,IA_2016-2020,True
19073,IA,2020,2024,2020-2024,-4.190891146653925,-4.183974631750285,,-29.21168467386955,5057.0,-0.407538445934974,-12.14833217294602,-5.381940637018154,-6.766391535927866,-1.076468278323901,-18.35568622005583,-14.061025479710601,IA_2020-2024,True
19075,IA,2008,2012,2008-2012,-5.916472940679206,12.828769238562256,-18.779833750919124,-17.14922048997773,6828.0,1.2290761329646127,-3.5587817107253237,-1.0592802433722568,-2.499501467353067,,-1.4992381059879136,-26.797534809404247,IA_2008-2012,False
19075,IA,2012,2016,2012-2016,-18.779833750919124,-5.916472940679206,3.5431918438610523,-23.065693430656935,6962.0,-0.9935670063654922,-0.9905939172691802,-0.3170881102617784,-0.6735058070074018,-3.5587817107253237,-0.06983750151191259,-30.35631652012957,IA_2012-2016,False
19075,IA,2016,2020,2016-2020,3.5431918438610523,-18.779833750919124,-4.151704850399568,-41.84552718157606,6872.0,4.98601108559763,1.2196606380178032,1.9523677509015016,-0.7327071128836984,-0.9905939172691802,1.700343892963673,-31.34691043739875,IA_2016-2020,True
19075,IA,2020,2024,2020-2024,-4.151704850399568,3.5431918438610523,,-38.30233533771501,7276.0,-0.6265741167087668,-9.880951403462134,-4.157758234236653,-5.723193169225482,1.2196606380178032,-14.888270167843629,-30.127249799380948,IA_2020-2024,True
19077,IA,2008,2012,2008-2012,-2.6092296894191964,4.093137220866964,-24.88532945030943,-7.8785751886295845,5847.0,1.307619586996911,-0.6589556338047604,-0.4818290804593861,-0.1771265533453743,,-1.0300878092584895,-8.837447243893081,IA_2008-2012,False
19077,IA,2012,2016,2012-2016,-24.88532945030943,-2.6092296894191964,-1.258948672439871,-10.487804878048781,5888.0,-1.0771612064616076,-5.4675875197414765,-3.090438152134606,-2.3771493676068705,-0.6589556338047604,-1.0044724937359462,-9.496402877697841,IA_2012-2016,False
19077,IA,2016,2020,2016-2020,-1.258948672439871,-24.88532945030943,-1.872589896398182,-35.37313432835821,5750.0,7.414972424651767,-2.867334903765503,-1.180746444665946,-1.686588459099557,-5.4675875197414765,4.5037727894551125,-14.963990397439318,IA_2016-2020,True
19077,IA,2020,2024,2020-2024,-1.872589896398182,-1.258948672439871,,-36.63208300079808,6371.0,1.7624441655024858,-10.063881605612686,-6.714879319257225,-3.3490022863554607,-2.867334903765503,-15.385246715551759,-17.83132530120482,IA_2020-2024,True
19079,IA,2008,2012,2008-2012,-4.01271334486759,7.036821244575544,-21.473119490111124,1.323918799646955,8078.0,-0.09100416840089887,-3.585899071300786,-2.7428039360417378,-0.8430951352590483,,-4.254346034747783,-4.195933456561923,IA_2008-2012,False
19079,IA,2012,2016,2012-2016,-21.473119490111124,-4.01271334486759,-3.1735492234541844,-2.6887945452206354,7927.0,-0.8148452676139506,-8.752092262942817,-1.8815658346158122,-6.870526428327004,-3.585899071300786,-0.3566555140313028,-7.781832527862709,IA_2012-2016,False
19079,IA,2016,2020,2016-2020,-3.1735492234541844,-21.473119490111124,-6.3540905750371905,-24.16191403533176,7694.0,3.3731787262981205,-3.3772670549912256,-0.025281022314935342,-3.3519860326762903,-8.752092262942817,1.3905916499008129,-16.533924790805525,IA_2016-2020,True
19079,IA,2020,2024,2020-2024,-6.3540905750371905,-3.1735492234541844,,-27.335463258785943,7943.0,0.36020729994301615,-10.432150356154345,-3.5953758298171827,-6.836774526337162,-3.3772670549912256,-14.875437599428821,-19.91119184579675,IA_2020-2024,True
19081,IA,2008,2012,2008-2012,-10.009999706323732,11.481139950655951,-29.319902401997474,-3.6248067342381036,5930.0,1.3928724564342687,-4.4396770934088075,-3.9386525245598634,-0.5010245688489441,,-2.3025188539158563,-17.05624543462381,IA_2008-2012,False
19081,IA,2012,2016,2012-2016,-29.319902401997474,-10.009999706323732,-1.7198473704584387,-13.634806440561837,5925.0,0.3142589811664265,-2.5659167954346103,-1.675942103686026,-0.8899746917485842,-4.4396770934088075,-2.074473964526618,-21.49592252803262,IA_2012-2016,False
19081,IA,2016,2020,2016-2020,-1.7198473704584387,-29.319902401997474,-3.337049863104454,-42.95470884255931,5871.0,3.5081821370219313,-3.6690313889338277,-1.7497839230257561,-1.9192474659080716,-2.5659167954346103,0.035300524945611755,-24.06183932346723,IA_2016-2020,True
19081,IA,2020,2024,2020-2024,-3.337049863104454,-1.7198473704584387,,-44.67455621301775,6172.0,-1.4326842997248956,-11.64780267131011,-6.375721564797594,-5.272081106512516,-3.6690313889338277,-18.524483690944194,-27.730870712401057,IA_2020-2024,True
19083,IA,2008,2012,2008-2012,-7.69961600210948,10.569518842299052,-23.87637571283649,0.8957280661460726,8859.0,0.8978150864053625,-9.540106107308299,-3.7168367074999384,-5.8232693998083604,,-0.5504471667343296,-7.0768965219642705,IA_2008-2012,False
19083,IA,2012,2016,2012-2016,-23.87637571283649,-7.69961600210948,-1.9894196091186487,-6.803887935963408,8898.0,-2.809755941374703,-2.736391603218923,-2.1522003347614103,-0.5841912684575128,-9.540106107308299,-1.909530327511746,-16.61700262927257,IA_2012-2016,False
19083,IA,2016,2020,2016-2020,-1.9894196091186487,-23.87637571283649,-6.129309910006654,-30.6802636487999,8533.0,2.710122138159521,-1.5928499196843404,-0.06284942233084223,-1.5300004973534982,-2.736391603218923,0.3037107677962183,-19.353394232491492,IA_2016-2020,True
19083,IA,2020,2024,2020-2024,-6.129309910006654,-1.9894196091186487,,-32.66968325791855,8989.0,-2.1610039858111385,-9.55252935559195,-4.909269155808957,-4.643260199782993,-1.5928499196843404,-19.48110634383353,-20.946244152175833,IA_2020-2024,True
19085,IA,2008,2012,2008-2012,-8.158220700858358,18.642417958958074,-26.498985588463043,-4.742765273311897,7578.0,-1.0688975716575455,-9.91289630514064,-8.003933104232212,-1.9089632009084276,,-3.946678050448341,-2.3341257834449967,IA_2008-2012,False
19085,IA,2012,2016,2012-2016,-26.498985588463043,-8.158220700858358,0.2478518618851666,-12.900985974170254,7322.0,3.00923462775855,-7.709956878909585,-6.492054066220854,-1.217902812688731,-9.91289630514064,-0.5684140591628051,-12.247022088585636,IA_2012-2016,False
19085,IA,2016,2020,2016-2020,0.2478518618851666,-26.498985588463043,-3.3648435561972008,-39.3999715626333,7465.0,3.9758525675257728,-8.236133499810794,-0.5748988631864655,-7.661234636624329,-7.709956878909585,4.764583656329947,-19.95697896749522,IA_2016-2020,True
19085,IA,2020,2024,2020-2024,-3.3648435561972008,0.2478518618851666,,-39.15211970074813,8155.0,-1.0818518451283898,-10.853029448165096,-5.3599062451807455,-5.49312320298435,-8.236133499810794,-12.66514688127107,-28.193112467306015,IA_2020-2024,True
19087,IA,2008,2012,2008-2012,-0.8982569721887614,6.536029646854435,-27.054857181601545,-5.157561879838622,9377.0,-1.1971031203672045,-6.335200557056407,-1.587242454048054,-4.747958103008353,,-6.2250056762279655,-10.881623120712305,IA_2008-2012,False
19087,IA,2012,2016,2012-2016,-27.054857181601545,-0.8982569721887614,-0.05258927249352041,-6.055818852027383,9697.0,-1.363350506401273,-1.0536624600087237,-1.1713979417586025,0.1177354817498788,-6.335200557056407,-2.2407028348881397,-17.216823677768712,IA_2012-2016,False
19087,IA,2016,2020,2016-2020,-0.05258927249352041,-27.054857181601545,-3.3429886688616506,-33.11067603362893,9404.0,1.3521029971849674,-1.2125686802766005,-0.6787229870934013,-0.5338456931831992,-1.0536624600087237,-4.537646961417451,-18.270486137777436,IA_2016-2020,True
19087,IA,2020,2024,2020-2024,-3.3429886688616506,-0.05258927249352041,,-33.16326530612245,9982.0,-1.050988747177084,-10.44580697056385,-4.983896141434236,-5.461910829129614,-1.2125686802766005,-17.809444541507325,-19.483054818054036,IA_2020-2024,True
19089,IA,2008,2012,2008-2012,-4.818278135224968,13.518099667711464,-43.10540697237023,26.141968689684752,4728.0,-0.9333843105495343,-3.1746929329495703,-2.137789807402674,-1.0369031255468961,,2.1569849269938146,11.222581193674545,IA_2008-2012,False
19089,IA,2012,2016,2012-2016,-43.10540697237023,-4.818278135224968,-5.965480320111979,21.323690554459784,4645.0,0.5476717414919618,-2.6265067373336555,-1.6880123558645819,-0.9384943814690736,-3.1746929329495703,0.9738233052839718,8.047888260724974,IA_2012-2016,False
19089,IA,2016,2020,2016-2020,-5.965480320111979,-43.10540697237023,-4.455483328979245,-21.78171641791045,4559.0,5.24508283820605,-6.869450764403303,-2.72329409169733,-4.146156672705973,-2.6265067373336555,0.6343831272198059,5.421381523391319,IA_2016-2020,True
19089,IA,2020,2024,2020-2024,-4.455483328979245,-5.965480320111979,,-27.747196738022428,4958.0,-0.2796716016083667,-8.618772970857572,-4.413873783093202,-4.2048991877643696,-6.869450764403303,-14.554869420587451,-1.448069241011984,IA_2020-2024,True
19091,IA,2008,2012,2008-2012,-7.684353983522994,4.600860019812208,-25.82537920041633,-14.540059347181009,5122.0,2.0899304982486933,-8.496837063039345,-5.251951870222154,-3.2448851928171916,,-3.8548715409583565,-8.878162936960655,IA_2008-2012,False
19091,IA,2012,2016,2012-2016,-25.82537920041633,-7.684353983522994,2.8058206306077054,-22.224413330704003,5158.0,0.4893189002778131,-6.008005707038681,-3.734179965239374,-2.273825741799307,-8.496837063039345,0.552543347063903,-17.375,IA_2012-2016,False
19091,IA,2016,2020,2016-2020,2.8058206306077054,-25.82537920041633,-5.375284991217299,-48.04979253112033,5087.0,3.04534741024991,-3.7202372821513556,-0.5237928885565957,-3.19644439359476,-6.008005707038681,0.6759452246917448,-23.38300570703868,IA_2016-2020,True
19091,IA,2020,2024,2020-2024,-5.375284991217299,2.8058206306077054,,-45.243971900512626,5327.0,-1.3553211244789476,-10.464012967766152,-3.8301806936830793,-6.633832274083073,-3.7202372821513556,-15.084118611588536,-27.103242989190036,IA_2020-2024,True
19093,IA,2008,2012,2008-2012,-10.077317028414186,7.997724209937054,-27.293462595576774,-16.67621776504298,3547.0,2.565615828932921,-2.4873043583262557,-2.0001161161738565,-0.4871882421523992,,-2.06143097925991,-21.332565284178187,IA_2008-2012,False
19093,IA,2012,2016,2012-2016,-27.293462595576774,-10.077317028414186,2.284766983983964,-26.753534793457167,3663.0,1.092051756007384,-6.93978166509207,-3.4753645229587313,-3.464417142133339,-2.4873043583262557,-1.8145233694217069,-23.819869642504443,IA_2012-2016,False
19093,IA,2016,2020,2016-2020,2.284766983983964,-27.293462595576774,-2.310608071458226,-54.04699738903394,3612.0,4.654198473282445,-1.919952325764342,0.5697643863249127,-2.4897167120892547,-6.93978166509207,0.6713195201744782,-30.759651307596513,IA_2016-2020,True
19093,IA,2020,2024,2020-2024,-2.310608071458226,2.284766983983964,,-51.762230405049976,3849.0,-1.8249301805995155,-10.3696031426542,-4.952531673193057,-5.417071469461142,-1.919952325764342,-19.876894433066468,-32.679603633360855,IA_2020-2024,True
19095,IA,2008,2012,2008-2012,-5.044634166994177,8.550884397545705,-20.710359994315862,0.16686531585220502,8546.0,1.849999712684014,-3.683777492981207,-2.1882372383859847,-1.4955402545952223,,-2.0504116417153284,-4.336535964684497,IA_2008-2012,False
19095,IA,2012,2016,2012-2016,-20.710359994315862,-5.044634166994177,-0.3772228556484052,-4.877768851141972,8866.0,0.39322580424787645,-3.1013104886614933,-2.3926763058358844,-0.7086341828256089,-3.683777492981207,1.7660222533872485,-8.020313457665704,IA_2012-2016,False
19095,IA,2016,2020,2016-2020,-0.3772228556484052,-20.710359994315862,-2.2137779989360062,-25.588128845457835,8904.0,5.514465341069719,-6.029636557874483,-1.808070301383978,-4.2215662564905045,-3.1013104886614933,0.6857230042162996,-11.121623946327198,IA_2016-2020,True
19095,IA,2020,2024,2020-2024,-2.2137779989360062,-0.3772228556484052,,-25.96535170110624,9742.0,-0.2712042621689559,-8.419747515288726,-3.750378840060616,-4.66936867522811,-6.029636557874483,-16.243734819273428,-17.15126050420168,IA_2020-2024,True
19097,IA,2008,2012,2008-2012,-7.693214339699974,10.563390573620753,-37.72311958494922,24.84910485933504,9955.0,2.0199941270175326,-4.81522910135541,-0.12182373397124024,-4.69340536738417,,-1.4250817929747654,27.268349728279563,IA_2008-2012,False
19097,IA,2012,2016,2012-2016,-37.72311958494922,-7.693214339699974,-6.084873610819113,17.155890519635065,10242.0,1.2171859076820946,-8.803163349795131,-4.04674612493212,-4.756417224863011,-4.81522910135541,-0.5859071554405091,22.453120626924154,IA_2012-2016,False
19097,IA,2016,2020,2016-2020,-6.084873610819113,-37.72311958494922,-6.305326136948217,-20.567229065314148,10310.0,5.029770509387877,-6.698085619375012,-1.2522049476603545,-5.445880671714657,-8.803163349795131,0.5237598414474149,13.649957277129023,IA_2016-2020,True
19097,IA,2020,2024,2020-2024,-6.305326136948217,-6.084873610819113,,-26.65210267613326,11135.0,-1.371353225915961,-21.101629244394342,-7.725951938657371,-13.375677305736971,-6.698085619375012,-19.81491081059771,6.951871657754011,IA_2020-2024,True
19099,IA,2008,2012,2008-2012,-0.4331603813755658,2.779174735337257,-26.743674902200123,7.64545263600084,19421.0,0.283125118822114,-6.684337461736721,-4.554238050390472,-2.130099411346249,,-5.93106276495466,13.860650609946825,IA_2008-2012,False
19099,IA,2012,2016,2012-2016,-26.743674902200123,-0.4331603813755658,-2.561055173389807,7.212292254625274,19515.0,-1.8259596644236487,-2.5250557216617198,-2.5288976370368017,0.003841915375081939,-6.684337461736721,2.166553700976877,7.176313148210104,IA_2012-2016,False
19099,IA,2016,2020,2016-2020,-2.561055173389807,-26.743674902200123,-5.928930992663005,-19.531382647574848,19034.0,2.4944595758161547,-5.703642833470742,-2.1039238509963276,-3.599718982474414,-2.5250557216617198,1.8342037111014093,4.651257426548384,IA_2016-2020,True
19099,IA,2020,2024,2020-2024,-5.928930992663005,-2.561055173389807,,-22.092437820964655,20184.0,0.5139336132872763,-13.927054577412868,-5.903417620744252,-8.023636956668618,-5.703642833470742,-17.90202505536655,-1.0523854069223573,IA_2020-2024,True
19101,IA,2008,2012,2008-2012,-4.259401081622027,10.454049349928878,-17.050690733950947,20.800571837026446,8631.0,0.3462558798266069,-4.995826105998574,-4.457761503432457,-0.5380646025661167,,-14.58022857987892,3.6635006784260518,IA_2008-2012,False
19101,IA,2012,2016,2012-2016,-17.050690733950947,-4.259401081622027,-1.2755851948474466,16.54117075540442,8530.0,-9.145679050321576,7.316697449680394,1.3711792401028766,5.945518209577517,-4.995826105998574,-8.479778832178525,-1.332325427572522,IA_2012-2016,False
19101,IA,2016,2020,2016-2020,-1.2755851948474466,-17.050690733950947,-5.155074165753551,-0.5095199785465272,8156.0,13.216748762119234,2.887698735619857,3.6275110636611743,-0.7398123280413174,7.316697449680394,12.280131868642115,5.984372022107872,IA_2016-2020,True
19101,IA,2020,2024,2020-2024,-5.155074165753551,-1.2755851948474466,,-1.7851051733939738,8959.0,-1.4200985943540356,-10.734769914241317,-5.319344605145328,-5.4154253090959905,2.887698735619857,-17.638864283068983,8.872070757727728,IA_2020-2024,True
19103,IA,2008,2012,2008-2012,-5.952841575023477,12.584170355792597,4.659288657886819,42.2177009155646,72975.0,-0.9754055531428274,-5.081193012472706,-3.6472272072941223,-1.433965805178584,,-6.189875033460126,28.44606071164148,IA_2008-2012,False
19103,IA,2012,2016,2012-2016,4.659288657886819,-5.952841575023477,2.7389863860931385,36.26485934054112,75977.0,-2.999304340454867,3.490713741750909,-0.3331638242507289,3.823877566001638,-5.081193012472706,-3.463242547459174,23.364867699168773,IA_2012-2016,False
19103,IA,2016,2020,2016-2020,2.7389863860931385,4.659288657886819,-5.092731831920794,40.92414799842794,76940.0,1.9644825232574603,7.6587859351840315,1.2332594563818482,6.425526478802183,3.490713741750909,0.45657321970067244,26.855581440919682,IA_2016-2020,True
19103,IA,2020,2024,2020-2024,-5.092731831920794,2.7389863860931385,,43.66313438452108,83851.0,-0.632476116293279,-4.046095535928185,-1.2118117289479002,-2.8342838069802845,7.6587859351840315,-13.497106508946317,34.51436737610371,IA_2020-2024,True
19105,IA,2008,2012,2008-2012,-2.639615002691741,8.342535986851335,-28.260226740469967,10.567455080702468,10004.0,2.837383802646154,-5.786140117631661,-4.090214427717234,-1.6959256899144282,,0.22142743352353023,4.931569691872467,IA_2008-2012,False
19105,IA,2012,2016,2012-2016,-28.260226740469967,-2.639615002691741,-1.7140561167062707,7.9278400780107265,10449.0,-2.046824423911442,-3.4497109198065545,-2.083869642468438,-1.3658412773381166,-5.786140117631661,-0.240956432587339,-0.8545704257591943,IA_2012-2016,False
19105,IA,2016,2020,2016-2020,-1.7140561167062707,-28.260226740469967,-4.695798439938745,-20.33238666245924,10133.0,3.5409641450910856,-5.358806399713777,-2.6703286269028963,-2.688477772810881,-3.4497109198065545,0.41333232963964406,-4.304281345565749,IA_2016-2020,True
19105,IA,2020,2024,2020-2024,-4.695798439938745,-1.7140561167062707,,-22.04644277916551,10989.0,-0.04595577089916425,-9.697865409337318,-5.325507888477398,-4.37235752085992,-5.358806399713777,-15.277774811745857,-9.663087745279526,IA_2020-2024,True
19107,IA,2008,2012,2008-2012,-6.784218227378148,11.531717248928736,-32.786209873716224,-3.7093690248565965,5361.0,-0.5229683976456845,-16.20948099089791,-14.075590584414503,-2.133890406483406,,-0.9878955005433454,16.964036799553945,IA_2008-2012,False
19107,IA,2012,2016,2012-2016,-32.786209873716224,-6.784218227378148,-2.57507555258627,-10.493587252234745,5266.0,-2.6976574468050907,-7.035924629948812,-3.77941355049491,-3.256511079453902,-16.20948099089791,-4.545160818454946,0.7545558086560364,IA_2012-2016,False
19107,IA,2016,2020,2016-2020,-2.57507555258627,-32.786209873716224,-6.228460654796095,-43.27979712595097,4985.0,5.514743874018313,-10.691522744972282,-3.3575588092666537,-7.333963935705629,-7.035924629948812,2.652740810507467,-6.281368821292776,IA_2016-2020,True
19107,IA,2020,2024,2020-2024,-6.228460654796095,-2.57507555258627,,-45.85487267853724,5303.0,-1.4274962004998115,-18.559313142822315,-6.923789925353141,-11.635523217469174,-10.691522744972282,-19.420918861483884,-16.97289156626506,IA_2020-2024,True
19109,IA,2008,2012,2008-2012,-15.676332523534485,13.225122381433696,-25.574791790281168,3.3057851239669422,9097.0,-0.038471905279302554,-11.377055663454417,-6.546708995783099,-4.830346667671319,,-4.332462341594493,12.291771832407875,IA_2008-2012,False
19109,IA,2012,2016,2012-2016,-25.574791790281168,-15.676332523534485,-2.0368513711486216,-12.370547399567544,8923.0,-1.7037169213466097,-5.158965895130894,-1.8358288000524083,-3.323137095078486,-11.377055663454417,-0.42055175247921284,0.9147161689534571,IA_2012-2016,False
19109,IA,2016,2020,2016-2020,-2.0368513711486216,-25.574791790281168,-4.761972980795335,-37.94533918984871,8607.0,7.235897435897442,-14.483860872900905,-0.129305521164218,-14.354555351736686,-5.158965895130894,2.8034188034188077,-4.244249726177437,IA_2016-2020,True
19109,IA,2020,2024,2020-2024,-4.761972980795335,-2.0368513711486216,,-39.98219056099733,9090.0,-3.8699198834668658,-14.13999826344783,-4.924644668344673,-9.215353595103156,-14.483860872900905,-18.166949906935344,-18.72811059907834,IA_2020-2024,True
19111,IA,2008,2012,2008-2012,-0.5085940810246363,1.1353458257975806,-33.065942434208594,16.341882366877925,17224.0,6.032508225024258,-5.103427591423269,-4.159005664595412,-0.9444219268278573,,-0.13129032109095817,30.272213211765223,IA_2008-2012,False
19111,IA,2012,2016,2012-2016,-33.065942434208594,-0.5085940810246363,-2.750219421893636,15.833288285853289,18911.0,-8.545724053517912,-2.600976993895447,0.29081932468792715,-2.891796318583374,-5.103427591423269,-1.4442206558899358,25.168785620341954,IA_2012-2016,False
19111,IA,2016,2020,2016-2020,-2.750219421893636,-33.065942434208594,-8.434051355435706,-17.23265414835531,16151.0,3.8711457222103673,-10.433459153530885,-3.0004809326453703,-7.432978220885515,-2.600976993895447,2.414592845459083,22.567808626446507,IA_2016-2020,True
19111,IA,2020,2024,2020-2024,-8.434051355435706,-2.750219421893636,,-19.982873570248945,16734.0,-0.2928430625354528,-16.01271800896806,-6.082153283557667,-9.930564725410395,-10.433459153530885,-19.44611500457475,12.134349472915622,IA_2020-2024,True
19113,IA,2008,2012,2008-2012,-3.8247753450006883,11.850758262198065,-8.211242509035296,21.8613148491443,113355.0,0.20032412342108064,-3.9740615209928984,-2.3409875823150657,-1.6330739386778328,,-4.362374169340825,11.845048779616196,IA_2008-2012,False
19113,IA,2012,2016,2012-2016,-8.211242509035296,-3.8247753450006883,3.9207108047279835,18.03653950414361,118453.0,-3.097532969539263,0.5694621134043247,-0.4910257561544338,1.0604878695587585,-3.9740615209928984,-4.489734946631927,7.870987258623297,IA_2012-2016,False
19113,IA,2016,2020,2016-2020,3.9207108047279835,-8.211242509035296,-3.6950106606514233,9.825296995108316,117098.0,3.180374187397872,3.843431387063614,1.2936188332772343,2.5498125537863796,0.5694621134043247,6.608381150674461,8.440449372027622,IA_2016-2020,True
19113,IA,2020,2024,2020-2024,-3.6950106606514233,3.9207108047279835,,13.746007799836299,127458.0,-2.713549677619209,-5.823522046350196,-1.7708494464406943,-4.052672599909502,3.843431387063614,-16.972369336524196,12.283880759091236,IA_2020-2024,True
19115,IA,2008,2012,2008-2012,-3.6640455872952504,9.968837034543196,-30.7818939495999,4.320860037213149,4920.0,1.2296027429989143,-7.071301849257627,-6.3541000844171345,-0.7172017648404925,,-4.132330394029196,-1.7963263101026472,IA_2008-2012,False
19115,IA,2012,2016,2012-2016,-30.7818939495999,-3.6640455872952504,-3.8963272281467454,0.6568144499178982,4968.0,0.6259782912419576,-3.723099140299036,-1.7456154558714125,-1.9774836844276233,-7.071301849257627,-3.023685556878405,-8.867628159360274,IA_2012-2016,False
19115,IA,2016,2020,2016-2020,-3.8963272281467454,-30.7818939495999,-7.526776526515647,-30.125079499682002,5008.0,4.447778751105069,-2.232566447657902,1.838991957760033,-4.071558405417935,-3.723099140299036,3.4653587082849384,-12.59072729965931,IA_2016-2020,True
19115,IA,2020,2024,2020-2024,-7.526776526515647,-3.8963272281467454,,-34.02140672782875,5332.0,-0.7382148167908498,-13.903978979955514,-5.3182234486676485,-8.585755531287866,-2.232566447657902,-21.22361903114279,-14.823293747317212,IA_2020-2024,True
19117,IA,2008,2012,2008-2012,0.6095685185512751,5.368477185817879,-33.50023338738938,-6.9052534985088325,4471.0,1.2827136696937802,-7.347289843035898,-4.159069594282676,-3.188220248753222,,-1.2681723127420383,-4.322623385226897,IA_2008-2012,False
19117,IA,2012,2016,2012-2016,-33.50023338738938,0.6095685185512751,-4.1219676339633935,-6.295684979957557,4323.0,-0.15115078212167843,-6.250914161180857,-3.895272759458404,-2.355641401722453,-7.347289843035898,-1.4337473235495821,-11.669913228262795,IA_2012-2016,False
19117,IA,2016,2020,2016-2020,-4.1219676339633935,-33.50023338738938,-4.911179439705208,-39.795918367346935,4354.0,2.3845689266461245,-4.481543600793447,-1.0165267660042048,-3.4650168347892425,-6.250914161180857,-0.3728736536131976,-17.92082738944365,IA_2016-2020,True
19117,IA,2020,2024,2020-2024,-4.911179439705208,-4.1219676339633935,,-43.91788600131033,4630.0,1.5095529513234784,-15.799636270066127,-7.728297726134922,-8.071338543931205,-4.481543600793447,-15.12813973357693,-22.4023709902371,IA_2020-2024,True
19119,IA,2008,2012,2008-2012,-10.04519357713032,11.461076367578436,-14.35709080142091,-45.49300357956395,6217.0,3.6372917033359875,-9.384176126877634,-1.8096051378460274,-7.574570989031606,,-3.15562755712331,-46.89373950587671,IA_2008-2012,False
19119,IA,2012,2016,2012-2016,-14.35709080142091,-10.04519357713032,1.3470197193531988,-55.53819715669427,6509.0,-1.3996575309111359,-0.8791420213212007,-1.0726089532651244,0.19346693194392373,-9.384176126877634,0.0882757904222018,-56.27791563275434,IA_2012-2016,False
19119,IA,2016,2020,2016-2020,1.3470197193531988,-14.35709080142091,-1.893800527490555,-69.89528795811518,6377.0,3.8116748341953444,-8.419865422847536,-4.139284719649261,-4.280580703198275,-0.8791420213212007,0.8063722594399678,-57.157057654075544,IA_2016-2020,True
19119,IA,2020,2024,2020-2024,-1.893800527490555,1.3470197193531988,,-68.54826823876198,6863.0,1.3687129554978639,-7.750859326629509,-2.595508518327307,-5.155350808302202,-8.419865422847536,-13.863028113101208,-65.57692307692308,IA_2020-2024,True
19121,IA,2008,2012,2008-2012,-2.0135261799961164,4.446849456204246,-21.174927078958405,-10.178055822906641,8480.0,-1.2173218374007533,-10.469562997096833,-6.511133102979175,-3.9584298941176588,,-2.4852725412830665,1.5192867540029111,IA_2008-2012,False
19121,IA,2012,2016,2012-2016,-21.174927078958405,-2.0135261799961164,-1.7406448678230717,-12.191582002902758,8458.0,-0.3800202291425081,-5.868654941494389,-2.4179042767575485,-3.450750664736841,-10.469562997096833,-2.9787627712614295,-8.950276243093922,IA_2012-2016,False
19121,IA,2016,2020,2016-2020,-1.7406448678230717,-21.174927078958405,-3.952813635404908,-33.36650908186116,8636.0,5.19062538201307,-2.9600097558286826,-0.20342895048515786,-2.756580805343525,-5.868654941494389,-0.09632910331831113,-14.818931184588312,IA_2016-2020,True
19121,IA,2020,2024,2020-2024,-3.952813635404908,-1.7406448678230717,,-35.10715394968423,9824.0,1.2271156804345429,-10.699862052101707,-4.318368311333835,-6.381493740767873,-2.9600097558286826,-12.677416004271947,-17.778940940416994,IA_2020-2024,True
19123,IA,2008,2012,2008-2012,-4.131472324877528,11.980132675125109,-26.921520244875136,-16.832789939450397,10932.0,-1.2128748704246295,-5.684380073693852,-4.436354069572442,-1.2480260041214102,,-4.565745042145679,-13.698536917318815,IA_2008-2012,False
19123,IA,2012,2016,2012-2016,-26.921520244875136,-4.131472324877528,-0.5001636295520697,-20.964262264327925,10883.0,-0.523280953120453,-11.267460299680828,-1.931162431370005,-9.336297868310822,-5.684380073693852,-0.02189819235472612,-19.382916991012667,IA_2012-2016,False
19123,IA,2016,2020,2016-2020,-0.5001636295520697,-26.921520244875136,-3.821027155013418,-47.88578250920306,10632.0,4.843842412825139,-0.9315316915109086,-2.5476216942988934,1.6160900027879848,-11.267460299680828,2.0875553332311085,-30.650377290693495,IA_2016-2020,True
19123,IA,2020,2024,2020-2024,-3.821027155013418,-0.5001636295520697,,-48.38594613875513,11404.0,-2.059913756993692,-12.306664070666542,-6.514088466368392,-5.79257560429815,-0.9315316915109086,-21.734832778477184,-31.581908982204403,IA_2020-2024,True
19125,IA,2008,2012,2008-2012,-2.3859191725704623,9.619859883925818,-19.93612780388915,-11.003178029621635,17030.0,2.587643784257865,-10.743574192845784,-4.381113880999771,-6.362460311846013,,-2.354162375324364,-5.56928508384819,IA_2008-2012,False
19125,IA,2012,2016,2012-2016,-19.93612780388915,-2.3859191725704623,-1.2991136182573797,-13.389097202192097,17687.0,-0.30745374894638466,-2.264821248470138,-1.2129139191823164,-1.0519073292878218,-10.743574192845784,1.9852006224919307,-16.312859276693974,IA_2012-2016,False
19125,IA,2016,2020,2016-2020,-1.2991136182573797,-19.93612780388915,-3.680287487957777,-33.32522500608125,17816.0,4.713970351921071,-3.8141111630579942,-2.1082930501728683,-1.705818112885126,-2.264821248470138,0.2706448404446604,-18.577680525164112,IA_2016-2020,True
19125,IA,2020,2024,2020-2024,-3.680287487957777,-1.2991136182573797,,-34.62433862433863,19232.0,1.0443830650556318,-9.627119890089936,-4.711316445036779,-4.915803445053157,-3.8141111630579942,-13.667201761966808,-22.391791688222106,IA_2020-2024,True
19127,IA,2008,2012,2008-2012,-0.00432373225828897,10.1349980875362,-18.424590297652003,9.5349980875362,18657.0,1.8338828765860238,-2.184362454025375,-2.831942236062233,0.6475797820368576,,-5.6704332519066725,1.8127340823970037,IA_2008-2012,False
19127,IA,2012,2016,2012-2016,-18.424590297652003,-0.00432373225828897,0.8313948583754414,9.530674355277911,19064.0,-2.6330320688602082,-1.053718560322807,-1.1090429782222992,0.05532441789949227,-2.184362454025375,-2.249180087102374,-0.37162837162837165,IA_2012-2016,False
19127,IA,2016,2020,2016-2020,0.8313948583754414,-18.424590297652003,-7.755521278382611,-8.893915942374091,17980.0,-0.14654325479345198,1.8416419066761267,0.8911174717814315,0.9505244348946951,-1.053718560322807,-2.3855377684614325,-1.4253469319511787,IA_2016-2020,True
19127,IA,2020,2024,2020-2024,-7.755521278382611,0.8313948583754414,,-8.06252108399865,18136.0,-2.234907868180247,-12.316050614890885,-4.765401591650139,-7.550649023240745,1.8416419066761267,-21.56948225771187,0.416294974724948,IA_2020-2024,True
19129,IA,2008,2012,2008-2012,-2.505901780887992,15.890686116974706,-22.22984221705349,-16.859896633608045,7282.0,-0.45093802030604646,-2.8356451611053153,0.1501143512382619,-2.985759512343577,,0.06587363244813105,-25.97310686482661,IA_2008-2012,False
19129,IA,2012,2016,2012-2016,-22.22984221705349,-2.505901780887992,3.33862438339591,-19.365798414496037,7212.0,3.75692842217048,-1.3676096616837796,-1.205545359688987,-0.16206430199479271,-2.8356451611053153,2.7177390076524546,-28.808752025931927,IA_2012-2016,False
19129,IA,2016,2020,2016-2020,3.33862438339591,-22.22984221705349,-1.3024767997115205,-41.59564063154953,7698.0,7.202611711895535,-3.27025400199064,-0.6769007865502203,-2.5933532154404197,-1.3676096616837796,5.688791926294485,-30.176361687615707,IA_2016-2020,True
19129,IA,2020,2024,2020-2024,-1.3024767997115205,3.33862438339591,,-38.25701624815362,8268.0,-0.8669867940833687,-9.531507105030208,-3.9061722207636365,-5.625334884266572,-3.27025400199064,-20.486879363491127,-33.44661568960635,IA_2020-2024,True
19131,IA,2008,2012,2008-2012,-9.13640428458611,10.011440200339777,-29.074432999392883,12.570821529745043,5766.0,-2.706909698407167,-3.6528106734876644,-2.22897224182182,-1.4238384316658443,,-0.7611818484870554,-6.622702399326505,IA_2008-2012,False
19131,IA,2012,2016,2012-2016,-29.074432999392883,-9.13640428458611,-2.789477012020189,3.434417245158933,5586.0,-1.9198010649495556,-1.706185525984802,0.0511817527106313,-1.7573672786954333,-3.6528106734876644,-1.2671045648925343,-10.275513072814169,IA_2012-2016,False
19131,IA,2016,2020,2016-2020,-2.789477012020189,-29.074432999392883,-3.1429671738761655,-25.64001575423395,5417.0,6.370522087508313,-2.109597119942169,-1.1917811065310886,-0.9178160134110804,-1.706185525984802,2.3914154078885446,-11.981698598798971,IA_2016-2020,True
19131,IA,2020,2024,2020-2024,-3.1429671738761655,-2.789477012020189,,-28.42949276625414,5822.0,-0.45630846235171774,-10.852093934629352,-5.012809166540585,-5.839284768088767,-2.109597119942169,-16.67436936303845,-14.09129571874114,IA_2020-2024,True
19133,IA,2008,2012,2008-2012,-7.324670897826095,1.1151098937731705,-33.10024646183666,-2.4649383765405863,4796.0,0.08497717878901412,-4.634230226681209,-2.424333610451498,-2.2098966162297113,,0.9500088150600448,7.8530812970646995,IA_2008-2012,False
19133,IA,2012,2016,2012-2016,-33.10024646183666,-7.324670897826095,3.1597208036696145,-9.789609274366681,4742.0,-1.1462341890539296,-8.467424827514705,-1.9743060566450061,-6.493118770869698,-4.634230226681209,-3.367430714942927,3.21885107038349,IA_2012-2016,False
19133,IA,2016,2020,2016-2020,3.1597208036696145,-33.10024646183666,-6.142429113886237,-42.889855736203344,4572.0,4.2983301970545895,-10.403008413675181,-3.1001890774084258,-7.302819336266756,-8.467424827514705,-1.1306107885156962,-5.248573757131214,IA_2016-2020,True
19133,IA,2020,2024,2020-2024,-6.142429113886237,3.1597208036696145,,-39.73013493253373,4728.0,0.587872503977549,-15.57730296432874,-6.3465504155614845,-9.230752548767256,-10.403008413675181,-15.411877223404062,-15.651582170806396,IA_2020-2024,True
19135,IA,2008,2012,2008-2012,-2.533420851202383,0.08681667449439967,-34.974195074085856,-5.318588730911006,3873.0,-0.6117824350291068,-10.864613659134491,-8.736558065983528,-2.1280555931509637,,-3.175997042066527,16.776250249053597,IA_2008-2012,False
19135,IA,2012,2016,2012-2016,-34.974195074085856,-2.533420851202383,-4.017976803366828,-7.852009582113388,3830.0,1.5213421966815188,-9.297924215337165,-3.0418328338524234,-6.256091381484741,-10.864613659134491,0.5376500172912273,5.911636589919104,IA_2012-2016,False
19135,IA,2016,2020,2016-2020,-4.017976803366828,-34.974195074085856,-4.349194088412496,-42.826204656199245,3865.0,5.173774054708302,-12.04031973406435,-3.0449860189703384,-8.995333715094013,-9.297924215337165,4.427818573496339,-3.3862876254180603,IA_2016-2020,True
19135,IA,2020,2024,2020-2024,-4.349194088412496,-4.017976803366828,,-46.84418145956607,4088.0,1.8070298960138675,-18.933582213977303,-8.68655912582771,-10.247023088149593,-12.04031973406435,-12.45534854611978,-15.42660735948241,IA_2020-2024,True
19137,IA,2008,2012,2008-2012,-11.155972317054987,20.183896901103886,-22.75615424912067,-10.761557644350662,5287.0,-2.052706654547065,-3.363557843304946,0.3583279520912015,-3.7218857953961475,,-3.43760957857144,-37.55074424898511,IA_2008-2012,False
19137,IA,2012,2016,2012-2016,-22.75615424912067,-11.155972317054987,4.989934924948109,-21.91752996140565,5025.0,3.421997252256692,3.232298597822961,0.8236190441695399,2.408679553653421,-3.363557843304946,2.9726646914983945,-40.91430209229006,IA_2012-2016,False
19137,IA,2016,2020,2016-2020,4.989934924948109,-22.75615424912067,0.07622025073639804,-44.67368421052632,5044.0,1.1585635606024214,2.2008915914022325,2.513675218206437,-0.3127836268042046,3.232298597822961,-1.4185550407277105,-37.6820034944671,IA_2016-2020,True
19137,IA,2020,2024,2020-2024,0.07622025073639804,4.989934924948109,,-39.68374928557821,5327.0,-2.0233262553459697,-8.27265997382107,-3.0068606055261995,-5.265799368294871,2.2008915914022325,-24.947302882236308,-35.481111903064864,IA_2020-2024,True
19139,IA,2008,2012,2008-2012,0.3187422627499661,13.056018858933612,-22.960576621542316,15.86821582046793,19119.0,0.5069380908052978,-1.7581265370473433,-1.039774720116062,-0.7183518169312811,,-5.663900276938293,0.14468115889608277,IA_2008-2012,False
19139,IA,2012,2016,2012-2016,-22.960576621542316,0.3187422627499661,-0.6039571893031921,16.186958083217895,19865.0,-2.116044138798101,1.111388075671173,-0.06238299259236446,1.1737710682635374,-1.7581265370473433,-1.8891660394156418,-1.6134453781512605,IA_2012-2016,False
19139,IA,2016,2020,2016-2020,-0.6039571893031921,-22.960576621542316,-7.8052377406640625,-6.7736185383244205,19434.0,3.7949708020360684,0.07546390383217177,0.3739198184972731,-0.29845591466510135,1.111388075671173,3.5044056477815957,-0.5020573024800876,IA_2016-2020,True
19139,IA,2020,2024,2020-2024,-7.8052377406640625,-0.6039571893031921,,-7.377575727627613,20671.0,-2.565062555860531,-11.736530775052888,-4.648174562850881,-7.088356212202006,0.07546390383217177,-25.830124300648414,-0.42659339864791584,IA_2020-2024,True
19141,IA,2008,2012,2008-2012,-10.227224773868421,3.805682414364526,-17.21462917524819,-35.3429203539823,7333.0,1.7643794590206818,-7.499768562789917,-5.242538529230174,-2.2572300335597433,,-4.642387519044121,-33.62389813907934,IA_2008-2012,False
19141,IA,2012,2016,2012-2016,-17.21462917524819,-10.227224773868421,4.962193657937625,-45.57014512785072,7341.0,1.8557318873791417,-7.139413154093468,-2.02892652573469,-5.110486628358778,-7.499768562789917,1.3289033532664263,-41.123666701869254,IA_2012-2016,False
19141,IA,2016,2020,2016-2020,4.962193657937625,-17.21462917524819,-3.7179526163523136,-62.784774303098914,7406.0,0.9427872501885703,-0.7492396002819675,-1.0803001225087527,0.3310605222267853,-7.139413154093468,-0.811034002095468,-48.26307985596272,IA_2016-2020,True
19141,IA,2020,2024,2020-2024,-3.7179526163523136,4.962193657937625,,-57.82258064516129,7551.0,1.6788214243099953,-9.529152428355282,-4.204054812761157,-5.3250976155941245,-0.7492396002819675,-16.924616902194032,-49.01231945624469,IA_2020-2024,True
19143,IA,2008,2012,2008-2012,-9.637098985695367,9.838567259666192,-22.242919374909285,-32.31070496083551,3127.0,3.9538196400385917,-10.110078666541838,-5.5814639312068905,-4.528614735334948,,-2.291929033949259,-38.81095524382098,IA_2008-2012,False
19143,IA,2012,2016,2012-2016,-22.242919374909285,-9.637098985695367,0.6591699233819099,-41.947803946530875,3194.0,3.2782489489156075,-0.3330565612444971,-0.43591828570610147,0.10286172446160435,-10.110078666541838,2.39806532893752,-48.921033910362816,IA_2012-2016,False
19143,IA,2016,2020,2016-2020,0.6591699233819099,-22.242919374909285,-1.5408191633010944,-64.19072332144016,3213.0,0.623396714120672,-1.2290013158322992,-0.7459095283926871,-0.4830917874396121,-0.3330565612444971,-2.790843401805475,-49.25409047160731,IA_2016-2020,True
19143,IA,2020,2024,2020-2024,-1.5408191633010944,0.6591699233819099,,-63.53155339805825,3328.0,-0.616686186756854,-10.376851304561654,-6.527020265033741,-3.8498310395279134,-1.2290013158322992,-20.16654773631589,-50.48309178743961,IA_2020-2024,True
19145,IA,2008,2012,2008-2012,-4.91354684078172,20.665114074178014,-21.135121690784693,-20.0110329609709,7356.0,-1.2254819617377621,-1.4940598235386773,-1.0894968521630304,-0.4045629713756469,,-5.372941378717556,-26.728936692140767,IA_2008-2012,False
19145,IA,2012,2016,2012-2016,-21.135121690784693,-4.91354684078172,2.3316194855235537,-24.92457980175262,7079.0,0.47527219324454695,-10.518276798898025,-1.5230074256387063,-8.995269373259319,-1.4940598235386773,-0.27749025168380115,-28.222996515679444,IA_2012-2016,False
19145,IA,2016,2020,2016-2020,2.3316194855235537,-21.135121690784693,0.8471725379994837,-46.059701492537314,7044.0,3.1649612808060223,2.3232060876867138,2.888027385205511,-0.5648212975187974,-10.518276798898025,-1.6970740660873673,-38.74127331457747,IA_2016-2020,True
19145,IA,2020,2024,2020-2024,0.8471725379994837,2.3316194855235537,,-43.72808200701376,7528.0,-0.2655813213510716,-14.360589908672175,-6.787031794279287,-7.573558114392888,2.3232060876867138,-13.098901705076557,-36.418067226890756,IA_2020-2024,True
19147,IA,2008,2012,2008-2012,-13.694209024028106,6.561597513775212,-26.718923218403255,2.837780601440068,4806.0,3.722128877307407,-1.7773064505233265,-3.5535261822249957,1.7762197317016692,,-0.6740477022059252,15.070164734594265,IA_2008-2012,False
19147,IA,2012,2016,2012-2016,-26.718923218403255,-13.694209024028106,-0.3866659207812191,-10.856428422588039,4887.0,0.2869116129307181,-9.190040686443652,-2.174360693909728,-7.015679992533924,-1.7773064505233265,1.0398766087785276,13.292858284070938,IA_2012-2016,False
19147,IA,2016,2020,2016-2020,-0.3866659207812191,-26.718923218403255,-7.581327981573033,-37.57535164099129,4703.0,4.242677988713616,-11.429064531396705,-4.645670040463279,-6.783394490933427,-9.190040686443652,1.2783046624838477,4.102817597627286,IA_2016-2020,True
19147,IA,2020,2024,2020-2024,-7.581327981573033,-0.3866659207812191,,-37.96201756177251,4958.0,0.936823479447646,-13.37399876647628,-4.644053681949523,-8.729945084526756,-11.429064531396705,-18.132275433980396,-7.326246933769419,IA_2020-2024,True
19149,IA,2008,2012,2008-2012,-9.43609108745018,3.916494467391889,-19.340133445414622,-25.302565757624656,12512.0,2.326017774953293,-5.418510222692195,-2.0490974185699216,-3.3694128041222733,,1.1258473433859137,-21.193924408336276,IA_2008-2012,False
19149,IA,2012,2016,2012-2016,-19.340133445414622,-9.43609108745018,3.961008864263462,-34.738656845074836,12950.0,0.7454619517245686,-4.514769025408878,-1.6296051396193256,-2.8851638857895523,-5.418510222692195,-2.7185855412259343,-26.61243463102847,IA_2012-2016,False
19149,IA,2016,2020,2016-2020,3.961008864263462,-19.340133445414622,-4.782327545804513,-54.07879029048946,13190.0,4.352198984606604,-2.824974754874294,-0.5573672324777732,-2.2676075223965206,-4.514769025408878,1.6773952263397547,-31.12720365643735,IA_2016-2020,True
19149,IA,2020,2024,2020-2024,-4.782327545804513,3.961008864263462,,-50.117781426225996,14188.0,-1.3713592951313913,-9.146613344196531,-3.9666482418682776,-5.179965102328254,-2.824974754874294,-18.662049639839353,-33.95217841131164,IA_2020-2024,True
19151,IA,2008,2012,2008-2012,-13.693053764842686,5.937253800313492,-25.172749542491943,-8.583037074657186,4011.0,3.7124702915070085,-8.434372511535377,-4.672770801955762,-3.7616017095796144,,-5.061149259626248,-2.868271954674221,IA_2008-2012,False
19151,IA,2012,2016,2012-2016,-25.172749542491943,-13.693053764842686,-2.989406629960378,-22.276090839499872,4032.0,0.6095516638727427,-10.752342489439611,-1.0203864410685668,-9.731956048371044,-8.434372511535377,2.462545242086563,-11.302644466209598,IA_2012-2016,False
19151,IA,2016,2020,2016-2020,-2.989406629960378,-25.172749542491943,-4.372993408144318,-47.448840381991815,3865.0,-1.7377549868803466,-8.288840716264627,0.6633944934417144,-8.952235209706341,-10.752342489439611,-4.1219704878255214,-22.05498695564921,IA_2016-2020,True
19151,IA,2020,2024,2020-2024,-4.372993408144318,-2.989406629960378,,-50.43824701195219,3823.0,-3.412912094873677,-9.192281974896915,-4.340432460037157,-4.851849514859758,-8.288840716264627,-18.50322524333623,-30.343827671913836,IA_2020-2024,True
19153,IA,2008,2012,2008-2012,-0.4518786504779868,10.19565196004276,-2.078437429241145,14.866224863756338,214386.0,0.40406722350463387,-6.200527160764781,-3.3710297948215846,-2.8294973659431966,,-7.9605641913199605,14.088777892954504,IA_2008-2012,False
19153,IA,2012,2016,2012-2016,-2.078437429241145,-0.4518786504779868,2.9059612467727565,14.414346213278352,228882.0,-3.766747208718302,1.2871533244010935,-0.2420938588163173,1.5292471832174108,-6.200527160764781,1.0539181179835566,7.888250732189722,IA_2012-2016,False
19153,IA,2016,2020,2016-2020,2.9059612467727565,-2.078437429241145,-4.2100249165678445,12.335908784037207,231555.0,4.382917616650095,5.816923194906247,2.642574898727858,3.1743482961783887,1.2871533244010935,4.279749047569467,9.175404056590816,IA_2016-2020,True
19153,IA,2020,2024,2020-2024,-4.2100249165678445,2.9059612467727565,,15.241870030809963,258755.0,-1.5180786580896166,-6.601603374056106,-1.9127682056584536,-4.688835168397652,5.816923194906247,-17.20580502847514,14.992327251497063,IA_2020-2024,True
19155,IA,2008,2012,2008-2012,-3.4171365705689523,16.532455154796406,-17.503828802224053,-1.9221078396083795,42320.0,-1.296101811513073,-5.872182836092554,-1.855360000843468,-4.016822835249085,,-2.4815125432952243,-2.669674416952344,IA_2008-2012,False
19155,IA,2012,2016,2012-2016,-17.503828802224053,-3.4171365705689523,5.53276983136103,-5.339244410177332,42301.0,0.6226310691902381,-1.375250858392775,-0.7939857154950332,-0.5812651428977418,-5.872182836092554,1.6478417352116566,-8.541857253044897,IA_2012-2016,False
19155,IA,2016,2020,2016-2020,5.53276983136103,-17.503828802224053,-2.9326023560096175,-22.843073212401386,42680.0,3.8029998227562145,-0.6229759973076501,-0.023767903115924582,-0.5992080941917255,-1.375250858392775,4.344242125837937,-9.917108111437672,IA_2016-2020,True
19155,IA,2020,2024,2020-2024,-2.9326023560096175,5.53276983136103,,-17.310303381040356,45744.0,-1.5288968524457158,-9.29391514071937,-4.312255998329688,-4.981659142389683,-0.6229759973076501,-21.73941363552119,-10.540084108745322,IA_2020-2024,True
19157,IA,2008,2012,2008-2012,-2.419714539779317,11.179239993743924,-16.479442493306106,11.958616492544882,10031.0,0.6223376062503672,-8.734966425836856,-2.558045420980692,-6.176921004856164,,-3.7600594899234494,9.598264382434353,IA_2008-2012,False
19157,IA,2012,2016,2012-2016,-16.479442493306106,-2.419714539779317,-6.758226871023744,9.538901952765565,9975.0,-1.2797663738075782,2.9104337583106883,-0.7292391284293717,3.63967288674006,-8.734966425836856,1.1620065144857108,0.8632979565974972,IA_2012-2016,False
19157,IA,2016,2020,2016-2020,-6.758226871023744,-16.479442493306106,-3.512428517188896,-6.940540540540541,9833.0,2.6332327378721487,0.39324610601631615,-0.34786951409760203,0.7411156201139182,2.9104337583106883,4.3932968726594055,3.7737317149081857,IA_2016-2020,True
19157,IA,2020,2024,2020-2024,-3.512428517188896,-6.758226871023744,,-13.698767411564285,10140.0,-0.4520346645626616,-10.941660405726473,-6.571649754967786,-4.370010650758687,0.39324610601631615,-19.558990128567274,4.166977820924502,IA_2020-2024,True
19159,IA,2008,2012,2008-2012,-0.8689663896914244,0.28358732174511125,-34.43387669186093,-6.257110352673493,2689.0,-1.3559213820310334,-17.139567241373644,-7.011658633160487,-10.127908608213158,,-0.7989152897769003,-0.8419083255378859,IA_2008-2012,False
19159,IA,2012,2016,2012-2016,-34.43387669186093,-0.8689663896914244,-5.588760691752533,-7.126076742364917,2599.0,4.231538105850163,-4.586865183247401,-1.6613815759456116,-2.925483607301789,-17.139567241373644,2.032277242180143,-17.98147556691153,IA_2012-2016,False
19159,IA,2016,2020,2016-2020,-5.588760691752533,-34.43387669186093,-4.75479133953236,-41.55995343422585,2707.0,4.684560143288429,-20.90040924984107,1.8842491076936199,-22.78465835753469,-4.586865183247401,6.741713547424737,-22.56834075015893,IA_2016-2020,True
19159,IA,2020,2024,2020-2024,-4.75479133953236,-5.588760691752533,,-47.14871412597838,2714.0,-1.1333650106082005,-6.329118430724002,-5.592363007852512,-0.7367554228714894,-20.90040924984107,-14.602579119519092,-43.46875,IA_2020-2024,True
19161,IA,2008,2012,2008-2012,-9.584374686975588,8.037183763469228,-30.289221304245377,-9.050594638177786,5053.0,4.418294607389662,-7.693766794446827,-6.557660583961699,-1.1361062104851278,,-3.711160689992937,-16.567420934233162,IA_2008-2012,False
19161,IA,2012,2016,2012-2016,-30.289221304245377,-9.584374686975588,-0.1780446216089473,-18.634969325153374,5291.0,0.9642482518954387,-2.6316131873068436,-1.313483371507953,-1.3181298157988905,-7.693766794446827,1.1251681598305652,-24.26118772867999,IA_2012-2016,False
19161,IA,2016,2020,2016-2020,-0.1780446216089473,-30.289221304245377,-3.0595758456707216,-48.92419062939875,5212.0,5.821096861852526,-7.752981524018914,-2.238647641285098,-5.5143338827338155,-2.6316131873068436,1.603114638918015,-26.892800915986832,IA_2016-2020,True
19161,IA,2020,2024,2020-2024,-3.0595758456707216,-0.1780446216089473,,-49.1022352510077,5535.0,-0.48769905950214465,-10.278894747942601,-5.685006364065501,-4.5938883838771005,-7.752981524018914,-18.591122161956392,-34.645782440005746,IA_2020-2024,True
19163,IA,2008,2012,2008-2012,-0.7793171248686992,12.091775493593891,-12.326827156696984,14.728227735309291,86371.0,-0.38253827548561103,-2.6985737080955197,-1.6086832948420442,-1.0898904132534755,,-6.116757066209516,7.150945583265718,IA_2008-2012,False
19163,IA,2012,2016,2012-2016,-12.326827156696984,-0.7793171248686992,1.643617879824457,13.948910610440592,90263.0,-4.436086754127466,-0.6829132720568216,-0.5786733771436587,-0.10423989491316288,-2.6985737080955197,3.1432226693010676,4.452371875170198,IA_2012-2016,False
19163,IA,2016,2020,2016-2020,1.643617879824457,-12.326827156696984,-7.219123977850469,1.6220834537436077,86220.0,3.4885469558720184,2.4873354952527205,0.1200131188839011,2.3673223763688194,-0.6829132720568216,1.452915030203826,3.7694586031133763,IA_2016-2020,True
19163,IA,2020,2024,2020-2024,-7.219123977850469,1.643617879824457,,3.2657013335680647,92599.0,-1.864353235656313,-9.414575233699574,-3.680819203532486,-5.733756030167088,2.4873354952527205,-21.729956441762837,6.256794098366097,IA_2020-2024,True
19165,IA,2008,2012,2008-2012,-12.76091095174704,18.914135201821367,-22.21883625373116,-9.840969925995907,6453.0,1.9508225863607564,-11.90649288968947,-2.848519098474511,-9.05797379121496,,4.452626580761063,-6.4546087764104945,IA_2008-2012,False
19165,IA,2012,2016,2012-2016,-22.21883625373116,-12.76091095174704,3.561346816631527,-22.601880877742946,6483.0,0.28299002046300314,-4.480714701165503,-4.2955399379100605,-0.1851747632554428,-11.90649288968947,-6.917418995001057,-18.361101666099966,IA_2012-2016,False
19165,IA,2016,2020,2016-2020,3.561346816631527,-22.21883625373116,-2.243983296138552,-44.820717131474105,6370.0,4.077890587136846,-3.361909739678641,-0.49609058047059307,-2.8658191592080478,-4.480714701165503,1.9757180306242077,-22.84181636726547,IA_2016-2020,True
19165,IA,2020,2024,2020-2024,-2.243983296138552,3.561346816631527,,-41.25937031484258,6795.0,-2.2500013915353834,-13.72395206090281,-6.585917906000873,-7.138034154901938,-3.361909739678641,-17.49982899576294,-26.20372610694411,IA_2020-2024,True
19167,IA,2008,2012,2008-2012,-5.116783113152927,9.281061991816195,-4.641823086726475,-63.31719128329298,16664.0,1.5719029114951821,-2.858923563467613,-2.523411906760373,-0.33551165670724004,,-5.215067132583229,-62.13272665666295,IA_2008-2012,False
19167,IA,2012,2016,2012-2016,-4.641823086726475,-5.116783113152927,5.2030721452985915,-68.4339743964459,17308.0,2.843675269593471,0.001720230680106738,1.2438219749084283,-1.2421017442283215,-2.858923563467613,3.586558960880751,-64.99165022013057,IA_2012-2016,False
19167,IA,2016,2020,2016-2020,5.2030721452985915,-4.641823086726475,-4.010137770429651,-73.07579748317238,18194.0,-0.004241824590078824,2.030150773959349,1.0882906451881666,0.9418601287711823,0.001720230680106738,1.0581306295666053,-64.98992998945046,IA_2016-2020,True
19167,IA,2020,2024,2020-2024,-4.010137770429651,5.2030721452985915,,-67.87272533787379,19051.0,1.6069633806717887,-5.773176521869914,-2.0004190780405224,-3.7727574438293914,2.030150773959349,-10.768121820936088,-62.95977921549111,IA_2020-2024,True
19169,IA,2008,2012,2008-2012,-2.358421971811019,10.96945667430602,-0.3861546678961858,16.584326899852886,46575.0,-1.9638117711301528,-4.4294691599327685,-2.7872664936314138,-1.6422026663013547,,-11.382444652976005,6.809130810554322,IA_2008-2012,False
19169,IA,2012,2016,2012-2016,-0.3861546678961858,-2.358421971811019,3.526892269422266,14.225904928041867,47150.0,1.5960242326851337,0.1996354093062913,-2.2889393903412403,2.4885747996475316,-4.4294691599327685,6.930546148474804,2.3796616506215535,IA_2012-2016,False
19169,IA,2016,2020,2016-2020,3.526892269422266,-0.3861546678961858,-6.835979717261527,13.839750260145681,50667.0,-2.5870592177853258,7.23341848731083,2.005234791014271,5.228183696296559,0.1996354093062913,0.7049948846916294,2.579297059927845,IA_2016-2020,True
19169,IA,2020,2024,2020-2024,-6.835979717261527,3.526892269422266,,17.366642529567947,51038.0,-3.137379695916853,-6.083710784140154,-1.299643350334673,-4.784067433805481,7.23341848731083,-23.272328508014184,9.812715547238675,IA_2020-2024,True
19171,IA,2008,2012,2008-2012,-4.818313223760727,12.028632563588458,-29.29076595325899,12.375272393623122,8850.0,1.3692008926655563,-4.199582256700762,-2.4898227596100395,-1.7097594970907233,,-5.162957956024769,2.9581284963553145,IA_2008-2012,False
19171,IA,2012,2016,2012-2016,-29.29076595325899,-4.818313223760727,2.0977699377439336,7.556959169862395,9017.0,-0.22347315382000854,-0.9064963287811116,0.5014394950102127,-1.4079358237913242,-4.199582256700762,3.141304046396513,-1.241453760345448,IA_2012-2016,False
19171,IA,2016,2020,2016-2020,2.0977699377439336,-29.29076595325899,-7.6926411044006,-21.733806783396595,8752.0,3.5349771596012936,-2.584670231729055,-1.1172095807693858,-1.4674606509596693,-0.9064963287811116,1.4715742600862427,-2.1479500891265597,IA_2016-2020,True
19171,IA,2020,2024,2020-2024,-7.6926411044006,2.0977699377439336,,-19.63603684565266,9048.0,-2.983857970939152,-18.186516506272675,-5.601147344775336,-12.58536916149734,-2.584670231729055,-22.522549452834596,-4.732620320855615,IA_2020-2024,True
19173,IA,2008,2012,2008-2012,-5.493791043883979,11.957868755517085,-32.863872991600985,-8.801624915368992,3026.0,0.5632250364314362,-14.087119604350733,-2.957933915172962,-11.12918568917777,,-2.825998018670475,-13.81429221665908,IA_2008-2012,False
19173,IA,2012,2016,2012-2016,-32.863872991600985,-5.493791043883979,-6.447676223275394,-14.29541595925297,2995.0,1.5034886181073404,-3.7812430921351172,-1.5211603574678776,-2.2600827346672396,-14.087119604350733,-5.916049968264161,-27.901411821009813,IA_2012-2016,False
19173,IA,2016,2020,2016-2020,-6.447676223275394,-32.863872991600985,-2.6779051901634006,-47.159288950853956,3029.0,8.557867988844126,-5.0094570461426,0.424411705547989,-5.433868751690589,-3.7812430921351172,6.162627827703744,-31.68265491314493,IA_2016-2020,True
19173,IA,2020,2024,2020-2024,-2.6779051901634006,-6.447676223275394,,-53.60696517412935,3249.0,-4.161162227602899,-11.646758472606159,-4.853781760519233,-6.792976712086926,-5.0094570461426,-21.805972558514924,-36.69211195928753,IA_2020-2024,True
19175,IA,2008,2012,2008-2012,0.13932370314285603,10.858637283865137,-33.35663913860439,3.7882719252724444,5909.0,-0.02209993369463037,-11.068415400352908,-9.131742012008422,-1.9366733883444862,,-5.640094671036522,-2.8652587378041248,IA_2008-2012,False
19175,IA,2012,2016,2012-2016,-33.35663913860439,0.13932370314285603,-2.830611378882388,3.9275956284153004,5957.0,-1.2814897944636638,0.3049439999319965,-0.26021278300261663,0.5651567829346131,-11.068415400352908,1.2198626000343609,-13.933674138157032,IA_2012-2016,False
19175,IA,2016,2020,2016-2020,-2.830611378882388,-33.35663913860439,-4.408138284297898,-29.429043510189096,5832.0,6.344663109429893,-7.5141270046321065,0.16946213350248485,-7.683589138134591,0.3049439999319965,4.761209552538276,-13.628730138225036,IA_2016-2020,True
19175,IA,2020,2024,2020-2024,-4.408138284297898,-2.830611378882388,,-32.259654889071484,6185.0,-1.4087528312343167,-10.220924396587126,-4.712116604836911,-5.508807791750215,-7.5141270046321065,-17.47486300750107,-21.142857142857142,IA_2020-2024,True
19177,IA,2008,2012,2008-2012,-6.64229574595864,4.557552211557164,-30.78154914817317,-12.45753114382786,3608.0,0.5505619141639717,-6.291349326113458,-5.294465949750027,-0.9968833763634315,,-0.19124174667757643,-16.346724717989314,IA_2008-2012,False
19177,IA,2012,2016,2012-2016,-30.78154914817317,-6.64229574595864,-3.3896519994235064,-19.0998268897865,3569.0,2.906877377445949,-1.2153290972584827,-1.5740213562379424,0.35869225897945967,-6.291349326113458,1.1650762247880806,-22.638074044102773,IA_2012-2016,False
19177,IA,2016,2020,2016-2020,-3.3896519994235064,-30.78154914817317,-3.0579082522603827,-49.88137603795967,3561.0,3.6308294361904303,-9.890336424581982,0.7470201626378525,-10.637356587219834,-1.2153290972584827,-0.40099498715055404,-23.853403141361255,IA_2016-2020,True
19177,IA,2020,2024,2020-2024,-3.0579082522603827,-3.3896519994235064,,-53.271028037383175,3791.0,-2.2314437375454577,-10.98828657784761,-2.951994584422067,-8.036291993425543,-9.890336424581982,-17.247969948644553,-33.74373956594324,IA_2020-2024,True
19179,IA,2008,2012,2008-2012,-1.8035287556372115,3.5127251954631067,-33.93932722693333,13.931408641736098,15931.0,1.1078802403701626,-8.86273817418396,-5.9419990502604705,-2.9207391239234894,,-0.004789282162846575,28.364982156232102,IA_2008-2012,False
19179,IA,2012,2016,2012-2016,-33.93932722693333,-1.8035287556372115,-2.3794753654232927,12.127879886098887,15770.0,-2.1318784801772517,-4.710248949330943,-1.2170710782110987,-3.493177871119844,-8.86273817418396,-3.968235702740728,19.502243982048142,IA_2012-2016,False
19179,IA,2016,2020,2016-2020,-2.3794753654232927,-33.93932722693333,-7.690816424177051,-21.81144734083444,15149.0,2.5787738726119724,-7.950042679434224,-1.5108219198346085,-6.439220759599616,-4.710248949330943,-0.19155098800661108,14.7919950327172,IA_2016-2020,True
19179,IA,2020,2024,2020-2024,-7.690816424177051,-2.3794753654232927,,-24.190922706257734,15633.0,-2.4757006861280573,-15.166269367077945,-7.967399974495958,-7.198869392581987,-7.950042679434224,-21.869787578803454,6.841952353282975,IA_2020-2024,True
19181,IA,2008,2012,2008-2012,-2.5909303175863583,6.8813979303352255,-15.498103910100662,0.6341283803133821,24880.0,0.04620639400537696,-8.235685783867702,-4.734610352761596,-3.501075431106106,,-1.47564040007137,5.970793229339528,IA_2008-2012,False
19181,IA,2012,2016,2012-2016,-15.498103910100662,-2.5909303175863583,0.06445843918757888,-1.956801937272976,26072.0,-0.48983775855441225,-3.714388962404036,-1.9346744347739149,-1.7797145276301212,-8.235685783867702,0.8115760558624316,-2.264892554528174,IA_2012-2016,False
19181,IA,2016,2020,2016-2020,0.06445843918757888,-15.498103910100662,-3.648126416275087,-17.454905847373638,27300.0,4.334884451134613,-0.6587807668048136,1.0522256177814988,-1.7110063845863124,-3.714388962404036,1.6724405683421537,-5.97928151693221,IA_2016-2020,True
19181,IA,2020,2024,2020-2024,-3.648126416275087,0.06445843918757888,,-17.39044740818606,31039.0,2.729528654786162,-8.644350466161612,-3.5448415685485495,-5.099508897613063,-0.6587807668048136,-12.742632299930733,-6.638062283737024,IA_2020-2024,True
19183,IA,2008,2012,2008-2012,-3.4473929146714624,12.333090017623409,-17.857717018133346,-0.7391763463569165,10626.0,0.820736998367877,-6.530742382358303,-1.7484248700967857,-4.782317512261518,,1.6084858738659733,-13.578190079515336,IA_2008-2012,False
19183,IA,2012,2016,2012-2016,-17.857717018133346,-3.4473929146714624,1.0089677196049394,-4.186569261028379,11004.0,-0.8780403966305639,-2.025812887530666,0.6158115350090476,-2.6416244225397136,-6.530742382358303,3.0575451234569186,-20.10893246187364,IA_2012-2016,False
19183,IA,2016,2020,2016-2020,1.0089677196049394,-17.857717018133346,-3.6843731012701255,-22.044286279161724,10929.0,3.8695539622050856,5.732628947287903,3.0847839974262286,2.6478449498616747,-2.025812887530666,0.8048547020896137,-22.134745349404305,IA_2016-2020,True
19183,IA,2020,2024,2020-2024,-3.6843731012701255,1.0089677196049394,,-21.035318559556785,11765.0,-0.7584105650923045,-9.506057159942124,-6.24573306024919,-3.2603240996929337,5.732628947287903,-17.401743155302185,-16.402116402116402,IA_2020-2024,True
19185,IA,2008,2012,2008-2012,-4.596478567429719,4.256909290217463,-36.70691713351606,-7.1184120465434635,2980.0,-1.3936153314517585,-8.690822319883148,-4.546154531705028,-4.144667788178119,,-6.8221509939292275,-0.737350622934147,IA_2008-2012,False
19185,IA,2012,2016,2012-2016,-36.70691713351606,-4.596478567429719,-4.2320509304658245,-11.714890613973182,2900.0,1.6405447070914736,-4.38228274630767,-1.932842051415692,-2.449440694891978,-8.690822319883148,0.831213600548125,-9.428172942817294,IA_2012-2016,False
19185,IA,2016,2020,2016-2020,-4.2320509304658245,-36.70691713351606,-5.443241354628839,-48.42180774748924,2940.0,3.9965897166841513,-7.662433439550515,-1.6627260014114018,-5.999707438139113,-4.38228274630767,3.275598985659329,-13.810455689124964,IA_2016-2020,True
19185,IA,2020,2024,2020-2024,-5.443241354628839,-4.2320509304658245,,-52.653858677955064,3109.0,0.6146891835449586,-25.044602204447745,-13.379113192856732,-11.665489011591013,-7.662433439550515,-11.706034485208036,-21.47288912867548,IA_2020-2024,True
19187,IA,2008,2012,2008-2012,-2.7242809060359603,5.405097163827639,-28.85782770166805,8.655637120631095,18554.0,-0.32174987849733494,-5.500534813069445,-3.7377519125113263,-1.7627829005581184,,0.2208462586176836,14.051797511449763,IA_2008-2012,False
19187,IA,2012,2016,2012-2016,-28.85782770166805,-2.7242809060359603,-1.8531451881247172,5.931356214595135,18292.0,-2.056570892200549,-3.3716610644897216,-0.07400551643777398,-3.2976555480519476,-5.500534813069445,-1.37366782450907,8.551262698380318,IA_2012-2016,False
19187,IA,2016,2020,2016-2020,-1.8531451881247172,-28.85782770166805,-6.807309526973249,-22.926471487072916,17430.0,0.7463954179990351,-6.057195944084832,-3.1268763928195376,-2.9303195512652946,-3.3716610644897216,0.18405871100607385,5.179601633890597,IA_2016-2020,True
19187,IA,2020,2024,2020-2024,-6.807309526973249,-1.8531451881247172,,-24.779616675197634,17822.0,-2.899289451177567,-19.104141892077322,-6.901817454511647,-12.202324437565677,-6.057195944084832,-22.203261785751764,-0.8775943101942353,IA_2020-2024,True
19189,IA,2008,2012,2008-2012,-8.808328492667195,16.71316188062193,-28.137273812624912,8.756684491978609,6082.0,-0.27109819306937455,-9.244124808641834,-1.7798122177589875,-7.464312590882846,,0.8652947432881035,-10.830275852697378,IA_2008-2012,False
19189,IA,2012,2016,2012-2016,-28.137273812624912,-8.808328492667195,1.043379509269819,-0.051644000688586676,5918.0,-1.604409063074097,1.5498104974047848,1.0483998359161824,0.5014106614886025,-9.244124808641834,0.7593386405388856,-20.07440066133921,IA_2012-2016,False
19189,IA,2016,2020,2016-2020,1.043379509269819,-28.137273812624912,-3.999637530041081,-28.1889178133135,5787.0,1.1387863553060096,2.529948502849363,1.0109289617486361,1.519019541100727,1.5498104974047848,0.3973017314037861,-18.524590163934427,IA_2016-2020,True
19189,IA,2020,2024,2020-2024,-3.999637530041081,1.043379509269819,,-27.14553830404368,5970.0,-2.0305266357773077,-11.981857388508855,-7.009915152085595,-4.97194223642326,2.529948502849363,-18.594985069416154,-15.994641661085064,IA_2020-2024,True
19191,IA,2008,2012,2008-2012,-8.001735168011516,22.74192727154079,-15.87036042593695,23.02287876058368,11280.0,-1.64223392195606,-6.602704436456944,-1.858380543357622,-4.744323893099322,,-8.663716419071392,-0.34683684794672587,IA_2008-2012,False
19191,IA,2012,2016,2012-2016,-15.87036042593695,-8.001735168011516,-4.588493604345652,15.021143592572164,11084.0,2.6505808026927036,4.696582493586615,0.9288947619110166,3.767687731675599,-6.602704436456944,6.917763487021247,-6.9495412844036695,IA_2012-2016,False
19191,IA,2016,2020,2016-2020,-4.588493604345652,-15.87036042593695,-3.97665796542201,-0.8492168333647858,11362.0,5.317408275588987,3.1585304761481754,1.6173206807810345,1.5412097953671406,4.696582493586615,3.912029364851719,-2.252958790817054,IA_2016-2020,True
19191,IA,2020,2024,2020-2024,-3.97665796542201,-4.588493604345652,,-5.437710437710438,12064.0,1.6613043504680403,-7.182662711177966,-3.685269143674053,-3.4973935675039134,3.1585304761481754,-10.86643034595896,0.9055716853311212,IA_2020-2024,True
19193,IA,2008,2012,2008-2012,1.5782456825076185,1.7345701748695765,-21.849472794618755,-0.5339124926473915,44801.0,0.20186927681264955,-4.32875618265004,-2.2195513485680953,-2.109204834081945,,-1.893813015496363,4.1919620145836864,IA_2008-2012,False
19193,IA,2012,2016,2012-2016,-21.849472794618755,1.5782456825076185,4.623199205923665,1.044333189860227,45019.0,-3.1814276628009175,-3.9708790137832217,-1.022363711722051,-2.9485153020611707,-4.32875618265004,-1.5065048253661928,-0.13679416806635383,IA_2012-2016,False
19193,IA,2016,2020,2016-2020,4.623199205923665,-21.849472794618755,-7.145219215545151,-20.80513960475853,43718.0,0.5856558791150102,-2.3923268181504245,0.3810081314564746,-2.773334949606899,-3.9708790137832217,0.9207662045740506,-4.1076731818495755,IA_2016-2020,True
19193,IA,2020,2024,2020-2024,-7.145219215545151,4.623199205923665,,-16.181940398834865,45362.0,-2.5725765248270305,-11.845741080924295,-4.370832361855911,-7.4749087190683845,-2.3923268181504245,-25.415141589842428,-6.5,IA_2020-2024,True
19195,IA,2008,2012,2008-2012,-8.050207536157068,10.820992161657752,-37.975636808168964,22.852357023211294,4257.0,-1.9456140914788977,-8.044409902329765,-1.6851559341352456,-6.359253968194519,,-1.0979162587918267,4.104067423964822,IA_2008-2012,False
19195,IA,2012,2016,2012-2016,-37.975636808168964,-8.050207536157068,-3.2442166899502674,14.802149487054226,4172.0,1.5098663715541805,-7.416479110840456,-0.8759529718539807,-6.540526138986475,-8.044409902329765,-1.5409025620469663,-3.940342478364942,IA_2012-2016,False
19195,IA,2016,2020,2016-2020,-3.2442166899502674,-37.975636808168964,-2.1638730668416954,-23.173487321114738,4257.0,2.809371262973215,-0.3107829877970403,0.7245295304925641,-1.0353125182896044,-7.416479110840456,-0.007695911128962507,-11.356821589205397,IA_2016-2020,True
19195,IA,2020,2024,2020-2024,-2.1638730668416954,-3.2442166899502674,,-26.417704011065005,4418.0,-0.8504935415484471,-13.843318608339354,-5.34280996251155,-8.500508645827804,-0.3107829877970403,-17.398551759041766,-11.667604577002438,IA_2020-2024,True
19197,IA,2008,2012,2008-2012,-6.770450783385302,9.160537374529143,-25.132705984940003,-1.5238095238095237,6395.0,1.4229365121600779,-6.405692239816819,-3.4087728450692687,-2.9969193947475503,,-7.684072162205311,-13.183837070739898,IA_2008-2012,False
19197,IA,2012,2016,2012-2016,-25.132705984940003,-6.770450783385302,-1.5990753745318358,-8.294260307194826,6278.0,-1.8411401638424474,-0.15689298419598074,-0.09265287162546443,-0.06424011257051632,-6.405692239816819,-0.7272584446190109,-19.589529310556717,IA_2012-2016,False
19197,IA,2016,2020,2016-2020,-1.5990753745318358,-25.132705984940003,-2.0182407448574367,-33.42696629213483,6026.0,3.112880095254178,-1.8852375413128755,-1.7738653272298386,-0.11137221408303688,-0.15689298419598074,-0.8327506249045484,-19.746422294752698,IA_2016-2020,True
19197,IA,2020,2024,2020-2024,-2.0182407448574367,-1.5990753745318358,,-35.026041666666664,6254.0,-1.360066625118328,-12.813711306553273,-4.591205576380158,-8.222505730173115,-1.8852375413128755,-15.547001654175688,-21.631659836065573,IA_2020-2024,True
08001,CO,2012,2016,2012-2016,-7.964727217113646,-1.4266603084101774,7.44153011122887,17.29217286928756,176230.0,0.33413832154776113,-0.39748926261227524,-1.0105837083945541,0.6130944457822789,,11.092968625108938,10.75798658647674,CO_2012-2016,False
08001,CO,2016,2020,2016-2020,7.44153011122887,-7.964727217113646,-7.507041643268909,9.327445652173912,193665.0,7.481710756988235,0.5089086930347442,0.2780752690808139,0.23083342395393025,-0.39748926261227524,7.314274948223698,10.360497323864465,CO_2016-2020,True
08001,CO,2020,2024,2020-2024,-7.507041643268909,7.44153011122887,,16.768975763402782,236740.0,-2.2530068024010252,-0.8625920385092538,0.6190160207817659,-1.4816080592910197,0.5089086930347442,7.522049118203256,10.869406016899209,CO_2020-2024,True
08003,CO,2012,2016,2012-2016,-14.680099027106431,2.581140799615163,-3.0066581348326316,16.973603437691835,6715.0,0.11862223276942752,-0.9171066079565975,-0.6470042687753104,-0.2701023391812871,,12.706715937213957,9.665644619652504,CO_2012-2016,False
08003,CO,2016,2020,2016-2020,-3.0066581348326316,-14.680099027106431,-10.422307171520478,2.2935044105854048,6939.0,5.008617412241801,-3.9281121191225408,-1.0444683810207716,-2.883643738101769,-0.9171066079565975,4.674312507920419,8.748538011695906,CO_2016-2020,True
08003,CO,2020,2024,2020-2024,-10.422307171520478,-3.0066581348326316,,-0.7131537242472267,7808.0,-2.2322539029082655,-4.6837605274816045,-2.144632488715245,-2.5391280387663597,-3.9281121191225408,6.833026656094489,4.820425892573366,CO_2020-2024,True
08005,CO,2012,2016,2012-2016,5.334718005092313,-2.9756884123736143,9.842143432913605,10.13155964550096,285516.0,-1.6485793860818498,2.7290569624695697,-0.6294365404238775,3.358493502893447,,5.915689563594142,1.9034454447199032,CO_2012-2016,False
08005,CO,2016,2020,2016-2020,9.842143432913605,5.334718005092313,-4.610146203429924,15.466277650593273,303046.0,6.685821471311781,4.593838763671246,1.9096512681515136,2.6841874955197325,2.7290569624695697,4.9071103939770495,4.632502407189473,CO_2016-2020,True
08005,CO,2020,2024,2020-2024,-4.610146203429924,9.842143432913605,,25.30842108350688,350183.0,-5.911764965623512,0.467696294997463,0.9352565461162712,-0.46756025111880817,4.593838763671246,3.129334827734226,9.226341170860719,CO_2020-2024,True
08007,CO,2012,2016,2012-2016,-7.868282892694456,-5.822946565921519,9.82518233676306,-18.21096015875439,6734.0,0.7304502762597531,1.9007047979676486,0.18718962040472675,1.7135151775629218,,12.360036097672733,-26.981573559520328,CO_2012-2016,False
08007,CO,2016,2020,2016-2020,9.82518233676306,-7.868282892694456,1.849324911133932,-26.079243051448845,7339.0,13.397910149407155,4.797126430264335,2.9455976603788407,1.851528769885494,1.9007047979676486,12.55105470674333,-25.08086876155268,CO_2016-2020,True
08007,CO,2020,2024,2020-2024,1.849324911133932,9.82518233676306,,-16.254060714685785,9144.0,-0.8597818759847664,2.02623160167461,0.0834851201915221,1.9427464814830877,4.797126430264335,7.729263808869305,-20.283742331288344,CO_2020-2024,True
08009,CO,2012,2016,2012-2016,-18.30108394409028,-4.753198926292164,1.2296969566124716,-53.89930898321816,2106.0,4.925662079554449,-6.830240621321217,0.2486628730395246,-7.078903494360741,,18.02401319867633,-20.48530097993467,CO_2012-2016,False
08009,CO,2016,2020,2016-2020,1.2296969566124716,-18.30108394409028,-0.9823891899363559,-72.20039292730844,2153.0,4.899817850637522,-9.952010580907299,-4.970740704907136,-4.981269876000162,-6.830240621321217,5.865823458381939,-27.315541601255887,CO_2016-2020,True
08009,CO,2020,2024,2020-2024,-0.9823891899363559,1.2296969566124716,,-70.97069597069597,2225.0,-5.174206968278739,-1.8155869009758945,-1.528964049032382,-0.28662285194351256,-9.952010580907299,1.7008770238449955,-37.267552182163186,CO_2020-2024,True
08011,CO,2012,2016,2012-2016,-19.87668208140649,1.0621495696122558,-0.8633484572817665,-13.756613756613756,1942.0,0.3735064037156566,-3.3785625092821823,-1.8557446973147358,-1.5228178119674465,,10.723985079370387,-1.4007003501750876,CO_2012-2016,False
08011,CO,2016,2020,2016-2020,-0.8633484572817665,-19.87668208140649,-5.251137115253805,-33.633295838020246,1927.0,10.000107571992562,-10.026212644865495,-4.913597132565067,-5.1126155123004295,-3.3785625092821823,9.724149553755517,-4.77926285945727,CO_2016-2020,True
08011,CO,2020,2024,2020-2024,-5.251137115253805,-0.8633484572817665,,-34.49664429530201,2274.0,-2.8703555508133025,-3.6906641398531317,-1.8792874345118324,-1.8113767053412992,-10.026212644865495,3.2469698945637973,-14.805475504322766,CO_2020-2024,True
08013,CO,2012,2016,2012-2016,9.442093777814655,-3.976625362299224,5.489775441402706,42.902348747943705,179499.0,-1.499386724113272,4.363626753954442,-0.31563343374222796,4.67926018769667,,4.2014769261352995,23.549252425598297,CO_2012-2016,False
08013,CO,2016,2020,2016-2020,5.489775441402706,9.442093777814655,-0.533542769289852,52.34444252575836,188142.0,2.7652468215063064,2.5751393949423758,1.141952874663648,1.4331865202787277,4.363626753954442,1.231002498001999,27.91287917955274,CO_2016-2020,True
08013,CO,2020,2024,2020-2024,-0.533542769289852,5.489775441402706,,57.83421796716107,206111.0,-4.69700055534571,-1.4043859512460166,0.08559736407686458,-1.4899833153228812,2.5751393949423758,0.31468932397872607,30.488018574495115,CO_2020-2024,True
08014,CO,2012,2016,2012-2016,9.60740239840084,-5.668841456587539,12.440431626755181,6.12372552699068,32777.0,0.45964901285650006,4.580716800226824,-0.09265528066475737,4.673372080891582,,7.566872689760814,-3.3169676778303816,CO_2012-2016,False
08014,CO,2016,2020,2016-2020,12.440431626755181,9.60740239840084,1.1820242006282093,15.731127925391519,37689.0,6.289455313676862,5.909977711430064,2.9757798188323097,2.934197892597754,4.580716800226824,4.387358011083549,1.2637491223964428,CO_2016-2020,True
08014,CO,2020,2024,2020-2024,1.1820242006282093,12.440431626755181,,28.1715595521467,46632.0,-3.4585885129862493,1.6331067067476397,1.472897041936804,0.16020966481083576,5.909977711430064,3.0346218622821937,7.173726833826507,CO_2020-2024,True
08015,CO,2012,2016,2012-2016,-5.051014467142617,0.28082156695391625,11.902887760578645,0.15754233950374164,10462.0,0.3035385299536175,2.496166940622695,-0.832396915963173,3.328563856585868,,5.312178387650093,-11.5494721774915,CO_2012-2016,False
08015,CO,2016,2020,2016-2020,11.902887760578645,-5.051014467142617,6.950373330414002,-4.8934721276388755,11250.0,13.663744557329471,4.731377908786206,2.414833822323076,2.3165440864631295,2.496166940622695,12.393555878084186,-9.053305236868805,CO_2016-2020,True
08015,CO,2020,2024,2020-2024,6.950373330414002,11.902887760578645,,7.00941563293977,13718.0,-0.07490899926191341,3.484506583974453,2.5560923952611025,0.9284141887133501,4.731377908786206,4.833380258870534,-4.3219273280826,CO_2020-2024,True
08017,CO,2012,2016,2012-2016,-7.445895011667645,-3.9748156567056654,-1.6667396142308348,-67.57775683317625,1093.0,12.417912046708446,2.1451297500132114,0.34820129377290954,1.7969284562403018,,24.679415073115862,-54.53728661275831,CO_2012-2016,False
08017,CO,2016,2020,2016-2020,-1.6667396142308348,-7.445895011667645,-2.500359986011972,-75.0236518448439,1102.0,4.841249682499371,-4.807524919275586,-2.3541606495298595,-2.4533642697457267,2.1451297500132114,0.977266954533917,-52.3921568627451,CO_2016-2020,True
08017,CO,2020,2024,2020-2024,-2.500359986011972,-1.6667396142308348,,-76.69039145907473,1136.0,-11.567379705320867,2.7996817820206843,2.944362633084509,-0.1446808510638249,-4.807524919275586,-6.530300063635039,-57.19968178202068,CO_2020-2024,True
08019,CO,2012,2016,2012-2016,-9.513182569006087,-5.907211987417881,10.465514877279583,12.416651648945756,5743.0,-0.2540253928955294,-0.3588786829322852,-1.305432478822728,0.9465537958904428,,12.731068861703235,1.4150129421915445,CO_2012-2016,False
08019,CO,2016,2020,2016-2020,10.465514877279583,-9.513182569006087,3.7371688487307164,2.903469079939668,5866.0,3.662990250692466,1.3650444024408872,2.26318738155825,-0.8981429791173632,-0.3588786829322852,1.8777143026914445,1.0561342592592593,CO_2016-2020,True
08019,CO,2020,2024,2020-2024,3.7371688487307164,10.465514877279583,,13.368983957219251,6548.0,-2.7226053559001206,1.7791658460512778,1.5870292726363786,0.1921365734148992,1.3650444024408872,3.789182305593357,2.4211786617001465,CO_2020-2024,True
08021,CO,2012,2016,2012-2016,-13.218541678956994,-3.822023815085794,-3.8225831970887607,9.337944664031621,4101.0,-1.7278879604461062,-1.122825367083271,0.22243698512579257,-1.3452623522090636,,11.940132219201985,13.74970315839468,CO_2012-2016,False
08021,CO,2016,2020,2016-2020,-3.8225831970887607,-13.218541678956994,-10.640608997521626,-3.8805970149253732,4022.0,9.069331327205921,-4.845841623178467,-1.7854538430913447,-3.0603877800871224,-1.122825367083271,7.63759806738905,12.62687779131141,CO_2016-2020,True
08021,CO,2020,2024,2020-2024,-10.640608997521626,-3.8225831970887607,,-7.703180212014134,4333.0,-3.6003320190910904,-6.3181704517038355,-2.723972020159704,-3.5941984315441315,-4.845841623178467,4.626560868519789,7.7810361681329425,CO_2020-2024,True
08023,CO,2012,2016,2012-2016,-18.70747965789572,0.05599104143337286,-3.570733605759873,50.05599104143337,1837.0,-2.012829193775778,-9.675107687274597,-3.403591132029028,-6.271516555245569,,7.8096490453339555,58.43543826578699,CO_2012-2016,False
08023,CO,2016,2020,2016-2020,-3.570733605759873,-18.70747965789572,-12.565807702964811,31.34851138353765,1848.0,10.635840394452046,-5.627526946276298,0.13672824501701797,-5.764255191293316,-9.675107687274597,10.316124586281532,48.760330578512395,CO_2016-2020,True
08023,CO,2020,2024,2020-2024,-12.565807702964811,-3.570733605759873,,27.77777777777778,2094.0,-2.394277339389883,-12.345295146153273,-3.729182758966658,-8.616112387186615,-5.627526946276298,8.369488202350794,43.1328036322361,CO_2020-2024,True
08025,CO,2012,2016,2012-2016,-25.524080388155422,1.08659377254018,3.3571379024453094,-26.66209732693626,1502.0,-1.2941791807230096,0.6026171525144441,1.4645607662020304,-0.8619436136875862,,5.113928001453289,-28.98172323759791,CO_2012-2016,False
08025,CO,2016,2020,2016-2020,3.3571379024453094,-25.524080388155422,-0.11227900163070359,-52.18617771509168,1527.0,2.838110697167706,-0.5065945366286329,2.2674204594371403,-2.774014996065773,0.6026171525144441,2.6939694304133894,-28.379106085083468,CO_2016-2020,True
08025,CO,2020,2024,2020-2024,-0.11227900163070359,3.3571379024453094,,-48.82903981264637,1750.0,-0.4517788846094384,-0.3901767661155304,1.036392085708286,-1.4265688518238164,-0.5065945366286329,3.844960107008667,-28.8857006217121,CO_2020-2024,True
08027,CO,2012,2016,2012-2016,-9.588177763538411,-5.2267895109851175,6.245694612865442,-34.63855421686747,2715.0,3.7907660124599785,-3.014225626609516,-3.958483287684892,0.9442576610753761,,12.914087600183592,-45.67991250455705,CO_2012-2016,False
08027,CO,2016,2020,2016-2020,6.245694612865442,-9.588177763538411,0.9881972720750412,-44.22673198040588,3066.0,11.613864084939529,9.023479448531837,4.377228836653693,4.646250611878145,-3.014225626609516,11.100594747437597,-48.69413813116657,CO_2016-2020,True
08027,CO,2020,2024,2020-2024,0.9881972720750412,6.245694612865442,,-37.98103736754044,3635.0,-5.1096672393724285,5.720174290815571,3.1946861425889637,2.525488148226607,9.023479448531837,2.8881151448292286,-39.67065868263473,CO_2020-2024,True
08029,CO,2012,2016,2012-2016,-7.571898138293527,-7.614396444991776,10.148177800178452,-40.50331466821137,15925.0,3.271632106007294,1.833638269329704,1.5956457872490866,0.2379924820806174,,13.537108631277391,-31.75173439048563,CO_2012-2016,False
08029,CO,2016,2020,2016-2020,10.148177800178452,-7.571898138293527,1.4743002608316615,-48.075212806504894,16790.0,7.243823633875934,1.0283972738280305,1.3026337664313168,-0.2742364926032863,1.833638269329704,6.552616787973847,-29.918096121155926,CO_2016-2020,True
08029,CO,2020,2024,2020-2024,1.4743002608316615,10.148177800178452,,-37.92703500632644,19370.0,-1.6887834487454567,0.5535854194713501,0.0043898573068652524,0.5491955621644848,1.0283972738280305,5.669850826307837,-28.889698847327896,CO_2020-2024,True
08031,CO,2012,2016,2012-2016,8.736758514755685,-2.7571284235983384,3.595597381667325,50.45488582958638,301694.0,-1.0549674632709283,0.7822357540322926,-1.4332752694682753,2.215511023500568,,4.784708018938318,33.957682042329836,CO_2012-2016,False
08031,CO,2016,2020,2016-2020,3.595597381667325,8.736758514755685,-5.099189411203746,59.191644344342066,331852.0,6.783218956531667,0.9893462555028592,0.5809163920729858,0.4084298634298733,0.7822357540322926,5.03416128148821,34.73991779636213,CO_2016-2020,True
08031,CO,2020,2024,2020-2024,-5.099189411203746,3.595597381667325,,62.78724172600939,393829.0,-6.968074063954576,-3.5131768119914213,-1.0033848814411854,-2.509791930550236,0.9893462555028592,1.0109902111387186,35.72926405186499,CO_2020-2024,True
08033,CO,2012,2016,2012-2016,-15.183850708672992,-6.180252540267539,6.8828641847191605,-44.006705783738475,1245.0,-4.194195663877065,-8.605410856792071,-1.9178834437392336,-6.6875274130528375,,7.85591934615573,-15.634920634920634,CO_2012-2016,False
08033,CO,2016,2020,2016-2020,6.8828641847191605,-15.183850708672992,-1.296875857903693,-59.19055649241147,1255.0,-12.192331478045759,-7.0173750434290945,-6.230016156549052,-0.7873588868800425,-8.605410856792071,-16.5842094413523,-24.240331491712706,CO_2016-2020,True
08033,CO,2020,2024,2020-2024,-1.296875857903693,6.8828641847191605,,-52.30769230769231,1449.0,-4.927849927849925,-1.1293154810806811,-2.2150968121385333,1.0857813310578521,-7.0173750434290945,1.1014911014911064,-31.2577065351418,CO_2020-2024,True
08035,CO,2012,2016,2012-2016,6.351505283211818,-8.734680971281719,12.452115933117557,-26.158782045461425,167781.0,-0.8812113896286333,2.370406180412136,-0.13628191904395948,2.5066880994560954,,5.00863529769039,-27.920383963862225,CO_2012-2016,False
08035,CO,2016,2020,2016-2020,12.452115933117557,6.351505283211818,0.18999154817148067,-19.807276762249607,187499.0,6.96873585037443,7.308521852860732,3.2561801969773825,4.05234165588335,2.370406180412136,5.513349738468449,-25.54997778345009,CO_2016-2020,True
08035,CO,2020,2024,2020-2024,0.18999154817148067,12.452115933117557,,-7.35516082913205,231605.0,-0.5445205155701016,3.6364163718641507,2.575080806181237,1.0613355656829135,7.308521852860732,6.1195548694077075,-18.241455930589357,CO_2020-2024,True
08037,CO,2012,2016,2012-2016,6.899748047317114,-8.211436928326322,8.406287881626593,15.227671936224834,22668.0,2.7265020648571614,3.7795116232807047,0.03026235218646678,3.749249271094238,,15.485387399273392,0.3771948840234121,CO_2012-2016,False
08037,CO,2016,2020,2016-2020,8.406287881626593,6.899748047317114,-5.451577268291349,22.127419983541948,25223.0,2.7837873193482965,4.154222083117487,1.996479079114617,2.15774300400287,3.7795116232807047,0.8861925569602533,4.156706507304117,CO_2016-2020,True
08037,CO,2020,2024,2020-2024,-5.451577268291349,8.406287881626593,,30.53370786516854,29140.0,-3.6647939521984307,-0.7095532387691925,-0.20062117631672116,-0.5089320624524714,4.154222083117487,3.1658754241998963,8.310928590421604,CO_2020-2024,True
08041,CO,2012,2016,2012-2016,-3.8820985001351715,-1.812512192080142,13.585061476872191,-20.911974707448785,290175.0,0.8830515370451986,2.7659020741125246,0.22373307098552786,2.542169003126997,,8.685343524325873,-23.04554055598593,CO_2012-2016,False
08041,CO,2016,2020,2016-2020,13.585061476872191,-3.8820985001351715,1.1326346492338821,-24.794073207583956,318967.0,6.2275681556166145,4.769525073971508,1.9944453056419675,2.7750797683295403,2.7659020741125246,6.251263836610036,-20.279638481873405,CO_2016-2020,True
08041,CO,2020,2024,2020-2024,1.1326346492338821,13.585061476872191,,-11.209011730711765,378851.0,-1.0859832607711395,3.0714286617829227,2.016727404919523,1.0547012568633995,4.769525073971508,6.394498947578171,-15.510113407901898,CO_2020-2024,True
08039,CO,2012,2016,2012-2016,-9.71756015831734,-7.128031430123741,6.255933540496002,-48.042396712091715,14178.0,0.8568445743631692,-0.5059894746344611,0.9719721039933731,-1.4779615786278342,,10.184059091299503,-43.208153008515986,CO_2012-2016,False
08039,CO,2016,2020,2016-2020,6.255933540496002,-9.71756015831734,-0.7610815406881386,-57.759956870409056,15978.0,9.9228512399411,2.555445058566491,1.0744393690752574,1.4810056894912336,-0.5059894746344611,8.824041354225002,-43.71414248315045,CO_2016-2020,True
08039,CO,2020,2024,2020-2024,-0.7610815406881386,6.255933540496002,,-51.50402332991305,18983.0,1.8207675363438036,3.381479682648475,2.445916847396596,0.9355628352518792,2.555445058566491,8.367796210543574,-41.158697424583956,CO_2020-2024,True
08043,CO,2012,2016,2012-2016,-15.568403768201762,-2.7002476484167204,7.33900245927542,-32.54854613140155,20416.0,2.3813476061294914,-0.0078693417821043,1.2872452530543264,-1.2951145948364307,,13.692278364644366,-25.50053196634104,CO_2012-2016,False
08043,CO,2016,2020,2016-2020,7.33900245927542,-15.568403768201762,1.3762001880230486,-48.11694989960331,21973.0,5.741263897803339,-2.1898994508264167,-0.2887327604491432,-1.9011666903772735,-0.0078693417821043,4.092698319236021,-25.508401308123144,CO_2016-2020,True
08043,CO,2020,2024,2020-2024,1.3762001880230486,7.33900245927542,,-40.77794744032789,25557.0,-0.8215248015510213,2.1939779923789544,1.6944448887195378,0.4995331036594166,-2.1898994508264167,4.516018528123155,-27.69830075894956,CO_2020-2024,True
08045,CO,2012,2016,2012-2016,-2.4667155705083017,-5.150591606188347,9.981472477845255,-5.159395973154362,24408.0,2.115806306240875,3.1923352818054846,1.2860637125757552,1.9062715692297294,,14.208443559327065,-10.11943189154293,CO_2012-2016,False
08045,CO,2016,2020,2016-2020,9.981472477845255,-2.4667155705083017,-0.2116115671794505,-7.626111543662664,26470.0,3.8597777233719377,2.4324967758964045,1.7596862437125447,0.6728105321838598,3.1923352818054846,3.2924309481743705,-6.927096609737446,CO_2016-2020,True
08045,CO,2020,2024,2020-2024,-0.2116115671794505,9.981472477845255,,2.35536093418259,30904.0,-2.706025771362963,0.8542319105349137,0.4743472265930295,0.3798846839418841,2.4324967758964045,4.202224775689501,-4.494599833841042,CO_2020-2024,True
08047,CO,2012,2016,2012-2016,-14.737260654725137,-4.996174019425158,7.490384615384615,16.862260654725137,3338.0,-4.8386587678283295,-3.9640350297903204,-4.081044283424093,0.11700925363377301,,6.624919029055306,6.387989402413894,CO_2012-2016,False
08047,CO,2016,2020,2016-2020,7.490384615384615,-14.737260654725137,3.5656347167770726,2.125,3576.0,18.98823712359351,0.5853048866356851,0.886856438187237,-0.3015515515515519,-3.9640350297903204,18.540870164058248,2.423954372623574,CO_2016-2020,True
08047,CO,2020,2024,2020-2024,3.5656347167770726,7.490384615384615,,9.615384615384615,4186.0,-6.882560884396193,1.0147647647647653,1.5323545979439515,-0.5175898331791862,0.5853048866356851,-1.499934004304535,3.009259259259259,CO_2020-2024,True
08049,CO,2012,2016,2012-2016,-7.298696028986803,-6.054442358805231,12.664253242475635,-7.1689555247574654,8187.0,-1.4728008489930389,3.5555208446377584,0.41749153286403384,3.1380293117737246,,11.966524939930096,-22.55221538090064,CO_2012-2016,False
08049,CO,2016,2020,2016-2020,12.664253242475635,-7.298696028986803,0.9774704492717698,-14.467651553744268,8588.0,5.580843397897539,5.091241247869485,2.7657264236515644,2.3255148242179207,3.5555208446377584,4.7065874517032285,-18.996694536262883,CO_2016-2020,True
08049,CO,2020,2024,2020-2024,0.9774704492717698,12.664253242475635,,-1.8033983112686334,9870.0,-1.5380161889341881,2.618308320407845,1.5593400277532297,1.0589682926546153,5.091241247869485,2.802004344232998,-13.905453288393398,CO_2020-2024,True
08051,CO,2012,2016,2012-2016,1.5385621384554895,-7.605198179940977,9.411137649609223,20.310077519379846,8667.0,0.6943524395678469,4.314441743791094,-0.08750551809965046,4.4019472618907445,,12.981529332595855,2.431172291296625,CO_2012-2016,False
08051,CO,2016,2020,2016-2020,9.411137649609223,1.5385621384554895,-1.0215019670512149,21.848639657835335,9412.0,8.200867583265936,2.7042705282432262,1.8625919182509776,0.8416786099922486,4.314441743791094,2.8786910464728237,6.745614035087719,CO_2016-2020,True
08051,CO,2020,2024,2020-2024,-1.0215019670512149,9.411137649609223,,31.25977730744456,11190.0,-3.327503399556919,-1.6476352662362874,-1.0422202091849257,-0.6054150570513617,2.7042705282432262,-0.0796510060534672,9.449884563330945,CO_2020-2024,True
08053,CO,2012,2016,2012-2016,-5.186695389034213,-3.497622746316434,10.374116260801259,-21.305841924398624,600.0,1.188686000716077,2.7684489222950717,0.5223433794862373,2.2461055428088343,,4.34121016827784,-47.147147147147145,CO_2012-2016,False
08053,CO,2016,2020,2016-2020,10.374116260801259,-5.186695389034213,3.384974533106961,-26.492537313432837,589.0,-1.6267376515823773,4.17696911822383,-0.5988130195257355,4.775782137749566,2.7684489222950717,-5.761608991422662,-44.37869822485207,CO_2016-2020,True
08053,CO,2020,2024,2020-2024,3.384974533106961,10.374116260801259,,-16.11842105263158,632.0,-4.516642777512336,5.664156852292983,3.389317258955465,2.274839593337518,4.17696911822383,-1.7178956309391111,-40.20172910662824,CO_2020-2024,True
08055,CO,2012,2016,2012-2016,-15.640499936621254,-2.9296453958794775,4.1423694998539045,8.530147263128647,3714.0,0.5060031943603049,-5.840706197911949,-1.7181789213794616,-4.122527276532487,,12.600649887095884,23.961661341853034,CO_2012-2016,False
08055,CO,2016,2020,2016-2020,4.1423694998539045,-15.640499936621254,-5.86987347215114,-7.1103526734926055,3783.0,6.762465496071113,-9.173069204904703,-4.6743114262130305,-4.498757778691672,-5.840706197911949,5.682672856268084,18.120955143941085,CO_2016-2020,True
08055,CO,2020,2024,2020-2024,-5.86987347215114,4.1423694998539045,,-2.9679831736387006,4406.0,-0.9933632877665577,-4.889760828279693,-2.152316199971242,-2.7374446283084506,-9.173069204904703,7.7258235903514105,8.947885939036382,CO_2020-2024,True
08057,CO,2012,2016,2012-2016,-10.191176470588232,-8.546059933407328,-1.8621495327102835,-47.05882352941177,848.0,2.1396039603960415,4.57408021213125,2.1271937652448045,2.4468864468864453,,14.053465346534665,-61.716937354988396,CO_2012-2016,False
08057,CO,2016,2020,2016-2020,-1.8621495327102835,-10.191176470588232,1.9869946380386594,-57.25,861.0,-11.862711864406783,1.855848079413036,-0.9084249084249052,2.7642729878379413,4.57408021213125,-15.24745762711865,-57.142857142857146,CO_2016-2020,True
08057,CO,2020,2024,2020-2024,1.9869946380386594,-1.8621495327102835,,-59.11214953271028,876.0,-0.950820648774231,0.541754318189362,0.995385485367585,-0.45363116717822294,1.855848079413036,3.8087933037443094,-55.28700906344411,CO_2020-2024,True
08059,CO,2012,2016,2012-2016,2.584308683850711,-4.178767284597837,11.518185890140238,4.9750735601809595,311052.0,-0.3588854141058695,2.431807017688967,-0.08773897584867241,2.519545993537639,,7.033740410683706,-2.5225727816822405,CO_2012-2016,False
08059,CO,2016,2020,2016-2020,11.518185890140238,2.584308683850711,0.9491835306923413,7.559382244031671,328882.0,7.750505169075139,4.311851327880646,2.112110503227921,2.1997408246527246,2.431807017688967,5.79773807461028,-0.09076576399327389,CO_2016-2020,True
08059,CO,2020,2024,2020-2024,0.9491835306923413,11.518185890140238,,19.07756813417191,377358.0,-3.8734190438458937,1.9989428399637479,1.8347745248623015,0.16416831510144636,4.311851327880646,1.9140900448976481,4.221085563887372,CO_2020-2024,True
08061,CO,2012,2016,2012-2016,-7.463312368972737,-13.309634490930641,-0.27373398034093555,-70.31446540880503,821.0,-0.34054506924252603,-6.87648456057007,-1.7505664073696536,-5.125918153200416,,5.7799024197920374,-38.12351543942993,CO_2012-2016,False
08061,CO,2016,2020,2016-2020,-0.27373398034093555,-7.463312368972737,2.16498693542367,-77.77777777777777,855.0,8.665418165689221,-5.397614314115309,-4.204665959703078,-1.1929483544122306,-6.87648456057007,10.869843773101366,-45.0,CO_2016-2020,True
08061,CO,2020,2024,2020-2024,2.16498693542367,-0.27373398034093555,,-78.0515117581187,903.0,-8.61449167737428,0.19841112686431472,-1.9637819897861277,2.1621931166504424,-5.397614314115309,-5.500603372043599,-50.39761431411531,CO_2020-2024,True
08063,CO,2012,2016,2012-2016,-15.657664669587646,-7.912848652567121,4.184837289079894,-53.73999447971295,3702.0,4.6285218814543505,-2.185927802871724,-0.5801955384842756,-1.6057322643874485,,14.696036787342663,-43.50372736954207,CO_2012-2016,False
08063,CO,2016,2020,2016-2020,4.184837289079894,-15.657664669587646,-4.229332577811732,-69.3976591493006,3702.0,8.82015976455749,-1.2359830073864302,-0.47689354190562483,-0.7590894654808054,-2.185927802871724,10.569236313402797,-45.689655172413794,CO_2016-2020,True
08063,CO,2020,2024,2020-2024,-4.229332577811732,4.184837289079894,,-65.2128218602207,3871.0,-3.3609232987607207,1.3878320030164133,0.7734980156840123,0.614333987332401,-1.2359830073864302,3.9752420204418826,-46.925638179800224,CO_2020-2024,True
08067,CO,2012,2016,2012-2016,0.9223607839063632,-6.995255603136595,7.70541180536145,9.528692147226248,29184.0,0.335567132117065,2.7371193079761404,-0.6008784661207736,3.337997774096914,,11.243052620401116,-0.047163455059964964,CO_2012-2016,False
08067,CO,2016,2020,2016-2020,7.70541180536145,0.9223607839063632,1.0158934088043452,10.451052931132612,31150.0,7.927035719628028,0.9095859792676766,0.5262507706129154,0.38333520865476123,2.7371193079761404,7.6785379862397605,2.6899558529161753,CO_2016-2020,True
08067,CO,2020,2024,2020-2024,1.0158934088043452,7.70541180536145,,18.156464736494062,35667.0,-0.9567966980090881,-2.083695389033827,-2.293183733497549,0.20948834446372233,0.9095859792676766,4.48406631201189,3.599541832183852,CO_2020-2024,True
08065,CO,2012,2016,2012-2016,-13.240914364509871,-1.3619339462036066,9.221614326877484,25.22982635342186,3040.0,-5.7871023215821165,-2.869594394336076,-3.414967694323824,0.5453732999877481,,8.373293207222702,29.154612664738025,CO_2012-2016,False
08065,CO,2016,2020,2016-2020,9.221614326877484,-13.240914364509871,-4.117874558600974,11.988911988911989,3199.0,15.909215123730725,-6.3780022095397335,-3.8818997196108462,-2.4961024899288873,-2.869594394336076,14.133653972723579,26.28501827040195,CO_2016-2020,True
08065,CO,2020,2024,2020-2024,-4.117874558600974,9.221614326877484,,21.210526315789473,3961.0,2.030694509920039,-4.5150099117461515,-2.092138630600168,-2.4228712811459836,-6.3780022095397335,12.344494715222538,19.907016060862215,CO_2020-2024,True
08069,CO,2012,2016,2012-2016,-0.4373405634707561,-3.9767528906653293,10.429540652403375,5.922123307618074,180180.0,-0.6620111290082442,2.6870939105972895,-0.4626479572114093,3.149741867808699,,9.991056486373012,-6.612105188094481,CO_2012-2016,False
08069,CO,2016,2020,2016-2020,10.429540652403375,-0.4373405634707561,2.207070219693554,5.484782744147318,195980.0,4.441855503709502,3.6771300058622893,1.7499665473436,1.9271634585186892,2.6870939105972895,2.465281381322569,-3.9250112774971915,CO_2016-2020,True
08069,CO,2020,2024,2020-2024,2.207070219693554,10.429540652403375,,15.914323396550694,224338.0,-2.009112576604599,2.0912729635373717,1.654329629109863,0.4369433344275089,3.6771300058622893,3.3138277395694473,-0.2478812716349023,CO_2020-2024,True
08071,CO,2012,2016,2012-2016,-19.379844961240313,-4.446869840203734,6.552285481728999,2.7131782945736433,6862.0,1.5721609366705191,-6.96684608002213,-0.9265767117656623,-6.040269368256467,,14.767495117449094,27.674218525953542,CO_2012-2016,False
08071,CO,2016,2020,2016-2020,6.552285481728999,-19.379844961240313,-3.7204425920218256,-16.666666666666668,6793.0,8.558914823894703,-10.721784634525195,-3.7166421723614356,-7.005142462163759,-6.96684608002213,9.72274949273617,20.707372445931412,CO_2016-2020,True
08071,CO,2020,2024,2020-2024,-3.7204425920218256,6.552285481728999,,-10.114381184937669,7961.0,-1.9807000923091844,-5.486629675395609,-1.8273800397963846,-3.659249635599225,-10.721784634525195,6.699589770684554,9.985587811406218,CO_2020-2024,True
08073,CO,2012,2016,2012-2016,-13.757965690199363,1.053197277918045,0.5346920015582057,-50.692273336310855,2287.0,3.2585173924707167,-4.060211635953969,0.4274195075629521,-4.487631143516921,,10.11893051953858,-43.46885813148789,CO_2012-2016,False
08073,CO,2016,2020,2016-2020,0.5346920015582057,-13.757965690199363,-1.825927994873517,-64.45023902651022,2436.0,1.262562945318535,-0.7992983225945522,-0.049488458066456076,-0.7498098645280962,-4.060211635953969,2.0046386259637785,-47.52906976744186,CO_2016-2020,True
08073,CO,2020,2024,2020-2024,-1.825927994873517,0.5346920015582057,,-63.91554702495201,2651.0,-1.2757148498154791,4.537107480165304,2.281070792739115,2.256036687426189,-0.7992983225945522,4.157618780413216,-48.32836809003641,CO_2020-2024,True
08075,CO,2012,2016,2012-2016,-20.471185120797585,-3.325411051222531,2.5127384614861583,-38.99448880890788,9124.0,6.733672971808313,-1.390781628144758,1.0096925894630928,-2.400474217607851,,15.477067315325122,-34.34941835415769,CO_2012-2016,False
08075,CO,2016,2020,2016-2020,2.5127384614861583,-20.471185120797585,-0.8889212583957828,-59.46567392970547,9722.0,3.099953585167936,-2.8927866447406387,-2.2148176312825925,-0.6779690134580463,-1.390781628144758,2.838899744509021,-35.74019998230245,CO_2016-2020,True
08075,CO,2020,2024,2020-2024,-0.8889212583957828,2.5127384614861583,,-56.95293546821931,10532.0,-1.5501571955734872,0.9979802738029377,1.014378851411216,-0.01639857760827823,-2.8927866447406387,3.648453028684287,-38.63298662704309,CO_2020-2024,True
08077,CO,2012,2016,2012-2016,-6.098698613949111,-3.1361381875154137,10.550591505674394,-33.12768165119605,72947.0,2.1428724142911304,0.2642436068260814,0.3914326304064737,-0.1271890235803923,,7.78596558150619,-25.55175085605739,CO_2012-2016,False
08077,CO,2016,2020,2016-2020,10.550591505674394,-6.098698613949111,3.773091134990832,-39.22638026514516,77653.0,7.511342581499402,1.406198213833921,1.3103677725724943,0.09583044126142681,0.2642436068260814,7.304548685631602,-25.287507249231307,CO_2016-2020,True
08077,CO,2020,2024,2020-2024,3.773091134990832,10.550591505674394,,-28.675788759470766,90623.0,-0.899845974831226,1.1467862738553727,0.08643335747058956,1.0603529163847831,1.406198213833921,6.119573484278575,-23.881309035397386,CO_2020-2024,True
08079,CO,2012,2016,2012-2016,-10.07006654288696,2.2495697971528408,3.6315769992412044,-8.346456692913385,650.0,-10.968069961358552,-16.26205722623004,-2.38978248187349,-13.87227474435655,,-4.437665243034374,8.727810650887575,CO_2012-2016,False
08079,CO,2016,2020,2016-2020,3.6315769992412044,-10.07006654288696,1.160968034924263,-18.416523235800344,652.0,20.48322147651007,-0.849714542519016,4.79076235037676,-5.640476892895775,-16.26205722623004,19.58485139022052,-7.534246575342466,CO_2016-2020,True
08079,CO,2020,2024,2020-2024,1.160968034924263,3.6315769992412044,,-14.78494623655914,756.0,9.107309486780713,-2.392400411686607,-3.3119453148870566,0.9195449032004497,-0.849714542519016,16.643190402132873,-8.383961117861482,CO_2020-2024,True
08081,CO,2012,2016,2012-2016,-15.860010381838094,-11.194334143563964,6.7171801477088735,-55.850622406639005,6168.0,4.439393679000469,0.5057463321513893,1.5623700277828618,-1.0566236956314725,,13.258018686877364,-47.004608294930875,CO_2012-2016,False
08081,CO,2016,2020,2016-2020,6.7171801477088735,-15.860010381838094,0.7635675832969611,-71.7106327884771,6525.0,4.345602572435259,2.6885337774512976,2.597988824618213,0.09054495283308484,0.5057463321513893,7.57788572275625,-46.498861962779486,CO_2016-2020,True
08081,CO,2020,2024,2020-2024,0.7635675832969611,6.7171801477088735,,-64.99345264076823,7026.0,-5.240980736361567,4.7213570196151835,3.0943377318675687,1.6270192877476148,2.6885337774512976,4.655193391171338,-43.81032818532819,CO_2020-2024,True
08083,CO,2012,2016,2012-2016,-8.870355905416279,-4.14865552001849,9.892673278676952,-23.938708867118816,12318.0,0.8217163310122788,2.4191151822541244,1.0450543251836777,1.3740608570704467,,12.393206678180775,-26.3337538027751,CO_2012-2016,False
08083,CO,2016,2020,2016-2020,9.892673278676952,-8.870355905416279,1.3857446939935976,-32.809064772535095,12858.0,12.5072618165465,0.8901154597580323,1.1003889435382632,-0.21027348378023092,2.4191151822541244,9.116752392013709,-23.914638620520975,CO_2016-2020,True
08083,CO,2020,2024,2020-2024,1.3857446939935976,9.892673278676952,,-22.916391493858143,15500.0,-3.7839320730006287,1.4595511246869606,0.5824201495846779,0.8771309751022827,0.8901154597580323,4.865581856922574,-23.024523160762943,CO_2020-2024,True
08085,CO,2012,2016,2012-2016,-7.26777137530145,-7.141167392758291,7.782751149402749,-37.6536312849162,20130.0,0.6064078940582363,0.5807809053778463,0.5360333115628144,0.044747593815031905,,10.496695953865142,-30.40179005739858,CO_2012-2016,False
08085,CO,2016,2020,2016-2020,7.782751149402749,-7.26777137530145,3.815960154760951,-44.92140266021765,21186.0,8.633091872040898,0.7165315400804353,0.309018409432646,0.40751313064778927,0.5807809053778463,8.081399904194086,-29.821009152020732,CO_2016-2020,True
08085,CO,2020,2024,2020-2024,3.815960154760951,7.782751149402749,,-37.1386515108149,24922.0,-0.21569174081471632,2.4863004339009294,0.7476413151898385,1.738659118711091,0.7165315400804353,6.195139847988202,-29.104477611940297,CO_2020-2024,True
08087,CO,2012,2016,2012-2016,-18.62540557012611,-1.2021877197709543,1.7647240847044188,-25.584934373216665,10777.0,5.646703026604561,-1.5840147429609388,-0.09315290271604937,-1.4908618402448894,,14.018305288510973,-22.44128235899194,CO_2012-2016,False
08087,CO,2016,2020,2016-2020,1.7647240847044188,-18.62540557012611,-7.390524679430392,-44.210339943342774,11960.0,5.22019350419497,-0.10624250940735891,-0.3824127093173644,0.27617019991000546,-1.5840147429609388,7.257111480961029,-24.02529710195288,CO_2016-2020,True
08087,CO,2020,2024,2020-2024,-7.390524679430392,1.7647240847044188,,-42.445615858638355,13744.0,-3.640160350262367,1.0500405036862368,0.871678822497131,0.17836168118910578,-0.10624250940735891,6.115686067709987,-24.13153961136024,CO_2020-2024,True
08089,CO,2012,2016,2012-2016,-16.064843331944697,1.5145343751774227,2.2408446552110988,-9.15431560592851,8192.0,2.473891259498451,0.02963982103375251,1.519759898263041,-1.4901200772292884,,17.101577416419993,-4.983229516051749,CO_2012-2016,False
08089,CO,2016,2020,2016-2020,2.2408446552110988,-16.064843331944697,-4.152040392602746,-25.219158937873207,8452.0,5.58336382564657,-3.1485379645564713,-0.9870043643879445,-2.161533600168527,0.02963982103375251,5.447805255039867,-4.953589695017996,CO_2016-2020,True
08089,CO,2020,2024,2020-2024,-4.152040392602746,2.2408446552110988,,-22.978314282662108,9576.0,-3.6956871507885847,-1.200385227023471,-0.24102775379478736,-0.9593574732286836,-3.1485379645564713,6.1736363817702085,-8.102127659574467,CO_2020-2024,True
08091,CO,2012,2016,2012-2016,6.0750830754406415,-3.6810859964041924,8.638146829819787,5.276622961304765,3202.0,-0.33269290769659676,8.117134362068715,1.7119532925715166,6.405181069497199,,10.004860666371087,-12.219834203254528,CO_2012-2016,False
08091,CO,2016,2020,2016-2020,8.638146829819787,6.0750830754406415,1.6539827498731619,11.351706036745407,3310.0,11.540880503144646,4.670365599587266,2.3243493257218955,2.346016273865371,8.117134362068715,8.823899371069174,-4.102699841185813,CO_2016-2020,True
08091,CO,2020,2024,2020-2024,1.6539827498731619,8.638146829819787,,19.989852866565194,4020.0,-0.690971650445038,-1.3302160655397715,-2.259522288967661,0.9293062234278897,4.670365599587266,4.561106247995767,0.5676657584014533,CO_2020-2024,True
08093,CO,2012,2016,2012-2016,-13.298784336246191,-8.039023242168506,10.845934821353094,-15.10222026819081,9366.0,1.598243467384508,1.196483912325352,-1.0047045267201362,2.201188439045488,,13.97099545911847,-21.28501509944809,CO_2012-2016,False
08093,CO,2016,2020,2016-2020,10.845934821353094,-13.298784336246191,0.5270468162487028,-28.401004604437002,10417.0,8.873226050006455,1.650182851646239,-0.7272100699472865,2.3773929215935254,1.196483912325352,6.137618686051567,-20.088531187122737,CO_2016-2020,True
08093,CO,2020,2024,2020-2024,0.5270468162487028,10.845934821353094,,-17.55506978308391,12291.0,-3.259923968967293,3.2184758950602514,2.2629298206675124,0.9555460743927391,1.650182851646239,4.04137066864736,-18.438348335476498,CO_2020-2024,True
08095,CO,2012,2016,2012-2016,-13.69811758651484,-2.830937603733915,0.6150524326870723,-47.146067415730336,2265.0,3.8276674077792894,-0.4404655829484625,1.6736617064442427,-2.1141272893927052,,15.50664610676803,-41.924249020461474,CO_2012-2016,False
08095,CO,2016,2020,2016-2020,0.6150524326870723,-13.69811758651484,-3.9447804739201615,-60.844185002245176,2332.0,1.2993469290565773,-0.6996873781894948,-1.2269678162497968,0.527280438060302,-0.4404655829484625,-0.1277684371306691,-42.364714603409936,CO_2016-2020,True
08095,CO,2020,2024,2020-2024,-3.9447804739201615,0.6150524326870723,,-60.229132569558104,2485.0,-5.184806137504339,0.2819752033567511,0.8308625127016498,-0.5488873093448987,-0.6996873781894948,0.3920367601577226,-43.06440198159943,CO_2020-2024,True
08097,CO,2012,2016,2012-2016,9.654212259737932,-10.734229731317,4.361007645343108,38.742023701002736,10075.0,-0.5358996912781855,3.0032365840713737,-0.6483104200498282,3.651547004121202,,9.854022524620135,18.51504640479985,CO_2012-2016,False
08097,CO,2016,2020,2016-2020,4.361007645343108,9.654212259737932,-7.535713031202782,48.39623596074067,10523.0,9.395190776133177,2.4618673431728553,0.8790427035834085,1.5828246395894467,3.0032365840713737,6.9974776543988355,21.518282988871224,CO_2016-2020,True
08097,CO,2020,2024,2020-2024,-7.535713031202782,4.361007645343108,,52.757243606083776,11957.0,-4.788767327034815,-3.3258569833042806,-2.1201665958128366,-1.205690387491444,2.4618673431728553,2.1077511523496213,23.98015033204408,CO_2020-2024,True
08099,CO,2012,2016,2012-2016,-13.685163536877965,-1.6798517359527736,3.0617704093398785,-36.02863760791745,4863.0,2.4480464994804385,-1.6261529703431634,-1.1269392835857914,-0.499213686757372,,15.057629793452946,-23.439078601737723,CO_2012-2016,False
08099,CO,2016,2020,2016-2020,3.0617704093398785,-13.685163536877965,-4.849945549129437,-49.71380114479542,5016.0,3.68313750737701,-1.1923285400300436,-0.41948745519482955,-0.7728410848352141,-1.6261529703431634,4.277375395675733,-25.065231572080886,CO_2016-2020,True
08099,CO,2020,2024,2020-2024,-4.849945549129437,3.0617704093398785,,-46.65203073545554,5561.0,-3.5613133467108704,0.04873039942697943,0.22670873269829173,-0.1779783332713123,-1.1923285400300436,5.988937324786818,-26.25756011211093,CO_2020-2024,True
08101,CO,2012,2016,2012-2016,-14.855881773902407,-0.8765939981726447,2.307564228405605,14.315266303982806,76194.0,-0.7697237785215694,-4.5053093117830905,-2.5300883531598544,-1.975220958623236,,6.882321631502862,21.427567795419417,CO_2012-2016,False
08101,CO,2016,2020,2016-2020,2.307564228405605,-14.855881773902407,-7.018948373018143,-0.5406154699196007,78646.0,5.818975917636992,-5.144800503156262,-1.8639805679528774,-3.280819935203384,-4.5053093117830905,6.176648729764921,16.922258483636327,CO_2016-2020,True
08101,CO,2020,2024,2020-2024,-7.018948373018143,2.307564228405605,,1.766948758486004,88301.0,-3.034283869635923,-4.217588777666364,-1.3004056683439789,-2.9171831093223854,-5.144800503156262,4.69404183730866,11.777457980480065,CO_2020-2024,True
08103,CO,2012,2016,2012-2016,-7.485896075074336,-7.859501806881397,3.9553587149563043,-65.49210206561361,3369.0,4.382122826757973,-1.203099991005459,0.029171181398844226,-1.2322711724043032,,13.0079727499201,-60.97918498973908,CO_2012-2016,False
08103,CO,2016,2020,2016-2020,3.9553587149563043,-7.485896075074336,4.167467011938541,-72.97799814068794,3450.0,3.576118511785009,3.1608052671407236,2.047325209138002,1.1134800580027218,-1.203099991005459,4.516267743236341,-62.18228498074454,CO_2016-2020,True
08103,CO,2020,2024,2020-2024,4.167467011938541,3.9553587149563043,,-69.02263942573164,3691.0,0.8757988870258249,5.309885185682759,1.906234485287797,3.4036507003949623,3.1608052671407236,6.705304852858987,-59.02147971360382,CO_2020-2024,True
08105,CO,2012,2016,2012-2016,-13.159221071404314,0.8082512809924065,2.385708302972784,-8.15418828762046,5533.0,1.5440993233183709,4.147096219952809,2.6488043371564505,1.4982918827963587,,14.42330834914813,-13.103205353997886,CO_2012-2016,False
08105,CO,2016,2020,2016-2020,2.385708302972784,-13.159221071404314,-4.828291670018434,-21.313409359024774,5534.0,5.798049983344889,-1.3217435770420547,-0.13210435743008908,-1.1896392196119656,4.147096219952809,3.9654059045386703,-8.956109134045077,CO_2016-2020,True
08105,CO,2020,2024,2020-2024,-4.828291670018434,2.385708302972784,,-18.92770105605199,6305.0,-1.1617116531983163,-1.084665734559696,0.2521457702130956,-1.3368115047727915,-1.3217435770420547,8.408448742168517,-10.277852711087132,CO_2020-2024,True
08107,CO,2012,2016,2012-2016,2.507364279996416,-11.31475677492147,9.739943105456902,15.964966195451751,13317.0,-2.3044673822466,2.914892432703493,-0.5895288806509584,3.5044213133544515,,10.592697223377627,-0.2959017606154757,CO_2012-2016,False
08107,CO,2016,2020,2016-2020,9.739943105456902,2.507364279996416,0.3195823747735993,18.472330475448167,13986.0,12.53039953824584,2.978852651730568,1.4977976490798657,1.4810550026507023,2.914892432703493,8.69504203457494,2.6189906720880174,CO_2016-2020,True
08107,CO,2020,2024,2020-2024,0.3195823747735993,9.739943105456902,,28.21227358090507,16876.0,-2.615009575079541,1.188463417246111,1.1049043864228798,0.08355903082323124,2.978852651730568,4.958127790840905,5.597843323818585,CO_2020-2024,True
08109,CO,2012,2016,2012-2016,-21.294189815683147,2.864491763057355,3.755293068865612,31.824611032531823,2930.0,-5.35980757903004,-5.012951803680405,-3.985663719182238,-1.027288084498167,,9.649322599646581,27.825797872340427,CO_2012-2016,False
08109,CO,2016,2020,2016-2020,3.755293068865612,-21.294189815683147,-10.414943179344277,10.530421216848675,2835.0,5.67906630648225,-5.188603644417597,-3.0015253139430413,-2.187078330474556,-5.012951803680405,3.4283046102609944,22.812846068660022,CO_2016-2020,True
08109,CO,2020,2024,2020-2024,-10.414943179344277,3.755293068865612,,14.285714285714286,3389.0,-1.9254583382389723,-5.118824132088111,-2.3707969675734226,-2.7480271645146885,-5.188603644417597,6.7468098209514835,17.624242424242425,CO_2020-2024,True
08111,CO,2012,2016,2012-2016,-0.8804044630404473,1.753502664976823,15.318627450980392,11.297071129707113,506.0,18.526315789473692,-1.5504921993471612,-1.9538973197334135,0.4034051203862523,,33.92219679633867,7.442748091603053,CO_2012-2016,False
08111,CO,2016,2020,2016-2020,15.318627450980392,-0.8804044630404473,7.598039215686278,10.416666666666666,506.0,-9.629764065335756,1.7046433325503099,2.73718573210959,-1.0325423995592802,-1.5504921993471612,-13.845735027223228,5.892255892255892,CO_2016-2020,True
08111,CO,2020,2024,2020-2024,7.598039215686278,15.318627450980392,,25.735294117647058,562.0,5.009860754198292,2.9510459806732507,1.2390054035247937,1.712040577148457,1.7046433325503099,15.309567919679665,7.596899224806202,CO_2020-2024,True
08113,CO,2012,2016,2012-2016,4.121207657044813,-12.090346446257605,6.645720416873765,44.33188615533044,4256.0,-2.933647461983291,2.630352091866939,-1.6142999095387403,4.244652001405679,,11.787306346826597,27.354570637119114,CO_2012-2016,False
08113,CO,2016,2020,2016-2020,6.645720416873765,4.121207657044813,-4.383460823312653,48.45309381237525,4329.0,9.971374267871692,0.16729208202814405,-0.42117062263892535,0.5884627046670694,2.630352091866939,4.952303375871111,29.984922728986053,CO_2016-2020,True
08113,CO,2020,2024,2020-2024,-4.383460823312653,6.645720416873765,,55.098814229249015,5147.0,-4.801149856267973,-7.851822140857127,-7.448308025544698,-0.4035141153124293,0.16729208202814405,4.937132858392701,30.152214811014197,CO_2020-2024,True
08115,CO,2012,2016,2012-2016,-22.80787231489259,-6.179970972423803,0.6810736564483619,-35.53846153846154,1338.0,3.947392794294713,1.3832947922034649,2.5994623079427512,-1.2161675157392864,,14.281744929146996,-42.67935578330893,CO_2012-2016,False
08115,CO,2016,2020,2016-2020,0.6810736564483619,-22.80787231489259,0.18967792793507243,-58.34633385335413,1364.0,3.2711864406779645,1.6439914050226818,1.4518040151158473,0.19218738990683448,1.3832947922034649,3.6845574387947266,-41.29606099110546,CO_2016-2020,True
08115,CO,2020,2024,2020-2024,0.18967792793507243,0.6810736564483619,,-57.66526019690577,1446.0,-2.197545070962792,1.7741798409731189,1.8441878126837636,-0.07000797171064477,1.6439914050226818,4.45448152410178,-39.65206958608278,CO_2020-2024,True
08117,CO,2012,2016,2012-2016,5.096974465391362,-8.18506142511077,10.303180295113133,25.311703981766993,15312.0,-2.1007405361396336,3.8171814412233926,0.32044359941463885,3.496737841808754,,8.056788009319007,4.541027514000487,CO_2012-2016,False
08117,CO,2016,2020,2016-2020,10.303180295113133,5.096974465391362,-2.384209677235617,30.408678447158355,16174.0,6.213174051365778,4.41025374259074,2.327629464140969,2.082624278449771,3.8171814412233926,2.089020737896945,8.35820895522388,CO_2016-2020,True
08117,CO,2020,2024,2020-2024,-2.384209677235617,10.303180295113133,,40.71185874227149,18479.0,-3.4924453486935403,-0.039099625844052355,0.7123646765674891,-0.7514643024115415,4.41025374259074,2.498511575753838,12.76846269781462,CO_2020-2024,True
08119,CO,2012,2016,2012-2016,-12.496931166280959,-4.818503647035108,9.916557432444506,-33.5174530111239,13407.0,2.1639513250554687,1.3847291035867144,2.304813725730927,-0.9200846221442127,,13.231693838457616,-34.28529150636283,CO_2012-2016,False
08119,CO,2016,2020,2016-2020,9.916557432444506,-12.496931166280959,-0.275516637992979,-46.01438417740486,14444.0,9.295505811189454,1.3091009212163591,0.4885769378330096,0.8205239833833495,1.3847291035867144,7.430705738359919,-32.90056240277612,CO_2016-2020,True
08119,CO,2020,2024,2020-2024,-0.275516637992979,9.916557432444506,,-36.09782674496035,16939.0,-4.892541439606823,3.4033028499861686,2.871031374032878,0.5322714759532907,1.3091009212163591,1.2786730603685328,-31.591461481559758,CO_2020-2024,True
08121,CO,2012,2016,2012-2016,-13.979350710728184,-5.903269526550623,2.085683305640714,-63.20754716981132,2591.0,3.998741313556131,-1.8119260573876588,-2.2166091174139098,0.404683060026251,,10.895815432852473,-61.634980988593156,CO_2012-2016,False
08121,CO,2016,2020,2016-2020,2.085683305640714,-13.979350710728184,-1.1013170706708308,-77.1868978805395,2733.0,7.55494505494505,3.248351089302112,0.6430442421180089,2.605306847184103,-1.8119260573876588,8.26923076923076,-63.446907045980815,CO_2016-2020,True
08121,CO,2020,2024,2020-2024,-1.1013170706708308,2.085683305640714,,-75.10121457489879,3008.0,-5.928778711720206,1.7421194176373973,1.762214794750399,-0.02009537711300169,3.248351089302112,-0.6407152169863934,-60.1985559566787,CO_2020-2024,True
08123,CO,2012,2016,2012-2016,-11.412563825385249,-4.156774090464275,5.916232258682072,-13.051185464214491,115866.0,2.874772850004037,0.4792561871115506,0.11865525878208061,0.36060092832947,,14.749254916949042,-15.535194732275023,CO_2012-2016,False
08123,CO,2016,2020,2016-2020,5.916232258682072,-11.412563825385249,-2.977870907742652,-24.46374928959974,135428.0,5.185942662588438,0.34551775434067267,-0.19792849935181778,0.5434462536924904,0.4792561871115506,5.436929430964682,-15.055938545163473,CO_2016-2020,True
08123,CO,2020,2024,2020-2024,-2.977870907742652,5.916232258682072,,-18.547517030917668,166974.0,1.0951993337277144,1.8735204474185885,1.581939992721198,0.2915804546973906,0.34551775434067267,8.842917989415568,-14.7104207908228,CO_2020-2024,True
08125,CO,2012,2016,2012-2016,-12.361256679438505,-6.646107180866537,0.3624441788791728,-55.90797408979227,4577.0,5.414999797955311,-1.4229394399393485,-1.0899196382634884,-0.3330198016758601,,14.929890491776774,-39.418554938007695,CO_2012-2016,False
08125,CO,2016,2020,2016-2020,0.3624441788791728,-12.361256679438505,1.1159870284676998,-68.26923076923077,4791.0,5.766409141076412,-2.583688740295024,-1.636870564052586,-0.9468181762424379,-1.4229394399393485,6.657577528187147,-40.84149437794704,CO_2016-2020,True
08125,CO,2020,2024,2020-2024,1.1159870284676998,0.3624441788791728,,-67.9067865903516,4981.0,-3.4791061509453214,1.394708884378005,1.1005831534099926,0.29412573096801253,-2.583688740295024,3.625159251898282,-43.42518311824207,CO_2020-2024,True
42001,PA,2012,2016,2012-2016,-9.799043282271075,-8.077111386935819,3.0333849124030507,-27.894309331549525,42457.0,5.326364279449414,-3.154887516650117,-0.30748085541564407,-2.847406661234473,,5.53398813695064,-20.552357904375693,PA_2012-2016,False
42001,PA,2016,2020,2016-2020,3.0333849124030507,-9.799043282271075,0.7009062935293855,-37.6933526138206,47489.0,8.543165696458821,-4.913520451770786,-1.7981630086646057,-3.1153574431061806,-3.154887516650117,3.433391163082746,-23.70724542102581,PA_2016-2020,True
42001,PA,2020,2024,2020-2024,0.7009062935293855,3.0333849124030507,,-34.65996770141755,56540.0,3.9810863798869778,-3.533744178776921,-1.3461169752784699,-2.187627203498451,-4.913520451770786,3.127532737127936,-28.620765872796596,PA_2020-2024,True
42003,PA,2012,2016,2012-2016,2.4979807265049594,-0.8706492218571906,3.3833296060829667,14.74608199425435,622081.0,2.961420653118463,-2.840793314955743,-0.4497614730943553,-2.3910318418613876,,0.09273514736459276,33.162727145856934,PA_2012-2016,False
42003,PA,2016,2020,2016-2020,3.3833296060829667,2.4979807265049594,-0.12021023714779489,17.24406272075931,650114.0,5.832274001420911,-1.4801965535583044,-0.06746743882784045,-1.412729114730464,-2.840793314955743,-0.018837104987383668,30.32193383090119,PA_2016-2020,True
42003,PA,2020,2024,2020-2024,-0.12021023714779489,3.3833296060829667,,20.627392326842276,719733.0,0.6219027250184639,-2.374585663190036,-0.10044414746788988,-2.274141515722146,-1.4801965535583044,1.76885110622041,28.841737277342887,PA_2020-2024,True
42005,PA,2012,2016,2012-2016,-15.159480187157143,-13.074259882159627,0.23374591816191526,-38.02035152636448,29602.0,4.99825783589144,-8.270283521814331,-1.1546407598963446,-7.115642761917988,,2.4962271430267293,-6.6244335302631265,PA_2012-2016,False
42005,PA,2016,2020,2016-2020,0.23374591816191526,-15.159480187157143,-0.6320303000567193,-53.17983171352162,31618.0,9.478750537799218,-12.589332383517954,-3.9492974582006557,-8.640034925317298,-8.270283521814331,4.968091877712283,-14.894717052077459,PA_2016-2020,True
42005,PA,2020,2024,2020-2024,-0.6320303000567193,0.23374591816191526,,-52.94608579535971,36370.0,2.4499593392263597,-9.600412519588037,-4.406658910355066,-5.193753609232971,-12.589332383517954,0.9520282601246777,-27.484049435595413,PA_2020-2024,True
42007,PA,2012,2016,2012-2016,-12.714651917526577,-3.788184586285978,1.4637776992514695,-6.6612929633874485,80474.0,3.064315503218773,-8.617646105536107,-1.757734949579973,-6.859911155956134,,-0.10213625180102781,24.857368635862343,PA_2012-2016,False
42007,PA,2016,2020,2016-2020,1.4637776992514695,-12.714651917526577,-2.975180876997701,-19.375944880914027,83571.0,7.545533857779285,-10.197020886047863,-3.211289465933975,-6.985731420113889,-8.617646105536107,2.067528744846797,16.239722530326237,PA_2016-2020,True
42007,PA,2020,2024,2020-2024,-2.975180876997701,1.4637776992514695,,-17.912167181662557,94122.0,1.11556923149857,-9.477413176190367,-3.9853198427076646,-5.492093333482703,-10.197020886047863,1.086467666891437,6.042701644278373,PA_2020-2024,True
42009,PA,2012,2016,2012-2016,-13.133783024565545,-10.067156805377124,0.4587444008631536,-55.43973941368078,21697.0,5.1134719290078845,-6.7061418136392525,-1.0707257830130068,-5.635416030626246,,6.017595608835393,-28.88875081549598,PA_2012-2016,False
42009,PA,2016,2020,2016-2020,0.4587444008631536,-13.133783024565545,-0.9071552340321318,-68.57352243824633,23637.0,11.06640737837793,-12.493544533165071,-4.678871146391174,-7.814673386773897,-6.7061418136392525,0.5398447058374245,-35.59489262913523,PA_2016-2020,True
42009,PA,2020,2024,2020-2024,-0.9071552340321318,0.4587444008631536,,-68.11477803738318,27574.0,1.9166101783416711,-8.82112172648997,-5.093698006433215,-3.7274237200567555,-12.493544533165071,-0.6854258986373338,-48.0884371623003,PA_2020-2024,True
42011,PA,2012,2016,2012-2016,-9.381703814677017,-10.320052013302792,2.078807291778894,-1.0082700804350289,170320.0,3.215675283566344,-3.2835172506498553,-0.7846829045241996,-2.4988343461256557,,1.7136440237489268,10.764271677131765,PA_2012-2016,False
42011,PA,2016,2020,2016-2020,2.078807291778894,-9.381703814677017,-3.985153932561593,-10.389973895112046,183065.0,4.843205676971863,-4.5532335261131225,-1.4176331211903657,-3.135600404922757,-3.2835172506498553,0.7958691269014508,7.4807544264819095,PA_2016-2020,True
42011,PA,2020,2024,2020-2024,-3.985153932561593,2.078807291778894,,-8.311166603333152,205540.0,1.34715408606072,-6.480604019972876,-2.1711721719847623,-4.3094318479881135,-4.5532335261131225,1.438509200048486,2.927520900368787,PA_2020-2024,True
42013,PA,2012,2016,2012-2016,-13.05621267106195,-9.812267316751761,3.459456865211358,-34.36435124508519,50241.0,5.579323791043267,-5.512370527619396,-0.5044170115613973,-5.007953516057999,,-6.242521451641949,-20.543080817551097,PA_2012-2016,False
42013,PA,2016,2020,2016-2020,3.459456865211358,-13.05621267106195,0.18716514737027978,-47.42056391614714,54909.0,9.496708005082633,-6.796278575942619,-2.4706746861202156,-4.325603889822403,-5.512370527619396,3.5270492111347806,-26.055451345170493,PA_2016-2020,True
42013,PA,2020,2024,2020-2024,0.18716514737027978,3.459456865211358,,-43.96110705093578,63595.0,2.1966947296576333,-4.882123291024499,-2.0470586082535505,-2.8350646827709483,-6.796278575942619,1.834780649213016,-32.85172992111311,PA_2020-2024,True
42015,PA,2012,2016,2012-2016,-22.909987035289962,-6.387377532290362,2.309885783208813,-25.119388729703918,23426.0,5.545885399200951,-4.138675379959466,-0.11962102002607722,-4.0190543599333886,,-4.711165304570571,-27.461101506544825,PA_2012-2016,False
42015,PA,2016,2020,2016-2020,2.309885783208813,-22.909987035289962,-2.6104482598807905,-48.02937576499388,25708.0,10.732215256801492,-6.429660610279196,-1.998861822464864,-4.430798787814332,-4.138675379959466,4.300292155916964,-31.59977688650429,PA_2016-2020,True
42015,PA,2020,2024,2020-2024,-2.6104482598807905,2.309885783208813,,-45.71948998178507,30159.0,2.4286779233464673,-6.341238123892133,-2.799027718298831,-3.542210405593302,-6.429660610279196,1.2276635490680974,-38.02943749678349,PA_2020-2024,True
42017,PA,2012,2016,2012-2016,-0.42876891253027793,-7.498078487201804,3.609481303618859,1.2431409649952696,321016.0,4.006967145231732,-0.4195469820455324,0.3660157631555201,-0.7855627452010525,,4.104284541609218,2.4554299068424217,PA_2012-2016,False
42017,PA,2016,2020,2016-2020,3.609481303618859,-0.42876891253027793,-4.497124866056078,0.8143720524649917,344297.0,7.536757874782197,0.06608872378984332,0.2301290821579589,-0.1640403583681156,-0.4195469820455324,1.5799210578960157,2.0358829247968893,PA_2016-2020,True
42017,PA,2020,2024,2020-2024,-4.497124866056078,3.609481303618859,,4.423853356083851,396234.0,0.7937911274886522,-3.2913534697137496,-0.5107729469484226,-2.7805805227653275,0.06608872378984332,0.9671387433890146,2.1019716485867326,PA_2020-2024,True
42019,PA,2012,2016,2012-2016,-3.1948198646395696,-7.565484724733711,5.595166017206672,-35.342143107880105,89445.0,4.1696522250250005,-5.67798522617719,-0.9823449898849024,-4.695640236292288,,3.3346203433189032,-15.389941512845995,PA_2012-2016,False
42019,PA,2016,2020,2016-2020,5.595166017206672,-3.1948198646395696,0.465918050684742,-38.536962972519675,97071.0,6.913843480569481,-4.058799601902091,-1.619042441325103,-2.4397571605769883,-5.67798522617719,3.9457994983797278,-21.067926739023186,PA_2016-2020,True
42019,PA,2020,2024,2020-2024,0.465918050684742,5.595166017206672,,-32.941796955313,113305.0,4.078793526450141,-4.644066961298165,-2.0146121958873984,-2.6294547654107667,-4.058799601902091,0.2057577829018129,-25.126726340925277,PA_2020-2024,True
42021,PA,2012,2016,2012-2016,-19.89745840525493,-19.0775953849635,0.5177174205799773,-18.370026257321754,60526.0,4.794725051066107,-12.207032219590745,-1.862531271585457,-10.344500948005289,,3.366104303375934,26.740469949878143,PA_2012-2016,False
42021,PA,2016,2020,2016-2020,0.5177174205799773,-19.89745840525493,-2.245982563202695,-38.267484662576685,63072.0,7.186035808045254,-17.437818665400606,-5.127164481589325,-12.310654183811279,-12.207032219590745,1.5791287044029048,14.533437730287398,PA_2016-2020,True
42021,PA,2020,2024,2020-2024,-2.245982563202695,0.5177174205799773,,-37.74976724199671,70574.0,1.5475804569525686,-14.221754555463917,-6.77618025683995,-7.445574298623967,-17.437818665400606,1.5184320195237575,-2.904380935113206,PA_2020-2024,True
42023,PA,2012,2016,2012-2016,-19.420782796945627,-10.321389841993248,2.6291531008512194,-30.484877580412867,2111.0,4.103654118657873,-6.41390633516926,-1.7142790904633856,-4.699627244705875,,-7.081321612454403,-7.23089564502876,PA_2012-2016,False
42023,PA,2016,2020,2016-2020,2.6291531008512194,-19.420782796945627,-3.6359014826168163,-49.905660377358494,2186.0,8.50753631888168,-13.73309005065031,-3.387411864901365,-10.345678185748945,-6.41390633516926,-0.4167486019257325,-13.64480198019802,PA_2016-2020,True
42023,PA,2020,2024,2020-2024,-3.6359014826168163,2.6291531008512194,,-47.276507276507274,2434.0,-4.5630412081759,-11.693418085237909,-5.666744877879182,-6.026673207358726,-13.73309005065031,-0.9896201471242705,-27.37789203084833,PA_2020-2024,True
42025,PA,2012,2016,2012-2016,-27.760965289651807,-9.589156159161242,2.9815005893938746,-7.670228033806411,25581.0,6.61468186794627,-9.256303341070772,-1.1242800151796377,-8.132023325891133,,6.823791424005989,10.923443627136889,PA_2012-2016,False
42025,PA,2016,2020,2016-2020,2.9815005893938746,-27.760965289651807,-2.6309294527056437,-35.43119332345822,28776.0,8.148544614900343,-10.162063765770679,-3.0567046576356303,-7.105359108135049,-9.256303341070772,7.402241942241702,1.6671402860661173,PA_2016-2020,True
42025,PA,2020,2024,2020-2024,-2.6309294527056437,2.9815005893938746,,-32.44969273406434,33629.0,2.843277296824631,-11.032166690464736,-5.5271499778673565,-5.50501671259738,-10.162063765770679,-2.5808737323083903,-8.494923479704562,PA_2020-2024,True
42027,PA,2012,2016,2012-2016,2.2501558012221268,-11.696559036178135,2.31213697950665,0.25668480572627134,69626.0,3.5744542277894698,-0.5684497300250846,-1.3460580333555643,0.7776083033304797,,5.651294627477469,3.407732693516543,PA_2012-2016,False
42027,PA,2016,2020,2016-2020,2.31213697950665,2.2501558012221268,-1.954615751262173,2.506840606948398,76148.0,1.4711075277923702,-0.7964276047874672,-0.6949860913034298,-0.1014415134840374,-0.5684497300250846,-8.19532762726655,2.8392829634914585,PA_2016-2020,True
42027,PA,2020,2024,2020-2024,-1.954615751262173,2.31213697950665,,4.818977586455048,77493.0,2.3337225252898386,-1.160791566102768,0.49762481996714225,-1.6584163860699102,-0.7964276047874672,-2.1292203178690983,2.0428553587039913,PA_2020-2024,True
42029,PA,2012,2016,2012-2016,10.130240637598463,-9.493442451632605,7.386872050557162,-0.21232104225951332,251973.0,2.408953822189952,1.403052466389732,0.11585791701279202,1.28719454937694,,1.6387804255254395,-6.613246028973839,PA_2012-2016,False
42029,PA,2016,2020,2016-2020,7.386872050557162,10.130240637598463,-2.6950522342411602,9.917919595338951,268800.0,7.805709722594889,5.735226623629388,2.0476470689525796,3.687579554676808,1.403052466389732,1.5504822905399749,-5.210193562584107,PA_2016-2020,True
42029,PA,2020,2024,2020-2024,-2.6950522342411602,7.386872050557162,,17.304791645896113,314502.0,0.6152453248282841,0.9979864203757998,1.515334890452497,-0.5173484700766973,5.735226623629388,1.515955582511225,0.5250330610452811,PA_2020-2024,True
42031,PA,2012,2016,2012-2016,-12.94043516485678,-13.58077929160656,-2.1336577838447397,-36.338453789977336,16186.0,4.907745948083308,-7.379876251783836,-2.3900272864189382,-4.989848965364898,,0.7929600545672031,-12.707296849087895,PA_2012-2016,False
42031,PA,2016,2020,2016-2020,-2.1336577838447397,-12.94043516485678,-2.031682264280633,-49.278888954834116,17535.0,8.240028328455152,-12.58195359039518,-4.159880587473971,-8.42207300292121,-7.379876251783836,3.4392357008091494,-20.08717310087173,PA_2016-2020,True
42031,PA,2020,2024,2020-2024,-2.031682264280633,-2.1336577838447397,,-51.412546738678856,19493.0,1.5446415032469352,-9.159842212170076,-4.3901698762194385,-4.769672335950638,-12.58195359039518,1.0977635316737064,-32.66912669126691,PA_2020-2024,True
42033,PA,2012,2016,2012-2016,-21.182353260649965,-16.954522050993177,0.26437633714053277,-29.31867293758739,31967.0,4.306062913135456,-8.148503374120263,-1.4702766764500428,-6.67822669767022,,4.315801706366415,-2.333216086293821,PA_2012-2016,False
42033,PA,2016,2020,2016-2020,0.26437633714053277,-21.182353260649965,-1.682209788025986,-50.501026198237355,34271.0,7.614044410096865,-15.73611188428098,-5.104025597062083,-10.632086287218897,-8.148503374120263,-6.18558973084194,-10.481719460414084,PA_2016-2020,True
42033,PA,2020,2024,2020-2024,-1.682209788025986,0.26437633714053277,,-50.23664986109682,39422.0,2.302857895007193,-10.92525399534727,-5.399952112649785,-5.525301882697484,-15.73611188428098,1.500059540508289,-26.217831344695064,PA_2020-2024,True
42035,PA,2012,2016,2012-2016,-23.709300021918466,-9.24749706252697,-1.0288782024013443,-12.034977372094808,13265.0,7.404316544898193,-6.712729686035251,-0.5992935454680846,-6.113436140567167,,-1.2761247629580197,2.081065784317994,PA_2012-2016,False
42035,PA,2016,2020,2016-2020,-1.0288782024013443,-23.709300021918466,-4.457781222757497,-35.744277394013274,15394.0,8.920280383106538,-14.553577533043988,-4.770455290879952,-9.783122242164035,-6.712729686035251,2.424226418202352,-4.631663901717258,PA_2016-2020,True
42035,PA,2020,2024,2020-2024,-4.457781222757497,-1.0288782024013443,,-36.77315559641462,17625.0,3.0409767815719135,-11.052264535452814,-4.400136632339407,-6.652127903113406,-14.553577533043988,2.2092672450173296,-19.185241434761245,PA_2020-2024,True
42037,PA,2012,2016,2012-2016,-20.56459743301279,-8.60464354487354,2.4390892211415824,-13.10531124617646,25623.0,5.133704767045888,-6.328295472797063,-1.4285655044147287,-4.899729968382334,,2.2788399205206815,0.7395707982350581,PA_2012-2016,False
42037,PA,2016,2020,2016-2020,2.4390892211415824,-20.56459743301279,-0.08638067828920981,-33.66990867918925,28228.0,6.197032306510186,-10.614143355923353,-3.943333236503146,-6.670810119420208,-6.328295472797063,-0.8866303876974087,-5.5887246745620045,PA_2016-2020,True
42037,PA,2020,2024,2020-2024,-0.08638067828920981,2.4390892211415824,,-31.230819458047666,31171.0,2.365267993417841,-8.125169960981026,-3.569343858321428,-4.555826102659598,-10.614143355923353,2.646751167916463,-16.20286803048536,PA_2020-2024,True
42039,PA,2012,2016,2012-2016,-18.802865647763543,-9.597738858897548,1.2886704811729786,-20.175942962281507,35388.0,3.712140173861156,-6.803181478567373,-1.3026297893348389,-5.500551689232534,,-1.0429141407977056,-8.599733143243588,PA_2012-2016,False
42039,PA,2016,2020,2016-2020,1.2886704811729786,-18.802865647763543,-1.8627847961684765,-38.97880861004505,37492.0,7.720096281234923,-7.070047843729437,-1.968200760608589,-5.101847083120848,-6.803181478567373,6.138939065581141,-15.402914621810961,PA_2016-2020,True
42039,PA,2020,2024,2020-2024,-1.8627847961684765,1.2886704811729786,,-37.69013812887207,42004.0,2.3117758968564717,-8.320118474407384,-4.361873955726725,-3.958244518680658,-7.070047843729437,-0.8706566781430638,-22.472962465540398,PA_2020-2024,True
42041,PA,2012,2016,2012-2016,-0.20758766624855696,-4.949965244254379,8.199142593180534,-18.723895361617938,110814.0,3.9274140280163516,0.21954939504261262,0.07989887361695125,0.13965052142566137,,2.111825580917426,-17.95200829361417,PA_2012-2016,False
42041,PA,2016,2020,2016-2020,8.199142593180534,-0.20758766624855696,1.1692714075091537,-18.931483027866495,121617.0,6.27697413397218,2.4828287111820337,1.1565486254896342,1.3262800856923995,0.21954939504261262,5.080884460132893,-17.732458898571558,PA_2016-2020,True
42041,PA,2020,2024,2020-2024,1.1692714075091537,8.199142593180534,,-10.73234043468596,141595.0,2.0519510872359814,0.15252052126739812,0.9537267590111522,-0.8012062377437541,2.4828287111820337,-1.6366268561917536,-15.249630187389524,PA_2020-2024,True
42043,PA,2012,2016,2012-2016,-3.0784848133457996,-3.015344366494544,5.5886223253949385,6.138953559612792,124008.0,2.251525943810395,1.0396325203077073,0.6685636427821446,0.3710688775255626,,3.970110207398932,4.250407994455746,PA_2012-2016,False
42043,PA,2016,2020,2016-2020,5.5886223253949385,-3.0784848133457996,-2.659280447917843,3.060468746266993,130872.0,5.42473931076719,1.06978154569555,-0.024588786784890182,1.0943703324804401,1.0396325203077073,0.12008373924697935,5.2900405147634535,PA_2016-2020,True
42043,PA,2020,2024,2020-2024,-2.659280447917843,5.5886223253949385,,8.649091071661932,147368.0,0.6558328084940279,-1.5784958338392565,0.36918154024267213,-1.9476773740819286,1.06978154569555,2.304271958803227,6.3598220604590034,PA_2020-2024,True
42045,PA,2012,2016,2012-2016,1.6060636297793813,0.10972365593413969,3.880804867861375,21.560261104919597,285564.0,1.9695609872348863,4.651132460030784,1.3872439644669923,3.2638884955637915,,2.4335135828071657,-0.39563293719704634,PA_2012-2016,False
42045,PA,2016,2020,2016-2020,3.880804867861375,1.6060636297793813,-3.0581536368026043,23.16632473469898,297634.0,5.18939667152819,6.852947466630445,2.3480986535349153,4.5048488130955295,4.651132460030784,0.30858669232415536,4.255499522833738,PA_2016-2020,True
42045,PA,2020,2024,2020-2024,-3.0581536368026043,3.880804867861375,,27.047129602560354,327931.0,-0.46604196782304985,2.5782100285304335,2.517814445013462,0.060395583516971385,6.852947466630445,-0.9483252336406167,11.108446989464182,PA_2020-2024,True
42047,PA,2012,2016,2012-2016,-28.248761597410116,-20.620896679808826,-1.247534783150435,-16.224505443950314,13238.0,6.296147436478172,-9.89048328158266,-1.415533759075572,-8.474949522507089,,1.984229766857979,15.12166289035563,PA_2012-2016,False
42047,PA,2016,2020,2016-2020,-1.247534783150435,-28.248761597410116,-1.6185615021659814,-44.47326704136043,14426.0,9.094200650262119,-19.893637112415515,-5.2828698806638,-14.610767231751714,-9.89048328158266,0.16215745120213398,5.23117960877297,PA_2016-2020,True
42047,PA,2020,2024,2020-2024,-1.6185615021659814,-1.247534783150435,,-45.720801824510865,16906.0,1.5857085370085233,-13.880868472751276,-6.870298985850658,-7.010569486900618,-19.893637112415515,1.733287122471225,-14.662457503642544,PA_2020-2024,True
42049,PA,2012,2016,2012-2016,-17.896185350492345,-3.9173693482130965,2.704360422480719,16.240250809407062,118619.0,3.1157173758680323,-4.102315877454851,-0.3333245962303799,-3.768991281224471,,7.416916752210469,19.927509598475552,PA_2012-2016,False
42049,PA,2016,2020,2016-2020,2.704360422480719,-17.896185350492345,-2.0827416924897557,-1.6559345410852844,123679.0,6.517147311167482,-3.812208309873574,-0.943738872393741,-2.868469437479833,-4.102315877454851,6.139139560179146,15.825193721020701,PA_2016-2020,True
42049,PA,2020,2024,2020-2024,-2.0827416924897557,2.704360422480719,,1.0484258813954348,137083.0,0.5860144691916203,-7.2205117582791285,-3.108496528473376,-4.112015229805753,-3.812208309873574,-8.913028128181324,12.012985411147127,PA_2020-2024,True
42051,PA,2012,2016,2012-2016,-23.247950333067514,-8.01929922320836,-2.018661131110573,-8.433182604346829,48505.0,5.8957287390209165,-15.478960957233308,-3.656461151351067,-11.822499805882241,,-5.643253511158846,40.140268976123735,PA_2012-2016,False
42051,PA,2016,2020,2016-2020,-2.018661131110573,-23.247950333067514,-4.420843464910767,-31.681132937414343,53767.0,9.711955346109724,-18.170103376592586,-4.279761374045911,-13.890342002546674,-15.478960957233308,0.9963044966762737,24.661308018890427,PA_2016-2020,True
42051,PA,2020,2024,2020-2024,-4.420843464910767,-2.018661131110573,,-33.699794068524916,62139.0,2.342358183205251,-17.362251700262153,-7.5999246433046235,-9.762327056957528,-18.170103376592586,1.1390251095253916,6.49120464229784,PA_2020-2024,True
42053,PA,2012,2016,2012-2016,-24.408371310082394,-7.725094711972661,1.562833423767401,-21.369021500658185,2312.0,2.827358250699208,-7.977860286028603,-2.181406097369786,-5.796454188658817,,3.5494533435036857,-6.466584158415841,PA_2012-2016,False
42053,PA,2016,2020,2016-2020,1.562833423767401,-24.408371310082394,-0.6445419077716821,-45.77739281074058,2401.0,7.107009348740162,-8.873685544153046,-1.9317574786324787,-6.9419280655205675,-7.977860286028603,7.182555742572383,-14.444444444444445,PA_2016-2020,True
42053,PA,2020,2024,2020-2024,-0.6445419077716821,1.562833423767401,,-44.21455938697318,2646.0,-2.1929756600622685,-14.18187001140251,-6.487550130983973,-7.694319880418536,-8.873685544153046,-6.81557642004563,-23.31812998859749,PA_2020-2024,True
42055,PA,2012,2016,2012-2016,-9.069557275350363,-6.100054966160968,4.335650517133651,-38.97678901293069,63078.0,4.215900044115639,-4.360876335397673,-0.7320251876401116,-3.628851147757562,,2.7400857538810044,-27.30933803171407,PA_2012-2016,False
42055,PA,2016,2020,2016-2020,4.335650517133651,-9.069557275350363,0.34052005825336806,-48.04634628828105,69731.0,7.799686392657012,-4.313306143118613,-1.5857176349186908,-2.727588508199922,-4.360876335397673,4.711225180078529,-31.670214367111743,PA_2016-2020,True
42055,PA,2020,2024,2020-2024,0.34052005825336806,4.335650517133651,,-43.7106957711474,80783.0,2.1281436168659185,-2.887474896756359,-1.3632855524978709,-1.5241893442584882,-4.313306143118613,2.736653816757155,-35.983520510230356,PA_2020-2024,True
42057,PA,2012,2016,2012-2016,-15.17123261259433,-7.909045587083199,-0.17416551052049556,-57.21750489875898,6195.0,4.58017166219582,-8.843032040882665,-2.371341309040851,-6.471690731841814,,-2.0038160679588657,-25.73844178082192,PA_2012-2016,False
42057,PA,2016,2020,2016-2020,-0.17416551052049556,-15.17123261259433,-0.3642558038232835,-72.38873751135331,6771.0,9.880903472320446,-14.096850700458894,-4.451493211262452,-9.645357489196442,-8.843032040882665,4.902518949555898,-34.581473821704584,PA_2016-2020,True
42057,PA,2020,2024,2020-2024,-0.3642558038232835,-0.17416551052049556,,-72.56290302187381,7977.0,1.6015339461119216,-10.348188329485986,-6.5084429222444555,-3.83974540724153,-14.096850700458894,0.24983651090951753,-48.67832452216348,PA_2020-2024,True
42059,PA,2012,2016,2012-2016,-23.491017175247897,-17.657487731063924,-2.311962678786344,-18.03921568627451,14464.0,5.857303614865983,-14.621789162558262,-2.248735986735774,-12.373053175822488,,2.1091661847624863,34.16140846313374,PA_2012-2016,False
42059,PA,2016,2020,2016-2020,-2.311962678786344,-23.491017175247897,-1.8499574961763798,-41.53023286152241,15764.0,8.476133703550703,-20.793290452988575,-6.145863006517068,-14.647427446471507,-14.621789162558262,3.4509871591742893,19.539619300575477,PA_2016-2020,True
42059,PA,2020,2024,2020-2024,-1.8499574961763798,-2.311962678786344,,-43.84219554030875,17669.0,-0.0011193676603848957,-16.338305060252768,-8.125151737351752,-8.213153322901016,-20.793290452988575,0.9908029319440743,-1.253671152413098,PA_2020-2024,True
42061,PA,2012,2016,2012-2016,-14.519214149033296,-9.885299801212476,0.6909900122537636,-37.784679089026916,17639.0,5.8955970478386135,-5.09036567833332,-1.6375241619813394,-3.452841516351981,,3.0210074798925746,-22.67901748542881,PA_2012-2016,False
42061,PA,2016,2020,2016-2020,0.6909900122537636,-14.519214149033296,-1.6986862501665883,-52.30389323806021,19706.0,9.432999913456118,-9.348044543266646,-1.269430762608021,-8.078613780658625,-5.09036567833332,-2.4514229549456985,-27.76938316376213,PA_2016-2020,True
42061,PA,2020,2024,2020-2024,-1.6986862501665883,0.6909900122537636,,-51.61290322580645,22792.0,1.5338542590139115,-7.125123114469417,-2.7565691956883853,-4.368553918781032,-9.348044543266646,1.487707440593411,-37.117427707028774,PA_2020-2024,True
42063,PA,2012,2016,2012-2016,-17.700324686663354,-11.751577251214943,-1.2643556900586006,-18.986845787853344,36321.0,3.3980043429712503,-8.668060738365869,-3.0329107856594413,-5.635149952706428,,-5.894701176452287,1.7619993725818257,PA_2012-2016,False
42063,PA,2016,2020,2016-2020,-1.2643556900586006,-17.700324686663354,-1.4596210009142965,-36.6871704745167,37770.0,6.472929886253143,-10.872960585294205,-3.0801784658562505,-7.792782119437955,-8.668060738365869,1.845453472372597,-6.906061365784043,PA_2016-2020,True
42063,PA,2020,2024,2020-2024,-1.4596210009142965,-1.2643556900586006,,-37.9515261645753,41198.0,2.074744041208465,-9.532357146015134,-4.78160745925511,-4.750749686760024,-10.872960585294205,0.5960358846639195,-17.77902195107825,PA_2020-2024,True
42065,PA,2012,2016,2012-2016,-14.937731193430729,-16.00126647315044,1.5200300163284837,-46.31903560414914,18097.0,4.80974519148768,-7.253732909198256,-1.23523402712868,-6.018498882069576,,5.273873230428109,-17.447196048898384,PA_2012-2016,False
42065,PA,2016,2020,2016-2020,1.5200300163284837,-14.937731193430729,0.7706483844246037,-61.25676679757987,19478.0,9.336272150175395,-11.60993246512433,-3.3001446512437624,-8.309787813880568,-7.253732909198256,5.650310849709754,-24.70092895809664,PA_2016-2020,True
42065,PA,2020,2024,2020-2024,0.7706483844246037,1.5200300163284837,,-59.73673678125139,22824.0,1.7166290833197317,-12.10054175050034,-7.570245026327491,-4.53029672417285,-11.60993246512433,-8.262572876478231,-36.31086142322097,PA_2020-2024,True
42067,PA,2012,2016,2012-2016,-18.058813420190944,-10.098202423176211,1.7783432275011748,-45.86034647677755,9535.0,5.128787075013186,-7.014712426998958,-1.7727195569112908,-5.2419928700876675,,1.8742783967158942,-25.311877168376764,PA_2012-2016,False
42067,PA,2016,2020,2016-2020,1.7783432275011748,-18.058813420190944,0.2725292662535992,-63.919159896968495,10454.0,11.349133244418496,-10.951533247964512,-3.357155603551739,-7.5943776444127735,-7.014712426998958,6.91080407763188,-32.32658959537572,PA_2016-2020,True
42067,PA,2020,2024,2020-2024,0.2725292662535992,1.7783432275011748,,-62.14081666946732,12043.0,0.5295913727627721,-8.181502322130399,-4.427449338503855,-3.7540529836265435,-10.951533247964512,-0.5404927441749834,-43.278122843340235,PA_2020-2024,True
42069,PA,2012,2016,2012-2016,-24.0164835265876,1.4061512451037075,4.861131386277265,27.602323493907534,98015.0,4.279071949972879,-5.793266593412724,-0.10274169302800118,-5.690524900384723,,0.5960537039287885,38.53579886803056,PA_2012-2016,False
42069,PA,2016,2020,2016-2020,4.861131386277265,-24.0164835265876,-5.640569059412993,3.5858399673199357,103456.0,5.846380564100007,-6.7051399632696125,-1.8554074225880335,-4.849732540681579,-5.793266593412724,-1.1347915294692115,32.74253227461784,PA_2016-2020,True
42069,PA,2020,2024,2020-2024,-5.640569059412993,4.861131386277265,,8.4469713535972,115410.0,0.896556264565429,-8.215478949881767,-2.890771267721192,-5.324707682160575,-6.7051399632696125,1.1801389785067755,26.037392311348224,PA_2020-2024,True
42071,PA,2012,2016,2012-2016,-1.1944850638719835,-7.3199332909202965,4.3752987243988635,-19.250741501254847,222436.0,3.1328875338234807,1.5887850874030711,0.9702347176360782,0.618550369766993,,3.13023028934478,-21.301344387682114,PA_2012-2016,False
42071,PA,2016,2020,2016-2020,4.3752987243988635,-1.1944850638719835,-0.042230829570236494,-20.44522656512683,241112.0,7.145377847239798,1.0837856195149378,0.6116403098331453,0.47214530968179247,1.5887850874030711,1.2728081520141217,-19.712559300279043,PA_2016-2020,True
42071,PA,2020,2024,2020-2024,-0.042230829570236494,4.3752987243988635,,-16.069927840727967,280239.0,1.5041733817977354,-1.1499628386394818,0.36895135400968826,-1.51891419264917,1.0837856195149378,1.97138206929489,-18.628773680764105,PA_2020-2024,True
42073,PA,2012,2016,2012-2016,-19.790104459899645,-4.01600363682034,-0.9275688614005695,-9.1649377593361,39036.0,3.522546862916087,-9.232322802871238,-1.7016625938820358,-7.530660208989201,,-5.035838728804606,16.50326532596542,PA_2012-2016,False
42073,PA,2016,2020,2016-2020,-0.9275688614005695,-19.790104459899645,-4.116149258774211,-28.955042219235743,40753.0,8.753967960158459,-11.405489306465508,-3.5729202801752096,-7.832569026290299,-9.232322802871238,1.9722646361944811,7.270942523094182,PA_2016-2020,True
42073,PA,2020,2024,2020-2024,-4.116149258774211,-0.9275688614005695,,-29.882611080636313,46076.0,2.2729875943714895,-11.694083283329547,-5.260962103073742,-6.433121180255805,-11.405489306465508,2.4112720888269337,-4.134546783371326,PA_2020-2024,True
42075,PA,2012,2016,2012-2016,-7.630846274563652,-9.541816337194604,4.004462578495627,-28.63802624973105,56580.0,3.748377639860856,-1.4612558056612244,0.1947892697787701,-1.6560450754399945,,3.3149931436986435,-21.445579066228092,PA_2012-2016,False
42075,PA,2016,2020,2016-2020,4.004462578495627,-7.630846274563652,0.013944294434992344,-36.2688725242947,61845.0,6.647644628110583,-2.2353807777690413,-1.0179997853525222,-1.217380992416519,-1.4612558056612244,1.9858295228566334,-22.906834871889316,PA_2016-2020,True
42075,PA,2020,2024,2020-2024,0.013944294434992344,4.004462578495627,,-32.26440994579907,71652.0,1.4328984926725186,-2.842679933760163,-0.8391887446733683,-2.0034911890867946,-2.2353807777690413,2.388108937261592,-25.142215649658358,PA_2020-2024,True
42077,PA,2012,2016,2012-2016,-2.9350491558517424,-7.895429720184283,2.7604276226542357,7.859765633073155,147002.0,4.019418125026197,-1.2211659483033426,-0.4669250498897224,-0.7542408984136202,,1.685175743903173,16.09826321576663,PA_2012-2016,False
42077,PA,2016,2020,2016-2020,2.7604276226542357,-2.9350491558517424,-4.960159564562835,4.924716477221413,160993.0,7.468255078268382,-1.3479237339591332,-0.3983957903076689,-0.9495279436514643,-1.2211659483033426,3.0087617691056607,14.877097267463286,PA_2016-2020,True
42077,PA,2020,2024,2020-2024,-4.960159564562835,2.7604276226542357,,7.685144099875648,184713.0,1.4818179953482113,-4.38144626077688,-1.001050046476557,-3.3803962143003226,-1.3479237339591332,2.9020172920303082,13.529173533504153,PA_2020-2024,True
42079,PA,2012,2016,2012-2016,-24.885024459425825,-3.6275179060541314,5.477562616998096,4.878009002544197,124439.0,4.697338060959943,-7.664898376269701,-0.20442631650342236,-7.460472059766278,,5.192608804623006,24.193739472640456,PA_2012-2016,False
42079,PA,2016,2020,2016-2020,5.477562616998096,-24.885024459425825,-4.7931586168632485,-20.00701545688163,134983.0,7.126987398889528,-7.478100449527105,-2.0613137607339507,-5.416786688793154,-7.664898376269701,5.8524921016514355,16.528841096370755,PA_2016-2020,True
42079,PA,2020,2024,2020-2024,-4.7931586168632485,5.477562616998096,,-14.529452839883533,153321.0,1.4090898379896521,-10.332645190737434,-4.674261776358483,-5.658383414378952,-7.478100449527105,-4.1720139365292965,9.05074064684365,PA_2020-2024,True
42081,PA,2012,2016,2012-2016,-12.771861651405324,-9.246810411856352,4.558559170213634,-33.699657661193605,46493.0,5.332894679707478,-5.8119398116133745,-1.2723661703695086,-4.539573641243866,,3.095464508749842,-16.668135872120356,PA_2012-2016,False
42081,PA,2016,2020,2016-2020,4.558559170213634,-12.771861651405324,0.09772787309147901,-46.47151931259893,50565.0,10.380769092509068,-7.174507728678492,-2.137357092694863,-5.037150635983629,-5.8119398116133745,5.387716599079894,-22.48007568373373,PA_2016-2020,True
42081,PA,2020,2024,2020-2024,0.09772787309147901,4.558559170213634,,-41.912960142385295,59254.0,0.4254580418853293,-4.868920312221739,-2.1333488437251553,-2.735571468496584,-7.174507728678492,0.15457028794745042,-29.654583412412222,PA_2020-2024,True
42083,PA,2012,2016,2012-2016,-19.97366728604735,-11.035910077663488,1.7519165910443917,-28.621479584961595,15108.0,4.671963433150228,-3.9967629488561336,-0.33711888714918814,-3.6596440617069455,,-1.0151871490455733,-23.645644019952826,PA_2012-2016,False
42083,PA,2016,2020,2016-2020,1.7519165910443917,-19.97366728604735,-0.7382413330709099,-48.59514687100894,16296.0,11.388227950907897,-8.223583978616471,-2.04483099865708,-6.178752979959391,-3.9967629488561336,5.240416234673177,-27.64240696880896,PA_2016-2020,True
42083,PA,2020,2024,2020-2024,-0.7382413330709099,1.7519165910443917,,-46.84323027996455,19466.0,1.0875732415536965,-5.7378925477202,-2.2609792453043056,-3.4769133024158947,-8.223583978616471,0.23466552293533027,-35.86599094742543,PA_2020-2024,True
42085,PA,2012,2016,2012-2016,-22.105434927525256,-3.0847035656874624,-0.8712001896488708,-3.375401240106067,50863.0,2.395318934464985,-6.020255553262696,-1.081079465851258,-4.939176087411438,,3.418368277665806,7.37792073154523,PA_2012-2016,False
42085,PA,2016,2020,2016-2020,-0.8712001896488708,-22.105434927525256,-4.069681599408231,-25.480836167631324,52309.0,6.5445478000257795,-9.915863059084307,-3.2267979062929433,-6.689065152791364,-6.020255553262696,-2.2766641395157166,1.3576651782825342,PA_2016-2020,True
42085,PA,2020,2024,2020-2024,-4.069681599408231,-0.8712001896488708,,-26.352036357280195,57954.0,1.464774231819732,-10.393948894306986,-4.4106277222949295,-5.983321172012056,-9.915863059084307,0.18390082562436305,-8.558197880801773,PA_2020-2024,True
42087,PA,2012,2016,2012-2016,-9.566746122748988,-13.220700957649704,0.1282207010718892,-47.28596101653096,16371.0,6.346430360569,-6.395034194390998,-1.4743004571674554,-4.920733737223543,,4.329538732821206,-24.299447739824096,PA_2012-2016,False
42087,PA,2016,2020,2016-2020,0.1282207010718892,-9.566746122748988,-0.07098780787980985,-56.85270713927995,18601.0,8.3427460563139,-9.695123708853504,-3.4807862301241066,-6.214337478729398,-6.395034194390998,4.290802289738167,-30.694481934215094,PA_2016-2020,True
42087,PA,2020,2024,2020-2024,-0.07098780787980985,0.1282207010718892,,-56.72448643820806,21502.0,1.9808321156452147,-7.78002237215064,-3.2616348328537796,-4.51838753929686,-9.695123708853504,-0.34192979404744506,-40.3896056430686,PA_2020-2024,True
42089,PA,2012,2016,2012-2016,-12.664652631320035,-3.0182013236622947,5.652675040197717,13.455095992784434,62917.0,3.8785011930206337,-0.9454197257172243,0.7064129664083101,-1.6518326921255344,,-2.195105335561337,15.174643411493493,PA_2012-2016,False
42089,PA,2016,2020,2016-2020,5.652675040197717,-12.664652631320035,-7.233123479422707,0.7904433614644003,69752.0,9.823495782000368,-2.296848368785568,-0.7842882991130526,-1.5125600696725154,-0.9454197257172243,5.459333339533529,14.229223685776269,PA_2016-2020,True
42089,PA,2020,2024,2020-2024,-7.233123479422707,5.652675040197717,,6.443118401662117,83829.0,1.3150154601250574,-5.594834176299954,-1.8468199947148243,-3.7480141815851296,-2.296848368785568,1.3373805479606204,11.9323753169907,PA_2020-2024,True
42091,PA,2012,2016,2012-2016,7.8254422676642985,-6.5032109394475,4.2568541892563445,14.463980457991303,412200.0,2.2786018098143845,2.6809470532311126,1.2424400101727473,1.4385070430583653,,2.4296211723061987,7.105723954600303,PA_2012-2016,False
42091,PA,2016,2020,2016-2020,4.2568541892563445,7.8254422676642985,-3.49839695821694,22.2894227256556,434687.0,8.191595655770822,4.976253835609519,2.0130056748840985,2.9632481607254206,2.6809470532311126,0.1893975684432263,9.786671007831416,PA_2016-2020,True
42091,PA,2020,2024,2020-2024,-3.49839695821694,4.2568541892563445,,26.546276914911946,510157.0,0.8015997947710907,0.47696434973303603,1.6035886317550556,-1.1266242820220196,4.976253835609519,2.622678789745848,14.762924843440935,PA_2020-2024,True
42093,PA,2012,2016,2012-2016,-9.093773665103896,-5.509623658630179,8.286469211991314,-20.75275794938352,7831.0,6.09473911283509,-3.2312357043224367,0.3907285501345843,-3.621964254457021,,-1.246193429795028,-8.625536321941116,PA_2012-2016,False
42093,PA,2016,2020,2016-2020,8.286469211991314,-9.093773665103896,0.32816356504963906,-29.846531614487414,8556.0,9.485846549235788,-3.1321699727376604,-0.9966984107544423,-2.135471561983218,-3.2312357043224367,7.80730104756519,-11.856772026263553,PA_2016-2020,True
42093,PA,2020,2024,2020-2024,0.32816356504963906,8.286469211991314,,-21.5600624024961,9771.0,1.053269456194894,-7.220914916738057,-3.903830946287787,-3.3170839704502697,-3.1321699727376604,-10.15712756740227,-14.988941999001213,PA_2020-2024,True
42095,PA,2012,2016,2012-2016,-8.732460461286944,-7.710475433799591,4.689031366786866,4.77326968973747,130735.0,4.452658719398528,-2.7017096526739355,-0.06012447568816981,-2.6415851769857657,,-0.8229249053983665,14.812285711557012,PA_2012-2016,False
42095,PA,2016,2020,2016-2020,4.689031366786866,-8.732460461286944,-2.5216262609520648,-3.9591907715494754,143519.0,8.44643836868798,-2.8414726306206877,-1.2025101480223075,-1.6389624825983802,-2.7017096526739355,2.437083355995725,12.110576058883076,PA_2016-2020,True
42095,PA,2020,2024,2020-2024,-2.5216262609520648,4.689031366786866,,0.7298405952373905,170942.0,1.6880776788351537,-4.17100421994021,-1.384517099085464,-2.786487120854746,-2.8414726306206877,1.5253365747759062,9.269103428262389,PA_2020-2024,True
42097,PA,2012,2016,2012-2016,-24.6309791990524,-5.717838441685364,5.3147103450921875,-19.77907333537895,33212.0,5.383552855370405,-6.35831010399062,-0.8944002930522794,-5.463909810938341,,3.315712220584061,-4.203499581650842,PA_2012-2016,False
42097,PA,2016,2020,2016-2020,5.3147103450921875,-24.6309791990524,-1.21971708727731,-44.41005253443135,36622.0,8.170498516730945,-9.051512308839525,-3.4516411053029348,-5.5998712035365905,-6.35831010399062,2.196050905886125,-10.561809685641462,PA_2016-2020,True
42097,PA,2020,2024,2020-2024,-1.21971708727731,5.3147103450921875,,-39.09534218933916,42283.0,2.4623252836071807,-8.808081280528654,-2.8423755034296754,-5.965705777098979,-9.051512308839525,0.21152024290670113,-19.613321994480987,PA_2020-2024,True
42099,PA,2012,2016,2012-2016,-14.709975984051418,-5.292471715263552,3.3336672694955993,-39.53735708588142,19128.0,4.8158161449493475,-3.3045685073915507,-0.05134548026067165,-3.253223027130879,,2.9125271925061327,-34.52743622683061,PA_2012-2016,False
42099,PA,2016,2020,2016-2020,3.3336672694955993,-14.709975984051418,1.0747153722810552,-54.247333069932836,21158.0,9.237779960182246,-5.728626550322026,-1.704021658225109,-4.024604892096917,-3.3045685073915507,2.994113148279837,-37.83200473422216,PA_2016-2020,True
42099,PA,2020,2024,2020-2024,1.0747153722810552,3.3336672694955993,,-50.913665800437236,24652.0,2.7948182202131022,-4.2020426319758855,-1.982996018890482,-2.2190466130854034,-5.728626550322026,3.1936795018316673,-43.560631284544186,PA_2020-2024,True
42101,PA,2012,2016,2012-2016,-3.2406611529057585,4.717472298398519,-4.64970810619544,71.84567318426379,690327.0,0.4309991491842635,0.15846973809937026,0.4748766889412934,-0.31640695084192316,,-1.450548546239034,65.82741765124905,PA_2012-2016,False
42101,PA,2016,2020,2016-2020,-4.64970810619544,-3.2406611529057585,-4.441948278646052,68.60501203135803,707631.0,1.983990082776299,-1.6633924965713192,-0.2617129706454193,-1.4016795259258998,0.15846973809937026,0.8419709022853539,65.98588738934842,PA_2016-2020,True
42101,PA,2020,2024,2020-2024,-4.441948278646052,-4.64970810619544,,63.95530392516259,741377.0,-1.3359803429232153,-4.142775123154934,-0.25020128604357694,-3.8925738371113567,-1.6633924965713192,-0.4260525556422863,64.3224948927771,PA_2020-2024,True
42103,PA,2012,2016,2012-2016,-15.662780027263578,-6.933071400082117,7.64780091492181,-11.201948164898242,23279.0,5.742145389902376,-3.710529323863999,0.18707977829089906,-3.897609102154898,,-5.261809245862366,-5.843690248565966,PA_2012-2016,False
42103,PA,2016,2020,2016-2020,7.64780091492181,-15.662780027263578,-5.026633252339728,-26.86472819216182,26101.0,8.706168718419605,-2.749615301867646,-0.39719093799554805,-2.352424363872098,-3.710529323863999,2.191634490524862,-9.554219572429965,PA_2016-2020,True
42103,PA,2020,2024,2020-2024,-5.026633252339728,7.64780091492181,,-19.21692727724001,32554.0,2.8707247189819207,-6.125347132388523,-2.1900868128539788,-3.935260319534544,-2.749615301867646,2.5245130578743726,-12.30383487429761,PA_2020-2024,True
42105,PA,2012,2016,2012-2016,-18.750344553557397,-8.859939809910571,4.028931376111501,-46.77328843995511,7242.0,4.9678188636056,-6.385321800654324,-1.123241582208749,-5.2620802184455755,,2.0491022792584914,-31.84275634564281,PA_2012-2016,False
42105,PA,2016,2020,2016-2020,4.028931376111501,-18.750344553557397,-1.3202611975618055,-65.5236329935125,7784.0,11.462819462090955,-9.959366592871739,-3.5117015811622636,-6.447665011709475,-6.385321800654324,4.609490522919742,-38.228078146297136,PA_2016-2020,True
42105,PA,2020,2024,2020-2024,-1.3202611975618055,4.028931376111501,,-61.494701617401006,9064.0,0.7660271618784797,-7.928939541856586,-3.245285179870514,-4.683654361986072,-9.959366592871739,0.4645216834900623,-48.187444739168875,PA_2020-2024,True
42107,PA,2012,2016,2012-2016,-31.202275106706225,-4.7987032791930915,4.371258138347677,-13.606926650710967,57727.0,5.572125541137113,-6.6001790344870415,-0.16518682687051278,-6.434992207616529,,3.05790162989733,-4.935353816210204,PA_2012-2016,False
42107,PA,2016,2020,2016-2020,4.371258138347677,-31.202275106706225,-1.993859212198494,-44.80920175741719,62869.0,6.987240105166082,-9.075601607731011,-2.4474045671032414,-6.62819704062777,-6.6001790344870415,2.3979676574812316,-11.535532850697246,PA_2016-2020,True
42107,PA,2020,2024,2020-2024,-1.993859212198494,4.371258138347677,,-40.437943619069515,70603.0,2.4013788648778234,-7.699205157695413,-2.974047720503922,-4.725157437191491,-9.075601607731011,2.111632207453596,-20.611134458428257,PA_2020-2024,True
42109,PA,2012,2016,2012-2016,-12.616117001762632,-6.926321736715597,1.0835545766835537,-36.49051490514905,15002.0,3.1634888804006502,-1.6369567307745996,-0.1670080759045689,-1.4699486548700307,,0.5525030525030417,-35.53515969035368,PA_2012-2016,False
42109,PA,2016,2020,2016-2020,1.0835545766835537,-12.616117001762632,0.6684071799995195,-49.10663190691168,16363.0,9.197947825898467,-5.058354306052422,-1.254348009151343,-3.804006296901079,-1.6369567307745996,5.093387378795114,-37.17211642112828,PA_2016-2020,True
42109,PA,2020,2024,2020-2024,0.6684071799995195,1.0835545766835537,,-48.023077330228126,19140.0,3.2215120607376746,-3.811204570056134,-2.014133589366061,-1.7970709806900729,-5.058354306052422,1.8118884005813953,-42.2304707271807,PA_2020-2024,True
42111,PA,2012,2016,2012-2016,-14.023488864214151,-18.047658197239432,0.6948869977608538,-43.53081986834231,33942.0,4.392475271196316,-10.01786115224144,-2.1113430299104223,-7.906518122331018,,-1.456858866401305,-9.606633243347474,PA_2012-2016,False
42111,PA,2016,2020,2016-2020,0.6948869977608538,-14.023488864214151,-0.7842748332400618,-57.554308732556464,35773.0,8.52422277496856,-14.60498719110075,-4.539849526622195,-10.065137664478556,-10.01786115224144,0.15078725884863786,-19.624494395588915,PA_2016-2020,True
42111,PA,2020,2024,2020-2024,-0.7842748332400618,0.6948869977608538,,-56.85942173479561,40543.0,1.7275203422663754,-9.591870312349279,-4.7775815722825925,-4.8142887400666865,-14.60498719110075,2.34533400961665,-34.229481586689666,PA_2020-2024,True
42113,PA,2012,2016,2012-2016,-21.935319528130485,-8.960010976658012,2.708018660231083,-28.73880082701585,2949.0,4.220244531314976,-4.951458555742688,-0.39079439462036447,-4.5606641611223235,,4.085638580475859,-15.393682225365394,PA_2012-2016,False
42113,PA,2016,2020,2016-2020,2.708018660231083,-21.935319528130485,0.7656689115774142,-50.674120355146336,3136.0,11.556300149898602,-9.731089295121993,-2.0954442280326866,-7.635645067089307,-4.951458555742688,2.2698570654785186,-20.345140781108082,PA_2016-2020,True
42113,PA,2020,2024,2020-2024,0.7656689115774142,2.708018660231083,,-47.96610169491525,3595.0,1.4635655565342742,-7.645178189678518,-3.400748830551507,-4.244429359127011,-9.731089295121993,3.528062143954557,-30.076230076230075,PA_2020-2024,True
42115,PA,2012,2016,2012-2016,-21.328951648013387,-9.949160070173985,1.2855194507656975,-21.793064561601355,18044.0,3.1343763692518123,-5.567113652653337,-0.4591532852096556,-5.107960367443681,,1.6092302266679468,-20.850055421778848,PA_2012-2016,False
42115,PA,2016,2020,2016-2020,1.2855194507656975,-21.328951648013387,-3.288914147621888,-43.12201620961474,18863.0,13.262758660958884,-6.968837099314694,-2.264580314368313,-4.704256784946381,-5.567113652653337,8.258012632590805,-26.417169074432184,PA_2016-2020,True
42115,PA,2020,2024,2020-2024,-3.288914147621888,1.2855194507656975,,-41.836496758849044,21752.0,2.995178394902087,-6.375245990130793,-2.318477748665316,-4.056768241465477,-6.968837099314694,2.7718975939287134,-33.38600617374688,PA_2020-2024,True
42117,PA,2012,2016,2012-2016,-19.614854518802176,-7.97864966530296,3.336659467238448,-35.84046948919097,17004.0,5.16835313941808,-3.566958320958772,-0.8165070574208677,-2.7504512635379044,,3.5484047842475377,-29.183492942579132,PA_2012-2016,False
42117,PA,2016,2020,2016-2020,3.336659467238448,-19.614854518802176,-0.15533882813917899,-55.45532400799315,18325.0,8.06869027170839,-9.392352808087033,-2.101374290481303,-7.29097851760573,-3.566958320958772,0.5954275103715645,-32.750451263537904,PA_2016-2020,True
42117,PA,2020,2024,2020-2024,-0.15533882813917899,3.336659467238448,,-52.1186645407547,21075.0,1.9501616689887369,-6.016784087963224,-2.7416088375075844,-3.2751752504556393,-9.392352808087033,1.3407577578075802,-42.14280407162494,PA_2020-2024,True
42119,PA,2012,2016,2012-2016,-2.7759730631136463,-8.968475416811494,1.8243492111364468,-23.66135582630428,16268.0,2.3185827841660513,-0.7555906591581483,-2.012307458994499,1.2567167998363509,,0.5340840980821895,-20.668058455114824,PA_2012-2016,False
42119,PA,2016,2020,2016-2020,1.8243492111364468,-2.7759730631136463,1.0045160869738154,-26.437328889417927,17468.0,10.524596699046468,-1.9740431055373797,-0.9612446177904133,-1.0127984877469665,-0.7555906591581483,8.612129592546182,-21.423649114272973,PA_2016-2020,True
42119,PA,2020,2024,2020-2024,1.0045160869738154,1.8243492111364468,,-24.61297967828148,20115.0,3.8594940063613636,-0.2384086545302786,0.15222833757824006,-0.39063699210851865,-1.9740431055373797,5.092119648377178,-23.397692219810352,PA_2020-2024,True
42121,PA,2012,2016,2012-2016,-16.51695572429599,-7.460507889773787,1.4956586501784344,-26.97610294117647,22167.0,4.033323201935701,-4.702813598380228,-0.7273832192290577,-3.9754303791511703,,1.5094890971413264,-15.00320385683337,PA_2012-2016,False
42121,PA,2016,2020,2016-2020,1.4956586501784344,-16.51695572429599,-0.4781724749915597,-43.49305866547246,23348.0,9.276412149884482,-8.946072885968526,-2.604219867430672,-6.341853018537854,-4.702813598380228,3.6385260755047426,-19.706017455213598,PA_2016-2020,True
42121,PA,2020,2024,2020-2024,-0.4781724749915597,1.4956586501784344,,-41.997400015294026,26528.0,1.5075873964303321,-6.597654204108494,-2.5859873155774586,-4.011666888531035,-8.946072885968526,1.1998334353674522,-28.652090341182124,PA_2020-2024,True
42123,PA,2012,2016,2012-2016,-23.87700266810508,-11.430002558209928,1.3617981083352575,-17.730079388415174,17299.0,4.69137497610459,-5.394934124118109,-0.575019016704843,-4.819915107413266,,5.166323971469566,-9.91721342447872,PA_2012-2016,False
42123,PA,2016,2020,2016-2020,1.3617981083352575,-23.87700266810508,0.6821181165947863,-41.607082056520255,18434.0,9.391250276677798,-7.1592978397140765,-2.1174649058582897,-5.041832933855787,-5.394934124118109,7.7837027890737716,-15.312147548596828,PA_2016-2020,True
42123,PA,2020,2024,2020-2024,0.6821181165947863,1.3617981083352575,,-40.245283948185,20650.0,1.3858140995446688,-10.753964905314191,-5.753177292256673,-5.000787613057518,-7.1592978397140765,-13.27642128653055,-22.471445388310904,PA_2020-2024,True
42125,PA,2012,2016,2012-2016,-11.882239076185071,-8.990299271938637,2.614935831371657,-13.769703446433342,94750.0,3.865626280582035,-10.982655387664705,-2.0456075994531666,-8.937047788211538,,-2.4012348170788584,20.1438899466736,PA_2012-2016,False
42125,PA,2016,2020,2016-2020,2.614935831371657,-11.882239076185071,-2.632686040404451,-25.651942522618413,101450.0,9.523350091413285,-9.924186892344393,-2.8326935391159616,-7.091493353228431,-10.982655387664705,8.164967026285751,9.161234559008895,PA_2016-2020,True
42125,PA,2020,2024,2020-2024,-2.632686040404451,2.614935831371657,,-23.037006691246756,118478.0,1.9473096492537811,-11.002939347890143,-5.650656610158885,-5.352282737731258,-9.924186892344393,-3.022050298855291,-0.7629523333354977,PA_2020-2024,True
42127,PA,2012,2016,2012-2016,-18.586615817242755,-8.697768319852566,5.777085461276826,-21.13469847830171,21607.0,5.2110071885929425,-3.3934912354081987,0.40317901371588505,-3.796670249124084,,1.8791694462269959,-20.250483469932774,PA_2012-2016,False
42127,PA,2016,2020,2016-2020,5.777085461276826,-18.586615817242755,-3.4295776747498437,-39.72131429554447,24018.0,9.739730179617334,-4.576162530340305,-1.5487425327285536,-3.0274199976117515,-3.3934912354081987,4.928868275017578,-23.643974705340973,PA_2016-2020,True
42127,PA,2020,2024,2020-2024,-3.4295776747498437,5.777085461276826,,-33.94422883426764,28089.0,3.115926289004556,-5.678712108712624,-1.872220707665008,-3.806491401047616,-4.576162530340305,3.825064959102207,-28.22013723568128,PA_2020-2024,True
42129,PA,2012,2016,2012-2016,-8.283903725263087,-7.08651046875821,3.560206862777523,-23.983919262290193,169572.0,5.226989167659946,-9.658545650582385,-1.9179311645441324,-7.740614486038252,,4.025535288568307,13.613102190701074,PA_2012-2016,False
42129,PA,2016,2020,2016-2020,3.560206862777523,-8.283903725263087,0.07466517390110639,-32.26782298755328,182051.0,7.6722441389835305,-10.383116712828627,-2.7348274113537814,-7.648289301474847,-9.658545650582385,2.451719427284715,3.9545565401186895,PA_2016-2020,True
42129,PA,2020,2024,2020-2024,0.07466517390110639,3.560206862777523,,-28.707616124775758,204697.0,2.730040335632189,-9.500404567771241,-4.517009630839367,-4.983394936931875,-10.383116712828627,1.1133481856910663,-6.428560172709939,PA_2020-2024,True
42131,PA,2012,2016,2012-2016,-26.63654636792682,-5.405094789541119,3.999802988355569,-13.100961538461538,11872.0,6.02599753187989,-5.674271016972785,-0.017217522655094797,-5.65705349431769,,-1.4178321678321737,-19.478412054476962,PA_2012-2016,False
42131,PA,2016,2020,2016-2020,3.999802988355569,-26.63654636792682,-1.4519340566014876,-39.73750790638836,13144.0,11.108145836042826,-4.876757556616987,-1.2345660430720962,-3.6421915135448906,-5.674271016972785,10.808720249707378,-25.152683071449747,PA_2016-2020,True
42131,PA,2020,2024,2020-2024,-1.4519340566014876,3.999802988355569,,-35.73770491803279,14858.0,1.598866525843179,-5.658089907734794,-2.034267358103417,-3.6238225496313774,-4.876757556616987,1.2012622467372154,-30.029440628066734,PA_2020-2024,True
42133,PA,2012,2016,2012-2016,-8.941957824373247,-7.751450376212148,5.490339260201342,-21.508887637738276,189229.0,3.8639132634851636,-2.9734955342615397,0.023424734863036534,-2.996920269124576,,2.998381192315847,-12.197088625660054,PA_2012-2016,False
42133,PA,2016,2020,2016-2020,5.490339260201342,-8.941957824373247,-0.5481846939206179,-30.450845462111523,205986.0,7.291002968435778,-3.5888177198114892,-0.4264905909905021,-3.162327128820987,-2.9734955342615397,1.4702566792365843,-15.170584159921594,PA_2016-2020,True
42133,PA,2020,2024,2020-2024,-0.5481846939206179,5.490339260201342,,-24.96050620191018,238471.0,2.015508852553105,-3.13951179144156,-1.0174041575962818,-2.1221076338452782,-3.5888177198114892,4.216846075513601,-18.759401879733083,PA_2020-2024,True
