race_id,q05,q10,q15,q20,q25,q30,q35,q40,q45,q50,q55,q60,q65,q70,q75,q80,q85,q90,q95,control_leverage
house-ak-al,-16.442316243924733,-14.490458857815609,-13.232818746985883,-12.254725953803533,-11.465115610222957,-10.720961972432164,-10.04650561777762,-9.43262876844049,-8.822727132385442,-8.194240231713167,-7.618815271993931,-7.002225630825426,-6.375739514957863,-5.710988343175156,-4.980004415816255,-4.172727589911808,-3.1800403762230123,-1.9307993320574501,0.0289723361642317,0.040097511138717845
house-al-1,-39.291075929987876,-36.53472767850425,-34.821991527531374,-33.51705128273589,-32.437444413051495,-31.540402256309367,-30.674778273721987,-29.893308248526782,-29.110239509807528,-28.374514073886175,-27.613133633978872,-26.808268005347074,-26.01545307603191,-25.112452602730833,-24.179023207650424,-23.14379497716129,-21.83927311989971,-20.171279566343138,-17.220621940028103,
house-al-2,-10.113082691389792,-8.191781613957192,-6.977591505217722,-6.070955251727799,-5.282431814492586,-4.562797221917856,-3.9467224550664817,-3.3556639309590315,-2.7755323431691616,-2.203454671599872,-1.608064070670731,-1.0253128931899118,-0.44549477824202754,0.19631139675766812,0.9005859730197721,1.697246716257485,2.6430865510933397,3.8547007885562863,5.709036971472225,0.056698195537001506
house-al-3,-51.755820745805266,-49.2636376685963,-47.78132329894433,-46.67428692949966,-45.665715940587795,-44.78978110726557,-44.02896228150558,-43.31044627276246,-42.62700446179484,-41.93447902235995,-41.242986351879516,-40.53799643869727,-39.81561578847864,-39.08614869425259,-38.26505799107083,-37.2967982862251,-36.1715097975545,-34.70034693637454,-32.239338494021474,
house-al-4,-72.69868063890661,-70.27605137665611,-68.78522400092328,-67.62750640768222,-66.68305013583061,-65.84228468272923,-65.07346608579026,-64.3783620444268,-63.727498243028876,-63.04145022379856,-62.36363260535009,-61.67852258111623,-60.92648126471274,-60.17751539276697,-59.361915792133686,-58.39656037607897,-57.26863814892236,-55.821423917336304,-53.45660091842714,
house-al-5,-33.414777707126234,-31.02589911180753,-29.574249433085047,-28.39586374228351,-27.450914509145065,-26.580177379235504,-25.855938209044538,-25.164914824399062,-24.48273929557283,-23.8035729553185,-23.105336896669385,-22.422456722539824,-21.7015749549832,-20.93757118728995,-20.05855896020624,-19.0923174279858,-17.9894187395015,-16.455048026882324,-13.894318146933806,
house-al-6,-37.30261608343041,-34.77171573718955,-33.27616438344153,-32.129497427088154,-31.19475740077576,-30.34546814595132,-29.588914977996666,-28.873642898351346,-28.190392575574897,-27.500785108378437,-26.849115137728077,-26.13295333330304,-25.422225566261037,-24.651492958795394,-23.832785952058675,-22.910196736850228,-21.811169552331293,-20.265655932185386,-17.89969401626129,
house-al-7,18.041191714655678,20.564902888110527,22.04552293378025,23.171244596966122,24.15666438625589,24.974402546756227,25.756258207617517,26.497986496094455,27.186077634850424,27.88581539303329,28.534552791545853,29.220838206715566,29.931077355674702,30.728367902020647,31.56360935326067,32.532824254482726,33.73398831774201,35.16153796525268,37.59613295123312,
house-ar-1,-50.849072265994,-48.46949482618926,-46.96917560983915,-45.80302549993559,-44.85740056358976,-43.97477181981312,-43.208074897997385,-42.47266511548951,-41.80704719236118,-41.13105958999445,-40.42774978757352,-39.704101125079575,-39.03832615107451,-38.272932265505446,-37.410520700809634,-36.45849587289457,-35.31596390679273,-33.80462121428182,-31.61193761502048,
house-ar-2,-14.719268918194471,-12.84346996636894,-11.549769548581702,-10.644787730869695,-9.85311053275677,-9.160588159483378,-8.503294900445052,-7.937264598155797,-7.346329985928201,-6.780314001951775,-6.187240704185392,-5.606012875748249,-4.985695553260527,-4.3066661821057535,-3.612990182940157,-2.8265086885427086,-1.8756487243239264,-0.6494599365974615,1.3491727010506802,0.04953294749040682
house-ar-3,-31.44628196208327,-28.958785766274808,-27.43942579216605,-26.314377844428627,-25.37080973964879,-24.503850603811337,-23.758336805392307,-23.04970472656049,-22.363249478274685,-21.668584050843222,-20.953071381993936,-20.24335171387699,-19.5318354120737,-18.772003666908198,-17.90654550634623,-16.97697740538698,-15.841678168147064,-14.337327716315041,-11.85945871516746,
house-ar-4,-45.28537060532202,-42.86389777143321,-41.33157060014672,-40.14976544479803,-39.20684717893361,-38.390200962623474,-37.58191600382176,-36.858891636550034,-36.17381123358765,-35.50776296070863,-34.848788588648524,-34.16641138751548,-33.42093987284403,-32.64820972260054,-31.820528451975047,-30.88858004885512,-29.781600192568373,-28.31082723042181,-25.873711001357467,
house-az-1,-4.669666274834098,-2.0617818808371107,-0.32399128349633854,1.001721463230317,2.0476080414218316,2.977609915824221,3.8339615368891837,4.654680192379506,5.398697494802456,6.171219898008606,6.972868082473087,7.758400973322661,8.602878597339712,9.421768656079278,10.384281473904643,11.449839914326951,12.80364520048623,14.555238072505322,17.50991252875141,0.09223217410171536
house-az-2,-12.41687264590673,-10.598143131512941,-9.40137117106832,-8.439717119113652,-7.716940703412107,-6.9962647622068,-6.37820224862087,-5.775051170212026,-5.194912351576508,-4.60697270871334,-4.037861022331738,-3.473564477054956,-2.8359153984196617,-2.1890056192802314,-1.465895456373476,-0.6905359279707898,0.29062327717735875,1.5715166225235815,3.48678821197422,0.05010965753564356
house-az-4,7.10698287106499,9.488976820563801,10.993653968889353,12.151323520588887,13.045874572701758,13.876385251787298,14.627619943015345,15.351764205151941,16.038262300451223,16.74188712295269,17.442514905763087,18.11423043146821,18.827625558029496,19.636353435519666,20.484518137578036,21.434223923289355,22.514121900470954,24.01981321468033,26.49489197132139,
house-az-5,-24.26915003941326,-21.316363295725566,-19.63275320739823,-18.413278362266656,-17.292666638110184,-16.276725705808765,-15.396530641178314,-14.599967756113589,-13.815080075169039,-13.025891622691457,-12.266519283500067,-11.487651029535712,-10.682600343627675,-9.778694755725475,-8.848076704785113,-7.789532130170554,-6.5257916626046955,-4.830906230889254,-2.0374868278389915,0.03272413719173928
house-az-6,-3.3516398640492757,-1.4077564676611711,-0.12909268973063792,0.8456170378202001,1.658275714180736,2.3596487855020127,3.001393495930827,3.645615389343683,4.21563719408354,4.789912889918217,5.397356949940318,5.9976461246040715,6.646030274414646,7.307361491163929,8.05561580753611,8.8808090740277,9.892199728384993,11.231293240396482,13.235902893107605,0.12276664698137318
house-az-7,23.208753618829604,25.58689208387594,27.063802457535402,28.160445209682386,29.152035020246377,29.98313616156163,30.746601585611586,31.478990262374943,32.16728826642663,32.83062861482033,33.50079813047082,34.17609883599674,34.90509608646085,35.68152758807252,36.54667885410351,37.48563768577572,38.646048794283125,40.06593971735728,42.46658162402481,
house-az-8,-20.40527823591881,-17.89626165965093,-16.428035563407896,-15.249880970734658,-14.319588553506389,-13.463744446816087,-12.723957779797951,-12.034554036997553,-11.361534317696206,-10.647885015595417,-9.945454103306833,-9.248298957082094,-8.497359654394474,-7.725640617507789,-6.876634275945189,-5.942625278521624,-4.757958770990596,-3.254789254275662,-0.795907948676168,0.03968051775937831
house-az-9,-32.478038631052755,-30.14957678555283,-28.530223008592813,-27.371853591759297,-26.468611938958247,-25.63760669399028,-24.879686895728966,-24.144755354125188,-23.451748550307585,-22.7757255110553,-22.053673175718423,-21.34658818134227,-20.632344443764232,-19.85556063135192,-19.013186494658775,-18.071113007035795,-16.928042220685878,-15.477646988418975,-13.09595946770927,
house-ca-1,9.052276308753312,11.556813342980698,13.012020694881066,14.131519339769746,15.029043670917744,15.878053471398076,16.630465744835107,17.37966372847971,18.085336820710754,18.804099081586102,19.453384625458618,20.116521664825207,20.822790120801542,21.591133024822117,22.41947759730961,23.349372065803255,24.431002016990973,25.940879967130368,28.30110389064147,
house-ca-2,22.19343796283626,24.550349111910705,26.036242711037016,27.13835517596613,28.141136789579413,28.97886074039087,29.72869898268698,30.459267343733977,31.13459384512541,31.80919472847713,32.49461305609249,33.21002640979297,33.911268224300684,34.64768491440026,35.479679982649095,36.37895740484116,37.52197319108115,39.012086080737284,41.3686968826702,
house-ca-3,10.184158057243607,12.628057278660144,14.118958700467703,15.254987332582477,16.218371406424012,17.03636987919692,17.792541987915182,18.52418933831361,19.229241046525416,19.919864566859374,20.6082717608489,21.309882597301964,22.04671990681938,22.823638543912477,23.64616947357068,24.662233983306717,25.77377315992586,27.21961654138648,29.517512076251606,
house-ca-5,-25.77217759744358,-23.17841299689897,-21.707949957192568,-20.554355707900402,-19.599886208908963,-18.728348222958825,-17.94087022424713,-17.244714003430573,-16.577229394853738,-15.885430190588696,-15.196309683847343,-14.521453480100423,-13.794591464647372,-13.052957903154878,-12.201990644133879,-11.228764520932028,-10.072421266054555,-8.556183382955878,-5.956041126574049,
house-ca-6,1.8590785806645838,4.391904594963099,5.927640534543251,7.143156850181419,8.086028478339644,8.957661126739401,9.723599237102063,10.468417172280741,11.208691561814108,11.932881338110715,12.634454192625377,13.340050034377082,14.094145880172462,14.913215099897823,15.810993242394092,16.81243472572673,18.01599543354943,19.674280055286353,22.265394621310787,0.09745621917910685
house-ca-8,34.553460074780155,36.96938110650418,38.498836797430876,39.61231556691573,40.59640951269422,41.41739633453968,42.20486667649528,42.947461559741136,43.62165445777184,44.33238614125443,45.01032817439542,45.72681001661348,46.4404370890358,47.19426891147118,48.00017876082836,48.92402628720616,50.02262703675769,51.49789508415268,53.93569686923483,
house-ca-9,13.676427687323178,16.04591895796304,17.490264533502305,18.628523149842206,19.610297136199765,20.46378555490039,21.25577367867343,21.955135576059607,22.63740876083428,23.357219652468878,24.05072175692944,24.75453133583981,25.484977339079947,26.195594954705303,27.076875883428812,28.028589669950293,29.074739139744494,30.59418048801994,32.985549642630055,
house-ca-10,31.52446169702672,34.028333111431664,35.50186655071335,36.6243072745078,37.58618771179703,38.38941540261627,39.154058744349385,39.88548800952867,40.59168623703371,41.253702525305215,41.93550815479671,42.57355768588953,43.28881628813625,44.06661833456561,44.94759928247222,45.91467626588512,47.05839446827501,48.53172372925184,50.97888497212317,
house-ca-13,7.339768644581071,9.653373824572322,11.195050026604534,12.282243538896667,13.225992951091413,14.072996800133481,14.8616391729086,15.599551273055468,16.303965602184945,17.004362874266274,17.694166407464255,18.378171871515992,19.10162456853169,19.859455360125835,20.69473044775889,21.652977618328787,22.74228699437927,24.248236093567595,26.643292473884955,
house-ca-15,45.165686685751886,47.60515897696772,49.053738575695306,50.16365681659568,51.102028829823425,51.862031657695574,52.621993000571464,53.31019490793025,53.988920754996975,54.65441470846147,55.290081336965535,55.995439401028335,56.739339774526286,57.48385671050683,58.30966133902864,59.234710208606316,60.31799316399026,61.81618709844603,64.38846195215184,
house-ca-16,49.479447176599265,51.9171344824012,53.35501895269371,54.44820703503577,55.38886646952752,56.2508603851487,56.99479553903317,57.7109679710123,58.418010869253834,59.083971261999196,59.70041681530584,60.36992072800427,61.0729229019491,61.855117291863884,62.68583993395713,63.650600217438345,64.8309542623331,66.33342818292303,68.71030724487274,
house-ca-17,36.08826535087862,38.53163036052066,40.01307121341305,41.163118858358565,42.15259695396041,42.97327288189498,43.712207786453114,44.43157550728499,45.12607732291044,45.790163516730956,46.45727915527354,47.14162456836876,47.85353331143146,48.6251533565594,49.46573772377308,50.36698978134212,51.544251269155055,53.10201735318353,55.48196895297027,
house-ca-18,26.833326957710476,29.1874076070614,30.688174105702736,31.89665009787653,32.86554376828606,33.686161217324354,34.415601896377105,35.17340335040709,35.86486774824182,36.57157158389058,37.25123421785327,37.941493271047406,38.63024416082174,39.33419539936415,40.147904543164515,41.14366076996925,42.32119886713428,43.79549871119503,46.39298855406324,
house-ca-19,35.091918180912224,37.60340824428672,39.074121611122806,40.19282972349515,41.15974386675817,41.97323978199092,42.74247354123675,43.46566275371588,44.12050067224063,44.7934533729073,45.44011098124896,46.110095656735396,46.82158797624446,47.568001058555,48.328550143551126,49.225094391475125,50.34592761370405,51.88949439689195,54.18495717800521,
house-ca-20,-36.89774154949591,-34.55494835529349,-33.01708914092528,-31.927020135899248,-30.994749290288784,-30.183621694418605,-29.46009684513798,-28.707050143456367,-27.99678401479161,-27.2909551961999,-26.60931277776255,-25.91882104834828,-25.20397786208934,-24.407389396878283,-23.573156449390027,-22.657304760315377,-21.53962185189464,-20.035097068444344,-17.58952797161775,
house-ca-21,7.383904731021318,9.666306644211689,11.070268719310745,12.222047682556726,13.184658892152719,14.037072018727876,14.779878394552078,15.489664730698001,16.161590789684904,16.84852049045788,17.51838084259331,18.197381824759482,18.964165319390105,19.763338463481976,20.617776983694718,21.57404545392808,22.68469871279147,24.195906010962002,26.72473492353958,
house-ca-22,-3.511434192663449,-1.593759332733692,-0.35589293318986076,0.6210164085776296,1.4433918328551671,2.1869459481498064,2.846493905844413,3.4650373686152838,4.064026591980546,4.678235523592937,5.275474412286203,5.863951049017882,6.468488716299881,7.1289461577487065,7.849332881503743,8.672705668337613,9.645380030589354,10.909468752317109,12.813319054669659,0.11626214581828453
house-ca-23,-24.3249778842373,-22.056385670920648,-20.554813319713197,-19.47040478997053,-18.49318988677495,-17.66787281868111,-16.89858810008637,-16.161037895418396,-15.478602387684125,-14.816526649261718,-14.131565755273508,-13.421090471912347,-12.721442670688603,-11.969510101597972,-11.182206601752416,-10.239893479879445,-9.071543021129134,-7.619132141539208,-5.135388382275509,0.025560120868187375
house-ca-24,23.746873798170963,26.24271656014767,27.672395997479402,28.84912249511593,29.788459702339658,30.6171610360594,31.370193864370282,32.07836998385071,32.77887714000069,33.47032255139264,34.10817310558209,34.82874505243366,35.53508478551646,36.289733963606565,37.119065942397555,38.0724731896859,39.209932070425026,40.70304488618558,43.23739043125416,
house-ca-25,11.017178033611195,13.306748968180742,14.779060288106058,15.928617846896437,16.90327600847758,17.761415670685096,18.521663530686038,19.221282768503794,19.91568914752936,20.578847657759542,21.26051655695103,21.946913446949264,22.624502390788003,23.406773479707905,24.192668832972327,25.1275400463714,26.275420650570325,27.907735639368006,30.334354789327843,
house-ca-26,12.809933758331113,15.742805044549582,17.501145598708597,18.79530743846272,19.861049178401853,20.76584750202088,21.672710039486592,22.461154100818618,23.238911658807,24.012598042050307,24.80706759605888,25.60941105418247,26.40814659698292,27.261430778333537,28.19373323028151,29.258712690962064,30.475999655176636,32.138175174082406,35.05692465545721,
house-ca-27,7.9174478208768795,10.837498810355028,12.619599738154593,13.873003495337562,14.948367188631854,15.896634650099612,16.774101880031903,17.60189798455964,18.355315332262865,19.097251349328005,19.8392829370408,20.593947076095755,21.441498408787073,22.33995312328381,23.298695494876302,24.384709166232422,25.70727137232671,27.410922298524845,30.344106442008016,
house-ca-28,25.532876148388024,27.961465203539856,29.435644743643454,30.59565352232538,31.513757936439507,32.30975768405659,33.04764949916554,33.76110333282242,34.48298123105333,35.18080011963205,35.87531477009983,36.56517924827097,37.29350594490125,38.042516170678724,38.8277416516256,39.744444555803334,40.87712884634745,42.40416930596875,44.7729145176219,
house-ca-30,39.6790022017445,42.21932409608287,43.617787763720926,44.69163573279458,45.66609304434162,46.48338535831507,47.27269661270784,48.031900868393826,48.712138821908496,49.38294529793009,50.031422526153555,50.698655604399356,51.425972299761824,52.15494443510552,52.959013259538295,53.92259132415908,55.06215931549199,56.575497033026494,59.03659629520073,
house-ca-31,15.9932838209201,18.504369110992666,19.92993301174035,21.079529060255407,22.069379980558487,22.882263147329258,23.650131099221685,24.385414593240856,25.07154897640604,25.754958155506376,26.463629612273575,27.134622748463542,27.854457575325952,28.59270768511991,29.40536811100339,30.376146470597305,31.439383103858344,32.909058244381434,35.28883437526786,
house-ca-32,24.068049820840788,26.50719030981955,28.031404608268502,29.105564579909377,30.03626664452568,30.864395800851803,31.628777310776858,32.38498847515347,33.07950850425003,33.74969683653781,34.46353003063718,35.173709479146844,35.86495003020007,36.63143981743324,37.48381104240248,38.396072391217785,39.52950818486792,41.0574473155532,43.533302296388456,
house-ca-33,13.723884110917222,16.175250544259992,17.650367918658034,18.774155554876167,19.685066401592685,20.538927528748818,21.293415094261913,22.019305686560816,22.709441546966307,23.402276510714717,24.11648009538255,24.81076093027335,25.49820419426777,26.21577884436177,27.069525232130843,28.030736383405177,29.18306054651752,30.75281173901287,33.22295564482536,
house-ca-35,11.029049120076122,13.462162736745084,14.951227553635803,16.053726864839444,16.972912774020017,17.832567645766932,18.636084505373468,19.37171589278079,20.04179533820278,20.716064837760612,21.420969233063204,22.145303239194316,22.864461314014513,23.644344109145514,24.45907804203255,25.413594385823654,26.503198150118845,27.99402977998153,30.310311433697382,
house-ca-36,36.52926082161205,39.00272491437122,40.50891718564347,41.58935531309569,42.53913556235557,43.36413469661816,44.137025352850806,44.82813495411802,45.48220363208111,46.13370299065652,46.80625885195243,47.494485498936044,48.238372833888114,49.01969971961908,49.848018882238584,50.809280207664365,51.98622696520193,53.370060354972935,55.696134372794795,
house-ca-38,10.323524098292776,13.054952172329866,14.712442405046765,15.992452888285092,17.108244517268826,18.011085719762157,18.886039637154802,19.73265215544825,20.519546170600034,21.265630112815007,22.006198239469025,22.768777600969255,23.562148631557545,24.442234766492156,25.400116368896335,26.52123206372165,27.791049876640518,29.573993490385767,32.439954929111536,
house-ca-39,10.661822259983316,13.0512955390376,14.541682062937701,15.6492693534903,16.5926749846235,17.432274494762552,18.217169570311082,18.94620300220897,19.634045190006063,20.29780901102672,20.971714895746032,21.67339798820617,22.333272921390254,23.082542319874314,23.96136286489038,24.845637270047597,26.036361388645034,27.541124064394584,29.99029436807143,
house-ca-41,14.968197335659209,17.555727899803486,19.00811681450639,20.077689612915286,21.022264393998537,21.846836287676197,22.605018236141554,23.319685505238194,24.02376638335232,24.75548768742874,25.459518223374,26.11745523214154,26.83289364611899,27.590548383255133,28.47011380980635,29.446193651600836,30.50002525072489,32.04950489959894,34.49189457108466,
house-ca-42,13.845821949863627,16.176135435905582,17.643111036514895,18.766944411786653,19.756014291387338,20.610333372423693,21.362982757450123,22.063831495406422,22.78025750458778,23.44533795012381,24.110208047806186,24.828595304311726,25.527151729616836,26.30742939517715,27.14578853750054,28.060337415545344,29.196080236966313,30.649572576515386,33.07322518087863,
house-ca-43,47.55383920038973,50.0174200491666,51.50715532209734,52.605929262306695,53.51870902155272,54.36432142726233,55.14712848491077,55.84794022560612,56.51325696801259,57.17719104216022,57.850246127544224,58.52996314797824,59.27341090571272,60.02316514881429,60.842450842087885,61.77642503369546,62.915979439130496,64.38568384124669,66.73306922061636,
house-ca-44,38.255611453064304,40.743114960188095,42.2933860800483,43.46763883270473,44.411179755769126,45.23934547495265,46.017569483587046,46.71842599147566,47.3713491441128,48.00305698028134,48.65199989464017,49.350202299192276,50.06940035396799,50.86725893924221,51.70963897394685,52.62687788411591,53.752051919537564,55.22332727646625,57.534277361153144,
house-ca-45,7.289027051007983,9.695828267048366,11.213481480389486,12.346195058039418,13.313544085647386,14.095772786895953,14.86787922273815,15.560430114505902,16.229984825022342,16.930729804049857,17.567975112127908,18.285710161353506,18.99045291228675,19.73732021675749,20.537750908253233,21.492035649735595,22.61717985899905,24.06090624369344,26.556989976734158,
house-ca-46,17.458418809599394,19.884778380315822,21.468742380500615,22.60432582395782,23.519543614067743,24.385618050630864,25.172329146961932,25.911300388217747,26.58897043586918,27.282225310069283,27.99859046679674,28.701384206333532,29.43022787906914,30.14797388124203,30.998047884033575,31.94956519204865,33.07230998139243,34.56563001855931,37.01274857234146,
house-ca-47,12.507076637949627,14.910499111945617,16.370666959662895,17.47643811304941,18.398558129910008,19.195866278307427,19.973685089565116,20.711850860412724,21.413153385705506,22.097929093642062,22.800027239858707,23.46186803925318,24.19668044943311,24.96751866082989,25.826545095732772,26.7499508134358,27.90688747623088,29.407943102318125,31.771712403291374,
house-ca-48,0.17384423358671863,2.2588848043819447,3.735077782533021,4.7593644740443315,5.682857091067316,6.482679428164325,7.182559929510202,7.862053385534256,8.516148970693378,9.17505764760731,9.809363852765017,10.454339074437328,11.088449239065085,11.806646091889707,12.560914168311824,13.40497218849226,14.488297934872701,15.864980709760431,18.06791328207189,0.12409145289647883
house-ca-49,9.64541116520537,12.073152799568131,13.605946672320107,14.700549730677851,15.67063198707877,16.478161413836304,17.22406692527854,17.980352162368817,18.682671440977185,19.360998745783522,19.997524456237958,20.69733606100512,21.443587935425803,22.238006312571343,23.07391078024072,23.981418288368655,25.147742560562378,26.689082691798383,29.045539121747197,
house-ca-50,16.165802229098645,18.660003777769813,20.178881249806807,21.26144737404925,22.226492833926642,23.03824538399685,23.79251917563534,24.499897437889025,25.19203587518438,25.903494993686976,26.57980431460568,27.262014878858132,27.980657732227147,28.750120365410755,29.595141427740387,30.53246415912367,31.640504974989383,33.124221697457,35.49700898146732,
house-ca-51,15.858555310054838,18.298097683762084,19.763579250602245,20.91466712686633,21.828366019845067,22.64045146582043,23.42361661825017,24.123704885352232,24.833747727163978,25.49658643638132,26.19627691066429,26.84456906152777,27.54675853764697,28.305233903762403,29.12104330169238,30.083996674001906,31.20886534470156,32.666840630467554,35.026434815527026,
house-ca-52,22.359838068303095,24.832129512000815,26.26989664067634,27.35007292532842,28.334554595924697,29.14490319358926,29.88172674525029,30.635616734260132,31.32547114997514,31.984192045691024,32.670202173085805,33.364415720895906,34.06855369936836,34.861981712090476,35.73279513839188,36.68657774796026,37.82130830808314,39.28093169578103,41.80043068500213,
house-co-1,52.984660754597044,56.036574017726345,57.55576998034513,58.79553380712442,59.90062680797281,60.81249306158844,61.65883730923258,62.4915195734123,63.29425474393729,64.05746616822228,64.83137814876396,65.62910639633938,66.42089059791556,67.28216156494516,68.21783066775818,69.2844041063393,70.58739593704732,72.28880616502258,75.07985749280431,
house-co-2,38.352459128873946,40.787542940743215,42.19657660535911,43.402512347203526,44.31266056726155,45.14785361041222,45.899028906987894,46.613105090269514,47.32640995733315,47.970798401080856,48.6835724943643,49.4045361330318,50.10152971172588,50.865855609411945,51.68327404621716,52.63848770946042,53.71124812031057,55.17269023104532,57.3848308925794,
house-co-3,-12.833640857764175,-10.86025695755401,-9.628690773114412,-8.67507095021934,-7.913709505969969,-7.15332934725127,-6.486293979067614,-5.841507608307665,-5.254947339175226,-4.67459902248136,-4.051399298930748,-3.426726408339317,-2.789956067142594,-2.1288222148125437,-1.3922705888288305,-0.5894623090089959,0.38451436732098715,1.6550458424445256,3.695341898925683,0.04731177257175412
house-co-4,-12.895175426633473,-10.443329404405207,-8.871757711283344,-7.760275035926911,-6.79715652357728,-5.951839799349278,-5.152647515170815,-4.439347266041267,-3.7282604395545906,-3.0163737242865967,-2.3453122166201563,-1.6305947197140271,-0.8866346109977398,-0.1254542905083488,0.6853611297820383,1.6353121435076456,2.813551402054647,4.251278381264844,6.720966822979356,0.04722317167760004
house-co-5,-13.565706732492437,-11.532140498397496,-10.24558437752011,-9.241517753210308,-8.411587709060376,-7.720386094908494,-7.022805332992561,-6.378014830914356,-5.767988282655659,-5.125043955380203,-4.528478012496374,-3.9035825222591667,-3.2870646125734773,-2.625702018672332,-1.8487256107555916,-1.0149998809488068,-0.020524583336110153,1.2593598901941336,3.363875186196552,0.048874832833567194
house-co-6,19.14941432405463,21.519082052398094,23.024866000040067,24.14706156587068,25.088304806706162,25.927149701608112,26.676246180415184,27.446302365026746,28.12587163441546,28.81408346581359,29.501543479801192,30.2114404231567,30.918443138097352,31.717322984398862,32.5438443780859,33.43920436824079,34.61006009161096,36.085155615351745,38.514244049963864,
house-co-7,13.642298196733098,16.093250913120784,17.60606040404371,18.755832386363732,19.685352637824238,20.474917898343485,21.251157449277972,21.967604465516686,22.70656257676284,23.421328503784224,24.101126239952077,24.81368172787185,25.562196039043172,26.32100581509633,27.13183662890031,28.079545309500453,29.276225118749792,30.72636162226207,33.15975341201611,
house-co-8,-3.271946695082514,-1.3509558760855738,-0.053811824038359594,0.8989122095296193,1.7338519781784867,2.462066461444735,3.1690839763743033,3.796424240708463,4.394469886366081,4.9818412973746575,5.5871117154310275,6.185190230603407,6.790678827797316,7.457632954847093,8.160930799746126,8.959015680852024,9.90639514487062,11.165172810191619,13.115668350232967,0.10943236816634139
house-ct-1,20.307483035650815,23.01445555416508,24.7467715028276,26.053475701363954,27.108385852901137,28.05216923940518,28.907554020846646,29.714025975039828,30.47287342777395,31.238413221773463,32.005153974163846,32.79588243711084,33.61906522575969,34.49282238186151,35.43601296434136,36.524210599280345,37.86400898572221,39.58221893880502,42.27093051672073,
house-ct-2,11.445101751820241,13.976669070285313,15.413035246234305,16.497320339382654,17.447045162233366,18.263347503618014,18.995216958410456,19.69469680535032,20.391549404637495,21.057787072804,21.744355505948427,22.47518180119474,23.21666767388727,23.99103783408588,24.858426746298697,25.8393258133206,27.005813951772158,28.47283141570828,30.8941534608484,
house-ct-3,15.782955275351766,18.19961952694077,19.751688153066738,20.850705570504207,21.824203521786156,22.641400350476523,23.405012301261753,24.123941347345056,24.82188709265991,25.50827937312573,26.16903555530852,26.845789342991473,27.594733683444662,28.381758253333015,29.215799897869363,30.193090769360673,31.298587906076225,32.83439756921957,35.25894702897761,
house-ct-4,21.989655859530703,24.53833528352517,26.03795619870898,27.18372110824035,28.143033184561414,29.015569060061406,29.77416602463546,30.494523094388605,31.179246734072663,31.84514856393756,32.547613880302926,33.25164750784205,33.98492439062794,34.78289299057295,35.61573159665854,36.59456562049793,37.74078632027462,39.23706277804006,41.655496413087945,
house-ct-5,5.287247746746476,7.455415452437873,8.969030612545861,10.115523297777072,11.079611226032702,11.91867633099768,12.68539484102895,13.364654906052943,14.085042207357715,14.740638240057745,15.409931011386176,16.098552662238156,16.81099169973798,17.572842441321004,18.42846584430188,19.406534695686776,20.550435619548672,22.026995558910507,24.372983035468003,0.09941042022190871
house-de-al,17.527499453561386,20.008887696016902,21.50610947338513,22.661100687127618,23.58011976817852,24.3750499582421,25.218412450900352,25.970209412443637,26.63618386851862,27.347396446226732,28.041417080592534,28.742858997859493,29.465860428125563,30.190928370187567,31.058439991909555,31.991110298467156,33.15500513760213,34.64389239370925,37.03369330321454,
house-fl-1,-41.78650577356671,-39.35838391553243,-37.83610699441273,-36.70454361148768,-35.79443064813411,-34.96436750264568,-34.19767688404854,-33.4289651437318,-32.747674906320356,-32.077274238181715,-31.387031830687107,-30.70372188233107,-29.95479167377754,-29.195389011549302,-28.307827174634085,-27.385210276405566,-26.202533259293485,-24.688549734823752,-22.31246062465375,
house-fl-2,-21.698746031349252,-19.008513317628864,-17.246152419437585,-15.92667517126237,-14.798975036830253,-13.812666332477976,-12.948106538624467,-12.166306258797743,-11.370723672171026,-10.587200471515095,-9.857927669385989,-9.065401930636453,-8.23601907946872,-7.370542163901809,-6.447572536176633,-5.3489477787095465,-4.076046107025961,-2.4040658118655016,0.508365758115003,0.03809027015154842
house-fl-3,-24.87713755670672,-22.36319799241154,-20.835865776955455,-19.71150486627406,-18.785699250963813,-17.98656438186065,-17.22008797868236,-16.47642098380762,-15.817013773818452,-15.149367600014124,-14.464475637279678,-13.749775619180385,-13.051215128032911,-12.29892310495651,-11.467574077544773,-10.475552534914357,-9.317260611442096,-7.83729115128225,-5.457591226008794,0.027083140378500126
house-fl-4,-19.44431589893517,-17.16221786439408,-15.669724733187513,-14.522771760639241,-13.524111300276491,-12.645417683145956,-11.86519807488822,-11.1384801544847,-10.457902706478079,-9.805158126072435,-9.120176881315668,-8.42522649211186,-7.668788273221598,-6.928559715003285,-6.086597347133763,-5.168803635915248,-3.9919049477933206,-2.4141577917122476,-0.04603672727697688,0.04083539597490993
house-fl-5,-25.907160407076006,-23.546483017674717,-22.056016895793732,-20.939661606592008,-19.96789151043946,-19.150176699938783,-18.34333349712969,-17.587042135529728,-16.896891005948238,-16.223777829944964,-15.54734708839036,-14.862823247567595,-14.189391741346295,-13.445921146974317,-12.616787008453523,-11.66393855486942,-10.408247623699078,-8.965683274466365,-6.554455156779402,
house-fl-6,-34.1078948130611,-31.76094132140586,-30.287241162105047,-29.153583408120845,-28.214316464761637,-27.396751749964118,-26.64986977722502,-25.911998237119963,-25.222951492968615,-24.589271365773307,-23.914479363048528,-23.20878939358015,-22.48515055310088,-21.71886775086733,-20.89229146360815,-19.9355002116466,-18.716054495452,-17.176788377093658,-14.758161752684432,
house-fl-7,-12.966621780124587,-10.08685382547421,-8.330802491422999,-7.000381469136898,-5.941301065347835,-5.006394911928332,-4.116648830118677,-3.311422762211808,-2.544542282991101,-1.76605123290942,-0.9697110193552197,-0.17082636118825023,0.6272944710476314,1.484192829623022,2.4228094657856456,3.5106669859112754,4.819668572794187,6.48651250089024,9.207833883350874,0.054961858165060606
house-fl-8,-19.608278053872574,-17.52396719087259,-16.301806826922544,-15.304284687497784,-14.437308013772128,-13.71715233471063,-13.047942448141688,-12.414469016872737,-11.831112305946357,-11.231154382831868,-10.65327237207838,-10.056128256679193,-9.426723328425677,-8.774032193458302,-8.026060725147627,-7.205134278957185,-6.20506812605022,-5.004833296561205,-2.9773048487865834,0.042735372933031424
house-fl-9,-11.99848978212241,-9.719566254719913,-8.412157918707859,-7.425929899144199,-6.5484118650728576,-5.801938522814071,-5.11546247287083,-4.500839230090714,-3.859815021713047,-3.2536119739993907,-2.6303968874501256,-1.9823757446079366,-1.3069355413280264,-0.6014856319440797,0.19565154852282768,1.0408102617640642,2.0844423785883532,3.392997365313954,5.536458920795814,0.05484272963113901
house-fl-11,-18.280804332224303,-16.06163056553331,-14.663095272173308,-13.575338118824506,-12.674241287570768,-11.870389882625034,-11.151923553259044,-10.44187994943794,-9.757206366032328,-9.07436102198875,-8.43895069899594,-7.777199072316502,-7.073848047981475,-6.273444347069121,-5.418661249275196,-4.518830700006652,-3.4591630955114416,-2.112396592117261,0.29468383110589624,0.04287586918071751
house-fl-12,-22.4944940707951,-19.991775585002376,-18.476742890431762,-17.409449732762077,-16.43906983065131,-15.567001894894462,-14.782473086262195,-14.055397200557767,-13.33711994630334,-12.650885408672515,-11.969183711600616,-11.277388941646835,-10.549397240870134,-9.795367831225303,-8.955264854258218,-8.00016340861144,-6.8846941667068275,-5.3818489470322675,-2.855926736687704,0.03977934987661713
house-fl-13,-12.325844682855212,-10.310121127111794,-9.157803316871707,-8.228374490166882,-7.435672587489036,-6.681835015711785,-6.049126078462417,-5.446148605791172,-4.837084935104064,-4.246797299321521,-3.668870197836987,-3.069768425228073,-2.469622480360909,-1.8074960345293047,-1.0943018889284801,-0.285976681635774,0.6596943949434493,1.888880644578617,3.8038949277054144,0.05078049193251
house-fl-14,-3.7488496422907693,-1.7198286655080595,-0.39890047826634056,0.6255053936176185,1.4718950658937984,2.2175824182759594,2.9113209496199546,3.5790629300834422,4.168657313375318,4.77716848769624,5.3875003748984,6.011540327342165,6.641800331364777,7.287156402640201,8.056007321810805,8.914725742552001,9.90151662638105,11.111824196995112,13.19871396787787,0.12422861641520255
house-fl-15,-23.75222888367494,-21.318775544415516,-19.857734818898628,-18.707808192770848,-17.73971685823793,-16.92385363437642,-16.138508900860888,-15.438868156004586,-14.717301295719466,-14.044011882457383,-13.315838262194191,-12.589374495074233,-11.873543729510082,-11.1465998904916,-10.299794677225762,-9.301173207097492,-8.232024388078328,-6.700452623215764,-4.243183132508511,0.03910610943710169
house-fl-16,-13.804884694534387,-11.425732459157356,-10.033684961634796,-8.91924561425973,-7.934723689195809,-7.114741463990563,-6.3734687825767775,-5.675660974386253,-5.012964259644716,-4.33399762473829,-3.685091839279534,-2.9948119907895463,-2.2778295222383504,-1.5199976300387543,-0.7536384875811417,0.1375503064028796,1.2326693940920976,2.7634546317835498,4.916015415086151,0.05345071151684733
house-fl-17,-26.73276110778138,-24.339984131441483,-22.83896932286762,-21.72975974397709,-20.75443670558361,-19.94168628677938,-19.160153925489986,-18.48350791127248,-17.77168402971773,-17.099856804426175,-16.414305195275787,-15.734153631019394,-15.017711034250059,-14.255450219114543,-13.418243882482257,-12.411143117495238,-11.239196591880475,-9.764918138914355,-7.377885126373427,
house-fl-18,-24.304721357752662,-21.834439833957205,-20.378045199800937,-19.242556075028837,-18.245626320839,-17.407331026728407,-16.663101901965558,-15.903083743759392,-15.203614182250211,-14.559549039436657,-13.883901861709484,-13.175018547982054,-12.463028893405635,-11.70383799170903,-10.86769561512852,-9.92349783438313,-8.813614512203658,-7.296284406159588,-4.790352670360021,0.04052409566892046
house-fl-19,-33.71620568521964,-30.815100015094785,-29.109527220627417,-27.784321901883143,-26.63742446541688,-25.649343962245677,-24.818276706913483,-24.023627615256117,-23.254820073763877,-22.49359690255774,-21.715970610008675,-20.960348338895365,-20.161234547944957,-19.342127459320643,-18.377772872646133,-17.29447209981377,-16.044252790637845,-14.255579647725105,-11.392507001578968,
house-fl-20,37.32857059008677,39.69430336112625,41.143111247021956,42.26201781226454,43.20573626281189,43.984902277815614,44.742096202724085,45.49927522048021,46.19715099539102,46.855359482654855,47.538543368573606,48.2153653362734,48.9467534469578,49.679829269997185,50.525113188774114,51.44393753399844,52.53277819986986,54.0764789724678,56.54413373859129,
house-fl-21,-22.504300006993653,-20.059939131719187,-18.54599033131534,-17.424353691174993,-16.445914494081478,-15.608289432729297,-14.832295448935364,-14.110940959458768,-13.414427478106363,-12.698969099134302,-11.997046233392481,-11.324101648916733,-10.6085990533033,-9.853686271842172,-9.029615813857392,-8.075378685280251,-6.898721688850377,-5.356684849035312,-2.9729982370651653,0.032080029261915444
house-fl-22,-9.586169226389478,-7.517841186119103,-6.305170089942808,-5.323117668454175,-4.452375548946227,-3.720246605806514,-3.0461401263694845,-2.398264011626612,-1.8010067961859093,-1.1703044487803198,-0.5280777394580123,0.02163792999073021,0.6256270212135111,1.3142723778238132,2.0205565090891544,2.8511681868579646,3.814483680768929,5.02394883084965,7.148102137381076,0.06376747448033626
house-fl-23,14.882471591264496,17.24398341236316,18.72567542523233,19.91223606741807,20.880447105715717,21.726148715138407,22.479275090124993,23.20004645303153,23.86610205969032,24.561855298813455,25.27273548249592,25.987775935768195,26.720049190062333,27.502981909538494,28.354270012361987,29.30628679587017,30.433226585426073,31.991494703545197,34.540503165654805,
house-fl-24,35.35612504291508,38.2229158550562,39.97948806828096,41.232656929844346,42.2757035450834,43.24372106029531,44.11891978887502,44.95004404190826,45.74626321934655,46.52129861121889,47.32414821846541,48.08656806759216,48.854835170937996,49.72615928399537,50.64279095574945,51.68047658091434,52.875851686672995,54.623812226152296,57.5951945078982,
house-fl-25,-4.288085935854792,-2.155215523145821,-0.6342624544409318,0.4216666921440777,1.324881062162594,2.152553251363485,2.837979054653917,3.5042509030737006,4.140231804792004,4.758023934853595,5.374795113975628,6.013082183849046,6.72075791127468,7.4432189763746335,8.234059909166064,9.084536511261584,10.150644645378478,11.619721383586262,13.788950778290305,0.11673685622089935
house-fl-26,-25.00668517680904,-22.731422886245515,-21.126029280104095,-19.992144522498354,-19.029986909009207,-18.1814610541559,-17.419599592021235,-16.681620624611764,-15.986422042154922,-15.289305768446848,-14.606217105643356,-13.89801316180497,-13.174721669105649,-12.452856231375723,-11.63246695237439,-10.69742357877146,-9.585108199238599,-8.094346109848834,-5.659613574195962,
house-fl-27,-16.282527445804636,-14.486419122894665,-13.315962948882115,-12.353386233273318,-11.589662118992953,-10.866085097330286,-10.207027872371354,-9.5969103159598,-8.980028014062293,-8.422468553192378,-7.8508122545962955,-7.250474864462297,-6.62375031413885,-5.941164383773685,-5.244579157859004,-4.443533838741105,-3.4649483011393336,-2.2444661778300765,-0.23367034708979875,0.04448795200987876
house-fl-28,-29.30286911202555,-26.28704828237519,-24.476279362730008,-23.203700286088083,-22.104458733327792,-21.169023150687945,-20.287971487062638,-19.44679282405775,-18.64996460202096,-17.903468379262787,-17.095543106143566,-16.324960345187588,-15.497720338877649,-14.679574652216665,-13.755969324418661,-12.745787653374919,-11.397163758771915,-9.677272093599232,-7.0982599458406614,
house-ga-1,-21.240248775271688,-18.366734218873734,-16.63052852069739,-15.401138557192974,-14.29138429561003,-13.359016156194532,-12.499366941706699,-11.671613491120937,-10.844593954926543,-10.046181609768613,-9.285957580187814,-8.48519944177683,-7.665317111119849,-6.768281072840767,-5.820430457369728,-4.7630163945446995,-3.4216907916514017,-1.6792103963588174,1.1081488818583227,0.041410941999177275
house-ga-2,9.844457713450621,12.223966358163088,13.757810626006204,14.920076965656552,15.87981073145309,16.740997639485595,17.576251433565076,18.326649594841076,19.02716441136483,19.711043043840395,20.397069847699207,21.08977657179262,21.812841695803918,22.54838006543246,23.393088054540755,24.3427854066295,25.458126688743445,26.945880898312932,29.40712880004355,
house-ga-3,-36.606257793010876,-34.01300541995214,-32.521346107553036,-31.34891002926846,-30.438993375423422,-29.59863778632696,-28.779401640090935,-28.01814844423166,-27.300967712680762,-26.605446338757723,-25.939884168522873,-25.25784517082868,-24.549685014892486,-23.752899717827678,-22.90065428588467,-21.974284361647854,-20.826004602247224,-19.262424819946602,-16.856928291804692,
house-ga-4,49.0666344091349,51.4910529915467,52.91137882190122,54.054380955596145,54.94345403444068,55.78183499247167,56.53072371930054,57.24414795205122,57.905464897144974,58.542751859914205,59.25211689542571,59.9322455582511,60.6462277940839,61.388903032894724,62.22071988974811,63.18548094831704,64.3036031206479,65.73054819396012,68.29154122622994,
house-ga-5,70.43486798310472,72.87815165601887,74.31866178431396,75.47702654333797,76.4126667026291,77.2186403246749,77.94048934110948,78.63294180260725,79.34261340079551,80.0215974094524,80.6929374493319,81.35297132305246,82.07617337279234,82.80813062204969,83.63246849201776,84.57895908174629,85.69337149591549,87.16586350028217,89.63845469441198,
house-ga-6,46.83597519356884,49.33637214766341,50.90616857385537,52.09989614458741,53.014769973284096,53.86084653104088,54.6224368391829,55.30768924478817,55.95611008063042,56.64666195956323,57.31403456419491,58.00352227038504,58.712278607758755,59.44404682185621,60.24977809906826,61.24072514472714,62.34519900766509,63.90844595983676,66.24744214044098,
house-ga-7,-23.999494267124895,-21.848205324740523,-20.558349550548936,-19.518758350026104,-18.729911510679,-17.98230043711549,-17.26160079466471,-16.63161537870806,-16.024632668662353,-15.438093609649137,-14.816390608444932,-14.172126437109712,-13.549997156017326,-12.813379670584279,-12.074475318161053,-11.310912047816785,-10.314414843348947,-9.006368320035286,-6.911954810979304,
house-ga-8,-35.94973284320024,-33.52102304017704,-31.984319049314763,-30.818065521813285,-29.861976010975145,-29.063596958401316,-28.31211765101704,-27.585694513580123,-26.915582236920585,-26.246663787573787,-25.549457442234235,-24.885473611345294,-24.165973059341916,-23.361248510462953,-22.51257075702764,-21.53146442364805,-20.451304891674337,-18.92565119205648,-16.600296355219886,
house-ga-9,-37.92515588502279,-35.529456833190885,-33.944733192755244,-32.75298220258331,-31.802930329906026,-30.963868659027224,-30.202203309061552,-29.491149543868055,-28.79037247874059,-28.120184428264615,-27.43701459807334,-26.761171503157087,-26.07538744372868,-25.304070620387886,-24.5096215229658,-23.575783807355585,-22.389818493725528,-20.873825962571665,-18.425551042591298,
house-ga-10,-25.36879626631304,-22.471247702903206,-20.77247038334388,-19.558782561499775,-18.51122665885686,-17.584618966083525,-16.707565596783827,-15.896045373417087,-15.062526722285298,-14.294132530972362,-13.525288699628872,-12.768456098684386,-12.000509127513082,-11.149508581647622,-10.203885082720655,-9.075393820309866,-7.77709508904705,-6.084938212830693,-3.39918216856752,0.037713975649794174
house-ga-11,-19.495033959937206,-17.24298556177129,-15.754940847234044,-14.663282224969379,-13.740912337755471,-12.912186789875491,-12.166045403301927,-11.452979896795313,-10.801253209449962,-10.140872658482191,-9.505055241427911,-8.846066336695023,-8.139400922891255,-7.408911177394055,-6.5701643026490935,-5.6664930607201525,-4.547251639842222,-3.1140430655079068,-0.7961028418288028,0.04200243325423714
house-ga-12,-21.256346403866953,-18.859410525240122,-17.3822397479432,-16.237133871275226,-15.270799394926875,-14.415706523519354,-13.611696324437522,-12.838073566598025,-12.13062192011157,-11.433042242816779,-10.765501013185421,-10.091592641222066,-9.339410700493177,-8.57758268922346,-7.756201653123299,-6.807528571610999,-5.622495784123582,-4.097179205510738,-1.594564429341269,0.03823605371900818
house-ga-13,39.13106864048014,41.810669280207065,43.42458185873497,44.70504974039428,45.855342845630645,46.73953336187017,47.57572694167527,48.43858878642123,49.22043435769763,49.95652455237391,50.71377053346188,51.48316822317108,52.261938863003834,53.15190813755511,54.121302398920506,55.16853936476172,56.39429200174636,58.0616087427158,60.8550762656488,
house-ga-14,-41.23238099459214,-38.83294869283854,-37.37168385430279,-36.201137230841915,-35.21490618721678,-34.35008277200131,-33.59172996839784,-32.85646867547818,-32.175977359067076,-31.501842689950664,-30.8408981616656,-30.106153204198954,-29.40045207500489,-28.635778800908884,-27.778761306847812,-26.7854892402425,-25.6325919874453,-24.087270327706314,-21.59226541636231,
house-hi-1,33.29800921453592,35.69563701295285,37.19082088497298,38.3115404475176,39.25782220247905,40.12493080451339,40.8756619698517,41.61713471911551,42.267631083943215,42.93261156111035,43.59332141561368,44.27862345528747,44.98902583573653,45.74742909114662,46.592646719110036,47.56993458263827,48.736389204262174,50.19790701260226,52.6780241393128,
house-hi-2,28.713669217247507,31.076033820378292,32.537164442132614,33.614199732724444,34.54652624630053,35.41743888685783,36.18870481519202,36.97097053087433,37.665080383217855,38.342347483991304,39.013393804167116,39.676741716387475,40.411491589387936,41.19719504982395,42.021565576348074,42.93997838711965,44.104172703219795,45.53886177822441,47.78952472724161,
house-ia-1,-4.033456576927251,-1.8804685707935913,-0.5618797990646263,0.48973640000817953,1.3144611658271363,2.0773220933916194,2.767117246133029,3.4442550602740414,4.082858464892818,4.709347364937104,5.334655449490297,5.963843893221098,6.5840075518781696,7.282372490382784,8.058884678032031,8.868597418202214,9.87997656018877,11.215130603982836,13.255344560810874,0.12386536766627254
house-ia-2,-10.811356936014798,-8.484340856550899,-7.128563803879854,-6.024589703976537,-5.1038094387399795,-4.337284176133062,-3.623626312618673,-2.9369183175527045,-2.3042795836644068,-1.664581448197923,-1.0173044282761554,-0.3430235216252862,0.31417057707529483,1.0585229604299897,1.791625860249951,2.675056421461733,3.7747174145212137,5.102767542114102,7.2725545370914615,0.05578070616046504
house-ia-3,-3.708007831122752,-1.4131660197092992,0.03548284080788844,1.193022841747709,2.1339848320725414,2.946946517513288,3.689267989462474,4.412190069275714,5.077991011580132,5.738498243717918,6.377813874741079,7.057032137352049,7.7473541434742685,8.480655556161201,9.26141984181698,10.175682534221126,11.330361519763828,12.69924348403115,15.030927905259455,0.1119363628442468
house-ia-4,-34.991865653559046,-32.16815079623763,-30.40859081255914,-29.108922565986116,-28.02941236196208,-27.09026138331208,-26.223631868502643,-25.41216344023263,-24.619870714685582,-23.880059785889383,-23.14529417805096,-22.382810229780006,-21.57312854007048,-20.66383061070827,-19.742416652323165,-18.657205992210113,-17.28385761312198,-15.496110827943317,-12.711987378568251,
house-id-1,-42.26836501040427,-40.163671163504176,-38.90103231361023,-37.90643759728891,-37.062791601725074,-36.30526414489844,-35.603700984723766,-34.96404815377054,-34.33369556520638,-33.75645534930581,-33.14886316235492,-32.552876197289564,-31.925159257246253,-31.26508812752173,-30.57894181719031,-29.72064426949797,-28.813084647170633,-27.46284124115894,-25.37261226705788,
house-id-2,-31.976110211361693,-29.486567978564096,-27.935646603243743,-26.823484082899185,-25.906824947102287,-25.072543545594684,-24.323260601239085,-23.601571385452907,-22.918957115725274,-22.257649260300077,-21.580582629617513,-20.858784568093025,-20.140798993068238,-19.38151825876913,-18.5361199048341,-17.563205405766514,-16.36276754058157,-14.86628355754364,-12.55396915820251,
house-il-1,29.996721605447444,32.39160255412096,33.8999155207221,35.02099115073702,35.940612017406494,36.778715792722615,37.552950600279516,38.273535741610466,38.98734358215814,39.6780009884251,40.34528826771027,41.02795605465963,41.79444853903254,42.55316336069145,43.39753771062293,44.324875795598196,45.504383477025506,46.95565998960779,49.25067146021197,
house-il-2,30.244769847342557,33.00506461285745,34.744789102452366,36.05988403887691,37.14691482051026,38.094660079227,38.91685842737521,39.74037832872388,40.51781267390135,41.28345248886584,42.038580979259436,42.7970660612777,43.58142062784223,44.46054825335572,45.39834485531799,46.4990636095778,47.73696675529143,49.482682860075336,52.29720526425194,
house-il-3,31.122349935947675,33.56730852521272,35.120596938059435,36.30071094945494,37.24477062114702,38.105213622862124,38.82212433780812,39.5531622207074,40.27690039287741,40.95016806200796,41.66630517024323,42.3626040523513,43.081034149119134,43.80257272084336,44.60074918336988,45.54722742031836,46.70872679651191,48.22011239131632,50.666164783195484,
house-il-4,25.16492852666861,28.235633557903675,30.03356242086443,31.383657289273188,32.42692122006499,33.37780980600989,34.23804435380181,35.04593298519894,35.85287189889696,36.62524061936634,37.37548954681791,38.1895670985388,39.003589874295855,39.80402164810496,40.769818704952094,41.853248552073445,43.16756177688335,44.90700545875052,47.73766716488569,
house-il-5,35.665936692967286,38.106814209964135,39.56898181975364,40.69114705530915,41.584283272516075,42.36775509177212,43.114167542823864,43.880805940977375,44.58885075396371,45.262120813368234,45.91087775898639,46.572785399400196,47.29751025800021,48.03777713091629,48.84456125125163,49.80310428730134,50.91757491433461,52.39062803975662,54.71478687315419,
house-il-6,7.167573315822666,9.599078052101154,11.034032070402452,12.198925431126462,13.116528367835784,13.975266139721706,14.706242781089577,15.449847643666445,16.144292001586237,16.821752246996553,17.528759520392192,18.25329353858721,18.947209079776446,19.700206989464597,20.554655677667963,21.525891260290937,22.630229626475302,24.2092348951219,26.616801235748103,
house-il-7,60.729479244255835,63.673204111734556,65.52349706633919,66.80741650935394,67.8929847024602,68.81358271172144,69.6226920887013,70.41941170339432,71.16230811082826,71.88803242864735,72.6854745790261,73.45067892133412,74.28207978795514,75.11258097303389,76.04161515827128,77.177284254372,78.51255304623592,80.22831827863615,83.1344569379171,
house-il-8,4.94809056188497,7.842449347993366,9.608467353054682,10.970394737916203,12.067087871196701,13.027031121193385,13.905702885895936,14.71809244266667,15.509446185700147,16.265219041463745,17.026996988734503,17.791615360408613,18.571897214616357,19.443289015818795,20.455700286465877,21.538562276188024,22.830328581305924,24.53492305078911,27.42445066630415,0.0817315799785564
house-il-9,33.411278467602145,36.28622873322379,38.03263567794242,39.31255571270967,40.371478996958345,41.335317708372926,42.1767508283282,42.972099020193404,43.77634855655673,44.5269766443629,45.27232885995272,46.05348540447821,46.835548554574295,47.66397246075639,48.61931544177602,49.652508265689555,50.89693287314979,52.553325464593755,55.290113169327235,
house-il-10,19.21754421682775,21.704385426701595,23.268890169485363,24.385222311583988,25.3207311413259,26.15586617565089,26.94742073002739,27.663157429669646,28.335302975818664,29.039227644313335,29.701875387057676,30.39235913129235,31.153893581305677,31.91619797961284,32.72960161433286,33.70581668259985,34.8231464437423,36.24446109322958,38.66949844905628,
house-il-11,10.273065707011307,12.735359145790934,14.218028120668027,15.374130443910568,16.32381289326512,17.193473498513384,17.98427639776958,18.691507179911543,19.409048459697775,20.08537469859803,20.784621770415484,21.507741791448307,22.180054444940357,22.957945598212735,23.821555304073836,24.766264015663168,25.962890760906536,27.44204084627502,29.79957471249722,
house-il-12,-48.40600761260688,-45.86272428126802,-44.44067183388979,-43.25152262737726,-42.320849805760986,-41.47400250483956,-40.692621461923615,-40.01248420095199,-39.31910105007924,-38.63740043955622,-37.96402101330652,-37.26991066833605,-36.558612851468084,-35.76327506581032,-34.9256643403523,-33.99325671954036,-32.82589697020584,-31.33263434610815,-28.827989099349928,
house-il-13,12.570933669144274,15.109273676983054,16.571108277441,17.761691169114794,18.71260296736816,19.53719642996087,20.274293993105534,20.946816916804483,21.622113247273656,22.31756701776166,22.958536763864636,23.66159185256297,24.363634954124905,25.12580647778945,25.96709724125811,26.92625500908401,28.093347028787672,29.534736289955536,32.006259639255525,
house-il-14,8.156978213281208,10.617540243263992,12.068676423548892,13.172808599232571,14.154754148403198,15.000991243591201,15.761269824034496,16.477770200465397,17.186393461628935,17.84234444780389,18.54083901825704,19.235415093493646,19.954867063050916,20.69001804021989,21.535894079790875,22.470313694827745,23.613039159186094,25.114519040415793,27.426605715983726,
house-il-15,-44.745869888727896,-42.326584684710156,-40.858339009369715,-39.64317436771476,-38.70446824924932,-37.87860437970209,-37.0969665859835,-36.41221326206445,-35.69939755878796,-35.023838040184714,-34.362368770469836,-33.660355905292484,-32.892081867924134,-32.070566645399005,-31.261730777509197,-30.338122640697225,-29.247019415299526,-27.774451421306367,-25.449199326932646,
house-il-16,-27.56432547742172,-25.069144693471152,-23.613999477851305,-22.495747893000296,-21.55090317252528,-20.668092043617186,-19.886277777323187,-19.172978030042014,-18.47889912402419,-17.850276986818006,-17.155784078381917,-16.449235145408064,-15.730389115204831,-14.99183171567038,-14.20584633142305,-13.276714556447132,-12.101172379675555,-10.55669591142523,-8.031962766563545,
house-il-17,7.272180429849084,9.682290771986622,11.096989557407515,12.23605340323683,13.205644752821541,14.040581929659927,14.788118424573097,15.471890884337048,16.154821630887536,16.805030767926645,17.469956760872407,18.177309801895582,18.914670697820373,19.647139137762363,20.496944707425797,21.417305104230337,22.509789961783625,23.934684190852423,26.38280364604553,
house-in-1,-0.7559519049639052,2.1532348890027637,3.82599447022399,5.032630596720104,6.17513336576703,7.094542264502662,7.98912403212899,8.781043260266685,9.537785920021166,10.319261323666101,11.097477557340918,11.870707289779803,12.687626060848615,13.551131385184032,14.481618501589164,15.53751754687741,16.855960636333776,18.559340635808578,21.48167122128192,0.09361261105946495
house-in-2,-29.671823665594136,-27.264657811252913,-25.73415649673051,-24.594493733935856,-23.670630504371704,-22.829628681615088,-22.087431060738528,-21.313136080434926,-20.65431303033833,-19.93030779346612,-19.22018198938217,-18.54077667690601,-17.787459626398654,-16.99803377100529,-16.189860912472284,-15.25023468700941,-14.091346054489508,-12.628777102985952,-10.267637855695977,
house-in-3,-38.41042182465968,-36.011691617091145,-34.5719573140442,-33.36885426005981,-32.464686005717965,-31.615730647349572,-30.893821230185488,-30.168491333795686,-29.494347517838754,-28.823872525568984,-28.111008535972132,-27.416134595031544,-26.705757178326042,-25.935325139826254,-25.11826445243867,-24.160207093594494,-23.080421835122948,-21.572198517533693,-19.147655208771262,
house-in-4,-34.13928674660782,-31.780008452615974,-30.298774759947158,-29.129456016336746,-28.198572444958494,-27.389780229902794,-26.64175062498131,-25.919765175520745,-25.183622120929233,-24.487393907463165,-23.784747048499284,-23.11294293151851,-22.36163164113856,-21.656826117021502,-20.814021016300885,-19.894055838775135,-18.755549502480502,-17.278098933186484,-14.834826475945741,
house-in-5,-17.64735473986422,-15.603048495650794,-14.389102825466553,-13.411075801819818,-12.613945340342951,-11.884811344828988,-11.217668165011986,-10.613653362018749,-9.99164339106322,-9.389047007562304,-8.794642253558072,-8.202861006589895,-7.56038856140562,-6.905878080042269,-6.212976970149727,-5.413437993486421,-4.4332463962800315,-3.248883341641285,-1.2833941276714134,0.04265478695203373
house-in-6,-38.56492216452171,-36.17250601495786,-34.625815336469024,-33.50747909700075,-32.561862320358706,-31.751599486746432,-30.99345017282579,-30.273031036703657,-29.595109643838946,-28.896072659683185,-28.22177958294291,-27.543329650111232,-26.842181945930083,-26.070482226714788,-25.198992942466962,-24.240567466047878,-23.12523741902718,-21.589051064202764,-19.204057550908974,
house-in-7,38.76021062408953,41.11175905471549,42.69916085436425,43.849640683589975,44.79502315894743,45.627232192205405,46.39277498817444,47.11856770559662,47.786812313546456,48.46873659581506,49.11379572352671,49.7991054079807,50.50579268586608,51.287215373421326,52.1044015583698,53.04567848782672,54.14371233012175,55.62392671696651,58.09203203730456,
house-in-8,-43.50230311381482,-41.02784825471217,-39.53543598946991,-38.42144726473528,-37.46495806167449,-36.56251181131025,-35.78318479811157,-35.05529671394085,-34.32401562436813,-33.64937160947737,-32.962929266818335,-32.27621065780687,-31.581281453438258,-30.820313917889997,-29.960357168638648,-29.040468830811815,-27.8771832800686,-26.352973721581915,-23.962437098600798,
house-in-9,-33.125705197225976,-30.59180626268287,-29.134432082492612,-27.951777911586746,-27.047017887832833,-26.231412805757557,-25.45340780417112,-24.71707928072006,-24.03848084892892,-23.430354187795032,-22.716914035466193,-22.001767279827146,-21.30789301316695,-20.516484296907443,-19.69940650152772,-18.736171812272453,-17.588800215360095,-16.09948330371866,-13.695459757035552,
house-ks-1,-36.8417706119829,-34.4406656933925,-32.915172073599464,-31.769092225581137,-30.79715462281424,-29.92864146408022,-29.14469993647366,-28.44081462323446,-27.738682081479332,-27.070297907786944,-26.36915054090836,-25.689850765165204,-24.949205194170816,-24.135865533745314,-23.331369561284244,-22.39749468367076,-21.246946944915408,-19.708728352230224,-17.195545416676875,
house-ks-2,-24.865888760080452,-22.481346286126158,-20.927982940483194,-19.8016677688015,-18.808398370600273,-18.013510529210812,-17.235773205967337,-16.518866175174818,-15.853482794561272,-15.171963023592179,-14.48197485217116,-13.780788938295476,-12.987586797566644,-12.206624044834347,-11.375425498741944,-10.416725085198824,-9.255630248992864,-7.745162071022771,-5.328880205557351,0.021645926401970494
house-ks-3,8.32853403035411,10.62011268308558,12.153760019733353,13.239402806291658,14.203335466016403,15.083573142087124,15.861685013971702,16.581496532977443,17.28762228259477,17.975614582700373,18.63027150423048,19.329928580129938,20.030631606250047,20.795014829119996,21.62419128500732,22.5714102191098,23.71463786206843,25.151157139243338,27.40539543484417,
house-ks-4,-28.532500800036164,-26.239896098791924,-24.779017044480558,-23.63541177608945,-22.707840243053482,-21.864743565923007,-21.071474127895527,-20.331671892686888,-19.656583580928775,-18.980640373849454,-18.281940736340193,-17.610471044002526,-16.906790251418258,-16.152373117277747,-15.324046107829705,-14.335580611566563,-13.2042108325391,-11.684161433396651,-9.204813509182511,
house-ky-1,-50.91445519581815,-48.46304530320219,-46.917794407003335,-45.77612870469936,-44.823369103362595,-43.97389376730788,-43.20423554862554,-42.48797640127782,-41.81259567800392,-41.14646569651138,-40.47241379220297,-39.76458994738972,-39.0505819004435,-38.291070903851185,-37.44701856738203,-36.480108517335,-35.2936941826645,-33.74369829184726,-31.384183517109342,
house-ky-2,-46.07641591286618,-43.714905950892266,-42.13224195063711,-40.94265024585131,-39.98849314218576,-39.14966776199499,-38.39329365561655,-37.685246436180094,-36.98514234488962,-36.280142376026305,-35.57805372697729,-34.85438716304089,-34.126524622176326,-33.348037656381834,-32.50392183307934,-31.558117651092967,-30.384638687116357,-28.89367413251034,-26.413399191395726,
house-ky-3,20.027505466888556,22.50602417457471,24.02048488860494,25.167563303246084,26.11259353848867,26.954004568643946,27.73053843415324,28.46256103069981,29.131292437530167,29.83131047922675,30.537138602337915,31.23303530810626,31.923680055784068,32.728634098237755,33.57494219450154,34.52732133963843,35.674658038997755,37.140895072649066,39.68927275580795,
house-ky-4,-39.51729107409215,-36.57893279891878,-34.83005691970245,-33.53646460831251,-32.418656263008494,-31.5221691538287,-30.60687338411347,-29.816670771510854,-29.08100879403553,-28.340299909505447,-27.555523698053502,-26.791578031420496,-25.99319208930125,-25.12507562181769,-24.150732720084985,-23.073681188464892,-21.806821872472195,-20.0011277391723,-17.147475692143555,
house-ky-5,-70.14074417035589,-67.89129512278238,-66.41277049561914,-65.27399620597757,-64.32721428808665,-63.491138932380004,-62.77470087194821,-62.02642744627754,-61.373505129514946,-60.68772645449065,-60.04873515124386,-59.35286964888966,-58.64967011922416,-57.89148519979677,-57.1008637515661,-56.16099229809329,-55.00548404536577,-53.574557871899216,-51.07496035950093,
house-ky-6,-15.199564157106249,-13.078628136091329,-11.749280228905164,-10.726418848615808,-9.86638109318553,-9.093999817353724,-8.392163659888455,-7.749691769589566,-7.116797493374869,-6.525315873427234,-5.910334080172746,-5.282263349121125,-4.63109344860272,-3.9129494713310193,-3.1652115697392644,-2.3091776092282656,-1.282134018137145,0.05351033494603447,2.226261657524956,0.04357792051736109
house-la-1,-47.17084463783536,-44.684337648872415,-43.19947816473922,-42.08650611834708,-41.15229457374752,-40.30601509669843,-39.54206730654773,-38.84124082382342,-38.144203185782686,-37.48302199609718,-36.79515117222219,-36.11618372731977,-35.40203230560623,-34.64163042674473,-33.80768731683074,-32.85201074961411,-31.68262889568912,-30.188872254836472,-27.78595512490846,
house-la-2,50.640991390798874,53.16363999172985,54.74083558564042,55.906368724414655,56.82810053296413,57.68786284708445,58.45272250897515,59.16233884600785,59.84543535523209,60.54071292871574,61.18403119628811,61.86184871085671,62.55448801229337,63.30852948654678,64.09356744375363,65.05463732206134,66.15625962788535,67.6901362834151,70.03229530971439,
house-la-3,-40.16784902268551,-37.67777719972462,-36.209181889688075,-35.11190260980122,-34.15768008257879,-33.33186828026398,-32.54834591898316,-31.84113705185947,-31.133020649804237,-30.461511158732414,-29.774211005196715,-29.051871622359368,-28.33311920121914,-27.555043120615185,-26.719526314334246,-25.790634004612325,-24.63299432954278,-23.15710292704768,-20.67127806590489,
house-la-4,-38.60829509335764,-36.30339793164852,-34.81828527107758,-33.724206773131336,-32.78322800240005,-31.94619753290577,-31.17097885692159,-30.44896029074424,-29.767181146031916,-29.087331010532317,-28.443529819124155,-27.71680977754632,-26.982265748685755,-26.242365035135638,-25.373575504340863,-24.43412631445939,-23.32804327614779,-21.818006377233665,-19.38242311118061,
house-la-5,-37.75290048645305,-34.948957264488804,-33.187110704851555,-31.840990323802608,-30.764047040966766,-29.830789105467236,-28.964303368157868,-28.118697578472652,-27.352554909038922,-26.58768894519499,-25.795570213560108,-25.032667945943036,-24.2216589038347,-23.343398031258726,-22.40233183059436,-21.306482665002985,-20.02744330462113,-18.365022742128208,-15.460228206841654,
house-la-6,-33.77313248979358,-30.875479222139877,-29.129466933020623,-27.889080235189773,-26.81293939400771,-25.80374623119827,-24.930231162184317,-24.09949446776575,-23.328467011763667,-22.580080228577245,-21.805581269448382,-21.027535357042982,-20.251577698158872,-19.423768501931402,-18.463402964524146,-17.36691231966615,-16.001303723712013,-14.247257367019204,-11.38285304039575,
house-ma-3,20.311139638433076,22.66335762314985,24.13267201127249,25.25623608069302,26.1613790943108,26.972316741369596,27.748522881934523,28.46410446002874,29.13320179413736,29.8097967277833,30.49789104452913,31.225114283034905,31.918347688983573,32.700910962151816,33.52148762819645,34.48733830338,35.57725963938801,37.013302567369486,39.634896832952876,
house-ma-4,20.8513522093652,23.289085306126267,24.740901124373917,25.878098753941302,26.862881758666614,27.766891689000207,28.551341634544347,29.235414928883156,29.89768847203879,30.568352058179848,31.27701925338837,31.959021632703017,32.66824153765089,33.37640152315348,34.25481535151131,35.179075736808564,36.30792990048408,37.8104729098478,40.21848402945067,
house-ma-6,18.21826487113715,20.92339489454441,22.580772975310424,23.892467107926556,24.95729982899607,25.875086054731277,26.71340101795019,27.543237129175637,28.33078023510772,29.098110032582877,29.886380867078856,30.66730540549844,31.488672182209438,32.379093415017564,33.33271244511882,34.46220408824737,35.7908736881373,37.665802610449475,40.46020846828829,
house-ma-8,32.80897234204395,35.28643206864939,36.83661282978473,37.92449762332101,38.8311526894839,39.64661730313196,40.42199790926274,41.09407704912003,41.74248208428416,42.38936721300607,43.12198446870802,43.77648298332277,44.48141944290976,45.22120503021363,46.032183874048286,47.00292344375404,48.11094978472899,49.62820618375091,52.11999553070499,
house-ma-9,12.318465740384578,14.685844142555696,16.137864932973695,17.290915794928654,18.226414125242755,19.062650361744012,19.82341934348552,20.54267108672753,21.220026968199985,21.889817628880685,22.594940706139198,23.306987437331372,24.047571415191275,24.804227055396375,25.655739564572976,26.54752057836472,27.69681334766453,29.132116086012683,31.647744356137352,
house-md-1,-23.094733509540905,-21.131462031021027,-19.86191730140941,-18.88905459346502,-18.01999496374351,-17.30005562311412,-16.62694166108607,-15.982471331069247,-15.360158100601627,-14.722593156199782,-14.1155523521496,-13.49314249367043,-12.849504522222043,-12.151902584621226,-11.4330641707448,-10.593945141946989,-9.61984958453538,-8.279760703084131,-6.246674376270402,
house-md-2,20.98384524689123,23.40276196901465,24.933963906225216,26.038964503754706,27.03117076346251,27.850122906355207,28.644560724381993,29.37309634377085,30.039447775327883,30.7167767843355,31.384270715129976,32.05659456281045,32.768072470160575,33.54760711528192,34.40762046127349,35.35030153849368,36.46950619165457,37.87748617996537,40.264642518351835,
house-md-3,25.116267574925942,27.492575964561198,29.028383720706326,30.133276053401307,31.076443610568866,31.93667971461488,32.722689354313445,33.4123727116827,34.09479387801446,34.75154511933725,35.43591411872502,36.1242597846816,36.8453908207414,37.664713959320345,38.466059086117575,39.397853944348114,40.50387293418073,41.87264724917208,44.27785039320163,
house-md-4,73.4534436717,75.82791353804505,77.35619391850025,78.52671783681923,79.47323608232176,80.29825741706118,81.03766111850136,81.77635125087649,82.45782814576323,83.10004832731485,83.74637412205543,84.40062476796511,85.12479109293697,85.9000048688394,86.70786625899656,87.61225978516512,88.811334825516,90.3616425147526,92.8653276138065,
house-md-5,30.592633496314185,33.53029281002893,35.225013907938035,36.564106226951395,37.612708034806765,38.530874615574255,39.367710575415785,40.16084964909676,40.92688887053213,41.67794270843106,42.47349652080166,43.23168210695422,43.990358321052035,44.881965701919896,45.823374713653074,46.96478018488937,48.27595500885073,49.95505295029613,52.8845781059438,
house-md-6,9.712814815182556,12.174717982728758,13.69179955988116,14.850889826811848,15.76713020779851,16.574399303102894,17.348674170077572,18.09275009542232,18.794756684002103,19.43731766597905,20.12108813375293,20.81024844965253,21.53346652303369,22.300607388933503,23.12883462711315,24.070640209034714,25.17540030729103,26.680808026251295,29.158092807025728,
house-md-7,59.16833255550942,61.63924859010299,63.177045573703566,64.29528933725506,65.21605387354484,66.07440602588849,66.84333462764282,67.57939999213805,68.24998826439577,68.91261107719143,69.55392819350868,70.25581044649016,70.98671436359459,71.72861413554742,72.51954549268507,73.43932371165972,74.54156466082654,76.01971114053256,78.41777328654425,
house-md-8,54.74709811251058,57.075472048610386,58.56222771576227,59.70335960869494,60.63510681329366,61.449621371111796,62.21086978960486,62.94132193263199,63.61341610038728,64.28086665715853,64.98869595870693,65.67329167605627,66.37330970662889,67.1066950234859,67.9226199652098,68.87433989133123,69.99186517490826,71.52848125570617,74.00624501305342,
house-me-1,19.221588242928178,21.200329629080663,22.385635386963017,23.27611584988677,24.064261030704024,24.74663532874748,25.390824341687274,26.00478056464538,26.574490440925985,27.14438622350185,27.698592788990705,28.285201782403615,28.926323023628903,29.559927393290497,30.226775102529825,31.016068612766087,31.974455887925966,33.24372566608771,35.121432571579994,
house-me-2,-7.539229914990085,-5.500510380881749,-4.28699334337898,-3.274107774205858,-2.46974087340793,-1.7629091542075643,-1.1241272253536645,-0.524290223267206,0.11853450053215987,0.7188969815565927,1.2859038985780378,1.840633419469436,2.442869173283221,3.116572635143221,3.772637960129412,4.611674137479883,5.521959707211721,6.747565625895626,8.669286800886173,0.06831137390598951
house-mi-1,-23.709129707026648,-21.271409520783497,-19.792387154409223,-18.674620989114057,-17.728156685785162,-16.89626644527219,-16.12149222560895,-15.41677114052773,-14.731804874103176,-14.041967200144981,-13.324148709404382,-12.601200391860774,-11.871046086506002,-11.074323526368307,-10.226176349649137,-9.323983024457911,-8.198255463784292,-6.776094287632171,-4.2407655348641,0.04526880042839643
house-mi-2,-34.1058015791933,-31.58871115879774,-30.1427078383651,-29.026535162690184,-28.102119592569416,-27.2732766549057,-26.539250604158987,-25.832051485392885,-25.148039722050598,-24.469234147170454,-23.796470837787734,-23.102106121963413,-22.37272843566605,-21.606264373672715,-20.82428234548527,-19.921391453510974,-18.801612142312525,-17.26433132902776,-14.892959731734562,
house-mi-3,8.671951024174467,11.098687249133134,12.547929768599278,13.638946240942989,14.556847289212993,15.401413236341137,16.172124452281043,16.866297219384382,17.54391645507574,18.22654603053754,18.922994404965117,19.606641713062867,20.309452108441953,21.08161224927409,21.886886543058658,22.81864499927048,24.008045057006402,25.566441261184178,28.002866358508978,
house-mi-4,-8.719279014679929,-6.782762224060105,-5.5258956460261555,-4.595726548984964,-3.763068765100763,-3.0409090189410866,-2.4006652811712494,-1.8071378146429038,-1.1961151288089396,-0.6257080366813601,-0.07677189809699765,0.5163363004479826,1.108135839505131,1.7320227019618892,2.4398028745816314,3.2395574159068765,4.239470063203295,5.460683831823402,7.441430054629358,0.0692676017523739
house-mi-5,-32.07115668868768,-29.67751513854512,-28.1399644150207,-26.992713541633492,-26.01131915797797,-25.19793609113619,-24.48054862545654,-23.792102147349816,-23.094509402076994,-22.397328171558165,-21.719744470328823,-21.032758271769623,-20.265406055182734,-19.55629150319848,-18.693423690084966,-17.789891236801225,-16.65597748255529,-15.18753992825967,-12.765459628169515,
house-mi-6,24.235175461231776,26.781049891564688,28.239035677008705,29.43113898549394,30.361228543537703,31.182822710953534,31.930112780162087,32.645096541954715,33.33558640066474,33.998180924037484,34.6763181265252,35.34536722155682,36.045859917508906,36.816175903727796,37.64110404816667,38.58723240040624,39.70361185389894,41.16361002865865,43.43748136106745,
house-mi-7,-7.276875457140437,-5.458831110965624,-4.259273976597233,-3.370416209192649,-2.603770536812997,-1.9627007697539505,-1.331811367254231,-0.7632373550013125,-0.18642269898674088,0.3714529560476744,0.9325473575558769,1.5098139722170958,2.11504833534189,2.750799472001078,3.4589553690248644,4.2524718639686965,5.1601582569241495,6.335119833354239,8.206362427254057,0.07567437479422534
house-mi-8,7.2541324117321455,9.724435682373182,11.169818876341836,12.302075358748457,13.298157796609495,14.12177611981052,14.890403364640013,15.614337305006313,16.323768522504018,16.98482880574968,17.64782038747328,18.37029961454829,19.097489074292255,19.876184483652377,20.728641169326053,21.67326680747846,22.843962175713582,24.44084793909109,26.90195718463266,
house-mi-9,-37.54758953585263,-35.05757819146569,-33.59928903572133,-32.41547276094247,-31.459181233502925,-30.632986261983774,-29.86628349144013,-29.147491350678834,-28.451219175956755,-27.756723610722496,-27.133252976846048,-26.44237717565279,-25.724430151978236,-24.93020441914584,-24.071340997418446,-23.14599145164455,-21.988404547821524,-20.58785210942386,-18.014156682071814,
house-mi-10,-8.689166751739124,-6.4567758158862745,-5.077026137103773,-3.9649390275860807,-3.1040301188726183,-2.3261347389375353,-1.6408734784356,-0.9559518467223868,-0.322064647057057,0.33306967115697184,0.968821091194407,1.6234411714174348,2.291487935333645,3.023722264625574,3.8240777015362513,4.721949452891764,5.754641286228103,7.137782806977771,9.374917575228974,0.0675151304614593
house-mi-11,13.623632805965068,16.353399140708788,18.218878241063656,19.511030357260925,20.616191265511905,21.538597422188456,22.3866691432891,23.214265737210305,23.99671621796068,24.74624189166135,25.502657591576995,26.297455912776265,27.12342396514762,28.0108551429822,28.971471264858092,30.02285833240873,31.280156294195276,32.91655410776737,35.88984857930066,
house-mi-12,41.193471417713525,43.63660706966614,45.137163116034955,46.199704031148045,47.12411444829474,47.92577551924203,48.676287316788745,49.38970904138823,50.05062014290289,50.749866321598596,51.41001690334612,52.086940974549215,52.79329408282203,53.6024956207048,54.423003309273625,55.39794753067799,56.511630984268145,57.95489202050124,60.407186208188854,
house-mi-13,38.13221860672416,41.10919512558338,42.80482608375145,44.11324450930961,45.21566591576985,46.17374957118603,47.0013153374033,47.834170820461274,48.59257733850372,49.376868731411314,50.11754847968139,50.85723462214773,51.5941297448919,52.48744915253257,53.503352305266965,54.556452963514786,55.837334666198366,57.577404531649464,60.39195565233219,
house-mn-1,-13.574575528996045,-11.612494509619927,-10.41323605890669,-9.439270988038098,-8.65523337272315,-7.955694438188131,-7.278668719145351,-6.661584631528413,-6.059736086731559,-5.456545847630012,-4.852448229023376,-4.263693839233994,-3.6494973715517633,-2.995172242776345,-2.2990066885961786,-1.4439091620296078,-0.49637603113753853,0.7187318055704378,2.74914411219567,0.04698930878289809
house-mn-2,2.734147744824347,4.920669863313771,6.276423934110574,7.340588598775558,8.196859020378486,8.965792588548595,9.693815094339215,10.334750804908065,11.014026579448624,11.606232838762583,12.246764852428115,12.878351577555094,13.52297076918832,14.200533276284286,14.939297022447867,15.771748492588568,16.813630846895496,18.11130611222184,20.243788332857363,0.12495062043416216
house-mn-3,21.125435300211457,23.63344843236949,25.08749453345409,26.27101944756808,27.226348577898996,28.054802238010108,28.831709421618903,29.546292043597063,30.232297566580144,30.907548930876125,31.585541424066644,32.265592158889106,32.95090863207799,33.67971546882644,34.54658266908994,35.52614856020032,36.588825052619896,38.050688181474364,40.497972732399425,
house-mn-4,33.34929339663825,35.8737489922977,37.38825353667568,38.53604852352829,39.44666499603308,40.27313337062804,40.99802366618994,41.74310655781484,42.39496805686401,43.094525503796675,43.76984326394455,44.4351120965167,45.14365266060316,45.94841693487229,46.779418998010556,47.70075193083695,48.904372919761855,50.41105230590372,52.88491901866191,
house-mn-5,53.01140231494966,55.33953942340708,56.777564740094995,57.86882084823065,58.856913507720506,59.70104132315799,60.47580171365039,61.199985681493224,61.87010845402705,62.55208687180754,63.208015271158615,63.89798271552092,64.59326994263128,65.34719676293962,66.13401030695721,67.11391016195333,68.2838325034526,69.72194305248864,72.1096442682928,
house-mn-6,-25.18433816747112,-22.71135222686761,-21.267974911538165,-20.11608970834971,-19.179504115288744,-18.305396145050576,-17.52038091891939,-16.84250794743328,-16.13127999059086,-15.450917841750435,-14.76030773018826,-14.061091315099379,-13.338566223567334,-12.566565022920976,-11.733736951232487,-10.80973856456799,-9.640567209316877,-8.130767557886,-5.674224808123111,0.0436211520436407
house-mn-7,-40.80695790524686,-38.37670469004905,-36.82726950632533,-35.697274465531386,-34.783526420030825,-33.9471287990606,-33.21125946678344,-32.48846656010108,-31.770549821681833,-31.088392861515835,-30.42381443580017,-29.75823819653435,-29.02046283976864,-28.271056427857722,-27.433938571542395,-26.485349056050964,-25.3521580553098,-23.989875594421765,-21.508114855293996,
house-mn-8,-18.817149542147135,-16.415144346235984,-14.936507874540657,-13.824034500374703,-12.820109735398965,-11.963226149749795,-11.17036288872965,-10.423629347814984,-9.738699578120642,-9.052363313365962,-8.378751602399227,-7.675222255594043,-6.964683893332477,-6.2456895116836435,-5.387090552325802,-4.420719962300388,-3.2228681793599963,-1.7507492461473628,0.6972330587125717,0.03989789026566748
house-mo-1,60.01364235514132,62.38944485832273,63.94531794479212,65.1821840006808,66.11499496672957,66.94595212079592,67.66039675440382,68.33273459856139,69.01052236478263,69.67946365830441,70.35011409130954,71.02465561198085,71.70871136501742,72.44785514940767,73.27618260231502,74.14975943565541,75.33097017993371,76.806097462817,79.16568152570915,
house-mo-2,-11.357249635257471,-9.232247307843306,-7.981133532915483,-7.007655210531259,-6.170746660674162,-5.4294391681187495,-4.744914287254945,-4.109934759140146,-3.4609743225656273,-2.8718158372401374,-2.2735056615341454,-1.6906526765884007,-1.056668661627405,-0.39093999278511504,0.3353764815904944,1.1152873951090607,2.101012966381192,3.3668541283562385,5.352561904393127,0.05300565664245782
house-mo-3,-32.06897992254617,-29.69483273906802,-28.22404117602915,-27.06914622380652,-26.020017177645716,-25.21944648398806,-24.482389371133106,-23.75839757296968,-23.064019194197883,-22.387323939020078,-21.661665214940307,-21.006542919063868,-20.276749690889034,-19.555111557405233,-18.683464235827824,-17.743295471657294,-16.633240969603907,-15.137313934524302,-12.696536487960568,
house-mo-4,-46.35716116480613,-43.942100867148504,-42.39995203535217,-41.283789470044866,-40.33150341587361,-39.537267002192266,-38.76629705768391,-38.04811732813968,-37.33189547151724,-36.714996282462366,-36.04221133569941,-35.37355072150211,-34.6378397087226,-33.891588438641726,-33.05538912185166,-32.13020893136163,-30.98284029055222,-29.466572139244185,-27.17303589830596,
house-mo-5,22.35053669765938,24.843697675688965,26.31273282394577,27.45717574775522,28.44309958384881,29.23375878725888,29.977071906483165,30.68063036337949,31.363639982021176,32.059781774281035,32.74558196811393,33.4278451945625,34.14892275830308,34.902164484831765,35.73187888025174,36.615988727214955,37.706199667366896,39.09960095245871,41.43111249034114,
house-mo-6,-42.47374493002975,-39.703396953492195,-38.009546963806635,-36.67178021194835,-35.648300978417424,-34.68295622611692,-33.87643066616364,-33.036397115274085,-32.26533030625677,-31.487793873837568,-30.721507059534353,-29.95095421746143,-29.147119389888523,-28.292173546717812,-27.335748422457574,-26.246309278565988,-24.96294363131826,-23.21820353377975,-20.33616612373726,
house-mo-7,-46.58295965768817,-44.18535401398609,-42.69597079940842,-41.5502311095751,-40.66338727067785,-39.81767512482453,-39.069377652798416,-38.36367722477373,-37.67693183820719,-36.990527756762276,-36.33342236928088,-35.634232661124265,-34.8935650149152,-34.13541430492418,-33.30051803479982,-32.36835236154796,-31.188509722309053,-29.631112713584518,-27.245568618988855,
house-mo-8,-57.48751372889229,-55.00324438467727,-53.55621882848596,-52.44613338129841,-51.5227214210686,-50.69782707271719,-49.92143011853144,-49.24052036639736,-48.552871596265746,-47.87851638271083,-47.20298721317584,-46.53140547022342,-45.791217788589904,-45.02476072270582,-44.23209866437512,-43.33926905600915,-42.208558234232086,-40.76014859590094,-38.4090738641049,
house-ms-1,-40.20434786989229,-37.788727804366474,-36.37627253715481,-35.22479310747399,-34.28185877570347,-33.463953047633346,-32.73209630081273,-31.989460928329397,-31.31583160418969,-30.636339028559725,-29.945677345719876,-29.206856537904496,-28.496919651649996,-27.768032692542064,-26.985258749450388,-26.063363199001625,-24.852596160052588,-23.362344019932667,-20.969434300155086,
house-ms-2,20.58546682495601,23.187732439949073,24.645050247771827,25.81160316772282,26.736731197392555,27.554491429184854,28.356535527082087,29.081644168162022,29.78929254226254,30.455522609133588,31.107660579530112,31.825407606483857,32.503857799028694,33.308166114719015,34.15008111437141,35.11318661435682,36.165267371581045,37.66676379901159,40.05790681892403,
house-ms-3,-33.45119460538288,-31.093258420861506,-29.589712844479504,-28.464355673423395,-27.497249184388092,-26.65899230444234,-25.877085273405505,-25.17690825961975,-24.45761274467945,-23.759898300290793,-23.07319144493285,-22.390685198138044,-21.66730578057368,-20.891064760719217,-20.070526636242057,-19.08625876588196,-17.94773916882615,-16.48209162491051,-13.971404742185117,
house-ms-4,-47.380188056432544,-45.084016703879655,-43.59670971338858,-42.45379002213504,-41.536159301868345,-40.681771094780814,-39.92329446196867,-39.188523319409065,-38.50606397515472,-37.84169091719596,-37.165482297038814,-36.46302561787212,-35.755086475955885,-35.03420192914517,-34.173056494798026,-33.16138070592239,-32.02587105648089,-30.57923107558145,-28.108429054976014,
house-mt-1,-11.037882978640976,-8.796182902085713,-7.449737077817754,-6.399937275946467,-5.525744829561139,-4.752692240450278,-4.02455396157924,-3.3636929923649763,-2.7347427232628543,-2.07610034131424,-1.4375808797396556,-0.8027750191540806,-0.1367232687336974,0.5752936847100195,1.34682006924685,2.1917570629072722,3.211395163160743,4.537876088079887,6.74462056351947,0.05430107934171635
house-mt-2,-33.97096937841481,-31.77005653097798,-30.40765384132009,-29.41088989727494,-28.522071199051098,-27.75914465170937,-27.04358458496245,-26.37987557125593,-25.792167013866514,-25.17416521789945,-24.549448757809298,-23.886940594117846,-23.22842473791942,-22.557855069034055,-21.818659934112233,-20.95958430132463,-19.928282098096037,-18.684394448209506,-16.491732904772768,
house-nc-1,-5.709111550528996,-3.8619083963607634,-2.6943255606518353,-1.7084814380309894,-0.9079537972847471,-0.1850387386749804,0.4581654725673491,1.0935650930579426,1.6742626040326942,2.298717645514178,2.8967053943475887,3.4957374780286523,4.085514578184047,4.747322697529922,5.394941161109463,6.193368973213163,7.108877132011005,8.299204710810479,10.244422853592608,0.09823079596802231
house-nc-2,32.93848564074121,35.32568875398604,36.84423755425315,37.96804754720108,38.90403406831422,39.73516915200297,40.45286375787034,41.169971850664375,41.86393470020951,42.525150334056306,43.19054098616634,43.8556997134338,44.6100795490343,45.35002345895916,46.206436289921456,47.11328386523044,48.272390157443986,49.744101737343534,52.128964422163456,
house-nc-3,-18.10451223406538,-16.107562156321528,-14.70787947927099,-13.674292326088086,-12.84037399769321,-12.085346563123636,-11.375593699306016,-10.764644814774377,-10.160048377110932,-9.548233870152382,-8.949169288634229,-8.338175381400687,-7.69862240180414,-6.991133495064937,-6.258313571385631,-5.41459343695824,-4.315024851464047,-2.959747705511746,-0.8586942314800396,0.04277595352361707
house-nc-4,43.92593326857498,46.3009425959419,47.77529559833146,48.892632452880996,49.81246092149035,50.594520197673724,51.332521633139336,52.0890867271167,52.77335366949474,53.46719126472132,54.11408628154493,54.80457012783028,55.51271464766704,56.27543537080219,57.08909054374892,58.03970429664354,59.14095524115952,60.62511220787618,63.24815064067376,
house-nc-5,-22.36033913306058,-19.988613137742835,-18.56286677759465,-17.38849723216383,-16.41761531309324,-15.576228503215704,-14.809594310131816,-14.125395492270695,-13.449695665645365,-12.770830664056218,-12.054618646324021,-11.394268485384343,-10.638070010568793,-9.882938739399808,-9.01535377766824,-8.072251183692664,-6.933913052049053,-5.433215541420656,-2.9997656486111333,0.029664882718672514
house-nc-6,-22.23895577412892,-19.817893485830382,-18.40021360165089,-17.262014751117075,-16.29979025110359,-15.429398204265853,-14.66874604990471,-13.925890425168127,-13.232616804473778,-12.524235601515413,-11.83493202868104,-11.153988631326389,-10.423805423729993,-9.662708862712545,-8.80848182931923,-7.82471332470697,-6.704784386495119,-5.193213821861159,-2.78227830840135,0.03977934987661713
house-nc-7,-18.560879942410867,-16.45574274692681,-15.175686660130708,-14.159284728443115,-13.291025430020328,-12.53992001215504,-11.851200110295114,-11.230265757400954,-10.608973613115772,-9.98368260064433,-9.336175430215906,-8.715490352723549,-8.081987346017034,-7.442753361551791,-6.701708281156189,-5.871840929785228,-4.892179454986663,-3.5280282173119897,-1.5019301537151417,0.04059025645427916
house-nc-8,-25.32620409471772,-22.878359348570736,-21.376948565871828,-20.22491055877514,-19.273893078088953,-18.36593944116303,-17.58784373536743,-16.859863300231325,-16.1416862768585,-15.454013567277451,-14.760849440228279,-14.083920833924994,-13.343292542894964,-12.549751743475897,-11.703868335110656,-10.745681994012642,-9.630921284063547,-8.181400133737213,-5.825442099721949,0.04349165408737754
house-nc-9,-18.743736033577694,-16.601355974416897,-15.32093372447776,-14.38028576787836,-13.494287490846807,-12.756338471283666,-12.037793177546709,-11.380851982994306,-10.794894084363186,-10.169145983970232,-9.553122299667342,-8.949490270219911,-8.288885981805608,-7.613117440240461,-6.855655621461268,-6.017977419847568,-5.065185042702462,-3.712123208863763,-1.6426442507800665,0.0474363168964711
house-nc-10,-23.93247961112289,-21.692124978110026,-20.218775236252345,-19.130051835247656,-18.210706654473768,-17.40320080295023,-16.62698026522649,-15.909818743081662,-15.248274983119112,-14.536151429744937,-13.90394047484313,-13.243400416773525,-12.545182537840503,-11.803349741243458,-11.001597213575312,-10.058500193337261,-8.948808865777707,-7.545285174257258,-5.0603362332425,0.029927586843381815
house-nc-11,-10.03807319770038,-7.799973318315119,-6.418590974154643,-5.380671137992384,-4.451792812370736,-3.615259544002657,-2.90198929892502,-2.1903803555972696,-1.522374005498513,-0.8752829357485921,-0.2489649998200498,0.4705273102626138,1.1342822380214859,1.8955300158170394,2.69260197918019,3.581872250867972,4.631544146998069,5.956001965944696,8.203318399481526,0.061661431777926046
house-nc-12,45.151027857521065,47.48195800927008,48.920826119027424,50.03393698044484,50.957787786100916,51.78239472200425,52.553123215252434,53.25264693514065,53.922473130959695,54.58795575040098,55.24990027683654,55.915129739836196,56.637460653526645,57.37706449946745,58.241450594760266,59.20521781900606,60.281492331432396,61.744213359338936,64.03766103243895,
house-nc-13,-21.580264938169606,-19.258279319815024,-17.84206285015997,-16.702204662465988,-15.75149044854941,-14.918018867289787,-14.067413963610052,-13.312694658217316,-12.634386450404731,-11.93668628246825,-11.239165923827397,-10.553285227682345,-9.85814308048507,-9.079371249885265,-8.192766562141266,-7.254240813835384,-6.089083346100022,-4.588041404888575,-2.2628090899648314,0.03563313911506183
house-nc-14,-21.980321974961427,-19.61263912349498,-18.17612417134367,-17.035896027199925,-16.115064353026728,-15.279077579935601,-14.567722503711831,-13.869524412994583,-13.196616958783059,-12.505274656306685,-11.841016798830472,-11.180318365779993,-10.47726355335254,-9.738579750592807,-8.874478323173307,-7.9641008612856,-6.8403459270209215,-5.405109546551463,-3.069316421456664,0.03653535134855834
house-nd-al,-43.63143338866379,-41.16113935093899,-39.62662190564714,-38.52738241712289,-37.5351622265167,-36.72722917750245,-35.97188018913675,-35.24334898857734,-34.5517676256288,-33.841513487512266,-33.16366518769474,-32.447119937517044,-31.700188746278805,-30.932056369246332,-30.146277638791044,-29.19659484403187,-28.078560414871134,-26.567586647385202,-24.131750779855807,
house-ne-1,-13.49504982259982,-11.648718125837895,-10.390555511623036,-9.499769570825887,-8.707888329659161,-8.046804109080481,-7.408309809308265,-6.82058287442454,-6.289583034955135,-5.7317427333464375,-5.148163992191151,-4.542923526639248,-3.982260922227374,-3.325232872541849,-2.6202272234456423,-1.7816050302175652,-0.9039137281125188,0.3476866991549927,2.1724444303524115,0.04798110299214253
house-ne-2,1.4950523198019614,3.7128244444500575,5.046127832787015,6.1353642369465815,6.969472179117332,7.728852918964975,8.445575336869306,9.16491150993438,9.80036205474322,10.426820393466144,11.055728036584643,11.696470864325661,12.398660929715527,13.154588256689587,13.984333922251501,14.87112485334391,15.945448383726625,17.305651805177796,19.581357852419284,0.1444588887248045
house-ne-3,-60.07877768551044,-57.79737973189166,-56.27377634491143,-55.15605310866657,-54.245559100135424,-53.444070868834125,-52.69435003499239,-51.99045525662588,-51.27765018577628,-50.6421788293938,-49.97121291990677,-49.26414060482098,-48.56139074150977,-47.82503823346359,-47.0052580011799,-46.05162584824702,-44.875802595267835,-43.38400138189702,-41.01035906212265,
house-nh-1,-0.8380516080789832,1.5137034745400317,2.7878094672676497,3.8132155867833055,4.725935316538756,5.51489338788277,6.204083379777537,6.895510017245347,7.537995116919539,8.191829936618156,8.820463595224481,9.47852119517575,10.1509855454213,10.846018760728333,11.616467988820698,12.453727223848514,13.503371993323091,14.879531464934344,17.12760187191153,0.10162975446329103
house-nh-2,10.749590870847323,12.639561360148777,13.852096323301627,14.75904507990788,15.576174239543542,16.279876733904914,16.934581874000084,17.56431881034172,18.1295655691369,18.72365823021792,19.311179122962812,19.875972944086598,20.44438023443182,21.109686564852996,21.76917370737572,22.579599985568805,23.53162742608638,24.76957770204545,26.618287697223213,
house-nj-1,17.04504829894672,19.53132489450083,21.006800606822537,22.172609236094097,23.110692970237857,23.929503951619598,24.689102079935402,25.43340573952089,26.14815754958179,26.876432447920948,27.538360390695576,28.24263868081861,28.99651720049872,29.782221326434218,30.607739242679358,31.579427893368724,32.737515653451524,34.21935713649004,36.56995586538435,
house-nj-2,-18.03296564534935,-15.674460895341074,-14.238328001913825,-13.078320001239964,-12.130864560269767,-11.272970881576828,-10.51264675779796,-9.812330453410198,-9.137582810187386,-8.444722350075462,-7.768848784823261,-7.059930350661191,-6.308478585540267,-5.523815069078582,-4.704846743839807,-3.7194339562376904,-2.5551439169563963,-0.9914849896447782,1.4361918680590742,0.04035552394065378
house-nj-3,11.565050679569607,14.074949902411314,15.565269822158017,16.69731424375531,17.653479461799503,18.473720954142312,19.24462574819448,19.95788625263231,20.652252018370046,21.329549828713454,21.987299469160963,22.743379354469468,23.459826977400265,24.23213869092117,25.096058885776277,26.01991878809048,27.106791389137392,28.709977901905315,30.99050316470812,
house-nj-4,-34.761519450004855,-32.44771517741512,-30.994756084915053,-29.90177146283309,-28.92763313728437,-28.100994166111004,-27.357472855240612,-26.648543799224534,-25.95370483546914,-25.295736300772536,-24.60692947599007,-23.927089223955832,-23.232239624014163,-22.464002527123224,-21.65582715392572,-20.685530239703876,-19.49562313368682,-17.96041285886231,-15.43867934183116,
house-nj-5,8.097915696896488,10.469196248249304,11.892601417459087,13.014517711130734,13.986791347490112,14.82369024979592,15.565454172961179,16.304614466306134,17.004285566530516,17.69545507662619,18.406687848843944,19.108524677788285,19.80290761838082,20.590888796257776,21.410464728741466,22.379168523306156,23.544023288296195,25.076196688385902,27.488489983007103,
house-nj-6,11.40774487449184,13.946814091955055,15.340618548296785,16.492779908447268,17.49330501050287,18.313185206926825,19.074289138924538,19.800404666684084,20.503649628820092,21.2055996788638,21.925663895651766,22.61352439070639,23.349639671252582,24.13370205513992,24.992666519861615,25.89704581705922,27.042864087174447,28.54325122454917,30.92287761477511,
house-nj-7,-3.147529188107572,-1.280954319613664,-0.028762610330156577,0.970063789257325,1.7983670398194265,2.5254493412793457,3.17526625562276,3.850361662482649,4.489057496745223,5.080993463319777,5.661691665950071,6.280510147704869,6.870015531593908,7.521738538534846,8.216056666318249,9.088485024719745,10.059226795355785,11.289389267724681,13.2497588223947,0.09937050527517888
house-nj-9,6.727939053484344,9.158267723068136,10.705937193235457,11.872869365517463,12.802534525680597,13.641271040056543,14.472289766115928,15.181919606961443,15.887470378935909,16.54294143167286,17.222195103459534,17.8967521191971,18.553432715686395,19.321439405071747,20.202642138343872,21.17331346497207,22.283469495293616,23.746824280662427,26.21661238374362,
house-nj-10,53.719504062848344,56.10566239936705,57.508610502430535,58.616421350133905,59.60099846662293,60.48309650439605,61.2462849853958,61.98626659199763,62.67407256860702,63.3279309785283,64.01213346478907,64.75224496967272,65.48248924048224,66.25085622185624,67.05583516344502,67.98011824038208,69.0981930339551,70.549069859992,73.05845514080717,
house-nj-11,10.455491923747445,12.866997373184489,14.358268430628037,15.497861294293948,16.382552022594965,17.219183501947285,17.967864700596316,18.70601410613891,19.403958006392717,20.076376455458515,20.75097200863666,21.48184993339778,22.204279400013224,22.92271016786774,23.779485234120525,24.69297426203985,25.814020315530986,27.31069515772207,29.6821121394099,
house-nj-12,21.542531126876536,24.372358444148777,26.08963215143847,27.28251418648024,28.32537412251424,29.31980410725882,30.178312859114886,30.987157731442284,31.793886869740682,32.58382779342783,33.36157484932253,34.13578466525047,34.93416847599795,35.86607053927271,36.8227069484201,37.94370271380923,39.20628964932638,40.914729953787244,43.822881416837646,
house-nm-1,11.685208222484398,14.203915452040162,15.64772078140124,16.79921643370633,17.74758116909718,18.579665571268098,19.37448888872216,20.104726789538237,20.830602589974195,21.483582346683907,22.182320015450085,22.84528464642881,23.543854313601685,24.392801615645432,25.23564543478363,26.164012866677997,27.302122134849597,28.76930923611579,31.31083680853544,
house-nm-2,0.5325445685813054,2.455678625676311,3.699721384546101,4.654402275491079,5.451346590879323,6.195633817488254,6.867250627458725,7.4849216267543115,8.122733076326089,8.720606624440599,9.297942440801915,9.87536344762703,10.504040338160463,11.155103037496868,11.844956933373854,12.625541654519795,13.598528052836091,14.854632922494195,16.841489979215027,0.16139356294272122
house-nm-3,3.9408705628473646,6.847872923029453,8.53968142453778,9.81535109835555,10.892926918767664,11.842736772903539,12.695577019745741,13.499004612874574,14.252448751791777,15.046014561579003,15.806915198910254,16.611558525829924,17.440344271312767,18.313444046103747,19.27271233600909,20.34041697744151,21.662212974712507,23.363670893517266,26.17863925972458,0.11115950375353689
house-nv-1,5.223991705919127,7.535496675816891,9.119046178970628,10.236696706251326,11.1295307056316,11.959047803244774,12.7251995723563,13.461469977509278,14.184535600562507,14.85499434560666,15.517045323288865,16.219884406778593,16.945448556671504,17.707353282343814,18.52052653058798,19.489382488255053,20.619511442775437,22.179532851517873,24.424147671838384,0.15317554028152924
house-nv-2,-14.172976193220205,-12.000667984545474,-10.704876854453275,-9.604260661392466,-8.736882914711341,-7.939128203833068,-7.212894914884018,-6.534857664936167,-5.913771121565633,-5.250043577025806,-4.585304486040527,-3.952452598843584,-3.2841412195671045,-2.5454554310645503,-1.7705875614589635,-0.8986448221754961,0.1972554190657735,1.5813425875131413,3.820406619856815,0.04572906096972529
house-nv-3,2.15522657890791,4.604154439202705,6.081605052216551,7.210989062522828,8.129282471790642,8.940094784983064,9.70887308784083,10.427012170363621,11.115484532594209,11.828847484254958,12.473047593746394,13.174430795600413,13.92893622449239,14.68815799740919,15.529509458613589,16.484337364856337,17.568005399115243,19.079872958288405,21.45273919889593,0.13916891587357105
house-nv-4,5.867910390727811,8.465467659599478,9.93747956513498,11.093056993314677,12.014075525233835,12.82387445933917,13.597685565851782,14.286723657333196,14.996137265296348,15.674715606290016,16.4011206661907,17.09796137794012,17.8418875632526,18.62486947095136,19.44728111627391,20.412681685129797,21.581233555732574,22.981809119885046,25.33664657291389,
house-ny-1,-15.034155200696045,-12.533421400747462,-11.076427015362537,-9.940465247252426,-8.983706197280778,-8.13279081134139,-7.4154948571492065,-6.687055745728389,-5.996329204171937,-5.336604140002864,-4.648535187772643,-3.973540558164984,-3.2354038104336196,-2.52938773551487,-1.6822798615944423,-0.7472304417010543,0.4258967464094935,1.970754900714026,4.447766941553606,0.044610609604601836
house-ny-2,-21.433369888202918,-19.07551994025778,-17.511350107968966,-16.40488693187079,-15.466294934476144,-14.63518743786477,-13.842045748383638,-13.138864002249404,-12.459926782856169,-11.792103295108994,-11.085598092977598,-10.387733408181676,-9.629499939000498,-8.89455753306776,-8.074055954730234,-7.122044963197153,-5.993778862831675,-4.49097641710378,-2.0223592520299207,0.03876889653876259
house-ny-3,4.3812569507571695,6.653556726118617,8.15098469736069,9.30528834319543,10.206819666963437,11.060842307701035,11.8464542305386,12.577111612588917,13.266115812099518,13.971415122386379,14.633706011480962,15.314354417665268,16.018790314422965,16.753729652155016,17.630665607974862,18.574495970530453,19.677817249781572,21.195393699767862,23.59912458144826,0.10530100246680307
house-ny-4,6.89274276875691,9.28620868660023,10.73374933734163,11.884272485292831,12.76504699146998,13.586002030176086,14.32952917484111,15.061072934038274,15.776669729352061,16.421540945975554,17.09601914220383,17.809547957618737,18.53875519109708,19.284598626187716,20.159615048442312,21.135421627917456,22.309287800604775,23.792214566140615,26.128218040920714,
house-ny-5,44.078411289944256,46.433349839020835,47.91692293089272,49.050805380542876,49.973146696536844,50.781119581698015,51.54856697470796,52.26374248476843,52.95687443192096,53.61557845170021,54.31540674665829,54.987045247605266,55.68466795480197,56.47830098345348,57.26084883216423,58.26183813784402,59.376833871560386,60.796483476205125,63.14367715538386,
house-ny-6,14.801337246183152,17.26152862553291,18.707488110026272,19.904825458960726,20.852786637082637,21.666425703598843,22.41170173230544,23.13883981497449,23.839255141744577,24.534380949229607,25.199790818026766,25.856979713869613,26.583655495596744,27.338399488498766,28.169190816798487,29.17901941984995,30.329179150742103,31.837121025422654,34.2687408231576,
house-ny-7,43.131963750169106,45.909301071083355,47.653694910907575,48.976007280112334,50.080240215127844,51.05069169960414,51.92597730227684,52.7175430220054,53.49935375108492,54.29368350916444,55.021362887758116,55.79594328176812,56.5880590880492,57.45844965457197,58.400644909476085,59.38820821363864,60.69113127013069,62.36666187932644,65.15674269588823,
house-ny-8,45.463744884175824,47.811195398547675,49.344148403469035,50.39451930523556,51.34662287666243,52.12664139309198,52.88070830351617,53.577449209492045,54.282449458244386,54.969301860064625,55.7017365709434,56.38704096798934,57.08155660447263,57.83781912146589,58.69583328060272,59.61882474403424,60.78813245325791,62.32639334099961,64.80937861069054,
house-ny-9,42.87312424109284,45.19094808318979,46.74516456081608,47.789707317758996,48.70675138598687,49.54155206444114,50.29334316677106,50.993728554989254,51.69515764004432,52.37874866253391,53.041679037970646,53.73108542489976,54.44608917651149,55.17476555932368,56.04709470460561,57.00811984431213,58.146996637196956,59.614360254091174,61.98806192916029,
house-ny-10,56.94550300570694,59.835762784780606,61.589778062976805,62.836457828390245,63.86693174535845,64.81309264991003,65.67396719301041,66.48622300233991,67.28461162919882,68.02014376978305,68.79698399223368,69.56469308760178,70.34088608847802,71.21896088473784,72.10242999540252,73.2004636930543,74.45579989967602,76.19423180246868,79.06361349499039,
house-ny-11,-28.42977083944214,-26.10149389356347,-24.568109246274933,-23.430799580583436,-22.461757732260164,-21.629983159866455,-20.878483287331008,-20.184149531710368,-19.455062245334545,-18.774780533693246,-18.09121229598992,-17.40246032490982,-16.657223184697,-15.916908862504402,-15.074274753881348,-14.096809211056284,-12.937329851235734,-11.472644402439327,-9.057949855421246,
house-ny-12,59.94536962513831,62.72296544326015,64.42358561604031,65.73980499536576,66.80205774586744,67.70686342983447,68.5589896962198,69.33993218361618,70.09879994682012,70.83106036410751,71.56015704127786,72.31565450960466,73.1357440271918,73.9851720584449,74.88499154643142,75.97440095649009,77.27121404812051,79.04490567997286,81.85541129204492,
house-ny-13,55.43332295920066,58.296879010112065,60.04271173458086,61.2566723460894,62.28125256211458,63.24704742358338,64.08743699324121,64.86355843308125,65.63318277556012,66.38653553580036,67.12850891984208,67.88431238020937,68.69457767337464,69.56682197883016,70.53435903872082,71.64283102877376,72.90948422039888,74.58097814262835,77.3666827279931,
house-ny-14,33.742178165338295,35.993335403787704,37.52282456353462,38.59782184235702,39.54134644659658,40.3467827721088,41.122808795847554,41.83714895460544,42.51476000523382,43.18816498863529,43.879370111891724,44.56830250435475,45.267064377097505,46.00641800232531,46.863725768972714,47.840227641142306,48.98587979118211,50.47679899470979,52.85336024013075,
house-ny-15,50.598032461424054,52.870782053137866,54.23214729994665,55.34746266757438,56.3018003271185,57.09693391564829,57.838992222819066,58.581795941197385,59.29309176387393,59.979896624580746,60.59744779737841,61.2975112528358,61.975418467577306,62.712287308125404,63.531621916427866,64.48625590705055,65.67791242629596,67.21213289706223,69.71385052729622,
house-ny-16,40.2968260100873,42.637834550804826,44.07135056887822,45.18362653598086,46.120780630628204,46.96137354287604,47.73960386774323,48.46145522413531,49.16038129204573,49.80246436608533,50.48070626604726,51.15845603392942,51.843082420491264,52.612777341545616,53.40081756171373,54.372382663971905,55.49753670135788,57.007131020880074,59.607420677162516,
house-ny-17,-6.04460850780286,-4.223557970076925,-3.032861784920854,-2.1093703614225,-1.344738068182361,-0.6754812031193076,-0.03263577417550817,0.5838143206200376,1.147406780129356,1.7104220734036155,2.275204429085641,2.846769701649389,3.440658100606626,4.055487079998915,4.714944801230084,5.45656860170393,6.387530812231055,7.58503867558519,9.446474925172874,0.0815900909352264
house-ny-18,10.231971160368836,12.371257728061144,13.606006805709105,14.55652186794867,15.382370525953755,16.107249658035904,16.811067080381342,17.42948709504464,18.03384072829188,18.640043632158218,19.244830445168407,19.84832109811671,20.483990355857305,21.15620261228405,21.87322176171051,22.703420490187533,23.683524879000295,24.97402098823521,26.89287579162272,
house-ny-19,6.143559965928682,8.500297911429534,9.873991312880667,11.018569829850831,11.966616521435451,12.816644259327102,13.586284374005634,14.290503834391536,14.963317543452476,15.636349289063634,16.30924537290949,17.013868925164022,17.784033795595967,18.580607124890616,19.46591704767754,20.387147662915577,21.522087842132574,22.953054204255068,25.403273108554227,
house-ny-20,17.182841313725625,19.527418534045694,20.9857040743804,22.18974135232007,23.131951004202286,24.002613886763903,24.781102338572907,25.490181037464783,26.20498453793673,26.886935234678894,27.565893001726046,28.266821700841096,28.992932206568522,29.766215706930762,30.596542019679433,31.591809286176748,32.696191606151835,34.24120390039472,36.622874780343594,
house-ny-21,-19.793270361021836,-17.69620989450546,-16.371407658463674,-15.354935187003463,-14.541883571738289,-13.824089996512772,-13.112689686519303,-12.426124023751004,-11.787473420292896,-11.174101083397757,-10.587579722352793,-9.982119486944276,-9.3231015167854,-8.631301962185256,-7.881394409595857,-7.042631200929779,-6.04856572348,-4.713990699095358,-2.622260981400381,0.046505347404425024
house-ny-22,11.44684998132324,13.896605078210708,15.38115806106552,16.575740037521552,17.49831931866297,18.349297011978674,19.134160242066343,19.848769343126854,20.53461897159031,21.215762253161873,21.907067890512955,22.57734500962564,23.328116290860656,24.075127262703194,24.891402620021474,25.80879233549269,26.954734499298723,28.475107229086216,31.05014102233537,
house-ny-23,-28.441524108576772,-26.0609382234004,-24.538760128750656,-23.43255601373154,-22.49151904323545,-21.652168823859856,-20.877358076626354,-20.1548914349546,-19.460515634328477,-18.78938416056951,-18.102760774410445,-17.412783234742232,-16.695332145467535,-15.925523963331674,-15.082288070248074,-14.116499626220074,-13.019981145581173,-11.591871700219038,-9.098957191061535,
house-ny-24,-29.162861438132836,-26.669106271965834,-25.11456454021161,-23.96735312365253,-23.040371963081178,-22.233474057435895,-21.45312258375466,-20.76104890861759,-20.07210986465125,-19.414407446972394,-18.71550063445931,-18.014039280817467,-17.26992489561315,-16.49847899893536,-15.69025336184993,-14.719804442260259,-13.596330552727892,-12.0179752585069,-9.573794957304454,
house-ny-25,18.67376794102607,21.130683139088987,22.605121263199617,23.697224567568465,24.686947970633597,25.49019002142598,26.309823052468285,27.01778020342889,27.692070216530997,28.415053466167613,29.083252273189263,29.800916224884666,30.57004904418777,31.32723862387054,32.137660385296265,33.06332222307079,34.19844469947214,35.74581683584187,38.10979167827443,
house-ny-26,27.32730709661362,29.67776072681892,31.20184500655536,32.31868561035623,33.259161725167345,34.09360487431034,34.866762886868194,35.575586466415835,36.209743599812036,36.89894797734311,37.62786120915902,38.32868654926735,39.06530834705756,39.764941303807625,40.59356718421239,41.5425624564783,42.692255189939054,44.160887833752746,46.704064463229166,
house-oh-1,-0.4333953437656613,1.5177368296276295,2.7265338405719866,3.660083932797856,4.396119661210351,5.070010975661237,5.705528619369049,6.300253209048149,6.894417410539562,7.498497297050847,8.088036783331365,8.669071515978413,9.255666681324843,9.866101826126297,10.59363714617386,11.40822452062893,12.355336559337808,13.574269919840617,15.509601632959201,0.15855841310114172
house-oh-2,-47.4900253234429,-45.033568833215526,-43.52899522366168,-42.40365630676172,-41.44522646959028,-40.63386193833636,-39.893752009793154,-39.17834528640365,-38.517469997877534,-37.82221647228862,-37.165344439458934,-36.48844267628612,-35.756702730067836,-35.00047269220345,-34.14180142757334,-33.19734582297949,-32.04994432905051,-30.416782065705075,-28.032339038919783,
house-oh-3,38.89848575496206,41.30456745048601,42.75092562367832,43.84974116213166,44.82831110214589,45.66368873448709,46.456867195603195,47.16246297562171,47.84082613125088,48.50962824898554,49.172005788424954,49.89389393024873,50.596966076041355,51.355843454989135,52.13894104312112,53.06733021267006,54.172366941895774,55.68767594158125,58.09148032475611,
house-oh-4,-44.87932851400306,-42.34584872109893,-40.860918310887136,-39.73102719315005,-38.7515315378126,-37.96690791387591,-37.19389011679229,-36.49942895360542,-35.79158632337187,-35.13566416384388,-34.45507707704277,-33.76647878110456,-33.05594245821723,-32.297435192153415,-31.48824269198656,-30.532587010791236,-29.39745433537228,-27.90464400031276,-25.55379312155374,
house-oh-5,-28.36319264473416,-25.997557806618175,-24.467760188882927,-23.281870123894937,-22.25965125701013,-21.405528517528733,-20.586339308739127,-19.864267080427954,-19.154476919496823,-18.473415883507023,-17.805623000858617,-17.128049329330647,-16.406374377293606,-15.623788355235606,-14.820416090131099,-13.87042373658596,-12.776851258899834,-11.277124076134024,-8.741101286744032,
house-oh-6,-39.926138029003624,-37.39927933709419,-35.885031586449436,-34.76499644042419,-33.82567317206978,-32.99033580453177,-32.23701804527006,-31.473985758387197,-30.78392380095009,-30.115221863636062,-29.424246295997364,-28.744508552658335,-28.038610251850717,-27.24210255204384,-26.42943747196218,-25.530642290918188,-24.429939855189385,-22.90928568192456,-20.673973025501127,
house-oh-7,-10.321605173639513,-8.265149941536162,-7.075879560601552,-6.103758800053076,-5.322150760107832,-4.603613125302639,-3.9294345737547407,-3.3480584778379185,-2.7663501947527664,-2.170390774397312,-1.6097252286366455,-1.0303994128601919,-0.41769819532965335,0.25596078156783514,0.9754285246575464,1.7548347183890807,2.7159256834376193,3.9607049857099295,5.908159258641973,0.0574160297895302
house-oh-8,-21.190803315128274,-18.811851311844038,-17.354616678938555,-16.235300315676053,-15.305904466659044,-14.436160165980278,-13.663590181345983,-12.970274455708225,-12.25624404120957,-11.586310628829919,-10.911187718655544,-10.21663531487801,-9.48638201306938,-8.749645871332572,-7.904903214697196,-6.957510542901811,-5.827409179412884,-4.2917545181962815,-1.9065201273734962,0.036835095965530806
house-oh-9,-5.8898777009464105,-3.552862205372219,-2.1604805271437875,-1.0669441049073385,-0.20262034715455968,0.5819402331026923,1.2706168869928685,1.976078868415732,2.6462863465948376,3.2759761127708904,3.926415387311622,4.577502343210535,5.243163177599417,5.936212297328436,6.711485831099643,7.586839593468129,8.65147595867355,10.095422591395907,12.333265216903136,0.08886938047376003
house-oh-10,-17.710741623536165,-15.749256135375992,-14.5049589251336,-13.497070282411153,-12.683145172236792,-12.015967627329648,-11.377373397361474,-10.760693501181365,-10.192862703111409,-9.619325318736257,-9.018526307264885,-8.40749574470341,-7.802632374820843,-7.175088935118622,-6.4505623663322735,-5.686019384953706,-4.826245934838023,-3.5520155811431904,-1.6332842724786538,0.041314995026526025
house-oh-11,54.83248935172931,57.26217907900478,58.71284915664221,59.86294872716513,60.77184644218038,61.57774929485643,62.29794257877914,63.009825786369326,63.67385966487082,64.3166239575694,64.9714045041507,65.68066480854871,66.39926412590063,67.13896819525688,67.92913398265657,68.90939199810707,70.04478733802394,71.49918458055893,73.90458183200613,
house-oh-12,-33.93164393550282,-31.537379903226913,-29.98323768172835,-28.879750665457166,-27.92581637860564,-27.146822285906538,-26.400371935666303,-25.723902768580672,-25.038500415969857,-24.37896552438275,-23.682105350527838,-22.967411382453193,-22.25625235864296,-21.49792058805589,-20.666320653598113,-19.7283008991235,-18.63275506260262,-17.14726092429977,-14.799031302923273,
house-oh-13,5.526305974405913,7.875433579449962,9.417827286021632,10.590682499077655,11.539433542081035,12.390716552672124,13.156219433586042,13.818315330194979,14.504995684217084,15.194907809028619,15.889352621454433,16.564978152218558,17.30759058877863,18.07686533721026,18.957039743759374,19.86242247454062,21.012776012748283,22.622923399128172,25.03648716527341,0.1032894736842106
house-oh-14,-27.26232897336559,-24.83046949410364,-23.323906344358953,-22.185725746493706,-21.198298471483128,-20.390294676000394,-19.66194342690882,-18.91210528860928,-18.211436346119136,-17.521858128146594,-16.85394071683963,-16.164879458135108,-15.430322506520886,-14.693969678238071,-13.824746734128725,-12.856668309053033,-11.785387334409416,-10.283662703689833,-7.8982508568202325,
house-oh-15,-15.6803902025871,-13.683146670746574,-12.409812563611881,-11.38665864998125,-10.545761778362396,-9.74314150783999,-9.062252591547326,-8.449004249519637,-7.846850603672859,-7.196654817496468,-6.6044843575181735,-6.0046543946144855,-5.334900201667101,-4.624818359826621,-3.9246086670272966,-3.0706005782415486,-2.0388458287313025,-0.6992883233916667,1.4154424739484779,0.04645662335995682
house-ok-1,-25.776356362940856,-23.112824620453985,-21.30591517298393,-20.0105602870909,-18.94266991220048,-18.03329158170615,-17.134123434565645,-16.37784678899468,-15.617934990604732,-14.866655422109023,-14.060724542173622,-13.295693740161191,-12.499963548976561,-11.599807830954848,-10.625166979848753,-9.603465319873386,-8.298940838642569,-6.557362793883152,-3.72643915203132,0.03186966450489881
house-ok-2,-58.50909648551273,-55.96338303578767,-54.52151918770443,-53.386098741992214,-52.36981577786101,-51.560393885892836,-50.79561517440854,-50.071634312883035,-49.393253150183064,-48.68058995500827,-48.01740068491815,-47.34234130529497,-46.602426690462366,-45.82685897445179,-45.00415673624384,-44.080853004010045,-43.010700999338255,-41.605158817481374,-39.2002929537633,
house-ok-3,-51.19527360801139,-48.71172246581194,-47.166605710530604,-45.99031495058824,-45.04197221985359,-44.18356600987596,-43.359774891865975,-42.64881008148615,-41.95303094513975,-41.275145801476214,-40.60170363933448,-39.89180771202422,-39.17485954027236,-38.44424235297142,-37.633167359666004,-36.69965767285815,-35.65507514765251,-34.17410865194029,-31.88066958942586,
house-ok-4,-38.22427940217468,-35.97117661265826,-34.46211999023689,-33.31877579232002,-32.37674723073854,-31.549173219589143,-30.81230530520329,-30.07178919236818,-29.385815351588903,-28.688623870321706,-28.013456632249873,-27.337859966262315,-26.618014070520168,-25.862392898482767,-25.02332557313308,-24.139992663153137,-23.03926924659396,-21.593721986849257,-19.205441462183394,
house-ok-5,-19.558905266188,-17.609251756404824,-16.315382097770595,-15.366765684542928,-14.52111411185394,-13.82971295256553,-13.109237079123284,-12.46089584068878,-11.824468983625229,-11.211552066951189,-10.620415513213889,-10.022767672166436,-9.372300744194016,-8.714073256057196,-7.988205009932862,-7.17278046765388,-6.22034879614784,-4.948262401189353,-2.8831467880263126,0.04568493768238979
house-or-1,38.43646352291011,40.77916257608769,42.214917996434565,43.31550440541397,44.301087021906405,45.16187945851188,45.92077446140558,46.6278782151089,47.29830382110625,47.99474199841815,48.66225699166255,49.34654676762105,50.063417694385905,50.83048448006461,51.65383665454155,52.573122679372084,53.665747850696214,55.13882454777287,57.47046564450941,
house-or-2,-31.65689998048692,-29.302342660637034,-27.79750851659087,-26.665350330020228,-25.654243444497165,-24.845243075269227,-24.066894384186163,-23.3734888780789,-22.67624354864794,-22.01165940721709,-21.336084509982108,-20.673575212577546,-19.984718904438303,-19.21336909055909,-18.376934374198505,-17.419737798024148,-16.312396274120776,-14.799877546522492,-12.332510036869545,
house-or-3,47.63918520066868,50.01620189920596,51.51651707599905,52.69546185493135,53.584335041700186,54.410751313845864,55.15210659226402,55.82414415813931,56.50259816561015,57.212251669942184,57.843813515199976,58.50101011709677,59.234288612299515,59.9973829623914,60.81493652238126,61.729391349190735,62.87389369602285,64.34885729375979,66.74328866026858,
house-or-4,8.990957634265902,11.49644645358059,12.98453279391452,14.093548298997542,14.997491485815779,15.871079701326657,16.609249181604785,17.31760350079371,18.01813582960686,18.6814883773977,19.373432019694135,20.024641898345468,20.742741679210102,21.550763451356577,22.37213222102164,23.31201000577087,24.452250592798066,25.926324317727776,28.46360538100119,
house-or-5,8.601592372579129,11.180916338017063,12.625324946880397,13.759417327789405,14.757087521924484,15.571623242370872,16.30806265360894,17.008454837707994,17.72334657309688,18.375356167996575,19.06810641272224,19.76953129102543,20.540739845837507,21.28454678836356,22.13942287882517,23.109772581263034,24.184509280206516,25.67655710434378,28.236809190128277,
house-or-6,8.687773329156007,11.040080747925368,12.482512655454723,13.631676184117744,14.527023200115618,15.329388860866288,16.12713515443852,16.83104655973383,17.54609082369073,18.21896472673727,18.920565913590757,19.57322374795742,20.253562332310516,20.996883117416797,21.887014377193438,22.881393497764975,24.043794189165173,25.540026575796617,27.893543490697535,
house-pa-1,-11.256121200756876,-9.298352300611157,-8.071817987790332,-7.11502115242935,-6.357269039246665,-5.657561023375192,-5.002495685589085,-4.35001237286588,-3.7549778483753813,-3.1545929571076234,-2.5988615254149106,-2.011917472743532,-1.391047713658401,-0.7402415711282644,-0.025317886162669834,0.7724661262998154,1.7821667345691117,3.046607273905341,4.914564807090506,0.05251452467131634
house-pa-2,37.600056960280334,39.94081263143935,41.54543750919478,42.70978259341986,43.65147816296199,44.50505946719579,45.207036993326305,45.90042405202772,46.61887410471514,47.2543332616156,47.96992634067603,48.64067212061488,49.35461109929322,50.07901218225823,50.93917535002752,51.86513872409162,53.0369372276983,54.53952690866255,56.88732874244734,
house-pa-4,15.627131776431193,17.99008278778123,19.461800908180898,20.632267663767795,21.673083690695766,22.545631503367265,23.291441702131852,24.039127906975782,24.723562202359094,25.420034964798745,26.094629589896268,26.803876291468775,27.50681616470537,28.27636316242979,29.067312617668833,30.048550749180997,31.182720609932947,32.72052304219143,35.07803997014565,
house-pa-5,27.9859820789225,30.30860639555974,31.816881561802013,32.968773295283874,33.88794522505849,34.74871613725596,35.49455148812892,36.23420565756533,36.93584059644842,37.58965326957579,38.24654527867094,38.96775140831279,39.70131850204087,40.50350911116903,41.3225446026026,42.215676957524394,43.37951062665975,44.85709345716784,47.26802737375474,
house-pa-6,11.16781720153154,13.508155557463851,14.964073714652255,16.10474965777306,17.039304191746375,17.911038490073636,18.66058746064533,19.39117515998609,20.053706546991016,20.70657215178818,21.378263531974426,22.069554966413776,22.831730279752602,23.565551546147155,24.43716814916577,25.40545434020459,26.563136353115897,28.0911677639726,30.579266022838745,
house-pa-7,-3.9018241182215987,-1.894380020783241,-0.6380259898658541,0.3544338567000734,1.13917934739603,1.904070137017716,2.5535676462950097,3.1684095113734636,3.794911266521767,4.422894824000066,5.043232629289483,5.6260689252712535,6.27139313042379,6.91490312642273,7.647514081561619,8.454279420963793,9.462462666602466,10.726073312255368,12.71662617140289,0.1130279390800214
house-pa-8,-8.791288335410938,-6.8442693518427395,-5.604434123917402,-4.663042316950934,-3.84623172006419,-3.1413742551896693,-2.503872268518682,-1.8912750986362588,-1.2937044483694067,-0.7078044067080136,-0.12972829643920186,0.5091819269847597,1.1095019999099316,1.7742788640496698,2.539435002868414,3.3263298349694885,4.331930412701457,5.52488968888886,7.484998291054744,0.06030106427308568
house-pa-9,-41.654407839613114,-39.130240713098345,-37.581135614554185,-36.41659894255273,-35.4649352191255,-34.637947283524795,-33.91297005781254,-33.17011724478042,-32.47105768870593,-31.76321415514718,-31.059505400574356,-30.371166588549826,-29.689072503122247,-28.908452240959924,-28.046914491824133,-27.10938168897727,-26.06007731761671,-24.55485065218027,-22.181710667548302,
house-pa-10,-2.356121892606923,-0.374254021921572,0.8764331128761655,1.857874089466998,2.6579047443874058,3.4023196326832568,4.096884060287781,4.684818556219108,5.251761985075431,5.8427946268310835,6.438790624537676,7.087252758598347,7.704548866081828,8.416875702468106,9.09107529827296,9.8933027657729,10.800965677801212,12.054707678980886,14.016135387289186,0.12424132665828302
house-pa-11,-25.75650339738037,-23.39451785348881,-21.95682999073794,-20.85802949580272,-19.858661243853533,-19.046878032842958,-18.263492980601672,-17.56349606265762,-16.85747447086909,-16.171437473658266,-15.475839694020355,-14.769876345520949,-14.020968854769134,-13.21351543507379,-12.428569842583322,-11.481519400152854,-10.341264998937657,-8.871009427166983,-6.564417396555039,
house-pa-12,14.490145743698172,16.888155714419266,18.35037198518716,19.436229566954033,20.42981522532191,21.257886645300005,22.019119644499366,22.758678196181865,23.46801556574471,24.11401628692787,24.765349377201524,25.415354553065868,26.12841461983268,26.840703549696965,27.667287000349063,28.65346288497231,29.783536025115396,31.285590308922682,33.66522578171761,
house-pa-13,-49.17655546920692,-46.83457660833661,-45.35603918844407,-44.194833515861205,-43.168718719129146,-42.3852348971625,-41.610928198916376,-40.91442555887593,-40.25628953953796,-39.59322175892963,-38.91250259691039,-38.250755046823365,-37.55437540898496,-36.763943434989706,-35.946372793762066,-35.01251969962814,-33.882803038266346,-32.36595798633565,-30.069010070516903,
house-pa-14,-34.88281590337753,-32.480162194979805,-31.050539315844077,-29.945207162352773,-29.00460405638874,-28.170193601140934,-27.381300298490892,-26.638264085729357,-25.965965779749023,-25.27193278803491,-24.59769281574705,-23.90743727206538,-23.211246098791342,-22.394607776184962,-21.554120880832855,-20.61131871391565,-19.452833342410628,-17.913263645421882,-15.47712586368892,
house-pa-15,-42.189628408864785,-39.97726739725895,-38.48423300918062,-37.39821472006832,-36.439126302171736,-35.58357482218313,-34.81676751704741,-34.111830763325166,-33.35930916894774,-32.723250916418195,-32.06232092584698,-31.346993543010132,-30.609705801253515,-29.87722601149002,-29.053280761028986,-28.084869006607885,-26.92661701519915,-25.505395219891856,-22.997862708804828,
house-pa-16,-27.48760289818329,-24.952732601990572,-23.515274648522695,-22.398488302401052,-21.40944198483322,-20.577629083008375,-19.751187104595225,-19.02583465991761,-18.309072951249153,-17.62002796609882,-16.941273309463185,-16.23390766412015,-15.493570447571702,-14.714449990690424,-13.881576913197238,-12.908106184633846,-11.796419118885753,-10.334924222223497,-7.823230813101773,
house-pa-17,6.893170404491296,9.403142076998229,10.952983344682515,12.080483203657892,13.059775985242299,13.895215815786306,14.6685744341141,15.363380983348126,16.069456687249144,16.744252635845953,17.429943396378217,18.137531277964058,18.882179005125714,19.64367164196606,20.509892951823538,21.50469455894915,22.62911834770576,24.099726605912025,26.409222491994377,
house-ri-1,29.837383925073397,32.41381386953606,33.902080475527754,35.04606390077525,35.94335042863942,36.79308687507246,37.55178724090481,38.28929422233254,39.03409286192791,39.7107121259324,40.36670250044261,41.05719463340266,41.765249273260935,42.525043994011995,43.36944240262642,44.283907774387046,45.45538704039178,46.97277286848709,49.27301132223261,
house-ri-2,11.508401721113884,13.946419040083388,15.431322588987081,16.594557813969228,17.512295652914673,18.280866686717715,19.089611658980733,19.792313332748158,20.488382581581448,21.165918050962492,21.845298476383,22.497835603352453,23.208921458935976,24.00128219618191,24.818903892652266,25.771075820767642,26.875356953195976,28.347768274064325,30.88354140361222,
house-sc-1,-12.868132247701377,-10.553303667215905,-9.123684683880487,-8.048598249212166,-7.085054258631711,-6.304007521977753,-5.5986905555450965,-4.912794847695451,-4.251865982685364,-3.56916609060626,-2.8800103757098303,-2.1745704121417795,-1.4559538439760646,-0.6838936919927805,0.1616914597700766,1.073159676170102,2.168367886547141,3.6478924966187023,6.037881242645262,0.05214520203831696
house-sc-2,-21.867473406192083,-19.37810556478457,-17.80387248498402,-16.634082480451738,-15.686637691855736,-14.839978740993114,-14.089951561366854,-13.379249004882793,-12.655663373945234,-11.9431078672086,-11.257868906507742,-10.544539621067127,-9.844399887408589,-9.043409306731123,-8.177335344460177,-7.2167235898066435,-6.056061732499731,-4.593930440954966,-2.048275016843441,0.038286659540231804
house-sc-3,-51.439381799938445,-49.078034900614284,-47.557841798426765,-46.36896077071873,-45.40778490091725,-44.591586764145255,-43.827948568646725,-43.080995112903345,-42.379882997341724,-41.662069035757995,-40.95057474103376,-40.2632050060366,-39.552296626308575,-38.80754751942817,-38.02746065427479,-37.13609975577042,-36.04824266062308,-34.56596307119313,-32.032782302275585,
house-sc-4,-26.09318821735052,-23.595090896413073,-22.062425229799178,-20.858830366506236,-19.888422539070156,-19.04238253413482,-18.244623995885945,-17.552899963494056,-16.891305124116922,-16.204275679012348,-15.527437641209,-14.872720190962111,-14.159927842721922,-13.372102413490431,-12.515104881434347,-11.559292346263266,-10.441860571627842,-8.875514395795912,-6.489948841854292,
house-sc-5,-26.471178109858702,-23.60760163887268,-21.95313291266472,-20.632878015241864,-19.57092672639633,-18.61112485812517,-17.806019899830638,-17.025009455041463,-16.22500230697838,-15.465701322786668,-14.675696103806409,-13.931642486092253,-13.142145971043504,-12.26836121742802,-11.339968527896708,-10.232600733829122,-8.891287500226213,-7.143470875132587,-4.405315761398977,0.03443520942144884
house-sc-6,21.71082930792892,24.1601231207516,25.59289668350428,26.76651762099788,27.71736700047301,28.55659371091036,29.30622060847475,30.034000567431914,30.727153936098233,31.418235494909464,32.100740787951366,32.76155702743107,33.43729957682675,34.17605131553256,35.02366978211527,35.94105480180074,37.0753173229516,38.64952655370077,41.07171890476041,
house-sc-7,-26.382006415811336,-24.23546726068954,-22.95440769542277,-21.9642320176969,-21.13028415130946,-20.356925108608316,-19.629966370614518,-18.99802099237748,-18.38848652280284,-17.734463923494722,-17.128029756205727,-16.514088517867688,-15.822376103091932,-15.098264100416076,-14.33667883544721,-13.441308251396674,-12.428230527187864,-11.13244767886035,-8.988998417511784,
house-sd-al,-33.05441330886599,-30.12738278606159,-28.445676786333117,-27.17490401452005,-26.094870400041795,-25.10983028991863,-24.268673508489258,-23.435500045608006,-22.63296897162894,-21.847749511089216,-21.043751544397974,-20.263556409785743,-19.4510243286207,-18.563683019071007,-17.620309631418884,-16.613163713175897,-15.29825166786274,-13.52024813419494,-10.506244678344933,
house-tn-1,-62.2143055434407,-59.62066897849625,-58.18264939299661,-57.092066180745675,-56.1612173058211,-55.3170912728218,-54.52890956520555,-53.79221113861882,-53.11562358051399,-52.42712788940523,-51.77992412031184,-51.09143530534126,-50.40001520310895,-49.62471866100968,-48.76902751273594,-47.851472273506126,-46.72271830481917,-45.20950445735037,-42.754522645785364,
house-tn-2,-38.198355735276586,-35.75828603489768,-34.222504351783265,-33.00952528127798,-32.05011461707571,-31.25681163942182,-30.50769465773536,-29.75592666886563,-29.077785858955316,-28.397423871716782,-27.685866657338227,-26.969458609996078,-26.276562970943957,-25.502337718001243,-24.684397449547745,-23.693511740502913,-22.61423020102664,-21.142330763695117,-18.719575423871667,
house-tn-3,-39.522704879385,-37.07319725787926,-35.562572213290295,-34.42999124869833,-33.52650858089386,-32.6699473054072,-31.90869218569198,-31.14326243037955,-30.419745268972928,-29.733051518296527,-29.053565631677056,-28.383073237391155,-27.620740338197063,-26.877022178821026,-26.05689422193025,-25.06572364003502,-23.933052689578812,-22.45756603905501,-19.833515441250576,
house-tn-4,-26.663377896212044,-24.203167915648326,-22.667111342278126,-21.48568145415803,-20.555079575832906,-19.676951992819784,-18.946186235114435,-18.213018584868983,-17.52985734099055,-16.794826245093006,-16.12029432811886,-15.431265338623069,-14.715647103630289,-13.918555058358224,-13.06980253632153,-12.078292221965789,-10.989329183444479,-9.418571463232741,-7.101312009030564,
house-tn-5,-23.409881204900028,-21.064901992689624,-19.72455592739619,-18.607031274483532,-17.69167391962986,-16.87312613469043,-16.145520210191894,-15.46989546218354,-14.813978708207912,-14.21266004466328,-13.553343520509157,-12.882569113891362,-12.19248424842062,-11.445895759351336,-10.655394060864744,-9.742787106199602,-8.70112268107212,-7.270016993676762,-4.914090220273995,0.01888699668147331
house-tn-6,-30.46416115726408,-27.43940818287231,-25.742942653363738,-24.397484697810253,-23.38946302411086,-22.428325199876337,-21.54088398975635,-20.701325302837432,-19.883877692026832,-19.135851532655217,-18.377469856716807,-17.597186805077932,-16.80542330751152,-15.934233407089659,-14.95649433558832,-13.860351626674754,-12.559045858856303,-10.910160175083837,-7.9402113558520115,
house-tn-7,-27.038682523228463,-24.48370638090981,-22.90766568113428,-21.792420602589466,-20.822143369674137,-19.93447146098498,-19.149836902373128,-18.431125611210245,-17.725988307121092,-17.043646622545687,-16.368294343086202,-15.61005495524387,-14.874695873149127,-14.106027025088007,-13.291828499151073,-12.339015668880988,-11.18040948109467,-9.677608716205375,-7.377201708876416,
house-tn-8,-25.897798842497533,-23.367239424779587,-21.866653661607923,-20.733402495729326,-19.776696422045212,-18.93378690908276,-18.202411097131986,-17.486268625148057,-16.771978871749646,-16.061173919892376,-15.367612733716678,-14.649436605298652,-13.913027943308496,-13.139724521191315,-12.307580995291282,-11.321431075220364,-10.19937368496714,-8.782716687519248,-6.35883808215311,
house-tn-9,-20.679808170006584,-18.45865629153175,-17.12829596754346,-16.11210406587383,-15.251805195567245,-14.44254159564149,-13.739913915478258,-13.058275014409004,-12.411985339245712,-11.786376536020239,-11.130334137489163,-10.474802999070885,-9.801026669486498,-9.082445457963969,-8.268828741779203,-7.356378925738479,-6.269407400960118,-4.917405458291391,-2.640202040663415,0.037323879162445506
house-tx-1,-54.68959315147751,-52.23024419586201,-50.76366056118782,-49.63318738991009,-48.66521539126869,-47.87115085031965,-47.110848739462384,-46.34628547284096,-45.63489967670919,-44.95803324265321,-44.26934963339026,-43.60427059519739,-42.87139935911962,-42.09221811287497,-41.26644428093762,-40.287918592429804,-39.13663201593655,-37.547554492047354,-35.159240430292805,
house-tx-2,-25.169438329359057,-22.398465325552323,-20.650744781661917,-19.34050882430792,-18.213832573869226,-17.291236980936368,-16.391511466022262,-15.600161107596207,-14.82300984328999,-14.040268608262725,-13.211205582398577,-12.396580668053545,-11.570188398852393,-10.706442876697315,-9.783401518156788,-8.685552208340855,-7.379014390980891,-5.659307570303691,-2.687305512667766,0.03362521775158145
house-tx-3,-27.74936541223225,-25.285281301179328,-23.803308320906915,-22.712591711307322,-21.762078934556214,-20.911168430497188,-20.14482420102199,-19.425248667156584,-18.733981377789256,-18.018090573402247,-17.364286086546386,-16.6299034831222,-15.882793039076258,-15.132336322511124,-14.304154440599774,-13.316260261473083,-12.168200802344026,-10.603380040201177,-8.168469119108426,
house-tx-4,-29.121114275919314,-26.65958727647398,-25.26607735092616,-24.069178594226955,-23.145943317592902,-22.326614072124958,-21.514063143522886,-20.79468009081141,-20.079060287783363,-19.394414391708455,-18.73523489427495,-18.042272272291946,-17.294600370910953,-16.582118181986715,-15.71066070741543,-14.764815023648145,-13.620296604581702,-12.086641259816348,-9.76610944853037,
house-tx-5,-25.033343004856285,-22.54557476018055,-21.027170964017813,-19.86982918415503,-18.876489495204556,-18.04332827002487,-17.261414458205493,-16.543411549234758,-15.844680355038184,-15.141108040380438,-14.438674868448166,-13.739048123632932,-13.004976019849677,-12.196383310911951,-11.374743776490412,-10.486060230249022,-9.289114514164721,-7.863073174897482,-5.277439712884642,0.03958875973577647
house-tx-6,-26.48549564322142,-23.97801333579293,-22.43298073305089,-21.326927226078272,-20.343365585087586,-19.48132463802527,-18.70148587757221,-17.98398649271114,-17.28391860222502,-16.633956718836117,-15.946869467729803,-15.238452175542388,-14.512544923467042,-13.781722647665388,-12.91136235139935,-12.000041149119301,-10.886423822549396,-9.389856460851641,-6.8441310388779275,
house-tx-7,22.701099479290825,25.10863077961161,26.656381020657342,27.816152897738583,28.80344498590444,29.641813886654525,30.402188246190903,31.114739075563826,31.817712026186893,32.480931375156324,33.14814801884856,33.859025848157046,34.57738332407892,35.35199123554982,36.1739308637076,37.132928935808714,38.268902672170675,39.787788069965536,42.3303099163746,
house-tx-8,-31.441217889787616,-28.44502422696998,-26.710897996989054,-25.44586709759922,-24.373188822174622,-23.45887185542169,-22.588285578820408,-21.755595979076936,-20.929328281708877,-20.166797920893682,-19.39773383144739,-18.610918740567964,-17.797341364400303,-16.963433176890174,-16.023071077105143,-14.964690949882744,-13.640763963808475,-11.89060447622165,-9.02649444153208,
house-tx-9,-24.610264049451388,-21.836837083600887,-20.130415708018006,-18.79415547416018,-17.69818100097508,-16.770576221756325,-15.933378010276334,-15.109847679653685,-14.350931531140086,-13.61036516381666,-12.868379619649534,-12.068298211882736,-11.260176344863359,-10.416713891527463,-9.54168048372518,-8.400818142346777,-7.100678841412481,-5.311529652954256,-2.452433887134739,0.041936605929351445
house-tx-10,-26.42652744513898,-23.768223096173926,-22.01184569433636,-20.693295849623656,-19.622407882878687,-18.662675692037737,-17.81099196284103,-16.96212193742311,-16.163441517918553,-15.40942409379764,-14.659267549484467,-13.869167911922004,-13.06386260500645,-12.169177503908157,-11.20000270613005,-10.112013249566463,-8.759459415618519,-6.9695671036168205,-4.124114541397574,0.03838539837801813
house-tx-11,-38.95083775934933,-36.537697880595516,-35.06752303124799,-33.956669309363654,-32.96028656025299,-32.10449200423843,-31.340814729318357,-30.590769650749145,-29.876754695117818,-29.196352188460445,-28.503925441788763,-27.833887537502598,-27.122774074563143,-26.339213915662352,-25.567948390715042,-24.597819430704657,-23.47383650438811,-22.030622010678936,-19.68613701759029,
house-tx-12,-31.26642364897219,-28.854323692182682,-27.354938158144265,-26.21491534193495,-25.229766304129907,-24.42016744571071,-23.63125067737675,-22.9430467499762,-22.242786683521885,-21.522495038217777,-20.821291797221622,-20.1172006809766,-19.41543630683404,-18.662080487074714,-17.79904131407759,-16.855066144324717,-15.72814758921664,-14.225914227522242,-11.846946193381187,
house-tx-13,-51.19468209167499,-48.809245424517904,-47.30982334214757,-46.173400900306,-45.25834090409084,-44.41748508938614,-43.64472579099754,-42.94029610305308,-42.26003355878612,-41.55250169567295,-40.83770644822887,-40.16472221685039,-39.458967942671045,-38.64846381356037,-37.78410394261402,-36.86379158732436,-35.76737672418965,-34.32655049975886,-31.963710288031137,
house-tx-14,-27.880989441867253,-25.482973080777793,-24.00852812615022,-22.88645559314347,-21.901858701318023,-21.051834580488727,-20.27377626175495,-19.574416877881223,-18.885930453427854,-18.19906541526658,-17.49452857899195,-16.764465683657157,-16.028399234475227,-15.231473911935108,-14.346840297470465,-13.380867622789548,-12.235108763860458,-10.71411274402551,-8.345135063396295,
house-tx-15,-10.410387774289084,-8.564943520827056,-7.390243291703321,-6.50069304910442,-5.711053435751951,-5.035484692316859,-4.341474010243159,-3.702149265000728,-3.098031373451597,-2.545576829872704,-1.9835598650948545,-1.402585643190781,-0.8081349549816357,-0.18134716295408565,0.4945613283005028,1.264130490476373,2.160356956473256,3.334403960274665,5.125027380440567,0.05921665802916953
house-tx-16,16.50295848364926,18.868322316168744,20.463635243393306,21.637076446951568,22.600647299965495,23.433127811941088,24.186587709732883,24.928009419436542,25.65653043932095,26.322567418717803,27.01633877223669,27.718969350000755,28.400903601867903,29.158979930754217,29.997226955214543,30.930359476354553,32.04166258625931,33.4716418907326,35.88284631564667,
house-tx-17,-26.18302901227642,-23.786663878877057,-22.263519002788748,-21.117347313388763,-20.14830682570082,-19.29698382467667,-18.516465579827102,-17.777200348955205,-17.088589605894054,-16.363075643786246,-15.676379602290593,-14.996242294776875,-14.249109167498306,-13.477896337719768,-12.644945737843397,-11.737270977233328,-10.56791524887862,-9.02623877560563,-6.545884635375205,
house-tx-18,55.0600468195761,57.3977052735329,58.79582191258271,59.921831149578246,60.93757286642672,61.72828440326052,62.510766721774566,63.2207617229675,63.929812306452035,64.6115239954949,65.25981990494057,65.93633206608192,66.66242931647236,67.4533707372346,68.2628252114842,69.24427397127208,70.43579766049325,71.89209838521198,74.29392204354038,
house-tx-19,-56.05136254046801,-53.268753269403,-51.550675585071325,-50.28952919613717,-49.191421683083064,-48.23140144043844,-47.33962117711096,-46.53411968844268,-45.773294199343916,-45.056556330356344,-44.29185689761882,-43.527312198192995,-42.67707292116932,-41.75869689442211,-40.80270000807104,-39.77948542982357,-38.41851254689065,-36.758831839070595,-33.805525310406594,
house-tx-20,29.28965127813907,31.697344122053533,33.224443214144685,34.39344237250808,35.30914969179591,36.147327590462,36.9260493497837,37.663930034408516,38.35899287910751,39.079162199060434,39.75491697886446,40.48430020168199,41.18143453461425,41.9449805459203,42.77004267504781,43.70510222497716,44.86787363359341,46.31405678576605,48.740084313929,
house-tx-21,-26.519600797936384,-23.54407176677755,-21.762721958321777,-20.471289674872057,-19.403087124296547,-18.448991089579398,-17.597388965905342,-16.811521633625286,-16.04930644042143,-15.320682350124464,-14.540060083249996,-13.759494082094278,-12.964356548025412,-12.055754293908057,-11.101490318623025,-9.945863069482767,-8.632973167056718,-6.85843340647651,-3.963496362147764,0.03464428837465372
house-tx-22,-27.12323517613555,-24.22848363055099,-22.462016491338552,-21.11979096606022,-20.03974771147905,-19.096066916488287,-18.18324707725129,-17.349124648565837,-16.56349279980513,-15.78397111415903,-15.028694681861749,-14.225917362064415,-13.40333566118453,-12.515893752873913,-11.539630953009958,-10.474104542201914,-9.153110531564453,-7.491471647331783,-4.608609520907231,0.03997097768269686
house-tx-23,-18.299964870012772,-15.554148863905292,-13.889154060822277,-12.620612811671396,-11.582317849854665,-10.608452185070103,-9.718598829650864,-8.93514505755347,-8.178486233197665,-7.405054124085467,-6.619922938201811,-5.840542002957004,-5.03903378231984,-4.110526676001311,-3.211551170032945,-2.14552756162365,-0.8018815357780125,0.877042628311528,3.607106035850116,0.04490202073097693
house-tx-24,-22.18214436519575,-19.76513082107702,-18.33703281856944,-17.13096314939856,-16.16236995933796,-15.285384884409616,-14.539581576212996,-13.800742238402828,-13.085413398812216,-12.387708273426245,-11.730417885051576,-11.045739275950343,-10.322746632096036,-9.492046242010863,-8.622325362545178,-7.677814872817489,-6.432652582599179,-4.992351788119927,-2.5463985558906677,0.04284794897129296
house-tx-25,-28.371380578709797,-25.80954830269807,-24.326881571128723,-23.17596987963813,-22.19536596006569,-21.341439332968008,-20.52947921007048,-19.82389816417055,-19.139994129555074,-18.43149103641419,-17.764531250368254,-17.07733314030579,-16.359229522623554,-15.599407086867178,-14.753256065967214,-13.815293725748745,-12.668390056330715,-11.053343017396974,-8.720200254673683,
house-tx-26,-31.29311967926949,-28.83674326869606,-27.300140352387615,-26.264727166147644,-25.28703204452401,-24.463066382211462,-23.646900574241403,-22.937383067980623,-22.230509317961676,-21.511500157587747,-20.811733478323944,-20.11043916972848,-19.3673527806582,-18.576109423372728,-17.68521181863298,-16.77143219389589,-15.621435513336888,-14.152881187541945,-11.78522442995642,
house-tx-27,-25.222033926423045,-22.746924488168712,-21.301030459004267,-20.169823007144196,-19.205033620413317,-18.342141837651337,-17.556798006092627,-16.806010089590668,-16.116814103160184,-15.421280440563471,-14.766574290274777,-14.06024369064797,-13.300713247302463,-12.549721873942508,-11.731348638465963,-10.812555774184784,-9.629355241184484,-8.172308832537839,-5.75924234035363,
house-tx-28,1.0231080356950746,3.042954860625705,4.333227001847125,5.276649574925408,6.143020980675354,6.850718989450803,7.589320708313132,8.223802131725297,8.828016095542422,9.445058970014255,10.067229300136075,10.698152275853193,11.324400515554444,11.998082707007764,12.743186258761366,13.596042676882977,14.642119798097765,15.868944846272752,17.977548667928332,0.189005471370995
house-tx-29,33.78900266002354,36.256309260405516,37.73135612738654,38.906550482368544,39.83542232358892,40.690777314067596,41.48866278873061,42.183401319504185,42.86521910329666,43.56706149836785,44.22469252374978,44.93569045502587,45.6547984043118,46.42090430509035,47.23549434046591,48.19338118216911,49.308270998278076,50.82917147239943,53.38091906623459,
house-tx-30,43.764834305125966,46.552668528562876,48.313147880852846,49.637894647407535,50.70766452899994,51.63857154462789,52.50589990332508,53.31038722481001,54.06468806940161,54.796921636089564,55.55361134870123,56.32875294179625,57.12112865362525,58.04930598797103,58.99163033156235,60.0542646020313,61.37249710039935,63.06302329065473,65.81046461606145,
house-tx-31,-27.286389744060205,-24.710159270703397,-23.2007584090743,-22.03705051541596,-21.069236810899618,-20.23239589387626,-19.444750597167282,-18.691281495984565,-17.980392682123256,-17.29062027590394,-16.62153050375782,-15.932767481206444,-15.206070840024557,-14.485012882069503,-13.632855133657479,-12.668524660713054,-11.510324761768937,-9.914860114213107,-7.470023945086151,
house-tx-32,-22.566033483085363,-19.736797540386547,-18.047112871246235,-16.774273171795507,-15.638664739581674,-14.72502130046519,-13.853685438473805,-13.022321719734173,-12.212876990981655,-11.411057916732632,-10.675447271971255,-9.907488293818236,-9.083347737531277,-8.193008395973774,-7.2572159824895,-6.161704371924084,-4.81506737165935,-3.0687374607037903,-0.30281667234966175,0.031139613453071813
house-tx-33,30.003331393442963,32.77554463486351,34.52083198222934,35.815676723311405,36.85053525733203,37.82218463179175,38.667147743033276,39.46504876642659,40.23951490626819,41.04196963714945,41.815130958332084,42.64868038226661,43.41939760971824,44.278083920855366,45.22545095731578,46.28545677871166,47.64461166881076,49.30298994677078,52.048905182290454,
house-tx-34,-3.887415385921233,-1.8981857968219407,-0.6653804490686924,0.32870580079526335,1.1137140616587329,1.8420243830945162,2.5128871040675,3.1617284819205906,3.7504947063262013,4.349317298566996,4.94897317258915,5.5645357339708745,6.19377806923835,6.867277114873672,7.5687863772546695,8.36845033730476,9.354432507671632,10.570474876269342,12.528977543458439,0.12496298156335428
house-tx-35,-12.465558532099667,-10.169015544023265,-8.783773887148772,-7.705476108768566,-6.797236374724497,-5.981511071121405,-5.256773337923169,-4.5652095520125,-3.912416866207294,-3.2525853887034444,-2.6261315854736966,-1.9682177549479238,-1.2979084357532433,-0.6064947616069715,0.19599479691688546,1.0805804326225341,2.159001831464905,3.55679706034682,5.886503274922208,0.053899677927093825
house-tx-36,-27.98414416859956,-25.55427711063791,-24.07140046368876,-22.941940982431035,-21.978572389202604,-21.130637861886886,-20.374080086808487,-19.6606667137437,-18.932335911979283,-18.246822552895196,-17.57910201511669,-16.88788658441463,-16.145817432838726,-15.343615471649514,-14.536745043083608,-13.582498971710994,-12.401711156467986,-10.97302131776317,-8.623114552623067,
house-tx-37,54.662003676711436,56.88097586690966,58.30207648167028,59.39335060557827,60.34190838268613,61.158538482241624,61.9017096862787,62.613386519893346,63.31406144657436,63.99298997992317,64.67415101774213,65.3656467661606,66.05561092662357,66.83869557595249,67.66512435912122,68.6010869413269,69.73471329418207,71.1532372194028,73.5643022541964,
house-tx-38,-25.950747782370062,-22.985683514307727,-21.218499834398386,-19.862808673058886,-18.780794635170892,-17.808947137316974,-16.96031148550124,-16.168905643032602,-15.398052592440724,-14.62273996726924,-13.854784101454973,-13.102831946385589,-12.29145508381075,-11.412175372872069,-10.40652361867757,-9.36305826300114,-8.132119734729166,-6.449545645238714,-3.746009114185699,0.0338200410157542
house-ut-1,21.55475723656945,24.0920717017561,25.89010987596829,27.13018416491664,28.17696645438931,29.121631100351948,30.003572862029355,30.803879620919545,31.57285451471008,32.37869700619778,33.1155361287475,33.87538856358019,34.685312022396495,35.51562672323997,36.45699381061911,37.568283515544536,38.83233159481832,40.62744286616209,43.401098956342665,
house-ut-2,-33.42741172432215,-31.10925927717538,-29.779561925841072,-28.701236147233782,-27.82997667623139,-27.03166007079318,-26.30011834932766,-25.636427957807815,-24.98527682691971,-24.33842909865691,-23.697274598715232,-23.05566455376354,-22.346390251923985,-21.657358665965468,-20.85181106954032,-19.939690731636972,-18.90761225736044,-17.54536420498995,-15.333028677857572,
house-ut-3,-50.56552026072642,-48.08835130228533,-46.52105258401012,-45.414064308249316,-44.4696617382346,-43.6389646320736,-42.85113342085271,-42.14626118931913,-41.460223682416,-40.79082792682196,-40.12462926987876,-39.43467390005123,-38.724351346119946,-37.958792772961374,-37.13035780737153,-36.20182462459696,-35.06295574636621,-33.51915144761578,-31.15444457513525,
house-ut-4,-45.439105693853335,-43.00932067292002,-41.54053183069405,-40.43556727289654,-39.519604321787725,-38.66266193571134,-37.87754199417767,-37.15341281617451,-36.479562604844446,-35.78457170563502,-35.100409139697014,-34.410865565429155,-33.69978646125017,-32.96346768949642,-32.14103439588553,-31.186436130430845,-30.054603230807235,-28.468776748164174,-26.077258528553628,
house-va-1,-10.944629065149284,-8.924709036550007,-7.61281858107695,-6.660180846334984,-5.857143581787096,-5.141853413322679,-4.490953814654769,-3.8953567232157535,-3.2617643443287934,-2.6731024570801134,-2.0855096246313374,-1.5060957791290708,-0.8936616376173583,-0.27858567446242255,0.44402104194058156,1.2464280487640733,2.227569262941968,3.566004134511234,5.5406458199296935,0.05394841269841266
house-va-2,-4.042255160273452,-2.09008544174999,-0.8917162537099167,0.08576055635574364,0.9042427684909439,1.6322628416633127,2.273873419613582,2.8751850950023305,3.4884476930232515,4.050519494801877,4.6312249516854465,5.227295861647678,5.868705026857058,6.519277224721674,7.222521339497439,7.980505430131767,8.931945426077574,10.150773315185628,12.172124111750215,0.11447881277895844
house-va-3,35.514231491609124,37.898858802735795,39.40934969883777,40.525465450546164,41.45735209091586,42.274430685680464,43.059159367784204,43.75116831477671,44.44603309087237,45.1430340679117,45.8151590799037,46.478549971830496,47.194232854326714,47.952997252367005,48.789031345259346,49.7412188661139,50.83141957469271,52.3387606303197,54.789592749522214,
house-va-4,35.63549529984825,38.06504411609497,39.57652193888285,40.72229511137919,41.658449936814186,42.49750790247275,43.255949256052816,43.9661399230826,44.66955622833092,45.35314196740113,45.99828387163024,46.66721493853478,47.37911759414379,48.12509194674107,48.95514941354739,49.925316802417626,51.111423807798445,52.707792544839656,55.084377730876675,
house-va-5,-16.08528749590324,-14.033562929227163,-12.710932100050043,-11.748147793593317,-10.924822698196477,-10.175910746537838,-9.517230112075914,-8.90461257481721,-8.299643362011144,-7.702055139330949,-7.111766143224395,-6.471215171529177,-5.829364038498184,-5.1666491498627725,-4.446066033779804,-3.630315039917479,-2.672379185334908,-1.3925603936263298,0.5906840195339684,0.04601355342609614
house-va-6,-28.10098298080772,-25.598393382834963,-24.10365197936533,-22.91721722279901,-21.9380269887003,-21.106866492605615,-20.353927866019106,-19.629791227367836,-18.934170445184076,-18.239450460925212,-17.589860568238954,-16.905247221219597,-16.18226572279748,-15.416127426808584,-14.542728268439188,-13.672219437920797,-12.54424666776662,-11.02140314724973,-8.659770117044502,
house-va-7,7.125318886068071,9.433632214537747,10.9664916324306,12.042350027574829,12.973394270710308,13.800664926166757,14.541071007766478,15.266866832071123,15.970316220753912,16.641754585225975,17.304734849702758,18.024532227072726,18.77262132914185,19.51257466968101,20.415931050787144,21.294710040178504,22.426887289907782,23.98027895633391,26.408330297051727,
house-va-8,46.855643517345484,49.29309010223978,50.7983345406799,51.92992391685018,52.89648568991963,53.735919381489516,54.48885370663769,55.205328140510844,55.89060877219536,56.54580240318805,57.21570116789108,57.89099284076415,58.58931132502859,59.360439796350946,60.17754699808685,61.126463756181955,62.219721883349244,63.70355105220031,66.16313480118652,
house-va-9,-48.84225160144885,-46.4027073282543,-44.92467239430612,-43.77225297130722,-42.79586650622818,-42.008149410506036,-41.259905126692914,-40.58170164459318,-39.901373763054316,-39.20924791292572,-38.54817843761086,-37.88014569090769,-37.18089859264984,-36.44178986359728,-35.58147538101608,-34.60678107734515,-33.52355794401375,-31.9763502838643,-29.551690583397495,
house-va-10,9.59264549936291,12.135714690323253,13.645612842919329,14.759240769681579,15.70899632691988,16.58048823803426,17.365736991006663,18.070498960626495,18.768602933233776,19.443404199216452,20.149162629555217,20.8456442656186,21.55766361814968,22.328396519658522,23.1749728892544,24.100309790330765,25.25128666946255,26.816440234205196,29.121386701315554,
house-va-11,35.35001367177534,37.887190136732215,39.39413774198121,40.5209738657353,41.455803510124824,42.29058031482689,43.04459320422185,43.763157814357555,44.47611497999752,45.160302243597215,45.84168569937553,46.4953559393466,47.23356149346054,48.01563527185552,48.838627706161276,49.77965045933529,50.917768047564735,52.44275625326288,54.814474210105416,
house-vt-al,31.735683406691823,33.47458190489164,34.62294517097996,35.53430017672593,36.31016042476043,36.9413233879222,37.53454419242416,38.12487555957703,38.691333893422446,39.24595722800853,39.801235806267364,40.336695237183186,40.95644648550973,41.573709435701474,42.237024233480746,43.005463554782445,43.899720895015044,45.05673966569274,46.87125567626577,
house-wa-1,25.86338789876743,28.464381255067305,29.981719758634615,31.13247725043488,32.070200425781685,32.929992287714164,33.67423470374885,34.390481356384036,35.10295738304668,35.79177093313655,36.49055348020646,37.14835367886245,37.93215938536151,38.705618344516694,39.57178597138996,40.524642908461054,41.701365517510744,43.123848603419034,45.531347556670134,
house-wa-2,24.530713960659924,26.99017681949576,28.52146217291915,29.680385261763014,30.62232235969859,31.442383703220813,32.22024064597503,32.95266901526029,33.6220416909553,34.3265662694204,35.00470171110379,35.66664672611124,36.41259936601706,37.17799958816881,38.01013155359611,38.91189314380233,40.046567626951166,41.47325333894757,43.80240029229698,
house-wa-3,-2.4922081683632613,-0.4317443913454756,0.8284074296552184,1.8452039185942042,2.6452743623970423,3.3632449213711153,4.050482998191068,4.702805573886597,5.265941155699473,5.8749199000306005,6.5088734630426925,7.104348442641067,7.771105865093871,8.476206008709925,9.20534967978713,10.0568783457751,10.984809133714569,12.292016403735097,14.270573312310294,0.12289009158049236
house-wa-4,-25.034925019937933,-22.172627715917812,-20.37250284792036,-19.00731054279655,-17.90710211857111,-16.983337617055724,-16.136721747918823,-15.313258253299342,-14.553842720047918,-13.807145171518968,-13.035331173029105,-12.229300189829022,-11.392543202753123,-10.485308726132695,-9.508609385467903,-8.419369988079989,-7.1030810747202215,-5.411487433266253,-2.560717275493635,0.03942061976125
house-wa-5,-20.1296584713027,-18.1785519673637,-16.949867574984726,-16.02775886182275,-15.244225953551819,-14.587863393240209,-13.92569367752181,-13.31305709294523,-12.729499632282483,-12.140433563047825,-11.530450606901233,-10.927941078705876,-10.294112212179787,-9.6441879586211,-8.92669861723116,-8.167877469863333,-7.196331441099307,-5.96908274430108,-4.027019172272897,0.03571499484076179
house-wa-6,18.61346533888008,21.077194147805738,22.57784132070065,23.703599734862188,24.61265976593883,25.441596942910547,26.216504529994534,26.9278846262496,27.598636507059606,28.294855159771636,28.985131157925544,29.697204205722965,30.39815071603731,31.176129988093784,32.04380209296668,32.94334223526139,34.0829212477823,35.56481135842125,38.19369935211819,
house-wa-7,68.18054198969006,70.53976044845712,71.96839940679439,73.10325532378576,74.04934057862073,74.87514513673261,75.57827786756502,76.27864364383032,76.97373223549624,77.65760692169414,78.33349571112603,79.01679595010368,79.72168166504771,80.46462339040073,81.26265067715025,82.2111793661474,83.34146567688123,84.87554694570461,87.36627754887502,
house-wa-8,7.203325757455756,9.682170538668158,11.098846403180621,12.260744119058936,13.274393359263627,14.168794603719908,14.926015022880591,15.67404580639613,16.34318469735994,17.017507924119037,17.730883709116515,18.414260813643608,19.11717576184004,19.90413485481198,20.7332817844162,21.693052083955145,22.859442380650226,24.408920676929544,26.78213446625831,
house-wa-9,42.60651920793479,44.97444674690972,46.478915798139546,47.62296163386377,48.59793130265539,49.40674406664759,50.14989108759933,50.89885382216478,51.57771348135776,52.30587396882537,52.96449441086065,53.650707442744206,54.32988284696925,55.11135550509784,55.97938987827091,56.94973792766091,58.063498512301834,59.543066121767325,61.9859490984923,
house-wa-10,16.125945155286715,18.70236237035724,20.229427508882516,21.416369712530127,22.356231292692325,23.201355357695647,24.020316002702433,24.741593763150245,25.432388733864073,26.130147614466658,26.81970664409783,27.521517773802497,28.25094427805407,29.019467276159798,29.850705229781422,30.800243534649546,31.930807799308436,33.51548809923278,36.007394796416904,
house-wi-1,-11.314107925167146,-9.378684970386038,-8.163315711658953,-7.187588129975902,-6.4293233054934795,-5.70697175206151,-5.042179415476667,-4.42595753457435,-3.831536657817409,-3.2261015005429483,-2.646083349634898,-2.029350560838434,-1.4291998658095442,-0.7838475231224233,-0.07164839216500901,0.7301846186560281,1.6476506677455969,2.8713155343321883,4.77164441640874,0.05276600944383614
house-wi-3,-5.969923286159698,-4.079165523188271,-2.9127324409771087,-2.0350395672635644,-1.2381185093973814,-0.5635792488653807,0.09057259355266205,0.6845647866424497,1.2730816350739294,1.8274035282921968,2.4145945566915876,2.9897826532403493,3.5988384325795617,4.246277257688661,4.918677453700028,5.700219623082834,6.59330248373943,7.7565716895505386,9.64902022318225,0.08753361886533817
house-wi-4,50.30778273066685,52.748435559724726,54.25562398699484,55.3677076813107,56.303684218552085,57.14384807577927,57.88080542659528,58.56756394258469,59.214620950525536,59.868211248617826,60.52757464579865,61.22309056810116,61.89231121763459,62.64156553156259,63.4905476427676,64.399574016816,65.4726586362326,66.91283786336442,69.31586140568106,
house-wi-5,-27.71226926320576,-25.306320726693983,-23.81455424719909,-22.71110502854839,-21.727674813226102,-20.903515833549925,-20.06014724712146,-19.287311324257892,-18.621593046514114,-17.914259668898346,-17.223524027239943,-16.534327840144712,-15.82410064063838,-15.04261057024028,-14.236883300586934,-13.284948001099243,-12.20816024971376,-10.711587688567256,-8.293739689127806,
house-wi-6,-26.130857187895693,-24.142121674184825,-22.899629112345554,-21.974706542238046,-21.16447285404684,-20.422175643180765,-19.78296356349628,-19.14916642243541,-18.57190113513987,-18.01159222074763,-17.44621892710805,-16.863646386777372,-16.252101511704105,-15.581793345149247,-14.888497685883543,-14.079815792023146,-13.168603332951594,-11.907764845033142,-10.041276304907804,
house-wi-7,-26.108739646644118,-23.191198519076625,-21.515702353599806,-20.21546329554674,-19.168517989976905,-18.175581061018832,-17.348951682536676,-16.523595313218415,-15.759704917524493,-14.991984911420644,-14.250822150219673,-13.442177850806218,-12.65531501126233,-11.767619195381283,-10.821625361068499,-9.739356122052722,-8.38012766992622,-6.6516283329719865,-3.9638695208013397,0.030694468729964397
house-wi-8,-21.631053480977183,-19.32019894995111,-17.83888386631082,-16.694912052904492,-15.70542286627499,-14.846951690153528,-14.092744689928265,-13.372363294456932,-12.707017037862288,-12.029012583330182,-11.343491053774079,-10.670004834141375,-9.980999868486304,-9.1942890884324,-8.357323791688904,-7.369251149948093,-6.232391044499839,-4.757406142098797,-2.3704638213805698,0.04112044351730815
house-wv-1,-46.181771924387185,-43.852500320661214,-42.31475624230538,-41.19724338569048,-40.314428631048834,-39.41350128430493,-38.67496110221185,-37.955537493904295,-37.3109706191846,-36.66278598673211,-35.946757502458354,-35.227835701192696,-34.53926945315745,-33.76308470050156,-32.911209665142735,-31.99360843286409,-30.863928344966542,-29.401737055023673,-26.937005205551692,
house-wv-2,-46.41295719322001,-44.078105097440464,-42.5924291114836,-41.4190784018297,-40.41685074325669,-39.62426809589262,-38.83616717163697,-38.1170646812454,-37.42190744884602,-36.74710293836438,-36.08774137090723,-35.40291171583749,-34.68738642308812,-33.941080039598646,-33.10847414708611,-32.15524590973373,-31.012310899495485,-29.459909968251573,-27.07777575276854,
house-wy-al,-50.520731138951646,-47.77758626173775,-46.062097732884595,-44.69713901389101,-43.601067407974966,-42.66834905144601,-41.85103552251652,-41.073491532895204,-40.31590137829373,-39.56333365057688,-38.791379387610114,-38.01790843922541,-37.184942110474374,-36.325153242492995,-35.42804302352501,-34.30150938685334,-33.01127058982868,-31.289920858403853,-28.459673693255766,
senate-fl-special,-16.9053186756848,-14.857399234518551,-13.622756656796213,-12.646432494669577,-11.77688288357025,-11.062546809012192,-10.419233338303592,-9.73217403077795,-9.125060148090318,-8.524567135141712,-7.934728353310777,-7.2947252463892145,-6.6423453068686245,-5.9689338824552705,-5.236649327810338,-4.441016948318493,-3.440909166023183,-2.1364540527502167,-0.19811283468713134,0.243767767585774
senate-oh-special,-5.164190046464729,-3.287044188624412,-2.05996677361369,-1.1626468336175713,-0.3593824200389869,0.3170077237716809,0.9780623492603792,1.5727197181726966,2.180818301013216,2.781859215010222,3.369987692616076,3.9714896948966865,4.594502602741211,5.249848038684767,5.945250815872681,6.695751102598019,7.640730425482531,8.937868869788666,10.912619248498126,0.4215902076817875
senate-al,-31.067666037948246,-27.834491213061522,-25.980295424739765,-24.58252104248078,-23.41399631131002,-22.366427502835517,-21.476158619007887,-20.566119263050254,-19.699624642190443,-18.917806942992176,-18.129858369830313,-17.255318696225203,-16.34750157180678,-15.393695029978257,-14.391878268519784,-13.230299148483416,-11.825900529395467,-10.04917238101561,-6.812460363371646,0.18864664300369927
senate-ak,-9.134301012099948,-7.3782532704653985,-6.253556276452785,-5.447399451659782,-4.726081277705951,-4.10572345071891,-3.510374518859282,-2.9635249528552827,-2.413091992772172,-1.879595085053052,-1.341292288810406,-0.7890949996861534,-0.23835258623089647,0.33885212988485625,0.9701992610988484,1.7164237330120375,2.5825549853376146,3.6795846210491225,5.331181381501521,0.26866666088275815
senate-ar,-22.89287493750536,-20.417804412912233,-18.957061292755427,-17.858261449427395,-16.955094830889827,-16.114853202272343,-15.2955061858019,-14.60538485691402,-13.90647173657115,-13.261625503602831,-12.557346758572521,-11.909059454864673,-11.223396711294848,-10.495162655291907,-9.652549053211633,-8.685809098435083,-7.582185017092193,-6.1771541035724224,-3.822741273832683,0.19570602401743153
senate-co,7.7607753935624775,11.491158038990825,13.753107100913791,15.46219735257663,16.8295653562857,18.014031329688684,19.11174125534497,20.102123786039638,21.035065879858674,21.967455343139736,22.856629891072885,23.861645998404573,24.93623157984108,25.974871840783244,27.15781715392182,28.534173864337504,30.251508382094542,32.46538738134877,36.35999176815754,0.26746398072611033
senate-de,13.697954154312182,17.635771092436528,19.847402933219083,21.464288529211146,22.86050484926628,24.04653015389013,25.141386608129697,26.20361136891897,27.20354552161782,28.19403925870082,29.191295486663627,30.191990282021287,31.15155532500023,32.26262022702483,33.418546374127715,34.7705380915941,36.43351248677524,38.657921043798716,42.24392278980935,
senate-ga,2.2043039707003356,4.144178205863666,5.318637721597035,6.313862492626039,7.095006656805418,7.749973870097927,8.390969426626103,9.015753828226766,9.596850995407168,10.150922498448399,10.720943731569019,11.297618976414894,11.910144341431883,12.531364601928237,13.228858378869566,14.000421821643059,14.97664119615774,16.192516402548897,18.03121613944222,0.41240704326109023
senate-il,2.637334019282077,7.358633478591001,10.027014078488035,11.999921202007949,13.606993044677838,15.030880056870762,16.22718629694072,17.44603296256143,18.53468014463189,19.67732158683213,20.815019753764314,21.963443457258805,23.15316425922245,24.491741474971025,25.924775378507178,27.530053210352303,29.576333914526025,32.25465800570622,36.80611526899621,0.30731631400174686
senate-ia,-6.883737634300982,-4.846635453276554,-3.6295973390450778,-2.7134809996957534,-1.8674630808306905,-1.143521232192235,-0.5457047417409685,0.07039308186058149,0.6990669711511633,1.2917460123515196,1.9033984990452164,2.5064624975102068,3.12893550657541,3.793538517853473,4.493591775555021,5.339270814376378,6.273677228137759,7.5335529254373,9.509903716681269,0.3974896289937949
senate-ks,-10.166856592262294,-8.132801611384224,-6.901635344666401,-5.912209844662448,-5.116421577331842,-4.389485520506648,-3.7320275537089866,-3.109460148802996,-2.50154990403825,-1.9063162714363022,-1.316827878199235,-0.6984885499987862,-0.07618664302676735,0.6177230224094625,1.3157760946328518,2.1751792355857207,3.133519091872231,4.371486502086162,6.329455192501195,0.3338491254475868
senate-ky,-29.6873180110382,-26.486122339631873,-24.492636078502613,-22.954336734468974,-21.796109242609376,-20.79600651467567,-19.829459440454922,-18.97369095429777,-18.142225612965447,-17.301389144886436,-16.43218535791344,-15.55855841200393,-14.662592451519426,-13.68980924692781,-12.61695958790407,-11.395332657059328,-9.969590239218851,-7.995494730420237,-4.765899634395976,0.20594580903702264
senate-la,-22.30727510563062,-19.320827288251696,-17.594493751423258,-16.21916586933793,-15.119542629684041,-14.114702706592883,-13.254380328480313,-12.454084456936307,-11.655043511926161,-10.879780885892153,-10.122687662778858,-9.341303734928703,-8.525643777441058,-7.663265533092443,-6.717265281337813,-5.589146333922846,-4.2838887760177435,-2.53521433306849,0.4043881992304776,0.2156261680222159
senate-me,-4.783978263784048,-2.955168032405876,-1.773808951664155,-0.9045490989801327,-0.17693898453250034,0.510882786189942,1.1501737130395457,1.730017405136154,2.283219086837981,2.8199545089126437,3.359480634474796,3.9237544796870965,4.499162088092573,5.142620004642356,5.842344476944486,6.616005109234924,7.517640077855286,8.658197615493041,10.397698943474433,0.3362642900453192
senate-ma,18.114844448808384,20.29230345164898,21.721313992933055,22.745910733417347,23.62543715244882,24.395075428145056,25.10232495165769,25.74963355404491,26.46787855065528,27.118505972666846,27.764421431976636,28.432396651637802,29.111249826818657,29.807033995369224,30.61415972615189,31.49644361691353,32.54196264843963,34.006824458612115,36.3965034843908,
senate-mi,-3.3723612075980123,-1.564434561972232,-0.35670997581995606,0.5600401400010089,1.293615419599751,1.989624474526903,2.633162423999845,3.2020307086317907,3.7919136150327795,4.368303605315546,4.9233631951889345,5.506673025044762,6.13074472986081,6.785738013433446,7.449435494967521,8.22817954670778,9.117512897334766,10.338073472057056,12.217777817387452,0.4461037156559544
senate-mn,-3.1091211871556252,-0.9226511072624267,0.4394049236292621,1.4905528435953015,2.366985563363128,3.158678362105754,3.849752373023086,4.518711046465066,5.157742047607266,5.830046139449282,6.495233271456838,7.110261647158051,7.804280060772806,8.520313814483563,9.312867467148376,10.168233063016357,11.208140056144986,12.63597149977441,14.849617030737672,0.42336035489611207
senate-ms,-23.48713388139094,-20.566319896385668,-18.875330909979088,-17.526091498335383,-16.494904792339117,-15.581703444172579,-14.75478113671029,-13.91968235364418,-13.140042971480408,-12.360730701386096,-11.590314247311431,-10.792307287193799,-9.98630297225979,-9.12886905860857,-8.192727452539426,-7.154715904026448,-5.892906384581631,-4.207461095336734,-1.483417275890153,0.2252172467058111
senate-mt,-31.179533055448545,-28.45668105157302,-26.802012939046797,-25.508702025308725,-24.46399991183818,-23.535741055371197,-22.677004137175643,-21.889760692860175,-21.172556760542975,-20.447664277417584,-19.736549150027592,-18.958001058322814,-18.177532156839355,-17.38323382884124,-16.475473934587473,-15.4494857283171,-14.215813001645385,-12.59327540414205,-9.876961516061279,
senate-ne,-10.113747650910517,-7.978837013939621,-6.690617877348282,-5.6960444884217205,-4.808871673736418,-4.099875219361707,-3.3966184987108075,-2.7539910472159144,-2.1031498805427917,-1.4840875598671321,-0.8565726858327762,-0.22461369499717332,0.43492439115996423,1.1465194738119795,1.9130109654237732,2.7505164021562867,3.74182249224721,5.153492070646979,7.377658025669244,0.2111252455854794
senate-nh,0.13787451854986169,2.137400901871973,3.385605095208935,4.377220682202671,5.209395716170185,5.921171095690697,6.625929182703443,7.2655748183410305,7.9058206640646365,8.522318142818513,9.113239027438885,9.745414005467337,10.411601404422221,11.100069558042478,11.814161944359146,12.699563311627017,13.699485601411268,14.949085056235393,16.990397583628518,0.37144149167470947
senate-nj,5.623840250368927,9.329746006753632,11.361346893532389,13.04438568040084,14.470296751733827,15.668865759628169,16.757445874689164,17.698371110923922,18.66227080446285,19.618611920949718,20.59406806790307,21.541381298388234,22.593909129617728,23.67905475054489,24.7695213834399,26.154708361375235,27.82268406827825,30.02178859889668,33.666336305090724,0.26111808151063826
senate-nm,6.0737393929473615,8.86486717791142,10.543452235127447,11.812036089225256,12.917504774271096,13.830998412866046,14.644580269043429,15.42149252503914,16.23872703135782,17.061164105445265,17.820247800807554,18.60822106003976,19.389112690578436,20.229625198754682,21.218668905310626,22.301050132891284,23.60724844868305,25.285465165311344,28.260981758080124,0.32041147906093687
senate-nc,1.0557880796983699,3.097061106552453,4.337692108771315,5.269265529355692,6.099771613463544,6.794390128576237,7.4282357778040415,8.031764397610678,8.637360509262786,9.23969473435785,9.822671819528743,10.398649585736024,11.01756983430586,11.709008420309704,12.452062965031194,13.255406922964411,14.207675402027073,15.448601198709358,17.408487068153473,0.432780857195632
senate-ok,-38.82737722296405,-35.481460806261545,-33.439735736009844,-31.929779728988702,-30.6739628654493,-29.57275101606167,-28.57098453922888,-27.644785354487706,-26.72832348527377,-25.852665371723294,-25.003114783307822,-24.115607115908574,-23.19170086884363,-22.205490446362983,-21.14127118140341,-19.858755358197985,-18.370200541701184,-16.298862150119014,-12.866941462983412,
senate-or,13.28301894908258,17.034201149224543,19.313477449643383,20.922843010677777,22.32923443486162,23.47337910879097,24.564859632151325,25.52481197451391,26.486716503798476,27.483450940668803,28.384607495437802,29.31245173872512,30.348845799488764,31.410549118231277,32.57346452818953,33.86745370697638,35.49209924105781,37.63647921963161,41.267509821261164,
senate-ri,14.665872959500478,16.867995027346492,18.24210734351816,19.31573140229323,20.183860466529282,20.96880421452817,21.68038869595774,22.381873662252907,23.052156095623836,23.70586277404451,24.349747866769846,25.01670267413864,25.69095655642963,26.481068271136444,27.23424364601819,28.14374835066777,29.199075431533025,30.595983281584896,32.888057776591424,
senate-sc,-11.618924988503148,-9.40111679308086,-8.066010276901165,-7.042231623553693,-6.196260609714108,-5.409961174429332,-4.709915691135524,-4.026218325334762,-3.327743143960664,-2.704358085278828,-2.106012610856819,-1.4406210269373336,-0.7387271807925201,-0.01440704725574326,0.7194469797824259,1.5727637888642398,2.5799566520901256,3.8629894013154495,6.0748971959403075,0.2753102275524132
senate-tn,-34.166796578108205,-31.52384738084186,-29.855929713985006,-28.619472293951848,-27.60034768853235,-26.682865469962078,-25.853655366735577,-25.082579568816396,-24.340028203872073,-23.591755604122206,-22.88132669316452,-22.11555526335228,-21.291352635619035,-20.407100815597737,-19.445828439264467,-18.442586729362585,-17.143462805510723,-15.343467711672783,-12.670315470818702,
senate-tx,-5.281669841324924,-3.3311537899997505,-2.1104070105168957,-1.150668307418462,-0.4149799211868782,0.27576802683752494,0.9150036842161501,1.5168126627454444,2.1349928025698897,2.7329229310821823,3.3000884957448386,3.8685190244484517,4.457374975822907,5.108651141150916,5.814742600636359,6.638508869703017,7.591995366954558,8.758124606277551,10.635040543086895,0.3578818977521787
senate-va,8.295367140675316,10.891756033473968,12.505159924801015,13.734491977867444,14.747750520852138,15.662271652488897,16.497745175919384,17.263774767467442,18.025028604220875,18.749268541524863,19.519363378243803,20.308010971659257,21.058235940013546,21.862331486305848,22.75047018585572,23.788742920343704,25.062521953838342,26.7461976388697,29.404741305172976,
senate-wv,-53.43646144586985,-50.01538851596409,-47.83805305775186,-46.20824977036768,-44.785059492435664,-43.57612146363146,-42.545837368905794,-41.567984428579365,-40.63280764617953,-39.677288997332525,-38.754460457848,-37.7676626132005,-36.77564234228113,-35.68068831251399,-34.47017432414492,-33.090340042681355,-31.399797448837607,-29.0365138925613,-25.2689956319736,
senate-wy,-56.18576890172732,-51.95427410575522,-49.17877642411504,-47.22704884414751,-45.60342751781795,-44.19631828882501,-42.981413661019786,-41.744185251667794,-40.605891241532014,-39.50407203688941,-38.45015801920325,-37.32645608192586,-36.15229177236689,-34.953553087274,-33.502307640106274,-31.92575460647328,-29.893287577194364,-27.294722376844486,-22.93923044227181,
governor-al,-27.290097668175484,-24.635764967649404,-22.95223092668969,-21.73053771771408,-20.68099865427289,-19.81188644586835,-18.973700659332422,-18.19312671222666,-17.431152580099656,-16.695626274817172,-15.943101465726025,-15.208767923860666,-14.427321930244485,-13.582471250244765,-12.694084041608019,-11.66710790306152,-10.385506061871494,-8.696810676870374,-5.938608268719221,
governor-ak,-7.4661516632766665,-5.145213099905284,-3.688044226257597,-2.676563874993488,-1.7972828910357406,-0.9861675883939324,-0.26510981085202245,0.39932929285506713,1.0477495714731504,1.6898336328178778,2.319546431990502,3.0053359795471537,3.710636785008299,4.460006877067358,5.227941125012756,6.128919240002131,7.161572690470426,8.60771269416312,10.789017167924772,
governor-az,1.2547306742201976,3.1881534043603037,4.42486961898285,5.355030674762579,6.146095177483609,6.856561094895747,7.505266592095844,8.150428573431055,8.715405629609188,9.330161299922759,9.9142794359746,10.502259066951789,11.116450516774355,11.779549206411401,12.48994664293653,13.295538612675736,14.294324205138794,15.508953716896945,17.39664504728797,
governor-ar,-27.077824979796667,-24.600975461021243,-23.051784521515536,-21.931623519072154,-20.921338006793604,-20.058111018118986,-19.24393954080209,-18.507683174072294,-17.8046737308529,-17.111639762569077,-16.40063935367371,-15.67568349451803,-14.93962155737898,-14.153386106168673,-13.261903039768491,-12.258694141204012,-11.027302253800704,-9.465064488673972,-6.880169369859177,
governor-ca,16.15222235307203,17.89466194259625,19.0387644542975,19.95666139501561,20.69879049488793,21.347146567789366,21.972905702935336,22.57347033853367,23.160065439176382,23.679164179969085,24.242198143643023,24.799903965848916,25.383415742971316,25.991965594014573,26.683669706135664,27.42862227902933,28.318471580518768,29.479360834833383,31.257685333970233,
governor-co,6.938110201405372,10.242186819943358,12.327954500876045,13.84923075016386,15.135919159824198,16.213075010532695,17.211510527801888,18.100762461563082,19.0294731969278,19.966612997626413,20.92929105887519,21.86298025568351,22.809561720837376,23.811895011744937,24.91886301207667,26.219365142854876,27.796919249668587,29.899817342595135,33.24715767408733,
governor-ct,10.989010124986535,12.807761956894947,13.99249069416551,14.910499801441832,15.676867641840214,16.392371774051636,17.03026414237944,17.632204532650118,18.21139291953961,18.768253786472094,19.332659466725023,19.89929338214718,20.501899275414775,21.128080708410902,21.84062135809556,22.598433798564148,23.532712760744797,24.741995344854207,26.63468185540364,
governor-fl,-13.175946710703334,-11.237790638161602,-10.025103288859265,-9.055148154269542,-8.228048324988213,-7.529101802400954,-6.866678950808212,-6.278302038718662,-5.730359612641307,-5.168656582495732,-4.588425987868366,-3.9824037851573943,-3.376401870283093,-2.674689139399175,-1.9825863203251923,-1.194373707919219,-0.27997790358460106,0.9143330083316665,2.7784493396506784,
governor-ga,-5.808870366548967,-4.053116131260933,-2.891058113425413,-2.0333706355540824,-1.315903438640877,-0.6863108324891474,-0.08664205928284831,0.47062653738048016,1.0071577466397343,1.5395606153584378,2.097786484242757,2.6321822996180044,3.2199225946019028,3.8156503917912046,4.4791134081338875,5.201187880487331,6.077726022928078,7.226955582456457,8.948170744892028,
governor-hi,25.939176320514004,29.46242943284858,31.595051244956586,33.08684544114024,34.32676696739557,35.416399875560074,36.37489741543949,37.254437016276505,38.1329701830196,38.97195099581419,39.81935692888054,40.69240534225143,41.61426894329096,42.52626633043371,43.57847092147107,44.844123735609685,46.40339701134694,48.43351531531484,51.68624414406518,
governor-id,-40.82198417795246,-38.16159772381405,-36.54846990208396,-35.359673363694,-34.314299984936675,-33.42469177700809,-32.57786009725249,-31.824167407484403,-31.082881445736568,-30.37752965990506,-29.627848340966757,-28.87618433815982,-28.12729004191846,-27.291910774024483,-26.43161016510403,-25.39675192729428,-24.172736070809975,-22.596124972452596,-19.993797208977742,
governor-il,13.506693089673815,16.936925112146888,18.91418665492245,20.431002896341685,21.658153710698407,22.839435553991787,23.750311770826425,24.64377062716752,25.563866211894595,26.393804578971494,27.22985119575028,28.105702134542785,29.055192250449263,30.023362273367294,31.126511618688852,32.2890048955529,33.743828646256205,35.834649752194025,39.25705852736678,
governor-ia,-1.308379954860251,0.5184843259262941,1.7152003610084996,2.5535241933424278,3.2855091268514665,3.9456570733216023,4.555530780652683,5.151730693833395,5.710369243766136,6.231723493835582,6.799179290061134,7.386041153013638,7.931518966239854,8.556206859386469,9.183577966882257,9.921220202477697,10.815804721418914,11.956151986993294,13.670723276343471,
governor-ks,-13.929950166118898,-11.92156928403495,-10.730062529984574,-9.793011408244576,-8.996098337701067,-8.29102704807101,-7.635946273883014,-6.997225683955242,-6.3789038533636,-5.820307294303277,-5.246844621479056,-4.635377550084336,-4.045183949411612,-3.429963820342979,-2.673939755064297,-1.8829563847824637,-0.9669474446930197,0.23550457051653828,2.1136892470896425,
governor-me,3.9994050689322433,5.905348060081141,7.139926269668103,8.057987810008367,8.877982501758012,9.613255260756555,10.273365058870247,10.8750026240106,11.48568993266619,12.08871886763777,12.702095166752397,13.326381116526541,13.939475241594122,14.588179541055416,15.305283803149969,16.116052171037467,17.13460360599249,18.317216016623192,20.330741244813144,
governor-md,28.78579453578451,31.484855843858263,33.14911414343228,34.45343372426165,35.456567771390496,36.3884302320888,37.22483424654673,37.95748716354596,38.757815269114225,39.52222401103948,40.24618169788028,40.96677253415325,41.72525811860168,42.589114556482045,43.55261508557218,44.605832076036435,45.79294711838087,47.58037008492728,50.431972644138966,
governor-ma,17.478780391495533,19.375012054556663,20.6048228803115,21.54748383300318,22.348283312146588,23.069710502453763,23.752807819372865,24.354032729566416,24.941087021431507,25.532608204409684,26.100042749678305,26.735367292576186,27.320968816237823,27.966620458909855,28.68089147992357,29.48029469502427,30.485779864446936,31.76659149304959,33.84390048473781,
governor-mi,0.10403861639349173,1.8668686362714437,2.971562764961777,3.864532877809998,4.613626807266102,5.300684222039105,5.923074178811409,6.4773412350390185,7.0087571875333206,7.56564199421554,8.110068386179577,8.686109682206427,9.23687555860752,9.826457267483018,10.470459410474433,11.221040400067432,12.079197413775884,13.209854620729077,15.029881113508653,
governor-mn,2.3796947671287074,4.394449773407833,5.614493289978186,6.586338693557722,7.416572056191724,8.148292478403896,8.82720220814221,9.47711097540693,10.087811786789823,10.674626546420871,11.29193047895849,11.90915339514598,12.543181662002244,13.248845872049307,13.978200969646917,14.812296388766063,15.75816256547087,16.995697317333974,18.974302163150487,
governor-ne,-24.000040458471528,-21.689122427615963,-20.233862292243952,-19.135359850187736,-18.18025658544666,-17.36293759248841,-16.602395351416156,-15.88729140257812,-15.172189798492367,-14.507130669945465,-13.875860585488542,-13.190701613856845,-12.476503472577985,-11.743295437133199,-10.955602773754755,-10.045283089821535,-8.937781397705649,-7.5268797908968015,-5.231859752738726,
governor-nv,-7.733406980216361,-5.673769522467684,-4.346498972939798,-3.314649444655059,-2.456964018989235,-1.6383894727512571,-0.9827157830186855,-0.38106787304174566,0.2640547751196475,0.9170169919539555,1.5232492593530422,2.1448933883397503,2.8328207890986206,3.4878551449706627,4.215770626372893,5.072700499436007,6.073310253604496,7.359169574140502,9.510814316901739,
governor-nh,-16.585120131099348,-14.704446049163007,-13.56394830885563,-12.666241746449389,-11.886526341669818,-11.219689217878482,-10.568649616672722,-9.982877144381948,-9.381065590964166,-8.826410467091847,-8.28220676665777,-7.7303605129954835,-7.1441363787333625,-6.500636396798768,-5.829448615530376,-5.050209063169466,-4.107656419810493,-2.918268662097886,-1.039090479405284,
governor-nm,2.2727708743908432,4.601371698353284,6.043407505441688,7.177957624474296,8.153700904434784,8.94194778978879,9.719857421746184,10.432136035161893,11.10199642497894,11.772298788858576,12.441767148655225,13.119259512303524,13.851156739583717,14.616189883767065,15.400075857023257,16.322019091932475,17.416300401122356,18.90661569249886,21.41404021262507,
governor-ny,8.441286031033057,10.092128998318442,11.257472485526995,12.10209205116135,12.839669664254929,13.497730631193,14.120433128908067,14.654406298146494,15.198280446480576,15.779284659019797,16.302890342364886,16.869498839795938,17.44938941103749,18.040408329468058,18.727155449768127,19.454059078716448,20.310329945589658,21.418825384891417,23.113808315081712,
governor-oh,-7.1186414819760735,-5.373999291742208,-4.270520590780472,-3.3877689152204105,-2.6481900167815584,-1.995642334686973,-1.3748544286075879,-0.825484989762015,-0.2614742216830298,0.30192566867630105,0.8701488408406338,1.4350713010667469,2.0013834946340046,2.616461200162613,3.312463113895865,4.00463015349701,4.902981973767767,6.0083692021118225,7.7816732493657375,
governor-ok,-39.99700460463274,-36.659348002660636,-34.62318056353758,-32.983696144496996,-31.76011252665894,-30.7123166702066,-29.69770030353645,-28.721631926687344,-27.823459886757526,-26.96643157128601,-26.050414608113073,-25.16583733491353,-24.176202875405014,-23.185071795750765,-22.06240524815528,-20.844283635665633,-19.180531934116136,-17.041483218741288,-13.583432969200658,
governor-or,3.0114510768791583,5.464198998998527,6.972969131351938,8.078868482901791,8.99859652966095,9.844662784520596,10.593188839081238,11.300808353815853,11.992971770600255,12.669710727459368,13.35307985595331,14.026498636736308,14.77527014654414,15.530332567697128,16.339232375877614,17.333508540814194,18.434340692282387,20.0013510776099,22.37948437513928,
governor-pa,15.207163351821285,16.95728269737149,18.108374691282723,19.057668753708935,19.816838073854075,20.499381077421205,21.153818654796307,21.757086494416985,22.309664225002745,22.832879628350703,23.380899982049893,23.953914088402733,24.556177469624274,25.181932023100064,25.859368707219154,26.64924020817363,27.537762731824362,28.65108662353592,30.403572593676667,
governor-ri,13.972886521866355,16.55249231307954,18.108234439099604,19.333588682332948,20.35347374714931,21.237209705176934,22.061975901494815,22.83099853476379,23.59214627253019,24.33470152010414,25.076616027515964,25.797731349478212,26.563031330451967,27.384389573478373,28.26134749665452,29.244206208344536,30.43956988965126,32.0509786480811,34.576714572581025,
governor-sc,-22.059646781876314,-19.44004872802544,-17.93457624763075,-16.74056641301972,-15.713348635575088,-14.79561616143665,-14.024202382886312,-13.294893650855633,-12.534430726784647,-11.803432306435111,-11.077435818141062,-10.339166216641024,-9.53694868089863,-8.662420365714324,-7.752541807561031,-6.727516648353096,-5.5523695524817445,-3.868988985122409,-1.3005330087925853,
governor-sd,-40.35328404537727,-36.79317900682571,-34.63140436632509,-33.109581924088424,-31.759851703582854,-30.644590444245537,-29.63018057520261,-28.680467657355976,-27.792725540906297,-26.844658522052526,-25.931359156459834,-25.009842583133555,-24.105136540272625,-23.158440023578844,-22.064198849442377,-20.787003161983346,-19.25743038106119,-17.209741034039777,-13.759941979728927,
governor-tn,-28.42385753008455,-26.04197143865433,-24.46736740384757,-23.244032081108934,-22.277602693071632,-21.379383054938813,-20.61369442613822,-19.869119749468332,-19.157651796116532,-18.417467377503755,-17.74138626030255,-16.981486500170913,-16.202140298243762,-15.356014925875684,-14.491722751454674,-13.505371881142592,-12.351867402107603,-10.806256524683663,-8.274519766559296,
governor-tx,-12.426206905178367,-10.759422387838148,-9.674452725660197,-8.837223707172777,-8.121117134840102,-7.4824265674429755,-6.923979666706674,-6.387998413433181,-5.861000949609265,-5.361939883571205,-4.819424142249391,-4.2797777232309295,-3.7484935736248723,-3.1645678279831233,-2.515885108417905,-1.804104943432169,-0.9812136234817922,0.028790438282117328,1.686094130671922,
governor-vt,-13.719983545758634,-11.626300817886037,-10.318308641555332,-9.291195039286064,-8.404544505317247,-7.717982773794921,-7.0500941930191106,-6.394448483734016,-5.761910417828174,-5.153634465160852,-4.535596032910894,-3.9366585322067182,-3.3083412197827013,-2.6364725537610147,-1.9350141949712967,-1.1205011625821206,-0.08462120671857999,1.2537541605879254,3.2753145172028093,
governor-wi,-3.823767472470001,-1.8340019457030088,-0.5624785456317217,0.4048546886559939,1.2321303287147782,1.9677383170513918,2.6188026311459427,3.2389857901017254,3.8706384709321124,4.450609533370056,5.063518174890762,5.662029347517868,6.289127338597336,6.943087075768185,7.691375458495317,8.520139207370452,9.4941684001454,10.73534197459068,12.600352471090595,
governor-wy,-52.74828663664589,-49.28807057984632,-47.29187805144218,-45.743923669395706,-44.4408533589077,-43.331476561518855,-42.29969202561605,-41.38479955927059,-40.4623979670428,-39.59625374337641,-38.727509759273886,-37.85178873940813,-36.90277654725493,-35.867544190983644,-34.7575219603323,-33.48466439925114,-31.883927557198938,-29.79647333661549,-26.337207900925275,
