race_id,office,state_po,district,special,race_type,incumbent,incumbent_party,inc_side,dem_candidate,rep_candidate,race_note,pres24,quality_diff,prior_edge,money_log_ratio,money_adj,quality_adj,challenger_adj,chal_rec,ideology_gap,ideology_adj,poll_count,poll_avg,poll_undecided,poll_weight,fundamentals_mean,margin_median,margin_p10,margin_p90,p_dem
governor-ak,GOV,AK,0,False,rcv_bloc,Mike Dunleavy,R,0,Jonathan Kreiss-Tomkins,Dave Bronson; Treg Taylor; Bernadette Wilson,,-13.69312508474994,-1.0,,,0.0,-2.178273426901224,0.0,0.0,0.0,0.0,2.0,5.7700168838160595,0.08030000294064765,0.5682081597521743,-7.738810011344444,-0.0015838480002982047,-6.823646123681517,6.954148387051811,0.4996
governor-al,GOV,AL,0,False,standard,Kay Ivey,R,0,Doug Jones,Tommy Tuberville,,-30.88122385938789,0.0,,,0.0,0.0,0.0,13.586294974684805,0.0,0.0,2.0,-8.51909685335103,0.1000001039958463,0.3965897024949947,-23.088051227693942,-17.21199788787945,-25.274140567512735,-9.084703245869997,0.0115
governor-ar,GOV,AR,0,False,standard,Sarah Huckabee Sanders,R,-1,Fredrick Love,Sarah Huckabee Sanders,,-31.33998647229675,-2.0,-7.430304736258474,,0.0,-0.07649298493604825,0.0,0.0,0.0,0.0,1.0,-7.765714525491393,0.15,0.6268113136158227,-24.835361057596472,-14.130614778313376,-23.323787293649264,-4.782272525904841,0.03785
governor-az,GOV,AZ,0,False,standard,Katie Hobbs,D,1,Katie Hobbs,Andy Biggs,,-5.588317921733368,1.0,7.601347123459197,,0.0,0.3243946930795966,0.0,0.0,0.0,0.0,20.0,7.2712801465304135,0.14740224881522537,0.818991721835434,17.792727092780115,9.231225252348814,2.412292708377508,16.116401235137946,0.9527
governor-ca,GOV,CA,0,False,standard,Gavin Newsom,D,0,Xavier Becerra,Steve Hilton,,20.80028514359668,2.0,,,0.0,0.018055796748102343,0.0,0.0,0.0,0.0,7.0,21.574345752256576,0.08737891453695447,0.7201328833994021,28.669390718154936,23.626627796090283,17.782990153750383,29.42589627024347,0.9996
governor-co,GOV,CO,0,False,standard,Jared Polis,D,0,Phil Weiser,Victor Marx,,11.293083462132921,2.0,,,0.0,0.40150676396170504,0.0,0.0,0.0,0.0,,,,0.0,19.74694288650216,19.745892963768913,9.996114220619177,29.653084921995557,0.9851
governor-ct,GOV,CT,0,False,standard,Ned Lamont,D,1,Ned Lamont,Ryan Fazio,,14.756464972518335,2.0,-0.0579333049323143,,0.0,0.007916406506068887,0.0,0.0,0.0,0.0,7.0,14.402891590900943,0.10115866839901559,0.8396623512995308,30.661321224382974,17.043636920391663,10.522512604008075,23.54941515730675,0.99575
governor-fl,GOV,FL,0,False,standard,Ron DeSantis,R,0,David Jolly,Byron Donalds,,-13.22213886698459,0.0,,,0.0,0.0,0.0,0.0,0.0,0.0,23.0,-3.1615717782743396,0.09249457688771537,0.7172700909145214,-5.084873367178496,-3.685120890067574,-9.592867156356435,2.2538336882825867,0.21075
governor-ga,GOV,GA,0,False,standard,Brian Kemp,R,0,Keisha Lance Bottoms,Rick Jackson,,-2.2087323027962817,2.0,,,0.0,4.216264624106091,0.0,0.0,0.0,0.0,11.0,-1.4992091786880721,0.06259698046484352,0.7488472920238671,10.185578687280818,1.4196992152819505,-4.236220922396935,7.088177241580917,0.6288
governor-hi,GOV,HI,0,False,standard,Josh Green,D,1,Josh Green,Gary Cordery,,23.560651661222998,3.0,3.649681188688071,,0.0,2.696635397243419e-05,0.0,0.0,0.0,0.0,,,,0.0,42.61740597897232,42.59802763855971,28.0697887822893,57.003796561966176,0.99505
governor-ia,GOV,IA,0,False,standard,Kim Reynolds,R,0,Rob Sand,Zach Lahn,,-13.445597709596235,2.0,,,0.0,4.439555610379616,0.0,0.0,0.0,0.0,15.0,8.53339253788624,0.0670906861990337,0.7386835685352051,-0.8709653116963744,6.119365058125394,0.34746262752318335,11.846931600526785,0.9125
governor-id,GOV,ID,0,False,standard,Brad Little,R,-1,Terri Pickens,Brad Little,,-37.52184118025308,-3.0,10.683178915651183,,0.0,-1.1643878216119713e-06,0.0,0.0,0.0,0.0,2.0,-11.510897174405578,0.3454179485475144,0.5804139691446044,-47.63135425232251,-26.642007117757146,-36.48687288886247,-16.895803366831586,0.00545
governor-il,GOV,IL,0,False,standard,JB Pritzker,D,1,JB Pritzker,Darren Bailey,,11.135530816543426,2.0,2.843788380954962,,0.0,0.011619958652530613,-0.0,-1.6562116190450382,0.0,0.0,1.0,20.966847039504344,0.11999999999999998,0.01879461863600959,29.74991052282114,29.67725963416618,15.315235723710403,44.21006889916355,0.98415
governor-ks,GOV,KS,0,False,standard,Laura Kelly,D,0,Cindy Holscher,Ty Masterson,,-16.411473894550323,0.0,,,0.0,0.0,0.0,0.0,0.0,0.0,4.0,-5.443996083202614,0.033857589432366206,0.6907498552105805,-8.310638270103446,-6.276535206561226,-12.361246582767217,-0.24217944464875937,0.09205
governor-ma,GOV,MA,0,False,standard,Maura Healey,D,1,Maura Healey,Mike Minogue,,25.910638840838516,3.0,2.68716674221502,,0.0,1.1588089364725843e-05,0.0,0.0,0.0,0.0,10.0,19.55962522102025,0.14335968260357382,0.8030391804127851,44.02120129511783,24.423664320068394,17.423657272560053,31.562416769364393,0.999
governor-md,GOV,MD,0,False,standard,Wes Moore,D,1,Wes Moore,Dan Cox,,29.509514054361844,2.0,6.797289058340606,,0.0,6.50601728133864e-08,0.0,6.797289058340606,0.0,0.0,1.0,22.259772513638893,0.11,0.4831637900758646,51.24204060512209,37.2152539283786,26.712936877128858,47.686759145075115,0.99775
governor-me,GOV,ME,0,False,standard,Janet Mills,D,0,Hannah Pingree,Robert B. Charles,,7.08861163994892,1.0,,,0.0,0.5426463685401566,0.0,0.0,0.0,0.0,9.0,10.310928174840338,0.14200503698025893,0.6729487216205582,15.743142567214061,12.073144962761791,5.878107414776887,18.3275424871287,0.9883
governor-mi,GOV,MI,0,False,standard,Gretchen Whitmer,D,0,Jocelyn Benson,John James,,-1.4424736578339323,0.0,,,0.0,0.0,-0.0,-5.146484989306387,0.0,0.0,34.0,8.285984898641265,0.08690924066701206,0.7502653245982093,6.733566883592134,7.921060405263157,2.333980608170007,13.372527899963654,0.96095
governor-mn,GOV,MN,0,False,standard,Tim Walz,D,0,Amy Klobuchar,Lisa Demuth,,4.343404352188957,2.0,,,0.0,1.8295316649755882,0.0,7.4622921755249205,0.0,0.0,7.0,7.230431543433907,0.10359988051730717,0.6562892397537613,14.313794053911312,9.663644719618581,3.4051902582066007,15.912259790807369,0.97095
governor-ne,GOV,NE,0,False,standard,Jim Pillen,R,-1,Lynne Walz,Jim Pillen,,-20.840683303897794,-2.0,-2.508114974921277,,0.0,-0.5031235966612311,0.0,0.0,0.0,0.0,8.0,-11.15132762192954,0.18511387391904016,0.7048918044234341,-18.989817346557633,-13.36303003409639,-21.691287506828083,-5.2473545406630215,0.02845
governor-nh,GOV,NH,0,False,standard,Kelly Ayotte,R,-1,Cinde Warmington,Kelly Ayotte,,2.821214946726764,-2.0,11.35055113147892,,0.0,-3.7243137561055977,0.0,0.0,0.0,0.0,9.0,-9.896948712905663,0.09885059605112183,0.8484558197000401,-11.038570636838191,-10.02441234113991,-16.430451968861547,-3.665682236426775,0.02915
governor-nm,GOV,NM,0,False,standard,Michelle Lujan Grisham,D,0,Deb Haaland,Gregg Hull,,6.141812228647307,0.0,,,0.0,0.0,0.0,0.0,0.0,0.0,3.0,9.133140646580031,0.14817809602003404,0.4964760544950465,14.264576614551503,11.757920734847902,4.4791976343575906,19.012551253393003,0.9731
governor-nv,GOV,NV,0,False,standard,Joe Lombardo,R,-1,Aaron Ford,Joe Lombardo,,-3.1590179085170167,-1.0,-3.307901712140107,,0.0,-2.6999059114188526,0.0,0.0,0.0,0.0,12.0,1.7453629284636836,0.12939564488314845,0.7746565547182315,-2.629067044284181,0.762515398873729,-6.714934412651452,8.10307784654034,0.55475
governor-ny,GOV,NY,0,False,standard,Kathy Hochul,D,1,Kathy Hochul,Bruce Blakeman,,12.689486117138935,2.0,-9.718659304306652,,0.0,0.351524742996737,0.0,0.0,0.0,0.0,23.0,14.148245495362326,0.06757444215828053,0.8706924680943481,20.185583200374413,14.894124164288016,8.813220677258323,20.94341975834236,0.9967
governor-oh,GOV,OH,0,False,standard,Mike DeWine,R,0,Amy Acton,Vivek Ramaswamy,,-11.313229427274072,0.0,,,0.0,0.0,0.0,0.0,0.0,0.0,23.0,3.694573239252878,0.06611214686540233,0.7388010209404191,-3.1594908267260347,1.948679363624743,-3.6464663567349853,7.517393061206327,0.67495
governor-ok,GOV,OK,0,False,standard,Kevin Stitt,R,0,Cyndi Munson,Mike Mazzei,,-34.94008381234161,0.0,,,0.0,0.0,0.0,0.0,0.0,0.0,,,,0.0,-27.27592265988599,-27.192947605326026,-36.92625553367748,-17.30979247444804,0.00565
governor-or,GOV,OR,0,False,standard,Tina Kotek,D,1,Tina Kotek,Christine Drazan,,14.866116069775194,2.0,-5.546544107267179,,0.0,0.05371785355369548,-0.0,-5.546544107267179,0.0,0.0,5.0,-0.13323624875588821,0.08341418580320809,0.777460792411408,25.81995292534737,5.645262906487568,-1.7198694745569487,13.152556462426105,0.84155
governor-pa,GOV,PA,0,False,standard,Josh Shapiro,D,1,Josh Shapiro,Stacy Garrity,,-1.7263846921271542,1.0,21.207883058742727,,0.0,0.0010098034638845181,0.0,0.0,0.0,0.0,16.0,21.831281679114525,0.08936386008016432,0.852633410953773,33.710655182219114,23.593112125475223,17.199824899020694,29.866366087254125,0.9991
governor-ri,GOV,RI,0,False,standard,Dan McKee,D,0,Helena Foulkes,Aaron Guckian,,14.162406267890672,0.0,,,0.0,0.0,0.0,0.0,0.0,0.0,4.0,24.194687191862243,0.393081270151778,0.4377524546546004,22.16369018012837,23.171730039128892,15.524936187135806,30.777287007675667,0.99745
governor-sc,GOV,SC,0,False,standard,Henry McMaster,R,0,Jermaine Johnson,Alan Wilson,,-18.123365227038146,-1.0,,,0.0,-1.3395116410040397,0.0,0.0,0.0,0.0,2.0,-12.516693641569116,0.10058723250429855,0.38341287240862015,-11.386218605877206,-11.895412538434353,-19.65056567546582,-3.8550491258803747,0.037
governor-sd,GOV,SD,0,False,standard,Larry Rhoden,R,-1,Dan Ahlers,Larry Rhoden,,-29.890199073853058,-2.0,,,0.0,-0.010301755142069269,0.0,2.1624132214848673,0.0,0.0,,,,0.0,-30.038704189429065,-29.934959064765483,-39.85448599230889,-20.311197446027357,0.003
governor-tn,GOV,TN,0,False,standard,Bill Lee,R,0,Jerri Green,Marsha Blackburn,,-30.121099654993333,-2.0,,,0.0,-0.17053364460761963,0.0,6.239376092885431,0.0,0.0,4.0,-13.735187276705545,0.19979073462888894,0.4266757104582147,-22.47640538671822,-18.729605712249924,-26.505539975767164,-11.023766359652253,0.00695
governor-tx,GOV,TX,0,False,standard,Greg Abbott,R,-1,Gina Hinojosa,Greg Abbott,,-13.878067801618457,-2.0,-1.932886592561596,,0.0,-2.003651485082822,0.0,0.0,0.0,0.0,38.0,-3.17031178005781,0.05942350891350966,0.894015539344084,-13.952106954137289,-4.314399471102705,-10.012591149233398,1.325289125713055,0.16295
governor-vt,GOV,VT,0,False,standard,Phil Scott,R,-1,Amanda Janoo,Phil Scott,,32.77043577168019,-3.0,86.00196335393109,,0.0,-3.4011898672030824e-06,0.0,0.0,0.0,0.0,4.0,-3.487322128238261,0.15049915872872802,0.7727038329935326,-45.98247720931892,-13.229016500612001,-20.828115574949422,-5.716403503374843,0.0211
governor-wi,GOV,WI,0,False,standard,Tony Evers,D,0,David Crowley,Tom Tiffany,,-0.8733887823450505,-1.0,,,0.0,-1.864709743844861,0.0,0.0,0.0,0.0,7.0,2.851170246579997,0.0612210531611915,0.6945997602364714,5.436048888718218,3.611369736421016,-2.432496859960658,9.637936258029642,0.7827
governor-wy,GOV,WY,0,False,standard,Mark Gordon,R,0,Kenneth Casner,Eric Barlow,,-46.95834604821483,-1.0,,,0.0,-4.535911758272671e-05,0.0,0.0,0.0,0.0,,,,0.0,-39.78896042419387,-39.81616568207292,-49.48371960817324,-30.00311740536915,0.0011
house-ak-al,HOUSE,AK,0,False,independent,Nick Begich III,R,-1,Eric Hafner,Nick Begich III,Bill Hill,-13.69312508474994,0.0,-12.770549517046897,,0.0,0.0,0.0,0.0,0.0,0.0,9.0,-13.892126708080335,0.07204505703392279,0.5185063398003367,-0.8975568170106817,-7.648837308028654,-13.886236107427889,-1.3879002016087019,0.0609
house-al-1,HOUSE,AL,1,False,standard,None (new seat),,0,Clyde Jones Jr.,Jerry Carl,,-36.345566221179666,-2.0,,-2.431121173534253,-0.013232348005953987,-0.0,0.0,0.0,0.1735,0.0020460766039646573,,,,0.0,-28.74169536825628,-28.631345417428342,-36.75802567352225,-20.406667873252506,0.0018
house-al-2,HOUSE,AL,2,False,standard,Shomari Figures,D,1,Shomari Figures,Rhett Marques,,-14.464028814208385,1.0,1.1475379080899204,0.2395606374046885,0.3821749942807282,0.0,0.0,0.0,0.011,0.038021705606712045,3.0,-3.774338339250122,0.0649090290969521,0.3931689304201775,-2.308893459269763,-2.85395386291368,-8.836913880822882,3.2068661171259905,0.2675
house-al-3,HOUSE,AL,3,False,standard,Mike Rogers,R,-1,Lee McInnis,Mike Rogers,,-47.07264752025102,-2.0,,-3.902197354795428,-2.134564139332157e-05,-0.0,0.0,0.0,-0.3685,-5.680905283039276e-06,,,,0.0,-42.20876956032819,-42.155214371212914,-49.48448135969704,-34.92006967636276,0.00025
house-al-4,HOUSE,AL,4,False,standard,Robert Aderholt,R,-1,Amanda Pusczek,Robert Aderholt,,-66.92238927771601,-2.0,,-4.105521583157128,-4.298952126906799e-12,-0.0,0.0,0.0,-0.1915,-5.945689622185821e-13,,,,0.0,-63.25952931445266,-63.241688123128014,-70.4407941837684,-55.983177548609575,0.0
house-al-5,HOUSE,AL,5,False,standard,Dale Strong,R,-1,Andrew Sneed,Dale Strong,,-29.494479149858233,-2.0,,-1.1794377138850516,-0.03676641794738903,-0.0,0.0,0.0,-0.2285,-0.0154331513549463,,,,0.0,-24.013173872685154,-24.055453060446485,-31.2517924390418,-16.69580277609788,0.00135
house-al-6,HOUSE,AL,6,False,standard,Gary Palmer,R,-1,Maurice Mercer,Gary Palmer,,-34.997225548319264,-1.0,1.069753467649206,-3.728361892596589,-0.016771607265062993,-0.0,0.0,0.0,0.1385,0.0016776266044858845,,,,0.0,-28.678454714039304,-28.656230416069086,-35.92894532268545,-21.430358705787498,0.00085
house-al-7,HOUSE,AL,7,False,standard,Terri Sewell,D,1,Terri Sewell,Ammie Akin,,17.94825384375597,2.0,3.2814848729842767,3.477072922003848,0.018265049067220655,0.0,0.0,0.0,0.396,0.005223804033225107,,,,0.0,28.471771227889846,28.569075741197473,21.26068121788171,35.84209502625034,0.99905
house-ar-1,HOUSE,AR,1,False,standard,Rick Crawford,R,-1,Terri Green,Rick Crawford,,-46.175871865422906,-2.0,,-3.077293238149337,-3.680393195189619e-05,-0.0,0.0,0.0,-0.1815,-4.824382080027725e-06,,,,0.0,-41.2690726489819,-41.35979773669258,-48.674957548497666,-34.09330719661337,0.0001
house-ar-2,HOUSE,AR,2,False,standard,French Hill,R,-1,Chris Jones,French Hill,,-15.914419225205982,-2.0,,-1.6006980168392992,-1.357908545913301,-0.0,0.0,0.0,-0.2915,-0.535786511114197,2.0,1.0623531720722719,0.08009456531440119,0.3851967000522174,-11.813042739482807,-6.898547463828926,-12.963701185179396,-0.7879767913076676,0.0772
house-ar-3,HOUSE,AR,3,False,standard,Steve Womack,R,-1,Robb Ryerse,Steve Womack,,-25.590736769421778,-2.0,7.803256216161354,-3.2514994389466443,-0.14138548863956746,-0.0,0.0,0.0,-0.2845,-0.029050790540746677,,,,0.0,-22.855423791674855,-22.87418340153485,-30.187533503491544,-15.53449196267484,0.00235
house-ar-4,HOUSE,AR,4,False,standard,Bruce Westerman,R,-1,James Russell,Bruce Westerman,,-40.66097964677422,-2.0,5.038389015066705,-5.377559988629998,-0.00043189349875194776,-0.0,0.0,0.0,-0.2455,-7.657711673704674e-05,,,,0.0,-36.722739016327196,-36.728135729337666,-44.05759582600693,-29.539152726619175,0.00045
house-az-1,HOUSE,AZ,1,False,standard,David Schweikert,,0,Amish Shah,Jay Feely,,-3.136835928138348,1.0,,-0.2158783661301358,-0.2703781043030291,0.0,0.0,0.0,-0.124,-0.33649311566012763,,,,0.0,5.896282492954403,5.9096098677066395,-2.316232369448997,14.249882038379603,0.82775
house-az-2,HOUSE,AZ,2,False,standard,Eli Crane,R,-1,Jonathan Nez,Eli Crane,,-15.120247407676915,-2.0,-6.280610068917462,-1.0425379600417812,-1.5625240461740375,-0.0,0.0,0.0,0.1675000000000002,0.5439284133129015,3.0,-5.477801900636409,0.08009948698045151,0.3764014483914923,-5.072915780113559,-5.241919556220888,-11.22662158322199,0.949586222301372,0.136
house-az-3,HOUSE,AZ,3,False,same_party,Yassamin Ansari,D,1,Yassamin Ansari,,D,40.30739381027563,0.0,5.305098033369839,,,,,0.0,0.431,,,,,,,,,,1.0
house-az-4,HOUSE,AZ,4,False,standard,Greg Stanton,D,1,Greg Stanton,Zuhdi Jasser,,6.762673080066313,2.0,0.7821639108612466,1.6958555434852682,0.4007074503330967,0.0,0.0,0.0,0.0755000000000001,0.038652502371914775,,,,0.0,17.245807946208085,17.283953533428743,10.034436567054868,24.563144794616807,0.99275
house-az-5,HOUSE,AZ,5,False,standard,Andy Biggs,,0,Elizabeth Lee,Mark Lamb,,-20.192893032045866,-1.0,,-1.946264841600863,-1.1820576734224424,-0.0,0.0,0.0,0.0,0.0,,,,0.0,-13.286299820222618,-13.227450471486776,-21.516702434110936,-5.058055193590196,0.0294
house-az-6,HOUSE,AZ,6,False,standard,Juan Ciscomani,R,-1,JoAnna Mendoza,Juan Ciscomani,,-0.7577863175811479,0.0,1.6926229756400386,0.0835124495755585,0.09752465601683215,0.0,0.0,0.0,-0.0854999999999999,-0.2163323267242016,3.0,-3.093936413153903,0.08010862580964025,0.29843284214523147,7.117941371250489,4.113310367023776,-2.1408674118950497,10.537189468400994,0.8068
house-az-7,HOUSE,AZ,7,False,standard,Adelita Grijalva,D,1,Adelita Grijalva,Daniel Butierez,,22.388102593577123,2.0,,2.5027491242181448,0.0027404914583721534,0.0,0.0,0.0,0.4515,0.0010711763888799938,,,,0.0,32.50543359166202,32.60302451136462,25.370865356049816,39.79709670140407,0.9996
house-az-8,HOUSE,AZ,8,False,standard,Abraham Hamadeh,R,-1,Bernadette Greene-Placentia,Abraham Hamadeh,,-16.479945618728582,-2.0,-3.602494534275597,-1.8431457459795928,-1.7776531110830687,-0.0,0.0,0.0,0.2655000000000002,0.5548095989593317,,,,0.0,-10.162428998212716,-10.148479366606741,-17.353152238443677,-2.743799407266625,0.04595
house-az-9,HOUSE,AZ,9,False,standard,Paul Gosar,R,-1,Dani Sterbinsky,Paul Gosar,,-31.342610456055603,-2.0,-0.8711098394813428,-0.6194512817681341,-0.02020912559717289,-0.0,0.0,0.0,0.2555,0.018060234018568894,,,,0.0,-23.825983098502864,-23.88789712219186,-31.20502166099412,-16.609788959061078,0.00155
house-ca-1,HOUSE,CA,1,False,standard,James Gallagher,R,-1,Mike McGuire,James Gallagher,,12.629463408737175,0.0,,-0.3709752082628805,-0.05694170834664958,0.0,0.0,0.0,0.0,0.0,,,,0.0,18.50586347256349,18.541807718197056,11.283896627772574,25.700644073673537,0.99495
house-ca-2,HOUSE,CA,2,False,standard,Jared Huffman,D,1,Jared Huffman,Robin Littau,,25.44160337217163,0.0,-2.8993666984930675,,0.0,0.0,0.0,0.0,-0.1869999999999999,-0.0004841146062289469,,,,0.0,32.30721977945049,32.36638638262374,25.10355489076832,39.537183508346054,0.99955
house-ca-3,HOUSE,CA,3,False,standard,Ami Bera,D,1,Ami Bera,Robb Tucker,,10.524576177817453,0.0,1.0762642409394418,2.4227575970708752,0.23437682622267617,0.0,0.0,0.0,0.01,0.002096026682280352,,,,0.0,20.510881353682105,20.501482125855595,13.249102937348736,27.766513823905587,0.9966
house-ca-4,HOUSE,CA,4,False,same_party,Mike Thompson,D,1,Eric Jones; Mike Thompson,,D,14.94839647088782,0.0,0.8037552636300811,,,,,0.0,0.0,,,,,,,,,,1.0
house-ca-5,HOUSE,CA,5,False,standard,Tom McClintock,R,-1,Michael Masuda,Tom McClintock,,-21.235866123925824,0.0,5.252533776953697,-1.116225321104394,-0.2635377147023313,0.0,0.0,0.0,0.0055,0.0028134920798030074,,,,0.0,-17.070601300874213,-17.050044566568957,-24.313823740707317,-9.720134815704197,0.00715
house-ca-6,HOUSE,CA,6,False,independent,Kevin Kiley,,0,Richard Pan,,Kevin Kiley,8.682513359130274,0.0,,,0.0,0.0,0.0,0.0,0.0,0.0,1.0,2.293344929881271,0.26,0.3669246469722891,17.305830674658857,11.819690225137318,4.263121215929679,19.584479451269218,0.96775
house-ca-7,HOUSE,CA,7,False,same_party,Doris Matsui,D,1,Doris Matsui; Mai Vang,,D,13.242240467285542,0.0,2.7128337879861144,,,,,0.0,0.0,,,,,,,,,,1.0
house-ca-8,HOUSE,CA,8,False,standard,John Garamendi,D,1,John Garamendi,Rudy Recile,,35.16151506846601,0.0,3.08075322027645,3.0503884841823927,4.007437679883087e-06,0.0,0.0,0.0,0.5535000000000001,1.6019732125332645e-06,,,,0.0,44.97161999357,45.014248556370596,37.66800881700334,52.161065416332875,0.9999
house-ca-9,HOUSE,CA,9,False,standard,Josh Harder,D,1,Josh Harder,John McBride,,11.79306950489872,0.0,5.563804813366509,4.670436788171247,0.0956401931774954,0.0,0.0,0.0,0.0845,0.005836708455859928,,,,0.0,23.994945059349153,24.05057073673992,16.750585066641126,31.265234792184735,0.99855
house-ca-10,HOUSE,CA,10,False,standard,Mark DeSaulnier,D,1,Mark DeSaulnier,Jeff Frese,,34.70519851744464,0.0,-1.9187440809793437,,0.0,0.0,0.0,0.0,-0.0499999999999999,-9.876375712899602e-07,,,,0.0,41.78378783193826,41.844664172305016,34.625820283925776,49.11634631198387,0.9998
house-ca-11,HOUSE,CA,11,False,same_party,Nancy Pelosi,,0,Connie Chan; Scott Wiener,,D,70.62364833844883,0.0,,,,,,0.0,0.0,,,,,,,,,,1.0
house-ca-12,HOUSE,CA,12,False,same_party,Lateefah Simon,D,1,Jamie Joyce; Lateefah Simon,,D,77.64166603414307,0.0,,,,,,0.0,-0.134,,,,,,,,,,1.0
house-ca-13,HOUSE,CA,13,False,standard,Adam Gray,D,1,Adam Gray,Kevin Lincoln,,0.38467032128098666,0.0,5.756796081624154,0.8043669081225392,0.2352003281546443,0.0,0.0,0.0,-0.0225,-0.014254708742682575,,,,0.0,16.088248001755918,16.080042368746017,8.746129967719808,23.348877849271712,0.9916
house-ca-14,HOUSE,CA,14,False,same_party,Aisha Wahab,D,1,Melissa Hernandez; Aisha Wahab,,D,36.20284739037839,0.0,,,,,,0.0,-0.244,,,,,,,,,,1.0
house-ca-15,HOUSE,CA,15,False,standard,Kevin Mullin,D,1,Kevin Mullin,Charles Hoelter,,49.63592027213561,0.0,-3.3193008313935186,3.630480023472267,3.1464720542379937e-09,0.0,0.0,0.0,-0.008,-1.8179616313375075e-11,,,,0.0,55.244838413913165,55.221022215452315,48.16343811521718,62.367680966816366,0.9999
house-ca-16,HOUSE,CA,16,False,standard,Sam Liccardo,D,1,Sam Liccardo,Peter Soulé,,49.88409390678165,0.0,,4.988528402051517,1.7859720337062275e-10,0.0,0.0,0.0,0.155,1.9992964710655827e-11,,,,0.0,58.86522201725047,58.86007351486453,51.72219246897514,66.12463641709043,1.0
house-ca-17,HOUSE,CA,17,False,standard,Ro Khanna,D,1,Ro Khanna,Ritesh Tandon,,40.74153179236477,0.0,-4.232284072178678,5.981583956134133,1.7372249563272605e-06,0.0,0.0,0.0,-1.6015,-2.009341943236411e-06,,,,0.0,46.29049963855439,46.342431377960864,39.10203696082954,53.64102838030805,0.99985
house-ca-18,HOUSE,CA,18,False,standard,Zoe Lofgren,D,1,Zoe Lofgren,Shane Lewis,,29.36942888310379,0.0,-1.068018686251352,3.1881866791166984,0.00035330023614788567,0.0,0.0,0.0,-0.14,-3.5722579432730666e-05,,,,0.0,37.114279533877756,37.1754127272283,29.792926713302684,44.417041042393066,0.99955
house-ca-19,HOUSE,CA,19,False,standard,Jimmy Panetta,D,1,Jimmy Panetta,Peter Coe Verbica,,35.65620730686175,0.0,3.030690413099209,4.191912414695078,3.0266297101981874e-06,0.0,0.0,0.0,0.492,1.0754624236904226e-06,,,,0.0,45.418802416125146,45.494359926720094,38.30689319053324,52.54776948791826,0.9998
house-ca-20,HOUSE,CA,20,False,standard,Vince Fong,R,-1,Sandra Van Scotter,Vince Fong,,-32.974775522914825,0.0,,-4.1835615831780615,-0.02594439103401265,0.0,0.0,0.0,-0.2704999999999999,-0.005068525059505859,,,,0.0,-27.576714077463567,-27.551954825419486,-34.76629873962606,-20.268341295251513,0.00095
house-ca-21,HOUSE,CA,21,False,standard,Jim Costa,D,1,Jim Costa,Kyle Kirkland,,6.132521905498509,0.0,1.3700734439778768,1.4853933604826512,0.3693338865961334,0.0,0.0,0.0,0.679,0.36579650703038435,,,,0.0,17.321750832678017,17.361430714783467,10.164320326183711,24.681428911222064,0.99335
house-ca-22,HOUSE,CA,22,False,standard,David Valadao,R,-1,Randy Villegas,David Valadao,,-1.904550659129194,0.0,0.7632872083505973,-0.6509405274397485,-0.8073420823640334,0.0,0.0,0.0,-0.1845000000000001,-0.4957979781876389,1.0,0.7897742122422102,0.08,0.32791485691630157,5.307374510327967,3.860376299660313,-2.4385626058736043,10.08951206944558,0.78675
house-ca-23,HOUSE,CA,23,False,standard,Jay Obernolte,R,-1,Tessa Lynn Hodge,Jay Obernolte,,-19.916752765341304,0.0,2.791437038838988,-3.241198290602025,-1.2687222628709527,0.0,0.0,0.0,-0.3105,-0.28451096744881116,,,,0.0,-15.646954965968101,-15.618894145961598,-22.84429518106635,-8.400117244751357,0.01055
house-ca-24,HOUSE,CA,24,False,standard,Salud Carbajal,D,1,Salud Carbajal,Bob Smith,,25.739617194559514,0.0,-0.3084910688449218,2.9525586745494854,0.0016021499275626929,0.0,0.0,0.0,-0.0509999999999999,-5.996072779914878e-05,,,,0.0,34.02291736165241,34.07752323891441,26.855465677093527,41.31926650583562,0.9991
house-ca-25,HOUSE,CA,25,False,standard,Raul Ruiz,D,1,Raul Ruiz,Joe Males,,5.945627014024418,0.0,10.070900393897332,1.4155785256537825,0.10455255331517163,0.0,0.0,0.0,0.033,0.005280885112736661,,,,0.0,21.320991905658563,21.35367928926435,14.09885216839914,28.671521744450065,0.9966
house-ca-26,HOUSE,CA,26,False,standard,Julia Brownley,,0,Jacqui Irwin,Sam Gallucci,,15.718925391005014,0.0,,0.7479961898449257,0.024870981007717518,0.0,0.0,0.0,0.0,0.0,,,,0.0,23.791203395115787,23.78049194395942,15.517504081806692,31.918323077945903,0.9961
house-ca-27,HOUSE,CA,27,False,standard,George T. Whitesides,,0,George Whitesides,Jason Gibbs,,10.031526860467544,0.0,,2.423998442454749,0.3780828345479971,0.0,0.0,0.0,-0.14,-0.047312376308055355,,,,0.0,18.831229992779246,18.847568448377338,10.534096619449235,27.168970275862158,0.99115
house-ca-28,HOUSE,CA,28,False,standard,Judy Chu,D,1,Judy Chu,April Verlato,,26.1481226056064,0.0,2.163367124713017,4.935587316381753,0.000695278786358242,0.0,0.0,0.0,-0.7244999999999999,-0.0003638046249619501,,,,0.0,35.77684526545725,35.814955627050935,28.624717725806384,43.0605845087324,1.0
house-ca-29,HOUSE,CA,29,False,same_party,Luz Rivas,D,1,Angelica Dueñas; Luz Rivas,,D,34.707532916037124,0.0,3.727003733491729,,,,,0.0,-0.3029999999999999,,,,,,,,,,1.0
house-ca-30,HOUSE,CA,30,False,standard,Laura Friedman,D,1,Laura Friedman,Scott Meyers,,41.437251814842114,0.0,-5.567047676241173,2.6770151994822355,4.487177825475642e-07,0.0,0.0,0.0,-0.122,-4.430720722455374e-08,,,,0.0,48.18021399680693,48.23018104626465,41.08387513613941,55.42272191203673,0.99985
house-ca-31,HOUSE,CA,31,False,standard,Gil Cisneros,D,1,Gil Cisneros,Eric Ching,,12.60519627223948,0.0,2.138382595491401,1.593293315234828,0.038473174486288154,0.0,0.0,0.0,-0.7074999999999999,-0.037015262554411496,,,,0.0,24.717936249740184,24.70039008655142,17.455022305100325,31.880079629645824,0.99875
house-ca-32,HOUSE,CA,32,False,standard,Brad Sherman,D,1,Brad Sherman,Larry Thompson,,25.747546353027406,0.0,0.2922952117154489,4.698073235406674,0.0013864243294186957,0.0,0.0,0.0,-0.2525,-0.00025282988118427045,,,,0.0,34.360621408685226,34.372200582783194,27.144468087256364,41.66163632143945,0.9996
house-ca-33,HOUSE,CA,33,False,standard,Pete Aguilar,D,1,Pete Aguilar,Stephanie Vargas,,10.074713405340932,0.0,8.79098950956989,,0.0,0.0,0.0,0.0,0.235,0.015081145631758604,,,,0.0,24.129181516130483,24.17933865931998,16.95063207931373,31.531025111328365,0.998
house-ca-34,HOUSE,CA,34,False,same_party,Jimmy Gomez,D,1,Jimmy Gomez; Angela Gonzales-Torres,,D,53.04146587963031,0.0,,,,,,0.0,0.0,,,,,,,,,,1.0
house-ca-35,HOUSE,CA,35,False,standard,Norma Torres,D,1,Norma Torres,Mike Cargile,,8.045128888677315,0.0,6.330823280804872,3.609995347246432,0.23778421849443424,0.0,0.0,0.0,0.6525,0.11205581296550213,,,,0.0,21.31998249836298,21.38306450759891,14.11515904346448,28.61646962638329,0.99715
house-ca-36,HOUSE,CA,36,False,standard,Ted Lieu,D,1,Ted Lieu,Houston Brignano,,40.42823555904659,0.0,-2.874067918935096,4.496240124520736,1.3007100857288604e-06,0.0,0.0,0.0,0.207,1.9445615781646463e-07,,,,0.0,46.73843223377128,46.71014237511575,39.63330470800496,53.934468655949416,0.99985
house-ca-37,HOUSE,CA,37,False,same_party,Sydney Kamlager-Dove,D,1,Sydney Kamlager-Dove; Samantha Mota,,D,62.30874203046086,0.0,,,,,,0.0,0.0,,,,,,,,,,1.0
house-ca-38,HOUSE,CA,38,False,standard,None (new seat),,0,Hilda Solis,Pedro Casas,,12.742118430048967,0.0,,,0.0,0.0,0.0,0.0,0.0,0.0,,,,0.0,20.967051328149605,21.01856166173104,12.80114718310417,29.28698296358284,0.9942
house-ca-39,HOUSE,CA,39,False,standard,Mark Takano,D,1,Mark Takano,Steve Manos,,9.780058137498687,0.0,3.490835779056403,,0.0,0.0,0.0,0.0,-0.13,-0.022547405642646758,,,,0.0,20.91357758325708,20.968229036358046,13.735415485750536,28.228568661507467,0.9969
house-ca-40,HOUSE,CA,40,False,same_party,Young Kim,R,-1,,Ken Calvert; Young Kim,R,-12.603878865212948,0.0,8.018197579654693,,,,,0.0,0.1114999999999999,,,,,,,,,,0.0
house-ca-41,HOUSE,CA,41,False,standard,Linda Sánchez,D,1,Linda Sánchez,Mitch Clemmons,,14.644434716860998,0.0,3.1850697720503165,4.411924565984419,0.06043526301045521,0.0,0.0,0.0,0.1099999999999999,0.004801245894719493,,,,0.0,25.30403122379377,25.412527178596605,18.204363379607635,32.69406701853096,0.9983
house-ca-42,HOUSE,CA,42,False,standard,Robert Garcia,D,1,Robert Garcia,Brian Burley,,13.56070313007434,0.0,2.727948986440624,2.469245206024792,0.07676799475376285,0.0,0.0,0.0,0.3955000000000001,0.02664124810714248,,,,0.0,24.072410543946884,24.095736573099188,16.842868268713303,31.294543102861383,0.9982
house-ca-43,HOUSE,CA,43,False,standard,Maxine Waters,D,1,Maxine Waters,Cristian Morales,,50.587898039106896,0.0,-0.3495257582380011,,0.0,0.0,0.0,0.0,-0.002,-6.221399220206978e-13,,,,0.0,57.77845724504725,57.818979716919785,50.699271145837,65.01828050552594,0.99975
house-ca-44,HOUSE,CA,44,False,standard,Nanette Barragán,D,1,Nanette Barragán,Genevieve Angel,,36.31627653527624,0.0,7.951769490274075,4.177481670150154,3.4071601902141295e-07,0.0,0.0,0.0,0.132,3.24815938133747e-08,,,,0.0,48.75844221827847,48.80446658826807,41.533165010959614,55.99132900341275,0.99995
house-ca-45,HOUSE,CA,45,False,standard,Derek Tran,D,1,Derek Tran,Chuong Vo,,4.054985173885471,0.0,-1.318767740662521,2.4415500370827883,0.8115137224556745,0.0,0.0,0.0,-0.1719999999999999,-0.12386562196495336,,,,0.0,15.962478570923764,15.960469200420084,8.778057871454903,23.086394866706133,0.99125
house-ca-46,HOUSE,CA,46,False,standard,Lou Correa,D,1,Lou Correa,David Pan,,16.687679706845415,0.0,,3.366145791445452,0.03199816257240325,0.0,0.0,0.0,0.5785000000000001,0.01336901009031993,,,,0.0,27.03732031895871,27.015011680421132,19.66070892344892,34.29549357766198,0.9993
house-ca-47,HOUSE,CA,47,False,standard,Dave Min,D,1,Dave Min,Jenny Le Roux,,10.467836596792077,0.0,-1.2467872526652797,2.275777362991438,0.18379287651748563,0.0,0.0,0.0,-0.138,-0.02414738408615367,,,,0.0,21.065358322332557,21.06425436864474,13.84936895661373,28.344602869487886,0.99695
house-ca-48,HOUSE,CA,48,False,standard,Darrell Issa,,0,Marni von Wilpert,Jim Desmond,,3.483522109969155,0.0,,-0.0374571116730566,-0.02016334051317744,0.0,0.0,0.0,0.0,0.0,1.0,2.913496917322143,0.13,0.3853398895475556,12.78178543779061,9.057444608272675,2.173268272648716,15.748478302398167,0.9501
house-ca-49,HOUSE,CA,49,False,standard,Mike Levin,D,1,Mike Levin,Armen Kurdian,,12.472724656910152,0.0,-3.5536342683158777,3.8143991580810206,0.3590951894001851,0.0,0.0,0.0,-0.1669999999999999,-0.043310869788211186,,,,0.0,19.819287473956066,19.870183120821213,12.58959830375636,27.17887137407095,0.9958
house-ca-50,HOUSE,CA,50,False,standard,Scott Peters,D,1,Scott Peters,Steve Cohen,,18.835035308251694,0.0,-1.968226872948484,,0.0,0.0,0.0,0.0,0.056,0.0016019436363150577,,,,0.0,26.418281331969624,26.449786178690612,19.231933902238946,33.67839739713919,0.9982
house-ca-51,HOUSE,CA,51,False,standard,Sara Jacobs,D,1,Sara Jacobs,Ricardo Cabrera,,18.80325794580321,0.0,-2.7329987170896137,4.303418797913867,0.04667554883057584,0.0,0.0,0.0,-0.0889999999999999,-0.003000200555387566,,,,0.0,26.009027098131913,26.05669472079645,18.85137534555562,33.198789356139976,0.99855
house-ca-52,HOUSE,CA,52,False,standard,Juan Vargas,D,1,Juan Vargas,Jeff Belle,,18.041442893620868,0.0,10.976531094670182,2.846774211985893,0.0027596844804854024,0.0,0.0,0.0,0.52,0.0010921991992161645,,,,0.0,32.77422214489086,32.8175220258799,25.66511475247702,40.11536666556379,0.9993
house-co-1,HOUSE,CO,1,False,standard,Diana DeGette,,0,Melat Kiros,Christy Peterson,,57.612736564272474,0.0,,3.71973976808556,2.5577416920031593e-12,0.0,0.0,0.0,0.0,0.0,,,,0.0,63.84778427775572,63.84751655902987,55.84758160084475,72.10388671266162,0.99995
house-co-2,HOUSE,CO,2,False,standard,Joe Neguse,D,1,Joe Neguse,Kelley Dennison,,40.91811325700261,2.0,-0.2738921648753267,,0.0,0.0,0.0,0.0,0.02,5.345835499331072e-09,,,,0.0,48.636147550227,48.61755947536291,41.40146632830327,55.78013403103898,0.99975
house-co-3,HOUSE,CO,3,False,standard,Jeff Hurd,R,-1,Dwayne Romero,Jeff Hurd,,-9.976649536268868,-2.0,-4.944663168340056,-1.5878601171287483,-2.6467556185373313,-0.0,0.0,0.0,-0.0785,-0.28350672282995365,1.0,-4.786216853233147,0.09,0.3031319726813874,-3.9932259627971107,-4.227127080445516,-10.448655275969948,2.093667118115939,0.19095
house-co-4,HOUSE,CO,4,False,standard,Lauren Boebert,R,-1,Eileen Laubacher,Lauren Boebert,,-18.71337622079264,-2.0,-6.709335647869062,1.9490786631845332,2.188287394621745,-0.0,0.0,0.0,0.4075,0.9912762622989078,,,,0.0,-4.438606336962062,-4.347414752570956,-11.765042904541833,2.9089331239609937,0.215
house-co-5,HOUSE,CO,5,False,standard,Jeff Crank,R,-1,Jessica Killin,Jeff Crank,,-9.337043356329268,-2.0,4.980302160664235,0.275477867330993,0.3664469233229687,-0.0,0.0,0.0,0.1394999999999999,0.4020598229813077,2.0,-4.467154772595592,0.11000015402565813,0.2815594558808643,-5.029460522022672,-4.850550141058726,-11.229808087353039,1.604083870652516,0.16365
house-co-6,HOUSE,CO,6,False,standard,Jason Crow,D,1,Jason Crow,Jason Clark,,20.360281044369106,0.0,0.8208666217469522,,0.0,0.0,0.0,0.0,-0.1839999999999999,-0.0016380242765171261,,,,0.0,29.425113804077903,29.43824148178384,22.137142307207426,36.688443838882705,0.9992
house-co-7,HOUSE,CO,7,False,standard,Brittany Pettersen,D,1,Brittany Pettersen,Tim Bennett,,15.41488104034284,2.0,-0.5899832308996702,3.366112632166681,0.09566939882558605,0.0,0.0,0.0,0.075,0.005182092436385911,,,,0.0,23.99339957707757,24.01151430122509,16.71131179815226,31.276924409544595,0.99775
house-co-8,HOUSE,CO,8,False,standard,Gabe Evans,R,-1,Manny Rutinel,Gabe Evans,,-1.8800480977231158,-1.0,-1.2486186750236898,-0.246864482379053,-0.32881219857600297,-0.0,0.0,0.0,0.2504999999999999,0.7229181737982917,1.0,3.75861488111742,0.05999999999999999,0.32437139895466405,6.175896785967212,5.422013455041875,-0.905049358229215,11.58640799728943,0.8649
house-ct-1,HOUSE,CT,1,False,standard,John B. Larson,,0,Luke Bronin,Amy Chai,,23.26879227281734,2.0,,4.710546800792924,0.0062180638623860725,0.0,0.0,0.0,0.0,0.0,,,,0.0,31.06212249705658,31.011572598169952,22.77115784146326,39.303972176753284,0.99845
house-ct-2,HOUSE,CT,2,False,standard,Joe Courtney,D,1,Joe Courtney,George Austin,,7.856473409463372,2.0,8.29878931008028,1.3374057506150538,0.08066028306511845,0.0,0.0,0.0,-0.0929999999999999,-0.01215266722918367,,,,0.0,21.956700062594336,21.817828871844142,14.765665885786932,29.23847972714418,0.9974
house-ct-3,HOUSE,CT,3,False,standard,Rosa DeLauro,D,1,Rosa DeLauro,Chris Lancia,,14.332117484384685,2.0,5.431502702137432,3.9347843674206193,0.04318868221639722,0.0,0.0,0.0,-0.0269999999999999,-0.0008421793032197426,,,,0.0,26.222108449222887,26.194801133278972,18.927698636762578,33.53573706162716,0.99885
house-ct-4,HOUSE,CT,4,False,standard,Jim Himes,D,1,Jim Himes,Michael Goldstein,,23.729413954381982,2.0,0.4989811530060501,3.922617215725456,0.003262119450155345,0.0,0.0,0.0,0.088,0.00020732581394320636,,,,0.0,32.52055619045822,32.4679338066738,25.20060766809903,39.866140920811674,0.9996
house-ct-5,HOUSE,CT,5,False,standard,Jahana Hayes,D,1,Jahana Hayes,Chris Shea,,5.675230760185784,2.0,-1.2666356398500511,1.7837426521934596,0.6624188521598232,0.0,0.0,0.0,-0.1699999999999999,-0.13678595596670495,,,,0.0,15.268377833867701,15.26006941442029,7.972295305374987,22.49715041321841,0.991
house-de-al,HOUSE,DE,0,False,standard,Sarah McBride,D,1,Sarah McBride,Joseph Arminio,,14.958471282996337,0.0,0.8909582243564254,5.164260075857007,0.04234375998633694,0.0,0.0,0.0,-0.0749999999999999,-0.0022936203325932478,,,,0.0,26.274092955020222,26.316323847027107,18.97337296162286,33.61194259003999,0.9986
house-fl-1,HOUSE,FL,1,False,standard,Jimmy Patronis,R,-1,Gay Valimont,Jimmy Patronis,,-37.5886728785613,-2.0,,-2.185732539719852,-0.002598454380694325,-0.0,0.0,0.0,-0.1995,-0.0005138697830792607,,,,0.0,-32.32208501457683,-32.313708081145734,-39.60530244634406,-24.93504586169054,0.0005
house-fl-2,HOUSE,FL,2,False,standard,Neal Dunn,,0,Amanda Green,Austin Rogers,,-18.176177438099554,-3.0,,-1.0205239563158912,-0.8552556758643945,-0.0,0.0,0.0,0.0,0.0,,,,0.0,-10.862599468259555,-10.823566279290969,-19.217770746535454,-2.606152875927012,0.05345
house-fl-3,HOUSE,FL,3,False,standard,Kat Cammack,R,-1,Seth Harp,Kat Cammack,,-21.31654394584286,-2.0,1.7742408273770414,-3.823290069006792,-1.0608602594984415,-0.0,0.0,0.0,0.0584999999999999,0.04482134596380908,,,,0.0,-15.995990015096474,-16.049205398047473,-23.276512499298253,-8.755759266809518,0.0096
house-fl-4,HOUSE,FL,4,False,standard,Aaron Bean,R,-1,LaShonda Holloway,Aaron Bean,,-11.962520792109427,-2.0,2.4555568492913187,-3.8014478951635087,-4.115329363042526,-0.0,0.0,0.0,-0.3275,-0.9733897090640865,,,,0.0,-10.491214649258454,-10.574180157861969,-17.941237511681635,-3.2161165330278516,0.0385
house-fl-5,HOUSE,FL,5,False,standard,John Rutherford,R,-1,Rachel Grage,John Rutherford,,-21.67839300824128,-2.0,4.3421433214138885,-1.1526586392471585,-0.2750057500283359,-0.0,0.0,0.0,-0.5365,-0.27733385789820064,,,,0.0,-17.31728102791324,-17.270265560069355,-24.591235478812536,-10.004728714752005,0.0069
house-fl-6,HOUSE,FL,6,False,standard,Randy Fine,R,-1,Eric Yonce,Randy Fine,,-30.308187147843146,-2.0,,-1.8230312456254896,-0.04280451523863328,-0.0,0.0,0.0,-0.2135,-0.010861391097008191,,,,0.0,-24.851619057129035,-24.821762390829846,-31.99566356617974,-17.442195426141875,0.0021
house-fl-7,HOUSE,FL,7,False,standard,Cory Mills,,0,Bale Dalton,Ryan Elijah,,-12.617439168584001,0.0,,1.3037635090255264,1.9557584925954072,0.0,0.0,0.0,0.0,0.0,,,,0.0,-2.0829286123931916,-2.063269677922481,-10.336782276186744,6.197180008322698,0.37105
house-fl-8,HOUSE,FL,8,False,standard,Mike Haridopolos,R,-1,Jennifer Jenkins,Mike Haridopolos,,-16.395271547785974,-1.0,1.8009870102269927,-1.0785981029654792,-0.6865767993396217,-0.0,0.0,0.0,-0.3255,-0.4489237338754761,2.0,-7.0547378699794026,0.11519031386166517,0.32667046595392657,-12.95713368569453,-10.996827605508688,-17.28890729154015,-4.745923097664869,0.01875
house-fl-9,HOUSE,FL,9,False,standard,Darren Soto,D,1,Darren Soto,Dan Green,,-17.93494817151253,2.0,9.409546794910533,0.5496941359508347,0.8336233011889314,0.0,0.0,0.0,0.426,1.3997498912125974,1.0,-5.559156699844255,0.18,0.2119242627919315,-1.6061426034741424,-2.5221346930431263,-9.033415612611629,4.146648027970267,0.30955
house-fl-10,HOUSE,FL,10,False,same_party,Maxwell Frost,D,1,Maxwell Frost,,D,24.292988534582708,0.0,1.8509874742375356,,,,,0.0,-0.2669999999999999,,,,,,,,,,1.0
house-fl-11,HOUSE,FL,11,False,standard,Daniel Webster,,0,James Pericola,Joe Strada,,-15.8391286849105,0.0,,-3.595440355275024,-3.396373090359169,0.0,0.0,0.0,0.0,0.0,1.0,-5.6013566998442545,0.16,0.31838396332259805,-10.935372091975195,-9.221587283924528,-16.245442058565622,-2.236774742139937,0.05255
house-fl-12,HOUSE,FL,12,False,standard,Gus Bilirakis,R,-1,Kimberly Overman,Gus Bilirakis,,-15.553760972030888,-1.0,7.094759437067757,-2.1645814901669307,-1.3655786006018726,-0.0,0.0,0.0,-0.2754999999999999,-0.37657932031920793,,,,0.0,-13.61817305292406,-13.554865876533988,-20.856906990637345,-6.276619338898179,0.01725
house-fl-13,HOUSE,FL,13,False,standard,Anna Paulina Luna,R,-1,Leela Gray,Anna Paulina Luna,,-13.453080359687094,-2.0,-2.44010282848756,-1.0811664212748688,-1.5920599531272424,-0.0,0.0,0.0,0.3545,1.13103282862093,5.0,-5.162175322396236,0.11371779092994606,0.3638831721059369,-4.817630813846617,-4.926956505147643,-10.970435802373304,1.2266176803375528,0.1489
house-fl-14,HOUSE,FL,14,False,standard,Kathy Castor,D,1,Kathy Castor,Mike Beltran,,-10.62098657326328,1.0,7.950182530103848,0.2090118605522644,0.32551685248313933,0.0,0.0,0.0,0.152,0.512906539376221,1.0,8.088818181142068,0.16,0.2899362570259977,4.141597684232394,5.270939801674876,-1.2005720855615993,11.612074676904877,0.8535
house-fl-15,HOUSE,FL,15,False,standard,Laurel Lee,R,-1,Robert People,Laurel Lee,,-20.095141150578385,-2.0,0.8807636828702625,-3.8005361948675898,-1.4953410740965984,-0.0,0.0,0.0,-0.0705,-0.07613778302275179,,,,0.0,-14.799005200303034,-14.822764171310844,-22.12702622207825,-7.519027220616155,0.01255
house-fl-16,HOUSE,FL,16,False,standard,Vern Buchanan,,0,Kelly Kirschner,Sydney Gruters,,-13.811661289568429,2.0,,-1.241510054018505,-1.7096588578378014,0.0,0.0,0.0,0.0,0.0,1.0,0.7014850723076445,0.21,0.3176643993858232,-7.060479786614045,-4.545890442867251,-11.640392464303767,2.55502671995286,0.1985
house-fl-17,HOUSE,FL,17,False,standard,Greg Steube,R,-1,Matthew Montavon,Greg Steube,,-22.24156570778953,-2.0,,-3.1857596284373653,-0.7581236442859557,-0.0,0.0,0.0,-0.1234999999999999,-0.06762041727228339,,,,0.0,-17.341837462375675,-17.31241844793084,-24.50459462131212,-10.024622526328498,0.00615
house-fl-18,HOUSE,FL,18,False,standard,Scott Franklin,R,-1,Curtis Gibson,Scott Franklin,,-17.102886122235766,-1.0,0.8512849936619196,-3.739302145206497,-1.8392583240638312,-0.0,0.0,0.0,-0.2245,-0.29821530104334953,,,,0.0,-14.185639021207724,-14.217170305754445,-21.4982479048477,-7.008811667229259,0.01355
house-fl-19,HOUSE,FL,19,False,standard,Byron Donalds,,0,Victor Arias,Jim Schwartzel,,-30.416149231176274,0.0,,-3.391581314395614,-0.14480306752107847,0.0,0.0,0.0,0.0,0.0,,,,0.0,-22.753856217515022,-22.708776496772384,-31.0254336160538,-14.487377098093829,0.00375
house-fl-20,HOUSE,FL,20,False,standard,Debbie Wasserman Schultz,D,1,Debbie Wasserman Schultz,Brent Andersen,,37.50081626941555,2.0,3.685393198666764,3.91888919099027,7.660833540348645e-07,0.0,0.0,0.0,0.32,1.7705037515472425e-07,,,,0.0,47.54693412564421,47.546466119799135,40.42399878378199,54.75791240616141,1.0
house-fl-21,HOUSE,FL,21,False,standard,Brian Mast,R,-1,James Martin,Brian Mast,,-16.40535991568672,-2.0,6.836259767160008,-2.344816786842756,-1.2984662407258307,-0.0,0.0,0.0,0.1685000000000001,0.20216862402426106,,,,0.0,-13.738041666533327,-13.719352784197364,-21.042396413630634,-6.396587216428033,0.01625
house-fl-22,HOUSE,FL,22,False,standard,None (new seat),,0,Pia Dandiya,Casey Askar,,-10.371815924951084,0.0,,-0.1158857691058467,-0.19155426332877368,0.0,0.0,0.0,0.0,0.0,2.0,-0.9600271012242413,0.05167453441618451,0.49041522144798105,-1.7202064861183506,-1.324178069750174,-7.669024647564663,4.873009275716116,0.3884
house-fl-23,HOUSE,FL,23,False,standard,Lois Frankel,D,1,Lois Frankel,Deborah Adeimy,,13.860283552064374,2.0,4.4163509868165605,2.589473894206645,0.05328654300834007,0.0,0.0,0.0,0.5095000000000001,0.02271654603954949,,,,0.0,25.254050598511544,25.2514733615159,17.92929921335172,32.66602533777943,0.9985
house-fl-24,HOUSE,FL,24,False,standard,Frederica Wilson,,0,Oliver Gilbert,Te Mayonna Brown,,39.04931980196582,1.0,,0.9060069353321618,5.344576714632213e-07,0.0,0.0,0.0,0.0,0.0,,,,0.0,46.26167175365232,46.297083838005825,37.98966350044192,54.40349704258083,0.99985
house-fl-25,HOUSE,FL,25,False,standard,Jared Moskowitz,D,1,Jared Moskowitz,Scott Singer,,-9.218034236116692,0.0,3.0870778916786765,0.4602244670089471,0.7473030507716703,0.0,0.0,0.0,0.483,1.6992852372999745,1.0,8.544748795431282,0.24,0.15217629437169122,4.660493727265412,5.22153080264603,-1.7261494582948105,12.091748991432793,0.84115
house-fl-26,HOUSE,FL,26,False,standard,Mario Díaz-Balart,R,-1,Nicole Locklin,Mario Díaz-Balart,,-18.540683907584068,-2.0,6.511737502652834,-2.3810732143778166,-0.8902526484794624,-0.0,0.0,0.0,-0.6755,-0.5472149831020077,,,,0.0,-16.147113895412573,-16.128054902562347,-23.554652706702083,-8.963714451788046,0.0078
house-fl-27,HOUSE,FL,27,False,standard,María Elvira Salazar,R,-1,Eliott Rodriguez,María Elvira Salazar,,-14.697284015567739,-2.0,5.851854214290957,-1.702902474616086,-1.375081082320247,-0.0,0.0,0.0,-0.0335,-0.05861050180276041,3.0,-4.467747266409198,0.08000119732032147,0.3674651218416512,-11.704845018644697,-9.095877609421805,-15.192799272279093,-2.89047910030224,0.03465
house-fl-28,HOUSE,FL,28,False,standard,Carlos A. Giménez,,0,Phil Ehr,Carlos Giménez,,-25.62449782340173,-2.0,,-1.1608113437349743,-0.2220796080232718,-0.0,0.0,0.0,-0.4485,-0.18590950222992067,,,,0.0,-18.095811449880923,-18.120635223089213,-26.54548829392586,-9.91446265582251,0.00965
house-ga-1,HOUSE,GA,1,False,standard,Buddy Carter,,0,Amanda Hollowell,Jim Kingston,,-15.892812698763862,0.0,,-2.351771298389646,-2.6465115287301577,0.0,0.0,0.0,0.0,0.0,,,,0.0,-10.242807381929412,-10.241348786133475,-18.56510397654713,-1.8569107718958864,0.06235
house-ga-2,HOUSE,GA,2,False,standard,Sanford Bishop,D,1,Sanford Bishop,Matt Day,,7.650507378170518,2.0,5.131041568381559,1.892993442224871,0.1995627471293372,0.0,0.0,0.0,0.445,0.10164417076077706,,,,0.0,20.268066638571803,20.351815634845977,12.866049405140947,27.55674642691726,0.99625
house-ga-3,HOUSE,GA,3,False,standard,Brian Jack,R,-1,Maura Keller,Brian Jack,,-29.876322455669797,-2.0,2.6106379824860677,-2.6549794320546907,-0.038086478982806496,-0.0,0.0,0.0,-0.2054999999999998,-0.006387245250322244,,,,0.0,-26.233979955683463,-26.124226706834186,-33.56065428682184,-18.783837735053034,0.0011
house-ga-4,HOUSE,GA,4,False,standard,Hank Johnson,D,1,Hank Johnson,James Duffie,,53.03852255145806,2.0,-1.7481010280365077,,0.0,0.0,0.0,0.0,0.01,8.860154672769738e-13,,,,0.0,59.32280496999641,59.16321419130553,52.107486160881656,66.33030242743021,0.99995
house-ga-5,HOUSE,GA,5,False,standard,Nikema Williams,D,1,Nikema Williams,John Oscar Salvesen,,72.33073290669485,2.0,,3.3654534994545418,2.918562015766903e-19,0.0,0.0,0.0,0.127,2.6769699377950873e-20,,,,0.0,79.86577603244879,79.86439686511181,72.72565340506958,87.00368481560555,1.0
house-ga-6,HOUSE,GA,6,False,standard,Lucy McBath,D,1,Lucy McBath,Kevin Martin,,50.345152979843064,0.0,-0.8546959983136082,4.031937785171063,6.459767383217213e-10,0.0,0.0,0.0,-0.0469999999999999,-2.1927321506365052e-11,,,,0.0,57.27114084248361,57.2790255947727,49.95853585042678,64.52288534568126,1.0
house-ga-7,HOUSE,GA,7,False,standard,Rich McCormick,R,-1,Tony Kozycki,Rich McCormick,,-22.30291135099771,-2.0,7.2767955893072545,-1.7762910032698032,-0.24188993366450134,-0.0,0.0,0.0,-0.0284999999999999,-0.00840892814087746,1.0,-8.86949930680846,0.11000000000000001,0.28072613918574074,-19.27169472330618,-16.365351878475934,-22.853036679853215,-9.908663175502637,0.00495
house-ga-8,HOUSE,GA,8,False,standard,Austin Scott,R,-1,Kelly Esti,Austin Scott,,-30.72180747930478,-2.0,6.987592458043152,-4.402150452933544,-0.02633275588597357,-0.0,0.0,0.0,0.0455,0.0008653236170307426,,,,0.0,-27.53230426473345,-27.501976777626375,-34.76297635115142,-20.189456798493094,0.0013
house-ga-9,HOUSE,GA,9,False,standard,Andrew Clyde,R,-1,Caitlyn Gegen,Andrew Clyde,,-34.33522296479662,-2.0,3.5504409590688715,-2.450660283793968,-0.010417837659611158,-0.0,0.0,0.0,0.2204999999999999,0.002030931000429787,,,,0.0,-29.351729213747277,-29.322280600515846,-36.69814703262858,-22.083874640137676,0.0007
house-ga-10,HOUSE,GA,10,False,standard,Mike Collins,,0,Pam Delancy,Houston Gaines,,-20.913860114633074,-1.0,,-4.191954583387389,-1.601445003245556,-0.0,0.0,0.0,0.0,0.0,,,,0.0,-14.45041233946129,-14.471706596148849,-22.649514878627617,-6.27420094930561,0.02135
house-ga-11,HOUSE,GA,11,False,standard,Barry Loudermilk,,0,Chris Harden,John Cowan,,-23.563722533183686,0.0,,-3.17001733717638,-0.9352272808458478,0.0,0.0,0.0,0.0544999999999999,0.036811584915515665,1.0,1.6364530562533066,0.18,0.3378859985277769,-16.472417633404678,-10.386566930539093,-17.504950090655775,-3.319540802452885,0.03695
house-ga-12,HOUSE,GA,12,False,standard,Rick Allen,R,-1,Ceretta Smith,Rick Allen,,-14.231034879705307,-1.0,6.283421925551944,-3.7637177422160017,-2.515563399486723,-0.0,0.0,0.0,0.1125,0.20438952620829626,,,,0.0,-12.314520186403636,-12.28430029348078,-19.685618136631767,-4.949585299262656,0.02525
house-ga-13,HOUSE,GA,13,False,standard,Everton Blair,,0,Jasmine Clark,Jonathan Chavez,,42.724453914937364,1.0,,,0.0,0.0,0.0,0.0,0.3025,3.727991350268311e-08,,,,0.0,49.76908082080012,49.73460450592752,41.59896270197468,57.856601668545736,1.0
house-ga-14,HOUSE,GA,14,False,standard,Clay Fuller,R,-1,Shawn Harris,Clay Fuller,,-37.01635857495856,-2.0,,1.467812949399513,0.002272009500895749,-0.0,0.0,0.0,-0.3234999999999999,-0.0010849402348264729,,,,0.0,-31.724366300599545,-31.75057535807094,-39.052851582209975,-24.329690870591037,0.00045
house-hi-1,HOUSE,HI,1,False,standard,Ed Case,D,1,Ed Case,Adriel Lam,,25.166334746889017,0.0,18.640783175923783,,0.0,0.0,0.0,0.0,0.5030000000000001,2.8411152054515395e-06,,,,0.0,43.88807726666895,43.9253947119864,36.68767046627309,51.19568379461429,0.9997
house-hi-2,HOUSE,HI,2,False,standard,Jill Tokuda,D,1,Jill Tokuda,Brenton Awa,,22.062952000244117,1.0,15.616576458118669,2.218015975224514,8.57518018152091e-05,0.0,0.0,0.0,0.163,1.3653949451230853e-05,,,,0.0,39.21543173403935,39.2818849936194,32.003573136039954,46.46395873924328,0.99955
house-ia-1,HOUSE,IA,1,False,standard,Mariannette Miller-Meeks,R,-1,Christina Bohannan,Mariannette Miller-Meeks,,-8.590704180072024,-1.0,-8.521283143076325,-0.0794421672972864,-0.11643276324703382,-0.0,0.0,0.0,-0.0644999999999998,-0.2048216862322276,2.0,3.269632313439327,0.24999999993058852,0.2467886156623813,4.112402556228528,3.9712187208027876,-2.6544904377115612,10.450270431686823,0.78595
house-ia-2,HOUSE,IA,2,False,standard,Ashley Hinson,,0,Lindsay James,Joe Mitchell,,-10.127597485735269,0.0,,-0.1720623259636155,-0.2859299423210091,0.0,0.0,0.0,0.0,0.0,2.0,-2.502935624046551,0.09159851293451704,0.39116840376520146,-1.5389816958832383,-1.8208803886812839,-8.678883918055467,4.918395466769167,0.36215
house-ia-3,HOUSE,IA,3,False,standard,Zach Nunn,R,-1,Sarah Trone Garriott,Zach Nunn,,-4.464251430326767,-1.0,-0.754455771234106,-0.0083406686317467,-0.011968423492979349,-0.0,0.0,0.0,0.1625000000000001,0.5052211788050233,1.0,-0.9388463064568394,0.09999999999999999,0.07557816590044462,5.258104651874337,4.817236475213372,-2.306230902798512,11.852914432291312,0.81175
house-ia-4,HOUSE,IA,4,False,standard,Randy Feenstra,,0,David Dawson,Chris McGowan,,-31.901561369041463,1.0,,-1.4783026766701204,-0.04342402806753531,0.0,0.0,0.0,0.0,0.0,,,,0.0,-24.182314338118267,-24.10623695138419,-32.429487762196196,-15.753269896136274,0.0035
house-id-1,HOUSE,ID,1,False,standard,Russ Fulcher,R,-1,Kaylee Peterson,Russ Fulcher,,-46.19778126853283,-2.0,0.9076352246212585,-1.3913910102249132,-3.071325236958199e-05,-0.0,0.0,0.0,-0.0524999999999999,-2.510891928556598e-06,2.0,-19.427881400945918,0.22768421311329798,0.2674592140196979,-40.23121054952831,-34.61814196042893,-41.0218651884313,-28.340295146104893,0.0003
house-id-2,HOUSE,ID,2,False,standard,Mike Simpson,R,-1,Ellie Gilbreath,Mike Simpson,,-27.561138104639443,-2.0,5.233872944155752,-2.3674484767699004,-0.0918739832969581,-0.0,0.0,0.0,-0.4535,-0.03813128169011049,,,,0.0,-23.42343633139977,-23.423765210894167,-30.654334122493196,-16.09223408622121,0.0016
house-il-1,HOUSE,IL,1,False,standard,Jonathan Jackson,D,1,Jonathan Jackson,Christian Maxwell,,32.45721176888944,2.0,-0.6283098800027416,1.701148349847759,3.548472296470772e-05,0.0,0.0,0.0,0.003,1.3558529406988042e-07,,,,0.0,40.33236518064234,40.27624166576153,33.01658841122921,47.55304981061102,0.9999
house-il-2,HOUSE,IL,2,False,standard,Robin Kelly,,0,Donna Miller,Michael Noack,,33.57708216310065,0.0,,,0.0,0.0,0.0,0.0,0.0,0.0,,,,0.0,41.0151470203445,41.05443767972632,32.82103565267856,49.25722324604633,0.99965
house-il-3,HOUSE,IL,3,False,standard,Delia Ramirez,D,1,Delia Ramirez,Angel Oakley,,31.83380528871024,2.0,2.8682636964648127,4.111692187436496,2.9464945662365056e-05,0.0,0.0,0.0,-0.1469999999999999,-3.128195064487755e-06,,,,0.0,41.655266255514164,41.63391402707427,34.27606514972612,48.89859564268889,0.9999
house-il-4,HOUSE,IL,4,False,standard,Chuy García,,0,Patty Garcia,Lupe Castillo,,28.752276035686318,0.0,,,0.0,0.0,0.0,0.0,0.0,0.0,,,,0.0,36.36536649570322,36.39184515093504,28.021846486661186,44.62794291078618,0.9995
house-il-5,HOUSE,IL,5,False,standard,Mike Quigley,D,1,Mike Quigley,Tommy Hanson,,37.56614329445709,2.0,0.5003447000653916,,0.0,0.0,0.0,0.0,0.052,8.606123924559855e-08,,,,0.0,45.857712105727046,45.91211892508264,38.73882658393229,53.028537869121564,0.99995
house-il-6,HOUSE,IL,6,False,standard,Sean Casten,D,1,Sean Casten,Niki Conforti,,5.575462312490821,2.0,2.964765839552494,2.087519346752857,0.4731096608028002,0.0,0.0,0.0,-0.0884999999999999,-0.043457694224511116,,,,0.0,17.413778597406285,17.436382536020588,10.178417517033793,24.73732083296815,0.9926
house-il-7,HOUSE,IL,7,False,standard,Danny Davis,,0,La Shawn Ford,Chad Koppie,,66.15598021500666,1.0,,2.228434091099001,1.0246958645205051e-15,0.0,0.0,0.0,0.3694999999999999,3.681304437710033e-16,,,,0.0,71.83428276508238,71.71899101454083,63.50302030532665,80.06187965813098,1.0
house-il-8,HOUSE,IL,8,False,standard,Raja Krishnamoorthi,,0,Melissa Bean,Jennifer Davis,,7.000325718967043,2.0,,0.3339292115176673,0.09819834058089985,0.0,0.0,0.0,0.0,0.0,,,,0.0,15.939714202180356,16.009044613206463,7.6122097892428355,24.268421316348743,0.98185
house-il-9,HOUSE,IL,9,False,standard,Jan Schakowsky,,0,Daniel Biss,John Elleson,,36.986157350622044,1.0,,,0.0,0.0,0.0,0.0,0.9295,4.112294433480138e-06,,,,0.0,44.28700297174668,44.29856473180426,36.10137265103445,52.27499371654238,0.9995
house-il-10,HOUSE,IL,10,False,standard,Brad Schneider,D,1,Brad Schneider,Carl Lambrecht,,22.345356623267172,2.0,-2.2652301709088603,5.125619774484333,0.011227671752587156,0.0,0.0,0.0,0.2260000000000001,0.0018326055338389487,,,,0.0,29.667340086959605,29.58557053714346,22.289774765610385,36.7970669660591,0.9992
house-il-11,HOUSE,IL,11,False,standard,Bill Foster,D,1,Bill Foster,Jeff Walter,,11.606554064861559,0.0,-0.3003582183254645,2.454408278368989,0.22289064345962337,0.0,0.0,0.0,-0.2189999999999998,-0.04309047164389138,,,,0.0,20.677519705108644,20.67646485636525,13.259757344057457,28.007430604534434,0.9965
house-il-12,HOUSE,IL,12,False,standard,Mike Bost,R,-1,Julie Fortier,Mike Bost,,-44.08125909098338,-2.0,4.180216152299926,-2.741856278476134,-7.61929915167711e-05,-0.0,0.0,0.0,-0.2654999999999999,-1.5985527291890866e-05,,,,0.0,-39.81707956713807,-39.837449970947006,-47.07336483001877,-32.552524705899266,0.0002
house-il-13,HOUSE,IL,13,False,standard,Nikki Budzinski,D,1,Nikki Budzinski,Jeff Wilson,,10.649960605661136,1.0,5.699093840100404,2.5788729082839565,0.11246778828021357,0.0,0.0,0.0,-0.007,-0.0006614368044675353,,,,0.0,23.041651350311753,22.99240775921003,15.81295918248026,30.209939530969546,0.9979
house-il-14,HOUSE,IL,14,False,standard,Lauren Underwood,D,1,Lauren Underwood,James Marter,,5.2631897441173,2.0,5.068363312404505,2.981603577156067,0.5450353079334908,0.0,0.0,0.0,0.0555000000000001,0.02198162635742363,,,,0.0,18.439202193865626,18.46889860251602,11.225810912250704,25.682876609754583,0.99485
house-il-15,HOUSE,IL,15,False,standard,Mary Miller,R,-1,Jennifer Todd,Mary Miller,,-40.433634690775264,-2.0,,-2.701707479578671,-0.0008021302386058952,-0.0,0.0,0.0,0.3305,0.00021260336264011364,,,,0.0,-35.27511428036854,-35.26777559208392,-42.58622465978902,-28.018582163553045,0.0004
house-il-16,HOUSE,IL,16,False,standard,Darin LaHood,R,-1,Paul Nolley,Darin LaHood,,-23.049919660830685,-2.0,,-3.053507107786751,-0.6236253132439485,-0.0,0.0,0.0,-0.3245,-0.14615352132886653,,,,0.0,-18.11636567731545,-18.05820906170178,-25.27974726221944,-10.777347948614882,0.00625
house-il-17,HOUSE,IL,17,False,standard,Eric Sorensen,D,1,Eric Sorensen,Dillan Vancil,,4.828123190177733,2.0,4.148654374160702,1.937764575352899,0.43843636690880133,0.0,0.0,0.0,0.0494999999999999,0.024266260694958422,,,,0.0,17.453911992396403,17.416608559083315,10.292724964687864,24.58119838854121,0.9939
house-in-1,HOUSE,IN,1,False,standard,Frank J. Mrvan,,0,Frank Mrvan,Barb Regnitz,,0.4022301253280738,1.0,,0.0746375769875172,0.06246149997139605,0.0,0.0,0.0,0.038,0.06890180128040636,,,,0.0,10.148938003867421,10.062620160748079,1.8723460383952812,18.31588202540465,0.9349
house-in-2,HOUSE,IN,2,False,standard,Rudy Yakym,R,-1,Jamee Decio,Rudy Yakym,,-26.920260374288038,-2.0,1.8550214695547596,-2.8038189407098195,-0.2350121638381715,-0.0,0.0,0.0,0.2664999999999999,0.04839825364586612,,,,0.0,-20.963927594080943,-21.009184291078746,-28.37571777735316,-13.74569288105024,0.00295
house-in-3,HOUSE,IN,3,False,standard,Marlin Stutzman,R,-1,Kelly Thompson,Marlin Stutzman,,-31.72894798522732,-2.0,3.0134958605389803,-1.803419857987651,-0.011556606512025428,-0.0,0.0,0.0,0.2275,0.003158689827360698,,,,0.0,-28.326812931680482,-28.334434651749767,-35.544912525190185,-21.074459123419775,0.0009
house-in-4,HOUSE,IN,4,False,standard,Jim Baird,R,-1,Drew Cox,Jim Baird,,-29.878658536585366,-2.0,5.398549230995093,-2.606323774000942,-0.04357265678587332,-0.0,0.0,0.0,0.0965,0.0034954660713524947,,,,0.0,-25.80533743781388,-25.69462359735944,-32.980788286768124,-18.510643747023682,0.0014
house-in-5,HOUSE,IN,5,False,standard,Victoria Spartz,R,-1,J. D. Ford,Victoria Spartz,,-17.12743785454997,-1.0,2.3865274213933985,-1.015500082318891,-0.7409912563644612,-0.0,0.0,0.0,0.1414999999999999,0.22370807575742999,1.0,-7.496298036813563,0.06,0.32437139895466405,-11.475730421304242,-10.204319579235822,-16.422824757809963,-4.0409364863238455,0.0233
house-in-6,HOUSE,IN,6,False,standard,Jefferson Shreve,R,-1,Cinde Wirth,Jefferson Shreve,,-33.09952049613334,-2.0,0.4805651133835615,-3.872300423106712,-0.019071320536999052,-0.0,0.0,0.0,-0.1185,-0.0016321871826248356,,,,0.0,-28.35944907578117,-28.356587504229264,-35.624649712857256,-21.075103352367652,0.00095
house-in-7,HOUSE,IN,7,False,standard,André Carson,D,1,André Carson,Patrick McAuley,,42.161067786442715,0.0,-1.5523722223000282,,0.0,0.0,0.0,0.0,-0.0829999999999999,-1.5990953231972492e-08,,,,0.0,49.11843731627766,49.066071283952404,41.751814060989325,56.23505766334123,0.9999
house-in-8,HOUSE,IN,8,False,standard,Mark Messmer,R,-1,Mary Allen,Mark Messmer,,-36.49150182813958,-1.0,2.917961324114919,-1.5217366015143527,-0.0012191514959743544,-0.0,0.0,0.0,-1.0645,-0.001847804230185844,,,,0.0,-33.189622115257464,-33.15517459341036,-40.51037277491508,-25.899501187189912,0.00045
house-in-9,HOUSE,IN,9,False,standard,Erin Houchin,R,-1,Brad Meyer,Erin Houchin,,-30.3858345174336,-2.0,2.047181420126676,-3.02875983830688,-0.07950804850414067,-0.0,0.0,0.0,-0.1394999999999999,-0.008010435886792167,,,,0.0,-24.531324390788715,-24.545826177630875,-31.68879517630821,-17.237406252462417,0.0014
house-ks-1,HOUSE,KS,1,False,standard,Tracey Mann,R,-1,Lauren Reinhold,Tracey Mann,,-31.848581559120564,-2.0,6.301345261018343,-3.806015691409785,-0.01944024340290312,-0.0,0.0,0.0,-0.0655000000000001,-0.0009196315143095574,,,,0.0,-28.31038479465861,-28.309803781254885,-35.68068039062019,-21.019090323006512,0.00085
house-ks-2,HOUSE,KS,2,False,standard,Derek Schmidt,R,-1,Don Coover,Derek Schmidt,,-20.055354340614592,-2.0,-0.3680230366400758,-0.7382146787724481,-0.29035386467390323,-0.0,0.0,0.0,0.1354999999999999,0.11547190524432242,,,,0.0,-14.634399293614196,-14.652415640517425,-21.90806194254154,-7.265934074542187,0.01275
house-ks-3,HOUSE,KS,3,False,standard,Sharice Davids,D,1,Sharice Davids,Eric Jenkins,,4.174028834088756,1.0,7.157275137333762,4.600955616274553,0.5206688265453991,0.0,0.0,0.0,-0.1909999999999999,-0.07182337201734586,,,,0.0,18.52885631268005,18.633744386560515,11.294661072738629,25.83558969398145,0.99535
house-ks-4,HOUSE,KS,4,False,standard,Ron Estes,R,-1,Katy Tyndell,Ron Estes,,-23.69976552345745,-2.0,6.275852691558842,-2.528986830913205,-0.2711918455657736,-0.0,0.0,0.0,-0.1154999999999999,-0.02683515727455519,,,,0.0,-20.203351760520302,-20.117282193328094,-27.417740092520337,-12.833370731443468,0.0042
house-ky-1,HOUSE,KY,1,False,standard,James Comer,R,-1,Drew Williams,James Comer,,-47.91004767154219,-2.0,1.3978969625571684,-3.6089459034253775,-2.0280748409808565e-05,-0.0,0.0,0.0,0.1025,1.5013387364483287e-06,,,,0.0,-42.295966769451276,-42.28863117280734,-49.61362344393623,-34.86757937936006,0.0002
house-ky-2,HOUSE,KY,2,False,standard,Brett Guthrie,R,-1,Megan Wingfield,Brett Guthrie,,-41.93201836717013,-2.0,4.147458952843933,-5.078749700002629,-0.0002809181794864455,-0.0,0.0,0.0,-0.2704999999999999,-5.4880487675782525e-05,,,,0.0,-37.556411994961756,-37.47548020685434,-44.93643493851344,-30.09818873066738,0.00055
house-ky-3,HOUSE,KY,3,False,standard,Morgan McGarvey,D,1,Morgan McGarvey,Maria Rodriquez,,19.26899411654809,2.0,4.767103761865028,4.781345768246492,0.0077513427933569145,0.0,0.0,0.0,0.405,0.0022672677670568975,,,,0.0,30.550655780454957,30.535399890805405,23.242469469611088,37.88200405310237,0.9995
house-ky-4,HOUSE,KY,4,False,standard,Thomas Massie,,0,Melissa Strange,Ed Gallrein,,-36.16019101367484,0.0,,-3.403540947643686,-0.01762427169243515,0.0,0.0,0.0,0.0,0.0,,,,0.0,-28.556148135613114,-28.59596334680326,-36.809341946371454,-20.263909265575347,0.00205
house-ky-5,HOUSE,KY,5,False,standard,Hal Rogers,R,-1,Ned Pillersdorf,Hal Rogers,,-64.66978795481056,-2.0,,-2.2413907177324863,-2.5709525828518656e-11,-0.0,0.0,0.0,-0.3585,-8.909590830957168e-12,,,,0.0,-60.84609420446775,-60.89857036132989,-68.07954075049864,-53.758822017907136,0.0001
house-ky-6,HOUSE,KY,6,False,standard,Andy Barr,,0,Zach Dembo,Ralph Alvarado,,-15.313409908980443,-1.0,,-0.0381893615737427,-0.04575865579604706,-0.0,0.0,0.0,0.0,0.0,4.0,-6.2060403796235715,0.10279627704437636,0.4283282558417864,-7.021979125572881,-6.688488901830951,-13.27389356664103,-0.1159277659717823,0.097
house-la-1,HOUSE,LA,1,False,jungle,Steve Scalise,R,-1,Lauren Jewett,Randall Arrington; Steve Scalise,,-38.94809735335349,-2.0,12.025910051031865,,0.0,-0.0,0.0,0.0,0.0,0.0,,,,0.0,-38.78430983868843,-38.848687949461045,-46.00053920272816,-31.53720702570148,0.0002
house-la-2,HOUSE,LA,2,False,jungle,Troy Carter,D,1,Troy Carter; Renada Collins,Peter Williams,,48.34454715461763,0.0,10.026227410449255,,0.0,0.0,0.0,0.0,0.0,0.0,,,,0.0,61.362331895200626,61.38027783201383,54.046427285400725,68.54255382605984,1.0
house-la-3,HOUSE,LA,3,False,jungle,Clay Higgins,R,-1,John Day; Priscilla Gonzalez; Tia LeBrun; Caleb Walker,Kate Cotten; Clay Higgins,,-36.49141918263314,-2.0,3.629297718232862,,0.0,-0.0,0.0,0.0,-0.0144999999999999,-5.099209668541817e-05,,,,0.0,-31.617755553091666,-31.655187433162034,-38.88682038679345,-24.371308987031114,0.0006
house-la-4,HOUSE,LA,4,False,jungle,Mike Johnson,R,-1,Conrad Cable; Matt Gromlich,Gordon Heslop; Mike Johnson; Mike Nichols,,-34.66020705293809,-2.0,,-4.4286200430792935,-0.013051614524788393,-0.0,0.0,0.0,0.2215,0.0020878957791182324,,,,0.0,-29.29747819873703,-29.3543904644115,-36.51836710910523,-22.075295601181416,0.00075
house-la-5,HOUSE,LA,5,False,jungle,Julia Letlow,,0,Dan McKay; Patricia Moore; Antonio Wilson,Stewart Cathey Jr.; Misti Cordell; Omar Dantzler; Michael Echols; Gabe Firment; Austin Magee,,-34.46022314691452,0.0,,,0.0,0.0,0.0,0.0,0.0,0.0,,,,0.0,-26.779789938416066,-26.828790570481523,-35.20984823488745,-18.60996033911016,0.00245
house-la-6,HOUSE,LA,6,False,jungle,Cleo Fields,,0,Pat Forbes; Lindsay Garcia,Monique Appeaning; Larry Davis; Rick Edmonds; Chris Johnson; Michael Mebruer; Blake Miguez; Stephen Wagley,,-30.628413524975773,-1.0,,,0.0,-0.0,0.0,0.0,0.0,0.0,,,,0.0,-22.827522128401466,-22.82967920590368,-31.123607266635734,-14.47175826669944,0.00425
house-ma-1,HOUSE,MA,1,False,same_party,Richard Neal,D,1,Richard Neal,,D,13.91472962033623,0.0,,,,,,0.0,0.396,,,,,,,,,,1.0
house-ma-2,HOUSE,MA,2,False,same_party,Jim McGovern,D,1,Jim McGovern,,D,24.287252795533576,0.0,,,,,,0.0,-0.0569999999999999,,,,,,,,,,1.0
house-ma-3,HOUSE,MA,3,False,standard,Lori Trahan,D,1,Lori Trahan,Gary Grossi,,19.39223989927893,2.0,,4.602917822939294,0.011490944559259792,0.0,0.0,0.0,0.193,0.0016017099943990457,,,,0.0,29.611043553790484,29.547928948113032,22.40249557861617,36.766827772525154,0.9994
house-ma-4,HOUSE,MA,4,False,standard,Jake Auchincloss,D,1,Jake Auchincloss,Thomas Stalcup,,20.13118266529218,2.0,,5.765852177419516,0.008532893299661636,0.0,0.0,0.0,0.5090000000000001,0.00313678638688117,,,,0.0,30.324992372974137,30.335742344460822,23.042631863827875,37.57556784856707,0.9993
house-ma-5,HOUSE,MA,5,False,same_party,Katherine Clark,D,1,Katherine Clark,,D,46.346449490580284,0.0,,,,,,0.0,0.103,,,,,,,,,,1.0
house-ma-6,HOUSE,MA,6,False,standard,Seth Moulton,,0,Dan Koh,Micah Jones,,21.088680178889774,1.0,,2.3034776042991005,0.011522520892171905,0.0,0.0,0.0,0.095,0.0010296253279008464,,,,0.0,28.95386942613203,28.859358491856163,20.681511501189423,37.35972742697746,0.99835
house-ma-7,HOUSE,MA,7,False,same_party,Ayanna Pressley,D,1,Ayanna Pressley,,D,65.14004345536927,0.0,,,,,,0.0,-0.2809999999999999,,,,,,,,,,1.0
house-ma-8,HOUSE,MA,8,False,standard,Stephen Lynch,D,1,Stephen Lynch,Robert Burke,,26.9861956166176,2.0,14.298747911823163,4.349485181727128,1.1422407630005203e-05,0.0,0.0,0.0,0.266,2.194371421364333e-06,,,,0.0,43.26220157636517,43.31827754577202,36.19171033070545,50.568913965798835,0.9998
house-ma-9,HOUSE,MA,9,False,standard,Bill Keating,D,1,Bill Keating,Tyler MacAllister,,10.942031882242684,1.0,,1.7503611501444836,0.11450935838426547,0.0,0.0,0.0,0.071,0.010063840994562053,,,,0.0,21.74361366820902,21.63976991151192,14.454491750444735,28.88761370477377,0.99765
house-md-1,HOUSE,MD,1,False,standard,Andy Harris,R,-1,Dan Schwartz,Andy Harris,,-17.30515700957555,-2.0,5.337279097997732,-1.4731728940375293,-0.7977164238477675,-0.0,0.0,0.0,-0.2704999999999999,-0.31736146017599426,1.0,-18.736199556987113,0.09,0.301620588166102,-13.883745551142393,-15.360855108841738,-21.782291156329233,-8.90071956586131,0.00565
house-md-2,HOUSE,MD,2,False,standard,Johnny Olszewski,D,1,Johnny Olszewski,Dave Wallace,,18.938218026002716,2.0,0.266000010762796,3.367159589513458,0.010994384207289619,0.0,0.0,0.0,0.7454999999999999,0.005919559696941518,,,,0.0,29.722129837995674,29.66145493290577,22.372099380275397,36.857690671602775,0.99895
house-md-3,HOUSE,MD,3,False,standard,Sarah Elfreth,D,1,Sarah Elfreth,Berney Flowers,,24.49027443115774,2.0,-2.323935412135426,3.879679397517795,0.0019272530599362364,0.0,0.0,0.0,0.7745000000000002,0.0010780304129982222,,,,0.0,33.665231214125015,33.644412101499,26.41637036389494,40.76674281179129,0.9993
house-md-4,HOUSE,MD,4,False,standard,Glenn Ivey,D,1,Glenn Ivey,George McDermott,,75.6651801829724,2.0,,3.716068236483568,8.95953051649532e-21,0.0,0.0,0.0,0.181,1.1712097391840827e-21,,,,0.0,82.94680481981315,82.94658870713457,75.68949702757007,90.1818122557339,1.0
house-md-5,HOUSE,MD,5,False,standard,Steny Hoyer,,0,Adrian Boafo,Chris Chaffee,,34.05016724003836,1.0,,,0.0,0.0,0.0,0.0,0.0,0.0,,,,0.0,41.46986103315335,41.45037415931779,33.29021256181062,49.741776246131955,0.99975
house-md-6,HOUSE,MD,6,False,standard,April McClain Delaney,D,1,April McClain Delaney,Robin Ficker,,5.925898469147308,1.0,0.5356131365762353,3.371052092149576,0.5433008487083569,0.0,0.0,0.0,0.342,0.13419530963096418,,,,0.0,18.58726257037746,18.54465112949209,11.322446794649982,25.772499046723322,0.9936
house-md-7,HOUSE,MD,7,False,standard,Kweisi Mfume,D,1,Kweisi Mfume,Scott Collier,,60.49731735411945,2.0,4.389203584551454,3.8338822565503943,1.117611233730018e-14,0.0,0.0,0.0,0.124,1.0008829493182162e-15,,,,0.0,69.70585447216443,69.67540130073078,62.40529306875218,76.74957326507163,1.0
house-md-8,HOUSE,MD,8,False,standard,Jamie Raskin,D,1,Jamie Raskin,Cheryl Riley,,58.05566151736721,2.0,-0.0059471840819389,5.622304673504999,9.120721077520537e-13,0.0,0.0,0.0,0.0205000000000001,1.350373426199575e-14,,,,0.0,65.00020563915231,64.96325655283184,57.730572506665276,72.16891000371126,0.99995
house-me-1,HOUSE,ME,1,False,standard,Chellie Pingree,D,1,Chellie Pingree,Ronald Russell,,22.08301794249629,2.0,1.5056209434328922,1.8930307861271725,0.0032725634465790095,0.0,0.0,0.0,-0.3235,-0.0012117046797342694,1.0,20.981322016070415,0.08,0.369133177252701,31.475831884424323,27.610986542464506,21.646716911484265,33.66428286981317,0.9998
house-me-2,HOUSE,ME,2,False,standard,Jared Golden,,0,Matthew Dunlap,Paul LePage,,-9.23471064196821,-1.0,,-0.6957075364858891,-1.1683099545943951,-0.0,0.0,0.0,0.0,0.0,7.0,2.1135887662448134,0.0352120416611014,0.5364887778593853,-1.4111903614070793,0.6016380155474538,-5.5854146221431265,6.622618680599702,0.5513
house-mi-1,HOUSE,MI,1,False,standard,Jack Bergman,R,-1,Callie Barr,Jack Bergman,,-21.519722425890762,-2.0,0.2316726756453766,-0.8898274179139831,-0.3583938564351271,-0.0,0.0,0.0,-0.3004999999999999,-0.26223542003346906,,,,0.0,-14.961451607221138,-15.0231807154114,-22.26564258561417,-7.78133687868603,0.01175
house-mi-2,HOUSE,MI,2,False,standard,John Moolenaar,R,-1,Ben Ambrose,John Moolenaar,,-30.540216196830155,-2.0,3.8770253670758894,-3.3498424879426896,-0.05302759046479338,-0.0,0.0,0.0,-0.1514999999999999,-0.005802102190022806,,,,0.0,-25.667934658950333,-25.667408951429472,-32.75797090157219,-18.449709436049925,0.00105
house-mi-3,HOUSE,MI,3,False,standard,Hillary Scholten,D,1,Hillary Scholten,Terri DeBoer,,7.972385433101784,2.0,2.3010195922239145,1.6256937267342797,0.2414317163436783,0.0,0.0,0.0,-0.0779999999999999,-0.025098183865201493,,,,0.0,18.90668320799926,18.83635472687137,11.723628648266347,26.142076884651647,0.99525
house-mi-4,HOUSE,MI,4,False,standard,Bill Huizenga,R,-1,Sean McCann,Bill Huizenga,,-5.621377887750186,-1.0,6.147840019606269,-0.5010513514334808,-0.8412486276111788,-0.0,0.0,0.0,0.0155,0.05638530461288683,4.0,-2.115783782547425,0.0700026953151286,0.3622508322421253,-1.082486917953418,-1.4696043977636177,-7.620413026241503,4.6349286518048975,0.3726
house-mi-5,HOUSE,MI,5,False,standard,Tim Walberg,R,-1,Christian Vukasovich,Tim Walberg,,-27.40917258410124,-2.0,5.9077309581649216,-3.533420937766253,-0.10857704142465244,-0.0,0.0,0.0,0.0665,0.00521471401731178,,,,0.0,-23.611424749512175,-23.610523295376414,-30.881055572745343,-16.396387539165875,0.0016
house-mi-6,HOUSE,MI,6,False,standard,Debbie Dingell,D,1,Debbie Dingell,Heather Smiley,,23.922767554940073,2.0,4.0544345737160805,,0.0,0.0,0.0,0.0,0.4305,0.0003732219324103123,,,,0.0,34.6604638019923,34.71295396723602,27.48406185230174,41.85201543342306,0.99945
house-mi-7,HOUSE,MI,7,False,standard,Tom Barrett,R,-1,William Lawrence,Tom Barrett,,-1.303857115880356,-2.0,2.410882391128948,-1.7382445669946092,-2.5613991668747116,-0.0,0.0,0.0,0.2015,0.643329602464883,2.0,-1.730888869938688,0.04246658401460387,0.4129335886486411,2.427121472842987,0.693066479662112,-5.169424879739323,6.636152840252975,0.5603
house-mi-8,HOUSE,MI,8,False,standard,Kristen McDonald Rivet,D,1,Kristen McDonald Rivet,Thomas Smith,,-2.009144166793344,2.0,9.05853067314203,5.09832166479946,0.98199558675123,0.0,0.0,0.0,-0.0809999999999999,-0.05744674182494689,,,,0.0,16.27129881840514,16.259635969266185,9.009211851528523,23.714925976264123,0.9922
house-mi-9,HOUSE,MI,9,False,standard,Lisa McClain,R,-1,Ray Pooley,Lisa McClain,,-32.77545908113034,-2.0,5.805455279935123,-5.273263460476266,-0.014816390432282419,-0.0,0.0,0.0,-0.0224999999999999,-0.00024076634452458825,,,,0.0,-28.98810559367862,-29.00542737866946,-36.30156414266585,-21.830780194535638,0.0007
house-mi-10,HOUSE,MI,10,False,standard,John James,,0,Christina Hines,Mike Bouchard,,-6.684831205554229,0.0,,-0.1521755647335265,-0.2435862695140507,0.0,0.0,0.0,0.0,0.0,2.0,-3.4894640177824994,0.10000107097153631,0.37153017645401654,2.3952546443695972,0.20619059497126835,-6.642852897571532,7.02974187079797,0.5147
house-mi-11,HOUSE,MI,11,False,standard,Haley Stevens,,0,Jeremy Moss,Ethan Baker,,16.423294509151415,-1.0,,2.19675704633931,0.0583189049743039,-0.0,0.0,0.0,0.0,0.0,,,,0.0,24.49712237040898,24.482242686488732,16.162139811423852,32.67892134165462,0.9967
house-mi-12,HOUSE,MI,12,False,standard,Rashida Tlaib,D,1,Rashida Tlaib,James Hooper,,39.897191011235954,2.0,6.740255373846851,5.340050291667084,4.982820719998516e-08,0.0,0.0,0.0,-0.0714999999999999,-2.5730732551325634e-09,,,,0.0,51.519132985827305,51.518412988941186,44.402941740313715,58.72172709796405,1.0
house-mi-13,HOUSE,MI,13,False,standard,Shri Thanedar,,0,Donavan McKinney,T. P. Nykoriak,,41.99678274964389,1.0,,,0.0,0.0,0.0,0.0,0.0,0.0,,,,0.0,49.07564146252496,49.1349272411412,40.89359052868861,57.373863122206906,0.9997
house-mn-1,HOUSE,MN,1,False,standard,Brad Finstad,R,-1,Jake Johnson,Brad Finstad,,-12.233713055803454,-2.0,4.75157807356985,-0.0817357309336514,-0.09802517347642248,-0.0,0.0,0.0,-0.0124999999999999,-0.03248087975716294,3.0,-4.7920563258618545,0.07000016414491037,0.33288114271509495,-7.09733778560231,-6.277240149473036,-12.439821803422277,-0.11009416257892504,0.09585
house-mn-2,HOUSE,MN,2,False,standard,Angie Craig,,0,Matt Little,Eric Pratt,,5.9507367864820395,0.0,,0.5706436769766289,0.20361827246494896,0.0,0.0,0.0,0.0,0.0,2.0,6.560815062649515,0.08098246818653601,0.4295541597667758,15.14018051518569,11.49773786231,4.800913183280743,18.02961851510995,0.9779
house-mn-3,HOUSE,MN,3,False,standard,Kelly Morrison,D,1,Kelly Morrison,Tyler Bass,,21.720150444274704,2.0,-4.60252185814226,,0.0,0.0,0.0,0.0,0.0,0.0,,,,0.0,29.722320156538114,29.765688623587177,22.509634787892736,36.91642443994388,0.999
house-mn-4,HOUSE,MN,4,False,standard,Betty McCollum,D,1,Betty McCollum,Paul Wikstrom,,36.46698138802974,2.0,-1.6101802176268754,3.83215516867897,9.072435128528031e-06,0.0,0.0,0.0,0.131,8.583531679935132e-07,,,,0.0,43.643856392397886,43.680580637235444,36.5041771250932,50.97034441380077,0.99995
house-mn-5,HOUSE,MN,5,False,standard,Ilhan Omar,D,1,Ilhan Omar,John Nagel,,63.542984491902445,2.0,-13.069564180094382,2.1154608785306404,3.975038351622227e-12,0.0,0.0,0.0,-0.3,-1.2213768426429563e-12,,,,0.0,62.95032694457269,62.96269287215051,55.74413717023621,70.14868416691668,0.99995
house-mn-6,HOUSE,MN,6,False,standard,Tom Emmer,R,-1,Doug Chapin,Tom Emmer,,-20.06608890237427,-2.0,4.8763389132086905,-3.231449164368663,-0.9719268145597457,-0.0,0.0,0.0,-0.0674999999999999,-0.04738143220978753,,,,0.0,-16.4143348088369,-16.389502815495604,-23.643507665882996,-9.061206678513749,0.00815
house-mn-7,HOUSE,MN,7,False,standard,Michelle Fischbach,R,-1,Erik Osberg,Michelle Fischbach,,-37.09774237198466,-2.0,3.82631766493813,-1.6051921295735947,-0.0018781789678502532,-0.0,0.0,0.0,0.0874999999999999,0.0002218248038732892,,,,0.0,-32.356046151856816,-32.28378292396358,-39.59815660852274,-25.181038087040765,0.00045
house-mn-8,HOUSE,MN,8,False,standard,Pete Stauber,R,-1,Trina Swanson,Pete Stauber,,-14.531388413157739,-2.0,1.43447499278819,-2.0479487256838023,-2.2885857036350727,-0.0,0.0,0.0,-0.0135,-0.032686917886078665,,,,0.0,-9.983424700352826,-9.930521338921945,-17.283127713469842,-2.6405645259776804,0.047
house-mo-1,HOUSE,MO,1,False,standard,Wesley Bell,D,1,Wesley Bell,Paul Berry,,58.18768172722622,2.0,2.9716294497426725,,0.0,0.0,0.0,0.0,0.894,1.8584680123321084e-14,,,,0.0,68.7217411684317,68.74552103044579,61.46643619874277,75.84500544717478,1.0
house-mo-2,HOUSE,MO,2,False,standard,Ann Wagner,R,-1,Fred Wellman,Ann Wagner,,-8.036578251263439,-2.0,4.207181997151738,-1.7513577826849565,-2.8664309612678167,-0.0,0.0,0.0,0.0934999999999999,0.33156625370588966,2.0,-2.066511353846566,0.14999999999999997,0.3134747104205554,-4.474172672521787,-3.668801417850049,-10.018997514036778,2.564691708966503,0.2201
house-mo-3,HOUSE,MO,3,False,standard,Bob Onder,R,-1,Bethany Mann,Bob Onder,,-27.09880132670149,-2.0,-0.2974415771232381,-2.721599347768508,-0.17185256143639718,-0.0,0.0,0.0,-0.1494999999999999,-0.020453381172452087,,,,0.0,-21.928979765201458,-21.85399054171871,-29.1409031749778,-14.633591953786695,0.0028
house-mo-4,HOUSE,MO,4,False,standard,Mark Alford,R,-1,Jordan Herrera,Mark Alford,,-42.811354448074596,-2.0,2.882068726654942,-3.539218868419995,-0.0002502432031069297,-0.0,0.0,0.0,-0.1125,-2.033226025243804e-05,,,,0.0,-37.77737484642547,-37.86563254785533,-45.0664537989548,-30.644774909998272,0.0002
house-mo-5,HOUSE,MO,5,False,standard,Emanuel Cleaver,D,1,Emanuel Cleaver,Rick Brattin,,23.50937224201861,1.0,1.2184126690067822,1.874106207615429,0.0018763745854974865,0.0,0.0,0.0,0.3075,0.0006670564146833193,,,,0.0,32.701914637732486,32.6941190379369,25.46767496964197,39.76059519485733,0.99945
house-mo-6,HOUSE,MO,6,False,standard,Sam Graves,,0,Josh Smead,Chris Stigall,,-39.31892471811242,0.0,,-1.862502483332656,-0.002770940984767757,0.0,0.0,0.0,0.0,0.0,,,,0.0,-31.818125216344768,-31.7292058579611,-39.90532854018796,-23.483664317231895,0.00105
house-mo-7,HOUSE,MO,7,False,standard,Eric Burlison,R,-1,Missi Hesketh,Eric Burlison,,-43.124014394889,0.0,3.03776442543215,-3.3818441974007443,-0.00020136865598164273,0.0,0.0,0.0,0.0775000000000001,1.1271051161194738e-05,,,,0.0,-38.18919662523612,-38.166802608723444,-45.36458556608645,-30.866243228469568,0.00025
house-mo-8,HOUSE,MO,8,False,standard,Jason Smith,R,-1,Chris Reichard,Jason Smith,,-54.60781455423596,-2.0,0.7571927791819908,-5.642867503322933,-2.893053305451721e-07,-0.0,0.0,0.0,0.0164999999999999,3.4475551889966137e-09,,,,0.0,-48.999380450747566,-48.996532097188165,-56.16344310716532,-41.924532463496426,0.0
house-ms-1,HOUSE,MS,1,False,standard,Trent Kelly,R,-1,Cliff Johnson,Trent Kelly,,-37.53256379062851,-2.0,1.961787866264081,-1.0758979445378716,-0.001626028842428591,-0.0,0.0,0.0,-0.0495000000000001,-0.00016208934521700646,,,,0.0,-31.78154907382491,-31.81280141109619,-38.98981234062618,-24.51998130052042,0.00065
house-ms-2,HOUSE,MS,2,False,standard,Bennie Thompson,D,1,Bennie Thompson,Ron Eller,,20.573389722299627,2.0,3.580985900573041,3.1477987759962702,0.005966936894257345,0.0,0.0,0.0,0.6975000000000001,0.0030058444604821382,,,,0.0,31.1603063220809,31.149460571244447,23.85327392376585,38.345123799088235,0.99925
house-ms-3,HOUSE,MS,3,False,standard,Michael Guest,R,-1,Michael Chiaradio,Michael Guest,,-29.463344005292292,-2.0,,-2.045235290297825,-0.06443817805932402,-0.0,0.0,0.0,-0.0115,-0.0007850366219124289,,,,0.0,-23.994184962217922,-23.999011447339463,-31.322724729069638,-16.707976355378275,0.0017
house-ms-4,HOUSE,MS,4,False,standard,Mike Ezell,R,-1,Jeffrey Hulum III,Mike Ezell,,-42.99199812853909,-1.0,4.783732566765081,-3.0353314029711926,-0.00012956464967241594,-0.0,0.0,0.0,-0.0974999999999999,-9.123510747765947e-06,,,,0.0,-39.01165081960968,-39.04464126211603,-46.259333660521825,-31.784240924159302,0.00035
house-mt-1,HOUSE,MT,1,False,standard,Ryan Zinke,,0,Sam Forstag,Aaron Flint,,-11.922412494511375,0.0,,0.0635156786567131,0.09908201766720633,0.0,0.0,0.0,0.0,0.0,6.0,-1.9084507493130671,0.10566841874674157,0.45044785650536484,-3.1681944638990562,-2.5707129108099194,-9.043299215435395,3.7923132343754506,0.29985
house-mt-2,HOUSE,MT,2,False,standard,Troy Downing,R,-1,Brian Miller,Troy Downing,,-30.507838926964144,-2.0,1.3480660134091798,-4.276495910059555,-0.04373999792277421,-0.0,0.0,0.0,0.2555,0.008071244616694142,1.0,-20.217753296833166,0.26,0.22308600175997165,-26.180522331710794,-24.796313693758478,-31.434040792903435,-18.296259284054983,0.00035
house-nc-1,HOUSE,NC,1,False,standard,Don Davis,D,1,Don Davis,Laurie Buckhout,,-11.640982218458934,2.0,5.026946521719204,0.1786801306703458,0.2995494507489625,0.0,0.0,0.0,0.3215000000000001,1.1677915956187035,4.0,3.7695377464281337,0.07184055700290234,0.37973018828058397,2.018754595760016,2.6714018139879,-3.4832194202500233,8.694168187084752,0.7118
house-nc-2,HOUSE,NC,2,False,standard,Deborah Ross,D,1,Deborah Ross,Eugene Douglass,,34.43506519240677,2.0,1.126980153367172,,0.0,0.0,0.0,0.0,0.4135,3.5420352584613987e-06,,,,0.0,43.19949517469416,43.19099464058196,36.014840638164735,50.36720415857605,0.99995
house-nc-3,HOUSE,NC,3,False,standard,Greg Murphy,R,-1,Raymond Smith Jr.,Greg Murphy,,-13.756454677871803,-1.0,,-2.7768693520994554,-3.126780888757703,-0.0,0.0,0.0,-0.1294999999999999,-0.3159394602800803,1.0,-6.053753409241168,0.15,0.26212566240044266,-11.033267671098665,-9.740114710976812,-16.27042668111226,-3.1509290151572644,0.03515
house-nc-4,HOUSE,NC,4,False,standard,Valerie Foushee,D,1,Valerie Foushee,Max Ganorkar,,46.06391998673297,2.0,0.726365233790994,3.1214903757679835,7.593097320904818e-09,0.0,0.0,0.0,0.022,1.2064587965437656e-10,,,,0.0,54.08451032040699,54.094280736961494,46.96106026928046,61.29640614193337,1.0
house-nc-5,HOUSE,NC,5,False,standard,Virginia Foxx,R,-1,Chuck Hubbard,Virginia Foxx,,-17.953183297610543,-2.0,0.9004566182576133,-2.382014743822398,-1.7247253667578648,-0.0,0.0,0.0,-0.4265,-0.6690932413964084,,,,0.0,-13.402944724182252,-13.503728235884779,-20.696222950315043,-6.154564108331939,0.01695
house-nc-6,HOUSE,NC,6,False,standard,Addison McDowell,R,-1,Cyril Jefferson,Addison McDowell,,-17.37132543617617,0.0,,-1.8159916883842968,-1.2250109738610457,0.0,0.0,0.0,-0.0115,-0.016808000991381813,,,,0.0,-12.704650213552084,-12.737974909036971,-20.03082331979067,-5.423019403056673,0.0207
house-nc-7,HOUSE,NC,7,False,standard,David Rouzer,R,-1,Kimberly Hardy,David Rouzer,,-13.94974512852853,-2.0,3.0371662790510188,-2.4114259874364383,-2.6229704936144045,-0.0,0.0,0.0,-0.0484999999999999,-0.11430186293919793,1.0,-10.614156798608063,0.16,0.25020943664934253,-10.649128262411804,-10.62106885605824,-17.10094155738425,-4.188780182833181,0.0238
house-nc-8,HOUSE,NC,8,False,standard,Mark Harris,R,-1,Colby Watson,Mark Harris,,-19.58539183387993,-2.0,-0.5226098593041444,-2.9714893398474422,-1.308031040035723,-0.0,0.0,0.0,0.2424999999999999,0.23128513359815284,,,,0.0,-14.964298251126971,-15.007312858622555,-22.434976883631595,-7.761104952007144,0.01135
house-nc-9,HOUSE,NC,9,False,standard,Richard Hudson,R,-1,Richard Ojeda,Richard Hudson,,-16.01098912732778,-1.0,3.562598698207295,-0.5658622958580318,-0.4471477800370751,-0.0,0.0,0.0,-0.0055,-0.009416621472123445,1.0,-11.22480307423737,0.11999999999999998,0.26839707789067513,-10.878309851905064,-11.013998366926574,-17.44302132137339,-4.523524426382812,0.0206
house-nc-10,HOUSE,NC,10,False,standard,Pat Harrigan,R,-1,Ashley Bell,Pat Harrigan,,-17.90491390090454,-2.0,2.14373170993112,-2.820939655170511,-1.311245205478674,-0.0,0.0,0.0,0.2195,0.22106334834064564,1.0,-9.90587364728081,0.11,0.07000861649887358,-14.692522530306483,-14.268268380858,-21.392270703815342,-7.19060013055791,0.012
house-nc-11,HOUSE,NC,11,False,standard,Chuck Edwards,,0,Jamie Ager,Jennifer Balkcom,,-9.615756470815723,-1.0,,,0.0,-0.0,0.0,0.0,0.0,0.0,1.0,-1.7762524030036662,0.09,0.3535093328908893,-0.6743692065187792,-1.0510860206096357,-7.982546601969357,5.841523407224717,0.4227
house-nc-12,HOUSE,NC,12,False,standard,Alma Adams,D,1,Alma Adams,Jack Codiga,,47.05490301304412,2.0,1.1270365772888915,2.921350717741225,3.0628813902789946e-09,0.0,0.0,0.0,-0.0869999999999999,-1.976322591331987e-10,,,,0.0,55.2453069883228,55.26906290390224,48.14154639887825,62.4021160670048,0.99995
house-nc-13,HOUSE,NC,13,False,standard,Brad Knott,R,-1,Paul Barringer,Brad Knott,,-16.650008567022674,-2.0,0.4560768947753066,-0.3592015682133619,-0.2465954938968209,-0.0,0.0,0.0,0.0774999999999999,0.11527648266162036,,,,0.0,-11.483396250158453,-11.42678284968726,-18.706236464544737,-4.101965384529215,0.03
house-nc-14,HOUSE,NC,14,False,standard,Tim Moore,R,-1,Lakesha Womack,Tim Moore,,-15.227341475872397,-2.0,0.789457935210705,-4.191631695878629,-2.510446983475905,-0.0,0.0,0.0,-0.2845,-0.5158271204658686,1.0,-2.892403882214415,0.11999999999999998,0.06744208317527613,-13.044263821287137,-12.378497232687254,-19.485752597397642,-5.235273274827814,0.02185
house-nd-al,HOUSE,ND,0,False,standard,Julie Fedorchak,R,-1,Trygve Hammer,Julie Fedorchak,,-37.392986132786376,0.0,1.5166580299915813,-2.306827077689307,-0.0017135501446853588,0.0,0.0,0.0,-0.1165,-0.00018749936649821024,,,,0.0,-33.35208975114752,-33.346383775323154,-40.63622281947337,-26.052298694345392,0.00035
house-ne-1,HOUSE,NE,1,False,standard,Mike Flood,R,-1,Chris Backemeyer,Mike Flood,,-13.228325882116762,0.0,6.85585176481844,-1.4734707971875542,-1.371250675306018,0.0,0.0,0.0,-0.1254999999999999,-0.2530528012535607,3.0,0.34478221417849014,0.06136216523309833,0.40285929213141786,-10.847076555367101,-6.397252027737317,-12.298102545084824,-0.3235512221098272,0.0886
house-ne-2,HOUSE,NE,2,False,standard,Don Bacon,,0,Denise Powell,Brinker Harding,,4.684329452129328,-1.0,,0.3401203134819927,0.1509428263079906,-0.0,0.0,0.0,0.0,0.0,1.0,3.8914251304882876,0.12,0.3624573387041499,13.996218538681575,10.36794776176968,3.615260275195968,17.248825100650528,0.96675
house-ne-3,HOUSE,NE,3,False,standard,Adrian Smith,R,-1,Becky Stille,Adrian Smith,,-54.43078179590726,-2.0,6.281908983757716,-3.5634760152249814,-3.927199994890542e-08,-0.0,0.0,0.0,-0.0905,-2.566861552215957e-09,,,,0.0,-51.85077687107063,-51.861034401090464,-58.99036382297577,-44.63152433204594,0.0001
house-nh-1,HOUSE,NH,1,False,standard,Chris Pappas,,0,Stefany Shaheen,Anthony DiLorenzo,,2.01995452407088,1.0,,-0.02745650817707,-0.01839900033580135,0.0,0.0,0.0,0.0,0.0,1.0,3.079397905398479,0.12,0.4027966538021005,11.485969718303068,8.08738030846014,1.3820824080223368,14.79605402754222,0.93395
house-nh-2,HOUSE,NH,2,False,standard,Maggie Goodlander,D,1,Maggie Goodlander,Lily Tang Williams,,3.626907261452192,2.0,2.4630204395387385,1.1004297771301996,0.24952560310999417,0.0,0.0,0.0,0.2975000000000001,0.14616111663581452,8.0,19.28703969325936,0.10056995912721196,0.38614770368812884,17.377651361320556,18.170407423891234,12.122000500367966,24.18371418989751,0.9983
house-nj-1,HOUSE,NJ,1,False,standard,Donald Norcross,D,1,Donald Norcross,Damon Galdo,,19.018716043787666,2.0,-0.6562314713287689,4.573836065745343,0.028319346374375182,0.0,0.0,0.0,1.0475,0.021424372180725227,,,,0.0,27.36554004304516,27.450810662591323,20.13396292949356,34.81504388129252,0.9989
house-nj-2,HOUSE,NJ,2,False,standard,Jeff Van Drew,R,-1,Zack Mullock,Jeff Van Drew,,-12.73536038103531,0.0,4.1645729131194384,-2.213969712600671,-2.5951071118309925,0.0,0.0,0.0,0.1605000000000001,0.40761555725130233,,,,0.0,-9.387023095950699,-9.40214057154021,-16.587272617080107,-1.9875114046251598,0.05605
house-nj-3,HOUSE,NJ,3,False,standard,Herb Conaway,D,1,Herb Conaway,Michael McGuire,,8.495531888848085,2.0,0.3985928017944582,2.302732629859251,0.2364842829897577,0.0,0.0,0.0,0.158,0.035156688113537234,,,,0.0,20.33269760096792,20.35560286407109,13.091750953783459,27.680608721975826,0.9966
house-nj-4,HOUSE,NJ,4,False,standard,Chris Smith,R,-1,Rachel Peace,Chris Smith,,-30.53695687107094,-2.0,5.412096666495109,-2.87931398118424,-0.03755234859371391,-0.0,0.0,0.0,-0.6265000000000001,-0.017703586405195912,,,,0.0,-26.505295462079463,-26.50822972405131,-33.64365244667121,-19.17959219076265,0.0014
house-nj-5,HOUSE,NJ,5,False,standard,Josh Gottheimer,D,1,Josh Gottheimer,Sean Kirrane,,1.5426974936227071,2.0,10.108780542572298,5.764249222090967,0.6197897281332696,0.0,0.0,0.0,0.5660000000000001,0.253356267755811,,,,0.0,18.245321356965558,18.31236151136157,11.081325993280348,25.688380729124496,0.99535
house-nj-6,HOUSE,NJ,6,False,standard,Frank Pallone,D,1,Frank Pallone,Hillary Herzig,,6.589506910899613,2.0,9.844926059860338,5.136164539520171,0.1949374655142729,0.0,0.0,0.0,0.309,0.04350354438726857,,,,0.0,21.880009490004245,21.9594154138113,14.685984177879423,29.228832452692384,0.99725
house-nj-7,HOUSE,NJ,7,False,standard,Thomas Kean Jr.,R,-1,Rebecca Bennett,Thomas Kean Jr.,,-1.1969676211353153,-2.0,4.184102499735708,-0.1760146501612592,-0.24085073298046936,-0.0,0.0,0.0,-0.4455,-1.3208057954062686,2.0,4.473896142548833,0.10997898920063201,0.34215505167454774,3.87400767532386,4.151331693023328,-2.1672722440304337,10.397360364732645,0.80345
house-nj-8,HOUSE,NJ,8,False,same_party,Rob Menendez,D,1,Rob Menendez,,D,24.811967664433183,0.0,1.4689350950109177,,,,,0.0,0.468,,,,,,,,,,1.0
house-nj-9,HOUSE,NJ,9,False,standard,Nellie Pou,D,1,Nellie Pou,Rosie Pino,,-1.1707415175108455,1.0,6.356050412977262,1.88193531688059,0.7052148709739781,0.0,0.0,0.0,0.346,0.28092149441306774,,,,0.0,15.684775677363115,15.772703458300073,8.398035213454733,22.960189777841727,0.98975
house-nj-10,HOUSE,NJ,10,False,standard,LaMonica McIver,D,1,LaMonica McIver,Carmen Bucco,,51.66747780945097,2.0,2.433459933561772,4.468671940968306,1.0019693797741825e-11,0.0,0.0,0.0,-0.7625,-5.51778970945088e-12,,,,0.0,62.2889874000086,62.363824252049966,55.152830522817446,69.5769436402713,0.99995
house-nj-11,HOUSE,NJ,11,False,standard,Analilia Mejia,D,1,Analilia Mejia,Joe Hathaway,,8.896444150169497,0.0,,-0.075501282829264,-0.008348792154101167,0.0,0.0,0.0,0.0,0.0,,,,0.0,19.785565052262363,19.82636375188048,12.652574787271037,27.040091236538544,0.99635
house-nj-12,HOUSE,NJ,12,False,standard,Bonnie Watson Coleman,,0,Adam Hamawy,Gregg Mele,,24.53718857974177,0.0,,2.7032364785647616,0.0032617604929401182,0.0,0.0,0.0,0.0255,6.666537266122654e-05,,,,0.0,32.2891979558422,32.352629741356935,24.130225415519288,40.64795537631174,0.999
house-nm-1,HOUSE,NM,1,False,standard,Melanie Stansbury,D,1,Melanie Stansbury,Didi Okpareke,,12.99640454650893,2.0,-0.1351058694813423,2.545098087771315,0.15441582201281615,0.0,0.0,0.0,-0.1649999999999999,-0.02169018814434863,,,,0.0,22.001286595591814,22.054835307701143,14.750731683078762,29.345398591156908,0.9969
house-nm-2,HOUSE,NM,2,False,standard,Gabe Vasquez,D,1,Gabe Vasquez,Greg Cunningham,,-1.8466859656378058,2.0,6.128641962690037,1.102888155146477,0.6885230519498738,0.0,0.0,0.0,-0.1959999999999999,-0.2651155405290209,2.0,2.8803516719532447,0.11005846545564886,0.3418439473395644,12.36285036023822,9.197693821563739,2.9545733698016954,15.296955262066813,0.96505
house-nm-3,HOUSE,NM,3,False,standard,Teresa Leger Fernandez,,0,Teresa Leger Fernández,Martin Zamora,,5.320573111539808,1.0,,1.3384049583296245,0.5333746054750486,0.0,0.0,0.0,-0.1549999999999999,-0.13383465935122593,,,,0.0,14.79355693278658,14.807517248405318,6.65178454647507,23.126671105679254,0.9779
house-nv-1,HOUSE,NV,1,False,standard,Dina Titus,D,1,Dina Titus,Carrie Buck,,2.3001314794627863,1.0,5.603080209551462,-0.0039612007823134,-0.0012339607381576028,0.0,0.0,0.0,-0.0569999999999999,-0.03847170581276702,,,,0.0,15.537717499519559,15.560677010820093,8.290928619190828,22.852268748305487,0.98965
house-nv-2,HOUSE,NV,2,False,standard,Mark Amodei,,0,Teresa Benitez-Thompson,David Flippo,,-14.269321190402676,0.0,,-2.081902387467621,-2.7579761901256634,0.0,0.0,0.0,0.3605,1.0347311424421064,3.0,-1.9291033017945156,0.17795711363849578,0.3784885041978431,-7.572290904341047,-5.4083551360227196,-12.172273865412356,1.3917373831498001,0.1512
house-nv-3,HOUSE,NV,3,False,standard,Susie Lee,D,1,Susie Lee,Martin O'Donnell,,-0.7494067306702425,2.0,3.617845519200176,0.2737094067273298,0.17929709768949612,0.0,0.0,0.0,0.3925000000000002,0.5570770912963448,,,,0.0,12.382042400884512,12.388951721452276,5.170453499559581,19.691965657557038,0.9793
house-nv-4,HOUSE,NV,4,False,standard,Steven Horsford,D,1,Steven Horsford,Cody Whipple,,2.359334791654918,2.0,6.082326887381565,1.3478409277054328,0.3918071751806137,0.0,0.0,0.0,0.1159999999999999,0.07306070125775414,,,,0.0,16.358790879886826,16.3332227286691,9.049681155632728,23.642477549657816,0.99245
house-ny-1,HOUSE,NY,1,False,standard,Nick LaLota,R,-1,Chris Gallant,Nick LaLota,,-10.19098649580888,0.0,0.1150856651121694,-1.9182069368577728,-3.12283090955288,0.0,0.0,0.0,-0.3095,-1.0917061764956,1.0,-7.512110686492328,0.21,0.0052355934423310765,-6.342456277579696,-6.368917373864635,-13.549392445016602,0.8948366584172149,0.1273
house-ny-2,HOUSE,NY,2,False,standard,Andrew Garbarino,R,-1,Patrick Halpin,Andrew Garbarino,,-14.07654671761222,-1.0,5.3370012983088335,-2.382738044101273,-2.1913102154866597,-0.0,0.0,0.0,-0.5135,-1.0231990167568374,,,,0.0,-12.529357418076781,-12.50056094733759,-19.78200737084418,-5.264647154531967,0.024
house-ny-3,HOUSE,NY,3,False,standard,Tom Suozzi,D,1,Tom Suozzi,Mike LiPetri,,-4.3468453348013485,1.0,8.046994457016226,1.5842487786789468,0.9240338018421427,0.0,0.0,0.0,-0.1234999999999999,-0.1560714757285607,,,,0.0,13.110536980608973,13.187176875341194,5.904056999695956,20.365793825967582,0.9819
house-ny-4,HOUSE,NY,4,False,standard,Laura Gillen,D,1,Laura Gillen,Jeanine Driscoll,,1.2928081522715966,2.0,1.125822512392883,2.901899652082301,1.2106032107316558,0.0,0.0,0.0,0.36,0.3253973664089716,,,,0.0,15.699257550412131,15.692539885012994,8.561462791945788,23.0275608259231,0.9914
house-ny-5,HOUSE,NY,5,False,standard,Gregory Meeks,D,1,Gregory Meeks,George Marsh,,42.80056553350199,0.0,6.95871981176503,5.100909761411157,5.946791974846962e-09,0.0,0.0,0.0,0.53,2.276299817038643e-09,,,,0.0,54.4088787070356,54.39013920499136,47.245113029179464,61.556717193624095,0.9999
house-ny-6,HOUSE,NY,6,False,standard,Grace Meng,D,1,Grace Meng,Joseph Chou,,6.526551363448394,0.0,17.034007473833675,3.292268395120239,0.05432069810829989,0.0,0.0,0.0,-2.0685,-0.08115059624895767,,,,0.0,25.514447825613903,25.495261978624576,18.215744375584993,32.793828678661384,0.9986
house-ny-7,HOUSE,NY,7,False,standard,Nydia Velázquez,,0,Claire Valdez,Melvin Rivera,,47.1903032424627,1.0,,,0.0,0.0,0.0,0.0,0.0,0.0,,,,0.0,54.01385783249105,54.06638402406689,45.6748990338705,62.152769919862926,0.9999
house-ny-8,HOUSE,NY,8,False,standard,Hakeem Jeffries,D,1,Hakeem Jeffries,Lewis Mizrahi,,44.70400544553402,2.0,6.193204163217225,6.741222006781704,2.0519096533442214e-09,0.0,0.0,0.0,0.015,2.22290212445624e-11,,,,0.0,55.799227120947556,55.76640118178508,48.587084433499925,63.070088665688985,0.9999
house-ny-9,HOUSE,NY,9,False,standard,Yvette Clarke,D,1,Yvette Clarke,Joel Azumah,,41.46428833112162,2.0,7.162515442875766,,0.0,0.0,0.0,0.0,0.068,6.96018591047715e-10,,,,0.0,53.247261364662855,53.17130799977335,45.97422430604869,60.35470663180101,1.0
house-ny-10,HOUSE,NY,10,False,standard,Dan Goldman,,0,Brad Lander,Jennifer Moore,,61.892367529836285,2.0,,,0.0,0.0,0.0,0.0,0.0,0.0,,,,0.0,67.85679418259554,67.83732844648313,59.66614526834468,76.03216098176908,1.0
house-ny-11,HOUSE,NY,11,False,standard,Nicole Malliotakis,R,-1,Michael DeCillis,Nicole Malliotakis,,-24.82593754669057,-2.0,3.250007789762239,-3.820946438532169,-0.3696429408372611,-0.0,0.0,0.0,-0.1365,-0.036440633250873336,,,,0.0,-19.802419151778007,-19.816720148577687,-27.106873791550253,-12.531959107816347,0.0044
house-ny-12,HOUSE,NY,12,False,standard,Jerry Nadler,,0,Micah Lasher,Caroline Shinkle,,64.89941854165914,1.0,,2.9216799192690206,4.278399764935763e-15,0.0,0.0,0.0,0.0,0.0,,,,0.0,70.66375015342406,70.65226415347607,62.567710012111064,78.86412521283371,0.99995
house-ny-13,HOUSE,NY,13,False,standard,Adriano Espaillat,,0,Darializa Avila Chevalier,Jomo Williams,,60.27299582357136,0.0,,,0.0,0.0,0.0,0.0,0.0,0.0,,,,0.0,66.34178549764131,66.20968993620349,58.11870709066672,74.41623325647234,1.0
house-ny-14,HOUSE,NY,14,False,standard,Alexandria Ocasio-Cortez,D,1,Alexandria Ocasio-Cortez,Diamant Hysenaj,,32.36610727477116,2.0,6.1515586588277325,4.634311560156069,7.423279375934138e-06,0.0,0.0,0.0,-0.347,-1.8603562924910498e-06,,,,0.0,43.97357243118564,43.93544137832344,36.76605977700853,51.226928946721976,0.9999
house-ny-15,HOUSE,NY,15,False,standard,Ritchie Torres,D,1,Ritchie Torres,Stylo Sapaskis,,48.80797713394829,0.0,8.035282517873483,6.601886794374569,3.8723436303984186e-11,0.0,0.0,0.0,0.6200000000000001,1.7339494256117368e-11,,,,0.0,60.70622238006442,60.793276257340686,53.659962129747946,68.00237806752826,0.99995
house-ny-16,HOUSE,NY,16,False,standard,George Latimer,D,1,George Latimer,Joseph Cinquemani,,33.30969325456048,2.0,9.981136065162111,,0.0,0.0,0.0,0.0,1.2135,2.626287182450707e-07,,,,0.0,48.94767069208565,48.97079861020784,41.79905064432106,56.162047596793975,1.0
house-ny-17,HOUSE,NY,17,False,standard,Mike Lawler,R,-1,Cait Conley,Mike Lawler,,0.5597232177745115,-2.0,6.877263421848264,-0.7016754711456092,-0.944964411518757,-0.0,0.0,0.0,-0.3535,-1.0314796824911123,2.0,-2.7502804198710162,0.04900125273908133,0.4307577188182193,3.666332223339529,0.9146283996011402,-5.035217354876379,6.769325222419041,0.5806
house-ny-18,HOUSE,NY,18,False,standard,Pat Ryan,D,1,Pat Ryan,Jacqueline Auringer,,3.3539403039279723,2.0,11.119021499016792,3.7981200374535495,0.20314663538109867,0.0,0.0,0.0,-0.0259999999999999,-0.003814642375489505,1.0,10.456140155898318,0.08,0.3128483222294043,21.703229205956625,18.20039088637253,11.87654934449566,24.55166953562962,0.99735
house-ny-19,HOUSE,NY,19,False,standard,Josh Riley,D,1,Josh Riley,Peter Oberacker,,1.80061138988952,1.0,0.5404594298880883,1.3953587948041202,0.5661717090073942,0.0,0.0,0.0,-0.1759999999999999,-0.154727333097956,,,,0.0,14.715138584941794,14.664463556883781,7.545313417856035,21.90369233039942,0.98935
house-ny-20,HOUSE,NY,20,False,standard,Paul Tonko,D,1,Paul Tonko,Ralph Ambrosio,,14.320901440778664,2.0,8.065636612737325,3.435000927966396,0.025235951950008103,0.0,0.0,0.0,-0.0459999999999999,-0.0008383944036724897,,,,0.0,27.642370102180102,27.642078227177343,20.271994900822914,34.966706014372036,0.9987
house-ny-21,HOUSE,NY,21,False,standard,Elise Stefanik,,0,Blake Gendebien,Anthony Constantino,,-20.759985363244855,0.0,,-0.7422264670742905,-0.407527755043,0.0,0.0,0.0,-0.558,-0.6638149913854686,5.0,-8.534789484551256,0.09601001285488446,0.460090864117984,-13.761529473048343,-11.311568082643124,-17.783916589175778,-4.871736756338168,0.0197
house-ny-22,HOUSE,NY,22,False,standard,John Mannion,D,1,John Mannion,Kailee Buller,,7.694014964669066,2.0,1.5523099116897905,2.3326459953207626,0.2439069469082899,0.0,0.0,0.0,-0.128,-0.028998625057091325,,,,0.0,20.21126389251331,20.22843540229405,12.934931864659356,27.46363835506783,0.99655
house-ny-23,HOUSE,NY,23,False,standard,Nick Langworthy,R,-1,Aaron Gies,Nick Langworthy,,-21.18795208389146,-2.0,10.27642821648898,-2.789779796601702,-0.3321150217090474,-0.0,0.0,0.0,-0.4615,-0.1190371175035972,1.0,-21.663483071186057,0.13,0.2780232268421969,-19.97478844554664,-20.428539064268875,-26.80303162274161,-14.069088732092016,0.00135
house-ny-24,HOUSE,NY,24,False,standard,Claudia Tenney,R,-1,Alissa Ellman,Claudia Tenney,,-23.23714041522547,-2.0,7.973784829564162,-2.7092184665244248,-0.2555177909082423,-0.0,0.0,0.0,0.1594999999999999,0.03259341799087945,,,,0.0,-20.587307061152284,-20.615273001164226,-27.81260187371613,-13.289637794535293,0.00345
house-ny-25,HOUSE,NY,25,False,standard,Joseph Morelle,D,1,Joseph Morelle,Virginia McIntyre,,18.654098607614007,1.0,3.108762003324924,4.061384204078744,0.014455649164764009,0.0,0.0,0.0,0.126,0.0013154640739935248,,,,0.0,29.05000874958283,29.089302933064047,21.803879147763976,36.426505228220144,0.99935
house-ny-26,HOUSE,NY,26,False,standard,Tim Kennedy,D,1,Tim Kennedy,Dennis Hannon,,19.560710081799225,2.0,10.902353793302002,,0.0,0.0,0.0,0.0,0.402,0.0001668989840215002,,,,0.0,36.157428023918435,36.0700408013184,28.86294654802615,43.31958908038124,0.99975
house-oh-1,HOUSE,OH,1,False,standard,Greg Landsman,D,1,Greg Landsman,Eric Conroy,,-2.6197222469283257,2.0,2.877949597463445,1.248303144638358,1.140818574233986,0.0,0.0,0.0,0.161,0.31879719897197933,1.0,2.716617624480067,0.075,0.3670221182064982,10.82294507276335,7.857018609800724,1.9044348094044692,13.958634664309475,0.9493
house-oh-2,HOUSE,OH,2,False,standard,David Taylor,R,-1,Jennifer Mazzuckelli,David Taylor,,-42.48019552563594,-2.0,-0.9470432288946152,,0.0,-0.0,0.0,0.0,-0.2115,-4.9385808931299315e-05,,,,0.0,-37.28569436681674,-37.26136905553422,-44.441907821104195,-29.89187742154105,0.00045
house-oh-3,HOUSE,OH,3,False,standard,Joyce Beatty,D,1,Joyce Beatty,Cleophus Dulaney,,40.654067267595785,2.0,0.9510588596842676,5.068262987881218,2.7801287560000276e-07,0.0,0.0,0.0,0.372,7.46927925778674e-08,,,,0.0,49.05785035398196,49.16831033743862,41.95161020000737,56.347922982719425,1.0
house-oh-4,HOUSE,OH,4,False,standard,Jim Jordan,R,-1,Joshua Kolasinski,Jim Jordan,,-43.01401244702379,-2.0,-0.2886907093336583,-5.803731675777787,-0.0005501409780353894,-0.0,0.0,0.0,0.3245,0.00012893165088012724,,,,0.0,-36.24507403176499,-36.253621958333916,-43.43437565186481,-29.023928475763597,0.00035
house-oh-5,HOUSE,OH,5,False,standard,Bob Latta,R,-1,Brian Shaver,Bob Latta,,-23.972456468406715,-1.0,,-3.951238896820313,-0.4933484637145345,-0.0,0.0,0.0,-0.1094999999999999,-0.0390156410054244,,,,0.0,-18.825755490151547,-18.67008582888192,-26.18059556212546,-11.509470065184889,0.00465
house-oh-6,HOUSE,OH,6,False,standard,Michael Rulli,R,-1,Elizabeth Kirtley,Michael Rulli,,-34.89692072203759,-2.0,-0.5852160648202238,-3.880388723453233,-0.01143699168999535,-0.0,0.0,0.0,-0.4485,-0.0037046322249176607,,,,0.0,-29.62453887943643,-29.559607429806082,-36.852840462042465,-22.38980802675308,0.00095
house-oh-7,HOUSE,OH,7,False,standard,Max Miller,R,-1,Brian Poindexter,Max Miller,,-11.151670963328055,-1.0,6.298498260781678,-1.3603117515799368,-1.687238839487298,-0.0,0.0,0.0,-0.4004999999999999,-1.0762985038279784,5.0,9.302497743308638,0.1395474091790757,0.34940973508832746,-9.373504282962461,-2.805684133163834,-8.92596342796236,3.3185754116964503,0.27285
house-oh-8,HOUSE,OH,8,False,standard,Warren Davidson,R,-1,Vanessa Enoch,Warren Davidson,,-15.774611860237084,-2.0,1.6062013192192517,-3.67805348792612,-2.8381619750992084,-0.0,0.0,0.0,-0.1814999999999998,-0.3720357322359208,,,,0.0,-12.303707376686155,-12.265565683643182,-19.49105945006292,-5.017040492597093,0.0234
house-oh-9,HOUSE,OH,9,False,standard,Marcy Kaptur,D,1,Marcy Kaptur,Derek Merrin,,-10.679051092377328,1.0,7.558986951040739,,0.0,0.0,0.0,0.0,0.3605,1.2315492167251825,2.0,-4.0530515905515445,0.040024187966409844,0.37332976070598856,4.25420264909623,1.1931066523126468,-4.931184673844819,7.249714338106294,0.6026
house-oh-10,HOUSE,OH,10,False,standard,Mike Turner,R,-1,Kristina Knickerbocker,Mike Turner,,-7.862840402157268,-2.0,13.100731986134754,-1.2934525386281046,-1.6007450180818306,-0.0,0.0,0.0,-0.4885,-1.3098704093297846,2.0,-11.84464930198292,0.09672959039352655,0.34933924653557274,-9.54477791447581,-10.301539952572488,-16.451482777221827,-4.251699897873895,0.02015
house-oh-11,HOUSE,OH,11,False,standard,Shontel Brown,D,1,Shontel Brown,Mike Kirchner,,55.46192877452597,2.0,4.566635427774672,,0.0,0.0,0.0,0.0,0.525,3.2226996549660584e-13,,,,0.0,65.07830620703238,65.07396852401482,58.04004688747726,72.22786537903205,1.0
house-oh-12,HOUSE,OH,12,False,standard,Troy Balderson,R,-1,Jerrad Christian,Troy Balderson,,-30.355763886497893,-2.0,3.8833404841271095,-3.158364324000822,-0.056647894916814726,-0.0,0.0,0.0,-0.4585,-0.018758320980648568,,,,0.0,-25.498154707322513,-25.547596664324836,-32.70294009993543,-18.313832460912955,0.0013
house-oh-13,HOUSE,OH,13,False,standard,Emilia Sykes,D,1,Emilia Sykes,Carey Coleman,,3.32248331777791,2.0,2.294345920441325,3.103949148248991,1.1324456805494951,0.0,0.0,0.0,-0.131,-0.10714194410976614,,,,0.0,15.688039209183826,15.699931410349453,8.391333831707161,23.093720619644348,0.99
house-oh-14,HOUSE,OH,14,False,standard,David Joyce,R,-1,Maria Jukic,David Joyce,,-20.532469622988483,-1.0,8.624096176095186,-4.199716269992327,-0.5394267212450303,-0.0,0.0,0.0,-0.4715,-0.18368978265952293,,,,0.0,-18.66162913558458,-18.581972866066373,-25.864196810737994,-11.31241537477204,0.0046
house-oh-15,HOUSE,OH,15,False,standard,Mike Carey,R,-1,Don Leonard,Mike Carey,,-10.11469405584615,-2.0,3.491416207919907,-1.7720105349286333,-2.67875143817734,-0.0,0.0,0.0,-0.2584999999999999,-0.8466789587829676,3.0,-5.203893703920159,0.10144921699656761,0.35764552313632336,-7.424189327684894,-6.575746105845358,-12.714522076388924,-0.41713567914623767,0.0858
house-ok-1,HOUSE,OK,1,False,standard,Kevin Hern,,0,John Croisant,Mark Tedford,,-21.998761071705406,0.0,,-2.371493376438966,-1.028114212737593,0.0,0.0,0.0,0.0,0.0,,,,0.0,-14.994523421205725,-15.053488403866403,-23.29601486728675,-6.75480526745087,0.0202
house-ok-2,HOUSE,OK,2,False,standard,Josh Brecheen,R,-1,Brandon Wade,Josh Brecheen,,-56.511293397442095,-2.0,-1.4880994651168402,-2.55852987063112,-1.4446797996457497e-07,-0.0,0.0,0.0,0.0314999999999999,3.853752010387916e-09,,,,0.0,-49.77966041619309,-49.7455157223166,-57.01508366649929,-42.68003810617637,0.0001
house-ok-3,HOUSE,OK,3,False,standard,Frank Lucas,R,-1,Suzie Byrd,Frank Lucas,,-46.41821356574914,-2.0,,,0.0,-0.0,0.0,0.0,-0.1514999999999999,-3.4801077890446405e-06,,,,0.0,-41.52288427914503,-41.526497013123375,-48.942036867536714,-34.417761049134086,0.00015
house-ok-4,HOUSE,OK,4,False,standard,Tom Cole,R,-1,Mitchell Jacob,Tom Cole,,-33.8874815283935,-2.0,5.52789183283739,-4.151483000326125,-0.009858630267595972,-0.0,0.0,0.0,-0.2724999999999999,-0.00194023320683104,,,,0.0,-29.98013604303816,-29.92814203534968,-37.18745464868348,-22.810667366529124,0.00065
house-ok-5,HOUSE,OK,5,False,standard,Stephanie Bice,R,-1,Jena Nelson,Stephanie Bice,,-18.120004629945658,-2.0,3.1425896489637166,-1.9009250370295792,-1.09464296496498,-0.0,0.0,0.0,-0.0914999999999999,-0.11416177049433551,1.0,-8.077939116384348,0.09,0.3031319726813874,-13.625796672619847,-11.950931015303173,-18.34356578013442,-5.64530076775049,0.01335
house-or-1,HOUSE,OR,1,False,standard,Suzanne Bonamici,D,1,Suzanne Bonamici,Barbara Kahl,,39.11033167782459,2.0,2.9117732858649115,3.928886291229188,3.63815587774956e-07,0.0,0.0,0.0,-0.0519999999999999,-1.3663296518659434e-08,,,,0.0,48.66147969648912,48.68109454692156,41.479631686469745,55.82967895917938,0.99985
house-or-2,HOUSE,OR,2,False,standard,Cliff Bentz,R,-1,Chris Beck,Cliff Bentz,,-27.87852040916719,-1.0,4.139821977072383,-2.8906137222995265,-0.12258441079428314,-0.0,0.0,0.0,-0.2704999999999999,-0.02485447278506053,,,,0.0,-23.16498435485728,-23.18744910405517,-30.416573668240655,-15.969925932668563,0.00215
house-or-3,HOUSE,OR,3,False,standard,Maxine Dexter,D,1,Maxine Dexter,Loran Ayles,,47.613763803262344,2.0,-1.7741002875993097,3.8315948914951576,1.5748528735407193e-09,0.0,0.0,0.0,0.546,6.210169831328904e-10,,,,0.0,56.139624594123894,56.158032963469196,48.94613505228798,63.27247149868733,0.99985
house-or-4,HOUSE,OR,4,False,standard,Val Hoyle,D,1,Val Hoyle,Monique DeSpain,,12.442914801419136,2.0,-4.195091537067758,0.7506926118244909,0.09950728894690121,0.0,0.0,0.0,-0.003,-0.0008616008309751112,,,,0.0,19.22183890724646,19.202520698842957,11.992013596014404,26.442805670843594,0.99565
house-or-5,HOUSE,OR,5,False,standard,Janelle Bynum,D,1,Janelle Bynum,Patti Adair,,8.808655945204382,1.0,-5.740760742481606,2.1875678219046937,0.4986995064577497,0.0,0.0,0.0,-0.1859999999999999,-0.09187184922453526,,,,0.0,17.366082939535975,17.309435069446337,10.098017581923537,24.606744493395954,0.9935
house-or-6,HOUSE,OR,6,False,standard,Andrea Salinas,D,1,Andrea Salinas,David Russ,,11.741786607103235,0.0,-4.75375163830037,4.132405773482974,0.508762125777907,0.0,0.0,0.0,-0.1429999999999999,-0.05254382176784047,,,,0.0,18.6281206199517,18.679469309015964,11.530005269879137,26.01167979463508,0.996
house-pa-1,HOUSE,PA,1,False,standard,Brian Fitzpatrick,R,-1,Bob Harvie,Brian Fitzpatrick,,0.3223803661609427,-1.0,13.00458470436702,-1.719833311783359,-2.8062239651454037,-0.0,0.0,0.0,-0.7905,-2.7946662408340592,5.0,-5.389127811730059,0.08825934852738859,0.3675425493563337,-3.550983456845561,-4.200425669628688,-10.33839205723605,2.008275502869675,0.1854
house-pa-2,HOUSE,PA,2,False,standard,Brendan Boyle,D,1,Brendan Boyle,Jessica Arriaga,,36.16987750404209,2.0,6.875239725748949,,0.0,0.0,0.0,0.0,0.468,1.8841322734492384e-07,,,,0.0,48.02598060787217,48.03022171068052,40.71090495265951,55.27010196566744,0.9999
house-pa-3,HOUSE,PA,3,False,same_party,Dwight Evans,,0,Chris Rabb,,D,78.25794319536355,0.0,,,,,,0.0,0.0,,,,,,,,,,1.0
house-pa-4,HOUSE,PA,4,False,standard,Madeleine Dean,D,1,Madeleine Dean,Aurora Stuski,,15.969585034454454,2.0,2.289383330634817,,0.0,0.0,0.0,0.0,-0.007,-0.00023266422116153114,,,,0.0,26.004220879809232,26.06424092842117,18.66620633677847,33.35463488495193,0.9991
house-pa-5,HOUSE,PA,5,False,standard,Mary Gay Scanlon,D,1,Mary Gay Scanlon,Nicholas Manganaro,,28.934375196073226,2.0,1.76660720044707,3.7871637415687354,0.00019465355573524806,0.0,0.0,0.0,-0.0849999999999999,-1.1949565504858268e-05,,,,0.0,38.25307962738178,38.24955843321503,30.954510255285115,45.49885989999443,0.9998
house-pa-6,HOUSE,PA,6,False,standard,Chrissy Houlahan,D,1,Chrissy Houlahan,Marty Young,,11.526010296683289,2.0,0.9975946698571372,2.508355249645427,0.1892863238909427,0.0,0.0,0.0,-0.0529999999999999,-0.008665590541803225,,,,0.0,21.31873406308355,21.305404317272238,14.110168621203462,28.635673654374898,0.9972
house-pa-7,HOUSE,PA,7,False,standard,Ryan Mackenzie,R,-1,Bob Brooks,Ryan Mackenzie,,-3.2388654010275633,-2.0,-2.355699136867992,-0.6317339165053999,-0.8926691212463793,-0.0,0.0,0.0,0.1665000000000001,0.5097563658937709,2.0,5.503690565127956,0.1492719592603121,0.3079634489943773,4.608944359326733,4.83268452374793,-1.486882311694295,11.165841950866707,0.84125
house-pa-8,HOUSE,PA,8,False,standard,Rob Bresnahan,R,-1,Paige Cognetti,Rob Bresnahan,,-8.56734175384965,0.0,-7.067747166199494,-0.1608595686124057,-0.2648701824883463,0.0,0.0,0.0,0.2355,0.8401738968996326,3.0,-4.98011248632568,0.08381650057006289,0.345755635838802,2.2759922393269534,-0.2690020691974063,-6.390825317914093,5.991150192472179,0.47785
house-pa-9,HOUSE,PA,9,False,standard,Dan Meuser,R,-1,Rachel Wallace,Dan Meuser,,-38.286959054699274,-2.0,2.608873568153924,-1.0679900369395,-0.0009677109743519456,-0.0,0.0,0.0,-0.2885,-0.0005663910529395965,,,,0.0,-32.919940796444585,-32.92657800809256,-40.282997849194935,-25.739500912470483,0.00045
house-pa-10,HOUSE,PA,10,False,standard,Scott Perry,R,-1,Janelle Stelson,Scott Perry,,-5.291422535038262,-2.0,-4.151129385491565,0.1494422773900157,0.199865618393428,-0.0,0.0,0.0,0.0825,0.23906206404086913,4.0,3.4890258346905423,0.08998493280028841,0.3371679863182674,6.169587639276793,5.200615970809151,-1.0024244245854366,11.441084674658496,0.85955
house-pa-11,HOUSE,PA,11,False,standard,Lloyd Smucker,R,-1,Nancy Mannion,Lloyd Smucker,,-21.57463662043542,-2.0,4.095484210414823,-2.380551743247054,-0.6007056166780893,-0.0,0.0,0.0,-0.1405,-0.07681614230643112,,,,0.0,-17.199985156267083,-17.197215291161527,-24.39773163992689,-9.918853423277982,0.0071
house-pa-12,HOUSE,PA,12,False,standard,Summer Lee,D,1,Summer Lee,James Hayes,,19.36501513829129,2.0,-6.417284853198422,3.542230104311741,0.0784801162342203,0.0,0.0,0.0,-0.3674999999999999,-0.0208299308504993,,,,0.0,24.539756167564985,24.618874392885637,17.337902867301395,31.736473759913306,0.9985
house-pa-13,HOUSE,PA,13,False,standard,John Joyce,R,-1,Beth Farnham,John Joyce,,-45.903263915331515,-1.0,2.371768990263837,-3.974147881246629,-5.008197370917514e-05,-0.0,0.0,0.0,-0.5894999999999999,-2.1322400306681314e-05,,,,0.0,-40.7281058820965,-40.753868751796226,-47.97087287793797,-33.57096602251746,0.00015
house-pa-14,HOUSE,PA,14,False,standard,Guy Reschenthaler,R,-1,Alan Bradstock,Guy Reschenthaler,,-33.59611755448029,-2.0,-0.5736424213984757,-3.0867150593980157,-0.04116248965695017,-0.0,0.0,0.0,0.0464999999999999,0.0013823736109792404,,,,0.0,-26.351361043608385,-26.382162637629563,-33.57924665354676,-19.023290258279427,0.0014
house-pa-15,HOUSE,PA,15,False,standard,Glenn Thompson,R,-1,Ray Bilger,Glenn Thompson,,-38.28705018459166,-2.0,4.520306171266205,-2.854702730775781,-0.0015872435143408302,-0.0,0.0,0.0,-0.1865000000000001,-0.0002246744094129407,,,,0.0,-33.971601139105,-33.921318159026185,-41.15658986642283,-26.72491995782935,0.0003
house-pa-16,HOUSE,PA,16,False,standard,Mike Kelly,R,-1,Justin Wagner,Mike Kelly,,-22.959797174936618,-2.0,4.221778839893523,-3.309944842356144,-0.5290874381816465,-0.0,0.0,0.0,-0.2385,-0.09113531122678861,,,,0.0,-18.63624623060024,-18.638183159799155,-25.9297739531954,-11.350264104782374,0.0053
house-pa-17,HOUSE,PA,17,False,standard,Chris Deluzio,D,1,Chris Deluzio,Tony Guy,,5.556475855381876,1.0,2.318801483224491,3.1461326511754963,0.7414940958528056,0.0,0.0,0.0,-0.119,-0.06372729812690502,,,,0.0,17.29026689017777,17.291122254078502,9.927138124997455,24.64534587634884,0.99335
house-ri-1,HOUSE,RI,1,False,standard,Gabe Amo,D,1,Gabe Amo,Kellie Keenan,,22.659710215618045,2.0,10.12108999602192,4.280622740988987,0.00015069371844572053,0.0,0.0,0.0,-0.126,-1.3713128378560568e-05,,,,0.0,38.73183045456994,38.8430790735905,31.586589555428453,46.09416141692547,0.9997
house-ri-2,HOUSE,RI,2,False,standard,Seth Magaziner,D,1,Seth Magaziner,Vic Mellor,,6.934426897530219,2.0,9.9531269699233,-0.2676043123476803,-0.015604534170851806,0.0,0.0,0.0,0.01,0.0012634259792091375,,,,0.0,21.984449917480937,21.983951703699617,14.776865312281586,29.162558201968523,0.998
house-sc-1,HOUSE,SC,1,False,standard,Nancy Mace,,0,Nancy Lacore,Jenny Costa Honeycutt,,-13.209432555402822,-1.0,,1.3771859224041345,1.985758339712556,-0.0,0.0,0.0,0.0,0.0,2.0,-5.667999722987775,0.1758439994301885,0.33847687420411326,-2.705537990846692,-3.7293330697136744,-10.707575111081704,3.456773614992008,0.2479
house-sc-2,HOUSE,SC,2,False,standard,Joe Wilson,R,-1,Zyon Khalifa,Joe Wilson,,-14.123469393416519,-2.0,5.083766349706159,-3.18960815411455,-2.790504503095557,-0.0,0.0,0.0,-0.3265,-0.6580164646327274,,,,0.0,-12.675137330432118,-12.645474796839004,-20.06321548544048,-5.284683833344229,0.02355
house-sc-3,HOUSE,SC,3,False,standard,Sheri Biggs,R,-1,Eunice Lehmacher,Sheri Biggs,,-43.61925875397908,-2.0,4.062430794403936,-2.3504465086640627,-2.949383787059832e-05,-0.0,0.0,0.0,0.0055,1.4953253917035367e-07,,,,0.0,-41.22964099118112,-41.19013844800491,-48.60241701376481,-34.09861377649341,0.00025
house-sc-4,HOUSE,SC,4,False,standard,William Timmons,R,-1,Courtney McClain,William Timmons,,-23.96239999770522,-2.0,-0.8825024847807912,-4.182328735773561,-0.8076828629423551,-0.0,0.0,0.0,-0.0914999999999999,-0.053374375859440576,,,,0.0,-17.098755047812443,-17.101562469793386,-24.46948287994184,-9.775341438874973,0.0075
house-sc-5,HOUSE,SC,5,False,standard,Ralph Norman,,0,Mallory Dittmer,Wes Climer,,-23.088838343075633,-1.0,,-1.7084256700567788,-0.5908361337843189,-0.0,0.0,0.0,0.0,0.0,,,,0.0,-15.677383166945795,-15.679517335255493,-23.835581288044693,-7.404010717563519,0.01645
house-sc-6,HOUSE,SC,6,False,standard,Jim Clyburn,D,1,Jim Clyburn,John Peterson,,23.044582639922922,2.0,0.7520332985104341,,0.0,0.0,0.0,0.0,0.103,0.0003070133321425641,,,,0.0,31.992353768830643,32.03474655648219,24.788598553719556,39.256210653448285,0.9994
house-sc-7,HOUSE,SC,7,False,standard,Russell Fry,R,-1,John Vincent,Russell Fry,,-26.624063961841426,-2.0,3.211281233000242,-1.9979614653614692,-0.14721092422402246,-0.0,0.0,0.0,0.1385,0.02211030873722743,1.0,-9.323103527239041,0.22,0.21945853878931695,-21.344446671126004,-18.71370955706884,-25.23027046151373,-12.115447488847005,0.00335
house-sd-al,HOUSE,SD,0,False,standard,Dusty Johnson,,0,Nikki Gronli,Marty Jackley,,-29.890199073853058,0.0,,-1.6300692444743894,-0.09306260816551468,0.0,0.0,0.0,0.0,0.0,,,,0.0,-22.160991139383587,-22.095555520318243,-30.34826026312228,-13.774154516523478,0.0052
house-tn-1,HOUSE,TN,1,False,standard,Diana Harshbarger,R,-1,Kristi Burke,Diana Harshbarger,,-58.4412194612654,-2.0,1.6563396393269647,-3.1003061328956925,-1.1264803299324793e-08,-0.0,0.0,0.0,-0.0215,-1.749173623422933e-10,,,,0.0,-53.5568332649004,-53.55742831101777,-60.75513168273448,-46.346616254011415,0.00015
house-tn-2,HOUSE,TN,2,False,standard,Tim Burchett,R,-1,Michaela Barnett,Tim Burchett,,-34.325708961516874,-2.0,4.058296347738071,-2.070967037829489,-0.007884070660369396,-0.0,0.0,0.0,0.0464999999999999,0.00038355034364270487,,,,0.0,-29.620331112962834,-29.605889197065522,-36.960673751936454,-22.32094212598653,0.00065
house-tn-3,HOUSE,TN,3,False,standard,Chuck Fleischmann,R,-1,Anna Golladay,Chuck Fleischmann,,-36.206458812861825,-2.0,2.900817689221987,-4.169554931040088,-0.006587274395968225,-0.0,0.0,0.0,-0.1265,-0.0006018207080094304,,,,0.0,-30.929076555136323,-30.921759887408875,-38.222803389932096,-23.664776593579383,0.0005
house-tn-4,HOUSE,TN,4,False,standard,Scott DesJarlais,R,-1,Victoria Broderick,Scott DesJarlais,,-24.276339895406547,-2.0,0.4256528129548362,-2.208030621739915,-0.466488544010257,-0.0,0.0,0.0,-0.0744999999999997,-0.03410234671156274,,,,0.0,-17.779826734624198,-17.797209843617367,-25.160602365993075,-10.427878182427,0.0055
house-tn-5,HOUSE,TN,5,False,standard,Andy Ogles,,0,Chaz Molder,Charlie Hatcher,,-23.390548243207476,0.0,,1.2600334787356715,0.40811151266762097,0.0,0.0,0.0,0.0,0.0,1.0,-13.360065541649154,0.11999999999999998,0.343076215162643,-14.98815930807144,-14.43363109913582,-21.373865782404724,-7.468813764821071,0.01155
house-tn-6,HOUSE,TN,6,False,standard,John Rose,,0,Mike Croley,Johnny Garrett,,-26.87603213256081,-1.0,,-4.409684300615743,-0.4139261826668471,-0.0,0.0,0.0,0.0,0.0,,,,0.0,-19.385594892772474,-19.35228596341738,-27.63059243364682,-11.133918930380604,0.0089
house-tn-7,HOUSE,TN,7,False,standard,Matt Van Epps,R,-1,Darden Copeland,Matt Van Epps,,-22.72632896191422,-2.0,,-1.292893131043007,-0.2909406466121137,-0.0,0.0,0.0,0.0,0.0,,,,0.0,-17.305198247091916,-17.28577583342873,-24.68751222783431,-9.914400860794883,0.0065
house-tn-8,HOUSE,TN,8,False,standard,David Kustoff,R,-1,Heidi Kuhn,David Kustoff,,-20.43242219556846,-2.0,5.589980351150671,-4.1955003674277975,-0.8207496205939884,-0.0,0.0,0.0,-0.1494999999999999,-0.08861816042357863,,,,0.0,-17.075747414101258,-17.033803472942097,-24.31156381941457,-9.765402426925963,0.00665
house-tn-9,HOUSE,TN,9,False,standard,Steve Cohen,,0,Justin Pearson,Brent Taylor,,-21.425243647535822,0.0,,0.40894136279688,0.19831672739166017,0.0,0.0,0.0,0.0,0.0,1.0,-9.76667843897469,0.08000000000000002,0.3720601465399342,-13.17778235956156,-11.988936956104105,-18.70187166484336,-5.105696810444868,0.0209
house-tx-1,HOUSE,TX,1,False,standard,Nathaniel Moran,R,-1,Yolanda Prince,Nathaniel Moran,,-49.90366327371402,-2.0,,-4.0808776873589006,-3.5137025241173193e-06,-0.0,0.0,0.0,-0.0324999999999999,-8.24744064688646e-08,,,,0.0,-45.18163114990132,-45.183891150910995,-52.43968601162654,-37.801801330339984,0.00015
house-tx-2,HOUSE,TX,2,False,standard,Dan Crenshaw,,0,Shaun Finnie,Steve Toth,,-23.13431489842665,-1.0,,1.1769781686931509,0.40307317018446565,-0.0,0.0,0.0,0.5614999999999999,0.41663653073933576,,,,0.0,-14.313528518234207,-14.333210594819914,-22.65520546442583,-5.966975585685907,0.02425
house-tx-3,HOUSE,TX,3,False,standard,Keith Self,R,-1,Evan Hunt,Keith Self,,-23.981599143217043,-2.0,4.377038951909401,-0.5321954762621353,-0.0700411361945926,-0.0,0.0,0.0,-0.0894999999999999,-0.025520967889083396,,,,0.0,-19.245704579733143,-19.206697459179598,-26.471391299978222,-11.821110036995256,0.0041
house-tx-4,HOUSE,TX,4,False,standard,Pat Fallon,R,-1,Jason Pearce,Pat Fallon,,-25.158856069593824,-2.0,3.9926543055347343,-3.609844240555603,-0.30085146907272414,-0.0,0.0,0.0,-0.0415,-0.009017187086929704,,,,0.0,-20.45609493783749,-20.508946390370202,-27.715585719123748,-13.214389652972258,0.00325
house-tx-5,HOUSE,TX,5,False,standard,Lance Gooden,R,-1,Chelsey Hockett,Lance Gooden,,-21.843996130993506,-2.0,0.7706207290556284,-4.400731468227505,-1.0628297325796938,-0.0,0.0,0.0,0.0304999999999999,0.0234117771648804,,,,0.0,-16.010451612068486,-16.034069797820795,-23.385145527808064,-8.737854875650418,0.0083
house-tx-6,HOUSE,TX,6,False,standard,Jake Ellzey,R,-1,Danny Minton,Jake Ellzey,,-23.274848423140842,-2.0,1.933670214497201,-4.464409443518912,-0.6645031409323863,-0.0,0.0,0.0,0.3874999999999999,0.18596858735816085,,,,0.0,-17.559563002922168,-17.64741426184603,-25.04257414988999,-10.408702511656836,0.00575
house-tx-7,HOUSE,TX,7,False,standard,Lizzie Fletcher,D,1,Lizzie Fletcher,Alexander Hale,,24.093375271886345,2.0,1.041189715720237,3.326006034067751,0.0024238452866487104,0.0,0.0,0.0,0.192,0.0003361065464152879,,,,0.0,33.1709989969961,33.12334077402349,25.772669908967092,40.409122885503514,0.9994
house-tx-8,HOUSE,TX,8,False,standard,Morgan Luttrell,,0,Laura Jones,Jessica Hart Steinmann,,-27.993926866059134,0.0,,-3.647668193418901,-0.3031383085239415,0.0,0.0,0.0,-0.123,-0.026928786407210137,,,,0.0,-20.449212111897264,-20.412838032746166,-28.63799025159136,-12.179083360121819,0.0066
house-tx-9,HOUSE,TX,9,False,standard,None (new seat),,0,Leticia Gutierrez,Alex Mealer,,-19.967725626975657,0.0,,-3.2658243281499675,-1.8941211924624537,0.0,0.0,0.0,0.0,0.0,1.0,-5.414156798608062,0.16,0.35136525545003666,-13.7653367434634,-10.832006290430602,-17.726163416323875,-3.9342618220486507,0.03075
house-tx-10,HOUSE,TX,10,False,standard,Michael McCaul,,0,Caitlin Rourk,Chris Gober,,-22.935141814419953,0.0,,-1.8936915323748045,-0.6768100463349912,0.0,0.0,0.0,0.0,0.0,,,,0.0,-15.605536087257729,-15.643269484353283,-23.994525260006096,-7.237865354363826,0.0185
house-tx-11,HOUSE,TX,11,False,standard,August Pfluger,R,-1,Claire Reynolds,August Pfluger,,-34.776226874930764,-2.0,,-3.942460227073517,-0.01242885564754957,-0.0,0.0,0.0,0.2495,0.0022396107384903908,,,,0.0,-29.416655122142455,-29.43688504757261,-36.77396850557346,-22.276560406588242,0.00055
house-tx-12,HOUSE,TX,12,False,standard,Craig Goldman,R,-1,Angela Rodriguez Prilliman,Craig Goldman,,-24.152059215739328,-2.0,3.551298924208573,-4.552849302759294,-0.24759555697989055,-0.0,0.0,0.0,-0.2165,-0.038714316395550105,,,,0.0,-21.11716501966619,-21.099620788228542,-28.41423023004271,-13.788182087898873,0.0031
house-tx-13,HOUSE,TX,13,False,standard,Ronny Jackson,R,-1,Mark Nair,Ronny Jackson,,-46.66045241939511,-1.0,,-4.123729160530777,-2.7462811680310413e-05,-0.0,0.0,0.0,0.3985000000000001,7.90394977276934e-06,,,,0.0,-41.776712520916014,-41.790676044585204,-49.04286776548082,-34.54229621167988,0.00015
house-tx-14,HOUSE,TX,14,False,standard,Randy Weber,R,-1,Thurman Bartie,Randy Weber,,-24.57811033271256,0.0,2.5586414324048965,-3.486899162545146,-0.43731486057015917,0.0,0.0,0.0,-0.1925,-0.060798913254267964,,,,0.0,-19.26002040872437,-19.202812540176993,-26.49040331559563,-11.719373346130254,0.00435
house-tx-15,HOUSE,TX,15,False,standard,Monica De La Cruz,R,-1,Bobby Pulido,Monica De La Cruz,,-18.01759130969824,-2.0,-3.06719418329246,-0.74062669080336,-0.7183193573861052,-0.0,0.0,0.0,0.3185,0.6692983424688272,5.0,4.0169540777432555,0.04919872487959027,0.44180028248125985,-8.943411325801348,-3.154227099961109,-9.151524857478698,2.6999711233644668,0.24275
house-tx-16,HOUSE,TX,16,False,standard,Veronica Escobar,D,1,Veronica Escobar,Adam Bauman,,16.63676773389655,2.0,2.880079198126336,,0.0,0.0,0.0,0.0,0.271,0.006321065118540661,,,,0.0,26.973540571591275,27.006010038317303,19.559060641297673,34.08644184832194,0.99905
house-tx-17,HOUSE,TX,17,False,standard,Pete Sessions,R,-1,Casey Shepard,Pete Sessions,,-21.9502302161465,-2.0,3.27939312884149,-3.841873531374521,-0.7678977785326032,-0.0,0.0,0.0,-0.1134999999999999,-0.06294628734582529,,,,0.0,-17.290998446106624,-17.31275356164221,-24.74264588022612,-9.981659824405975,0.00655
house-tx-18,HOUSE,TX,18,False,standard,Christian Menefee,D,1,Christian Menefee,Ronald Whitfield,,55.72034781448782,2.0,,,0.0,0.0,0.0,0.0,0.0,0.0,,,,0.0,64.36971948565163,64.40917323524755,57.21282158599508,71.7101524136709,0.99995
house-tx-19,HOUSE,TX,19,False,standard,Jodey Arrington,,0,Kyle Rable,Tom Sell,,-52.16553105495645,0.0,,-3.738275075790237,-3.3369848611996215e-06,0.0,0.0,0.0,0.0,0.0,,,,0.0,-45.263788559601075,-45.275797188538036,-53.46027324014813,-36.981549997326375,0.00025
house-tx-20,HOUSE,TX,20,False,standard,Joaquin Castro,D,1,Joaquin Castro,Edgardo Rafael Baez,,28.881561605032594,2.0,,2.294226033327514,0.00011166553994907232,0.0,0.0,0.0,-0.0229999999999999,-2.4255090794422866e-06,,,,0.0,38.79036073719369,38.822507007041054,31.43867368796019,46.06600832969661,0.9998
house-tx-21,HOUSE,TX,21,False,standard,Chip Roy,,0,Kristin Hook,Mark Teixeira,,-22.084735744258868,0.0,,-2.696274309601862,-1.1489753789798736,0.0,0.0,0.0,-0.1799999999999999,-0.16619243680303358,,,,0.0,-15.370001813965436,-15.503964764755544,-23.65733762326487,-7.026033347101447,0.01725
house-tx-22,HOUSE,TX,22,False,standard,Troy Nehls,,0,Marquette Greene-Scott,Trever Nehls,,-22.728896297178235,1.0,,-3.0907369778590583,-1.1200011727835744,0.0,0.0,0.0,-0.1964999999999999,-0.15894683310420218,,,,0.0,-15.995842866876721,-15.958687431580005,-24.41214886184019,-7.711397696456745,0.0165
house-tx-23,HOUSE,TX,23,False,standard,Vacant,,0,Katy Padilla Stout,Brandon Herrera,,-14.973852558895206,0.0,,-1.4077439537212355,-1.7458957749573578,0.0,0.0,0.0,0.2704999999999999,0.7268654308439781,1.0,-6.578995126134193,0.18,0.05249816242859024,-7.63008749871906,-7.630384282601732,-15.799073823763463,0.6522146270896824,0.117
house-tx-24,HOUSE,TX,24,False,standard,Beth Van Duyne,R,-1,Kevin Burge,Beth Van Duyne,,-16.38594296670372,-2.0,4.150819196649517,-2.9824077077977607,-2.1150573705505553,-0.0,0.0,0.0,0.0064999999999999,0.00998758750881233,,,,0.0,-13.2492055115506,-13.207656880055982,-20.61017771793408,-5.777382254510542,0.01845
house-tx-25,HOUSE,TX,25,False,standard,Roger Williams,R,-1,Dione Sims,Roger Williams,,-24.33804955302802,-2.0,,,0.0,-0.0,0.0,0.0,-0.0375,-0.012135263276794464,,,,0.0,-18.680560679567513,-18.68821984402467,-26.056405191188993,-11.334829878972991,0.0049
house-tx-26,HOUSE,TX,26,False,standard,Brandon Gill,R,-1,Steven Shook,Brandon Gill,,-24.143127359490155,-2.0,3.651963273463141,-4.930306615906332,-0.24430427432886975,-0.0,0.0,0.0,0.3134999999999999,0.05531455944596157,,,,0.0,-21.066047737708782,-21.075113486070535,-28.4027190949476,-13.730899668325728,0.00275
house-tx-27,HOUSE,TX,27,False,standard,Michael Cloud,R,-1,Tanya Lloyd,Michael Cloud,,-21.457064940663432,-2.0,2.6691188187887525,-2.106562829182046,-0.6506326927098797,-0.0,0.0,0.0,-0.1434999999999999,-0.09602967698820603,,,,0.0,-16.363552170542455,-16.429609650161638,-23.674019900286748,-9.155803792277075,0.00685
house-tx-28,HOUSE,TX,28,False,standard,Henry Cuellar,D,1,Henry Cuellar,Tano Tijerina,,-10.459161706977333,1.0,12.783449903273231,0.6455803402855187,0.8344885558168257,0.0,0.0,0.0,0.966,2.7054487851227935,3.0,10.464817561136414,0.20921965344801147,0.29312869334425196,9.683707987475074,9.872405090592391,3.4977441975253063,16.29561390046871,0.97065
house-tx-29,HOUSE,TX,29,False,standard,Sylvia Garcia,D,1,Sylvia Garcia,Martha Fierro,,30.845369895153603,2.0,9.494159693134456,4.0407394889597965,5.903472413156369e-06,0.0,0.0,0.0,0.275,1.172495215390779e-06,,,,0.0,44.34707160275099,44.36645975351735,37.07768975148345,51.656121070773885,0.99975
house-tx-30,HOUSE,TX,30,False,standard,None (new seat),,0,Frederick Haynes III,Everett Jackson,,47.804896337119935,0.0,,2.355646780726939,4.051095689281154e-09,0.0,0.0,0.0,0.0,0.0,,,,0.0,54.59655494133702,54.590952875012206,46.34372422540656,62.85352439371418,0.99995
house-tx-31,HOUSE,TX,31,False,standard,John Carter,R,-1,Justin Early,John Carter,,-22.146914200858628,-2.0,5.50460131947117,-2.333948288272066,-0.42515097673738106,-0.0,0.0,0.0,-0.1985,-0.07834378771969631,,,,0.0,-18.389800115571205,-18.354141318201403,-25.75791412138404,-11.03006061344325,0.00545
house-tx-32,HOUSE,TX,32,False,standard,None (new seat),,0,Dan Barrios,Jace Yarbrough,,-18.113580215751295,1.0,,-1.9920184499570408,-1.6846393552282106,0.0,0.0,0.0,0.0,0.0,,,,0.0,-11.62648333351433,-11.615244357131763,-19.916917851998488,-3.293528524106676,0.0437
house-tx-33,HOUSE,TX,33,False,standard,Jasmine Crockett,,0,Colin Allred,Patrick Gillespie,,33.340829756235884,2.0,,5.698024768164236,4.8410783977971645e-05,0.0,0.0,0.0,-0.2169999999999998,-7.5870456445476605e-06,,,,0.0,40.78802854073752,40.81982708568037,32.563227544573685,49.04763267342404,0.9998
house-tx-34,HOUSE,TX,34,False,standard,Vicente Gonzalez,D,1,Vicente Gonzalez,Eric Flores,,-10.22506904859846,2.0,7.7580469982158204,0.5670429655065609,0.8687226434000531,0.0,0.0,0.0,0.445,1.477125132125801,4.0,2.5330747353362018,0.130284853296859,0.35234950932857484,5.989680218808369,4.773672129892626,-1.474503734707026,10.998302399550564,0.8395
house-tx-35,HOUSE,TX,35,False,standard,None (new seat),,0,Johnny Garcia,Carlos De La Cruz,,-10.563314149260139,1.0,,-0.1154239105962223,-0.1898571494499508,0.0,0.0,0.0,0.0,0.0,1.0,-6.149032303976989,0.11,0.35217090856936645,-1.934336040862558,-3.416553008690659,-10.38440640556349,3.4242616785405615,0.25405
house-tx-36,HOUSE,TX,36,False,standard,Brian Babin,R,-1,Rhonda Hart,Brian Babin,,-25.312327790203895,-2.0,1.2204653389580633,-4.272558505421538,-0.43537961550884,-0.0,0.0,0.0,-0.2305,-0.07247861210401328,,,,0.0,-19.286777165989907,-19.24802980458704,-26.529104451556627,-11.97653330877523,0.0046
house-tx-37,HOUSE,TX,37,False,standard,Greg Casar,D,1,Greg Casar,Lauren Peña,,57.704254135704865,2.0,0.1564659071256935,2.423937150360713,9.15234835573173e-13,0.0,0.0,0.0,0.013,1.0635223991461484e-14,,,,0.0,64.75974599134173,64.65262225468925,57.55373885941761,71.82653862006426,0.9999
house-tx-38,HOUSE,TX,38,False,standard,Wesley Hunt,,0,Melissa McDonough,Jon Bonck,,-21.29669299579903,0.0,,-2.5961749643330245,-1.2902222917189057,0.0,0.0,0.0,-0.2179999999999999,-0.23473571857092687,,,,0.0,-14.768622871423734,-14.791821817049584,-23.13784171146401,-6.633182740504036,0.0195
house-ut-1,HOUSE,UT,1,False,standard,None (new seat),,0,Ben McAdams,Riley Owen,,24.325735111457707,2.0,,2.682011367190529,0.0035466919851331034,0.0,0.0,0.0,0.118,0.0003380936146002348,,,,0.0,32.08475930116058,32.127264443404734,23.88590516376549,40.381599486952865,0.99905
house-ut-2,HOUSE,UT,2,False,standard,Blake Moore,R,-1,Peter Crosby,Blake Moore,,-29.9231434255034,-2.0,11.8569342565702,-4.00714262469264,-0.012650637148240747,-0.0,0.0,0.0,-0.3685,-0.0033668265143692944,2.0,-3.471100177056443,0.342464006863873,0.2050624058941154,-29.379146456981776,-24.0618544373992,-30.67020661228664,-17.411643933603607,0.00065
house-ut-3,HOUSE,UT,3,False,standard,Celeste Maloy,R,-1,Kent Udell,Celeste Maloy,,-42.41903846817411,-2.0,4.798317084819732,-3.118280158817572,-6.0866057799643655e-05,-0.0,0.0,0.0,-0.1865000000000001,-8.198319840846452e-06,,,,0.0,-40.38188054926651,-40.33831734994422,-47.63964492196774,-33.05053652304989,0.00015
house-ut-4,HOUSE,UT,4,False,standard,Mike Kennedy,R,-1,Jonny Larsen,Mike Kennedy,,-33.446643564909,-2.0,12.785920534601786,-2.8307521180873545,-0.000765367736958291,-0.0,0.0,0.0,0.0164999999999999,9.665945817518726e-06,,,,0.0,-35.46576118323077,-35.49945607962134,-42.70050223316847,-28.22374257850876,0.0005
house-va-1,HOUSE,VA,1,False,standard,Rob Wittman,R,-1,Shannon Taylor,Rob Wittman,,-5.00442471396264,-2.0,7.674711528138682,-0.944174630078467,-1.5838963725505646,-0.0,0.0,0.0,-0.2395,-0.8705065777091021,2.0,-4.991378037134419,0.07000000020156755,0.3248308664569255,-2.913202212626158,-3.554362674375154,-9.819953396774721,2.6671117475689137,0.22075
house-va-2,HOUSE,VA,2,False,standard,Jen Kiggans,R,-1,Elaine Luria,Jen Kiggans,,-0.25221671009308466,0.0,3.558796871487511,-0.285934344368051,-0.3517486953889207,0.0,0.0,0.0,0.1815,0.48376551186045247,1.0,-3.2489475268882244,0.06,0.3482292795720488,6.830973428912432,3.3508001710216284,-2.8356535813458783,9.446310906642296,0.76365
house-va-3,HOUSE,VA,3,False,standard,Bobby Scott,D,1,Bobby Scott,Edwin Rivera,,35.171354784672296,2.0,,3.3855102482910024,4.332307429231712e-06,0.0,0.0,0.0,0.012,3.7546664386674846e-08,,,,0.0,44.84664921514019,44.925822238954964,37.699859544538455,52.08777404867048,0.99985
house-va-4,HOUSE,VA,4,False,standard,Jennifer McClellan,D,1,Jennifer McClellan,Robert Murray,,33.178227120064946,2.0,1.926106553640481,,0.0,0.0,0.0,0.0,-0.2019999999999999,-8.382609553653265e-07,,,,0.0,44.390969836742684,44.33270741040366,37.096030024214656,51.68939143974705,0.99995
house-va-5,HOUSE,VA,5,False,standard,John McGuire,R,-1,Tom Perriello,John McGuire,,-12.407085063709836,0.0,2.530256581254638,0.138132675845518,0.15048854448645937,0.0,0.0,0.0,0.1984999999999999,0.4685539785937484,1.0,-7.419761410487082,0.09000000000000001,0.31058900971943015,-7.278393251724156,-7.368207195481367,-13.71368305479102,-1.0479299792050978,0.0713
house-va-6,HOUSE,VA,6,False,standard,Ben Cline,R,-1,Beth Macy,Ben Cline,,-24.157705036448466,-2.0,4.653808404577879,-0.0667313378906842,-0.008032038321042032,-0.0,0.0,0.0,-0.0124999999999999,-0.0032598532873901035,,,,0.0,-19.49431885114692,-19.47433649830839,-26.778044917748456,-12.309099596239824,0.00455
house-va-7,HOUSE,VA,7,False,standard,Eugene Vindman,D,1,Eugene Vindman,Doug Ollivant,,2.914155482400608,2.0,-0.1426521302539942,3.8350624783316873,1.0734918960090067,0.0,0.0,0.0,-0.2329999999999998,-0.18064483072284881,,,,0.0,15.815797784843005,15.733421699119333,8.544880796869268,23.107712208977212,0.9915
house-va-8,HOUSE,VA,8,False,standard,Don Beyer,D,1,Don Beyer,Tony Sabio,,50.904224479584464,2.0,-2.0577590018806253,4.091817364175643,7.181238872946258e-10,0.0,0.0,0.0,0.075,3.88983772284589e-11,,,,0.0,57.13787757979528,57.155420354966495,49.92059560597797,64.324208320998,0.99995
house-va-9,HOUSE,VA,9,False,standard,Morgan Griffith,R,-1,Joy Powers,Morgan Griffith,,-44.42581664466825,-2.0,,-3.06821876444428,-0.00010270512854451543,-0.0,0.0,0.0,-0.0384999999999999,-2.8557731575849916e-06,,,,0.0,-39.43805505829985,-39.450514499119414,-46.63639257298372,-32.241449819519815,0.00045
house-va-10,HOUSE,VA,10,False,standard,Suhas Subramanyam,D,1,Suhas Subramanyam,Dave Beckwith,,8.576451033971418,2.0,-3.886437970558408,2.372240527887434,0.44417924064312475,0.0,0.0,0.0,0.6545,0.26552247580459515,,,,0.0,18.484921311115038,18.491096578110657,11.17828842925049,25.837414895704875,0.99405
house-va-11,HOUSE,VA,11,False,standard,James Walkinshaw,D,1,James Walkinshaw,Arthur Purves,,35.29116354091677,2.0,,4.525681764703802,4.032487571412127e-06,0.0,0.0,0.0,0.0,0.0,,,,0.0,44.96164078565918,44.92751379522173,37.66213671360236,52.21075374620843,0.99985
house-vt-al,HOUSE,VT,0,False,standard,Becca Balint,D,1,Becca Balint,Gerald Malloy,,32.77043577168019,0.0,,2.6555273388129144,1.5554058009918016e-05,0.0,0.0,0.0,-0.25,-3.1726710669597146e-06,4.0,25.549434342797333,0.13171101049703857,0.359382920059992,42.539337122190915,36.436682841960504,30.334908133770647,42.56333224415185,0.99995
house-wa-1,HOUSE,WA,1,False,standard,Suzan DelBene,D,1,Suzan DelBene,Mary Silva,,29.71416626019093,2.0,-3.2733632356154514,5.1279509614944905,0.0005531567700734161,0.0,0.0,0.0,-0.118,-4.7141249182923354e-05,,,,0.0,36.234297248926346,36.35080280275884,29.007608912427113,43.65006942434605,0.9997
house-wa-2,HOUSE,WA,2,False,standard,Rick Larsen,D,1,Rick Larsen,Edwin Feller,,24.449358063403622,0.0,3.734410420493576,,0.0,0.0,0.0,0.0,0.101,7.447886297647183e-05,,,,0.0,34.99472481219469,35.017869663754254,27.69127761638624,42.148152469228314,0.99975
house-wa-3,HOUSE,WA,3,False,standard,Marie Gluesenkamp Perez,D,1,Marie Gluesenkamp Perez,John Braun,,-3.396252192645398,0.0,7.412514312502439,1.1723654191744082,0.8438797763974638,0.0,0.0,0.0,-0.1669999999999999,-0.2604510738993892,3.0,-5.166464017795349,0.11534134634844263,0.3050906227085371,11.63100740534979,6.485516545112,0.15631192246619777,12.920469398014404,0.90485
house-wa-4,HOUSE,WA,4,False,standard,Dan Newhouse,,0,John Duresky,Amanda McKinney,,-21.23632345302414,-1.0,,-1.5963329175543814,-0.8024388935068243,-0.0,0.0,0.0,0.0,0.0,,,,0.0,-13.983893708024882,-14.023106121336422,-22.349156158710656,-5.64173339129611,0.02515
house-wa-5,HOUSE,WA,5,False,standard,Michael Baumgartner,R,-1,Carmela Conroy,Michael Baumgartner,,-11.108555422659757,-2.0,10.079905812644675,-1.472892024901894,-1.1337613693781294,-0.0,0.0,0.0,-0.1494999999999999,-0.24933545525094422,1.0,-11.938956699844255,0.0,0.3553247065954717,-11.984476262117667,-11.989275423701995,-18.089258042752025,-5.722721198694745,0.0135
house-wa-6,HOUSE,WA,6,False,standard,Emily Randall,D,1,Emily Randall,Teresa Fox,,19.891451831750338,2.0,-6.136453702958522,3.2601594523000608,0.030655061278148776,0.0,0.0,0.0,-0.123,-0.0027231912768755496,,,,0.0,27.134026307385952,27.12707816610839,19.938149973691953,34.360178307698774,0.99845
house-wa-7,HOUSE,WA,7,False,standard,Pramila Jayapal,D,1,Pramila Jayapal,Nirav Sheth,,77.56051167435446,2.0,-9.082424552371911,4.804297389255944,1.942288484382613e-18,0.0,0.0,0.0,0.5045000000000002,7.076943902679652e-19,,,,0.0,78.13840414269492,78.1872725318228,71.07521969279642,85.37682259648176,1.0
house-wa-8,HOUSE,WA,8,False,standard,Kim Schrier,D,1,Kim Schrier,Spencer Meline,,5.966932359880001,2.0,2.3278904041291115,3.7721516102463126,0.6820444750859734,0.0,0.0,0.0,-0.2149999999999998,-0.10590635043696077,,,,0.0,17.546982975043285,17.572798181574154,10.22952708041627,24.95291692620499,0.99295
house-wa-9,HOUSE,WA,9,False,standard,Adam Smith,D,1,Adam Smith,Doug Basler,,42.69428737721389,2.0,,4.199446988769716,3.425203427690647e-08,0.0,0.0,0.0,0.6375,1.5770207448325686e-08,,,,0.0,52.04034342325556,52.07603373978645,44.758578370700256,59.307889010428276,0.9999
house-wa-10,HOUSE,WA,10,False,standard,Marilyn Strickland,D,1,Marilyn Strickland,Chris Chung,,18.6042540382684,2.0,-1.1312334145655418,4.478702145625662,0.03628995793086886,0.0,0.0,0.0,0.135,0.003538270898259714,,,,0.0,26.69393341112545,26.708817513777735,19.2895986341658,34.09255626728138,0.9986
house-wi-1,HOUSE,WI,1,False,standard,Bryan Steil,R,-1,Mitchell Berman,Bryan Steil,,-4.574926503161371,-2.0,5.722291735026506,-2.362730412274356,-3.937200175674512,-0.0,0.0,0.0,0.0475000000000001,0.1714979906191619,3.0,-4.276624003178785,0.03912021875571894,0.4105747946795904,-2.6829162677171516,-3.2842513089138436,-9.309019339903678,2.669069417839919,0.2378
house-wi-2,HOUSE,WI,2,False,same_party,Mark Pocan,D,1,Mark Pocan,,D,40.745668109005265,0.0,-0.3391138527341359,,,,,0.0,-0.1119999999999999,,,,,,,,,,1.0
house-wi-3,HOUSE,WI,3,False,standard,Derrick Van Orden,R,-1,Rebecca Cooke,Derrick Van Orden,,-7.513658895468744,-2.0,-4.911379672142732,0.0351813333320443,0.053834831361032155,-0.0,0.0,0.0,0.1575,0.5221841943443115,4.0,-3.1877666937748295,0.03998696344772702,0.39912866682552817,4.243167812217051,1.2728488618093108,-4.6411380677675265,7.179170868920632,0.6105
house-wi-4,HOUSE,WI,4,False,standard,Gwen Moore,D,1,Gwen Moore,Tim Rogers,,52.46959330772252,2.0,1.529154114940071,,0.0,0.0,0.0,0.0,0.3595,1.1100478221195572e-11,,,,0.0,60.588682711999866,60.56427466773226,53.45846979380346,67.5837435457571,1.0
house-wi-5,HOUSE,WI,5,False,standard,Scott Fitzgerald,R,-1,Andrew Beck,Scott Fitzgerald,,-22.453536619855047,-2.0,6.353302332530933,-4.188650190590025,-0.44808686116136565,-0.0,0.0,0.0,0.1725000000000001,0.0558241547863535,,,,0.0,-19.060553832584834,-19.03740935608525,-26.436093924757593,-11.837652761121376,0.0039
house-wi-6,HOUSE,WI,6,False,standard,Glenn Grothman,R,-1,Brad Smith,Glenn Grothman,,-16.695392066092158,-2.0,5.774922636417382,-2.0680111854344525,-1.2014583671898271,-0.0,0.0,0.0,0.2175,0.2737834589706342,1.0,-27.93895669984425,0.0,0.34657492190293687,-13.293178735034852,-18.302821695975172,-24.504015444768754,-12.128844467665335,0.00205
house-wi-7,HOUSE,WI,7,False,standard,Tom Tiffany,,0,Fred Clark,Michael Alfonso,,-22.842779803336647,1.0,,-1.1224471473670272,-0.40910794256322097,0.0,0.0,0.0,0.0,0.0,,,,0.0,-15.242978153303923,-15.206968874621595,-23.427163466171763,-6.906951384941418,0.01875
house-wi-8,HOUSE,WI,8,False,standard,Tony Wied,R,-1,Rick Crosson,Tony Wied,,-16.463834239873304,-1.0,-1.9298058929247877,-2.559960309870283,-2.194705567968304,-0.0,0.0,0.0,0.3065,0.5693320258295215,,,,0.0,-11.46784382644899,-11.421263664194441,-18.715323118408087,-4.1893832201924495,0.03
house-wv-1,HOUSE,WV,1,False,standard,Carol Miller,R,-1,Vince George,Carol Miller,,-45.19875830196956,-2.0,-1.856375774022489,-2.0061016446065367,-0.00017743961076070408,-0.0,0.0,0.0,-0.0965,-1.8493412526210102e-05,,,,0.0,-37.66541732776985,-37.711643702552095,-44.92725586665248,-30.492246743805502,0.00025
house-wv-2,HOUSE,WV,2,False,standard,Riley Moore,R,-1,Ace Parsi,Riley Moore,,-40.383313502646374,-2.0,1.030833813858805,-2.233515423091049,-0.00042118446995425694,-0.0,0.0,0.0,-0.1274999999999999,-5.209375705310288e-05,,,,0.0,-36.189596923647635,-36.219203606287635,-43.544626367908386,-28.951269167958884,0.00025
house-wy-al,HOUSE,WY,0,False,standard,Harriet Hageman,,0,Lisa Kinney,Chuck Gray,,-46.95834604821483,0.0,,-3.646279545613131,-8.467035289552338e-05,0.0,0.0,0.0,0.0,0.0,,,,0.0,-39.7889997338384,-39.76907765785191,-48.01844763509508,-31.556059377696208,0.0006
senate-ak,SEN,AK,0,False,rcv_bloc,Dan Sullivan,R,-1,Mary Peltola,Gerald Heikes; Dan J. Sullivan; Dan S. Sullivan,,-13.69312508474994,-1.0,1.4719906238951417,0.3666094504434499,1.1278564570017355,-0.0,0.0,11.31671315632245,0.1394999999999999,0.0,19.0,0.7903074148423034,0.01954098531051766,0.6735622448376561,-6.503717127087929,-1.572597787088086,-6.693450317663311,3.623140978143537,0.34685
senate-al,SEN,AL,0,False,standard,Tommy Tuberville,R,0,Everett Wess,Barry Moore,,-30.88122385938789,-2.0,,,0.0,-0.0,0.0,0.0,0.0,0.0,1.0,-15.255983282122738,0.21,0.5041897879235689,-23.088051227693942,-19.079135730523127,-28.047739854004554,-10.192971154192632,0.0109
senate-ar,SEN,AR,0,False,standard,Tom Cotton,R,-1,Hallie Shoffner,Tom Cotton,,-31.33998647229675,-3.0,,-2.18470237471752,-0.12412585286181342,-0.0,0.0,0.0,0.1705000000000001,0.0,4.0,-8.171613066720075,0.11572375050034427,0.7166026180734031,-25.284571235517454,-13.02398662397568,-20.18002034177004,-5.8805468792062054,0.01715
senate-co,SEN,CO,0,False,standard,John Hickenlooper,D,1,John Hickenlooper,Mark Baisley,,11.293083462132921,2.0,-2.9701204541250323,4.59648896867292,0.8610968942613464,0.0,0.0,0.0,-0.0499999999999999,-0.0,,,,0.0,20.856094471481793,20.874419760805605,13.017627746045543,28.855746121311984,0.9948
senate-de,SEN,DE,0,False,standard,Chris Coons,D,1,Chris Coons,Michael Katz,,14.958471282996337,2.0,4.239865462704085,3.88472862417668,0.13109024439302835,0.0,0.0,0.0,0.246,0.0,,,,0.0,26.031942755837242,26.112738616275387,18.141400616145177,34.01186565139533,0.9979
senate-fl-special,SEN,FL,0,True,standard,Ashley Moody,R,-1,Angie Nixon,Ashley Moody,,-13.22213886698459,-2.0,,-3.6522466123839634,-10.140223737818674,-0.0,0.0,0.0,0.0,0.0,10.0,-5.263137509913971,0.07488340062079725,0.8013749640518988,-16.82509710499717,-7.520981886031244,-13.725593531716962,-1.2602034697525848,0.06215
senate-ga,SEN,GA,0,False,standard,Jon Ossoff,D,1,Jon Ossoff,Mike Collins,,-2.2087323027962817,1.0,,2.6013219567470403,8.055612380641872,0.0,0.0,0.0,-0.274,-0.0,16.0,8.631601492162396,0.05654354322567774,0.8208570537322163,15.6249264438166,9.872425513397118,3.827095619969736,15.898318697022841,0.9774
senate-ia,SEN,IA,0,False,standard,Joni Ernst,R,0,Josh Turek,Ashley Hinson,,-13.445597709596235,-1.0,,-0.6741303388997628,-2.5549978483247857,-0.0,0.0,0.0,0.0,0.0,21.0,2.4470275993574386,0.08514866458337533,0.8062864230377405,-7.865518770400775,0.45907635632472127,-5.620890807701097,6.641928322984015,0.5384
senate-id,SEN,ID,0,False,same_party,Jim Risch,R,-1,,Jim Risch,R,-37.52184118025308,0.0,-2.4760069518199472,,,,,0.0,-0.3195,,,,,,,,,,0.0
senate-il,SEN,IL,0,False,standard,Dick Durbin,D,0,Juliana Stratton,Don Tracy,,11.135530816543426,2.0,,0.8700654221035241,0.3108604588299726,0.0,0.0,0.0,0.0,0.0,,,,0.0,19.501303596329567,19.448512306220934,7.132056936635594,32.02065145146611,0.965
senate-ks,SEN,KS,0,False,standard,Roger Marshall,R,-1,Adam Hamilton,Roger Marshall,,-16.411473894550323,-3.0,-4.312270332201006,-0.3633284401757001,-1.0104658291945718,-0.0,0.0,0.0,-0.1134999999999999,-0.0,7.0,0.509322075497908,0.06932139910923467,0.5652396747656313,-9.541177592993694,-3.874133145833029,-9.533888231300232,1.8988958689836832,0.19175
senate-ky,SEN,KY,0,False,standard,Mitch McConnell,R,0,Charles Booker,Andy Barr,,-31.02814203220417,-1.0,,-2.511890508194776,-0.27220737362491015,-0.0,0.0,15.495409793911385,0.0,0.0,2.0,-10.657274407860077,0.11000007509554059,0.4657429943783539,-23.511515988358408,-17.565901847882692,-26.84956513349184,-8.230162285771367,0.0194
senate-la,SEN,LA,0,False,standard,Bill Cassidy,R,0,Jamie Davis,Julia Letlow,,-22.357020818831867,-2.0,,-1.1327858035556986,-1.2486536507696453,-0.0,0.0,0.0,0.0,0.0,2.0,-7.912930706063623,0.08588336902617333,0.5829325709100194,-15.602789999723004,-11.034928372597221,-19.47512499761795,-2.627287841359592,0.0538
senate-ma,SEN,MA,0,False,standard,Ed Markey,D,1,Ed Markey,John Deaton,,25.910638840838516,3.0,0.5085556465280519,1.8615419235886217,0.001441095975901545,0.0,-0.0,-10.492920014718209,0.072,0.0,11.0,23.994906158081267,0.19854797450131403,0.45810331673287275,35.38004687447767,30.15312256670144,24.040691834159905,36.30373543377394,0.99975
senate-me,SEN,ME,0,False,standard,Susan Collins,R,-1,Troy Jackson,Susan Collins,,7.08861163994892,-2.0,17.18453938781839,,0.0,-0.0,0.0,0.0,-0.9685,-0.0,15.0,1.1206500552142105,0.060626624137384004,0.627797764464638,8.10144359457202,3.752257277716806,-1.6220765043611536,9.18607983408349,0.81845
senate-mi,SEN,MI,0,False,standard,Gary Peters,D,0,Abdul El-Sayed,Mike Rogers,,-1.4424736578339323,-2.0,,0.2325586573104284,0.7825069616548154,-0.0,0.0,2.7641752741633407,0.0444999999999999,0.0,41.0,3.2695137485493757,0.07491195818874713,0.8220303571282686,7.516073845246951,4.029343343152444,-1.805423147581598,9.987789794401685,0.81625
senate-mn,SEN,MN,0,False,standard,Tina Smith,D,0,Peggy Flanagan,Michele Tafoya,,4.343404352188957,2.0,,0.2072829546676579,0.3237506780542532,0.0,0.0,0.0,0.0,0.0,10.0,2.391627883466668,0.11295837251040204,0.766417591607809,12.808013066989979,4.792535589993013,-1.7092775396486455,11.356811734433418,0.8309
senate-ms,SEN,MS,0,False,standard,Cindy Hyde-Smith,R,-1,Scott Colom,Cindy Hyde-Smith,,-23.145028211183686,-2.0,-7.978080670910353,-0.87337473076951,-0.9915890198700704,-0.0,0.0,0.0,0.1634999999999999,0.0,3.0,-8.602135101495787,0.11995691357942563,0.28640962749839916,-15.196689257714974,-13.269166718091887,-20.291212329722,-6.375386929290131,0.01395
senate-mt,SEN,MT,0,False,standard,Steve Daines,R,0,Alani Bankhead,Kurt Alme,,-20.5780970401637,0.0,,-3.100094666159993,-4.6390294888857735,0.0,0.0,0.0,0.0,0.0,10.0,-24.810118284759877,0.3505089458599765,0.6287151134134227,-17.180809055595237,-21.8763429568837,-29.897168938081894,-14.029184443325622,0.0041
senate-nc,SEN,NC,0,False,standard,Thom Tillis,R,0,Roy Cooper,Michael Whatley,,-3.260680202600806,3.0,,1.130924536490559,4.407134319757388,0.0,0.0,2.8002416298553774,0.0,0.0,39.0,10.160925895599537,0.09127690401097571,0.8080290492208533,9.326236652096233,9.970455062708275,3.7988810330245695,16.185415106511712,0.97285
senate-ne,SEN,NE,0,False,independent,Pete Ricketts,R,0,,Pete Ricketts,Dan Osborn,-20.840683303897794,-3.0,,,0.0,-0.0,0.0,0.0,0.0,0.0,11.0,-1.2633384174280768,0.0584186878221813,0.8188511105129255,-2.8090783770747643,-1.5426376464180225,-8.060600430077113,5.114221168754689,0.3804
senate-nh,SEN,NH,0,False,standard,Jeanne Shaheen,D,0,Chris Pappas,John E. Sununu,,2.821214946726764,-1.0,,1.3443960496856378,2.685183275786573,-0.0,0.0,0.0,0.0,0.0,24.0,6.204866416594291,0.0972940786512237,0.7960523773721521,13.659927924699796,7.70314391588923,1.3368714057464113,14.105622378239186,0.93885
senate-nj,SEN,NJ,0,False,standard,Cory Booker,D,1,Cory Booker,Justin Murphy,,6.027747433233515,2.0,1.8359211034842104,6.424778117547163,2.1659807269796483,0.0,0.0,0.0,-0.6555,-0.0,,,,0.0,18.50523508256839,18.56344014866368,10.689577692593195,26.402415052423116,0.99235
senate-nm,SEN,NM,0,False,standard,Ben Ray Luján,D,1,Ben Ray Luján,Larry Marker,,6.141812228647307,3.0,,4.998948239051213,2.4085600901112403,0.0,0.0,0.0,0.032,0.0,1.0,15.562771515051798,0.09,0.5973051420351037,18.273136704662743,16.72353862931373,8.468996203237928,25.06563406016776,0.98615
senate-oh-special,SEN,OH,0,True,standard,Jon Husted,R,-1,Sherrod Brown,Jon Husted,,-11.313229427274072,0.0,,0.9874911283901482,3.889689391965923,0.0,0.0,3.135714439187865,-0.0179999999999999,-0.0,27.0,4.150604325520256,0.08089339967038406,0.8092620204869002,-0.8698014347601116,3.2497421127250066,-2.8196162796024473,9.364474990427464,0.75595
senate-ok,SEN,OK,0,False,standard,Alan S. Armstrong,R,0,N'Kiyla Jasmine Thomas,Kevin Hern,,-34.94008381234161,-2.0,,-4.733979580565153,-0.07889325400534344,-0.0,0.0,0.0,0.0,0.0,1.0,-24.10603237551993,0.26,0.4164555767965556,-27.354815913891333,-26.04609925540167,-35.70420723281854,-16.374189074652648,0.00535
senate-or,SEN,OR,0,False,standard,Jeff Merkley,D,1,Jeff Merkley,David Brock Smith,,14.866116069775194,2.0,3.023806470271399,4.401444948859762,0.15552907839783742,0.0,0.0,0.0,-0.2629999999999999,-0.0,,,,0.0,25.576737358291492,25.57620424235197,17.679096718418325,33.32425378372021,0.99785
senate-ri,SEN,RI,0,False,standard,Jack Reed,D,1,Jack Reed,Raymond McKay,,14.162406267890672,2.0,13.344478460004396,3.4593541539465287,0.0589653863141231,0.0,0.0,0.0,0.3065,0.0,4.0,19.09068635338565,0.14868028055190596,0.4540223044185429,28.092888673643902,24.04172313278113,17.954998920905275,30.206237449133152,0.99945
senate-sc,SEN,SC,0,False,standard,Darline Graham,R,-1,Annie Andrews,Darline Graham,,-18.123365227038146,-3.0,-2.800733662357596,3.371677357151427,6.198158811067803,-0.0,0.0,0.0,0.0,0.0,8.0,-0.8557395566000927,0.12962193262553257,0.4953355536532523,-4.552313381850933,-2.709687762335693,-8.779037915427836,3.28080997685633,0.2789
senate-sd,SEN,SD,0,False,same_party,Mike Rounds,R,-1,,Mike Rounds,R,-29.890199073853058,0.0,3.237586778515133,,,,,0.0,-0.1885000000000001,,,,,,,,,,0.0
senate-tn,SEN,TN,0,False,standard,Bill Hagerty,R,-1,Marquita Bradshaw,Bill Hagerty,,-30.121099654993333,-3.0,2.751456219205909,-6.430701456889573,-0.19406417620454025,-0.0,0.0,-2.751456219205909,0.1665000000000001,0.0,1.0,-20.255411851701986,0.18,0.30023443080955986,-24.980401908461033,-23.560451115021714,-30.36612146967157,-16.584282328988667,0.0012
senate-tx,SEN,TX,0,False,standard,John Cornyn,R,0,James Talarico,Ken Paxton,,-13.878067801618457,-1.0,,2.00170832364325,7.336318483061843,-0.0,0.0,0.0,0.0,0.0,42.0,2.7265699928344143,0.07233719297970734,0.8244402424737334,1.588936214776324,2.545317820340825,-3.5015178909047164,8.565316123649389,0.7068
senate-va,SEN,VA,0,False,standard,Mark Warner,D,1,Mark Warner,Bert Mizusawa,,5.891296826702209,3.0,3.1498030586139123,4.179985577981367,2.028963889737549,0.0,0.0,0.0,0.211,0.0,2.0,17.543132100154047,0.1692373502309966,0.30169405556138956,18.653684730021226,18.30626859016007,11.536716721879401,25.181260278008875,0.9961
senate-wv,SEN,WV,0,False,standard,Shelley Moore Capito,R,-1,Rachel Fetty Anderson,Shelley Moore Capito,,-42.687784560047604,-2.0,3.5317300493123085,-4.71739321730529,-0.0005937591335507065,-0.0,0.0,0.0,-0.3605,-0.0,,,,0.0,-38.053797080860555,-38.10575630656467,-45.92150222979846,-30.13150213716807,0.00075
senate-wy,SEN,WY,0,False,standard,Cynthia Lummis,R,0,James W. Byrd,Harriet Hageman,,-46.95834604821483,-1.0,,-4.268705561410005,-0.0002323394800626335,-0.0,-0.0,-0.24938302490707986,0.0,0.0,,,,0.0,-39.789147404556346,-39.730679860462686,-52.14737430537708,-27.54879743989844,0.0039
