race_id,office,state_po,district,special,race_type,incumbent,incumbent_party,inc_side,dem_candidate,rep_candidate,race_note,pres24,quality_diff,prior_edge,money_log_ratio,money_adj,quality_adj,challenger_adj,chal_rec,ideology_gap,ideology_adj,poll_count,poll_avg,poll_undecided,poll_weight,fundamentals_mean,margin_median,margin_p10,margin_p90,p_dem,p_fund,p_poll
governor-ak,GOV,AK,0,False,rcv_bloc,Mike Dunleavy,R,0,Jonathan Kreiss-Tomkins,Dave Bronson; Treg Taylor; Bernadette Wilson,,-13.69312508474994,-1.0,,,0.0,-2.1986864805266544,0.0,0.0,0.0,0.0,5.0,5.3388642037707985,0.03442413758697003,0.7275720712923528,-7.637105084995869,1.8136265313369684,-3.9304076042233795,7.708168339279814,0.6639,0.1897285293562075,0.8342710695394573
governor-al,GOV,AL,0,False,standard,Kay Ivey,R,0,Doug Jones,Tommy Tuberville,,-30.88122385938789,0.0,,,0.0,0.0,0.0,13.586294974684805,0.0,0.0,3.0,-10.61913825497429,0.12856294835408208,0.4447986633780894,-22.969810975302966,-17.383318234825822,-25.229117923644065,-9.497783903096717,0.0091,0.004078730056745992,0.1361186910204396
governor-ar,GOV,AR,0,False,standard,Sarah Huckabee Sanders,R,-1,Fredrick Love,Sarah Huckabee Sanders,,-31.33998647229675,-2.0,-7.430304736258474,,0.0,-0.07965473795962648,0.0,0.0,0.0,0.0,1.0,-7.733292569147302,0.15,0.6316431851907981,-24.720458107661496,-14.002329583825624,-23.111294131452983,-4.655696407844203,0.0382,0.03042630719130728,0.223070047358815
governor-az,GOV,AZ,0,False,standard,Katie Hobbs,D,1,Katie Hobbs,Andy Biggs,,-5.588317921733368,1.0,7.601347123459197,,0.0,0.31488526712687737,0.0,0.0,0.0,0.0,21.0,8.759061437145128,0.15856227022613237,0.8218410306160273,17.90542290426597,10.442406096109934,3.639331631076972,17.30229500580639,0.96745,0.9126096491195481,0.9163648548544392
governor-ca,GOV,CA,0,False,standard,Gavin Newsom,D,0,Xavier Becerra,Steve Hilton,,20.80028514359668,2.0,,,0.0,0.017243477380869243,0.0,0.0,0.0,0.0,10.0,15.798986000192365,0.11224772367322776,0.7178128107114645,28.78402502857054,19.495692464000648,13.656397377058045,25.35725481483584,0.99905,0.9995474781760327,0.9974945026102631
governor-co,GOV,CO,0,False,standard,Jared Polis,D,0,Phil Weiser,Victor Marx,,11.293083462132921,2.0,,,0.0,0.38882677209359867,0.0,0.0,0.0,0.0,,,,0.0,19.853330972978437,19.83927755056569,10.100666029322314,29.75962430120126,0.98515,0.9888905208531745,
governor-ct,GOV,CT,0,False,standard,Ned Lamont,D,1,Ned Lamont,Ryan Fazio,,14.756464972518335,2.0,-0.0579333049323143,,0.0,0.007528130875870075,0.0,0.0,0.0,0.0,7.0,14.435313547245036,0.10115866839901562,0.8424071898541288,30.778830867518707,17.04056850397241,10.556343186915626,23.50674048776257,0.9961,0.9902027122289706,0.9925020713870286
governor-fl,GOV,FL,0,False,standard,Ron DeSantis,R,0,David Jolly,Byron Donalds,,-13.22213886698459,0.0,,,0.0,0.0,0.0,0.0,0.0,0.0,25.0,-3.3259146670569018,0.09010041686548864,0.7367828130342869,-4.962720751481559,-3.7321657590246358,-9.48664045059396,2.0342547359679917,0.20445,0.28394532312165016,0.26885400409558097
governor-ga,GOV,GA,0,False,standard,Brian Kemp,R,0,Keisha Lance Bottoms,Rick Jackson,,-2.2087323027962817,2.0,,,0.0,4.173427205171999,0.0,0.0,0.0,0.0,12.0,-1.7929035477266206,0.04613080739259916,0.7732563091766416,10.264670036785938,0.9085482790581983,-4.5250793632106605,6.433044982201708,0.5852,0.8812494681711222,0.3586876678625648
governor-hi,GOV,HI,0,False,standard,Josh Green,D,1,Josh Green,Gary Cordery,,23.560651661222998,3.0,3.649681188688071,,0.0,2.5202130893564515e-05,0.0,0.0,0.0,0.0,,,,0.0,42.73156196361629,42.70275764144511,28.189913544794337,57.09599851640512,0.99525,0.9994065174160518,
governor-ia,GOV,IA,0,False,standard,Kim Reynolds,R,0,Rob Sand,Zach Lahn,,-13.445597709596235,2.0,,,0.0,4.47926581346818,0.0,0.0,0.0,0.0,19.0,9.189814399968725,0.05488132367915433,0.7704325360848968,-0.7091184644511898,6.952610772386455,1.443639309492986,12.470060270525694,0.94365,0.46745317552639865,0.9676123255602568
governor-id,GOV,ID,0,False,standard,Brad Little,R,-1,Terri Pickens,Brad Little,,-37.52184118025308,-3.0,10.683178915651183,,0.0,-1.2565767319862927e-06,0.0,0.0,0.0,0.0,2.0,-11.478475218061487,0.34541794854751434,0.5858882825050706,-47.51603666008815,-26.385568447642193,-36.16717594821489,-16.658738736046732,0.00545,0.00015672604753058913,0.15144548507729436
governor-il,GOV,IL,0,False,standard,JB Pritzker,D,1,JB Pritzker,Darren Bailey,,11.135530816543426,2.0,2.843788380954962,,0.0,0.0110610118167059,-0.0,-1.6562116190450382,0.0,0.0,2.0,16.29516667623523,0.11999999999999998,0.444312747116736,29.868468751083135,23.895344271581834,12.834282512003037,35.030985417575074,0.9874,0.9882314378001371,0.8658156825377981
governor-ks,GOV,KS,0,False,standard,Laura Kelly,D,0,Cindy Holscher,Ty Masterson,,-16.411473894550323,0.0,,,0.0,0.0,0.0,0.0,0.0,0.0,7.0,-3.879986125950456,0.06597573186844562,0.7206930191050751,-8.188792895626957,-5.040421843771405,-10.918040787746216,0.8091231654440426,0.13245,0.17297557413537978,0.2440369959087092
governor-ma,GOV,MA,0,False,standard,Maura Healey,D,1,Maura Healey,Mike Minogue,,25.910638840838516,3.0,2.68716674221502,,0.0,1.0813696155946636e-05,0.0,0.0,0.0,0.0,10.0,19.59204717736434,0.1433596826035738,0.8040574706838901,44.13417900792398,24.443804744767974,17.40230650677726,31.589916086734448,0.999,0.999594361039652,0.9982704638090261
governor-md,GOV,MD,0,False,standard,Wes Moore,D,1,Wes Moore,Dan Cox,,29.509514054361844,2.0,6.797289058340606,,0.0,6.011193815350405e-08,0.0,6.797289058340606,0.0,0.0,2.0,27.14799016063503,0.24548298982211017,0.5950924113299082,51.35306921471802,36.94116323449779,27.469839026318052,46.381949485353,0.9986,0.9999514238929507,0.9935037723157497
governor-me,GOV,ME,0,False,standard,Janet Mills,D,0,Hannah Pingree,Robert B. Charles,,7.08861163994892,1.0,,,0.0,0.5289901481383867,0.0,0.0,0.0,0.0,14.0,11.733209270214035,0.10879032192396924,0.7288235288114941,15.84973957877928,12.839714347588576,7.032528471580812,18.72089368702963,0.9936,0.9659911385355848,0.9837238715688116
governor-mi,GOV,MI,0,False,standard,Gretchen Whitmer,D,0,Jocelyn Benson,John James,,-1.4424736578339323,0.0,,,0.0,0.0,-0.0,-5.146484989306387,0.0,0.0,37.0,6.688968708470709,0.08593610792662132,0.7614735083048786,6.855407924858757,6.734976855976998,1.2512467450929883,12.17066979106552,0.9387,0.784926342373026,0.9059518173148629
governor-mn,GOV,MN,0,False,standard,Tim Walz,D,0,Amy Klobuchar,Lisa Demuth,,4.343404352188957,2.0,,,0.0,1.7914009341584907,0.0,7.4622921755249205,0.0,0.0,7.0,7.262853499777996,0.10359988051730717,0.6598077177288204,14.39654842580622,9.685552528014165,3.413700300555111,15.9457428768758,0.97055,0.9512664252639341,0.8733208416881
governor-ne,GOV,NE,0,False,standard,Jim Pillen,R,-1,Lynne Walz,Jim Pillen,,-20.840683303897794,-2.0,-2.508114974921277,,0.0,-0.5189646536236548,0.0,0.0,0.0,0.0,10.0,-4.042991682016999,0.1619493145939439,0.7919015710629372,-18.884526385645383,-7.027485775966529,-14.294390624265034,0.04360618560709553,0.1009,0.0761534742646023,0.2802906040147282
governor-nh,GOV,NH,0,False,standard,Kelly Ayotte,R,-1,Cinde Warmington,Kelly Ayotte,,2.821214946726764,-2.0,11.35055113147892,,0.0,-3.7700624691241074,0.0,0.0,0.0,0.0,11.0,-8.956480220195267,0.08812906738787565,0.8657928006205288,-10.963132956412068,-9.188118629953205,-15.323573084246462,-3.08760832995918,0.03365,0.20299002858855847,0.050399034838958044
governor-nm,GOV,NM,0,False,standard,Michelle Lujan Grisham,D,0,Deb Haaland,Gregg Hull,,6.141812228647307,0.0,,,0.0,0.0,0.0,0.0,0.0,0.0,4.0,6.592743852529897,0.1258330776271711,0.5765336153035672,14.38506056042597,9.940677993733857,3.1105941856305384,16.73747075885969,0.9633,0.9511546532849953,0.810380318039027
governor-nv,GOV,NV,0,False,standard,Joe Lombardo,R,-1,Aaron Ford,Joe Lombardo,,-3.1590179085170167,-1.0,-3.307901712140107,,0.0,-2.6993026579535147,0.0,0.0,0.0,0.0,13.0,0.020472504921660334,0.20736362386492244,0.7500509965212078,-2.5064390287652123,-0.6053769804973467,-8.450251839790822,7.089601696139672,0.45855,0.4246633080851783,0.5013355649130986
governor-ny,GOV,NY,0,False,standard,Kathy Hochul,D,1,Kathy Hochul,Bruce Blakeman,,12.689486117138935,2.0,-9.718659304306652,,0.0,0.3401907768428686,0.0,0.0,0.0,0.0,26.0,12.85171211146838,0.07043526916214117,0.8782998619313123,20.292866377068094,13.71557936346738,7.741063257228848,19.68531713432445,0.99595,0.938063164299972,0.9933519975102255
governor-oh,GOV,OH,0,False,standard,Mike DeWine,R,0,Amy Acton,Vivek Ramaswamy,,-11.313229427274072,0.0,,,0.0,0.0,0.0,0.0,0.0,0.0,26.0,4.495648100574566,0.0715599366027433,0.7544442787521165,-3.0372355774366335,2.6884990026566262,-2.792935237303959,8.159719461306205,0.73945,0.3633298370923559,0.8079763532551154
governor-ok,GOV,OK,0,False,standard,Kevin Stitt,R,0,Cyndi Munson,Mike Mazzei,,-34.94008381234161,0.0,,,0.0,0.0,0.0,0.0,0.0,0.0,,,,0.0,-27.15937071171502,-27.10324471444472,-36.82567193584558,-17.17822810234222,0.0054,0.0008771141168599624,
governor-or,GOV,OR,0,False,standard,Tina Kotek,D,1,Tina Kotek,Christine Drazan,,14.866116069775194,2.0,-5.546544107267179,,0.0,0.05149433259663841,-0.0,-5.546544107267179,0.0,0.0,5.0,-0.1008142924117979,0.08341418580320809,0.7784120418657523,25.93558745511472,5.658261046593356,-1.6879648676651902,13.19097995800139,0.8437,0.9753954324883288,0.4947167876017317
governor-pa,GOV,PA,0,False,standard,Josh Shapiro,D,1,Josh Shapiro,Stacy Garrity,,-1.7263846921271542,1.0,21.207883058742727,,0.0,0.0009536983565199333,0.0,0.0,0.0,0.0,19.0,23.4177982907763,0.11038322099677318,0.8543937951151306,33.832473694697605,24.94997533340541,18.60365973232792,31.246919259112143,0.99935,0.9948283341430142,0.9999800120925781
governor-ri,GOV,RI,0,False,standard,Dan McKee,D,0,Helena Foulkes,Aaron Guckian,,14.162406267890672,0.0,,,0.0,0.0,0.0,0.0,0.0,0.0,4.0,24.22710914820633,0.3930812701517781,0.4397630750112058,22.28180109860017,23.245458700010662,15.575611473791133,30.88058973460853,0.9975,0.9948707813814688,0.9934704257405484
governor-sc,GOV,SC,0,False,standard,Henry McMaster,R,0,Jermaine Johnson,Alan Wilson,,-18.123365227038146,-1.0,,,0.0,-1.3622959869569897,0.0,0.0,0.0,0.0,3.0,-10.386877032744266,0.1943096870665619,0.42307840334809066,-11.28739341848955,-10.989769684743056,-18.552537221247114,-3.1682719355063593,0.04375,0.09695507338614136,0.15174734743927765
governor-sd,GOV,SD,0,False,standard,Larry Rhoden,R,-1,Dan Ahlers,Larry Rhoden,,-29.890199073853058,-2.0,,,0.0,-0.010823099315617842,0.0,2.1624132214848673,0.0,0.0,,,,0.0,-29.920619223635363,-29.807608063117392,-39.80096558525929,-20.18121470397912,0.003,0.000286321608175479,
governor-tn,GOV,TN,0,False,standard,Bill Lee,R,0,Jerri Green,Marsha Blackburn,,-30.121099654993333,-2.0,,,0.0,-0.17689455320655312,0.0,6.239376092885431,0.0,0.0,4.0,-13.70276532036146,0.199790734628889,0.4280116506303692,-22.364243668918572,-18.64222684415504,-26.441669064054462,-10.899809184664301,0.00725,0.005003616992479566,0.08520212821727417
governor-tx,GOV,TX,0,False,standard,Greg Abbott,R,-1,Gina Hinojosa,Greg Abbott,,-13.878067801618457,-2.0,-1.932886592561596,,0.0,-2.044454222345938,0.0,0.0,0.0,0.0,42.0,-2.019005344215156,0.05569349302236128,0.9003723917792328,-13.870806324463397,-3.199998760726486,-8.782706423117205,2.3446698450381724,0.22865,0.14657047176620894,0.3341998553099496
governor-vt,GOV,VT,0,False,standard,Phil Scott,R,-1,Amanda Janoo,Phil Scott,,32.77043577168019,-3.0,86.00196335393109,,0.0,-3.6463541111895008e-06,0.0,0.0,0.0,0.0,5.0,-3.4628770272183074,0.13008708302586236,0.8062068783381767,-45.873363483909586,-11.745296285157144,-18.887599136177272,-4.687773182023996,0.025,0.0002485909546045637,0.3017163280063553
governor-wi,GOV,WI,0,False,standard,Tony Evers,D,0,David Crowley,Tom Tiffany,,-0.8733887823450505,-1.0,,,0.0,-1.8416373373189412,0.0,0.0,0.0,0.0,7.0,2.6240823987521877,0.06122105316119151,0.6999546832250625,5.580891243752713,3.4758876428226655,-2.5481620872572264,9.52558808482001,0.77625,0.739652070447179,0.6735211704361492
governor-wy,GOV,WY,0,False,standard,Mark Gordon,R,0,Kenneth Casner,Eric Barlow,,-46.95834604821483,-1.0,,,0.0,-4.819031588610413e-05,0.0,0.0,0.0,0.0,,,,0.0,-39.67924943388369,-39.70044582355118,-49.42017991342807,-29.897292714106953,0.0011,2.3671775465894846e-06,
house-ak-al,HOUSE,AK,0,False,independent,Nick Begich III,R,-1,Eric Hafner,Nick Begich III,Bill Hill,-13.69312508474994,0.0,-12.770549517046897,,0.0,0.0,0.0,0.0,0.0,0.0,11.0,-8.914697411971613,0.03481409227758188,0.5995793420883131,-0.775438837036677,-5.659837199784583,-11.511068254436548,0.1931267886242947,0.10685,0.4584153556138417,0.07416926620005804
house-al-1,HOUSE,AL,1,False,standard,None (new seat),,0,Clyde Jones Jr.,Jerry Carl,,-36.345566221179666,-2.0,,-2.431121173534253,-0.013857374746819792,-0.0,0.0,0.0,0.1735,0.0021427225348880563,,,,0.0,-28.626328102580494,-28.459983568990324,-36.693753883935806,-20.29994470179218,0.0017,3.7155767338506394e-05,
house-al-2,HOUSE,AL,2,False,standard,Shomari Figures,D,1,Shomari Figures,Rhett Marques,,-14.464028814208385,1.0,1.1475379080899204,0.2395606374046885,0.38390743314723286,0.0,0.0,0.0,0.011,0.038194061939673694,3.0,-3.741916382906031,0.0649090290969521,0.41333495352687977,-2.184935375252141,-2.7985630002844446,-8.712601167113641,3.2214629094000276,0.26835,0.3635527025192906,0.3061218363189332
house-al-3,HOUSE,AL,3,False,standard,Mike Rogers,R,-1,Lee McInnis,Mike Rogers,,-47.07264752025102,-2.0,,-3.902197354795428,-2.2760710216233133e-05,-0.0,0.0,0.0,-0.3685,-6.057510127270269e-06,,,,0.0,-42.09913616082694,-42.04104514342214,-49.389347904739274,-34.822318648172995,0.0002,1.2239576747403222e-11,
house-al-4,HOUSE,AL,4,False,standard,Robert Aderholt,R,-1,Amanda Pusczek,Robert Aderholt,,-66.92238927771601,-2.0,,-4.105521583157128,-4.660025235739706e-12,-0.0,0.0,0.0,-0.1915,-6.445073791318888e-13,,,,0.0,-63.16766983329231,-63.139799361886084,-70.36994141699358,-55.89620999564429,0.0,1.637109237690045e-23,
house-al-5,HOUSE,AL,5,False,standard,Dale Strong,R,-1,Andrew Sneed,Dale Strong,,-29.494479149858233,-2.0,,-1.1794377138850516,-0.03824470327584219,-0.0,0.0,0.0,-0.2285,-0.016053679611260547,,,,0.0,-23.89652522006918,-23.932911043110224,-31.10439213409493,-16.574346393754027,0.0015,7.02559637266079e-05,
house-al-6,HOUSE,AL,6,False,standard,Gary Palmer,R,-1,Maurice Mercer,Gary Palmer,,-34.997225548319264,-1.0,1.069753467649206,-3.728361892596589,-0.017566301441390833,-0.0,0.0,0.0,0.1385,0.0017571180969568998,,,,0.0,-28.562643926813994,-28.53645917761218,-35.83254520081471,-21.319923545384473,0.0009,2.717091787056712e-06,
house-al-7,HOUSE,AL,7,False,standard,Terri Sewell,D,1,Terri Sewell,Ammie Akin,,17.94825384375597,2.0,3.2814848729842767,3.477072922003848,0.017440546693848903,0.0,0.0,0.0,0.396,0.004987996354440787,,,,0.0,28.587378356009978,28.66337554014647,21.34152536791786,35.93145821573785,0.9991,0.9999975453692643,
house-ar-1,HOUSE,AR,1,False,standard,Rick Crawford,R,-1,Terri Green,Rick Crawford,,-46.175871865422906,-2.0,,-3.077293238149337,-3.920132970191432e-05,-0.0,0.0,0.0,-0.1815,-5.138640968425936e-06,,,,0.0,-41.15883028042001,-41.23763285599063,-48.56941829159267,-33.92037697580098,0.0001,3.314880249942112e-11,
house-ar-2,HOUSE,AR,2,False,standard,French Hill,R,-1,Chris Jones,French Hill,,-15.914419225205982,-2.0,,-1.6006980168392992,-1.3807641984251249,-0.0,0.0,0.0,-0.2915,-0.5448046076240118,2.0,1.0947751284163625,0.0800945653144012,0.40795157654881625,-11.723011963624616,-6.532522417776185,-12.523716558597643,-0.480240349422115,0.0855,0.03072273210927706,0.558713304896182
house-ar-3,HOUSE,AR,3,False,standard,Steve Womack,R,-1,Robb Ryerse,Steve Womack,,-25.590736769421778,-2.0,7.803256216161354,-3.2514994389466443,-0.14681814570717094,-0.0,0.0,0.0,-0.2845,-0.03016705066099843,,,,0.0,-22.741984570613113,-22.763047119194628,-30.059078442858336,-15.419252264642314,0.00235,0.00014616086751253725,
house-ar-4,HOUSE,AR,4,False,standard,Bruce Westerman,R,-1,James Russell,Bruce Westerman,,-40.66097964677422,-2.0,5.038389015066705,-5.377559988629998,-0.00045762601442742555,-0.0,0.0,0.0,-0.2455,-8.113963472472937e-05,,,,0.0,-36.60912336915178,-36.62656949025664,-43.98112487190168,-29.415551774068128,0.00045,3.103073558491227e-09,
house-az-1,HOUSE,AZ,1,False,standard,David Schweikert,,0,Amish Shah,Jay Feely,,-3.136835928138348,1.0,,-0.2158783661301358,-0.2673869030634685,0.0,0.0,0.0,-0.124,-0.33277048202727205,1.0,2.3843071169649495,0.14,0.3873118694115307,6.025019011228612,4.63866682242204,-2.1162015051324397,11.454121764034097,0.81575,0.79770727190864,0.6048569356758123
house-az-2,HOUSE,AZ,2,False,standard,Eli Crane,R,-1,Jonathan Nez,Eli Crane,,-15.120247407676915,-2.0,-6.280610068917462,-1.0425379600417812,-1.5731318246947819,-0.0,0.0,0.0,0.1675000000000002,0.5476210746538205,3.0,-5.445379944292317,0.0800994869804515,0.39586676223774053,-4.957840528192337,-5.143580119545951,-11.085766271748648,0.9906612425797205,0.13585,0.21429831930635965,0.2378821243448281
house-az-3,HOUSE,AZ,3,False,same_party,Yassamin Ansari,D,1,Yassamin Ansari,,D,40.30739381027563,0.0,5.305098033369839,,,,,0.0,0.431,,,,,,,,,,1.0,,
house-az-4,HOUSE,AZ,4,False,standard,Greg Stanton,D,1,Greg Stanton,Zuhdi Jasser,,6.762673080066313,2.0,0.7821639108612466,1.6958555434852682,0.3895695079544294,0.0,0.0,0.0,0.0755000000000001,0.037578129175579594,,,,0.0,17.3539297995874,17.37474525083017,10.126449584624506,24.70212257240928,0.99285,0.9972030883698473,
house-az-5,HOUSE,AZ,5,False,standard,Andy Biggs,,0,Elizabeth Lee,Mark Lamb,,-20.192893032045866,-1.0,,-1.946264841600863,-1.2062781767109423,-0.0,0.0,0.0,0.0,0.0,,,,0.0,-13.18926289918032,-13.126784495391743,-21.4323215337719,-4.942392496088437,0.0296,0.034025353802753,
house-az-6,HOUSE,AZ,6,False,standard,Juan Ciscomani,R,-1,JoAnna Mendoza,Juan Ciscomani,,-0.7577863175811479,0.0,1.6926229756400386,0.0835124495755585,0.09632854082279423,0.0,0.0,0.0,-0.0854999999999999,-0.2136790655539009,3.0,-3.0615144568098134,0.08010862580964025,0.2917957063480788,7.241153407108351,4.292442787324244,-1.9970322615644147,10.775801912823866,0.8142,0.8761492910991965,0.3741045893487753
house-az-7,HOUSE,AZ,7,False,standard,Adelita Grijalva,D,1,Adelita Grijalva,Daniel Butierez,,22.388102593577123,2.0,,2.5027491242181448,0.0026019491796231797,0.0,0.0,0.0,0.4515,0.001017024343485303,,,,0.0,32.61995893016648,32.70209855762539,25.40589460292785,39.926731036734786,0.9996,0.9999999090507558,
house-az-8,HOUSE,AZ,8,False,standard,Abraham Hamadeh,R,-1,Bernadette Greene-Placentia,Abraham Hamadeh,,-16.479945618728582,-2.0,-3.602494534275597,-1.8431457459795928,-1.8045627390463246,-0.0,0.0,0.0,0.2655000000000002,0.5632081553511029,,,,0.0,-10.05910317152646,-10.046352437935257,-17.307852700721547,-2.6072961426349175,0.04825,0.05421363373927586,
house-az-9,HOUSE,AZ,9,False,standard,Paul Gosar,R,-1,Dani Sterbinsky,Paul Gosar,,-31.342610456055603,-2.0,-0.8711098394813428,-0.6194512817681341,-0.0210121986332807,-0.0,0.0,0.0,0.2555,0.018777914103061944,,,,0.0,-23.708004803709645,-23.768433699899052,-31.12443707040408,-16.451474208356537,0.00155,7.865099466888076e-05,
house-ca-1,HOUSE,CA,1,False,standard,James Gallagher,R,-1,Mike McGuire,James Gallagher,,12.629463408737175,0.0,,-0.3709752082628805,-0.05522102179246299,0.0,0.0,0.0,0.0,0.0,,,,0.0,18.626221266882883,18.649882904871045,11.397984128539171,25.813917895860197,0.9949,0.99854269705677,
house-ca-2,HOUSE,CA,2,False,standard,Jared Huffman,D,1,Jared Huffman,Robin Littau,,25.44160337217163,0.0,-2.8993666984930675,,0.0,0.0,0.0,0.0,-0.1869999999999999,-0.0004600931004500424,,,,0.0,32.42046363113241,32.47898877503644,25.215688558011166,39.663881860536044,0.99955,0.9999998949844928,
house-ca-3,HOUSE,CA,3,False,standard,Ami Bera,D,1,Ami Bera,Robb Tucker,,10.524576177817453,0.0,1.0762642409394418,2.4227575970708752,0.22661139016754117,0.0,0.0,0.0,0.01,0.002026580562399708,,,,0.0,20.62235060380969,20.601979727318202,13.361528220907006,27.897040421424364,0.9966,0.9995051908758483,
house-ca-4,HOUSE,CA,4,False,same_party,Mike Thompson,D,1,Eric Jones; Mike Thompson,,D,14.94839647088782,0.0,0.8037552636300811,,,,,0.0,0.0,,,,,,,,,,1.0,,
house-ca-5,HOUSE,CA,5,False,standard,Tom McClintock,R,-1,Michael Masuda,Tom McClintock,,-21.235866123925824,0.0,5.252533776953697,-1.116225321104394,-0.2710644958485535,0.0,0.0,0.0,0.0055,0.0028938469510791207,,,,0.0,-16.956995790458137,-16.9505851875862,-24.222944244397098,-9.594220538817979,0.00745,0.00342679778274057,
house-ca-6,HOUSE,CA,6,False,independent,Kevin Kiley,,0,Richard Pan,,Kevin Kiley,8.682513359130274,0.0,,,0.0,0.0,0.0,0.0,0.0,0.0,1.0,2.3257668862253613,0.26,0.3878535324073504,17.425665334809043,11.589397346006782,4.1315280610175895,19.26873788368471,0.96795,0.9825940159876442,0.5896403782180695
house-ca-7,HOUSE,CA,7,False,same_party,Doris Matsui,D,1,Doris Matsui; Mai Vang,,D,13.242240467285542,0.0,2.7128337879861144,,,,,0.0,0.0,,,,,,,,,,1.0,,
house-ca-8,HOUSE,CA,8,False,standard,John Garamendi,D,1,John Garamendi,Rudy Recile,,35.16151506846601,0.0,3.08075322027645,3.675476835123816,3.7466053070237924e-06,0.0,0.0,0.0,0.5535000000000001,1.4977054714827615e-06,,,,0.0,45.07924182233955,45.13519850897241,37.790153844641985,52.320425219389406,0.9999,0.9999999999997637,
house-ca-9,HOUSE,CA,9,False,standard,Josh Harder,D,1,Josh Harder,John McBride,,11.79306950489872,0.0,5.563804813366509,4.670436788171247,0.09193063136071906,0.0,0.0,0.0,0.0845,0.005610322141652772,,,,0.0,24.1099189876219,24.15085699065109,16.797007602700408,31.382966784803468,0.99855,0.9999408811991114,
house-ca-10,HOUSE,CA,10,False,standard,Mark DeSaulnier,D,1,Mark DeSaulnier,Jeff Frese,,34.70519851744464,0.0,-1.9187440809793437,,0.0,0.0,0.0,0.0,-0.0499999999999999,-9.276087001357748e-07,,,,0.0,41.891700464362756,41.968985420501625,34.686150066121684,49.229300766410496,0.9998,0.9999999999910517,
house-ca-11,HOUSE,CA,11,False,same_party,Nancy Pelosi,,0,Connie Chan; Scott Wiener,,D,70.62364833844883,0.0,,,,,,0.0,0.0,,,,,,,,,,1.0,,
house-ca-12,HOUSE,CA,12,False,same_party,Lateefah Simon,D,1,Jamie Joyce; Lateefah Simon,,D,77.64166603414307,0.0,,,,,,0.0,-0.134,,,,,,,,,,1.0,,
house-ca-13,HOUSE,CA,13,False,standard,Adam Gray,D,1,Adam Gray,Kevin Lincoln,,0.38467032128098666,0.0,5.756796081624154,0.8049163002624744,0.22911423604655418,0.0,0.0,0.0,-0.0225,-0.01387637323735067,,,,0.0,16.20413514889552,16.194211597634215,8.86414499165298,23.475303188458366,0.99175,0.9951368667546958,
house-ca-14,HOUSE,CA,14,False,same_party,Aisha Wahab,D,1,Melissa Hernandez; Aisha Wahab,,D,36.20284739037839,0.0,,,,,,0.0,-0.244,,,,,,,,,,1.0,,
house-ca-15,HOUSE,CA,15,False,standard,Kevin Mullin,D,1,Kevin Mullin,Charles Hoelter,,49.63592027213561,0.0,-3.3193008313935186,3.630480023472267,2.9204641568141217e-09,0.0,0.0,0.0,-0.008,-1.6873792906037146e-11,,,,0.0,55.34189938745599,55.310526322460156,48.25545090283326,62.482975118494856,0.9999,1.0,
house-ca-16,HOUSE,CA,16,False,standard,Sam Liccardo,D,1,Sam Liccardo,Peter Soulé,,49.88409390678165,0.0,,4.988528402051517,1.6498914474948983e-10,0.0,0.0,0.0,0.155,1.8469618148345667e-11,,,,0.0,58.96207969770463,58.949269740832726,51.74094359568004,66.22815556244285,1.0,1.0,
house-ca-17,HOUSE,CA,17,False,standard,Ro Khanna,D,1,Ro Khanna,Ritesh Tandon,,40.74153179236477,0.0,-4.232284072178678,5.981583956134133,1.6248924808319174e-06,0.0,0.0,0.0,-1.6015,-1.879413833593339e-06,,,,0.0,46.39435714874416,46.446320995725046,39.18526736908469,53.74172764129569,0.99985,0.999999999999957,
house-ca-18,HOUSE,CA,18,False,standard,Zoe Lofgren,D,1,Zoe Lofgren,Shane Lewis,,29.36942888310379,0.0,-1.068018686251352,2.7497850186687383,0.00030578127122385493,0.0,0.0,0.0,-0.14,-3.373123776641314e-05,,,,0.0,37.22534174169181,37.29278891523507,29.877525870056328,44.50797411956036,0.99955,0.9999999987702424,
house-ca-19,HOUSE,CA,19,False,standard,Jimmy Panetta,D,1,Jimmy Panetta,Peter Coe Verbica,,35.65620730686175,0.0,3.030690413099209,4.191912414695078,2.828312783925826e-06,0.0,0.0,0.0,0.492,1.0049938092216435e-06,,,,0.0,45.52610652799996,45.59994096344595,38.423046930158286,52.695822492254074,0.9998,0.9999999999998621,
house-ca-20,HOUSE,CA,20,False,standard,Vince Fong,R,-1,Sandra Van Scotter,Vince Fong,,-32.974775522914825,0.0,,-4.1835615831780615,-0.027133724951925734,0.0,0.0,0.0,-0.2704999999999999,-0.00530087465519149,,,,0.0,-27.460728164728156,-27.440810834036462,-34.67727667137059,-20.12730803089289,0.00095,6.162618940348322e-06,
house-ca-21,HOUSE,CA,21,False,standard,Jim Costa,D,1,Jim Costa,Kyle Kirkland,,6.132521905498509,0.0,1.3700734439778768,1.4853933604826512,0.35918727314137977,0.0,0.0,0.0,0.679,0.3557470750810355,,,,0.0,17.42204093050533,17.44589977968491,10.235698851106422,24.83532453062832,0.9935,0.9972927230358491,
house-ca-22,HOUSE,CA,22,False,standard,David Valadao,R,-1,Randy Villegas,David Valadao,,-1.904550659129194,0.0,0.7632872083505973,-0.6509386401972529,-0.7982723870268191,0.0,0.0,0.0,-0.1845000000000001,-0.49022959616788453,1.0,0.8221961685863006,0.08,0.32738137741703743,5.443907631704878,3.9499371714917713,-2.3452930303989374,10.223905176456059,0.7911,0.8075781853848318,0.5375271516064953
house-ca-23,HOUSE,CA,23,False,standard,Jay Obernolte,R,-1,Tessa Lynn Hodge,Jay Obernolte,,-19.916752765341304,0.0,2.791437038838988,-3.241198290602025,-1.299076740830171,0.0,0.0,0.0,-0.3105,-0.29131795913116587,,,,0.0,-15.562807762045663,-15.557154523845865,-22.79564805369343,-8.269184401811962,0.011,0.006532489037261949,
house-ca-24,HOUSE,CA,24,False,standard,Salud Carbajal,D,1,Salud Carbajal,Bob Smith,,25.739617194559514,0.0,-0.3084910688449218,2.9525586745494854,0.0015186646311492872,0.0,0.0,0.0,-0.0509999999999999,-5.683627668046308e-05,,,,0.0,34.135903831205354,34.17757243606124,26.933343534824882,41.420461705533846,0.99915,0.9999999767531652,
house-ca-25,HOUSE,CA,25,False,standard,Raul Ruiz,D,1,Raul Ruiz,Joe Males,,5.945627014024418,0.0,10.070900393897332,1.4155785256537825,0.10089505045672016,0.0,0.0,0.0,0.033,0.005096146894658295,,,,0.0,21.437679737363336,21.486031253913726,14.189321036950538,28.829154633284134,0.99675,0.99968768188119,
house-ca-26,HOUSE,CA,26,False,standard,Julia Brownley,,0,Jacqui Irwin,Sam Gallucci,,15.718925391005014,0.0,,0.7479961898449257,0.023922190978218332,0.0,0.0,0.0,0.0,0.0,,,,0.0,23.907796720735416,23.89278079455141,15.621873646757749,32.070770569488786,0.996,0.999537060872886,
house-ca-27,HOUSE,CA,27,False,standard,George T. Whitesides,,0,George Whitesides,Jason Gibbs,,10.031526860467544,0.0,,2.423998442454749,0.3666182749120551,0.0,0.0,0.0,-0.14,-0.04587772889712411,,,,0.0,18.94065110537419,18.96738392476663,10.645842778620324,27.30806785112246,0.9912,0.9956332450387383,
house-ca-28,HOUSE,CA,28,False,standard,Judy Chu,D,1,Judy Chu,April Verlato,,26.1481226056064,0.0,2.163367124713017,4.935587316381753,0.0006573043612578389,0.0,0.0,0.0,-0.7244999999999999,-0.00034393450702816414,,,,0.0,35.88968231993968,35.940234077028066,28.748368127109,43.18353828262962,1.0,0.9999999953903205,
house-ca-29,HOUSE,CA,29,False,same_party,Luz Rivas,D,1,Angelica Dueñas; Luz Rivas,,D,34.707532916037124,0.0,3.727003733491729,,,,,0.0,-0.3029999999999999,,,,,,,,,,1.0,,
house-ca-30,HOUSE,CA,30,False,standard,Laura Friedman,D,1,Laura Friedman,Scott Meyers,,41.437251814842114,0.0,-5.567047676241173,2.6770151994822355,4.1869975840187714e-07,0.0,0.0,0.0,-0.122,-4.134317310773415e-08,,,,0.0,48.28357469246206,48.33651477119041,41.15884522760986,55.52925191660083,0.99985,0.999999999999996,
house-ca-31,HOUSE,CA,31,False,standard,Gil Cisneros,D,1,Gil Cisneros,Eric Ching,,12.60519627223948,0.0,2.138382595491401,1.5090365256091662,0.03498091697591619,0.0,0.0,0.0,-0.7074999999999999,-0.03553448159647325,,,,0.0,24.834569937948476,24.862090136802422,17.57569408417271,32.0332197694361,0.99885,0.9999634193574011,
house-ca-32,HOUSE,CA,32,False,standard,Brad Sherman,D,1,Brad Sherman,Larry Thompson,,25.747546353027406,0.0,0.2922952117154489,4.425771665200805,0.0013134851002198642,0.0,0.0,0.0,-0.2525,-0.00023952860230398357,,,,0.0,34.473624513951734,34.5014239981103,27.238161375781967,41.78614953327401,0.9996,0.999999982862387,
house-ca-33,HOUSE,CA,33,False,standard,Pete Aguilar,D,1,Pete Aguilar,Stephanie Vargas,,10.074713405340932,0.0,8.79098950956989,,0.0,0.0,0.0,0.0,0.235,0.014488340461207044,,,,0.0,24.248027011851345,24.295357903756212,17.04886265766884,31.686414439143974,0.9981,0.9999456764931561,
house-ca-34,HOUSE,CA,34,False,same_party,Jimmy Gomez,D,1,Jimmy Gomez; Angela Gonzales-Torres,,D,53.04146587963031,0.0,,,,,,0.0,0.0,,,,,,,,,,1.0,,
house-ca-35,HOUSE,CA,35,False,standard,Norma Torres,D,1,Norma Torres,Mike Cargile,,8.045128888677315,0.0,6.330823280804872,3.609995347246432,0.2295937529430069,0.0,0.0,0.0,0.6525,0.108196056074392,,,,0.0,21.427938845508866,21.484612923549992,14.17872441747559,28.734813210592932,0.99715,0.9996871959528119,
house-ca-36,HOUSE,CA,36,False,standard,Ted Lieu,D,1,Ted Lieu,Houston Brignano,,40.42823555904659,0.0,-2.874067918935096,4.496240124520736,1.2156423359879477e-06,0.0,0.0,0.0,0.207,1.8173852923019817e-07,,,,0.0,46.84251136979263,46.82872396545798,39.69468183578294,54.07548012340489,0.99985,0.9999999999999749,
house-ca-37,HOUSE,CA,37,False,same_party,Sydney Kamlager-Dove,D,1,Sydney Kamlager-Dove; Samantha Mota,,D,62.30874203046086,0.0,,,,,,0.0,0.0,,,,,,,,,,1.0,,
house-ca-38,HOUSE,CA,38,False,standard,None (new seat),,0,Hilda Solis,Pedro Casas,,12.742118430048967,0.0,,,0.0,0.0,0.0,0.0,0.0,0.0,,,,0.0,21.085650921385277,21.14713208680863,12.921871245495648,29.447616201076087,0.99425,0.998250671403673,
house-ca-39,HOUSE,CA,39,False,standard,Mark Takano,D,1,Mark Takano,Steve Manos,,9.780058137498687,0.0,3.490835779056403,,0.0,0.0,0.0,0.0,-0.13,-0.021775064931222846,,,,0.0,21.033874494115373,21.095000124562183,13.825005975815841,28.359610146351333,0.99725,0.9996082358872461,
house-ca-40,HOUSE,CA,40,False,same_party,Young Kim,R,-1,,Ken Calvert; Young Kim,R,-12.603878865212948,0.0,8.018197579654693,,,,,0.0,0.1114999999999999,,,,,,,,,,0.0,,
house-ca-41,HOUSE,CA,41,False,standard,Linda Sánchez,D,1,Linda Sánchez,Mitch Clemmons,,14.644434716860998,0.0,3.1850697720503165,4.411924565984419,0.057982089005228214,0.0,0.0,0.0,0.1099999999999999,0.004606354848748682,,,,0.0,25.41932163287136,25.52549556075798,18.325071631281162,32.84753466712725,0.99835,0.9999755353602195,
house-ca-42,HOUSE,CA,42,False,standard,Robert Garcia,D,1,Robert Garcia,Brian Burley,,13.56070313007434,0.0,2.727948986440624,2.469245206024792,0.07379574249444726,0.0,0.0,0.0,0.3955000000000001,0.02560976994841983,,,,0.0,24.186728307339155,24.20918751094952,16.891522387042862,31.40971554855378,0.9982,0.9999440993246171,
house-ca-43,HOUSE,CA,43,False,standard,Maxine Waters,D,1,Maxine Waters,Cristian Morales,,50.587898039106896,0.0,-0.3495257582380011,,0.0,0.0,0.0,0.0,-0.002,-5.758460023251528e-13,,,,0.0,57.874734438074505,57.903465131705545,50.77769915385257,65.15313247497585,0.99975,1.0,
house-ca-44,HOUSE,CA,44,False,standard,Nanette Barragán,D,1,Nanette Barragán,Genevieve Angel,,36.31627653527624,0.0,7.951769490274075,4.177481670150154,3.169024193771503e-07,0.0,0.0,0.0,0.132,3.021136398062166e-08,,,,0.0,48.86531764445934,48.91722799515696,41.64694066446615,56.14474846187168,0.99995,0.9999999999999978,
house-ca-45,HOUSE,CA,45,False,standard,Derek Tran,D,1,Derek Tran,Chuong Vo,,4.054985173885471,0.0,-1.318767740662521,2.4415500370827883,0.7908760107378879,0.0,0.0,0.0,-0.1719999999999999,-0.12071557911648302,,,,0.0,16.065935795422494,16.072834084076508,8.867740838332372,23.25045522457426,0.9916,0.9948323881406675,
house-ca-46,HOUSE,CA,46,False,standard,Lou Correa,D,1,Lou Correa,David Pan,,16.687679706845415,0.0,,3.366145791445452,0.030620117765999766,0.0,0.0,0.0,0.5785000000000001,0.01279325531440007,,,,0.0,27.15253718722224,27.15853294893882,19.74095982086454,34.46867049499717,0.99925,0.9999928345734582,
house-ca-47,HOUSE,CA,47,False,standard,Dave Min,D,1,Dave Min,Jenny Le Roux,,10.467836596792077,0.0,-1.2467872526652797,2.275777362991438,0.17751672237608743,0.0,0.0,0.0,-0.138,-0.023322799872075993,,,,0.0,21.1792279703812,21.143859462416614,13.932934494919895,28.494583237804584,0.99695,0.9996403785610782,
house-ca-48,HOUSE,CA,48,False,standard,Darrell Issa,,0,Marni von Wilpert,Jim Desmond,,3.483522109969155,0.0,,-0.0374571116730566,-0.01973195428710787,0.0,0.0,0.0,0.0,0.0,1.0,2.9459188736662334,0.13,0.4052636388436759,12.903276456037732,8.953527605588258,2.1589944784404147,15.611848174464734,0.94985,0.9629123885340625,0.6332444456218541
house-ca-49,HOUSE,CA,49,False,standard,Mike Levin,D,1,Mike Levin,Armen Kurdian,,12.472724656910152,0.0,-3.5536342683158777,3.8143991580810206,0.34769962710317703,0.0,0.0,0.0,-0.1669999999999999,-0.04193643835783316,,,,0.0,19.927955339745715,19.93946183495648,12.648430611468562,27.32032710580657,0.99595,0.9992738888449747,
house-ca-50,HOUSE,CA,50,False,standard,Scott Peters,D,1,Scott Peters,Steve Cohen,,18.835035308251694,0.0,-1.968226872948484,,0.0,0.0,0.0,0.0,0.056,0.0015348819171178655,,,,0.0,26.53451429738855,26.54501906924844,19.332540835473996,33.82027061883482,0.99825,0.99998895801582,
house-ca-51,HOUSE,CA,51,False,standard,Sara Jacobs,D,1,Sara Jacobs,Ricardo Cabrera,,18.80325794580321,0.0,-2.7329987170896137,4.303418797913867,0.044753981627828704,0.0,0.0,0.0,-0.0889999999999999,-0.0028766864857443196,,,,0.0,26.12354242861432,26.169936873458973,18.97176742350448,33.374089184741834,0.9987,0.9999852427058137,
house-ca-52,HOUSE,CA,52,False,standard,Juan Vargas,D,1,Juan Vargas,Jeff Belle,,18.041442893620868,0.0,10.976531094670182,2.846774211985893,0.002616764790726522,0.0,0.0,0.0,0.52,0.001035635931998234,,,,0.0,32.89065200925992,32.9176228760855,25.764511169543656,40.23994267027599,0.9993,0.999999925354367,
house-co-1,HOUSE,CO,1,False,standard,Diana DeGette,,0,Melat Kiros,Christy Peterson,,57.612736564272474,0.0,,3.71973976808556,2.3610598476913356e-12,0.0,0.0,0.0,0.0,0.0,,,,0.0,63.93795108710106,63.941433148110384,55.88291326279162,72.21359396165052,0.99995,1.0,
house-co-2,HOUSE,CO,2,False,standard,Joe Neguse,D,1,Joe Neguse,Kelley Dennison,,40.91811325700261,2.0,-0.2738921648753267,,0.0,0.0,0.0,0.0,0.02,4.9836968734599815e-09,,,,0.0,48.739879525748776,48.726556960547185,41.481700482755365,55.89869436789297,0.99975,0.9999999999999978,
house-co-3,HOUSE,CO,3,False,standard,Jeff Hurd,R,-1,Dwayne Romero,Jeff Hurd,,-9.976649536268868,-2.0,-4.944663168340056,-1.5878601171287483,-2.651263114173065,-0.0,0.0,0.0,-0.0785,-0.28398954236452156,1.0,-4.753794896889057,0.09,0.3149127200404842,-3.8759249652632914,-4.140408455583984,-10.346057353811979,2.176693430405741,0.1949,0.26803516516041026,0.299538799339911
house-co-4,HOUSE,CO,4,False,standard,Lauren Boebert,R,-1,Eileen Laubacher,Lauren Boebert,,-18.71337622079264,-2.0,-6.709335647869062,1.9490786631845332,2.2163775003632558,-0.0,0.0,0.0,0.4075,1.0040008500726445,,,,0.0,-4.276274989855243,-4.202140534768153,-11.581714061198557,3.040039975172968,0.2239,0.2472843757089775,
house-co-5,HOUSE,CO,5,False,standard,Jeff Crank,R,-1,Jessica Killin,Jeff Crank,,-9.337043356329268,-2.0,4.980302160664235,0.275477867330993,0.3700352128956793,-0.0,0.0,0.0,0.1394999999999999,0.40599683808114023,2.0,-4.4347328162515005,0.11000015402565815,0.2923547677104811,-4.899637004696316,-4.745027501813104,-11.147458738048844,1.6965975076051865,0.1683,0.21707668946949624,0.3206604420848737
house-co-6,HOUSE,CO,6,False,standard,Jason Crow,D,1,Jason Crow,Jason Clark,,20.360281044369106,2.0,0.8208666217469522,,0.0,0.0,0.0,0.0,-0.1839999999999999,-0.0015622613213592265,,,,0.0,29.54083193377311,29.565665117825592,22.256034301328487,36.8371524903784,0.9992,0.9999988412245351,
house-co-7,HOUSE,CO,7,False,standard,Brittany Pettersen,D,1,Brittany Pettersen,Tim Bennett,,15.41488104034284,2.0,-0.5899832308996702,3.366112632166681,0.09199730608594187,0.0,0.0,0.0,0.075,0.004983187412988518,,,,0.0,24.107184522645113,24.135056860032908,16.761368566575754,31.418609344884423,0.99785,0.9999415224092402,
house-co-8,HOUSE,CO,8,False,standard,Gabe Evans,R,-1,Manny Rutinel,Gabe Evans,,-1.8800480977231158,-1.0,-1.2486186750236898,-0.246864482379053,-0.3255758017081471,-0.0,0.0,0.0,0.2504999999999999,0.7158027135947795,1.0,3.79103683746151,0.05999999999999999,0.3354831464507524,6.2939099869541755,5.463975856957682,-0.8402128703313677,11.648314497519413,0.87005,0.8424743118670358,0.6699250402195684
house-ct-1,HOUSE,CT,1,False,standard,John B. Larson,,0,Luke Bronin,Amy Chai,,23.26879227281734,2.0,,4.710546800792924,0.00591840540413964,0.0,0.0,0.0,0.0,0.0,,,,0.0,31.176121806153155,31.10194080781836,22.825725091741873,39.447969963060245,0.9985,0.9999923308604113,
house-ct-2,HOUSE,CT,2,False,standard,Joe Courtney,D,1,Joe Courtney,George Austin,,7.856473409463372,2.0,8.29878931008028,1.2448780472229632,0.07238178001987673,0.0,0.0,0.0,-0.0929999999999999,-0.011715949772381938,,,,0.0,22.068914573471197,21.936765676709367,14.837293426681255,29.34885498203634,0.99745,0.9997859974230352,
house-ct-3,HOUSE,CT,3,False,standard,Rosa DeLauro,D,1,Rosa DeLauro,Chris Lancia,,14.332117484384685,2.0,5.431502702137432,3.9347843674206193,0.041370066330808135,0.0,0.0,0.0,-0.0269999999999999,-0.0008067162934507555,,,,0.0,26.33837588116408,26.321167727369268,19.01650849026161,33.66316374033912,0.9989,0.999987042908309,
house-ct-4,HOUSE,CT,4,False,standard,Jim Himes,D,1,Jim Himes,Michael Goldstein,,23.729413954381982,2.0,0.4989811530060501,3.922617215725456,0.003098032522151869,0.0,0.0,0.0,0.088,0.00019689717807454103,,,,0.0,32.6344572361893,32.59365094262148,25.263747425518265,40.001998161270784,0.99955,0.9999999112341895,
house-ct-5,HOUSE,CT,5,False,standard,Jahana Hayes,D,1,Jahana Hayes,Chris Shea,,5.675230760185784,2.0,-1.2666356398500511,1.7837426521934596,0.6461970379275606,0.0,0.0,0.0,-0.1699999999999999,-0.13343623794458112,,,,0.0,15.376098438683258,15.362142388740201,8.088995157612588,22.63134456277309,0.991,0.9929556792672791,
house-de-al,HOUSE,DE,0,False,standard,Sarah McBride,D,1,Sarah McBride,Joseph Arminio,,14.958471282996337,0.0,0.8909582243564254,5.164260075857007,0.04056047145501527,0.0,0.0,0.0,-0.0749999999999999,-0.0021970255371466575,,,,0.0,26.39023059915044,26.39963496136977,19.10059776218381,33.73531195230936,0.9986,0.9999875419312182,
house-fl-1,HOUSE,FL,1,False,standard,Jimmy Patronis,R,-1,Gay Valimont,Jimmy Patronis,,-37.5886728785613,-2.0,,-2.185732539719852,-0.0027362068297391135,-0.0,0.0,0.0,-0.1995,-0.0005411116779669314,,,,0.0,-32.20696595090884,-32.196157932530205,-39.48899619244329,-24.810863360656136,0.0005,1.519097561242281e-07,
house-fl-2,HOUSE,FL,2,False,standard,Neal Dunn,,0,Amanda Green,Austin Rogers,,-18.176177438099554,-3.0,,-1.0205239563158912,-0.8697443069979911,-0.0,0.0,0.0,0.0,0.0,,,,0.0,-10.755486636760692,-10.722510534999124,-19.109549394357234,-2.509516015018395,0.0551,0.06837733327875191,
house-fl-3,HOUSE,FL,3,False,standard,Kat Cammack,R,-1,Seth Harp,Kat Cammack,,-21.31654394584286,-2.0,1.7742408273770414,-3.823290069006792,-1.0878033487771557,-0.0,0.0,0.0,0.0584999999999999,0.045959691485834744,,,,0.0,-15.900759504879622,-15.960521387547963,-23.173310444946406,-8.658145366628329,0.0097,0.005603915914335565,
house-fl-4,HOUSE,FL,4,False,standard,Aaron Bean,R,-1,LaShonda Holloway,Aaron Bean,,-11.962520792109427,-2.0,2.4555568492913187,-3.8014478951635087,-4.152814903272475,-0.0,0.0,0.0,-0.3275,-0.9822560805934757,,,,0.0,-10.415339447452041,-10.492009607629122,-17.89132765923945,-3.1005422930523094,0.0403,0.048295854822937204,
house-fl-5,HOUSE,FL,5,False,standard,John Rutherford,R,-1,Rachel Grage,John Rutherford,,-21.67839300824128,-2.0,4.3421433214138885,-1.1526586392471585,-0.2828326213943148,-0.0,0.0,0.0,-0.5365,-0.2852269889726463,,,,0.0,-17.212041994994262,-17.161821715605292,-24.518465511404514,-9.884797888720712,0.00705,0.0030298869372192483,
house-fl-6,HOUSE,FL,6,False,standard,Randy Fine,R,-1,Eric Yonce,Randy Fine,,-30.308187147843146,-2.0,,-1.8230312456254896,-0.044582599844684816,-0.0,0.0,0.0,-0.2135,-0.011312569487937964,,,,0.0,-24.73539421273137,-24.691907079988123,-31.887462997598597,-17.319064078016947,0.00215,4.0698024827868455e-05,
house-fl-7,HOUSE,FL,7,False,standard,Cory Mills,,0,Bale Dalton,Ryan Elijah,,-12.617439168584001,0.0,,1.3037635090255264,1.969005297123308,0.0,0.0,0.0,0.0,0.0,,,,0.0,-1.9474901404645633,-1.9022476799719017,-10.2454171679194,6.355160092267537,0.379,0.3937637198562039,
house-fl-8,HOUSE,FL,8,False,standard,Mike Haridopolos,R,-1,Jennifer Jenkins,Mike Haridopolos,,-16.395271547785974,-1.0,1.8009870102269927,-1.0785981029654792,-0.7003785869323755,-0.0,0.0,0.0,-0.3255,-0.45794814312766,2.0,-7.022315913635313,0.11519031386166517,0.3450802109241335,-12.858112513979446,-10.807389148305361,-17.08080704259079,-4.635681402278101,0.01935,0.020131289243800404,0.20345125720173354
house-fl-9,HOUSE,FL,9,False,standard,Darren Soto,D,1,Darren Soto,Dan Green,,-17.93494817151253,2.0,9.409546794910533,0.5496941359508347,0.8389619998499123,0.0,0.0,0.0,0.426,1.4087141834285983,1.0,-5.526734743500164,0.18,0.21872738163766828,-1.4702016743221002,-2.4175390933031435,-8.915204995730264,4.214899089671326,0.31505,0.407120111927373,0.3153232412569045
house-fl-10,HOUSE,FL,10,False,same_party,Maxwell Frost,D,1,Maxwell Frost,,D,24.292988534582708,0.0,1.8509874742375356,,,,,0.0,-0.2669999999999999,,,,,,,,,,1.0,,
house-fl-11,HOUSE,FL,11,False,standard,Daniel Webster,,0,James Pericola,Joe Strada,,-15.8391286849105,0.0,,-3.595440355275024,-3.439651740704709,0.0,0.0,0.0,0.0,0.0,1.0,-5.568934743500164,0.16,0.3313491371330839,-10.856737622274336,-9.108672645287367,-16.112311905180377,-2.1270167616579303,0.0532,0.06658247343854812,0.29099734503810626
house-fl-12,HOUSE,FL,12,False,standard,Gus Bilirakis,R,-1,Kimberly Overman,Gus Bilirakis,,-15.553760972030888,-1.0,7.094759437067757,-2.1645814901669307,-1.3931802758811604,-0.0,0.0,0.0,-0.2754999999999999,-0.38419090716727694,,,,0.0,-13.531441486743773,-13.454057032390121,-20.806760077185004,-6.182627466058829,0.0178,0.015462679962950353,
house-fl-13,HOUSE,FL,13,False,standard,Anna Paulina Luna,R,-1,Leela Gray,Anna Paulina Luna,,-13.453080359687094,-2.0,-2.44010282848756,-1.0811664212748688,-1.6037031306461136,-0.0,0.0,0.0,0.3545,1.1393043864711463,5.0,-5.129753366052147,0.11371779092994606,0.38873658787028664,-4.698866338581749,-4.853127463414545,-10.854874671079575,1.2245662064250593,0.1496,0.22657235784071872,0.25387993489588606
house-fl-14,HOUSE,FL,14,False,standard,Kathy Castor,D,1,Kathy Castor,Mike Beltran,,-10.62098657326328,1.0,7.950182530103848,0.2090118605522644,0.3236622785320755,0.0,0.0,0.0,0.152,0.5099843462547246,1.0,8.12124013748616,0.16,0.30699964069038393,4.259098508068072,5.423944396112807,-1.0422383817243193,11.736002113969342,0.86235,0.7516621508876856,0.8116566461259291
house-fl-15,HOUSE,FL,15,False,standard,Laurel Lee,R,-1,Robert People,Laurel Lee,,-20.095141150578385,-2.0,0.8807636828702625,-3.8005361948675898,-1.5288754007465424,-0.0,0.0,0.0,-0.0705,-0.0778452391546781,,,,0.0,-14.712971266074415,-14.741028135325951,-22.030294672156625,-7.416700699687973,0.0132,0.009463684764895168,
house-fl-16,HOUSE,FL,16,False,standard,Vern Buchanan,,0,Kelly Kirschner,Sydney Gruters,,-13.811661289568429,2.0,,-1.241510054018505,-1.7250655546740654,0.0,0.0,0.0,0.0,0.0,2.0,-5.875717257756397,0.1886236733835027,0.3721705363258694,-6.953777803703245,-6.473458507894837,-13.403625007751884,0.3951701378688906,0.11315,0.16802462404258375,0.26326946575571597
house-fl-17,HOUSE,FL,17,False,standard,Greg Steube,R,-1,Matthew Montavon,Greg Steube,,-22.24156570778953,-2.0,,-3.1857596284373653,-0.7793526623099456,-0.0,0.0,0.0,-0.1234999999999999,-0.06951392774103426,,,,0.0,-17.24412412612857,-17.235449208895936,-24.437206398892844,-9.91215735977491,0.00645,0.0029811551735954354,
house-fl-18,HOUSE,FL,18,False,standard,Scott Franklin,R,-1,Curtis Gibson,Scott Franklin,,-17.102886122235766,-1.0,0.8512849936619196,-3.739302145206497,-1.876922740733122,-0.0,0.0,0.0,-0.2245,-0.3043221677127565,,,,0.0,-14.107654176801182,-14.161283229278101,-21.403486462166974,-6.870753679781427,0.01375,0.01222577357925051,
house-fl-19,HOUSE,FL,19,False,standard,Byron Donalds,,0,Victor Arias,Jim Schwartzel,,-30.416149231176274,0.0,,-3.228529993240168,-0.15027412171961074,0.0,0.0,0.0,0.0,0.0,,,,0.0,-22.64091299563503,-22.603268041609688,-30.976732939501158,-14.447963613875277,0.0039,0.0008645612993066139,
house-fl-20,HOUSE,FL,20,False,standard,Debbie Wasserman Schultz,D,1,Debbie Wasserman Schultz,Brent Andersen,,37.50081626941555,2.0,3.685393198666764,3.91888919099027,7.14192502244199e-07,0.0,0.0,0.0,0.32,1.6505782274088155e-07,,,,0.0,47.65302587257153,47.67800302649822,40.53491754914933,54.89628255788267,1.0,0.9999999999999902,
house-fl-21,HOUSE,FL,21,False,standard,Brian Mast,R,-1,James Martin,Brian Mast,,-16.40535991568672,-2.0,6.836259767160008,-2.344816786842756,-1.3264077770168239,-0.0,0.0,0.0,0.1685000000000001,0.20651906592863922,,,,0.0,-13.639786633450381,-13.63647282079589,-20.97596097948595,-6.283355916621066,0.01725,0.014799629222944463,
house-fl-22,HOUSE,FL,22,False,standard,None (new seat),,0,Pia Dandiya,Casey Askar,,-10.371815924951084,0.0,,-0.1158857691058467,-0.19203228812139758,0.0,0.0,0.0,0.0,0.0,2.0,-0.927605144880151,0.05167453441618452,0.5141599583091857,-1.5984008062953123,-1.2303619483200476,-7.483541144857007,4.871823522183571,0.39665,0.41246347684225204,0.44787808390275513
house-fl-23,HOUSE,FL,23,False,standard,Lois Frankel,D,1,Lois Frankel,Deborah Adeimy,,13.860283552064374,2.0,4.4163509868165605,2.589473894206645,0.051123627104710474,0.0,0.0,0.0,0.5095000000000001,0.021794474988763076,,,,0.0,25.369182913383995,25.36430044359525,18.04722023874497,32.83615508056742,0.9986,0.9999746059644645,
house-fl-24,HOUSE,FL,24,False,standard,Frederica Wilson,,0,Oliver Gilbert,Te Mayonna Brown,,39.04931980196582,1.0,,0.9060069353321618,4.995385994080846e-07,0.0,0.0,0.0,0.0,0.0,,,,0.0,46.366712346691905,46.41057815257558,38.11265522218602,54.50582467536804,0.99985,0.999999999944794,
house-fl-25,HOUSE,FL,25,False,standard,Jared Moskowitz,D,1,Jared Moskowitz,Scott Singer,,-9.218034236116692,0.0,3.0870778916786765,0.4602244670089471,0.7444207499597905,0.0,0.0,0.0,0.483,1.6927312011375,1.0,8.577170751775371,0.24,0.14178898670361154,4.773356149774288,5.275456365452481,-1.693719003538059,12.207942657487118,0.84175,0.7769085105695216,0.7180805475371178
house-fl-26,HOUSE,FL,26,False,standard,Mario Díaz-Balart,R,-1,Nicole Locklin,Mario Díaz-Balart,,-18.540683907584068,-2.0,6.511737502652834,-2.3810732143778166,-0.912542187311088,-0.0,0.0,0.0,-0.6755,-0.5609157787535928,,,,0.0,-16.061559773309117,-16.068122693999086,-23.50007614262614,-8.875614146260455,0.00815,0.00522118522080674,
house-fl-27,HOUSE,FL,27,False,standard,María Elvira Salazar,R,-1,Eliott Rodriguez,María Elvira Salazar,,-14.697284015567739,-2.0,5.851854214290957,-1.702902474616086,-1.3990839652750127,-0.0,0.0,0.0,-0.0335,-0.05963358402880481,3.0,-4.435325310065107,0.08000119732032147,0.3875705516442351,-11.607839231293518,-8.869659121095363,-14.916853763848751,-2.742447562011291,0.0357,0.03202922799717895,0.2839146084799694
house-fl-28,HOUSE,FL,28,False,standard,Carlos A. Giménez,,0,Phil Ehr,Carlos Giménez,,-25.62449782340173,-2.0,,-1.1608113437349743,-0.22869983739715713,-0.0,0.0,0.0,-0.4485,-0.19145149484464982,,,,0.0,-17.987995090722233,-17.999765393555656,-26.42028077172853,-9.776871962211313,0.01,0.00640600205868515,
house-ga-1,HOUSE,GA,1,False,standard,Buddy Carter,,0,Amanda Hollowell,Jim Kingston,,-15.892812698763862,0.0,,-2.351771298389646,-2.680493326122888,0.0,0.0,0.0,0.0,0.0,,,,0.0,-10.154882178038397,-10.135589509648433,-18.476404925873197,-1.7500978829322404,0.06395,0.08005125499702112,
house-ga-2,HOUSE,GA,2,False,standard,Sanford Bishop,D,1,Sanford Bishop,Matt Day,,7.650507378170518,2.0,5.131041568381559,1.892993442224871,0.19300573932114307,0.0,0.0,0.0,0.445,0.09830446116606056,,,,0.0,20.378279903517207,20.46877309445512,12.93545284260463,27.684421672423703,0.99635,0.9994288597996211,
house-ga-3,HOUSE,GA,3,False,standard,Brian Jack,R,-1,Maura Keller,Brian Jack,,-29.876322455669797,-2.0,2.6106379824860677,-2.6549794320546907,-0.03976176164689186,-0.0,0.0,0.0,-0.2054999999999998,-0.006668196431027528,,,,0.0,-26.11732488136315,-26.010046692336942,-33.468692602615526,-18.643007757223412,0.00125,1.6105526254923918e-05,
house-ga-4,HOUSE,GA,4,False,standard,Hank Johnson,D,1,Hank Johnson,James Duffie,,53.03852255145806,2.0,-1.7481010280365077,,0.0,0.0,0.0,0.0,0.01,8.19791541895585e-13,,,,0.0,59.41701550209268,59.25748729997504,52.15048003407401,66.42512917904578,0.99995,1.0,
house-ga-5,HOUSE,GA,5,False,standard,Nikema Williams,D,1,Nikema Williams,John Oscar Salvesen,,72.33073290669485,2.0,,3.3654534994545418,2.6837681527055837e-19,0.0,0.0,0.0,0.127,2.461611788953844e-20,,,,0.0,79.94134941404393,79.94287101994759,72.77045629755793,87.10986559900563,1.0,1.0,
house-ga-6,HOUSE,GA,6,False,standard,Lucy McBath,D,1,Lucy McBath,Kevin Martin,,50.345152979843064,0.0,-0.8546959983136082,4.031937785171063,5.982190939069941e-10,0.0,0.0,0.0,-0.0469999999999999,-2.030621479873181e-11,,,,0.0,57.367618908880154,57.36470620049675,50.08606659777288,64.62817595089902,1.0,1.0,
house-ga-7,HOUSE,GA,7,False,standard,Rich McCormick,R,-1,Tony Kozycki,Rich McCormick,,-22.30291135099771,-2.0,7.2767955893072545,-1.7762910032698032,-0.24971017502986714,-0.0,0.0,0.0,-0.0284999999999999,-0.00868078669525983,1.0,-8.837077350464373,0.11,0.2914731687707306,-19.158964710210647,-16.16899462545505,-22.615085439484005,-9.729925959025413,0.00505,0.0011308025001898223,0.17697682592761188
house-ga-8,HOUSE,GA,8,False,standard,Austin Scott,R,-1,Kelly Esti,Austin Scott,,-30.72180747930478,-2.0,6.987592458043152,-4.402150452933544,-0.027547501522388267,-0.0,0.0,0.0,0.0455,0.0009052415083607032,,,,0.0,-27.415178742504224,-27.38967673887164,-34.6440741514453,-20.03558472055692,0.0013,6.447070109002318e-06,
house-ga-9,HOUSE,GA,9,False,standard,Andrew Clyde,R,-1,Caitlyn Gegen,Andrew Clyde,,-34.33522296479662,-2.0,3.5504409590688715,-2.450660283793968,-0.010924800778859954,-0.0,0.0,0.0,0.2204999999999999,0.002129762173327464,,,,0.0,-29.235314373994584,-29.183838715517346,-36.61051965812251,-21.94601100412352,0.0007,1.6460739774008928e-06,
house-ga-10,HOUSE,GA,10,False,standard,Mike Collins,,0,Pam Delancy,Houston Gaines,,-20.913860114633074,-1.0,,-4.191954583387389,-1.636269296023725,-0.0,0.0,0.0,0.0,0.0,,,,0.0,-14.364119238380239,-14.393107802789753,-22.581720919815492,-6.231896047032004,0.02175,0.023453194724524343,
house-ga-11,HOUSE,GA,11,False,standard,Barry Loudermilk,,0,Chris Harden,John Cowan,,-23.563722533183686,0.0,,-3.17001733717638,-0.9598326089299903,0.0,0.0,0.0,0.0544999999999999,0.03778007796816094,1.0,1.6688750125973968,0.17999999999999997,0.3557242333786651,-16.37552961156441,-9.979989998087273,-17.03603133004491,-2.977234913285473,0.03955,0.01173697448275392,0.569296350015704
house-ga-12,HOUSE,GA,12,False,standard,Rick Allen,R,-1,Ceretta Smith,Rick Allen,,-14.231034879705307,-1.0,6.283421925551944,-3.7637177422160017,-2.55832740700315,-0.0,0.0,0.0,0.1125,0.20786410181900594,,,,0.0,-12.231735728393586,-12.234555419925716,-19.672906853356448,-4.822337335911723,0.0263,0.02552611378641045,
house-ga-13,HOUSE,GA,13,False,standard,Everton Blair,,0,Jasmine Clark,Jonathan Chavez,,42.724453914937364,1.0,,,0.0,0.0,0.0,0.0,0.3025,3.4729215357321833e-08,,,,0.0,49.87150663945619,49.84025667433373,41.68912772345779,57.938554855455145,1.0,0.9999999999981264,
house-ga-14,HOUSE,GA,14,False,standard,Clay Fuller,R,-1,Shawn Harris,Clay Fuller,,-37.01635857495856,-2.0,,1.467812949399513,0.0023904832161762576,-0.0,0.0,0.0,-0.3234999999999999,-0.0011415143382474855,,,,0.0,-31.60873513239833,-31.63910052232729,-38.934872969626284,-24.207237157662632,0.00045,2.4939940971668344e-07,
house-hi-1,HOUSE,HI,1,False,standard,Ed Case,D,1,Ed Case,Adriel Lam,,25.166334746889017,2.0,18.640783175923783,,0.0,0.0,0.0,0.0,0.5030000000000001,2.651188487987991e-06,,,,0.0,44.00143716364972,44.044974014351105,36.76736908890981,51.35356913265058,0.9997,0.9999999999989967,
house-hi-2,HOUSE,HI,2,False,standard,Jill Tokuda,D,1,Jill Tokuda,Brenton Awa,,22.062952000244117,1.0,15.616576458118669,2.218015975224514,8.054375979312241e-05,0.0,0.0,0.0,0.163,1.282469174463832e-05,,,,0.0,39.33029575909849,39.37696277906963,32.151283122772284,46.62523634713943,0.9996,0.9999999998351825,
house-ia-1,HOUSE,IA,1,False,standard,Mariannette Miller-Meeks,R,-1,Christina Bohannan,Mariannette Miller-Meeks,,-8.590704180072024,-1.0,-8.521283143076325,-0.0794421672972864,-0.11554720815998462,-0.0,0.0,0.0,-0.0644999999999998,-0.2032638696767954,2.0,3.302054269783418,0.24999999993058852,0.263567763834989,4.237143757278944,4.050177976674796,-2.500208361677191,10.53812393465451,0.791,0.750546225153753,0.6272585081452082
house-ia-2,HOUSE,IA,2,False,standard,Ashley Hinson,,0,Lindsay James,Joe Mitchell,,-10.127597485735269,0.0,,-0.1720623259636155,-0.28650936525602266,0.0,0.0,0.0,0.0,0.0,2.0,-2.47051366770246,0.09159851293451703,0.4049417389462745,-1.417272410291362,-1.7489467844366327,-8.565069456183968,5.0309173200563695,0.3659,0.4222441983987358,0.38814939019154365
house-ia-3,HOUSE,IA,3,False,standard,Zach Nunn,R,-1,Sarah Trone Garriott,Zach Nunn,,-4.464251430326767,-1.0,-0.754455771234106,-0.0083406686317467,-0.01187084762628734,-0.0,0.0,0.0,0.1625000000000001,0.5011022240887253,1.0,-0.906424350112749,0.1,0.06407140794971758,5.376216651573524,4.999123373259616,-2.186547063202271,12.111133639986486,0.81895,0.8045753536134587,0.4843867092408713
house-ia-4,HOUSE,IA,4,False,standard,Randy Feenstra,,0,David Dawson,Chris McGowan,,-31.901561369041463,1.0,,-1.4783026766701204,-0.045169646780673985,0.0,0.0,0.0,0.0,0.0,,,,0.0,-24.066215415496288,-24.00907129246515,-32.28466740969374,-15.615746393041679,0.0034,0.0004332925696737613,
house-id-1,HOUSE,ID,1,False,standard,Russ Fulcher,R,-1,Kaylee Peterson,Russ Fulcher,,-46.19778126853283,-2.0,0.9076352246212585,-1.3913910102249132,-3.2661691490059736e-05,-0.0,0.0,0.0,-0.0524999999999999,-2.67018212687297e-06,2.0,-19.39545944460183,0.227684213113298,0.286635141740642,-40.12098228589757,-34.135770985700084,-40.49750711965235,-27.869972400088077,0.0003,9.529702495210165e-11,0.02211720719523244
house-id-2,HOUSE,ID,2,False,standard,Mike Simpson,R,-1,Ellie Gilbreath,Mike Simpson,,-27.561138104639443,-2.0,5.233872944155752,-2.3674484767699004,-0.09548278288145941,-0.0,0.0,0.0,-0.4535,-0.039629074085537515,,,,0.0,-23.30914669746043,-23.30313276518628,-30.570413497177125,-15.928947875728312,0.00165,0.00010241943696401423,
house-il-1,HOUSE,IL,1,False,standard,Jonathan Jackson,D,1,Jonathan Jackson,Christian Maxwell,,32.45721176888944,2.0,-0.6283098800027416,1.701148349847759,3.3374441726192715e-05,0.0,0.0,0.0,0.003,1.2752201842929616e-07,,,,0.0,40.441666973476906,40.393802274287765,33.11052165276384,47.642710564540444,0.9999,0.9999999999555439,
house-il-2,HOUSE,IL,2,False,standard,Robin Kelly,,0,Donna Miller,Michael Noack,,33.57708216310065,0.0,,,0.0,0.0,0.0,0.0,0.0,0.0,,,,0.0,41.1237659782917,41.14926859358086,32.86888016989702,49.3338969156064,0.99965,0.9999999945108109,
house-il-3,HOUSE,IL,3,False,standard,Delia Ramirez,D,1,Delia Ramirez,Angel Oakley,,31.83380528871024,2.0,2.8682636964648127,4.111692187436496,2.7651058035274394e-05,0.0,0.0,0.0,-0.1469999999999999,-2.93562066141163e-06,,,,0.0,41.764942783632335,41.72762461959359,34.36147187928609,49.03283883289564,0.9999,0.9999999999891672,
house-il-4,HOUSE,IL,4,False,standard,Chuy García,,0,Patty Garcia,Lupe Castillo,,28.752276035686318,0.0,,,0.0,0.0,0.0,0.0,0.0,0.0,,,,0.0,36.47681971015904,36.497951581195665,28.135200694496152,44.75337307330904,0.9995,0.9999997946627114,
house-il-5,HOUSE,IL,5,False,standard,Mike Quigley,D,1,Mike Quigley,Tommy Hanson,,37.56614329445709,2.0,0.5003447000653916,,0.0,0.0,0.0,0.0,0.052,8.043405578192903e-08,,,,0.0,45.96376017568294,46.01289389987232,38.86585339180268,53.13793518298124,0.99995,0.999999999999922,
house-il-6,HOUSE,IL,6,False,standard,Sean Casten,D,1,Sean Casten,Niki Conforti,,5.575462312490821,2.0,2.964765839552494,2.087519346752857,0.4597919471093066,0.0,0.0,0.0,-0.0884999999999999,-0.042234389825105356,,,,0.0,17.52229971963598,17.544741697040017,10.277484543936781,24.85649202249086,0.9926,0.9974212398413378,
house-il-7,HOUSE,IL,7,False,standard,Danny Davis,,0,La Shawn Ford,Chad Koppie,,66.15598021500666,1.0,,2.228434091099001,9.441737563500467e-16,0.0,0.0,0.0,0.3694999999999999,3.3920221204827795e-16,,,,0.0,71.91626570117681,71.78810187109765,63.553358183399766,80.14442909796342,1.0,1.0,
house-il-8,HOUSE,IL,8,False,standard,Raja Krishnamoorthi,,0,Melissa Bean,Jennifer Davis,,7.000325718967043,2.0,,0.3339292115176673,0.09562418379780228,0.0,0.0,0.0,0.0,0.0,,,,0.0,16.05741535713411,16.12974500175588,7.711244705111544,24.41665944286025,0.98285,0.9868770826416199,
house-il-9,HOUSE,IL,9,False,standard,Jan Schakowsky,,0,Daniel Biss,John Elleson,,36.986157350622044,1.0,,,0.0,0.0,0.0,0.0,0.9295,3.851393041778281e-06,,,,0.0,44.39343718617938,44.41133073866374,36.188462428021204,52.44448164119557,0.9995,0.9999999996674913,
house-il-10,HOUSE,IL,10,False,standard,Brad Schneider,D,1,Brad Schneider,Carl Lambrecht,,22.345356623267172,2.0,-2.2652301709088603,5.125619774484333,0.010708452604907262,0.0,0.0,0.0,0.2260000000000001,0.0017478574307343083,,,,0.0,29.781474222061807,29.70802993749956,22.373981618405484,36.96765842679144,0.99915,0.9999990542349207,
house-il-11,HOUSE,IL,11,False,standard,Bill Foster,D,1,Bill Foster,Jeff Walter,,11.606554064861559,0.0,-0.3003582183254645,2.454408278368989,0.21544669696630073,0.0,0.0,0.0,-0.2189999999999998,-0.041651366079340085,,,,0.0,20.79048418212498,20.79108061916144,13.404025276530106,28.1487221248924,0.9966,0.9995514504546591,
house-il-12,HOUSE,IL,12,False,standard,Mike Bost,R,-1,Julie Fortier,Mike Bost,,-44.08125909098338,-2.0,4.180216152299926,-2.741856278476134,-8.103679548429636e-05,-0.0,0.0,0.0,-0.2654999999999999,-1.700177247373808e-05,,,,0.0,-39.705478187011266,-39.744467466509256,-46.94833051273731,-32.43173559560441,0.0002,1.5025127793093908e-10,
house-il-13,HOUSE,IL,13,False,standard,Nikki Budzinski,D,1,Nikki Budzinski,Jeff Wilson,,10.649960605661136,1.0,5.699093840100404,2.5788729082839565,0.1082653713799616,0.0,0.0,0.0,-0.007,-0.0006367218772154979,,,,0.0,23.156739857149528,23.11117916932428,15.898156895487443,30.370738922908924,0.9981,0.9998909865637053,
house-il-14,HOUSE,IL,14,False,standard,Lauren Underwood,D,1,Lauren Underwood,James Marter,,5.2631897441173,2.0,5.068363312404505,2.981603577156067,0.5288961865836627,0.0,0.0,0.0,0.0555000000000001,0.021330725158757922,,,,0.0,18.54309819358138,18.550801642494697,11.2995843247283,25.826128411651233,0.99515,0.9984594039233272,
house-il-15,HOUSE,IL,15,False,standard,Mary Miller,R,-1,Jennifer Todd,Mary Miller,,-40.433634690775264,-2.0,,-2.701707479578671,-0.0008480345691510628,-0.0,0.0,0.0,0.3305,0.00022477023350962204,,,,0.0,-35.161374636274076,-35.153518442123,-42.47729677290045,-27.919530345594463,0.00035,1.1602000198470988e-08,
house-il-16,HOUSE,IL,16,False,standard,Darin LaHood,R,-1,Paul Nolley,Darin LaHood,,-23.049919660830685,-2.0,,-3.053507107786751,-0.6419536274353254,-0.0,0.0,0.0,-0.3245,-0.15044896540755112,,,,0.0,-18.018340069817885,-17.941283498281656,-25.175778202747146,-10.687997457643824,0.0064,0.002032637553481424,
house-il-17,HOUSE,IL,17,False,standard,Eric Sorensen,D,1,Eric Sorensen,Dillan Vancil,,4.828123190177733,2.0,4.148654374160702,1.937764575352899,0.4260727918307517,0.0,0.0,0.0,0.0494999999999999,0.023581970433908864,,,,0.0,17.561645908796695,17.506091587291344,10.36647628004586,24.692402883799616,0.99405,0.9974685678940391,
house-in-1,HOUSE,IN,1,False,standard,Frank J. Mrvan,,0,Frank Mrvan,Barb Regnitz,,0.4022301253280738,1.0,,0.0746375769875172,0.061407390699582516,0.0,0.0,0.0,0.038,0.06773900455590262,,,,0.0,10.268313384690337,10.169445982986081,1.9676048158679018,18.458820880465378,0.93715,0.9222922572525062,
house-in-2,HOUSE,IN,2,False,standard,Rudy Yakym,R,-1,Jamee Decio,Rudy Yakym,,-26.920260374288038,-2.0,1.8550214695547596,-2.8038189407098195,-0.24324041806426838,-0.0,0.0,0.0,0.2664999999999999,0.05009277502124279,,,,0.0,-20.85086494130963,-20.915987232207236,-28.273496267897656,-13.595397132924365,0.00285,0.00044359809881110683,
house-in-3,HOUSE,IN,3,False,standard,Marlin Stutzman,R,-1,Kelly Thompson,Marlin Stutzman,,-31.72894798522732,-2.0,3.0134958605389803,-1.803419857987651,-0.012104014393481466,-0.0,0.0,0.0,0.2275,0.003308309155904334,,,,0.0,-28.20929788851136,-28.223528501185896,-35.40989819397605,-20.975175467488494,0.0009,3.602261871789396e-06,
house-in-4,HOUSE,IN,4,False,standard,Jim Baird,R,-1,Drew Cox,Jim Baird,,-29.878658536585366,-2.0,5.398549230995093,-2.606323774000942,-0.045457461338874156,-0.0,0.0,0.0,0.0965,0.003646668014316898,,,,0.0,-25.68846057344228,-25.573168229037467,-32.909507255675656,-18.366037842588803,0.00135,2.1584374370038335e-05,
house-in-5,HOUSE,IN,5,False,standard,Victoria Spartz,R,-1,J. D. Ford,Victoria Spartz,,-17.12743785454997,-1.0,2.3865274213933985,-1.015500082318891,-0.7547727723819141,-0.0,0.0,0.0,0.1414999999999999,0.22786876780717286,1.0,-7.463876080469474,0.06,0.3354831464507524,-11.363598436012518,-10.072741837048763,-16.301207110654214,-3.899439295564379,0.02435,0.034898091905013445,0.19387186757650876
house-in-6,HOUSE,IN,6,False,standard,Jefferson Shreve,R,-1,Cinde Wirth,Jefferson Shreve,,-33.09952049613334,-2.0,0.4805651133835615,-3.872300423106712,-0.019970983142923372,-0.0,0.0,0.0,-0.1185,-0.001709183307315192,,,,0.0,-28.243070310725283,-28.252879958015775,-35.54536252939519,-20.95692585467102,0.001,3.484960033360289e-06,
house-in-7,HOUSE,IN,7,False,standard,André Carson,D,1,André Carson,Patrick McAuley,,42.161067786442715,0.0,-1.5523722223000282,,0.0,0.0,0.0,0.0,-0.0829999999999999,-1.4906448179888306e-08,,,,0.0,49.22127484528416,49.18086785006538,41.822285404723104,56.3294038651335,0.9999,0.9999999999999989,
house-in-8,HOUSE,IN,8,False,standard,Mark Messmer,R,-1,Mary Allen,Mark Messmer,,-36.49150182813958,-1.0,2.917961324114919,-1.5217366015143527,-0.0012858869232651438,-0.0,0.0,0.0,-1.0645,-0.001948951630864401,,,,0.0,-33.07396463239778,-33.05978206734338,-40.44226660489936,-25.790052240935267,0.00045,7.44333596209735e-08,
house-in-9,HOUSE,IN,9,False,standard,Erin Houchin,R,-1,Brad Meyer,Erin Houchin,,-30.3858345174336,-2.0,2.047181420126676,-3.02875983830688,-0.08276174969167462,-0.0,0.0,0.0,-0.1394999999999999,-0.008338246281436212,,,,0.0,-24.416480420510986,-24.407106773907625,-31.632396577155227,-17.119296982976596,0.00135,5.0106690186061905e-05,
house-ks-1,HOUSE,KS,1,False,standard,Tracey Mann,R,-1,Lauren Reinhold,Tracey Mann,,-31.848581559120564,-2.0,6.301345261018343,-3.806015691409785,-0.02035975644486278,-0.0,0.0,0.0,-0.0655000000000001,-0.0009631295896000381,,,,0.0,-28.193482245796545,-28.17451848199095,-35.59898679214709,-20.8570939582255,0.00085,3.6418069704149425e-06,
house-ks-2,HOUSE,KS,2,False,standard,Derek Schmidt,R,-1,Don Coover,Derek Schmidt,,-20.055354340614592,-2.0,-0.3680230366400758,-0.7382146787724481,-0.29748242018187704,-0.0,0.0,0.0,0.1354999999999999,0.11830688692114674,,,,0.0,-14.51740975230732,-14.52697828036923,-21.866864794043675,-7.117048846442432,0.01325,0.010283263965518248,
house-ks-3,HOUSE,KS,3,False,standard,Sharice Davids,D,1,Sharice Davids,Eric Jenkins,,4.174028834088756,1.0,7.157275137333762,4.600955616274553,0.5050453281835423,0.0,0.0,0.0,-0.1909999999999999,-0.06966819721554082,,,,0.0,18.63630835696831,18.743174842912804,11.393439375405636,25.966821211180036,0.9952,0.9985299567151905,
house-ks-4,HOUSE,KS,4,False,standard,Ron Estes,R,-1,Katy Tyndell,Ron Estes,,-23.69976552345745,-2.0,6.275852691558842,-2.528986830913205,-0.2803494841963848,-0.0,0.0,0.0,-0.1154999999999999,-0.02774133007043445,,,,0.0,-20.09292446073784,-20.02228634457913,-27.290086104425743,-12.703035737925406,0.00455,0.0006820584523152472,
house-ky-1,HOUSE,KY,1,False,standard,James Comer,R,-1,Drew Williams,James Comer,,-47.91004767154219,-2.0,1.3978969625571684,-3.6089459034253775,-2.1620693688032885e-05,-0.0,0.0,0.0,0.1025,1.6005319077391008e-06,,,,0.0,-42.186916883687466,-42.17677613448946,-49.502305024293875,-34.76870066741547,0.0002,1.0964770471950869e-11,
house-ky-2,HOUSE,KY,2,False,standard,Brett Guthrie,R,-1,Megan Wingfield,Brett Guthrie,,-41.93201836717013,-2.0,4.147458952843933,-5.078749700002629,-0.0002979342255850004,-0.0,0.0,0.0,-0.2704999999999999,-5.820476134831409e-05,,,,0.0,-37.443517346718174,-37.35976067417829,-44.81778775731304,-29.985018069037807,0.00055,1.3963936339603873e-09,
house-ky-3,HOUSE,KY,3,False,standard,Morgan McGarvey,D,1,Morgan McGarvey,Maria Rodriquez,,19.26899411654809,2.0,4.767103761865028,4.781345768246492,0.007378119567832721,0.0,0.0,0.0,0.405,0.002158099973591071,,,,0.0,30.66628960387572,30.65677989231591,23.333088974863216,37.964351708361356,0.9995,0.9999995238995169,
house-ky-4,HOUSE,KY,4,False,standard,Thomas Massie,,0,Melissa Strange,Ed Gallrein,,-36.16019101367484,0.0,,-3.403540947643686,-0.018451693080643972,0.0,0.0,0.0,0.0,0.0,,,,0.0,-28.44099121652363,-28.46364473351443,-36.68735771805765,-20.181093607439298,0.00215,4.1361114860438915e-05,
house-ky-5,HOUSE,KY,5,False,standard,Hal Rogers,R,-1,Ned Pillersdorf,Hal Rogers,,-64.66978795481056,-2.0,,-2.2413907177324863,-2.7840546020797727e-11,-0.0,0.0,0.0,-0.3585,-9.648092120026184e-12,,,,0.0,-60.75179166618003,-60.80819768953813,-67.99759861726247,-53.640100296065235,0.0001,5.761583277065637e-22,
house-ky-6,HOUSE,KY,6,False,standard,Andy Barr,,0,Zach Dembo,Ralph Alvarado,,-15.313409908980443,-1.0,,-0.0381893615737427,-0.0462978543242404,-0.0,0.0,0.0,0.0,0.0,5.0,-0.5932576457113922,0.19161317511437942,0.38587877060560133,-6.900547855603769,-4.477036442619639,-11.248270507412315,2.3352632040636343,0.19115,0.16986118388085641,0.47400658614500224
house-la-1,HOUSE,LA,1,False,jungle,Steve Scalise,R,-1,Lauren Jewett,Randall Arrington; Steve Scalise,,-38.94809735335349,-2.0,12.025910051031865,,0.0,-0.0,0.0,0.0,0.0,0.0,,,,0.0,-38.6697282701472,-38.73545095356944,-45.959609639370775,-31.41757124352291,0.0002,4.536316505687541e-10,
house-la-2,HOUSE,LA,2,False,jungle,Troy Carter,D,1,Troy Carter; Renada Collins,Peter Williams,,48.34454715461763,0.0,10.026227410449255,,0.0,0.0,0.0,0.0,0.0,0.0,,,,0.0,61.46043890570191,61.47319109389873,54.110446756937,68.61935667305083,1.0,1.0,
house-la-3,HOUSE,LA,3,False,jungle,Clay Higgins,R,-1,John Day; Priscilla Gonzalez; Tia LeBrun; Caleb Walker,Kate Cotten; Clay Higgins,,-36.49141918263314,-2.0,3.629297718232862,,0.0,-0.0,0.0,0.0,-0.0144999999999999,-5.3647799642632596e-05,,,,0.0,-31.50193280319192,-31.53604482520654,-38.78618509597978,-24.23792713434453,0.00065,2.732790067042781e-07,
house-la-4,HOUSE,LA,4,False,jungle,Mike Johnson,R,-1,Conrad Cable; Matt Gromlich,Gordon Heslop; Mike Johnson; Mike Nichols,,-34.66020705293809,-2.0,,-4.4286200430792935,-0.013684680536474154,-0.0,0.0,0.0,0.2215,0.002189168755820963,,,,0.0,-29.181331785901858,-29.238805112955404,-36.40216450885117,-21.944368418499177,0.0007,1.7109711829924976e-06,
house-la-5,HOUSE,LA,5,False,jungle,Julia Letlow,,0,Dan McKay; Patricia Moore; Antonio Wilson,Stewart Cathey Jr.; Misti Cordell; Omar Dantzler; Michael Echols; Gabe Firment; Austin Magee,,-34.46022314691452,0.0,,,0.0,0.0,0.0,0.0,0.0,0.0,,,,0.0,-26.663022414818315,-26.71670412384871,-35.057328077979555,-18.462784341503735,0.00235,0.00011203950397166662,
house-la-6,HOUSE,LA,6,False,jungle,Cleo Fields,,0,Pat Forbes; Lindsay Garcia,Monique Appeaning; Larry Davis; Rick Edmonds; Chris Johnson; Michael Mebruer; Blake Miguez; Stephen Wagley,,-30.628413524975773,-1.0,,,0.0,-0.0,0.0,0.0,0.0,0.0,,,,0.0,-22.70918678672416,-22.70591357826067,-31.03218883922247,-14.346325122997397,0.0046,0.0008368946238212336,
house-ma-1,HOUSE,MA,1,False,same_party,Richard Neal,D,1,Richard Neal,,D,13.91472962033623,0.0,,,,,,0.0,0.396,,,,,,,,,,1.0,,
house-ma-2,HOUSE,MA,2,False,same_party,Jim McGovern,D,1,Jim McGovern,,D,24.287252795533576,0.0,,,,,,0.0,-0.0569999999999999,,,,,,,,,,1.0,,
house-ma-3,HOUSE,MA,3,False,standard,Lori Trahan,D,1,Lori Trahan,Gary Grossi,,19.39223989927893,2.0,,4.602917822939294,0.010954540683444295,0.0,0.0,0.0,0.193,0.0015269412541534298,,,,0.0,29.72649591236402,29.67761756813347,22.51674030921386,36.94037733037583,0.9994,0.9999989920496221,
house-ma-4,HOUSE,MA,4,False,standard,Jake Auchincloss,D,1,Jake Auchincloss,Thomas Stalcup,,20.13118266529218,2.0,,5.765852177419516,0.008126297784361558,0.0,0.0,0.0,0.5090000000000001,0.0029873173577289135,,,,0.0,30.440179526454617,30.44309665254149,23.143892332142986,37.717247108684404,0.9993,0.999999431935009,
house-ma-5,HOUSE,MA,5,False,same_party,Katherine Clark,D,1,Katherine Clark,,D,46.346449490580284,0.0,,,,,,0.0,0.103,,,,,,,,,,1.0,,
house-ma-6,HOUSE,MA,6,False,standard,Seth Moulton,,0,Dan Koh,Micah Jones,,21.088680178889774,1.0,,2.3034776042991005,0.010999590249785817,0.0,0.0,0.0,0.095,0.000982897477357137,,,,0.0,29.068616648960102,28.954516007551753,20.792980399442357,37.49864980393158,0.99845,0.9999721222259572,
house-ma-7,HOUSE,MA,7,False,same_party,Ayanna Pressley,D,1,Ayanna Pressley,,D,65.14004345536927,0.0,,,,,,0.0,-0.2809999999999999,,,,,,,,,,1.0,,
house-ma-8,HOUSE,MA,8,False,standard,Stephen Lynch,D,1,Stephen Lynch,Robert Burke,,26.9861956166176,2.0,14.298747911823163,4.349485181727128,1.067541922548024e-05,0.0,0.0,0.0,0.266,2.0508666489839265e-06,,,,0.0,43.374614564682695,43.43089145877163,36.27431460063304,50.693985856394995,0.9998,0.9999999999980208,
house-ma-9,HOUSE,MA,9,False,standard,Bill Keating,D,1,Bill Keating,Tyler MacAllister,,10.942031882242684,1.0,,1.7503611501444836,0.11047323887318306,0.0,0.0,0.0,0.071,0.009709120074213552,,,,0.0,21.85839980550549,21.754634227095828,14.532437678277073,29.039913806391162,0.99765,0.9997590578320982,
house-md-1,HOUSE,MD,1,False,standard,Andy Harris,R,-1,Dan Schwartz,Andy Harris,,-17.30515700957555,-2.0,5.337279097997732,-1.4731728940375293,-0.8150405939112111,-0.0,0.0,0.0,-0.2704999999999999,-0.32425366364994573,1.0,-18.703777600643026,0.09000000000000001,0.3131966840257207,-13.78623344244368,-15.34255393140241,-21.752744484354626,-8.87678658458847,0.0056,0.013943182229725841,0.019609795869298643
house-md-2,HOUSE,MD,2,False,standard,Johnny Olszewski,D,1,Johnny Olszewski,Dave Wallace,,18.938218026002716,2.0,0.266000010762796,3.367159589513458,0.010478510117151795,0.0,0.0,0.0,0.7454999999999999,0.005641804488909812,,,,0.0,29.837592769212915,29.77567514320386,22.47866207005705,37.01930196365,0.99895,0.9999990738782224,
house-md-3,HOUSE,MD,3,False,standard,Sarah Elfreth,D,1,Sarah Elfreth,Berney Flowers,,24.49027443115774,2.0,-2.323935412135426,3.879679397517795,0.0018273148009122471,0.0,0.0,0.0,0.7745000000000002,0.0010221288373880536,,,,0.0,33.77877557884905,33.76233994343385,26.509091629801112,40.89987361338929,0.9993,0.9999999676079655,
house-md-4,HOUSE,MD,4,False,standard,Glenn Ivey,D,1,Glenn Ivey,George McDermott,,75.6651801829724,2.0,,3.716068236483568,8.246577588022665e-21,0.0,0.0,0.0,0.181,1.0780109480342961e-21,,,,0.0,83.0187499618215,83.0165234594878,75.76649995461987,90.26440330458291,1.0,1.0,
house-md-5,HOUSE,MD,5,False,standard,Steny Hoyer,,0,Adrian Boafo,Chris Chaffee,,34.05016724003836,1.0,,,0.0,0.0,0.0,0.0,0.0,0.0,,,,0.0,41.578185759259746,41.567748422631794,33.41405976559332,49.8612404868085,0.99975,0.9999999962347697,
house-md-6,HOUSE,MD,6,False,standard,April McClain Delaney,D,1,April McClain Delaney,Robin Ficker,,5.925898469147308,1.0,0.5356131365762353,3.371052092149576,0.5271998570965828,0.0,0.0,0.0,0.342,0.13021836470285597,,,,0.0,18.687719313215243,18.63634797634895,11.369083280282757,25.887470839838944,0.99365,0.9985720415060787,
house-md-7,HOUSE,MD,7,False,standard,Kweisi Mfume,D,1,Kweisi Mfume,Scott Collier,,60.49731735411945,2.0,4.389203584551454,3.8338822565503943,1.0267864349452066e-14,0.0,0.0,0.0,0.124,9.195442961842628e-16,,,,0.0,69.79334877486835,69.75611159943816,62.48510295633446,76.84272893689737,1.0,1.0,
house-md-8,HOUSE,MD,8,False,standard,Jamie Raskin,D,1,Jamie Raskin,Cheryl Riley,,58.05566151736721,2.0,-0.0059471840819389,5.622304673504999,8.410298970979356e-13,0.0,0.0,0.0,0.0205000000000001,1.245191486536672e-14,,,,0.0,65.08996818726776,65.0567954730807,57.8290436804032,72.27501121292578,0.99995,1.0,
house-me-1,HOUSE,ME,1,False,standard,Chellie Pingree,D,1,Chellie Pingree,Ronald Russell,,22.08301794249629,2.0,1.5056209434328922,1.8930307861271725,0.003112020722599439,0.0,0.0,0.0,-0.3235,-0.0011522618688861906,1.0,21.013743972414506,0.08,0.3897823872495243,31.590591506787987,27.489946084716543,21.570508089320985,33.48373521133655,0.9998,0.9999997819962063,0.9967525918636296
house-me-2,HOUSE,ME,2,False,standard,Jared Golden,,0,Matthew Dunlap,Paul LePage,,-9.23471064196821,-1.0,,-0.6957075364858891,-1.1686706524813355,-0.0,0.0,0.0,0.0,0.0,8.0,0.9869125208649612,0.030097307593489882,0.575071436017507,-1.2892523625238053,0.1446850713090332,-5.877625239320132,5.979852950841256,0.5139,0.4291877378536849,0.5627757827776284
house-mi-1,HOUSE,MI,1,False,standard,Jack Bergman,R,-1,Callie Barr,Jack Bergman,,-21.519722425890762,-2.0,0.2316726756453766,-0.8898274179139831,-0.36709841766771045,-0.0,0.0,0.0,-0.3004999999999999,-0.26860451434144234,,,,0.0,-14.855532524637942,-14.914874570369083,-22.178317075638738,-7.611349960869362,0.0119,0.008892305563840469,
house-mi-2,HOUSE,MI,2,False,standard,John Moolenaar,R,-1,Ben Ambrose,John Moolenaar,,-30.540216196830155,-2.0,3.8770253670758894,-3.3498424879426896,-0.05530241109371639,-0.0,0.0,0.0,-0.1514999999999999,-0.006051005480504132,,,,0.0,-25.552090143206808,-25.541752917592454,-32.63930547771684,-18.334568952357618,0.00105,2.360170373159079e-05,
house-mi-3,HOUSE,MI,3,False,standard,Hillary Scholten,D,1,Hillary Scholten,Terri DeBoer,,7.972385433101784,2.0,2.3010195922239145,1.6256937267342797,0.2340019293077182,0.0,0.0,0.0,-0.0779999999999999,-0.024325815744178112,,,,0.0,19.02005159540614,18.941140612652077,11.813010004135448,26.292322743018396,0.9953,0.9988042351500488,
house-mi-4,HOUSE,MI,4,False,standard,Bill Huizenga,R,-1,Sean McCann,Bill Huizenga,,-5.621377887750186,-1.0,6.147840019606269,-0.5010513514334808,-0.8415864148958146,-0.0,0.0,0.0,0.0155,0.056407945052720454,4.0,-2.0833618262033347,0.07000269531512861,0.375439980722938,-0.9605950190115425,-1.3638774124402935,-7.511188861981003,4.715399543206328,0.3803,0.4390171820335314,0.39684952160273723
house-mi-5,HOUSE,MI,5,False,standard,Tim Walberg,R,-1,Christian Vukasovich,Tim Walberg,,-27.40917258410124,-2.0,5.9077309581649216,-3.533420937766253,-0.11288386987288639,-0.0,0.0,0.0,0.0665,0.005421561416950572,,,,0.0,-23.496080374293328,-23.481405209472648,-30.751525634110568,-16.293810954118563,0.0017,9.115891670846441e-05,
house-mi-6,HOUSE,MI,6,False,standard,Debbie Dingell,D,1,Debbie Dingell,Heather Smiley,,23.922767554940073,2.0,4.0544345737160805,,0.0,0.0,0.0,0.0,0.4305,0.00035326331860656424,,,,0.0,34.77442476384815,34.80285550658384,27.576167412335053,41.97254967790597,0.99945,0.9999999867150567,
house-mi-7,HOUSE,MI,7,False,standard,Tom Barrett,R,-1,William Lawrence,Tom Barrett,,-1.303857115880356,-2.0,2.410882391128948,-1.7382445669946092,-2.542374585801151,-0.0,0.0,0.0,0.2015,0.6385513248979202,2.0,-1.6984669135945973,0.042466584014603875,0.4340406232134685,2.5631919666022185,0.6664837421912779,-5.094269150935731,6.63065096229717,0.5603,0.658784662745424,0.4055511919221104
house-mi-8,HOUSE,MI,8,False,standard,Kristen McDonald Rivet,D,1,Kristen McDonald Rivet,Thomas Smith,,-2.009144166793344,2.0,9.05853067314203,5.09832166479946,0.9567089908397501,0.0,0.0,0.0,-0.0809999999999999,-0.05596747596412532,,,,0.0,16.369398292224133,16.36130999220329,9.070173150836098,23.842618097603477,0.99225,0.9954896600358372,
house-mi-9,HOUSE,MI,9,False,standard,Lisa McClain,R,-1,Ray Pooley,Lisa McClain,,-32.77545908113034,-2.0,5.805455279935123,-5.273263460476266,-0.015532221831333971,-0.0,0.0,0.0,-0.0224999999999999,-0.00025239860475917593,,,,0.0,-28.87134269960383,-28.888354735013458,-36.16009933448004,-21.6939757707132,0.0008,2.189177728564187e-06,
house-mi-10,HOUSE,MI,10,False,standard,John James,,0,Christina Hines,Mike Bouchard,,-6.684831205554229,0.0,,-0.1521755647335265,-0.24247209384360424,0.0,0.0,0.0,0.0,0.0,2.0,-3.4570420614384085,0.10000107097153631,0.38535024108173815,2.5186246981181397,0.1952119723882556,-6.569395909622009,6.998375044104844,0.5151,0.636203488979082,0.35103437130372905
house-mi-11,HOUSE,MI,11,False,standard,Haley Stevens,,0,Jeremy Moss,Ethan Baker,,16.423294509151415,-1.0,,2.19675704633931,0.05603771587113329,-0.0,0.0,0.0,0.0,0.0,,,,0.0,24.612114543582393,24.63252092540941,16.30102464911712,32.79949511474498,0.99665,0.9996751884949101,
house-mi-12,HOUSE,MI,12,False,standard,Rashida Tlaib,D,1,Rashida Tlaib,James Hooper,,39.897191011235954,2.0,6.740255373846851,5.340050291667084,4.623630462398753e-08,0.0,0.0,0.0,-0.0714999999999999,-2.3875913971109084e-09,,,,0.0,51.62358527950531,51.61902197632136,44.54680769504952,58.82318981047409,1.0,1.0,
house-mi-13,HOUSE,MI,13,False,standard,Shri Thanedar,,0,Donavan McKinney,T. P. Nykoriak,,41.99678274964389,1.0,,,0.0,0.0,0.0,0.0,0.0,0.0,,,,0.0,49.178598308349876,49.254739225818625,41.00494871206409,57.47743020615074,0.9997,0.9999999999962698,
house-mn-1,HOUSE,MN,1,False,standard,Brad Finstad,R,-1,Jake Johnson,Brad Finstad,,-12.233713055803454,-2.0,4.75157807356985,-0.0817357309336514,-0.09918096823680894,-0.0,0.0,0.0,-0.0124999999999999,-0.032863855163425305,3.0,-4.759634369517765,0.07000016414491037,0.34486052224418406,-6.97666325756686,-6.1576141136900855,-12.319495030626591,0.023113060055595894,0.10075,0.13274582316192518,0.28716933210493234
house-mn-2,HOUSE,MN,2,False,standard,Angie Craig,,0,Matt Little,Eric Pratt,,5.9507367864820395,0.0,,0.5706436769766289,0.19857009409070947,0.0,0.0,0.0,0.0,0.0,2.0,6.593237018993606,0.08098246818653601,0.44404008590972055,15.255661215513095,11.447458026429866,4.7831770683601516,17.94903036577764,0.97855,0.9826309311068748,0.7941890161740747
house-mn-3,HOUSE,MN,3,False,standard,Kelly Morrison,D,1,Kelly Morrison,Tyler Bass,,21.720150444274704,2.0,-4.60252185814226,,0.0,0.0,0.0,0.0,0.0,0.0,,,,0.0,29.837348926446214,29.880278727563855,22.574820512963765,37.03570657285713,0.999,0.99999909107618,
house-mn-4,HOUSE,MN,4,False,standard,Betty McCollum,D,1,Betty McCollum,Paul Wikstrom,,36.46698138802974,2.0,-1.6101802176268754,3.83215516867897,8.503154907013435e-06,0.0,0.0,0.0,0.131,8.044929337024379e-07,,,,0.0,43.750632511248774,43.79145228019449,36.589152742941046,51.11614549557278,0.99995,0.999999999998925,
house-mn-5,HOUSE,MN,5,False,standard,Ilhan Omar,D,1,Ilhan Omar,John Nagel,,63.542984491902445,2.0,-13.069564180094382,2.1154608785306404,3.6915368154844115e-12,0.0,0.0,0.0,-0.3,-1.1342676928781188e-12,,,,0.0,63.03489862552029,63.03378159291187,55.83023937779542,70.23845354113595,0.99995,1.0,
house-mn-6,HOUSE,MN,6,False,standard,Tom Emmer,R,-1,Doug Chapin,Tom Emmer,,-20.06608890237427,-2.0,4.8763389132086905,-3.231449164368663,-0.997358883111145,-0.0,0.0,0.0,-0.0674999999999999,-0.04862124555166824,,,,0.0,-16.31972556892526,-16.288212908637863,-23.562344091624173,-8.97267099125723,0.0084,0.004630270577922482,
house-mn-7,HOUSE,MN,7,False,standard,Michelle Fischbach,R,-1,Erik Osberg,Michelle Fischbach,,-37.09774237198466,-2.0,3.82631766493813,-1.6051921295735947,-0.001978076468662636,-0.0,0.0,0.0,0.0874999999999999,0.00023362332994799148,,,,0.0,-32.240605160073,-32.1693500954931,-39.47393686605649,-25.029334030706877,0.0005,1.484494404093662e-07,
house-mn-8,HOUSE,MN,8,False,standard,Pete Stauber,R,-1,Trina Swanson,Pete Stauber,,-14.531388413157739,-2.0,1.43447499278819,-2.0479487256838023,-2.3182641609672228,-0.0,0.0,0.0,-0.0135,-0.03311080295023013,,,,0.0,-9.891479879425848,-9.868807568467059,-17.23316202156249,-2.505944801296785,0.04995,0.057241932301263454,
house-mo-1,HOUSE,MO,1,False,standard,Wesley Bell,D,1,Wesley Bell,Paul Berry,,58.18768172722622,2.0,2.9716294497426725,,0.0,0.0,0.0,0.0,0.894,1.7059746335093784e-14,,,,0.0,68.81138279070477,68.82649822504399,61.51407578685999,75.92573833154589,1.0,1.0,
house-mo-2,HOUSE,MO,2,False,standard,Ann Wagner,R,-1,Fred Wellman,Ann Wagner,,-8.036578251263439,-2.0,4.207181997151738,-1.7513577826849565,-2.875589620622756,-0.0,0.0,0.0,0.0934999999999999,0.33262565559357454,2.0,-2.0340893975024756,0.14999999999999997,0.332104563591823,-4.3599802405979515,-3.5505768676318494,-9.828968901311136,2.6948901734441733,0.22795,0.24321683995733195,0.40779269935218593
house-mo-3,HOUSE,MO,3,False,standard,Bob Onder,R,-1,Bethany Mann,Bob Onder,,-27.09880132670149,-2.0,-0.2974415771232381,-2.721599347768508,-0.17815019737341853,-0.0,0.0,0.0,-0.1494999999999999,-0.02120290708715835,,,,0.0,-21.81648556148999,-21.754563524734806,-29.045373668796074,-14.488282693574567,0.00285,0.0002536162857349998,
house-mo-4,HOUSE,MO,4,False,standard,Mark Alford,R,-1,Jordan Herrera,Mark Alford,,-42.811354448074596,-2.0,2.882068726654942,-3.539218868419995,-0.00026542040699529466,-0.0,0.0,0.0,-0.1125,-2.1565408068367696e-05,,,,0.0,-37.66500037471478,-37.770366991644266,-44.97901635856567,-30.50960762103497,0.0002,1.1167080512428486e-09,
house-mo-5,HOUSE,MO,5,False,standard,Emanuel Cleaver,D,1,Emanuel Cleaver,Rick Brattin,,23.50937224201861,1.0,1.2184126690067822,1.874106207615429,0.0017813900910518727,0.0,0.0,0.0,0.3075,0.0006332891611694906,,,,0.0,32.81596853106319,32.818714709235735,25.590460752778192,39.905217974057024,0.99945,0.9999999239493879,
house-mo-6,HOUSE,MO,6,False,standard,Sam Graves,,0,Josh Smead,Chris Stigall,,-39.31892471811242,0.0,,-1.862502483332656,-0.002914330194584871,0.0,0.0,0.0,0.0,0.0,,,,0.0,-31.70388480424121,-31.64765643687714,-39.84853753585311,-23.34711197111441,0.00105,5.715291787144995e-06,
house-mo-7,HOUSE,MO,7,False,standard,Eric Burlison,R,-1,Missi Hesketh,Eric Burlison,,-43.124014394889,0.0,3.03776442543215,-3.3818441974007443,-0.00021369752568374032,0.0,0.0,0.0,0.0775000000000001,1.1961125395909369e-05,,,,0.0,-38.07700738103772,-38.07194687081328,-45.29745511577991,-30.744333041096677,0.00025,7.499060150512211e-10,
house-mo-8,HOUSE,MO,8,False,standard,Jason Smith,R,-1,Chris Reichard,Jason Smith,,-54.60781455423596,-2.0,0.7571927791819908,-5.642867503322933,-3.1047186521025866e-07,-0.0,0.0,0.0,0.0164999999999999,3.6997897270888937e-09,,,,0.0,-48.895514652692405,-48.90465855179575,-56.06062425721443,-41.8208055969038,0.0,4.790185951717935e-15,
house-ms-1,HOUSE,MS,1,False,standard,Trent Kelly,R,-1,Cliff Johnson,Trent Kelly,,-37.53256379062851,-2.0,1.961787866264081,-1.0758979445378716,-0.0017107734743482732,-0.0,0.0,0.0,-0.0495000000000001,-0.00017053704401551086,,,,0.0,-31.66632997109665,-31.669666182522885,-38.868585982038994,-24.41533861556405,0.00065,2.368475479641641e-07,
house-ms-2,HOUSE,MS,2,False,standard,Bennie Thompson,D,1,Bennie Thompson,Ron Eller,,20.573389722299627,2.0,3.580985900573041,3.1477987759962702,0.005675441399594067,0.0,0.0,0.0,0.6975000000000001,0.0028590036050455112,,,,0.0,31.27541588579468,31.268309109184365,23.965640424441197,38.474476223306866,0.99925,0.9999997134630612,
house-ms-3,HOUSE,MS,3,False,standard,Michael Guest,R,-1,Michael Chiaradio,Michael Guest,,-29.463344005292292,-2.0,,-2.045235290297825,-0.06702577998705138,-0.0,0.0,0.0,-0.0115,-0.0008165608260003694,,,,0.0,-23.878045637079804,-23.88751108570554,-31.246448357770134,-16.589757239440175,0.00165,7.109627196514111e-05,
house-ms-4,HOUSE,MS,4,False,standard,Mike Ezell,R,-1,Jeffrey Hulum III,Mike Ezell,,-42.99199812853909,-1.0,4.783732566765081,-3.0353314029711926,-0.00013767962732536395,-0.0,0.0,0.0,-0.0974999999999999,-9.694940424161036e-06,,,,0.0,-38.89937816484205,-38.94016950280249,-46.180498496017634,-31.65544440912437,0.00035,3.391334253638984e-10,
house-mt-1,HOUSE,MT,1,False,standard,Ryan Zinke,,0,Sam Forstag,Aaron Flint,,-11.922412494511375,0.0,,0.0635156786567131,0.09962277782877385,0.0,0.0,0.0,0.0,0.0,6.0,-1.8760287929689772,0.10566841874674159,0.4772602788309745,-3.045424650272148,-2.4454548963299,-8.837975928073202,3.8106997609142144,0.3054,0.33673466803628205,0.402084744860613
house-mt-2,HOUSE,MT,2,False,standard,Troy Downing,R,-1,Brian Miller,Troy Downing,,-30.507838926964144,-2.0,1.3480660134091798,-4.276495910059555,-0.04565678595439006,-0.0,0.0,0.0,0.2555,0.008424945252639255,1.0,-20.185331340489075,0.26,0.2360524844683545,-26.063705138328036,-24.62202603527247,-31.22627255191975,-18.15960215023861,0.00035,1.6661571227208894e-05,0.03261066083723851
house-nc-1,HOUSE,NC,1,False,standard,Don Davis,D,1,Don Davis,Laurie Buckhout,,-11.640982218458934,2.0,5.026946521719204,0.1786801306703458,0.2992380920971437,0.0,0.0,0.0,0.3215000000000001,1.1665777659291212,4.0,3.801959702772225,0.07184055700290236,0.39819576298985526,2.13947132453992,2.805695510785789,-3.345286295161505,8.790791498137095,0.72185,0.633596501583873,0.6919793465516726
house-nc-2,HOUSE,NC,2,False,standard,Deborah Ross,D,1,Deborah Ross,Eugene Douglass,,34.43506519240677,2.0,1.126980153367172,,0.0,0.0,0.0,0.0,0.4135,3.319357381622968e-06,,,,0.0,43.307578164574515,43.303578780581276,36.09594599383193,50.53219539690156,0.99995,0.9999999999981439,
house-nc-3,HOUSE,NC,3,False,standard,Greg Murphy,R,-1,Raymond Smith Jr.,Greg Murphy,,-13.756454677871803,-1.0,,-2.7768693520994554,-3.166966312527325,-0.0,0.0,0.0,-0.1294999999999999,-0.3199999178396584,1.0,-6.021331452897076,0.15,0.2737198799983474,-10.95540051201946,-9.626129793768467,-16.118140095256145,-3.012028886482291,0.0363,0.040251929389027684,0.27249869950592615
house-nc-4,HOUSE,NC,4,False,standard,Valerie Foushee,D,1,Valerie Foushee,Max Ganorkar,,46.06391998673297,2.0,0.726365233790994,3.1214903757679835,7.043630658194117e-09,0.0,0.0,0.0,0.022,1.1191546490241763e-10,,,,0.0,54.184415991049654,54.19745973768822,47.053744374863555,61.37653802184102,1.0,1.0,
house-nc-5,HOUSE,NC,5,False,standard,Virginia Foxx,R,-1,Chuck Hubbard,Virginia Foxx,,-17.953183297610543,-2.0,0.9004566182576133,-2.382014743822398,-1.7569224344162957,-0.0,0.0,0.0,-0.4265,-0.6815838331035016,,,,0.0,-13.32599716778791,-13.38589570128557,-20.648491984427952,-6.070120137171858,0.01735,0.016759965699574365,
house-nc-6,HOUSE,NC,6,False,standard,Addison McDowell,R,-1,Cyril Jefferson,Addison McDowell,,-17.37132543617617,0.0,,-1.8159916883842968,-1.248852782350681,0.0,0.0,0.0,-0.0115,-0.017135127155376143,,,,0.0,-12.607099860835044,-12.671124809763011,-19.934587487734614,-5.264904044091669,0.0216,0.022148351142749326,
house-nc-7,HOUSE,NC,7,False,standard,David Rouzer,R,-1,Kimberly Hardy,David Rouzer,,-13.94974512852853,-2.0,3.0371662790510188,-2.4114259874364383,-2.6581246223995434,-0.0,0.0,0.0,-0.0484999999999999,-0.11583378349260409,1.0,-10.581734842263971,0.16,0.26084324797879693,-10.563716762054238,-10.534550072237288,-17.08141019387972,-4.12027959852845,0.0242,0.04595568161218511,0.15132937613093014
house-nc-8,HOUSE,NC,8,False,standard,Mark Harris,R,-1,Colby Watson,Mark Harris,,-19.58539183387993,-2.0,-0.5226098593041444,-2.9714893398474422,-1.3388761357520083,-0.0,0.0,0.0,0.2424999999999999,0.23673914184813596,,,,0.0,-14.868320906316727,-14.910300422192647,-22.375914659757008,-7.665118424742065,0.01155,0.008857741734511097,
house-nc-9,HOUSE,NC,9,False,standard,Richard Hudson,R,-1,Richard Ojeda,Richard Hudson,,-16.01098912732778,-1.0,3.562598698207295,-0.5658622958580318,-0.4550601447739783,-0.0,0.0,0.0,-0.0055,-0.009583250374251992,1.0,-11.19238111789328,0.11999999999999998,0.2783814165192561,-10.7644954853808,-10.934227906128795,-17.36015945845977,-4.44556246982909,0.02105,0.04293216156566696,0.12750280873994402
house-nc-10,HOUSE,NC,10,False,standard,Pat Harrigan,R,-1,Ashley Bell,Pat Harrigan,,-17.90491390090454,-2.0,2.14373170993112,-2.820939655170511,-1.3415897915992487,-0.0,0.0,0.0,0.2195,0.22617915412876025,1.0,-9.87345169093672,0.11,0.05921523885919615,-14.596108900619642,-14.192176953083903,-21.45486477873667,-7.118023331308939,0.01275,0.009961322976701806,0.3403803817716741
house-nc-11,HOUSE,NC,11,False,standard,Chuck Edwards,,0,Jamie Ager,Jennifer Balkcom,,-9.615756470815723,-1.0,,,0.0,-0.0,0.0,0.0,0.0,0.0,1.0,-1.743830446659576,0.09,0.36423831570265175,-0.5520731788457531,-0.9514444134048422,-7.896315324194171,5.898099275313025,0.42655,0.46952317273919286,0.42681908883769376
house-nc-12,HOUSE,NC,12,False,standard,Alma Adams,D,1,Alma Adams,Jack Codiga,,47.05490301304412,2.0,1.1270365772888915,2.921350717741225,2.838354386214672e-09,0.0,0.0,0.0,-0.0869999999999999,-1.8314466611360777e-10,,,,0.0,55.34443877563106,55.352885932518795,48.24394137687945,62.4770346995637,0.99995,1.0,
house-nc-13,HOUSE,NC,13,False,standard,Brad Knott,R,-1,Paul Barringer,Brad Knott,,-16.650008567022674,-2.0,0.4560768947753066,-0.3592015682133619,-0.25135157184294,-0.0,0.0,0.0,0.0774999999999999,0.11749981581434421,,,,0.0,-11.364113493076145,-11.314261974334851,-18.60613266481983,-3.9525094029044516,0.0313,0.034897788057696104,
house-nc-14,HOUSE,NC,14,False,standard,Tim Moore,R,-1,Lakesha Womack,Tim Moore,,-15.227341475872397,-2.0,0.789457935210705,-4.191631695878629,-2.5531542479413045,-0.0,0.0,0.0,-0.2845,-0.5246022770006064,1.0,-2.859981925870325,0.11999999999999998,0.057020132818494114,-12.973766828951042,-12.395510272783444,-19.546191802960482,-5.240911750579097,0.02235,0.01926077917830802,0.4535688156094906
house-nd-al,HOUSE,ND,0,False,standard,Julie Fedorchak,R,-1,Trygve Hammer,Julie Fedorchak,,-37.392986132786376,0.0,1.5166580299915813,-2.306827077689307,-0.0018074546902580276,0.0,0.0,0.0,-0.1165,-0.00019777455036766782,,,,0.0,-33.23681165278871,-33.2220899056726,-40.51772145104629,-25.87648109700227,0.00035,6.424622601126693e-08,
house-ne-1,HOUSE,NE,1,False,standard,Mike Flood,R,-1,Chris Backemeyer,Mike Flood,,-13.228325882116762,0.0,6.85585176481844,-1.4734707971875542,-1.392731012190094,0.0,0.0,0.0,-0.1254999999999999,-0.25701681711023294,3.0,0.37720417052258065,0.06136216523309833,0.4209458747321095,-10.750368723420312,-6.1456676397691155,-11.969745048389688,-0.10040379448970145,0.09605,0.04316663617199614,0.5210069416094409
house-ne-2,HOUSE,NE,2,False,standard,Don Bacon,,0,Denise Powell,Brinker Harding,,4.684329452129328,-1.0,,0.3401203134819927,0.1474616311684743,-0.0,0.0,0.0,0.0,0.0,1.0,3.923847086832378,0.12,0.37764836602666335,14.113550146477882,10.279548526621983,3.56961448506583,17.130539572298982,0.9673,0.9745991957579019,0.6659452495185818
house-ne-3,HOUSE,NE,3,False,standard,Adrian Smith,R,-1,Becky Stille,Adrian Smith,,-54.43078179590726,-2.0,6.281908983757716,-3.5634760152249814,-4.232351654402254e-08,-0.0,0.0,0.0,-0.0905,-2.7663120674468066e-09,,,,0.0,-51.74676208750128,-51.75724741024915,-58.909163599260765,-44.4752089445688,0.0001,1.4022359064450146e-16,
house-nh-1,HOUSE,NH,1,False,standard,Chris Pappas,,0,Stefany Shaheen,Anthony DiLorenzo,,2.01995452407088,1.0,,-0.02745650817707,-0.01804389710708414,0.0,0.0,0.0,0.0,0.0,1.0,3.1118198617425694,0.12,0.42424166932558766,11.607655616095233,7.994770896090971,1.3902887032424565,14.559937207594567,0.93385,0.9458745238138261,0.6455299286349339
house-nh-2,HOUSE,NH,2,False,standard,Maggie Goodlander,D,1,Maggie Goodlander,Lily Tang Williams,,3.626907261452192,2.0,2.4630204395387385,1.1004297771301996,0.24247855699199627,0.0,0.0,0.0,0.2975000000000001,0.14203326716164005,8.0,19.319461649603447,0.10056995912721194,0.41263867648842983,17.487507775116832,18.294247255251506,12.305120465974177,24.21138573275128,0.99855,0.9973708192221995,0.9955658826314778
house-nj-1,HOUSE,NJ,1,False,standard,Donald Norcross,D,1,Donald Norcross,Damon Galdo,,19.018716043787666,2.0,-0.6562314713287689,4.573836065745343,0.02709524283099859,0.0,0.0,0.0,1.0475,0.02049830384728463,,,,0.0,27.479612417749216,27.55761927722954,20.216141475225474,34.91372149010481,0.9988,0.9999944230884663,
house-nj-2,HOUSE,NJ,2,False,standard,Jeff Van Drew,R,-1,Zack Mullock,Jeff Van Drew,,-12.73536038103531,0.0,4.1645729131194384,-2.213969712600671,-2.6267353830628504,0.0,0.0,0.0,0.1605000000000001,0.41258343520296537,,,,0.0,-9.291498960006988,-9.296659741955615,-16.552668695603572,-1.8556869535248874,0.05855,0.0690916408455144,
house-nj-3,HOUSE,NJ,3,False,standard,Herb Conaway,D,1,Herb Conaway,Michael McGuire,,8.495531888848085,2.0,0.3985928017944582,2.302732629859251,0.22869258722003216,0.0,0.0,0.0,0.158,0.03399834382702212,,,,0.0,20.443633275721567,20.4263723343608,13.17681266114435,27.80747183001263,0.99665,0.9994503245570029,
house-nj-4,HOUSE,NJ,4,False,standard,Chris Smith,R,-1,Rachel Peace,Chris Smith,,-30.53695687107094,-2.0,5.412096666495109,-2.87931398118424,-0.03921749780511714,-0.0,0.0,0.0,-0.6265000000000001,-0.018488600233773217,,,,0.0,-26.38937617244351,-26.379968343723327,-33.57603825281647,-19.013952419179056,0.00155,1.3305308900695954e-05,
house-nj-5,HOUSE,NJ,5,False,standard,Josh Gottheimer,D,1,Josh Gottheimer,Sean Kirrane,,1.5426974936227071,2.0,10.108780542572298,5.764249222090967,0.6018351440023251,0.0,0.0,0.0,0.5660000000000001,0.24601683275383937,,,,0.0,18.34143946652448,18.435685579985588,11.179327691812233,25.811771080326846,0.99535,0.9982837809131255,
house-nj-6,HOUSE,NJ,6,False,standard,Frank Pallone,D,1,Frank Pallone,Hillary Herzig,,6.589506910899613,2.0,9.844926059860338,5.136164539520171,0.1879913091053939,0.0,0.0,0.0,0.309,0.04195339381535374,,,,0.0,21.99188970687712,22.0714361941613,14.741714941894713,29.368396033113086,0.9975,0.999775285374308,
house-nj-7,HOUSE,NJ,7,False,standard,Thomas Kean Jr.,R,-1,Rebecca Bennett,Thomas Kean Jr.,,-1.1969676211353153,-2.0,4.184102499735708,-0.1760146501612592,-0.2386213947624137,-0.0,0.0,0.0,-0.4455,-1.308580286262531,2.0,4.506318098892924,0.10997898920063202,0.36099052809900883,4.010273513953133,4.282254746327241,-2.012489800727166,10.439861540790805,0.81135,0.7389747623098131,0.7092993551371869
house-nj-8,HOUSE,NJ,8,False,same_party,Rob Menendez,D,1,Rob Menendez,,D,24.811967664433183,0.0,1.4689350950109177,,,,,0.0,0.468,,,,,,,,,,1.0,,
house-nj-9,HOUSE,NJ,9,False,standard,Nellie Pou,D,1,Nellie Pou,Rosie Pino,,-1.1707415175108455,1.0,6.356050412977262,1.88193531688059,0.6878238182432551,0.0,0.0,0.0,0.346,0.2739937895055071,,,,0.0,15.78226464528244,15.862584330388998,8.477510616041728,23.09064070101068,0.9901,0.9940970243662679,
house-nj-10,HOUSE,NJ,10,False,standard,LaMonica McIver,D,1,LaMonica McIver,Carmen Bucco,,51.66747780945097,2.0,2.433459933561772,4.468671940968306,9.225558345138404e-12,0.0,0.0,0.0,-0.7625,-5.0804637275658025e-12,,,,0.0,62.38436283073756,62.449627492625,55.220429522269086,69.67049298474824,0.99995,1.0,
house-nj-11,HOUSE,NJ,11,False,standard,Analilia Mejia,D,1,Analilia Mejia,Joe Hathaway,,8.896444150169497,0.0,,-0.075501282829264,-0.008077553814179997,0.0,0.0,0.0,0.0,0.0,,,,0.0,19.90561190341654,19.949132084419155,12.748452744117417,27.21280237667454,0.9966,0.9992593185398244,
house-nj-12,HOUSE,NJ,12,False,standard,Bonnie Watson Coleman,,0,Adam Hamawy,Gregg Mele,,24.53718857974177,0.0,,2.7032364785647616,0.003099382729547265,0.0,0.0,0.0,0.0255,6.334662067685766e-05,,,,0.0,32.40270906205599,32.47446965898848,24.258820046539444,40.81572168743581,0.99905,0.9999965190362186,
house-nm-1,HOUSE,NM,1,False,standard,Melanie Stansbury,D,1,Melanie Stansbury,Didi Okpareke,,12.99640454650893,2.0,-0.1351058694813423,2.545098087771315,0.14894174192563034,0.0,0.0,0.0,-0.1649999999999999,-0.020921265468805465,,,,0.0,22.115095678362845,22.167589932649413,14.868911684388111,29.50663535326705,0.99705,0.9997945694344067,
house-nm-2,HOUSE,NM,2,False,standard,Gabe Vasquez,D,1,Gabe Vasquez,Greg Cunningham,,-1.8466859656378058,2.0,6.128641962690037,1.102888155146477,0.6746765559479344,0.0,0.0,0.0,-0.1959999999999999,-0.25978395248474095,2.0,2.912773628297336,0.11005846545564889,0.3610398847190271,12.476223916711403,9.10241388242138,2.8988930096445666,15.15582867744209,0.9651,0.9767549988215951,0.6393224025512424
house-nm-3,HOUSE,NM,3,False,standard,Teresa Leger Fernandez,,0,Teresa Leger Fernández,Martin Zamora,,5.320573111539808,1.0,,1.3384049583296245,0.5206084733511341,0.0,0.0,0.0,-0.1549999999999999,-0.13063137421822807,,,,0.0,14.904667264764974,14.937460357724973,6.718719973978469,23.22617027205721,0.9787,0.9804298122888907,
house-nv-1,HOUSE,NV,1,False,standard,Dina Titus,D,1,Dina Titus,Carrie Buck,,2.3001314794627863,1.0,5.603080209551462,-0.0039612007823134,-0.0012018804239085842,0.0,0.0,0.0,-0.0569999999999999,-0.03747152454767094,,,,0.0,15.6600311801382,15.684736330328082,8.390106803001508,23.014224785655845,0.99,0.99377629791299,
house-nv-2,HOUSE,NV,2,False,standard,Mark Amodei,,0,Teresa Benitez-Thompson,David Flippo,,-14.269321190402676,0.0,,-2.081902387467621,-2.7851738120312404,0.0,0.0,0.0,0.3605,1.044935083464811,3.0,-1.8966813454504252,0.1779571136384958,0.4034486321332573,-7.467214018075926,-5.181040029677461,-11.848028404740493,1.540586082226748,0.15715,0.1507967877397006,0.41396705683005164
house-nv-3,HOUSE,NV,3,False,standard,Susie Lee,D,1,Susie Lee,Martin O'Donnell,,-0.7494067306702425,2.0,3.617845519200176,0.2737094067273298,0.17578262293718383,0.0,0.0,0.0,0.3925000000000002,0.5461575984675031,,,,0.0,12.489362223553151,12.48309279796582,5.267969021937992,19.784111836330563,0.97985,0.9768784415235728,
house-nv-4,HOUSE,NV,4,False,standard,Steven Horsford,D,1,Steven Horsford,Cody Whipple,,2.359334791654918,2.0,6.082326887381565,1.3478409277054328,0.381418532622369,0.0,0.0,0.0,0.1159999999999999,0.07112352001529317,,,,0.0,16.46773588784933,16.43308510035469,9.172192782150994,23.75714404537547,0.99265,0.9957044725065732,
house-ny-1,HOUSE,NY,1,False,standard,Nick LaLota,R,-1,Chris Gallant,Nick LaLota,,-10.19098649580888,0.0,0.1150856651121694,-1.9182069368577728,-3.1338122110883178,0.0,0.0,0.0,-0.3095,-1.0955451146448048,1.0,-7.47968873014824,0.21000000000000002,0.004249619156478768,-6.234989013603951,-6.278946989212999,-13.476078584318227,1.0522661897519132,0.1314,0.15983336512701726,0.467578684488225
house-ny-2,HOUSE,NY,2,False,standard,Andrew Garbarino,R,-1,Patrick Halpin,Andrew Garbarino,,-14.07654671761222,-1.0,5.3370012983088335,-2.382738044101273,-2.225965786109497,-0.0,0.0,0.0,-0.5135,-1.039380909003691,,,,0.0,-12.458107832806864,-12.449787057962869,-19.75863080946201,-5.165993300036465,0.0247,0.02345832337725501,
house-ny-3,HOUSE,NY,3,False,standard,Tom Suozzi,D,1,Tom Suozzi,Mike LiPetri,,-4.3468453348013485,1.0,8.046994457016226,1.5842487786789468,0.9047963534196097,0.0,0.0,0.0,-0.1234999999999999,-0.15282222558362962,,,,0.0,13.216673495599077,13.271923546807992,5.971096824565008,20.538049981227854,0.9823,0.9825140653277858,
house-ny-4,HOUSE,NY,4,False,standard,Laura Gillen,D,1,Laura Gillen,Jeanine Driscoll,,1.2928081522715966,2.0,1.125822512392883,2.901899652082301,1.1819020014453816,0.0,0.0,0.0,0.36,0.3176827842637103,,,,0.0,15.784295077506385,15.78583724206597,8.594350481149398,23.108249569971182,0.9915,0.9941112213343469,
house-ny-5,HOUSE,NY,5,False,standard,Gregory Meeks,D,1,Gregory Meeks,George Marsh,,42.80056553350199,0.0,6.95871981176503,5.100909761411157,5.503698736879875e-09,0.0,0.0,0.0,0.53,2.1066935720612413e-09,,,,0.0,54.511248607776196,54.51144105480129,47.34240763082048,61.66433974926178,0.9999,1.0,
house-ny-6,HOUSE,NY,6,False,standard,Grace Meng,D,1,Grace Meng,Joseph Chou,,6.526551363448394,0.0,17.034007473833675,3.292268395120239,0.05204438403246119,0.0,0.0,0.0,-2.0685,-0.07774997271249431,,,,0.0,25.6359639461261,25.62228169285752,18.326779709426983,32.92720420183524,0.9987,0.999978312546487,
house-ny-7,HOUSE,NY,7,False,standard,Nydia Velázquez,,0,Claire Valdez,Melvin Rivera,,47.1903032424627,1.0,,,0.0,0.0,0.0,0.0,0.0,0.0,,,,0.0,54.11288296483421,54.16143643134712,45.7898930884616,62.27619682603421,0.99985,0.9999999999999778,
house-ny-8,HOUSE,NY,8,False,standard,Hakeem Jeffries,D,1,Hakeem Jeffries,Lewis Mizrahi,,44.70400544553402,2.0,6.193204163217225,6.741222006781704,1.897365321465572e-09,0.0,0.0,0.0,0.015,2.05547909825437e-11,,,,0.0,55.90017545964855,55.853802906518055,48.68895816936202,63.22042172980708,0.9999,1.0,
house-ny-9,HOUSE,NY,9,False,standard,Yvette Clarke,D,1,Yvette Clarke,Joel Azumah,,41.46428833112162,2.0,7.162515442875766,,0.0,0.0,0.0,0.0,0.068,6.447590227408811e-10,,,,0.0,53.35060266107465,53.262374486749444,46.08525828430941,60.47371476187308,1.0,1.0,
house-ny-10,HOUSE,NY,10,False,standard,Dan Goldman,,0,Brad Lander,Jennifer Moore,,61.892367529836285,2.0,,4.494968660443486,6.027500279266834e-14,0.0,0.0,0.0,0.0,0.0,,,,0.0,67.94296255646813,67.92846395727072,59.72939628206964,76.12859744768073,1.0,1.0,
house-ny-11,HOUSE,NY,11,False,standard,Nicole Malliotakis,R,-1,Michael DeCillis,Nicole Malliotakis,,-24.82593754669057,-2.0,3.250007789762239,-3.820946438532169,-0.3817699005700826,-0.0,0.0,0.0,-0.1365,-0.03763614936453398,,,,0.0,-19.695542424750858,-19.713819004780625,-27.03337054032843,-12.404889503794092,0.0045,0.0008452304844385537,
house-ny-12,HOUSE,NY,12,False,standard,Jerry Nadler,,0,Micah Lasher,Caroline Shinkle,,64.89941854165914,1.0,,2.9216799192690206,3.942592903600583e-15,0.0,0.0,0.0,0.0,0.0,,,,0.0,70.7469872882766,70.74116989040371,62.61204943116064,78.96715678225597,0.99995,1.0,
house-ny-13,HOUSE,NY,13,False,standard,Adriano Espaillat,,0,Darializa Avila Chevalier,Jomo Williams,,60.27299582357136,0.0,,,0.0,0.0,0.0,0.0,0.0,0.0,,,,0.0,66.42949098225587,66.2720376645577,58.20831121940105,74.50461055269142,1.0,1.0,
house-ny-14,HOUSE,NY,14,False,standard,Alexandria Ocasio-Cortez,D,1,Alexandria Ocasio-Cortez,Diamant Hysenaj,,32.36610727477116,2.0,6.1515586588277325,4.634311560156069,6.94309452048469e-06,0.0,0.0,0.0,-0.347,-1.7400166323281353e-06,,,,0.0,44.082930989334606,44.03321532837626,36.841600639139,51.33996128051579,0.9999,0.9999999999992011,
house-ny-15,HOUSE,NY,15,False,standard,Ritchie Torres,D,1,Ritchie Torres,Stylo Sapaskis,,48.80797713394829,0.0,8.035282517873483,6.601886794374569,3.565805667340762e-11,0.0,0.0,0.0,0.6200000000000001,1.5966885377092525e-11,,,,0.0,60.80395628545955,60.88945938595645,53.70851154672174,68.14081637593678,0.99995,1.0,
house-ny-16,HOUSE,NY,16,False,standard,George Latimer,D,1,George Latimer,Joseph Cinquemani,,33.30969325456048,2.0,9.981136065162111,,0.0,0.0,0.0,0.0,1.2135,2.438869161346216e-07,,,,0.0,49.05645465281134,49.08734135872841,41.860111569576496,56.27856709930555,1.0,0.9999999999999982,
house-ny-17,HOUSE,NY,17,False,standard,Mike Lawler,R,-1,Cait Conley,Mike Lawler,,0.5597232177745115,-2.0,6.877263421848264,-0.7016754711456092,-0.935907899854124,-0.0,0.0,0.0,-0.3535,-1.0215940109648178,4.0,2.4899261701526245,0.049639806672011684,0.4706846289538059,3.8068430090787033,3.2024687258060602,-2.617856074641751,8.903366222244022,0.7637,0.7283415027989358,0.6470633703851391
house-ny-18,HOUSE,NY,18,False,standard,Pat Ryan,D,1,Pat Ryan,Jacqueline Auringer,,3.3539403039279723,2.0,11.119021499016792,3.7981200374535495,0.19591137240904907,0.0,0.0,0.0,-0.0259999999999999,-0.0036787802152365738,2.0,17.393963033719068,0.12911679366366255,0.3565684652143248,21.81721476418248,20.258331578583686,14.088136954364858,26.451319469905815,0.99865,0.9997491867993713,0.9824194210699323
house-ny-19,HOUSE,NY,19,False,standard,Josh Riley,D,1,Josh Riley,Peter Oberacker,,1.80061138988952,1.0,0.5404594298880883,1.3953587948041202,0.5526272531894442,0.0,0.0,0.0,-0.1759999999999999,-0.15102581023195363,,,,0.0,14.826664261322346,14.792895619936573,7.655712757072022,22.11182540560504,0.9894,0.9910155905683212,
house-ny-20,HOUSE,NY,20,False,standard,Paul Tonko,D,1,Paul Tonko,Ralph Ambrosio,,14.320901440778664,2.0,8.065636612737325,3.435000927966396,0.024116328262768397,0.0,0.0,0.0,-0.0459999999999999,-0.0008011980167297484,,,,0.0,27.759342259841738,27.794404995943303,20.401446438980518,35.138133168201584,0.9986,0.999995348794671,
house-ny-21,HOUSE,NY,21,False,standard,Elise Stefanik,,0,Blake Gendebien,Anthony Constantino,,-20.759985363244855,0.0,,-0.7422264670742905,-0.4162806924037275,0.0,0.0,0.0,-0.558,-0.6780725013754222,5.0,-8.502367528207163,0.09601001285488446,0.48716018393133176,-13.66339188327085,-11.086604293176677,-17.50740477389752,-4.7630646794271465,0.0196,0.029359406681788717,0.12561480308733408
house-ny-22,HOUSE,NY,22,False,standard,John Mannion,D,1,John Mannion,Kailee Buller,,7.694014964669066,2.0,1.5523099116897905,2.3326459953207626,0.23588206450569188,0.0,0.0,0.0,-0.128,-0.02804452941172338,,,,0.0,20.324291800216947,20.348409052293782,13.03207658386206,27.62411165442619,0.9967,0.9994113838547138,
house-ny-23,HOUSE,NY,23,False,standard,Nick Langworthy,R,-1,Aaron Gies,Nick Langworthy,,-21.18795208389146,-2.0,10.27642821648898,-2.789779796601702,-0.343163459901525,-0.0,0.0,0.0,-0.4615,-0.1229971137379782,2.0,-19.544120668524382,0.13,0.3327126675840715,-19.868735089143026,-19.715539839661446,-25.949054441323522,-13.569833905121788,0.0013,0.0007742776371156637,0.012270718604647388
house-ny-24,HOUSE,NY,24,False,standard,Claudia Tenney,R,-1,Alissa Ellman,Claudia Tenney,,-23.23714041522547,-2.0,7.973784829564162,-2.7092184665244248,-0.2643575789808453,-0.0,0.0,0.0,0.1594999999999999,0.03372100643228314,,,,0.0,-20.474414725828765,-20.503671261528027,-27.768418467558,-13.169401917820315,0.0036,0.0005526312576968881,
house-ny-25,HOUSE,NY,25,False,standard,Joseph Morelle,D,1,Joseph Morelle,Virginia McIntyre,,18.654098607614007,1.0,3.108762003324924,4.061384204078744,0.013791635313504424,0.0,0.0,0.0,0.126,0.0012550388135289024,,,,0.0,29.16566019890062,29.20286473107302,21.859433816650508,36.581242717025425,0.99935,0.9999984309810644,
house-ny-26,HOUSE,NY,26,False,standard,Tim Kennedy,D,1,Tim Kennedy,Dennis Hannon,,19.560710081799225,2.0,10.902353793302002,,0.0,0.0,0.0,0.0,0.402,0.00015744030658681617,,,,0.0,36.27340973840782,36.21341310189132,28.93313120478358,43.480405330321716,0.99975,0.9999999965552812,
house-oh-1,HOUSE,OH,1,False,standard,Greg Landsman,D,1,Greg Landsman,Eric Conroy,,-2.6197222469283257,2.0,2.877949597463445,1.248303144638358,1.1227496653436517,0.0,0.0,0.0,0.161,0.31374791447327083,1.0,2.7490395808241574,0.075,0.38649193612541927,10.92179890745619,7.785919943638078,1.8589270442321142,13.836779464109588,0.94855,0.9593307468179728,0.6385070559819076
house-oh-2,HOUSE,OH,2,False,standard,David Taylor,R,-1,Jennifer Mazzuckelli,David Taylor,,-42.48019552563594,-2.0,-0.9470432288946152,,0.0,-0.0,0.0,0.0,-0.2115,-5.2346261875773e-05,,,,0.0,-37.173107292362054,-37.128426382114114,-44.38038293093285,-29.73462838997523,0.00045,1.7859461937488965e-09,
house-oh-3,HOUSE,OH,3,False,standard,Joyce Beatty,D,1,Joyce Beatty,Cleophus Dulaney,,40.654067267595785,2.0,0.9510588596842676,5.067003526639993,2.5898908802205525e-07,0.0,0.0,0.0,0.372,6.958173498192551e-08,,,,0.0,49.16176984996377,49.24878118219062,42.01510145012465,56.44224721705978,1.0,0.9999999999999986,
house-oh-4,HOUSE,OH,4,False,standard,Jim Jordan,R,-1,Joshua Kolasinski,Jim Jordan,,-43.01401244702379,-2.0,-0.2886907093336583,-5.803731675777787,-0.0005820768573244923,-0.0,0.0,0.0,0.3245,0.00013641617903463173,,,,0.0,-36.13283053496787,-36.16591813559176,-43.36308598530477,-28.882920435809616,0.00035,4.650630375212183e-09,
house-oh-5,HOUSE,OH,5,False,standard,Bob Latta,R,-1,Brian Shaver,Bob Latta,,-23.972456468406715,-1.0,,-3.951238896820313,-0.5086251853760198,-0.0,0.0,0.0,-0.1094999999999999,-0.04022377507682019,,,,0.0,-18.721817859345492,-18.592437711132416,-26.123731891998016,-11.364195549055953,0.00485,0.001417613231184485,
house-oh-6,HOUSE,OH,6,False,standard,Michael Rulli,R,-1,Elizabeth Kirtley,Michael Rulli,,-34.89692072203759,-2.0,-0.5852160648202238,-3.880388723453233,-0.011997492620344313,-0.0,0.0,0.0,-0.4485,-0.003886187817939862,,,,0.0,-29.508709420331883,-29.43302032815254,-36.72055654939542,-22.225740772434268,0.00095,1.331083228953407e-06,
house-oh-7,HOUSE,OH,7,False,standard,Max Miller,R,-1,Brian Poindexter,Max Miller,,-11.151670963328055,-1.0,6.298498260781678,-1.3603117515799368,-1.7061063130988599,-0.0,0.0,0.0,-0.4004999999999999,-1.0883341641884932,5.0,9.33491969965273,0.13954740917907574,0.3752889599766475,-9.282146247750939,-2.2604846596967043,-8.264062316789936,3.8187681306596035,0.3091,0.06930161786687493,0.8800371359817869
house-oh-8,HOUSE,OH,8,False,standard,Warren Davidson,R,-1,Vanessa Enoch,Warren Davidson,,-15.774611860237084,-2.0,1.6062013192192517,-3.67805348792612,-2.8819058224549483,-0.0,0.0,0.0,-0.1814999999999998,-0.3777698215601357,,,,0.0,-12.231264904297278,-12.221095569328284,-19.476576627469203,-4.921674272073376,0.0239,0.025518200335427167,
house-oh-9,HOUSE,OH,9,False,standard,Marcy Kaptur,D,1,Marcy Kaptur,Derek Merrin,,-10.679051092377328,1.0,7.558986951040739,,0.0,0.0,0.0,0.0,0.3605,1.2251162865851706,2.0,-4.020629634207454,0.040024187966409844,0.3856149383941343,4.3700457387160565,1.172090411337591,-4.900932715279836,7.220839961261828,0.60045,0.7572360124025498,0.3030108214445074
house-oh-10,HOUSE,OH,10,False,standard,Mike Turner,R,-1,Kristina Knickerbocker,Mike Turner,,-7.862840402157268,-2.0,13.100731986134754,-1.2934525386281046,-1.6187158193533617,-0.0,0.0,0.0,-0.4885,-1.3245757000235716,2.0,-11.81222734563883,0.09672959039352655,0.3691549621851595,-9.455165266957744,-10.29012979635899,-16.38035138610154,-4.280309166931418,0.01935,0.06570897660719541,0.07121711445259023
house-oh-11,HOUSE,OH,11,False,standard,Shontel Brown,D,1,Shontel Brown,Mike Kirchner,,55.46192877452597,2.0,4.566635427774672,,0.0,0.0,0.0,0.0,0.525,2.965116162910353e-13,,,,0.0,65.17040432344274,65.18226795822193,58.0751470101153,72.36610143520642,1.0,1.0,
house-oh-12,HOUSE,OH,12,False,standard,Troy Balderson,R,-1,Jerrad Christian,Troy Balderson,,-30.355763886497893,-2.0,3.8833404841271095,-3.158364324000822,-0.059061343849309646,-0.0,0.0,0.0,-0.4585,-0.019557507778545008,,,,0.0,-25.382930762247582,-25.434457833954802,-32.581811588495896,-18.142624249675958,0.0013,2.6470013951459148e-05,
house-oh-13,HOUSE,OH,13,False,standard,Emilia Sykes,D,1,Emilia Sykes,Carey Coleman,,3.32248331777791,2.0,2.294345920441325,3.103949148248991,1.1047484905217326,0.0,0.0,0.0,-0.131,-0.10452148218658394,,,,0.0,15.7840535498905,15.7952372755217,8.489827264280612,23.209778564789055,0.99,0.9941198413953647,
house-oh-14,HOUSE,OH,14,False,standard,David Joyce,R,-1,Maria Jukic,David Joyce,,-20.532469622988483,-1.0,8.624096176095186,-4.199716269992327,-0.5559062147426362,-0.0,0.0,0.0,-0.4715,-0.18930150795916603,,,,0.0,-18.562527761840272,-18.457465565503835,-25.79931854815155,-11.191585973917304,0.0051,0.0015468111883759662,
house-oh-15,HOUSE,OH,15,False,standard,Mike Carey,R,-1,Don Leonard,Mike Carey,,-10.11469405584615,-2.0,3.491416207919907,-1.7720105349286333,-2.6962686347411773,-0.0,0.0,0.0,-0.2584999999999999,-0.8522156582826262,3.0,-5.171471747576069,0.10144921699656761,0.37773595158277795,-7.324954278023768,-6.46014573430835,-12.602979529460907,-0.3806495358783505,0.08715,0.12120711241852973,0.25682572769095907
house-ok-1,HOUSE,OK,1,False,standard,Kevin Hern,,0,John Croisant,Mark Tedford,,-21.998761071705406,0.0,,-2.371493376438966,-1.0524014996875595,0.0,0.0,0.0,0.0,0.0,,,,0.0,-14.897921060365569,-14.96006181142749,-23.223932125458177,-6.625482704317586,0.0204,0.019645574988209232,
house-ok-2,HOUSE,OK,2,False,standard,Josh Brecheen,R,-1,Brandon Wade,Josh Brecheen,,-56.511293397442095,-2.0,-1.4880994651168402,-2.55852987063112,-1.5503647338168036e-07,-0.0,0.0,0.0,0.0314999999999999,4.135671593972654e-09,,,,0.0,-49.67743784313529,-49.65596001250381,-56.911343610052604,-42.58125491628615,0.0001,1.780759195278574e-15,
house-ok-3,HOUSE,OK,3,False,standard,Frank Lucas,R,-1,Suzie Byrd,Frank Lucas,,-46.41821356574914,-2.0,,,0.0,-0.0,0.0,0.0,-0.1514999999999999,-3.707893972264864e-06,,,,0.0,-41.412802655743995,-41.41206725636767,-48.80931098395928,-34.26559748389119,0.00015,2.5380621251550778e-11,
house-ok-4,HOUSE,OK,4,False,standard,Tom Cole,R,-1,Mitchell Jacob,Tom Cole,,-33.8874815283935,-2.0,5.52789183283739,-3.7128384561854513,-0.010349711875720514,-0.0,0.0,0.0,-0.2724999999999999,-0.002036880795541106,,,,0.0,-29.86370458528939,-29.812256618132086,-37.05982899429086,-22.692291393643604,0.0006,1.020554741997524e-06,
house-ok-5,HOUSE,OK,5,False,standard,Stephanie Bice,R,-1,Jena Nelson,Stephanie Bice,,-18.120004629945658,-2.0,3.1425896489637166,-1.9009250370295792,-1.1177281652721884,-0.0,0.0,0.0,-0.0914999999999999,-0.11656935673353598,1.0,-8.045517160040257,0.09,0.3149127200404842,-13.529679413877844,-11.78346536943327,-18.196170552074584,-5.543186723747132,0.01435,0.015454445851618953,0.1866900928589233
house-or-1,HOUSE,OR,1,False,standard,Suzanne Bonamici,D,1,Suzanne Bonamici,Barbara Kahl,,39.11033167782459,2.0,2.9117732858649115,3.928886291229188,3.3886671038110463e-07,0.0,0.0,0.0,-0.0519999999999999,-1.2726327567645905e-08,,,,0.0,48.766478265503295,48.79515344116814,41.571611179229,55.95857452216441,0.99985,0.9999999999999978,
house-or-2,HOUSE,OR,2,False,standard,Cliff Bentz,R,-1,Chris Beck,Cliff Bentz,,-27.87852040916719,-1.0,4.139821977072383,-2.8906137222995265,-0.12733711582409696,-0.0,0.0,0.0,-0.2704999999999999,-0.02581810247543904,,,,0.0,-23.051406326854796,-23.06616566236147,-30.349210548586985,-15.820776153852467,0.0022,0.00012006731326463014,
house-or-3,HOUSE,OR,3,False,standard,Maxine Dexter,D,1,Maxine Dexter,Loran Ayles,,47.613763803262344,2.0,-1.7741002875993097,3.8315948914951576,1.4581140116208159e-09,0.0,0.0,0.0,0.546,5.749829585824751e-10,,,,0.0,56.23831474507172,56.22873444214868,49.031278615966436,63.44119240718374,0.99985,1.0,
house-or-4,HOUSE,OR,4,False,standard,Val Hoyle,D,1,Val Hoyle,Monique DeSpain,,12.442914801419136,2.0,-4.195091537067758,0.7506926118244909,0.09640968441893619,0.0,0.0,0.0,-0.003,-0.0008347796939149799,,,,0.0,19.337466948884728,19.3142930244606,12.106915045369123,26.566547492304156,0.99565,0.998998893160769,
house-or-5,HOUSE,OR,5,False,standard,Janelle Bynum,D,1,Janelle Bynum,Patti Adair,,8.808655945204382,1.0,-5.740760742481606,2.1875678219046937,0.4847754321746844,0.0,0.0,0.0,-0.1859999999999999,-0.08930671644104536,,,,0.0,17.47452392324075,17.39715407293385,10.166721205105322,24.686366946521037,0.99365,0.9973714489616378,
house-or-6,HOUSE,OR,6,False,standard,Andrea Salinas,D,1,Andrea Salinas,David Russ,,11.741786607103235,0.0,-4.75375163830037,4.132405773482974,0.4936697861354425,0.0,0.0,0.0,-0.1429999999999999,-0.05098511846809928,,,,0.0,18.733513254068676,18.77405252603282,11.601385180529197,26.106615619252754,0.99605,0.9986195033659002,
house-pa-1,HOUSE,PA,1,False,standard,Brian Fitzpatrick,R,-1,Bob Harvie,Brian Fitzpatrick,,0.3223803661609427,-1.0,13.00458470436702,-1.719833311783359,-2.796237939524539,-0.0,0.0,0.0,-0.7905,-2.7847213436949287,5.0,-5.356705855385968,0.08825934852738858,0.38896539514706385,-3.4094483858034335,-4.1567255699263175,-10.202346246808487,1.987136617537871,0.1872,0.2930471912461465,0.24447616721895238
house-pa-2,HOUSE,PA,2,False,standard,Brendan Boyle,D,1,Brendan Boyle,Jessica Arriaga,,36.16987750404209,2.0,6.875239725748949,,0.0,0.0,0.0,0.0,0.468,1.754239229881087e-07,,,,0.0,48.13295166019235,48.145060186630914,40.84116244277016,55.435375413348225,0.9999,0.9999999999999943,
house-pa-3,HOUSE,PA,3,False,same_party,Dwight Evans,,0,Chris Rabb,,D,78.25794319536355,0.0,,,,,,0.0,0.0,,,,,,,,,,1.0,,
house-pa-4,HOUSE,PA,4,False,standard,Madeleine Dean,D,1,Madeleine Dean,Aurora Stuski,,15.969585034454454,2.0,2.289383330634817,4.18269076284755,0.044105918507419524,0.0,0.0,0.0,-0.007,-0.0002229799213430654,,,,0.0,26.165783766787833,26.238347711820204,18.789082051084545,33.535462647221976,0.9991,0.9999854788771925,
house-pa-5,HOUSE,PA,5,False,standard,Mary Gay Scanlon,D,1,Mary Gay Scanlon,Nicholas Manganaro,,28.934375196073226,2.0,1.76660720044707,3.7871637415687354,0.0001834560466384788,0.0,0.0,0.0,-0.0849999999999999,-1.1262162863084379e-05,,,,0.0,38.36442091831992,38.33895108497149,31.102438923146206,45.66244641270595,0.9998,0.9999999995997719,
house-pa-6,HOUSE,PA,6,False,standard,Chrissy Houlahan,D,1,Chrissy Houlahan,Marty Young,,11.526010296683289,2.0,0.9975946698571372,2.508355249645427,0.18276979167635107,0.0,0.0,0.0,-0.0529999999999999,-0.008367261540725176,,,,0.0,21.43151069016989,21.393110330559608,14.23896357522342,28.81252549191183,0.99735,0.9996903669765119,
house-pa-7,HOUSE,PA,7,False,standard,Ryan Mackenzie,R,-1,Bob Brooks,Ryan Mackenzie,,-3.2388654010275633,-2.0,-2.355699136867992,-0.6317339165053999,-0.8850568816515318,-0.0,0.0,0.0,0.1665000000000001,0.5054094163916261,2.0,5.536112521472044,0.14927195926031211,0.3271709905765289,4.7342418296485,4.927774734110772,-1.3153204145849426,11.236127704881241,0.84745,0.7750738598345637,0.7357794676990002
house-pa-8,HOUSE,PA,8,False,standard,Rob Bresnahan,R,-1,Paige Cognetti,Rob Bresnahan,,-8.56734175384965,0.0,-7.067747166199494,-0.1608595686124057,-0.2640787116835583,0.0,0.0,0.0,0.2355,0.8376633345400121,3.0,-4.94769052998159,0.0838165005700629,0.3507204644449151,2.396570818927719,-0.19748099317640339,-6.363756205987373,6.073223892755073,0.482,0.648926062631106,0.27721574765136364
house-pa-9,HOUSE,PA,9,False,standard,Dan Meuser,R,-1,Rachel Wallace,Dan Meuser,,-38.286959054699274,-2.0,2.608873568153924,-1.0679900369395,-0.0010198253422588372,-0.0,0.0,0.0,-0.2885,-0.0005968930442307801,,,,0.0,-32.8050957879389,-32.79947775882033,-40.19885426079712,-25.62296081356099,0.00045,9.16420187615732e-08,
house-pa-10,HOUSE,PA,10,False,standard,Scott Perry,R,-1,Janelle Stelson,Scott Perry,,-5.291422535038262,-2.0,-4.151129385491565,0.1494422773900157,0.19791077285347133,-0.0,0.0,0.0,0.0825,0.23672384592501888,4.0,3.521447791034633,0.08998493280028842,0.3527145289741804,6.2874827907074184,5.243084473929491,-0.9413523644671751,11.455632046150926,0.86335,0.8421851671772185,0.6640901465316198
house-pa-11,HOUSE,PA,11,False,standard,Lloyd Smucker,R,-1,Nancy Mannion,Lloyd Smucker,,-21.57463662043542,-2.0,4.095484210414823,-2.380551743247054,-0.6175536430554218,-0.0,0.0,0.0,-0.1405,-0.0789706092463952,,,,0.0,-17.09800652595008,-17.103741660650712,-24.325697133981404,-9.797614062393398,0.00715,0.00320158160934467,
house-pa-12,HOUSE,PA,12,False,standard,Summer Lee,D,1,Summer Lee,James Hayes,,19.36501513829129,2.0,-6.417284853198422,3.542230104311741,0.07543586099285356,0.0,0.0,0.0,-0.3674999999999999,-0.02002193477185321,,,,0.0,24.653595095469953,24.72615779034392,17.42129670173825,31.84679515730572,0.99845,0.9999598438443027,
house-pa-13,HOUSE,PA,13,False,standard,John Joyce,R,-1,Beth Farnham,John Joyce,,-45.903263915331515,-1.0,2.371768990263837,-3.974147881246629,-5.330560834745455e-05,-0.0,0.0,0.0,-0.5894999999999999,-2.2694862753928774e-05,,,,0.0,-40.61768318340452,-40.65803577537184,-47.92323073158749,-33.40744915861062,0.0002,5.797788366767048e-11,
house-pa-14,HOUSE,PA,14,False,standard,Guy Reschenthaler,R,-1,Alan Bradstock,Guy Reschenthaler,,-33.59611755448029,-2.0,-0.5736424213984757,-3.0867150593980157,-0.04295879309721284,-0.0,0.0,0.0,0.0464999999999999,0.0014426994681813949,,,,0.0,-26.235952157525542,-26.258648840432386,-33.45763239625453,-18.86686772145726,0.0014,1.4571550168714038e-05,
house-pa-15,HOUSE,PA,15,False,standard,Glenn Thompson,R,-1,Ray Bilger,Glenn Thompson,,-38.28705018459166,-2.0,4.520306171266205,-2.854702730775781,-0.0016755312539682517,-0.0,0.0,0.0,-0.1865000000000001,-0.00023717154396096383,,,,0.0,-33.856774346237806,-33.8330593877342,-41.0389093592779,-26.56702785483854,0.0003,3.7429460809849926e-08,
house-pa-16,HOUSE,PA,16,False,standard,Mike Kelly,R,-1,Justin Wagner,Mike Kelly,,-22.959797174936618,-2.0,4.221778839893523,-3.309944842356144,-0.545251482168595,-0.0,0.0,0.0,-0.2385,-0.09391956780354048,,,,0.0,-18.534523804888213,-18.52648317465519,-25.899838815224555,-11.239533516634616,0.00575,0.00156398348285359,
house-pa-17,HOUSE,PA,17,False,standard,Chris Deluzio,D,1,Chris Deluzio,Tony Guy,,5.556475855381876,1.0,2.318801483224491,3.1461326511754963,0.7210695843820057,0.0,0.0,0.0,-0.119,-0.06197192483549794,,,,0.0,17.392217611329652,17.404417412922726,10.052038940286451,24.78041025159105,0.9932,0.9972508669945006,
house-ri-1,HOUSE,RI,1,False,standard,Gabe Amo,D,1,Gabe Amo,Kellie Keenan,,22.659710215618045,2.0,10.12108999602192,4.280622740988987,0.00014167216765053188,0.0,0.0,0.0,-0.126,-1.2892167256198401e-05,,,,0.0,38.846412179190494,38.95568571906321,31.689055291609932,46.23979278163597,0.99975,0.999999999732312,
house-ri-2,HOUSE,RI,2,False,standard,Seth Magaziner,D,1,Seth Magaziner,Vic Mellor,,6.934426897530219,2.0,9.9531269699233,-0.2676043123476803,-0.015039908800634072,0.0,0.0,0.0,0.01,0.0012177109098938245,,,,0.0,22.105260544584183,22.09827662068909,14.892885422733684,29.283930187247734,0.9981,0.9997902049099346,
house-sc-1,HOUSE,SC,1,False,standard,Nancy Mace,,0,Nancy Lacore,Jenny Costa Honeycutt,,-13.209432555402822,-1.0,,1.3771859224041345,2.001418936878919,-0.0,0.0,0.0,0.0,0.0,3.0,0.4534638021354495,0.14709754012065185,0.4122651065765357,-2.5677238948164307,-1.3512365892137055,-8.025971360389395,5.546697490744057,0.3972,0.3611707106868117,0.521408158774378
house-sc-2,HOUSE,SC,2,False,standard,Joe Wilson,R,-1,Zyon Khalifa,Joe Wilson,,-14.123469393416519,-2.0,5.083766349706159,-3.18960815411455,-2.8342108541696356,-0.0,0.0,0.0,-0.3265,-0.6683226650290566,,,,0.0,-12.607066788053423,-12.583922906860678,-19.94657205955704,-5.186267210991357,0.0239,0.02217523278268698,
house-sc-3,HOUSE,SC,3,False,standard,Sheri Biggs,R,-1,Eunice Lehmacher,Sheri Biggs,,-43.61925875397908,-2.0,4.062430794403936,-1.767188651751113,-2.36403369019461e-05,-0.0,0.0,0.0,0.0055,1.5941366218543769e-07,,,,0.0,-41.11773912406031,-41.08687602158642,-48.49958034279872,-33.98332212488281,0.00025,3.639196245703391e-11,
house-sc-4,HOUSE,SC,4,False,standard,William Timmons,R,-1,Courtney McClain,William Timmons,,-23.96239999770522,-2.0,-0.8825024847807912,-4.182328735773561,-0.8298354779697289,-0.0,0.0,0.0,-0.0914999999999999,-0.054838294502499524,,,,0.0,-17.001946540842216,-17.007494593412638,-24.397447424385668,-9.655876762984493,0.00795,0.003342540946595794,
house-sc-5,HOUSE,SC,5,False,standard,Ralph Norman,,0,Mallory Dittmer,Wes Climer,,-23.088838343075633,-1.0,,-1.7084256700567788,-0.6059006374138108,-0.0,0.0,0.0,0.0,0.0,,,,0.0,-15.571807573307076,-15.577782188351595,-23.79197059990962,-7.270570802077665,0.0169,0.015601104089944166,
house-sc-6,HOUSE,SC,6,False,standard,Jim Clyburn,D,1,Jim Clyburn,John Peterson,,23.044582639922922,2.0,0.7520332985104341,,0.0,0.0,0.0,0.0,0.103,0.0002917699095579007,,,,0.0,32.10674518815077,32.16465670966622,24.89217141092623,39.41636269664931,0.9994,0.9999998598654285,
house-sc-7,HOUSE,SC,7,False,standard,Russell Fry,R,-1,John Vincent,Russell Fry,,-26.624063961841426,-2.0,3.211281233000242,-1.9979614653614692,-0.15248101462321625,-0.0,0.0,0.0,0.1385,0.022901848674996925,1.0,-9.290681570894954,0.22000000000000003,0.22947030047032968,-21.229238820558944,-18.505568630993793,-24.97551870210521,-11.897191001131848,0.0033,0.0003575572687976624,0.20233173657808254
house-sd-al,HOUSE,SD,0,False,standard,Dusty Johnson,,0,Nikki Gronli,Marty Jackley,,-29.890199073853058,0.0,,-1.6300692444743894,-0.09649850329557588,0.0,0.0,0.0,0.0,0.0,1.0,-11.235591218903382,0.1,0.3836320053182169,-22.04582072454639,-17.844409622021438,-24.680152343872567,-10.954382164205409,0.0043,0.001141030773427805,0.10745242882716612
house-tn-1,HOUSE,TN,1,False,standard,Diana Harshbarger,R,-1,Kristi Burke,Diana Harshbarger,,-58.4412194612654,-2.0,1.6563396393269647,-3.1003061328956925,-1.2138149436463617e-08,-0.0,0.0,0.0,-0.0215,-1.884784870828656e-10,,,,0.0,-53.45635487827151,-53.45806999029123,-60.666397012067996,-46.23089176645242,0.00015,1.4374835418665213e-17,
house-tn-2,HOUSE,TN,2,False,standard,Tim Burchett,R,-1,Michaela Barnett,Tim Burchett,,-34.325708961516874,-2.0,4.058296347738071,-2.070967037829489,-0.008271363269136996,-0.0,0.0,0.0,0.0464999999999999,0.00040239165285747196,,,,0.0,-29.50387238426781,-29.48614790547853,-36.81267502244412,-22.24182901789321,0.00065,1.3415399517516e-06,
house-tn-3,HOUSE,TN,3,False,standard,Chuck Fleischmann,R,-1,Anna Golladay,Chuck Fleischmann,,-36.206458812861825,-2.0,2.900817689221987,-4.169554931040088,-0.006922996335340779,-0.0,0.0,0.0,-0.1265,-0.000632492637414884,,,,0.0,-30.81348068486633,-30.814195045427525,-38.12180738713656,-23.50822573585107,0.00055,4.760454883310292e-07,
house-tn-4,HOUSE,TN,4,False,standard,Scott DesJarlais,R,-1,Victoria Broderick,Scott DesJarlais,,-24.276339895406547,-2.0,0.4256528129548362,-2.001929890082561,-0.4352954280018191,-0.0,0.0,0.0,-0.0744999999999997,-0.03509810076335671,,,,0.0,-17.62928490833461,-17.647640983845186,-25.055030722388956,-10.253720639331897,0.00565,0.0024625817168749545,
house-tn-5,HOUSE,TN,5,False,standard,Andy Ogles,,0,Chaz Molder,Charlie Hatcher,,-23.390548243207476,0.0,,1.2600334787356715,0.41872788699113195,0.0,0.0,0.0,0.0,0.0,1.0,-13.327643585305063,0.12000000000000001,0.3556171461783321,-14.856975592644455,-14.301896907717012,-21.206699611923668,-7.398722889634077,0.0114,0.0199011106436066,0.08249874634359103
house-tn-6,HOUSE,TN,6,False,standard,John Rose,,0,Mike Croley,Johnny Garrett,,-26.87603213256081,-1.0,,-4.409684300615743,-0.4271370703662334,-0.0,0.0,0.0,0.0,0.0,,,,0.0,-19.27919585371957,-19.247739858070815,-27.583890806492608,-10.977187091271178,0.0087,0.0038188522435482868,
house-tn-7,HOUSE,TN,7,False,standard,Matt Van Epps,R,-1,Darden Copeland,Matt Van Epps,,-22.72632896191422,-2.0,,-1.292893131043007,-0.2993299822760019,-0.0,0.0,0.0,0.0,0.0,,,,0.0,-17.192862184142573,-17.183285475041163,-24.617975151214313,-9.787349908012601,0.0066,0.0030541448631289264,
house-tn-8,HOUSE,TN,8,False,standard,David Kustoff,R,-1,Heidi Kuhn,David Kustoff,,-20.43242219556846,-2.0,5.589980351150671,-4.1955003674277975,-0.8433079063194208,-0.0,0.0,0.0,-0.1494999999999999,-0.0910538286628774,,,,0.0,-16.979529466948414,-16.921494014101167,-24.257652075622694,-9.64115045954043,0.00715,0.0033930468219819467,
house-tn-9,HOUSE,TN,9,False,standard,Steve Cohen,,0,Justin Pearson,Brent Taylor,,-21.425243647535822,0.0,,0.40894136279688,0.20280507765673125,0.0,0.0,0.0,0.0,0.0,1.0,-9.7342564826306,0.08,0.3838773346360793,-13.05228141168037,-11.863700197022485,-18.57327583290146,-4.977995742332579,0.02145,0.035462056401461405,0.1411983437957107
house-tx-1,HOUSE,TX,1,False,standard,Nathaniel Moran,R,-1,Yolanda Prince,Nathaniel Moran,,-49.90366327371402,-2.0,,-4.0808776873589006,-3.7588522595037723e-06,-0.0,0.0,0.0,-0.0324999999999999,-8.822861553557437e-08,,,,0.0,-45.07402773035702,-45.06595970824659,-52.32682473447009,-37.64178725026403,0.00015,4.55540380328472e-13,
house-tx-2,HOUSE,TX,2,False,standard,Dan Crenshaw,,0,Shaun Finnie,Steve Toth,,-23.13431489842665,-1.0,,1.1769781686931509,0.4133816987152946,-0.0,0.0,0.0,0.5614999999999999,0.42729193993500736,,,,0.0,-14.171935347237083,-14.19184099736122,-22.54828538687898,-5.806184062799873,0.0248,0.024935571287692897,
house-tx-3,HOUSE,TX,3,False,standard,Keith Self,R,-1,Evan Hunt,Keith Self,,-23.981599143217043,-2.0,4.377038951909401,-0.7504045408595901,-0.10196323172314331,-0.0,0.0,0.0,-0.0894999999999999,-0.02634894772313552,,,,0.0,-19.158034492126813,-19.119181137850383,-26.40239101561683,-11.728282735187044,0.00425,0.001128267701124672,
house-tx-4,HOUSE,TX,4,False,standard,Pat Fallon,R,-1,Jason Pearce,Pat Fallon,,-25.158856069593824,-2.0,3.9926543055347343,-3.609844240555603,-0.3111029654300323,-0.0,0.0,0.0,-0.0415,-0.009324447213861246,,,,0.0,-20.346545089776175,-20.373636580349256,-27.645478468781132,-13.102307272767794,0.00345,0.0005911621460565084,
house-tx-5,HOUSE,TX,5,False,standard,Lance Gooden,R,-1,Chelsey Hockett,Lance Gooden,,-21.843996130993506,-2.0,0.7706207290556284,-4.400731468227505,-1.0897813609524074,-0.0,0.0,0.0,0.0304999999999999,0.024005461645423783,,,,0.0,-15.915886164325679,-15.92737469908158,-23.36022673120103,-8.586734119689373,0.009,0.005562569370004442,
house-tx-6,HOUSE,TX,6,False,standard,Jake Ellzey,R,-1,Danny Minton,Jake Ellzey,,-23.274848423140842,-2.0,1.933670214497201,-4.464409443518912,-0.6837198438997204,-0.0,0.0,0.0,0.3874999999999999,0.19134659520249114,,,,0.0,-17.4528062670319,-17.548279589806995,-24.910706694433227,-10.29928007546037,0.00605,0.0026895196617018717,
house-tx-7,HOUSE,TX,7,False,standard,Lizzie Fletcher,D,1,Lizzie Fletcher,Alexander Hale,,24.093375271886345,2.0,1.041189715720237,3.326006034067751,0.002299740357619487,0.0,0.0,0.0,0.192,0.00031889732958990225,,,,0.0,33.28475467309154,33.241037674771796,25.895225151257584,40.56232648730601,0.9994,0.9999999497087103,
house-tx-8,HOUSE,TX,8,False,standard,Morgan Luttrell,,0,Laura Jones,Jessica Hart Steinmann,,-27.993926866059134,0.0,,-3.647668193418901,-0.31337941791943374,0.0,0.0,0.0,-0.123,-0.02783853829184303,,,,0.0,-20.34110610044391,-20.29994959653592,-28.593374203109466,-11.980996967369748,0.00695,0.0024410317251696376,
house-tx-9,HOUSE,TX,9,False,standard,None (new seat),,0,Leticia Gutierrez,Alex Mealer,,-19.967725626975657,0.0,,-3.2658243281499675,-1.932186745656087,0.0,0.0,0.0,0.0,0.0,1.0,-5.381734842263972,0.16,0.3693231839892083,-13.682102983993694,-10.63607679209581,-17.451055331325815,-3.764871838377488,0.03135,0.029196631392140692,0.28210142453670933
house-tx-10,HOUSE,TX,10,False,standard,Michael McCaul,,0,Caitlin Rourk,Chris Gober,,-22.935141814419953,0.0,,-1.8936915323748045,-0.6938883083327564,0.0,0.0,0.0,0.0,0.0,1.0,-8.224962610162748,0.11,0.42953811328884856,-15.501937804116123,-12.38143417608642,-19.115172657311724,-5.676376388972814,0.01705,0.01598468798351144,0.1600372175189425
house-tx-11,HOUSE,TX,11,False,standard,August Pfluger,R,-1,Claire Reynolds,August Pfluger,,-34.776226874930764,-2.0,,-3.942460227073517,-0.013033971704792265,-0.0,0.0,0.0,0.2495,0.0023486492902496507,,,,0.0,-29.300525154358755,-29.303529385593805,-36.68522739400087,-22.174335033331314,0.00055,1.5616209685928024e-06,
house-tx-12,HOUSE,TX,12,False,standard,Craig Goldman,R,-1,Angela Rodriguez Prilliman,Craig Goldman,,-24.152059215739328,-2.0,3.551298924208573,-4.552849302759294,-0.25634469614130034,-0.0,0.0,0.0,-0.2165,-0.040082341516093876,,,,0.0,-21.006905613160075,-20.9903703930516,-28.274899848333373,-13.675808138238523,0.0032,0.0004084599166672749,
house-tx-13,HOUSE,TX,13,False,standard,Ronny Jackson,R,-1,Mark Nair,Ronny Jackson,,-46.66045241939511,-1.0,,-4.123729160530777,-2.9268929598614626e-05,-0.0,0.0,0.0,0.3985000000000001,8.423760543645728e-06,,,,0.0,-41.66679628831346,-41.67515045727481,-48.95634386540607,-34.41342213696393,0.00015,1.9402475305123026e-11,
house-tx-14,HOUSE,TX,14,False,standard,Randy Weber,R,-1,Thurman Bartie,Randy Weber,,-24.57811033271256,0.0,2.5586414324048965,-3.486899162545146,-0.45119155896518814,0.0,0.0,0.0,-0.1925,-0.06272815979502129,,,,0.0,-19.155560986079596,-19.097787835091992,-26.376875160684843,-11.605986683296212,0.0047,0.0011285607232299352,
house-tx-15,HOUSE,TX,15,False,standard,Monica De La Cruz,R,-1,Bobby Pulido,Monica De La Cruz,,-18.01759130969824,-2.0,-3.06719418329246,-0.74062669080336,-0.7291185390145072,-0.0,0.0,0.0,0.3185,0.6793605443148291,6.0,6.341415922309033,0.049695180123685866,0.4717214346134657,-8.822522751480099,-1.5944588083532647,-7.505605223712138,4.167864596816717,0.3605,0.07950615393660182,0.831903511684056
house-tx-16,HOUSE,TX,16,False,standard,Veronica Escobar,D,1,Veronica Escobar,Adam Bauman,,16.63676773389655,2.0,2.880079198126336,,0.0,0.0,0.0,0.0,0.271,0.006049038071159413,,,,0.0,27.090459064997017,27.09347830695578,19.637183106500377,34.285671403300064,0.9991,0.9999925034637647,
house-tx-17,HOUSE,TX,17,False,standard,Pete Sessions,R,-1,Casey Shepard,Pete Sessions,,-21.9502302161465,-2.0,3.27939312884149,-3.841873531374521,-0.7893379235062111,-0.0,0.0,0.0,-0.1134999999999999,-0.06470378367407853,,,,0.0,-17.193295813261688,-17.219705665247933,-24.682752209506994,-9.899932478811943,0.0069,0.0030564677627729756,
house-tx-18,HOUSE,TX,18,False,standard,Christian Menefee,D,1,Christian Menefee,Ronald Whitfield,,55.72034781448782,2.0,,,0.0,0.0,0.0,0.0,0.0,0.0,,,,0.0,64.461588351226,64.51299935072204,57.30197593171473,71.81676941169465,0.99995,1.0,
house-tx-19,HOUSE,TX,19,False,standard,Jodey Arrington,,0,Kyle Rable,Tom Sell,,-52.16553105495645,0.0,,-3.738275075790237,-3.5663487315733366e-06,0.0,0.0,0.0,0.0,0.0,,,,0.0,-45.1579253940171,-45.16599094191878,-53.3578966109891,-36.861820346705045,0.00025,2.051303307061694e-10,
house-tx-20,HOUSE,TX,20,False,standard,Joaquin Castro,D,1,Joaquin Castro,Edgardo Rafael Baez,,28.881561605032594,2.0,,2.294226033327514,0.00010515284512192955,0.0,0.0,0.0,-0.0229999999999999,-2.2840455586275747e-06,,,,0.0,38.9017356248572,38.939977856200954,31.556043457483863,46.18837153891902,0.9998,0.9999999997673716,
house-tx-21,HOUSE,TX,21,False,standard,Chip Roy,,0,Kristin Hook,Mark Teixeira,,-22.084735744258868,0.0,,-2.696274309601862,-1.1762881058007952,0.0,0.0,0.0,-0.1799999999999999,-0.170143059861758,,,,0.0,-15.280394442198169,-15.423490715376026,-23.621346026816003,-6.931599013958903,0.01785,0.017258355251031837,
house-tx-22,HOUSE,TX,22,False,standard,Troy Nehls,,0,Marquette Greene-Scott,Trever Nehls,,-22.728896297178235,1.0,,-3.0907369778590583,-1.1478663020570807,0.0,0.0,0.0,-0.1964999999999999,-0.16290135936693395,,,,0.0,-15.906937719801668,-15.91054449075906,-24.339737483472028,-7.564017699664942,0.017,0.01387908715002867,
house-tx-23,HOUSE,TX,23,False,standard,Vacant,,0,Katy Padilla Stout,Brandon Herrera,,-14.973852558895206,0.0,,-1.4077439537212355,-1.7653816928695722,0.0,0.0,0.0,0.2704999999999999,0.7349779655793338,1.0,-6.546573169790104,0.18,0.04383545433140464,-7.5194558488601,-7.53141180687468,-15.77558825985498,0.8212652740868585,0.12135,0.14910396482764626,0.4208350757289705
house-tx-24,HOUSE,TX,24,False,standard,Beth Van Duyne,R,-1,Kevin Burge,Beth Van Duyne,,-16.38594296670372,-2.0,4.150819196649517,-2.9824077077977607,-2.1551029717317967,-0.0,0.0,0.0,0.0064999999999999,0.010176688264049308,,,,0.0,-13.167213497331721,-13.119430852909044,-20.54550307898208,-5.687276717786103,0.01915,0.01785437020465371,
house-tx-25,HOUSE,TX,25,False,standard,Roger Williams,R,-1,Dione Sims,Roger Williams,,-24.33804955302802,-2.0,,,0.0,-0.0,0.0,0.0,-0.0375,-0.012518583033225799,,,,0.0,-18.560615578492826,-18.57556017392794,-25.965704716305623,-11.225789303934594,0.00505,0.0015397750000997526,
house-tx-26,HOUSE,TX,26,False,standard,Brandon Gill,R,-1,Steven Shook,Brandon Gill,,-24.143127359490155,-2.0,3.651963273463141,-4.930306615906332,-0.2529568181107014,-0.0,0.0,0.0,0.3134999999999999,0.05727363956723129,,,,0.0,-20.95236233366329,-20.9600035224422,-28.296372141749426,-13.61297743975563,0.00315,0.00042136210893274357,
house-tx-27,HOUSE,TX,27,False,standard,Michael Cloud,R,-1,Tanya Lloyd,Michael Cloud,,-21.457064940663432,-2.0,2.6691188187887525,-2.106562829182046,-0.6678675768254355,-0.0,0.0,0.0,-0.1434999999999999,-0.09857344764881128,,,,0.0,-16.262324899183888,-16.31160890494442,-23.584497969049497,-9.047997983528155,0.00715,0.004748245078122667,
house-tx-28,HOUSE,TX,28,False,standard,Henry Cuellar,D,1,Henry Cuellar,Tano Tijerina,,-10.459161706977333,1.0,12.783449903273231,0.6455803402855187,0.8257407618467645,0.0,0.0,0.0,0.966,2.677088050390319,3.0,10.497239517480502,0.20921965344801144,0.3153259981024434,9.768881136253857,9.95122916166397,3.6637624044403028,16.350578722485665,0.97265,0.9404893840523182,0.877784719630439
house-tx-29,HOUSE,TX,29,False,standard,Sylvia Garcia,D,1,Sylvia Garcia,Martha Fierro,,30.845369895153603,2.0,9.494159693134456,4.0407394889597965,5.515393519669599e-06,0.0,0.0,0.0,0.275,1.095418435156601e-06,,,,0.0,44.457332255819175,44.47651218123796,37.15998275019885,51.766915717178,0.99975,0.9999999999994654,
house-tx-30,HOUSE,TX,30,False,standard,None (new seat),,0,Frederick Haynes III,Everett Jackson,,47.804896337119935,0.0,,2.355646780726939,3.7591761745381125e-09,0.0,0.0,0.0,0.0,0.0,,,,0.0,54.69509319160187,54.69353849250316,46.458793585254654,62.981909095136984,0.9999,0.9999999999999882,
house-tx-31,HOUSE,TX,31,False,standard,John Carter,R,-1,Justin Early,John Carter,,-22.146914200858628,-2.0,5.50460131947117,-2.333948288272066,-0.4380645640080348,-0.0,0.0,0.0,-0.1985,-0.08072341141854249,,,,0.0,-18.28423637315776,-18.274085062952096,-25.68671813573358,-10.914998560362434,0.0056,0.0017794493212405225,
house-tx-32,HOUSE,TX,32,False,standard,None (new seat),,0,Dan Barrios,Jace Yarbrough,,-18.113580215751295,1.0,,-1.9920184499570408,-1.7129910546427098,0.0,0.0,0.0,0.0,0.0,,,,0.0,-11.533224009493587,-11.522932437687896,-19.81733692644157,-3.2119704254955996,0.0448,0.05530186097937582,
house-tx-33,HOUSE,TX,33,False,standard,Jasmine Crockett,,0,Colin Allred,Patrick Gillespie,,33.340829756235884,2.0,,5.698024768164236,4.551423800912932e-05,0.0,0.0,0.0,-0.2169999999999998,-7.133092523541872e-06,,,,0.0,40.896790909016495,40.91584600052286,32.63050645069293,49.182655313518126,0.9998,0.9999999933836607,
house-tx-34,HOUSE,TX,34,False,standard,Vicente Gonzalez,D,1,Vicente Gonzalez,Eric Flores,,-10.22506904859846,2.0,7.7580469982158204,0.5670429655065609,0.8632732520524825,0.0,0.0,0.0,0.445,1.4678593060587133,4.0,2.565496691680292,0.130284853296859,0.37704873266989414,6.097251830011105,4.760157055169119,-1.3895248182089213,10.937111340565453,0.8426,0.8347464502312266,0.6272730446638488
house-tx-35,HOUSE,TX,35,False,standard,None (new seat),,0,Johnny Garcia,Carlos De La Cruz,,-10.563314149260139,1.0,,-0.1154239105962223,-0.19040069919251562,0.0,0.0,0.0,0.0,0.0,1.0,-6.1166103476329,0.11,0.364859645046633,-1.8126004939782827,-3.395847514953156,-10.303260177715828,3.4382515371289593,0.25445,0.40096737135662275,0.25804361366550677
house-tx-36,HOUSE,TX,36,False,standard,Brian Babin,R,-1,Rhonda Hart,Brian Babin,,-25.312327790203895,-2.0,1.2204653389580633,-4.272558505421538,-0.4491844826050551,-0.0,0.0,0.0,-0.2305,-0.07477673900700266,,,,0.0,-19.1828139836835,-19.14653810412168,-26.407267401470353,-11.853789476994757,0.0048,0.0011109219129120578,
house-tx-37,HOUSE,TX,37,False,standard,Greg Casar,D,1,Greg Casar,Lauren Peña,,57.704254135704865,2.0,0.1564659071256935,2.3423739245358424,8.155570278062495e-13,0.0,0.0,0.0,0.013,9.806941030744266e-15,,,,0.0,64.849829454161,64.72062424550504,57.65713184227519,71.91334678614106,0.9999,1.0,
house-tx-38,HOUSE,TX,38,False,standard,Wesley Hunt,,0,Melissa McDonough,Jon Bonck,,-21.29669299579903,0.0,,-2.5961749643330245,-1.3191356863229111,0.0,0.0,0.0,-0.2179999999999999,-0.2399960574305616,,,,0.0,-14.68175723558553,-14.71234653760489,-23.085925036669245,-6.499678747723443,0.0202,0.021122050142661056,
house-ut-1,HOUSE,UT,1,False,standard,None (new seat),,0,Ben McAdams,Riley Owen,,24.325735111457707,2.0,,2.682011367190529,0.0033710619881005648,0.0,0.0,0.0,0.118,0.00032135142757698504,1.0,40.578654368603225,0.16099999999999998,0.37841218441778207,32.198348973204546,35.38403682962935,28.60625361411675,42.22155778080067,0.9996,0.9999960215144396,0.9999953523485219
house-ut-2,HOUSE,UT,2,False,standard,Blake Moore,R,-1,Peter Crosby,Blake Moore,,-29.9231434255034,-2.0,11.8569342565702,-4.00714262469264,-0.013276230251747673,-0.0,0.0,0.0,-0.3685,-0.003533321167833179,3.0,-4.648595634515122,0.301770797705796,0.2604328991639413,-29.26134411502,-22.842829715706365,-29.31508452304442,-16.359708855431585,0.00065,1.6608645947776842e-06,0.32561564578313684
house-ut-3,HOUSE,UT,3,False,standard,Celeste Maloy,R,-1,Kent Udell,Celeste Maloy,,-42.41903846817411,-2.0,4.798317084819732,-3.118280158817572,-6.482913788294912e-05,-0.0,0.0,0.0,-0.1865000000000001,-8.732124710956125e-06,1.0,-18.59312001977302,0.2909999999999999,0.23664038241621818,-40.269258467165436,-35.106070636893755,-41.65156556461063,-28.51732640871361,0.0001,8.81580691686613e-11,0.04447323972863752
house-ut-4,HOUSE,UT,4,False,standard,Mike Kennedy,R,-1,Jonny Larsen,Mike Kennedy,,-33.446643564909,-2.0,12.785920534601786,-2.8307521180873545,-0.0008107781481614506,-0.0,0.0,0.0,0.0164999999999999,1.0239440822658858e-05,1.0,-9.415516692918377,0.2539999999999999,0.2537240031045656,-35.34859729612073,-28.809806442453088,-35.25077262981389,-22.274929127737597,0.00055,1.0683432317611262e-08,0.1838793677590204
house-va-1,HOUSE,VA,1,False,standard,Rob Wittman,R,-1,Shannon Taylor,Rob Wittman,,-5.00442471396264,-2.0,7.674711528138682,-0.944174630078467,-1.584965619031396,-0.0,0.0,0.0,-0.2395,-0.8710942336384211,3.0,2.075216000635257,0.046335936262589375,0.44853831497468766,-2.792688691829613,-0.5776351775829134,-6.451680809432871,5.211764728763321,0.4457,0.3278349505496167,0.6186385535191775
house-va-2,HOUSE,VA,2,False,standard,Jen Kiggans,R,-1,Elaine Luria,Jen Kiggans,,-0.25221671009308466,0.0,3.558796871487511,-0.285934344368051,-0.3477529474284432,0.0,0.0,0.0,0.1815,0.4782700968590451,1.0,-3.2165255705441336,0.06,0.3625204946406787,6.951160352298641,3.3119633620318587,-2.8402650711872512,9.369414595807894,0.76125,0.8664388445307035,0.34693716675715336
house-va-3,HOUSE,VA,3,False,standard,Bobby Scott,D,1,Bobby Scott,Edwin Rivera,,35.171354784672296,2.0,,3.3855102482910024,4.051102815159023e-06,0.0,0.0,0.0,0.012,3.51095577313782e-08,,,,0.0,44.95426483441926,45.027811348725066,37.78883682256493,52.24229669347445,0.99985,0.9999999999997264,
house-va-4,HOUSE,VA,4,False,standard,Jennifer McClellan,D,1,Jennifer McClellan,Robert Murray,,33.178227120064946,2.0,1.926106553640481,,0.0,0.0,0.0,0.0,-0.2019999999999999,-7.837793397296771e-07,,,,0.0,44.49983466694617,44.43227549772928,37.17792363502099,51.79871321480785,0.99995,0.9999999999995147,
house-va-5,HOUSE,VA,5,False,standard,John McGuire,R,-1,Tom Perriello,John McGuire,,-12.407085063709836,0.0,2.530256581254638,0.138132675845518,0.1525034748184777,0.0,0.0,0.0,0.1984999999999999,0.4748275698951871,3.0,-5.188792880908561,0.045987578391095595,0.4600790030345149,-7.147900902471658,-6.288174575504366,-12.136883269721933,-0.4564853668907217,0.0832,0.12697188274075105,0.22109153905556114
house-va-6,HOUSE,VA,6,False,standard,Ben Cline,R,-1,Beth Macy,Ben Cline,,-24.157705036448466,-2.0,4.653808404577879,-0.0667313378906842,-0.0082971404014037,-0.0,0.0,0.0,-0.0124999999999999,-0.0033674466346350932,1.0,-27.654201857376204,0.12000000000000001,0.3541052175652224,-19.374316428394554,-22.250412143524592,-28.561669650986758,-16.223444199276827,0.00075,0.0010055954103596267,0.0004383652412633239
house-va-7,HOUSE,VA,7,False,standard,Eugene Vindman,D,1,Eugene Vindman,Doug Ollivant,,2.914155482400608,2.0,-0.1426521302539942,3.8350624783316873,1.0467613347015974,0.0,0.0,0.0,-0.2329999999999998,-0.17614667126728534,,,,0.0,15.91473439164053,15.861878403661509,8.611046302340402,23.168530767732896,0.99155,0.994456747442537,
house-va-8,HOUSE,VA,8,False,standard,Don Beyer,D,1,Don Beyer,Tony Sabio,,50.904224479584464,2.0,-2.0577590018806253,4.091817364175643,6.653963146213133e-10,0.0,0.0,0.0,0.075,3.6042300375321146e-11,,,,0.0,57.2338919679346,57.251360381379826,50.00875309627478,64.42514969409032,0.99995,1.0,
house-va-9,HOUSE,VA,9,False,standard,Morgan Griffith,R,-1,Joy Powers,Morgan Griffith,,-44.42581664466825,-2.0,,-3.06821876444428,-0.00010915721840121779,-0.0,0.0,0.0,-0.0384999999999999,-3.035177100544965e-06,,,,0.0,-39.32667254794996,-39.32078501810141,-46.51675675992609,-32.0935978156424,0.00045,2.173613923043152e-10,
house-va-10,HOUSE,VA,10,False,standard,Suhas Subramanyam,D,1,Suhas Subramanyam,Dave Beckwith,,8.576451033971418,2.0,-3.886437970558408,2.372240527887434,0.4311847664533681,0.0,0.0,0.0,0.6545,0.25775460949538315,,,,0.0,18.584022654230917,18.595553647058924,11.246013716005958,25.97075501442517,0.99425,0.9984991730345769,
house-va-11,HOUSE,VA,11,False,standard,James Walkinshaw,D,1,James Walkinshaw,Arthur Purves,,35.29116354091677,2.0,,4.525681764703802,3.77027685501152e-06,0.0,0.0,0.0,0.0,0.0,,,,0.0,45.06917972803714,45.04867945745076,37.74440450886538,52.315695797675,0.99985,0.9999999999997615,
house-vt-al,HOUSE,VT,0,False,standard,Becca Balint,D,1,Becca Balint,Gerald Malloy,,32.77043577168019,0.0,,2.6555273388129144,1.4581764521253948e-05,0.0,0.0,0.0,-0.25,-2.974345496995219e-06,4.0,25.58185629914142,0.13171101049703857,0.38618632530098923,42.648450318796584,36.04926173781929,30.031883812747008,42.09761577255209,0.99995,0.9999999999959805,0.9994973138745677
house-wa-1,HOUSE,WA,1,False,standard,Suzan DelBene,D,1,Suzan DelBene,Mary Silva,,29.71416626019093,2.0,-3.2733632356154514,4.956749314488006,0.0005230827114581492,0.0,0.0,0.0,-0.118,-4.4578271076488946e-05,,,,0.0,36.3451822976367,36.45536722552902,29.167869195806595,43.792816002831515,0.99965,0.9999999971347674,
house-wa-2,HOUSE,WA,2,False,standard,Rick Larsen,D,1,Rick Larsen,Edwin Feller,,24.449358063403622,0.0,3.734410420493576,,0.0,0.0,0.0,0.0,0.101,7.046760957937541e-05,,,,0.0,35.108441391106766,35.105670595561364,27.77639941173019,42.29846601577226,0.99975,0.9999999902742657,
house-wa-3,HOUSE,WA,3,False,standard,Marie Gluesenkamp Perez,D,1,Marie Gluesenkamp Perez,John Braun,,-3.396252192645398,0.0,7.412514312502439,1.1723654191744082,0.8281381225008226,0.0,0.0,0.0,-0.1669999999999999,-0.255592644088646,4.0,-2.2382796237412665,0.10510576939953711,0.3828799130706873,11.742170688775138,6.377257540287438,0.2856515256793723,12.56802831223924,0.90845,0.9695149569373942,0.38772588138333713
house-wa-4,HOUSE,WA,4,False,standard,Dan Newhouse,,0,John Duresky,Amanda McKinney,,-21.23632345302414,-1.0,,-1.5963329175543814,-0.8203373059538484,-0.0,0.0,0.0,0.0,0.0,,,,0.0,-13.880740278028991,-13.923897142843861,-22.25280216366195,-5.548848626288922,0.02565,0.027402504845767253,
house-wa-5,HOUSE,WA,5,False,standard,Michael Baumgartner,R,-1,Carmela Conroy,Michael Baumgartner,,-11.108555422659757,-2.0,10.079905812644675,-1.472892024901894,-1.154236480056939,-0.0,0.0,0.0,-0.1494999999999999,-0.25383831729960854,1.0,-11.906534743500163,0.0,0.33977560527490985,-11.887191558505178,-11.88598011898538,-18.098617043162257,-5.596511231414072,0.0151,0.02898415507806186,0.08214588778247126
house-wa-6,HOUSE,WA,6,False,standard,Emily Randall,D,1,Emily Randall,Teresa Fox,,19.891451831750338,2.0,-6.136453702958522,3.2601594523000608,0.029344081878673968,0.0,0.0,0.0,-0.123,-0.002606732606888871,,,,0.0,27.248679755271635,27.224550170263413,19.989992026407073,34.51215217556179,0.9986,0.9999934301848236,
house-wa-7,HOUSE,WA,7,False,standard,Pramila Jayapal,D,1,Pramila Jayapal,Nirav Sheth,,77.56051167435446,2.0,-9.082424552371911,4.804297389255944,1.8004701461629894e-18,0.0,0.0,0.0,0.5045000000000002,6.560213029783317e-19,,,,0.0,78.20823582163648,78.24173423237059,71.13668171936054,85.45455626124595,1.0,1.0,
house-wa-8,HOUSE,WA,8,False,standard,Kim Schrier,D,1,Kim Schrier,Spencer Meline,,5.966932359880001,2.0,2.3278904041291115,3.7721516102463126,0.6628743684226062,0.0,0.0,0.0,-0.2149999999999998,-0.10292965887451014,,,,0.0,17.651314651383732,17.676545673079545,10.334975051419912,25.038004053676246,0.99335,0.9975818675454193,
house-wa-9,HOUSE,WA,9,False,standard,Adam Smith,D,1,Adam Smith,Doug Basler,,42.69428737721389,2.0,,3.865130999683998,3.180506235736706e-08,0.0,0.0,0.0,0.6375,1.4643580793704417e-08,,,,0.0,52.142791384783514,52.19756858937234,44.849357629013646,59.44785160240549,0.9999,1.0,
house-wa-10,HOUSE,WA,10,False,standard,Marilyn Strickland,D,1,Marilyn Strickland,Chris Chung,,18.6042540382684,2.0,-1.1312334145655418,4.478702145625662,0.03475617983864922,0.0,0.0,0.0,0.135,0.003388727534268299,,,,0.0,26.808646795844385,26.84781928073578,19.37804225317715,34.18300296154905,0.99865,0.9999909089503273,
house-wi-1,HOUSE,WI,1,False,standard,Bryan Steil,R,-1,Mitchell Berman,Bryan Steil,,-4.574926503161371,-2.0,5.722291735026506,-2.362730412274356,-3.9295676550380727,-0.0,0.0,0.0,0.0475000000000001,0.17116553052211225,4.0,-4.384057994115429,0.04539287632862398,0.4457313447942531,-2.553474860628142,-3.322605894015692,-9.217174017162774,2.53725719432337,0.232,0.34173814653699325,0.26371076390396886
house-wi-2,HOUSE,WI,2,False,same_party,Mark Pocan,D,1,Mark Pocan,,D,40.745668109005265,0.0,-0.3391138527341359,,,,,0.0,-0.1119999999999999,,,,,,,,,,1.0,,
house-wi-3,HOUSE,WI,3,False,standard,Derrick Van Orden,R,-1,Rebecca Cooke,Derrick Van Orden,,-7.513658895468744,-2.0,-4.911379672142732,0.0351813333320443,0.05349502898527881,-0.0,0.0,0.0,0.1575,0.5188881975828639,4.0,-3.1553447374307395,0.03998696344772702,0.4070521478172348,4.3618133469514735,1.2975248453034027,-4.624851627122112,7.243572155254616,0.61125,0.7568205948947568,0.33647125786365606
house-wi-4,HOUSE,WI,4,False,standard,Gwen Moore,D,1,Gwen Moore,Tim Rogers,,52.46959330772252,2.0,1.529154114940071,,0.0,0.0,0.0,0.0,0.3595,1.024959143019373e-11,,,,0.0,60.68337929456383,60.66258981090296,53.526675969133514,67.7191573058528,1.0,1.0,
house-wi-5,HOUSE,WI,5,False,standard,Scott Fitzgerald,R,-1,Andrew Beck,Scott Fitzgerald,,-22.453536619855047,-2.0,6.353302332530933,-4.188650190590025,-0.4622953315698017,-0.0,0.0,0.0,0.1725000000000001,0.0575942933914045,,,,0.0,-18.952204096231064,-18.952221331296744,-26.301497301077976,-11.743773002217813,0.0043,0.0012603473686411619,
house-wi-6,HOUSE,WI,6,False,standard,Glenn Grothman,R,-1,Brad Smith,Glenn Grothman,,-16.695392066092158,-2.0,5.774922636417382,-2.0680111854344525,-1.226731191713378,-0.0,0.0,0.0,0.2175,0.2795425277032443,1.0,-27.906534743500167,0.0,0.3299206721524794,-13.1908827818172,-17.977473687505125,-24.257838702086183,-11.7188912286431,0.00245,0.017687028105256443,0.0007103413454083139
house-wi-7,HOUSE,WI,7,False,standard,Tom Tiffany,,0,Fred Clark,Michael Alfonso,,-22.842779803336647,1.0,,-1.1224471473670272,-0.4193663353561614,0.0,0.0,0.0,0.0,0.0,,,,0.0,-15.132538297694305,-15.114984761658697,-23.291260338703626,-6.799063904491977,0.0193,0.018141734549481696,
house-wi-8,HOUSE,WI,8,False,standard,Tony Wied,R,-1,Rick Crosson,Tony Wied,,-16.463834239873304,-1.0,-1.9298058929247877,-2.559960309870283,-2.231335551368104,-0.0,0.0,0.0,0.3065,0.578834267478462,,,,0.0,-11.373132668338082,-11.340039958301826,-18.631876053918663,-4.059409374444377,0.0306,0.03478945171882876,
house-wv-1,HOUSE,WV,1,False,standard,Carol Miller,R,-1,Vince George,Carol Miller,,-45.19875830196956,-2.0,-1.856375774022489,-2.0061016446065367,-0.00018802131051153564,-0.0,0.0,0.0,-0.0965,-1.959627641258626e-05,,,,0.0,-37.554537668356836,-37.60449329416704,-44.811870549107454,-30.38110678741651,0.00025,1.193749613534467e-09,
house-wv-2,HOUSE,WV,2,False,standard,Riley Moore,R,-1,Ace Parsi,Riley Moore,,-40.383313502646374,-2.0,1.030833813858805,-2.233515423091049,-0.0004459383100097365,-0.0,0.0,0.0,-0.1274999999999999,-5.515540965895886e-05,,,,0.0,-36.075823284891484,-36.121523240948235,-43.45468215405565,-28.82061246733748,0.00025,5.084582016392178e-09,
house-wy-al,HOUSE,WY,0,False,standard,Harriet Hageman,,0,Lisa Kinney,Chuck Gray,,-46.95834604821483,0.0,,-3.646279545613131,-8.995525639958904e-05,0.0,0.0,0.0,0.0,0.0,,,,0.0,-39.67929119723343,-39.673894685243056,-47.9046394063145,-31.40817508734162,0.0006,1.9843954525404532e-08,
senate-ak,SEN,AK,0,False,rcv_bloc,Dan Sullivan,R,-1,Mary Peltola,Gerald Heikes; Dan J. Sullivan; Dan S. Sullivan,,-13.69312508474994,-1.0,1.4719906238951417,0.3666094504434499,1.1424317585516508,-0.0,0.0,11.31671315632245,0.1394999999999999,0.0,22.0,1.1164115521423004,0.026734513405827817,0.687254223828252,-6.36702384556401,-1.2047777413360938,-6.25842988193588,3.9587588406752148,0.38175,0.17601951644808836,0.5924109719857759
senate-al,SEN,AL,0,False,standard,Tommy Tuberville,R,0,Everett Wess,Barry Moore,,-30.88122385938789,-2.0,,,0.0,-0.0,0.0,0.0,0.0,0.0,2.0,-18.356832225763117,0.13383213835878685,0.6211653882816441,-22.969810975302966,-20.090130238698364,-28.054765460877206,-12.054031254471909,0.0058,0.019606714305012513,0.018305589855712377
senate-ar,SEN,AR,0,False,standard,Tom Cotton,R,-1,Hallie Shoffner,Tom Cotton,,-31.33998647229675,-3.0,,-2.18470237471752,-0.1293416014547286,-0.0,0.0,0.0,0.1705000000000001,0.0,4.0,-8.139191110375982,0.11572375050034427,0.7219905542268847,-25.17172228115181,-12.86622122626025,-20.048719881377714,-5.7826474007714355,0.0179,0.011922608366918663,0.1246569399889624
senate-co,SEN,CO,0,False,standard,John Hickenlooper,D,1,John Hickenlooper,Mark Baisley,,11.293083462132921,2.0,-2.9701204541250323,4.59648896867292,0.8330072857880941,0.0,0.0,0.0,-0.0499999999999999,-0.0,,,,0.0,20.947072941352925,20.97785324355096,13.108273052243433,28.984967979570545,0.9948,0.9989085397662762,
senate-de,SEN,DE,0,False,standard,Chris Coons,D,1,Chris Coons,Michael Katz,,14.958471282996337,2.0,4.239865462704085,3.88472862417668,0.12563792260295198,0.0,0.0,0.0,0.246,0.0,,,,0.0,26.144314771913265,26.24529344156805,18.25800394303597,34.16719233737151,0.9979,0.9999347167783899,
senate-fl-special,SEN,FL,0,True,standard,Ashley Moody,R,-1,Angie Nixon,Ashley Moody,,-13.22213886698459,-2.0,,-3.6522466123839634,-10.254819181446639,-0.0,0.0,0.0,0.0,0.0,12.0,-5.853337363838366,0.07649275629169469,0.8187710215166946,-16.817539932928195,-7.810154064476537,-13.85608039634595,-1.7685056530219543,0.0523,0.06570776576074001,0.14291417618073074
senate-ga,SEN,GA,0,False,standard,Jon Ossoff,D,1,Jon Ossoff,Mike Collins,,-2.2087323027962817,1.0,,2.6013219567470403,7.952191130298098,0.0,0.0,0.0,-0.274,-0.0,17.0,8.814036064827375,0.04306772266908256,0.8427665617933803,15.643433961912034,9.856758383775786,4.116059252366875,15.631059953122557,0.9818,0.9197400316932044,0.9586572544291634
senate-ia,SEN,IA,0,False,standard,Joni Ernst,R,0,Josh Turek,Ashley Hinson,,-13.445597709596235,-1.0,,-0.6741303388997628,-2.577851370693243,-0.0,0.0,0.0,0.0,0.0,25.0,1.2191442410215512,0.08045641080183111,0.8252761650694034,-7.7662356486126125,-0.34685772744963744,-6.244984788248098,5.652768061004464,0.46965,0.24299539079490406,0.5901875959198053
senate-id,SEN,ID,0,False,same_party,Jim Risch,R,-1,,Jim Risch,R,-37.52184118025308,0.0,-2.4760069518199472,,,,,0.0,-0.3195,,,,,,,,,,0.0,,
senate-il,SEN,IL,0,False,standard,Dick Durbin,D,0,Juliana Stratton,Don Tracy,,11.135530816543426,2.0,,0.8700654221035241,0.30111637649973816,0.0,0.0,0.0,0.0,0.0,1.0,10.16279540983687,0.15,0.4097655453760131,19.61067668909715,15.721295980646318,5.957622711054906,25.526842122237813,0.9681,0.9608113599160643,0.7773090202488798
senate-ks,SEN,KS,0,False,standard,Roger Marshall,R,-1,Adam Hamilton,Roger Marshall,,-16.411473894550323,-3.0,-4.312270332201006,-0.3633284401757001,-1.025053533543853,-0.0,0.0,0.0,-0.1134999999999999,-0.0,12.0,2.033714896334219,0.08361555567724493,0.6014989072050049,-9.433919922866487,-2.540878824954068,-8.063299834319285,3.0545886333086956,0.2765,0.08397528283151558,0.6405786413947692
senate-ky,SEN,KY,0,False,standard,Mitch McConnell,R,0,Charles Booker,Andy Barr,,-31.02814203220417,-1.0,,-2.511890508194776,-0.2827642077821188,-0.0,0.0,15.495409793911385,0.0,0.0,2.0,-10.624852451515988,0.11000007509554062,0.4544685848898278,-23.40388836889522,-17.625380395345996,-27.009522211823924,-8.218352080127655,0.0197,0.017824097646174913,0.19177283291444006
senate-la,SEN,LA,0,False,standard,Bill Cassidy,R,0,Jamie Davis,Julia Letlow,,-22.357020818831867,-2.0,,-1.1327858035556986,-1.2789629668819613,-0.0,0.0,0.0,0.0,0.0,2.0,-7.880508749719533,0.08588336902617334,0.5760529496318522,-15.512289387106247,-11.031929217675032,-19.538619765039908,-2.5949325513297543,0.05575,0.08197760685118605,0.206213119784604
senate-ma,SEN,MA,0,False,standard,Ed Markey,D,1,Ed Markey,John Deaton,,25.910638840838516,3.0,0.5085556465280519,1.8615419235886217,0.0013631539463988826,0.0,-0.0,-10.492920014718209,0.072,0.0,11.0,24.02732811442536,0.19854797450131403,0.4682025223159754,35.492947419647535,30.10831621812457,24.028984539624698,36.20993693778352,0.99975,0.9999999017355556,0.9995298205353207
senate-me,SEN,ME,0,False,standard,Susan Collins,R,-1,Troy Jackson,Susan Collins,,7.08861163994892,-2.0,17.18453938781839,,0.0,-0.0,0.0,0.0,-0.9685,-0.0,21.0,1.7119744589546777,0.04196718570577932,0.6770354750902122,8.221696826539008,3.8310383408770576,-1.3315763003930818,9.046184297277561,0.83325,0.8854546262770691,0.6370691458938299
senate-mi,SEN,MI,0,False,standard,Gary Peters,D,0,Abdul El-Sayed,Mike Rogers,,-1.4424736578339323,-2.0,,0.2325586573104284,0.7735613163897866,-0.0,0.0,2.7641752741633407,0.0444999999999999,0.0,46.0,3.261799690731461,0.0686932271440551,0.840131152266786,7.628969241248543,3.963633601174806,-1.6841361435419497,9.705205527946143,0.8196,0.7531314360559849,0.7381958445051916
senate-mn,SEN,MN,0,False,standard,Tina Smith,D,0,Peggy Flanagan,Michele Tafoya,,4.343404352188957,2.0,,0.2072829546676579,0.317003131568413,0.0,0.0,0.0,0.0,0.0,11.0,2.197829781599167,0.10977826604336943,0.7839508990478761,12.922150623216144,4.504590628751056,-1.8254311245110617,10.891103676739913,0.82195,0.8768631585537617,0.6421879691810691
senate-ms,SEN,MS,0,False,standard,Cindy Hyde-Smith,R,-1,Scott Colom,Cindy Hyde-Smith,,-23.145028211183686,-2.0,-7.978080670910353,-0.87337473076951,-1.01536809836457,-0.0,0.0,0.0,0.1634999999999999,0.0,3.0,-8.569713145151697,0.11995691357942563,0.2771646019403707,-15.099841667559106,-13.260458404643845,-20.28829729138604,-6.29572268545958,0.0144,0.013653082770599298,0.21412241248425568
senate-mt,SEN,MT,0,False,standard,Steve Daines,R,0,Alani Bankhead,Kurt Alme,,-20.5780970401637,0.0,,-3.100094666159993,-4.737513221505197,0.0,0.0,0.0,0.0,0.0,10.0,-24.777696328415786,0.35050894585997655,0.6406658424403383,-17.15810905911415,-21.9221734819394,-29.868895170654252,-14.146537041308786,0.00375,0.06185095462243052,0.0016651576422319707
senate-nc,SEN,NC,0,False,standard,Thom Tillis,R,0,Roy Cooper,Michael Whatley,,-3.260680202600806,3.0,,1.130924536490559,4.370090698087277,0.0,0.0,2.8002416298553774,0.0,0.0,40.0,10.204938114579535,0.08959773106161972,0.8226518606470564,9.41122721984833,10.04348004224006,4.044044750447782,16.100912548259057,0.9763,0.8007303153271687,0.9702680667341319
senate-ne,SEN,NE,0,False,independent,Pete Ricketts,R,0,,Pete Ricketts,Dan Osborn,-20.840683303897794,-3.0,,,0.0,-0.0,0.0,0.0,0.0,0.0,15.0,-0.8124719773112059,0.06422347507408857,0.8495681455786982,-2.6879463592000916,-1.0768623656893286,-7.1929936933180185,5.121922550312401,0.40985,0.4159028916816512,0.44237818141229446
senate-nh,SEN,NH,0,False,standard,Jeanne Shaheen,D,0,Chris Pappas,John E. Sununu,,2.821214946726764,-1.0,,1.3443960496856378,2.6357688370135413,-0.0,0.0,0.0,0.0,0.0,26.0,6.831202977017674,0.07894452474659688,0.8235190301053955,13.731699879371398,8.04034410161593,2.001267208999646,14.088289040847066,0.9532,0.8910273909945685,0.8972246604791637
senate-nj,SEN,NJ,0,False,standard,Cory Booker,D,1,Cory Booker,Justin Murphy,,6.027747433233515,2.0,1.8359211034842104,6.424778117547163,2.1073355581967443,0.0,0.0,0.0,-0.6555,-0.0,,,,0.0,18.56710074875505,18.595984792537372,10.757298982134575,26.502956713837953,0.9926,0.996680015073761,
senate-nm,SEN,NM,0,False,standard,Ben Ray Luján,D,1,Ben Ray Luján,Larry Marker,,6.141812228647307,3.0,,4.998948239051213,2.345223469338584,0.0,0.0,0.0,0.032,0.0,2.0,17.51284871363374,0.09844072518092349,0.6878369543642773,18.330284029764552,17.83074796527307,10.393746051713114,25.357487645931588,0.99295,0.9499959615134425,0.9891800641035868
senate-oh-special,SEN,OH,0,True,standard,Jon Husted,R,-1,Sherrod Brown,Jon Husted,,-11.313229427274072,0.0,,0.9874911283901482,3.9208445551851776,0.0,0.0,3.135714439187865,-0.0179999999999999,-0.0,31.0,3.9214752623828213,0.07959587315553206,0.8268036107943374,-0.7163910222514557,3.161265972813787,-2.712208076324931,9.113494617148366,0.7586,0.47436753353026007,0.7687362923483935
senate-ok,SEN,OK,0,False,standard,Alan Armstrong,R,0,N'Kiyla Jasmine Thomas,Kevin Hern,,-34.94008381234161,-2.0,,-4.733979580565153,-0.08244694748135546,-0.0,0.0,0.0,0.0,0.0,1.0,-24.073610419175843,0.26,0.40855415764518394,-27.241817659196375,-25.961994015046862,-35.69440849117543,-16.271368904994723,0.0054,0.00722113070545946,0.03579634760208544
senate-or,SEN,OR,0,False,standard,Jeff Merkley,D,1,Jeff Merkley,David Brock Smith,,14.866116069775194,2.0,3.023806470271399,4.401444948859762,0.14917555503602595,0.0,0.0,0.0,-0.2629999999999999,-0.0,,,,0.0,25.688241885654087,25.66857783562229,17.759641566589877,33.44514110174952,0.99785,0.9999146109285001,
senate-ri,SEN,RI,0,False,standard,Jack Reed,D,1,Jack Reed,Raymond McKay,,14.162406267890672,2.0,13.344478460004396,3.4593541539465287,0.05630965712470888,0.0,0.0,0.0,0.3065,0.0,4.0,19.123108309729737,0.14868028055190596,0.4557757498167261,28.208343862926284,24.092408840950547,17.987625396318613,30.255179787957104,0.99945,0.9999815460152458,0.9949508928013285
senate-sc,SEN,SC,0,False,standard,Darline Graham,R,-1,Annie Andrews,Darline Graham,,-18.123365227038146,-3.0,-2.800733662357596,3.371677357151427,6.311083402456782,-0.0,0.0,0.0,0.0,0.0,9.0,-0.4942979133584767,0.10979626391426564,0.5453506521957223,-4.317779257121349,-2.219621000977928,-8.088489518836234,3.530161452614459,0.3104,0.2638857615673888,0.4690103440570441
senate-sd,SEN,SD,0,False,same_party,Mike Rounds,R,-1,,Mike Rounds,R,-29.890199073853058,0.0,3.237586778515133,,,,,0.0,-0.1885000000000001,,,,,,,,,,0.0,,
senate-tn,SEN,TN,0,False,standard,Bill Hagerty,R,-1,Marquita Bradshaw,Bill Hagerty,,-30.121099654993333,-3.0,2.751456219205909,-6.430701456889573,-0.20212641667223638,-0.0,0.0,-2.751456219205909,0.1665000000000001,0.0,1.0,-20.222989895357895,0.18,0.2966579271194444,-24.869941522530148,-23.487535892120867,-30.275181442565103,-16.460356982078142,0.0014,0.00014018291551264205,0.02508683418944743
senate-tx,SEN,TX,0,False,standard,John Cornyn,R,0,James Talarico,Ken Paxton,,-13.878067801618457,-1.0,,2.00170832364325,7.407407274442782,-0.0,0.0,0.0,0.0,0.0,46.0,3.4002436370651425,0.06342611878367012,0.8438922438479964,1.7821283730942719,3.163799288597975,-2.684701839437942,8.936133149014791,0.759,0.563495726178284,0.7495609632746396
senate-va,SEN,VA,0,False,standard,Mark Warner,D,1,Mark Warner,Bert Mizusawa,,5.891296826702209,3.0,3.1498030586139123,4.179985577981367,1.9730709162723983,0.0,0.0,0.0,0.211,0.0,2.0,17.57555405649813,0.1692373502309966,0.274562065455181,18.718334501271595,18.396430267984947,11.516802944220775,25.430097170331262,0.9959,0.99689439107205,0.9469625595465928
senate-wv,SEN,WV,0,False,standard,Shelley Moore Capito,R,-1,Rachel Fetty Anderson,Shelley Moore Capito,,-42.687784560047604,-2.0,3.5317300493123085,-4.71739321730529,-0.0006300667518395188,-0.0,0.0,0.0,-0.3605,-0.0,,,,0.0,-37.94136794278302,-38.002884627886345,-45.85797982879794,-30.004019176644597,0.00075,1.542326820327926e-08,
senate-wy,SEN,WY,0,False,standard,Cynthia Lummis,R,0,James W. Byrd,Harriet Hageman,,-46.95834604821483,-1.0,,-4.268705561410005,-0.00024684150692771116,-0.0,-0.0,-0.24938302490707986,0.0,0.0,,,,0.0,-39.67944808507473,-39.61066939422309,-52.067359560851486,-27.407737950193436,0.0039,0.00018108782587408242,
