race_id,office,state_po,district,special,race_type,incumbent,incumbent_party,inc_side,dem_candidate,rep_candidate,race_note,pres24,quality_diff,prior_edge,poll_count,poll_avg,poll_weight,fundamentals_mean,margin_median,margin_p10,margin_p90,p_dem
governor-ak,GOV,AK,0,False,rcv_bloc,Mike Dunleavy,R,0,Jonathan Kreiss-Tomkins,Dave Bronson; Treg Taylor; Bernadette Wilson,,-13.69312508474994,-1.0,,,,0.0,-6.336728097403443,-6.429796879478138,-17.498944227279342,4.737375684063563,0.23235
governor-al,GOV,AL,0,False,standard,Kay Ivey,R,0,Doug Jones,Tommy Tuberville,,-30.88122385938789,0.0,,2.0,-8.888921648244562,0.4768267760779878,-22.871977014634915,-16.20248094427484,-24.37590583848395,-8.000539626652992,0.006
governor-ar,GOV,AR,0,False,standard,Sarah Huckabee Sanders,R,-1,Fredrick Love,Sarah Huckabee Sanders,,-31.33998647229675,-2.0,-7.255158514818348,1.0,-5.882352941176471,0.50711126323288,-25.873957583499926,-15.720347802036278,-23.34097315950131,-8.179501971416682,0.0036
governor-az,GOV,AZ,0,False,standard,Katie Hobbs,D,1,Katie Hobbs,Andy Biggs,,-5.588317921733368,1.0,7.6689197284775075,21.0,8.51940411980392,0.6454196591567584,13.746820988130656,10.462986028543586,3.8600783326596764,17.005205847309547,0.97975
governor-ca,GOV,CA,0,False,standard,Gavin Newsom,D,0,Xavier Becerra,Steve Hilton,,20.80028514359668,2.0,,7.0,25.479134322855746,0.6630717737257509,30.864247901042145,27.3800975810046,20.650037662341802,33.98551966968163,1.0
governor-co,GOV,CO,0,False,standard,Jared Polis,D,0,Phil Weiser,Victor Marx,,11.293083462132921,2.0,,,,0.0,21.56464958332424,21.61262232412829,10.524720897934582,32.48944124822872,0.99435
governor-ct,GOV,CT,0,False,standard,Ned Lamont,D,1,Ned Lamont,Ryan Fazio,,14.756464972518335,2.0,-0.0977415708014532,8.0,15.48960122790455,0.64341494792737,30.00174321802867,20.77496301773126,14.078581905307061,27.191140207219494,1.0
governor-fl,GOV,FL,0,False,standard,Ron DeSantis,R,0,David Jolly,Byron Donalds,,-13.22213886698459,0.0,,17.0,0.840960536085278,0.650595849726602,-4.860982673253814,-1.1494797374345198,-7.900497414317258,5.783720111725915,0.4144
governor-ga,GOV,GA,0,False,standard,Brian Kemp,R,0,Keisha Lance Bottoms,Rick Jackson,,-2.2087323027962817,2.0,,13.0,-1.4105002901216965,0.672060758648903,8.19323954400268,1.7701487219511836,-4.949533399165672,8.3820180760962,0.63365
governor-hi,GOV,HI,0,False,standard,Josh Green,D,1,Josh Green,Gary Cordery,,23.560651661222998,3.0,3.573901658995034,,,0.0,41.89836706767881,41.77813607977831,31.17394746304584,52.56129440893989,1.0
governor-ia,GOV,IA,0,False,standard,Kim Reynolds,R,0,Rob Sand,Zach Lahn,,-13.445597709596235,2.0,,16.0,9.45823105130365,0.6698111555313334,-3.0866683913660196,5.370877088966372,-1.216472762285269,11.965931401337912,0.8527
governor-id,GOV,ID,0,False,standard,Brad Little,R,-1,Terri Pickens,Brad Little,,-37.52184118025308,-3.0,10.678948086950449,2.0,-17.265480788404634,0.5601145859694246,-44.56687395311686,-29.265576632975908,-36.4897289400758,-21.943829599267684,0.0
governor-il,GOV,IL,0,False,standard,JB Pritzker,D,1,JB Pritzker,Darren Bailey,,11.135530816543426,2.0,2.886310352395446,1.0,22.72727272727273,0.017201569001713008,28.32811619371411,28.251968408389473,17.553742688937994,38.726899209011656,0.9999
governor-ks,GOV,KS,0,False,standard,Laura Kelly,D,0,Cindy Holscher,Ty Masterson,,-16.411473894550323,0.0,,4.0,-5.356291301230189,0.6052271859391701,-8.087436474006642,-6.396691934876807,-13.54502069179697,0.8239333258125991,0.12815
governor-ma,GOV,MA,0,False,standard,Maura Healey,D,1,Maura Healey,Mike Minogue,,25.910638840838516,3.0,2.753934390717476,9.0,20.40281591020408,0.6222124359180691,43.659397483827874,29.224479006524348,22.48612391904122,35.974224856413144,1.0
governor-md,GOV,MD,0,False,standard,Wes Moore,D,1,Wes Moore,Dan Cox,,29.509514054361844,2.0,6.794727593636114,1.0,26.237078651685398,0.37064351830621073,48.68226674546987,40.299355727312516,31.659584673630583,48.86862051714357,1.0
governor-me,GOV,ME,0,False,standard,Janet Mills,D,0,Hannah Pingree,Robert B. Charles,,7.08861163994892,1.0,,10.0,12.670401121572521,0.6667265011259247,16.42172118603192,13.935344934746974,7.26710559159564,20.604613866401273,0.99635
governor-mi,GOV,MI,0,False,standard,Gretchen Whitmer,D,0,Jocelyn Benson,John James,,-1.4424736578339323,0.0,,31.0,9.328212391971922,0.6769519095708809,6.957362593881598,8.562889793447525,2.0756497105108274,15.086657483264494,0.9531
governor-mn,GOV,MN,0,False,standard,Tim Walz,D,0,Amy Klobuchar,Lisa Demuth,,4.343404352188957,2.0,,9.0,10.412255049603026,0.6529631123297452,14.706537822230064,11.939941033707155,5.1429143873325875,18.676351295232337,0.98795
governor-ne,GOV,NE,0,False,standard,Jim Pillen,R,-1,Lynne Walz,Jim Pillen,,-20.840683303897794,-2.0,-2.469834530157563,7.0,-14.048723079877048,0.5686468383574083,-18.131357880077633,-15.749191148566204,-22.92704595665268,-8.668668067304855,0.0026
governor-nh,GOV,NH,0,False,standard,Kelly Ayotte,R,-1,Cinde Warmington,Kelly Ayotte,,2.821214946726764,-2.0,,8.0,-11.059804984396198,0.6583329702157693,4.097511852737391,-5.852333342514175,-12.566276031540422,0.8800162754959593,0.13435
governor-nm,GOV,NM,0,False,standard,Michelle Lujan Grisham,D,0,Deb Haaland,Gregg Hull,,6.141812228647307,0.0,,3.0,11.38486828967219,0.5766123041566414,14.486187544032859,12.795961606267419,5.473201446319417,20.15448843162273,0.9867
governor-nv,GOV,NV,0,False,standard,Joe Lombardo,R,-1,Aaron Ford,Joe Lombardo,,-3.1590179085170167,-1.0,-3.308540504868871,12.0,1.259657801606129,0.6043357050028302,1.2290917232427256,1.2592887212374726,-5.528007596709662,8.266259821083398,0.59165
governor-ny,GOV,NY,0,False,standard,Kathy Hochul,D,1,Kathy Hochul,Bruce Blakeman,,12.689486117138935,2.0,-9.922834376338225,24.0,14.310294049709448,0.6497419000584681,21.78509173520823,16.90999575073104,10.343201274554216,23.43817516765182,0.9998
governor-oh,GOV,OH,0,False,standard,Mike DeWine,R,0,Amy Acton,Vivek Ramaswamy,,-11.313229427274072,0.0,,20.0,2.02566462117062,0.6547717255234935,-2.935335693756014,0.3120830048146829,-6.436883549226597,7.017271624227723,0.52325
governor-ok,GOV,OK,0,False,standard,Kevin Stitt,R,0,Cyndi Munson,Mike Mazzei,,-34.94008381234161,0.0,,,,0.0,-27.063065763231144,-26.967806591418682,-38.18359007666043,-15.84607219758615,0.0008
governor-or,GOV,OR,0,False,standard,Tina Kotek,D,1,Tina Kotek,Christine Drazan,,14.866116069775194,2.0,-5.526093298493672,4.0,-2.254545598334337,0.5250809721243118,26.689278598380927,11.598664224880075,3.9699572887322674,19.144412183198558,0.97255
governor-pa,GOV,PA,0,False,standard,Josh Shapiro,D,1,Josh Shapiro,Stacy Garrity,,-1.7263846921271542,1.0,21.18005203479529,17.0,23.390107648746987,0.647948756366116,26.117750339900002,24.332908410058465,17.794189158809804,30.8606407250127,1.0
governor-ri,GOV,RI,0,False,standard,Dan McKee,D,0,Helena Foulkes,Aaron Guckian,,14.162406267890672,0.0,,3.0,43.782086270565785,0.6096675530005846,22.381255330817535,35.491113371369586,28.427202392831322,42.653910475512184,1.0
governor-sc,GOV,SC,0,False,standard,Henry McMaster,R,0,Jermaine Johnson,Alan Wilson,,-18.123365227038146,-1.0,,2.0,-13.013968531328722,0.4669381531612866,-10.824003777784444,-11.856156388175382,-20.154907182959647,-3.6065366585852257,0.0331
governor-sd,GOV,SD,0,False,standard,Larry Rhoden,R,-1,Dan Ahlers,Larry Rhoden,,-29.890199073853058,-2.0,,,,0.0,-28.951625411094295,-28.829841625215654,-39.87936049147624,-17.889040178491353,0.0004
governor-tn,GOV,TN,0,False,standard,Bill Lee,R,0,Jerri Green,Marsha Blackburn,,-30.121099654993333,-2.0,,4.0,-15.837143905714893,0.5616516478825752,-24.089255587638362,-19.448283793792967,-26.94626205099313,-11.843242572847421,0.0006
governor-tx,GOV,TX,0,False,standard,Greg Abbott,R,-1,Gina Hinojosa,Greg Abbott,,-13.878067801618457,-2.0,-1.9361693870652523,36.0,-2.6548389551074543,0.666246061914097,-11.403821190596846,-5.5738379399678095,-12.070677172064695,0.9120419927818889,0.1309
governor-vt,GOV,VT,0,False,standard,Phil Scott,R,-1,Amanda Janoo,Phil Scott,,32.77043577168019,-3.0,52.4168414249714,3.0,5.344244281912029,0.5928333177980234,-0.6816394339898172,2.868108845881997,-4.097881918136657,9.814405660913478,0.6997
governor-wi,GOV,WI,0,False,standard,Tony Evers,D,0,David Crowley,Tom Tiffany,,-0.8733887823450505,-1.0,,9.0,3.9993085358801888,0.6435581878475862,6.524447045440955,4.954919659523318,-1.9031773716595606,11.850604738357747,0.82195
governor-wy,GOV,WY,0,False,standard,Mark Gordon,R,0,Kenneth Casner,Eric Barlow,,-46.95834604821483,-1.0,,,,0.0,-40.5888648409853,-40.642788076247825,-51.623251530629645,-29.520409858584618,0.0
house-ak-al,HOUSE,AK,0,False,rcv_bloc,Nick Begich III,R,-1,Eric Hafner,Nick Begich III,,-13.69312508474994,0.0,,2.0,-53.34684017766696,0.3460417064451374,-6.958373031289955,-23.003181653001064,-29.54475723324952,-16.46813880629228,0.0
house-al-1,HOUSE,AL,1,False,standard,None (new seat),,0,Clyde Jones Jr.,Jerry Carl,,-36.345566221179666,0.0,,,,0.0,-28.518886527382094,-28.459728594593418,-37.71908384999843,-19.26496596188558,0.0001
house-al-2,HOUSE,AL,2,False,standard,Shomari Figures,D,1,Shomari Figures,Rhett Marques,,-14.464028814208385,0.0,,3.0,-5.433213693441244,0.3324530649872272,-3.2571924357299427,-3.9421396699512914,-10.679577071540729,2.635132537283561,0.2214
house-al-3,HOUSE,AL,3,False,standard,Mike Rogers,R,-1,Lee McInnis,Mike Rogers,,-47.07264752025102,0.0,,,,0.0,-42.00883824678832,-41.86979401327859,-49.952141623316685,-33.883731532042155,0.0
house-al-4,HOUSE,AL,4,False,standard,Robert Aderholt,R,-1,Amanda Pusczek,Robert Aderholt,,-66.92238927771601,0.0,,,,0.0,-63.09221851763956,-63.01308348135589,-71.0938493594442,-55.005647115971556,0.0
house-al-5,HOUSE,AL,5,False,standard,Dale Strong,R,-1,Andrew Sneed,Dale Strong,,-29.494479149858233,0.0,,,,0.0,-23.743333274560072,-23.746180002554112,-31.71739690068231,-15.769499040320067,0.00015
house-al-6,HOUSE,AL,6,False,standard,Gary Palmer,R,-1,Maurice Mercer,Gary Palmer,,-34.997225548319264,0.0,,,,0.0,-29.422168549326212,-29.279621039520393,-37.42642007200097,-21.34406596882312,0.0
house-al-7,HOUSE,AL,7,False,standard,Terri Sewell,D,1,Terri Sewell,Ammie Akin,,17.94825384375597,0.0,,,,0.0,28.45267200796943,28.459326984375842,20.534443758118446,36.4599453796689,1.0
house-ar-1,HOUSE,AR,1,False,standard,Rick Crawford,R,-1,Terri Green,Rick Crawford,,-46.175871865422906,0.0,,,,0.0,-41.06799416861296,-41.10889891945486,-49.066044845455096,-33.17374687551425,0.0
house-ar-2,HOUSE,AR,2,False,standard,French Hill,R,-1,Chris Jones,French Hill,,-15.914419225205982,0.0,,2.0,4.327724528560003,0.33731710537572773,-9.508195681554449,-4.8775227002813395,-11.554726512381936,1.7240375416408524,0.1743
house-ar-3,HOUSE,AR,3,False,standard,Steve Womack,R,-1,Robb Ryerse,Steve Womack,,-25.590736769421778,0.0,,,,0.0,-19.729216093539453,-19.720309741236832,-27.685549260740654,-11.834755061137535,0.001
house-ar-4,HOUSE,AR,4,False,standard,Bruce Westerman,R,-1,James Russell,Bruce Westerman,,-40.66097964677422,0.0,,,,0.0,-35.30373466496113,-35.3888220389276,-43.31256642764237,-27.40448645019172,0.0
house-az-1,HOUSE,AZ,1,False,standard,David Schweikert,,0,Amish Shah,Jay Feely,,-3.136835928138348,0.0,,,,0.0,8.187563966813185,8.209505931438486,-0.9208606144129378,17.609009463824275,0.87445
house-az-2,HOUSE,AZ,2,False,standard,Eli Crane,R,-1,Jonathan Nez,Eli Crane,,-15.120247407676915,0.0,,3.0,-6.962231384206696,0.3336984296238741,-8.610477361990942,-8.017744278381901,-14.66205640913282,-1.3062833483989096,0.06235
house-az-3,HOUSE,AZ,3,False,same_party,Yassamin Ansari,D,1,Yassamin Ansari,,D,40.30739381027563,0.0,,,,,,,,,1.0
house-az-4,HOUSE,AZ,4,False,standard,Greg Stanton,D,1,Greg Stanton,Zuhdi Jasser,,6.762673080066313,0.0,,,,0.0,18.91546806922377,18.925193950680125,11.086264285721002,26.957825011538652,0.999
house-az-5,HOUSE,AZ,5,False,standard,Andy Biggs,,0,Elizabeth Lee,Mark Lamb,,-20.192893032045866,0.0,,,,0.0,-11.836703744622287,-11.848513035749892,-20.980506188918657,-2.575381458121763,0.0494
house-az-6,HOUSE,AZ,6,False,standard,Juan Ciscomani,R,-1,JoAnna Mendoza,Juan Ciscomani,,-0.7577863175811479,0.0,,3.0,-3.0952544028811984,0.2978019979213209,8.32311427585776,4.901415595551059,-1.8175015947835071,11.76759721338011,0.8221
house-az-7,HOUSE,AZ,7,False,standard,Adelita Grijalva,D,1,Adelita Grijalva,Daniel Butierez,,22.388102593577123,0.0,,,,0.0,32.718237965705704,32.76438953759639,24.706211446422945,40.54332719163579,1.0
house-az-8,HOUSE,AZ,8,False,standard,Abraham Hamadeh,R,-1,Bernadette Greene-Placentia,Abraham Hamadeh,,-16.479945618728582,0.0,,,,0.0,-10.13871652003314,-10.070832190018873,-18.09800852232205,-2.169516959557617,0.0529
house-az-9,HOUSE,AZ,9,False,standard,Paul Gosar,R,-1,Dani Sterbinsky,Paul Gosar,,-31.342610456055603,0.0,,,,0.0,-25.64700521670374,-25.670998031348987,-33.54861706193582,-17.715061976195127,0.0
house-ca-1,HOUSE,CA,1,False,standard,James Gallagher,R,-1,Mike McGuire,James Gallagher,,12.629463408737175,0.0,,,,0.0,18.985003834334734,19.028414884468127,11.122231617998043,26.925206679779137,0.99875
house-ca-2,HOUSE,CA,2,False,standard,Jared Huffman,D,1,Jared Huffman,Robin Littau,,25.44160337217163,0.0,,,,0.0,35.672390787691434,35.81385022671289,27.828247056509362,43.628363927668005,1.0
house-ca-3,HOUSE,CA,3,False,standard,Ami Bera,D,1,Ami Bera,Robb Tucker,,10.524576177817453,0.0,,,,0.0,21.815370670443798,21.807050169779906,13.881939406482815,29.903049056056588,0.9998
house-ca-4,HOUSE,CA,4,False,same_party,Mike Thompson,D,1,Eric Jones; Mike Thompson,,D,14.94839647088782,0.0,,,,,,,,,1.0
house-ca-5,HOUSE,CA,5,False,standard,Tom McClintock,R,-1,Michael Masuda,Tom McClintock,,-21.235866123925824,0.0,,,,0.0,-15.228905293616611,-15.173652047798221,-23.11484503522762,-7.205271338537889,0.00685
house-ca-6,HOUSE,CA,6,False,independent,Kevin Kiley,,0,Richard Pan,,Kevin Kiley,8.682513359130274,0.0,,1.0,5.405405405405405,0.47090676465304343,18.05820068515932,12.144661408412741,4.256714241963594,20.01875011638147,0.977
house-ca-7,HOUSE,CA,7,False,same_party,Doris Matsui,D,1,Doris Matsui; Mai Vang,,D,13.242240467285542,0.0,,,,,,,,,1.0
house-ca-8,HOUSE,CA,8,False,standard,John Garamendi,D,1,John Garamendi,Rudy Recile,,35.16151506846601,0.0,,,,0.0,45.03618401874281,44.99180932936102,36.98346192617853,52.88238033297778,1.0
house-ca-9,HOUSE,CA,9,False,standard,Josh Harder,D,1,Josh Harder,John McBride,,11.79306950489872,0.0,,,,0.0,22.86856291034788,22.915202111126483,14.924932419913803,30.986706991059332,0.99995
house-ca-10,HOUSE,CA,10,False,standard,Mark DeSaulnier,D,1,Mark DeSaulnier,Jeff Frese,,34.70519851744464,0.0,,,,0.0,44.59860430766422,44.641133009678555,36.744021902359755,52.682973005934215,1.0
house-ca-11,HOUSE,CA,11,False,same_party,Nancy Pelosi,,0,Connie Chan; Scott Wiener,,D,70.62364833844883,0.0,,,,,,,,,1.0
house-ca-12,HOUSE,CA,12,False,same_party,Lateefah Simon,D,1,Jamie Joyce; Lateefah Simon,,D,77.64166603414307,0.0,,,,,,,,,1.0
house-ca-13,HOUSE,CA,13,False,standard,Adam Gray,D,1,Adam Gray,Kevin Lincoln,,0.38467032128098666,0.0,,,,0.0,13.972132378826418,14.04128576636758,5.8969046111572325,21.859200834171485,0.98755
house-ca-14,HOUSE,CA,14,False,same_party,Aisha Wahab,D,1,Melissa Hernandez; Aisha Wahab,,D,36.20284739037839,0.0,,,,,,,,,1.0
house-ca-15,HOUSE,CA,15,False,standard,Kevin Mullin,D,1,Kevin Mullin,Charles Hoelter,,49.63592027213561,0.0,,,,0.0,58.81032520509648,58.81862038929191,50.93233997849986,66.72897239477668,1.0
house-ca-16,HOUSE,CA,16,False,standard,Sam Liccardo,D,1,Sam Liccardo,Peter Soulé,,49.88409390678165,0.0,,,,0.0,59.04472325356847,59.02820012877818,51.19729764781391,66.96559976250012,1.0
house-ca-17,HOUSE,CA,17,False,standard,Ro Khanna,D,1,Ro Khanna,Ritesh Tandon,,40.74153179236477,0.0,,,,0.0,50.370455234226895,50.486024675605734,42.58921757146819,58.231014776666804,1.0
house-ca-18,HOUSE,CA,18,False,standard,Zoe Lofgren,D,1,Zoe Lofgren,Shane Lewis,,29.36942888310379,0.0,,,,0.0,39.46670327651717,39.588849977388676,31.652288497006786,47.38965765954968,1.0
house-ca-19,HOUSE,CA,19,False,standard,Jimmy Panetta,D,1,Jimmy Panetta,Peter Coe Verbica,,35.65620730686175,0.0,,,,0.0,45.510330779753325,45.5358634839222,37.678762773077715,53.355355901738726,1.0
house-ca-20,HOUSE,CA,20,False,standard,Vince Fong,R,-1,Sandra Van Scotter,Vince Fong,,-32.974775522914825,0.0,,,,0.0,-27.331143313651708,-27.335422468681962,-35.27393205907833,-19.42033248744567,0.0
house-ca-21,HOUSE,CA,21,False,standard,Jim Costa,D,1,Jim Costa,Kyle Kirkland,,6.132521905498509,0.0,,,,0.0,18.452386255775053,18.519647981259897,10.45078050213366,26.476345345935865,0.99885
house-ca-22,HOUSE,CA,22,False,standard,David Valadao,R,-1,Randy Villegas,David Valadao,,-1.904550659129194,0.0,,1.0,-1.0521739130434788,0.30943671452611415,7.191746918633607,4.655420304168554,-1.9851062828823756,11.31863433073129,0.81325
house-ca-23,HOUSE,CA,23,False,standard,Jay Obernolte,R,-1,Tessa Lynn Hodge,Jay Obernolte,,-19.916752765341304,0.0,,,,0.0,-13.845872341471505,-13.717033217802808,-21.650514026929812,-5.7685299141427295,0.0136
house-ca-24,HOUSE,CA,24,False,standard,Salud Carbajal,D,1,Salud Carbajal,Bob Smith,,25.739617194559514,0.0,,,,0.0,35.960651577480576,35.98880866796517,28.16972857507234,43.88510035755042,1.0
house-ca-25,HOUSE,CA,25,False,standard,Raul Ruiz,D,1,Raul Ruiz,Joe Males,,5.945627014024418,0.0,,,,0.0,18.31548516483171,18.37346800719002,10.466920798016842,26.320880097905164,0.9986
house-ca-26,HOUSE,CA,26,False,standard,Julia Brownley,,0,Jacqui Irwin,Sam Gallucci,,15.718925391005014,0.0,,,,0.0,24.06025560408035,24.12670794028227,14.8866968605451,33.25915045199797,0.9994
house-ca-27,HOUSE,CA,27,False,standard,George T. Whitesides,,0,George Whitesides,Jason Gibbs,,10.031526860467544,0.0,,,,0.0,19.117128090541577,19.088494216557677,9.905651879818754,28.30117459120626,0.99655
house-ca-28,HOUSE,CA,28,False,standard,Judy Chu,D,1,Judy Chu,April Verlato,,26.1481226056064,0.0,,,,0.0,36.355711981403715,36.41605648243318,28.52365532640393,44.36127283843346,1.0
house-ca-29,HOUSE,CA,29,False,same_party,Luz Rivas,D,1,Angelica Dueñas; Luz Rivas,,D,34.707532916037124,0.0,,,,,,,,,1.0
house-ca-30,HOUSE,CA,30,False,standard,Laura Friedman,D,1,Laura Friedman,Scott Meyers,,41.437251814842114,0.0,,,,0.0,51.03339114960107,51.12189443330476,43.1448928605577,58.99521901279637,1.0
house-ca-31,HOUSE,CA,31,False,standard,Gil Cisneros,D,1,Gil Cisneros,Eric Ching,,12.60519627223948,0.0,,,,0.0,23.563981110404317,23.53682029483315,15.642517130666043,31.519925973145863,0.99995
house-ca-32,HOUSE,CA,32,False,standard,Brad Sherman,D,1,Brad Sherman,Larry Thompson,,25.747546353027406,0.0,,,,0.0,35.96832063854481,36.00766869436488,28.054392293955797,43.92611976163044,1.0
house-ca-33,HOUSE,CA,33,False,standard,Pete Aguilar,D,1,Pete Aguilar,Stephanie Vargas,,10.074713405340932,0.0,,,,0.0,21.451763077036595,21.499709520874866,13.57634330490547,29.476636565803716,0.9997
house-ca-34,HOUSE,CA,34,False,same_party,Jimmy Gomez,D,1,Jimmy Gomez; Angela Gonzales-Torres,,D,53.04146587963031,0.0,,,,,,,,,1.0
house-ca-35,HOUSE,CA,35,False,standard,Norma Torres,D,1,Norma Torres,Mike Cargile,,8.045128888677315,0.0,,,,0.0,19.872112835590244,19.93729888216116,12.002961750798642,27.788071199038,0.99915
house-ca-36,HOUSE,CA,36,False,standard,Ted Lieu,D,1,Ted Lieu,Houston Brignano,,40.42823555904659,0.0,,,,0.0,50.07176771447704,50.08795185507378,42.31433863444408,57.93252010302272,1.0
house-ca-37,HOUSE,CA,37,False,same_party,Sydney Kamlager-Dove,D,1,Sydney Kamlager-Dove; Samantha Mota,,D,62.30874203046086,0.0,,,,,,,,,1.0
house-ca-38,HOUSE,CA,38,False,standard,None (new seat),,0,Hilda Solis,Pedro Casas,,12.742118430048967,0.0,,,,0.0,21.382776829586913,21.529341113438317,12.22186362651865,30.58121615979145,0.9982
house-ca-39,HOUSE,CA,39,False,standard,Mark Takano,D,1,Mark Takano,Steve Manos,,9.780058137498687,0.0,,,,0.0,21.21638694619415,21.23564384927386,13.271810751866546,29.278968612567137,0.99975
house-ca-40,HOUSE,CA,40,False,same_party,Young Kim,R,-1,,Ken Calvert; Young Kim,R,-12.603878865212948,0.0,,,,,,,,,0.0
house-ca-41,HOUSE,CA,41,False,standard,Linda Sánchez,D,1,Linda Sánchez,Mitch Clemmons,,14.644434716860998,0.0,,,,0.0,25.37496560437816,25.412380059867004,17.48075811790794,33.286422837965446,1.0
house-ca-42,HOUSE,CA,42,False,standard,Robert Garcia,D,1,Robert Garcia,Brian Burley,,13.56070313007434,0.0,,,,0.0,24.401793511757273,24.441884896686993,16.399131132857256,32.432696182424415,1.0
house-ca-43,HOUSE,CA,43,False,standard,Maxine Waters,D,1,Maxine Waters,Cristian Morales,,50.587898039106896,0.0,,,,0.0,59.70914046743843,59.75836517322841,51.75564885299045,67.67797990768193,1.0
house-ca-44,HOUSE,CA,44,False,standard,Nanette Barragán,D,1,Nanette Barragán,Genevieve Angel,,36.31627653527624,0.0,,,,0.0,46.14260904725031,46.163781265438516,38.51434643141669,54.08738250675593,1.0
house-ca-45,HOUSE,CA,45,False,standard,Derek Tran,D,1,Derek Tran,Chuong Vo,,4.054985173885471,0.0,,,,0.0,16.924248469371346,16.94609340364934,8.95364580757277,24.814033286910803,0.9964
house-ca-46,HOUSE,CA,46,False,standard,Lou Correa,D,1,Lou Correa,David Pan,,16.687679706845415,0.0,,,,0.0,27.262771711409798,27.253737960751486,19.410580714795433,35.17407212808533,1.0
house-ca-47,HOUSE,CA,47,False,standard,Dave Min,D,1,Dave Min,Jenny Le Roux,,10.467836596792077,0.0,,,,0.0,21.769224830640688,21.81809112293321,13.854885285201668,29.743124325682352,0.9999
house-ca-48,HOUSE,CA,48,False,standard,Darrell Issa,,0,Marni von Wilpert,Jim Desmond,,3.483522109969155,0.0,,1.0,3.4482758620689653,0.3966181295876516,14.194621975368912,9.970642485427268,2.6618162637440372,17.32794158459086,0.95955
house-ca-49,HOUSE,CA,49,False,standard,Mike Levin,D,1,Mike Levin,Armen Kurdian,,12.472724656910152,0.0,,,,0.0,23.449464082692696,23.495334961492116,15.533547742485629,31.43352745973346,0.99985
house-ca-50,HOUSE,CA,50,False,standard,Scott Peters,D,1,Scott Peters,Steve Cohen,,18.835035308251694,0.0,,,,0.0,29.297614842421645,29.278177513669213,21.34013354858898,37.20670339909629,1.0
house-ca-51,HOUSE,CA,51,False,standard,Sara Jacobs,D,1,Sara Jacobs,Ricardo Cabrera,,18.80325794580321,0.0,,,,0.0,29.267247050546032,29.22726229950138,21.33010629931465,37.14340866711623,1.0
house-ca-52,HOUSE,CA,52,False,standard,Juan Vargas,D,1,Juan Vargas,Jeff Belle,,18.041442893620868,0.0,,,,0.0,28.541199250035493,28.56988076138203,20.64749771468691,36.52149690577622,1.0
house-co-1,HOUSE,CO,1,False,standard,Diana DeGette,,0,Melat Kiros,Christy Peterson,,57.612736564272474,0.0,,,,0.0,64.01506790618869,64.01055492188252,54.72378549716532,73.09645976554702,1.0
house-co-2,HOUSE,CO,2,False,standard,Joe Neguse,D,1,Joe Neguse,Kelley Dennison,,40.91811325700261,0.0,,,,0.0,50.53876054383006,50.53451233130909,42.56842950035545,58.41684981167002,1.0
house-co-3,HOUSE,CO,3,False,standard,Jeff Hurd,R,-1,Dwayne Romero,Jeff Hurd,,-9.976649536268868,0.0,,1.0,-6.498901098901099,0.29907739574677317,-2.427041821498619,-3.5630489074916873,-10.324101337920828,3.1415796030576773,0.24665
house-co-4,HOUSE,CO,4,False,standard,Lauren Boebert,R,-1,Eileen Laubacher,Lauren Boebert,,-18.71337622079264,0.0,,,,0.0,-12.56829612718549,-12.622864807827204,-20.493919946178796,-4.545550478141003,0.0216
house-co-5,HOUSE,CO,5,False,standard,Jeff Crank,R,-1,Jessica Killin,Jeff Crank,,-9.337043356329268,0.0,,2.0,-6.523601899896462,0.29677968748991296,-1.6228574180412365,-3.0997423302609435,-9.882706736936562,3.7949358819206562,0.2756
house-co-6,HOUSE,CO,6,False,standard,Jason Crow,D,1,Jason Crow,Jason Clark,,20.360281044369106,0.0,,,,0.0,30.761141848113393,30.724048485701537,22.76595671187619,38.666166791465905,1.0
house-co-7,HOUSE,CO,7,False,standard,Brittany Pettersen,D,1,Brittany Pettersen,Tim Bennett,,15.41488104034284,0.0,,,,0.0,26.079618145459747,26.10838035788241,18.195389946536444,33.976981586235034,1.0
house-co-8,HOUSE,CO,8,False,standard,Gabe Evans,R,-1,Manny Rutinel,Gabe Evans,,-1.8800480977231158,0.0,,1.0,3.4723404255319146,0.2935388978727263,7.2167586674174435,6.076791720051348,-0.7099866901948663,12.941314808474782,0.8738
house-ct-1,HOUSE,CT,1,False,standard,John B. Larson,,0,Luke Bronin,Amy Chai,,23.26879227281734,0.0,,,,0.0,31.27004257240909,31.285465300977997,22.177375173993074,40.55135041695471,1.0
house-ct-2,HOUSE,CT,2,False,standard,Joe Courtney,D,1,Joe Courtney,George Austin,,7.856473409463372,0.0,,,,0.0,19.729760014710745,19.73115632068385,11.665229103693797,27.755755759960678,0.9992
house-ct-3,HOUSE,CT,3,False,standard,Rosa DeLauro,D,1,Rosa DeLauro,Chris Lancia,,14.332117484384685,0.0,,,,0.0,25.0922145146216,25.132191536149225,17.188763286324008,33.151495595180364,1.0
house-ct-4,HOUSE,CT,4,False,standard,Jim Himes,D,1,Jim Himes,Michael Goldstein,,23.729413954381982,0.0,,,,0.0,34.015722045540066,34.108252034057045,26.124987989991507,42.0350858424285,1.0
house-ct-5,HOUSE,CT,5,False,standard,Jahana Hayes,D,1,Jahana Hayes,Chris Shea,,5.675230760185784,0.0,,,,0.0,18.117567533437665,18.128674474867168,10.191200733544598,26.124717634851226,0.9985
house-de-al,HOUSE,DE,0,False,standard,Sarah McBride,D,1,Sarah McBride,Joseph Arminio,,14.958471282996337,0.0,,,,0.0,25.661004725629564,25.729488125392166,17.641248282743124,33.73231294190766,1.0
house-fl-1,HOUSE,FL,1,False,standard,Jimmy Patronis,R,-1,Gay Valimont,Jimmy Patronis,,-37.5886728785613,0.0,,,,0.0,-32.108509155050314,-32.15093665897439,-40.196701492479626,-24.260912872069564,0.0
house-fl-2,HOUSE,FL,2,False,standard,Neal Dunn,,0,Amanda Green,Austin Rogers,,-18.176177438099554,0.0,,,,0.0,-9.691684592077955,-9.716940630273449,-18.831945535998475,-0.40149407501624745,0.09055
house-fl-3,HOUSE,FL,3,False,standard,Kat Cammack,R,-1,Seth Harp,Kat Cammack,,-21.31654394584286,0.0,,,,0.0,-15.313032381390318,-15.331805327200414,-23.17215630860024,-7.375052019767045,0.0071
house-fl-4,HOUSE,FL,4,False,standard,Aaron Bean,R,-1,LaShonda Holloway,Aaron Bean,,-11.962520792109427,0.0,,,,0.0,-4.8858620817024745,-4.892493768752589,-12.924383051435967,3.1419043840761662,0.21475
house-fl-5,HOUSE,FL,5,False,standard,John Rutherford,R,-1,Rachel Grage,John Rutherford,,-21.67839300824128,0.0,,,,0.0,-15.689811823827407,-15.72753334719613,-23.706124184206438,-7.699539763722536,0.0048
house-fl-6,HOUSE,FL,6,False,standard,Randy Fine,R,-1,Eric Yonce,Randy Fine,,-30.308187147843146,0.0,,,,0.0,-24.58109549466233,-24.645502075023977,-32.6128125716271,-16.690315053002816,5e-05
house-fl-7,HOUSE,FL,7,False,standard,Cory Mills,,0,Bale Dalton,Ryan Elijah,,-12.617439168584001,0.0,,,,0.0,-3.3788630809914744,-3.314356004133047,-12.5955571078431,5.907156648035167,0.32185
house-fl-8,HOUSE,FL,8,False,standard,Mike Haridopolos,R,-1,Jennifer Jenkins,Mike Haridopolos,,-16.395271547785974,0.0,,2.0,-8.181663604206944,0.3249955029287439,-10.044751944748269,-9.394118485423395,-16.169122999419095,-2.836484600798817,0.03425
house-fl-9,HOUSE,FL,9,False,standard,Darren Soto,D,1,Darren Soto,Dan Green,,-17.93494817151253,0.0,,1.0,-5.4,0.2812072028619053,-7.131300524365762,-6.7062525799207675,-13.515443706866792,0.22768149004179208,0.1075
house-fl-10,HOUSE,FL,10,False,same_party,Maxwell Frost,D,1,Maxwell Frost,,D,24.292988534582708,0.0,,,,,,,,,1.0
house-fl-11,HOUSE,FL,11,False,standard,Daniel Webster,,0,James Pericola,Joe Strada,,-15.8391286849105,0.0,,1.0,-5.400000000000001,0.37207553639780716,-7.123717886517565,-6.513516071027121,-13.952785974051187,0.9058475584387963,0.12955
house-fl-12,HOUSE,FL,12,False,standard,Gus Bilirakis,R,-1,Kimberly Overman,Gus Bilirakis,,-15.553760972030888,0.0,,,,0.0,-9.102348581951304,-9.111339955042908,-17.127127794530168,-1.2144258542064699,0.06925
house-fl-13,HOUSE,FL,13,False,standard,Anna Paulina Luna,R,-1,Leela Gray,Anna Paulina Luna,,-13.453080359687094,0.0,,5.0,-5.609897732021091,0.3432946544773911,-6.675391455025168,-6.313697855337082,-12.871908642878388,0.37524990169352374,0.1125
house-fl-14,HOUSE,FL,14,False,standard,Kathy Castor,D,1,Kathy Castor,Mike Beltran,,-10.62098657326328,0.0,,1.0,9.523809523809524,0.3241423497170565,1.3676273669746302,4.029438518240166,-2.795443022031006,10.796318015269739,0.77845
house-fl-15,HOUSE,FL,15,False,standard,Laurel Lee,R,-1,Robert People,Laurel Lee,,-20.095141150578385,0.0,,,,0.0,-14.033839441270826,-14.068891749806593,-22.1608130237882,-6.142001780036967,0.01185
house-fl-16,HOUSE,FL,16,False,standard,Vern Buchanan,,0,Kelly Kirschner,Sydney Gruters,,-13.811661289568429,0.0,,1.0,1.2658227848101267,0.3923609074945716,-4.797566968388514,-2.511397923077418,-9.793142014206234,4.881867280447362,0.3337
house-fl-17,HOUSE,FL,17,False,standard,Greg Steube,R,-1,Matthew Montavon,Greg Steube,,-22.24156570778953,0.0,,,,0.0,-16.274652991333543,-16.312518061913295,-24.216341066984505,-8.324193252065188,0.00505
house-fl-18,HOUSE,FL,18,False,standard,Scott Franklin,R,-1,Curtis Gibson,Scott Franklin,,-17.102886122235766,0.0,,,,0.0,-10.82548065397706,-10.763837697868372,-18.84410365800189,-2.8880476534154114,0.04165
house-fl-19,HOUSE,FL,19,False,standard,Byron Donalds,,0,Victor Arias,Jim Schwartzel,,-30.416149231176274,0.0,,,,0.0,-22.39229451740659,-22.300066139382803,-31.683064303509195,-13.162018623663442,0.0009
house-fl-20,HOUSE,FL,20,False,standard,Debbie Wasserman Schultz,D,1,Debbie Wasserman Schultz,Brent Andersen,,37.50081626941555,0.0,,,,0.0,47.276196485728505,47.25226974803661,39.488778991945196,55.222504599883074,1.0
house-fl-21,HOUSE,FL,21,False,standard,Brian Mast,R,-1,James Martin,Brian Mast,,-16.40535991568672,0.0,,,,0.0,-10.05595519457727,-9.959745369343075,-17.96739669950825,-2.0429940443108974,0.05455
house-fl-22,HOUSE,FL,22,False,standard,None (new seat),,0,Pia Dandiya,Casey Askar,,-10.371815924951084,0.0,,2.0,-1.6421018714476414,0.4063202822738037,-0.6216437169218865,-1.0275974688870877,-8.300653075141714,6.260934471308961,0.42795
house-fl-23,HOUSE,FL,23,False,standard,Lois Frankel,D,1,Lois Frankel,Deborah Adeimy,,13.860283552064374,0.0,,,,0.0,24.668516637587842,24.711683820851146,16.687322629052282,32.69909211726248,1.0
house-fl-24,HOUSE,FL,24,False,standard,Frederica Wilson,,0,Oliver Gilbert,Te Mayonna Brown,,39.04931980196582,0.0,,,,0.0,46.4560060609543,46.435427650178156,37.28474258371236,55.70708393413128,1.0
house-fl-25,HOUSE,FL,25,False,standard,Jared Moskowitz,D,1,Jared Moskowitz,Scott Singer,,-9.218034236116692,0.0,,1.0,13.157894736842104,0.2620455037334285,3.127126658083213,5.694005483095556,-1.192001518256675,12.699287713851465,0.854
house-fl-26,HOUSE,FL,26,False,standard,Mario Díaz-Balart,R,-1,Nicole Locklin,Mario Díaz-Balart,,-18.540683907584068,0.0,,,,0.0,-12.383401979321134,-12.333144986232867,-20.386043329845762,-4.344754344790059,0.02185
house-fl-27,HOUSE,FL,27,False,standard,María Elvira Salazar,R,-1,Eliott Rodriguez,María Elvira Salazar,,-14.697284015567739,0.0,,3.0,-6.116951798704823,0.3283906476543365,-8.126177597003668,-7.444606431756942,-14.042025327227122,-0.7955020677469683,0.07645
house-fl-28,HOUSE,FL,28,False,standard,Carlos A. Giménez,,0,Phil Ehr,Carlos Giménez,,-25.62449782340173,0.0,,,,0.0,-17.463933605994086,-17.43541460230455,-26.729331190733337,-8.19821135047132,0.00755
house-ga-1,HOUSE,GA,1,False,standard,Buddy Carter,,0,Amanda Hollowell,Jim Kingston,,-15.892812698763862,0.0,,,,0.0,-7.183965778406964,-7.227924433757396,-16.388050104556047,1.886204885669669,0.1569
house-ga-2,HOUSE,GA,2,False,standard,Sanford Bishop,D,1,Sanford Bishop,Matt Day,,7.650507378170518,0.0,,,,0.0,19.57506326596153,19.587637032721283,11.618213886183499,27.558117389672322,0.99915
house-ga-3,HOUSE,GA,3,False,standard,Brian Jack,R,-1,Maura Keller,Brian Jack,,-29.876322455669797,0.0,,,,0.0,-24.136391054826962,-24.093056860350483,-32.16939364367538,-16.07583787273082,0.0
house-ga-4,HOUSE,GA,4,False,standard,Hank Johnson,D,1,Hank Johnson,James Duffie,,53.03852255145806,0.0,,,,0.0,62.018936281366486,62.058754821718665,54.209964345898804,69.89431646740024,1.0
house-ga-5,HOUSE,GA,5,False,standard,Nikema Williams,D,1,Nikema Williams,John Oscar Salvesen,,72.33073290669485,0.0,,,,0.0,80.00621083741318,80.04726040991812,72.05940059526411,87.94243315362537,1.0
house-ga-6,HOUSE,GA,6,False,standard,Lucy McBath,D,1,Lucy McBath,Kevin Martin,,50.345152979843064,0.0,,,,0.0,59.480033590813704,59.50986636327954,51.5403678078894,67.30630396257764,1.0
house-ga-7,HOUSE,GA,7,False,standard,Rich McCormick,R,-1,Tony Kozycki,Rich McCormick,,-22.30291135099771,0.0,,1.0,-8.770786516853933,0.2962362510109174,-16.33825642846966,-14.042272883018185,-20.813741170381427,-7.25962135333541,0.0038
house-ga-8,HOUSE,GA,8,False,standard,Austin Scott,R,-1,Kelly Esti,Austin Scott,,-30.72180747930478,0.0,,,,0.0,-25.007178029714357,-24.983866794481997,-32.98922743653671,-16.997495579988957,0.0
house-ga-9,HOUSE,GA,9,False,standard,Andrew Clyde,R,-1,Caitlyn Gegen,Andrew Clyde,,-34.33522296479662,0.0,,,,0.0,-28.737197480375936,-28.72571985656796,-36.66564767741957,-20.828161445786055,0.0
house-ga-10,HOUSE,GA,10,False,standard,Mike Collins,,0,Pam Delancy,Houston Gaines,,-20.913860114633074,0.0,,,,0.0,-12.592657294315398,-12.649290157760948,-21.79202804354816,-3.5078869489836495,0.038
house-ga-11,HOUSE,GA,11,False,standard,Barry Loudermilk,,0,Chris Harden,John Cowan,,-23.563722533183686,0.0,,1.0,2.4390243902439024,0.3924450948470502,-15.34195767804666,-8.409742754846505,-15.710560994575761,-1.0830336108375958,0.0725
house-ga-12,HOUSE,GA,12,False,standard,Rick Allen,R,-1,Ceretta Smith,Rick Allen,,-14.231034879705307,0.0,,,,0.0,-7.587136874819047,-7.590952437647102,-15.633349645462307,0.34909582647916815,0.1111
house-ga-13,HOUSE,GA,13,False,standard,Everton Blair,,0,Jasmine Clark,Jonathan Chavez,,42.724453914937364,0.0,,,,0.0,49.95869105169135,49.89807343960292,40.85867527296182,59.24639253732011,1.0
house-ga-14,HOUSE,GA,14,False,standard,Clay Fuller,R,-1,Shawn Harris,Clay Fuller,,-37.01635857495856,0.0,,,,0.0,-31.514550208349526,-31.489724406671137,-39.40969409072187,-23.522793738988014,0.0
house-hi-1,HOUSE,HI,1,False,standard,Ed Case,D,1,Ed Case,Adriel Lam,,25.166334746889017,0.0,,,,0.0,35.40609552276412,35.44950230580047,27.476209244858442,43.294863671008095,1.0
house-hi-2,HOUSE,HI,2,False,standard,Jill Tokuda,D,1,Jill Tokuda,Brenton Awa,,22.062952000244117,0.0,,,,0.0,32.40393136022844,32.32135387278051,24.39947372329444,40.381408678013486,1.0
house-ia-1,HOUSE,IA,1,False,standard,Mariannette Miller-Meeks,R,-1,Christina Bohannan,Mariannette Miller-Meeks,,-8.590704180072024,0.0,,2.0,6.666666659538485,0.3295787550608356,-0.6814224056048919,1.769249579296316,-4.841426802423075,8.409041933922138,0.634
house-ia-2,HOUSE,IA,2,False,standard,Ashley Hinson,,0,Lindsay James,Joe Mitchell,,-10.127597485735269,0.0,,2.0,-4.277492316477619,0.3802957851285107,-0.31621300376543193,-1.830075927754598,-9.187134641962949,5.647210332373119,0.37655
house-ia-3,HOUSE,IA,3,False,standard,Zach Nunn,R,-1,Sarah Trone Garriott,Zach Nunn,,-4.464251430326767,0.0,,1.0,-1.0666666666666673,0.12232189443382208,4.387941819713245,3.736526997414668,-3.83670608739485,11.26550287274762,0.7381
house-ia-4,HOUSE,IA,4,False,standard,Randy Feenstra,,0,David Dawson,Chris McGowan,,-31.901561369041463,0.0,,,,0.0,-23.923428210940497,-23.906731265773807,-33.16086673143298,-14.80468676516036,0.00055
house-id-1,HOUSE,ID,1,False,standard,Russ Fulcher,R,-1,Kaylee Peterson,Russ Fulcher,,-46.19778126853283,0.0,,3.0,-18.5106694518323,0.34297235638401496,-41.0909684307845,-33.3161817890272,-39.97972076026454,-26.690344614247074,0.0
house-id-2,HOUSE,ID,2,False,standard,Mike Simpson,R,-1,Ellie Gilbreath,Mike Simpson,,-27.561138104639443,0.0,,,,0.0,-21.7548141443622,-21.728242959922753,-29.83125423780759,-13.735676120770664,0.00025
house-il-1,HOUSE,IL,1,False,standard,Jonathan Jackson,D,1,Jonathan Jackson,Christian Maxwell,,32.45721176888944,0.0,,,,0.0,42.43991273943327,42.455822889765116,34.57052546108496,50.33807861770144,1.0
house-il-2,HOUSE,IL,2,False,standard,Robin Kelly,,0,Donna Miller,Michael Noack,,33.57708216310065,0.0,,,,0.0,41.21592445580821,41.147692036243825,32.03012126857055,50.35293835291474,1.0
house-il-3,HOUSE,IL,3,False,standard,Delia Ramirez,D,1,Delia Ramirez,Angel Oakley,,31.83380528871024,0.0,,,,0.0,41.84038521090784,41.773177976590176,33.803214709382864,49.88507104600753,1.0
house-il-4,HOUSE,IL,4,False,standard,Chuy García,,0,Patty Garcia,Lupe Castillo,,28.752276035686318,0.0,,,,0.0,36.57136347308517,36.64040988145107,27.481484427323455,45.91866596828955,1.0
house-il-5,HOUSE,IL,5,False,standard,Mike Quigley,D,1,Mike Quigley,Tommy Hanson,,37.56614329445709,0.0,,,,0.0,47.338673217959624,47.26373243980963,39.4119139057549,55.06259827515745,1.0
house-il-6,HOUSE,IL,6,False,standard,Sean Casten,D,1,Sean Casten,Niki Conforti,,5.575462312490821,0.0,,,,0.0,18.044552038502488,18.022086436305678,10.003314772231558,26.047874881611275,0.99805
house-il-7,HOUSE,IL,7,False,standard,Danny Davis,,0,La Shawn Ford,Chad Koppie,,66.15598021500666,0.0,,,,0.0,71.986539571251,71.95968759279025,62.93293684035891,81.1168905421277,1.0
house-il-8,HOUSE,IL,8,False,standard,Raja Krishnamoorthi,,0,Melissa Bean,Jennifer Davis,,7.000325718967043,0.0,,,,0.0,16.791029561687118,16.782567571280644,7.508892952241556,26.0436734450991,0.98985
house-il-9,HOUSE,IL,9,False,standard,Jan Schakowsky,,0,Daniel Biss,John Elleson,,36.986157350622044,0.0,,,,0.0,44.48384550733857,44.49285827568144,35.386390042381294,53.457962165408766,1.0
house-il-10,HOUSE,IL,10,False,standard,Brad Schneider,D,1,Brad Schneider,Carl Lambrecht,,22.345356623267172,0.0,,,,0.0,32.67691064531405,32.66748578192764,24.805507102744137,40.496998747674255,1.0
house-il-11,HOUSE,IL,11,False,standard,Bill Foster,D,1,Bill Foster,Jeff Walter,,11.606554064861559,0.0,,,,0.0,22.71113919204101,22.695647676718906,14.660779215140469,30.55192788842154,0.9999
house-il-12,HOUSE,IL,12,False,standard,Mike Bost,R,-1,Julie Fortier,Mike Bost,,-44.08125909098338,0.0,,,,0.0,-38.874296766904486,-38.86502172751911,-46.89117022979046,-31.065256037192476,0.0
house-il-13,HOUSE,IL,13,False,standard,Nikki Budzinski,D,1,Nikki Budzinski,Jeff Wilson,,10.649960605661136,0.0,,,,0.0,21.91763807050446,21.832974475949076,13.940367167758998,29.95094154722761,0.9998
house-il-14,HOUSE,IL,14,False,standard,Lauren Underwood,D,1,Lauren Underwood,James Marter,,5.2631897441173,0.0,,,,0.0,17.815902131099875,17.755314127243263,9.824523510637306,25.733515815387037,0.99795
house-il-15,HOUSE,IL,15,False,standard,Mary Miller,R,-1,Jennifer Todd,Mary Miller,,-40.433634690775264,0.0,,,,0.0,-35.0669038748557,-35.12265663988602,-42.96510048055328,-27.216943547641474,0.0
house-il-16,HOUSE,IL,16,False,standard,Darin LaHood,R,-1,Paul Nolley,Darin LaHood,,-23.049919660830685,0.0,,,,0.0,-17.111398906815843,-17.101217153489447,-25.19519421378663,-9.11949667735374,0.0027
house-il-17,HOUSE,IL,17,False,standard,Eric Sorensen,D,1,Eric Sorensen,Dillan Vancil,,4.828123190177733,0.0,,,,0.0,17.496567229113808,17.49223707968169,9.647253230463408,25.43919354332814,0.99805
house-in-1,HOUSE,IN,1,False,standard,Frank J. Mrvan,,0,Frank Mrvan,Barb Regnitz,,0.4022301253280738,0.0,,,,0.0,11.687676072751723,11.701121581642376,2.430223735487689,20.863695489596356,0.947
house-in-2,HOUSE,IN,2,False,standard,Rudy Yakym,R,-1,Jamee Decio,Rudy Yakym,,-26.920260374288038,0.0,,,,0.0,-21.096017869694247,-21.009265284058728,-29.013872519107267,-13.037811561855573,0.0004
house-in-3,HOUSE,IN,3,False,standard,Marlin Stutzman,R,-1,Kelly Thompson,Marlin Stutzman,,-31.72894798522732,0.0,,,,0.0,-26.045383625771713,-26.009271366583615,-33.93806030572244,-17.992583503289918,0.0
house-in-4,HOUSE,IN,4,False,standard,Jim Baird,R,-1,Drew Cox,Jim Baird,,-29.878658536585366,0.0,,,,0.0,-24.138796134403382,-24.161394335741704,-32.01404447073391,-16.136426462727606,0.0
house-in-5,HOUSE,IN,5,False,standard,Victoria Spartz,R,-1,J. D. Ford,Victoria Spartz,,-17.12743785454997,0.0,,1.0,-7.527659574468085,0.2935388978727263,-10.852390368807017,-9.919975449345309,-16.63513215108566,-3.117725405424906,0.03205
house-in-6,HOUSE,IN,6,False,standard,Jefferson Shreve,R,-1,Cinde Wirth,Jefferson Shreve,,-33.09952049613334,0.0,,,,0.0,-27.459981957761467,-27.49429734803712,-35.39572202569176,-19.50410883422183,0.0
house-in-7,HOUSE,IN,7,False,standard,André Carson,D,1,André Carson,Patrick McAuley,,42.161067786442715,0.0,,,,0.0,51.72259726912305,51.7918312968571,43.809759915270675,59.63675974993476,1.0
house-in-8,HOUSE,IN,8,False,standard,Mark Messmer,R,-1,Mary Allen,Mark Messmer,,-36.49150182813958,0.0,,,,0.0,-30.97018744434966,-30.985661089574137,-38.94085129847032,-22.96434879062173,0.0
house-in-9,HOUSE,IN,9,False,standard,Erin Houchin,R,-1,Brad Meyer,Erin Houchin,,-30.3858345174336,0.0,,,,0.0,-24.66106978204921,-24.66664893190566,-32.575709944493724,-16.75834836671693,5e-05
house-ks-1,HOUSE,KS,1,False,standard,Tracey Mann,R,-1,Lauren Reinhold,Tracey Mann,,-31.848581559120564,0.0,,,,0.0,-26.168778004566878,-26.105286145329234,-34.11940306541765,-18.170657719992896,0.0
house-ks-2,HOUSE,KS,2,False,standard,Derek Schmidt,R,-1,Don Coover,Derek Schmidt,,-20.055354340614592,0.0,,,,0.0,-13.991944469905226,-13.916363093696079,-21.947548800240536,-6.005344258865727,0.01185
house-ks-3,HOUSE,KS,3,False,standard,Sharice Davids,D,1,Sharice Davids,Eric Jenkins,,4.174028834088756,0.0,,,,0.0,17.012935560741344,17.042437410423094,9.101767420176449,25.000531452336663,0.99745
house-ks-4,HOUSE,KS,4,False,standard,Ron Estes,R,-1,Katy Tyndell,Ron Estes,,-23.69976552345745,0.0,,,,0.0,-17.782302264465688,-17.7080095641194,-25.63705441811854,-9.76801495885547,0.0025
house-ky-1,HOUSE,KY,1,False,standard,James Comer,R,-1,Drew Williams,James Comer,,-47.91004767154219,0.0,,,,0.0,-42.88828370762283,-42.903250799755554,-50.956655304403405,-34.95182826283634,0.0
house-ky-2,HOUSE,KY,2,False,standard,Brett Guthrie,R,-1,Megan Wingfield,Brett Guthrie,,-41.93201836717013,0.0,,,,0.0,-36.62896050104534,-36.59397904421345,-44.58872525448685,-28.605127626268143,0.0
house-ky-3,HOUSE,KY,3,False,standard,Morgan McGarvey,D,1,Morgan McGarvey,Maria Rodriquez,,19.26899411654809,0.0,,,,0.0,29.712897782640507,29.76775982812686,21.795129561905007,37.668123438698956,1.0
house-ky-4,HOUSE,KY,4,False,standard,Thomas Massie,,0,Melissa Strange,Ed Gallrein,,-36.16019101367484,0.0,,,,0.0,-28.32673253178246,-28.344505635843923,-37.53585026501274,-19.112259902774802,5e-05
house-ky-5,HOUSE,KY,5,False,standard,Hal Rogers,R,-1,Ned Pillersdorf,Hal Rogers,,-64.66978795481056,0.0,,,,0.0,-60.67433923157379,-60.692222862912345,-68.65014048248244,-52.79096682237197,0.0
house-ky-6,HOUSE,KY,6,False,standard,Andy Barr,,0,Zach Dembo,Ralph Alvarado,,-15.313409908980443,0.0,,4.0,-4.734636798974782,0.4056597075506755,-6.530197400325144,-5.826327949417397,-13.025721131880768,1.288160014231529,0.14825
house-la-1,HOUSE,LA,1,False,jungle,Steve Scalise,R,-1,Lauren Jewett,Randall Arrington; Steve Scalise,,-38.94809735335349,0.0,,,,0.0,-33.52092029348567,-33.531419172897785,-41.46642457197399,-25.481730258056498,0.0
house-la-2,HOUSE,LA,2,False,jungle,Troy Carter,D,1,Troy Carter; Renada Collins,Peter Williams,,48.34454715461763,0.0,,,,0.0,57.58968134687077,57.64167191264835,49.74538441537826,65.465681199931,1.0
house-la-3,HOUSE,LA,3,False,jungle,Clay Higgins,R,-1,John Day; Priscilla Gonzalez; Tia LeBrun; Caleb Walker,Kate Cotten; Clay Higgins,,-36.49141918263314,0.0,,,,0.0,-30.970101753216248,-30.94355832769781,-38.98522423339242,-22.983003907769508,0.0
house-la-4,HOUSE,LA,4,False,jungle,Mike Johnson,R,-1,Conrad Cable; Matt Gromlich,Gordon Heslop; Mike Johnson; Mike Nichols,,-34.66020705293809,0.0,,,,0.0,-29.073392964568374,-29.033282213639993,-37.103802013788716,-21.100917139929084,0.0
house-la-5,HOUSE,LA,5,False,jungle,Julia Letlow,,0,Dan McKay; Patricia Moore; Antonio Wilson,Stewart Cathey Jr.; Misti Cordell; Omar Dantzler; Michael Echols; Gabe Firment; Austin Magee,,-34.46022314691452,0.0,,,,0.0,-26.56649536682269,-26.585924206368283,-35.7132472109321,-17.431166454761293,0.00015
house-la-6,HOUSE,LA,6,False,jungle,Cleo Fields,,0,Pat Forbes; Lindsay Garcia,Monique Appeaning; Larry Davis; Rick Edmonds; Chris Johnson; Michael Mebruer; Blake Miguez; Stephen Wagley,,-30.628413524975773,0.0,,,,0.0,-22.610955618874232,-22.626441414750705,-31.863772131143158,-13.592273258588625,0.0006
house-ma-1,HOUSE,MA,1,False,same_party,Richard Neal,D,1,Richard Neal,,D,13.91472962033623,0.0,,,,,,,,,1.0
house-ma-2,HOUSE,MA,2,False,same_party,Jim McGovern,D,1,Jim McGovern,,D,24.287252795533576,0.0,,,,,,,,,1.0
house-ma-3,HOUSE,MA,3,False,standard,Lori Trahan,D,1,Lori Trahan,Gary Grossi,,19.39223989927893,0.0,,,,0.0,29.831021254510496,29.930375291404154,22.056973521781025,37.70074625449931,1.0
house-ma-4,HOUSE,MA,4,False,standard,Jake Auchincloss,D,1,Jake Auchincloss,Thomas Stalcup,,20.13118266529218,0.0,,,,0.0,30.540687668517897,30.539665381697418,22.596375384089313,38.50210869722586,1.0
house-ma-5,HOUSE,MA,5,False,same_party,Katherine Clark,D,1,Katherine Clark,,D,46.346449490580284,0.0,,,,,,,,,1.0
house-ma-6,HOUSE,MA,6,False,standard,Seth Moulton,,0,Dan Koh,Micah Jones,,21.088680178889774,0.0,,,,0.0,29.163123958017245,29.213152350100394,19.96922996845679,38.429303319011595,1.0
house-ma-7,HOUSE,MA,7,False,same_party,Ayanna Pressley,D,1,Ayanna Pressley,,D,65.14004345536927,0.0,,,,,,,,,1.0
house-ma-8,HOUSE,MA,8,False,standard,Stephen Lynch,D,1,Stephen Lynch,Robert Burke,,26.9861956166176,0.0,,,,0.0,37.165873224622466,37.18550973837802,29.2428371511732,45.069002840614715,1.0
house-ma-9,HOUSE,MA,9,False,standard,Bill Keating,D,1,Bill Keating,Tyler MacAllister,,10.942031882242684,0.0,,,,0.0,22.157427864905028,22.158322367969454,14.179152968794046,30.17065291806053,0.9999
house-md-1,HOUSE,MD,1,False,standard,Andy Harris,R,-1,Dan Schwartz,Andy Harris,,-17.30515700957555,0.0,,1.0,-19.685714285714287,0.29819550086267116,-11.046836849717126,-13.650797478637614,-20.44634754851386,-6.861228214873383,0.00455
house-md-2,HOUSE,MD,2,False,standard,Johnny Olszewski,D,1,Johnny Olszewski,Dave Wallace,,18.938218026002716,0.0,,,,0.0,29.39626166741843,29.407421998433442,21.505172926609816,37.2656154430179,1.0
house-md-3,HOUSE,MD,3,False,standard,Sarah Elfreth,D,1,Sarah Elfreth,Berney Flowers,,24.49027443115774,0.0,,,,0.0,34.75196828657479,34.71687029808011,26.751285569202995,42.74475458695792,1.0
house-md-4,HOUSE,MD,4,False,standard,Glenn Ivey,D,1,Glenn Ivey,George McDermott,,75.6651801829724,0.0,,,,0.0,83.08052937442926,82.99239122312305,75.13400792879686,90.93760493511924,1.0
house-md-5,HOUSE,MD,5,False,standard,Steny Hoyer,,0,Adrian Boafo,Chris Chaffee,,34.05016724003836,0.0,,,,0.0,41.67010880896598,41.65422796075093,32.388402965165284,50.827603306419405,1.0
house-md-6,HOUSE,MD,6,False,standard,April McClain Delaney,D,1,April McClain Delaney,Robin Ficker,,5.925898469147308,0.0,,,,0.0,18.301040499324316,18.215909272528883,10.216856539269788,26.187200517001763,0.99875
house-md-7,HOUSE,MD,7,False,standard,Kweisi Mfume,D,1,Kweisi Mfume,Scott Collier,,60.49731735411945,0.0,,,,0.0,69.01417816749714,68.92611591659528,61.18420285266962,76.86859780744211,1.0
house-md-8,HOUSE,MD,8,False,standard,Jamie Raskin,D,1,Jamie Raskin,Cheryl Riley,,58.05566151736721,0.0,,,,0.0,66.7300199307173,66.66011677546697,58.77684520976113,74.51067527872888,1.0
house-me-1,HOUSE,ME,1,False,standard,Chellie Pingree,D,1,Chellie Pingree,Ronald Russell,,22.08301794249629,0.0,,1.0,23.91304347826087,0.3291142796357127,32.423324336400796,29.65841140134186,23.030385800364005,36.189034398985726,1.0
house-me-2,HOUSE,ME,2,False,standard,Jared Golden,,0,Matthew Dunlap,Paul LePage,,-9.23471064196821,0.0,,7.0,3.023786461873751,0.41762666875764864,0.8061050170818882,1.8189416059072459,-5.329288758307371,9.019837038684432,0.6283
house-mi-1,HOUSE,MI,1,False,standard,Jack Bergman,R,-1,Callie Barr,Jack Bergman,,-21.519722425890762,0.0,,,,0.0,-15.52469959329514,-15.576615528120309,-23.37069061424114,-7.64502168179649,0.00565
house-mi-2,HOUSE,MI,2,False,standard,John Moolenaar,R,-1,Ben Ambrose,John Moolenaar,,-30.540216196830155,0.0,,,,0.0,-24.820095066635567,-24.78071755931498,-32.65034664822178,-16.885289166428887,0.0
house-mi-3,HOUSE,MI,3,False,standard,Hillary Scholten,D,1,Hillary Scholten,Terri DeBoer,,7.972385433101784,0.0,,,,0.0,19.817146064388574,19.820644982075187,11.86457756059093,27.73934919186943,0.99925
house-mi-4,HOUSE,MI,4,False,standard,Bill Huizenga,R,-1,Sean McCann,Bill Huizenga,,-5.621377887750186,0.0,,4.0,-4.31373630356606,0.32190744795301374,3.01367416814166,0.658750227463353,-5.951061294859246,7.33253121728514,0.55
house-mi-5,HOUSE,MI,5,False,standard,Tim Walberg,R,-1,Christian Vukasovich,Tim Walberg,,-27.40917258410124,0.0,,,,0.0,-21.598591771557135,-21.655421268416553,-29.487240971158126,-13.707207779649938,0.0003
house-mi-6,HOUSE,MI,6,False,standard,Debbie Dingell,D,1,Debbie Dingell,Heather Smiley,,23.922767554940073,0.0,,,,0.0,34.20281836388092,34.281211513257546,26.246212646496907,42.20499903160825,1.0
house-mi-7,HOUSE,MI,7,False,standard,Tom Barrett,R,-1,William Lawrence,Tom Barrett,,-1.303857115880356,0.0,,2.0,-3.3111999467761444,0.3281414679982183,7.794369180237272,4.16056427081454,-2.443976730659566,10.778714123412454,0.79045
house-mi-8,HOUSE,MI,8,False,standard,Kristen McDonald Rivet,D,1,Kristen McDonald Rivet,Thomas Smith,,-2.009144166793344,0.0,,,,0.0,11.684569670623691,11.623971873748339,3.641964867213905,19.633443739376297,0.96815
house-mi-9,HOUSE,MI,9,False,standard,Lisa McClain,R,-1,Ray Pooley,Lisa McClain,,-32.77545908113034,0.0,,,,0.0,-27.125322488668584,-27.093278101333535,-34.96474331369959,-19.14319079194071,0.0
house-mi-10,HOUSE,MI,10,False,standard,John James,,0,Christina Hines,Mike Bouchard,,-6.684831205554229,0.0,,2.0,-5.3999377342130055,0.3732549509200057,4.009612836217381,0.5397501840202195,-6.737056599423545,7.846096358612181,0.5386
house-mi-11,HOUSE,MI,11,False,standard,Haley Stevens,,0,Jeremy Moss,Ethan Baker,,16.423294509151415,0.0,,,,0.0,24.715299365467633,24.65668853278132,15.431458963050677,33.89503746704948,0.99975
house-mi-12,HOUSE,MI,12,False,standard,Rashida Tlaib,D,1,Rashida Tlaib,James Hooper,,39.897191011235954,0.0,,,,0.0,49.565265711313835,49.55741064508504,41.70326536462623,57.522828739564176,1.0
house-mi-13,HOUSE,MI,13,False,standard,Shri Thanedar,,0,Donavan McKinney,T.P. Nykoriak,,41.99678274964389,0.0,,,,0.0,49.26621250095792,49.20151585015753,40.16582160790688,58.30450960511909,1.0
house-mn-1,HOUSE,MN,1,False,standard,Brad Finstad,R,-1,Jake Johnson,Brad Finstad,,-12.233713055803454,0.0,,3.0,-4.324830768076251,0.305167766845506,-5.215464982766382,-4.8869618296585235,-11.731432892549128,1.8347124805216686,0.17585
house-mn-2,HOUSE,MN,2,False,standard,Angie Craig,,0,Matt Little,Eric Pratt,,5.9507367864820395,0.0,,2.0,7.697357864376708,0.3945336001788276,16.019226558323936,12.724772571331625,5.42145726322301,20.144393219205277,0.98595
house-mn-3,HOUSE,MN,3,False,standard,Kelly Morrison,D,1,Kelly Morrison,Tyler Bass,,21.720150444274704,0.0,,,,0.0,32.07271513531216,32.19689275370199,24.258192271887868,40.1481156134887,1.0
house-mn-4,HOUSE,MN,4,False,standard,Betty McCollum,D,1,Betty McCollum,Paul Wikstrom,,36.46698138802974,0.0,,,,0.0,46.286908353108785,46.28678003195594,38.388417239571304,54.22920815183681,1.0
house-mn-5,HOUSE,MN,5,False,standard,Ilhan Omar,D,1,Ilhan Omar,John Nagel,,63.542984491902445,0.0,,,,0.0,71.85560616665285,71.87164217249733,64.04221644986391,79.7167535506313,1.0
house-mn-6,HOUSE,MN,6,False,standard,Tom Emmer,R,-1,Doug Chapin,Tom Emmer,,-20.06608890237427,0.0,,,,0.0,-14.003249392523523,-14.031342838827651,-22.011148411595876,-5.927508710766753,0.0138
house-mn-7,HOUSE,MN,7,False,standard,Michelle Fischbach,R,-1,Erik Osberg,Michelle Fischbach,,-37.09774237198466,0.0,,,,0.0,-31.598988020899483,-31.57745454991727,-39.599438603629906,-23.598163175778904,0.0
house-mn-8,HOUSE,MN,8,False,standard,Pete Stauber,R,-1,Trina Swanson,Pete Stauber,,-14.531388413157739,0.0,,,,0.0,-7.9350106582998,-7.858486017882209,-15.910623544124896,0.20830960610395438,0.1055
house-mo-1,HOUSE,MO,1,False,standard,Wesley Bell,D,1,Wesley Bell,Paul Berry,,58.18768172722622,0.0,,,,0.0,66.85366682738108,66.90024126695214,59.02806188608963,74.79259339536367,1.0
house-mo-2,HOUSE,MO,2,False,standard,Ann Wagner,R,-1,Fred Wellman,Ann Wagner,,-8.036578251263439,0.0,,1.0,-8.929411764705883,0.28314317583047866,0.0174425972296189,-2.414828512241421,-9.336928922986907,4.375687033023797,0.3252
house-mo-3,HOUSE,MO,3,False,standard,Bob Onder,R,-1,Bethany Mann,Bob Onder,,-27.09880132670149,0.0,,,,0.0,-21.279543641799805,-21.23554260426487,-29.27994118053471,-13.422573245639425,0.0003
house-mo-4,HOUSE,MO,4,False,standard,Mark Alford,R,-1,Jordan Herrera,Mark Alford,,-42.811354448074596,0.0,,,,0.0,-37.54693271353725,-37.498851463771985,-45.437427278286805,-29.598875654122793,0.0
house-mo-5,HOUSE,MO,5,False,standard,Emanuel Cleaver,D,1,Emanuel Cleaver,Rick Brattin,,23.50937224201861,0.0,,,,0.0,33.80281012994607,33.7669971515892,25.906857420372013,41.69570296781608,1.0
house-mo-6,HOUSE,MO,6,False,standard,Sam Graves,,0,Josh Smead,Chris Stigall,,-39.31892471811242,0.0,,,,0.0,-31.6065872328696,-31.716693216335333,-40.9000618011528,-22.506347271601797,0.0
house-mo-7,HOUSE,MO,7,False,standard,Eric Burlison,R,-1,Missi Hesketh,Eric Burlison,,-43.124014394889,0.0,,,,0.0,-37.87355708232472,-37.825871523107125,-45.91821923341844,-29.961218152284413,0.0
house-mo-8,HOUSE,MO,8,False,standard,Jason Smith,R,-1,Chris Reichard,Jason Smith,,-54.60781455423596,0.0,,,,0.0,-49.95367493907398,-50.02508849876812,-57.88984973404456,-42.14015332606768,0.0
house-ms-1,HOUSE,MS,1,False,standard,Trent Kelly,R,-1,Cliff Johnson,Trent Kelly,,-37.53256379062851,0.0,,,,0.0,-32.05026072598215,-32.049626580758954,-40.16176731796678,-24.101083224822066,0.0
house-ms-2,HOUSE,MS,2,False,standard,Bennie Thompson,D,1,Bennie Thompson,Ron Eller,,20.573389722299627,0.0,,,,0.0,30.966364899033586,30.860027613477165,22.995833719750102,38.80408999963883,1.0
house-ms-3,HOUSE,MS,3,False,standard,Michael Guest,R,-1,Michael Chiaradio,Michael Guest,,-29.463344005292292,0.0,,,,0.0,-23.71128915276762,-23.671156499807612,-31.759509803364566,-15.808151879019848,5e-05
house-ms-4,HOUSE,MS,4,False,standard,Mike Ezell,R,-1,Jeffrey Hulum III,Mike Ezell,,-42.99199812853909,0.0,,,,0.0,-37.73563000707394,-37.767175700519545,-45.66236923093784,-29.745627409433247,0.0
house-mt-1,HOUSE,MT,1,False,standard,Ryan Zinke,,0,Sam Forstag,Aaron Flint,,-11.922412494511375,0.0,,4.0,-2.0357652017969783,0.40985091736203055,-2.5369714277696316,-2.266944080113042,-9.533234744811312,4.905496129665461,0.34375
house-mt-2,HOUSE,MT,2,False,standard,Troy Downing,R,-1,Brian Miller,Troy Downing,,-30.507838926964144,0.0,,1.0,-29.72972972972973,0.31708982118745943,-24.786742025392783,-26.35836685768248,-33.031190872553374,-19.632357543688705,0.0
house-nc-1,HOUSE,NC,1,False,standard,Don Davis,D,1,Don Davis,Laurie Buckhout,,-11.640982218458934,0.0,,4.0,2.063931459054849,0.33044947861350044,0.10709274588270919,0.7360846824108942,-5.966290435788857,7.376331544105311,0.55725
house-nc-2,HOUSE,NC,2,False,standard,Deborah Ross,D,1,Deborah Ross,Eugene Douglass,,34.43506519240677,0.0,,,,0.0,44.33946576674503,44.35998723669986,36.306559912403486,52.19232009392628,1.0
house-nc-3,HOUSE,NC,3,False,standard,Greg Murphy,R,-1,Raymond Smith Jr.,Greg Murphy,,-13.756454677871803,0.0,,1.0,-8.929411764705883,0.30330171960131724,-7.032784138058257,-7.599646384410667,-14.429994943045422,-0.8911174635958601,0.0741
house-nc-4,HOUSE,NC,4,False,standard,Valerie Foushee,D,1,Valerie Foushee,Max Ganorkar,,46.06391998673297,0.0,,,,0.0,55.4300518176073,55.37908432799089,47.530151835524585,63.07102365230838,1.0
house-nc-5,HOUSE,NC,5,False,standard,Virginia Foxx,R,-1,Chuck Hubbard,Virginia Foxx,,-17.953183297610543,0.0,,,,0.0,-11.751016787036187,-11.704669642982015,-19.779294211673747,-3.65842014716243,0.0306
house-nc-6,HOUSE,NC,6,False,standard,Addison McDowell,R,-1,Cyril Jefferson,Addison McDowell,,-17.37132543617617,0.0,,,,0.0,-11.119082321110199,-11.127076235023535,-19.13322752970822,-3.073599318190075,0.03745
house-nc-7,HOUSE,NC,7,False,standard,David Rouzer,R,-1,Kimberly Hardy,David Rouzer,,-13.94974512852853,0.0,,1.0,-12.542857142857144,0.2998720873771852,-7.259260845914873,-8.897452098100288,-15.686555432221875,-2.0703366364685034,0.0485
house-nc-8,HOUSE,NC,8,False,standard,Mark Harris,R,-1,Colby Watson,Mark Harris,,-19.58539183387993,0.0,,,,0.0,-13.495816894427811,-13.457329811012764,-21.51815232407007,-5.618084653596547,0.01445
house-nc-9,HOUSE,NC,9,False,standard,Richard Hudson,R,-1,Richard Ojeda,Richard Hudson,,-16.01098912732778,0.0,,1.0,-9.945454545454545,0.2935388978727263,-9.616362259704674,-9.75732964224413,-16.538461446932647,-2.899905734961503,0.0342
house-nc-10,HOUSE,NC,10,False,standard,Pat Harrigan,R,-1,Ashley Bell,Pat Harrigan,,-17.90491390090454,0.0,,1.0,-11.253932584269664,0.11863898437346325,-11.698814702105588,-11.66107286646251,-19.205263502896006,-3.9915885602177243,0.0243
house-nc-11,HOUSE,NC,11,False,standard,Chuck Edwards,,0,Jamie Ager,Jennifer Balkcom,,-9.615756470815723,0.0,,1.0,-2.103296703296704,0.3564468211984438,0.326263020787909,-0.573517623027322,-8.016874654028172,6.919103249495006,0.46165
house-nc-12,HOUSE,NC,12,False,standard,Alma Adams,D,1,Alma Adams,Jack Codiga,,47.05490301304412,0.0,,,,0.0,56.369073985524984,56.371115778303256,48.44066496933604,64.33733502147062,1.0
house-nc-13,HOUSE,NC,13,False,standard,Brad Knott,R,-1,Paul Barringer,Brad Knott,,-16.650008567022674,0.0,,,,0.0,-10.32698457425339,-10.325467591322592,-18.243356181927396,-2.2934855640380243,0.05105
house-nc-14,HOUSE,NC,14,False,standard,Tim Moore,R,-1,Lakesha Womack,Tim Moore,,-15.227341475872397,0.0,,1.0,-3.490909090909092,0.11863898437346325,-8.732406749508488,-8.129179750252607,-15.68374411617135,-0.7821929941269253,0.07905
house-nd-al,HOUSE,ND,0,False,standard,Julie Fedorchak,R,-1,Trygve Hammer,Julie Fedorchak,,-37.392986132786376,0.0,,,,0.0,-31.90537756290404,-31.973298917816322,-39.996421316055795,-23.954214378566245,0.0
house-ne-1,HOUSE,NE,1,False,standard,Mike Flood,R,-1,Chris Backemeyer,Mike Flood,,-13.228325882116762,0.0,,3.0,-1.1974295846337892,0.3367499876156691,-6.409099312087673,-4.679247767054787,-11.21522805647504,1.8936174095203901,0.1804
house-ne-2,HOUSE,NE,2,False,standard,Don Bacon,,0,Denise Powell,Brinker Harding,,4.684329452129328,0.0,,1.0,4.545454545454546,0.37884519574625514,15.09069094208164,11.128958295817064,3.6740907434933976,18.426176840522267,0.9706
house-ne-3,HOUSE,NE,3,False,standard,Adrian Smith,R,-1,Becky Stille,Adrian Smith,,-54.43078179590726,0.0,,,,0.0,-49.76620371121144,-49.74021162420135,-57.61138760743531,-41.77989847180061,0.0
house-nh-1,HOUSE,NH,1,False,standard,Chris Pappas,,0,Stefany Shaheen,Anthony DiLorenzo,,2.01995452407088,0.0,,1.0,4.545454545454546,0.400993238171455,13.05255975500436,9.717627928365387,2.317377992939703,16.948097072974143,0.95425
house-nh-2,HOUSE,NH,2,False,standard,Maggie Goodlander,D,1,Maggie Goodlander,Lily Tang Williams,,3.626907261452192,0.0,,8.0,22.242196521418084,0.3476823129941285,16.603089444478805,18.601439379242123,11.942964623411932,25.258257440573832,0.9999
house-nj-1,HOUSE,NJ,1,False,standard,Donald Norcross,D,1,Donald Norcross,Damon Galdo,,19.018716043787666,0.0,,,,0.0,29.473263521975056,29.60164650268831,21.583232673379623,37.56706593487636,1.0
house-nj-2,HOUSE,NJ,2,False,standard,Jeff Van Drew,R,-1,Zack Mullock,Jeff Van Drew,,-12.73536038103531,0.0,,,,0.0,-5.820548123313166,-5.712526427227135,-13.784142525273433,2.3291710024559835,0.18095
house-nj-3,HOUSE,NJ,3,False,standard,Herb Conaway,D,1,Herb Conaway,Michael McGuire,,8.495531888848085,0.0,,,,0.0,20.214736863165147,20.180749078139776,12.234914186135882,28.348245944505248,0.99965
house-nj-4,HOUSE,NJ,4,False,standard,Chris Smith,R,-1,Rachel Peace,Chris Smith,,-30.53695687107094,0.0,,,,0.0,-24.81673746679218,-24.765412069600444,-32.63894338005521,-16.707496499114452,5e-05
house-nj-5,HOUSE,NJ,5,False,standard,Josh Gottheimer,D,1,Josh Gottheimer,Sean Kirrane,,1.5426974936227071,0.0,,,,0.0,14.96283124342023,14.93775628935919,6.990234016347276,22.877339201167793,0.9925
house-nj-6,HOUSE,NJ,6,False,standard,Frank Pallone,D,1,Frank Pallone,Hillary Herzig,,6.589506910899613,0.0,,,,0.0,18.78790686769944,18.798850686380298,10.712215194534563,26.889833049228187,0.99935
house-nj-7,HOUSE,NJ,7,False,standard,Thomas Kean Jr.,R,-1,Rebecca Bennett,Thomas Kean Jr.,,-1.1969676211353153,0.0,,2.0,5.604166009613959,0.3312991787349301,7.899293364137112,7.255649260927971,0.5862826338746187,13.896346493600518,0.9192
house-nj-8,HOUSE,NJ,8,False,same_party,Rob Menendez,D,1,Rob Menendez,,D,24.811967664433183,0.0,,,,,,,,,1.0
house-nj-9,HOUSE,NJ,9,False,standard,Nellie Pou,D,1,Nellie Pou,Rosie Pino,,-1.1707415175108455,0.0,,,,0.0,12.524930871618183,12.539499294776858,4.573311495170628,20.568465838342025,0.97995
house-nj-10,HOUSE,NJ,10,False,standard,LaMonica McIver,D,1,LaMonica McIver,Carmen Bucco,,51.66747780945097,0.0,,,,0.0,60.72738508723029,60.76295436468066,52.85822908838081,68.69549410698443,1.0
house-nj-11,HOUSE,NJ,11,False,standard,Analilia Mejia,D,1,Analilia Mejia,Joe Hathaway,,8.896444150169497,0.0,,,,0.0,20.523276952881947,20.604550502082603,12.615598628854872,28.688472312492248,0.99965
house-nj-12,HOUSE,NJ,12,False,standard,Bonnie Watson Coleman,,0,Adam Hamawy,Gregg Mele,,24.53718857974177,0.0,,,,0.0,32.497363829807085,32.59427743872693,23.38459253816387,41.816950141419554,1.0
house-nm-1,HOUSE,NM,1,False,standard,Melanie Stansbury,D,1,Melanie Stansbury,Didi Okpareke,,12.99640454650893,0.0,,,,0.0,23.904542278800776,23.964547976979993,16.099670182685227,31.98377980779517,0.9999
house-nm-2,HOUSE,NM,2,False,standard,Gabe Vasquez,D,1,Gabe Vasquez,Greg Cunningham,,-1.8466859656378058,0.0,,2.0,3.3761772258111606,0.33101758144738497,11.850755376032472,9.128917769971292,2.550485549015234,15.77506505805224,0.96275
house-nm-3,HOUSE,NM,3,False,standard,Teresa Leger Fernandez,,0,Teresa Leger Fernández,Martin Zamora,,5.320573111539808,0.0,,,,0.0,15.557940879887155,15.5447828215468,6.532551146055945,24.748957066101717,0.98465
house-nv-1,HOUSE,NV,1,False,standard,Dina Titus,D,1,Dina Titus,Carrie Buck,,2.3001314794627863,0.0,,,,0.0,15.576938214472527,15.643275316103484,7.719133563967772,23.572432732059692,0.9949
house-nv-2,HOUSE,NV,2,False,standard,Mark Amodei,,0,Teresa Benitez-Thompson,David Flippo,,-14.269321190402676,0.0,,3.0,-3.423273838825537,0.41370864378933936,-5.331607922108126,-4.47954904772211,-11.676615333078537,2.688819386031846,0.2118
house-nv-3,HOUSE,NV,3,False,standard,Susie Lee,D,1,Susie Lee,Martin O'Donnell,,-0.7494067306702425,0.0,,,,0.0,12.93108747584663,12.974122315615443,5.076512683104364,21.04132526823446,0.98085
house-nv-4,HOUSE,NV,4,False,standard,Steven Horsford,D,1,Steven Horsford,Cody Whipple,,2.359334791654918,0.0,,,,0.0,15.623961208465017,15.675658751350575,7.6435161636839535,23.597096131250314,0.99405
house-ny-1,HOUSE,NY,1,False,standard,Nick LaLota,R,-1,Chris Gallant,Nick LaLota,,-10.19098649580888,0.0,,1.0,-9.19746835443038,0.015027396626883868,-2.6955679108072386,-2.8079020490808517,-10.78743032735651,5.089339399364248,0.32335
house-ny-2,HOUSE,NY,2,False,standard,Andrew Garbarino,R,-1,Patrick Halpin,Andrew Garbarino,,-14.07654671761222,0.0,,,,0.0,-7.407313212903004,-7.4620438991759395,-15.401976854335715,0.6536315713241091,0.1203
house-ny-3,HOUSE,NY,3,False,standard,Tom Suozzi,D,1,Tom Suozzi,Mike LiPetri,,-4.3468453348013485,0.0,,,,0.0,9.124161961945923,9.043237487984303,1.1127433572328134,17.114152021720788,0.9288
house-ny-4,HOUSE,NY,4,False,standard,Laura Gillen,D,1,Laura Gillen,Jeanine Driscoll,,1.2928081522715966,0.0,,,,0.0,14.754691276836796,14.689726368944942,6.836676883735909,22.741590925121223,0.99015
house-ny-5,HOUSE,NY,5,False,standard,Gregory Meeks,D,1,Gregory Meeks,George Marsh,,42.80056553350199,0.0,,,,0.0,52.33109185944226,52.3667289350191,44.45954458477071,60.217800171334375,1.0
house-ny-6,HOUSE,NY,6,False,standard,Grace Meng,D,1,Grace Meng,Joseph Chou,,6.526551363448394,0.0,,,,0.0,18.74159721562363,18.737391683800034,10.800623772330358,26.654759835734616,0.9985
house-ny-7,HOUSE,NY,7,False,standard,Nydia Velázquez,,0,Claire Valdez,Melvin Rivera,,47.1903032424627,0.0,,,,0.0,54.197301189322516,54.19327998483453,45.00380025115227,63.41146795473404,1.0
house-ny-8,HOUSE,NY,8,False,standard,Hakeem Jeffries,D,1,Hakeem Jeffries,Lewis Mizrahi,,44.70400544553402,0.0,,,,0.0,54.13989869068391,54.09690043177062,46.21005129457737,62.00042411488727,1.0
house-ny-9,HOUSE,NY,9,False,standard,Yvette Clarke,D,1,Yvette Clarke,Joel Azumah,,41.46428833112162,0.0,,,,0.0,51.05914408739153,51.11463401933166,43.168689067279956,58.952038364947846,1.0
house-ny-10,HOUSE,NY,10,False,standard,Dan Goldman,,0,Brad Lander,Jennifer Moore,,61.892367529836285,0.0,,,,0.0,68.01674637531775,68.13470257957158,58.94484658662655,77.15052815417934,1.0
house-ny-11,HOUSE,NY,11,False,standard,Nicole Malliotakis,R,-1,Michael DeCillis,Nicole Malliotakis,,-24.82593754669057,0.0,,,,0.0,-18.942458882961155,-19.012532714021724,-26.88947236710774,-11.026043649511074,0.00105
house-ny-12,HOUSE,NY,12,False,standard,Jerry Nadler,,0,Micah Lasher,Caroline Shinkle,,64.89941854165914,0.0,,,,0.0,70.81831507650449,70.72872478344863,61.624783448614295,79.94650691453919,1.0
house-ny-13,HOUSE,NY,13,False,standard,Adriano Espaillat,,0,Darializa Avila Chevalier,Jomo Williams,,60.27299582357136,0.0,,,,0.0,66.50455854164062,66.51223214506875,57.31006567904647,75.71218385479393,1.0
house-ny-14,HOUSE,NY,14,False,standard,Alexandria Ocasio-Cortez,D,1,Alexandria Ocasio-Cortez,Diamant Hysenaj,,32.36610727477116,0.0,,,,0.0,42.35232178621533,42.295014337773324,34.437800189989694,50.267975195208585,1.0
house-ny-15,HOUSE,NY,15,False,standard,Ritchie Torres,D,1,Ritchie Torres,Stylo Sapaskis,,48.80797713394829,0.0,,,,0.0,58.02791290678568,57.98472736348239,50.129177309642394,65.8947325267825,1.0
house-ny-16,HOUSE,NY,16,False,standard,George Latimer,D,1,George Latimer,Joseph Cinquemani,,33.30969325456048,0.0,,,,0.0,43.25912027854875,43.249940952066126,35.32471050474338,51.19125408818423,1.0
house-ny-17,HOUSE,NY,17,False,standard,Mike Lawler,R,-1,Cait Conley,Mike Lawler,,0.5597232177745115,0.0,,2.0,-4.6526079244436644,0.3406379148800254,9.526336071427531,4.626641389414926,-1.960670969496999,11.228748169733487,0.8151
house-ny-18,HOUSE,NY,18,False,standard,Pat Ryan,D,1,Pat Ryan,Jacqueline Auringer,,3.3539403039279723,0.0,,1.0,9.817391304347826,0.29907739574677317,16.396161737790447,14.396651714449257,7.564542280424412,21.21593762090298,0.9968
house-ny-19,HOUSE,NY,19,False,standard,Josh Riley,D,1,Josh Riley,Peter Oberacker,,1.80061138988952,0.0,,,,0.0,15.174668212662544,15.092472085560052,7.1939970618660976,23.110065919478647,0.9922
house-ny-20,HOUSE,NY,20,False,standard,Paul Tonko,D,1,Paul Tonko,Ralph Ambrosio,,14.320901440778664,0.0,,,,0.0,25.082093417919356,25.113610846910014,17.144328060982563,32.971649393215955,1.0
house-ny-21,HOUSE,NY,21,False,standard,Elise Stefanik,,0,Blake Gendebien,Anthony Constantino,,-20.759985363244855,0.0,,5.0,-9.124564052950669,0.417676267180796,-12.431692337261753,-10.981617507927293,-18.120050202875294,-3.8477446991068573,0.0242
house-ny-22,HOUSE,NY,22,False,standard,John Mannion,D,1,John Mannion,Kailee Buller,,7.694014964669066,0.0,,,,0.0,19.607680917687286,19.662910508975944,11.63056911908131,27.65800439379711,0.99915
house-ny-23,HOUSE,NY,23,False,standard,Nick Langworthy,R,-1,Aaron Gies,Nick Langworthy,,-21.18795208389146,0.0,,,,0.0,-15.17892084123792,-15.210619895193322,-23.261719075708733,-7.099853494814258,0.00765
house-ny-24,HOUSE,NY,24,False,standard,Claudia Tenney,R,-1,Alissa Ellman,Claudia Tenney,,-23.23714041522547,0.0,,,,0.0,-17.304825351769065,-17.342219437282033,-25.26782495070579,-9.313920051700823,0.0028
house-ny-25,HOUSE,NY,25,False,standard,Joseph Morelle,D,1,Joseph Morelle,Virginia McIntyre,,18.654098607614007,0.0,,,,0.0,29.124786284155014,29.071949715163512,21.135621336754944,36.95884909167165,1.0
house-ny-26,HOUSE,NY,26,False,standard,Tim Kennedy,D,1,Tim Kennedy,Dennis Hannon,,19.560710081799225,0.0,,,,0.0,29.9926083975202,29.982811280527727,22.100569771613486,37.823788524009224,1.0
house-oh-1,HOUSE,OH,1,False,standard,Greg Landsman,D,1,Greg Landsman,Eric Conroy,,-2.6197222469283257,0.0,,1.0,3.5675675675675644,0.3253090079580303,11.04575944534211,8.674506158456252,2.0595682681471374,15.256465408208426,0.95325
house-oh-2,HOUSE,OH,2,False,standard,David Taylor,R,-1,Jennifer Mazzuckelli,David Taylor,,-42.48019552563594,0.0,,,,0.0,-37.2011129670987,-37.214646432633515,-45.07136008679526,-29.230145217663758,0.0
house-oh-3,HOUSE,OH,3,False,standard,Joyce Beatty,D,1,Joyce Beatty,Cleophus Dulaney,,40.654067267595785,0.0,,,,0.0,50.287078765919176,50.28812024907849,42.489653381081254,58.07128395987517,1.0
house-oh-4,HOUSE,OH,4,False,standard,Jim Jordan,R,-1,Joshua Kolasinski,Jim Jordan,,-43.01401244702379,0.0,,,,0.0,-37.758628504559724,-37.77411222078304,-45.738372545156096,-29.734127129968982,0.0
house-oh-5,HOUSE,OH,5,False,standard,Bob Latta,R,-1,Brian Shaver,Bob Latta,,-23.972456468406715,0.0,,,,0.0,-18.06346887674076,-18.066745446136807,-25.92711688651652,-10.121598277353673,0.0019
house-oh-6,HOUSE,OH,6,False,standard,Michael Rulli,R,-1,Elizabeth Kirtley,Michael Rulli,,-34.89692072203759,0.0,,,,0.0,-29.318350604540367,-29.304446480789682,-37.07303851860795,-21.421878663369913,0.0
house-oh-7,HOUSE,OH,7,False,standard,Max Miller,R,-1,Brian Poindexter,Max Miller,,-11.151670963328055,0.0,,5.0,10.301096739465386,0.3457325495307936,-3.890692733599877,1.0549868467508894,-5.434970489934445,7.516700447678672,0.5829
house-oh-8,HOUSE,OH,8,False,standard,Warren Davidson,R,-1,Vanessa Enoch,Warren Davidson,,-15.774611860237084,0.0,,,,0.0,-9.351225851752897,-9.330971216962869,-17.2774776988139,-1.4150178147791748,0.06515
house-oh-9,HOUSE,OH,9,False,standard,Marcy Kaptur,D,1,Marcy Kaptur,Derek Merrin,,-10.679051092377328,0.0,,1.0,1.155555555555555,0.19640656069450385,1.2953588093953747,1.2977435636065007,-5.931951285597036,8.464403101121814,0.59405
house-oh-10,HOUSE,OH,10,False,standard,Mike Turner,R,-1,Kristina Knickerbocker,Mike Turner,,-7.862840402157268,0.0,,2.0,-13.150471827083202,0.3278529453084057,0.23621752054153922,-4.145170504380384,-10.752384011659073,2.4152241490414883,0.2076
house-oh-11,HOUSE,OH,11,False,standard,Shontel Brown,D,1,Shontel Brown,Mike Kirchner,,55.46192877452597,0.0,,,,0.0,64.29747384456584,64.30219909736954,56.49205439763097,72.25634840923826,1.0
house-oh-12,HOUSE,OH,12,False,standard,Troy Balderson,R,-1,Jerrad Christian,Troy Balderson,,-30.355763886497893,0.0,,,,0.0,-24.6300973224805,-24.597022543327192,-32.480748079801586,-16.62303366408393,5e-05
house-oh-13,HOUSE,OH,13,False,standard,Emilia Sykes,D,1,Emilia Sykes,Carey Coleman,,3.32248331777791,0.0,,,,0.0,16.37219450152811,16.5125097112696,8.55803050514379,24.32644458224234,0.9959
house-oh-14,HOUSE,OH,14,False,standard,David Joyce,R,-1,Maria Jukic,David Joyce,,-20.532469622988483,0.0,,,,0.0,-14.493331001100724,-14.511822929232103,-22.333887057386544,-6.670099520266294,0.0092
house-oh-15,HOUSE,OH,15,False,standard,Mike Carey,R,-1,Don Leonard,Mike Carey,,-10.11469405584615,0.0,,2.0,-10.612705558336602,0.3242519120409658,-2.6000531971507868,-5.200221071766947,-11.786816742274704,1.5135631657255926,0.1593
house-ok-1,HOUSE,OK,1,False,standard,Kevin Hern,,0,John Croisant,Mark Tedford,,-21.998761071705406,0.0,,,,0.0,-13.722722200041451,-13.761181031551757,-22.88101777193447,-4.600771151426957,0.02725
house-ok-2,HOUSE,OK,2,False,standard,Josh Brecheen,R,-1,Brandon Wade,Josh Brecheen,,-56.511293397442095,0.0,,,,0.0,-51.97188459781184,-52.069748282730444,-59.926379977056754,-44.18133168993009,0.0
house-ok-3,HOUSE,OK,3,False,standard,Frank Lucas,R,-1,Suzie Byrd,Frank Lucas,,-46.41821356574914,0.0,,,,0.0,-41.322147201328725,-41.35382167617868,-49.31273718287126,-33.439754141421076,0.0
house-ok-4,HOUSE,OK,4,False,standard,Tom Cole,R,-1,Mitchell Jacob,Tom Cole,,-33.8874815283935,0.0,,,,0.0,-28.274211029249244,-28.31310634696935,-36.2527765837262,-20.42021726660905,0.0
house-ok-5,HOUSE,OK,5,False,standard,Stephanie Bice,R,-1,Jena Nelson,Stephanie Bice,,-18.120004629945658,0.0,,1.0,-10.894505494505495,0.29907739574677317,-11.93113527766888,-11.628493893769772,-18.38861813351899,-4.711810829595468,0.0146
house-or-1,HOUSE,OR,1,False,standard,Suzanne Bonamici,D,1,Suzanne Bonamici,Barbara Kahl,,39.11033167782459,0.0,,,,0.0,48.81426305890051,48.78955414631277,40.871513827608446,56.85384412791029,1.0
house-or-2,HOUSE,OR,2,False,standard,Cliff Bentz,R,-1,Chris Beck,Cliff Bentz,,-27.87852040916719,0.0,,,,0.0,-22.08111231211672,-22.05994318220909,-30.070647211248808,-14.139171660465138,0.00015
house-or-3,HOUSE,OR,3,False,standard,Maxine Dexter,D,1,Maxine Dexter,Loran Ayles,,47.613763803262344,0.0,,,,0.0,56.898214406890844,56.8637502308047,49.02362593715905,64.69992957315955,1.0
house-or-4,HOUSE,OR,4,False,standard,Val Hoyle,D,1,Val Hoyle,Monique DeSpain,,12.442914801419136,0.0,,,,0.0,23.423751626704338,23.377487668773934,15.493901193813432,31.33081140526915,0.9998
house-or-5,HOUSE,OR,5,False,standard,Janelle Bynum,D,1,Janelle Bynum,Patti Adair,,8.808655945204382,0.0,,,,0.0,20.45541356388466,20.440937410125247,12.46446632789367,28.35679487092474,0.9995
house-or-6,HOUSE,OR,6,False,standard,Andrea Salinas,D,1,Andrea Salinas,David Russ,,11.741786607103235,0.0,,,,0.0,22.82519205652038,22.82543701408519,14.911284826117692,30.78196865009986,0.9998
house-pa-1,HOUSE,PA,1,False,standard,Brian Fitzpatrick,R,-1,Bob Harvie,Brian Fitzpatrick,,0.3223803661609427,0.0,,5.0,-5.757689291208052,0.33281394660289887,9.3168574683015,4.279751181019251,-2.2194862122672174,10.914459752113364,0.80185
house-pa-2,HOUSE,PA,2,False,standard,Brendan Boyle,D,1,Brendan Boyle,Jessica Arriaga,,36.16987750404209,0.0,,,,0.0,46.0024110521473,46.10096653474361,38.15272522467416,53.92355375934367,1.0
house-pa-3,HOUSE,PA,3,False,same_party,Dwight Evans,,0,Chris Rabb,,D,78.25794319536355,0.0,,,,,,,,,1.0
house-pa-4,HOUSE,PA,4,False,standard,Madeleine Dean,D,1,Madeleine Dean,Aurora Stuski,,15.969585034454454,0.0,,,,0.0,26.592609951714024,26.56963109713483,18.602709037442853,34.397911908410485,1.0
house-pa-5,HOUSE,PA,5,False,standard,Mary Gay Scanlon,D,1,Mary Gay Scanlon,Nicholas Manganaro,,28.934375196073226,0.0,,,,0.0,39.047062544337685,38.982477956464294,31.04088226275212,46.868275527832424,1.0
house-pa-6,HOUSE,PA,6,False,standard,Chrissy Houlahan,D,1,Chrissy Houlahan,Marty Young,,11.526010296683289,0.0,,,,0.0,22.64342845126959,22.6039723170069,14.639611252116627,30.660789431489345,0.9999
house-pa-7,HOUSE,PA,7,False,standard,Ryan Mackenzie,R,-1,Bob Brooks,Ryan Mackenzie,,-3.2388654010275633,0.0,,2.0,5.782787421978891,0.32984138356501663,5.775625328602326,5.817568265021004,-0.8643322869377479,12.402441088431924,0.86615
house-pa-8,HOUSE,PA,8,False,standard,Rob Bresnahan,R,-1,Paige Cognetti,Rob Bresnahan,,-8.56734175384965,0.0,,3.0,-3.6363641964358933,0.3213612612421093,-0.6519395332120668,-1.5868711020883948,-8.245068821609394,5.10994333003072,0.38215
house-pa-9,HOUSE,PA,9,False,standard,Dan Meuser,R,-1,Rachel Wallace,Dan Meuser,,-38.286959054699274,0.0,,,,0.0,-32.83373543704821,-32.8720795066681,-40.77118751126158,-24.95976026891804,0.0
house-pa-10,HOUSE,PA,10,False,standard,Scott Perry,R,-1,Janelle Stelson,Scott Perry,,-5.291422535038262,0.0,,4.0,3.295965363062397,0.3185804006114132,3.4109831760943337,3.3702515443590593,-3.3906947496135,10.08847967346941,0.74155
house-pa-11,HOUSE,PA,11,False,standard,Lloyd Smucker,R,-1,Nancy Mannion,Lloyd Smucker,,-21.57463662043542,0.0,,,,0.0,-15.581861249125271,-15.586085001162523,-23.58238125821914,-7.523035571222683,0.0067
house-pa-12,HOUSE,PA,12,False,standard,Summer Lee,D,1,Summer Lee,James Hayes,,19.36501513829129,0.0,,,,0.0,29.80492152366571,29.78421938836498,21.813522605094512,37.67796311837554,1.0
house-pa-13,HOUSE,PA,13,False,standard,John Joyce,R,-1,Beth Farnham,John Joyce,,-45.903263915331515,0.0,,,,0.0,-40.782186032410266,-40.81501594432237,-48.90787703052229,-32.828768469634525,0.0
house-pa-14,HOUSE,PA,14,False,standard,Guy Reschenthaler,R,-1,Alan Bradstock,Guy Reschenthaler,,-33.59611755448029,0.0,,,,0.0,-27.97305100527995,-28.00840632460481,-35.976054109182954,-20.090992467725368,0.0
house-pa-15,HOUSE,PA,15,False,standard,Glenn Thompson,R,-1,Ray Bilger,Glenn Thompson,,-38.28705018459166,0.0,,,,0.0,-32.8338301209402,-32.777305224342726,-40.86054915946551,-24.85365475049341,0.0
house-pa-16,HOUSE,PA,16,False,standard,Mike Kelly,R,-1,Justin Wagner,Mike Kelly,,-22.959797174936618,0.0,,,,0.0,-17.01824445594018,-17.003815244606702,-25.022595899859837,-9.115630655034622,0.0034
house-pa-17,HOUSE,PA,17,False,standard,Chris Deluzio,D,1,Chris Deluzio,Tony Guy,,5.556475855381876,0.0,,,,0.0,18.03065596465992,18.066846894420884,9.980814597275998,26.018176152466655,0.99835
house-ri-1,HOUSE,RI,1,False,standard,Gabe Amo,D,1,Gabe Amo,Kellie Keenan,,22.659710215618045,0.0,,,,0.0,32.98087385645396,32.92592675250208,24.942311913721895,40.93261088173236,1.0
house-ri-2,HOUSE,RI,2,False,standard,Seth Magaziner,D,1,Seth Magaziner,Vic Mellor,,6.934426897530219,0.0,,,,0.0,19.042285163988957,18.992436734431323,11.065987350355176,27.026394664957664,0.99895
house-sc-1,HOUSE,SC,1,False,standard,Nancy Mace,,0,Nancy Lacore,Jenny Costa Honeycutt,,-13.209432555402822,0.0,,2.0,-6.7017046845751596,0.3910679855212646,-4.086655599291272,-5.122945794899795,-12.515293639724177,2.3715940997949296,0.1865
house-sc-2,HOUSE,SC,2,False,standard,Joe Wilson,R,-1,Zyon Khalifa,Joe Wilson,,-14.123469393416519,0.0,,,,0.0,-7.4619954547299505,-7.4641068886528945,-15.524485155555837,0.46689738747985465,0.1142
house-sc-3,HOUSE,SC,3,False,standard,Sheri Biggs,R,-1,Eunice Lehmacher,Sheri Biggs,,-43.61925875397908,0.0,,,,0.0,-38.391164571149034,-38.388291678910946,-46.38063389657923,-30.303047445702703,0.0
house-sc-4,HOUSE,SC,4,False,standard,William Timmons,R,-1,Courtney McClain,William Timmons,,-23.96239999770522,0.0,,,,0.0,-18.05310308373014,-18.019799248553447,-25.99204466764151,-10.048480798103702,0.00185
house-sc-5,HOUSE,SC,5,False,standard,Ralph Norman,,0,Mallory Dittmer,Wes Climer,,-23.088838343075633,0.0,,,,0.0,-14.851617738671068,-14.922049313365584,-24.23838747485366,-5.541888919542145,0.02115
house-sc-6,HOUSE,SC,6,False,standard,Jim Clyburn,D,1,Jim Clyburn,John Peterson,,23.044582639922922,0.0,,,,0.0,33.353136646594386,33.42302786675509,25.37706789855871,41.3358991671125,1.0
house-sc-7,HOUSE,SC,7,False,standard,Russell Fry,R,-1,John Vincent,Russell Fry,,-26.624063961841426,0.0,,1.0,-10.528205128205132,0.30161088501210537,-20.791553801228023,-17.694501711132755,-24.457288622132957,-10.847314218485838,0.00045
house-sd-al,HOUSE,SD,0,False,standard,Dusty Johnson,,0,Nikki Gronli,Marty Jackley,,-29.890199073853058,0.0,,,,0.0,-21.85067760495644,-21.893168512957683,-31.07115320554631,-12.632101230926285,0.00115
house-tn-1,HOUSE,TN,1,False,standard,Diana Harshbarger,R,-1,Kristi Burke,Diana Harshbarger,,-58.4412194612654,0.0,,,,0.0,-54.02281395644934,-54.03771527701815,-61.914212211289325,-46.12266075653382,0.0
house-tn-2,HOUSE,TN,2,False,standard,Tim Burchett,R,-1,Michaela Barnett,Tim Burchett,,-34.325708961516874,0.0,,,,0.0,-28.727357116191914,-28.67033909729438,-36.72485006525282,-20.789750724015946,0.0
house-tn-3,HOUSE,TN,3,False,standard,Chuck Fleischmann,R,-1,Anna Golladay,Chuck Fleischmann,,-36.206458812861825,0.0,,,,0.0,-30.67468842457025,-30.591691573647886,-38.6065533711382,-22.70898157806049,0.0
house-tn-4,HOUSE,TN,4,False,standard,Scott DesJarlais,R,-1,Victoria Broderick,Scott DesJarlais,,-24.276339895406547,0.0,,,,0.0,-18.37659322901132,-18.358483691240053,-26.281306528109884,-10.31859400301054,0.0018
house-tn-5,HOUSE,TN,5,False,standard,Andy Ogles,,0,Chaz Molder,Charlie Hatcher,,-23.390548243207476,0.0,,1.0,-14.490909090909092,0.3673984690642689,-15.163230300833227,-14.934960003288912,-22.302339497788303,-7.431336579442803,0.0051
house-tn-6,HOUSE,TN,6,False,standard,John Rose,,0,Mike Croley,Johnny Garrett,,-26.87603213256081,0.0,,,,0.0,-18.750555131605946,-18.64835352930492,-28.066963130796353,-9.584239678806949,0.00565
house-tn-7,HOUSE,TN,7,False,standard,Matt Van Epps,R,-1,Darden Copeland,Matt Van Epps,,-22.72632896191422,0.0,,,,0.0,-16.776776315361477,-16.846236644421438,-24.865412612656417,-8.75940677746491,0.0035
house-tn-8,HOUSE,TN,8,False,standard,David Kustoff,R,-1,Heidi Kuhn,David Kustoff,,-20.43242219556846,0.0,,,,0.0,-14.388370872773871,-14.43647002975603,-22.351915151069704,-6.37735344908944,0.011
house-tn-9,HOUSE,TN,9,False,standard,Steve Cohen,,0,Justin Pearson,Brent Taylor,,-21.425243647535822,0.0,,1.0,-9.747826086956522,0.3612468341030429,-13.126308026812918,-11.84258430335575,-19.370240247191468,-4.425513510232571,0.0208
house-tx-1,HOUSE,TX,1,False,standard,Nathaniel Moran,R,-1,Yolanda Prince,Nathaniel Moran,,-49.90366327371402,0.0,,,,0.0,-44.98548639904853,-45.07862362266806,-52.89500448062473,-37.04371203393582,0.0
house-tx-2,HOUSE,TX,2,False,standard,Dan Crenshaw,,0,Shaun Finnie,Steve Toth,,-23.13431489842665,0.0,,,,0.0,-14.898606680046662,-14.862617374948005,-24.075085086551788,-5.544232305406746,0.0208
house-tx-3,HOUSE,TX,3,False,standard,Keith Self,R,-1,Evan Hunt,Keith Self,,-23.981599143217043,0.0,,,,0.0,-18.072892561263178,-18.180970112259395,-26.019770568211488,-10.106579478333552,0.0019
house-tx-4,HOUSE,TX,4,False,standard,Pat Fallon,R,-1,Jason Pearce,Pat Fallon,,-25.158856069593824,0.0,,,,0.0,-19.285013523204345,-19.438612971887302,-27.255660764428875,-11.417886127755452,0.001
house-tx-5,HOUSE,TX,5,False,standard,Lance Gooden,R,-1,Chelsey Hockett,Lance Gooden,,-21.843996130993506,0.0,,,,0.0,-15.861972827634398,-15.905621364233948,-23.937661149054698,-7.750614468087033,0.0065
house-tx-6,HOUSE,TX,6,False,standard,Jake Ellzey,R,-1,Danny Minton,Jake Ellzey,,-23.274848423140842,0.0,,,,0.0,-17.343768749260406,-17.40388753328644,-25.426325561038116,-9.424521232448813,0.00265
house-tx-7,HOUSE,TX,7,False,standard,Lizzie Fletcher,D,1,Lizzie Fletcher,Alexander Hale,,24.093375271886345,0.0,,,,0.0,34.36790797406409,34.36299316776875,26.4331831904514,42.337619456311266,1.0
house-tx-8,HOUSE,TX,8,False,standard,Morgan Luttrell,,0,Laura Jones,Jessica Hart Steinmann,,-27.993926866059134,0.0,,,,0.0,-19.89977098055751,-19.90622828947876,-29.062539651386036,-10.737634041364046,0.00255
house-tx-9,HOUSE,TX,9,False,standard,None (new seat),,0,Leticia Gutierrez,Alex Mealer,,-19.967725626975657,0.0,,,,0.0,-11.599615739943536,-11.62140813633609,-20.852915168743394,-2.377521020732165,0.05485
house-tx-10,HOUSE,TX,10,False,standard,Michael McCaul,,0,Caitlin Rourk,Chris Gober,,-22.935141814419953,0.0,,,,0.0,-14.692754334344311,-14.700368962098871,-23.878778229470345,-5.585899219709854,0.01895
house-tx-11,HOUSE,TX,11,False,standard,August Pfluger,R,-1,Claire Reynolds,August Pfluger,,-34.776226874930764,0.0,,,,0.0,-29.193445176450023,-29.159453529633893,-37.24844472112613,-21.126152121736656,0.0
house-tx-12,HOUSE,TX,12,False,standard,Craig Goldman,R,-1,Angela Rodriguez Prilliman,Craig Goldman,,-24.152059215739328,0.0,,,,0.0,-18.248557224085527,-18.358466399401863,-26.350615967218463,-10.146279736734876,0.00145
house-tx-13,HOUSE,TX,13,False,standard,Ronny Jackson,R,-1,Mark Nair,Ronny Jackson,,-46.66045241939511,0.0,,,,0.0,-41.57626456572502,-41.59215140098506,-49.62852409949759,-33.51142893024149,0.0
house-tx-14,HOUSE,TX,14,False,standard,Randy Weber,R,-1,Thurman Bartie,Randy Weber,,-24.57811033271256,0.0,,,,0.0,-18.687358768414693,-18.65820238715118,-26.716538404156747,-10.807945031070833,0.0009
house-tx-15,HOUSE,TX,15,False,standard,Monica De La Cruz,R,-1,Bobby Pulido,Monica De La Cruz,,-18.01759130969824,0.0,,5.0,4.851217360548941,0.3459041329905478,-11.820612421949908,-5.988495326384799,-12.626025044498492,0.477107167990137,0.11755
house-tx-16,HOUSE,TX,16,False,standard,Veronica Escobar,D,1,Veronica Escobar,Adam Bauman,,16.63676773389655,0.0,,,,0.0,27.215053595241205,27.241684706153933,19.354833809592982,35.22898146230386,1.0
house-tx-17,HOUSE,TX,17,False,standard,Pete Sessions,R,-1,Casey Shepard,Pete Sessions,,-21.9502302161465,0.0,,,,0.0,-15.972329281396718,-16.017979344026884,-23.98387384881038,-8.015676358272518,0.00555
house-tx-18,HOUSE,TX,18,False,standard,Christian Menefee,D,1,Christian Menefee,Ronald Whitfield,,55.72034781448782,0.0,,,,0.0,64.54011745144659,64.53138548774282,56.73684403737467,72.50277502616434,1.0
house-tx-19,HOUSE,TX,19,False,standard,Jodey Arrington,,0,Kyle Rable,Tom Sell,,-52.16553105495645,0.0,,,,0.0,-45.07085751912582,-45.06201710024248,-54.36080195560587,-35.8823092945192,0.0
house-tx-20,HOUSE,TX,20,False,standard,Joaquin Castro,D,1,Joaquin Castro,Edgardo Rafael Baez,,28.881561605032594,0.0,,,,0.0,38.99610823610837,39.06610599156005,31.0626552980977,46.87785266638571,1.0
house-tx-21,HOUSE,TX,21,False,standard,Chip Roy,,0,Kristin Hook,Mark Teixeira,,-22.084735744258868,0.0,,,,0.0,-13.811963961352841,-13.87533844277609,-23.304378678580747,-4.648072071613856,0.02585
house-tx-22,HOUSE,TX,22,False,standard,Troy Nehls,,0,Marquette Greene-Scott,Trever Nehls,,-22.728896297178235,0.0,,,,0.0,-14.479432814974825,-14.56939199267682,-23.735852006903347,-5.45713992070233,0.02245
house-tx-23,HOUSE,TX,23,False,standard,Vacant,,0,Katy Padilla Stout,Brandon Herrera,,-14.973852558895206,0.0,,1.0,-7.839024390243903,0.11765155133637689,-6.143351562824672,-6.361199127772461,-15.155743617108334,2.360710043621121,0.1773
house-tx-24,HOUSE,TX,24,False,standard,Beth Van Duyne,R,-1,Kevin Burge,Beth Van Duyne,,-16.38594296670372,0.0,,,,0.0,-10.034390518444019,-10.048543255076963,-18.061711000491343,-2.0414153643834876,0.0546
house-tx-25,HOUSE,TX,25,False,standard,Roger Williams,R,-1,Dione Sims,Roger Williams,,-24.33804955302802,0.0,,,,0.0,-18.440156015375255,-18.52950538969662,-26.55510896911109,-10.504179767503082,0.00205
house-tx-26,HOUSE,TX,26,False,standard,Brandon Gill,R,-1,Steven Shook,Brandon Gill,,-24.143127359490155,0.0,,,,0.0,-18.23935424000912,-18.252665319446105,-26.308242478321983,-10.24544704929034,0.00185
house-tx-27,HOUSE,TX,27,False,standard,Michael Cloud,R,-1,Tanya Lloyd,Michael Cloud,,-21.457064940663432,0.0,,,,0.0,-15.459453776646685,-15.526161809887794,-23.519211536178098,-7.6896367091254065,0.0067
house-tx-28,HOUSE,TX,28,False,standard,Henry Cuellar,D,1,Henry Cuellar,Tano Tijerina,,-10.459161706977333,0.0,,3.0,13.645500310237976,0.3435916095300807,1.5693232080449153,5.700194189068835,-0.8360189523952753,12.242041384156288,0.869
house-tx-29,HOUSE,TX,29,False,standard,Sylvia Garcia,D,1,Sylvia Garcia,Martha Fierro,,30.845369895153603,0.0,,,,0.0,40.88903000420619,40.89503327036645,32.898743386768636,48.84530038653013,1.0
house-tx-30,HOUSE,TX,30,False,standard,None (new seat),,0,Frederick Haynes III,Everett Jackson,,47.804896337119935,0.0,,,,0.0,54.7791135042483,54.77835727837699,45.48763225362199,64.00207413051838,1.0
house-tx-31,HOUSE,TX,31,False,standard,John Carter,R,-1,Justin Early,John Carter,,-22.146914200858628,0.0,,,,0.0,-16.176480625556362,-16.117672516544275,-24.16407144330958,-8.183095316170094,0.0048
house-tx-32,HOUSE,TX,32,False,standard,None (new seat),,0,Dan Barrios,Jace Yarbrough,,-18.113580215751295,0.0,,,,0.0,-9.624207120471466,-9.52758471507872,-18.751035539912976,-0.37336118535402557,0.09125
house-tx-33,HOUSE,TX,33,False,standard,Jasmine Crockett,,0,Colin Allred,Patrick Gillespie,,33.340829756235884,0.0,,,,0.0,40.98902786516028,40.762329681937814,31.70132009923813,49.96475070119185,1.0
house-tx-34,HOUSE,TX,34,False,standard,Vicente Gonzalez,D,1,Vicente Gonzalez,Eric Flores,,-10.22506904859846,0.0,,4.0,3.4353602811132906,0.3450556883801833,1.861787045270539,2.406902793847437,-4.223376257795318,9.008601043360848,0.6797
house-tx-35,HOUSE,TX,35,False,standard,None (new seat),,0,Johnny Garcia,Carlos De La Cruz,,-10.563314149260139,0.0,,1.0,-6.523595505617978,0.3673984690642689,-0.8605379627423143,-2.9532574857166463,-10.37512622636404,4.605195927259513,0.3074
house-tx-36,HOUSE,TX,36,False,standard,Brian Babin,R,-1,Rhonda Hart,Brian Babin,,-25.312327790203895,0.0,,,,0.0,-19.442884072066885,-19.466919177259953,-27.536259909973744,-11.404407852482423,0.00115
house-tx-37,HOUSE,TX,37,False,standard,Greg Casar,D,1,Greg Casar,Lauren Peña,,57.704254135704865,0.0,,,,0.0,66.40082076391991,66.37888155144537,58.54837096143389,74.27645585106276,1.0
house-tx-38,HOUSE,TX,38,False,standard,Wesley Hunt,,0,Melissa McDonough,Jon Bonck,,-21.29669299579903,0.0,,,,0.0,-12.992336976664479,-12.937922124610559,-22.2861252665698,-3.81583570428428,0.03695
house-ut-1,HOUSE,UT,1,False,standard,None (new seat),,0,Ben McAdams,Riley Owen,,24.325735111457707,0.0,,,,0.0,32.292752823240065,32.348776559682875,23.075153909102127,41.440952641538324,0.99995
house-ut-2,HOUSE,UT,2,False,standard,Blake Moore,R,-1,Peter Crosby,Blake Moore,,-29.9231434255034,0.0,,1.0,-6.987301587301587,0.29847848674690153,-24.184595858868896,-19.066918293241855,-25.783038626011596,-12.349063361209355,0.0003
house-ut-3,HOUSE,UT,3,False,standard,Celeste Maloy,R,-1,Kent Udell,Celeste Maloy,,-42.41903846817411,0.0,,,,0.0,-37.13726300932328,-37.13381166510048,-45.17273327459304,-29.163374790558223,0.0
house-ut-4,HOUSE,UT,4,False,standard,Mike Kennedy,R,-1,Jonny Larsen,Mike Kennedy,,-33.446643564909,0.0,,,,0.0,-27.81858936912314,-27.795640868106545,-35.767790169258994,-19.842009840181262,0.0
house-va-1,HOUSE,VA,1,False,standard,Rob Wittman,R,-1,Shannon Taylor,Rob Wittman,,-5.00442471396264,0.0,,2.0,-6.47526881747188,0.29999179370818196,3.7532046754375057,0.7269441399118128,-6.099533676767104,7.508281632662287,0.5544
house-va-2,HOUSE,VA,2,False,standard,Jen Kiggans,R,-1,Elaine Luria,Jen Kiggans,,-0.25221671009308466,0.0,,1.0,-5.4,0.3066681906618252,8.796678046709616,4.357792988636333,-2.33700593186294,11.218871157858556,0.79905
house-va-3,HOUSE,VA,3,False,standard,Bobby Scott,D,1,Bobby Scott,Edwin Rivera,,35.171354784672296,0.0,,,,0.0,45.04561743479971,45.08938668632429,37.24770824662849,53.05418833732317,1.0
house-va-4,HOUSE,VA,4,False,standard,Jennifer McClellan,D,1,Jennifer McClellan,Robert Murray,,33.178227120064946,0.0,,,,0.0,43.13283235811503,43.17819292087215,35.13207901251755,51.1178294992982,1.0
house-va-5,HOUSE,VA,5,False,standard,John McGuire,R,-1,Tom Perriello,John McGuire,,-12.407085063709836,0.0,,1.0,-8.696703296703298,0.303376358687346,-5.425272957910832,-6.506696658146527,-13.222606851115946,0.2874791753110074,0.1097
house-va-6,HOUSE,VA,6,False,standard,Ben Cline,R,-1,Beth Macy,Ben Cline,,-24.157705036448466,0.0,,,,0.0,-18.254374336964933,-18.269976611046634,-26.24614824692254,-10.257693759147127,0.00215
house-va-7,HOUSE,VA,7,False,standard,Eugene Vindman,D,1,Eugene Vindman,Doug Ollivant,,2.914155482400608,0.0,,,,0.0,16.058576689089985,16.11620951604992,7.975935740248365,24.106267886642936,0.9946
house-va-8,HOUSE,VA,8,False,standard,Don Beyer,D,1,Don Beyer,Tony Sabio,,50.904224479584464,0.0,,,,0.0,60.007610279371264,60.00483659824897,52.189303541435926,67.83919335957101,1.0
house-va-9,HOUSE,VA,9,False,standard,Morgan Griffith,R,-1,Joy Powers,Morgan Griffith,,-44.42581664466825,0.0,,,,0.0,-39.23478415467869,-39.295116386090314,-47.16739287162879,-31.271959986255492,0.0
house-va-10,HOUSE,VA,10,False,standard,Suhas Subramanyam,D,1,Suhas Subramanyam,Dave Beckwith,,8.576451033971418,0.0,,,,0.0,20.276731338555425,20.23677404637491,12.271215560971209,28.271538493134337,0.9992
house-va-11,HOUSE,VA,11,False,standard,James Walkinshaw,D,1,James Walkinshaw,Arthur Purves,,35.29116354091677,0.0,,,,0.0,45.16047137585693,45.19132608275014,37.26188911988054,52.97580695903244,1.0
house-vt-al,HOUSE,VT,0,False,standard,Becca Balint,D,1,Becca Balint,Gerald Malloy,,32.77043577168019,0.0,,2.0,42.50658324758275,0.3403389444128471,42.74099445745367,42.63658205886375,36.13315986723515,49.34125198947096,1.0
house-wa-1,HOUSE,WA,1,False,standard,Suzan DelBene,D,1,Suzan DelBene,Mary Silva,,29.71416626019093,0.0,,,,0.0,39.79910283309828,39.83294469256731,31.951476413985837,47.719405271425515,1.0
house-wa-2,HOUSE,WA,2,False,standard,Rick Larsen,D,1,Rick Larsen,Edwin Feller,,24.449358063403622,0.0,,,,0.0,34.712376114605924,34.70865685070386,26.69506832222119,42.870806913384484,1.0
house-wa-3,HOUSE,WA,3,False,standard,Marie Gluesenkamp Perez,D,1,Marie Gluesenkamp Perez,John Braun,,-3.396252192645398,0.0,,3.0,-6.417139997381191,0.31474048831976265,10.20181648344356,4.994993848128631,-1.8299654795968134,11.65972230833575,0.826
house-wa-4,HOUSE,WA,4,False,standard,Dan Newhouse,,0,John Duresky,Amanda McKinney,,-21.23632345302414,0.0,,,,0.0,-12.929382304983184,-12.963599777615077,-22.32268185841563,-3.7433148944487957,0.0351
house-wa-5,HOUSE,WA,5,False,standard,Michael Baumgartner,R,-1,Carmela Conroy,Michael Baumgartner,,-11.108555422659757,0.0,,1.0,-11.4,0.2736060820687878,-3.8373990546826477,-5.802061595742316,-12.740922501405318,1.0548114202296697,0.13715
house-wa-6,HOUSE,WA,6,False,standard,Emily Randall,D,1,Emily Randall,Teresa Fox,,19.891451831750338,0.0,,,,0.0,30.310206405217137,30.320028598779814,22.21973524939442,38.42461320384159,1.0
house-wa-7,HOUSE,WA,7,False,standard,Pramila Jayapal,D,1,Pramila Jayapal,Nirav Sheth,,77.56051167435446,0.0,,,,0.0,84.82354781581682,84.78819323210735,77.00518979642504,92.64204805482753,1.0
house-wa-8,HOUSE,WA,8,False,standard,Kim Schrier,D,1,Kim Schrier,Spencer Meline,,5.966932359880001,0.0,,,,0.0,18.331085491565904,18.366644388366595,10.340783574837527,26.35385175910634,0.9983
house-wa-9,HOUSE,WA,9,False,standard,Adam Smith,D,1,Adam Smith,Doug Basler,,42.69428737721389,0.0,,,,0.0,52.22999371841229,52.309675211154115,44.36773909840815,60.18416262698442,1.0
house-wa-10,HOUSE,WA,10,False,standard,Marilyn Strickland,D,1,Marilyn Strickland,Chris Chung,,18.6042540382684,0.0,,,,0.0,29.077211192305644,29.152199360217274,21.157103590007658,37.24607156998522,1.0
house-wi-1,HOUSE,WI,1,False,standard,Bryan Steil,R,-1,Mitchell Berman,Bryan Steil,,-4.574926503161371,0.0,,2.0,-6.4293756198868035,0.29901725883957214,4.258945518411121,1.0345417187881314,-5.8721341704919885,7.963534076698372,0.57765
house-wi-2,HOUSE,WI,2,False,same_party,Mark Pocan,D,1,Mark Pocan,,D,40.745668109005265,0.0,,,,,,,,,1.0
house-wi-3,HOUSE,WI,3,False,standard,Derrick Van Orden,R,-1,Rebecca Cooke,Derrick Van Orden,,-7.513658895468744,0.0,,4.0,-1.2375215522703835,0.3215338216736494,0.6750585079360722,-0.007292325402475985,-6.691352988208197,6.733176548788186,0.49965
house-wi-4,HOUSE,WI,4,False,standard,Gwen Moore,D,1,Gwen Moore,Tim Rogers,,52.46959330772252,0.0,,,,0.0,61.48321056714237,61.501885998693,53.63577294992155,69.31439552174649,1.0
house-wi-5,HOUSE,WI,5,False,standard,Scott Fitzgerald,R,-1,Andrew Beck,Scott Fitzgerald,,-22.453536619855047,0.0,,,,0.0,-16.49434786693313,-16.49861571242409,-24.40498572737663,-8.512926765197667,0.0035
house-wi-6,HOUSE,WI,6,False,standard,Glenn Grothman,R,-1,Brad Smith,Glenn Grothman,,-16.695392066092158,0.0,,1.0,-27.4,0.2690578604615716,-10.377125203366917,-14.953860957834138,-21.889401948015614,-8.115187578013922,0.00215
house-wi-7,HOUSE,WI,7,False,standard,Tom Tiffany,,0,Fred Clark,Michael Alfonso,,-22.842779803336647,0.0,,,,0.0,-14.597244410455195,-14.563347502525003,-23.863357909837696,-5.309579125515318,0.0216
house-wi-8,HOUSE,WI,8,False,standard,Tony Wied,R,-1,Rick Crosson,Tony Wied,,-16.463834239873304,0.0,,,,0.0,-10.120849070749133,-10.185101682394013,-18.258817999311322,-2.0897373093671407,0.0524
house-wv-1,HOUSE,WV,1,False,standard,Carol Miller,R,-1,Vince George,Carol Miller,,-45.19875830196956,0.0,,,,0.0,-40.04398952916245,-40.05463123568711,-47.98398867302245,-32.08618724970586,0.0
house-wv-2,HOUSE,WV,2,False,standard,Riley Moore,R,-1,Ace Parsi,Riley Moore,,-40.383313502646374,0.0,,,,0.0,-35.0144915167605,-35.15676172004523,-43.03917488714556,-27.121127139342764,0.0
house-wy-al,HOUSE,WY,0,False,standard,Harriet Hageman,,0,Lisa Kinney,Chuck Gray,,-46.95834604821483,0.0,,,,0.0,-39.588864837803776,-39.569195118415436,-48.630128281317546,-30.352809883890583,0.0
senate-ak,SEN,AK,0,False,rcv_bloc,Dan Sullivan,R,-1,Mary Peltola,Gerald Heikes; Dan J. Sullivan; Dan S. Sullivan,,-13.69312508474994,-1.0,1.4719906238951417,15.0,0.8861692803860474,0.6904740439512947,-9.969684065678353,-2.4180740027435403,-9.28555405136004,4.457311969512492,0.3259
senate-al,SEN,AL,0,False,standard,Tommy Tuberville,R,0,Everett Wess,Barry Moore,,-30.88122385938789,-2.0,,1.0,-18.9873417721519,0.6428912605919574,-24.871977014634915,-21.025186423131398,-29.82749470027142,-12.450543119703013,0.0009
senate-ar,SEN,AR,0,False,standard,Tom Cotton,R,-1,Hallie Shoffner,Tom Cotton,,-31.33998647229675,-3.0,,4.0,-8.054788662611033,0.7316224044175953,-29.34470744783549,-13.765042522841302,-21.36257986814255,-6.150646351160122,0.0108
senate-co,SEN,CO,0,False,standard,John Hickenlooper,D,1,John Hickenlooper,Mark Baisley,,11.293083462132921,2.0,-2.9701204541250323,,,0.0,23.287497788050477,23.31829055581686,11.332549844102445,35.287917757849996,0.9942
senate-de,SEN,DE,0,False,standard,Chris Coons,D,1,Chris Coons,Michael Katz,,14.958471282996337,2.0,4.239865462704085,,,0.0,29.98430641740925,29.977818963150618,17.903430668588864,41.89241262292103,0.9994
senate-fl-special,SEN,FL,0,True,standard,Ashley Moody,R,-1,Angie Nixon,Ashley Moody,,-13.22213886698459,-2.0,,9.0,-6.143864557629092,0.7614171693467674,-9.860982673253815,-7.050722539876585,-14.242884623802142,0.2970560958297369,0.1096
senate-ga,SEN,GA,0,False,standard,Jon Ossoff,D,1,Jon Ossoff,Mike Collins,,-2.2087323027962817,1.0,,17.0,10.045701611353842,0.7705061432636057,10.19323954400268,10.110206455875046,3.0097560332085322,17.258912878797332,0.9639
senate-ia,SEN,IA,0,False,standard,Joni Ernst,R,0,Josh Turek,Ashley Hinson,,-13.445597709596235,-1.0,,22.0,3.013825413975485,0.772999478228,-6.086668391366019,1.0493086408759282,-6.077789019218047,8.052586921538383,0.57845
senate-id,SEN,ID,0,False,same_party,Jim Risch,R,-1,,Jim Risch,R,-37.52184118025308,0.0,-2.4760069518199472,,,,,,,,0.0
senate-il,SEN,IL,0,False,standard,Dick Durbin,D,0,Juliana Stratton,Don Tracy,,11.135530816543426,2.0,,,,0.0,21.409740671704977,21.536340616370957,7.425758802513066,35.515844049814525,0.97335
senate-ks,SEN,KS,0,False,standard,Roger Marshall,R,-1,Adam Hamilton,Roger Marshall,,-16.411473894550323,-3.0,-4.312270332201006,7.0,1.2315292025868438,0.6666096945062944,-12.233160231160209,-3.198972577506109,-10.16097229101181,3.725430377340438,0.28045
senate-ky,SEN,KY,0,False,standard,Mitch McConnell,R,0,Charles Booker,Andy Barr,,-31.02814203220417,-1.0,,2.0,-13.512369055098775,0.5475010014653511,-24.023341339786,-18.281475201309014,-28.01963959012096,-8.535106516826549,0.0082
senate-la,SEN,LA,0,False,standard,Bill Cassidy,R,0,Jamie Davis,Julia Letlow,,-22.357020818831867,-2.0,,2.0,-7.78062078609907,0.6197383597699562,-16.133058260987408,-10.822033350064132,-19.84570702747764,-1.9255729970918385,0.0575
senate-ma,SEN,MA,0,False,standard,Ed Markey,D,1,Ed Markey,John Deaton,,25.910638840838516,3.0,0.5085556465280519,10.0,26.70116964330336,0.6738324244778214,40.043097745682914,31.084114782042697,24.084930895913,37.994814137086586,1.0
senate-me,SEN,ME,0,False,standard,Susan Collins,R,-1,Troy Jackson,Susan Collins,,7.08861163994892,-2.0,17.18453938781839,15.0,2.4124839196406427,0.6975229783812901,3.03236924927001,2.5619894498987295,-4.114651215400836,9.320931772959364,0.6891
senate-mi,SEN,MI,0,False,standard,Gary Peters,D,0,Abdul El-Sayed,Mike Rogers,,-1.4424736578339323,-2.0,,37.0,3.5132010502949926,0.7768497756641836,4.957362593881598,3.808252894065357,-3.0722435812330993,10.825809735377929,0.7592
senate-mn,SEN,MN,0,False,standard,Tina Smith,D,0,Peggy Flanagan,Michele Tafoya,,4.343404352188957,2.0,,10.0,3.8122261226608765,0.7554188893831743,14.706537822230064,6.473033085434462,-0.6895519540138658,13.867955151853542,0.87755
senate-ms,SEN,MS,0,False,standard,Cindy Hyde-Smith,R,-1,Scott Colom,Cindy Hyde-Smith,,-23.145028211183686,-2.0,-7.978080670910353,3.0,-10.213124226271391,0.5135387452486335,-16.506798020711127,-13.31846958532129,-21.614090611620114,-4.83201534550627,0.02095
senate-mt,SEN,MT,0,False,standard,Steve Daines,R,0,Alani Bankhead,Kurt Alme,,-20.5780970401637,0.0,,15.0,-31.565183553925365,0.7694763492563379,-12.319950193442951,-27.22669976901977,-34.244677060325,-20.02884358793629,0.0
senate-nc,SEN,NC,0,False,standard,Thom Tillis,R,0,Roy Cooper,Michael Whatley,,-3.260680202600806,3.0,,43.0,11.534424473470402,0.7771354716394328,8.143178382831,10.727423315993633,3.7968913439802203,17.845478486097765,0.97565
senate-ne,SEN,NE,0,False,independent,Pete Ricketts,R,0,,Pete Ricketts,Dan Osborn,-20.840683303897794,-3.0,,11.0,-0.5974747778988798,0.7865171785205733,-5.587353634076897,-1.6697453410177223,-9.353318961181511,6.095536474092806,0.3942
senate-nh,SEN,NH,0,False,standard,Jeanne Shaheen,D,0,Chris Pappas,John E. Sununu,,2.821214946726764,-1.0,,25.0,7.245524993767844,0.7708075151809628,10.19751185273739,7.907508913335505,0.916872422031825,15.022383139656121,0.92655
senate-nj,SEN,NJ,0,False,standard,Cory Booker,D,1,Cory Booker,Justin Murphy,,6.027747433233515,2.0,1.8359211034842104,,,0.0,20.162861425951558,20.101693974193896,8.570876484011825,32.06487461539075,0.98565
senate-nm,SEN,NM,0,False,standard,Ben Ray Luján,D,1,Ben Ray Luján,Larry Marker,,6.141812228647307,3.0,,1.0,16.483516483516482,0.6338965829814777,20.48618754403286,17.927049899539554,9.180488270939973,26.80711102587938,0.99575
senate-oh-special,SEN,OH,0,True,standard,Jon Husted,R,-1,Sherrod Brown,Jon Husted,,-11.313229427274072,0.0,,24.0,5.433196793185818,0.7691883397577277,-5.935335693756014,2.8561751318952506,-4.107374112832765,9.873124174550147,0.6966
senate-ok,SEN,OK,0,False,standard,Alan S. Armstrong,R,0,N'Kiyla Jasmine Thomas,Kevin Hern,,-34.94008381234161,-2.0,,1.0,-32.432432432432435,0.6028908507778257,-29.063065763231144,-31.122913163709775,-40.14668810343939,-21.9433461018627,0.0
senate-or,SEN,OR,0,False,standard,Jeff Merkley,D,1,Jeff Merkley,David Brock Smith,,14.866116069775194,2.0,3.023806470271399,,,0.0,29.370954158648644,29.415339679538782,17.526807983292112,41.28574734361812,0.9993
senate-ri,SEN,RI,0,False,standard,Jack Reed,D,1,Jack Reed,Raymond McKay,,14.162406267890672,2.0,13.344478460004396,4.0,23.479093654750425,0.6562643823003633,33.119381068619425,26.89537966088195,19.703480871206498,34.01761717509735,1.0
senate-sc,SEN,SC,0,False,standard,Darline Graham,R,-1,Annie Andrews,Darline Graham,,-18.123365227038146,-3.0,-2.800733662357596,8.0,-3.2115024406490247,0.6697256273714148,-14.619688302970678,-7.015428159752857,-14.053379925872706,-0.07080527783325041,0.098
senate-sd,SEN,SD,0,False,same_party,Mike Rounds,R,-1,,Mike Rounds,R,-29.890199073853058,0.0,3.237586778515133,,,,,,,,0.0
senate-tn,SEN,TN,0,False,standard,Bill Hagerty,R,-1,Marquita Bradshaw,Bill Hagerty,,-30.121099654993333,-3.0,2.751456219205909,1.0,-24.390243902439025,0.5645548555955152,-29.272381761896902,-26.52157959543591,-34.558064731406766,-18.54068536140172,0.0
senate-tx,SEN,TX,0,False,standard,John Cornyn,R,0,James Talarico,Ken Paxton,,-13.878067801618457,-1.0,,41.0,3.807358481246655,0.777965300019344,-6.523607904447954,1.5682779569847534,-5.446464216443148,8.473119754759956,0.6135
senate-va,SEN,VA,0,False,standard,Mark Warner,D,1,Mark Warner,Bert Mizusawa,,5.891296826702209,3.0,3.1498030586139123,3.0,20.8082958182948,0.629976723144902,21.592908066803012,21.031963695305443,13.678359262533396,28.43826219332693,0.9999
senate-wv,SEN,WV,0,False,standard,Shelley Moore Capito,R,-1,Rachel Fetty Anderson,Shelley Moore Capito,,-42.687784560047604,-2.0,3.5317300493123085,,,0.0,-41.6365206670861,-41.60362261264757,-53.53720191585067,-29.864782740221198,0.0
senate-wy,SEN,WY,0,False,standard,Cynthia Lummis,R,0,James W. Byrd,Harriet Hageman,,-46.95834604821483,-1.0,,,,0.0,-40.5888648409853,-40.4332009284725,-54.75120406674742,-26.447832070929326,0.0002
