race_id,office,state_po,district,special,race_type,incumbent,incumbent_party,inc_side,dem_candidate,rep_candidate,race_note,pres24,quality_diff,prior_edge,money_log_ratio,money_adj,quality_adj,challenger_adj,chal_rec,ideology_gap,ideology_adj,poll_count,poll_avg,poll_undecided,poll_weight,fundamentals_mean,margin_median,margin_p10,margin_p90,p_dem
governor-ak,GOV,AK,0,False,rcv_bloc,Mike Dunleavy,R,0,Jonathan Kreiss-Tomkins,Dave Bronson; Treg Taylor; Bernadette Wilson,,-13.69312508474994,-1.0,,,0.0,-2.1535598777458023,0.0,0.0,0.0,0.0,4.0,5.284285272243944,0.0614960783989268,0.6484321416402897,-7.859929493966161,0.6972019411147633,-5.597307536947148,7.118240010208811,0.56085
governor-al,GOV,AL,0,False,standard,Kay Ivey,R,0,Doug Jones,Tommy Tuberville,,-30.88122385938789,0.0,,,0.0,0.0,0.0,13.586294974684805,0.0,0.0,3.0,-10.62510136151493,0.12856294835408208,0.4399719718119043,-23.22903250547977,-17.57987310353927,-25.42043224339029,-9.783238851701931,0.0087
governor-ar,GOV,AR,0,False,standard,Sarah Huckabee Sanders,R,-1,Fredrick Love,Sarah Huckabee Sanders,,-31.33998647229675,-2.0,-7.430304736258474,,0.0,-0.07286844844582463,0.0,0.0,0.0,0.0,1.0,-7.739255675687943,0.15,0.6271989292611666,-24.972502642908836,-14.159518920460712,-23.336635109943717,-4.853004480542945,0.03735
governor-az,GOV,AZ,0,False,standard,Katie Hobbs,D,1,Katie Hobbs,Andy Biggs,,-5.588317921733368,1.0,7.601347123459197,,0.0,0.3360450638205357,0.0,0.0,0.0,0.0,20.0,7.297738996333862,0.1474022488152254,0.8131354972302279,17.658334077725925,9.290858127470827,2.3990961487334554,16.205335251711652,0.95165
governor-ca,GOV,CA,0,False,standard,Gavin Newsom,D,0,Xavier Becerra,Steve Hilton,,20.80028514359668,2.0,,,0.0,0.01907455377296776,0.0,0.0,0.0,0.0,7.0,21.60080460206002,0.08737891453695447,0.7114094640185878,28.53214283918098,23.659463235391755,17.78581570541275,29.51663084849242,0.9995
governor-co,GOV,CO,0,False,standard,Jared Polis,D,0,Phil Weiser,Victor Marx,,11.293083462132921,2.0,,,0.0,0.41711873114297826,0.0,0.0,0.0,0.0,,,,0.0,19.62005597266773,19.60640404017164,9.907711166850236,29.57072124636072,0.9848
governor-ct,GOV,CT,0,False,standard,Ned Lamont,D,1,Ned Lamont,Ryan Fazio,,14.756464972518335,2.0,-0.0579333049323143,,0.0,0.008405507295027105,0.0,0.0,0.0,0.0,7.0,14.429350440704397,0.10115866839901559,0.8343096721533485,30.52067294203537,17.124282831362933,10.583309715652966,23.691085763255376,0.99535
governor-fl,GOV,FL,0,False,standard,Ron DeSantis,R,0,David Jolly,Byron Donalds,,-13.22213886698459,0.0,,,0.0,0.0,0.0,0.0,0.0,0.0,23.0,-3.1351129284708907,0.09249457688771535,0.7079443446969865,-5.230753983874637,-3.698907645983099,-9.696153727117752,2.238312779290354,0.2106
governor-ga,GOV,GA,0,False,standard,Brian Kemp,R,0,Keisha Lance Bottoms,Rick Jackson,,-2.2087323027962817,2.0,,,0.0,4.2668945207409665,0.0,0.0,0.0,0.0,12.0,-1.798866654267262,0.04613080739259917,0.7604170380305156,10.090452230540123,1.015144191201217,-4.50406871720746,6.570657848687404,0.5951
governor-hi,GOV,HI,0,False,standard,Josh Green,D,1,Josh Green,Gary Cordery,,23.560651661222998,3.0,3.649681188688071,,0.0,2.9236085739699675e-05,0.0,0.0,0.0,0.0,,,,0.0,42.480657808305395,42.476473394533755,27.9064142918093,56.87495104261971,0.99505
governor-ia,GOV,IA,0,False,standard,Kim Reynolds,R,0,Rob Sand,Zach Lahn,,-13.445597709596235,2.0,,,0.0,4.391401463481654,0.0,0.0,0.0,0.0,17.0,8.958810145772581,0.05840843936079448,0.7478008548902965,-1.0649780498690835,6.465853416397204,0.7989788277618837,12.12443582638423,0.92555
governor-id,GOV,ID,0,False,standard,Brad Little,R,-1,Terri Pickens,Brad Little,,-37.52184118025308,-3.0,10.683178915651183,,0.0,-1.0630669032116324e-06,0.0,0.0,0.0,0.0,2.0,-11.48443832460213,0.34541794854751434,0.5785813301220035,-47.76876897807588,-26.749510602383545,-36.62328380869271,-16.979689791774547,0.00545
governor-il,GOV,IL,0,False,standard,JB Pritzker,D,1,JB Pritzker,Darren Bailey,,11.135530816543426,2.0,2.843788380954962,,0.0,0.012322947289132418,-0.0,-1.6562116190450382,0.0,0.0,1.0,20.993305889307795,0.12,0.01760149547897513,29.608057687387372,29.55630494810581,15.14546194307337,44.05786282043603,0.9839
governor-ks,GOV,KS,0,False,standard,Laura Kelly,D,0,Cindy Holscher,Ty Masterson,,-16.411473894550323,0.0,,,0.0,0.0,0.0,0.0,0.0,0.0,6.0,-4.430406630248654,0.04731666189566047,0.7044098233516002,-8.456109834802849,-5.583627713417191,-11.526296808955982,0.33427712402270715,0.11335
governor-ma,GOV,MA,0,False,standard,Maura Healey,D,1,Maura Healey,Mike Minogue,,25.910638840838516,3.0,2.68716674221502,,0.0,1.2586320024864191e-05,0.0,0.0,0.0,0.0,10.0,19.586084070823702,0.14335968260357382,0.7963928132174741,43.88584209340196,24.585445070499766,17.48777992372117,31.824751537621875,0.99885
governor-md,GOV,MD,0,False,standard,Wes Moore,D,1,Wes Moore,Dan Cox,,29.509514054361844,2.0,6.797289058340606,,0.0,7.151342494196904e-08,0.0,6.797289058340606,0.0,0.0,1.0,22.286231363442337,0.11,0.486681342553718,51.108984232522076,37.050381489162945,26.57564476284041,47.51650557709881,0.99775
governor-me,GOV,ME,0,False,standard,Janet Mills,D,0,Hannah Pingree,Robert B. Charles,,7.08861163994892,1.0,,,0.0,0.5593006507913317,0.0,0.0,0.0,0.0,12.0,11.231947522020647,0.10724161386617313,0.7088847811859986,15.61592921325686,12.491834845761908,6.575475041106269,18.48359042930493,0.99205
governor-mi,GOV,MI,0,False,standard,Gretchen Whitmer,D,0,Jocelyn Benson,John James,,-1.4424736578339323,0.0,,,0.0,0.0,-0.0,-5.146484989306387,0.0,0.0,34.0,8.127701601974143,0.08690924066701206,0.7402898634039294,6.587905657336977,7.749768597734571,2.0987419317633234,13.238184125311493,0.95645
governor-mn,GOV,MN,0,False,standard,Tim Walz,D,0,Amy Klobuchar,Lisa Demuth,,4.343404352188957,2.0,,,0.0,1.8757070921822414,0.0,7.4622921755249205,0.0,0.0,7.0,7.256890393237358,0.10359988051730719,0.6486985242331936,14.215379207546508,9.675840999725882,3.37870510966556,16.004495486489958,0.96985
governor-ne,GOV,NE,0,False,standard,Jim Pillen,R,-1,Lynne Walz,Jim Pillen,,-20.840683303897794,-2.0,-2.508114974921277,,0.0,-0.484720863191641,0.0,0.0,0.0,0.0,9.0,-6.432020108292684,0.18778534708828928,0.7407232509724856,-19.115976075447374,-9.600631100939578,-17.49847586481477,-1.9336444023928472,0.06075
governor-nh,GOV,NH,0,False,standard,Kelly Ayotte,R,-1,Cinde Warmington,Kelly Ayotte,,2.821214946726764,-2.0,11.35055113147892,,0.0,-3.6693464097492012,0.0,0.0,0.0,0.0,9.0,-9.870489863102216,0.09885059605112186,0.8427695614901827,-11.128535187252808,-10.03759181807855,-16.541131891882255,-3.5654588096287694,0.0312
governor-nm,GOV,NM,0,False,standard,Michelle Lujan Grisham,D,0,Deb Haaland,Gregg Hull,,6.141812228647307,0.0,,,0.0,0.0,0.0,0.0,0.0,0.0,3.0,9.159599496383482,0.14817809602003404,0.4946572805810617,14.120444348085043,11.697120981578298,4.413403399754833,18.97309974987667,0.9722
governor-nv,GOV,NV,0,False,standard,Joe Lombardo,R,-1,Aaron Ford,Joe Lombardo,,-3.1590179085170167,-1.0,-3.307901712140107,,0.0,-2.6998944767921547,0.0,0.0,0.0,0.0,12.0,1.7718217782671324,0.12939564488314848,0.7706062552754945,-2.774914570087658,0.7214502274196911,-6.790162993198426,8.171438053302905,0.5518
governor-ny,GOV,NY,0,False,standard,Kathy Hochul,D,1,Kathy Hochul,Bruce Blakeman,,12.689486117138935,2.0,-9.718659304306652,,0.0,0.36549421204236066,0.0,0.0,0.0,0.0,23.0,14.174704345165775,0.06757444215828051,0.8653790805754445,20.057577536229267,14.915680328790168,8.760643376359534,21.104939228766376,0.9967
governor-oh,GOV,OH,0,False,standard,Mike DeWine,R,0,Amy Acton,Vivek Ramaswamy,,-11.313229427274072,0.0,,,0.0,0.0,0.0,0.0,0.0,0.0,24.0,3.9915422841243346,0.0646670595353449,0.7359916145855576,-3.305519195812477,2.0850485598337842,-3.4888697854894466,7.735632161054256,0.68775
governor-ok,GOV,OK,0,False,standard,Kevin Stitt,R,0,Cyndi Munson,Mike Mazzei,,-34.94008381234161,0.0,,,0.0,0.0,0.0,0.0,0.0,0.0,,,,0.0,-27.414840157298652,-27.342496683330744,-37.03202440606199,-17.482207028513734,0.00545
governor-or,GOV,OR,0,False,standard,Tina Kotek,D,1,Tina Kotek,Christine Drazan,,14.866116069775194,2.0,-5.546544107267179,,0.0,0.05649197374478007,-0.0,-5.546544107267179,0.0,0.0,5.0,-0.10677739895243904,0.08341418580320807,0.7737081139223272,25.681636175157763,5.722634344207799,-1.694007743969986,13.279138693077739,0.84595
governor-pa,GOV,PA,0,False,standard,Josh Shapiro,D,1,Josh Shapiro,Stacy Garrity,,-1.7263846921271542,1.0,21.207883058742727,,0.0,0.0010809307440384833,0.0,0.0,0.0,0.0,17.0,23.34310125235483,0.11466909898903008,0.8358022424825253,33.56502855020355,25.05023287268306,18.380459302511984,31.578725673231514,0.99905
governor-ri,GOV,RI,0,False,standard,Dan McKee,D,0,Helena Foulkes,Aaron Guckian,,14.162406267890672,0.0,,,0.0,0.0,0.0,0.0,0.0,0.0,4.0,24.22114604166569,0.3930812701517781,0.4298744884347731,22.02230442252843,23.090364358673497,15.39749946469479,30.762610113447092,0.99745
governor-sc,GOV,SC,0,False,standard,Henry McMaster,R,0,Jermaine Johnson,Alan Wilson,,-18.123365227038146,-1.0,,,0.0,-1.3124589692116377,0.0,0.0,0.0,0.0,2.0,-12.490234791765667,0.10058723250429855,0.38536032262794445,-11.504333282498663,-11.961791236151637,-19.693841239834654,-3.960437173322154,0.03635
governor-sd,GOV,SD,0,False,standard,Larry Rhoden,R,-1,Dan Ahlers,Larry Rhoden,,-29.890199073853058,-2.0,,,0.0,-0.00971032967943541,0.0,2.1624132214848673,0.0,0.0,,,,0.0,-30.179543205402815,-30.083186049747273,-40.011869181973374,-20.48244369193243,0.0029
governor-tn,GOV,TN,0,False,standard,Bill Lee,R,0,Jerri Green,Marsha Blackburn,,-30.121099654993333,-2.0,,,0.0,-0.16320548455822317,0.0,6.239376092885431,0.0,0.0,4.0,-13.708728426902098,0.19979073462888897,0.42348491303441443,-22.610404920756373,-18.846052325988836,-26.608500153020312,-11.053449925039734,0.00715
governor-tx,GOV,TX,0,False,standard,Greg Abbott,R,-1,Gina Hinojosa,Greg Abbott,,-13.878067801618457,-2.0,-1.932886592561596,,0.0,-1.955460678715235,0.0,0.0,0.0,0.0,40.0,-2.8209375738281643,0.05236715746346576,0.893006998450656,-14.049729284595253,-4.006250708029033,-9.716127267722218,1.6047151399922701,0.1809
governor-vt,GOV,VT,0,False,standard,Phil Scott,R,-1,Amanda Janoo,Phil Scott,,32.77043577168019,-3.0,86.00196335393109,,0.0,-3.128265427819994e-06,0.0,0.0,0.0,0.0,4.0,-3.4608632784348115,0.15049915872872804,0.7672433542553702,-46.1132660370757,-13.460927046224477,-21.083757401589786,-5.899814155108902,0.02025
governor-wi,GOV,WI,0,False,standard,Tony Evers,D,0,David Crowley,Tom Tiffany,,-0.8733887823450505,-1.0,,,0.0,-1.89216239829433,0.0,0.0,0.0,0.0,7.0,2.6181192922115466,0.0612210531611915,0.6888596651234858,5.263012788195159,3.410847709974229,-2.682037637910199,9.456337797760805,0.77025
governor-wy,GOV,WY,0,False,standard,Mark Gordon,R,0,Kenneth Casner,Eric Barlow,,-46.95834604821483,-1.0,,,0.0,-4.219504102509721e-05,0.0,0.0,0.0,0.0,,,,0.0,-39.91958861587518,-39.94924562590699,-49.660464984257196,-30.159440380191324,0.0011
house-ak-al,HOUSE,AK,0,False,independent,Nick Begich III,R,-1,Eric Hafner,Nick Begich III,Bill Hill,-13.69312508474994,0.0,-12.770549517046897,,0.0,0.0,0.0,0.0,0.0,0.0,11.0,-8.920660518512257,0.03481409227758188,0.6104449653673988,-1.0433898487878204,-5.871520197639356,-11.61926173040846,-0.0918698094673892,0.09695
house-al-1,HOUSE,AL,1,False,standard,None (new seat),,0,Clyde Jones Jr.,Jerry Carl,,-36.345566221179666,-2.0,,-2.431121173534253,-0.012521135909411955,-0.0,0.0,0.0,0.1735,0.0019361041009337114,,,,0.0,-28.879212072899332,-28.741059522672323,-36.913961833156314,-20.578823391986887,0.0017
house-al-2,HOUSE,AL,2,False,standard,Shomari Figures,D,1,Shomari Figures,Rhett Marques,,-14.464028814208385,1.0,1.1475379080899204,0.2395606374046885,0.38001348784287065,0.0,0.0,0.0,0.011,0.03780666233418735,3.0,-3.7478794894466723,0.0649090290969521,0.40717690113699795,-2.4570155978240926,-2.9408275901665704,-8.833680143893613,3.023416839204499,0.2575
house-al-3,HOUSE,AL,3,False,standard,Mike Rogers,R,-1,Lee McInnis,Mike Rogers,,-47.07264752025102,-2.0,,-3.902197354795428,-1.9770768151867678e-05,-0.0,0.0,0.0,-0.3685,-5.261770268417895e-06,,,,0.0,-42.33930407086041,-42.28740351455508,-49.60861331168313,-35.0859028369084,0.00025
house-al-4,HOUSE,AL,4,False,standard,Robert Aderholt,R,-1,Amanda Pusczek,Robert Aderholt,,-66.92238927771601,-2.0,,-4.105521583157128,-3.905259021969085e-12,-0.0,0.0,0.0,-0.1915,-5.401190186217799e-13,,,,0.0,-63.36875290231493,-63.3409518598377,-70.52852805573622,-56.103688506589535,0.0
house-al-5,HOUSE,AL,5,False,standard,Dale Strong,R,-1,Andrew Sneed,Dale Strong,,-29.494479149858233,-2.0,,-1.1794377138850516,-0.03506912435804435,-0.0,0.0,0.0,-0.2285,-0.014720691715945852,,,,0.0,-24.15236796661201,-24.19885306996042,-31.35884609112161,-16.82444275405624,0.0013
house-al-6,HOUSE,AL,6,False,standard,Gary Palmer,R,-1,Maurice Mercer,Gary Palmer,,-34.997225548319264,-1.0,1.069753467649206,-3.728361892596589,-0.015867336583513605,-0.0,0.0,0.0,0.1385,0.0015871744177009025,,,,0.0,-28.816526743885643,-28.802637077542222,-36.048113903919244,-21.583148895231034,0.0009
house-al-7,HOUSE,AL,7,False,standard,Terri Sewell,D,1,Terri Sewell,Ammie Akin,,17.94825384375597,2.0,3.2814848729842767,3.477072922003848,0.01929895471986461,0.0,0.0,0.0,0.396,0.005519501049881278,,,,0.0,28.333401983999874,28.416299714712522,21.137332725556966,35.6929207844027,0.9991
house-ar-1,HOUSE,AR,1,False,standard,Rick Crawford,R,-1,Terri Green,Rick Crawford,,-46.175871865422906,-2.0,,-3.077293238149337,-3.413223238863932e-05,-0.0,0.0,0.0,-0.1815,-4.474166795610805e-06,,,,0.0,-41.400342032886414,-41.49478809408959,-48.81939161866245,-34.18594378795392,0.0001
house-ar-2,HOUSE,AR,2,False,standard,French Hill,R,-1,Chris Jones,French Hill,,-15.914419225205982,-2.0,,-1.6006980168392992,-1.33075506738465,-0.0,0.0,0.0,-0.2915,-0.5250726323561138,2.0,1.0888120218757211,0.08009456531440118,0.4045017502724214,-11.920724149199424,-6.695478929151182,-12.665208858102885,-0.6467499528540642,0.0806
house-ar-3,HOUSE,AR,3,False,standard,Steve Womack,R,-1,Robb Ryerse,Steve Womack,,-25.590736769421778,-2.0,7.803256216161354,-3.2514994389466443,-0.13513180833547955,-0.0,0.0,0.0,-0.2845,-0.027765832951598395,,,,0.0,-22.991019354025507,-23.006406607142168,-30.3298799875695,-15.681533250607018,0.0023
house-ar-4,HOUSE,AR,4,False,standard,Bruce Westerman,R,-1,James Russell,Bruce Westerman,,-40.66097964677422,-2.0,5.038389015066705,-5.377559988629998,-0.000403025951916261,-0.0,0.0,0.0,-0.2455,-7.145874030781927e-05,,,,0.0,-36.858090500975734,-36.86187157454577,-44.20085793313106,-29.697190079965093,0.00045
house-az-1,HOUSE,AZ,1,False,standard,David Schweikert,,0,Amish Shah,Jay Feely,,-3.136835928138348,1.0,,-0.2158783661301358,-0.27392316329295496,0.0,0.0,0.0,-0.124,-0.34090504075958816,,,,0.0,5.742468749050002,5.751755741606605,-2.462873820426437,14.061930693137555,0.8219
house-az-2,HOUSE,AZ,2,False,standard,Eli Crane,R,-1,Jonathan Nez,Eli Crane,,-15.120247407676915,-2.0,-6.280610068917462,-1.0425379600417812,-1.5495319760509088,-0.0,0.0,0.0,0.1675000000000002,0.5394057590183792,3.0,-5.45134305083296,0.08009948698045152,0.3896847596006861,-5.2101081407640475,-5.294218007501577,-11.273578714456848,0.7772395160365593,0.12995
house-az-3,HOUSE,AZ,3,False,same_party,Yassamin Ansari,D,1,Yassamin Ansari,,D,40.30739381027563,0.0,5.305098033369839,,,,,0.0,0.431,,,,,,,,,,1.0
house-az-4,HOUSE,AZ,4,False,standard,Greg Stanton,D,1,Greg Stanton,Zuhdi Jasser,,6.762673080066313,2.0,0.7821639108612466,1.6958555434852682,0.4143418588526253,0.0,0.0,0.0,0.0755000000000001,0.03996768632270643,,,,0.0,17.11679698004268,17.138256064908155,9.904655113101832,24.42154198890719,0.99255
house-az-5,HOUSE,AZ,5,False,standard,Andy Biggs,,0,Elizabeth Lee,Mark Lamb,,-20.192893032045866,-1.0,,-1.946264841600863,-1.1534780777109115,-0.0,0.0,0.0,0.0,0.0,,,,0.0,-13.402439913725283,-13.347810783983537,-21.6204369275767,-5.164057701395443,0.0281
house-az-6,HOUSE,AZ,6,False,standard,Juan Ciscomani,R,-1,JoAnna Mendoza,Juan Ciscomani,,-0.7577863175811479,0.0,1.6926229756400386,0.0835124495755585,0.09894746628821832,0.0,0.0,0.0,-0.0854999999999999,-0.21948845020176547,3.0,-3.0674775633504545,0.08010862580964026,0.27247469636828336,6.970641153001992,4.275429524629567,-2.067867332767814,10.84733948297071,0.81315
house-az-7,HOUSE,AZ,7,False,standard,Adelita Grijalva,D,1,Adelita Grijalva,Daniel Butierez,,22.388102593577123,2.0,,2.5027491242181448,0.0029154803433009326,0.0,0.0,0.0,0.4515,0.0011395743257827011,,,,0.0,32.36826697892755,32.45216819442996,25.2308699907251,39.66637730786947,0.9996
house-az-8,HOUSE,AZ,8,False,standard,Abraham Hamadeh,R,-1,Bernadette Greene-Placentia,Abraham Hamadeh,,-16.479945618728582,-2.0,-3.602494534275597,-1.8431457459795928,-1.7455794591274154,-0.0,0.0,0.0,0.2655000000000002,0.5447993388766795,,,,0.0,-10.285826144662897,-10.260047744966732,-17.48459667869294,-2.870186641354019,0.04445
house-az-9,HOUSE,AZ,9,False,standard,Paul Gosar,R,-1,Dani Sterbinsky,Paul Gosar,,-31.342610456055603,-2.0,-0.8711098394813428,-0.6194512817681341,-0.01928677161303001,-0.0,0.0,0.0,0.2555,0.017235956455371893,,,,0.0,-23.966649900063878,-24.03214865038356,-31.356389321973083,-16.73600997187794,0.00155
house-ca-1,HOUSE,CA,1,False,standard,James Gallagher,R,-1,Mike McGuire,James Gallagher,,12.629463408737175,0.0,,-0.3709752082628805,-0.059056677038398814,0.0,0.0,0.0,0.0,0.0,,,,0.0,18.361750155322014,18.38347961675415,11.157992251788539,25.49627900019363,0.99485
house-ca-2,HOUSE,CA,2,False,standard,Jared Huffman,D,1,Jared Huffman,Robin Littau,,25.44160337217163,0.0,-2.8993666984930675,,0.0,0.0,0.0,0.0,-0.1869999999999999,-0.0005144303797540877,,,,0.0,32.17154453492077,32.230513335795905,24.995726722162317,39.389001109881235,0.99955
house-ca-3,HOUSE,CA,3,False,standard,Ami Bera,D,1,Ami Bera,Robb Tucker,,10.524576177817453,0.0,1.0762642409394418,2.4227575970708752,0.24395695582370894,0.0,0.0,0.0,0.01,0.0021817015657024474,,,,0.0,20.377774659730225,20.36318320813647,13.125740595361636,27.64852659795642,0.99655
house-ca-4,HOUSE,CA,4,False,same_party,Mike Thompson,D,1,Eric Jones; Mike Thompson,,D,14.94839647088782,0.0,0.8037552636300811,,,,,0.0,0.0,,,,,,,,,,1.0
house-ca-5,HOUSE,CA,5,False,standard,Tom McClintock,R,-1,Michael Masuda,Tom McClintock,,-21.235866123925824,0.0,5.252533776953697,-1.116225321104394,-0.25476059383455796,0.0,0.0,0.0,0.0055,0.0027197887551276513,,,,0.0,-17.206378558638708,-17.20019016295912,-24.41348469714178,-9.849169416991638,0.007
house-ca-6,HOUSE,CA,6,False,independent,Kevin Kiley,,0,Richard Pan,,Kevin Kiley,8.682513359130274,0.0,,,0.0,0.0,0.0,0.0,0.0,0.0,1.0,2.3198037796847197,0.26,0.3793181413470777,17.162444891536502,11.529523375561615,4.0752382748391955,19.241298330109508,0.9672
house-ca-7,HOUSE,CA,7,False,same_party,Doris Matsui,D,1,Doris Matsui; Mai Vang,,D,13.242240467285542,0.0,2.7128337879861144,,,,,0.0,0.0,,,,,,,,,,1.0
house-ca-8,HOUSE,CA,8,False,standard,John Garamendi,D,1,John Garamendi,Rudy Recile,,35.16151506846601,0.0,3.08075322027645,3.675476835123816,4.3432498167122874e-06,0.0,0.0,0.0,0.5535000000000001,1.7362141142307374e-06,,,,0.0,44.84260081225903,44.89777508066352,37.578920552589295,52.04241739531329,0.9999
house-ca-9,HOUSE,CA,9,False,standard,Josh Harder,D,1,Josh Harder,John McBride,,11.79306950489872,0.0,5.563804813366509,4.670436788171247,0.10025133361283795,0.0,0.0,0.0,0.0845,0.006118116109650139,,,,0.0,23.857522324095267,23.894819828986485,16.61085859390051,31.117904891656423,0.99855
house-ca-10,HOUSE,CA,10,False,standard,Mark DeSaulnier,D,1,Mark DeSaulnier,Jeff Frese,,34.70519851744464,0.0,-1.9187440809793437,,0.0,0.0,0.0,0.0,-0.0499999999999999,-1.0645139595199254e-06,,,,0.0,41.6544234925883,41.721198882716706,34.47333873335243,48.99550088144905,0.9998
house-ca-11,HOUSE,CA,11,False,same_party,Nancy Pelosi,,0,Connie Chan; Scott Wiener,,D,70.62364833844883,0.0,,,,,,0.0,0.0,,,,,,,,,,1.0
house-ca-12,HOUSE,CA,12,False,same_party,Lateefah Simon,D,1,Jamie Joyce; Lateefah Simon,,D,77.64166603414307,0.0,,,,,,0.0,-0.134,,,,,,,,,,1.0
house-ca-13,HOUSE,CA,13,False,standard,Adam Gray,D,1,Adam Gray,Kevin Lincoln,,0.38467032128098666,0.0,5.756796081624154,0.8043669081225392,0.24282275030405803,0.0,0.0,0.0,-0.0225,-0.014716678368771803,,,,0.0,15.950018431877782,15.921982386598362,8.637279503187507,23.208867483391124,0.99145
house-ca-14,HOUSE,CA,14,False,same_party,Aisha Wahab,D,1,Melissa Hernandez; Aisha Wahab,,D,36.20284739037839,0.0,,,,,,0.0,-0.244,,,,,,,,,,1.0
house-ca-15,HOUSE,CA,15,False,standard,Kevin Mullin,D,1,Kevin Mullin,Charles Hoelter,,49.63592027213561,0.0,-3.3193008313935186,3.630480023472267,3.4402033571431583e-09,0.0,0.0,0.0,-0.008,-1.9876730507938245e-11,,,,0.0,55.128398783793024,55.10519177488166,48.07105733112441,62.265327172659276,0.9999
house-ca-16,HOUSE,CA,16,False,standard,Sam Liccardo,D,1,Sam Liccardo,Peter Soulé,,49.88409390678165,0.0,,4.988528402051517,1.9637744033684764e-10,0.0,0.0,0.0,0.155,2.1983363459930445e-11,,,,0.0,58.74902526141833,58.72615102005679,51.565009445270945,65.97905255363975,1.0
house-ca-17,HOUSE,CA,17,False,standard,Ro Khanna,D,1,Ro Khanna,Ritesh Tandon,,40.74153179236477,0.0,-4.232284072178678,5.981583956134133,1.8818476156405405e-06,0.0,0.0,0.0,-1.6015,-2.1766181352126797e-06,,,,0.0,46.16595480529299,46.21978962136778,38.98734408344622,53.503525869360054,0.99985
house-ca-18,HOUSE,CA,18,False,standard,Zoe Lofgren,D,1,Zoe Lofgren,Shane Lewis,,29.36942888310379,0.0,-1.068018686251352,2.7497850186687383,0.00034679734578007117,0.0,0.0,0.0,-0.14,-3.825578878800862e-05,,,,0.0,36.98112052658491,37.06804226831318,29.65263715200982,44.243529523521694,0.99955
house-ca-19,HOUSE,CA,19,False,standard,Jimmy Panetta,D,1,Jimmy Panetta,Peter Coe Verbica,,35.65620730686175,0.0,3.030690413099209,4.191912414695078,3.2821035024599534e-06,0.0,0.0,0.0,0.492,1.1662407778741034e-06,,,,0.0,45.29016037712077,45.34780079579522,38.18408847482182,52.43081688241618,0.9998
house-ca-20,HOUSE,CA,20,False,standard,Vince Fong,R,-1,Sandra Van Scotter,Vince Fong,,-32.974775522914825,0.0,,-4.1835615831780615,-0.02458835234610652,0.0,0.0,0.0,-0.2704999999999999,-0.004803607834726864,,,,0.0,-27.71505514070387,-27.69196467558058,-34.87161096059927,-20.412628554275486,0.00095
house-ca-21,HOUSE,CA,21,False,standard,Jim Costa,D,1,Jim Costa,Kyle Kirkland,,6.132521905498509,0.0,1.3700734439778768,1.4853933604826512,0.3817481499132286,0.0,0.0,0.0,0.679,0.37809186990813337,,,,0.0,17.202325675850002,17.249498183123315,10.051389640376533,24.577798601847906,0.9931
house-ca-22,HOUSE,CA,22,False,standard,David Valadao,R,-1,Randy Villegas,David Valadao,,-1.904550659129194,0.0,0.7632872083505973,-0.6509405274397485,-0.8180953960429967,0.0,0.0,0.0,-0.1845000000000001,-0.5024017107284177,1.0,0.8162330620456597,0.08,0.3120447791631571,5.144297552078866,3.8128128935351233,-2.524017192010473,10.092645277333977,0.7824
house-ca-23,HOUSE,CA,23,False,standard,Jay Obernolte,R,-1,Tessa Lynn Hodge,Jay Obernolte,,-19.916752765341304,0.0,2.791437038838988,-3.241198290602025,-1.2330906248418894,0.0,0.0,0.0,-0.3105,-0.2765205726207937,,,,0.0,-15.748117439465423,-15.721483462694666,-22.927122558369167,-8.480378272455935,0.01055
house-ca-24,HOUSE,CA,24,False,standard,Salud Carbajal,D,1,Salud Carbajal,Bob Smith,,25.739617194559514,0.0,-0.3084910688449218,2.9525586745494854,0.0017078384910775074,0.0,0.0,0.0,-0.0509999999999999,-6.391613988597851e-05,,,,0.0,33.88755465856244,33.92190006346747,26.727455249927925,41.15918974932584,0.99905
house-ca-25,HOUSE,CA,25,False,standard,Raul Ruiz,D,1,Raul Ruiz,Joe Males,,5.945627014024418,0.0,10.070900393897332,1.4155785256537825,0.10907353828052894,0.0,0.0,0.0,0.033,0.005509237280535869,,,,0.0,21.181556165036124,21.230260176914015,13.964211877777124,28.535049732057615,0.9967
house-ca-26,HOUSE,CA,26,False,standard,Julia Brownley,,0,Jacqui Irwin,Sam Gallucci,,15.718925391005014,0.0,,0.7479961898449257,0.026049923483471904,0.0,0.0,0.0,0.0,0.0,,,,0.0,23.651660305499117,23.639937547120386,15.368543812244393,31.75054215854985,0.99605
house-ca-27,HOUSE,CA,27,False,standard,George T. Whitesides,,0,George Whitesides,Jason Gibbs,,10.031526860467544,0.0,,2.423998442454749,0.3921720412263282,0.0,0.0,0.0,-0.14,-0.049075465735387035,,,,0.0,18.70061355999109,18.705977717728707,10.438700370444595,27.022870940106557,0.99105
house-ca-28,HOUSE,CA,28,False,standard,Judy Chu,D,1,Judy Chu,April Verlato,,26.1481226056064,0.0,2.163367124713017,4.935587316381753,0.0007435035639756838,0.0,0.0,0.0,-0.7244999999999999,-0.00038903823985027655,,,,0.0,35.64165359446977,35.70252393416044,28.524894906108372,42.907561884851646,1.0
house-ca-29,HOUSE,CA,29,False,same_party,Luz Rivas,D,1,Angelica Dueñas; Luz Rivas,,D,34.707532916037124,0.0,3.727003733491729,,,,,0.0,-0.3029999999999999,,,,,,,,,,1.0
house-ca-30,HOUSE,CA,30,False,standard,Laura Friedman,D,1,Laura Friedman,Scott Meyers,,41.437251814842114,0.0,-5.567047676241173,2.6770151994822355,4.874722345298762e-07,0.0,0.0,0.0,-0.122,-4.813389206219398e-08,,,,0.0,48.05626057649733,48.11921767703526,40.93854262199585,55.277186362109276,0.99985
house-ca-31,HOUSE,CA,31,False,standard,Gil Cisneros,D,1,Gil Cisneros,Eric Ching,,12.60519627223948,0.0,2.138382595491401,1.593293315234828,0.04038951516563191,0.0,0.0,0.0,-0.7074999999999999,-0.03885898494895654,,,,0.0,24.576001151402284,24.608655565909196,17.36758409467682,31.73899910105665,0.9988
house-ca-32,HOUSE,CA,32,False,standard,Brad Sherman,D,1,Brad Sherman,Larry Thompson,,25.747546353027406,0.0,0.2922952117154489,4.698073235406674,0.0014788192370930855,0.0,0.0,0.0,-0.2525,-0.00026967911920878075,,,,0.0,34.22523734028786,34.2402330199118,27.020959041157237,41.52795189845864,0.9996
house-ca-33,HOUSE,CA,33,False,standard,Pete Aguilar,D,1,Pete Aguilar,Stephanie Vargas,,10.074713405340932,0.0,8.79098950956989,,0.0,0.0,0.0,0.0,0.235,0.01581838034639737,,,,0.0,23.986990923846168,24.048620806281075,16.831932890464834,31.39823120376119,0.99795
house-ca-34,HOUSE,CA,34,False,same_party,Jimmy Gomez,D,1,Jimmy Gomez; Angela Gonzales-Torres,,D,53.04146587963031,0.0,,,,,,0.0,0.0,,,,,,,,,,1.0
house-ca-35,HOUSE,CA,35,False,standard,Norma Torres,D,1,Norma Torres,Mike Cargile,,8.045128888677315,0.0,6.330823280804872,3.609995347246432,0.24790349846102375,0.0,0.0,0.0,0.6525,0.11682452364975743,,,,0.0,21.191286561676073,21.247082781942616,13.983361076590779,28.4674896653351,0.997
house-ca-36,HOUSE,CA,36,False,standard,Ted Lieu,D,1,Ted Lieu,Houston Brignano,,40.42823555904659,0.0,-2.874067918935096,4.496240124520736,1.4103262973766386e-06,0.0,0.0,0.0,0.207,2.1084378145780747e-07,,,,0.0,46.61362364952721,46.58482254322236,39.495939141538436,53.8452153109749,0.99985
house-ca-37,HOUSE,CA,37,False,same_party,Sydney Kamlager-Dove,D,1,Sydney Kamlager-Dove; Samantha Mota,,D,62.30874203046086,0.0,,,,,,0.0,0.0,,,,,,,,,,1.0
house-ca-38,HOUSE,CA,38,False,standard,None (new seat),,0,Hilda Solis,Pedro Casas,,12.742118430048967,0.0,,,0.0,0.0,0.0,0.0,0.0,0.0,,,,0.0,20.825096603704225,20.868494680638094,12.709803961673943,29.176009596925176,0.99415
house-ca-39,HOUSE,CA,39,False,standard,Mark Takano,D,1,Mark Takano,Steve Manos,,9.780058137498687,0.0,3.490835779056403,,0.0,0.0,0.0,0.0,-0.13,-0.02350157526045711,,,,0.0,20.769595789997,20.829442247079886,13.587817031487885,28.044023961439148,0.997
house-ca-40,HOUSE,CA,40,False,same_party,Young Kim,R,-1,,Ken Calvert; Young Kim,R,-12.603878865212948,0.0,8.018197579654693,,,,,0.0,0.1114999999999999,,,,,,,,,,0.0
house-ca-41,HOUSE,CA,41,False,standard,Linda Sánchez,D,1,Linda Sánchez,Mitch Clemmons,,14.644434716860998,0.0,3.1850697720503165,4.411924565984419,0.06349270700206282,0.0,0.0,0.0,0.1099999999999999,0.005044142834052764,,,,0.0,25.166146874414668,25.26082479860092,18.07300725430108,32.543035607416584,0.99825
house-ca-42,HOUSE,CA,42,False,standard,Robert Garcia,D,1,Robert Garcia,Brian Burley,,13.56070313007434,0.0,2.727948986440624,2.469245206024792,0.08046303624909612,0.0,0.0,0.0,0.3955000000000001,0.0279235600596575,,,,0.0,23.935756810620457,23.9349841417965,16.702869343708382,31.126884765649045,0.9981
house-ca-43,HOUSE,CA,43,False,standard,Maxine Waters,D,1,Maxine Waters,Cristian Morales,,50.587898039106896,0.0,-0.3495257582380011,,0.0,0.0,0.0,0.0,-0.002,-6.824990653564676e-13,,,,0.0,57.662954122684404,57.705614147514225,50.56738280848074,64.8882593081862,0.99975
house-ca-44,HOUSE,CA,44,False,standard,Nanette Barragán,D,1,Nanette Barragán,Genevieve Angel,,36.31627653527624,0.0,7.951769490274075,4.177481670150154,3.715587934297569e-07,0.0,0.0,0.0,0.132,3.5421938306970164e-08,,,,0.0,48.63030918994849,48.68002751927035,41.41603366612372,55.86978113384497,0.99995
house-ca-45,HOUSE,CA,45,False,standard,Derek Tran,D,1,Derek Tran,Chuong Vo,,4.054985173885471,0.0,-1.318767740662521,2.4415500370827883,0.836683018608244,0.0,0.0,0.0,-0.1719999999999999,-0.12770734445970564,,,,0.0,15.83914788900498,15.84771482815578,8.649149818357479,22.995285110105858,0.99065
house-ca-46,HOUSE,CA,46,False,standard,Lou Correa,D,1,Lou Correa,David Pan,,16.687679706845415,0.0,,3.366145791445452,0.03372144818442547,0.0,0.0,0.0,0.5785000000000001,0.014089008392831765,,,,0.0,26.89947574082911,26.89537345873687,19.519184607962714,34.19647199493327,0.99925
house-ca-47,HOUSE,CA,47,False,standard,Dave Min,D,1,Dave Min,Jenny Le Roux,,10.467836596792077,0.0,-1.2467872526652797,2.275777362991438,0.19154612002442284,0.0,0.0,0.0,-0.138,-0.025166033733642474,,,,0.0,20.92930062950011,20.90177793826731,13.702522171062743,28.20034208146033,0.997
house-ca-48,HOUSE,CA,48,False,standard,Darrell Issa,,0,Marni von Wilpert,Jim Desmond,,3.483522109969155,0.0,,-0.0374571116730566,-0.020686155062895246,0.0,0.0,0.0,0.0,0.0,1.0,2.9399557671255927,0.13,0.39356809824695405,12.636474157002274,8.915533149489281,2.057039694956783,15.557407681116844,0.94925
house-ca-49,HOUSE,CA,49,False,standard,Mike Levin,D,1,Mike Levin,Armen Kurdian,,12.472724656910152,0.0,-3.5536342683158777,3.8143991580810206,0.3731306019022731,0.0,0.0,0.0,-0.1669999999999999,-0.0450036964849908,,,,0.0,19.689571385422543,19.68636256866243,12.464144618919484,27.008687124248866,0.99585
house-ca-50,HOUSE,CA,50,False,standard,Scott Peters,D,1,Scott Peters,Steve Cohen,,18.835035308251694,0.0,-1.968226872948484,,0.0,0.0,0.0,0.0,0.056,0.0016856989215206677,,,,0.0,26.279096816229274,26.313652070496712,19.10260467828148,33.503055133226525,0.99825
house-ca-51,HOUSE,CA,51,False,standard,Sara Jacobs,D,1,Sara Jacobs,Ricardo Cabrera,,18.80325794580321,0.0,-2.7329987170896137,4.303418797913867,0.04907332821681354,0.0,0.0,0.0,-0.0889999999999999,-0.0031543244859362886,,,,0.0,25.871986822519332,25.93023392219947,18.722549890476294,33.07719775701984,0.9985
house-ca-52,HOUSE,CA,52,False,standard,Juan Vargas,D,1,Juan Vargas,Jeff Belle,,18.041442893620868,0.0,10.976531094670182,2.846774211985893,0.0029403943437630205,0.0,0.0,0.0,0.52,0.0011637186679662882,,,,0.0,32.63482014703879,32.669565691953764,25.5380443239513,39.946590100683814,0.9993
house-co-1,HOUSE,CO,1,False,standard,Diana DeGette,,0,Melat Kiros,Christy Peterson,,57.612736564272474,0.0,,3.71973976808556,2.8150635201088446e-12,0.0,0.0,0.0,0.0,0.0,,,,0.0,63.739592888096276,63.74662815471365,55.677001058148036,71.96151447753604,0.99995
house-co-2,HOUSE,CO,2,False,standard,Joe Neguse,D,1,Joe Neguse,Kelley Dennison,,40.91811325700261,2.0,-0.2738921648753267,,0.0,0.0,0.0,0.0,0.02,5.8138310533886545e-09,,,,0.0,48.511752137491634,48.51086505486752,41.272067581687196,55.63510703963352,0.99975
house-co-3,HOUSE,CO,3,False,standard,Jeff Hurd,R,-1,Dwayne Romero,Jeff Hurd,,-9.976649536268868,-2.0,-4.944663168340056,-1.5878601171287483,-2.6406619345024347,-0.0,0.0,0.0,-0.0785,-0.28285399902780317,1.0,-4.759758003429698,0.09,0.2921204615016086,-4.132568572405078,-4.300466743800944,-10.560678388802966,2.037679756001539,0.1886
house-co-4,HOUSE,CO,4,False,standard,Lauren Boebert,R,-1,Eileen Laubacher,Lauren Boebert,,-18.71337622079264,-2.0,-6.709335647869062,1.9490786631845332,2.1546446704827376,-0.0,0.0,0.0,0.4075,0.976036383880729,,,,0.0,-4.632537608438543,-4.555634383390026,-11.908294980861907,2.6363629290124524,0.2035
house-co-5,HOUSE,CO,5,False,standard,Jeff Crank,R,-1,Jessica Killin,Jeff Crank,,-9.337043356329268,-2.0,4.980302160664235,0.275477867330993,0.36210707362280925,-0.0,0.0,0.0,0.1394999999999999,0.39729820788466863,2.0,-4.440695922792142,0.11000015402565815,0.26973885623371524,-5.184667635298787,-4.971932933696486,-11.357476237706093,1.480869156643105,0.15885
house-co-6,HOUSE,CO,6,False,standard,Jason Crow,D,1,Jason Crow,Jason Clark,,20.360281044369106,0.0,0.8208666217469522,,0.0,0.0,0.0,0.0,-0.1839999999999999,-0.0017331868413333147,,,,0.0,29.286522093315703,29.31620530215168,22.05242863793577,36.56023947537944,0.99915
house-co-7,HOUSE,CO,7,False,standard,Brittany Pettersen,D,1,Brittany Pettersen,Tim Bennett,,15.41488104034284,2.0,-0.5899832308996702,3.366112632166681,0.10023346886589792,0.0,0.0,0.0,0.075,0.005429312896902804,,,,0.0,23.857355898043792,23.866994270885492,16.54720079198269,31.12087474545313,0.9978
house-co-8,HOUSE,CO,8,False,standard,Gabe Evans,R,-1,Manny Rutinel,Gabe Evans,,-1.8800480977231158,-1.0,-1.2486186750236898,-0.246864482379053,-0.33263332654750705,-0.0,0.0,0.0,0.2504999999999999,0.7313192090000644,1.0,3.785073730920869,0.06,0.30978339617493306,6.034759792367679,5.3582788982539595,-1.0038512767206966,11.584105753184202,0.86215
house-ct-1,HOUSE,CT,1,False,standard,John B. Larson,,0,Luke Bronin,Amy Chai,,23.26879227281734,2.0,,4.710546800792924,0.006595482691339745,0.0,0.0,0.0,0.0,0.0,,,,0.0,30.925583172117513,30.857010007078138,22.64015414196507,39.140317335723054,0.9985
house-ct-2,HOUSE,CT,2,False,standard,Joe Courtney,D,1,Joe Courtney,George Austin,,7.856473409463372,2.0,8.29878931008028,1.2448780472229632,0.0784197774857898,0.0,0.0,0.0,-0.0929999999999999,-0.012693279633805362,,,,0.0,21.810277762671422,21.68967811640192,14.633982531113748,29.065137147605558,0.99725
house-ct-3,HOUSE,CT,3,False,standard,Rosa DeLauro,D,1,Rosa DeLauro,Chris Lancia,,14.332117484384685,2.0,5.431502702137432,3.9347843674206193,0.045459562112673664,0.0,0.0,0.0,-0.0269999999999999,-0.0008864614611971331,,,,0.0,26.083019621279185,26.049808865321673,18.78914422967305,33.359698365830134,0.99885
house-ct-4,HOUSE,CT,4,False,standard,Jim Himes,D,1,Jim Himes,Michael Goldstein,,23.729413954381982,2.0,0.4989811530060501,3.922617215725456,0.003469338017658305,0.0,0.0,0.0,0.088,0.0002204957051222834,,,,0.0,32.384122943818724,32.33511673538828,25.067134129200806,39.718462183355435,0.9995
house-ct-5,HOUSE,CT,5,False,standard,Jahana Hayes,D,1,Jahana Hayes,Chris Shea,,5.675230760185784,2.0,-1.2666356398500511,1.7837426521934596,0.6821786721819258,0.0,0.0,0.0,-0.1699999999999999,-0.14086625329314822,,,,0.0,15.139800631151058,15.147158914802333,7.835798866017966,22.371773947843547,0.9908
house-de-al,HOUSE,DE,0,False,standard,Sarah McBride,D,1,Sarah McBride,Joseph Arminio,,14.958471282996337,0.0,0.8909582243564254,5.164260075857007,0.04457069944915374,0.0,0.0,0.0,-0.0749999999999999,-0.002414246220162491,,,,0.0,26.13514773552351,26.156414907366404,18.849898916801443,33.45347820257963,0.99855
house-fl-1,HOUSE,FL,1,False,standard,Jimmy Patronis,R,-1,Gay Valimont,Jimmy Patronis,,-37.5886728785613,-2.0,,-2.185732539719852,-0.002442744174125152,-0.0,0.0,0.0,-0.1995,-0.0004830765659008443,,,,0.0,-32.45927245656152,-32.462478968799275,-39.723622068397404,-25.08148692081139,0.0005
house-fl-2,HOUSE,FL,2,False,standard,Neal Dunn,,0,Amanda Green,Austin Rogers,,-18.176177438099554,-3.0,,-1.0205239563158912,-0.8380507293505194,-0.0,0.0,0.0,0.0,0.0,,,,0.0,-10.990551536846842,-10.923249555200385,-19.352496538045,-2.803159193418913,0.05135
house-fl-3,HOUSE,FL,3,False,standard,Kat Cammack,R,-1,Seth Harp,Kat Cammack,,-21.31654394584286,-2.0,1.7742408273770414,-3.823290069006792,-1.0293050641423482,-0.0,0.0,0.0,0.0584999999999999,0.04348813896001414,,,,0.0,-16.110207728397864,-16.16174240988188,-23.35015647004274,-8.897159319500139,0.0089
house-fl-4,HOUSE,FL,4,False,standard,Aaron Bean,R,-1,LaShonda Holloway,Aaron Bean,,-11.962520792109427,-2.0,2.4555568492913187,-3.8014478951635087,-4.06989355259714,-0.0,0.0,0.0,-0.3275,-0.962642877787907,,,,0.0,-10.581018217850193,-10.659153061316736,-18.031017705609276,-3.2753918074224724,0.03765
house-fl-5,HOUSE,FL,5,False,standard,John Rutherford,R,-1,Rachel Grage,John Rutherford,,-21.67839300824128,-2.0,4.3421433214138885,-1.1526586392471585,-0.26587794298213596,-0.0,0.0,0.0,-0.5365,-0.2681287778516483,,,,0.0,-17.443292112343887,-17.391806684430023,-24.706864807660235,-10.138241058476389,0.00635
house-fl-6,HOUSE,FL,6,False,standard,Randy Fine,R,-1,Eric Yonce,Randy Fine,,-30.308187147843146,-2.0,,-1.8230312456254896,-0.04076641158528809,-0.0,0.0,0.0,-0.2135,-0.010344234419685424,,,,0.0,-24.99030739217073,-24.981729048238613,-32.13956660757652,-17.59621830869064,0.0022
house-fl-7,HOUSE,FL,7,False,standard,Cory Mills,,0,Bale Dalton,Ryan Elijah,,-12.617439168584001,0.0,,1.3037635090255264,1.9395272739870242,0.0,0.0,0.0,0.0,0.0,,,,0.0,-2.2450950691186344,-2.201954033011903,-10.470955877762908,6.000677637924015,0.3603
house-fl-8,HOUSE,FL,8,False,standard,Mike Haridopolos,R,-1,Jennifer Jenkins,Mike Haridopolos,,-16.395271547785974,-1.0,1.8009870102269927,-1.0785981029654792,-0.6702734870460889,-0.0,0.0,0.0,-0.3255,-0.43826368268179994,2.0,-7.028279020175952,0.11519031386166519,0.33374852289449425,-13.07564448218169,-11.024643921210844,-17.288197795083963,-4.823857789511702,0.01825
house-fl-9,HOUSE,FL,9,False,standard,Darren Soto,D,1,Darren Soto,Dan Green,,-17.93494817151253,2.0,9.409546794910533,0.5496941359508347,0.8270721894708621,0.0,0.0,0.0,0.426,1.3887498173163777,1.0,-5.5326978500408055,0.18,0.1961976901540628,-1.7688975398528222,-2.591049188841888,-9.121535835848471,4.133504335777526,0.3055
house-fl-10,HOUSE,FL,10,False,same_party,Maxwell Frost,D,1,Maxwell Frost,,D,24.292988534582708,0.0,1.8509874742375356,,,,,0.0,-0.2669999999999999,,,,,,,,,,1.0
house-fl-11,HOUSE,FL,11,False,standard,Daniel Webster,,0,James Pericola,Joe Strada,,-15.8391286849105,0.0,,-3.595440355275024,-3.344508146835232,0.0,0.0,0.0,0.0,0.0,1.0,-5.574897850040806,0.16,0.30960084216049466,-11.029067174471088,-9.33908245843682,-16.379313115715927,-2.3093341928999935,0.0509
house-fl-12,HOUSE,FL,12,False,standard,Gus Bilirakis,R,-1,Kimberly Overman,Gus Bilirakis,,-15.553760972030888,-1.0,7.094759437067757,-2.1645814901669307,-1.3329769976485846,-0.0,0.0,0.0,-0.2754999999999999,-0.3675889264480277,,,,0.0,-13.722182718640958,-13.65071815035855,-20.94424625017899,-6.414912056639419,0.01625
house-fl-13,HOUSE,FL,13,False,standard,Anna Paulina Luna,R,-1,Leela Gray,Anna Paulina Luna,,-13.453080359687094,-2.0,-2.44010282848756,-1.0811664212748688,-1.5778377293187762,-0.0,0.0,0.0,0.3545,1.120929062119064,5.0,-5.1357164725927875,0.11371779092994609,0.3902907227022372,-4.959370193067513,-5.013169068595262,-10.967196828372332,0.9942073741670595,0.1413
house-fl-14,HOUSE,FL,14,False,standard,Kathy Castor,D,1,Kathy Castor,Mike Beltran,,-10.62098657326328,1.0,7.950182530103848,0.2090118605522644,0.32765693251852623,0.0,0.0,0.0,0.152,0.5162785953437237,1.0,8.115277030945517,0.16,0.2958809722581017,4.001045657879935,5.206043487708994,-1.250699215665213,11.517139849740913,0.85165
house-fl-15,HOUSE,FL,15,False,standard,Laurel Lee,R,-1,Robert People,Laurel Lee,,-20.095141150578385,-2.0,0.8807636828702625,-3.8005361948675898,-1.455889880491715,-0.0,0.0,0.0,-0.0705,-0.07412905974836981,,,,0.0,-14.902288097145153,-14.927892149552553,-22.19724256610935,-7.644495239574599,0.0124
house-fl-16,HOUSE,FL,16,False,standard,Vern Buchanan,,0,Kelly Kirschner,Sydney Gruters,,-13.811661289568429,2.0,,-1.241510054018505,-1.6909817258449804,0.0,0.0,0.0,0.0,0.0,1.0,0.7279439221110935,0.21,0.32194967971030714,-7.187623013608431,-4.572692415778947,-11.675930376067075,2.484536138447887,0.19465
house-fl-17,HOUSE,FL,17,False,standard,Greg Steube,R,-1,Matthew Montavon,Greg Steube,,-22.24156570778953,-2.0,,-3.1857596284373653,-0.7333524661116871,-0.0,0.0,0.0,-0.1234999999999999,-0.06541096579679516,,,,0.0,-17.45904639957811,-17.44412629590515,-24.632986976315856,-10.152960780623602,0.0059
house-fl-18,HOUSE,FL,18,False,standard,Scott Franklin,R,-1,Curtis Gibson,Scott Franklin,,-17.102886122235766,-1.0,0.8512849936619196,-3.739302145206497,-1.79479797436641,-0.0,0.0,0.0,-0.2245,-0.2910065493437982,,,,0.0,-14.279325780633412,-14.329859715528077,-21.571191402645763,-7.097096523384722,0.01295
house-fl-19,HOUSE,FL,19,False,standard,Byron Donalds,,0,Victor Arias,Jim Schwartzel,,-30.416149231176274,0.0,,-3.228529993240168,-0.13850397326909122,0.0,0.0,0.0,0.0,0.0,,,,0.0,-22.888751842467993,-22.852697707627474,-31.188837174058527,-14.715505749082535,0.00385
house-fl-20,HOUSE,FL,20,False,standard,Debbie Wasserman Schultz,D,1,Debbie Wasserman Schultz,Brent Andersen,,37.50081626941555,2.0,3.685393198666764,3.91888919099027,8.33121578379677e-07,0.0,0.0,0.0,0.32,1.9254365366996978e-07,,,,0.0,47.419732111479966,47.4312171328981,40.31060060085873,54.62767007775945,1.0
house-fl-21,HOUSE,FL,21,False,standard,Brian Mast,R,-1,James Martin,Brian Mast,,-16.40535991568672,-2.0,6.836259767160008,-2.344816786842756,-1.2655347445230518,-0.0,0.0,0.0,0.1685000000000001,0.19704125523671798,,,,0.0,-13.85571008377208,-13.86037500927877,-21.171355919375568,-6.501307380757714,0.0161
house-fl-22,HOUSE,FL,22,False,standard,None (new seat),,0,Pia Dandiya,Casey Askar,,-10.371815924951084,0.0,,-0.1158857691058467,-0.19093281165063228,0.0,0.0,0.0,0.0,0.0,2.0,-0.9335682514207922,0.05167453441618453,0.5084661999278649,-1.8656597743272516,-1.3644503469169633,-7.61385601179932,4.727017869379255,0.3841
house-fl-23,HOUSE,FL,23,False,standard,Lois Frankel,D,1,Lois Frankel,Deborah Adeimy,,13.860283552064374,2.0,4.4163509868165605,2.589473894206645,0.05598198928270976,0.0,0.0,0.0,0.5095000000000001,0.02386563971183496,,,,0.0,25.116385411667906,25.115145854633475,17.83236323457533,32.56125172707068,0.9986
house-fl-24,HOUSE,FL,24,False,standard,Frederica Wilson,,0,Oliver Gilbert,Te Mayonna Brown,,39.04931980196582,1.0,,0.9060069353321618,5.794444105052977e-07,0.0,0.0,0.0,0.0,0.0,,,,0.0,46.13571936250016,46.16132767242705,37.87908939993458,54.27451080199727,0.99985
house-fl-25,HOUSE,FL,25,False,standard,Jared Moskowitz,D,1,Jared Moskowitz,Scott Singer,,-9.218034236116692,0.0,3.0870778916786765,0.4602244670089471,0.7505566802790086,0.0,0.0,0.0,0.483,1.7066836342204132,1.0,8.571207645234729,0.24,0.12609221163503648,4.525037892726378,5.007650798147422,-2.015500577473086,11.945042616796886,0.82825
house-fl-26,HOUSE,FL,26,False,standard,Mario Díaz-Balart,R,-1,Nicole Locklin,Mario Díaz-Balart,,-18.540683907584068,-2.0,6.511737502652834,-2.3810732143778166,-0.8641257802770901,-0.0,0.0,0.0,-0.6755,-0.5311554816039906,,,,0.0,-16.25001166782568,-16.247804661158227,-23.662016302811935,-9.098249350378273,0.0078
house-fl-27,HOUSE,FL,27,False,standard,María Elvira Salazar,R,-1,Eliott Rodriguez,María Elvira Salazar,,-14.697284015567739,-2.0,5.851854214290957,-1.702902474616086,-1.3465934450333605,-0.0,0.0,0.0,-0.0335,-0.05739626452029987,3.0,-4.441288416605747,0.08000119732032145,0.3778220405918754,-11.820859931141994,-9.085952638785407,-15.111679478711702,-2.9312963271238353,0.0338
house-fl-28,HOUSE,FL,28,False,standard,Carlos A. Giménez,,0,Phil Ehr,Carlos Giménez,,-25.62449782340173,-2.0,,-1.1608113437349743,-0.21437645876730924,-0.0,0.0,0.0,-0.4485,-0.17946096489447688,,,,0.0,-18.224782121791428,-18.228812909281224,-26.66829313701743,-10.032358801638708,0.00955
house-ga-1,HOUSE,GA,1,False,standard,Buddy Carter,,0,Amanda Hollowell,Jim Kingston,,-15.892812698763862,0.0,,-2.351771298389646,-2.6057978707411227,0.0,0.0,0.0,0.0,0.0,,,,0.0,-10.347645733704386,-10.353613307259998,-18.648112901224092,-1.9768775423630907,0.06065
house-ga-2,HOUSE,GA,2,False,standard,Sanford Bishop,D,1,Sanford Bishop,Matt Day,,7.650507378170518,2.0,5.131041568381559,1.892993442224871,0.20764640310130925,0.0,0.0,0.0,0.445,0.10576145477197572,,,,0.0,20.13656461620252,20.22200178435169,12.760587361070652,27.391416890893733,0.9961
house-ga-3,HOUSE,GA,3,False,standard,Brian Jack,R,-1,Maura Keller,Brian Jack,,-29.876322455669797,-2.0,2.6106379824860677,-2.6549794320546907,-0.03617158378152505,-0.0,0.0,0.0,-0.2054999999999998,-0.0060661101492074584,,,,0.0,-26.37318050492081,-26.259195717282658,-33.69209690578374,-18.94475660388229,0.00115
house-ga-4,HOUSE,GA,4,False,standard,Hank Johnson,D,1,Hank Johnson,James Duffie,,53.03852255145806,2.0,-1.7481010280365077,,0.0,0.0,0.0,0.0,0.01,9.724085651277713e-13,,,,0.0,59.20977278245939,59.066611722761394,51.9849685664369,66.19543101314162,0.99995
house-ga-5,HOUSE,GA,5,False,standard,Nikema Williams,D,1,Nikema Williams,John Oscar Salvesen,,72.33073290669485,2.0,,3.3654534994545418,3.2271696367566457e-19,0.0,0.0,0.0,0.127,2.960031705714012e-20,,,,0.0,79.77510953414358,79.77560113164633,72.63879273672559,86.92437757366686,1.0
house-ga-6,HOUSE,GA,6,False,standard,Lucy McBath,D,1,Lucy McBath,Kevin Martin,,50.345152979843064,0.0,-0.8546959983136082,4.031937785171063,7.082069431629068e-10,0.0,0.0,0.0,-0.0469999999999999,-2.4039691237363068e-11,,,,0.0,57.15539767261974,57.15838131210625,49.87215522890859,64.37594955959749,1.0
house-ga-7,HOUSE,GA,7,False,standard,Rich McCormick,R,-1,Tony Kozycki,Rich McCormick,,-22.30291135099771,-2.0,7.2767955893072545,-1.7762910032698032,-0.23281639398779497,-0.0,0.0,0.0,-0.0284999999999999,-0.008093500615767425,1.0,-8.843040457005014,0.11,0.2687045334119003,-19.406478105140653,-16.60412636968337,-23.067428508080603,-10.095461255199341,0.00495
house-ga-8,HOUSE,GA,8,False,standard,Austin Scott,R,-1,Kelly Esti,Austin Scott,,-30.72180747930478,-2.0,6.987592458043152,-4.402150452933544,-0.024947831606049096,-0.0,0.0,0.0,0.0455,0.0008198134663876688,,,,0.0,-27.672019820589234,-27.624496011126062,-34.87399570459426,-20.347313596754447,0.0012
house-ga-9,HOUSE,GA,9,False,standard,Andrew Clyde,R,-1,Caitlyn Gegen,Andrew Clyde,,-34.33522296479662,-2.0,3.5504409590688715,-2.450660283793968,-0.009841762310985647,-0.0,0.0,0.0,0.2204999999999999,0.0019186265738938663,,,,0.0,-29.490513511223522,-29.45461314082816,-36.85690774692916,-22.24944063577252,0.00065
house-ga-10,HOUSE,GA,10,False,standard,Mike Collins,,0,Pam Delancy,Houston Gaines,,-20.913860114633074,-1.0,,-4.191954583387389,-1.5604377884828444,-0.0,0.0,0.0,0.0,0.0,,,,0.0,-14.553948168018094,-14.59802683985501,-22.74280466776396,-6.455598428968674,0.0209
house-ga-11,HOUSE,GA,11,False,standard,Barry Loudermilk,,0,Chris Harden,John Cowan,,-23.563722533183686,0.0,,-3.17001733717638,-0.9064546517481563,0.0,0.0,0.0,0.0544999999999999,0.035679062264642646,1.0,1.6629119060567557,0.18,0.34237166460447754,-16.588578601328486,-10.364174320416168,-17.437822040518387,-3.3501870831617957,0.0369
house-ga-12,HOUSE,GA,12,False,standard,Rick Allen,R,-1,Ceretta Smith,Rick Allen,,-14.231034879705307,-1.0,6.283421925551944,-3.7637177422160017,-2.464764248093948,-0.0,0.0,0.0,0.1125,0.20026209515763327,,,,0.0,-12.413621736370423,-12.412154598268241,-19.773347732011768,-5.0476681831842365,0.02465
house-ga-13,HOUSE,GA,13,False,standard,Everton Blair,,0,Jasmine Clark,Jonathan Chavez,,42.724453914937364,1.0,,,0.0,0.0,0.0,0.0,0.3025,4.05794384152412e-08,,,,0.0,49.646240775704506,49.61562061982934,41.47135912442159,57.69911350120862,1.0
house-ga-14,HOUSE,GA,14,False,standard,Clay Fuller,R,-1,Shawn Harris,Clay Fuller,,-37.01635857495856,-2.0,,1.467812949399513,0.002137952699318671,-0.0,0.0,0.0,-0.3234999999999999,-0.0010209248256806134,,,,0.0,-31.862157125349984,-31.887878801632716,-39.19088163491581,-24.50427020568528,0.00045
house-hi-1,HOUSE,HI,1,False,standard,Ed Case,D,1,Ed Case,Adriel Lam,,25.166334746889017,2.0,18.640783175923783,,0.0,0.0,0.0,0.0,0.5030000000000001,3.085928737563769e-06,,,,0.0,43.752267159557576,43.785243110995964,36.57084822003237,51.04415082626045,0.9997
house-hi-2,HOUSE,HI,2,False,standard,Jill Tokuda,D,1,Jill Tokuda,Brenton Awa,,22.062952000244117,1.0,15.616576458118669,2.218015975224514,9.241270034590666e-05,0.0,0.0,0.0,0.163,1.4714540248307164e-05,,,,0.0,39.07785060679331,39.125543131427136,31.893045786284997,46.332711169056694,0.99955
house-ia-1,HOUSE,IA,1,False,standard,Mariannette Miller-Meeks,R,-1,Christina Bohannan,Mariannette Miller-Meeks,,-8.590704180072024,-1.0,-8.521283143076325,-0.0794421672972864,-0.11746768284553602,-0.0,0.0,0.0,-0.0644999999999998,-0.20664225607329764,2.0,3.296091163242777,0.2499999999305885,0.256289458648571,3.9634321065321236,3.8563116130103388,-2.6985255492416704,10.327958064255425,0.78205
house-ia-2,HOUSE,IA,2,False,standard,Ashley Hinson,,0,Lindsay James,Joe Mitchell,,-10.127597485735269,0.0,,-0.1720623259636155,-0.2851616620737858,0.0,0.0,0.0,0.0,0.0,2.0,-2.4764767742431006,0.09159851293451704,0.3848259718235651,-1.684297340568003,-1.905820282328069,-8.762598219847563,4.901957528845603,0.35755
house-ia-3,HOUSE,IA,3,False,standard,Zach Nunn,R,-1,Sarah Trone Garriott,Zach Nunn,,-4.464251430326767,-1.0,-0.754455771234106,-0.0083406686317467,-0.012082813174810686,-0.0,0.0,0.0,0.1625000000000001,0.5100498924557275,1.0,-0.9123874566533902,0.1,0.05302215194482769,5.116846956070934,4.842185790083727,-2.3786713554259538,11.922183242760056,0.81225
house-ia-4,HOUSE,IA,4,False,standard,Randy Feenstra,,0,David Dawson,Chris McGowan,,-31.901561369041463,1.0,,-1.4783026766701204,-0.04142036481662751,0.0,0.0,0.0,0.0,0.0,,,,0.0,-24.320807172436123,-24.268971587126334,-32.565085835630974,-15.89857082233306,0.0033
house-id-1,HOUSE,ID,1,False,standard,Russ Fulcher,R,-1,Kaylee Peterson,Russ Fulcher,,-46.19778126853283,-2.0,0.9076352246212585,-1.3913910102249132,-2.8537925273518186e-05,-0.0,0.0,0.0,-0.0524999999999999,-2.3330530210468688e-06,2.0,-19.40142255114247,0.22768421311329798,0.2823538173621939,-40.36246284885669,-34.38970967867316,-40.74110227800892,-28.154534121002392,0.0003
house-id-2,HOUSE,ID,2,False,standard,Mike Simpson,R,-1,Ellie Gilbreath,Mike Simpson,,-27.561138104639443,-2.0,5.233872944155752,-2.3674484767699004,-0.08772500898617287,-0.0,0.0,0.0,-0.4535,-0.036409295742704406,,,,0.0,-23.559967888216722,-23.579217853717733,-30.762478659565105,-16.253554245628354,0.0014
house-il-1,HOUSE,IL,1,False,standard,Jonathan Jackson,D,1,Jonathan Jackson,Christian Maxwell,,32.45721176888944,2.0,-0.6283098800027416,1.701148349847759,3.818235374361595e-05,0.0,0.0,0.0,0.003,1.458928019744513e-07,,,,0.0,40.201353666677846,40.13704781356677,32.895049690001905,47.387254968626245,0.9999
house-il-2,HOUSE,IL,2,False,standard,Robin Kelly,,0,Donna Miller,Michael Noack,,33.57708216310065,0.0,,,0.0,0.0,0.0,0.0,0.0,0.0,,,,0.0,40.88494480805312,40.92323454049653,32.65632300300062,49.047734251914164,0.99955
house-il-3,HOUSE,IL,3,False,standard,Delia Ramirez,D,1,Delia Ramirez,Angel Oakley,,31.83380528871024,2.0,2.8682636964648127,4.111692187436496,3.1789480550170786e-05,0.0,0.0,0.0,-0.1469999999999999,-3.3749831850764627e-06,,,,0.0,41.52381067915588,41.49964328379507,34.12404572481369,48.74208630929862,0.9999
house-il-4,HOUSE,IL,4,False,standard,Chuy García,,0,Patty Garcia,Lupe Castillo,,28.752276035686318,0.0,,,0.0,0.0,0.0,0.0,0.0,0.0,,,,0.0,36.23180795895052,36.25599128380564,27.906851567116693,44.50298235053543,0.9995
house-il-5,HOUSE,IL,5,False,standard,Mike Quigley,D,1,Mike Quigley,Tommy Hanson,,37.56614329445709,2.0,0.5003447000653916,,0.0,0.0,0.0,0.0,0.052,9.331028886858278e-08,,,,0.0,45.73056199012999,45.763793544956926,38.65751071261953,52.86084860285408,0.99995
house-il-6,HOUSE,IL,6,False,standard,Sean Casten,D,1,Sean Casten,Niki Conforti,,5.575462312490821,2.0,2.964765839552494,2.087519346752857,0.4894183308026672,0.0,0.0,0.0,-0.0884999999999999,-0.0449557342198476,,,,0.0,17.284306400263194,17.297256683271065,10.095381117815853,24.600282929550918,0.99235
house-il-7,HOUSE,IL,7,False,standard,Danny Davis,,0,La Shawn Ford,Chad Koppie,,66.15598021500666,1.0,,2.228434091099001,1.1302912424183482e-15,0.0,0.0,0.0,0.3694999999999999,4.0606645451492283e-16,,,,0.0,71.73590965835955,71.62406080731017,63.4061067667378,79.93090698571017,1.0
house-il-8,HOUSE,IL,8,False,standard,Raja Krishnamoorthi,,0,Melissa Bean,Jennifer Davis,,7.000325718967043,2.0,,0.3339292115176673,0.10134241384647699,0.0,0.0,0.0,0.0,0.0,,,,0.0,15.798965280934647,15.884043680508547,7.486204284850938,24.122625736594077,0.9817
house-il-9,HOUSE,IL,9,False,standard,Jan Schakowsky,,0,Daniel Biss,John Elleson,,36.986157350622044,1.0,,,0.0,0.0,0.0,0.0,0.9295,4.447580047750422e-06,,,,0.0,44.15939405590465,44.19242704742412,35.97754002746314,52.201725481318256,0.9995
house-il-10,HOUSE,IL,10,False,standard,Brad Schneider,D,1,Brad Schneider,Carl Lambrecht,,22.345356623267172,2.0,-2.2652301709088603,5.125619774484333,0.011879976682366603,0.0,0.0,0.0,0.2260000000000001,0.0019390761940440608,,,,0.0,29.530665250007797,29.456624660433278,22.167076668292232,36.702369406369755,0.9992
house-il-11,HOUSE,IL,11,False,standard,Bill Foster,D,1,Bill Foster,Jeff Walter,,11.606554064861559,0.0,-0.3003582183254645,2.454408278368989,0.23207856049278866,0.0,0.0,0.0,-0.2189999999999998,-0.04486673139279266,,,,0.0,20.54254707570997,20.52672198566251,13.165058764502435,27.862719445969724,0.99645
house-il-12,HOUSE,IL,12,False,standard,Mike Bost,R,-1,Julie Fortier,Mike Bost,,-44.08125909098338,-2.0,4.180216152299926,-2.741856278476134,-7.07845998120782e-05,-0.0,0.0,0.0,-0.2654999999999999,-1.4850829841646056e-05,,,,0.0,-39.94999076759186,-39.98612616750289,-47.18510195303051,-32.66750320339692,0.0002
house-il-13,HOUSE,IL,13,False,standard,Nikki Budzinski,D,1,Nikki Budzinski,Jeff Wilson,,10.649960605661136,1.0,5.699093840100404,2.5788729082839565,0.11768130467957696,0.0,0.0,0.0,-0.007,-0.0006920981314124761,,,,0.0,22.904105637199876,22.84435797740674,15.646511212169926,30.09615070370402,0.99795
house-il-14,HOUSE,IL,14,False,standard,Lauren Underwood,D,1,Lauren Underwood,James Marter,,5.2631897441173,2.0,5.068363312404505,2.981603577156067,0.5648388196050413,0.0,0.0,0.0,0.0555000000000001,0.02278031478694831,,,,0.0,18.31544103475977,18.324697431578507,11.1154791494341,25.59733176773296,0.99485
house-il-15,HOUSE,IL,15,False,standard,Mary Miller,R,-1,Jennifer Todd,Mary Miller,,-40.433634690775264,-2.0,,-2.701707479578671,-0.0007504996112437186,-0.0,0.0,0.0,0.3305,0.00019891874577353697,,,,0.0,-35.410616301842275,-35.40206055286533,-42.69954605611482,-28.180694440629292,0.00035
house-il-16,HOUSE,IL,16,False,standard,Darin LaHood,R,-1,Paul Nolley,Darin LaHood,,-23.049919660830685,-2.0,,-3.053507107786751,-0.6022804190391876,-0.0,0.0,0.0,-0.3245,-0.14115110820648963,,,,0.0,-18.23397475801096,-18.145875803880315,-25.389086163492543,-10.938570327979424,0.0061
house-il-17,HOUSE,IL,17,False,standard,Eric Sorensen,D,1,Eric Sorensen,Dillan Vancil,,4.828123190177733,2.0,4.148654374160702,1.937764575352899,0.4535763843639167,0.0,0.0,0.0,0.0494999999999999,0.02510421949176706,,,,0.0,17.325417359797704,17.298334104284773,10.199516673733664,24.456272343768624,0.9937
house-in-1,HOUSE,IN,1,False,standard,Frank J. Mrvan,,0,Frank Mrvan,Barb Regnitz,,0.4022301253280738,1.0,,0.0746375769875172,0.06372849039897374,0.0,0.0,0.0,0.038,0.07029942898235256,,,,0.0,10.00621550801852,9.932706480993367,1.7432228171277793,18.161373879821003,0.93335
house-in-2,HOUSE,IN,2,False,standard,Rudy Yakym,R,-1,Jamee Decio,Rudy Yakym,,-26.920260374288038,-2.0,1.8550214695547596,-2.8038189407098195,-0.2255024518313171,-0.0,0.0,0.0,0.2664999999999999,0.046439829680527005,,,,0.0,-21.099025881596177,-21.170399577770226,-28.528264841787795,-13.82810403093055,0.00265
house-in-3,HOUSE,IN,3,False,standard,Marlin Stutzman,R,-1,Kelly Thompson,Marlin Stutzman,,-31.72894798522732,-2.0,3.0134958605389803,-1.803419857987651,-0.010933465086427119,-0.0,0.0,0.0,0.2275,0.002988370756619969,,,,0.0,-28.466940215701825,-28.476935851526235,-35.64512448857254,-21.272381016337736,0.00085
house-in-4,HOUSE,IN,4,False,standard,Jim Baird,R,-1,Drew Cox,Jim Baird,,-29.878658536585366,-2.0,5.398549230995093,-2.606323774000942,-0.041416446908235975,-0.0,0.0,0.0,0.0965,0.00332249157252781,,,,0.0,-25.944789748938096,-25.822746103917133,-33.14431486905167,-18.61930690765175,0.0013
house-in-5,HOUSE,IN,5,False,standard,Victoria Spartz,R,-1,J. D. Ford,Victoria Spartz,,-17.12743785454997,-1.0,2.3865274213933985,-1.015500082318891,-0.724672265222561,-0.0,0.0,0.0,0.1414999999999999,0.21878131032625814,1.0,-7.469839187010114,0.05999999999999999,0.30978339617493306,-11.609689769608659,-10.358710690794664,-16.614374360406273,-4.087457742680214,0.02325
house-in-6,HOUSE,IN,6,False,standard,Jefferson Shreve,R,-1,Cinde Wirth,Jefferson Shreve,,-33.09952049613334,-2.0,0.4805651133835615,-3.872300423106712,-0.018047130212291117,-0.0,0.0,0.0,-0.1185,-0.0015445335606685813,,,,0.0,-28.498235485253403,-28.512485760958846,-35.76880918459975,-21.223467533532165,0.001
house-in-7,HOUSE,IN,7,False,standard,André Carson,D,1,André Carson,Patrick McAuley,,42.161067786442715,0.0,-1.5523722223000282,,0.0,0.0,0.0,0.0,-0.0829999999999999,-1.7392752627431205e-08,,,,0.0,48.995106871779086,48.9484316656787,41.62747170690786,56.096976542497664,0.9999
house-in-8,HOUSE,IN,8,False,standard,Mark Messmer,R,-1,Mary Allen,Mark Messmer,,-36.49150182813958,-1.0,2.917961324114919,-1.5217366015143527,-0.0011438506262076364,-0.0,0.0,0.0,-1.0645,-0.0017336746358318526,,,,0.0,-33.32746508182212,-33.29306981923163,-40.667746535902104,-26.040886264135086,0.00045
house-in-9,HOUSE,IN,9,False,standard,Erin Houchin,R,-1,Brad Meyer,Erin Houchin,,-30.3858345174336,-2.0,2.047181420126676,-3.02875983830688,-0.07577586892604353,-0.0,0.0,0.0,-0.1394999999999999,-0.007634418794298881,,,,0.0,-24.668424662825768,-24.680719013784028,-31.865686281745266,-17.393583984313402,0.0014
house-ks-1,HOUSE,KS,1,False,standard,Tracey Mann,R,-1,Lauren Reinhold,Tracey Mann,,-31.848581559120564,-2.0,6.301345261018343,-3.806015691409785,-0.01839344988811227,-0.0,0.0,0.0,-0.0655000000000001,-0.0008701123655404235,,,,0.0,-28.44981071070705,-28.44188099510086,-35.78968342905921,-21.146558920496428,0.0008
house-ks-2,HOUSE,KS,2,False,standard,Derek Schmidt,R,-1,Don Coover,Derek Schmidt,,-20.055354340614592,-2.0,-0.3680230366400758,-0.7382146787724481,-0.2819937206635196,-0.0,0.0,0.0,0.1354999999999999,0.11214712856852337,,,,0.0,-14.774116095708262,-14.767587989412846,-22.08801655445926,-7.413740111505327,0.01235
house-ks-3,HOUSE,KS,3,False,standard,Sharice Davids,D,1,Sharice Davids,Eric Jenkins,,4.174028834088756,1.0,7.157275137333762,4.600955616274553,0.5398477977338223,0.0,0.0,0.0,-0.1909999999999999,-0.07446900454294889,,,,0.0,18.400759271144537,18.49510955888278,11.189086398151177,25.673550188396675,0.9949
house-ks-4,HOUSE,KS,4,False,standard,Ron Estes,R,-1,Katy Tyndell,Ron Estes,,-23.69976552345745,-2.0,6.275852691558842,-2.528986830913205,-0.2605875633579253,-0.0,0.0,0.0,-0.1154999999999999,-0.02578583523377739,,,,0.0,-20.335457180780033,-20.258249184556906,-27.51671664248812,-12.986749040153551,0.00425
house-ky-1,HOUSE,KY,1,False,standard,James Comer,R,-1,Drew Williams,James Comer,,-47.91004767154219,-2.0,1.3978969625571684,-3.6089459034253775,-1.8789269318608558e-05,-0.0,0.0,0.0,0.1025,1.3909278537247722e-06,,,,0.0,-42.42579756594192,-42.418589343784305,-49.72759143896983,-35.005499001811714,0.0002
house-ky-2,HOUSE,KY,2,False,standard,Brett Guthrie,R,-1,Megan Wingfield,Brett Guthrie,,-41.93201836717013,-2.0,4.147458952843933,-5.078749700002629,-0.0002618524142197151,-0.0,0.0,0.0,-0.2704999999999999,-5.115577858909044e-05,,,,0.0,-37.69088910260932,-37.615710206184886,-45.038624701324665,-30.24733502285797,0.00055
house-ky-3,HOUSE,KY,3,False,standard,Morgan McGarvey,D,1,Morgan McGarvey,Maria Rodriquez,,19.26899411654809,2.0,4.767103761865028,4.781345768246492,0.008221186720070123,0.0,0.0,0.0,0.405,0.0024046971156205113,,,,0.0,30.412210351284727,30.395843267593868,23.11196792606813,37.67008754056112,0.9995
house-ky-4,HOUSE,KY,4,False,standard,Thomas Massie,,0,Melissa Strange,Ed Gallrein,,-36.16019101367484,0.0,,-3.403540947643686,-0.01668242809434693,0.0,0.0,0.0,0.0,0.0,,,,0.0,-28.69343221595191,-28.72025108735148,-36.89071475795555,-20.4639947216767,0.00205
house-ky-5,HOUSE,KY,5,False,standard,Hal Rogers,R,-1,Ned Pillersdorf,Hal Rogers,,-64.66978795481056,-2.0,,-2.2413907177324863,-2.3382910124405532e-11,-0.0,0.0,0.0,-0.3585,-8.103306262241666e-12,,,,0.0,-60.958235430849705,-61.02270308851473,-68.18595917039752,-53.86532019166318,0.0001
house-ky-6,HOUSE,KY,6,False,standard,Andy Barr,,0,Zach Dembo,Ralph Alvarado,,-15.313409908980443,-1.0,,-0.0381893615737427,-0.04511084929210095,-0.0,0.0,0.0,0.0,0.0,5.0,-0.5992207522520329,0.19161317511437942,0.38421666915871,-7.166966777355531,-4.6549787682136365,-11.386124680324487,2.104095474016026,0.1819
house-la-1,HOUSE,LA,1,False,jungle,Steve Scalise,R,-1,Lauren Jewett,Randall Arrington; Steve Scalise,,-38.94809735335349,-2.0,12.025910051031865,,0.0,-0.0,0.0,0.0,0.0,0.0,,,,0.0,-38.92083033744219,-38.9799427845322,-46.18760421489722,-31.708394021698417,0.0002
house-la-2,HOUSE,LA,2,False,jungle,Troy Carter,D,1,Troy Carter; Renada Collins,Peter Williams,,48.34454715461763,0.0,10.026227410449255,,0.0,0.0,0.0,0.0,0.0,0.0,,,,0.0,61.244642932294006,61.27671611308766,53.879166201960615,68.38714682074674,1.0
house-la-3,HOUSE,LA,3,False,jungle,Clay Higgins,R,-1,John Day; Priscilla Gonzalez; Tia LeBrun; Caleb Walker,Kate Cotten; Clay Higgins,,-36.49141918263314,-2.0,3.629297718232862,,0.0,-0.0,0.0,0.0,-0.0144999999999999,-4.79866809964932e-05,,,,0.0,-31.75578499328631,-31.801795833849567,-39.00433721858583,-24.487464739812005,0.0006
house-la-4,HOUSE,LA,4,False,jungle,Mike Johnson,R,-1,Conrad Cable; Matt Gromlich,Gordon Heslop; Mike Johnson; Mike Nichols,,-34.66020705293809,-2.0,,-4.4286200430792935,-0.01233214441516363,-0.0,0.0,0.0,0.2215,0.001972800546859093,,,,0.0,-29.435945289316063,-29.50021950887588,-36.638267278344976,-22.208603559889223,0.0007
house-la-5,HOUSE,LA,5,False,jungle,Julia Letlow,,0,Dan McKay; Patricia Moore; Antonio Wilson,Stewart Cathey Jr.; Misti Cordell; Omar Dantzler; Michael Echols; Gabe Firment; Austin Magee,,-34.46022314691452,0.0,,,0.0,0.0,0.0,0.0,0.0,0.0,,,,0.0,-26.918970356177933,-26.98247146262826,-35.30867011319967,-18.7667733402306,0.00225
house-la-6,HOUSE,LA,6,False,jungle,Cleo Fields,,0,Pat Forbes; Lindsay Garcia,Monique Appeaning; Larry Davis; Rick Edmonds; Chris Johnson; Michael Mebruer; Blake Miguez; Stephen Wagley,,-30.628413524975773,-1.0,,,0.0,-0.0,0.0,0.0,0.0,0.0,,,,0.0,-22.96862001417684,-22.954144564104354,-31.23793546667031,-14.612566291537613,0.0042
house-ma-1,HOUSE,MA,1,False,same_party,Richard Neal,D,1,Richard Neal,,D,13.91472962033623,0.0,,,,,,0.0,0.396,,,,,,,,,,1.0
house-ma-2,HOUSE,MA,2,False,same_party,Jim McGovern,D,1,Jim McGovern,,D,24.287252795533576,0.0,,,,,,0.0,-0.0569999999999999,,,,,,,,,,1.0
house-ma-3,HOUSE,MA,3,False,standard,Lori Trahan,D,1,Lori Trahan,Gary Grossi,,19.39223989927893,2.0,,4.602917822939294,0.012164986748232753,0.0,0.0,0.0,0.193,0.001695663986184221,,,,0.0,29.47282065070587,29.422274088173047,22.266218546280452,36.65639768146523,0.9994
house-ma-4,HOUSE,MA,4,False,standard,Jake Auchincloss,D,1,Jake Auchincloss,Thomas Stalcup,,20.13118266529218,2.0,,5.765852177419516,0.00904447896116952,0.0,0.0,0.0,0.5090000000000001,0.0033248509603365957,,,,0.0,30.187077054502787,30.190482741876906,22.92302624256857,37.40170904814587,0.99925
house-ma-5,HOUSE,MA,5,False,same_party,Katherine Clark,D,1,Katherine Clark,,D,46.346449490580284,0.0,,,,,,0.0,0.103,,,,,,,,,,1.0
house-ma-6,HOUSE,MA,6,False,standard,Seth Moulton,,0,Dan Koh,Micah Jones,,21.088680178889774,1.0,,2.3034776042991005,0.012178690498026673,0.0,0.0,0.0,0.095,0.001088259098402037,,,,0.0,28.816470049606753,28.711653677475685,20.550896538837637,37.25922508011331,0.9984
house-ma-7,HOUSE,MA,7,False,same_party,Ayanna Pressley,D,1,Ayanna Pressley,,D,65.14004345536927,0.0,,,,,,0.0,-0.2809999999999999,,,,,,,,,,1.0
house-ma-8,HOUSE,MA,8,False,standard,Stephen Lynch,D,1,Stephen Lynch,Robert Burke,,26.9861956166176,2.0,14.298747911823163,4.349485181727128,1.2383730828079115e-05,0.0,0.0,0.0,0.266,2.3790522890831992e-06,,,,0.0,43.12750901506838,43.19024827058547,36.10007667966117,50.426239132769446,0.9998
house-ma-9,HOUSE,MA,9,False,standard,Bill Keating,D,1,Bill Keating,Tyler MacAllister,,10.942031882242684,1.0,,1.7503611501444836,0.1195028899030585,0.0,0.0,0.0,0.071,0.010502705624628588,,,,0.0,21.606420903732015,21.503531709839432,14.337361059685529,28.74222021797508,0.99755
house-md-1,HOUSE,MD,1,False,standard,Andy Harris,R,-1,Dan Schwartz,Andy Harris,,-17.30515700957555,-2.0,5.337279097997732,-1.4731728940375293,-0.7773067530127383,-0.0,0.0,0.0,-0.2704999999999999,-0.3092417289729266,1.0,-18.709740707183666,0.09,0.2901450732094503,-14.000536327812437,-15.39514443610825,-21.818054636285023,-8.886882880150191,0.00595
house-md-2,HOUSE,MD,2,False,standard,Johnny Olszewski,D,1,Johnny Olszewski,Dave Wallace,,18.938218026002716,2.0,0.266000010762796,3.367159589513458,0.011642791645271856,0.0,0.0,0.0,0.7454999999999999,0.006268673068341788,,,,0.0,29.583910054727202,29.5183335039628,22.22539371733978,36.70457355293966,0.99895
house-md-3,HOUSE,MD,3,False,standard,Sarah Elfreth,D,1,Sarah Elfreth,Berney Flowers,,24.49027443115774,2.0,-2.323935412135426,3.879679397517795,0.0020537140309768035,0.0,0.0,0.0,0.7745000000000002,0.0011487677622716637,,,,0.0,33.52921706440474,33.50778944858389,26.262419068590606,40.6249099459191,0.9993
house-md-4,HOUSE,MD,4,False,standard,Glenn Ivey,D,1,Glenn Ivey,George McDermott,,75.6651801829724,2.0,,3.716068236483568,9.895548604414033e-21,0.0,0.0,0.0,0.181,1.2935681036770122e-21,,,,0.0,82.86050660078472,82.8535092346932,75.63140113319037,90.09991913668331,1.0
house-md-5,HOUSE,MD,5,False,standard,Steny Hoyer,,0,Adrian Boafo,Chris Chaffee,,34.05016724003836,1.0,,,0.0,0.0,0.0,0.0,0.0,0.0,,,,0.0,41.34000778948585,41.31184100382817,33.17465528937619,49.59996127344822,0.99975
house-md-6,HOUSE,MD,6,False,standard,April McClain Delaney,D,1,April McClain Delaney,Robin Ficker,,5.925898469147308,1.0,0.5356131365762353,3.371052092149576,0.5630597309216218,0.0,0.0,0.0,0.342,0.1390757535376406,,,,0.0,18.467711546489202,18.41419308081813,11.183807922740252,25.654917864476538,0.9933
house-md-7,HOUSE,MD,7,False,standard,Kweisi Mfume,D,1,Kweisi Mfume,Scott Collier,,60.49731735411945,2.0,4.389203584551454,3.8338822565503943,1.2370875599883154e-14,0.0,0.0,0.0,0.124,1.1078806370562027e-15,,,,0.0,69.60086638317543,69.56590102222742,62.29458887957188,76.64051409793764,1.0
house-md-8,HOUSE,MD,8,False,standard,Jamie Raskin,D,1,Jamie Raskin,Cheryl Riley,,58.05566151736721,2.0,-0.0059471840819389,5.622304673504999,1.0051321601294203e-12,0.0,0.0,0.0,0.0205000000000001,1.4881540037471766e-14,,,,0.0,64.89249860657605,64.85310238262186,57.619774248956794,72.04070991114513,0.99995
house-me-1,HOUSE,ME,1,False,standard,Chellie Pingree,D,1,Chellie Pingree,Ronald Russell,,22.08301794249629,2.0,1.5056209434328922,1.8930307861271725,0.003474957889057149,0.0,0.0,0.0,-0.3235,-0.0012866435761395736,1.0,21.007780865873865,0.08,0.38050712875414394,31.33838147749792,27.401785441813715,21.497220205810486,33.44238690138244,0.9998
house-me-2,HOUSE,ME,2,False,standard,Jared Golden,,0,Matthew Dunlap,Paul LePage,,-9.23471064196821,-1.0,,-0.6957075364858891,-1.1675611720523715,-0.0,0.0,0.0,0.0,0.0,8.0,0.980949414324319,0.03009730759348988,0.5797097244294607,-1.5565491464532153,0.035891705785317196,-5.974636716402931,5.824313249897191,0.5033
house-mi-1,HOUSE,MI,1,False,standard,Jack Bergman,R,-1,Callie Barr,Jack Bergman,,-21.519722425890762,-2.0,0.2316726756453766,-0.8898274179139831,-0.3481833405838472,-0.0,0.0,0.0,-0.3004999999999999,-0.2547644244654872,,,,0.0,-15.088156379482601,-15.152626116886344,-22.40529280016745,-7.902454091813731,0.01085
house-mi-2,HOUSE,MI,2,False,standard,John Moolenaar,R,-1,Ben Ambrose,John Moolenaar,,-30.540216196830155,-2.0,3.8770253670758894,-3.3498424879426896,-0.05042432443469804,-0.0,0.0,0.0,-0.1514999999999999,-0.005517261498563208,,,,0.0,-25.80618479183253,-25.79370727853032,-32.908716593409856,-18.59848814083069,0.00105
house-mi-3,HOUSE,MI,3,False,standard,Hillary Scholten,D,1,Hillary Scholten,Terri DeBoer,,7.972385433101784,2.0,2.3010195922239145,1.6256937267342797,0.2505658885455246,0.0,0.0,0.0,-0.0779999999999999,-0.02604773240360484,,,,0.0,18.771261752133572,18.686614379975342,11.584860574561505,26.017774008611863,0.9949
house-mi-4,HOUSE,MI,4,False,standard,Bill Huizenga,R,-1,Sean McCann,Bill Huizenga,,-5.621377887750186,-1.0,6.147840019606269,-0.5010513514334808,-0.8406163975055494,-0.0,0.0,0.0,0.0155,0.05634292892760033,4.0,-2.0893249327439762,0.0700026953151286,0.3619905254679383,-1.2279421825271577,-1.5364370046328455,-7.709053821183568,4.559480295823178,0.366
house-mi-5,HOUSE,MI,5,False,standard,Tim Walberg,R,-1,Christian Vukasovich,Tim Walberg,,-27.40917258410124,-2.0,5.9077309581649216,-3.533420937766253,-0.10362774555403778,-0.0,0.0,0.0,0.0665,0.004977010335081426,,,,0.0,-23.74917505103378,-23.757427329535346,-31.008213258565817,-16.56201760019523,0.00155
house-mi-6,HOUSE,MI,6,False,standard,Debbie Dingell,D,1,Debbie Dingell,Heather Smiley,,23.922767554940073,2.0,4.0544345737160805,,0.0,0.0,0.0,0.0,0.4305,0.00039852642547360547,,,,0.0,34.52394696166109,34.554304490025416,27.36518163358208,41.669603422153386,0.99945
house-mi-7,HOUSE,MI,7,False,standard,Tom Barrett,R,-1,William Lawrence,Tom Barrett,,-1.303857115880356,-2.0,2.410882391128948,-1.7382445669946092,-2.583631278291251,-0.0,0.0,0.0,0.2015,0.6489134941068128,2.0,-1.7044300201352387,0.042466584014603875,0.4237715978244276,2.2648304132523123,0.5598311323414438,-5.2830057605169145,6.486276602094264,0.54995
house-mi-8,HOUSE,MI,8,False,standard,Kristen McDonald Rivet,D,1,Kristen McDonald Rivet,Thomas Smith,,-2.009144166793344,2.0,9.05853067314203,5.09832166479946,1.012828447326062,0.0,0.0,0.0,-0.0809999999999999,-0.05925046416857456,,,,0.0,16.15459531774921,16.152782588409977,8.8531144741192,23.586210674516806,0.99225
house-mi-9,HOUSE,MI,9,False,standard,Lisa McClain,R,-1,Ray Pooley,Lisa McClain,,-32.77545908113034,-2.0,5.805455279935123,-5.273263460476266,-0.01400249997522791,-0.0,0.0,0.0,-0.0224999999999999,-0.00022754062459745254,,,,0.0,-29.12734167081734,-29.152887002560604,-36.41603295269324,-21.947226580701294,0.0007
house-mi-10,HOUSE,MI,10,False,standard,John James,,0,Christina Hines,Mike Bouchard,,-6.684831205554229,0.0,,-0.1521755647335265,-0.24485770098451873,0.0,0.0,0.0,0.0,0.0,2.0,-3.4630051679790506,0.10000107097153631,0.3624780812370519,2.2478935318877866,0.177225895487923,-6.6689261850296075,7.034307644217424,0.5136
house-mi-11,HOUSE,MI,11,False,standard,Haley Stevens,,0,Jeremy Moss,Ethan Baker,,16.423294509151415,-1.0,,2.19675704633931,0.061157210575068344,-0.0,0.0,0.0,0.0,0.0,,,,0.0,24.359552725111328,24.36531651853119,16.049571514869672,32.54839973209964,0.9965
house-mi-12,HOUSE,MI,12,False,standard,Rashida Tlaib,D,1,Rashida Tlaib,James Hooper,,39.897191011235954,2.0,6.740255373846851,5.340050291667084,5.4494293148117365e-08,0.0,0.0,0.0,-0.0714999999999999,-2.814024748954168e-09,,,,0.0,51.3938803755471,51.371329471671736,44.28655734456157,58.579997933136326,1.0
house-mi-13,HOUSE,MI,13,False,standard,Shri Thanedar,,0,Donavan McKinney,T. P. Nykoriak,,41.99678274964389,1.0,,,0.0,0.0,0.0,0.0,0.0,0.0,,,,0.0,48.952168919739776,49.01021503655143,40.78446284547808,57.24102313935509,0.9997
house-mn-1,HOUSE,MN,1,False,standard,Brad Finstad,R,-1,Jake Johnson,Brad Finstad,,-12.233713055803454,-2.0,4.75157807356985,-0.0817357309336514,-0.0966361069284745,-0.0,0.0,0.0,-0.0124999999999999,-0.03202060917646922,3.0,-4.765597476058406,0.07000016414491035,0.32356795787588655,-7.241454582775006,-6.381318123551406,-12.558984294172244,-0.1670971817520694,0.0943
house-mn-2,HOUSE,MN,2,False,standard,Angie Craig,,0,Matt Little,Eric Pratt,,5.9507367864820395,0.0,,0.5706436769766289,0.20977046217094858,0.0,0.0,0.0,0.0,0.0,2.0,6.587273912452965,0.08098246818653601,0.4318013756624285,15.002148993818016,11.404664815081656,4.678338998042254,17.950002449628542,0.97785
house-mn-3,HOUSE,MN,3,False,standard,Kelly Morrison,D,1,Kelly Morrison,Tyler Bass,,21.720150444274704,2.0,-4.60252185814226,,0.0,0.0,0.0,0.0,0.0,0.0,,,,0.0,29.584544658966617,29.631931768604318,22.363594925910665,36.74825869798647,0.999
house-mn-4,HOUSE,MN,4,False,standard,Betty McCollum,D,1,Betty McCollum,Paul Wikstrom,,36.46698138802974,2.0,-1.6101802176268754,3.83215516867897,9.803363657415874e-06,0.0,0.0,0.0,0.131,9.275071282544019e-07,,,,0.0,43.51584136685203,43.58292383096034,36.383338618523126,50.83557740335564,0.99995
house-mn-5,HOUSE,MN,5,False,standard,Ilhan Omar,D,1,Ilhan Omar,John Nagel,,63.542984491902445,2.0,-13.069564180094382,2.1154608785306404,4.343538444837171e-12,0.0,0.0,0.0,-0.3,-1.3346027893010119e-12,,,,0.0,62.84884527639386,62.866665656070715,55.63573617841469,70.04137338728937,0.99995
house-mn-6,HOUSE,MN,6,False,standard,Tom Emmer,R,-1,Doug Chapin,Tom Emmer,,-20.06608890237427,-2.0,4.8763389132086905,-3.231449164368663,-0.9421689980607262,-0.0,0.0,0.0,-0.0674999999999999,-0.04593073865546033,,,,0.0,-16.527875947236552,-16.514898956847286,-23.746033883611968,-9.207135827245542,0.0079
house-mn-7,HOUSE,MN,7,False,standard,Michelle Fischbach,R,-1,Erik Osberg,Michelle Fischbach,,-37.09774237198466,-2.0,3.82631766493813,-1.6051921295735947,-0.0017652739713934565,-0.0,0.0,0.0,0.0874999999999999,0.00020849001037168282,,,,0.0,-32.49361849314962,-32.43258874311012,-39.704100784109464,-25.309897074614756,0.00045
house-mn-8,HOUSE,MN,8,False,standard,Pete Stauber,R,-1,Trina Swanson,Pete Stauber,,-14.531388413157739,-2.0,1.43447499278819,-2.0479487256838023,-2.253033071015254,-0.0,0.0,0.0,-0.0135,-0.03217913441909637,,,,0.0,-10.093101667692656,-10.071027124775727,-17.3965417877926,-2.733489204238028,0.0467
house-mo-1,HOUSE,MO,1,False,standard,Wesley Bell,D,1,Wesley Bell,Paul Berry,,58.18768172722622,2.0,2.9716294497426725,,0.0,0.0,0.0,0.0,0.894,2.0592396998132758e-14,,,,0.0,68.61417903443287,68.62456428581174,61.33311886646192,75.72326592960005,1.0
house-mo-2,HOUSE,MO,2,False,standard,Ann Wagner,R,-1,Fred Wellman,Ann Wagner,,-8.036578251263439,-2.0,4.207181997151738,-1.7513577826849565,-2.8547487854924616,-0.0,0.0,0.0,0.0934999999999999,0.3302149512292882,2.0,-2.0400525040431168,0.15,0.326464080331675,-4.609956663409746,-3.7214244383888655,-10.02467357136801,2.4990937412986995,0.21595
house-mo-3,HOUSE,MO,3,False,standard,Bob Onder,R,-1,Bethany Mann,Bob Onder,,-27.09880132670149,-2.0,-0.2974415771232381,-2.721599347768508,-0.16458885674115667,-0.0,0.0,0.0,-0.1494999999999999,-0.019588876624983535,,,,0.0,-22.063433185519774,-22.00510239149333,-29.252592388559197,-14.750354773552562,0.00275
house-mo-4,HOUSE,MO,4,False,standard,Mark Alford,R,-1,Jordan Herrera,Mark Alford,,-42.811354448074596,-2.0,2.882068726654942,-3.539218868419995,-0.00023324094028324502,-0.0,0.0,0.0,-0.1125,-1.895082639801366e-05,,,,0.0,-37.91122195635792,-38.01396344034667,-45.233468982367334,-30.794724751830213,0.0002
house-mo-5,HOUSE,MO,5,False,standard,Emanuel Cleaver,D,1,Emanuel Cleaver,Rick Brattin,,23.50937224201861,1.0,1.2184126690067822,1.874106207615429,0.0019963713257668257,0.0,0.0,0.0,0.3075,0.0007097155915643196,,,,0.0,32.56529753175096,32.57112298002208,25.348342222450846,39.613242354683145,0.99945
house-mo-6,HOUSE,MO,6,False,standard,Sam Graves,,0,Josh Smead,Chris Stigall,,-39.31892471811242,0.0,,-1.862502483332656,-0.0026086645049771128,0.0,0.0,0.0,0.0,0.0,,,,0.0,-31.95424337319369,-31.896588482452174,-40.07763687676118,-23.614129164197067,0.00105
house-mo-7,HOUSE,MO,7,False,standard,Eric Burlison,R,-1,Missi Hesketh,Eric Burlison,,-43.124014394889,0.0,3.03776442543215,-3.3818441974007443,-0.0001875663415873,0.0,0.0,0.0,0.0775000000000001,1.049850495273361e-05,,,,0.0,-38.32281921448721,-38.31211082865814,-45.49274809027059,-31.001733820051854,0.00025
house-mo-8,HOUSE,MO,8,False,standard,Jason Smith,R,-1,Chris Reichard,Jason Smith,,-54.60781455423596,-2.0,0.7571927791819908,-5.642867503322933,-2.65938459128189e-07,-0.0,0.0,0.0,0.0164999999999999,3.169099971277566e-09,,,,0.0,-49.12297459341576,-49.130553952894516,-56.26842389411285,-42.08162588977876,0.0
house-ms-1,HOUSE,MS,1,False,standard,Trent Kelly,R,-1,Cliff Johnson,Trent Kelly,,-37.53256379062851,-2.0,1.961787866264081,-1.0758979445378716,-0.0015301405615116526,-0.0,0.0,0.0,-0.0495000000000001,-0.0001525308009512128,,,,0.0,-31.91885190170908,-31.912335037185727,-39.11915089040427,-24.6567095542098,0.0006
house-ms-2,HOUSE,MS,2,False,standard,Bennie Thompson,D,1,Bennie Thompson,Ron Eller,,20.573389722299627,2.0,3.580985900573041,3.1477987759962702,0.006334268123205783,0.0,0.0,0.0,0.6975000000000001,0.003190887567064914,,,,0.0,31.022473096192716,31.02188454952276,23.712623991884147,38.18937090907591,0.9992
house-ms-3,HOUSE,MS,3,False,standard,Michael Guest,R,-1,Michael Chiaradio,Michael Guest,,-29.463344005292292,-2.0,,-2.045235290297825,-0.061467031241437625,-0.0,0.0,0.0,-0.0115,-0.0007488397719802031,,,,0.0,-24.132794965539873,-24.135008288890376,-31.43053449790676,-16.850699101965965,0.0016
house-ms-4,HOUSE,MS,4,False,standard,Mike Ezell,R,-1,Jeffrey Hulum III,Mike Ezell,,-42.99199812853909,-1.0,4.783732566765081,-3.0353314029711926,-0.00012049348880131381,-0.0,0.0,0.0,-0.0974999999999999,-8.48474983642584e-06,,,,0.0,-39.14537406589358,-39.17958306507623,-46.36462525773135,-31.95697363445553,0.00035
house-mt-1,HOUSE,MT,1,False,standard,Ryan Zinke,,0,Sam Forstag,Aaron Flint,,-11.922412494511375,0.0,,0.0635156786567131,0.09841322041395731,0.0,0.0,0.0,0.0,0.0,6.0,-1.8819918995096179,0.10566841874674156,0.48098230581216317,-3.314852317092992,-2.5928107006222616,-8.94892173166583,3.595837541795256,0.2955
house-mt-2,HOUSE,MT,2,False,standard,Troy Downing,R,-1,Brian Miller,Troy Downing,,-30.507838926964144,-2.0,1.3480660134091798,-4.276495910059555,-0.04154880271432192,-0.0,0.0,0.0,0.2555,0.007666908234201125,1.0,-20.191294447029716,0.26,0.22359448856609052,-26.319888483985572,-24.88880812536067,-31.513622308053538,-18.4180268636151,0.00035
house-nc-1,HOUSE,NC,1,False,standard,Don Davis,D,1,Don Davis,Laurie Buckhout,,-11.640982218458934,2.0,5.026946521719204,0.1786801306703458,0.2998402032989346,0.0,0.0,0.0,0.3215000000000001,1.168925092553561,4.0,3.7959965962315843,0.07184055700290236,0.390859647263946,1.8741707166758486,2.6290256201112663,-3.5342616091129853,8.580782673933756,0.70965
house-nc-2,HOUSE,NC,2,False,standard,Deborah Ross,D,1,Deborah Ross,Eugene Douglass,,34.43506519240677,2.0,1.126980153367172,,0.0,0.0,0.0,0.0,0.4135,3.82792942947641e-06,,,,0.0,43.06992872839291,43.04991320009768,35.88918128427694,50.26890847269312,0.99995
house-nc-3,HOUSE,NC,3,False,standard,Greg Murphy,R,-1,Raymond Smith Jr.,Greg Murphy,,-13.756454677871803,-1.0,,-2.7768693520994554,-3.0786238615526598,-0.0,0.0,0.0,-0.1294999999999999,-0.3110735276403617,1.0,-6.027294559437718,0.15,0.2543154631331923,-11.126071007311655,-9.828695682175894,-16.354885251021546,-3.173748521756189,0.03475
house-nc-4,HOUSE,NC,4,False,standard,Valerie Foushee,D,1,Valerie Foushee,Max Ganorkar,,46.06391998673297,2.0,0.726365233790994,3.1214903757679835,8.30748806092041e-09,0.0,0.0,0.0,0.022,1.319967547457354e-10,,,,0.0,53.9646746338808,53.9845963339477,46.85674479647357,61.130176201483955,1.0
house-nc-5,HOUSE,NC,5,False,standard,Virginia Foxx,R,-1,Chuck Hubbard,Virginia Foxx,,-17.953183297610543,-2.0,0.9004566182576133,-2.382014743822398,-1.686608389380767,-0.0,0.0,0.0,-0.4265,-0.6543060686458748,,,,0.0,-13.49524083341685,-13.571063413317361,-20.781993268801497,-6.273079963379972,0.01645
house-nc-6,HOUSE,NC,6,False,standard,Addison McDowell,R,-1,Cyril Jefferson,Addison McDowell,,-17.37132543617617,0.0,,-1.8159916883842968,-1.1968214105530874,0.0,0.0,0.0,-0.0115,-0.01642122061297148,,,,0.0,-12.82138219553688,-12.882447562354159,-20.14398444912169,-5.539391597098402,0.02005
house-nc-7,HOUSE,NC,7,False,standard,David Rouzer,R,-1,Kimberly Hardy,David Rouzer,,-13.94974512852853,-2.0,3.0371662790510188,-2.4114259874364383,-2.5808988618034645,-0.0,0.0,0.0,-0.0484999999999999,-0.11246849656905018,1.0,-10.587697948804612,0.16,0.24085751354464627,-10.75102850681724,-10.67831148719613,-17.208184162457346,-4.225875762873725,0.0232
house-nc-8,HOUSE,NC,8,False,standard,Mark Harris,R,-1,Colby Watson,Mark Harris,,-19.58539183387993,-2.0,-0.5226098593041444,-2.9714893398474422,-1.2718038324196135,-0.0,0.0,0.0,0.2424999999999999,0.2248794640865554,,,,0.0,-15.079336926038708,-15.110472950859325,-22.53664753905848,-7.921053403441055,0.0108
house-nc-9,HOUSE,NC,9,False,standard,Richard Hudson,R,-1,Richard Ojeda,Richard Hudson,,-16.01098912732778,-1.0,3.562598698207295,-0.5658622958580318,-0.4377624906535678,-0.0,0.0,0.0,-0.0055,-0.009218973800645574,1.0,-11.198344224433919,0.12,0.2553749087893982,-11.014261073248987,-11.114482129422065,-17.560186469618998,-4.552014794278543,0.0214
house-nc-10,HOUSE,NC,10,False,standard,Pat Harrigan,R,-1,Ashley Bell,Pat Harrigan,,-17.90491390090454,-2.0,2.14373170993112,-2.820939655170511,-1.2755757124932323,-0.0,0.0,0.0,0.2195,0.21504981439594278,1.0,-9.879414797477361,0.11,0.048916880814002306,-14.808076057788288,-14.465746458772463,-21.66486623716989,-7.3785327648587,0.01215
house-nc-11,HOUSE,NC,11,False,standard,Chuck Edwards,,0,Jamie Ager,Jennifer Balkcom,,-9.615756470815723,-1.0,,,0.0,-0.0,0.0,0.0,0.0,0.0,1.0,-1.7497935532002171,0.09,0.33585839875212853,-0.8204685912012606,-1.1028531561204094,-8.102070628772658,5.847395149505901,0.41695
house-nc-12,HOUSE,NC,12,False,standard,Alma Adams,D,1,Alma Adams,Jack Codiga,,47.05490301304412,2.0,1.1270365772888915,2.921350717741225,3.355157863387309e-09,0.0,0.0,0.0,-0.0869999999999999,-2.1649138304678197e-10,,,,0.0,55.126394701274926,55.14355585592564,48.051866599814005,62.24768081032618,0.99995
house-nc-13,HOUSE,NC,13,False,standard,Brad Knott,R,-1,Paul Barringer,Brad Knott,,-16.650008567022674,-2.0,0.4560768947753066,-0.3592015682133619,-0.24096998599304104,-0.0,0.0,0.0,0.0774999999999999,0.1126467153690995,,,,0.0,-11.625833251186572,-11.559999596225484,-18.851484974661478,-4.268374036783931,0.0295
house-nc-14,HOUSE,NC,14,False,standard,Tim Moore,R,-1,Lakesha Womack,Tim Moore,,-15.227341475872397,-2.0,0.789457935210705,-4.191631695878629,-2.459721975255435,-0.0,0.0,0.0,-0.2845,-0.5054045403045682,1.0,-2.8659450324109668,0.12,0.04708442808865031,-13.128763510599928,-12.650262476221972,-19.81489553048379,-5.470713327994546,0.0209
house-nd-al,HOUSE,ND,0,False,standard,Julie Fedorchak,R,-1,Trygve Hammer,Julie Fedorchak,,-37.392986132786376,0.0,1.5166580299915813,-2.306827077689307,-0.0016076114762355476,0.0,0.0,0.0,-0.1165,-0.0001759073898737673,,,,0.0,-33.48946558588874,-33.487292845620814,-40.752269029716594,-26.162419027870012,0.00035
house-ne-1,HOUSE,NE,1,False,standard,Mike Flood,R,-1,Chris Backemeyer,Mike Flood,,-13.228325882116762,0.0,6.85585176481844,-1.4734707971875542,-1.345666023020064,0.0,0.0,0.0,-0.1254999999999999,-0.2483313684428792,3.0,0.3712410639819395,0.06136216523309832,0.4170337443763596,-10.962650490523057,-6.316860506674162,-12.122474757900667,-0.3398115470845355,0.08895
house-ne-2,HOUSE,NE,2,False,standard,Don Bacon,,0,Denise Powell,Brinker Harding,,4.684329452129328,-1.0,,0.3401203134819927,0.15517357726128442,-0.0,0.0,0.0,0.0,0.0,1.0,3.9178839802917373,0.12,0.35731738685588843,13.855941328985052,10.323376838810058,3.58974750865116,17.203329277155415,0.9659
house-ne-3,HOUSE,NE,3,False,standard,Adrian Smith,R,-1,Becky Stille,Adrian Smith,,-54.43078179590726,-2.0,6.281908983757716,-3.5634760152249814,-3.5919139485331496e-08,-0.0,0.0,0.0,-0.0905,-2.3477148669162503e-09,,,,0.0,-51.97454991656625,-51.97467951192726,-59.12599567298842,-44.75443678297067,0.0001
house-nh-1,HOUSE,NH,1,False,standard,Chris Pappas,,0,Stefany Shaheen,Anthony DiLorenzo,,2.01995452407088,1.0,,-0.02745650817707,-0.018827786416189443,0.0,0.0,0.0,0.0,0.0,1.0,3.1058567552019283,0.12,0.4150982271495888,11.340446283493552,7.9251098123718045,1.2743218168250532,14.547269243313773,0.9322
house-nh-2,HOUSE,NH,2,False,standard,Maggie Goodlander,D,1,Maggie Goodlander,Lily Tang Williams,,3.626907261452192,2.0,2.4630204395387385,1.1004297771301996,0.2581545237412329,0.0,0.0,0.0,0.2975000000000001,0.15121555858126773,8.0,19.31349854306281,0.10056995912721192,0.4187331017830397,17.24657836760185,18.164297970865814,12.253443037607438,24.033886523093337,0.99855
house-nj-1,HOUSE,NJ,1,False,standard,Donald Norcross,D,1,Donald Norcross,Damon Galdo,,19.018716043787666,2.0,-0.6562314713287689,4.573836065745343,0.02985082996840434,0.0,0.0,0.0,1.0475,0.02258298206081923,,,,0.0,27.229052719550488,27.303438694892996,20.027584593530023,34.65483033989111,0.99885
house-nj-2,HOUSE,NJ,2,False,standard,Jeff Van Drew,R,-1,Zack Mullock,Jeff Van Drew,,-12.73536038103531,0.0,4.1645729131194384,-2.213969712600671,-2.5571371954339353,0.0,0.0,0.0,0.1605000000000001,0.4016515920028499,,,,0.0,-9.500942301605741,-9.506374927060897,-16.699041490956077,-2.0983134764492624,0.05415
house-nj-3,HOUSE,NJ,3,False,standard,Herb Conaway,D,1,Herb Conaway,Michael McGuire,,8.495531888848085,2.0,0.3985928017944582,2.302732629859251,0.24609219431589213,0.0,0.0,0.0,0.158,0.03658503818249323,,,,0.0,20.200289200231563,20.199363659610015,12.947807486102382,27.497039883045424,0.99655
house-nj-4,HOUSE,NJ,4,False,standard,Chris Smith,R,-1,Rachel Peace,Chris Smith,,-30.53695687107094,-2.0,5.412096666495109,-2.87931398118424,-0.035649968422862034,-0.0,0.0,0.0,-0.6265000000000001,-0.016806732999445274,,,,0.0,-26.643635956141107,-26.647911708122074,-33.763868775325356,-19.301835255900304,0.0015
house-nj-5,HOUSE,NJ,5,False,standard,Josh Gottheimer,D,1,Josh Gottheimer,Sean Kirrane,,1.5426974936227071,2.0,10.108780542572298,5.764249222090967,0.6417920821616765,0.0,0.0,0.0,0.5660000000000001,0.26235034114142314,,,,0.0,18.131131817629594,18.210434858372082,10.98576169653994,25.545011357529734,0.9951
house-nj-6,HOUSE,NJ,6,False,standard,Frank Pallone,D,1,Frank Pallone,Hillary Herzig,,6.589506910899613,2.0,9.844926059860338,5.136164539520171,0.20353148006537078,0.0,0.0,0.0,0.309,0.04542144196792191,,,,0.0,21.746512253103557,21.813300297341954,14.552331888333192,29.113017554839395,0.9974
house-nj-7,HOUSE,NJ,7,False,standard,Thomas Kean Jr.,R,-1,Rebecca Bennett,Thomas Kean Jr.,,-1.1969676211353153,-2.0,4.184102499735708,-0.1760146501612592,-0.24347745898430329,-0.0,0.0,0.0,-0.4455,-1.335210546788485,2.0,4.500354992352284,0.10997898920063201,0.3533995640627642,3.7113477822245766,4.080899331054466,-2.2134147691112176,10.25635016065499,0.8015
house-nj-8,HOUSE,NJ,8,False,same_party,Rob Menendez,D,1,Rob Menendez,,D,24.811967664433183,0.0,1.4689350950109177,,,,,0.0,0.468,,,,,,,,,,1.0
house-nj-9,HOUSE,NJ,9,False,standard,Nellie Pou,D,1,Nellie Pou,Rosie Pino,,-1.1707415175108455,1.0,6.356050412977262,1.88193531688059,0.7263879632729348,0.0,0.0,0.0,0.346,0.28935577022712416,,,,0.0,15.568758201533901,15.638380879485563,8.298701932463828,22.845398263102318,0.9898
house-nj-10,HOUSE,NJ,10,False,standard,LaMonica McIver,D,1,LaMonica McIver,Carmen Bucco,,51.66747780945097,2.0,2.433459933561772,4.468671940968306,1.1061313180344402e-11,0.0,0.0,0.0,-0.7625,-6.0914037166757715e-12,,,,0.0,62.17456216674214,62.242439395318684,55.06175635617901,69.41736925554561,0.99995
house-nj-11,HOUSE,NJ,11,False,standard,Analilia Mejia,D,1,Analilia Mejia,Joe Hathaway,,8.896444150169497,0.0,,-0.075501282829264,-0.008683064138100823,0.0,0.0,0.0,0.0,0.0,,,,0.0,19.641913126981844,19.681857653823343,12.52353960072424,26.89042650358891,0.99645
house-nj-12,HOUSE,NJ,12,False,standard,Bonnie Watson Coleman,,0,Adam Hamawy,Gregg Mele,,24.53718857974177,0.0,,2.7032364785647616,0.003466706851660105,0.0,0.0,0.0,0.0255,7.085416132587609e-05,,,,0.0,32.153223326608355,32.21889519839738,24.014335480752898,40.513912944397056,0.99895
house-nm-1,HOUSE,NM,1,False,standard,Melanie Stansbury,D,1,Melanie Stansbury,Didi Okpareke,,12.99640454650893,2.0,-0.1351058694813423,2.545098087771315,0.16119182551486533,0.0,0.0,0.0,-0.1649999999999999,-0.022641986923194066,,,,0.0,21.865255359662847,21.914845153995245,14.658248489295184,29.181320371387542,0.99685
house-nm-2,HOUSE,NM,2,False,standard,Gabe Vasquez,D,1,Gabe Vasquez,Greg Cunningham,,-1.8466859656378058,2.0,6.128641962690037,1.102888155146477,0.7052584010621324,0.0,0.0,0.0,-0.1959999999999999,-0.27155948036992156,2.0,2.9068105217566944,0.11005846545564887,0.35326667753788016,12.227428986810267,9.008722236309895,2.7962958889215286,15.100508578614171,0.96365
house-nm-3,HOUSE,NM,3,False,standard,Teresa Leger Fernandez,,0,Teresa Leger Fernández,Martin Zamora,,5.320573111539808,1.0,,1.3384049583296245,0.548911401692869,0.0,0.0,0.0,-0.1549999999999999,-0.1377331610944228,,,,0.0,14.660846534080877,14.68967621855385,6.528978435702942,22.92983584214775,0.9774
house-nv-1,HOUSE,NV,1,False,standard,Dina Titus,D,1,Dina Titus,Carrie Buck,,2.3001314794627863,1.0,5.603080209551462,-0.0039612007823134,-0.001273109938628372,0.0,0.0,0.0,-0.0569999999999999,-0.03969227667595773,,,,0.0,15.391418696707504,15.40974749122879,8.158668603521127,22.70095259146244,0.98925
house-nv-2,HOUSE,NV,2,False,standard,Mark Amodei,,0,Teresa Benitez-Thompson,David Flippo,,-14.269321190402676,0.0,,-2.081902387467621,-2.725107301473161,0.0,0.0,0.0,0.3605,1.022399468648847,3.0,-1.9026444519910661,0.17795711363849578,0.4034470147652603,-7.697522485694338,-5.340161143979052,-11.97693245515692,1.3827501754817049,0.15045
house-nv-3,HOUSE,NV,3,False,standard,Susie Lee,D,1,Susie Lee,Martin O'Donnell,,-0.7494067306702425,2.0,3.617845519200176,0.2737094067273298,0.18354165156770197,0.0,0.0,0.0,0.3925000000000002,0.5702649440769649,,,,0.0,12.253909111212375,12.273549783259831,5.05786705466855,19.524318783159266,0.978
house-nv-4,HOUSE,NV,4,False,standard,Steven Horsford,D,1,Steven Horsford,Cody Whipple,,2.359334791654918,2.0,6.082326887381565,1.3478409277054328,0.40449458387304077,0.0,0.0,0.0,0.1159999999999999,0.07542653586960153,,,,0.0,16.22881696696147,16.214865821224755,8.952467471735295,23.451865424390103,0.99245
house-ny-1,HOUSE,NY,1,False,standard,Nick LaLota,R,-1,Chris Gallant,Nick LaLota,,-10.19098649580888,0.0,0.1150856651121694,-1.9182069368577728,-3.1089168300754473,0.0,0.0,0.0,-0.3095,-1.0868419725262795,1.0,-7.485651836688879,0.21,0.0034098000470437822,-6.469759647393759,-6.484178300957519,-13.688910479123045,0.7343410240033943,0.1231
house-ny-2,HOUSE,NY,2,False,standard,Andrew Garbarino,R,-1,Patrick Halpin,Andrew Garbarino,,-14.07654671761222,-1.0,5.3370012983088335,-2.382738044101273,-2.1500489857882643,-0.0,0.0,0.0,-0.5135,-1.0039327123517352,,,,0.0,-12.61462090972257,-12.60395644508564,-19.876479633737002,-5.335103824852733,0.0236
house-ny-3,HOUSE,NY,3,False,standard,Tom Suozzi,D,1,Tom Suozzi,Mike LiPetri,,-4.3468453348013485,1.0,8.046994457016226,1.5842487786789468,0.9473062076550947,0.0,0.0,0.0,-0.1234999999999999,-0.16000223963756524,,,,0.0,12.983915447351839,13.030310005676647,5.766125789116555,20.271526886672632,0.9814
house-ny-4,HOUSE,NY,4,False,standard,Laura Gillen,D,1,Laura Gillen,Jeanine Driscoll,,1.2928081522715966,2.0,1.125822512392883,2.901899652082301,1.2455051180531453,0.0,0.0,0.0,0.36,0.33477863074429315,,,,0.0,15.598308620250508,15.588933166392607,8.443668050800142,22.901218890197292,0.99135
house-ny-5,HOUSE,NY,5,False,standard,Gregory Meeks,D,1,Gregory Meeks,George Marsh,,42.80056553350199,0.0,6.95871981176503,5.100909761411157,6.5242403336191354e-09,0.0,0.0,0.0,0.53,2.4973342165908804e-09,,,,0.0,54.28610527644134,54.29793885652445,47.15004423439207,61.44513508260254,0.9999
house-ny-6,HOUSE,NY,6,False,standard,Grace Meng,D,1,Grace Meng,Joseph Chou,,6.526551363448394,0.0,17.034007473833675,3.292268395120239,0.05715993990067845,0.0,0.0,0.0,-2.0685,-0.08539218688328853,,,,0.0,25.369018796338757,25.33882950995629,18.099132602580454,32.607084079265995,0.99855
house-ny-7,HOUSE,NY,7,False,standard,Nydia Velázquez,,0,Claire Valdez,Melvin Rivera,,47.1903032424627,1.0,,,0.0,0.0,0.0,0.0,0.0,0.0,,,,0.0,53.89507283520258,53.958801526552755,45.56098416477682,62.00614507015182,0.9999
house-ny-8,HOUSE,NY,8,False,standard,Hakeem Jeffries,D,1,Hakeem Jeffries,Lewis Mizrahi,,44.70400544553402,2.0,6.193204163217225,6.741222006781704,2.25354419132766e-09,0.0,0.0,0.0,0.015,2.4413395406049648e-11,,,,0.0,55.67814791887319,55.60217437023877,48.4687953229342,62.98349872148381,0.9999
house-ny-9,HOUSE,NY,9,False,standard,Yvette Clarke,D,1,Yvette Clarke,Joel Azumah,,41.46428833112162,2.0,7.162515442875766,,0.0,0.0,0.0,0.0,0.068,7.627435012877963e-10,,,,0.0,53.123331038319655,53.034537823707396,45.886232133302435,60.22538409491136,1.0
house-ny-10,HOUSE,NY,10,False,standard,Dan Goldman,,0,Brad Lander,Jennifer Moore,,61.892367529836285,2.0,,,0.0,0.0,0.0,0.0,0.0,0.0,,,,0.0,67.75339646315624,67.74660450269388,59.55984910306498,75.91947106805986,1.0
house-ny-11,HOUSE,NY,11,False,standard,Nicole Malliotakis,R,-1,Michael DeCillis,Nicole Malliotakis,,-24.82593754669057,-2.0,3.250007789762239,-3.820946438532169,-0.3555851580240845,-0.0,0.0,0.0,-0.1365,-0.03505477016187434,,,,0.0,-19.93037149859632,-19.960843308240314,-27.25812838676652,-12.663870048351917,0.0043
house-ny-12,HOUSE,NY,12,False,standard,Jerry Nadler,,0,Micah Lasher,Caroline Shinkle,,64.89941854165914,1.0,,2.9216799192690206,4.7187105075697456e-15,0.0,0.0,0.0,0.0,0.0,,,,0.0,70.56387069921102,70.53773724990603,62.453378173885284,78.75399611846493,0.99995
house-ny-13,HOUSE,NY,13,False,standard,Adriano Espaillat,,0,Darializa Avila Chevalier,Jomo Williams,,60.27299582357136,0.0,,,0.0,0.0,0.0,0.0,0.0,0.0,,,,0.0,66.23654417453936,66.09659858840897,58.03163008112865,74.33296613641937,1.0
house-ny-14,HOUSE,NY,14,False,standard,Alexandria Ocasio-Cortez,D,1,Alexandria Ocasio-Cortez,Diamant Hysenaj,,32.36610727477116,2.0,6.1515586588277325,4.634311560156069,8.041033072309197e-06,0.0,0.0,0.0,-0.347,-2.015172232732599e-06,,,,0.0,43.842493484812785,43.781049019641536,36.629130187086155,51.075072924020226,0.9999
house-ny-15,HOUSE,NY,15,False,standard,Ritchie Torres,D,1,Ritchie Torres,Stylo Sapaskis,,48.80797713394829,0.0,8.035282517873483,6.601886794374569,4.2742869830624373e-11,0.0,0.0,0.0,0.6200000000000001,1.913930726860181e-11,,,,0.0,60.58897896318969,60.68190439967766,53.4780410653424,67.88332444550966,0.99995
house-ny-16,HOUSE,NY,16,False,standard,George Latimer,D,1,George Latimer,Joseph Cinquemani,,33.30969325456048,2.0,9.981136065162111,,0.0,0.0,0.0,0.0,1.2135,2.8693952330556387e-07,,,,0.0,48.81727282406158,48.838845285142085,41.674964976348875,56.03409733208288,1.0
house-ny-17,HOUSE,NY,17,False,standard,Mike Lawler,R,-1,Cait Conley,Mike Lawler,,0.5597232177745115,-2.0,6.877263421848264,-0.7016754711456092,-0.9556509502189071,-0.0,0.0,0.0,-0.3535,-1.0431446165468232,4.0,2.483963063611984,0.049639806672011684,0.47533074893686467,3.498619978305555,3.0198172676987944,-2.7158798071369086,8.69730138560796,0.75325
house-ny-18,HOUSE,NY,18,False,standard,Pat Ryan,D,1,Pat Ryan,Jacqueline Auringer,,3.3539403039279723,2.0,11.119021499016792,3.7981200374535495,0.21209499696705558,0.0,0.0,0.0,-0.0259999999999999,-0.003982672720825807,1.0,10.482599005701768,0.07999999999999999,0.30163663173170047,21.567192375868956,18.242799115802505,11.91969040813552,24.616483881782994,0.99715
house-ny-19,HOUSE,NY,19,False,standard,Josh Riley,D,1,Josh Riley,Peter Oberacker,,1.80061138988952,1.0,0.5404594298880883,1.3953587948041202,0.5826486914233094,0.0,0.0,0.0,-0.1759999999999999,-0.15923027718039018,,,,0.0,14.581975483428431,14.536619562691195,7.451954207267635,21.85435304503973,0.98855
house-ny-20,HOUSE,NY,20,False,standard,Paul Tonko,D,1,Paul Tonko,Ralph Ambrosio,,14.320901440778664,2.0,8.065636612737325,3.435000927966396,0.026638004306453064,0.0,0.0,0.0,-0.0459999999999999,-0.0008849736986254944,,,,0.0,27.502405485981587,27.50055476865156,20.14714877870211,34.83065595276362,0.9987
house-ny-21,HOUSE,NY,21,False,standard,Elise Stefanik,,0,Blake Gendebien,Anthony Constantino,,-20.759985363244855,0.0,,-0.7422264670742905,-0.3972163065863529,0.0,0.0,0.0,-0.558,-0.6470188493222154,5.0,-8.508330634747805,0.09601001285488446,0.4904746926654431,-13.87900352861131,-11.196456803271392,-17.56911204747602,-4.933829454455057,0.01835
house-ny-22,HOUSE,NY,22,False,standard,John Mannion,D,1,John Mannion,Kailee Buller,,7.694014964669066,2.0,1.5523099116897905,2.3326459953207626,0.2538008782539014,0.0,0.0,0.0,-0.128,-0.030174935978402928,,,,0.0,20.076291537554493,20.087123832209915,12.835788955414964,27.337002824625735,0.9966
house-ny-23,HOUSE,NY,23,False,standard,Nick Langworthy,R,-1,Aaron Gies,Nick Langworthy,,-21.18795208389146,-2.0,10.27642821648898,-2.789779796601702,-0.319309503166594,-0.0,0.0,0.0,-0.4615,-0.11444734614189131,2.0,-19.55008377506502,0.13,0.32173362002668204,-20.101866223211687,-19.880790539985348,-26.123520862356116,-13.706855606694672,0.00125
house-ny-24,HOUSE,NY,24,False,standard,Claudia Tenney,R,-1,Alissa Ellman,Claudia Tenney,,-23.23714041522547,-2.0,7.973784829564162,-2.7092184665244248,-0.24529158201123852,-0.0,0.0,0.0,0.1594999999999999,0.03128898004995428,,,,0.0,-20.722285724881466,-20.76286368287944,-27.95850207603661,-13.408074656896224,0.00335
house-ny-25,HOUSE,NY,25,False,standard,Joseph Morelle,D,1,Joseph Morelle,Virginia McIntyre,,18.654098607614007,1.0,3.108762003324924,4.061384204078744,0.01528919965286825,0.0,0.0,0.0,0.126,0.0013913171684110108,,,,0.0,28.91156094440965,28.92679906066414,21.658800046806455,36.285432358900216,0.99935
house-ny-26,HOUSE,NY,26,False,standard,Tim Kennedy,D,1,Tim Kennedy,Dennis Hannon,,19.560710081799225,2.0,10.902353793302002,,0.0,0.0,0.0,0.0,0.402,0.00017893294887230145,,,,0.0,36.01853405541604,35.939779735422874,28.683704244840758,43.212003438478995,0.99975
house-oh-1,HOUSE,OH,1,False,standard,Greg Landsman,D,1,Greg Landsman,Eric Conroy,,-2.6197222469283257,2.0,2.877949597463445,1.248303144638358,1.162484509138673,0.0,0.0,0.0,0.161,0.32485165803911126,1.0,2.7430764742835163,0.075,0.37477478308445616,10.704862644706,7.733174328111966,1.8406051567608874,13.825065175843056,0.94635
house-oh-2,HOUSE,OH,2,False,standard,David Taylor,R,-1,Jennifer Mazzuckelli,David Taylor,,-42.48019552563594,-2.0,-0.9470432288946152,,0.0,-0.0,0.0,0.0,-0.2115,-4.606669967454292e-05,,,,0.0,-37.419797552641,-37.375220716721245,-44.59028591875878,-30.021728999226095,0.0004
house-oh-3,HOUSE,OH,3,False,standard,Joyce Beatty,D,1,Joyce Beatty,Cleophus Dulaney,,40.654067267595785,2.0,0.9510588596842676,5.067003526639993,3.026174945541225e-07,0.0,0.0,0.0,0.372,8.130323353687425e-08,,,,0.0,48.933231750262756,49.03099627580677,41.82925230826808,56.180397108086744,1.0
house-oh-4,HOUSE,OH,4,False,standard,Jim Jordan,R,-1,Joshua Kolasinski,Jim Jordan,,-43.01401244702379,-2.0,-0.2886907093336583,-5.803731675777787,-0.0005142644674313692,-0.0,0.0,0.0,0.3245,0.00012052359199217949,,,,0.0,-36.37876331611832,-36.40729214653979,-43.56018627858153,-29.130870516582096,0.00035
house-oh-5,HOUSE,OH,5,False,standard,Bob Latta,R,-1,Brian Shaver,Bob Latta,,-23.972456468406715,-1.0,,-3.951238896820313,-0.4755959051125916,-0.0,0.0,0.0,-0.1094999999999999,-0.03761170949598742,,,,0.0,-18.95027256802527,-18.81221163006976,-26.32136980980001,-11.592559916055308,0.0046
house-oh-6,HOUSE,OH,6,False,standard,Michael Rulli,R,-1,Elizabeth Kirtley,Michael Rulli,,-34.89692072203759,-2.0,-0.5852160648202238,-3.880388723453233,-0.010800370696100854,-0.0,0.0,0.0,-0.4485,-0.003498420074645335,,,,0.0,-29.762637402343984,-29.713008894375427,-36.959971138448275,-22.52496334071706,0.00095
house-oh-7,HOUSE,OH,7,False,standard,Max Miller,R,-1,Brian Poindexter,Max Miller,,-11.151670963328055,-1.0,6.298498260781678,-1.3603117515799368,-1.6645224627813178,-0.0,0.0,0.0,-0.4004999999999999,-1.0618076079993424,5.0,9.328956593112089,0.1395474091790757,0.3803886674860944,-9.482334577094571,-2.2941194857271805,-8.274552040286947,3.738829971223907,0.30695
house-oh-8,HOUSE,OH,8,False,standard,Warren Davidson,R,-1,Vanessa Enoch,Warren Davidson,,-15.774611860237084,-2.0,1.6062013192192517,-3.67805348792612,-2.7860483750174203,-0.0,0.0,0.0,-0.1814999999999998,-0.36520450782519975,,,,0.0,-12.3903321351472,-12.357756801411519,-19.592670165513272,-5.125572689865853,0.02305
house-oh-9,HOUSE,OH,9,False,standard,Marcy Kaptur,D,1,Marcy Kaptur,Derek Merrin,,-10.679051092377328,1.0,7.558986951040739,,0.0,0.0,0.0,0.0,0.3605,1.2389405290307782,2.0,-4.026592740748094,0.04002418796640984,0.3644815996984349,4.115532439138497,1.163306633821648,-4.930331583417784,7.260750262651454,0.60175
house-oh-10,HOUSE,OH,10,False,standard,Mike Turner,R,-1,Kristina Knickerbocker,Mike Turner,,-7.862840402157268,-2.0,13.100731986134754,-1.2934525386281046,-1.5791043572138392,-0.0,0.0,0.0,-0.4885,-1.2921621166353676,2.0,-11.818190452179472,0.09672959039352653,0.3592598611659352,-9.6515425679296,-10.387209939939705,-16.494429106862935,-4.410623734788709,0.01875
house-oh-11,HOUSE,OH,11,False,standard,Shontel Brown,D,1,Shontel Brown,Mike Kirchner,,55.46192877452597,2.0,4.566635427774672,,0.0,0.0,0.0,0.0,0.525,3.5609083055777355e-13,,,,0.0,64.96780186875301,64.97609423558112,57.90223869727361,72.1426946755388,1.0
house-oh-12,HOUSE,OH,12,False,standard,Troy Balderson,R,-1,Jerrad Christian,Troy Balderson,,-30.355763886497893,-2.0,3.8833404841271095,-3.158364324000822,-0.05388497574692355,-0.0,0.0,0.0,-0.4585,-0.017843410996640992,,,,0.0,-25.635698965965137,-25.682105737020652,-32.80094825585854,-18.41429039667964,0.0013
house-oh-13,HOUSE,OH,13,False,standard,Emilia Sykes,D,1,Emilia Sykes,Carey Coleman,,3.32248331777791,2.0,2.294345920441325,3.103949148248991,1.1661727749454533,0.0,0.0,0.0,-0.131,-0.11033290198511707,,,,0.0,15.5737512648048,15.585177851276786,8.296720062620247,22.98881715172443,0.9895
house-oh-14,HOUSE,OH,14,False,standard,David Joyce,R,-1,Maria Jukic,David Joyce,,-20.532469622988483,-1.0,8.624096176095186,-4.199716269992327,-0.5202584631976788,-0.0,0.0,0.0,-0.4715,-0.17716245834278735,,,,0.0,-18.780571379481355,-18.711082374883006,-25.973331991538586,-11.464727967671418,0.0045
house-oh-15,HOUSE,OH,15,False,standard,Mike Carey,R,-1,Don Leonard,Mike Carey,,-10.11469405584615,-2.0,3.491416207919907,-1.7720105349286333,-2.65725123988924,-0.0,0.0,0.0,-0.2584999999999999,-0.839883343019311,3.0,-5.17743485411671,0.1014492169965676,0.37314661008338973,-7.541977891337313,-6.6173977789603455,-12.736324781248763,-0.5492676678370253,0.083
house-ok-1,HOUSE,OK,1,False,standard,Kevin Hern,,0,John Croisant,Mark Tedford,,-21.998761071705406,0.0,,-2.371493376438966,-0.9995991685692537,0.0,0.0,0.0,0.0,0.0,,,,0.0,-15.110265322614914,-15.17003164159992,-23.391775970604463,-6.89174307167541,0.0195
house-ok-2,HOUSE,OK,2,False,standard,Josh Brecheen,R,-1,Brandon Wade,Josh Brecheen,,-56.511293397442095,-2.0,-1.4880994651168402,-2.55852987063112,-1.3280310404281607e-07,-0.0,0.0,0.0,0.0314999999999999,3.542585902538778e-09,,,,0.0,-49.90128245286307,-49.874060377417315,-57.14760051901782,-42.79226176740321,0.0001
house-ok-3,HOUSE,OK,3,False,standard,Frank Lucas,R,-1,Suzie Byrd,Frank Lucas,,-46.41821356574914,-2.0,,,0.0,-0.0,0.0,0.0,-0.1514999999999999,-3.2263513769870644e-06,,,,0.0,-41.65395943188851,-41.64872700640825,-49.07126716250674,-34.52216680004207,0.00015
house-ok-4,HOUSE,OK,4,False,standard,Tom Cole,R,-1,Mitchell Jacob,Tom Cole,,-33.8874815283935,-2.0,5.52789183283739,-4.151483000326125,-0.00930129514202285,-0.0,0.0,0.0,-0.2724999999999999,-0.0018305465578119964,,,,0.0,-30.118956571407058,-30.070514244701194,-37.29773458872118,-22.97903118419031,0.0006
house-ok-5,HOUSE,OK,5,False,standard,Stephanie Bice,R,-1,Jena Nelson,Stephanie Bice,,-18.120004629945658,-2.0,3.1425896489637166,-1.9009250370295792,-1.0674221002503796,-0.0,0.0,0.0,-0.0914999999999999,-0.11132287031439878,1.0,-8.0514802665809,0.09,0.2921204615016086,-13.740904911752333,-12.066887841170887,-18.504949704494884,-5.787325498691843,0.0133
house-or-1,HOUSE,OR,1,False,standard,Suzanne Bonamici,D,1,Suzanne Bonamici,Barbara Kahl,,39.11033167782459,2.0,2.9117732858649115,3.928886291229188,3.9608494220651306e-07,0.0,0.0,0.0,-0.0519999999999999,-1.4875190051755684e-08,,,,0.0,48.53557728266232,48.55346600230662,41.320137738094424,55.70550230019464,0.99985
house-or-2,HOUSE,OR,2,False,standard,Cliff Bentz,R,-1,Chris Beck,Cliff Bentz,,-27.87852040916719,-1.0,4.139821977072383,-2.8906137222995265,-0.11711718856911905,-0.0,0.0,0.0,-0.2704999999999999,-0.023745971915131347,,,,0.0,-23.300685545540794,-23.303544778995022,-30.549716444355816,-16.10923024050214,0.0021
house-or-3,HOUSE,OR,3,False,standard,Maxine Dexter,D,1,Maxine Dexter,Loran Ayles,,47.613763803262344,2.0,-1.7741002875993097,3.8315948914951576,1.726975222175181e-09,0.0,0.0,0.0,0.546,6.810038959444132e-10,,,,0.0,56.021239432554005,56.01316826674757,48.825292524634285,63.16932882065036,0.99985
house-or-4,HOUSE,OR,4,False,standard,Val Hoyle,D,1,Val Hoyle,Monique DeSpain,,12.442914801419136,2.0,-4.195091537067758,0.7506926118244909,0.10331933543139561,0.0,0.0,0.0,-0.003,-0.0008946080855543086,,,,0.0,19.08354784752573,19.061468788170252,11.870312209474793,26.279672250889682,0.99565
house-or-5,HOUSE,OR,5,False,standard,Janelle Bynum,D,1,Janelle Bynum,Patti Adair,,8.808655945204382,1.0,-5.740760742481606,2.1875678219046937,0.5157516876102831,0.0,0.0,0.0,-0.1859999999999999,-0.09501325080105304,,,,0.0,17.23664800951813,17.18309106892387,9.9897206379836,24.44712491947417,0.99325
house-or-6,HOUSE,OR,6,False,standard,Andrea Salinas,D,1,Andrea Salinas,David Russ,,11.741786607103235,0.0,-4.75375163830037,4.132405773482974,0.5272966482126619,0.0,0.0,0.0,-0.1429999999999999,-0.054458026057074324,,,,0.0,18.502406621206994,18.520698100199215,11.419116776664943,25.88839703739421,0.99585
house-pa-1,HOUSE,PA,1,False,standard,Brian Fitzpatrick,R,-1,Bob Harvie,Brian Fitzpatrick,,0.3223803661609427,-1.0,13.00458470436702,-1.719833311783359,-2.8174512436438484,-0.0,0.0,0.0,-0.7905,-2.8058472786221174,5.0,-5.362668961926611,0.08825934852738859,0.38224833905999817,-3.718792066356179,-4.330417713614702,-10.411984330664293,1.7815599051630886,0.1781
house-pa-2,HOUSE,PA,2,False,standard,Brendan Boyle,D,1,Brendan Boyle,Jessica Arriaga,,36.16987750404209,2.0,6.875239725748949,,0.0,0.0,0.0,0.0,0.468,2.0521687959815014e-07,,,,0.0,47.89773401337132,47.90424235392355,40.63810772571308,55.1671138344237,0.9999
house-pa-3,HOUSE,PA,3,False,same_party,Dwight Evans,,0,Chris Rabb,,D,78.25794319536355,0.0,,,,,,0.0,0.0,,,,,,,,,,1.0
house-pa-4,HOUSE,PA,4,False,standard,Madeleine Dean,D,1,Madeleine Dean,Aurora Stuski,,15.969585034454454,2.0,2.289383330634817,,0.0,0.0,0.0,0.0,-0.007,-0.00024475163932475587,,,,0.0,25.86359755319273,25.91942539256355,18.535528712074726,33.200133885885826,0.999
house-pa-5,HOUSE,PA,5,False,standard,Mary Gay Scanlon,D,1,Mary Gay Scanlon,Nicholas Manganaro,,28.934375196073226,2.0,1.76660720044707,3.7871637415687354,0.00020892854973610526,0.0,0.0,0.0,-0.0849999999999999,-1.2825891525466446e-05,,,,0.0,38.119654404038386,38.09999394940024,30.836651257313456,45.38335773271776,0.9998
house-pa-6,HOUSE,PA,6,False,standard,Chrissy Houlahan,D,1,Chrissy Houlahan,Marty Young,,11.526010296683289,2.0,0.9975946698571372,2.508355249645427,0.19734047472354924,0.0,0.0,0.0,-0.0529999999999999,-0.009034312232005756,,,,0.0,21.184005596495084,21.16291203122382,14.032002669172,28.52244341802103,0.9973
house-pa-7,HOUSE,PA,7,False,standard,Ryan Mackenzie,R,-1,Bob Brooks,Ryan Mackenzie,,-3.2388654010275633,-2.0,-2.355699136867992,-0.6317339165053999,-0.9016093848776031,-0.0,0.0,0.0,0.1665000000000001,0.5148616800469275,2.0,5.530149414931404,0.1492719592603121,0.31906145538983616,4.459242605055728,4.744359316765129,-1.4954931705649317,11.035142509102766,0.8381
house-pa-8,HOUSE,PA,8,False,standard,Rob Bresnahan,R,-1,Paige Cognetti,Rob Bresnahan,,-8.56734175384965,0.0,-7.067747166199494,-0.1608595686124057,-0.26574651516313913,0.0,0.0,0.0,0.2355,0.8429536429301,3.0,-4.9536536365222315,0.08381650057006289,0.33965647274616717,2.1317805760144175,-0.29230331494295636,-6.455147147385997,5.96271680518248,0.47495
house-pa-9,HOUSE,PA,9,False,standard,Dan Meuser,R,-1,Rachel Wallace,Dan Meuser,,-38.286959054699274,-2.0,2.608873568153924,-1.0679900369395,-0.0009088625742822738,-0.0,0.0,0.0,-0.2885,-0.0005319477034657589,,,,0.0,-33.0567882807075,-33.067383649374854,-40.4197150370825,-25.88384030021381,0.00045
house-pa-10,HOUSE,PA,10,False,standard,Scott Perry,R,-1,Janelle Stelson,Scott Perry,,-5.291422535038262,-2.0,-4.151129385491565,0.1494422773900157,0.20217219706404527,-0.0,0.0,0.0,0.0825,0.24182099507814722,4.0,3.5154846844939924,0.08998493280028841,0.33763577418081825,6.028626266112135,5.120190852446392,-1.1061992622071717,11.353682512716869,0.8559
house-pa-11,HOUSE,PA,11,False,standard,Lloyd Smucker,R,-1,Nancy Mannion,Lloyd Smucker,,-21.57463662043542,-2.0,4.095484210414823,-2.380551743247054,-0.5810460559703239,-0.0,0.0,0.0,-0.1405,-0.07430214614744579,,,,0.0,-17.32218329844901,-17.324741455606677,-24.507515432032662,-10.03306274033601,0.0067
house-pa-12,HOUSE,PA,12,False,standard,Summer Lee,D,1,Summer Lee,James Hayes,,19.36501513829129,2.0,-6.417284853198422,3.542230104311741,0.08226754950646051,0.0,0.0,0.0,-0.3674999999999999,-0.021835178764839723,,,,0.0,24.40353377935568,24.473280642219272,17.255510877770092,31.599589805477518,0.99835
house-pa-13,HOUSE,PA,13,False,standard,John Joyce,R,-1,Beth Farnham,John Joyce,,-45.903263915331515,-1.0,2.371768990263837,-3.974147881246629,-4.648641684752531e-05,-0.0,0.0,0.0,-0.5894999999999999,-1.97915919728339e-05,,,,0.0,-40.85959311391731,-40.88418655800602,-48.08363979112493,-33.70395617602784,0.0002
house-pa-14,HOUSE,PA,14,False,standard,Guy Reschenthaler,R,-1,Alan Bradstock,Guy Reschenthaler,,-33.59611755448029,-2.0,-0.5736424213984757,-3.0867150593980157,-0.039109357611503186,-0.0,0.0,0.0,0.0464999999999999,0.0013134225931196461,,,,0.0,-26.48901787380936,-26.495432555878548,-33.67747277796176,-19.187218332303623,0.0014
house-pa-15,HOUSE,PA,15,False,standard,Glenn Thompson,R,-1,Ray Bilger,Glenn Thompson,,-38.28705018459166,-2.0,4.520306171266205,-2.854702730775781,-0.0014877421787898078,-0.0,0.0,0.0,-0.1865000000000001,-0.0002105899897263945,,,,0.0,-34.10842827211334,-34.07313447545148,-41.288472421642574,-26.81839897762245,0.0003
house-pa-16,HOUSE,PA,16,False,standard,Mike Kelly,R,-1,Justin Wagner,Mike Kelly,,-22.959797174936618,-2.0,4.221778839893523,-3.309944842356144,-0.5102913990545433,-0.0,0.0,0.0,-0.2385,-0.0878976934871451,,,,0.0,-18.758195634565844,-18.721741427851402,-26.069512445563447,-11.47608984126218,0.00515
house-pa-17,HOUSE,PA,17,False,standard,Chris Deluzio,D,1,Chris Deluzio,Tony Guy,,5.556475855381876,1.0,2.318801483224491,3.1461326511754963,0.766484151029432,0.0,0.0,0.0,-0.119,-0.06587505453569618,,,,0.0,17.168821414917986,17.18094138232368,9.837097008814057,24.518256114098897,0.99285
house-ri-1,HOUSE,RI,1,False,standard,Gabe Amo,D,1,Gabe Amo,Kellie Keenan,,22.659710215618045,2.0,10.12108999602192,4.280622740988987,0.00016222039215850465,0.0,0.0,0.0,-0.126,-1.4762055686423924e-05,,,,0.0,38.594581679998534,38.724242564889764,31.4016599321199,45.9606955665714,0.9997
house-ri-2,HOUSE,RI,2,False,standard,Seth Magaziner,D,1,Seth Magaziner,Vic Mellor,,6.934426897530219,2.0,9.9531269699233,-0.2676043123476803,-0.016303639145574964,0.0,0.0,0.0,0.01,0.0013200292316733774,,,,0.0,21.839895584533313,21.83113632953493,14.644351641382032,28.97190200958008,0.99785
house-sc-1,HOUSE,SC,1,False,standard,Nancy Mace,,0,Nancy Lacore,Jenny Costa Honeycutt,,-13.209432555402822,-1.0,,1.3771859224041345,1.9666820427724996,-0.0,0.0,0.0,0.0,0.0,3.0,-3.8680457933891432,0.1439387276233095,0.4298021255113727,-2.8704961270132996,-3.302312248189541,-9.923060766751943,3.441629081591624,0.2607
house-sc-2,HOUSE,SC,2,False,standard,Joe Wilson,R,-1,Zyon Khalifa,Joe Wilson,,-14.123469393416519,-2.0,5.083766349706159,-3.18960815411455,-2.7384518650497087,-0.0,0.0,0.0,-0.3265,-0.6457421634001939,,,,0.0,-12.756596074515683,-12.733675426490915,-20.06001484845817,-5.38423085620977,0.0225
house-sc-3,HOUSE,SC,3,False,standard,Sheri Biggs,R,-1,Eunice Lehmacher,Sheri Biggs,,-43.61925875397908,-2.0,4.062430794403936,-2.3504465086640627,-2.7323440165659996e-05,-0.0,0.0,0.0,0.0055,1.385287124980552e-07,,,,0.0,-41.36290570278847,-41.31279281218849,-48.75394084561822,-34.241029298443976,0.00025
house-sc-4,HOUSE,SC,4,False,standard,William Timmons,R,-1,Courtney McClain,William Timmons,,-23.96239999770522,-2.0,-0.8825024847807912,-4.182328735773561,-0.7818192974370118,-0.0,0.0,0.0,-0.0914999999999999,-0.05166522523896248,,,,0.0,-17.214859078931006,-17.220957636484354,-24.566740996935284,-9.911078997947174,0.00735
house-sc-5,HOUSE,SC,5,False,standard,Ralph Norman,,0,Mallory Dittmer,Wes Climer,,-23.088838343075633,-1.0,,-1.7084256700567788,-0.5731991933142646,-0.0,0.0,0.0,0.0,0.0,,,,0.0,-15.803691043536132,-15.825534772636512,-23.971992903482565,-7.551310428901072,0.01605
house-sc-6,HOUSE,SC,6,False,standard,Jim Clyburn,D,1,Jim Clyburn,John Peterson,,23.044582639922922,2.0,0.7520332985104341,,0.0,0.0,0.0,0.0,0.103,0.0003262467030723354,,,,0.0,31.855329461193552,31.906672116069597,24.658158561026777,39.11169388466204,0.99935
house-sc-7,HOUSE,SC,7,False,standard,Russell Fry,R,-1,John Vincent,Russell Fry,,-26.624063961841426,-2.0,3.211281233000242,-1.9979614653614692,-0.14112575917804887,-0.0,0.0,0.0,0.1385,0.021196348862356232,1.0,-9.296644677435594,0.22,0.21174452833252402,-21.482036263390288,-18.925578354959043,-25.433342321149706,-12.248578309466712,0.00315
house-sd-al,HOUSE,SD,0,False,standard,Dusty Johnson,,0,Nikki Gronli,Marty Jackley,,-29.890199073853058,0.0,,-1.6300692444743894,-0.08910231142725052,0.0,0.0,0.0,0.0,0.0,1.0,-11.241554325444021,0.1,0.3603012136034107,-22.298461284081704,-18.24105030717527,-25.141521798851706,-11.31781718825269,0.0041
house-tn-1,HOUSE,TN,1,False,standard,Diana Harshbarger,R,-1,Kristi Burke,Diana Harshbarger,,-58.4412194612654,-2.0,1.6563396393269647,-3.1003061328956925,-1.0305435533958362e-08,-0.0,0.0,0.0,-0.0215,-1.600205128745201e-10,,,,0.0,-53.676364115530625,-53.68667731106648,-60.880823215908954,-46.52780538453029,0.00015
house-tn-2,HOUSE,TN,2,False,standard,Tim Burchett,R,-1,Michaela Barnett,Tim Burchett,,-34.325708961516874,-2.0,4.058296347738071,-2.070967037829489,-0.007444208402820365,-0.0,0.0,0.0,0.0464999999999999,0.0003621515856525676,,,,0.0,-29.75916585270834,-29.751231344931604,-37.060978447005425,-22.541343220901602,0.00065
house-tn-3,HOUSE,TN,3,False,standard,Chuck Fleischmann,R,-1,Anna Golladay,Chuck Fleischmann,,-36.206458812861825,-2.0,2.900817689221987,-4.169554931040088,-0.006206856692737578,-0.0,0.0,0.0,-0.1265,-0.0005670653239559416,,,,0.0,-31.066860427284812,-31.032409625395964,-38.35460172712798,-23.779266073798432,0.0006
house-tn-4,HOUSE,TN,4,False,standard,Scott DesJarlais,R,-1,Victoria Broderick,Scott DesJarlais,,-24.276339895406547,-2.0,0.4256528129548362,-2.001929890082561,-0.4085621876618768,-0.0,0.0,0.0,-0.0744999999999997,-0.03294258544473865,,,,0.0,-17.864317112160013,-17.88747812870928,-25.255107440055447,-10.55659666915594,0.00555
house-tn-5,HOUSE,TN,5,False,standard,Andy Ogles,,0,Chaz Molder,Charlie Hatcher,,-23.390548243207476,0.0,,1.2600334787356715,0.3956917164528768,0.0,0.0,0.0,0.0,0.0,1.0,-13.333606691845706,0.12,0.33130353192421097,-15.14443314405504,-14.537574199742641,-21.511204165847342,-7.5252355392150525,0.01125
house-tn-6,HOUSE,TN,6,False,standard,John Rose,,0,Mike Croley,Johnny Garrett,,-26.87603213256081,-1.0,,-4.409684300615743,-0.3985984009412556,-0.0,0.0,0.0,0.0,0.0,,,,0.0,-19.5129334131117,-19.489041443348512,-27.763362290034713,-11.26114697836271,0.0084
house-tn-7,HOUSE,TN,7,False,standard,Matt Van Epps,R,-1,Darden Copeland,Matt Van Epps,,-22.72632896191422,-2.0,,-1.292893131043007,-0.28116298695547626,-0.0,0.0,0.0,0.0,0.0,,,,0.0,-17.43947195634171,-17.435398906393008,-24.839452466162346,-10.097386433851703,0.0062
house-tn-8,HOUSE,TN,8,False,standard,David Kustoff,R,-1,Heidi Kuhn,David Kustoff,,-20.43242219556846,-2.0,5.589980351150671,-4.1955003674277975,-0.7944033449232861,-0.0,0.0,0.0,-0.1494999999999999,-0.08577349449213365,,,,0.0,-17.191218664845593,-17.137796536627206,-24.46405238030826,-9.903908200161725,0.00685
house-tn-9,HOUSE,TN,9,False,standard,Steve Cohen,,0,Justin Pearson,Brent Taylor,,-21.425243647535822,0.0,,0.40894136279688,0.19303894694861218,0.0,0.0,0.0,0.0,0.0,1.0,-9.74021958917124,0.08,0.3564589728026859,-13.32747136977946,-12.130673472774529,-18.903101052175753,-5.150642926200768,0.0208
house-tx-1,HOUSE,TX,1,False,standard,Nathaniel Moran,R,-1,Yolanda Prince,Nathaniel Moran,,-49.90366327371402,-2.0,,-4.0808776873589006,-3.241960030824133e-06,-0.0,0.0,0.0,-0.0324999999999999,-7.609600627906622e-08,,,,0.0,-45.309719169433805,-45.30140640314538,-52.549937337244415,-37.91681156355817,0.00015
house-tx-2,HOUSE,TX,2,False,standard,Dan Crenshaw,,0,Shaun Finnie,Steve Toth,,-23.13431489842665,-1.0,,1.1769781686931509,0.39100573173588227,-0.0,0.0,0.0,0.5614999999999999,0.40416302453244213,,,,0.0,-14.482000719109289,-14.484762713567893,-22.846116991859184,-6.147969822194859,0.0227
house-tx-3,HOUSE,TX,3,False,standard,Keith Self,R,-1,Evan Hunt,Keith Self,,-23.981599143217043,-2.0,4.377038951909401,-0.5321954762621353,-0.06740550519682213,-0.0,0.0,0.0,-0.0894999999999999,-0.024560620046142984,,,,0.0,-19.385779276661896,-19.331103913349644,-26.601855542114706,-12.02747462229779,0.00415
house-tx-4,HOUSE,TX,4,False,standard,Pat Fallon,R,-1,Jason Pearce,Pat Fallon,,-25.158856069593824,-2.0,3.9926543055347343,-3.609844240555603,-0.28898712278781735,-0.0,0.0,0.0,-0.0415,-0.008661586263557081,,,,0.0,-20.587158544810336,-20.630020915052217,-27.870514914149773,-13.369119399531353,0.00315
house-tx-5,HOUSE,TX,5,False,standard,Lance Gooden,R,-1,Chelsey Hockett,Lance Gooden,,-21.843996130993506,-2.0,0.7706207290556284,-4.400731468227505,-1.0312648100379407,-0.0,0.0,0.0,0.0304999999999999,0.022716472065557894,,,,0.0,-16.12388124753761,-16.1422365646846,-23.492473237757416,-8.80077884858737,0.0084
house-tx-6,HOUSE,TX,6,False,standard,Jake Ellzey,R,-1,Danny Minton,Jake Ellzey,,-23.274848423140842,-2.0,1.933670214497201,-4.464409443518912,-0.6421102930064638,-0.0,0.0,0.0,0.3874999999999999,0.17970170005667002,,,,0.0,-17.687326118689853,-17.78919155792465,-25.130772848444717,-10.577125614400293,0.0054
house-tx-7,HOUSE,TX,7,False,standard,Lizzie Fletcher,D,1,Lizzie Fletcher,Alexander Hale,,24.093375271886345,2.0,1.041189715720237,3.326006034067751,0.002580753139643547,0.0,0.0,0.0,0.192,0.00035786443536390525,,,,0.0,33.034734405575705,32.98814238286012,25.659401582240466,40.28668208961278,0.9994
house-tx-8,HOUSE,TX,8,False,standard,Morgan Luttrell,,0,Laura Jones,Jessica Hart Steinmann,,-27.993926866059134,0.0,,-3.647668193418901,-0.29128576338475515,0.0,0.0,0.0,-0.123,-0.025875885314012418,,,,0.0,-20.57853737252523,-20.532662154958494,-28.791804867434422,-12.270905064248002,0.00625
house-tx-9,HOUSE,TX,9,False,standard,None (new seat),,0,Leticia Gutierrez,Alex Mealer,,-19.967725626975657,0.0,,-3.2658243281499675,-1.8491750211142906,0.0,0.0,0.0,0.0,0.0,1.0,-5.387697948804613,0.16,0.35532897642451267,-13.865163232065958,-10.877113333197112,-17.70587806947782,-3.977200330196162,0.0298
house-tx-10,HOUSE,TX,10,False,standard,Michael McCaul,,0,Caitlin Rourk,Chris Gober,,-22.935141814419953,0.0,,-1.8936915323748045,-0.6568076626318875,0.0,0.0,0.0,0.0,0.0,1.0,-8.23092571670339,0.11,0.4190748442613724,-15.729524031844008,-12.590980104243656,-19.313917731448974,-5.8713646715886405,0.0165
house-tx-11,HOUSE,TX,11,False,standard,August Pfluger,R,-1,Claire Reynolds,August Pfluger,,-34.776226874930764,-2.0,,-3.942460227073517,-0.011741301003727446,-0.0,0.0,0.0,0.2495,0.002115717211421665,,,,0.0,-29.555099311708215,-29.58404301867969,-36.889315032362674,-22.44961219114148,0.00055
house-tx-12,HOUSE,TX,12,False,standard,Craig Goldman,R,-1,Angela Rodriguez Prilliman,Craig Goldman,,-24.152059215739328,-2.0,3.551298924208573,-4.552849302759294,-0.23748456349444722,-0.0,0.0,0.0,-0.2165,-0.03713335021972898,,,,0.0,-21.2490894902352,-21.22535710941002,-28.479165612088824,-13.963977799231648,0.0031
house-tx-13,HOUSE,TX,13,False,standard,Ronny Jackson,R,-1,Mark Nair,Ronny Jackson,,-46.66045241939511,-1.0,,-4.123729160530777,-2.545150228627976e-05,-0.0,0.0,0.0,0.3985000000000001,7.32508375522624e-06,,,,0.0,-41.9075881974717,-41.91305059236509,-49.19071626274542,-34.707605088690606,0.00015
house-tx-14,HOUSE,TX,14,False,standard,Randy Weber,R,-1,Thurman Bartie,Randy Weber,,-24.57811033271256,0.0,2.5586414324048965,-3.486899162545146,-0.42120626208259454,0.0,0.0,0.0,-0.1925,-0.05855937060342738,,,,0.0,-19.385150441490673,-19.326007029274304,-26.61475165526975,-11.873909868993726,0.0042
house-tx-15,HOUSE,TX,15,False,standard,Monica De La Cruz,R,-1,Bobby Pulido,Monica De La Cruz,,-18.01759130969824,-2.0,-3.06719418329246,-0.74062669080336,-0.7054474974958359,-0.0,0.0,0.0,0.3185,0.65730491029905,6.0,6.335452815768392,0.049695180123685866,0.4769530167212702,-9.087720771251986,-1.6409647679346835,-7.488978283180583,4.032647188894861,0.3531
house-tx-16,HOUSE,TX,16,False,standard,Veronica Escobar,D,1,Veronica Escobar,Adam Bauman,,16.63676773389655,2.0,2.880079198126336,,0.0,0.0,0.0,0.0,0.271,0.006661227536632554,,,,0.0,26.833569653623226,26.848230357792808,19.4222289541194,33.97147701956182,0.99905
house-tx-17,HOUSE,TX,17,False,standard,Pete Sessions,R,-1,Casey Shepard,Pete Sessions,,-21.9502302161465,-2.0,3.27939312884149,-3.841873531374521,-0.7428766295581044,-0.0,0.0,0.0,-0.1134999999999999,-0.06089524816183234,,,,0.0,-17.408196523785982,-17.417058364915725,-24.87362511998163,-10.094649500609966,0.00635
house-tx-18,HOUSE,TX,18,False,standard,Christian Menefee,D,1,Christian Menefee,Ronald Whitfield,,55.72034781448782,2.0,,,0.0,0.0,0.0,0.0,0.0,0.0,,,,0.0,64.25948961105708,64.3074444296573,57.11150887512466,71.56802247438911,0.99995
house-tx-19,HOUSE,TX,19,False,standard,Jodey Arrington,,0,Kyle Rable,Tom Sell,,-52.16553105495645,0.0,,-3.738275075790237,-3.082525804421799e-06,0.0,0.0,0.0,0.0,0.0,,,,0.0,-45.38978269245272,-45.38449134893273,-53.594218772126304,-37.114069124318256,0.00025
house-tx-20,HOUSE,TX,20,False,standard,Joaquin Castro,D,1,Joaquin Castro,Edgardo Rafael Baez,,28.881561605032594,2.0,,2.294226033327514,0.0001199762404659296,0.0,0.0,0.0,-0.0229999999999999,-2.6060274342485808e-06,,,,0.0,38.65689541187653,38.69544768351907,31.335848773004344,45.93171716696098,0.9998
house-tx-21,HOUSE,TX,21,False,standard,Chip Roy,,0,Kristin Hook,Mark Teixeira,,-22.084735744258868,0.0,,-2.696274309601862,-1.1169155446241896,0.0,0.0,0.0,-0.1799999999999999,-0.16155517294816896,,,,0.0,-15.47753794355676,-15.59609886933062,-23.782365291105908,-7.16811983340086,0.0167
house-tx-22,HOUSE,TX,22,False,standard,Troy Nehls,,0,Marquette Greene-Scott,Trever Nehls,,-22.728896297178235,1.0,,-3.0907369778590583,-1.0873477713831716,0.0,0.0,0.0,-0.1964999999999999,-0.1543127712221284,,,,0.0,-16.102606027542627,-16.088881039251078,-24.511007794648968,-7.801113689285257,0.01625
house-tx-23,HOUSE,TX,23,False,standard,Vacant,,0,Katy Padilla Stout,Brandon Herrera,,-14.973852558895206,0.0,,-1.4077439537212355,-1.7224434537241762,0.0,0.0,0.0,0.2704999999999999,0.7171015710409128,1.0,-6.552536276330746,0.18,0.03587973751463769,-7.762080260347649,-7.753951261980492,-15.974393087253384,0.6038172536404313,0.11415
house-tx-24,HOUSE,TX,24,False,standard,Beth Van Duyne,R,-1,Kevin Burge,Beth Van Duyne,,-16.38594296670372,-2.0,4.150819196649517,-2.9824077077977607,-2.06766158350343,-0.0,0.0,0.0,0.0064999999999999,0.009763778179915037,,,,0.0,-13.347509185640325,-13.2948530065323,-20.697492628986108,-5.845163206690373,0.0172
house-tx-25,HOUSE,TX,25,False,standard,Roger Williams,R,-1,Dione Sims,Roger Williams,,-24.33804955302802,-2.0,,,0.0,-0.0,0.0,0.0,-0.0375,-0.011690196094551181,,,,0.0,-18.82367215761602,-18.822004955881123,-26.183586850371626,-11.522914988691427,0.00475
house-tx-26,HOUSE,TX,26,False,standard,Brandon Gill,R,-1,Steven Shook,Brandon Gill,,-24.143127359490155,-2.0,3.651963273463141,-4.930306615906332,-0.2343058960426537,-0.0,0.0,0.0,0.3134999999999999,0.053050759962324154,,,,0.0,-21.201932446691576,-21.230822955317272,-28.490783292916,-13.855668796368448,0.0028
house-tx-27,HOUSE,TX,27,False,standard,Michael Cloud,R,-1,Tanya Lloyd,Michael Cloud,,-21.457064940663432,-2.0,2.6691188187887525,-2.106562829182046,-0.630478653345623,-0.0,0.0,0.0,-0.1434999999999999,-0.09305505565140186,,,,0.0,-16.484826358237097,-16.53193677182481,-23.786196359335186,-9.293633208644035,0.0069
house-tx-28,HOUSE,TX,28,False,standard,Henry Cuellar,D,1,Henry Cuellar,Tano Tijerina,,-10.459161706977333,1.0,12.783449903273231,0.6455803402855187,0.8448297532837524,0.0,0.0,0.0,0.966,2.7389754044258305,3.0,10.49127641093986,0.20921965344801147,0.31716883961006803,9.581504633506684,9.836781504606332,3.58092318556917,16.16031230996794,0.972
house-tx-29,HOUSE,TX,29,False,standard,Sylvia Garcia,D,1,Sylvia Garcia,Martha Fierro,,30.845369895153603,2.0,9.494159693134456,4.0407394889597965,6.403300794787154e-06,0.0,0.0,0.0,0.275,1.2717666856313377e-06,,,,0.0,44.21492412660795,44.23540153163982,36.940304360069405,51.50703737188035,0.99975
house-tx-30,HOUSE,TX,30,False,standard,None (new seat),,0,Frederick Haynes III,Everett Jackson,,47.804896337119935,0.0,,2.355646780726939,4.430545016922038e-09,0.0,0.0,0.0,0.0,0.0,,,,0.0,54.478351111390154,54.475626117323124,46.2069578922663,62.71875169837297,0.9999
house-tx-31,HOUSE,TX,31,False,standard,John Carter,R,-1,Justin Early,John Carter,,-22.146914200858628,-2.0,5.50460131947117,-2.333948288272066,-0.4101297809819774,-0.0,0.0,0.0,-0.1985,-0.07557578897113816,,,,0.0,-18.516226899866176,-18.501190774479113,-25.88333138724692,-11.172709618902722,0.00545
house-tx-32,HOUSE,TX,32,False,standard,None (new seat),,0,Dan Barrios,Jace Yarbrough,,-18.113580215751295,1.0,,-1.9920184499570408,-1.650965090234294,0.0,0.0,0.0,0.0,0.0,,,,0.0,-11.737978325234142,-11.737675640286454,-20.00331871327509,-3.4329001320112127,0.0421
house-tx-33,HOUSE,TX,33,False,standard,Jasmine Crockett,,0,Colin Allred,Patrick Gillespie,,33.340829756235884,2.0,,5.698024768164236,5.211548216437768e-05,0.0,0.0,0.0,-0.2169999999999998,-8.16765417698385e-06,,,,0.0,40.65765650079794,40.68504202859448,32.40930662380806,48.93979261241388,0.9998
house-tx-34,HOUSE,TX,34,False,standard,Vicente Gonzalez,D,1,Vicente Gonzalez,Eric Flores,,-10.22506904859846,2.0,7.7580469982158204,0.5670429655065609,0.8750391841857238,0.0,0.0,0.0,0.445,1.4878654083388099,4.0,2.5595335851396515,0.130284853296859,0.3800793929315923,5.860656636526068,4.613943613536158,-1.536399220665778,10.73946310938243,0.83685
house-tx-35,HOUSE,TX,35,False,standard,None (new seat),,0,Johnny Garcia,Carlos De La Cruz,,-10.563314149260139,1.0,,-0.1154239105962223,-0.18915839809588844,0.0,0.0,0.0,0.0,0.0,1.0,-6.122573454173541,0.11000000000000001,0.3402477819517308,-2.079704008554762,-3.466505544163243,-10.446141681405038,3.389597088556415,0.2536
house-tx-36,HOUSE,TX,36,False,standard,Brian Babin,R,-1,Rhonda Hart,Brian Babin,,-25.312327790203895,-2.0,1.2204653389580633,-4.272558505421538,-0.41935533396587493,-0.0,0.0,0.0,-0.2305,-0.06981101434604135,,,,0.0,-19.411316218982883,-19.37016501868706,-26.615127669591825,-12.101958377422303,0.00445
house-tx-37,HOUSE,TX,37,False,standard,Greg Casar,D,1,Greg Casar,Lauren Peña,,57.704254135704865,2.0,0.1564659071256935,2.3423739245358424,9.7466446054087e-13,0.0,0.0,0.0,0.013,1.1720182112828626e-14,,,,0.0,64.65165445572055,64.53926034784978,57.435682854807915,71.71797351836679,0.9999
house-tx-38,HOUSE,TX,38,False,standard,Wesley Hunt,,0,Melissa McDonough,Jon Bonck,,-21.29669299579903,0.0,,-2.5961749643330245,-1.256211532762792,0.0,0.0,0.0,-0.2179999999999999,-0.2285479941811476,,,,0.0,-14.872869262860366,-14.895659060760881,-23.248297637880384,-6.7165037517636845,0.01935
house-ut-1,HOUSE,UT,1,False,standard,None (new seat),,0,Ben McAdams,Riley Owen,,24.325735111457707,2.0,,2.682011367190529,0.0037682875304449965,0.0,0.0,0.0,0.118,0.000359217534920312,1.0,40.57269126206259,0.16099999999999998,0.36689580353643286,31.94869421664232,35.115691782151494,28.35321369927794,41.98433258900216,0.9996
house-ut-2,HOUSE,UT,2,False,standard,Blake Moore,R,-1,Peter Crosby,Blake Moore,,-29.9231434255034,-2.0,11.8569342565702,-4.00714262469264,-0.011940026359080246,-0.0,0.0,0.0,-0.3685,-0.003177705348509662,3.0,-4.654558741055763,0.30177079770579596,0.25975702299853115,-29.51966257734846,-23.061533878950023,-29.49397516070359,-16.576909290353846,0.0006
house-ut-3,HOUSE,UT,3,False,standard,Celeste Maloy,R,-1,Kent Udell,Celeste Maloy,,-42.41903846817411,-2.0,4.798317084819732,-3.118280158817572,-5.644750667469254e-05,-0.0,0.0,0.0,-0.1865000000000001,-7.603165551821787e-06,1.0,-18.599083126313662,0.2909999999999999,0.22776652016980822,-40.51602627249204,-35.486705665766024,-42.033972545187524,-28.90124140144844,0.0001
house-ut-4,HOUSE,UT,4,False,standard,Mike Kennedy,R,-1,Jonny Larsen,Mike Kennedy,,-33.446643564909,-2.0,12.785920534601786,-2.8307521180873545,-0.0007143689233026723,-0.0,0.0,0.0,0.0164999999999999,9.02187402594828e-06,1.0,-9.42147979945902,0.2539999999999999,0.24448263658946837,-35.605429840454,-29.24719584987155,-35.659134376050666,-22.716119653436333,0.0005
house-va-1,HOUSE,VA,1,False,standard,Rob Wittman,R,-1,Shannon Taylor,Rob Wittman,,-5.00442471396264,-2.0,7.674711528138682,-0.944174630078467,-1.5821891417161273,-0.0,0.0,0.0,-0.2395,-0.8695682867345149,3.0,2.069252894094617,0.04633593626258937,0.44414041898817735,-3.0565660181727616,-0.7514820200830726,-6.579633818169777,5.012628696478147,0.42985
house-va-2,HOUSE,VA,2,False,standard,Jen Kiggans,R,-1,Elaine Luria,Jen Kiggans,,-0.25221671009308466,0.0,3.558796871487511,-0.285934344368051,-0.356490176670031,0.0,0.0,0.0,0.1815,0.4902865456240516,1.0,-3.2224886770847747,0.06,0.3412658078702923,6.687261350034742,3.3378726297142536,-2.839938793216877,9.442758347576685,0.76125
house-va-3,HOUSE,VA,3,False,standard,Bobby Scott,D,1,Bobby Scott,Edwin Rivera,,35.171354784672296,2.0,,3.3855102482910024,4.694269630980665e-06,0.0,0.0,0.0,0.012,4.0683670135165775e-08,,,,0.0,44.717637395693195,44.78436374376922,37.56355826757302,51.964526401284374,0.99985
house-va-4,HOUSE,VA,4,False,standard,Jennifer McClellan,D,1,Jennifer McClellan,Robert Murray,,33.178227120064946,2.0,1.926106553640481,,0.0,0.0,0.0,0.0,-0.2019999999999999,-9.083828615456121e-07,,,,0.0,44.260476078182485,44.203438207470874,36.969252363433995,51.57577729212642,0.99995
house-va-5,HOUSE,VA,5,False,standard,John McGuire,R,-1,Tom Perriello,John McGuire,,-12.407085063709836,0.0,2.530256581254638,0.138132675845518,0.1480766425382612,0.0,0.0,0.0,0.1984999999999999,0.46104439533834024,3.0,-5.194755987449201,0.045987578391095595,0.45926487489319634,-7.434267273498452,-6.452527983048139,-12.239638100374565,-0.688579071818722,0.0769
house-va-6,HOUSE,VA,6,False,standard,Ben Cline,R,-1,Beth Macy,Ben Cline,,-24.157705036448466,-2.0,4.653808404577879,-0.0667313378906842,-0.007724779910662053,-0.0,0.0,0.0,-0.0124999999999999,-0.003135150528374197,1.0,-27.66016496391684,0.12,0.34640315058659604,-19.637501513083446,-22.383684596958332,-28.638857074385445,-16.359868969141353,0.0008
house-va-7,HOUSE,VA,7,False,standard,Eugene Vindman,D,1,Eugene Vindman,Doug Ollivant,,2.914155482400608,2.0,-0.1426521302539942,3.8350624783316873,1.1060619754020307,0.0,0.0,0.0,-0.2329999999999998,-0.18612565130515268,,,,0.0,15.69797478897917,15.629261376338533,8.431926841919452,22.969868359878408,0.99105
house-va-8,HOUSE,VA,8,False,standard,Don Beyer,D,1,Don Beyer,Tony Sabio,,50.904224479584464,2.0,-2.0577590018806253,4.091817364175643,7.867903781781522e-10,0.0,0.0,0.0,0.075,4.2617812151316583e-11,,,,0.0,57.02268854714837,57.03969791740868,49.82643817254959,64.20356836733866,0.99995
house-va-9,HOUSE,VA,9,False,standard,Morgan Griffith,R,-1,Joy Powers,Morgan Griffith,,-44.42581664466825,-2.0,,-3.06821876444428,-9.549545376837404e-05,-0.0,0.0,0.0,-0.0384999999999999,-2.655304145059505e-06,,,,0.0,-39.57070178202395,-39.58922891059619,-46.75623907082027,-32.369693927887226,0.00045
house-va-10,HOUSE,VA,10,False,standard,Suhas Subramanyam,D,1,Suhas Subramanyam,Dave Beckwith,,8.576451033971418,2.0,-3.886437970558408,2.372240527887434,0.46012233600471236,0.0,0.0,0.0,0.6545,0.2750529755782185,,,,0.0,18.366975648367013,18.365155362404696,11.056649375376384,25.688986385079826,0.99405
house-va-11,HOUSE,VA,11,False,standard,James Walkinshaw,D,1,James Walkinshaw,Arthur Purves,,35.29116354091677,2.0,,4.525681764703802,4.370052629480188e-06,0.0,0.0,0.0,0.0,0.0,,,,0.0,44.832719976204245,44.81246913695428,37.530801972598006,52.07668060709725,0.99985
house-vt-al,HOUSE,VT,0,False,standard,Becca Balint,D,1,Becca Balint,Gerald Malloy,,32.77043577168019,0.0,,2.6555273388129144,1.6801633491977866e-05,0.0,0.0,0.0,-0.25,-3.4271478493695334e-06,4.0,25.57589319260078,0.13171101049703854,0.39286868223961546,42.40854901460841,35.78936920765059,29.833250596846977,41.77929243464756,0.99995
house-wa-1,HOUSE,WA,1,False,standard,Suzan DelBene,D,1,Suzan DelBene,Mary Silva,,29.71416626019093,2.0,-3.2733632356154514,5.1279509614944905,0.00059135109093211,0.0,0.0,0.0,-0.118,-5.0396254082769815e-05,,,,0.0,36.10141310581349,36.222032093674244,28.921828052617553,43.50894697299213,0.99965
house-wa-2,HOUSE,WA,2,False,standard,Rick Larsen,D,1,Rick Larsen,Edwin Feller,,24.449358063403622,0.0,3.734410420493576,,0.0,0.0,0.0,0.0,0.101,7.956719499104929e-05,,,,0.0,34.858494524886375,34.876528332313534,27.571009525749265,42.01891729996684,0.99975
house-wa-3,HOUSE,WA,3,False,standard,Marie Gluesenkamp Perez,D,1,Marie Gluesenkamp Perez,John Braun,,-3.396252192645398,0.0,7.412514312502439,1.1723654191744082,0.8628545755669449,0.0,0.0,0.0,-0.1669999999999999,-0.2663073664175179,4.0,-2.2442427302819077,0.1051057693995371,0.3798880030878141,11.498243998727258,6.236898026835718,0.17630731830975452,12.422177666871788,0.9058
house-wa-4,HOUSE,WA,4,False,standard,Dan Newhouse,,0,John Duresky,Amanda McKinney,,-21.23632345302414,-1.0,,-1.5963329175543814,-0.7813815398925736,-0.0,0.0,0.0,0.0,0.0,,,,0.0,-14.10729691120754,-14.16054784421723,-22.442095754809447,-5.79154620333373,0.02455
house-wa-5,HOUSE,WA,5,False,standard,Michael Baumgartner,R,-1,Carmela Conroy,Michael Baumgartner,,-11.108555422659757,-2.0,10.079905812644675,-1.472892024901894,-1.1094778731706896,-0.0,0.0,0.0,-0.1494999999999999,-0.24399505757511972,1.0,-11.912497850040804,0.0,0.3124088049600499,-12.100892302542277,-12.032524306779848,-18.328379248702348,-5.658864014937337,0.0149
house-wa-6,HOUSE,WA,6,False,standard,Emily Randall,D,1,Emily Randall,Teresa Fox,,19.891451831750338,2.0,-6.136453702958522,3.2601594523000608,0.03229444629543422,0.0,0.0,0.0,-0.123,-0.0028688233125777405,,,,0.0,26.996782121518372,26.97938062273691,19.785155584547518,34.23307139120404,0.9985
house-wa-7,HOUSE,WA,7,False,standard,Pramila Jayapal,D,1,Pramila Jayapal,Nirav Sheth,,77.56051167435446,2.0,-9.082424552371911,4.804297389255944,2.1269954430133405e-18,0.0,0.0,0.0,0.5045000000000002,7.7499442294461105e-19,,,,0.0,78.05465226466632,78.09569185737655,71.02019977954245,85.26176529205698,1.0
house-wa-8,HOUSE,WA,8,False,standard,Kim Schrier,D,1,Kim Schrier,Spencer Meline,,5.966932359880001,2.0,2.3278904041291115,3.7721516102463126,0.705519548242067,0.0,0.0,0.0,-0.2149999999999998,-0.10955150762980974,,,,0.0,17.422633514790164,17.458014382566937,10.149762476686671,24.776808587815676,0.99295
house-wa-9,HOUSE,WA,9,False,standard,Adam Smith,D,1,Adam Smith,Doug Basler,,42.69428737721389,2.0,,4.199446988769716,3.742903847506787e-08,0.0,0.0,0.0,0.6375,1.7232953131229165e-08,,,,0.0,51.91747700022124,51.96920383235978,44.697698462853964,59.19775291648191,0.9999
house-wa-10,HOUSE,WA,10,False,standard,Marilyn Strickland,D,1,Marilyn Strickland,Chris Chung,,18.6042540382684,2.0,-1.1312334145655418,4.478702145625662,0.03820646157969961,0.0,0.0,0.0,0.135,0.0037251300040207127,,,,0.0,26.556655162040006,26.597477264333193,19.18697668511552,33.89936127077634,0.99865
house-wi-1,HOUSE,WI,1,False,standard,Bryan Steil,R,-1,Mitchell Berman,Bryan Steil,,-4.574926503161371,-2.0,5.722291735026506,-2.362730412274356,-3.945269310030909,-0.0,0.0,0.0,0.0475000000000001,0.1718494688946908,4.0,-4.390021100656068,0.04539287632862398,0.4401836504060071,-2.836614040687351,-3.4817612956298216,-9.39207963749028,2.35530402273243,0.21975
house-wi-2,HOUSE,WI,2,False,same_party,Mark Pocan,D,1,Mark Pocan,,D,40.745668109005265,0.0,-0.3391138527341359,,,,,0.0,-0.1119999999999999,,,,,,,,,,1.0
house-wi-3,HOUSE,WI,3,False,standard,Derrick Van Orden,R,-1,Rebecca Cooke,Derrick Van Orden,,-7.513658895468744,-2.0,-4.911379672142732,0.0351813333320443,0.05422891002732539,-0.0,0.0,0.0,0.1575,0.5260066573420421,4.0,-3.16130784397138,0.03998696344772702,0.3960029514498223,4.101275042106855,1.2053679791692702,-4.709816947269039,7.18611426388677,0.60615
house-wi-4,HOUSE,WI,4,False,standard,Gwen Moore,D,1,Gwen Moore,Tim Rogers,,52.46959330772252,2.0,1.529154114940071,,0.0,0.0,0.0,0.0,0.3595,1.2213054274504403e-11,,,,0.0,60.47506919613549,60.45000958791776,53.31379545512843,67.52990833720142,1.0
house-wi-5,HOUSE,WI,5,False,standard,Scott Fitzgerald,R,-1,Andrew Beck,Scott Fitzgerald,,-22.453536619855047,-2.0,6.353302332530933,-4.188650190590025,-0.431588513360518,-0.0,0.0,0.0,0.1725000000000001,0.053768735622831236,,,,0.0,-19.19024064442834,-19.186030566776765,-26.51563622536435,-12.00726944683567,0.004
house-wi-6,HOUSE,WI,6,False,standard,Glenn Grothman,R,-1,Brad Smith,Glenn Grothman,,-16.695392066092158,-2.0,5.774922636417382,-2.0680111854344525,-1.1716505488246673,-0.0,0.0,0.0,0.2175,0.2669909742377093,1.0,-27.912497850040804,0.0,0.3020408254594104,-13.415588626141846,-17.727502439264036,-24.099990784988062,-11.39910260691315,0.00295
house-wi-7,HOUSE,WI,7,False,standard,Tom Tiffany,,0,Fred Clark,Michael Alfonso,,-22.842779803336647,1.0,,-1.1224471473670272,-0.3970902842381288,0.0,0.0,0.0,0.0,0.0,,,,0.0,-15.374977935096117,-15.362930861892835,-23.537901545232074,-7.090428208828449,0.0177
house-wi-8,HOUSE,WI,8,False,standard,Tony Wied,R,-1,Rick Crosson,Tony Wied,,-16.463834239873304,-1.0,-1.9298058929247877,-2.559960309870283,-2.1511788740016824,-0.0,0.0,0.0,0.3065,0.558040697637094,,,,0.0,-11.581071602035761,-11.53685533715289,-18.803339489903525,-4.295967077239078,0.0285
house-wv-1,HOUSE,WV,1,False,standard,Carol Miller,R,-1,Vince George,Carol Miller,,-45.19875830196956,-2.0,-1.856375774022489,-2.0061016446065367,-0.00016557574336519375,-0.0,0.0,0.0,-0.0965,-1.725691638557488e-05,,,,0.0,-37.79745693621807,-37.84758960432421,-45.05106523663196,-30.635092024527353,0.00025
house-wv-2,HOUSE,WV,2,False,standard,Riley Moore,R,-1,Ace Parsi,Riley Moore,,-40.383313502646374,-2.0,1.030833813858805,-2.233515423091049,-0.00039338947460846425,-0.0,0.0,0.0,-0.1274999999999999,-4.865596236187624e-05,,,,0.0,-36.32513969552664,-36.36002759625052,-43.67442566041287,-29.116222742952,0.00025
house-wy-al,HOUSE,WY,0,False,standard,Harriet Hageman,,0,Lisa Kinney,Chuck Gray,,-46.95834604821483,0.0,,-3.646279545613131,-7.876407664965012e-05,0.0,0.0,0.0,0.0,0.0,,,,0.0,-39.91962518332004,-39.916427194701484,-48.13519460290623,-31.66217211291925,0.00055
senate-ak,SEN,AK,0,False,rcv_bloc,Dan Sullivan,R,-1,Mary Peltola,Gerald Heikes; Dan J. Sullivan; Dan S. Sullivan,,-13.69312508474994,-1.0,1.4719906238951417,0.3666094504434499,1.1103927299012037,-0.0,0.0,11.31671315632245,0.1394999999999999,0.0,21.0,1.7870629659798387,0.03727753382304164,0.6575053318249086,-6.6670138859656,-1.0889958354610179,-6.262041001631912,4.174584858245024,0.3948
senate-al,SEN,AL,0,False,standard,Tommy Tuberville,R,0,Everett Wess,Barry Moore,,-30.88122385938789,-2.0,,,0.0,-0.0,0.0,0.0,0.0,0.0,2.0,-18.362795332303758,0.13383213835878685,0.6131228774213788,-23.22903250547977,-20.205739186396144,-28.273454516590785,-12.171720766261172,0.00575
senate-ar,SEN,AR,0,False,standard,Tom Cotton,R,-1,Hallie Shoffner,Tom Cotton,,-31.33998647229675,-3.0,,-2.18470237471752,-0.11815148572680735,-0.0,0.0,0.0,0.1705000000000001,0.0,4.0,-8.145154216916625,0.11572375050034427,0.7132154816646502,-25.41936299018503,-13.074012485520285,-20.316811531786918,-5.957069534634285,0.0174
senate-co,SEN,CO,0,False,standard,John Hickenlooper,D,1,John Hickenlooper,Mark Baisley,,11.293083462132921,2.0,-2.9701204541250323,4.59648896867292,0.8957301032335716,0.0,0.0,0.0,-0.0499999999999999,-0.0,,,,0.0,20.748228799438312,20.776029208836462,12.906822407859108,28.772527167903572,0.99495
senate-de,SEN,DE,0,False,standard,Chris Coons,D,1,Chris Coons,Michael Katz,,14.958471282996337,2.0,4.239865462704085,3.88472862417668,0.13789449339370735,0.0,0.0,0.0,0.246,0.0,,,,0.0,25.897695471765964,25.983189689673814,18.05010524403147,33.9182642509589,0.9979
senate-fl-special,SEN,FL,0,True,standard,Ashley Moody,R,-1,Angie Nixon,Ashley Moody,,-13.22213886698459,-2.0,,-3.6522466123839634,-10.002328576493444,-0.0,0.0,0.0,0.0,0.0,10.0,-5.236678660110521,0.07488340062079725,0.8028527527235072,-16.83308256036808,-7.477347490631653,-13.6831917930429,-1.2753243541889243,0.0631
senate-ga,SEN,GA,0,False,standard,Jon Ossoff,D,1,Jon Ossoff,Mike Collins,,-2.2087323027962817,1.0,,2.6013219567470403,8.17879457229452,0.0,0.0,0.0,-0.274,-0.0,17.0,8.808072958286735,0.04306772266908257,0.8352272364549778,15.602352282093674,9.91071098411609,4.085923341799514,15.731088438910474,0.9806
senate-ia,SEN,IA,0,False,standard,Joni Ernst,R,0,Josh Turek,Ashley Hinson,,-13.445597709596235,-1.0,,-0.6741303388997628,-2.5272847723978713,-0.0,0.0,0.0,0.0,0.0,23.0,1.6746045829418854,0.07197703874280846,0.8209144628128313,-7.983664285748609,-0.05364412395055168,-5.9487713831174505,5.969746238071312,0.4954
senate-id,SEN,ID,0,False,same_party,Jim Risch,R,-1,,Jim Risch,R,-37.52184118025308,0.0,-2.4760069518199472,,,,,0.0,-0.3195,,,,,,,,,,0.0
senate-il,SEN,IL,0,False,standard,Dick Durbin,D,0,Juliana Stratton,Don Tracy,,11.135530816543426,2.0,,0.8700654221035241,0.3228535982597146,0.0,0.0,0.0,0.0,0.0,,,,0.0,19.370740911688934,19.3173680975912,6.932754238764362,31.837095220441135,0.9641
senate-ks,SEN,KS,0,False,standard,Roger Marshall,R,-1,Adam Hamilton,Roger Marshall,,-16.411473894550323,-3.0,-4.312270332201006,-0.3633284401757001,-0.9930529488706726,-0.0,0.0,0.0,-0.1134999999999999,-0.0,10.0,1.2812731403670952,0.0846415451551074,0.5719624434592163,-9.669236277369201,-3.4326513131817586,-9.040593467649744,2.293359380635035,0.21705
senate-ky,SEN,KY,0,False,standard,Mitch McConnell,R,0,Charles Booker,Andy Barr,,-31.02814203220417,-1.0,,-2.511890508194776,-0.2600682498319674,-0.0,0.0,15.495409793911385,0.0,0.0,2.0,-10.630815558056629,0.11000007509554059,0.44885346293635003,-23.640289737919044,-17.866286019643013,-27.204528217071815,-8.392330083923873,0.0193
senate-la,SEN,LA,0,False,standard,Bill Cassidy,R,0,Jamie Davis,Julia Letlow,,-22.357020818831867,-2.0,,-1.1327858035556986,-1.2131035401406136,-0.0,0.0,0.0,0.0,0.0,2.0,-7.886471856260173,0.08588336902617333,0.5692830842571264,-15.711396986192435,-11.151287088264198,-19.724257600746707,-2.693567457407349,0.0543
senate-ma,SEN,MA,0,False,standard,Ed Markey,D,1,Ed Markey,John Deaton,,25.910638840838516,3.0,0.5085556465280519,1.8615419235886217,0.0015400094562270255,0.0,-0.0,-10.492920014718209,0.072,0.0,11.0,24.021365007884715,0.19854797450131398,0.45687615701867834,35.244785588011474,30.07750815673181,23.992823916645573,36.229747133761045,0.99975
senate-me,SEN,ME,0,False,standard,Susan Collins,R,-1,Troy Jackson,Susan Collins,,7.08861163994892,-2.0,17.18453938781839,,0.0,-0.0,0.0,0.0,-0.9685,-0.0,19.0,1.5117823446410998,0.04552854667780443,0.6568251195366476,7.957575958363644,3.746394689282786,-1.475779502889271,9.026816459104289,0.82535
senate-mi,SEN,MI,0,False,standard,Gary Peters,D,0,Abdul El-Sayed,Mike Rogers,,-1.4424736578339323,-2.0,,0.2325586573104284,0.7931227265475216,-0.0,0.0,2.7641752741633407,0.0444999999999999,0.0,42.0,3.425554755015657,0.07154848554491867,0.8284444805367157,7.381028383884499,4.1001635504947185,-1.6268422633888033,9.990229104069323,0.82375
senate-mn,SEN,MN,0,False,standard,Tina Smith,D,0,Peggy Flanagan,Michele Tafoya,,4.343404352188957,2.0,,0.2072829546676579,0.3319217997428184,0.0,0.0,0.0,0.0,0.0,11.0,2.1918666750585256,0.10977826604336942,0.7747634519049877,12.671593915107088,4.532711083754506,-1.8594654157776935,10.978176056558382,0.82205
senate-ms,SEN,MS,0,False,standard,Cindy Hyde-Smith,R,-1,Scott Colom,Cindy Hyde-Smith,,-23.145028211183686,-2.0,-7.978080670910353,-0.87337473076951,-0.9636892275044553,-0.0,0.0,0.0,0.1634999999999999,0.0,3.0,-8.575676251692336,0.11995691357942562,0.27299416653158487,-15.312717520623973,-13.429096867085155,-20.488188609467603,-6.500694276373097,0.01375
senate-mt,SEN,MT,0,False,standard,Steve Daines,R,0,Alani Bankhead,Kurt Alme,,-20.5780970401637,0.0,,-3.100094666159993,-4.522962552554485,0.0,0.0,0.0,0.0,0.0,10.0,-24.783659434956427,0.3505089458599765,0.6292940583642977,-17.209368764546024,-21.88420114653534,-29.896622301630675,-13.994486516870166,0.00425
senate-nc,SEN,NC,0,False,standard,Thom Tillis,R,0,Roy Cooper,Michael Whatley,,-3.260680202600806,3.0,,1.130924536490559,4.450617245371987,0.0,0.0,2.8002416298553774,0.0,0.0,40.0,10.198975008038895,0.08959773106161975,0.8137139693509134,9.223850650783277,9.98555286682642,3.928099759845035,16.116614248389897,0.97445
senate-ne,SEN,NE,0,False,independent,Pete Ricketts,R,0,,Pete Ricketts,Dan Osborn,-20.840683303897794,-3.0,,,0.0,-0.0,0.0,0.0,0.0,0.0,12.0,-2.0802455704828087,0.07591211329143113,0.8199552294239495,-2.9536398394340977,-2.2270264389704235,-8.720865582731454,4.374984267071736,0.32775
senate-nh,SEN,NH,0,False,standard,Jeanne Shaheen,D,0,Chris Pappas,John E. Sununu,,2.821214946726764,-1.0,,1.3443960496856378,2.7447627750513655,-0.0,0.0,0.0,0.0,0.0,24.0,6.23132526639774,0.09729407865122372,0.7984974009214358,13.574575527193577,7.694087165151537,1.365539764396528,14.0342224693704,0.9392
senate-nj,SEN,NJ,0,False,standard,Cory Booker,D,1,Cory Booker,Justin Murphy,,6.027747433233515,2.0,1.8359211034842104,6.424778117547163,2.237690788222254,0.0,0.0,0.0,-0.6555,-0.0,,,,0.0,18.432782087497607,18.471316922306833,10.621590929009823,26.32507560316441,0.9924
senate-nm,SEN,NM,0,False,standard,Ben Ray Luján,D,1,Ben Ray Luján,Larry Marker,,6.141812228647307,3.0,,4.998948239051213,2.4859207854151077,0.0,0.0,0.0,0.032,0.0,1.0,15.589230364855247,0.09,0.5845152894525205,18.206365133500153,16.770326805057586,8.394355716343114,25.150891685519856,0.9854
senate-oh-special,SEN,OH,0,True,standard,Jon Husted,R,-1,Sherrod Brown,Jon Husted,,-11.313229427274072,0.0,,0.9874911283901482,3.851752179267552,0.0,0.0,3.135714439187865,-0.0179999999999999,-0.0,29.0,3.7368193327122956,0.08518676193303286,0.8115866186067681,-1.0537670165449249,2.8731018670493578,-3.145513856087115,9.003787140912895,0.73475
senate-ok,SEN,OK,0,False,standard,Alan Armstrong,R,0,N'Kiyla Jasmine Thomas,Kevin Hern,,-34.94008381234161,-2.0,,-4.733979580565153,-0.0748387111510158,-0.0,0.0,0.0,0.0,0.0,1.0,-24.079573525716484,0.26,0.4021808871952179,-27.489678868449666,-26.15642293827719,-35.9187957347627,-16.426633841414546,0.0054
senate-or,SEN,OR,0,False,standard,Jeff Merkley,D,1,Jeff Merkley,David Brock Smith,,14.866116069775194,2.0,3.023806470271399,4.401444948859762,0.1634504287566951,0.0,0.0,0.0,-0.2629999999999999,-0.0,,,,0.0,25.443567838269658,25.433815542544068,17.527577122207525,33.18786335867028,0.99785
senate-ri,SEN,RI,0,False,standard,Jack Reed,D,1,Jack Reed,Raymond McKay,,14.162406267890672,2.0,13.344478460004396,3.4593541539465287,0.06229379020623253,0.0,0.0,0.0,0.3065,0.0,4.0,19.1171452031891,0.14868028055190596,0.4473128331772856,27.954831319936073,24.03194128664947,17.92359887373049,30.194546610318003,0.9994
senate-sc,SEN,SC,0,False,standard,Darline Graham,R,-1,Annie Andrews,Darline Graham,,-18.123365227038146,-3.0,-2.800733662357596,3.371677357151427,6.064370193309224,-0.0,0.0,0.0,0.0,0.0,9.0,-0.5002610198991178,0.10979626391426564,0.5331291464250439,-4.831269348023371,-2.49024264188136,-8.443008705442017,3.2739929400609875,0.2876
senate-sd,SEN,SD,0,False,same_party,Mike Rounds,R,-1,,Mike Rounds,R,-29.890199073853058,0.0,3.237586778515133,,,,,0.0,-0.1885000000000001,,,,,,,,,,0.0
senate-tn,SEN,TN,0,False,standard,Bill Hagerty,R,-1,Marquita Bradshaw,Bill Hagerty,,-30.121099654993333,-3.0,2.751456219205909,-6.430701456889573,-0.18482279163078774,-0.0,0.0,-2.751456219205909,0.1665000000000001,0.0,1.0,-20.22895300189854,0.18,0.29027144936858396,-25.11248821797483,-23.704382177814345,-30.471462274012502,-16.684662175827913,0.0013
senate-tx,SEN,TX,0,False,standard,John Cornyn,R,0,James Talarico,Ken Paxton,,-13.878067801618457,-1.0,,2.00170832364325,7.2503518657300345,-0.0,0.0,0.0,0.0,0.0,44.0,2.8670672378028157,0.06172444906227115,0.8360696724232622,1.3571564606189657,2.6203927736399724,-3.2586416311801467,8.474419940010776,0.71755
senate-va,SEN,VA,0,False,standard,Mark Warner,D,1,Mark Warner,Bert Mizusawa,,5.891296826702209,3.0,3.1498030586139123,4.179985577981367,2.097353661035275,0.0,0.0,0.0,0.211,0.0,2.0,17.56959094995749,0.1692373502309966,0.2785688363372613,18.577874921369833,18.288046091619357,11.42164373088748,25.283275731148464,0.99575
senate-wv,SEN,WV,0,False,standard,Shelley Moore Capito,R,-1,Rachel Fetty Anderson,Shelley Moore Capito,,-42.687784560047604,-2.0,3.5317300493123085,-4.71739321730529,-0.0005531068979079537,-0.0,0.0,0.0,-0.3605,-0.0,,,,0.0,-38.187712150376,-38.24155699177852,-46.05309403799103,-30.28816223492747,0.00075
senate-wy,SEN,WY,0,False,standard,Cynthia Lummis,R,0,James W. Byrd,Harriet Hageman,,-46.95834604821483,-1.0,,-4.268705561410005,-0.00021613237680633126,-0.0,-0.0,-0.24938302490707986,0.0,0.0,,,,0.0,-39.919762553210965,-39.88526380126423,-52.29755832352195,-27.673252692175694,0.0039
