race_id,office,state_po,district,special,race_type,incumbent,incumbent_party,inc_side,dem_candidate,rep_candidate,race_note,pres24,quality_diff,prior_edge,money_log_ratio,money_adj,quality_adj,challenger_adj,chal_rec,ideology_gap,ideology_adj,poll_count,poll_avg,poll_undecided,poll_weight,fundamentals_mean,margin_median,margin_p10,margin_p90,p_dem
governor-ak,GOV,AK,0,False,rcv_bloc,Mike Dunleavy,R,0,Jonathan Kreiss-Tomkins,Dave Bronson; Treg Taylor; Bernadette Wilson,,-13.69312508474994,-1.0,,,0.0,-2.160298537741655,0.0,0.0,0.0,0.0,3.0,5.611876504905719,0.09923362099745575,0.5739568148066521,-7.827111596983299,-0.06459815085202414,-6.8520386710148955,6.851002128323761,0.49425
governor-al,GOV,AL,0,False,standard,Kay Ivey,R,0,Doug Jones,Tommy Tuberville,,-30.88122385938789,0.0,,,0.0,0.0,0.0,13.586294974684805,0.0,0.0,3.0,-10.630817725852596,0.12856294835408208,0.43921304046011506,-23.190759174920224,-17.565361286908995,-25.35858491902283,-9.71295455537708,0.009
governor-ar,GOV,AR,0,False,standard,Sarah Huckabee Sanders,R,-1,Fredrick Love,Sarah Huckabee Sanders,,-31.33998647229675,-2.0,-7.430304736258474,,0.0,-0.07383712236796684,0.0,0.0,0.0,0.0,1.0,-7.74497204002561,0.15,0.6263726009116201,-24.93525575564372,-14.165314480569435,-23.364876823568995,-4.818886632725285,0.0375
governor-az,GOV,AZ,0,False,standard,Katie Hobbs,D,1,Katie Hobbs,Andy Biggs,,-5.588317921733368,1.0,7.601347123459197,,0.0,0.33285564253033795,0.0,0.0,0.0,0.0,20.0,7.292022631996194,0.14740224881522537,0.8174923041959558,17.694737318090546,9.24906113174901,2.440274635406566,16.118436419669443,0.95265
governor-ca,GOV,CA,0,False,standard,Gavin Newsom,D,0,Xavier Becerra,Steve Hilton,,20.80028514359668,2.0,,,0.0,0.018793905048312808,0.0,0.0,0.0,0.0,7.0,21.59508823772235,0.08737891453695446,0.7179163128480667,28.569266975327196,23.628624713994384,17.7933626676802,29.434849806232464,0.9996
governor-co,GOV,CO,0,False,standard,Jared Polis,D,0,Phil Weiser,Victor Marx,,11.293083462132921,2.0,,,0.0,0.4128443069396332,0.0,0.0,0.0,0.0,,,,0.0,19.654363258614687,19.64681687827281,9.934671062326347,29.564598747893964,0.98465
governor-ct,GOV,CT,0,False,standard,Ned Lamont,D,1,Ned Lamont,Ryan Fazio,,14.756464972518335,2.0,-0.0579333049323143,,0.0,0.008270440353939252,0.0,0.0,0.0,0.0,7.0,14.423634076366726,0.10115866839901562,0.8381109472887879,30.55873971335846,17.082759538829446,10.506037258434008,23.56551082872634,0.9957
governor-fl,GOV,FL,0,False,standard,Ron DeSantis,R,0,David Jolly,Byron Donalds,,-13.22213886698459,0.0,,,0.0,0.0,0.0,0.0,0.0,0.0,23.0,-3.1408292928085584,0.09249457688771537,0.7146782676558616,-5.191185661060019,-3.7177604561035453,-9.644554477014829,2.2441140999495053,0.21055
governor-ga,GOV,GA,0,False,standard,Brian Kemp,R,0,Keisha Lance Bottoms,Rick Jackson,,-2.2087323027962817,2.0,,,0.0,4.253236161453927,0.0,0.0,0.0,0.0,11.0,-1.4784666932222905,0.06259698046484352,0.7469440566377865,10.116299245845763,1.428605105887548,-4.219201669630601,7.138989354256714,0.63035
governor-hi,GOV,HI,0,False,standard,Josh Green,D,1,Josh Green,Gary Cordery,,23.560651661222998,3.0,3.649681188688071,,0.0,2.8604745959499665e-05,0.0,0.0,0.0,0.0,,,,0.0,42.51764241483567,42.52016338324415,27.950617089087423,56.84454847618915,0.99505
governor-ia,GOV,IA,0,False,standard,Kim Reynolds,R,0,Rob Sand,Zach Lahn,,-13.445597709596235,2.0,,,0.0,4.404539629541253,0.0,0.0,0.0,0.0,17.0,8.953093781434916,0.058408439360794484,0.7542634332954403,-1.0122769924678807,6.545639334080256,0.8963354647429985,12.133835735996868,0.92925
governor-id,GOV,ID,0,False,standard,Brad Little,R,-1,Terri Pickens,Brad Little,,-37.52184118025308,-3.0,10.683178915651183,,0.0,-1.0897013676720843e-06,0.0,0.0,0.0,0.0,2.0,-11.490154688939798,0.3454179485475144,0.5795769729723831,-47.73145628142508,-26.700077469231502,-36.54470505615144,-16.958007564228065,0.00535
governor-il,GOV,IL,0,False,standard,JB Pritzker,D,1,JB Pritzker,Darren Bailey,,11.135530816543426,2.0,2.843788380954962,,0.0,0.012128853264761801,-0.0,-1.6562116190450382,0.0,0.0,1.0,20.987589524970126,0.12,0.01759747199229955,29.646461229249905,29.58885024287405,15.188493240489404,44.114415589403386,0.98375
governor-ks,GOV,KS,0,False,standard,Laura Kelly,D,0,Cindy Holscher,Ty Masterson,,-16.411473894550323,0.0,,,0.0,0.0,0.0,0.0,0.0,0.0,6.0,-4.43612299458632,0.04731666189566047,0.7084922607424152,-8.416644949552767,-5.540617463667904,-11.479882759228495,0.3562854552380504,0.11345
governor-ma,GOV,MA,0,False,standard,Maura Healey,D,1,Maura Healey,Mike Minogue,,25.910638840838516,3.0,2.68716674221502,,0.0,1.2308521940535293e-05,0.0,0.0,0.0,0.0,10.0,19.580367706486037,0.14335968260357382,0.8004607530827914,43.9224429895784,24.47630598590684,17.41657415328278,31.643132455556465,0.999
governor-md,GOV,MD,0,False,standard,Wes Moore,D,1,Wes Moore,Dan Cox,,29.509514054361844,2.0,6.797289058340606,,0.0,6.971015433680936e-08,0.0,6.797289058340606,0.0,0.0,1.0,22.280514999104675,0.10999999999999999,0.4832185479829512,51.14495003325326,37.147235547130975,26.66811737109764,47.62695532057848,0.9977
governor-me,GOV,ME,0,False,standard,Janet Mills,D,0,Hannah Pingree,Robert B. Charles,,7.08861163994892,1.0,,,0.0,0.5547558532025441,0.0,0.0,0.0,0.0,12.0,11.226231157682978,0.10724161386617315,0.7162521415431284,15.650350152226782,12.467976619435127,6.576985868352869,18.41156367738265,0.99255
governor-mi,GOV,MI,0,False,standard,Gretchen Whitmer,D,0,Jocelyn Benson,John James,,-1.4424736578339323,0.0,,,0.0,0.0,-0.0,-5.146484989306387,0.0,0.0,34.0,8.121985237636475,0.08690924066701207,0.7479813569252978,6.62738304565587,7.764220608042587,2.158880894628708,13.267559695084405,0.958
governor-mn,GOV,MN,0,False,standard,Tim Walz,D,0,Amy Klobuchar,Lisa Demuth,,4.343404352188957,2.0,,,0.0,1.863137563131664,0.0,7.4622921755249205,0.0,0.0,7.0,7.251174028899689,0.10359988051730719,0.6536657592661084,14.241979658190118,9.66829066230776,3.3877615122452944,15.968662816671808,0.97025
governor-ne,GOV,NE,0,False,standard,Jim Pillen,R,-1,Lynne Walz,Jim Pillen,,-20.840683303897794,-2.0,-2.508114974921277,,0.0,-0.48966099933140833,0.0,0.0,0.0,0.0,9.0,-6.437736472630348,0.1877853470882893,0.7437593342830355,-19.08168865455847,-9.569030359102392,-17.393132595837432,-1.9289889155341962,0.0607
governor-nh,GOV,NH,0,False,standard,Kelly Ayotte,R,-1,Cinde Warmington,Kelly Ayotte,,2.821214946726764,-2.0,11.35055113147892,,0.0,-3.6842645267109657,0.0,0.0,0.0,0.0,9.0,-9.876206227439882,0.09885059605112184,0.8468650415515148,-11.10418614559775,-10.035705446950775,-16.438593195053752,-3.624680617496303,0.02905
governor-nm,GOV,NM,0,False,standard,Michelle Lujan Grisham,D,0,Deb Haaland,Gregg Hull,,6.141812228647307,0.0,,,0.0,0.0,0.0,0.0,0.0,0.0,3.0,9.153883132045813,0.148178096020034,0.4956275793546713,14.159484714444854,11.707752490738788,4.435338348923053,19.000794369004193,0.9725
governor-nv,GOV,NV,0,False,standard,Joe Lombardo,R,-1,Aaron Ford,Joe Lombardo,,-3.1590179085170167,-1.0,-3.307901712140107,,0.0,-2.6999763914431947,0.0,0.0,0.0,0.0,12.0,1.7661054139294652,0.12939564488314845,0.7731941476767293,-2.7354605926385767,0.7455668643689033,-6.74536069595024,8.113494488517134,0.55355
governor-ny,GOV,NY,0,False,standard,Kathy Hochul,D,1,Kathy Hochul,Bruce Blakeman,,12.689486117138935,2.0,-9.718659304306652,,0.0,0.3616685056026534,0.0,0.0,0.0,0.0,23.0,14.168987980828108,0.06757444215828051,0.8692151413987842,20.092187215779088,14.906694811290262,8.81113087691107,20.997190985851407,0.9969
governor-oh,GOV,OH,0,False,standard,Mike DeWine,R,0,Amy Acton,Vivek Ramaswamy,,-11.313229427274072,0.0,,,0.0,0.0,0.0,0.0,0.0,0.0,23.0,3.7153157247186592,0.06611214686540232,0.7361927037100663,-3.265915526095403,1.9056654289447117,-3.7295376242807463,7.494274210309737,0.671
governor-ok,GOV,OK,0,False,standard,Kevin Stitt,R,0,Cyndi Munson,Mike Mazzei,,-34.94008381234161,0.0,,,0.0,0.0,0.0,0.0,0.0,0.0,,,,0.0,-27.377122009920708,-27.273144307834965,-37.013396432474096,-17.40951796629289,0.00555
governor-or,GOV,OR,0,False,standard,Tina Kotek,D,1,Tina Kotek,Christine Drazan,,14.866116069775194,2.0,-5.546544107267179,,0.0,0.05572878697592,-0.0,-5.546544107267179,0.0,0.0,5.0,-0.1124937632901064,0.0834141858032081,0.7755481807108184,25.71906187546201,5.6864796410936655,-1.7200269794555811,13.217826355035411,0.84265
governor-pa,GOV,PA,0,False,standard,Josh Shapiro,D,1,Josh Shapiro,Stacy Garrity,,-1.7263846921271542,1.0,21.207883058742727,,0.0,0.0010612034881711339,0.0,0.0,0.0,0.0,17.0,23.337384888017162,0.11466909898903004,0.8401576896336066,33.60449693149438,25.002461711834258,18.444457081898697,31.471461503978222,0.9991
governor-ri,GOV,RI,0,False,standard,Dan McKee,D,0,Helena Foulkes,Aaron Guckian,,14.162406267890672,0.0,,,0.0,0.0,0.0,0.0,0.0,0.0,4.0,24.21542967732802,0.3930812701517781,0.4344226451725824,22.06057544537778,23.11372616160799,15.43368519847876,30.741839723687413,0.99745
governor-sc,GOV,SC,0,False,standard,Henry McMaster,R,0,Jermaine Johnson,Alan Wilson,,-18.123365227038146,-1.0,,,0.0,-1.319782493259944,0.0,0.0,0.0,0.0,2.0,-12.495951156103335,0.10058723250429853,0.3832321363323569,-11.472270622111626,-11.936917560873589,-19.713401019790982,-3.9031088470777404,0.0363
governor-sd,GOV,SD,0,False,standard,Larry Rhoden,R,-1,Dan Ahlers,Larry Rhoden,,-29.890199073853058,-2.0,,,0.0,-0.009867711769618922,0.0,2.1624132214848673,0.0,0.0,,,,0.0,-30.14130675769112,-30.030015992436677,-39.97707611592915,-20.42140313994879,0.0029
governor-tn,GOV,TN,0,False,standard,Bill Lee,R,0,Jerri Green,Marsha Blackburn,,-30.121099654993333,-2.0,,,0.0,-0.16516767212245587,0.0,6.239376092885431,0.0,0.0,4.0,-13.714444791239767,0.19979073462888897,0.42423547468893513,-22.574000830328163,-18.801473540212818,-26.59228325596806,-11.09262994405481,0.007
governor-tx,GOV,TX,0,False,standard,Greg Abbott,R,-1,Gina Hinojosa,Greg Abbott,,-13.878067801618457,-2.0,-1.932886592561596,,0.0,-1.9684740766890216,0.0,0.0,0.0,0.0,40.0,-2.782898345096023,0.052351619440870086,0.89709308445938,-14.023191076710162,-3.9429600859238167,-9.562505580331502,1.6465974195141206,0.1833
governor-vt,GOV,VT,0,False,standard,Phil Scott,R,-1,Amanda Janoo,Phil Scott,,32.77043577168019,-3.0,86.00196335393109,,0.0,-3.1998532266981504e-06,0.0,0.0,0.0,0.0,4.0,-3.4665796427724787,0.15049915872872804,0.7704761786355327,-46.07792452413372,-13.302417886646001,-20.972250965799724,-5.791457446501658,0.02095
governor-wi,GOV,WI,0,False,standard,Tony Evers,D,0,David Crowley,Tom Tiffany,,-0.8733887823450505,-1.0,,,0.0,-1.8847375645422038,0.0,0.0,0.0,0.0,7.0,2.6124029278738794,0.061221053161191516,0.6930925229201634,5.309892281353082,3.402029878841314,-2.6547268683880993,9.442794589600789,0.77095
governor-wy,GOV,WY,0,False,standard,Mark Gordon,R,0,Kenneth Casner,Eric Barlow,,-46.95834604821483,-1.0,,,0.0,-4.3032801019976366e-05,0.0,0.0,0.0,0.0,,,,0.0,-39.88411448493276,-39.90198204618339,-49.57746513227141,-30.097433472096963,0.0011
house-ak-al,HOUSE,AK,0,False,independent,Nick Begich III,R,-1,Eric Hafner,Nick Begich III,Bill Hill,-13.69312508474994,0.0,-12.770549517046897,,0.0,0.0,0.0,0.0,0.0,0.0,11.0,-8.926376882849922,0.03481409227758188,0.5885400390950717,-1.003833291809108,-5.682057475261617,-11.569289786786287,0.24445406298304018,0.1097
house-al-1,HOUSE,AL,1,False,standard,None (new seat),,0,Clyde Jones Jr.,Jerry Carl,,-36.345566221179666,-2.0,,-2.431121173534253,-0.012710711708944541,-0.0,0.0,0.0,0.1735,0.001965417614145954,,,,0.0,-28.841869805804652,-28.716045262189628,-36.883202221358665,-20.467078353820423,0.0018
house-al-2,HOUSE,AL,2,False,standard,Shomari Figures,D,1,Shomari Figures,Rhett Marques,,-14.464028814208385,1.0,1.1475379080899204,0.2395606374046885,0.38060970129067007,0.0,0.0,0.0,0.011,0.03786597823012569,3.0,-3.7535958537843395,0.0649090290969521,0.4032057241820186,-2.4168253847676975,-2.9207921684364155,-8.83908663478233,3.0928034499592516,0.2628
house-al-3,HOUSE,AL,3,False,standard,Mike Rogers,R,-1,Lee McInnis,Mike Rogers,,-47.07264752025102,-2.0,,-3.902197354795428,-2.0187054102761654e-05,-0.0,0.0,0.0,-0.3685,-5.372560148848872e-06,,,,0.0,-42.30385538980861,-42.267670773905934,-49.56860244689937,-35.02203979134282,0.00025
house-al-4,HOUSE,AL,4,False,standard,Robert Aderholt,R,-1,Amanda Pusczek,Robert Aderholt,,-66.92238927771601,-2.0,,-4.105521583157128,-4.008438187889648e-12,-0.0,0.0,0.0,-0.1915,-5.54389270486182e-13,,,,0.0,-63.339116458257045,-63.32914119456969,-70.519038627907,-56.04797013041442,0.0
house-al-5,HOUSE,AL,5,False,standard,Dale Strong,R,-1,Andrew Sneed,Dale Strong,,-29.494479149858233,-2.0,,-1.1794377138850516,-0.03552295248967836,-0.0,0.0,0.0,-0.2285,-0.014911191596969412,,,,0.0,-24.11457198404166,-24.14739303073148,-31.37308559508206,-16.810552040560015,0.00145
house-al-6,HOUSE,AL,6,False,standard,Gary Palmer,R,-1,Maurice Mercer,Gary Palmer,,-34.997225548319264,-1.0,1.069753467649206,-3.728361892596589,-0.01610835113889467,-0.0,0.0,0.0,0.1385,0.0016112825680877697,,,,0.0,-28.779034032961523,-28.75975788499919,-35.9958611066636,-21.53300243400824,0.00085
house-al-7,HOUSE,AL,7,False,standard,Terri Sewell,D,1,Terri Sewell,Ammie Akin,,17.94825384375597,2.0,3.2814848729842767,3.477072922003848,0.019014051415984647,0.0,0.0,0.0,0.396,0.005438018704971609,,,,0.0,28.370837508319603,28.469944711088942,21.15438145007845,35.74965144666715,0.999
house-ar-1,HOUSE,AR,1,False,standard,Rick Crawford,R,-1,Terri Green,Rick Crawford,,-46.175871865422906,-2.0,,-3.077293238149337,-3.483879930200206e-05,-0.0,0.0,0.0,-0.1815,-4.5667859418374375e-06,,,,0.0,-41.36469379877315,-41.44366316013759,-48.76085476758668,-34.16900121903949,0.0001
house-ar-2,HOUSE,AR,2,False,standard,French Hill,R,-1,Chris Jones,French Hill,,-15.914419225205982,-2.0,,-1.6006980168392992,-1.338106089174205,-0.0,0.0,0.0,-0.2915,-0.5279731062721249,2.0,1.083095657538054,0.08009456531440119,0.3968392922297508,-11.891490956436568,-6.781363510596586,-12.789251075332572,-0.7251275519087773,0.0784
house-ar-3,HOUSE,AR,3,False,standard,Steve Womack,R,-1,Robb Ryerse,Steve Womack,,-25.590736769421778,-2.0,7.803256216161354,-3.2514994389466443,-0.1368051473062245,-0.0,0.0,0.0,-0.2845,-0.028109657628448408,,,,0.0,-22.954187218312338,-22.970252183146616,-30.278191483474615,-15.631148116284821,0.0023
house-ar-4,HOUSE,AR,4,False,standard,Bruce Westerman,R,-1,James Russell,Bruce Westerman,,-40.66097964677422,-2.0,5.038389015066705,-5.377559988629998,-0.00041067884171932205,-0.0,0.0,0.0,-0.2455,-7.281564018595647e-05,,,,0.0,-36.82133546553998,-36.80876467009147,-44.15837840856618,-29.656422631592754,0.00045
house-az-1,HOUSE,AZ,1,False,standard,David Schweikert,,0,Amish Shah,Jay Feely,,-3.136835928138348,1.0,,-0.2158783661301358,-0.2729656579082085,0.0,0.0,0.0,-0.124,-0.33971339851841914,,,,0.0,5.784153129464341,5.802948579803743,-2.4411086262066317,14.12885825333689,0.82455
house-az-2,HOUSE,AZ,2,False,standard,Eli Crane,R,-1,Jonathan Nez,Eli Crane,,-15.120247407676915,-2.0,-6.280610068917462,-1.0425379600417812,-1.5530908405334078,-0.0,0.0,0.0,0.1675000000000002,0.540644631159836,3.0,-5.457059415170626,0.08009948698045151,0.38570258094442555,-5.1729146353746,-5.297034628050151,-11.231089719556877,0.8368510802495672,0.1309
house-az-3,HOUSE,AZ,3,False,same_party,Yassamin Ansari,D,1,Yassamin Ansari,,D,40.30739381027563,0.0,5.305098033369839,,,,,0.0,0.431,,,,,,,,,,1.0
house-az-4,HOUSE,AZ,4,False,standard,Greg Stanton,D,1,Greg Stanton,Zuhdi Jasser,,6.762673080066313,2.0,0.7821639108612466,1.6958555434852682,0.4106154681752124,0.0,0.0,0.0,0.0755000000000001,0.03960823624415748,,,,0.0,17.15170306296787,17.186875312295676,9.92825830975602,24.481646847491646,0.99265
house-az-5,HOUSE,AZ,5,False,standard,Andy Biggs,,0,Elizabeth Lee,Mark Lamb,,-20.192893032045866,-1.0,,-1.946264841600863,-1.1611974165453687,-0.0,0.0,0.0,0.0,0.0,,,,0.0,-13.370890100302978,-13.319222985511264,-21.59165982567637,-5.1278066029887786,0.02845
house-az-6,HOUSE,AZ,6,False,standard,Juan Ciscomani,R,-1,JoAnna Mendoza,Juan Ciscomani,,-0.7577863175811479,0.0,1.6926229756400386,0.0835124495755585,0.09856270030809348,0.0,0.0,0.0,-0.0854999999999999,-0.21863494993706978,3.0,-3.0731939276881213,0.08010862580964025,0.2906283711701246,7.010559727631556,4.124694379216476,-2.1398974797179173,10.607768428208074,0.80765
house-az-7,HOUSE,AZ,7,False,standard,Adelita Grijalva,D,1,Adelita Grijalva,Daniel Butierez,,22.388102593577123,2.0,,2.5027491242181448,0.0028671486350896115,0.0,0.0,0.0,0.4515,0.0011206829023075273,,,,0.0,32.40536740396207,32.497671495318315,25.26666667029822,39.67091114425393,0.9995
house-az-8,HOUSE,AZ,8,False,standard,Abraham Hamadeh,R,-1,Bernadette Greene-Placentia,Abraham Hamadeh,,-16.479945618728582,-2.0,-3.602494534275597,-1.8431457459795928,-1.7542740474549863,-0.0,0.0,0.0,0.2655000000000002,0.5475129397659988,,,,0.0,-10.252345082019254,-10.242962862085133,-17.44982517974152,-2.810342260128738,0.0443
house-az-9,HOUSE,AZ,9,False,standard,Paul Gosar,R,-1,Dani Sterbinsky,Paul Gosar,,-31.342610456055603,-2.0,-0.8711098394813428,-0.6194512817681341,-0.019533460731308294,-0.0,0.0,0.0,0.2555,0.017456414445229874,,,,0.0,-23.928460904056774,-23.98509755109194,-31.303893518875903,-16.7142066925065,0.0015
house-ca-1,HOUSE,CA,1,False,standard,James Gallagher,R,-1,Mike McGuire,James Gallagher,,12.629463408737175,0.0,,-0.3709752082628805,-0.05847809306947591,0.0,0.0,0.0,0.0,0.0,,,,0.0,18.400770605564226,18.427281191614355,11.178126334425325,25.605092143541164,0.9949
house-ca-2,HOUSE,CA,2,False,standard,Jared Huffman,D,1,Jared Huffman,Robin Littau,,25.44160337217163,0.0,-2.8993666984930675,,0.0,0.0,0.0,0.0,-0.1869999999999999,-0.0005060629680982032,,,,0.0,32.20823269098527,32.27588104873034,25.00943363567392,39.45817356633004,0.99955
house-ca-3,HOUSE,CA,3,False,standard,Ami Bera,D,1,Ami Bera,Robb Tucker,,10.524576177817453,0.0,1.0762642409394418,2.4227575970708752,0.24133169980195565,0.0,0.0,0.0,0.01,0.0021582239601810544,,,,0.0,20.413784194876474,20.392396491105963,13.148798171937132,27.65602990469353,0.99665
house-ca-4,HOUSE,CA,4,False,same_party,Mike Thompson,D,1,Eric Jones; Mike Thompson,,D,14.94839647088782,0.0,0.8037552636300811,,,,,0.0,0.0,,,,,,,,,,1.0
house-ca-5,HOUSE,CA,5,False,standard,Tom McClintock,R,-1,Michael Masuda,Tom McClintock,,-21.235866123925824,0.0,5.252533776953697,-1.116225321104394,-0.25712041562655735,0.0,0.0,0.0,0.0055,0.0027449818851850933,,,,0.0,-17.169512173767785,-17.144605032379836,-24.394954636391855,-9.831693281416685,0.00705
house-ca-6,HOUSE,CA,6,False,independent,Kevin Kiley,,0,Richard Pan,,Kevin Kiley,8.682513359130274,0.0,,,0.0,0.0,0.0,0.0,0.0,0.0,1.0,2.3140874153470525,0.26,0.3763481953708774,17.201275107823392,11.61817201525167,4.0869954819207575,19.319787788435963,0.96765
house-ca-7,HOUSE,CA,7,False,same_party,Doris Matsui,D,1,Doris Matsui; Mai Vang,,D,13.242240467285542,0.0,2.7128337879861144,,,,,0.0,0.0,,,,,,,,,,1.0
house-ca-8,HOUSE,CA,8,False,standard,John Garamendi,D,1,John Garamendi,Rudy Recile,,35.16151506846601,0.0,3.08075322027645,3.0503884841823927,4.2499458078360296e-06,0.0,0.0,0.0,0.5535000000000001,1.6989158366824534e-06,,,,0.0,44.87745572927753,44.918086913014065,37.5982831885778,52.07963059599751,0.9999
house-ca-9,HOUSE,CA,9,False,standard,Josh Harder,D,1,Josh Harder,John McBride,,11.79306950489872,0.0,5.563804813366509,4.670436788171247,0.09898415299481356,0.0,0.0,0.0,0.0845,0.006040782892489039,,,,0.0,23.89470819583064,23.943440789892854,16.664960877836116,31.1652993647892,0.99855
house-ca-10,HOUSE,CA,10,False,standard,Mark DeSaulnier,D,1,Mark DeSaulnier,Jeff Frese,,34.70519851744464,0.0,-1.9187440809793437,,0.0,0.0,0.0,0.0,-0.0499999999999999,-1.0431971921405848e-06,,,,0.0,41.68937327863171,41.76020996621318,34.50889460869776,49.02052736284813,0.9998
house-ca-11,HOUSE,CA,11,False,same_party,Nancy Pelosi,,0,Connie Chan; Scott Wiener,,D,70.62364833844883,0.0,,,,,,0.0,0.0,,,,,,,,,,1.0
house-ca-12,HOUSE,CA,12,False,same_party,Lateefah Simon,D,1,Jamie Joyce; Lateefah Simon,,D,77.64166603414307,0.0,,,,,,0.0,-0.134,,,,,,,,,,1.0
house-ca-13,HOUSE,CA,13,False,standard,Adam Gray,D,1,Adam Gray,Kevin Lincoln,,0.38467032128098666,0.0,5.756796081624154,0.8043669081225392,0.24074009552173217,0.0,0.0,0.0,-0.0225,-0.014590455597032767,,,,0.0,15.987460559681468,15.978214076637219,8.63729433496741,23.274211516680154,0.9913
house-ca-14,HOUSE,CA,14,False,same_party,Aisha Wahab,D,1,Melissa Hernandez; Aisha Wahab,,D,36.20284739037839,0.0,,,,,,0.0,-0.244,,,,,,,,,,1.0
house-ca-15,HOUSE,CA,15,False,standard,Kevin Mullin,D,1,Kevin Mullin,Charles Hoelter,,49.63592027213561,0.0,-3.3193008313935186,3.630480023472267,3.3584379476465855e-09,0.0,0.0,0.0,-0.008,-1.940430814195805e-11,,,,0.0,55.159806173727425,55.13319570590147,48.065382201900405,62.27643218645288,0.9999
house-ca-16,HOUSE,CA,16,False,standard,Sam Liccardo,D,1,Sam Liccardo,Peter Soulé,,49.88409390678165,0.0,,4.988528402051517,1.9141785351801404e-10,0.0,0.0,0.0,0.155,2.142816526882213e-11,,,,0.0,58.780366246499085,58.7813446232055,51.63584928234495,66.03546758546479,1.0
house-ca-17,HOUSE,CA,17,False,standard,Ro Khanna,D,1,Ro Khanna,Ritesh Tandon,,40.74153179236477,0.0,-4.232284072178678,5.981583956134133,1.8416925763217688e-06,0.0,0.0,0.0,-1.6015,-2.1301732551517256e-06,,,,0.0,46.19958144389057,46.24889709765887,39.01004449569061,53.52315155480727,0.99985
house-ca-18,HOUSE,CA,18,False,standard,Zoe Lofgren,D,1,Zoe Lofgren,Shane Lewis,,29.36942888310379,0.0,-1.068018686251352,2.7497850186687383,0.0003404422502809459,0.0,0.0,0.0,-0.14,-3.755474769268162e-05,,,,0.0,37.01710646386697,37.067888100805824,29.70192341746568,44.317770056464326,0.99955
house-ca-19,HOUSE,CA,19,False,standard,Jimmy Panetta,D,1,Jimmy Panetta,Peter Coe Verbica,,35.65620730686175,0.0,3.030690413099209,4.191912414695078,3.211109403821309e-06,0.0,0.0,0.0,0.492,1.1410142081578385e-06,,,,0.0,45.324911656699925,45.38890512530834,38.24792859229504,52.431974210612346,0.9998
house-ca-20,HOUSE,CA,20,False,standard,Vince Fong,R,-1,Sandra Van Scotter,Vince Fong,,-32.974775522914825,0.0,,-4.1835615831780615,-0.02495001626540339,0.0,0.0,0.0,-0.2704999999999999,-0.0048742628998494995,,,,0.0,-27.677488045214808,-27.63520122203693,-34.88190333900079,-20.370718553446974,0.00095
house-ca-21,HOUSE,CA,21,False,standard,Jim Costa,D,1,Jim Costa,Kyle Kirkland,,6.132521905498509,0.0,1.3700734439778768,1.4853933604826512,0.37835571041113536,0.0,0.0,0.0,0.679,0.37473192226938723,,,,0.0,17.234614365584914,17.27739691233795,10.09791103468481,24.59875554886273,0.9932
house-ca-22,HOUSE,CA,22,False,standard,David Valadao,R,-1,Randy Villegas,David Valadao,,-1.904550659129194,0.0,0.7632872083505973,-0.6509405274397485,-0.8151905936867988,0.0,0.0,0.0,-0.1845000000000001,-0.5006178384805837,1.0,0.8105166977079923,0.08000000000000002,0.3246117325825401,5.188480851801246,3.799883245253106,-2.5231359746571127,10.058331391626302,0.78235
house-ca-23,HOUSE,CA,23,False,standard,Jay Obernolte,R,-1,Tessa Lynn Hodge,Jay Obernolte,,-19.916752765341304,0.0,2.791437038838988,-3.241198290602025,-1.2426946387407467,0.0,0.0,0.0,-0.3105,-0.2786742727376124,,,,0.0,-15.720588991573488,-15.698877659541541,-22.91060194242189,-8.487375697749723,0.01045
house-ca-24,HOUSE,CA,24,False,standard,Salud Carbajal,D,1,Salud Carbajal,Bob Smith,,25.739617194559514,0.0,-0.3084910688449218,2.9525586745494854,0.0016786330116164408,0.0,0.0,0.0,-0.0509999999999999,-6.282311995439653e-05,,,,0.0,33.92415649762442,33.97013162079288,26.77273375803411,41.20775147569666,0.99905
house-ca-25,HOUSE,CA,25,False,standard,Raul Ruiz,D,1,Raul Ruiz,Joe Males,,5.945627014024418,0.0,10.070900393897332,1.4155785256537825,0.10783305814534845,0.0,0.0,0.0,0.033,0.0054465813924603965,,,,0.0,21.2193083093702,21.258012367359743,14.005922571510034,28.582277800550155,0.99645
house-ca-26,HOUSE,CA,26,False,standard,Julia Brownley,,0,Jacqui Irwin,Sam Gallucci,,15.718925391005014,0.0,,0.7479961898449257,0.025726134654474403,0.0,0.0,0.0,0.0,0.0,,,,0.0,23.689422754713426,23.674988907630798,15.420657021343452,31.82400189776103,0.9959
house-ca-27,HOUSE,CA,27,False,standard,George T. Whitesides,,0,George Whitesides,Jason Gibbs,,10.031526860467544,0.0,,2.423998442454749,0.38831681969684095,0.0,0.0,0.0,-0.14,-0.048593032588238,,,,0.0,18.735946666426965,18.7495501653698,10.468163794171621,27.05364646595079,0.991
house-ca-28,HOUSE,CA,28,False,standard,Judy Chu,D,1,Judy Chu,April Verlato,,26.1481226056064,0.0,2.163367124713017,4.935587316381753,0.0007301616315440634,0.0,0.0,0.0,-0.7244999999999999,-0.0003820570737054311,,,,0.0,35.67820823232981,35.7193517378022,28.53094934323513,42.941054049982526,1.0
house-ca-29,HOUSE,CA,29,False,same_party,Luz Rivas,D,1,Angelica Dueñas; Luz Rivas,,D,34.707532916037124,0.0,3.727003733491729,,,,,0.0,-0.3029999999999999,,,,,,,,,,1.0
house-ca-30,HOUSE,CA,30,False,standard,Laura Friedman,D,1,Laura Friedman,Scott Meyers,,41.437251814842114,0.0,-5.567047676241173,2.6770151994822355,4.767011390960309e-07,0.0,0.0,0.0,-0.122,-4.707033457464948e-08,,,,0.0,48.089725051577595,48.13045171336534,40.99464603443534,55.33021913767853,0.99985
house-ca-31,HOUSE,CA,31,False,standard,Gil Cisneros,D,1,Gil Cisneros,Eric Ching,,12.60519627223948,0.0,2.138382595491401,1.593293315234828,0.03986259420471131,0.0,0.0,0.0,-0.7074999999999999,-0.038352031260462494,,,,0.0,24.61442566552514,24.6251218404634,17.369677625665798,31.778350399527966,0.99875
house-ca-32,HOUSE,CA,32,False,standard,Brad Sherman,D,1,Brad Sherman,Larry Thompson,,25.747546353027406,0.0,0.2922952117154489,4.698073235406674,0.0014532810903875256,0.0,0.0,0.0,-0.2525,-0.0002650219543998363,,,,0.0,34.26184507945927,34.27854601297156,27.069898611639235,41.57169930470179,0.9996
house-ca-33,HOUSE,CA,33,False,standard,Pete Aguilar,D,1,Pete Aguilar,Stephanie Vargas,,10.074713405340932,0.0,8.79098950956989,,0.0,0.0,0.0,0.0,0.235,0.015615704098697935,,,,0.0,24.025490017503646,24.08699508884208,16.864802851158412,31.415129735538674,0.99805
house-ca-34,HOUSE,CA,34,False,same_party,Jimmy Gomez,D,1,Jimmy Gomez; Angela Gonzales-Torres,,D,53.04146587963031,0.0,,,,,,0.0,0.0,,,,,,,,,,1.0
house-ca-35,HOUSE,CA,35,False,standard,Norma Torres,D,1,Norma Torres,Mike Cargile,,8.045128888677315,0.0,6.330823280804872,3.609995347246432,0.24512811801126108,0.0,0.0,0.0,0.6525,0.11551662561280678,,,,0.0,21.226089175559895,21.292789107926062,14.019681232640147,28.50582475852113,0.99715
house-ca-36,HOUSE,CA,36,False,standard,Ted Lieu,D,1,Ted Lieu,Houston Brignano,,40.42823555904659,0.0,-2.874067918935096,4.496240124520736,1.379879376188816e-06,0.0,0.0,0.0,0.207,2.06291966740228e-07,,,,0.0,46.64732262038613,46.63610588586765,39.518162950200875,53.82082487379949,0.99985
house-ca-37,HOUSE,CA,37,False,same_party,Sydney Kamlager-Dove,D,1,Sydney Kamlager-Dove; Samantha Mota,,D,62.30874203046086,0.0,,,,,,0.0,0.0,,,,,,,,,,1.0
house-ca-38,HOUSE,CA,38,False,standard,None (new seat),,0,Hilda Solis,Pedro Casas,,12.742118430048967,0.0,,,0.0,0.0,0.0,0.0,0.0,0.0,,,,0.0,20.863526293244625,20.90430347639051,12.719889973735823,29.221173431502727,0.9941
house-ca-39,HOUSE,CA,39,False,standard,Mark Takano,D,1,Mark Takano,Steve Manos,,9.780058137498687,0.0,3.490835779056403,,0.0,0.0,0.0,0.0,-0.13,-0.02323993552056743,,,,0.0,20.808587165006045,20.861772203001244,13.625519111918642,28.121677687339712,0.9968
house-ca-40,HOUSE,CA,40,False,same_party,Young Kim,R,-1,,Ken Calvert; Young Kim,R,-12.603878865212948,0.0,8.018197579654693,,,,,0.0,0.1114999999999999,,,,,,,,,,0.0
house-ca-41,HOUSE,CA,41,False,standard,Linda Sánchez,D,1,Linda Sánchez,Mitch Clemmons,,14.644434716860998,0.0,3.1850697720503165,4.411924565984419,0.06265189936785864,0.0,0.0,0.0,0.1099999999999999,0.004977345338668765,,,,0.0,25.203454281501884,25.310611151011386,18.104624420363553,32.54562612079306,0.99825
house-ca-42,HOUSE,CA,42,False,standard,Robert Garcia,D,1,Robert Garcia,Brian Burley,,13.56070313007434,0.0,2.727948986440624,2.469245206024792,0.07944776935880458,0.0,0.0,0.0,0.3955000000000001,0.02757122602766954,,,,0.0,23.972728614544828,23.97649278514724,16.716698857236423,31.16857496309233,0.9982
house-ca-43,HOUSE,CA,43,False,standard,Maxine Waters,D,1,Maxine Waters,Cristian Morales,,50.587898039106896,0.0,-0.3495257582380011,,0.0,0.0,0.0,0.0,-0.002,-6.656780128736313e-13,,,,0.0,57.69410548718581,57.73090123159862,50.594626122437994,64.9471533849819,0.99975
house-ca-44,HOUSE,CA,44,False,standard,Nanette Barragán,D,1,Nanette Barragán,Genevieve Angel,,36.31627653527624,0.0,7.951769490274075,4.177481670150154,3.629704749163134e-07,0.0,0.0,0.0,0.132,3.4603185275355216e-08,,,,0.0,48.66492062880775,48.71864155530527,41.451314030778306,55.9059782425678,0.99995
house-ca-45,HOUSE,CA,45,False,standard,Derek Tran,D,1,Derek Tran,Chuong Vo,,4.054985173885471,0.0,-1.318767740662521,2.4415500370827883,0.8298121393785096,0.0,0.0,0.0,-0.1719999999999999,-0.12665860590398317,,,,0.0,15.872515026333128,15.882094312768505,8.735110375100165,22.98774240681018,0.9911
house-ca-46,HOUSE,CA,46,False,standard,Lou Correa,D,1,Lou Correa,David Pan,,16.687679706845415,0.0,,3.366145791445452,0.033247022625109944,0.0,0.0,0.0,0.5785000000000001,0.013890790758452188,,,,0.0,26.936768614193564,26.93833011251214,19.55913485894522,34.200199351329935,0.99925
house-ca-47,HOUSE,CA,47,False,standard,Dave Min,D,1,Dave Min,Jenny Le Roux,,10.467836596792077,0.0,-1.2467872526652797,2.275777362991438,0.18942034645641606,0.0,0.0,0.0,-0.138,-0.024886741783924447,,,,0.0,20.96611795685732,20.96396095621794,13.756985836866948,28.23381360034975,0.99685
house-ca-48,HOUSE,CA,48,False,standard,Darrell Issa,,0,Marni von Wilpert,Jim Desmond,,3.483522109969155,0.0,,-0.0374571116730566,-0.020543779832677262,0.0,0.0,0.0,0.0,0.0,1.0,2.9342394027879246,0.13,0.39346944156797,12.675842826261587,8.915352088661571,2.033873549444966,15.568589974552953,0.94895
house-ca-49,HOUSE,CA,49,False,standard,Mike Levin,D,1,Mike Levin,Armen Kurdian,,12.472724656910152,0.0,-3.5536342683158777,3.8143991580810206,0.36928781830209967,0.0,0.0,0.0,-0.1669999999999999,-0.04454021408521433,,,,0.0,19.72465079200876,19.751032622586358,12.47924479111471,27.073944737393713,0.99585
house-ca-50,HOUSE,CA,50,False,standard,Scott Peters,D,1,Scott Peters,Steve Cohen,,18.835035308251694,0.0,-1.968226872948484,,0.0,0.0,0.0,0.0,0.056,0.0016626582508918882,,,,0.0,26.316756199026912,26.360989753892728,19.115260121182285,33.567749631370354,0.9982
house-ca-51,HOUSE,CA,51,False,standard,Sara Jacobs,D,1,Sara Jacobs,Ricardo Cabrera,,18.80325794580321,0.0,-2.7329987170896137,4.303418797913867,0.04841393768045353,0.0,0.0,0.0,-0.0889999999999999,-0.0031119403275713707,,,,0.0,25.909056583797827,25.942547799927382,18.741949863608717,33.112324602807945,0.99855
house-ca-52,HOUSE,CA,52,False,standard,Juan Vargas,D,1,Juan Vargas,Jeff Belle,,18.041442893620868,0.0,10.976531094670182,2.846774211985893,0.002890436150488683,0.0,0.0,0.0,0.52,0.0011439467342273556,,,,0.0,32.67253994063933,32.71913592884181,25.55391342376649,40.020836478848636,0.9993
house-co-1,HOUSE,CO,1,False,standard,Diana DeGette,,0,Melat Kiros,Christy Peterson,,57.612736564272474,0.0,,3.71973976808556,2.743320295225821e-12,0.0,0.0,0.0,0.0,0.0,,,,0.0,63.768747708815035,63.779382385617254,55.7450927417575,71.99642560653447,0.99995
house-co-2,HOUSE,CO,2,False,standard,Joe Neguse,D,1,Joe Neguse,Kelley Dennison,,40.91811325700261,2.0,-0.2738921648753267,,0.0,0.0,0.0,0.0,0.02,5.683701830822594e-09,,,,0.0,48.5453378015966,48.52451960752705,41.306657022205,55.67930311513687,0.99975
house-co-3,HOUSE,CO,3,False,standard,Jeff Hurd,R,-1,Dwayne Romero,Jeff Hurd,,-9.976649536268868,-2.0,-4.944663168340056,-1.5878601171287483,-2.6423904446246134,-0.0,0.0,0.0,-0.0785,-0.2830391480595782,1.0,-4.765474367767365,0.09,0.3039543675864068,-4.094865517928955,-4.310669268414308,-10.520136384310257,2.04200275517463,0.18815
house-co-4,HOUSE,CO,4,False,standard,Lauren Boebert,R,-1,Eileen Laubacher,Lauren Boebert,,-18.71337622079264,-2.0,-6.709335647869062,1.9490786631845332,2.1637838056500938,-0.0,0.0,0.0,0.4075,0.9801763372395096,,,,0.0,-4.579903248999395,-4.484966453989822,-11.903625626032252,2.732821446856297,0.20715
house-co-5,HOUSE,CO,5,False,standard,Jeff Crank,R,-1,Jessica Killin,Jeff Crank,,-9.337043356329268,-2.0,4.980302160664235,0.275477867330993,0.3632894525341179,-0.0,0.0,0.0,0.1394999999999999,0.39859549550129464,2.0,-4.446412287129808,0.11000015402565815,0.28186146498251563,-5.14256840034917,-4.921775202836611,-11.320736732046775,1.538994532455248,0.16035
house-co-6,HOUSE,CO,6,False,standard,Jason Crow,D,1,Jason Crow,Jason Clark,,20.360281044369106,0.0,0.8208666217469522,,0.0,0.0,0.0,0.0,-0.1839999999999999,-0.0017069541664045862,,,,0.0,29.324016802468872,29.358882797716483,22.035131892618967,36.62473381329643,0.99915
house-co-7,HOUSE,CO,7,False,standard,Brittany Pettersen,D,1,Brittany Pettersen,Tim Bennett,,15.41488104034284,2.0,-0.5899832308996702,3.366112632166681,0.09897980058652917,0.0,0.0,0.0,0.075,0.005361405865103664,,,,0.0,23.89415754741694,23.890547824714645,16.58893123950533,31.166089964357568,0.99775
house-co-8,HOUSE,CO,8,False,standard,Gabe Evans,R,-1,Manny Rutinel,Gabe Evans,,-1.8800480977231158,-1.0,-1.2486186750236898,-0.246864482379053,-0.33160297920516163,-0.0,0.0,0.0,0.2504999999999999,0.7290539134230388,1.0,3.779357366583201,0.06,0.3240683414955328,6.073018582698416,5.341001457918116,-0.9844400641895518,11.527415347599481,0.8628
house-ct-1,HOUSE,CT,1,False,standard,John B. Larson,,0,Luke Bronin,Amy Chai,,23.26879227281734,2.0,,4.710546800792924,0.006491366872888796,0.0,0.0,0.0,0.0,0.0,,,,0.0,30.962510274562288,30.91586444268531,22.652907467430904,39.17544689105289,0.99845
house-ct-2,HOUSE,CT,2,False,standard,Joe Courtney,D,1,Joe Courtney,George Austin,,7.856473409463372,2.0,8.29878931008028,1.3374057506150538,0.08326356924850187,0.0,0.0,0.0,-0.0929999999999999,-0.01254489087986748,,,,0.0,21.85417193623856,21.716292021612222,14.6737795250033,29.100957267773342,0.99745
house-ct-3,HOUSE,CT,3,False,standard,Rosa DeLauro,D,1,Rosa DeLauro,Chris Lancia,,14.332117484384685,2.0,5.431502702137432,3.9347843674206193,0.04483457405996734,0.0,0.0,0.0,-0.0269999999999999,-0.0008742741941693597,,,,0.0,26.12065824784099,26.10423587454703,18.845521448728867,33.41619375500244,0.99885
house-ct-4,HOUSE,CT,4,False,standard,Jim Himes,D,1,Jim Himes,Michael Goldstein,,23.729413954381982,2.0,0.4989811530060501,3.922617215725456,0.0034121174326883384,0.0,0.0,0.0,0.088,0.00021685901905530328,,,,0.0,32.421020563137766,32.366877007113914,25.072039887439296,39.759556537441185,0.9996
house-ct-5,HOUSE,CT,5,False,standard,Jahana Hayes,D,1,Jahana Hayes,Chris Shea,,5.675230760185784,2.0,-1.2666356398500511,1.7837426521934596,0.6767880658680271,0.0,0.0,0.0,-0.1699999999999999,-0.13975312187262384,,,,0.0,15.174598681933787,15.172092492202907,7.9058295061857695,22.439892806367975,0.99055
house-de-al,HOUSE,DE,0,False,standard,Sarah McBride,D,1,Sarah McBride,Joseph Arminio,,14.958471282996337,0.0,0.8909582243564254,5.164260075857007,0.04395783034567206,0.0,0.0,0.0,-0.0749999999999999,-0.0023810491437238996,,,,0.0,26.172745998511132,26.19994248605454,18.876273071671484,33.480461828248714,0.99865
house-fl-1,HOUSE,FL,1,False,standard,Jimmy Patronis,R,-1,Gay Valimont,Jimmy Patronis,,-37.5886728785613,-2.0,,-2.185732539719852,-0.0024841420669312092,-0.0,0.0,0.0,-0.1995,-0.0004912634043361232,,,,0.0,-32.422020359133136,-32.4084682530319,-39.69839299799872,-25.051624049532432,0.0005
house-fl-2,HOUSE,FL,2,False,standard,Neal Dunn,,0,Amanda Green,Austin Rogers,,-18.176177438099554,-3.0,,-1.0205239563158912,-0.8427085853195456,-0.0,0.0,0.0,0.0,0.0,,,,0.0,-10.955825896070722,-10.909530678910192,-19.34759626935502,-2.7126790711549313,0.0518
house-fl-3,HOUSE,FL,3,False,standard,Kat Cammack,R,-1,Seth Harp,Kat Cammack,,-21.31654394584286,-2.0,1.7742408273770414,-3.823290069006792,-1.037803699926673,-0.0,0.0,0.0,0.0584999999999999,0.04384720632190186,,,,0.0,-16.079151811277914,-16.130381514162842,-23.320406768397575,-8.820659386076645,0.0092
house-fl-4,HOUSE,FL,4,False,standard,Aaron Bean,R,-1,LaShonda Holloway,Aaron Bean,,-11.962520792109427,-2.0,2.4555568492913187,-3.8014478951635087,-4.082286100644,-0.0,0.0,0.0,-0.3275,-0.965574059638435,,,,0.0,-10.556748086122749,-10.641730754794622,-17.98046801173475,-3.2834564704561746,0.0377
house-fl-5,HOUSE,FL,5,False,standard,John Rutherford,R,-1,Rachel Grage,John Rutherford,,-21.67839300824128,-2.0,4.3421433214138885,-1.1526586392471585,-0.2683322265425116,-0.0,0.0,0.0,-0.5365,-0.2706038385662151,,,,0.0,-17.40905122025834,-17.350036953170665,-24.68506347824347,-10.087525838736312,0.0068
house-fl-6,HOUSE,FL,6,False,standard,Randy Fine,R,-1,Eric Yonce,Randy Fine,,-30.308187147843146,-2.0,,-1.8230312456254896,-0.04131103675571755,-0.0,0.0,0.0,-0.2135,-0.010482429816697426,,,,0.0,-24.952646491651983,-24.90149469313809,-32.07357335492536,-17.54716870677829,0.0021
house-fl-7,HOUSE,FL,7,False,standard,Cory Mills,,0,Bale Dalton,Ryan Elijah,,-12.617439168584001,0.0,,1.3037635090255264,1.9439730961694934,0.0,0.0,0.0,0.0,0.0,,,,0.0,-2.20106758890084,-2.1661842293118063,-10.489871222071708,6.014553350498347,0.3654
house-fl-8,HOUSE,FL,8,False,standard,Mike Haridopolos,R,-1,Jennifer Jenkins,Mike Haridopolos,,-16.395271547785974,-1.0,1.8009870102269927,-1.0785981029654792,-0.6746773422036358,-0.0,0.0,0.0,-0.3255,-0.44114317861390007,2.0,-7.03399538451362,0.11519031386166517,0.33403989012535623,-13.043462280940748,-10.99926266816103,-17.289273567998194,-4.768892645956593,0.01805
house-fl-9,HOUSE,FL,9,False,standard,Darren Soto,D,1,Darren Soto,Dan Green,,-17.93494817151253,2.0,9.409546794910533,0.5496941359508347,0.828868477225109,0.0,0.0,0.0,0.426,1.3917659921102057,1.0,-5.538414214378473,0.18,0.2099082721505826,-1.7246894310739154,-2.5965373040798614,-9.07376947459234,4.047771776575975,0.30435
house-fl-10,HOUSE,FL,10,False,same_party,Maxwell Frost,D,1,Maxwell Frost,,D,24.292988534582708,0.0,1.8509874742375356,,,,,0.0,-0.2669999999999999,,,,,,,,,,1.0
house-fl-11,HOUSE,FL,11,False,standard,Daniel Webster,,0,James Pericola,Joe Strada,,-15.8391286849105,0.0,,-3.595440355275024,-3.358596978737353,0.0,0.0,0.0,0.0,0.0,1.0,-5.580614214378472,0.16,0.32014961678708026,-11.003668437380874,-9.250363536698107,-16.271872878454694,-2.294217778043775,0.0518
house-fl-12,HOUSE,FL,12,False,standard,Gus Bilirakis,R,-1,Kimberly Overman,Gus Bilirakis,,-15.553760972030888,-1.0,7.094759437067757,-2.1645814901669307,-1.3417823516863878,-0.0,0.0,0.0,-0.2754999999999999,-0.3700171383702594,,,,0.0,-13.693918081897182,-13.653323056852544,-20.929615013661856,-6.33509563243779,0.01695
house-fl-13,HOUSE,FL,13,False,standard,Anna Paulina Luna,R,-1,Leela Gray,Anna Paulina Luna,,-13.453080359687094,-2.0,-2.44010282848756,-1.0811664212748688,-1.581728974053994,-0.0,0.0,0.0,0.3545,1.1236934841064927,5.0,-5.141432836930454,0.11371779092994608,0.3777578190805086,-4.920934311059434,-4.991583780239819,-10.997126894627925,1.1171843817636353,0.1445
house-fl-14,HOUSE,FL,14,False,standard,Kathy Castor,D,1,Kathy Castor,Mike Beltran,,-10.62098657326328,1.0,7.950182530103848,0.2090118605522644,0.3270847484618269,0.0,0.0,0.0,0.152,0.5153770231450213,1.0,8.10956066660785,0.16,0.29660937630922285,4.039183525087604,5.241180994086498,-1.2345009127002182,11.538427095142492,0.85295
house-fl-15,HOUSE,FL,15,False,standard,Laurel Lee,R,-1,Robert People,Laurel Lee,,-20.095141150578385,-2.0,0.8807636828702625,-3.8005361948675898,-1.4665328827088808,-0.0,0.0,0.0,-0.0705,-0.07467096594459384,,,,0.0,-14.874197782741883,-14.906371124960131,-22.20846415198553,-7.617311390208454,0.01275
house-fl-16,HOUSE,FL,16,False,standard,Vern Buchanan,,0,Kelly Kirschner,Sydney Gruters,,-13.811661289568429,2.0,,-1.241510054018505,-1.696077096718146,0.0,0.0,0.0,0.0,0.0,1.0,0.7222275577734263,0.21,0.32401373665079675,-7.153164979345808,-4.54515096461337,-11.642836894116524,2.502688006693133,0.19755
house-fl-17,HOUSE,FL,17,False,standard,Greg Steube,R,-1,Matthew Montavon,Greg Steube,,-22.24156570778953,-2.0,,-3.1857596284373653,-0.7400147234448613,-0.0,0.0,0.0,-0.1234999999999999,-0.06600520213837355,,,,0.0,-17.42717343870005,-17.38641812306519,-24.574332417277347,-10.074015725949318,0.00605
house-fl-18,HOUSE,FL,18,False,standard,Scott Franklin,R,-1,Curtis Gibson,Scott Franklin,,-17.102886122235766,-1.0,0.8512849936619196,-3.739302145206497,-1.8068051419617575,-0.0,0.0,0.0,-0.2245,-0.29295337815641054,,,,0.0,-14.253844715338442,-14.29045722032112,-21.58242950394397,-7.082315626497623,0.0129
house-fl-19,HOUSE,FL,19,False,standard,Byron Donalds,,0,Victor Arias,Jim Schwartzel,,-30.416149231176274,0.0,,-3.228529993240168,-0.1401902389411901,0.0,0.0,0.0,0.0,0.0,,,,0.0,-22.852107498914066,-22.827416740229694,-31.124999248114825,-14.617282787135071,0.00375
house-fl-20,HOUSE,FL,20,False,standard,Debbie Wasserman Schultz,D,1,Debbie Wasserman Schultz,Brent Andersen,,37.50081626941555,2.0,3.685393198666764,3.91888919099027,8.14475558073352e-07,0.0,0.0,0.0,0.32,1.882343511991747e-07,,,,0.0,47.45408786560983,47.474628264594784,40.326222138519555,54.65813434621159,1.0
house-fl-21,HOUSE,FL,21,False,standard,Brian Mast,R,-1,James Martin,Brian Mast,,-16.40535991568672,-2.0,6.836259767160008,-2.344816786842756,-1.2744222737599595,-0.0,0.0,0.0,0.1685000000000001,0.1984250259505385,,,,0.0,-13.823748705150448,-13.800661937811041,-21.132947035632927,-6.482428369553158,0.01595
house-fl-22,HOUSE,FL,22,False,standard,None (new seat),,0,Pia Dandiya,Casey Askar,,-10.371815924951084,0.0,,-0.1158857691058467,-0.19110673982382734,0.0,0.0,0.0,0.0,0.0,2.0,-0.9392846157584595,0.05167453441618452,0.5020939630728776,-1.826219846601061,-1.3495479561173809,-7.630238061485632,4.762012539779737,0.3858
house-fl-23,HOUSE,FL,23,False,standard,Lois Frankel,D,1,Lois Frankel,Deborah Adeimy,,13.860283552064374,2.0,4.4163509868165605,2.589473894206645,0.05524069140012233,0.0,0.0,0.0,0.5095000000000001,0.023549617569505663,,,,0.0,25.153633663250904,25.160168671684954,17.83930156895798,32.60182342091805,0.9984
house-fl-24,HOUSE,FL,24,False,standard,Frederica Wilson,,0,Oliver Gilbert,Te Mayonna Brown,,39.04931980196582,1.0,,0.9060069353321618,5.669477829327648e-07,0.0,0.0,0.0,0.0,0.0,,,,0.0,46.16973211609525,46.20899950667682,37.903832072970076,54.321182963470186,0.99985
house-fl-25,HOUSE,FL,25,False,standard,Jared Moskowitz,D,1,Jared Moskowitz,Scott Singer,,-9.218034236116692,0.0,3.0870778916786765,0.4602244670089471,0.7496949658938578,0.0,0.0,0.0,0.483,1.7047241901475652,1.0,8.565491280897062,0.23999999999999996,0.14251983039377486,4.561836592831109,5.108775740960991,-1.9066451014070867,11.994714467080163,0.83545
house-fl-26,HOUSE,FL,26,False,standard,Mario Díaz-Balart,R,-1,Nicole Locklin,Mario Díaz-Balart,,-18.540683907584068,-2.0,6.511737502652834,-2.3810732143778166,-0.8711629952005545,-0.0,0.0,0.0,-0.6755,-0.535481073279574,,,,0.0,-16.22200995351343,-16.23996030352666,-23.645949130063112,-9.02841126455993,0.00745
house-fl-27,HOUSE,FL,27,False,standard,María Elvira Salazar,R,-1,Eliott Rodriguez,María Elvira Salazar,,-14.697284015567739,-2.0,5.851854214290957,-1.702902474616086,-1.3543016819592886,-0.0,0.0,0.0,-0.0335,-0.057724815061829304,3.0,-4.447004780943415,0.08000119732032146,0.3761629419937567,-11.789369294645983,-9.068681290649504,-15.116553625178936,-2.865846127873603,0.0338
house-fl-28,HOUSE,FL,28,False,standard,Carlos A. Giménez,,0,Phil Ehr,Carlos Giménez,,-25.62449782340173,-2.0,,-1.1608113437349743,-0.21644651416719177,-0.0,0.0,0.0,-0.4485,-0.18119387037105802,,,,0.0,-18.189738937667205,-18.209619255592823,-26.608311000740347,-9.994978873470755,0.00955
house-ga-1,HOUSE,GA,1,False,standard,Buddy Carter,,0,Amanda Hollowell,Jim Kingston,,-15.892812698763862,0.0,,-2.351771298389646,-2.616856510145277,0.0,0.0,0.0,0.0,0.0,,,,0.0,-10.319218854797,-10.323783277440107,-18.630874138926696,-1.9318642460192328,0.0613
house-ga-2,HOUSE,GA,2,False,standard,Sanford Bishop,D,1,Sanford Bishop,Matt Day,,7.650507378170518,2.0,5.131041568381559,1.892993442224871,0.20543111771721834,0.0,0.0,0.0,0.445,0.10463313373459064,,,,0.0,20.17214038307473,20.25006952561812,12.775868879819253,27.474329864461154,0.9962
house-ga-3,HOUSE,GA,3,False,standard,Brian Jack,R,-1,Maura Keller,Brian Jack,,-29.876322455669797,-2.0,2.6106379824860677,-2.6549794320546907,-0.03668269468664097,-0.0,0.0,0.0,-0.2054999999999998,-0.006151825363327495,,,,0.0,-26.33538185554836,-26.228243726477942,-33.65678329009363,-18.87649154695435,0.0011
house-ga-4,HOUSE,GA,4,False,standard,Hank Johnson,D,1,Hank Johnson,James Duffie,,53.03852255145806,2.0,-1.7481010280365077,,0.0,0.0,0.0,0.0,0.01,9.48334470956206e-13,,,,0.0,59.240248979585196,59.08003414499558,52.04017362514444,66.24967495823363,0.99995
house-ga-5,HOUSE,GA,5,False,standard,Nikema Williams,D,1,Nikema Williams,John Oscar Salvesen,,72.33073290669485,2.0,,3.3654534994545418,3.1411367681726415e-19,0.0,0.0,0.0,0.127,2.881120446807239e-20,,,,0.0,79.79949300875268,79.79142782265184,72.66003412109053,86.93140197557635,1.0
house-ga-6,HOUSE,GA,6,False,standard,Lucy McBath,D,1,Lucy McBath,Kevin Martin,,50.345152979843064,0.0,-0.8546959983136082,4.031937785171063,6.908679848957743e-10,0.0,0.0,0.0,-0.0469999999999999,-2.3451129931739847e-11,,,,0.0,57.18661465503024,57.203348858763505,49.89339291243402,64.4489536133573,1.0
house-ga-7,HOUSE,GA,7,False,standard,Rich McCormick,R,-1,Tony Kozycki,Rich McCormick,,-22.30291135099771,-2.0,7.2767955893072545,-1.7762910032698032,-0.23525125217015166,-0.0,0.0,0.0,-0.0284999999999999,-0.00817814468167991,1.0,-8.84875682134268,0.11,0.28095781960912114,-19.369872704517014,-16.43888801080412,-22.932668531746806,-9.956960235415917,0.0049
house-ga-8,HOUSE,GA,8,False,standard,Austin Scott,R,-1,Kelly Esti,Austin Scott,,-30.72180747930478,-2.0,6.987592458043152,-4.402150452933544,-0.025317129511986197,-0.0,0.0,0.0,0.0455,0.0008319490059077685,,,,0.0,-27.634083873015847,-27.59550038485329,-34.84548932705569,-20.276277323602464,0.0013
house-ga-9,HOUSE,GA,9,False,standard,Andrew Clyde,R,-1,Caitlyn Gegen,Andrew Clyde,,-34.33522296479662,-2.0,3.5504409590688715,-2.450660283793968,-0.009995212022870893,-0.0,0.0,0.0,0.2204999999999999,0.0019485412056108667,,,,0.0,-29.45282982913325,-29.406790161772797,-36.82229264845056,-22.202276348371445,0.0007
house-ga-10,HOUSE,GA,10,False,standard,Mike Collins,,0,Pam Delancy,Houston Gaines,,-20.913860114633074,-1.0,,-4.191954583387389,-1.5715054963203314,-0.0,0.0,0.0,0.0,0.0,,,,0.0,-14.52579316705572,-14.539519720958687,-22.713017325192975,-6.385359928626835,0.0212
house-ga-11,HOUSE,GA,11,False,standard,Barry Loudermilk,,0,Chris Harden,John Cowan,,-23.563722533183686,0.0,,-3.17001733717638,-0.9142006150303702,0.0,0.0,0.0,0.0544999999999999,0.03598395198605645,1.0,1.6571955417190884,0.18,0.34445750674693243,-16.556993095783763,-10.296972439648325,-17.395167750091375,-3.28898980155767,0.0375
house-ga-12,HOUSE,GA,12,False,standard,Rick Allen,R,-1,Ceretta Smith,Rick Allen,,-14.231034879705307,-1.0,6.283421925551944,-3.7637177422160017,-2.4785137700818103,-0.0,0.0,0.0,0.1125,0.2013792438191471,,,,0.0,-12.386712472165291,-12.370202799716768,-19.78751661804607,-4.98711329424055,0.0248
house-ga-13,HOUSE,GA,13,False,standard,Everton Blair,,0,Jasmine Clark,Jonathan Chavez,,42.724453914937364,1.0,,,0.0,0.0,0.0,0.0,0.3025,3.9661838957061206e-08,,,,0.0,49.67940007518711,49.662294442533884,41.50007085804834,57.77888550071275,1.0
house-ga-14,HOUSE,GA,14,False,standard,Clay Fuller,R,-1,Shawn Harris,Clay Fuller,,-37.01635857495856,-2.0,,1.467812949399513,0.0021736072497529134,-0.0,0.0,0.0,-0.3234999999999999,-0.0010379507475816918,,,,0.0,-31.824743159790547,-31.867298074476235,-39.181561717271535,-24.44944389481865,0.00045
house-hi-1,HOUSE,HI,1,False,standard,Ed Case,D,1,Ed Case,Adriel Lam,,25.166334746889017,2.0,18.640783175923783,,0.0,0.0,0.0,0.0,0.5030000000000001,3.0177946459202167e-06,,,,0.0,43.78899256397368,43.84272774644198,36.58715595561532,51.09128308943701,0.9997
house-hi-2,HOUSE,HI,2,False,standard,Jill Tokuda,D,1,Jill Tokuda,Brenton Awa,,22.062952000244117,1.0,15.616576458118669,2.218015975224514,9.056386857605833e-05,0.0,0.0,0.0,0.163,1.4420157448237984e-05,,,,0.0,39.115065599749244,39.1559468276719,31.87393503409738,46.35173056715498,0.99955
house-ia-1,HOUSE,IA,1,False,standard,Mariannette Miller-Meeks,R,-1,Christina Bohannan,Mariannette Miller-Meeks,,-8.590704180072024,-1.0,-8.521283143076325,-0.0794421672972864,-0.11718958494697147,-0.0,0.0,0.0,-0.0644999999999998,-0.2061530425655775,2.0,3.290374798905108,0.2499999999305885,0.25420701547929075,4.0038195589678285,3.888800422100788,-2.693006976220545,10.337687822330032,0.78165
house-ia-2,HOUSE,IA,2,False,standard,Ashley Hinson,,0,Lindsay James,Joe Mitchell,,-10.127597485735269,0.0,,-0.1720623259636155,-0.2853781623766969,0.0,0.0,0.0,0.0,0.0,2.0,-2.4821931385807683,0.09159851293451703,0.3939086494791098,-1.6448981200906667,-1.906865820511646,-8.744598850897852,4.84267475591157,0.35675
house-ia-3,HOUSE,IA,3,False,standard,Zach Nunn,R,-1,Sarah Trone Garriott,Zach Nunn,,-4.464251430326767,-1.0,-0.754455771234106,-0.0083406686317467,-0.012052049131675242,-0.0,0.0,0.0,0.1625000000000001,0.5087512547406755,1.0,-0.9181038209910575,0.1,0.06567522088884968,5.155149287935465,4.808135031760134,-2.355257572920513,11.816246800522324,0.81025
house-ia-4,HOUSE,IA,4,False,standard,Randy Feenstra,,0,David Dawson,Chris McGowan,,-31.901561369041463,1.0,,-1.4783026766701204,-0.041956146639492195,0.0,0.0,0.0,0.0,0.0,,,,0.0,-24.283199827972393,-24.23743100994189,-32.48527678172443,-15.871286493364083,0.0035
house-id-1,HOUSE,ID,1,False,standard,Russ Fulcher,R,-1,Kaylee Peterson,Russ Fulcher,,-46.19778126853283,-2.0,0.9076352246212585,-1.3913910102249132,-2.9113641866034414e-05,-0.0,0.0,0.0,-0.0524999999999999,-2.3801194185709805e-06,2.0,-19.407138915480132,0.22768421311329798,0.27687769224688985,-40.32681925800599,-34.49325797312242,-40.88682406988012,-28.239501744124883,0.0003
house-id-2,HOUSE,ID,2,False,standard,Mike Simpson,R,-1,Ellie Gilbreath,Mike Simpson,,-27.561138104639443,-2.0,5.233872944155752,-2.3674484767699004,-0.0888347991486191,-0.0,0.0,0.0,-0.4535,-0.03686990188801945,,,,0.0,-23.522884223320677,-23.521005028773274,-30.71912173944778,-16.207189710218536,0.0015
house-il-1,HOUSE,IL,1,False,standard,Jonathan Jackson,D,1,Jonathan Jackson,Christian Maxwell,,32.45721176888944,2.0,-0.6283098800027416,1.701148349847759,3.743466502717471e-05,0.0,0.0,0.0,0.003,1.4303592199846154e-07,,,,0.0,40.23675643817016,40.19180620124013,32.90372464991846,47.47278540057675,0.9999
house-il-2,HOUSE,IL,2,False,standard,Robin Kelly,,0,Donna Miller,Michael Noack,,33.57708216310065,0.0,,,0.0,0.0,0.0,0.0,0.0,0.0,,,,0.0,40.920124962612114,40.94906598588406,32.7070186153482,49.143846929330316,0.99965
house-il-3,HOUSE,IL,3,False,standard,Delia Ramirez,D,1,Delia Ramirez,Angel Oakley,,31.83380528871024,2.0,2.8682636964648127,4.111692187436496,3.1144523030892026e-05,0.0,0.0,0.0,-0.1469999999999999,-3.3065101951130347e-06,,,,0.0,41.55933565194853,41.53764798106049,34.186174140769914,48.81425517348754,0.9999
house-il-4,HOUSE,IL,4,False,standard,Chuy García,,0,Patty Garcia,Lupe Castillo,,28.752276035686318,0.0,,,0.0,0.0,0.0,0.0,0.0,0.0,,,,0.0,36.26791214978902,36.29418616977297,27.930582278709437,44.565249466089966,0.9995
house-il-5,HOUSE,IL,5,False,standard,Mike Quigley,D,1,Mike Quigley,Tommy Hanson,,37.56614329445709,2.0,0.5003447000653916,,0.0,0.0,0.0,0.0,0.052,9.129630306077178e-08,,,,0.0,45.7649034951326,45.813296162622066,38.688475730245194,52.92619828442504,0.99995
house-il-6,HOUSE,IL,6,False,standard,Sean Casten,D,1,Sean Casten,Niki Conforti,,5.575462312490821,2.0,2.964765839552494,2.087519346752857,0.4849598122404468,0.0,0.0,0.0,-0.0884999999999999,-0.04454619505287625,,,,0.0,17.31934032558969,17.34391491899398,10.117102923251421,24.647943396013602,0.9925
house-il-7,HOUSE,IL,7,False,standard,Danny Davis,,0,La Shawn Ford,Chad Koppie,,66.15598021500666,1.0,,2.228434091099001,1.1008560139259156e-15,0.0,0.0,0.0,0.3694999999999999,3.954916058182408e-16,,,,0.0,71.76238917848025,71.6497390656327,63.433117902587576,79.99259114402066,1.0
house-il-8,HOUSE,IL,8,False,standard,Raja Krishnamoorthi,,0,Melissa Bean,Jennifer Davis,,7.000325718967043,2.0,,0.3339292115176673,0.10048389890026135,0.0,0.0,0.0,0.0,0.0,,,,0.0,15.837079647073201,15.900538628611937,7.479571317880583,24.174192535683158,0.98125
house-il-9,HOUSE,IL,9,False,standard,Jan Schakowsky,,0,Daniel Biss,John Elleson,,36.986157350622044,1.0,,,0.0,0.0,0.0,0.0,0.9295,4.354509895648085e-06,,,,0.0,44.19386154198807,44.20962977128666,35.99909274720829,52.21445975170256,0.9995
house-il-10,HOUSE,IL,10,False,standard,Brad Schneider,D,1,Brad Schneider,Carl Lambrecht,,22.345356623267172,2.0,-2.2652301709088603,5.125619774484333,0.011700188683867534,0.0,0.0,0.0,0.2260000000000001,0.001909730797400157,,,,0.0,29.567630297924286,29.493862318424206,22.2052065537147,36.699577707060904,0.9992
house-il-11,HOUSE,IL,11,False,standard,Bill Foster,D,1,Bill Foster,Jeff Walter,,11.606554064861559,0.0,-0.3003582183254645,2.454408278368989,0.22956061777816517,0.0,0.0,0.0,-0.2189999999999998,-0.044379948558568035,,,,0.0,20.579065587074265,20.584631668202082,13.166153124441479,27.91898801691442,0.99645
house-il-12,HOUSE,IL,12,False,standard,Mike Bost,R,-1,Julie Fortier,Mike Bost,,-44.08125909098338,-2.0,4.180216152299926,-2.741856278476134,-7.221590684191355e-05,-0.0,0.0,0.0,-0.2654999999999999,-1.5151122521235517e-05,,,,0.0,-39.913897028272494,-39.94409815579359,-47.159642601234246,-32.65666010226135,0.0002
house-il-13,HOUSE,IL,13,False,standard,Nikki Budzinski,D,1,Nikki Budzinski,Jeff Wilson,,10.649960605661136,1.0,5.699093840100404,2.5788729082839565,0.11624950840581307,0.0,0.0,0.0,-0.007,-0.0006836775625860726,,,,0.0,22.94132823262693,22.89931434750764,15.68993516115676,30.140946281286073,0.998
house-il-14,HOUSE,IL,14,False,standard,Lauren Underwood,D,1,Lauren Underwood,James Marter,,5.2631897441173,2.0,5.068363312404505,2.981603577156067,0.5594203754925808,0.0,0.0,0.0,0.0555000000000001,0.022561785432638624,,,,0.0,18.34890974516007,18.37500075270267,11.100749050629418,25.589104965538993,0.9948
house-il-15,HOUSE,IL,15,False,standard,Mary Miller,R,-1,Jennifer Todd,Mary Miller,,-40.433634690775264,-2.0,,-2.701707479578671,-0.0007642011832047247,-0.0,0.0,0.0,0.3305,0.00020255032594863195,,,,0.0,-35.373820515586424,-35.375017127055614,-42.67749196059371,-28.117927528719704,0.0004
house-il-16,HOUSE,IL,16,False,standard,Darin LaHood,R,-1,Paul Nolley,Darin LaHood,,-23.049919660830685,-2.0,,-3.053507107786751,-0.6080171276508182,-0.0,0.0,0.0,-0.3245,-0.14249556961083204,,,,0.0,-18.20198817925314,-18.13538838363377,-25.35107271897101,-10.863044502378617,0.0061
house-il-17,HOUSE,IL,17,False,standard,Eric Sorensen,D,1,Eric Sorensen,Dillan Vancil,,4.828123190177733,2.0,4.148654374160702,1.937764575352899,0.44943703659782835,0.0,0.0,0.0,0.0494999999999999,0.024875117848791612,,,,0.0,17.360185528341116,17.3171544337439,10.20087975377966,24.48004096931941,0.99385
house-in-1,HOUSE,IN,1,False,standard,Frank J. Mrvan,,0,Frank Mrvan,Barb Regnitz,,0.4022301253280738,1.0,,0.0746375769875172,0.06338447608556409,0.0,0.0,0.0,0.038,0.06991994392562127,,,,0.0,10.044889728579818,9.98331060858634,1.7586029718950638,18.213997378940793,0.9335
house-in-2,HOUSE,IN,2,False,standard,Rudy Yakym,R,-1,Jamee Decio,Rudy Yakym,,-26.920260374288038,-2.0,1.8550214695547596,-2.8038189407098195,-0.2280513739618439,-0.0,0.0,0.0,0.2664999999999999,0.046964753062287555,,,,0.0,-21.062329824341695,-21.111035659685548,-28.468334269373695,-13.849130307705568,0.00285
house-in-3,HOUSE,IN,3,False,standard,Marlin Stutzman,R,-1,Kelly Thompson,Marlin Stutzman,,-31.72894798522732,-2.0,3.0134958605389803,-1.803419857987651,-0.011099539709405961,-0.0,0.0,0.0,0.2275,0.0030337628206000117,,,,0.0,-28.428895305666664,-28.458348294067292,-35.647376598958246,-21.212882352969622,0.0008
house-in-4,HOUSE,IN,4,False,standard,Jim Baird,R,-1,Drew Cox,Jim Baird,,-29.878658536585366,-2.0,5.398549230995093,-2.606323774000942,-0.04199216316637815,-0.0,0.0,0.0,0.0965,0.0033686764232003633,,,,0.0,-25.90692408181986,-25.792856768949786,-33.1075244510103,-18.611732699429073,0.00135
house-in-5,HOUSE,IN,5,False,standard,Victoria Spartz,R,-1,J. D. Ford,Victoria Spartz,,-17.12743785454997,-1.0,2.3865274213933985,-1.015500082318891,-0.729084901087177,-0.0,0.0,0.0,0.1414999999999999,0.2201135018599811,1.0,-7.475555551347782,0.06,0.3240683414955328,-11.573336260069555,-10.256902649622075,-16.49624282132858,-4.101050933929567,0.0224
house-in-6,HOUSE,IN,6,False,standard,Jefferson Shreve,R,-1,Cinde Wirth,Jefferson Shreve,,-33.09952049613334,-2.0,0.4805651133835615,-3.872300423106712,-0.018320122405515435,-0.0,0.0,0.0,-0.1185,-0.001567897142538696,,,,0.0,-28.460549582278787,-28.444620830832427,-35.71138739133756,-21.184206649477122,0.0009
house-in-7,HOUSE,IN,7,False,standard,André Carson,D,1,André Carson,Patrick McAuley,,42.161067786442715,0.0,-1.5523722223000282,,0.0,0.0,0.0,0.0,-0.0829999999999999,-1.7003002667478626e-08,,,,0.0,49.02840057254302,48.989562318936095,41.65493782937936,56.12594191842373,0.9999
house-in-8,HOUSE,IN,8,False,standard,Mark Messmer,R,-1,Mary Allen,Mark Messmer,,-36.49150182813958,-1.0,2.917961324114919,-1.5217366015143527,-0.0011638548013489444,-0.0,0.0,0.0,-1.0645,-0.0017639939190132639,,,,0.0,-33.290035960077645,-33.26487578865705,-40.6164687344528,-26.019793449345208,0.00045
house-in-9,HOUSE,IN,9,False,standard,Erin Houchin,R,-1,Brad Meyer,Erin Houchin,,-30.3858345174336,-2.0,2.047181420126676,-3.02875983830688,-0.07677347924697855,-0.0,0.0,0.0,-0.1394999999999999,-0.007734928034133085,,,,0.0,-24.631188484452633,-24.630786688874473,-31.797060527269483,-17.32777519953751,0.00145
house-ks-1,HOUSE,KS,1,False,standard,Tracey Mann,R,-1,Lauren Reinhold,Tracey Mann,,-31.848581559120564,-2.0,6.301345261018343,-3.806015691409785,-0.01867244237613133,-0.0,0.0,0.0,-0.0655000000000001,-0.0008833102601819917,,,,0.0,-28.41195286021342,-28.4004311561503,-35.78077316429513,-21.10520307553488,0.0008
house-ks-2,HOUSE,KS,2,False,standard,Derek Schmidt,R,-1,Don Coover,Derek Schmidt,,-20.055354340614592,-2.0,-0.3680230366400758,-0.7382146787724481,-0.2842462839890765,-0.0,0.0,0.0,0.1354999999999999,0.11304295883128797,,,,0.0,-14.736195150585088,-14.747931766725745,-22.01069690248899,-7.369339730510397,0.0123
house-ks-3,HOUSE,KS,3,False,standard,Sharice Davids,D,1,Sharice Davids,Eric Jenkins,,4.174028834088756,1.0,7.157275137333762,4.600955616274553,0.5345987187975746,0.0,0.0,0.0,-0.1909999999999999,-0.07374492326524316,,,,0.0,18.435415636238485,18.541753775444448,11.214302775699121,25.72659746255554,0.995
house-ks-4,HOUSE,KS,4,False,standard,Ron Estes,R,-1,Katy Tyndell,Ron Estes,,-23.69976552345745,-2.0,6.275852691558842,-2.528986830913205,-0.26343129263281606,-0.0,0.0,0.0,-0.1154999999999999,-0.026067229839056707,,,,0.0,-20.299566880550586,-20.22255593592801,-27.496808086848397,-12.921979559774485,0.00425
house-ky-1,HOUSE,KY,1,False,standard,James Comer,R,-1,Drew Williams,James Comer,,-47.91004767154219,-2.0,1.3978969625571684,-3.6089459034253775,-1.9183545178363245e-05,-0.0,0.0,0.0,0.1025,1.4201152194538345e-06,,,,0.0,-42.39054005393184,-42.398096658142705,-49.70300400328612,-34.95889174123886,0.0002
house-ky-2,HOUSE,KY,2,False,standard,Brett Guthrie,R,-1,Megan Wingfield,Brett Guthrie,,-41.93201836717013,-2.0,4.147458952843933,-5.078749700002629,-0.00026690465882277915,-0.0,0.0,0.0,-0.2704999999999999,-5.214279070835014e-05,,,,0.0,-37.65437086794748,-37.56829151520782,-45.021051214265555,-30.20157704307271,0.00055
house-ky-3,HOUSE,KY,3,False,standard,Morgan McGarvey,D,1,Morgan McGarvey,Maria Rodriquez,,19.26899411654809,2.0,4.767103761865028,4.781345768246492,0.008091537791424288,0.0,0.0,0.0,0.405,0.002366774803991605,,,,0.0,30.449665414839547,30.423373469044048,23.1808270076321,37.75651762024483,0.9995
house-ky-4,HOUSE,KY,4,False,standard,Thomas Massie,,0,Melissa Strange,Ed Gallrein,,-36.16019101367484,0.0,,-3.403540947643686,-0.01693351156886805,0.0,0.0,0.0,0.0,0.0,,,,0.0,-28.656151636470355,-28.676693967144104,-36.91464175050042,-20.405866296893453,0.00205
house-ky-5,HOUSE,KY,5,False,standard,Hal Rogers,R,-1,Ned Pillersdorf,Hal Rogers,,-64.66978795481056,-2.0,,-2.2413907177324863,-2.3993092312295356e-11,-0.0,0.0,0.0,-0.3585,-8.314763823252227e-12,,,,0.0,-60.927801106695576,-60.979274647839375,-68.17837293757341,-53.838986785531965,0.0001
house-ky-6,HOUSE,KY,6,False,standard,Andy Barr,,0,Zach Dembo,Ralph Alvarado,,-15.313409908980443,-1.0,,-0.0381893615737427,-0.04528698763397178,-0.0,0.0,0.0,0.0,0.0,5.0,-0.6049371165897003,0.19161317511437936,0.3752314174731249,-7.127636105178282,-4.678527837187948,-11.507154834537364,2.1259957178387077,0.18245
house-la-1,HOUSE,LA,1,False,jungle,Steve Scalise,R,-1,Lauren Jewett,Randall Arrington; Steve Scalise,,-38.94809735335349,-2.0,12.025910051031865,,0.0,-0.0,0.0,0.0,0.0,0.0,,,,0.0,-38.88375926927117,-38.95107438694048,-46.12996846005746,-31.668828624084515,0.0002
house-la-2,HOUSE,LA,2,False,jungle,Troy Carter,D,1,Troy Carter; Renada Collins,Peter Williams,,48.34454715461763,0.0,10.026227410449255,,0.0,0.0,0.0,0.0,0.0,0.0,,,,0.0,61.27639198601918,61.29593161623245,53.94393074437107,68.4330899935892,1.0
house-la-3,HOUSE,LA,3,False,jungle,Clay Higgins,R,-1,John Day; Priscilla Gonzalez; Tia LeBrun; Caleb Walker,Kate Cotten; Clay Higgins,,-36.49141918263314,-2.0,3.629297718232862,,0.0,-0.0,0.0,0.0,-0.0144999999999999,-4.878603601326269e-05,,,,0.0,-31.718306334328464,-31.75615781089688,-38.99365021753616,-24.463444592758965,0.0006
house-la-4,HOUSE,LA,4,False,jungle,Mike Johnson,R,-1,Conrad Cable; Matt Gromlich,Gordon Heslop; Mike Johnson; Mike Nichols,,-34.66020705293809,-2.0,,-4.4286200430792935,-0.012523805293530648,-0.0,0.0,0.0,0.2215,0.002003460963484528,,,,0.0,-29.398346651019814,-29.436913239196496,-36.59778305758617,-22.192505390065637,0.0007
house-la-5,HOUSE,LA,5,False,jungle,Julia Letlow,,0,Dan McKay; Patricia Moore; Antonio Wilson,Stewart Cathey Jr.; Misti Cordell; Omar Dantzler; Michael Echols; Gabe Firment; Austin Magee,,-34.46022314691452,0.0,,,0.0,0.0,0.0,0.0,0.0,0.0,,,,0.0,-26.881181363072724,-26.913008772199664,-35.270201612269034,-18.739729290712138,0.0024
house-la-6,HOUSE,LA,6,False,jungle,Cleo Fields,,0,Pat Forbes; Lindsay Garcia,Monique Appeaning; Larry Davis; Rick Edmonds; Chris Johnson; Michael Mebruer; Blake Miguez; Stephen Wagley,,-30.628413524975773,-1.0,,,0.0,-0.0,0.0,0.0,0.0,0.0,,,,0.0,-22.93031538709757,-22.924645668833058,-31.23150126890171,-14.604796754608923,0.00415
house-ma-1,HOUSE,MA,1,False,same_party,Richard Neal,D,1,Richard Neal,,D,13.91472962033623,0.0,,,,,,0.0,0.396,,,,,,,,,,1.0
house-ma-2,HOUSE,MA,2,False,same_party,Jim McGovern,D,1,Jim McGovern,,D,24.287252795533576,0.0,,,,,,0.0,-0.0569999999999999,,,,,,,,,,1.0
house-ma-3,HOUSE,MA,3,False,standard,Lori Trahan,D,1,Lori Trahan,Gary Grossi,,19.39223989927893,2.0,,4.602917822939294,0.011979126699128491,0.0,0.0,0.0,0.193,0.0016697571604507434,,,,0.0,29.51021438112895,29.46024722978669,22.32266168469448,36.662425051175425,0.9994
house-ma-4,HOUSE,MA,4,False,standard,Jake Auchincloss,D,1,Jake Auchincloss,Thomas Stalcup,,20.13118266529218,2.0,,5.765852177419516,0.008903355350679175,0.0,0.0,0.0,0.5090000000000001,0.003272972353080228,,,,0.0,30.22438534250739,30.235901257055218,22.930970818755895,37.49836271722625,0.9993
house-ma-5,HOUSE,MA,5,False,same_party,Katherine Clark,D,1,Katherine Clark,,D,46.346449490580284,0.0,,,,,,0.0,0.103,,,,,,,,,,1.0
house-ma-6,HOUSE,MA,6,False,standard,Seth Moulton,,0,Dan Koh,Micah Jones,,21.088680178889774,1.0,,2.3034776042991005,0.01199789674204112,0.0,0.0,0.0,0.095,0.001072103794191175,,,,0.0,28.853635662432062,28.770489291295014,20.61596769275338,37.259941435996645,0.9983
house-ma-7,HOUSE,MA,7,False,same_party,Ayanna Pressley,D,1,Ayanna Pressley,,D,65.14004345536927,0.0,,,,,,0.0,-0.2809999999999999,,,,,,,,,,1.0
house-ma-8,HOUSE,MA,8,False,standard,Stephen Lynch,D,1,Stephen Lynch,Robert Burke,,26.9861956166176,2.0,14.298747911823163,4.349485181727128,1.2116409657947363e-05,0.0,0.0,0.0,0.266,2.3276969220656656e-06,,,,0.0,43.16392593047892,43.21420838924997,36.09510631973497,50.45480227713314,0.9998
house-ma-9,HOUSE,MA,9,False,standard,Bill Keating,D,1,Bill Keating,Tyler MacAllister,,10.942031882242684,1.0,,1.7503611501444836,0.11813303124056743,0.0,0.0,0.0,0.071,0.01038231337059053,,,,0.0,21.643547685521764,21.562249947495573,14.328123510914152,28.79903526079167,0.9976
house-md-1,HOUSE,MD,1,False,standard,Andy Harris,R,-1,Dan Schwartz,Andy Harris,,-17.30515700957555,-2.0,5.337279097997732,-1.4731728940375293,-0.7828144732564462,-0.0,0.0,0.0,-0.2704999999999999,-0.3114329062967591,1.0,-18.71545707152133,0.09,0.30225921570388786,-13.968809390603955,-15.408434810867696,-21.86395406988345,-8.953361288674882,0.0057
house-md-2,HOUSE,MD,2,False,standard,Johnny Olszewski,D,1,Johnny Olszewski,Dave Wallace,,18.938218026002716,2.0,0.266000010762796,3.367159589513458,0.011463972937710957,0.0,0.0,0.0,0.7454999999999999,0.006172394095879207,,,,0.0,29.621303242762878,29.559945497655427,22.275718987522257,36.76620856906228,0.99895
house-md-3,HOUSE,MD,3,False,standard,Sarah Elfreth,D,1,Sarah Elfreth,Berney Flowers,,24.49027443115774,2.0,-2.323935412135426,3.879679397517795,0.002018769279098532,0.0,0.0,0.0,0.7745000000000002,0.001129221027033532,,,,0.0,33.565998817478494,33.55601145827749,26.320036273146638,40.661454403641635,0.9993
house-md-4,HOUSE,MD,4,False,standard,Glenn Ivey,D,1,Glenn Ivey,George McDermott,,75.6651801829724,2.0,,3.716068236483568,9.634838613264233e-21,0.0,0.0,0.0,0.181,1.2594875142783742e-21,,,,0.0,82.88370332938011,82.874100187488,75.61365703962468,90.14150741703665,1.0
house-md-5,HOUSE,MD,5,False,standard,Steny Hoyer,,0,Adrian Boafo,Chris Chaffee,,34.05016724003836,1.0,,,0.0,0.0,0.0,0.0,0.0,0.0,,,,0.0,41.37509198338151,41.366069392560206,33.201390281758144,49.63354838574793,0.99975
house-md-6,HOUSE,MD,6,False,standard,April McClain Delaney,D,1,April McClain Delaney,Robin Ficker,,5.925898469147308,1.0,0.5356131365762353,3.371052092149576,0.5576536636910754,0.0,0.0,0.0,0.342,0.13774045493169565,,,,0.0,18.50002695030498,18.457487158681325,11.201856200434284,25.696083553054645,0.99335
house-md-7,HOUSE,MD,7,False,standard,Kweisi Mfume,D,1,Kweisi Mfume,Scott Collier,,60.49731735411945,2.0,4.389203584551454,3.8338822565503943,1.2037183260912036e-14,0.0,0.0,0.0,0.124,1.0779966342550112e-15,,,,0.0,69.62914770309511,69.5972343700289,62.30547274995113,76.68366253965979,1.0
house-md-8,HOUSE,MD,8,False,standard,Jamie Raskin,D,1,Jamie Raskin,Cheryl Riley,,58.05566151736721,2.0,-0.0059471840819389,5.622304673504999,9.791753625541337e-13,0.0,0.0,0.0,0.0205000000000001,1.4497235228926552e-14,,,,0.0,64.921521305292,64.88020388043023,57.64381435418084,72.08191288989426,0.99995
house-me-1,HOUSE,ME,1,False,standard,Chellie Pingree,D,1,Chellie Pingree,Ronald Russell,,22.08301794249629,2.0,1.5056209434328922,1.8930307861271725,0.003419096182535656,0.0,0.0,0.0,-0.3235,-0.0012659601295647506,1.0,21.0020645015362,0.08,0.37823034316994414,31.375560395165905,27.458066056217096,21.505808106817735,33.487415243846584,0.9998
house-me-2,HOUSE,ME,2,False,standard,Jared Golden,,0,Matthew Dunlap,Paul LePage,,-9.23471064196821,-1.0,,-0.6957075364858891,-1.1677983857010352,-0.0,0.0,0.0,0.0,0.0,8.0,0.9752330499866526,0.03009730759348989,0.5637151835410421,-1.517166537645587,0.0011678964426846128,-6.021676566808303,5.871510583091443,0.5001
house-mi-1,HOUSE,MI,1,False,standard,Jack Bergman,R,-1,Callie Barr,Jack Bergman,,-21.519722425890762,-2.0,0.2316726756453766,-0.8898274179139831,-0.35093505228935534,-0.0,0.0,0.0,-0.3004999999999999,-0.25677784144222476,,,,0.0,-15.053740108297282,-15.124154329928405,-22.331670834319635,-7.900313017163692,0.01095
house-mi-2,HOUSE,MI,2,False,standard,John Moolenaar,R,-1,Ben Ambrose,John Moolenaar,,-30.540216196830155,-2.0,3.8770253670758894,-3.3498424879426896,-0.05111953520167842,-0.0,0.0,0.0,-0.1514999999999999,-0.005593329143316977,,,,0.0,-25.76864061471879,-25.774491192610753,-32.86720539381551,-18.562750838088665,0.00095
house-mi-3,HOUSE,MI,3,False,standard,Hillary Scholten,D,1,Hillary Scholten,Terri DeBoer,,7.972385433101784,2.0,2.3010195922239145,1.6256937267342797,0.2480655550348645,0.0,0.0,0.0,-0.0779999999999999,-0.02578780868220967,,,,0.0,18.807913463465493,18.74422554653477,11.614234026560057,26.02226872410782,0.9951
house-mi-4,HOUSE,MI,4,False,standard,Bill Huizenga,R,-1,Sean McCann,Bill Huizenga,,-5.621377887750186,-1.0,6.147840019606269,-0.5010513514334808,-0.8408123594134886,-0.0,0.0,0.0,0.0155,0.056356063417820006,4.0,-2.095041297081643,0.0700026953151286,0.36646578218641546,-1.188531787657129,-1.5168595460656682,-7.661917543534123,4.587989667948795,0.36605
house-mi-5,HOUSE,MI,5,False,standard,Tim Walberg,R,-1,Christian Vukasovich,Tim Walberg,,-27.40917258410124,-2.0,5.9077309581649216,-3.533420937766253,-0.10495135976869124,-0.0,0.0,0.0,0.0665,0.00504058058444631,,,,0.0,-23.711765166949736,-23.721689124603767,-30.98115797738632,-16.50250906414089,0.0016
house-mi-6,HOUSE,MI,6,False,standard,Debbie Dingell,D,1,Debbie Dingell,Heather Smiley,,23.922767554940073,2.0,4.0544345737160805,,0.0,0.0,0.0,0.0,0.4305,0.0003915282838173074,,,,0.0,34.56086762278193,34.60462403805196,27.38269399433406,41.73822092909856,0.99945
house-mi-7,HOUSE,MI,7,False,standard,Tom Barrett,R,-1,William Lawrence,Tom Barrett,,-1.303857115880356,-2.0,2.410882391128948,-1.7382445669946092,-2.5776619727360757,-0.0,0.0,0.0,0.2015,0.6474142233100286,2.0,-1.7101463844729055,0.042466584014603875,0.42206097629983824,2.3087724524717874,0.5849613211278807,-5.231142366743851,6.530431954758026,0.5515
house-mi-8,HOUSE,MI,8,False,standard,Kristen McDonald Rivet,D,1,Kristen McDonald Rivet,Thomas Smith,,-2.009144166793344,2.0,9.05853067314203,5.09832166479946,1.004406602369702,0.0,0.0,0.0,-0.0809999999999999,-0.0587577862386275,,,,0.0,16.18616452562777,16.15458384478899,8.927001765780714,23.629646944577104,0.99195
house-mi-9,HOUSE,MI,9,False,standard,Lisa McClain,R,-1,Ray Pooley,Lisa McClain,,-32.77545908113034,-2.0,5.805455279935123,-5.273263460476266,-0.014219323690482124,-0.0,0.0,0.0,-0.0224999999999999,-0.0002310640099703335,,,,0.0,-29.08953538758056,-29.115726612642874,-36.3736979113187,-21.913698878968653,0.0007
house-mi-10,HOUSE,MI,10,False,standard,John James,,0,Christina Hines,Mike Bouchard,,-6.684831205554229,0.0,,-0.1521755647335265,-0.24451949450507557,0.0,0.0,0.0,0.0,0.0,2.0,-3.4687215323167173,0.10000107097153631,0.37352116906099336,2.2878399398180935,0.12329673633622283,-6.697558451356943,6.958689238577726,0.5087
house-mi-11,HOUSE,MI,11,False,standard,Haley Stevens,,0,Jeremy Moss,Ethan Baker,,16.423294509151415,-1.0,,2.19675704633931,0.06037734570646563,-0.0,0.0,0.0,0.0,0.0,,,,0.0,24.396771756436415,24.40687858937354,16.064901094392432,32.5549735300978,0.99655
house-mi-12,HOUSE,MI,12,False,standard,Rashida Tlaib,D,1,Rashida Tlaib,James Hooper,,39.897191011235954,2.0,6.740255373846851,5.340050291667084,5.319405526721725e-08,0.0,0.0,0.0,-0.0714999999999999,-2.7468819094932426e-09,,,,0.0,51.4277011382009,51.42084661430425,44.369002897436154,58.611761606429916,1.0
house-mi-13,HOUSE,MI,13,False,standard,Shri Thanedar,,0,Donavan McKinney,T. P. Nykoriak,,41.99678274964389,1.0,,,0.0,0.0,0.0,0.0,0.0,0.0,,,,0.0,48.985501569622556,49.06011730121293,40.79881081902465,57.297963257217354,0.9997
house-mn-1,HOUSE,MN,1,False,standard,Brad Finstad,R,-1,Jake Johnson,Brad Finstad,,-12.233713055803454,-2.0,4.75157807356985,-0.0817357309336514,-0.09701373109571566,-0.0,0.0,0.0,-0.0124999999999999,-0.03214573586316168,3.0,-4.771313840396072,0.07000016414491037,0.33427808389208225,-7.2023682433797225,-6.329623760571867,-12.500956422200904,-0.17416619725116256,0.09425
house-mn-2,HOUSE,MN,2,False,standard,Angie Craig,,0,Matt Little,Eric Pratt,,5.9507367864820395,0.0,,0.5706436769766289,0.20809183298215772,0.0,0.0,0.0,0.0,0.0,2.0,6.581557548115298,0.080982468186536,0.43483213004344995,15.03952525894115,11.401849973261669,4.761233165055039,17.92539959938313,0.97745
house-mn-3,HOUSE,MN,3,False,standard,Kelly Morrison,D,1,Kelly Morrison,Tyler Bass,,21.720150444274704,2.0,-4.60252185814226,,0.0,0.0,0.0,0.0,0.0,0.0,,,,0.0,29.621813453161135,29.672985673475097,22.393611987936097,36.79703041191965,0.999
house-mn-4,HOUSE,MN,4,False,standard,Betty McCollum,D,1,Betty McCollum,Paul Wikstrom,,36.46698138802974,2.0,-1.6101802176268754,3.83215516867897,9.600527294014036e-06,0.0,0.0,0.0,0.131,9.08316554539217e-07,,,,0.0,43.550420389734995,43.590771404603224,36.38219284801116,50.892289121024,0.99995
house-mn-5,HOUSE,MN,5,False,standard,Ilhan Omar,D,1,Ilhan Omar,John Nagel,,63.542984491902445,2.0,-13.069564180094382,2.1154608785306404,4.241136755678867e-12,0.0,0.0,0.0,-0.3,-1.3031386773297567e-12,,,,0.0,62.87617118668742,62.88180024910509,55.67424025001101,70.07823891819154,0.99995
house-mn-6,HOUSE,MN,6,False,standard,Tom Emmer,R,-1,Doug Chapin,Tom Emmer,,-20.06608890237427,-2.0,4.8763389132086905,-3.231449164368663,-0.9501796920172876,-0.0,0.0,0.0,-0.0674999999999999,-0.046321259985842696,,,,0.0,-16.497000145920264,-16.46668857969545,-23.740503991378247,-9.152717157021142,0.008
house-mn-7,HOUSE,MN,7,False,standard,Michelle Fischbach,R,-1,Erik Osberg,Michelle Fischbach,,-37.09774237198466,-2.0,3.82631766493813,-1.6051921295735947,-0.0017952889087597226,-0.0,0.0,0.0,0.0874999999999999,0.00021203496413195295,,,,0.0,-32.45626282036339,-32.393577195341905,-39.703816704323565,-25.2828326137133,0.00045
house-mn-8,HOUSE,MN,8,False,standard,Pete Stauber,R,-1,Trina Swanson,Pete Stauber,,-14.531388413157739,-2.0,1.43447499278819,-2.0479487256838023,-2.262688072536929,-0.0,0.0,0.0,-0.0135,-0.03231703279075346,,,,0.0,-10.063361949699022,-10.021756062578302,-17.367947328906297,-2.7084371243705374,0.046
house-mo-1,HOUSE,MO,1,False,standard,Wesley Bell,D,1,Wesley Bell,Paul Berry,,58.18768172722622,2.0,2.9716294497426725,,0.0,0.0,0.0,0.0,0.894,2.0031296231360706e-14,,,,0.0,68.64316221107946,68.67601717172136,61.38346733328751,75.7541292634677,1.0
house-mo-2,HOUSE,MO,2,False,standard,Ann Wagner,R,-1,Fred Wellman,Ann Wagner,,-8.036578251263439,-2.0,4.207181997151738,-1.7513577826849565,-2.857995401951463,-0.0,0.0,0.0,0.0934999999999999,0.3305904943597792,2.0,-2.045768868380784,0.15,0.32238512046247236,-4.57320908575645,-3.7080747577965374,-10.034525546936958,2.5093585457558776,0.2173
house-mo-3,HOUSE,MO,3,False,standard,Bob Onder,R,-1,Bethany Mann,Bob Onder,,-27.09880132670149,-2.0,-0.2974415771232381,-2.721599347768508,-0.16653422874569895,-0.0,0.0,0.0,-0.1494999999999999,-0.019820409019953668,,,,0.0,-22.026908177109917,-21.95907753840779,-29.25428020649862,-14.715677997391165,0.0028
house-mo-4,HOUSE,MO,4,False,standard,Mark Alford,R,-1,Jordan Herrera,Mark Alford,,-42.811354448074596,-2.0,2.882068726654942,-3.539218868419995,-0.0002377462330889039,-0.0,0.0,0.0,-0.1125,-1.9316881438473442e-05,,,,0.0,-37.87487443036602,-37.966270187718635,-45.17583385116621,-30.698213608079957,0.0002
house-mo-5,HOUSE,MO,5,False,standard,Emanuel Cleaver,D,1,Emanuel Cleaver,Rick Brattin,,23.50937224201861,1.0,1.2184126690067822,1.874106207615429,0.001963230141719681,0.0,0.0,0.0,0.3075,0.0006979338079163669,,,,0.0,32.60224595298497,32.61872653984888,25.36514162256806,39.61385504226278,0.99945
house-mo-6,HOUSE,MO,6,False,standard,Sam Graves,,0,Josh Smead,Chris Stigall,,-39.31892471811242,0.0,,-1.862502483332656,-0.00265183332107704,0.0,0.0,0.0,0.0,0.0,,,,0.0,-31.91728038195402,-31.827672676067166,-40.017658784401696,-23.556412470979495,0.00105
house-mo-7,HOUSE,MO,7,False,standard,Eric Burlison,R,-1,Missi Hesketh,Eric Burlison,,-43.124014394889,0.0,3.03776442543215,-3.3818441974007443,-0.00019122278976750457,0.0,0.0,0.0,0.0775000000000001,1.0703164482820062e-05,,,,0.0,-38.28653256913697,-38.26931516209087,-45.513687062305806,-30.960899092259698,0.00025
house-mo-8,HOUSE,MO,8,False,standard,Jason Smith,R,-1,Chris Reichard,Jason Smith,,-54.60781455423596,-2.0,0.7571927791819908,-5.642867503322933,-2.720957929279597e-07,-0.0,0.0,0.0,0.0164999999999999,3.242474865724833e-09,,,,0.0,-49.08941413598691,-49.09919049940295,-56.2353040587193,-42.035446520648605,0.0
house-ms-1,HOUSE,MS,1,False,standard,Trent Kelly,R,-1,Cliff Johnson,Trent Kelly,,-37.53256379062851,-2.0,1.961787866264081,-1.0758979445378716,-0.0015556440758831308,-0.0,0.0,0.0,-0.0495000000000001,-0.00015507309776498348,,,,0.0,-31.881568993829866,-31.888942158525545,-39.06742754921215,-24.640062322122294,0.0006
house-ms-2,HOUSE,MS,2,False,standard,Bennie Thompson,D,1,Bennie Thompson,Ron Eller,,20.573389722299627,2.0,3.580985900573041,3.1477987759962702,0.006232881749666516,0.0,0.0,0.0,0.6975000000000001,0.0031398141813945082,,,,0.0,31.059758374868935,31.04644020395382,23.755975436558234,38.23969188123521,0.99925
house-ms-3,HOUSE,MS,3,False,standard,Michael Guest,R,-1,Michael Chiaradio,Michael Guest,,-29.463344005292292,-2.0,,-2.045235290297825,-0.062261485118784245,-0.0,0.0,0.0,-0.0115,-0.0007585184346444896,,,,0.0,-24.095155169898657,-24.101741609356164,-31.40881121947339,-16.811843513372782,0.00155
house-ms-4,HOUSE,MS,4,False,standard,Mike Ezell,R,-1,Jeffrey Hulum III,Mike Ezell,,-42.99199812853909,-1.0,4.783732566765081,-3.0353314029711926,-0.0001228951121206279,-0.0,0.0,0.0,-0.0974999999999999,-8.653864145160873e-06,,,,0.0,-39.109060158001995,-39.151538243432995,-46.40705568028698,-31.865436177870144,0.00035
house-mt-1,HOUSE,MT,1,False,standard,Ryan Zinke,,0,Sam Forstag,Aaron Flint,,-11.922412494511375,0.0,,0.0635156786567131,0.09859704570529103,0.0,0.0,0.0,0.0,0.0,6.0,-1.8877082638472853,0.10566841874674157,0.46604800584879624,-3.2750739582963315,-2.6038806082887502,-9.001626688667917,3.685693652328352,0.2966
house-mt-2,HOUSE,MT,2,False,standard,Troy Downing,R,-1,Brian Miller,Troy Downing,,-30.507838926964144,-2.0,1.3480660134091798,-4.276495910059555,-0.04213371674660046,-0.0,0.0,0.0,0.2555,0.007774841120768523,1.0,-20.197010811367385,0.26,0.2271671220643904,-26.282046046140092,-24.858041270744522,-31.468209151728185,-18.34142615236507,0.00035
house-nc-1,HOUSE,NC,1,False,standard,Don Davis,D,1,Don Davis,Laurie Buckhout,,-11.640982218458934,2.0,5.026946521719204,0.1786801306703458,0.2997700918204406,0.0,0.0,0.0,0.3215000000000001,1.168651763408283,4.0,3.7902802318939166,0.07184055700290236,0.38851932512940585,1.9134262793619823,2.6246596072612896,-3.496138095222395,8.627303769648378,0.7108
house-nc-2,HOUSE,NC,2,False,standard,Deborah Ross,D,1,Deborah Ross,Eugene Douglass,,34.43506519240677,2.0,1.126980153367172,,0.0,0.0,0.0,0.0,0.4135,3.7485740552400953e-06,,,,0.0,43.104934071544875,43.0960203250094,35.891332222666534,50.25456603841533,0.99995
house-nc-3,HOUSE,NC,3,False,standard,Greg Murphy,R,-1,Raymond Smith Jr.,Greg Murphy,,-13.756454677871803,-1.0,,-2.7768693520994554,-3.0917027514575794,-0.0,0.0,0.0,-0.1294999999999999,-0.31239505849418003,1.0,-6.033010923775384,0.15,0.2637000268163663,-11.100916545458983,-9.76384985261473,-16.262006552894384,-3.1666705884224067,0.0345
house-nc-4,HOUSE,NC,4,False,standard,Valerie Foushee,D,1,Valerie Foushee,Max Ganorkar,,46.06391998673297,2.0,0.726365233790994,3.1214903757679835,8.108505247372964e-09,0.0,0.0,0.0,0.022,1.2883513893048155e-10,,,,0.0,53.99701109579601,54.01478012931134,46.86440602868809,61.194082878283126,1.0
house-nc-5,HOUSE,NC,5,False,standard,Virginia Foxx,R,-1,Chuck Hubbard,Virginia Foxx,,-17.953183297610543,-2.0,0.9004566182576133,-2.382014743822398,-1.6969150823555532,-0.0,0.0,0.0,-0.4265,-0.6583044667349228,,,,0.0,-13.470151185299398,-13.579552616770165,-20.755750558772494,-6.225500226883115,0.0167
house-nc-6,HOUSE,NC,6,False,standard,Addison McDowell,R,-1,Cyril Jefferson,Addison McDowell,,-17.37132543617617,0.0,,-1.8159916883842968,-1.2044395170846862,0.0,0.0,0.0,-0.0115,-0.016525746323244904,,,,0.0,-12.789682060810167,-12.826512223096643,-20.082154352392383,-5.500100245913987,0.02055
house-nc-7,HOUSE,NC,7,False,standard,David Rouzer,R,-1,Kimberly Hardy,David Rouzer,,-13.94974512852853,-2.0,3.0371662790510188,-2.4114259874364383,-2.592319278573638,-0.0,0.0,0.0,-0.0484999999999999,-0.11296616702152032,1.0,-10.59341431314228,0.16,0.25108698142893604,-10.72339695731783,-10.659252679273937,-17.168763938748487,-4.222027162086769,0.02305
house-nc-8,HOUSE,NC,8,False,standard,Mark Harris,R,-1,Colby Watson,Mark Harris,,-19.58539183387993,-2.0,-0.5226098593041444,-2.9714893398474422,-1.2815701850151258,-0.0,0.0,0.0,0.2424999999999999,0.22660634372142863,,,,0.0,-15.048070394024858,-15.098017401434642,-22.501833983843692,-7.812328454258589,0.0112
house-nc-9,HOUSE,NC,9,False,standard,Richard Hudson,R,-1,Richard Ojeda,Richard Hudson,,-16.01098912732778,-1.0,3.562598698207295,-0.5658622958580318,-0.44030171625811876,-0.0,0.0,0.0,-0.0055,-0.009272448127071611,1.0,-11.204060588771588,0.12,0.26812556278423305,-10.97737282520927,-11.086386609016305,-17.536433532222535,-4.602039895712306,0.0203
house-nc-10,HOUSE,NC,10,False,standard,Pat Harrigan,R,-1,Ashley Bell,Pat Harrigan,,-17.90491390090454,-2.0,2.14373170993112,-2.820939655170511,-1.2851934545783072,-0.0,0.0,0.0,0.2195,0.21667127334192784,1.0,-9.885131161815028,0.11,0.06072243561083173,-14.776675204783666,-14.359836605980103,-21.572758664987685,-7.295989635683301,0.0123
house-nc-11,HOUSE,NC,11,False,standard,Chuck Edwards,,0,Jamie Ager,Jennifer Balkcom,,-9.615756470815723,-1.0,,,0.0,-0.0,0.0,0.0,0.0,0.0,1.0,-1.7555099175378843,0.09,0.35230307923900606,-0.7808499980381198,-1.1013639345057329,-8.035236845282775,5.800347762712677,0.41945
house-nc-12,HOUSE,NC,12,False,standard,Alma Adams,D,1,Alma Adams,Jack Codiga,,47.05490301304412,2.0,1.1270365772888915,2.921350717741225,3.273719955522917e-09,0.0,0.0,0.0,-0.0869999999999999,-2.1123660636447142e-10,,,,0.0,55.15847844090569,55.18062888379364,48.0677342291819,62.29973741424549,0.99995
house-nc-13,HOUSE,NC,13,False,standard,Brad Knott,R,-1,Paul Barringer,Brad Knott,,-16.650008567022674,-2.0,0.4560768947753066,-0.3592015682133619,-0.24249037893987596,-0.0,0.0,0.0,0.0774999999999999,0.11335745646337107,,,,0.0,-11.587188007079623,-11.535947344146518,-18.809371385643622,-4.20012018809002,0.02905
house-nc-14,HOUSE,NC,14,False,standard,Tim Moore,R,-1,Lakesha Womack,Tim Moore,,-15.227341475872397,-2.0,0.789457935210705,-4.191631695878629,-2.4734520219630878,-0.0,0.0,0.0,-0.2845,-0.5082256835128045,1.0,-2.8716613967486335,0.12,0.05847493059256497,-13.105804884970674,-12.506248464883837,-19.671782709277576,-5.341431710397132,0.02125
house-nd-al,HOUSE,ND,0,False,standard,Julie Fedorchak,R,-1,Trygve Hammer,Julie Fedorchak,,-37.392986132786376,0.0,1.5166580299915813,-2.306827077689307,-0.0016357544008592433,0.0,0.0,0.0,-0.1165,-0.00017898683318898974,,,,0.0,-33.45216287525316,-33.437035027490566,-40.73155691790852,-26.122456808201544,0.00035
house-ne-1,HOUSE,NE,1,False,standard,Mike Flood,R,-1,Chris Backemeyer,Mike Flood,,-13.228325882116762,0.0,6.85585176481844,-1.4734707971875542,-1.3525975037807958,0.0,0.0,0.0,-0.1254999999999999,-0.24961051503141005,3.0,0.3655246996442721,0.06136216523309832,0.4121196215819698,-10.931292941779342,-6.3113941774715965,-12.19982459606682,-0.30836287055306577,0.08905
house-ne-2,HOUSE,NE,2,False,standard,Don Bacon,,0,Denise Powell,Brinker Harding,,4.684329452129328,-1.0,,0.3401203134819927,0.15402032114511838,-0.0,0.0,0.0,0.0,0.0,1.0,3.9121676159540697,0.11999999999999998,0.3658445189059483,13.89393470908894,10.292299383910436,3.5202385448422415,17.154017659920452,0.96615
house-ne-3,HOUSE,NE,3,False,standard,Adrian Smith,R,-1,Becky Stille,Adrian Smith,,-54.43078179590726,-2.0,6.281908983757716,-3.5634760152249814,-3.6800957887174596e-08,-0.0,0.0,0.0,-0.0905,-2.4053514974589395e-09,,,,0.0,-51.94094071638035,-51.94176800323922,-59.071693030253016,-44.66755897571162,0.0001
house-nh-1,HOUSE,NH,1,False,standard,Chris Pappas,,0,Stefany Shaheen,Anthony DiLorenzo,,2.01995452407088,1.0,,-0.02745650817707,-0.018711169035848112,0.0,0.0,0.0,0.0,0.0,1.0,3.100140390864261,0.12,0.412372046637041,11.379876565311688,7.952402253228618,1.3021449974517543,14.603569258771675,0.93265
house-nh-2,HOUSE,NH,2,False,standard,Maggie Goodlander,D,1,Maggie Goodlander,Lily Tang Williams,,3.626907261452192,2.0,2.4630204395387385,1.1004297771301996,0.2557950958751709,0.0,0.0,0.0,0.2975000000000001,0.14983350957616723,8.0,19.30778217872514,0.10056995912721194,0.4021224638574857,17.282054049811535,18.141963927386513,12.166616150671713,24.108373464365283,0.99845
house-nj-1,HOUSE,NJ,1,False,standard,Donald Norcross,D,1,Donald Norcross,Damon Galdo,,19.018716043787666,2.0,-0.6562314713287689,4.573836065745343,0.029429246635079075,0.0,0.0,0.0,1.0475,0.02226404255851052,,,,0.0,27.265969418947282,27.357855255485976,20.0295377562351,34.70782644772782,0.99875
house-nj-2,HOUSE,NJ,2,False,standard,Jeff Van Drew,R,-1,Zack Mullock,Jeff Van Drew,,-12.73536038103531,0.0,4.1645729131194384,-2.213969712600671,-2.56745555405848,0.0,0.0,0.0,0.1605000000000001,0.4032723048749652,,,,0.0,-9.47006073378184,-9.477099821237228,-16.701868593172822,-2.047661117580786,0.055
house-nj-3,HOUSE,NJ,3,False,standard,Herb Conaway,D,1,Herb Conaway,Michael McGuire,,8.495531888848085,2.0,0.3985928017944582,2.302732629859251,0.24345921808782878,0.0,0.0,0.0,0.158,0.03619360953070249,,,,0.0,20.236111548967788,20.263070602931545,12.992692289893993,27.593300114317373,0.99645
house-nj-4,HOUSE,NJ,4,False,standard,Chris Smith,R,-1,Rachel Peace,Chris Smith,,-30.53695687107094,-2.0,5.412096666495109,-2.87931398118424,-0.036157664718368385,-0.0,0.0,0.0,-0.6265000000000001,-0.017046080086157156,,,,0.0,-26.60606714472384,-26.592597112452026,-33.73023969713816,-19.275720390465345,0.0014
house-nj-5,HOUSE,NJ,5,False,standard,Josh Gottheimer,D,1,Josh Gottheimer,Sean Kirrane,,1.5426974936227071,2.0,10.108780542572298,5.764249222090967,0.6357726611748801,0.0,0.0,0.0,0.5660000000000001,0.25988973560693157,,,,0.0,18.161991624955885,18.249251451467885,10.998561573560966,25.585903163184827,0.99525
house-nj-6,HOUSE,NJ,6,False,standard,Frank Pallone,D,1,Frank Pallone,Hillary Herzig,,6.589506910899613,2.0,9.844926059860338,5.136164539520171,0.20117273754498524,0.0,0.0,0.0,0.309,0.04489504926212254,,,,0.0,21.782632742881514,21.868490110310223,14.596274779993205,29.146244406818074,0.9973
house-nj-7,HOUSE,NJ,7,False,standard,Thomas Kean Jr.,R,-1,Rebecca Bennett,Thomas Kean Jr.,,-1.1969676211353153,-2.0,4.184102499735708,-0.1760146501612592,-0.2427698182413197,-0.0,0.0,0.0,-0.4455,-1.3313299026117693,2.0,4.494638628014616,0.10997898920063201,0.35072424540292296,3.7554038529600513,4.096300033773204,-2.183055161156811,10.28124691798704,0.80015
house-nj-8,HOUSE,NJ,8,False,same_party,Rob Menendez,D,1,Rob Menendez,,D,24.811967664433183,0.0,1.4689350950109177,,,,,0.0,0.468,,,,,,,,,,1.0
house-nj-9,HOUSE,NJ,9,False,standard,Nellie Pou,D,1,Nellie Pou,Rosie Pino,,-1.1707415175108455,1.0,6.356050412977262,1.88193531688059,0.7206086605821457,0.0,0.0,0.0,0.346,0.2870535919614848,,,,0.0,15.600143462400842,15.682623741345719,8.297550835320543,22.90109616935747,0.9895
house-nj-10,HOUSE,NJ,10,False,standard,LaMonica McIver,D,1,LaMonica McIver,Carmen Bucco,,51.66747780945097,2.0,2.433459933561772,4.468671940968306,1.0770395184721306e-11,0.0,0.0,0.0,-0.7625,-5.931196792697219e-12,,,,0.0,62.20541894462368,62.281260069653925,55.035414682576665,69.48816497145177,0.99995
house-nj-11,HOUSE,NJ,11,False,standard,Analilia Mejia,D,1,Analilia Mejia,Joe Hathaway,,8.896444150169497,0.0,,-0.075501282829264,-0.008591484198563041,0.0,0.0,0.0,0.0,0.0,,,,0.0,19.680815794599017,19.734708595737104,12.541587179855384,26.927083223509594,0.99635
house-nj-12,HOUSE,NJ,12,False,standard,Bonnie Watson Coleman,,0,Adam Hamawy,Gregg Mele,,24.53718857974177,0.0,,2.7032364785647616,0.003410131479373021,0.0,0.0,0.0,0.0255,6.969784764645988e-05,,,,0.0,32.18999421826061,32.273445848606436,24.010312275228166,40.52950349200499,0.999
house-nm-1,HOUSE,NM,1,False,standard,Melanie Stansbury,D,1,Melanie Stansbury,Didi Okpareke,,12.99640454650893,2.0,-0.1351058694813423,2.545098087771315,0.15933305594259767,0.0,0.0,0.0,-0.1649999999999999,-0.022380892812409677,,,,0.0,21.902059667135763,21.957301731382103,14.648994233977769,29.22780449338289,0.9968
house-nm-2,HOUSE,NM,2,False,standard,Gabe Vasquez,D,1,Gabe Vasquez,Greg Cunningham,,-1.8466859656378058,2.0,6.128641962690037,1.102888155146477,0.7007032571813081,0.0,0.0,0.0,-0.1959999999999999,-0.2698055239428532,2.0,2.9010941574190268,0.11005846545564887,0.3505468473440603,12.264120325863164,9.051650497412052,2.832932631540902,15.142180666732626,0.96415
house-nm-3,HOUSE,NM,3,False,standard,Teresa Leger Fernandez,,0,Teresa Leger Fernández,Martin Zamora,,5.320573111539808,1.0,,1.3384049583296245,0.5446741710157964,0.0,0.0,0.0,-0.1549999999999999,-0.1366699527630972,,,,0.0,14.696774045760295,14.724817071055226,6.54488874129598,23.000189621471456,0.9777
house-nv-1,HOUSE,NV,1,False,standard,Dina Titus,D,1,Dina Titus,Carrie Buck,,2.3001314794627863,1.0,5.603080209551462,-0.0039612007823134,-0.001262417990356304,0.0,0.0,0.0,-0.0569999999999999,-0.039358929369379334,,,,0.0,15.431060504515493,15.439676778661099,8.181590360535667,22.730474141687075,0.9894
house-nv-2,HOUSE,NV,2,False,standard,Mark Amodei,,0,Teresa Benitez-Thompson,David Flippo,,-14.269321190402676,0.0,,-2.081902387467621,-2.734063986466008,0.0,0.0,0.0,0.3605,1.0257598170551616,3.0,-1.9083608163287333,0.17795711363849578,0.3920672530326922,-7.663578307003177,-5.379537035740925,-12.087681809260554,1.3482945758375398,0.1504
house-nv-3,HOUSE,NV,3,False,standard,Susie Lee,D,1,Susie Lee,Martin O'Donnell,,-0.7494067306702425,2.0,3.617845519200176,0.2737094067273298,0.18238681744754437,0.0,0.0,0.0,0.3925000000000002,0.566676867968219,,,,0.0,12.288615689365225,12.323773342330208,5.076612522146214,19.590821556849043,0.9785
house-nv-4,HOUSE,NV,4,False,standard,Steven Horsford,D,1,Steven Horsford,Cody Whipple,,2.359334791654918,2.0,6.082326887381565,1.3478409277054328,0.40102853552643175,0.0,0.0,0.0,0.1159999999999999,0.07478021814282738,,,,0.0,16.26399896014511,16.22945040568105,8.953054200217139,23.549951423234322,0.99225
house-ny-1,HOUSE,NY,1,False,standard,Nick LaLota,R,-1,Chris Gallant,Nick LaLota,,-10.19098649580888,0.0,0.1150856651121694,-1.9182069368577728,-3.112775162915613,0.0,0.0,0.0,-0.3095,-1.088190801814378,1.0,-7.491368201026548,0.21,0.004391712545500653,-6.435351542066706,-6.456346617089312,-13.65389281152295,0.8178125692401976,0.1242
house-ny-2,HOUSE,NY,2,False,standard,Andrew Garbarino,R,-1,Patrick Halpin,Andrew Garbarino,,-14.07654671761222,-1.0,5.3370012983088335,-2.382738044101273,-2.1612268202015663,-0.0,0.0,0.0,-0.5135,-1.0091520323276708,,,,0.0,-12.59147197972345,-12.575093107072092,-19.853923412952042,-5.316140625669932,0.0238
house-ny-3,HOUSE,NY,3,False,standard,Tom Suozzi,D,1,Tom Suozzi,Mike LiPetri,,-4.3468453348013485,1.0,8.046994457016226,1.5842487786789468,0.9409677680514362,0.0,0.0,0.0,-0.1234999999999999,-0.1589316623266626,,,,0.0,13.018215065618145,13.09696576399601,5.804022562343358,20.27059734049529,0.98125
house-ny-4,HOUSE,NY,4,False,standard,Laura Gillen,D,1,Laura Gillen,Jeanine Driscoll,,1.2928081522715966,2.0,1.125822512392883,2.901899652082301,1.235985429963104,0.0,0.0,0.0,0.36,0.332219839055923,,,,0.0,15.625583219334844,15.622510519919341,8.458941467554325,22.938916971940117,0.99135
house-ny-5,HOUSE,NY,5,False,standard,Gregory Meeks,D,1,Gregory Meeks,George Marsh,,42.80056553350199,0.0,6.95871981176503,5.100909761411157,6.363187425519866e-09,0.0,0.0,0.0,0.53,2.4356867423239936e-09,,,,0.0,54.319246321268324,54.29517977529871,47.142232971992385,61.455695954335546,0.9999
house-ny-6,HOUSE,NY,6,False,standard,Grace Meng,D,1,Grace Meng,Joseph Chou,,6.526551363448394,0.0,17.034007473833675,3.292268395120239,0.05637817754760379,0.0,0.0,0.0,-2.0685,-0.08422429907465775,,,,0.0,25.408415491580143,25.38125072954764,18.104905718779982,32.67734714306458,0.99855
house-ny-7,HOUSE,NY,7,False,standard,Nydia Velázquez,,0,Claire Valdez,Melvin Rivera,,47.1903032424627,1.0,,,0.0,0.0,0.0,0.0,0.0,0.0,,,,0.0,53.927121743587264,53.97946491507065,45.591538791044755,62.08352003975613,0.9999
house-ny-8,HOUSE,NY,8,False,standard,Hakeem Jeffries,D,1,Hakeem Jeffries,Lewis Mizrahi,,44.70400544553402,2.0,6.193204163217225,6.741222006781704,2.1972958434455186e-09,0.0,0.0,0.0,0.015,2.380403830399312e-11,,,,0.0,55.710824844935374,55.67133891261364,48.49837020209675,62.9809196957125,0.9999
house-ny-9,HOUSE,NY,9,False,standard,Yvette Clarke,D,1,Yvette Clarke,Joel Azumah,,41.46428833112162,2.0,7.162515442875766,,0.0,0.0,0.0,0.0,0.068,7.441389711976346e-10,,,,0.0,53.15678918206801,53.082050287246844,45.89089476201021,60.25503584236214,1.0
house-ny-10,HOUSE,NY,10,False,standard,Dan Goldman,,0,Brad Lander,Jennifer Moore,,61.892367529836285,2.0,,,0.0,0.0,0.0,0.0,0.0,0.0,,,,0.0,67.78124435445311,67.75624074465411,59.607870270705305,75.95593776220133,1.0
house-ny-11,HOUSE,NY,11,False,standard,Nicole Malliotakis,R,-1,Michael DeCillis,Nicole Malliotakis,,-24.82593754669057,-2.0,3.250007789762239,-3.820946438532169,-0.3593569845648399,-0.0,0.0,0.0,-0.1365,-0.03542660939501714,,,,0.0,-19.89559618260525,-19.91809172045035,-27.21766748036596,-12.601432025078795,0.0042
house-ny-12,HOUSE,NY,12,False,standard,Jerry Nadler,,0,Micah Lasher,Caroline Shinkle,,64.89941854165914,1.0,,2.9216799192690206,4.595958339638564e-15,0.0,0.0,0.0,0.0,0.0,,,,0.0,70.59076029359991,70.57651155247254,62.49738649638035,78.80629786607247,0.99995
house-ny-13,HOUSE,NY,13,False,standard,Adriano Espaillat,,0,Darializa Avila Chevalier,Jomo Williams,,60.27299582357136,0.0,,,0.0,0.0,0.0,0.0,0.0,0.0,,,,0.0,66.26489452391125,66.12956330138724,58.042717755861396,74.33795813629092,1.0
house-ny-14,HOUSE,NY,14,False,standard,Alexandria Ocasio-Cortez,D,1,Alexandria Ocasio-Cortez,Diamant Hysenaj,,32.36610727477116,2.0,6.1515586588277325,4.634311560156069,7.869384863014144e-06,0.0,0.0,0.0,-0.347,-1.9721552842809332e-06,,,,0.0,43.877914814842725,43.833321814732884,36.65279442399398,51.13536147700464,0.9999
house-ny-15,HOUSE,NY,15,False,standard,Ritchie Torres,D,1,Ritchie Torres,Stylo Sapaskis,,48.80797713394829,0.0,8.035282517873483,6.601886794374569,4.161999645790026e-11,0.0,0.0,0.0,0.6200000000000001,1.8636509525037566e-11,,,,0.0,60.6206061546501,60.71158172918756,53.54205418670969,67.94309102518378,0.99995
house-ny-16,HOUSE,NY,16,False,standard,George Latimer,D,1,George Latimer,Joseph Cinquemani,,33.30969325456048,2.0,9.981136065162111,,0.0,0.0,0.0,0.0,1.2135,2.801635658915597e-07,,,,0.0,48.85250678935679,48.87669734055542,41.70081531815527,56.088100190732405,1.0
house-ny-17,HOUSE,NY,17,False,standard,Mike Lawler,R,-1,Cait Conley,Mike Lawler,,0.5597232177745115,-2.0,6.877263421848264,-0.7016754711456092,-0.9527708307231514,-0.0,0.0,0.0,-0.3535,-1.0400008105930687,4.0,2.4782466992743166,0.049639806672011684,0.45901775305578424,3.544034021018332,3.0694782288488835,-2.7647375820144595,8.784524835908904,0.7537
house-ny-18,HOUSE,NY,18,False,standard,Pat Ryan,D,1,Pat Ryan,Jacqueline Auringer,,3.3539403039279723,2.0,11.119021499016792,3.7981200374535495,0.2096384809099116,0.0,0.0,0.0,-0.0259999999999999,-0.003936544808197214,1.0,10.4768826413641,0.08,0.3136852117693214,21.604016449194944,18.14070119114588,11.815587096180296,24.471393007433218,0.9973
house-ny-19,HOUSE,NY,19,False,standard,Josh Riley,D,1,Josh Riley,Peter Oberacker,,1.80061138988952,1.0,0.5404594298880883,1.3953587948041202,0.5781540668732379,0.0,0.0,0.0,-0.1759999999999999,-0.15800195499677486,,,,0.0,14.61803501493024,14.57458491389403,7.444512276606047,21.8508103317915,0.989
house-ny-20,HOUSE,NY,20,False,standard,Paul Tonko,D,1,Paul Tonko,Ralph Ambrosio,,14.320901440778664,2.0,8.065636612737325,3.435000927966396,0.026251700180128054,0.0,0.0,0.0,-0.0459999999999999,-0.0008721398170953634,,,,0.0,27.540284742311425,27.548286415444057,20.151022568871905,34.87220974048245,0.99865
house-ny-21,HOUSE,NY,21,False,standard,Elise Stefanik,,0,Blake Gendebien,Anthony Constantino,,-20.759985363244855,0.0,,-0.7422264670742905,-0.3999997706075197,0.0,0.0,0.0,-0.558,-0.6515527862685165,5.0,-8.514046999085474,0.09601001285488447,0.4756378781735531,-13.847088061236066,-11.256079202981105,-17.677479764863275,-4.898212654240186,0.01885
house-ny-22,HOUSE,NY,22,False,standard,John Mannion,D,1,John Mannion,Kailee Buller,,7.694014964669066,2.0,1.5523099116897905,2.3326459953207626,0.25108944003906525,0.0,0.0,0.0,-0.128,-0.029852567217881047,,,,0.0,20.112818187259922,20.146850735519294,12.837116275832427,27.378066322654178,0.9965
house-ny-23,HOUSE,NY,23,False,standard,Nick Langworthy,R,-1,Aaron Gies,Nick Langworthy,,-21.18795208389146,-2.0,10.27642821648898,-2.789779796601702,-0.3227440357626706,-0.0,0.0,0.0,-0.4615,-0.11567835598331688,2.0,-19.555800139402688,0.13,0.32187864795302656,-20.067327486590614,-19.86983138472992,-26.109548434171455,-13.669663339788809,0.00125
house-ny-24,HOUSE,NY,24,False,standard,Claudia Tenney,R,-1,Alissa Ellman,Claudia Tenney,,-23.23714041522547,-2.0,7.973784829564162,-2.7092184665244248,-0.24803274411217996,-0.0,0.0,0.0,0.1594999999999999,0.031638638059360076,,,,0.0,-20.685624306021197,-20.715057570259752,-27.953594249268708,-13.361144068234879,0.00335
house-ny-25,HOUSE,NY,25,False,standard,Joseph Morelle,D,1,Joseph Morelle,Virginia McIntyre,,18.654098607614007,1.0,3.108762003324924,4.061384204078744,0.015059428474835478,0.0,0.0,0.0,0.126,0.0013704079912100285,,,,0.0,28.94901736088277,28.9822801816791,21.686380734414477,36.31175171957437,0.99935
house-ny-26,HOUSE,NY,26,False,standard,Tim Kennedy,D,1,Tim Kennedy,Dennis Hannon,,19.560710081799225,2.0,10.902353793302002,,0.0,0.0,0.0,0.0,0.402,0.00017559861250562514,,,,0.0,36.056112679932696,35.97139686457973,28.768329658434396,43.211607063912275,0.99975
house-oh-1,HOUSE,OH,1,False,standard,Greg Landsman,D,1,Greg Landsman,Eric Conroy,,-2.6197222469283257,2.0,2.877949597463445,1.248303144638358,1.1566054734657816,0.0,0.0,0.0,0.161,0.3232087849762909,1.0,2.737360109945849,0.075,0.3748919548287262,10.73685987963545,7.769918843414554,1.8220255225601059,13.78557597566637,0.94765
house-oh-2,HOUSE,OH,2,False,standard,David Taylor,R,-1,Jennifer Mazzuckelli,David Taylor,,-42.48019552563594,-2.0,-0.9470432288946152,,0.0,-0.0,0.0,0.0,-0.2115,-4.694647361158426e-05,,,,0.0,-37.38338072858634,-37.34327142171844,-44.56348407460498,-30.025859349547723,0.0004
house-oh-3,HOUSE,OH,3,False,standard,Joyce Beatty,D,1,Joyce Beatty,Cleophus Dulaney,,40.654067267595785,2.0,0.9510588596842676,5.067003526639993,2.957736259825294e-07,0.0,0.0,0.0,0.372,7.946451418063957e-08,,,,0.0,48.96687861911982,49.06744544295878,41.87296541834132,56.249625716239834,1.0
house-oh-4,HOUSE,OH,4,False,standard,Jim Jordan,R,-1,Joshua Kolasinski,Jim Jordan,,-43.01401244702379,-2.0,-0.2886907093336583,-5.803731675777787,-0.0005237818982162777,-0.0,0.0,0.0,0.3245,0.00012275410764585378,,,,0.0,-36.34245851590792,-36.35398531230841,-43.51675408888178,-29.123265584181844,0.00035
house-oh-5,HOUSE,OH,5,False,standard,Bob Latta,R,-1,Brian Shaver,Bob Latta,,-23.972456468406715,-1.0,,-3.951238896820313,-0.4803633907827317,-0.0,0.0,0.0,-0.1094999999999999,-0.037988738154401,,,,0.0,-18.916424338884145,-18.766437367594147,-26.281095504249677,-11.617818758116233,0.0047
house-oh-6,HOUSE,OH,6,False,standard,Michael Rulli,R,-1,Elizabeth Kirtley,Michael Rulli,,-34.89692072203759,-2.0,-0.5852160648202238,-3.880388723453233,-0.010969923378843399,-0.0,0.0,0.0,-0.4485,-0.003553341014463691,,,,0.0,-29.725137298492736,-29.668625864794365,-36.938123325788155,-22.472246447040057,0.00095
house-oh-7,HOUSE,OH,7,False,standard,Max Miller,R,-1,Brian Poindexter,Max Miller,,-11.151670963328055,-1.0,6.298498260781678,-1.3603117515799368,-1.6707017080596327,-0.0,0.0,0.0,-0.4004999999999999,-1.0657493809672154,5.0,9.323240228774418,0.13954740917907577,0.36460404421504666,-9.45284983858159,-2.5870835443745586,-8.573481466079686,3.504103791169088,0.28965
house-oh-8,HOUSE,OH,8,False,standard,Warren Davidson,R,-1,Vanessa Enoch,Warren Davidson,,-15.774611860237084,-2.0,1.6062013192192517,-3.67805348792612,-2.800171846781257,-0.0,0.0,0.0,-0.1814999999999998,-0.3670558595822427,,,,0.0,-12.366816946249992,-12.326186516342075,-19.567324424507362,-5.0623579022118035,0.02285
house-oh-9,HOUSE,OH,9,False,standard,Marcy Kaptur,D,1,Marcy Kaptur,Derek Merrin,,-10.679051092377328,1.0,7.558986951040739,,0.0,0.0,0.0,0.0,0.3605,1.2369678948169474,2.0,-4.032309105085763,0.040024187966409844,0.37499410715438974,4.1531708602653135,1.123764077013588,-4.996413822524124,7.1646265162806815,0.598
house-oh-10,HOUSE,OH,10,False,standard,Mike Turner,R,-1,Kristina Knickerbocker,Mike Turner,,-7.862840402157268,-2.0,13.100731986134754,-1.2934525386281046,-1.584989458681021,-0.0,0.0,0.0,-0.4885,-1.2969778244343535,2.0,-11.823906816517137,0.09672959039352653,0.35782745954356876,-9.622625528600082,-10.345675120040587,-16.487854801913482,-4.35308874390186,0.01905
house-oh-11,HOUSE,OH,11,False,standard,Shontel Brown,D,1,Shontel Brown,Mike Kirchner,,55.46192877452597,2.0,4.566635427774672,,0.0,0.0,0.0,0.0,0.525,3.4664558547743134e-13,,,,0.0,64.99758783549595,65.0090399171221,57.960649359723604,72.1568978806613,1.0
house-oh-12,HOUSE,OH,12,False,standard,Troy Balderson,R,-1,Jerrad Christian,Troy Balderson,,-30.355763886497893,-2.0,3.8833404841271095,-3.158364324000822,-0.05462292006273099,-0.0,0.0,0.0,-0.4585,-0.01808777305743934,,,,0.0,-25.598343320818827,-25.656617836688618,-32.802661128135306,-18.40586582139962,0.0013
house-oh-13,HOUSE,OH,13,False,standard,Emilia Sykes,D,1,Emilia Sykes,Carey Coleman,,3.32248331777791,2.0,2.294345920441325,3.103949148248991,1.1569705814413196,0.0,0.0,0.0,-0.131,-0.10946227223303152,,,,0.0,15.604656132607598,15.624192164383938,8.322172406413404,23.021121621198755,0.9897
house-oh-14,HOUSE,OH,14,False,standard,David Joyce,R,-1,Maria Jukic,David Joyce,,-20.532469622988483,-1.0,8.624096176095186,-4.199716269992327,-0.5254065124908832,-0.0,0.0,0.0,-0.4715,-0.1789155121284927,,,,0.0,-18.748224838506466,-18.661676232033457,-25.958275144541975,-11.408722712589425,0.0047
house-oh-15,HOUSE,OH,15,False,standard,Mike Carey,R,-1,Don Leonard,Mike Carey,,-10.11469405584615,-2.0,3.491416207919907,-1.7720105349286333,-2.663142651494951,-0.0,0.0,0.0,-0.2584999999999999,-0.8417454546631891,3.0,-5.183151218454377,0.10144921699656761,0.36797851934195036,-7.510115604165282,-6.59757749120763,-12.709963918963116,-0.4943539853403578,0.08335
house-ok-1,HOUSE,OK,1,False,standard,Kevin Hern,,0,John Croisant,Mark Tedford,,-21.998761071705406,0.0,,-2.371493376438966,-1.0072870052880354,0.0,0.0,0.0,0.0,0.0,,,,0.0,-15.07880590028136,-15.138425271260687,-23.36671521038054,-6.866238264520329,0.01985
house-ok-2,HOUSE,OK,2,False,standard,Josh Brecheen,R,-1,Brandon Wade,Josh Brecheen,,-56.511293397442095,-2.0,-1.4880994651168402,-2.55852987063112,-1.358766323890239e-07,-0.0,0.0,0.0,0.0314999999999999,3.624573731579421e-09,,,,0.0,-49.868259513636744,-49.834182689022775,-57.11443424262968,-42.764171428321674,0.0001
house-ok-3,HOUSE,OK,3,False,standard,Frank Lucas,R,-1,Suzie Byrd,Frank Lucas,,-46.41821356574914,-2.0,,,0.0,-0.0,0.0,0.0,-0.1514999999999999,-3.2934514487495936e-06,,,,0.0,-41.61836394990032,-41.61242175591076,-49.0269340731025,-34.501012323124755,0.00015
house-ok-4,HOUSE,OK,4,False,standard,Tom Cole,R,-1,Mitchell Jacob,Tom Cole,,-33.8874815283935,-2.0,5.52789183283739,-4.151483000326125,-0.009449674427480017,-0.0,0.0,0.0,-0.2724999999999999,-0.0018597484255193303,,,,0.0,-30.08126243923023,-30.007684430023303,-37.29277826752688,-22.92306150851571,0.00065
house-ok-5,HOUSE,OK,5,False,standard,Stephanie Bice,R,-1,Jena Nelson,Stephanie Bice,,-18.120004629945658,-2.0,3.1425896489637166,-1.9009250370295792,-1.0747710143737328,-0.0,0.0,0.0,-0.0914999999999999,-0.11208929834105646,1.0,-8.057196630918565,0.09,0.3039543675864068,-13.709633898969065,-11.977527754498986,-18.413728179011084,-5.712366702545816,0.01305
house-or-1,HOUSE,OR,1,False,standard,Suzanne Bonamici,D,1,Suzanne Bonamici,Barbara Kahl,,39.11033167782459,2.0,2.9117732858649115,3.928886291229188,3.871072261704117e-07,0.0,0.0,0.0,-0.0519999999999999,-1.4538026938399881e-08,,,,0.0,48.569576322543625,48.587170714166774,41.39839104378892,55.743116142032925,0.99985
house-or-2,HOUSE,OR,2,False,standard,Cliff Bentz,R,-1,Chris Beck,Cliff Bentz,,-27.87852040916719,-1.0,4.139821977072383,-2.8906137222995265,-0.11857996163079047,-0.0,0.0,0.0,-0.2704999999999999,-0.024042554922843837,,,,0.0,-23.263824416572916,-23.278951110893267,-30.510116384383654,-16.0802400258504,0.00205
house-or-3,HOUSE,OR,3,False,standard,Maxine Dexter,D,1,Maxine Dexter,Loran Ayles,,47.613763803262344,2.0,-1.7741002875993097,3.8315948914951576,1.6845746621582852e-09,0.0,0.0,0.0,0.546,6.642839417777506e-10,,,,0.0,56.05317894063653,56.074112065718,48.861042317673544,63.21205678158849,0.99985
house-or-4,HOUSE,OR,4,False,standard,Val Hoyle,D,1,Val Hoyle,Monique DeSpain,,12.442914801419136,2.0,-4.195091537067758,0.7506926118244909,0.10227596299296057,0.0,0.0,0.0,-0.003,-0.0008855738673629975,,,,0.0,19.120975406948865,19.10836484484328,11.89789173565,26.331417486401264,0.99555
house-or-5,HOUSE,OR,5,False,standard,Janelle Bynum,D,1,Janelle Bynum,Patti Adair,,8.808655945204382,1.0,-5.740760742481606,2.1875678219046937,0.5110914941853015,0.0,0.0,0.0,-0.1859999999999999,-0.0941547366414178,,,,0.0,17.27166529432052,17.223738874151778,9.984995531653034,24.47863736990445,0.99335
house-or-6,HOUSE,OR,6,False,standard,Andrea Salinas,D,1,Andrea Salinas,David Russ,,11.741786607103235,0.0,-4.75375163830037,4.132405773482974,0.5222274526305332,0.0,0.0,0.0,-0.1429999999999999,-0.05393449080223113,,,,0.0,18.53639666562782,18.570558788094463,11.434743124071312,25.917288914900713,0.9958
house-pa-1,HOUSE,PA,1,False,standard,Brian Fitzpatrick,R,-1,Bob Harvie,Brian Fitzpatrick,,0.3223803661609427,-1.0,13.00458470436702,-1.719833311783359,-2.814486001510096,-0.0,0.0,0.0,-0.7905,-2.802894249145489,5.0,-5.368385326264277,0.08825934852738859,0.37767451561319226,-3.673472268209522,-4.274662085223232,-10.397794513568176,1.8685576463761853,0.1798
house-pa-2,HOUSE,PA,2,False,standard,Brendan Boyle,D,1,Brendan Boyle,Jessica Arriaga,,36.16987750404209,2.0,6.875239725748949,,0.0,0.0,0.0,0.0,0.468,2.0053988335428907e-07,,,,0.0,47.932376649339055,47.94729740908561,40.621442782046685,55.18787298142854,0.9999
house-pa-3,HOUSE,PA,3,False,same_party,Dwight Evans,,0,Chris Rabb,,D,78.25794319536355,0.0,,,,,,0.0,0.0,,,,,,,,,,1.0
house-pa-4,HOUSE,PA,4,False,standard,Madeleine Dean,D,1,Madeleine Dean,Aurora Stuski,,15.969585034454454,2.0,2.289383330634817,,0.0,0.0,0.0,0.0,-0.007,-0.00024142615566704516,,,,0.0,25.90165629980555,25.967258095959345,18.541288387102227,33.267326501536715,0.9991
house-pa-5,HOUSE,PA,5,False,standard,Mary Gay Scanlon,D,1,Mary Gay Scanlon,Nicholas Manganaro,,28.934375196073226,2.0,1.76660720044707,3.7871637415687354,0.00020497456491404514,0.0,0.0,0.0,-0.0849999999999999,-1.2583160790556645e-05,,,,0.0,38.15572183179269,38.14548640859903,30.887583693602174,45.407838575688565,0.9998
house-pa-6,HOUSE,PA,6,False,standard,Chrissy Houlahan,D,1,Chrissy Houlahan,Marty Young,,11.526010296683289,2.0,0.9975946698571372,2.508355249645427,0.1951320376310735,0.0,0.0,0.0,-0.0529999999999999,-0.00893320925114935,,,,0.0,21.22045621054855,21.206038421499166,14.03524952066846,28.550856942884007,0.99725
house-pa-7,HOUSE,PA,7,False,standard,Ryan Mackenzie,R,-1,Bob Brooks,Ryan Mackenzie,,-3.2388654010275633,-2.0,-2.355699136867992,-0.6317339165053999,-0.8992035054716321,-0.0,0.0,0.0,0.1665000000000001,0.5134878089074687,2.0,5.5244330505937365,0.14927195926031211,0.31652764421627727,4.49981285768941,4.749659119395672,-1.5149999550900377,11.076541502703536,0.8377
house-pa-8,HOUSE,PA,8,False,standard,Rob Bresnahan,R,-1,Paige Cognetti,Rob Bresnahan,,-8.56734175384965,0.0,-7.067747166199494,-0.1608595686124057,-0.2655163851885581,0.0,0.0,0.0,0.2355,0.8422236657174114,3.0,-4.959370000859899,0.08381650057006287,0.3465306636479714,2.170900839894035,-0.3325200159893763,-6.4788417244409455,5.902390526429537,0.473
house-pa-9,HOUSE,PA,9,False,standard,Dan Meuser,R,-1,Rachel Wallace,Dan Meuser,,-38.286959054699274,-2.0,2.608873568153924,-1.0679900369395,-0.0009245025890851067,-0.0,0.0,0.0,-0.2885,-0.0005411016395964301,,,,0.0,-33.01962841353316,-33.02465496929402,-40.38589101583385,-25.85146130732017,0.00045
house-pa-10,HOUSE,PA,10,False,standard,Scott Perry,R,-1,Janelle Stelson,Scott Perry,,-5.291422535038262,-2.0,-4.151129385491565,0.1494422773900157,0.20155017207071865,-0.0,0.0,0.0,0.0825,0.2410769822760206,4.0,3.509768320156325,0.08998493280028842,0.3421063359427311,6.066847599193757,5.1149056627899805,-1.055493979570359,11.347889970113057,0.8581
house-pa-11,HOUSE,PA,11,False,standard,Lloyd Smucker,R,-1,Nancy Mannion,Lloyd Smucker,,-21.57463662043542,-2.0,4.095484210414823,-2.380551743247054,-0.5863332620743236,-0.0,0.0,0.0,-0.1405,-0.07497825565135595,,,,0.0,-17.28896906153576,-17.285005522741464,-24.47830208665664,-10.01820837692015,0.007
house-pa-12,HOUSE,PA,12,False,standard,Summer Lee,D,1,Summer Lee,James Hayes,,19.36501513829129,2.0,-6.417284853198422,3.542230104311741,0.08122728907265186,0.0,0.0,0.0,-0.3674999999999999,-0.02155907630803301,,,,0.0,24.440378910299994,24.519600206953807,17.254894841986665,31.612766042193574,0.99845
house-pa-13,HOUSE,PA,13,False,standard,John Joyce,R,-1,Beth Farnham,John Joyce,,-45.903263915331515,-1.0,2.371768990263837,-3.974147881246629,-4.743762927408372e-05,-0.0,0.0,0.0,-0.5894999999999999,-2.019657066344114e-05,,,,0.0,-40.82388572859192,-40.852469177480494,-48.06256041883816,-33.66421952955566,0.00015
house-pa-14,HOUSE,PA,14,False,standard,Guy Reschenthaler,R,-1,Alan Bradstock,Guy Reschenthaler,,-33.59611755448029,-2.0,-0.5736424213984757,-3.0867150593980157,-0.03965750444273959,-0.0,0.0,0.0,0.0464999999999999,0.0013318311908686686,,,,0.0,-26.451634583310067,-26.46570917314279,-33.652566366377876,-19.14478450102089,0.0014
house-pa-15,HOUSE,PA,15,False,standard,Glenn Thompson,R,-1,Ray Bilger,Glenn Thompson,,-38.28705018459166,-2.0,4.520306171266205,-2.854702730775781,-0.0015141656927748742,-0.0,0.0,0.0,-0.1865000000000001,-0.00021433023962854944,,,,0.0,-34.07127379022164,-34.02079188839855,-41.258503306761554,-26.812184583270582,0.0003
house-pa-16,HOUSE,PA,16,False,standard,Mike Kelly,R,-1,Justin Wagner,Mike Kelly,,-22.959797174936618,-2.0,4.221778839893523,-3.309944842356144,-0.5153399964335384,-0.0,0.0,0.0,-0.2385,-0.08876731438567699,,,,0.0,-18.725039039102256,-18.72303865030526,-26.039186353285267,-11.428846379420643,0.00505
house-pa-17,HOUSE,PA,17,False,standard,Chris Deluzio,D,1,Chris Deluzio,Tony Guy,,5.556475855381876,1.0,2.318801483224491,3.1461326511754963,0.7596545943301446,0.0,0.0,0.0,-0.119,-0.06528809207937408,,,,0.0,17.201663124114436,17.213029288049324,9.856089894205207,24.543620711631153,0.99295
house-ri-1,HOUSE,RI,1,False,standard,Gabe Amo,D,1,Gabe Amo,Kellie Keenan,,22.659710215618045,2.0,10.12108999602192,4.280622740988987,0.00015902247157803667,0.0,0.0,0.0,-0.126,-1.4471044913601337e-05,,,,0.0,38.63170471753059,38.74571103382789,31.47052460656143,46.01292197454985,0.99975
house-ri-2,HOUSE,RI,2,False,standard,Seth Magaziner,D,1,Seth Magaziner,Vic Mellor,,6.934426897530219,2.0,9.9531269699233,-0.2676043123476803,-0.01611171027033594,0.0,0.0,0.0,0.01,0.0013044896503899884,,,,0.0,21.87905016292736,21.884506164764908,14.631384635484098,29.02227409768474,0.998
house-sc-1,HOUSE,SC,1,False,standard,Nancy Mace,,0,Nancy Lacore,Jenny Costa Honeycutt,,-13.209432555402822,-1.0,,1.3771859224041345,1.9718956675247472,-0.0,0.0,0.0,0.0,0.0,3.0,-3.87376215772681,0.14393872762330948,0.4186076848770204,-2.825713878777026,-3.273039830623946,-9.947425593271072,3.562451474657086,0.2639
house-sc-2,HOUSE,SC,2,False,standard,Joe Wilson,R,-1,Zyon Khalifa,Joe Wilson,,-14.123469393416519,-2.0,5.083766349706159,-3.18960815411455,-2.7525548510123556,-0.0,0.0,0.0,-0.3265,-0.649067725840108,,,,0.0,-12.734479875360783,-12.722724816845348,-20.096971487441344,-5.319709310637619,0.0231
house-sc-3,HOUSE,SC,3,False,standard,Sheri Biggs,R,-1,Eunice Lehmacher,Sheri Biggs,,-43.61925875397908,-2.0,4.062430794403936,-2.3504465086640627,-2.7897205504028014e-05,-0.0,0.0,0.0,0.0055,1.4143767905271427e-07,,,,0.0,-41.32671613653817,-41.280389154246436,-48.71056442564522,-34.23188975133001,0.00025
house-sc-4,HOUSE,SC,4,False,standard,William Timmons,R,-1,Courtney McClain,William Timmons,,-23.96239999770522,-2.0,-0.8825024847807912,-4.182328735773561,-0.7887779609752101,-0.0,0.0,0.0,-0.0914999999999999,-0.05212507692111175,,,,0.0,-17.183284006637532,-17.181488298647864,-24.548551654916423,-9.863737061323766,0.00745
house-sc-5,HOUSE,SC,5,False,standard,Ralph Norman,,0,Mallory Dittmer,Wes Climer,,-23.088838343075633,-1.0,,-1.7084256700567788,-0.5779493433579619,-0.0,0.0,0.0,0.0,0.0,,,,0.0,-15.769376510167099,-15.762922047437842,-23.887703731539446,-7.521465265920785,0.01625
house-sc-6,HOUSE,SC,6,False,standard,Jim Clyburn,D,1,Jim Clyburn,John Peterson,,23.044582639922922,2.0,0.7520332985104341,,0.0,0.0,0.0,0.0,0.103,0.0003209370682314966,,,,0.0,31.892390433207865,31.937211651969086,24.692768130137274,39.13544424644529,0.99935
house-sc-7,HOUSE,SC,7,False,standard,Russell Fry,R,-1,John Vincent,Russell Fry,,-26.624063961841426,-2.0,3.211281233000242,-1.9979614653614692,-0.14275614082448407,-0.0,0.0,0.0,0.1385,0.02144122363474292,1.0,-9.30236104177326,0.22,0.22055791396271304,-21.44467202686614,-18.786680847831374,-25.287803005550995,-12.188783449935116,0.0032
house-sd-al,HOUSE,SD,0,False,standard,Dusty Johnson,,0,Nikki Gronli,Marty Jackley,,-29.890199073853058,0.0,,-1.6300692444743894,-0.09016290841160043,0.0,0.0,0.0,0.0,0.0,1.0,-11.24727068978169,0.1,0.37164754784600296,-22.26112805126417,-18.115204007251528,-24.96118982124266,-11.233386002236674,0.0041
house-tn-1,HOUSE,TN,1,False,standard,Diana Harshbarger,R,-1,Kristi Burke,Diana Harshbarger,,-58.4412194612654,-2.0,1.6563396393269647,-3.1003061328956925,-1.0557723974784328e-08,-0.0,0.0,0.0,-0.0215,-1.6393799171956776e-10,,,,0.0,-53.64391154149007,-53.65435150060425,-60.84552510540974,-46.442662500858034,0.00015
house-tn-2,HOUSE,TN,2,False,standard,Tim Burchett,R,-1,Michaela Barnett,Tim Burchett,,-34.325708961516874,-2.0,4.058296347738071,-2.070967037829489,-0.0075613504508687795,-0.0,0.0,0.0,0.0464999999999999,0.00036785040225625773,,,,0.0,-29.72146869560195,-29.712949422423648,-37.05473341896419,-22.456809221111612,0.00065
house-tn-3,HOUSE,TN,3,False,standard,Chuck Fleischmann,R,-1,Anna Golladay,Chuck Fleischmann,,-36.206458812861825,-2.0,2.900817689221987,-4.169554931040088,-0.006308087119784068,-0.0,0.0,0.0,-0.1265,-0.0005763138482491611,,,,0.0,-31.029446494913927,-31.020690830611162,-38.32984250776943,-23.76965229097257,0.0005
house-tn-4,HOUSE,TN,4,False,standard,Scott DesJarlais,R,-1,Victoria Broderick,Scott DesJarlais,,-24.276339895406547,-2.0,0.4256528129548362,-2.001929890082561,-0.4124285400744886,-0.0,0.0,0.0,-0.0744999999999997,-0.03325433148624297,,,,0.0,-17.82952824748791,-17.83831492019212,-25.228052142844266,-10.471189179664984,0.0054
house-tn-5,HOUSE,TN,5,False,standard,Andy Ogles,,0,Chaz Molder,Charlie Hatcher,,-23.390548243207476,0.0,,1.2600334787356715,0.39903581134377303,0.0,0.0,0.0,0.0,0.0,1.0,-13.339323056183373,0.12,0.3439534910482345,-15.102048424522076,-14.513256240544536,-21.432098777613,-7.560781512948571,0.0114
house-tn-6,HOUSE,TN,6,False,standard,John Rose,,0,Mike Croley,Johnny Garrett,,-26.87603213256081,-1.0,,-4.409684300615743,-0.4027131199362159,-0.0,0.0,0.0,0.0,0.0,,,,0.0,-19.478323610534574,-19.435855173983025,-27.742045975075996,-11.240051595094526,0.0087
house-tn-7,HOUSE,TN,7,False,standard,Matt Van Epps,R,-1,Darden Copeland,Matt Van Epps,,-22.72632896191422,-2.0,,-1.292893131043007,-0.283791591467609,-0.0,0.0,0.0,0.0,0.0,,,,0.0,-17.403007661495362,-17.371684185690086,-24.78193933099144,-10.027618241429485,0.0065
house-tn-8,HOUSE,TN,8,False,standard,David Kustoff,R,-1,Heidi Kuhn,David Kustoff,,-20.43242219556846,-2.0,5.589980351150671,-4.1955003674277975,-0.8014906635087115,-0.0,0.0,0.0,-0.1494999999999999,-0.08653872802939887,,,,0.0,-17.15981716827947,-17.125331150957294,-24.40887677792152,-9.87261917496233,0.0065
house-tn-9,HOUSE,TN,9,False,standard,Steve Cohen,,0,Justin Pearson,Brent Taylor,,-21.425243647535822,0.0,,0.40894136279688,0.19446266890806477,0.0,0.0,0.0,0.0,0.0,1.0,-9.745935953508909,0.08,0.37173704856281004,-13.286859668842459,-12.04383683562029,-18.748585959090832,-5.14625835661613,0.02055
house-tx-1,HOUSE,TX,1,False,standard,Nathaniel Moran,R,-1,Yolanda Prince,Nathaniel Moran,,-49.90366327371402,-2.0,,-4.0808776873589006,-3.313679554742127e-06,-0.0,0.0,0.0,-0.0324999999999999,-7.777942288214134e-08,,,,0.0,-45.274935401322395,-45.282927743554,-52.52872894882954,-37.880197725831174,0.00015
house-tx-2,HOUSE,TX,2,False,standard,Dan Crenshaw,,0,Shaun Finnie,Steve Toth,,-23.13431489842665,-1.0,,1.1769781686931509,0.39425571407163273,-0.0,0.0,0.0,0.5614999999999999,0.4075223683575632,,,,0.0,-14.436330302432482,-14.46410222578223,-22.796143406164436,-6.084166671565103,0.02325
house-tx-3,HOUSE,TX,3,False,standard,Keith Self,R,-1,Evan Hunt,Keith Self,,-23.981599143217043,-2.0,4.377038951909401,-0.5321954762621353,-0.0681127759354047,-0.0,0.0,0.0,-0.0894999999999999,-0.02481832908384485,,,,0.0,-19.34775228082355,-19.30399166077678,-26.571455196036275,-11.955976085234697,0.0039
house-tx-4,HOUSE,TX,4,False,standard,Pat Fallon,R,-1,Jason Pearce,Pat Fallon,,-25.158856069593824,-2.0,3.9926543055347343,-3.609844240555603,-0.2921684492593271,-0.0,0.0,0.0,-0.0415,-0.008756937687522611,,,,0.0,-20.551546156468117,-20.584422382613973,-27.82656517929974,-13.299780762074484,0.00315
house-tx-5,HOUSE,TX,5,False,standard,Lance Gooden,R,-1,Chelsey Hockett,Lance Gooden,,-21.843996130993506,-2.0,0.7706207290556284,-4.400731468227505,-1.0397664324924392,-0.0,0.0,0.0,0.0304999999999999,0.02290374391573615,,,,0.0,-16.093037166024,-16.119985462420978,-23.4877640560271,-8.840738500440832,0.00835
house-tx-6,HOUSE,TX,6,False,standard,Jake Ellzey,R,-1,Danny Minton,Jake Ellzey,,-23.274848423140842,-2.0,1.933670214497201,-4.464409443518912,-0.6481301985285952,-0.0,0.0,0.0,0.3874999999999999,0.18138643750487765,,,,0.0,-17.65261137422879,-17.733906313535783,-25.120099222212296,-10.53518288337531,0.00555
house-tx-7,HOUSE,TX,7,False,standard,Lizzie Fletcher,D,1,Lizzie Fletcher,Alexander Hale,,24.093375271886345,2.0,1.041189715720237,3.326006034067751,0.0025374074455621434,0.0,0.0,0.0,0.192,0.0003518538324512839,,,,0.0,33.07158537785626,33.02219790747478,25.683952983192004,40.30076564772499,0.99935
house-tx-8,HOUSE,TX,8,False,standard,Morgan Luttrell,,0,Laura Jones,Jessica Hart Steinmann,,-27.993926866059134,0.0,,-3.647668193418901,-0.29446468329810044,0.0,0.0,0.0,-0.123,-0.026158279366314593,,,,0.0,-20.543390557427475,-20.505663826823692,-28.723008454681313,-12.24428700865229,0.0065
house-tx-9,HOUSE,TX,9,False,standard,None (new seat),,0,Leticia Gutierrez,Alex Mealer,,-19.967725626975657,0.0,,-3.2658243281499675,-1.8613179044606676,0.0,0.0,0.0,0.0,0.0,1.0,-5.39341431314228,0.16,0.35785042181876675,-13.838023060913757,-10.829126244975953,-17.674789509528786,-3.9515409607377165,0.0302
house-tx-10,HOUSE,TX,10,False,standard,Michael McCaul,,0,Caitlin Rourk,Chris Gober,,-22.935141814419953,0.0,,-1.8936915323748045,-0.6621956613932156,0.0,0.0,0.0,0.0,0.0,1.0,-8.236642081041056,0.11,0.4175833824727187,-15.695835292175916,-12.589561381777525,-19.370041112402703,-5.852569572145002,0.0164
house-tx-11,HOUSE,TX,11,False,standard,August Pfluger,R,-1,Claire Reynolds,August Pfluger,,-34.776226874930764,-2.0,,-3.942460227073517,-0.011924445194374836,-0.0,0.0,0.0,0.2495,0.002148718777108599,,,,0.0,-29.51750695728931,-29.53748890295848,-36.887499604204386,-22.377300301552864,0.00055
house-tx-12,HOUSE,TX,12,False,standard,Craig Goldman,R,-1,Angela Rodriguez Prilliman,Craig Goldman,,-24.152059215739328,-2.0,3.551298924208573,-4.552849302759294,-0.2401939479569169,-0.0,0.0,0.0,-0.2165,-0.03755699258470792,,,,0.0,-21.213244945997264,-21.201875348082943,-28.485444632293653,-13.895986517288618,0.0029
house-tx-13,HOUSE,TX,13,False,standard,Ronny Jackson,R,-1,Mark Nair,Ronny Jackson,,-46.66045241939511,-1.0,,-4.123729160530777,-2.5983274253950318e-05,-0.0,0.0,0.0,0.3985000000000001,7.478130681810536e-06,,,,0.0,-41.87204687017094,-41.887006808485,-49.14230350592202,-34.64736825468368,0.00015
house-tx-14,HOUSE,TX,14,False,standard,Randy Weber,R,-1,Thurman Bartie,Randy Weber,,-24.57811033271256,0.0,2.5586414324048965,-3.486899162545146,-0.42553065846514354,0.0,0.0,0.0,-0.1925,-0.05916058182272343,,,,0.0,-19.351135214987725,-19.31215581746741,-26.562503277644165,-11.81115839267385,0.0042
house-tx-15,HOUSE,TX,15,False,standard,Monica De La Cruz,R,-1,Bobby Pulido,Monica De La Cruz,,-18.01759130969824,-2.0,-3.06719418329246,-0.74062669080336,-0.7089373562108086,-0.0,0.0,0.0,0.3185,0.6605566069564828,6.0,6.329736451430724,0.04969518012368586,0.4602403140958697,-9.04856741277116,-1.891158201053536,-7.825152772707671,3.891291874734855,0.33415
house-tx-16,HOUSE,TX,16,False,standard,Veronica Escobar,D,1,Veronica Escobar,Adam Bauman,,16.63676773389655,2.0,2.880079198126336,,0.0,0.0,0.0,0.0,0.271,0.006567580942962516,,,,0.0,26.871447976660185,26.879563381041507,19.505503169558345,34.00232957630487,0.9991
house-tx-17,HOUSE,TX,17,False,standard,Pete Sessions,R,-1,Casey Shepard,Pete Sessions,,-21.9502302161465,-2.0,3.27939312884149,-3.841873531374521,-0.7496063320433838,-0.0,0.0,0.0,-0.1134999999999999,-0.061446896829445104,,,,0.0,-17.376327097553467,-17.415157547480298,-24.83795045808371,-10.056288006228181,0.00655
house-tx-18,HOUSE,TX,18,False,standard,Christian Menefee,D,1,Christian Menefee,Ronald Whitfield,,55.72034781448782,2.0,,,0.0,0.0,0.0,0.0,0.0,0.0,,,,0.0,64.2892006637095,64.33063125793468,57.12947675779219,71.64239722128511,0.99995
house-tx-19,HOUSE,TX,19,False,standard,Jodey Arrington,,0,Kyle Rable,Tom Sell,,-52.16553105495645,0.0,,-3.738275075790237,-3.149709583850773e-06,0.0,0.0,0.0,0.0,0.0,,,,0.0,-45.355568626694904,-45.36146583591302,-53.58106184741097,-37.07840079853432,0.0002
house-tx-20,HOUSE,TX,20,False,standard,Joaquin Castro,D,1,Joaquin Castro,Edgardo Rafael Baez,,28.881561605032594,2.0,,2.294226033327514,0.00011767339506298696,0.0,0.0,0.0,-0.0229999999999999,-2.556006877898459e-06,,,,0.0,38.69297389881855,38.72858158147095,31.36733610827558,45.981341212629694,0.9998
house-tx-21,HOUSE,TX,21,False,standard,Chip Roy,,0,Kristin Hook,Mark Teixeira,,-22.084735744258868,0.0,,-2.696274309601862,-1.1255583635460435,0.0,0.0,0.0,-0.1799999999999999,-0.16280530516487982,,,,0.0,-15.448289901536587,-15.570314573446078,-23.745294151660538,-7.121720282814836,0.01665
house-tx-22,HOUSE,TX,22,False,standard,Troy Nehls,,0,Marquette Greene-Scott,Trever Nehls,,-22.728896297178235,1.0,,-3.0907369778590583,-1.0961452353950902,0.0,0.0,0.0,-0.1964999999999999,-0.1555612779898198,,,,0.0,-16.07355929614345,-16.04446652876244,-24.505527521062522,-7.769211025260089,0.01635
house-tx-23,HOUSE,TX,23,False,standard,Vacant,,0,Katy Padilla Stout,Brandon Herrera,,-14.973852558895206,0.0,,-1.4077439537212355,-1.7288243332900115,0.0,0.0,0.0,0.2704999999999999,0.7197581103609061,1.0,-6.558252640668411,0.18,0.04506294204770581,-7.7262861714884306,-7.699301280827207,-15.919225785151811,0.5799909940471651,0.11425
house-tx-24,HOUSE,TX,24,False,standard,Beth Van Duyne,R,-1,Kevin Burge,Beth Van Duyne,,-16.38594296670372,-2.0,4.150819196649517,-2.9824077077977607,-2.0804739898491262,-0.0,0.0,0.0,0.0064999999999999,0.00982428009885012,,,,0.0,-13.320795154321264,-13.263602671538187,-20.673542785673447,-5.863295583791724,0.0183
house-tx-25,HOUSE,TX,25,False,standard,Roger Williams,R,-1,Dione Sims,Roger Williams,,-24.33804955302802,-2.0,,,0.0,-0.0,0.0,0.0,-0.0375,-0.011809683317328791,,,,0.0,-18.784829982070917,-18.793133369886455,-26.158923976709996,-11.442853644020817,0.0048
house-tx-26,HOUSE,TX,26,False,standard,Brandon Gill,R,-1,Steven Shook,Brandon Gill,,-24.143127359490155,-2.0,3.651963273463141,-4.930306615906332,-0.23698499632953504,-0.0,0.0,0.0,0.3134999999999999,0.053657352918945536,,,,0.0,-21.16502662401595,-21.16866452151806,-28.515643943986213,-13.829764194665575,0.0028
house-tx-27,HOUSE,TX,27,False,standard,Michael Cloud,R,-1,Tanya Lloyd,Michael Cloud,,-21.457064940663432,-2.0,2.6691188187887525,-2.106562829182046,-0.6359034016848703,-0.0,0.0,0.0,-0.1434999999999999,-0.09385571758646467,,,,0.0,-16.4518659997629,-16.508296934327362,-23.763751625344252,-9.260518455934584,0.0068
house-tx-28,HOUSE,TX,28,False,standard,Henry Cuellar,D,1,Henry Cuellar,Tano Tijerina,,-10.459161706977333,1.0,12.783449903273231,0.6455803402855187,0.8420373799898384,0.0,0.0,0.0,0.966,2.7299224067747914,3.0,10.485560046602195,0.20921965344801144,0.30559709329529927,9.609272373823378,9.845980519728336,3.516038760734496,16.22166722525475,0.9709
house-tx-29,HOUSE,TX,29,False,standard,Sylvia Garcia,D,1,Sylvia Garcia,Martha Fierro,,30.845369895153603,2.0,9.494159693134456,4.0407394889597965,6.264331816089984e-06,0.0,0.0,0.0,0.275,1.2441659023623165e-06,,,,0.0,44.25063957586641,44.2656548613712,36.99467115012651,51.530437837077045,0.99975
house-tx-30,HOUSE,TX,30,False,standard,None (new seat),,0,Frederick Haynes III,Everett Jackson,,47.804896337119935,0.0,,2.355646780726939,4.32488802619329e-09,0.0,0.0,0.0,0.0,0.0,,,,0.0,54.5102410095854,54.51050432750132,46.285843613830245,62.752648666757814,0.99995
house-tx-31,HOUSE,TX,31,False,standard,John Carter,R,-1,Justin Early,John Carter,,-22.146914200858628,-2.0,5.50460131947117,-2.333948288272066,-0.41416469598027433,-0.0,0.0,0.0,-0.1985,-0.0763193143101117,,,,0.0,-18.481868904952677,-18.454369502528365,-25.830439347765907,-11.12871088297071,0.0055
house-tx-32,HOUSE,TX,32,False,standard,None (new seat),,0,Dan Barrios,Jace Yarbrough,,-18.113580215751295,1.0,,-1.9920184499570408,-1.6600823654913024,0.0,0.0,0.0,0.0,0.0,,,,0.0,-11.707708919794676,-11.705398790032758,-19.978512868626975,-3.3579335803496075,0.0425
house-tx-33,HOUSE,TX,33,False,standard,Jasmine Crockett,,0,Colin Allred,Patrick Gillespie,,33.340829756235884,2.0,,5.698024768164236,5.108856730642651e-05,0.0,0.0,0.0,-0.2169999999999998,-8.006713798412725e-06,,,,0.0,40.69288335564683,40.721254894893065,32.43229622819195,48.947233973629544,0.9998
house-tx-34,HOUSE,TX,34,False,standard,Vicente Gonzalez,D,1,Vicente Gonzalez,Eric Flores,,-10.22506904859846,2.0,7.7580469982158204,0.5670429655065609,0.8733472787374947,0.0,0.0,0.0,0.445,1.4849885913503884,4.0,2.553817220801984,0.13028485329685896,0.36648019630355977,5.895702928902985,4.684113034387405,-1.5057099741046907,10.848743153455704,0.8368
house-tx-35,HOUSE,TX,35,False,standard,None (new seat),,0,Johnny Garcia,Carlos De La Cruz,,-10.563314149260139,1.0,,-0.1154239105962223,-0.18935318448087737,0.0,0.0,0.0,0.0,0.0,1.0,-6.128289818511208,0.11,0.35305894165175106,-2.040286625117278,-3.500609832214707,-10.451031968425958,3.3393634878316583,0.24935
house-tx-36,HOUSE,TX,36,False,standard,Brian Babin,R,-1,Rhonda Hart,Brian Babin,,-25.312327790203895,-2.0,1.2204653389580633,-4.272558505421538,-0.42365726047404867,-0.0,0.0,0.0,-0.2305,-0.07052716561169373,,,,0.0,-19.37745923781371,-19.329812232619034,-26.61469822119974,-12.062027914147933,0.0045
house-tx-37,HOUSE,TX,37,False,standard,Greg Casar,D,1,Greg Casar,Lauren Peña,,57.704254135704865,2.0,0.1564659071256935,2.423937150360713,9.825593940265421e-13,0.0,0.0,0.0,0.013,1.1417549719731448e-14,,,,0.0,64.68078203713901,64.56543047978647,57.460342014147514,71.72077383121015,0.9999
house-tx-38,HOUSE,TX,38,False,standard,Wesley Hunt,,0,Melissa McDonough,Jon Bonck,,-21.29669299579903,0.0,,-2.5961749643330245,-1.2653873721593456,0.0,0.0,0.0,-0.2179999999999999,-0.23021739430550284,,,,0.0,-14.844517653232412,-14.880731344233428,-23.23531583828718,-6.698045408522697,0.0193
house-ut-1,HOUSE,UT,1,False,standard,None (new seat),,0,Ben McAdams,Riley Owen,,24.325735111457707,2.0,,2.682011367190529,0.003707122974089568,0.0,0.0,0.0,0.118,0.00035338693388974334,,,,0.0,31.985490118049405,32.032896785336604,23.765478094140782,40.303291928419796,0.999
house-ut-2,HOUSE,UT,2,False,standard,Blake Moore,R,-1,Peter Crosby,Blake Moore,,-29.9231434255034,-2.0,11.8569342565702,-4.00714262469264,-0.012129223509379889,-0.0,0.0,0.0,-0.3685,-0.003228058067871353,3.0,-4.6602751053934295,0.301770797705796,0.251363962686018,-29.481512209024338,-23.234481435647574,-29.7039904235917,-16.753283656035734,0.0007
house-ut-3,HOUSE,UT,3,False,standard,Celeste Maloy,R,-1,Kent Udell,Celeste Maloy,,-42.41903846817411,-2.0,4.798317084819732,-3.118280158817572,-5.7616079146917805e-05,-0.0,0.0,0.0,-0.1865000000000001,-7.76056577176124e-06,1.0,-18.60479949065133,0.2909999999999999,0.22786704376160696,-40.479597910508225,-35.466503714349216,-42.00473494897437,-28.871600266557806,0.0001
house-ut-4,HOUSE,UT,4,False,standard,Mike Kennedy,R,-1,Jonny Larsen,Mike Kennedy,,-33.446643564909,-2.0,12.785920534601786,-2.8307521180873545,-0.0007278888018481998,-0.0,0.0,0.0,0.0164999999999999,9.192618632978436e-06,1.0,-9.427196163796687,0.2539999999999999,0.2445225457639104,-35.567509165531696,-29.212627068651198,-35.63933809362632,-22.72638857604084,0.0005
house-va-1,HOUSE,VA,1,False,standard,Rob Wittman,R,-1,Shannon Taylor,Rob Wittman,,-5.00442471396264,-2.0,7.674711528138682,-0.944174630078467,-1.582698074564235,-0.0,0.0,0.0,-0.2395,-0.8698479953060906,3.0,2.0635365297569495,0.046335936262589375,0.43667047953093124,-3.017772840566365,-0.7732579704444063,-6.657034208233869,5.0033957862269345,0.4293
house-va-2,HOUSE,VA,2,False,standard,Jen Kiggans,R,-1,Elaine Luria,Jen Kiggans,,-0.25221671009308466,0.0,3.558796871487511,-0.285934344368051,-0.3552092817698289,0.0,0.0,0.0,0.1815,0.48852491072630005,1.0,-3.2282050414224424,0.06,0.35087558878339564,6.7262085753221506,3.2639185249120217,-2.9066338400347034,9.358298925356648,0.7583
house-va-3,HOUSE,VA,3,False,standard,Bobby Scott,D,1,Bobby Scott,Edwin Rivera,,35.171354784672296,2.0,,3.3855102482910024,4.593708568946011e-06,0.0,0.0,0.0,0.012,3.981214093086543e-08,,,,0.0,44.75249028981069,44.822296975436515,37.601374971109024,51.99285544022997,0.99985
house-va-4,HOUSE,VA,4,False,standard,Jennifer McClellan,D,1,Jennifer McClellan,Robert Murray,,33.178227120064946,2.0,1.926106553640481,,0.0,0.0,0.0,0.0,-0.2019999999999999,-8.888973597298615e-07,,,,0.0,44.29573641867464,44.23981229107763,36.99561713635786,51.58364656977298,0.99995
house-va-5,HOUSE,VA,5,False,standard,John McGuire,R,-1,Tom Perriello,John McGuire,,-12.407085063709836,0.0,2.530256581254638,0.138132675845518,0.14873131055771427,0.0,0.0,0.0,0.1984999999999999,0.4630827385638635,3.0,-5.20047235178687,0.045987578391095595,0.4482737189029947,-7.391988431076195,-6.451863681287836,-12.320543710175214,-0.6509288644104235,0.07915
house-va-6,HOUSE,VA,6,False,standard,Ben Cline,R,-1,Beth Macy,Ben Cline,,-24.157705036448466,-2.0,4.653808404577879,-0.0667313378906842,-0.007807209756234549,-0.0,0.0,0.0,-0.0124999999999999,-0.0031686051998197507,1.0,-27.665881328254514,0.12,0.34305742396183897,-19.59864030649847,-22.329873209189987,-28.612803227487035,-16.26958065754921,0.0008
house-va-7,HOUSE,VA,7,False,standard,Eugene Vindman,D,1,Eugene Vindman,Doug Ollivant,,2.914155482400608,2.0,-0.1426521302539942,3.8350624783316873,1.097172896232313,0.0,0.0,0.0,-0.2329999999999998,-0.18462981681598184,,,,0.0,15.729843100555765,15.647494412627463,8.457577801846787,23.024517667887398,0.99135
house-va-8,HOUSE,VA,8,False,standard,Don Beyer,D,1,Don Beyer,Tony Sabio,,50.904224479584464,2.0,-2.0577590018806253,4.091817364175643,7.676637672354983e-10,0.0,0.0,0.0,0.075,4.1581787391922825e-11,,,,0.0,57.05375406124039,57.069599354959166,49.844596517773034,64.2462238341795,0.99995
house-va-9,HOUSE,VA,9,False,standard,Morgan Griffith,R,-1,Joy Powers,Morgan Griffith,,-44.42581664466825,-2.0,,-3.06821876444428,-9.740408102770404e-05,-0.0,0.0,0.0,-0.0384999999999999,-2.708374586353653e-06,,,,0.0,-39.53467976631828,-39.544672030605064,-46.744240470824515,-32.34930258811397,0.00045
house-va-10,HOUSE,VA,10,False,standard,Suhas Subramanyam,D,1,Suhas Subramanyam,Dave Beckwith,,8.576451033971418,2.0,-3.886437970558408,2.372240527887434,0.4557619542500757,0.0,0.0,0.0,0.6545,0.27244641666459624,,,,0.0,18.398848325331933,18.4055456816481,11.090952395397602,25.72621696573736,0.994
house-va-11,HOUSE,VA,11,False,standard,James Walkinshaw,D,1,James Walkinshaw,Arthur Purves,,35.29116354091677,2.0,,4.525681764703802,4.276265416665281e-06,0.0,0.0,0.0,0.0,0.0,,,,0.0,44.86754785922512,44.8327572373113,37.57695621402522,52.114942144944834,0.99985
house-vt-al,HOUSE,VT,0,False,standard,Becca Balint,D,1,Becca Balint,Gerald Malloy,,32.77043577168019,0.0,,2.6555273388129144,1.645535544730614e-05,0.0,0.0,0.0,-0.25,-3.356515070916937e-06,4.0,25.57017682826311,0.13171101049703854,0.37542741109746847,42.44389032349291,36.12267690947228,30.087898448752263,42.168593906038744,0.99995
house-wa-1,HOUSE,WA,1,False,standard,Suzan DelBene,D,1,Suzan DelBene,Mary Silva,,29.71416626019093,2.0,-3.2733632356154514,5.1279509614944905,0.0005807884733142681,0.0,0.0,0.0,-0.118,-4.949608433689374e-05,,,,0.0,36.137331417824115,36.25542064152537,28.90907152673765,43.58415232398882,0.99965
house-wa-2,HOUSE,WA,2,False,standard,Rick Larsen,D,1,Rick Larsen,Edwin Feller,,24.449358063403622,0.0,3.734410420493576,,0.0,0.0,0.0,0.0,0.101,7.815977846182142e-05,,,,0.0,34.89533600091066,34.91347927291889,27.601310737633067,42.02554647658088,0.99975
house-wa-3,HOUSE,WA,3,False,standard,Marie Gluesenkamp Perez,D,1,Marie Gluesenkamp Perez,John Braun,,-3.396252192645398,0.0,7.412514312502439,1.1723654191744082,0.8576945535275862,0.0,0.0,0.0,-0.1669999999999999,-0.26471480155332267,4.0,-2.249959094619575,0.1051057693995371,0.37200939396749905,11.534219326037018,6.398593803747666,0.2704437452143192,12.581207296650705,0.9085
house-wa-4,HOUSE,WA,4,False,standard,Dan Newhouse,,0,John Duresky,Amanda McKinney,,-21.23632345302414,-1.0,,-1.5963329175543814,-0.7870629942169936,-0.0,0.0,0.0,0.0,0.0,,,,0.0,-14.073777383230693,-14.109530894468271,-22.468043439583617,-5.718412992965748,0.02475
house-wa-5,HOUSE,WA,5,False,standard,Michael Baumgartner,R,-1,Carmela Conroy,Michael Baumgartner,,-11.108555422659757,-2.0,10.079905812644675,-1.472892024901894,-1.116044397889897,-0.0,0.0,0.0,-0.1494999999999999,-0.2454391599007954,1.0,-11.918214214378471,0.0,0.3403976673055444,-12.069296639626009,-12.016554165040493,-18.202581685733627,-5.7274820355740665,0.0139
house-wa-6,HOUSE,WA,6,False,standard,Emily Randall,D,1,Emily Randall,Teresa Fox,,19.891451831750338,2.0,-6.136453702958522,3.2601594523000608,0.03184329188287276,0.0,0.0,0.0,-0.123,-0.002828745762261863,,,,0.0,27.033906415371348,27.022027227553096,19.81947898027311,34.28616610724327,0.9984
house-wa-7,HOUSE,WA,7,False,standard,Pramila Jayapal,D,1,Pramila Jayapal,Nirav Sheth,,77.56051167435446,2.0,-9.082424552371911,4.804297389255944,2.075721849676956e-18,0.0,0.0,0.0,0.5045000000000002,7.563123195059068e-19,,,,0.0,78.07715763790007,78.12603940587049,71.0250294204338,85.32635780093102,1.0
house-wa-8,HOUSE,WA,8,False,standard,Kim Schrier,D,1,Kim Schrier,Spencer Meline,,5.966932359880001,2.0,2.3278904041291115,3.7721516102463126,0.6991021724592741,0.0,0.0,0.0,-0.2149999999999998,-0.10855503177909274,,,,0.0,17.456266284739552,17.486233017710973,10.133014821578,24.85455529060956,0.99305
house-wa-9,HOUSE,WA,9,False,standard,Adam Smith,D,1,Adam Smith,Doug Basler,,42.69428737721389,2.0,,4.199446988769716,3.6544240800605215e-08,0.0,0.0,0.0,0.6375,1.682557753527865e-08,,,,0.0,51.950643528292616,51.97416316211721,44.67233088004287,59.24309527831002,0.9999
house-wa-10,HOUSE,WA,10,False,standard,Marilyn Strickland,D,1,Marilyn Strickland,Chris Chung,,18.6042540382684,2.0,-1.1312334145655418,4.478702145625662,0.03767912639453989,0.0,0.0,0.0,0.135,0.00367371482346764,,,,0.0,26.59379027912078,26.59612643022554,19.194291259529805,33.99856930795433,0.9986
house-wi-1,HOUSE,WI,1,False,standard,Bryan Steil,R,-1,Mitchell Berman,Bryan Steil,,-4.574926503161371,-2.0,5.722291735026506,-2.362730412274356,-3.9431955782306973,-0.0,0.0,0.0,0.0475000000000001,0.17175914053419325,4.0,-4.395737464993737,0.04539287632862399,0.43396313110019574,-2.7950579285633146,-3.4322293736397427,-9.3766295081465,2.4206103909983305,0.22515
house-wi-2,HOUSE,WI,2,False,same_party,Mark Pocan,D,1,Mark Pocan,,D,40.745668109005265,0.0,-0.3391138527341359,,,,,0.0,-0.1119999999999999,,,,,,,,,,1.0
house-wi-3,HOUSE,WI,3,False,standard,Derrick Van Orden,R,-1,Rebecca Cooke,Derrick Van Orden,,-7.513658895468744,-2.0,-4.911379672142732,0.0351813333320443,0.05412336190524543,-0.0,0.0,0.0,0.1575,0.5249828673588757,4.0,-3.167024208309047,0.03998696344772703,0.40241619687416247,4.139761456867225,1.1999076132827409,-4.720829992033633,7.0868415581013515,0.6047
house-wi-4,HOUSE,WI,4,False,standard,Gwen Moore,D,1,Gwen Moore,Tim Rogers,,52.46959330772252,2.0,1.529154114940071,,0.0,0.0,0.0,0.0,0.3595,1.1902727608975585e-11,,,,0.0,60.5057041938595,60.479773525181486,53.3625953245685,67.50918990418839,1.0
house-wi-5,HOUSE,WI,5,False,standard,Scott Fitzgerald,R,-1,Andrew Beck,Scott Fitzgerald,,-22.453536619855047,-2.0,6.353302332530933,-4.188650190590025,-0.43601722403136944,-0.0,0.0,0.0,0.1725000000000001,0.05432047916057481,,,,0.0,-19.15500397595315,-19.142035877417364,-26.53094972883851,-11.934827353288883,0.00375
house-wi-6,HOUSE,WI,6,False,standard,Glenn Grothman,R,-1,Brad Smith,Glenn Grothman,,-16.695392066092158,-2.0,5.774922636417382,-2.0680111854344525,-1.1796975967692767,-0.0,0.0,0.0,0.2175,0.2688247028802845,1.0,-27.918214214378477,0.0,0.33082568133354884,-13.382348985766672,-18.12160790208648,-24.373450603549063,-11.892013757916057,0.00235
house-wi-7,HOUSE,WI,7,False,standard,Tom Tiffany,,0,Fred Clark,Michael Alfonso,,-22.842779803336647,1.0,,-1.1224471473670272,-0.4003277323736909,0.0,0.0,0.0,0.0,0.0,,,,0.0,-15.339131465676607,-15.31536406889612,-23.493864995675057,-7.002882888921991,0.01815
house-wi-8,HOUSE,WI,8,False,standard,Tony Wied,R,-1,Rick Crosson,Tony Wied,,-16.463834239873304,-1.0,-1.9298058929247877,-2.559960309870283,-2.1629640153809855,-0.0,0.0,0.0,0.3065,0.5610978997119842,,,,0.0,-11.550336821806725,-11.509283663136983,-18.799384547019578,-4.265495199935042,0.0294
house-wv-1,HOUSE,WV,1,False,standard,Carol Miller,R,-1,Vince George,Carol Miller,,-45.19875830196956,-2.0,-1.856375774022489,-2.0061016446065367,-0.00016872081971242716,-0.0,0.0,0.0,-0.0965,-1.7584707875121444e-05,,,,0.0,-37.76159959224722,-37.81065282307003,-45.00233180193642,-30.61140858112332,0.00025
house-wv-2,HOUSE,WV,2,False,standard,Riley Moore,R,-1,Ace Parsi,Riley Moore,,-40.383313502646374,-2.0,1.030833813858805,-2.233515423091049,-0.0004007606220020224,-0.0,0.0,0.0,-0.1274999999999999,-4.956765495482567e-05,,,,0.0,-36.28833291155122,-36.32272502495657,-43.66524352237426,-29.041026447356323,0.00025
house-wy-al,HOUSE,WY,0,False,standard,Harriet Hageman,,0,Lisa Kinney,Chuck Gray,,-46.95834604821483,0.0,,-3.646279545613131,-8.032789530807408e-05,0.0,0.0,0.0,0.0,0.0,,,,0.0,-39.884151778436284,-39.893876046987785,-48.129121161408406,-31.653207520828968,0.0006
senate-ak,SEN,AK,0,False,rcv_bloc,Dan Sullivan,R,-1,Mary Peltola,Gerald Heikes; Dan J. Sullivan; Dan S. Sullivan,,-13.69312508474994,-1.0,1.4719906238951417,0.3666094504434499,1.1151353395340478,-0.0,0.0,11.31671315632245,0.1394999999999999,0.0,21.0,1.7813466016421713,0.03727753382304165,0.6611299989482073,-6.622714719354041,-1.052636653181826,-6.219139792054018,4.225252842633831,0.3994
senate-al,SEN,AL,0,False,standard,Tommy Tuberville,R,0,Everett Wess,Barry Moore,,-30.88122385938789,-2.0,,,0.0,-0.0,0.0,0.0,0.0,0.0,2.0,-18.368511696641427,0.13383213835878685,0.611400730452762,-23.190759174920224,-20.2056940295465,-28.301066061857842,-12.162118859416035,0.00575
senate-ar,SEN,AR,0,False,standard,Tom Cotton,R,-1,Hallie Shoffner,Tom Cotton,,-31.33998647229675,-3.0,,-2.18470237471752,-0.11974764896296555,-0.0,0.0,0.0,0.1705000000000001,0.0,4.0,-8.150870581254292,0.11572375050034425,0.7136130229256942,-25.382743592233926,-13.089151283542055,-20.29424243608864,-5.942212189217328,0.017
senate-co,SEN,CO,0,False,standard,John Hickenlooper,D,1,John Hickenlooper,Mark Baisley,,11.293083462132921,2.0,-2.9701204541250323,4.59648896867292,0.8862425789730816,0.0,0.0,0.0,-0.0499999999999999,-0.0,,,,0.0,20.77732298532813,20.807132925463012,12.951731718899444,28.753320394245183,0.9947
senate-de,SEN,DE,0,False,standard,Chris Coons,D,1,Chris Coons,Michael Katz,,14.958471282996337,2.0,4.239865462704085,3.88472862417668,0.13602240556866718,0.0,0.0,0.0,0.246,0.0,,,,0.0,25.93400131895559,26.03137879183346,18.03306041445857,33.923018082509905,0.9979
senate-fl-special,SEN,FL,0,True,standard,Ashley Moody,R,-1,Angie Nixon,Ashley Moody,,-13.22213886698459,-2.0,,-3.6522466123839634,-10.03983781630015,-0.0,0.0,0.0,0.0,0.0,10.0,-5.242395024448189,0.07488340062079726,0.8048896387348949,-16.83102347736017,-7.482749893324794,-13.65405342421804,-1.2687544405844193,0.06245
senate-ga,SEN,GA,0,False,standard,Jon Ossoff,D,1,Jon Ossoff,Mike Collins,,-2.2087323027962817,1.0,,2.6013219567470403,8.145460176930628,0.0,0.0,0.0,-0.274,-0.0,16.0,8.652343977628178,0.05654354322567774,0.824979684051449,15.608523261322466,9.837435557483914,3.870978964944878,15.83138281486754,0.9774
senate-ia,SEN,IA,0,False,standard,Joni Ernst,R,0,Josh Turek,Ashley Hinson,,-13.445597709596235,-1.0,,-0.6741303388997628,-2.5348458863829575,-0.0,0.0,0.0,0.0,0.0,23.0,1.6688882186042182,0.07197703874280846,0.8234423691035387,-7.951662508392091,-0.018740480688089672,-5.90849027012123,5.941862141679454,0.49805
senate-id,SEN,ID,0,False,same_party,Jim Risch,R,-1,,Jim Risch,R,-37.52184118025308,0.0,-2.4760069518199472,,,,,0.0,-0.3195,,,,,,,,,,0.0
senate-il,SEN,IL,0,False,standard,Dick Durbin,D,0,Juliana Stratton,Don Tracy,,11.135530816543426,2.0,,0.8700654221035241,0.3195703572422603,0.0,0.0,0.0,0.0,0.0,,,,0.0,19.406055306558383,19.378610160296823,7.008597364035239,31.939171578295436,0.9646
senate-ks,SEN,KS,0,False,standard,Roger Marshall,R,-1,Adam Hamilton,Roger Marshall,,-16.411473894550323,-3.0,-4.312270332201006,-0.3633284401757001,-0.9977759859049333,-0.0,0.0,0.0,-0.1134999999999999,-0.0,10.0,1.275556776029428,0.0846415451551074,0.5746171878580935,-9.634494429153376,-3.371470994214489,-8.976914528816135,2.345115346401465,0.2197
senate-ky,SEN,KY,0,False,standard,Mitch McConnell,R,0,Charles Booker,Andy Barr,,-31.02814203220417,-1.0,,-2.511890508194776,-0.2633163836339587,-0.0,0.0,15.495409793911385,0.0,0.0,2.0,-10.636531922394296,0.1100000750955406,0.444548559617904,-23.605282904501713,-17.878965295290133,-27.283588070639272,-8.37347945888967,0.0194
senate-la,SEN,LA,0,False,standard,Bill Cassidy,R,0,Jamie Davis,Julia Letlow,,-22.357020818831867,-2.0,,-1.1327858035556986,-1.222684606488198,-0.0,0.0,0.0,0.0,0.0,2.0,-7.89218822059784,0.08588336902617333,0.5659894944353581,-15.681857182300748,-11.185761546654991,-19.775627124284092,-2.609138118959189,0.05435
senate-ma,SEN,MA,0,False,standard,Ed Markey,D,1,Ed Markey,John Deaton,,25.910638840838516,3.0,0.5085556465280519,1.8615419235886217,0.0015126504280908973,0.0,-0.0,-10.492920014718209,0.072,0.0,11.0,24.015648643547053,0.19854797450131403,0.4596166061145091,35.28135940295786,30.087641678000097,23.99883518356078,36.2659133275662,0.9997
senate-me,SEN,ME,0,False,standard,Susan Collins,R,-1,Troy Jackson,Susan Collins,,7.08861163994892,-2.0,17.18453938781839,,0.0,-0.0,0.0,0.0,-0.9685,-0.0,19.0,1.5060659803034326,0.04552854667780443,0.6607792595158165,7.996541694922354,3.7249749104842564,-1.4872236914179569,8.999310885897046,0.82665
senate-mi,SEN,MI,0,False,standard,Gary Peters,D,0,Abdul El-Sayed,Mike Rogers,,-1.4424736578339323,-2.0,,0.2325586573104284,0.7902544798991096,-0.0,0.0,2.7641752741633407,0.0444999999999999,0.0,42.0,3.41983839067799,0.07154848554491867,0.8312031798099127,7.417637525554981,4.113764124534272,-1.6069293396865625,9.931484296149739,0.8239
senate-mn,SEN,MN,0,False,standard,Tina Smith,D,0,Peggy Flanagan,Michele Tafoya,,4.343404352188957,2.0,,0.2072829546676579,0.3296975181789345,0.0,0.0,0.0,0.0,0.0,11.0,2.1861503107208584,0.10977826604336942,0.7769020142299872,12.708539613237386,4.526618689148645,-1.8805632900779137,10.961291657491522,0.82025
senate-ms,SEN,MS,0,False,standard,Cindy Hyde-Smith,R,-1,Scott Colom,Cindy Hyde-Smith,,-23.145028211183686,-2.0,-7.978080670910353,-0.87337473076951,-0.9712099502079794,-0.0,0.0,0.0,0.1634999999999999,0.0,3.0,-8.581392616030003,0.11995691357942562,0.27048311647452916,-15.281178000950106,-13.422130672759398,-20.515298490629185,-6.474258291279293,0.01405
senate-mt,SEN,MT,0,False,standard,Steve Daines,R,0,Alani Bankhead,Kurt Alme,,-20.5780970401637,0.0,,-3.100094666159993,-4.554298152445861,0.0,0.0,0.0,0.0,0.0,10.0,-24.789375799294092,0.3505089458599765,0.632256353037258,-17.201459660086197,-21.907704423809882,-29.891351712311025,-14.07896671508143,0.00415
senate-nc,SEN,NC,0,False,standard,Thom Tillis,R,0,Roy Cooper,Michael Whatley,,-3.260680202600806,3.0,,1.130924536490559,4.438918254826955,0.0,0.0,2.8002416298553774,0.0,0.0,40.0,10.193258643701228,0.08959773106161974,0.8165466030477717,9.251690541532943,9.995155883100217,3.9262837535738653,16.099125795934327,0.9749
senate-ne,SEN,NE,0,False,independent,Pete Ricketts,R,0,,Pete Ricketts,Dan Osborn,-20.840683303897794,-3.0,,,0.0,-0.0,0.0,0.0,0.0,0.0,12.0,-2.085961934820476,0.07591211329143115,0.8210999815865979,-2.9144122824054217,-2.2460173386294846,-8.727378762530954,4.378141445673323,0.3278
senate-nh,SEN,NH,0,False,standard,Jeanne Shaheen,D,0,Chris Pappas,John E. Sununu,,2.821214946726764,-1.0,,1.3443960496856378,2.728569856338877,-0.0,0.0,0.0,0.0,0.0,24.0,6.225608902060074,0.09729407865122372,0.8011646904862368,13.597649767097906,7.656303955607696,1.3735298785716583,14.019134513179257,0.9394
senate-nj,SEN,NJ,0,False,standard,Cory Booker,D,1,Cory Booker,Justin Murphy,,6.027747433233515,2.0,1.8359211034842104,6.424778117547163,2.2180988841601565,0.0,0.0,0.0,-0.6555,-0.0,,,,0.0,18.452239244016432,18.50733873600023,10.646389254632641,26.344960503671437,0.9923
senate-nm,SEN,NM,0,False,standard,Ben Ray Luján,D,1,Ben Ray Luján,Larry Marker,,6.141812228647307,3.0,,4.998948239051213,2.464794630120214,0.0,0.0,0.0,0.032,0.0,1.0,15.58351400051758,0.09,0.5815267366371709,18.22427934456507,16.748477500447166,8.349372151510872,25.194499370415077,0.9854
senate-oh-special,SEN,OH,0,True,standard,Jon Husted,R,-1,Sherrod Brown,Jon Husted,,-11.313229427274072,0.0,,0.9874911283901482,3.862117274595962,0.0,0.0,3.135714439187865,-0.0179999999999999,-0.0,29.0,3.7311029683746284,0.08518676193303285,0.8142378044952489,-1.0037982514994412,2.8923670486049535,-3.1153919829738466,8.962347281783055,0.73435
senate-ok,SEN,OK,0,False,standard,Alan Armstrong,R,0,N'Kiyla Jasmine Thomas,Kevin Hern,,-34.94008381234161,-2.0,,-4.733979580565153,-0.07592052162773068,-0.0,0.0,0.0,0.0,0.0,1.0,-24.08528989005415,0.26,0.39867480420527257,-27.45304253154844,-26.155827797127568,-35.94043300853427,-16.385224252926832,0.0056
senate-or,SEN,OR,0,False,standard,Jeff Merkley,D,1,Jeff Merkley,David Brock Smith,,14.866116069775194,2.0,3.023806470271399,4.401444948859762,0.16127178120138227,0.0,0.0,0.0,-0.2629999999999999,-0.0,,,,0.0,25.47957807778745,25.472945275634274,17.561159507569354,33.2213564343811,0.9979
senate-ri,SEN,RI,0,False,standard,Jack Reed,D,1,Jack Reed,Raymond McKay,,14.162406267890672,2.0,13.344478460004396,3.4593541539465287,0.06137640752795847,0.0,0.0,0.0,0.3065,0.0,4.0,19.11142883885143,0.14868028055190596,0.4487848154855101,27.992184960107146,24.053480122128732,17.905614344711466,30.20830145025801,0.9993
senate-sc,SEN,SC,0,False,standard,Darline Graham,R,-1,Annie Andrews,Darline Graham,,-18.123365227038146,-3.0,-2.800733662357596,3.371677357151427,6.100557539149796,-0.0,0.0,0.0,0.0,0.0,9.0,-0.505977384236785,0.10979626391426564,0.5355163976404291,-4.755695817747456,-2.4724789411802544,-8.356668318202912,3.333961813413554,0.2919
senate-sd,SEN,SD,0,False,same_party,Mike Rounds,R,-1,,Mike Rounds,R,-29.890199073853058,0.0,3.237586778515133,,,,,0.0,-0.1885000000000001,,,,,,,,,,0.0
senate-tn,SEN,TN,0,False,standard,Bill Hagerty,R,-1,Marquita Bradshaw,Bill Hagerty,,-30.121099654993333,-3.0,2.751456219205909,-6.430701456889573,-0.1872922705147189,-0.0,0.0,-2.751456219205909,0.1665000000000001,0.0,1.0,-20.234669366236204,0.18,0.2881367095180416,-25.076591418866315,-23.696911416112812,-30.51620933056973,-16.665375827957515,0.00125
senate-tx,SEN,TX,0,False,standard,John Cornyn,R,0,James Talarico,Ken Paxton,,-13.878067801618457,-1.0,,2.00170832364325,7.273782418595896,-0.0,0.0,0.0,0.0,0.0,44.0,2.861350873465148,0.06172444906227114,0.8387715392384806,1.4201386193437036,2.640845495429363,-3.2063767914943275,8.453849623268031,0.72075
senate-va,SEN,VA,0,False,standard,Mark Warner,D,1,Mark Warner,Bert Mizusawa,,5.891296826702209,3.0,3.1498030586139123,4.179985577981367,2.0786637383076854,0.0,0.0,0.0,0.211,0.0,2.0,17.56387458561982,0.16923735023099656,0.27945005537858836,18.598244375727614,18.30127390431768,11.419086861747306,25.257429398480884,0.9958
senate-wv,SEN,WV,0,False,standard,Shelley Moore Capito,R,-1,Rachel Fetty Anderson,Shelley Moore Capito,,-42.687784560047604,-2.0,3.5317300493123085,-4.71739321730529,-0.0005638766657650309,-0.0,0.0,0.0,-0.3605,-0.0,,,,0.0,-38.15134607236944,-38.231867405327556,-46.00095512026823,-30.240014990931797,0.00075
senate-wy,SEN,WY,0,False,standard,Cynthia Lummis,R,0,James W. Byrd,Harriet Hageman,,-46.95834604821483,-1.0,,-4.268705561410005,-0.00022042356966899004,-0.0,-0.0,-0.24938302490707986,0.0,0.0,,,,0.0,-39.884291875701415,-39.81881763044575,-52.227240254369185,-27.605220038213158,0.0039
