race_id,office,state_po,district,special,race_type,incumbent,incumbent_party,inc_side,dem_candidate,rep_candidate,race_note,pres24,quality_diff,prior_edge,money_log_ratio,money_adj,quality_adj,challenger_adj,chal_rec,ideology_gap,ideology_adj,poll_count,poll_avg,poll_undecided,poll_weight,fundamentals_mean,margin_median,margin_p10,margin_p90,p_dem
governor-ak,GOV,AK,0,False,rcv_bloc,Mike Dunleavy,R,0,Jonathan Kreiss-Tomkins,Dave Bronson; Treg Taylor; Bernadette Wilson,,-13.69312508474994,-1.0,,,0.0,-2.1459030373359282,0.0,0.0,0.0,0.0,2.0,5.794818018337075,0.08030000294064765,0.5689395434050764,-7.897037624774281,-0.046079767143186956,-6.867462796791587,6.865794258395921,0.49615
governor-al,GOV,AL,0,False,standard,Kay Ivey,R,0,Doug Jones,Tommy Tuberville,,-30.88122385938789,0.0,,,0.0,0.0,0.0,13.586294974684805,0.0,0.0,3.0,-10.626759076797365,0.12856294835408205,0.4384213718871881,-23.27231328570317,-17.63058949228496,-25.442286557222832,-9.785236311124539,0.00865
governor-ar,GOV,AR,0,False,standard,Sarah Huckabee Sanders,R,-1,Fredrick Love,Sarah Huckabee Sanders,,-31.33998647229675,-2.0,-7.430304736258474,,0.0,-0.07178659453708072,0.0,0.0,0.0,0.0,1.0,-7.740913390970377,0.15,0.6254751216505829,-25.01463593165135,-14.220320329617056,-23.38518864139496,-4.88020056564374,0.0375
governor-az,GOV,AZ,0,False,standard,Katie Hobbs,D,1,Katie Hobbs,Andy Biggs,,-5.588317921733368,1.0,7.601347123459197,,0.0,0.33968464380710583,0.0,0.0,0.0,0.0,20.0,7.296081281051428,0.1474022488152254,0.8234920944952632,17.617140219010356,9.186987080455074,2.4152198039735207,15.94521104052224,0.9532
governor-ca,GOV,CA,0,False,standard,Gavin Newsom,D,0,Xavier Becerra,Steve Hilton,,20.80028514359668,2.0,,,0.0,0.019397925838821627,0.0,0.0,0.0,0.0,7.0,21.599146886777582,0.08737891453695446,0.7269460215842183,28.489984232274455,23.53583792364543,17.77223785506157,29.293415315870362,0.9996
governor-co,GOV,CO,0,False,standard,Jared Polis,D,0,Phil Weiser,Victor Marx,,11.293083462132921,2.0,,,0.0,0.42201040017279473,0.0,0.0,0.0,0.0,,,,0.0,19.58118301894619,19.568614827749336,9.872581859849582,29.485687640292273,0.9845
governor-ct,GOV,CT,0,False,standard,Ned Lamont,D,1,Ned Lamont,Ryan Fazio,,14.756464972518335,2.0,-0.0579333049323143,,0.0,0.008561247896347912,0.0,0.0,0.0,0.0,7.0,14.42769272542196,0.10115866839901563,0.843405856629602,30.477476407228828,16.9854805943511,10.531491791938564,23.38795688391955,0.9962
governor-fl,GOV,FL,0,False,standard,Ron DeSantis,R,0,David Jolly,Byron Donalds,,-13.22213886698459,0.0,,,0.0,0.0,0.0,0.0,0.0,0.0,23.0,-3.1367706437533243,0.09249457688771535,0.7241154172040252,-5.275533684326216,-3.7112500628780385,-9.520705883934165,2.1221735705912734,0.2072
governor-ga,GOV,GA,0,False,standard,Brian Kemp,R,0,Keisha Lance Bottoms,Rick Jackson,,-2.2087323027962817,2.0,,,0.0,4.282306312054159,0.0,0.0,0.0,0.0,11.0,-1.4744080441670573,0.06259698046484352,0.7556260640934457,10.06111598930199,1.324257667694785,-4.229856131222425,6.919483483563403,0.623
governor-hi,GOV,HI,0,False,standard,Josh Green,D,1,Josh Green,Gary Cordery,,23.560651661222998,3.0,3.649681188688071,,0.0,2.9969639481145826e-05,0.0,0.0,0.0,0.0,,,,0.0,42.438636527234785,42.45669752849774,27.937592017420847,56.74886987405337,0.99505
governor-ia,GOV,IA,0,False,standard,Kim Reynolds,R,0,Rob Sand,Zach Lahn,,-13.445597709596235,2.0,,,0.0,4.376465651988499,0.0,0.0,0.0,0.0,16.0,8.101366786547445,0.05501324708898582,0.762583861872248,-1.1246867410942374,5.965930782704822,0.38113929051851075,11.483887425509018,0.91425
governor-id,GOV,ID,0,False,standard,Brad Little,R,-1,Terri Pickens,Brad Little,,-37.52184118025308,-3.0,10.683178915651183,,0.0,-1.0337079190275593e-06,0.0,0.0,0.0,0.0,2.0,-11.486096039884563,0.34541794854751434,0.5810926651602174,-47.810962327872616,-26.671001283529137,-36.53548791247713,-16.92296986681033,0.00545
governor-il,GOV,IL,0,False,standard,JB Pritzker,D,1,JB Pritzker,Darren Bailey,,11.135530816543426,2.0,2.843788380954962,,0.0,0.012546559213418934,-0.0,-1.6562116190450382,0.0,0.0,1.0,20.991648174025357,0.11999999999999998,0.0178939368606599,29.564499438828825,29.512589601302082,15.125741946663567,43.99699230969225,0.9837
governor-ks,GOV,KS,0,False,standard,Laura Kelly,D,0,Cindy Holscher,Ty Masterson,,-16.411473894550323,0.0,,,0.0,0.0,0.0,0.0,0.0,0.0,4.0,-5.419194948681598,0.03385758943236622,0.6935513493668912,-8.500763403154568,-6.324594318393602,-12.345841285807179,-0.315939068667423,0.08935
governor-ma,GOV,MA,0,False,standard,Maura Healey,D,1,Maura Healey,Mike Minogue,,25.910638840838516,3.0,2.68716674221502,,0.0,1.2909388325037e-05,0.0,0.0,0.0,0.0,10.0,19.584426355541268,0.1433596826035738,0.8063922756207723,43.84424229708781,24.316483215123583,17.370176926426062,31.43726290269895,0.99905
governor-md,GOV,MD,0,False,standard,Wes Moore,D,1,Wes Moore,Dan Cox,,29.509514054361844,2.0,6.797289058340606,,0.0,7.361927212275364e-08,0.0,6.797289058340606,0.0,0.0,1.0,22.284573648159906,0.11,0.4789263358395096,51.068083498957286,37.25358695396469,26.723632444231484,47.75620369402472,0.99775
governor-me,GOV,ME,0,False,standard,Janet Mills,D,0,Hannah Pingree,Robert B. Charles,,7.08861163994892,1.0,,,0.0,0.5644841223899099,0.0,0.0,0.0,0.0,11.0,11.126165375874454,0.1358555452419065,0.6985322316998658,15.57693397490179,12.448125459405777,6.448231837533632,18.497994730681672,0.99125
governor-mi,GOV,MI,0,False,standard,Gretchen Whitmer,D,0,Jocelyn Benson,John James,,-1.4424736578339323,0.0,,,0.0,0.0,-0.0,-5.146484989306387,0.0,0.0,34.0,8.12604388669171,0.08690924066701206,0.7585837794057051,6.543186128593332,7.7478824588361075,2.2685260774524445,13.159071334100576,0.96105
governor-mn,GOV,MN,0,False,standard,Tim Walz,D,0,Amy Klobuchar,Lisa Demuth,,4.343404352188957,2.0,,,0.0,1.8900078223357402,0.0,7.4622921755249205,0.0,0.0,7.0,7.255232677954923,0.10359988051730719,0.6608080895028323,14.185282928715344,9.60710247774654,3.374785508403679,15.844933901784968,0.97065
governor-ne,GOV,NE,0,False,standard,Jim Pillen,R,-1,Lynne Walz,Jim Pillen,,-20.840683303897794,-2.0,-2.508114974921277,,0.0,-0.4791802580601404,0.0,0.0,0.0,0.0,8.0,-11.126526487408523,0.18511387391904008,0.706165579297293,-19.15480992186999,-13.351548033451095,-21.708857914742598,-5.275206503110966,0.0277
governor-nh,GOV,NH,0,False,standard,Kelly Ayotte,R,-1,Cinde Warmington,Kelly Ayotte,,2.821214946726764,-2.0,11.35055113147892,,0.0,-3.6524186920111177,0.0,0.0,0.0,0.0,9.0,-9.87214757838465,0.09885059605112183,0.8524908866742832,-11.156107545693501,-10.02844712132919,-16.366546579454766,-3.729780348156468,0.0283
governor-nm,GOV,NM,0,False,standard,Michelle Lujan Grisham,D,0,Deb Haaland,Gregg Hull,,6.141812228647307,0.0,,,0.0,0.0,0.0,0.0,0.0,0.0,3.0,9.157941781101046,0.148178096020034,0.4971157147899005,14.076185661948589,11.685371852143032,4.411395527458928,18.956283620881404,0.97255
governor-nv,GOV,NV,0,False,standard,Joe Lombardo,R,-1,Aaron Ford,Joe Lombardo,,-3.1590179085170167,-1.0,-3.307901712140107,,0.0,-2.699730918045187,0.0,0.0,0.0,0.0,12.0,1.7701640629846989,0.12939564488314845,0.776911705692959,-2.8195297191644975,0.7592357725844946,-6.676166660759903,8.061418066934282,0.5539
governor-ny,GOV,NY,0,False,standard,Kathy Hochul,D,1,Kathy Hochul,Bruce Blakeman,,12.689486117138935,2.0,-9.718659304306652,,0.0,0.36987441945866184,0.0,0.0,0.0,0.0,23.0,14.173046629883343,0.06757444215828051,0.8744553896718326,20.01835170297236,14.867701337349938,8.88306141334726,20.85100900053364,0.9972
governor-oh,GOV,OH,0,False,standard,Mike DeWine,R,0,Amy Acton,Vivek Ramaswamy,,-11.313229427274072,0.0,,,0.0,0.0,0.0,0.0,0.0,0.0,23.0,3.7193743737738925,0.06611214686540233,0.7450688296328514,-3.3503448811509946,1.9456423258436593,-3.5684456746943796,7.482155611578657,0.6764
governor-ok,GOV,OK,0,False,standard,Kevin Stitt,R,0,Cyndi Munson,Mike Mazzei,,-34.94008381234161,0.0,,,0.0,0.0,0.0,0.0,0.0,0.0,,,,0.0,-27.457491557221232,-27.363638907970696,-37.063059115871646,-17.497460151551895,0.00545
governor-or,GOV,OR,0,False,standard,Tina Kotek,D,1,Tina Kotek,Christine Drazan,,14.866116069775194,2.0,-5.546544107267179,,0.0,0.05736932735200695,-0.0,-5.546544107267179,0.0,0.0,5.0,-0.10843511423487316,0.08341418580320809,0.7785297457677477,25.639175346059115,5.6020397339686845,-1.779196998714996,13.082379802033593,0.8409
governor-pa,GOV,PA,0,False,standard,Josh Shapiro,D,1,Josh Shapiro,Stacy Garrity,,-1.7263846921271542,1.0,21.207883058742727,,0.0,0.0011036914248608836,0.0,0.0,0.0,0.0,17.0,23.577713178416538,0.11869428938674807,0.8449003674968741,33.52032082955263,25.15455479282236,18.643622538338494,31.54565387203281,0.9993
governor-ri,GOV,RI,0,False,standard,Dan McKee,D,0,Helena Foulkes,Aaron Guckian,,14.162406267890672,0.0,,,0.0,0.0,0.0,0.0,0.0,0.0,4.0,24.219488326383257,0.39308127015177813,0.44127313476158236,21.978876898902225,23.061647911759792,15.395373994388494,30.677378161806168,0.9975
governor-sc,GOV,SC,0,False,standard,Henry McMaster,R,0,Jermaine Johnson,Alan Wilson,,-18.123365227038146,-1.0,,,0.0,-1.3041884989042007,0.0,0.0,0.0,0.0,2.0,-12.491892507048101,0.10058723250429855,0.38065059211867364,-11.54062294861819,-11.989267967049447,-19.76659943046685,-3.9558982930057267,0.03645
governor-sd,GOV,SD,0,False,standard,Larry Rhoden,R,-1,Dan Ahlers,Larry Rhoden,,-29.890199073853058,-2.0,,,0.0,-0.009535140445066733,0.0,2.1624132214848673,0.0,0.0,,,,0.0,-30.222785843446687,-30.116211857283904,-40.041652324254514,-20.52049885567698,0.00295
governor-tn,GOV,TN,0,False,standard,Bill Lee,R,0,Jerri Green,Marsha Blackburn,,-30.121099654993333,-2.0,,,0.0,-0.1610106512964032,0.0,6.239376092885431,0.0,0.0,4.0,-13.710386142184534,0.199790734628889,0.42589457733658703,-22.65159656228451,-18.849727027716668,-26.609595908416853,-11.125067487489053,0.00705
governor-tx,GOV,TX,0,False,standard,Greg Abbott,R,-1,Gina Hinojosa,Greg Abbott,,-13.878067801618457,-2.0,-1.932886592561596,,0.0,-1.9407868612068635,0.0,0.0,0.0,0.0,39.0,-3.686574669019179,0.05226990518777708,0.9023364886840586,-14.079814286834356,-4.70368005032188,-10.225140116259789,0.751783229036242,0.1348
governor-vt,GOV,VT,0,False,standard,Phil Scott,R,-1,Amanda Janoo,Phil Scott,,32.77043577168019,-3.0,86.00196335393109,,0.0,-3.048693266913681e-06,0.0,0.0,0.0,0.0,4.0,-3.462520993717244,0.15049915872872802,0.7752381299582095,-46.15347815445855,-13.118139806577322,-20.666065683180783,-5.676193917075567,0.02105
governor-wi,GOV,WI,0,False,standard,Tony Evers,D,0,David Crowley,Tom Tiffany,,-0.8733887823450505,-1.0,,,0.0,-1.9005593176038653,0.0,0.0,0.0,0.0,7.0,2.6164615769291126,0.06122105316119151,0.6989514681358296,5.2099196786385455,3.355610345438074,-2.604714571989948,9.335371436271165,0.7691
governor-wy,GOV,WY,0,False,standard,Mark Gordon,R,0,Kenneth Casner,Eric Barlow,,-46.95834604821483,-1.0,,,0.0,-4.126618713492656e-05,0.0,0.0,0.0,0.0,,,,0.0,-39.95971492210948,-39.992513317295256,-49.6884852796124,-30.19008892225615,0.0011
house-ak-al,HOUSE,AK,0,False,independent,Nick Begich III,R,-1,Eric Hafner,Nick Begich III,Bill Hill,-13.69312508474994,0.0,-12.770549517046897,,0.0,0.0,0.0,0.0,0.0,0.0,9.0,-13.86732557355932,0.07204505703392278,0.5212968251166644,-1.0881548200058162,-7.771349706661964,-13.966174864292146,-1.5107061129818748,0.0576
house-al-1,HOUSE,AL,1,False,standard,None (new seat),,0,Clyde Jones Jr.,Jerry Carl,,-36.345566221179666,-2.0,,-2.431121173534253,-0.012309878996968011,-0.0,0.0,0.0,0.1735,0.001903438105013496,,,,0.0,-28.921441153666848,-28.78302601826097,-36.92454310917992,-20.596428551492007,0.0017
house-al-2,HOUSE,AL,2,False,standard,Shomari Figures,D,1,Shomari Figures,Rhett Marques,,-14.464028814208385,1.0,1.1475379080899204,0.2395606374046885,0.3793299996718695,0.0,0.0,0.0,0.011,0.03773866367804193,3.0,-3.749537204729107,0.0649090290969521,0.39469176477336065,-2.5025050423382225,-2.9429652600848115,-8.897730737881087,3.0466475440610092,0.2588
house-al-3,HOUSE,AL,3,False,standard,Mike Rogers,R,-1,Lee McInnis,Mike Rogers,,-47.07264752025102,-2.0,,-3.902197354795428,-1.9309817878322892e-05,-0.0,0.0,0.0,-0.3685,-5.1390934747836566e-06,,,,0.0,-42.379401844260705,-42.323648459622035,-49.63077281075595,-35.11997465974353,0.0002
house-al-4,HOUSE,AL,4,False,standard,Robert Aderholt,R,-1,Amanda Pusczek,Robert Aderholt,,-66.92238927771601,-2.0,,-4.105521583157128,-3.79138771989442e-12,-0.0,0.0,0.0,-0.1915,-5.243699849265088e-13,,,,0.0,-63.40236662288152,-63.39228427877289,-70.56807383084775,-56.16083046476863,0.0
house-al-5,HOUSE,AL,5,False,standard,Dale Strong,R,-1,Andrew Sneed,Dale Strong,,-29.494479149858233,-2.0,,-1.1794377138850516,-0.03456203384045788,-0.0,0.0,0.0,-0.2285,-0.01450783430025285,,,,0.0,-24.195118762998423,-24.216644767258703,-31.41553243550995,-16.919390888986012,0.0014
house-al-6,HOUSE,AL,6,False,standard,Gary Palmer,R,-1,Maurice Mercer,Gary Palmer,,-34.997225548319264,-1.0,1.069753467649206,-3.728361892596589,-0.015598769532884287,-0.0,0.0,0.0,0.1385,0.00156031025244212,,,,0.0,-28.858926792338472,-28.82096030223546,-36.09791345477488,-21.65100492363442,0.00085
house-al-7,HOUSE,AL,7,False,standard,Terri Sewell,D,1,Terri Sewell,Ammie Akin,,17.94825384375597,2.0,3.2814848729842767,3.477072922003848,0.01962710942250387,0.0,0.0,0.0,0.396,0.005613353294836107,,,,0.0,28.290907707651986,28.373495455097615,21.120764430390672,35.67762864006607,0.99905
house-ar-1,HOUSE,AR,1,False,standard,Rick Crawford,R,-1,Terri Green,Rick Crawford,,-46.175871865422906,-2.0,,-3.077293238149337,-3.3349584726063516e-05,-0.0,0.0,0.0,-0.1815,-4.3715747311748265e-06,,,,0.0,-41.44066356156875,-41.522806194776294,-48.81506916558213,-34.24505393724745,0.0001
house-ar-2,HOUSE,AR,2,False,standard,French Hill,R,-1,Chris Jones,French Hill,,-15.914419225205982,-2.0,,-1.6006980168392992,-1.3224514686695175,-0.0,0.0,0.0,-0.2915,-0.5217963025924766,2.0,1.0871543065932865,0.08009456531440118,0.3868507839685981,-11.953821535329139,-6.945730312815786,-13.002801505922564,-0.8337609646776679,0.07525
house-ar-3,HOUSE,AR,3,False,standard,Steve Womack,R,-1,Robb Ryerse,Steve Womack,,-25.590736769421778,-2.0,7.803256216161354,-3.2514994389466443,-0.1332605708668133,-0.0,0.0,0.0,-0.2845,-0.02738134563060606,,,,0.0,-23.032701633364827,-23.057482202418228,-30.364983111199475,-15.718600822351096,0.0023
house-ar-4,HOUSE,AR,4,False,standard,Bruce Westerman,R,-1,James Russell,Bruce Westerman,,-40.66097964677422,-2.0,5.038389015066705,-5.377559988629998,-0.00039453435167974873,-0.0,0.0,0.0,-0.2455,-6.995313241032878e-05,,,,0.0,-36.89965555579054,-36.90638825300843,-44.24675520250358,-29.748440608554663,0.00045
house-az-1,HOUSE,AZ,1,False,standard,David Schweikert,,0,Amish Shah,Jay Feely,,-3.136835928138348,1.0,,-0.2158783661301358,-0.2750044915459571,0.0,0.0,0.0,-0.124,-0.3422507840247166,,,,0.0,5.695263626587359,5.711199468048774,-2.550821210652794,14.026078889228906,0.82165
house-az-2,HOUSE,AZ,2,False,standard,Eli Crane,R,-1,Jonathan Nez,Eli Crane,,-15.120247407676915,-2.0,-6.280610068917462,-1.0425379600417812,-1.545474303706526,-0.0,0.0,0.0,0.1675000000000002,0.5379932474570832,3.0,-5.453000766115394,0.08009948698045151,0.3775959115446455,-5.25217509230321,-5.34156732077976,-11.278028531682054,0.7984646709649116,0.12885
house-az-3,HOUSE,AZ,3,False,same_party,Yassamin Ansari,D,1,Yassamin Ansari,,D,40.30739381027563,0.0,5.305098033369839,,,,,0.0,0.431,,,,,,,,,,1.0
house-az-4,HOUSE,AZ,4,False,standard,Greg Stanton,D,1,Greg Stanton,Zuhdi Jasser,,6.762673080066313,2.0,0.7821639108612466,1.6958555434852682,0.4185968549883574,0.0,0.0,0.0,0.0755000000000001,0.040378126029011266,,,,0.0,17.07725561911818,17.114063120764616,9.865907201718613,24.37115864599841,0.99265
house-az-5,HOUSE,AZ,5,False,standard,Andy Biggs,,0,Elizabeth Lee,Mark Lamb,,-20.192893032045866,-1.0,,-1.946264841600863,-1.1447779244342648,-0.0,0.0,0.0,0.0,0.0,,,,0.0,-13.438162667800748,-13.378383864329116,-21.65557198308118,-5.1824388903816185,0.0274
house-az-6,HOUSE,AZ,6,False,standard,Juan Ciscomani,R,-1,JoAnna Mendoza,Juan Ciscomani,,-0.7577863175811479,0.0,1.6926229756400386,0.0835124495755585,0.09938257271196059,0.0,0.0,0.0,-0.0854999999999999,-0.22045361725659277,3.0,-3.0691352786328885,0.08010862580964025,0.29609059370494806,6.925419868453481,4.007895903321923,-2.240382375498622,10.456336779309346,0.8021
house-az-7,HOUSE,AZ,7,False,standard,Adelita Grijalva,D,1,Adelita Grijalva,Daniel Butierez,,22.388102593577123,2.0,,2.5027491242181448,0.002971304788467189,0.0,0.0,0.0,0.4515,0.0011613944366981128,,,,0.0,32.32612249851076,32.41301371669991,25.221948386283092,39.5998246793104,0.9996
house-az-8,HOUSE,AZ,8,False,standard,Abraham Hamadeh,R,-1,Bernadette Greene-Placentia,Abraham Hamadeh,,-16.479945618728582,-2.0,-3.602494534275597,-1.8431457459795928,-1.735748463167976,-0.0,0.0,0.0,0.2655000000000002,0.5417310625680896,,,,0.0,-10.323713603248049,-10.304573072520249,-17.511748958560602,-2.9055070709537936,0.044
house-az-9,HOUSE,AZ,9,False,standard,Paul Gosar,R,-1,Dani Sterbinsky,Paul Gosar,,-31.342610456055603,-2.0,-0.8711098394813428,-0.6194512817681341,-0.019011096027203234,-0.0,0.0,0.0,0.2555,0.016989594208311875,,,,0.0,-24.009835349942048,-24.05460026624324,-31.378451816996172,-16.79081690408936,0.00155
house-ca-1,HOUSE,CA,1,False,standard,James Gallagher,R,-1,Mike McGuire,James Gallagher,,12.629463408737175,0.0,,-0.3709752082628805,-0.05971854254848689,0.0,0.0,0.0,0.0,0.0,,,,0.0,18.31747521870774,18.3558774208692,11.112063258749414,25.451883157078697,0.99495
house-ca-2,HOUSE,CA,2,False,standard,Jared Huffman,D,1,Jared Huffman,Robin Littau,,25.44160337217163,0.0,-2.8993666984930675,,0.0,0.0,0.0,0.0,-0.1869999999999999,-0.000524096134258001,,,,0.0,32.12984833345417,32.174953645543894,24.955158446466587,39.388721030799296,0.99955
house-ca-3,HOUSE,CA,3,False,standard,Ami Bera,D,1,Ami Bera,Robb Tucker,,10.524576177817453,0.0,1.0762642409394418,2.4227575970708752,0.24696298295833227,0.0,0.0,0.0,0.01,0.002208584398717018,,,,0.0,20.336960125081777,20.317339948036242,13.06520043861709,27.61353005161696,0.99665
house-ca-4,HOUSE,CA,4,False,same_party,Mike Thompson,D,1,Eric Jones; Mike Thompson,,D,14.94839647088782,0.0,0.8037552636300811,,,,,0.0,0.0,,,,,,,,,,1.0
house-ca-5,HOUSE,CA,5,False,standard,Tom McClintock,R,-1,Michael Masuda,Tom McClintock,,-21.235866123925824,0.0,5.252533776953697,-1.116225321104394,-0.25211080872139296,0.0,0.0,0.0,0.0055,0.0026915000168820065,,,,0.0,-17.24810065867409,-17.23983215310726,-24.45565981389239,-9.889831382899734,0.0067
house-ca-6,HOUSE,CA,6,False,independent,Kevin Kiley,,0,Richard Pan,,Kevin Kiley,8.682513359130274,0.0,,,0.0,0.0,0.0,0.0,0.0,0.0,1.0,2.318146064402285,0.26,0.36829176668626185,17.11841188542847,11.67995111601657,4.115704301650406,19.44738345985997,0.96745
house-ca-7,HOUSE,CA,7,False,same_party,Doris Matsui,D,1,Doris Matsui; Mai Vang,,D,13.242240467285542,0.0,2.7128337879861144,,,,,0.0,0.0,,,,,,,,,,1.0
house-ca-8,HOUSE,CA,8,False,standard,John Garamendi,D,1,John Garamendi,Rudy Recile,,35.16151506846601,0.0,3.08075322027645,3.0503884841823927,4.451859576337392e-06,0.0,0.0,0.0,0.5535000000000001,1.7796308656408733e-06,,,,0.0,44.80292626838341,44.86226525799948,37.51913123461895,51.99316378165165,0.9999
house-ca-9,HOUSE,CA,9,False,standard,Josh Harder,D,1,Josh Harder,John McBride,,11.79306950489872,0.0,5.563804813366509,4.670436788171247,0.10170594055169536,0.0,0.0,0.0,0.0845,0.006206887538668742,,,,0.0,23.815356663278394,23.863917455998447,16.589918732784383,31.098533085411667,0.99855
house-ca-10,HOUSE,CA,10,False,standard,Mark DeSaulnier,D,1,Mark DeSaulnier,Jeff Frese,,34.70519851744464,0.0,-1.9187440809793437,,0.0,0.0,0.0,0.0,-0.0499999999999999,-1.0892844849263408e-06,,,,0.0,41.61464408107303,41.66106019750878,34.46541293165445,48.9220915302481,0.9998
house-ca-11,HOUSE,CA,11,False,same_party,Nancy Pelosi,,0,Connie Chan; Scott Wiener,,D,70.62364833844883,0.0,,,,,,0.0,0.0,,,,,,,,,,1.0
house-ca-12,HOUSE,CA,12,False,same_party,Lateefah Simon,D,1,Jamie Joyce; Lateefah Simon,,D,77.64166603414307,0.0,,,,,,0.0,-0.134,,,,,,,,,,1.0
house-ca-13,HOUSE,CA,13,False,standard,Adam Gray,D,1,Adam Gray,Kevin Lincoln,,0.38467032128098666,0.0,5.756796081624154,0.8043669081225392,0.24519776279484307,0.0,0.0,0.0,-0.0225,-0.014860619967756792,,,,0.0,15.907611439987173,15.8996569366013,8.585585572516093,23.152887749925895,0.991
house-ca-14,HOUSE,CA,14,False,same_party,Aisha Wahab,D,1,Melissa Hernandez; Aisha Wahab,,D,36.20284739037839,0.0,,,,,,0.0,-0.244,,,,,,,,,,1.0
house-ca-15,HOUSE,CA,15,False,standard,Kevin Mullin,D,1,Kevin Mullin,Charles Hoelter,,49.63592027213561,0.0,-3.3193008313935186,3.630480023472267,3.535912548361683e-09,0.0,0.0,0.0,-0.008,-2.042971694608972e-11,,,,0.0,55.09254825566656,55.105600424168415,48.03889632735321,62.23171486877755,0.9999
house-ca-16,HOUSE,CA,16,False,standard,Sam Liccardo,D,1,Sam Liccardo,Peter Soulé,,49.88409390678165,0.0,,4.988528402051517,2.021928428825003e-10,0.0,0.0,0.0,0.155,2.263436546712434e-11,,,,0.0,58.71324860318027,58.70631161440719,51.53432250332248,65.97936741235517,1.0
house-ca-17,HOUSE,CA,17,False,standard,Ro Khanna,D,1,Ro Khanna,Ritesh Tandon,,40.74153179236477,0.0,-4.232284072178678,5.981583956134133,1.9286324062304604e-06,0.0,0.0,0.0,-1.6015,-2.230731243417504e-06,,,,0.0,46.12763989334425,46.17597990946527,38.91883766793525,53.4543003117532,0.99985
house-ca-18,HOUSE,CA,18,False,standard,Zoe Lofgren,D,1,Zoe Lofgren,Shane Lewis,,29.36942888310379,0.0,-1.068018686251352,2.7497850186687383,0.00035416081426624103,0.0,0.0,0.0,-0.14,-3.9068065175304606e-05,,,,0.0,36.94019792453513,36.995396396883635,29.617270203568108,44.2009873295331,0.99955
house-ca-19,HOUSE,CA,19,False,standard,Jimmy Panetta,D,1,Jimmy Panetta,Peter Coe Verbica,,35.65620730686175,0.0,3.030690413099209,4.191912414695078,3.3647650375112438e-06,0.0,0.0,0.0,0.492,1.1956131766623287e-06,,,,0.0,45.25060040938712,45.318113278787685,38.165263694752014,52.37373995746996,0.9998
house-ca-20,HOUSE,CA,20,False,standard,Vince Fong,R,-1,Sandra Van Scotter,Vince Fong,,-32.974775522914825,0.0,,-4.1835615831780615,-0.02418510899640117,0.0,0.0,0.0,-0.2704999999999999,-0.00472482976588026,,,,0.0,-27.757543004880148,-27.735300914735625,-34.93137342532594,-20.459460561807106,0.00095
house-ca-21,HOUSE,CA,21,False,standard,Jim Costa,D,1,Jim Costa,Kyle Kirkland,,6.132521905498509,0.0,1.3700734439778768,1.4853933604826512,0.3856209642846755,0.0,0.0,0.0,0.679,0.38192759151632,,,,0.0,17.165774765315284,17.212159922246965,10.033197385701564,24.534464843651488,0.9932
house-ca-22,HOUSE,CA,22,False,standard,David Valadao,R,-1,Randy Villegas,David Valadao,,-1.904550659129194,0.0,0.7632872083505973,-0.6509405274397485,-0.8213767905184775,0.0,0.0,0.0,-0.1845000000000001,-0.50441685249065,1.0,0.8145753467632255,0.07999999999999999,0.3264528372555307,5.094263896528814,3.7198058850960596,-2.547537987684746,9.930191233455252,0.77995
house-ca-23,HOUSE,CA,23,False,standard,Jay Obernolte,R,-1,Tessa Lynn Hodge,Jay Obernolte,,-19.916752765341304,0.0,2.791437038838988,-3.241198290602025,-1.222283872865093,0.0,0.0,0.0,-0.3105,-0.2740971584899971,,,,0.0,-15.779330036724307,-15.751106981779422,-22.964483144766305,-8.531006175701577,0.0102
house-ca-24,HOUSE,CA,24,False,standard,Salud Carbajal,D,1,Salud Carbajal,Bob Smith,,25.739617194559514,0.0,-0.3084910688449218,2.9525586745494854,0.0017416099887555792,0.0,0.0,0.0,-0.0509999999999999,-6.518004380958006e-05,,,,0.0,33.84595541007937,33.86754785537555,26.711213061642393,41.14614017686802,0.9991
house-ca-25,HOUSE,CA,25,False,standard,Raul Ruiz,D,1,Raul Ruiz,Joe Males,,5.945627014024418,0.0,10.070900393897332,1.4155785256537825,0.11049423261499682,0.0,0.0,0.0,0.033,0.005580995676890136,,,,0.0,21.138773975423543,21.177015978124743,13.946845921396811,28.484107690968973,0.9964
house-ca-26,HOUSE,CA,26,False,standard,Julia Brownley,,0,Jacqui Irwin,Sam Gallucci,,15.718925391005014,0.0,,0.7479961898449257,0.02642170655038353,0.0,0.0,0.0,0.0,0.0,,,,0.0,23.608805669864296,23.594163362155225,15.35883980475197,31.719692526213375,0.9959
house-ca-27,HOUSE,CA,27,False,standard,George T. Whitesides,,0,George Whitesides,Jason Gibbs,,10.031526860467544,0.0,,2.423998442454749,0.3965808577854434,0.0,0.0,0.0,-0.14,-0.04962717443268195,,,,0.0,18.660571759678614,18.6717262333673,10.382648164201084,26.981660867294643,0.9908
house-ca-28,HOUSE,CA,28,False,standard,Judy Chu,D,1,Judy Chu,April Verlato,,26.1481226056064,0.0,2.163367124713017,4.935587316381753,0.0007589474280615194,0.0,0.0,0.0,-0.7244999999999999,-0.00039711924173319003,,,,0.0,35.60010501110882,35.66375714387573,28.47676734327687,42.88864861013022,1.0
house-ca-29,HOUSE,CA,29,False,same_party,Luz Rivas,D,1,Angelica Dueñas; Luz Rivas,,D,34.707532916037124,0.0,3.727003733491729,,,,,0.0,-0.3029999999999999,,,,,,,,,,1.0
house-ca-30,HOUSE,CA,30,False,standard,Laura Friedman,D,1,Laura Friedman,Scott Meyers,,41.437251814842114,0.0,-5.567047676241173,2.6770151994822355,5.000341888333047e-07,0.0,0.0,0.0,-0.122,-4.937428220075146e-08,,,,0.0,48.01812542703636,48.068578863328725,40.91298714706745,55.24011630411015,0.99985
house-ca-31,HOUSE,CA,31,False,standard,Gil Cisneros,D,1,Gil Cisneros,Eric Ching,,12.60519627223948,0.0,2.138382595491401,1.593293315234828,0.04099473532520699,0.0,0.0,0.0,-0.7074999999999999,-0.039441270747022895,,,,0.0,24.532408177706127,24.54617648786423,17.315894271751908,31.688233131716345,0.99865
house-ca-32,HOUSE,CA,32,False,standard,Brad Sherman,D,1,Brad Sherman,Larry Thompson,,25.747546353027406,0.0,0.2922952117154489,4.698073235406674,0.0015083558300262848,0.0,0.0,0.0,-0.2525,-0.0002750654451145155,,,,0.0,34.18363119803902,34.205905472228096,26.96704555618944,41.4830325809111,0.9996
house-ca-33,HOUSE,CA,33,False,standard,Pete Aguilar,D,1,Pete Aguilar,Stephanie Vargas,,10.074713405340932,0.0,8.79098950956989,,0.0,0.0,0.0,0.0,0.235,0.0160510313598377,,,,0.0,23.943329122078833,23.99084692922195,16.795490661809378,31.350167834165028,0.998
house-ca-34,HOUSE,CA,34,False,same_party,Jimmy Gomez,D,1,Jimmy Gomez; Angela Gonzales-Torres,,D,53.04146587963031,0.0,,,,,,0.0,0.0,,,,,,,,,,1.0
house-ca-35,HOUSE,CA,35,False,standard,Norma Torres,D,1,Norma Torres,Mike Cargile,,8.045128888677315,0.0,6.330823280804872,3.609995347246432,0.25108217419697776,0.0,0.0,0.0,0.6525,0.11832247459032574,,,,0.0,21.15187025591589,21.22760996428981,13.924680361855808,28.437945817201857,0.9971
house-ca-36,HOUSE,CA,36,False,standard,Ted Lieu,D,1,Ted Lieu,Houston Brignano,,40.42823555904659,0.0,-2.874067918935096,4.496240124520736,1.445807938288732e-06,0.0,0.0,0.0,0.207,2.1614828677416542e-07,,,,0.0,46.575228576020535,46.54363871548392,39.46374359261607,53.7799066143863,0.99985
house-ca-37,HOUSE,CA,37,False,same_party,Sydney Kamlager-Dove,D,1,Sydney Kamlager-Dove; Samantha Mota,,D,62.30874203046086,0.0,,,,,,0.0,0.0,,,,,,,,,,1.0
house-ca-38,HOUSE,CA,38,False,standard,None (new seat),,0,Hilda Solis,Pedro Casas,,12.742118430048967,0.0,,,0.0,0.0,0.0,0.0,0.0,0.0,,,,0.0,20.781496743607267,20.82590249899978,12.633288888348039,29.1306877360626,0.994
house-ca-39,HOUSE,CA,39,False,standard,Mark Takano,D,1,Mark Takano,Steve Manos,,9.780058137498687,0.0,3.490835779056403,,0.0,0.0,0.0,0.0,-0.13,-0.023801275829264088,,,,0.0,20.725371438022325,20.773664821212623,13.540707493661783,28.012618997509996,0.99695
house-ca-40,HOUSE,CA,40,False,same_party,Young Kim,R,-1,,Ken Calvert; Young Kim,R,-12.603878865212948,0.0,8.018197579654693,,,,,0.0,0.1114999999999999,,,,,,,,,,0.0
house-ca-41,HOUSE,CA,41,False,standard,Linda Sánchez,D,1,Linda Sánchez,Mitch Clemmons,,14.644434716860998,0.0,3.1850697720503165,4.411924565984419,0.0644589528199559,0.0,0.0,0.0,0.1099999999999999,0.005120905696252047,,,,0.0,25.123823274627117,25.20849239581166,18.018689286786554,32.50401425501063,0.9983
house-ca-42,HOUSE,CA,42,False,standard,Robert Garcia,D,1,Robert Garcia,Brian Burley,,13.56070313007434,0.0,2.727948986440624,2.469245206024792,0.08162871272758185,0.0,0.0,0.0,0.3955000000000001,0.028328091614449432,,,,0.0,23.893825179332197,23.914392096552167,16.660361757053142,31.080496075974217,0.99815
house-ca-43,HOUSE,CA,43,False,standard,Maxine Waters,D,1,Maxine Waters,Cristian Morales,,50.587898039106896,0.0,-0.3495257582380011,,0.0,0.0,0.0,0.0,-0.002,-7.022124668549074e-13,,,,0.0,57.62738843919111,57.66399373454317,50.53431525308423,64.87811277257182,0.99975
house-ca-44,HOUSE,CA,44,False,standard,Nanette Barragán,D,1,Nanette Barragán,Genevieve Angel,,36.31627653527624,0.0,7.951769490274075,4.177481670150154,3.81576562087688e-07,0.0,0.0,0.0,0.132,3.637696558569292e-08,,,,0.0,48.590903865084854,48.646892681623754,41.3891029125664,55.83520782817958,0.99995
house-ca-45,HOUSE,CA,45,False,standard,Derek Tran,D,1,Derek Tran,Chuong Vo,,4.054985173885471,0.0,-1.318767740662521,2.4415500370827883,0.8445175712611296,0.0,0.0,0.0,-0.1719999999999999,-0.12890317357548484,,,,0.0,15.801369085001314,15.80487202223819,8.637390127586071,22.942580674410454,0.991
house-ca-46,HOUSE,CA,46,False,standard,Lou Correa,D,1,Lou Correa,David Pan,,16.687679706845415,0.0,,3.366145791445452,0.03426734847330034,0.0,0.0,0.0,0.5785000000000001,0.014317088566303069,,,,0.0,26.85715488709289,26.85703206903579,19.492862106036345,34.16907666320589,0.99925
house-ca-47,HOUSE,CA,47,False,standard,Dave Min,D,1,Dave Min,Jenny Le Roux,,10.467836596792077,0.0,-1.2467872526652797,2.275777362991438,0.19398123852730187,0.0,0.0,0.0,-0.138,-0.02548596855863949,,,,0.0,20.887562379544928,20.87630267003042,13.681620225054239,28.156835576639466,0.997
house-ca-48,HOUSE,CA,48,False,standard,Darrell Issa,,0,Marni von Wilpert,Jim Desmond,,3.483522109969155,0.0,,-0.0374571116730566,-0.02084816950440842,0.0,0.0,0.0,0.0,0.0,1.0,2.9382980518431583,0.13,0.3865080507410792,12.59185532557453,8.940519803267403,2.056517912087021,15.642410805345929,0.9491
house-ca-49,HOUSE,CA,49,False,standard,Mike Levin,D,1,Mike Levin,Armen Kurdian,,12.472724656910152,0.0,-3.5536342683158777,3.8143991580810206,0.3775292824640343,0.0,0.0,0.0,-0.1669999999999999,-0.04553422623496767,,,,0.0,19.649808196848,19.657677451200424,12.392716632588936,26.990082086864778,0.9958
house-ca-50,HOUSE,CA,50,False,standard,Scott Peters,D,1,Scott Peters,Steve Cohen,,18.835035308251694,0.0,-1.968226872948484,,0.0,0.0,0.0,0.0,0.056,0.0017122063650524741,,,,0.0,26.236337587139488,26.271080804289618,19.066257750596527,33.501628898616445,0.99825
house-ca-51,HOUSE,CA,51,False,standard,Sara Jacobs,D,1,Sara Jacobs,Ricardo Cabrera,,18.80325794580321,0.0,-2.7329987170896137,4.303418797913867,0.04983171893798297,0.0,0.0,0.0,-0.0889999999999999,-0.0032030721561803464,,,,0.0,25.82990598070899,25.865043056197475,18.701311372101262,33.01928072240383,0.9986
house-ca-52,HOUSE,CA,52,False,standard,Juan Vargas,D,1,Juan Vargas,Jeff Belle,,18.041442893620868,0.0,10.976531094670182,2.846774211985893,0.0029980876576407452,0.0,0.0,0.0,0.52,0.0011865519272258012,,,,0.0,32.59199791760366,32.61777768137934,25.481465280909724,39.937736514720356,0.9993
house-co-1,HOUSE,CO,1,False,standard,Diana DeGette,,0,Melat Kiros,Christy Peterson,,57.612736564272474,0.0,,3.71973976808556,2.899368942892546e-12,0.0,0.0,0.0,0.0,0.0,,,,0.0,63.70625172654955,63.71255918609556,55.699405950933965,71.95175472721296,0.99995
house-co-2,HOUSE,CO,2,False,standard,Joe Neguse,D,1,Joe Neguse,Kelley Dennison,,40.91811325700261,2.0,-0.2738921648753267,,0.0,0.0,0.0,0.0,0.02,5.965629467186836e-09,,,,0.0,48.47348264176983,48.4657881997842,41.25214229571485,55.61421194883851,0.99975
house-co-3,HOUSE,CO,3,False,standard,Jeff Hurd,R,-1,Dwayne Romero,Jeff Hurd,,-9.976649536268868,-2.0,-4.944663168340056,-1.5878601171287483,-2.6386372742462654,-0.0,0.0,0.0,-0.0785,-0.2826371279309591,1.0,-4.761415718712132,0.09,0.30316966102507553,-4.175171910983961,-4.343874357233972,-10.53879926638537,1.9780390687820786,0.18515
house-co-4,HOUSE,CO,4,False,standard,Lauren Boebert,R,-1,Eileen Laubacher,Lauren Boebert,,-18.71337622079264,-2.0,-6.709335647869062,1.9490786631845332,2.144296224841086,-0.0,0.0,0.0,0.4075,0.9713486227843247,,,,0.0,-4.692097546836446,-4.5780516241605,-11.964644391122844,2.6431654244846934,0.20095
house-co-5,HOUSE,CO,5,False,standard,Jeff Crank,R,-1,Jessica Killin,Jeff Crank,,-9.337043356329268,-2.0,4.980302160664235,0.275477867330993,0.3607637446150562,-0.0,0.0,0.0,0.1394999999999999,0.39582432834390135,2.0,-4.442353638074575,0.11000015402565813,0.2815141548385769,-5.232335126917653,-4.98101862115149,-11.357662416986093,1.4156378501049678,0.1563
house-co-6,HOUSE,CO,6,False,standard,Jason Crow,D,1,Jason Crow,Jason Clark,,20.360281044369106,0.0,0.8208666217469522,,0.0,0.0,0.0,0.0,-0.1839999999999999,-0.001763425961483815,,,,0.0,29.243940143523947,29.265518290062996,21.98755533565293,36.53770852933614,0.9992
house-co-7,HOUSE,CO,7,False,standard,Brittany Pettersen,D,1,Brittany Pettersen,Tim Bennett,,15.41488104034284,2.0,-0.5899832308996702,3.366112632166681,0.10167303991472001,0.0,0.0,0.0,0.075,0.005507289662047334,,,,0.0,23.81560674269704,23.812720427558133,16.501903426256682,31.088766873198264,0.9978
house-co-8,HOUSE,CO,8,False,standard,Gabe Evans,R,-1,Manny Rutinel,Gabe Evans,,-1.8800480977231158,-1.0,-1.2486186750236898,-0.246864482379053,-0.3337955772010083,-0.0,0.0,0.0,0.2504999999999999,0.7338745038570184,1.0,3.783416015638435,0.06,0.3242265932902178,5.991416619392183,5.2950396353415545,-1.0377382337807566,11.450315390720633,0.86135
house-ct-1,HOUSE,CT,1,False,standard,John B. Larson,,0,Luke Bronin,Amy Chai,,23.26879227281734,2.0,,4.710546800792924,0.0067156450094628195,0.0,0.0,0.0,0.0,0.0,,,,0.0,30.88363086039822,30.82903455154149,22.58440318774725,39.111959655129915,0.99845
house-ct-2,HOUSE,CT,2,False,standard,Joe Courtney,D,1,Joe Courtney,George Austin,,7.856473409463372,2.0,8.29878931008028,1.3374057506150538,0.0853771447246847,0.0,0.0,0.0,-0.0929999999999999,-0.012863332353784415,,,,0.0,21.77295483153497,21.64203078254127,14.554107700749686,29.029168342449,0.99725
house-ct-3,HOUSE,CT,3,False,standard,Rosa DeLauro,D,1,Rosa DeLauro,Chris Lancia,,14.332117484384685,2.0,5.431502702137432,3.9347843674206193,0.04617819639306986,0.0,0.0,0.0,-0.0269999999999999,-0.0009004748296648589,,,,0.0,26.040318025523426,26.01848445508446,18.773641170435162,33.317745067583736,0.99875
house-ct-4,HOUSE,CT,4,False,standard,Jim Himes,D,1,Jim Himes,Michael Goldstein,,23.729413954381982,2.0,0.4989811530060501,3.922617215725456,0.0035354367205526565,0.0,0.0,0.0,0.088,0.0002246966449062355,,,,0.0,32.34220060217978,32.2867441944337,24.983879138990055,39.65922804998346,0.9995
house-ct-5,HOUSE,CT,5,False,standard,Jahana Hayes,D,1,Jahana Hayes,Chris Shea,,5.675230760185784,2.0,-1.2666356398500511,1.7837426521934596,0.6883237903063627,0.0,0.0,0.0,-0.1699999999999999,-0.14213518737381148,,,,0.0,15.100380528027149,15.11097270915057,7.835748139389708,22.335543058304822,0.99055
house-de-al,HOUSE,DE,0,False,standard,Sarah McBride,D,1,Sarah McBride,Joseph Arminio,,14.958471282996337,0.0,0.8909582243564254,5.164260075857007,0.04527546151658407,0.0,0.0,0.0,-0.0749999999999999,-0.0024524208321483,,,,0.0,26.09248805917213,26.113417850346714,18.797858954876276,33.38637441493935,0.9986
house-fl-1,HOUSE,FL,1,False,standard,Jimmy Patronis,R,-1,Gay Valimont,Jimmy Patronis,,-37.5886728785613,-2.0,,-2.185732539719852,-0.0023967059851997857,-0.0,0.0,0.0,-0.1995,-0.0004739720634965656,,,,0.0,-32.50139823434549,-32.50029164385454,-39.76717293218511,-25.146994989185295,0.0005
house-fl-2,HOUSE,FL,2,False,standard,Neal Dunn,,0,Amanda Green,Austin Rogers,,-18.176177438099554,-3.0,,-1.0205239563158912,-0.832790413268914,-0.0,0.0,0.0,0.0,0.0,,,,0.0,-11.029848186637283,-10.96989679348951,-19.38264879694936,-2.858151539544845,0.0505
house-fl-3,HOUSE,FL,3,False,standard,Kat Cammack,R,-1,Seth Harp,Kat Cammack,,-21.31654394584286,-2.0,1.7742408273770414,-3.823290069006792,-1.0197492027064536,-0.0,0.0,0.0,0.0584999999999999,0.04308440381434759,,,,0.0,-16.145392778511333,-16.196961193705064,-23.380628998295904,-8.927598236087173,0.00895
house-fl-4,HOUSE,FL,4,False,standard,Aaron Bean,R,-1,LaShonda Holloway,Aaron Bean,,-11.962520792109427,-2.0,2.4555568492913187,-3.8014478951635087,-4.055806455228417,-0.0,0.0,0.0,-0.3275,-0.9593108879519439,,,,0.0,-10.608411636381145,-10.689550678744771,-18.014603746244013,-3.334106936387634,0.03785
house-fl-5,HOUSE,FL,5,False,standard,John Rutherford,R,-1,Rachel Grage,John Rutherford,,-21.67839300824128,-2.0,4.3421433214138885,-1.1526586392471585,-0.2631220391475081,-0.0,0.0,0.0,-0.5365,-0.26534954344518574,,,,0.0,-17.482064851374805,-17.42660990512424,-24.753312708114414,-10.20525000774639,0.00655
house-fl-6,HOUSE,FL,6,False,standard,Randy Fine,R,-1,Eric Yonce,Randy Fine,,-30.308187147843146,-2.0,,-1.8230312456254896,-0.04015818257721468,-0.0,0.0,0.0,-0.2135,-0.010189899927251594,,,,0.0,-25.03290564263116,-25.013566937340666,-32.176407262647274,-17.6621889081137,0.00205
house-fl-7,HOUSE,FL,7,False,standard,Cory Mills,,0,Bale Dalton,Ryan Elijah,,-12.617439168584001,0.0,,1.3037635090255264,1.9344571888010877,0.0,0.0,0.0,0.0,0.0,,,,0.0,-2.2949617979939942,-2.2719966020120466,-10.546172679057182,5.934733384089955,0.35925
house-fl-8,HOUSE,FL,8,False,standard,Mike Haridopolos,R,-1,Jennifer Jenkins,Mike Haridopolos,,-16.395271547785974,-1.0,1.8009870102269927,-1.0785981029654792,-0.665307923972319,-0.0,0.0,0.0,-0.3255,-0.43501690953418554,2.0,-7.029936735458388,0.11519031386166519,0.3277256418053488,-13.112086512291524,-11.09385532208569,-17.361797245402002,-4.862441688311338,0.01755
house-fl-9,HOUSE,FL,9,False,standard,Darren Soto,D,1,Darren Soto,Dan Green,,-17.93494817151253,2.0,9.409546794910533,0.5496941359508347,0.8250231625202136,0.0,0.0,0.0,0.426,1.3853092641946363,1.0,-5.53435556532324,0.18,0.2115270487582978,-1.8189584269876624,-2.654876311227694,-9.178079600045317,3.9864540168915985,0.2982
house-fl-10,HOUSE,FL,10,False,same_party,Maxwell Frost,D,1,Maxwell Frost,,D,24.292988534582708,0.0,1.8509874742375356,,,,,0.0,-0.2669999999999999,,,,,,,,,,1.0
house-fl-11,HOUSE,FL,11,False,standard,Daniel Webster,,0,James Pericola,Joe Strada,,-15.8391286849105,0.0,,-3.595440355275024,-3.328550749158119,0.0,0.0,0.0,0.0,0.0,1.0,-5.57655556532324,0.16,0.31856835405647704,-11.057790556093455,-9.28359349904249,-16.331692370814498,-2.331823815641319,0.05065
house-fl-12,HOUSE,FL,12,False,standard,Gus Bilirakis,R,-1,Kimberly Overman,Gus Bilirakis,,-15.553760972030888,-1.0,7.094759437067757,-2.1645814901669307,-1.323048524613468,-0.0,0.0,0.0,-0.2754999999999999,-0.36485099717341557,,,,0.0,-13.75420991219679,-13.690523642762173,-21.006042089162367,-6.417232136121255,0.01635
house-fl-13,HOUSE,FL,13,False,standard,Anna Paulina Luna,R,-1,Leela Gray,Anna Paulina Luna,,-13.453080359687094,-2.0,-2.44010282848756,-1.0811664212748688,-1.5734043414358754,-0.0,0.0,0.0,0.3545,1.117779490252928,5.0,-5.137374187875221,0.11371779092994605,0.3658993157756035,-5.002859023154554,-5.039594428300415,-11.050080169551963,1.0689556109139082,0.14175
house-fl-14,HOUSE,FL,14,False,standard,Kathy Castor,D,1,Kathy Castor,Mike Beltran,,-10.62098657326328,1.0,7.950182530103848,0.2090118605522644,0.32829717096392314,0.0,0.0,0.0,0.152,0.5172873986757145,1.0,8.113619315663083,0.16,0.29088835910286664,3.9578577459145525,5.17056777496869,-1.3286882524247141,11.466562297480824,0.84975
house-fl-15,HOUSE,FL,15,False,standard,Laurel Lee,R,-1,Robert People,Laurel Lee,,-20.095141150578385,-2.0,0.8807636828702625,-3.8005361948675898,-1.4439058018368738,-0.0,0.0,0.0,-0.0705,-0.07351887041019414,,,,0.0,-14.934123819998291,-14.956088742288191,-22.264245129874357,-7.673261343560176,0.0122
house-fl-16,HOUSE,FL,16,False,standard,Vern Buchanan,,0,Kelly Kirschner,Sydney Gruters,,-13.811661289568429,2.0,,-1.241510054018505,-1.685189786801213,0.0,0.0,0.0,0.0,0.0,1.0,0.7262862068286595,0.21,0.3185636235955538,-7.2265921269762154,-4.619266360064847,-11.73720082460957,2.464854466529121,0.1929
house-fl-17,HOUSE,FL,17,False,standard,Greg Steube,R,-1,Matthew Montavon,Greg Steube,,-22.24156570778953,-2.0,,-3.1857596284373653,-0.7258702238683494,-0.0,0.0,0.0,-0.1234999999999999,-0.0647435913567019,,,,0.0,-17.49515741509308,-17.456533130892616,-24.651080700901773,-10.160816078118406,0.0059
house-fl-18,HOUSE,FL,18,False,standard,Scott Franklin,R,-1,Curtis Gibson,Scott Franklin,,-17.102886122235766,-1.0,0.8512849936619196,-3.739302145206497,-1.7812625001913966,-0.0,0.0,0.0,-0.2245,-0.2888119226004773,,,,0.0,-14.308213689720258,-14.357827164606679,-21.610030084350917,-7.126842166956436,0.01265
house-fl-19,HOUSE,FL,19,False,standard,Byron Donalds,,0,Victor Arias,Jim Schwartzel,,-30.416149231176274,0.0,,-3.228529993240168,-0.13661813736390996,0.0,0.0,0.0,0.0,0.0,,,,0.0,-22.930211907541217,-22.90179564228071,-31.21818316617827,-14.69050158729016,0.0035
house-fl-20,HOUSE,FL,20,False,standard,Debbie Wasserman Schultz,D,1,Debbie Wasserman Schultz,Brent Andersen,,37.50081626941555,2.0,3.685393198666764,3.91888919099027,8.548579363382649e-07,0.0,0.0,0.0,0.32,1.9756716750928789e-07,,,,0.0,47.38060967359862,47.38934747287255,40.27166863532364,54.59025974062949,1.0
house-fl-21,HOUSE,FL,21,False,standard,Brian Mast,R,-1,James Martin,Brian Mast,,-16.40535991568672,-2.0,6.836259767160008,-2.344816786842756,-1.2555206803156045,-0.0,0.0,0.0,0.1685000000000001,0.19548208525739025,,,,0.0,-13.891909059203993,-13.895699832352761,-21.215810136013115,-6.542370560111645,0.0155
house-fl-22,HOUSE,FL,22,False,standard,None (new seat),,0,Pia Dandiya,Casey Askar,,-10.371815924951084,0.0,,-0.1158857691058467,-0.19073111129618048,0.0,0.0,0.0,0.0,0.0,2.0,-0.9352259667032262,0.051674534416184525,0.4921292301052164,-1.9102983826230753,-1.4026590333865727,-7.733470630808414,4.725986125755538,0.3809
house-fl-23,HOUSE,FL,23,False,standard,Lois Frankel,D,1,Lois Frankel,Deborah Adeimy,,13.860283552064374,2.0,4.4163509868165605,2.589473894206645,0.0568337874109324,0.0,0.0,0.0,0.5095000000000001,0.024228769130704247,,,,0.0,25.074135261272662,25.079872699350965,17.77940160023992,32.49356732506136,0.9984
house-fl-24,HOUSE,FL,24,False,standard,Frederica Wilson,,0,Oliver Gilbert,Te Mayonna Brown,,39.04931980196582,1.0,,0.9060069353321618,5.940031528690903e-07,0.0,0.0,0.0,0.0,0.0,,,,0.0,46.09697666240666,46.11167801029921,37.82894894986832,54.22573755093132,0.99985
house-fl-25,HOUSE,FL,25,False,standard,Jared Moskowitz,D,1,Jared Moskowitz,Scott Singer,,-9.218034236116692,0.0,3.0870778916786765,0.4602244670089471,0.7515135930831283,0.0,0.0,0.0,0.483,1.7088595490647924,1.0,8.569549929952295,0.24000000000000002,0.1496918589834824,4.483319698265611,5.061177066256245,-1.8811600825503887,11.967578476989202,0.8344
house-fl-26,HOUSE,FL,26,False,standard,Mario Díaz-Balart,R,-1,Nicole Locklin,Mario Díaz-Balart,,-18.540683907584068,-2.0,6.511737502652834,-2.3810732143778166,-0.8562106006418782,-0.0,0.0,0.0,-0.6755,-0.5262902280181353,,,,0.0,-16.281765845516095,-16.28299772388629,-23.6752947987346,-9.110422930498055,0.00755
house-fl-27,HOUSE,FL,27,False,standard,María Elvira Salazar,R,-1,Eliott Rodriguez,María Elvira Salazar,,-14.697284015567739,-2.0,5.851854214290957,-1.702902474616086,-1.3378887199924854,-0.0,0.0,0.0,-0.0335,-0.057025240360880934,3.0,-4.442946131888181,0.08000119732032145,0.36870465412119885,-11.856513253603373,-9.182391856908204,-15.2515615933235,-2.956205257086928,0.03325
house-fl-28,HOUSE,FL,28,False,standard,Carlos A. Giménez,,0,Phil Ehr,Carlos Giménez,,-25.62449782340173,-2.0,,-1.1608113437349743,-0.21205374977034608,-0.0,0.0,0.0,-0.4485,-0.177516555512211,,,,0.0,-18.264449389768064,-18.297004995409996,-26.693884298670095,-10.107623199580393,0.0093
house-ga-1,HOUSE,GA,1,False,standard,Buddy Carter,,0,Amanda Hollowell,Jim Kingston,,-15.892812698763862,0.0,,-2.351771298389646,-2.59327352068584,0.0,0.0,0.0,0.0,0.0,,,,0.0,-10.379799696094697,-10.368754488173288,-18.68011709849863,-1.995501555484343,0.06
house-ga-2,HOUSE,GA,2,False,standard,Sanford Bishop,D,1,Sanford Bishop,Matt Day,,7.650507378170518,2.0,5.131041568381559,1.892993442224871,0.21018177932234916,0.0,0.0,0.0,0.445,0.10705280908164141,,,,0.0,20.096262420762155,20.180435036885747,12.723690293711815,27.35062464427848,0.99605
house-ga-3,HOUSE,GA,3,False,standard,Brian Jack,R,-1,Maura Keller,Brian Jack,,-29.876322455669797,-2.0,2.6106379824860677,-2.6549794320546907,-0.03560128840157297,-0.0,0.0,0.0,-0.2054999999999998,-0.005970469476870064,,,,0.0,-26.415934269188728,-26.30580728976399,-33.730206218703294,-18.967153122081534,0.00115
house-ga-4,HOUSE,GA,4,False,standard,Hank Johnson,D,1,Hank Johnson,James Duffie,,53.03852255145806,2.0,-1.7481010280365077,,0.0,0.0,0.0,0.0,0.01,1.0006421674316277e-12,,,,0.0,59.17495873794402,59.0240980201255,51.97347671658348,66.1644112573454,0.99995
house-ga-5,HOUSE,GA,5,False,standard,Nikema Williams,D,1,Nikema Williams,John Oscar Salvesen,,72.33073290669485,2.0,,3.3654534994545418,3.3288600375118183e-19,0.0,0.0,0.0,0.127,3.0533044010733404e-20,,,,0.0,79.74710391350656,79.74122043634637,72.61900443996032,86.86203616421085,1.0
house-ga-6,HOUSE,GA,6,False,standard,Lucy McBath,D,1,Lucy McBath,Kevin Martin,,50.345152979843064,0.0,-0.8546959983136082,4.031937785171063,7.285224275023176e-10,0.0,0.0,0.0,-0.0469999999999999,-2.4729289066884178e-11,,,,0.0,57.11975897538758,57.130802195693164,49.83236116334185,64.37694154873722,1.0
house-ga-7,HOUSE,GA,7,False,standard,Rich McCormick,R,-1,Tony Kozycki,Rich McCormick,,-22.30291135099771,-2.0,7.2767955893072545,-1.7762910032698032,-0.2300867165893559,-0.0,0.0,0.0,-0.0284999999999999,-0.007998607617354816,1.0,-8.844698172287448,0.11,0.28067411292099326,-19.447908899450418,-16.502165016239474,-22.956874488572435,-10.044398776093944,0.00475
house-ga-8,HOUSE,GA,8,False,standard,Austin Scott,R,-1,Kelly Esti,Austin Scott,,-30.72180747930478,-2.0,6.987592458043152,-4.402150452933544,-0.024536099913594397,-0.0,0.0,0.0,0.0455,0.0008062835054939492,,,,0.0,-27.714924881772685,-27.67937941300199,-34.914915578627,-20.389284317330716,0.00115
house-ga-9,HOUSE,GA,9,False,standard,Andrew Clyde,R,-1,Caitlyn Gegen,Andrew Clyde,,-34.33522296479662,-2.0,3.5504409590688715,-2.450660283793968,-0.00967084720042661,-0.0,0.0,0.0,0.2204999999999999,0.0018853071070507646,,,,0.0,-29.533128099065728,-29.491611923278512,-36.90204924170658,-22.25586806965712,0.0007
house-ga-10,HOUSE,GA,10,False,standard,Mike Collins,,0,Pam Delancy,Houston Gaines,,-20.913860114633074,-1.0,,-4.191954583387389,-1.5479720328238056,-0.0,0.0,0.0,0.0,0.0,,,,0.0,-14.58585122451575,-14.607042485706348,-22.8095301335297,-6.423875249174263,0.0207
house-ga-11,HOUSE,GA,11,False,standard,Barry Loudermilk,,0,Chris Harden,John Cowan,,-23.563722533183686,0.0,,-3.17001733717638,-0.8977496014028359,0.0,0.0,0.0,0.0544999999999999,0.03533642181077267,1.0,1.6612541907743217,0.18,0.3388174364639894,-16.624358007611438,-10.461411713581448,-17.5742636397038,-3.4532775503061663,0.0353
house-ga-12,HOUSE,GA,12,False,standard,Rick Allen,R,-1,Ceretta Smith,Rick Allen,,-14.231034879705307,-1.0,6.283421925551944,-3.7637177422160017,-2.4492327001270127,-0.0,0.0,0.0,0.1125,0.19900015688531977,,,,0.0,-12.444098629711153,-12.430551578329139,-19.838188911801538,-5.079020316146695,0.02425
house-ga-13,HOUSE,GA,13,False,standard,Everton Blair,,0,Jasmine Clark,Jonathan Chavez,,42.724453914937364,1.0,,,0.0,0.0,0.0,0.0,0.3025,4.165050875615828e-08,,,,0.0,49.608444065079546,49.583821100244435,41.426178407879796,57.68519590007511,1.0
house-ga-14,HOUSE,GA,14,False,standard,Clay Fuller,R,-1,Shawn Harris,Clay Fuller,,-37.01635857495856,-2.0,,1.467812949399513,0.0020982895592468443,-0.0,0.0,0.0,-0.3234999999999999,-0.001001984703957303,,,,0.0,-31.904464471158946,-31.911577752995385,-39.25409390818534,-24.54783282479551,0.00045
house-hi-1,HOUSE,HI,1,False,standard,Ed Case,D,1,Ed Case,Adriel Lam,,25.166334746889017,2.0,18.640783175923783,,0.0,0.0,0.0,0.0,0.5030000000000001,3.1651572657138896e-06,,,,0.0,43.71053049873904,43.75503446137352,36.50346629512555,51.00085122844594,0.9997
house-hi-2,HOUSE,HI,2,False,standard,Jill Tokuda,D,1,Jill Tokuda,Brenton Awa,,22.062952000244117,1.0,15.616576458118669,2.218015975224514,9.455648331184915e-05,0.0,0.0,0.0,0.163,1.5055887061222727e-05,,,,0.0,39.03557670963019,39.10077854255206,31.854571402722208,46.29323379059993,0.99955
house-ia-1,HOUSE,IA,1,False,standard,Mariannette Miller-Meeks,R,-1,Christina Bohannan,Mariannette Miller-Meeks,,-8.590704180072024,-1.0,-8.521283143076325,-0.0794421672972864,-0.11778021190344212,-0.0,0.0,0.0,-0.0644999999999998,-0.2071920388565258,2.0,3.2944334479603414,0.2499999999305885,0.2478592157933432,3.9177162644019163,3.8141751430559943,-2.756789578681386,10.290912415835255,0.77645
house-ia-2,HOUSE,IA,2,False,standard,Ashley Hinson,,0,Lindsay James,Joe Mitchell,,-10.127597485735269,0.0,,-0.1720623259636155,-0.2849092978860711,0.0,0.0,0.0,0.0,0.0,2.0,-2.4781344895255355,0.09159851293451704,0.3913683927243715,-1.7288882138180321,-1.9482213328692726,-8.811622863004576,4.819202120982089,0.3548
house-ia-3,HOUSE,IA,3,False,standard,Zach Nunn,R,-1,Sarah Trone Garriott,Zach Nunn,,-4.464251430326767,-1.0,-0.754455771234106,-0.0083406686317467,-0.012117429387742455,-0.0,0.0,0.0,0.1625000000000001,0.5115111412086157,1.0,-0.9140451719358242,0.1,0.07313348938590492,5.0734612257600125,4.681982738756104,-2.45546177742705,11.695462303823643,0.80565
house-ia-4,HOUSE,IA,4,False,standard,Randy Feenstra,,0,David Dawson,Chris McGowan,,-31.901561369041463,1.0,,-1.4783026766701204,-0.0408217382561428,0.0,0.0,0.0,0.0,0.0,,,,0.0,-24.36334144272392,-24.310506672862616,-32.60372622089373,-15.949961450421881,0.00355
house-id-1,HOUSE,ID,1,False,standard,Russ Fulcher,R,-1,Kaylee Peterson,Russ Fulcher,,-46.19778126853283,-2.0,0.9076352246212585,-1.3913910102249132,-2.7899850802039777e-05,-0.0,0.0,0.0,-0.0524999999999999,-2.2808886972893533e-06,2.0,-19.403080266424904,0.22768421311329798,0.26883000131315404,-40.402779167062874,-34.696863110584104,-41.14174551533719,-28.413263332879588,0.0003
house-id-2,HOUSE,ID,2,False,standard,Mike Simpson,R,-1,Ellie Gilbreath,Mike Simpson,,-27.561138104639443,-2.0,5.233872944155752,-2.3674484767699004,-0.08648446241087071,-0.0,0.0,0.0,-0.4535,-0.03589442059290653,,,,0.0,-23.60192700378144,-23.59536995962634,-30.83387320818487,-16.305054732930085,0.00155
house-il-1,HOUSE,IL,1,False,standard,Jonathan Jackson,D,1,Jonathan Jackson,Christian Maxwell,,32.45721176888944,2.0,-0.6283098800027416,1.701148349847759,3.905039220014712e-05,0.0,0.0,0.0,0.003,1.4920953209264327e-07,,,,0.0,40.16107396531175,40.11335044248841,32.845988533645915,47.356037657057136,0.9999
house-il-2,HOUSE,IL,2,False,standard,Robin Kelly,,0,Donna Miller,Michael Noack,,33.57708216310065,0.0,,,0.0,0.0,0.0,0.0,0.0,0.0,,,,0.0,40.8449108754166,40.89671764678921,32.62272004459893,49.04494348717811,0.99965
house-il-3,HOUSE,IL,3,False,standard,Delia Ramirez,D,1,Delia Ramirez,Angel Oakley,,31.83380528871024,2.0,2.8682636964648127,4.111692187436496,3.253877132458489e-05,0.0,0.0,0.0,-0.1469999999999999,-3.4545328889600936e-06,,,,0.0,41.48339609918547,41.46110010117671,34.0999463344983,48.722377321895515,0.9999
house-il-4,HOUSE,IL,4,False,standard,Chuy García,,0,Patty Garcia,Lupe Castillo,,28.752276035686318,0.0,,,0.0,0.0,0.0,0.0,0.0,0.0,,,,0.0,36.19075475708161,36.22037234950591,27.855426728320097,44.47323039546608,0.9995
house-il-5,HOUSE,IL,5,False,standard,Mike Quigley,D,1,Mike Quigley,Tommy Hanson,,37.56614329445709,2.0,0.5003447000653916,,0.0,0.0,0.0,0.0,0.052,9.5655981754314e-08,,,,0.0,45.691455320785906,45.740390288980606,38.59400016011348,52.86390335438389,0.99995
house-il-6,HOUSE,IL,6,False,standard,Sean Casten,D,1,Sean Casten,Niki Conforti,,5.575462312490821,2.0,2.964765839552494,2.087519346752857,0.4945093863598614,0.0,0.0,0.0,-0.0884999999999999,-0.04542337534835283,,,,0.0,17.244625642918034,17.274102097439197,10.033960089214247,24.577343552083054,0.99235
house-il-7,HOUSE,IL,7,False,standard,Danny Davis,,0,La Shawn Ford,Chad Koppie,,66.15598021500666,1.0,,2.228434091099001,1.1649872464868487e-15,0.0,0.0,0.0,0.3694999999999999,4.1853128024230527e-16,,,,0.0,71.70555712633917,71.58265398087978,63.38386558526837,79.92152220493021,1.0
house-il-8,HOUSE,IL,8,False,standard,Raja Krishnamoorthi,,0,Melissa Bean,Jennifer Davis,,7.000325718967043,2.0,,0.3339292115176673,0.10232203914941718,0.0,0.0,0.0,0.0,0.0,,,,0.0,15.755758531061527,15.831026211824028,7.448560724080342,24.101885639783646,0.98125
house-il-9,HOUSE,IL,9,False,standard,Jan Schakowsky,,0,Daniel Biss,John Elleson,,36.986157350622044,1.0,,,0.0,0.0,0.0,0.0,0.9295,4.5558863527099546e-06,,,,0.0,44.12014798329759,44.119310656802455,35.927681082617646,52.15812828744964,0.9995
house-il-10,HOUSE,IL,10,False,standard,Brad Schneider,D,1,Brad Schneider,Carl Lambrecht,,22.345356623267172,2.0,-2.2652301709088603,5.125619774484333,0.012087285627935691,0.0,0.0,0.0,0.2260000000000001,0.001972913620826393,,,,0.0,29.488677107816557,29.4248093879977,22.130423409072957,36.64592029762764,0.9992
house-il-11,HOUSE,IL,11,False,standard,Bill Foster,D,1,Bill Foster,Jeff Walter,,11.606554064861559,0.0,-0.3003582183254645,2.454408278368989,0.23496244119415796,0.0,0.0,0.0,-0.2189999999999998,-0.0454242594148661,,,,0.0,20.501143497784884,20.488070697385048,13.155965827686172,27.82868244747801,0.99645
house-il-12,HOUSE,IL,12,False,standard,Mike Bost,R,-1,Julie Fortier,Mike Bost,,-44.08125909098338,-2.0,4.180216152299926,-2.741856278476134,-6.919846008022416e-05,-0.0,0.0,0.0,-0.2654999999999999,-1.4518052778197588e-05,,,,0.0,-39.99081227478651,-40.02507049161992,-47.22811740538823,-32.7023214194421,0.0002
house-il-13,HOUSE,IL,13,False,standard,Nikki Budzinski,D,1,Nikki Budzinski,Jeff Wilson,,10.649960605661136,1.0,5.699093840100404,2.5788729082839565,0.11932367869984702,0.0,0.0,0.0,-0.007,-0.0007017571336949904,,,,0.0,22.861904203682577,22.838456212893185,15.59978520196363,30.062101503057065,0.998
house-il-14,HOUSE,IL,14,False,standard,Lauren Underwood,D,1,Lauren Underwood,James Marter,,5.2631897441173,2.0,5.068363312404505,2.981603577156067,0.5710297560769088,0.0,0.0,0.0,0.0555000000000001,0.023029999257561988,,,,0.0,18.277553160092157,18.28684897712198,11.046280908729344,25.482761847152744,0.99455
house-il-15,HOUSE,IL,15,False,standard,Mary Miller,R,-1,Jennifer Todd,Mary Miller,,-40.433634690775264,-2.0,,-2.701707479578671,-0.000735284189016914,-0.0,0.0,0.0,0.3305,0.0001948859219580055,,,,0.0,-35.45222723730462,-35.421957082619784,-42.73651972096846,-28.211788525388048,0.00035
house-il-16,HOUSE,IL,16,False,standard,Darin LaHood,R,-1,Paul Nolley,Darin LaHood,,-23.049919660830685,-2.0,,-3.053507107786751,-0.5958416452844796,-0.0,0.0,0.0,-0.3245,-0.13964211003514318,,,,0.0,-18.27021629446663,-18.198921860014053,-25.414339915935738,-10.960955134216633,0.006
house-il-17,HOUSE,IL,17,False,standard,Eric Sorensen,D,1,Eric Sorensen,Dillan Vancil,,4.828123190177733,2.0,4.148654374160702,1.937764575352899,0.45830267652889195,0.0,0.0,0.0,0.0494999999999999,0.025365806911178568,,,,0.0,17.286043752891533,17.2353446883247,10.14802446421637,24.384746246158116,0.99365
house-in-1,HOUSE,IN,1,False,standard,Frank J. Mrvan,,0,Frank Mrvan,Barb Regnitz,,0.4022301253280738,1.0,,0.0746375769875172,0.06411884122983263,0.0,0.0,0.0,0.038,0.07073002823773064,,,,0.0,9.962399270132355,9.88340986654946,1.6661111542180127,18.144272254645795,0.9322
house-in-2,HOUSE,IN,2,False,standard,Rudy Yakym,R,-1,Jamee Decio,Rudy Yakym,,-26.920260374288038,-2.0,1.8550214695547596,-2.8038189407098195,-0.22264850482131707,-0.0,0.0,0.0,0.2664999999999999,0.045852089671558974,,,,0.0,-21.140549652380276,-21.20840942188673,-28.520924224960435,-13.900465736826925,0.00275
house-in-3,HOUSE,IN,3,False,standard,Marlin Stutzman,R,-1,Kelly Thompson,Marlin Stutzman,,-31.72894798522732,-2.0,3.0134958605389803,-1.803419857987651,-0.010748394431034557,-0.0,0.0,0.0,0.2275,0.0029377866343758517,,,,0.0,-28.509964128968807,-28.52627543756588,-35.70253717721274,-21.29478371194487,0.0008
house-in-4,HOUSE,IN,4,False,standard,Jim Baird,R,-1,Drew Cox,Jim Baird,,-29.878658536585366,-2.0,5.398549230995093,-2.606323774000942,-0.04077389396106267,-0.0,0.0,0.0,0.0965,0.0032709449790545376,,,,0.0,-25.987618127673084,-25.893803147617216,-33.148391042133504,-18.70955724161186,0.0014
house-in-5,HOUSE,IN,5,False,standard,Victoria Spartz,R,-1,J. D. Ford,Victoria Spartz,,-17.12743785454997,-1.0,2.3865274213933985,-1.015500082318891,-0.7196931350398279,-0.0,0.0,0.0,0.1414999999999999,0.21727809200545098,1.0,-7.471496902292548,0.06,0.3242265932902178,-11.650830550927802,-10.321488443143997,-16.51796782416003,-4.116090181558728,0.02235
house-in-6,HOUSE,IN,6,False,standard,Jefferson Shreve,R,-1,Cinde Wirth,Jefferson Shreve,,-33.09952049613334,-2.0,0.4805651133835615,-3.872300423106712,-0.017742899263746153,-0.0,0.0,0.0,-0.1185,-0.0015184964619889415,,,,0.0,-28.540855656902416,-28.542908824393226,-35.80252233680477,-21.26285818506003,0.00095
house-in-7,HOUSE,IN,7,False,standard,André Carson,D,1,André Carson,Patrick McAuley,,42.161067786442715,0.0,-1.5523722223000282,,0.0,0.0,0.0,0.0,-0.0829999999999999,-1.7847532083491067e-08,,,,0.0,48.95716108715673,48.91832140007976,41.586804601442225,56.06451327231097,0.9999
house-in-8,HOUSE,IN,8,False,standard,Mark Messmer,R,-1,Mary Allen,Mark Messmer,,-36.49150182813958,-1.0,2.917961324114919,-1.5217366015143527,-0.0011216175422721682,-0.0,0.0,0.0,-1.0645,-0.0016999771120362543,,,,0.0,-33.36979074839522,-33.341105276094865,-40.73589672505747,-26.08523206044801,0.00045
house-in-9,HOUSE,IN,9,False,standard,Erin Houchin,R,-1,Brad Meyer,Erin Houchin,,-30.3858345174336,-2.0,2.047181420126676,-3.02875983830688,-0.07466150113833632,-0.0,0.0,0.0,-0.1394999999999999,-0.00752214623968738,,,,0.0,-24.71054811864293,-24.708854281668593,-31.89958393013268,-17.429874976380223,0.00135
house-ks-1,HOUSE,KS,1,False,standard,Tracey Mann,R,-1,Lauren Reinhold,Tracey Mann,,-31.848581559120564,-2.0,6.301345261018343,-3.806015691409785,-0.018082538735648312,-0.0,0.0,0.0,-0.0655000000000001,-0.000855404540744698,,,,0.0,-28.4926258371837,-28.49248672491923,-35.855622567014116,-21.180856167292394,0.00085
house-ks-2,HOUSE,KS,2,False,standard,Derek Schmidt,R,-1,Don Coover,Derek Schmidt,,-20.055354340614592,-2.0,-0.3680230366400758,-0.7382146787724481,-0.27945980237779455,-0.0,0.0,0.0,0.1354999999999999,0.11113940520822052,,,,0.0,-14.81702275760526,-14.8128064321158,-22.118069806365604,-7.451068835381446,0.01205
house-ks-3,HOUSE,KS,3,False,standard,Sharice Davids,D,1,Sharice Davids,Eric Jenkins,,4.174028834088756,1.0,7.157275137333762,4.600955616274553,0.5458455006795426,0.0,0.0,0.0,-0.1909999999999999,-0.07529635434373909,,,,0.0,18.361520509729754,18.45827848750539,11.15956991824434,25.65302754044128,0.99485
house-ks-4,HOUSE,KS,4,False,standard,Ron Estes,R,-1,Katy Tyndell,Ron Estes,,-23.69976552345745,-2.0,6.275852691558842,-2.528986830913205,-0.2574015428459214,-0.0,0.0,0.0,-0.1154999999999999,-0.02547056999657524,,,,0.0,-20.376084854903812,-20.296037054367073,-27.52758761676589,-13.025226347894616,0.0042
house-ky-1,HOUSE,KY,1,False,standard,James Comer,R,-1,Drew Williams,James Comer,,-47.91004767154219,-2.0,1.3978969625571684,-3.6089459034253775,-1.8352639320034134e-05,-0.0,0.0,0.0,0.1025,1.3586051052191935e-06,,,,0.0,-42.465681089841006,-42.46899315073769,-49.76195184044445,-35.0783889668544,0.0002
house-ky-2,HOUSE,KY,2,False,standard,Brett Guthrie,R,-1,Megan Wingfield,Brett Guthrie,,-41.93201836717013,-2.0,4.147458952843933,-5.078749700002629,-0.00025624824680764343,-0.0,0.0,0.0,-0.2704999999999999,-5.006094221661544e-05,,,,0.0,-37.73218769606959,-37.640498245479314,-45.088913730349596,-30.256112879503174,0.00055
house-ky-3,HOUSE,KY,3,False,standard,Morgan McGarvey,D,1,Morgan McGarvey,Maria Rodriquez,,19.26899411654809,2.0,4.767103761865028,4.781345768246492,0.008370723535771413,0.0,0.0,0.0,0.405,0.002448436634213139,,,,0.0,30.369683256772202,30.361692758260318,23.089168153385923,37.641491423200115,0.9995
house-ky-4,HOUSE,KY,4,False,standard,Thomas Massie,,0,Melissa Strange,Ed Gallrein,,-36.16019101367484,0.0,,-3.403540947643686,-0.016402600078208707,0.0,0.0,0.0,0.0,0.0,,,,0.0,-28.73559297223927,-28.767962403822633,-36.95924779310272,-20.503616776324712,0.002
house-ky-5,HOUSE,KY,5,False,standard,Hal Rogers,R,-1,Ned Pillersdorf,Hal Rogers,,-64.66978795481056,-2.0,,-2.2413907177324863,-2.2709584698010476e-11,-0.0,0.0,0.0,-0.3585,-7.869966523295365e-12,,,,0.0,-60.99273652881123,-61.0359828453052,-68.21285358342726,-53.87556898255231,0.0001
house-ky-6,HOUSE,KY,6,False,standard,Andy Barr,,0,Zach Dembo,Ralph Alvarado,,-15.313409908980443,-1.0,,-0.0381893615737427,-0.04491119154892532,-0.0,0.0,0.0,0.0,0.0,4.0,-6.181239245102557,0.10279627704437636,0.4298730238453396,-7.211471123430034,-6.7670114675887945,-13.347846251480115,-0.2526847448931942,0.09215
house-la-1,HOUSE,LA,1,False,jungle,Steve Scalise,R,-1,Lauren Jewett,Randall Arrington; Steve Scalise,,-38.94809735335349,-2.0,12.025910051031865,,0.0,-0.0,0.0,0.0,0.0,0.0,,,,0.0,-38.96275119393331,-39.03333887784072,-46.21396454516562,-31.753099569666617,0.0002
house-la-2,HOUSE,LA,2,False,jungle,Troy Carter,D,1,Troy Carter; Renada Collins,Peter Williams,,48.34454715461763,0.0,10.026227410449255,,0.0,0.0,0.0,0.0,0.0,0.0,,,,0.0,61.208412441851074,61.23601123176907,53.898999731058865,68.3650353418927,1.0
house-la-3,HOUSE,LA,3,False,jungle,Clay Higgins,R,-1,John Day; Priscilla Gonzalez; Tia LeBrun; Caleb Walker,Kate Cotten; Clay Higgins,,-36.49141918263314,-2.0,3.629297718232862,,0.0,-0.0,0.0,0.0,-0.0144999999999999,-4.709743443438809e-05,,,,0.0,-31.798165716027924,-31.837861394613643,-39.046845210916004,-24.559204504934605,0.0006
house-la-4,HOUSE,LA,4,False,jungle,Mike Johnson,R,-1,Conrad Cable; Matt Gromlich,Gordon Heslop; Mike Johnson; Mike Nichols,,-34.66020705293809,-2.0,,-4.4286200430792935,-0.012118657788402957,-0.0,0.0,0.0,0.2215,0.0019386486167614623,,,,0.0,-29.47846429469891,-29.522348921636926,-36.67294578130948,-22.299083918457015,0.0007
house-la-5,HOUSE,LA,5,False,jungle,Julia Letlow,,0,Dan McKay; Patricia Moore; Antonio Wilson,Stewart Cathey Jr.; Misti Cordell; Omar Dantzler; Michael Echols; Gabe Firment; Austin Magee,,-34.46022314691452,0.0,,,0.0,0.0,0.0,0.0,0.0,0.0,,,,0.0,-26.961701913740228,-27.01179776170971,-35.35713175691473,-18.795247844944065,0.00235
house-la-6,HOUSE,LA,6,False,jungle,Cleo Fields,,0,Pat Forbes; Lindsay Garcia,Monique Appeaning; Larry Davis; Rick Edmonds; Chris Johnson; Michael Mebruer; Blake Miguez; Stephen Wagley,,-30.628413524975773,-1.0,,,0.0,-0.0,0.0,0.0,0.0,0.0,,,,0.0,-23.011936370582056,-22.99815332245918,-31.30546253230408,-14.698485349532037,0.0042
house-ma-1,HOUSE,MA,1,False,same_party,Richard Neal,D,1,Richard Neal,,D,13.91472962033623,0.0,,,,,,0.0,0.396,,,,,,,,,,1.0
house-ma-2,HOUSE,MA,2,False,same_party,Jim McGovern,D,1,Jim McGovern,,D,24.287252795533576,0.0,,,,,,0.0,-0.0569999999999999,,,,,,,,,,1.0
house-ma-3,HOUSE,MA,3,False,standard,Lori Trahan,D,1,Lori Trahan,Gary Grossi,,19.39223989927893,2.0,,4.602917822939294,0.012379237708247906,0.0,0.0,0.0,0.193,0.001725528189444111,,,,0.0,29.430363136108454,29.375068793033485,22.260728506317257,36.560909055570974,0.9994
house-ma-4,HOUSE,MA,4,False,standard,Jake Auchincloss,D,1,Jake Auchincloss,Thomas Stalcup,,20.13118266529218,2.0,,5.765852177419516,0.009207239708937661,0.0,0.0,0.0,0.5090000000000001,0.0033846836196689176,,,,0.0,30.144712022465455,30.162902670553144,22.87037898446711,37.397273075267364,0.99925
house-ma-5,HOUSE,MA,5,False,same_party,Katherine Clark,D,1,Katherine Clark,,D,46.346449490580284,0.0,,,,,,0.0,0.103,,,,,,,,,,1.0
house-ma-6,HOUSE,MA,6,False,standard,Seth Moulton,,0,Dan Koh,Micah Jones,,21.088680178889774,1.0,,2.3034776042991005,0.01238704813106936,0.0,0.0,0.0,0.095,0.0011068774457454527,,,,0.0,28.77426128861222,28.685194635732607,20.529121347886765,37.20116277960631,0.99835
house-ma-7,HOUSE,MA,7,False,same_party,Ayanna Pressley,D,1,Ayanna Pressley,,D,65.14004345536927,0.0,,,,,,0.0,-0.2809999999999999,,,,,,,,,,1.0
house-ma-8,HOUSE,MA,8,False,standard,Stephen Lynch,D,1,Stephen Lynch,Robert Burke,,26.9861956166176,2.0,14.298747911823163,4.349485181727128,1.2694498135743298e-05,0.0,0.0,0.0,0.266,2.438754141855574e-06,,,,0.0,43.08611156780285,43.13000053126398,36.042921340964035,50.385780963368475,0.9998
house-ma-9,HOUSE,MA,9,False,standard,Bill Keating,D,1,Bill Keating,Tyler MacAllister,,10.942031882242684,1.0,,1.7503611501444836,0.12107290674522965,0.0,0.0,0.0,0.071,0.010640689105466658,,,,0.0,21.564326055147607,21.47701684951229,14.297796279857442,28.72386652579807,0.99755
house-md-1,HOUSE,MD,1,False,standard,Andy Harris,R,-1,Dan Schwartz,Andy Harris,,-17.30515700957555,-2.0,5.337279097997732,-1.4731728940375293,-0.7711018634267516,-0.0,0.0,0.0,-0.2704999999999999,-0.3067731915824825,1.0,-18.7113984224661,0.09,0.30162938521691623,-14.036469951179292,-15.4487968960084,-21.86241148816989,-9.010698117183473,0.0057
house-md-2,HOUSE,MD,2,False,standard,Johnny Olszewski,D,1,Johnny Olszewski,Dave Wallace,,18.938218026002716,2.0,0.266000010762796,3.367159589513458,0.011848931356388995,0.0,0.0,0.0,0.7454999999999999,0.006379662124469107,,,,0.0,29.541456900972257,29.480185370748792,22.20102928873695,36.661464474979134,0.99895
house-md-3,HOUSE,MD,3,False,standard,Sarah Elfreth,D,1,Sarah Elfreth,Berney Flowers,,24.49027443115774,2.0,-2.323935412135426,3.879679397517795,0.0020941099763027732,0.0,0.0,0.0,0.7745000000000002,0.0011713636831335822,,,,0.0,33.487421624877356,33.478966060780905,26.259885253812836,40.55170489616119,0.9993
house-md-4,HOUSE,MD,4,False,standard,Glenn Ivey,D,1,Glenn Ivey,George McDermott,,75.6651801829724,2.0,,3.716068236483568,1.0203988769554721e-20,0.0,0.0,0.0,0.181,1.3338880874867921e-21,,,,0.0,82.83383164069575,82.82261396999202,75.58735765324454,90.07564578563486,1.0
house-md-5,HOUSE,MD,5,False,standard,Steny Hoyer,,0,Adrian Boafo,Chris Chaffee,,34.05016724003836,1.0,,,0.0,0.0,0.0,0.0,0.0,0.0,,,,0.0,41.30007986061223,41.28805903768399,33.152185745015146,49.542429721677394,0.99975
house-md-6,HOUSE,MD,6,False,standard,April McClain Delaney,D,1,April McClain Delaney,Robin Ficker,,5.925898469147308,1.0,0.5356131365762353,3.371052092149576,0.5692370771003324,0.0,0.0,0.0,0.342,0.14060155804378213,,,,0.0,18.431138461977362,18.395359331318915,11.147027659573945,25.626680453852543,0.9933
house-md-7,HOUSE,MD,7,False,standard,Kweisi Mfume,D,1,Kweisi Mfume,Scott Collier,,60.49731735411945,2.0,4.389203584551454,3.8338822565503943,1.2763958801597111e-14,0.0,0.0,0.0,0.124,1.1430834215652525e-15,,,,0.0,69.56850010935432,69.53927642884747,62.25251872081211,76.60771778961013,1.0
house-md-8,HOUSE,MD,8,False,standard,Jamie Raskin,D,1,Jamie Raskin,Cheryl Riley,,58.05566151736721,2.0,-0.0059471840819389,5.622304673504999,1.0356491377017562e-12,0.0,0.0,0.0,0.0205000000000001,1.5333360844306632e-14,,,,0.0,64.85930484183538,64.82420259036897,57.62542059282841,72.0459240410306,0.99995
house-me-1,HOUSE,ME,1,False,standard,Chellie Pingree,D,1,Chellie Pingree,Ronald Russell,,22.08301794249629,2.0,1.5056209434328922,1.8930307861271725,0.0035394389816678718,0.0,0.0,0.0,-0.3235,-0.0013105184506672063,1.0,21.00612315059143,0.08,0.37045036313539764,31.296149034245307,27.502379408719502,21.5453099529573,33.56694190409155,0.9998
house-me-2,HOUSE,ME,2,False,standard,Jared Golden,,0,Matthew Dunlap,Paul LePage,,-9.23471064196821,-1.0,,-0.6957075364858891,-1.1672619859888276,-0.0,0.0,0.0,0.0,0.0,7.0,2.138389900765828,0.03521204166110141,0.5387693307797766,-1.601100884002219,0.5433409356293406,-5.61399913964521,6.512217735927706,0.54475
house-mi-1,HOUSE,MI,1,False,standard,Jack Bergman,R,-1,Callie Barr,Jack Bergman,,-21.519722425890762,-2.0,0.2316726756453766,-0.8898274179139831,-0.34508781595818455,-0.0,0.0,0.0,-0.3004999999999999,-0.25249944088427023,,,,0.0,-15.127116697853833,-15.19255141051476,-22.42228766082542,-7.950690575643996,0.01055
house-mi-2,HOUSE,MI,2,False,standard,John Moolenaar,R,-1,Ben Ambrose,John Moolenaar,,-30.540216196830155,-2.0,3.8770253670758894,-3.3498424879426896,-0.04964831666034736,-0.0,0.0,0.0,-0.1514999999999999,-0.005432353314586338,,,,0.0,-25.848652544358853,-25.857939116063598,-32.916990191411045,-18.6896196647141,0.00105
house-mi-3,HOUSE,MI,3,False,standard,Hillary Scholten,D,1,Hillary Scholten,Terri DeBoer,,7.972385433101784,2.0,2.3010195922239145,1.6256937267342797,0.2534250691461879,0.0,0.0,0.0,-0.0779999999999999,-0.0263449602968826,,,,0.0,18.729724073651266,18.65265349352411,11.538105918529457,25.96374873245594,0.99505
house-mi-4,HOUSE,MI,4,False,standard,Bill Huizenga,R,-1,Sean McCann,Bill Huizenga,,-5.621377887750186,-1.0,6.147840019606269,-0.5010513514334808,-0.8403724619626106,-0.0,0.0,0.0,0.0155,0.05632657896940359,4.0,-2.0909826480264098,0.0700026953151286,0.3625229422678499,-1.272548544273723,-1.5650011167345932,-7.716618037371189,4.511931929335008,0.36165
house-mi-5,HOUSE,MI,5,False,standard,Tim Walberg,R,-1,Christian Vukasovich,Tim Walberg,,-27.40917258410124,-2.0,5.9077309581649216,-3.533420937766253,-0.10214838814592891,-0.0,0.0,0.0,0.0665,0.004905960086230864,,,,0.0,-23.791499410851472,-23.792160170569673,-31.031247946808612,-16.602496324170325,0.00155
house-mi-6,HOUSE,MI,6,False,standard,Debbie Dingell,D,1,Debbie Dingell,Heather Smiley,,23.922767554940073,2.0,4.0544345737160805,,0.0,0.0,0.0,0.0,0.4305,0.00040662060216508256,,,,0.0,34.481996244510995,34.53455325074053,27.329479769948193,41.656594240597244,0.99945
house-mi-7,HOUSE,MI,7,False,standard,Tom Barrett,R,-1,William Lawrence,Tom Barrett,,-1.303857115880356,-2.0,2.410882391128948,-1.7382445669946092,-2.5903423129960315,-0.0,0.0,0.0,0.2015,0.6505990600836388,2.0,-1.7060877354176727,0.042466584014603875,0.41425432823861624,2.2150909304438655,0.5643964906989507,-5.241523582020442,6.5246950901511935,0.55085
house-mi-8,HOUSE,MI,8,False,standard,Kristen McDonald Rivet,D,1,Kristen McDonald Rivet,Thomas Smith,,-2.009144166793344,2.0,9.05853067314203,5.09832166479946,1.0224266789378407,0.0,0.0,0.0,-0.0809999999999999,-0.05981196071786361,,,,0.0,16.118891121209433,16.127176115197706,8.858950376846257,23.56179020426289,0.9919
house-mi-9,HOUSE,MI,9,False,standard,Lisa McClain,R,-1,Ray Pooley,Lisa McClain,,-32.77545908113034,-2.0,5.805455279935123,-5.273263460476266,-0.013760962043476944,-0.0,0.0,0.0,-0.0224999999999999,-0.00022361563320649937,,,,0.0,-29.170096948288723,-29.198667421016687,-36.42777614686945,-22.050618275554736,0.00075
house-mi-10,HOUSE,MI,10,False,standard,John James,,0,Christina Hines,Mike Bouchard,,-6.684831205554229,0.0,,-0.1521755647335265,-0.2452347540728086,0.0,0.0,0.0,0.0,0.0,2.0,-3.464662883261486,0.10000107097153632,0.3717232036497744,2.202669573333368,0.09294417977393565,-6.710732482797169,6.911574775147883,0.5082
house-mi-11,HOUSE,MI,11,False,standard,Haley Stevens,,0,Jeremy Moss,Ethan Baker,,16.423294509151415,-1.0,,2.19675704633931,0.0620531131661829,-0.0,0.0,0.0,0.0,0.0,,,,0.0,24.31731739556275,24.328180888388907,15.994214322584336,32.49141447920285,0.9965
house-mi-12,HOUSE,MI,12,False,standard,Rashida Tlaib,D,1,Rashida Tlaib,James Hooper,,39.897191011235954,2.0,6.740255373846851,5.340050291667084,5.601326621098064e-08,0.0,0.0,0.0,-0.0714999999999999,-2.89246283017258e-09,,,,0.0,51.35535034693601,51.35049501453251,44.28010006779971,58.54302294188145,1.0
house-mi-13,HOUSE,MI,13,False,standard,Shri Thanedar,,0,Donavan McKinney,T. P. Nykoriak,,41.99678274964389,1.0,,,0.0,0.0,0.0,0.0,0.0,0.0,,,,0.0,48.91417994067165,48.992488725179946,40.74372853287626,57.23059320112146,0.9997
house-mn-1,HOUSE,MN,1,False,standard,Brad Finstad,R,-1,Jake Johnson,Brad Finstad,,-12.233713055803454,-2.0,4.75157807356985,-0.0817357309336514,-0.09620796485843536,-0.0,0.0,0.0,-0.0124999999999999,-0.03187874325975886,3.0,-4.767255191340839,0.07000016414491037,0.3329046538194181,-7.285690825650751,-6.3891169654585696,-12.56355300850259,-0.2168360409532657,0.092
house-mn-2,HOUSE,MN,2,False,standard,Angie Craig,,0,Matt Little,Eric Pratt,,5.9507367864820395,0.0,,0.5706436769766289,0.21168438392851618,0.0,0.0,0.0,0.0,0.0,2.0,6.5856161971705305,0.08098246818653601,0.42995291930651114,14.959788686136774,11.395642932646123,4.682647934570665,17.907685505767606,0.97725
house-mn-3,HOUSE,MN,3,False,standard,Kelly Morrison,D,1,Kelly Morrison,Tyler Bass,,21.720150444274704,2.0,-4.60252185814226,,0.0,0.0,0.0,0.0,0.0,0.0,,,,0.0,29.542211655823014,29.587891528084192,22.340663246177407,36.67331115820147,0.999
house-mn-4,HOUSE,MN,4,False,standard,Betty McCollum,D,1,Betty McCollum,Paul Wikstrom,,36.46698138802974,2.0,-1.6101802176268754,3.83215516867897,1.0039319362651211e-05,0.0,0.0,0.0,0.131,9.498311596997231e-07,,,,0.0,43.476471909666024,43.50004679071451,36.33709610516559,50.840342960439216,0.99995
house-mn-5,HOUSE,MN,5,False,standard,Ilhan Omar,D,1,Ilhan Omar,John Nagel,,63.542984491902445,2.0,-13.069564180094382,2.1154608785306404,4.4638132134490286e-12,0.0,0.0,0.0,-0.3,-1.371558613155343e-12,,,,0.0,62.817546343186045,62.83377416566904,55.61424512538864,70.02555201686633,0.99995
house-mn-6,HOUSE,MN,6,False,standard,Tom Emmer,R,-1,Doug Chapin,Tom Emmer,,-20.06608890237427,-2.0,4.8763389132086905,-3.231449164368663,-0.9331641893185164,-0.0,0.0,0.0,-0.0674999999999999,-0.045491754229277606,,,,0.0,-16.562864238620755,-16.53944356980078,-23.757037095553336,-9.243734176020466,0.00775
house-mn-7,HOUSE,MN,7,False,standard,Michelle Fischbach,R,-1,Erik Osberg,Michelle Fischbach,,-37.09774237198466,-2.0,3.82631766493813,-1.6051921295735947,-0.0017318966996844177,-0.0,0.0,0.0,0.0874999999999999,0.0002045479436797331,,,,0.0,-32.535860786060404,-32.48720798839856,-39.76680687659572,-25.369330291268405,0.00045
house-mn-8,HOUSE,MN,8,False,standard,Pete Stauber,R,-1,Trina Swanson,Pete Stauber,,-14.531388413157739,-2.0,1.43447499278819,-2.0479487256838023,-2.242098376690806,-0.0,0.0,0.0,-0.0135,-0.032022958727303444,,,,0.0,-10.12674622328803,-10.09858329741985,-17.423172212586184,-2.7908355305265773,0.0454
house-mo-1,HOUSE,MO,1,False,standard,Wesley Bell,D,1,Wesley Bell,Paul Berry,,58.18768172722622,2.0,2.9716294497426725,,0.0,0.0,0.0,0.0,0.894,2.1253149475727806e-14,,,,0.0,68.58102936523005,68.59472006187939,61.32043032110653,75.71429075796652,1.0
house-mo-2,HOUSE,MO,2,False,standard,Ann Wagner,R,-1,Fred Wellman,Ann Wagner,,-8.036578251263439,-2.0,4.207181997151738,-1.7513577826849565,-2.851002600024507,-0.0,0.0,0.0,0.0934999999999999,0.3297816218736955,2.0,-2.0417102193255516,0.15000000000000002,0.31465983148448223,-4.651497617146964,-3.762765218913339,-10.158450750528228,2.459919857961243,0.2138
house-mo-3,HOUSE,MO,3,False,standard,Bob Onder,R,-1,Bethany Mann,Bob Onder,,-27.09880132670149,-2.0,-0.2974415771232381,-2.721599347768508,-0.16241207094808485,-0.0,0.0,0.0,-0.1494999999999999,-0.01932980204858885,,,,0.0,-22.104766553907748,-22.040756191938073,-29.284238494659647,-14.836991169061129,0.0028
house-mo-4,HOUSE,MO,4,False,standard,Mark Alford,R,-1,Jordan Herrera,Mark Alford,,-42.811354448074596,-2.0,2.882068726654942,-3.539218868419995,-0.00022824350485506229,-0.0,0.0,0.0,-0.1125,-1.854478476947381e-05,,,,0.0,-37.95232861688562,-38.02877329827457,-45.245036706317805,-30.840682571226438,0.0002
house-mo-5,HOUSE,MO,5,False,standard,Emanuel Cleaver,D,1,Emanuel Cleaver,Rick Brattin,,23.50937224201861,1.0,1.2184126690067822,1.874106207615429,0.002034658013545243,0.0,0.0,0.0,0.3075,0.0007233266161843314,,,,0.0,32.523318518031786,32.543386616534306,25.29925760056699,39.58364653461784,0.99945
house-mo-6,HOUSE,MO,6,False,standard,Sam Graves,,0,Josh Smead,Chris Stigall,,-39.31892471811242,0.0,,-1.862502483332656,-0.002560635252627537,0.0,0.0,0.0,0.0,0.0,,,,0.0,-31.996043054924016,-31.90111986188947,-40.09280285961109,-23.69306967647518,0.001
house-mo-7,HOUSE,MO,7,False,standard,Eric Burlison,R,-1,Missi Hesketh,Eric Burlison,,-43.124014394889,0.0,3.03776442543215,-3.3818441974007443,-0.0001835112380981934,0.0,0.0,0.0,0.0775000000000001,1.0271531799107226e-05,,,,0.0,-38.36385743869356,-38.3498071372413,-45.56003627023374,-31.048459057984402,0.00025
house-mo-8,HOUSE,MO,8,False,standard,Jason Smith,R,-1,Chris Reichard,Jason Smith,,-54.60781455423596,-2.0,0.7571927791819908,-5.642867503322933,-2.5913234406484e-07,-0.0,0.0,0.0,0.0164999999999999,3.087993766772658e-09,,,,0.0,-49.160959898756,-49.148828066976584,-56.29656262965894,-42.06847437048163,0.0
house-ms-1,HOUSE,MS,1,False,standard,Trent Kelly,R,-1,Cliff Johnson,Trent Kelly,,-37.53256379062851,-2.0,1.961787866264081,-1.0758979445378716,-0.0015017694589884595,-0.0,0.0,0.0,-0.0495000000000001,-0.0001497026509755946,,,,0.0,-31.96101208477293,-31.976145379107184,-39.160037308127315,-24.734996005954283,0.0006
house-ms-2,HOUSE,MS,2,False,standard,Bennie Thompson,D,1,Bennie Thompson,Ron Eller,,20.573389722299627,2.0,3.580985900573041,3.1477987759962702,0.006451261915386802,0.0,0.0,0.0,0.6975000000000001,0.0032498231898761016,,,,0.0,30.980130964556988,30.976608822099536,23.698822921867073,38.14939556947204,0.9992
house-ms-3,HOUSE,MS,3,False,standard,Michael Guest,R,-1,Michael Chiaradio,Michael Guest,,-29.463344005292292,-2.0,,-2.045235290297825,-0.06057932056070411,-0.0,0.0,0.0,-0.0115,-0.0007380249815092956,,,,0.0,-24.1753713042442,-24.176852496914826,-31.514734287328796,-16.867177267289463,0.00155
house-ms-4,HOUSE,MS,4,False,standard,Mike Ezell,R,-1,Jeffrey Hulum III,Mike Ezell,,-42.99199812853909,-1.0,4.783732566765081,-3.0353314029711926,-0.00011783130453655176,-0.0,0.0,0.0,-0.0974999999999999,-8.297287694448844e-06,,,,0.0,-39.186442913786436,-39.228812972248804,-46.43982425961998,-31.96577880221371,0.00035
house-mt-1,HOUSE,MT,1,False,standard,Ryan Zinke,,0,Sam Forstag,Aaron Flint,,-11.922412494511375,0.0,,0.0635156786567131,0.0982029993454627,0.0,0.0,0.0,0.0,0.0,6.0,-1.8836496147920518,0.10566841874674157,0.45275697889611444,-3.359875931413343,-2.6612614228300284,-9.143587375646455,3.6897256316812452,0.2959
house-mt-2,HOUSE,MT,2,False,standard,Troy Downing,R,-1,Brian Miller,Troy Downing,,-30.507838926964144,-2.0,1.3480660134091798,-4.276495910059555,-0.04089613015124508,-0.0,0.0,0.0,0.2555,0.00754647201652003,1.0,-20.19295216231215,0.26,0.2236498672362683,-26.36268942301274,-24.926936543954405,-31.544886304499432,-18.489263090169345,0.00035
house-nc-1,HOUSE,NC,1,False,standard,Don Davis,D,1,Don Davis,Laurie Buckhout,,-11.640982218458934,2.0,5.026946521719204,0.1786801306703458,0.29991169714019833,0.0,0.0,0.0,0.3215000000000001,1.1692038108311527,4.0,3.794338880949149,0.07184055700290234,0.3809057996106111,1.829701579972563,2.5860084247525164,-3.604794462623604,8.613925906956062,0.7064
house-nc-2,HOUSE,NC,2,False,standard,Deborah Ross,D,1,Deborah Ross,Eugene Douglass,,34.43506519240677,2.0,1.126980153367172,,0.0,0.0,0.0,0.0,0.4135,3.92021137669194e-06,,,,0.0,43.03008792683799,43.00273689793201,35.8054440197843,50.171220442398905,0.99995
house-nc-3,HOUSE,NC,3,False,standard,Greg Murphy,R,-1,Raymond Smith Jr.,Greg Murphy,,-13.756454677871803,-1.0,,-2.7768693520994554,-3.0638093529455523,-0.0,0.0,0.0,-0.1294999999999999,-0.3095766245888966,1.0,-6.028952274720151,0.15,0.26229000903527205,-11.154522483801292,-9.809647760778086,-16.31259719731729,-3.2503844744535013,0.034
house-nc-4,HOUSE,NC,4,False,standard,Valerie Foushee,D,1,Valerie Foushee,Max Ganorkar,,46.06391998673297,2.0,0.726365233790994,3.1214903757679835,8.540266489700944e-09,0.0,0.0,0.0,0.022,1.3569534533635945e-10,,,,0.0,53.9277913391575,53.95004465244877,46.80549649623186,61.14360110203216,1.0
house-nc-5,HOUSE,NC,5,False,standard,Virginia Foxx,R,-1,Chuck Hubbard,Virginia Foxx,,-17.953183297610543,-2.0,0.9004566182576133,-2.382014743822398,-1.6749795776238505,-0.0,0.0,0.0,-0.4265,-0.6497947652801395,,,,0.0,-13.523670953871088,-13.610441645391031,-20.80772226154688,-6.312794386837589,0.0167
house-nc-6,HOUSE,NC,6,False,standard,Addison McDowell,R,-1,Cyril Jefferson,Addison McDowell,,-17.37132543617617,0.0,,-1.8159916883842968,-1.1882293463626707,0.0,0.0,0.0,-0.0115,-0.016303331527475894,,,,0.0,-12.857275652560217,-12.901579138663156,-20.16821926036193,-5.561309415180323,0.0196
house-nc-7,HOUSE,NC,7,False,standard,David Rouzer,R,-1,Kimberly Hardy,David Rouzer,,-13.94974512852853,-2.0,3.0371662790510188,-2.4114259874364383,-2.5679683203755643,-0.0,0.0,0.0,-0.0484999999999999,-0.11190501902417516,1.0,-10.589355664087044,0.16,0.25026620006519057,-10.782290867672552,-10.71489073858519,-17.177640709938913,-4.290501450483871,0.02255
house-nc-8,HOUSE,NC,8,False,standard,Mark Harris,R,-1,Colby Watson,Mark Harris,,-19.58539183387993,-2.0,-0.5226098593041444,-2.9714893398474422,-1.2608124643342697,-0.0,0.0,0.0,0.2424999999999999,0.22293597806960602,,,,0.0,-15.114755004341326,-15.16542651337975,-22.579897307525183,-7.944509068831477,0.0109
house-nc-9,HOUSE,NC,9,False,standard,Richard Hudson,R,-1,Richard Ojeda,Richard Hudson,,-16.01098912732778,-1.0,3.562598698207295,-0.5658622958580318,-0.43489564924469953,-0.0,0.0,0.0,-0.0055,-0.009158600113079276,1.0,-11.200001939716357,0.12,0.26826733841947004,-11.056006677949696,-11.13633164724452,-17.583096367092182,-4.6378461852643955,0.01965
house-nc-10,HOUSE,NC,10,False,standard,Pat Harrigan,R,-1,Ashley Bell,Pat Harrigan,,-17.90491390090454,-2.0,2.14373170993112,-2.820939655170511,-1.264748284597701,-0.0,0.0,0.0,0.2195,0.21322441404023335,1.0,-9.881072512759795,0.11,0.067714790065665,-14.843647097616921,-14.390931062145485,-21.560022445173182,-7.344305088007341,0.01155
house-nc-11,HOUSE,NC,11,False,standard,Chuck Edwards,,0,Jamie Ager,Jennifer Balkcom,,-9.615756470815723,-1.0,,,0.0,-0.0,0.0,0.0,0.0,0.0,1.0,-1.751451268482651,0.09,0.35321600430405936,-0.8653168144211985,-1.1469690587108645,-8.095262999227062,5.734335559365693,0.41355
house-nc-12,HOUSE,NC,12,False,standard,Alma Adams,D,1,Alma Adams,Jack Codiga,,47.05490301304412,2.0,1.1270365772888915,2.921350717741225,3.450482316909523e-09,0.0,0.0,0.0,-0.0869999999999999,-2.2264218835058012e-10,,,,0.0,55.08979219290053,55.11902025190105,47.99884104783857,62.214089665054125,0.99995
house-nc-13,HOUSE,NC,13,False,standard,Brad Knott,R,-1,Paul Barringer,Brad Knott,,-16.650008567022674,-2.0,0.4560768947753066,-0.3592015682133619,-0.2392549763347934,-0.0,0.0,0.0,0.0774999999999999,0.11184499641629408,,,,0.0,-11.669561593933159,-11.580705528844506,-18.899245519964843,-4.327394257105429,0.0284
house-nc-14,HOUSE,NC,14,False,standard,Tim Moore,R,-1,Lakesha Womack,Tim Moore,,-15.227341475872397,-2.0,0.789457935210705,-4.191631695878629,-2.444213614645536,-0.0,0.0,0.0,-0.2845,-0.5022180029870286,1.0,-2.8676027476934003,0.12,0.06522645104464816,-13.154776257606754,-12.479698093195083,-19.578167931840817,-5.377645957327054,0.02065
house-nd-al,HOUSE,ND,0,False,standard,Julie Fedorchak,R,-1,Trygve Hammer,Julie Fedorchak,,-37.392986132786376,0.0,1.5166580299915813,-2.306827077689307,-0.001576333514321444,0.0,0.0,0.0,-0.1165,-0.00017248490582073923,,,,0.0,-33.531648199441726,-33.52894987700773,-40.79110053169679,-26.238639758926762,0.00035
house-ne-1,HOUSE,NE,1,False,standard,Mike Flood,R,-1,Chris Backemeyer,Mike Flood,,-13.228325882116762,0.0,6.85585176481844,-1.4734707971875542,-1.3378293749709256,0.0,0.0,0.0,-0.1254999999999999,-0.24688518082964053,3.0,0.3695833486995053,0.06136216523309833,0.4039015520847517,-10.998147170532437,-6.467656167381852,-12.317843913714448,-0.43922979404940277,0.085
house-ne-2,HOUSE,NE,2,False,standard,Don Bacon,,0,Denise Powell,Brinker Harding,,4.684329452129328,-1.0,,0.3401203134819927,0.15648719413028833,-0.0,0.0,0.0,0.0,0.0,1.0,3.916226265009303,0.12,0.362890944425135,13.812882785716095,10.250136255268222,3.4908103886029584,17.111889699302367,0.96595
house-ne-3,HOUSE,NE,3,False,standard,Adrian Smith,R,-1,Becky Stille,Adrian Smith,,-54.43078179590726,-2.0,6.281908983757716,-3.5634760152249814,-3.4945878417234455e-08,-0.0,0.0,0.0,-0.0905,-2.2841014421042406e-09,,,,0.0,-52.01258966205376,-52.0088603579375,-59.16671274518509,-44.804345770602474,0.0001
house-nh-1,HOUSE,NH,1,False,standard,Chris Pappas,,0,Stefany Shaheen,Anthony DiLorenzo,,2.01995452407088,1.0,,-0.02745650817707,-0.018960320706682295,0.0,0.0,0.0,0.0,0.0,1.0,3.1041990399194943,0.11999999999999998,0.404186209544953,11.295764615324567,7.985015303419052,1.2818551384760384,14.659638430296583,0.9323
house-nh-2,HOUSE,NH,2,False,standard,Maggie Goodlander,D,1,Maggie Goodlander,Lily Tang Williams,,3.626907261452192,2.0,2.4630204395387385,1.1004297771301996,0.2608481878035168,0.0,0.0,0.0,0.2975000000000001,0.15279338844032084,8.0,19.31184082778037,0.10056995912721194,0.38852122664009314,17.206402731870003,18.08554821950257,12.047784093899336,24.07391981899879,0.9983
house-nj-1,HOUSE,NJ,1,False,standard,Donald Norcross,D,1,Donald Norcross,Damon Galdo,,19.018716043787666,2.0,-0.6562314713287689,4.573836065745343,0.030336122247600215,0.0,0.0,0.0,1.0475,0.022950119150371998,,,,0.0,27.187146961002384,27.26447852608454,19.973341664376598,34.636938395763856,0.9988
house-nj-2,HOUSE,NJ,2,False,standard,Jeff Van Drew,R,-1,Zack Mullock,Jeff Van Drew,,-12.73536038103531,0.0,4.1645729131194384,-2.213969712600671,-2.5454426684192732,0.0,0.0,0.0,0.1605000000000001,0.3998147232569936,,,,0.0,-9.535878156323099,-9.536342898665104,-16.752194235464778,-2.1288548933492395,0.0538
house-nj-3,HOUSE,NJ,3,False,standard,Herb Conaway,D,1,Herb Conaway,Michael McGuire,,8.495531888848085,2.0,0.3985928017944582,2.302732629859251,0.24910604638983927,0.0,0.0,0.0,0.158,0.03703308934278402,,,,0.0,20.159700288625842,20.151362846538987,12.966652614856024,27.473983367454796,0.9965
house-nj-4,HOUSE,NJ,4,False,standard,Chris Smith,R,-1,Rachel Peace,Chris Smith,,-30.53695687107094,-2.0,5.412096666495109,-2.87931398118424,-0.035083566438310954,-0.0,0.0,0.0,-0.6265000000000001,-0.01653970984778937,,,,0.0,-26.686131653497963,-26.67086199459576,-33.82622115384791,-19.35678719496106,0.0014
house-nj-5,HOUSE,NJ,5,False,standard,Josh Gottheimer,D,1,Josh Gottheimer,Sean Kirrane,,1.5426974936227071,2.0,10.108780542572298,5.764249222090967,0.648664845838251,0.0,0.0,0.0,0.5660000000000001,0.26515977420432507,,,,0.0,18.09623737086014,18.18568806689629,10.923555163925407,25.513542400328685,0.99525
house-nj-6,HOUSE,NJ,6,False,standard,Frank Pallone,D,1,Frank Pallone,Hillary Herzig,,6.589506910899613,2.0,9.844926059860338,5.136164539520171,0.20623383220958325,0.0,0.0,0.0,0.309,0.04602451688810533,,,,0.0,21.70559619807246,21.782093390499753,14.523863477195787,29.046993123546578,0.9973
house-nj-7,HOUSE,NJ,7,False,standard,Thomas Kean Jr.,R,-1,Rebecca Bennett,Thomas Kean Jr.,,-1.1969676211353153,-2.0,4.184102499735708,-0.1760146501612592,-0.244275192520096,-0.0,0.0,0.0,-0.4455,-1.3395852525003018,2.0,4.498697277069848,0.10997898920063204,0.34329053986056185,3.6614656561828727,4.0300267857726295,-2.2937790090535035,10.228180228325668,0.7968
house-nj-8,HOUSE,NJ,8,False,same_party,Rob Menendez,D,1,Rob Menendez,,D,24.811967664433183,0.0,1.4689350950109177,,,,,0.0,0.468,,,,,,,,,,1.0
house-nj-9,HOUSE,NJ,9,False,standard,Nellie Pou,D,1,Nellie Pou,Rosie Pino,,-1.1707415175108455,1.0,6.356050412977262,1.88193531688059,0.7329717153352544,0.0,0.0,0.0,0.346,0.29197839993094415,,,,0.0,15.533255968188401,15.625148633889328,8.27971308236901,22.806576945936992,0.98975
house-nj-10,HOUSE,NJ,10,False,standard,LaMonica McIver,D,1,LaMonica McIver,Carmen Bucco,,51.66747780945097,2.0,2.433459933561772,4.468671940968306,1.1402974068382365e-11,0.0,0.0,0.0,-0.7625,-6.279554469602233e-12,,,,0.0,62.13932435307435,62.21183797494672,55.00770165198573,69.41911552740225,0.99995
house-nj-11,HOUSE,NJ,11,False,standard,Analilia Mejia,D,1,Analilia Mejia,Joe Hathaway,,8.896444150169497,0.0,,-0.075501282829264,-0.00878787655135308,0.0,0.0,0.0,0.0,0.0,,,,0.0,19.597795916720397,19.637249327504236,12.474551195282867,26.839532589472153,0.99635
house-nj-12,HOUSE,NJ,12,False,standard,Bonnie Watson Coleman,,0,Adam Hamawy,Gregg Mele,,24.53718857974177,0.0,,2.7032364785647616,0.003532055438071273,0.0,0.0,0.0,0.0255,7.218978602162376e-05,,,,0.0,32.11143994998278,32.17080749625221,23.96548167473366,40.439947119245915,0.99895
house-nm-1,HOUSE,NM,1,False,standard,Melanie Stansbury,D,1,Melanie Stansbury,Didi Okpareke,,12.99640454650893,2.0,-0.1351058694813423,2.545098087771315,0.1633229530064197,0.0,0.0,0.0,-0.1649999999999999,-0.022941338088436517,,,,0.0,21.82351734410034,21.865595601022843,14.592760122401033,29.179963084940034,0.99685
house-nm-2,HOUSE,NM,2,False,standard,Gabe Vasquez,D,1,Gabe Vasquez,Greg Cunningham,,-1.8466859656378058,2.0,6.128641962690037,1.102888155146477,0.7104354100881629,0.0,0.0,0.0,-0.1959999999999999,-0.2735528857357591,2.0,2.90515280647426,0.11005846545564887,0.34302478544775966,12.185877607136772,9.073957921689383,2.833611105073605,15.187758678475953,0.9642
house-nm-3,HOUSE,NM,3,False,standard,Teresa Leger Fernandez,,0,Teresa Leger Fernández,Martin Zamora,,5.320573111539808,1.0,,1.3384049583296245,0.5537402263401574,0.0,0.0,0.0,-0.1549999999999999,-0.1389448125212114,,,,0.0,14.620139641100046,14.663798049595554,6.4780501137108955,22.90603542598548,0.9771
house-nv-1,HOUSE,NV,1,False,standard,Dina Titus,D,1,Dina Titus,Carrie Buck,,2.3001314794627863,1.0,5.603080209551462,-0.0039612007823134,-0.0012853022681175138,0.0,0.0,0.0,-0.0569999999999999,-0.04007240199013825,,,,0.0,15.346493990392908,15.357474487530883,8.107845381934395,22.64733606307247,0.98925
house-nv-2,HOUSE,NV,2,False,standard,Mark Amodei,,0,Teresa Benitez-Thompson,David Flippo,,-14.269321190402676,0.0,,-2.081902387467621,-2.7149359521381733,0.0,0.0,0.0,0.3605,1.0185834052777232,3.0,-1.904302167273501,0.1779571136384958,0.3804846495829802,-7.735912321245601,-5.486409415235347,-12.258748950976187,1.3282392265710523,0.14705
house-nv-3,HOUSE,NV,3,False,standard,Susie Lee,D,1,Susie Lee,Martin O'Donnell,,-0.7494067306702425,2.0,3.617845519200176,0.2737094067273298,0.1848539295244515,0.0,0.0,0.0,0.3925000000000002,0.5743421990718246,,,,0.0,12.2146077831923,12.230133540434807,5.048822274134532,19.509230886081465,0.97765
house-nv-4,HOUSE,NV,4,False,standard,Steven Horsford,D,1,Steven Horsford,Cody Whipple,,2.359334791654918,2.0,6.082326887381565,1.3478409277054328,0.4084479823498442,0.0,0.0,0.0,0.1159999999999999,0.07616373029421472,,,,0.0,16.1889787658742,16.144229329005125,8.901577662538902,23.472851845366673,0.9925
house-ny-1,HOUSE,NY,1,False,standard,Nick LaLota,R,-1,Chris Gallant,Nick LaLota,,-10.19098649580888,0.0,0.1150856651121694,-1.9182069368577728,-3.104473508792736,0.0,0.0,0.0,-0.3095,-1.085288637930528,1.0,-7.487309551971315,0.21,0.005024899663679394,-6.508605502930062,-6.520421551508198,-13.683549768766554,0.7144540436179804,0.12085
house-ny-2,HOUSE,NY,2,False,standard,Andrew Garbarino,R,-1,Patrick Halpin,Andrew Garbarino,,-14.07654671761222,-1.0,5.3370012983088335,-2.382738044101273,-2.1374134010762487,-0.0,0.0,0.0,-0.5135,-0.998032718018614,,,,0.0,-12.640837317707527,-12.605407092989541,-19.87861043458398,-5.359680596031862,0.0235
house-ny-3,HOUSE,NY,3,False,standard,Tom Suozzi,D,1,Tom Suozzi,Mike LiPetri,,-4.3468453348013485,1.0,8.046994457016226,1.5842487786789468,0.9545109302770208,0.0,0.0,0.0,-0.1234999999999999,-0.16121913418144151,,,,0.0,12.945093536828443,13.003889900186408,5.769551831642638,20.221573203384338,0.981
house-ny-4,HOUSE,NY,4,False,standard,Laura Gillen,D,1,Laura Gillen,Jeanine Driscoll,,1.2928081522715966,2.0,1.125822512392883,2.901899652082301,1.2563477520403623,0.0,0.0,0.0,0.36,0.33769301632753024,,,,0.0,15.567475103140156,15.55603345944236,8.40228101546449,22.85424053148608,0.99105
house-ny-5,HOUSE,NY,5,False,standard,Gregory Meeks,D,1,Gregory Meeks,George Marsh,,42.80056553350199,0.0,6.95871981176503,5.100909761411157,6.7126719072883636e-09,0.0,0.0,0.0,0.53,2.5694616356231572e-09,,,,0.0,54.248328816055114,54.23568067607449,47.07065967412835,61.37327164869191,0.9999
house-ny-6,HOUSE,NY,6,False,standard,Grace Meng,D,1,Grace Meng,Joseph Chou,,6.526551363448394,0.0,17.034007473833675,3.292268395120239,0.05805786902449431,0.0,0.0,0.0,-2.0685,-0.08673361816684245,,,,0.0,25.324348513908557,25.2751169085494,18.060288245932476,32.55654208077243,0.99855
house-ny-7,HOUSE,NY,7,False,standard,Nydia Velázquez,,0,Claire Valdez,Melvin Rivera,,47.1903032424627,1.0,,,0.0,0.0,0.0,0.0,0.0,0.0,,,,0.0,53.858509034546465,53.91816455224722,45.553739808105576,61.95685093596276,0.99985
house-ny-8,HOUSE,NY,8,False,standard,Hakeem Jeffries,D,1,Hakeem Jeffries,Lewis Mizrahi,,44.70400544553402,2.0,6.193204163217225,6.741222006781704,2.3194011954517094e-09,0.0,0.0,0.0,0.015,2.5126846284060184e-11,,,,0.0,55.64088652995855,55.594090318169606,48.457327528256414,62.91951943836527,0.9999
house-ny-9,HOUSE,NY,9,False,standard,Yvette Clarke,D,1,Yvette Clarke,Joel Azumah,,41.46428833112162,2.0,7.162515442875766,,0.0,0.0,0.0,0.0,0.068,7.84497636418872e-10,,,,0.0,53.08520290782096,53.0169044957263,45.83797394119181,60.166510738910446,1.0
house-ny-10,HOUSE,NY,10,False,standard,Dan Goldman,,0,Brad Lander,Jennifer Moore,,61.892367529836285,2.0,,,0.0,0.0,0.0,0.0,0.0,0.0,,,,0.0,67.72151426608703,67.715291570206,59.502111127190965,75.8854483131716,1.0
house-ny-11,HOUSE,NY,11,False,standard,Nicole Malliotakis,R,-1,Michael DeCillis,Nicole Malliotakis,,-24.82593754669057,-2.0,3.250007789762239,-3.820946438532169,-0.35135794097779344,-0.0,0.0,0.0,-0.1365,-0.03463803701472747,,,,0.0,-19.96974554385892,-19.984365930634688,-27.30154117457127,-12.687824946187208,0.0041
house-ny-12,HOUSE,NY,12,False,standard,Jerry Nadler,,0,Micah Lasher,Caroline Shinkle,,64.89941854165914,1.0,,2.9216799192690206,4.863340579864159e-15,0.0,0.0,0.0,0.0,0.0,,,,0.0,70.53305954071224,70.52011706943435,62.4340715247643,78.72094753609096,0.99995
house-ny-13,HOUSE,NY,13,False,standard,Adriano Espaillat,,0,Darializa Avila Chevalier,Jomo Williams,,60.27299582357136,0.0,,,0.0,0.0,0.0,0.0,0.0,0.0,,,,0.0,66.20410082528572,66.06625063286604,57.97995851009698,74.26264503852278,1.0
house-ny-14,HOUSE,NY,14,False,standard,Alexandria Ocasio-Cortez,D,1,Alexandria Ocasio-Cortez,Diamant Hysenaj,,32.36610727477116,2.0,6.1515586588277325,4.634311560156069,8.240706896922629e-06,0.0,0.0,0.0,-0.347,-2.0652127117787767e-06,,,,0.0,43.80219326282557,43.75172458685665,36.62231485418001,51.04903161638491,0.9999
house-ny-15,HOUSE,NY,15,False,standard,Ritchie Torres,D,1,Ritchie Torres,Stylo Sapaskis,,48.80797713394829,0.0,8.035282517873483,6.601886794374569,4.4060679826168194e-11,0.0,0.0,0.0,0.6200000000000001,1.9729393299939763e-11,,,,0.0,60.552883973637854,60.63431293913388,53.473658132020134,67.84649061700523,0.99995
house-ny-16,HOUSE,NY,16,False,standard,George Latimer,D,1,George Latimer,Joseph Cinquemani,,33.30969325456048,2.0,9.981136065162111,,0.0,0.0,0.0,0.0,1.2135,2.948433871753835e-07,,,,0.0,48.77717946102121,48.80210086214805,41.648168741670986,55.970963375497284,1.0
house-ny-17,HOUSE,NY,17,False,standard,Mike Lawler,R,-1,Cait Conley,Mike Lawler,,0.5597232177745115,-2.0,6.877263421848264,-0.7016754711456092,-0.9588996965536991,-0.0,0.0,0.0,-0.3535,-1.0466907986009384,3.0,2.365224063640421,0.05932327055460449,0.42936869357349317,3.4471957860171214,2.981114482555393,-2.9108361861398313,8.818754006290538,0.7467
house-ny-18,HOUSE,NY,18,False,standard,Pat Ryan,D,1,Pat Ryan,Jacqueline Auringer,,3.3539403039279723,2.0,11.119021499016792,3.7981200374535495,0.2149082941702676,0.0,0.0,0.0,-0.0259999999999999,-0.004035500190530565,1.0,10.480941290419333,0.08,0.31288667621097316,21.525487372364385,18.09383725122582,11.767045072271094,24.41564173816448,0.9971
house-ny-19,HOUSE,NY,19,False,standard,Josh Riley,D,1,Josh Riley,Peter Oberacker,,1.80061138988952,1.0,0.5404594298880883,1.3953587948041202,0.5877687459958181,0.0,0.0,0.0,-0.1759999999999999,-0.16062952122016946,,,,0.0,14.54113435802306,14.493373390389145,7.3976638844472395,21.76238562551555,0.98855
house-ny-20,HOUSE,NY,20,False,standard,Paul Tonko,D,1,Paul Tonko,Ralph Ambrosio,,14.320901440778664,2.0,8.065636612737325,3.435000927966396,0.02708258961114032,0.0,0.0,0.0,-0.0459999999999999,-0.0008997438104145487,,,,0.0,27.459427671657455,27.45535371082918,20.11736068841504,34.795677930837414,0.9986
house-ny-21,HOUSE,NY,21,False,standard,Elise Stefanik,,0,Blake Gendebien,Anthony Constantino,,-20.759985363244855,0.0,,-0.7422264670742905,-0.39408080847331456,0.0,0.0,0.0,-0.558,-0.6419114900635163,5.0,-8.50998835003024,0.09601001285488446,0.4623627229475129,-13.915141302784928,-11.35139797415346,-17.8655741681419,-4.948995260347079,0.0194
house-ny-22,HOUSE,NY,22,False,standard,John Mannion,D,1,John Mannion,Kailee Buller,,7.694014964669066,2.0,1.5523099116897905,2.3326459953207626,0.25690417244927244,0.0,0.0,0.0,-0.128,-0.03054389334494834,,,,0.0,20.034900875105592,20.06183882626911,12.77241709506593,27.280872007276084,0.9964
house-ny-23,HOUSE,NY,23,False,standard,Nick Langworthy,R,-1,Aaron Gies,Nick Langworthy,,-21.18795208389146,-2.0,10.27642821648898,-2.789779796601702,-0.31546032086299786,-0.0,0.0,0.0,-0.4615,-0.11306771698868984,1.0,-21.638681936665044,0.13,0.27822470627773754,-20.14098480156266,-20.51317418002173,-26.90674142205297,-14.200806175832964,0.00125
house-ny-24,HOUSE,NY,24,False,standard,Claudia Tenney,R,-1,Alissa Ellman,Claudia Tenney,,-23.23714041522547,-2.0,7.973784829564162,-2.7092184665244248,-0.24222140284810229,-0.0,0.0,0.0,0.1594999999999999,0.030897353179608792,,,,0.0,-20.763779370163345,-20.80364289730337,-28.014027180985085,-13.460588923844643,0.00325
house-ny-25,HOUSE,NY,25,False,standard,Joseph Morelle,D,1,Joseph Morelle,Virginia McIntyre,,18.654098607614007,1.0,3.108762003324924,4.061384204078744,0.015553962738026056,0.0,0.0,0.0,0.126,0.001415410609160371,,,,0.0,28.869037097662375,28.895874217680795,21.60849656546332,36.21041057232922,0.99935
house-ny-26,HOUSE,NY,26,False,standard,Tim Kennedy,D,1,Tim Kennedy,Dennis Hannon,,19.560710081799225,2.0,10.902353793302002,,0.0,0.0,0.0,0.0,0.402,0.00018279171276047937,,,,0.0,35.975862028973395,35.87636270679717,28.67815889113214,43.14087467903771,0.99975
house-oh-1,HOUSE,OH,1,False,standard,Greg Landsman,D,1,Greg Landsman,Eric Conroy,,-2.6197222469283257,2.0,2.877949597463445,1.248303144638358,1.169148955394306,0.0,0.0,0.0,0.161,0.3267140109556753,1.0,2.741418759001082,0.075,0.36815125534458004,10.668627508206045,7.781682297657126,1.8060788373264804,13.823610649073503,0.9474
house-oh-2,HOUSE,OH,2,False,standard,David Taylor,R,-1,Jennifer Mazzuckelli,David Taylor,,-42.48019552563594,-2.0,-0.9470432288946152,,0.0,-0.0,0.0,0.0,-0.2115,-4.509059544208109e-05,,,,0.0,-37.46098204635822,-37.43211164364422,-44.61434847281698,-30.03153670000628,0.00045
house-oh-3,HOUSE,OH,3,False,standard,Joyce Beatty,D,1,Joyce Beatty,Cleophus Dulaney,,40.654067267595785,2.0,0.9510588596842676,5.068262987881218,3.106026824802462e-07,0.0,0.0,0.0,0.372,8.344858735969282e-08,,,,0.0,48.89489441739962,49.004895211711755,41.79287395635765,56.161798038665715,1.0
house-oh-4,HOUSE,OH,4,False,standard,Jim Jordan,R,-1,Joshua Kolasinski,Jim Jordan,,-43.01401244702379,-2.0,-0.2886907093336583,-5.803731675777787,-0.0005036979369551049,-0.0,0.0,0.0,0.3245,0.00011804720816917278,,,,0.0,-36.419821988545564,-36.435205684400614,-43.58260289360022,-29.188141438645992,0.00035
house-oh-5,HOUSE,OH,5,False,standard,Bob Latta,R,-1,Brian Shaver,Bob Latta,,-23.972456468406715,-1.0,,-3.951238896820313,-0.4702486603226081,-0.0,0.0,0.0,-0.1094999999999999,-0.037188831553846224,,,,0.0,-18.988605279980618,-18.838137772451404,-26.329990126823795,-11.677648035854972,0.00465
house-oh-6,HOUSE,OH,6,False,standard,Michael Rulli,R,-1,Elizabeth Kirtley,Michael Rulli,,-34.89692072203759,-2.0,-0.5852160648202238,-3.880388723453233,-0.010611544130573943,-0.0,0.0,0.0,-0.4485,-0.0034372560029617433,,,,0.0,-29.805046085266763,-29.743021515036467,-37.008280759534216,-22.554628041732137,0.00095
house-oh-7,HOUSE,OH,7,False,standard,Max Miller,R,-1,Brian Poindexter,Max Miller,,-11.151670963328055,-1.0,6.298498260781678,-1.3603117515799368,-1.657512360668683,-0.0,0.0,0.0,-0.4004999999999999,-1.057335827099726,5.0,9.327298877829653,0.13954740917907577,0.3516190169607761,-9.515681265878436,-2.8560544897743467,-8.956904614346438,3.2794488671132367,0.2698
house-oh-8,HOUSE,OH,8,False,standard,Warren Davidson,R,-1,Vanessa Enoch,Warren Davidson,,-15.774611860237084,-2.0,1.6062013192192517,-3.67805348792612,-2.7700809231726855,-0.0,0.0,0.0,-0.1814999999999998,-0.36311144101255244,,,,0.0,-12.416955337049998,-12.37465217222893,-19.592642924800284,-5.14830554594211,0.02295
house-oh-9,HOUSE,OH,9,False,standard,Marcy Kaptur,D,1,Marcy Kaptur,Derek Merrin,,-10.679051092377328,1.0,7.558986951040739,,0.0,0.0,0.0,0.0,0.3605,1.241144533156346,2.0,-4.02825045603053,0.040024187966409844,0.3733317598007784,4.072900324583915,1.0755998596521983,-4.996982930604223,7.150899040025078,0.5938
house-oh-10,HOUSE,OH,10,False,standard,Mike Turner,R,-1,Kristina Knickerbocker,Mike Turner,,-7.862840402157268,-2.0,13.100731986134754,-1.2934525386281046,-1.5724265096985066,-0.0,0.0,0.0,-0.4885,-1.2866977142730025,2.0,-11.819848167461904,0.09672959039352653,0.35056420777328895,-9.68425384244555,-10.379152837515605,-16.508482935970182,-4.349885514242826,0.0195
house-oh-11,HOUSE,OH,11,False,standard,Shontel Brown,D,1,Shontel Brown,Mike Kirchner,,55.46192877452597,2.0,4.566635427774672,,0.0,0.0,0.0,0.0,0.525,3.6719667540188835e-13,,,,0.0,64.93375690328378,64.95838840172144,57.88979951191951,72.08895672479937,1.0
house-oh-12,HOUSE,OH,12,False,standard,Troy Balderson,R,-1,Jerrad Christian,Troy Balderson,,-30.355763886497893,-2.0,3.8833404841271095,-3.158364324000822,-0.05306117499326466,-0.0,0.0,0.0,-0.4585,-0.017570618530408557,,,,0.0,-25.677956624321695,-25.722567230053322,-32.85883745353786,-18.487457043488337,0.0013
house-oh-13,HOUSE,OH,13,False,standard,Emilia Sykes,D,1,Emilia Sykes,Carey Coleman,,3.32248331777791,2.0,2.294345920441325,3.103949148248991,1.176659930537948,0.0,0.0,0.0,-0.131,-0.11132510342811808,,,,0.0,15.538778658458707,15.554696122225133,8.274746875960421,22.965591076827238,0.98935
house-oh-14,HOUSE,OH,14,False,standard,David Joyce,R,-1,Maria Jukic,David Joyce,,-20.532469622988483,-1.0,8.624096176095186,-4.199716269992327,-0.5144823819852554,-0.0,0.0,0.0,-0.4715,-0.17519554224325684,,,,0.0,-18.81722621703209,-18.71013442545585,-26.02025754121601,-11.47346038842357,0.0044
house-oh-15,HOUSE,OH,15,False,standard,Mike Carey,R,-1,Don Leonard,Mike Carey,,-10.11469405584615,-2.0,3.491416207919907,-1.7720105349286333,-2.6505284274773415,-0.0,0.0,0.0,-0.2584999999999999,-0.8377584486629789,3.0,-5.179092569399144,0.10144921699656761,0.3592113646460063,-7.577973566862364,-6.6571875800753855,-12.819431329865061,-0.5254832726135629,0.08315
house-ok-1,HOUSE,OK,1,False,standard,Kevin Hern,,0,John Croisant,Mark Tedford,,-21.998761071705406,0.0,,-2.371493376438966,-0.9909483820329326,0.0,0.0,0.0,0.0,0.0,,,,0.0,-15.145895783235357,-15.209108397767528,-23.40782248672006,-6.95332606101006,0.0196
house-ok-2,HOUSE,OK,2,False,standard,Josh Brecheen,R,-1,Brandon Wade,Josh Brecheen,,-56.511293397442095,-2.0,-1.4880994651168402,-2.55852987063112,-1.2940502290325652e-07,-0.0,0.0,0.0,0.0314999999999999,3.451940473522258e-09,,,,0.0,-49.93866767851685,-49.89573329184816,-57.16958826886495,-42.84506663406746,0.0001
house-ok-3,HOUSE,OK,3,False,standard,Frank Lucas,R,-1,Suzie Byrd,Frank Lucas,,-46.41821356574914,-2.0,,,0.0,-0.0,0.0,0.0,-0.1514999999999999,-3.152033264734278e-06,,,,0.0,-41.69422179029925,-41.70408922977977,-49.10945139171289,-34.592902125210635,0.00015
house-ok-4,HOUSE,OK,4,False,standard,Tom Cole,R,-1,Mitchell Jacob,Tom Cole,,-33.8874815283935,-2.0,5.52789183283739,-4.151483000326125,-0.009136094066969639,-0.0,0.0,0.0,-0.2724999999999999,-0.0017980340684577744,,,,0.0,-30.161584060014413,-30.089847746325887,-37.36919017326338,-23.035021770036106,0.0006
house-ok-5,HOUSE,OK,5,False,standard,Stephanie Bice,R,-1,Jena Nelson,Stephanie Bice,,-18.120004629945658,-2.0,3.1425896489637166,-1.9009250370295792,-1.059140849663932,-0.0,0.0,0.0,-0.0914999999999999,-0.11045920767816528,1.0,-8.053137981863333,0.09,0.30316966102507553,-13.776320336123067,-12.025568712145496,-18.445550592412133,-5.7966443536405245,0.01305
house-or-1,HOUSE,OR,1,False,standard,Suzanne Bonamici,D,1,Suzanne Bonamici,Barbara Kahl,,39.11033167782459,2.0,2.9117732858649115,3.928886291229188,4.0655722694558497e-07,0.0,0.0,0.0,-0.0519999999999999,-1.5268482523067495e-08,,,,0.0,48.496849770572396,48.529048359239994,41.33485051876908,55.69031074577888,0.99985
house-or-2,HOUSE,OR,2,False,standard,Cliff Bentz,R,-1,Chris Beck,Cliff Bentz,,-27.87852040916719,-1.0,4.139821977072383,-2.8906137222995265,-0.11548177572631979,-0.0,0.0,0.0,-0.2704999999999999,-0.023414385510870647,,,,0.0,-23.342394735155743,-23.348716934866374,-30.630541999186672,-16.172068540596186,0.00215
house-or-3,HOUSE,OR,3,False,standard,Maxine Dexter,D,1,Maxine Dexter,Loran Ayles,,47.613763803262344,2.0,-1.7741002875993097,3.8315948914951576,1.7766275312544346e-09,0.0,0.0,0.0,0.546,7.005834564913322e-10,,,,0.0,55.98479722097826,55.994307917210335,48.81084815219088,63.13552993898787,0.99985
house-or-4,HOUSE,OR,4,False,standard,Val Hoyle,D,1,Val Hoyle,Monique DeSpain,,12.442914801419136,2.0,-4.195091537067758,0.7506926118244909,0.10451332888124913,0.0,0.0,0.0,-0.003,-0.0009049464814593724,,,,0.0,19.041096703593492,19.02424445907757,11.819779170790898,26.238601003649112,0.99555
house-or-5,HOUSE,OR,5,False,standard,Janelle Bynum,D,1,Janelle Bynum,Patti Adair,,8.808655945204382,1.0,-5.740760742481606,2.1875678219046937,0.5210746083807851,0.0,0.0,0.0,-0.1859999999999999,-0.09599385448749992,,,,0.0,17.196969441949797,17.126057652056065,9.91230472357259,24.419817778752503,0.9933
house-or-6,HOUSE,OR,6,False,standard,Andrea Salinas,D,1,Andrea Salinas,David Russ,,11.741786607103235,0.0,-4.75375163830037,4.132405773482974,0.5330934152628494,0.0,0.0,0.0,-0.1429999999999999,-0.055056703276313124,,,,0.0,18.46388990915966,18.515669065853977,11.346382933807435,25.84678556227257,0.996
house-pa-1,HOUSE,PA,1,False,standard,Brian Fitzpatrick,R,-1,Bob Harvie,Brian Fitzpatrick,,0.3223803661609427,-1.0,13.00458470436702,-1.719833311783359,-2.8207410872205014,-0.0,0.0,0.0,-0.7905,-2.809123572636954,5.0,-5.364326677209044,0.08825934852738858,0.36899770409309407,-3.7699993558798086,-4.329709476594347,-10.467116369600667,1.836554423341779,0.17935
house-pa-2,HOUSE,PA,2,False,standard,Brendan Boyle,D,1,Brendan Boyle,Jessica Arriaga,,36.16987750404209,2.0,6.875239725748949,,0.0,0.0,0.0,0.0,0.468,2.106701777313822e-07,,,,0.0,47.858294183389006,47.8756613168128,40.57498286720957,55.09821230604036,0.9999
house-pa-3,HOUSE,PA,3,False,same_party,Dwight Evans,,0,Chris Rabb,,D,78.25794319536355,0.0,,,,,,0.0,0.0,,,,,,,,,,1.0
house-pa-4,HOUSE,PA,4,False,standard,Madeleine Dean,D,1,Madeleine Dean,Aurora Stuski,,15.969585034454454,2.0,2.289383330634817,,0.0,0.0,0.0,0.0,-0.007,-0.00024857553373735044,,,,0.0,25.820400886384927,25.887128840573375,18.483375349699894,33.17138027502583,0.999
house-pa-5,HOUSE,PA,5,False,standard,Mary Gay Scanlon,D,1,Mary Gay Scanlon,Nicholas Manganaro,,28.934375196073226,2.0,1.76660720044707,3.7871637415687354,0.00021351272831237697,0.0,0.0,0.0,-0.0849999999999999,-1.3107309154732013e-05,,,,0.0,38.078641912583734,38.073643116502176,30.799484238162584,45.3533372491543,0.9998
house-pa-6,HOUSE,PA,6,False,standard,Chrissy Houlahan,D,1,Chrissy Houlahan,Marty Young,,11.526010296683289,2.0,0.9975946698571372,2.508355249645427,0.1998709313106879,0.0,0.0,0.0,-0.0529999999999999,-0.009150157371882772,,,,0.0,21.142681313243123,21.105990907284017,13.967475042745368,28.48782788017081,0.99725
house-pa-7,HOUSE,PA,7,False,standard,Ryan Mackenzie,R,-1,Bob Brooks,Ryan Mackenzie,,-3.2388654010275633,-2.0,-2.355699136867992,-0.6317339165053999,-0.9043183479102425,-0.0,0.0,0.0,0.1665000000000001,0.5164086262983344,2.0,5.528491699648971,0.1492719592603121,0.3092026115905673,4.413299539360691,4.6988818601058995,-1.5632003742355283,10.995713427039249,0.83415
house-pa-8,HOUSE,PA,8,False,standard,Rob Bresnahan,R,-1,Paige Cognetti,Rob Bresnahan,,-8.56734175384965,0.0,-7.067747166199494,-0.1608595686124057,-0.26600028488169225,0.0,0.0,0.0,0.2355,0.8437586059174355,3.0,-4.9553113518046645,0.08381650057006289,0.34508642932882944,2.0874781905794118,-0.34126104962783255,-6.5366718926011975,5.863507843616645,0.46965
house-pa-9,HOUSE,PA,9,False,standard,Dan Meuser,R,-1,Rachel Wallace,Dan Meuser,,-38.286959054699274,-2.0,2.608873568153924,-1.0679900369395,-0.0008914745380402724,-0.0,0.0,0.0,-0.2885,-0.0005217706687759804,,,,0.0,-33.09880963433648,-33.10406645129876,-40.460132245146795,-25.947569070533063,0.00045
house-pa-10,HOUSE,PA,10,False,standard,Scott Perry,R,-1,Janelle Stelson,Scott Perry,,-5.291422535038262,-2.0,-4.151129385491565,0.1494422773900157,0.20287356235273804,-0.0,0.0,0.0,0.0825,0.24265990791823092,4.0,3.5138269692115585,0.08998493280028844,0.33776448511770846,5.985337958525114,5.077641428605665,-1.0995101155246407,11.288532552430745,0.85555
house-pa-11,HOUSE,PA,11,False,standard,Lloyd Smucker,R,-1,Nancy Mannion,Lloyd Smucker,,-21.57463662043542,-2.0,4.095484210414823,-2.380551743247054,-0.5751080087116267,-0.0,0.0,0.0,-0.1405,-0.07354280934322403,,,,0.0,-17.359802277321556,-17.35774004762569,-24.558498936224325,-10.106514202139447,0.0068
house-pa-12,HOUSE,PA,12,False,standard,Summer Lee,D,1,Summer Lee,James Hayes,,19.36501513829129,2.0,-6.417284853198422,3.542230104311741,0.08346295110851054,0.0,0.0,0.0,-0.3674999999999999,-0.022152458273383836,,,,0.0,24.361706125085686,24.420878619597765,17.18851486063064,31.53829575462865,0.9983
house-pa-13,HOUSE,PA,13,False,standard,John Joyce,R,-1,Beth Farnham,John Joyce,,-45.903263915331515,-1.0,2.371768990263837,-3.974147881246629,-4.543251871849232e-05,-0.0,0.0,0.0,-0.5894999999999999,-1.9342894844398103e-05,,,,0.0,-40.89998099647383,-40.92757700320328,-48.12616883086107,-33.727033781676504,0.00015
house-pa-14,HOUSE,PA,14,False,standard,Guy Reschenthaler,R,-1,Alan Bradstock,Guy Reschenthaler,,-33.59611755448029,-2.0,-0.5736424213984757,-3.0867150593980157,-0.03849771034317686,-0.0,0.0,0.0,0.0464999999999999,0.0012928814390250202,,,,0.0,-26.531298763459095,-26.54153356050152,-33.72536382523572,-19.21904752828757,0.00135
house-pa-15,HOUSE,PA,15,False,standard,Glenn Thompson,R,-1,Ray Bilger,Glenn Thompson,,-38.28705018459166,-2.0,4.520306171266205,-2.854702730775781,-0.0014583834827188076,-0.0,0.0,0.0,-0.1865000000000001,-0.00020643426463362236,,,,0.0,-34.15044365894713,-34.11241759568653,-41.324904354669144,-26.915330278705824,0.0003
house-pa-16,HOUSE,PA,16,False,standard,Mike Kelly,R,-1,Justin Wagner,Mike Kelly,,-22.959797174936618,-2.0,4.221778839893523,-3.309944842356144,-0.5046276249055773,-0.0,0.0,0.0,-0.2385,-0.0869221083899857,,,,0.0,-18.795753740894817,-18.780510522163922,-26.094549338804406,-11.52937395533875,0.00505
house-pa-17,HOUSE,PA,17,False,standard,Chris Deluzio,D,1,Chris Deluzio,Tony Guy,,5.556475855381876,1.0,2.318801483224491,3.1461326511754963,0.7742804993425277,0.0,0.0,0.0,-0.119,-0.06654510736016057,,,,0.0,17.1316420443648,17.147774103087237,9.7737189451171,24.501269484568006,0.99285
house-ri-1,HOUSE,RI,1,False,standard,Gabe Amo,D,1,Gabe Amo,Kellie Keenan,,22.659710215618045,2.0,10.12108999602192,4.280622740988987,0.00016592758769775584,0.0,0.0,0.0,-0.126,-1.509941048049578e-05,,,,0.0,38.55240865880549,38.67906201858203,31.365866476532464,45.92629929533384,0.99975
house-ri-2,HOUSE,RI,2,False,standard,Seth Magaziner,D,1,Seth Magaziner,Vic Mellor,,6.934426897530219,2.0,9.9531269699233,-0.2676043123476803,-0.016523586439893295,0.0,0.0,0.0,0.01,0.0013378373330018753,,,,0.0,21.795501376458066,21.79414107581585,14.603202206737404,28.99305387837004,0.99795
house-sc-1,HOUSE,SC,1,False,standard,Nancy Mace,,0,Nancy Lacore,Jenny Costa Honeycutt,,-13.209432555402822,-1.0,,1.3771859224041345,1.960746942536122,-0.0,0.0,0.0,0.0,0.0,2.0,-5.64319858846676,0.1758439994301885,0.3393539006791203,-2.92121130645839,-3.869315389131194,-10.859191179976126,3.315695020888392,0.2396
house-sc-2,HOUSE,SC,2,False,standard,Joe Wilson,R,-1,Zyon Khalifa,Joe Wilson,,-14.123469393416519,-2.0,5.083766349706159,-3.18960815411455,-2.722508203445951,-0.0,0.0,0.0,-0.3265,-0.6419825594181301,,,,0.0,-12.781643145648127,-12.757237044020963,-20.10294439892576,-5.367149396480464,0.0224
house-sc-3,HOUSE,SC,3,False,standard,Sheri Biggs,R,-1,Eunice Lehmacher,Sheri Biggs,,-43.61925875397908,-2.0,4.062430794403936,-2.3504465086640627,-2.668815438454965e-05,-0.0,0.0,0.0,0.0055,1.353078398410264e-07,,,,0.0,-41.403834819815216,-41.36912111501935,-48.771457085946864,-34.29703824551206,0.00025
house-sc-4,HOUSE,SC,4,False,standard,William Timmons,R,-1,Courtney McClain,William Timmons,,-23.96239999770522,-2.0,-0.8825024847807912,-4.182328735773561,-0.7740029387796016,-0.0,0.0,0.0,-0.0914999999999999,-0.05114869420435195,,,,0.0,-17.250629995815387,-17.256087580052252,-24.624728793734334,-9.966138715378504,0.00715
house-sc-5,HOUSE,SC,5,False,standard,Ralph Norman,,0,Mallory Dittmer,Wes Climer,,-23.088838343075633,-1.0,,-1.7084256700567788,-0.567858865075124,-0.0,0.0,0.0,0.0,0.0,,,,0.0,-15.84253648510198,-15.85282516565071,-24.008965562605926,-7.531303185130063,0.01615
house-sc-6,HOUSE,SC,6,False,standard,Jim Clyburn,D,1,Jim Clyburn,John Peterson,,23.044582639922922,2.0,0.7520332985104341,,0.0,0.0,0.0,0.0,0.103,0.0003323779446845014,,,,0.0,31.81322464716324,31.85337766853427,24.599984561657664,39.06185515473803,0.9994
house-sc-7,HOUSE,SC,7,False,standard,Russell Fry,R,-1,John Vincent,Russell Fry,,-26.624063961841426,-2.0,3.211281233000242,-1.9979614653614692,-0.13930080768335382,-0.0,0.0,0.0,0.1385,0.020922250719226796,1.0,-9.298302392718027,0.22000000000000003,0.21955748818687987,-21.52430935462758,-18.85130240309728,-25.364377778701506,-12.247684745300933,0.00325
house-sd-al,HOUSE,SD,0,False,standard,Dusty Johnson,,0,Nikki Gronli,Marty Jackley,,-29.890199073853058,0.0,,-1.6300692444743894,-0.08791578590677845,0.0,0.0,0.0,0.0,0.0,,,,0.0,-22.34069258583947,-22.2734720262521,-30.528486695799295,-13.96742886314053,0.00485
house-tn-1,HOUSE,TN,1,False,standard,Diana Harshbarger,R,-1,Kristi Burke,Diana Harshbarger,,-58.4412194612654,-2.0,1.6563396393269647,-3.1003061328956925,-1.0026840538351425e-08,-0.0,0.0,0.0,-0.0215,-1.556945516927346e-10,,,,0.0,-53.713113092269225,-53.71852760848569,-60.90440701315263,-46.525146258068254,0.00015
house-tn-2,HOUSE,TN,2,False,standard,Tim Burchett,R,-1,Michaela Barnett,Tim Burchett,,-34.325708961516874,-2.0,4.058296347738071,-2.070967037829489,-0.007313754781456315,-0.0,0.0,0.0,0.0464999999999999,0.0003558051773745281,,,,0.0,-29.801795494555485,-29.804814340938222,-37.1171845210533,-22.55651449785638,0.00065
house-tn-3,HOUSE,TN,3,False,standard,Chuck Fleischmann,R,-1,Anna Golladay,Chuck Fleischmann,,-36.206458812861825,-2.0,2.900817689221987,-4.169554931040088,-0.006094198069597312,-0.0,0.0,0.0,-0.1265,-0.0005567727069695988,,,,0.0,-31.109169867537993,-31.08504988246846,-38.404207790824614,-23.85948194140203,0.00055
house-tn-4,HOUSE,TN,4,False,standard,Scott DesJarlais,R,-1,Victoria Broderick,Scott DesJarlais,,-24.276339895406547,-2.0,0.4256528129548362,-2.208030621739915,-0.44583770964504466,-0.0,0.0,0.0,-0.0744999999999997,-0.03259268067056765,,,,0.0,-17.945315891101263,-17.964588371073628,-25.359773958468253,-10.579628153214612,0.00525
house-tn-5,HOUSE,TN,5,False,standard,Andy Ogles,,0,Chaz Molder,Charlie Hatcher,,-23.390548243207476,0.0,,1.2600334787356715,0.39193304664582124,0.0,0.0,0.0,0.0,0.0,1.0,-13.33526440712814,0.12,0.3431164245326073,-15.192349824723474,-14.548480514655708,-21.471706181339567,-7.612576318215251,0.0108
house-tn-6,HOUSE,TN,6,False,standard,John Rose,,0,Mike Croley,Johnny Garrett,,-26.87603213256081,-1.0,,-4.409684300615743,-0.39398565265049396,-0.0,0.0,0.0,0.0,0.0,,,,0.0,-19.552115750635927,-19.530359454206696,-27.785529666049662,-11.317910474719753,0.00845
house-tn-7,HOUSE,TN,7,False,standard,Matt Van Epps,R,-1,Darden Copeland,Matt Van Epps,,-22.72632896191422,-2.0,,-1.292893131043007,-0.2782119623702716,-0.0,0.0,0.0,0.0,0.0,,,,0.0,-17.48073928917347,-17.452370157117826,-24.85765745238809,-10.127910783602884,0.00595
house-tn-8,HOUSE,TN,8,False,standard,David Kustoff,R,-1,Heidi Kuhn,David Kustoff,,-20.43242219556846,-2.0,5.589980351150671,-4.1955003674277975,-0.7864411970144958,-0.0,0.0,0.0,-0.1494999999999999,-0.08491380368875953,,,,0.0,-17.226802123098228,-17.170856204812864,-24.508912817734558,-9.925661795318709,0.00675
house-tn-9,HOUSE,TN,9,False,standard,Steve Cohen,,0,Justin Pearson,Brent Taylor,,-21.425243647535822,0.0,,0.40894136279688,0.19143610662332977,0.0,0.0,0.0,0.0,0.0,1.0,-9.741877304453675,0.08,0.37190577051434404,-13.373402671784488,-12.106102382659325,-18.80179761463838,-5.220810960302066,0.02
house-tx-1,HOUSE,TX,1,False,standard,Nathaniel Moran,R,-1,Yolanda Prince,Nathaniel Moran,,-49.90366327371402,-2.0,,-4.0808776873589006,-3.1626250353180396e-06,-0.0,0.0,0.0,-0.0324999999999999,-7.42338376345482e-08,,,,0.0,-45.3490721577078,-45.369663646282376,-52.582574626406625,-37.959619776852996,0.00015
house-tx-2,HOUSE,TX,2,False,standard,Dan Crenshaw,,0,Shaun Finnie,Steve Toth,,-23.13431489842665,-1.0,,1.1769781686931509,0.3873520921003471,-0.0,0.0,0.0,0.5614999999999999,0.4003864403910951,,,,0.0,-14.53361256565894,-14.552312438456367,-22.902067241323415,-6.2031050800419125,0.02285
house-tx-3,HOUSE,TX,3,False,standard,Keith Self,R,-1,Evan Hunt,Keith Self,,-23.981599143217043,-2.0,4.377038951909401,-0.5321954762621353,-0.06661269693179604,-0.0,0.0,0.0,-0.0894999999999999,-0.024271743603337753,,,,0.0,-19.42879954250435,-19.381112584724548,-26.595709790409096,-12.012201783127493,0.00385
house-tx-4,HOUSE,TX,4,False,standard,Pat Fallon,R,-1,Jason Pearce,Pat Fallon,,-25.158856069593824,-2.0,3.9926543055347343,-3.609844240555603,-0.28542353391417563,-0.0,0.0,0.0,-0.0415,-0.008554777585927653,,,,0.0,-20.627471784154828,-20.668424425468856,-27.91997783336536,-13.37564116090868,0.00315
house-tx-5,HOUSE,TX,5,False,standard,Lance Gooden,R,-1,Chelsey Hockett,Lance Gooden,,-21.843996130993506,-2.0,0.7706207290556284,-4.400731468227505,-1.0217057001602967,-0.0,0.0,0.0,0.0304999999999999,0.022505906117419795,,,,0.0,-16.15882689632044,-16.183801472694512,-23.547597992822613,-8.8876192938646,0.00815
house-tx-6,HOUSE,TX,6,False,standard,Jake Ellzey,R,-1,Danny Minton,Jake Ellzey,,-23.274848423140842,-2.0,1.933670214497201,-4.464409443518912,-0.6353524179854525,-0.0,0.0,0.0,0.3874999999999999,0.1778104336445398,,,,0.0,-17.726628234408917,-17.813822337950057,-25.179354057881397,-10.609860745249216,0.00535
house-tx-7,HOUSE,TX,7,False,standard,Lizzie Fletcher,D,1,Lizzie Fletcher,Alexander Hale,,24.093375271886345,2.0,1.041189715720237,3.326006034067751,0.0026308446316731563,0.0,0.0,0.0,0.192,0.00036481045559201103,,,,0.0,32.99286263835623,32.96747272503892,25.653376782230445,40.22664406934746,0.99935
house-tx-8,HOUSE,TX,8,False,standard,Morgan Luttrell,,0,Laura Jones,Jessica Hart Steinmann,,-27.993926866059134,0.0,,-3.647668193418901,-0.28772486461592,0.0,0.0,0.0,-0.123,-0.025559558806714226,,,,0.0,-20.618322229324846,-20.576322768579875,-28.81663102287097,-12.350010696171314,0.00625
house-tx-9,HOUSE,TX,9,False,standard,None (new seat),,0,Leticia Gutierrez,Alex Mealer,,-19.967725626975657,0.0,,-3.2658243281499675,-1.8354863743463214,0.0,0.0,0.0,0.0,0.0,1.0,-5.389355664087047,0.16,0.35228216291370096,-13.89591371935815,-10.906062016298073,-17.747041844825315,-4.011414403586051,0.0295
house-tx-10,HOUSE,TX,10,False,standard,Michael McCaul,,0,Caitlin Rourk,Chris Gober,,-22.935141814419953,0.0,,-1.8936915323748045,-0.6507494834512374,0.0,0.0,0.0,0.0,0.0,1.0,-8.232583431985823,0.11,0.4098915671242505,-15.767665540862389,-12.674350866255653,-19.474875794965904,-5.934690123477472,0.0162
house-tx-11,HOUSE,TX,11,False,standard,August Pfluger,R,-1,Claire Reynolds,August Pfluger,,-34.776226874930764,-2.0,,-3.942460227073517,-0.011537314358717207,-0.0,0.0,0.0,0.2495,0.002078959951249959,,,,0.0,-29.59761102795201,-29.6278907865009,-36.94253587728161,-22.479125516571298,0.00055
house-tx-12,HOUSE,TX,12,False,standard,Craig Goldman,R,-1,Angela Rodriguez Prilliman,Craig Goldman,,-24.152059215739328,-2.0,3.551298924208573,-4.552849302759294,-0.2344509804321083,-0.0,0.0,0.0,-0.2165,-0.03665901580145382,,,,0.0,-21.289666941294396,-21.248695968933845,-28.52278039974742,-13.99570530211642,0.00285
house-tx-13,HOUSE,TX,13,False,standard,Ronny Jackson,R,-1,Mark Nair,Ronny Jackson,,-46.66045241939511,-1.0,,-4.123729160530777,-2.4862582332716692e-05,-0.0,0.0,0.0,0.3985000000000001,7.155589320813269e-06,,,,0.0,-41.94778983551648,-41.9619043529478,-49.220261159803506,-34.72087165586575,0.00015
house-tx-14,HOUSE,TX,14,False,standard,Randy Weber,R,-1,Thurman Bartie,Randy Weber,,-24.57811033271256,0.0,2.5586414324048965,-3.486899162545146,-0.41635762485174205,0.0,0.0,0.0,-0.1925,-0.05788527534397136,,,,0.0,-19.423670819750054,-19.371631712373656,-26.635454616836004,-11.898387655163706,0.00415
house-tx-15,HOUSE,TX,15,False,standard,Monica De La Cruz,R,-1,Bobby Pulido,Monica De La Cruz,,-18.01759130969824,-2.0,-3.06719418329246,-0.74062669080336,-0.7015016519975729,-0.0,0.0,0.0,0.3185,0.6536283452385793,6.0,6.3337951004859585,0.049695180123685866,0.44625956102607306,-9.13201792532261,-2.1657440250229882,-8.124761580011882,3.631607070719938,0.31545
house-tx-16,HOUSE,TX,16,False,standard,Veronica Escobar,D,1,Veronica Escobar,Adam Bauman,,16.63676773389655,2.0,2.880079198126336,,0.0,0.0,0.0,0.0,0.271,0.006768980359662926,,,,0.0,26.79057553481817,26.799466868100396,19.409881289434185,33.894384821248,0.99905
house-tx-17,HOUSE,TX,17,False,standard,Pete Sessions,R,-1,Casey Shepard,Pete Sessions,,-21.9502302161465,-2.0,3.27939312884149,-3.841873531374521,-0.7353182650684676,-0.0,0.0,0.0,-0.1134999999999999,-0.06027567222825129,,,,0.0,-17.44430390625046,-17.4602463587496,-24.906114790328367,-10.158113754864704,0.00625
house-tx-18,HOUSE,TX,18,False,standard,Christian Menefee,D,1,Christian Menefee,Ronald Whitfield,,55.72034781448782,2.0,,,0.0,0.0,0.0,0.0,0.0,0.0,,,,0.0,64.22552815652925,64.26680143421692,57.06979772809998,71.55918446175774,0.99995
house-tx-19,HOUSE,TX,19,False,standard,Jodey Arrington,,0,Kyle Rable,Tom Sell,,-52.16553105495645,0.0,,-3.738275075790237,-3.0081701836601184e-06,0.0,0.0,0.0,0.0,0.0,,,,0.0,-45.42849836989862,-45.43310238251798,-53.60680620691431,-37.140121984010044,0.00025
house-tx-20,HOUSE,TX,20,False,standard,Joaquin Castro,D,1,Joaquin Castro,Edgardo Rafael Baez,,28.881561605032594,2.0,,2.294226033327514,0.00012264691535362256,0.0,0.0,0.0,-0.0229999999999999,-2.664037686930761e-06,,,,0.0,38.61587065435877,38.665300220234954,31.29052078691049,45.86863135268495,0.9998
house-tx-21,HOUSE,TX,21,False,standard,Chip Roy,,0,Kristin Hook,Mark Teixeira,,-22.084735744258868,0.0,,-2.696274309601862,-1.1071908641617323,0.0,0.0,0.0,-0.1799999999999999,-0.16014855591115154,,,,0.0,-15.51068063631006,-15.642182826051158,-23.815793311139696,-7.198809407618504,0.01645
house-tx-22,HOUSE,TX,22,False,standard,Troy Nehls,,0,Marquette Greene-Scott,Trever Nehls,,-22.728896297178235,1.0,,-3.0907369778590583,-1.0774543812142732,0.0,0.0,0.0,-0.1964999999999999,-0.15290873426732554,,,,0.0,-16.13552672998,-16.116013546756903,-24.51957090731166,-7.848305817138137,0.0157
house-tx-23,HOUSE,TX,23,False,standard,Vacant,,0,Katy Padilla Stout,Brandon Herrera,,-14.973852558895206,0.0,,-1.4077439537212355,-1.7152065333058102,0.0,0.0,0.0,0.2704999999999999,0.7140886378788471,1.0,-6.55419399161318,0.18,0.0506570680478211,-7.802574378879725,-7.803152991805517,-15.955717908387788,0.5215216993377834,0.1138
house-tx-24,HOUSE,TX,24,False,standard,Beth Van Duyne,R,-1,Kevin Burge,Beth Van Duyne,,-16.38594296670372,-2.0,4.150819196649517,-2.9824077077977607,-2.053206192445859,-0.0,0.0,0.0,0.0064999999999999,0.009695517864534554,,,,0.0,-13.377776879937885,-13.341301688097701,-20.681175308759137,-5.970068449067609,0.0178
house-tx-25,HOUSE,TX,25,False,standard,Roger Williams,R,-1,Dione Sims,Roger Williams,,-24.33804955302802,-2.0,,,0.0,-0.0,0.0,0.0,-0.0375,-0.011556214346568342,,,,0.0,-18.86760523980584,-18.865235362684096,-26.232047025247294,-11.549763260138178,0.00475
house-tx-26,HOUSE,TX,26,False,standard,Brandon Gill,R,-1,Steven Shook,Brandon Gill,,-24.143127359490155,-2.0,3.651963273463141,-4.930306615906332,-0.2313063134436294,-0.0,0.0,0.0,0.3134999999999999,0.052371604468861736,,,,0.0,-21.243698261607253,-21.246752361240077,-28.535489547867122,-13.934548093495732,0.00275
house-tx-27,HOUSE,TX,27,False,standard,Michael Cloud,R,-1,Tanya Lloyd,Michael Cloud,,-21.457064940663432,-2.0,2.6691188187887525,-2.106562829182046,-0.6243820319792636,-0.0,0.0,0.0,-0.1434999999999999,-0.09215522908705806,,,,0.0,-16.522155806701864,-16.583092897294478,-23.82918955383974,-9.349141127816688,0.0065
house-tx-28,HOUSE,TX,28,False,standard,Henry Cuellar,D,1,Henry Cuellar,Tano Tijerina,,-10.459161706977333,1.0,12.783449903273231,0.6455803402855187,0.8479793929249949,0.0,0.0,0.0,0.966,2.749186675367268,3.0,10.489618695657429,0.20921965344801147,0.29491166240220085,9.550026369300815,9.787374342652752,3.441007612866781,16.19863069150886,0.97025
house-tx-29,HOUSE,TX,29,False,standard,Sylvia Garcia,D,1,Sylvia Garcia,Martha Fierro,,30.845369895153603,2.0,9.494159693134456,4.0407394889597965,6.564981906253806e-06,0.0,0.0,0.0,0.275,1.3038783508254088e-06,,,,0.0,44.17429939603708,44.179879105905115,36.92080953764448,51.48556999847216,0.99975
house-tx-30,HOUSE,TX,30,False,standard,None (new seat),,0,Frederick Haynes III,Everett Jackson,,47.804896337119935,0.0,,2.355646780726939,4.554179845748645e-09,0.0,0.0,0.0,0.0,0.0,,,,0.0,54.44196404354868,54.4572910026002,46.2009106267574,62.69240497274053,0.9999
house-tx-31,HOUSE,TX,31,False,standard,John Carter,R,-1,Justin Early,John Carter,,-22.146914200858628,-2.0,5.50460131947117,-2.333948288272066,-0.40560269445939146,-0.0,0.0,0.0,-0.1985,-0.07474156977626317,,,,0.0,-18.55513430694514,-18.551969741459736,-25.90838612024722,-11.200369109170595,0.0053
house-tx-32,HOUSE,TX,32,False,standard,None (new seat),,0,Dan Barrios,Jace Yarbrough,,-18.113580215751295,1.0,,-1.9920184499570408,-1.6406678577005205,0.0,0.0,0.0,0.0,0.0,,,,0.0,-11.772241814666428,-11.744816022821837,-20.04628890151096,-3.487236332096836,0.0422
house-tx-33,HOUSE,TX,33,False,standard,Jasmine Crockett,,0,Colin Allred,Patrick Gillespie,,33.340829756235884,2.0,,5.698024768164236,5.3308047113416926e-05,0.0,0.0,0.0,-0.2169999999999998,-8.354555605941612e-06,,,,0.0,40.61757103922093,40.647503684212786,32.34445540036504,48.83407408175969,0.9998
house-tx-34,HOUSE,TX,34,False,standard,Vicente Gonzalez,D,1,Vicente Gonzalez,Eric Flores,,-10.22506904859846,2.0,7.7580469982158204,0.5670429655065609,0.8769352234200254,0.0,0.0,0.0,0.445,1.4910893224680903,4.0,2.5578758698572175,0.13028485329685902,0.35437785435040353,5.820934478738231,4.676082015643972,-1.556057667351306,10.838544593878149,0.83665
house-tx-35,HOUSE,TX,35,False,standard,None (new seat),,0,Johnny Garcia,Carlos De La Cruz,,-10.563314149260139,1.0,,-0.1154239105962223,-0.1889331893153012,0.0,0.0,0.0,0.0,0.0,1.0,-6.1242311694559755,0.11,0.3522116123633243,-2.124316563004693,-3.545447269791541,-10.512930382162544,3.2550014882592944,0.24555
house-tx-36,HOUSE,TX,36,False,standard,Brian Babin,R,-1,Rhonda Hart,Brian Babin,,-25.312327790203895,-2.0,1.2204653389580633,-4.272558505421538,-0.41453200214295227,-0.0,0.0,0.0,-0.2305,-0.06900806357896425,,,,0.0,-19.44965749472698,-19.420347389935216,-26.651771770707015,-12.146529285840673,0.0043
house-tx-37,HOUSE,TX,37,False,standard,Greg Casar,D,1,Greg Casar,Lauren Peña,,57.704254135704865,2.0,0.1564659071256935,2.423937150360713,1.0392191112355906e-12,0.0,0.0,0.0,0.013,1.2075947718135562e-14,,,,0.0,64.61834368084189,64.49598585192976,57.42188650775444,71.65242492615761,0.9999
house-tx-38,HOUSE,TX,38,False,standard,Wesley Hunt,,0,Melissa McDonough,Jon Bonck,,-21.29669299579903,0.0,,-2.5961749643330245,-1.2458801223708296,0.0,0.0,0.0,-0.2179999999999999,-0.22666835603059488,,,,0.0,-14.904996974181087,-14.93342680346171,-23.27394234555816,-6.7909026322575246,0.01905
house-ut-1,HOUSE,UT,1,False,standard,None (new seat),,0,Ben McAdams,Riley Owen,,24.325735111457707,2.0,,2.682011367190529,0.0038389273220704443,0.0,0.0,0.0,0.118,0.00036595137664814355,,,,0.0,31.90688388868228,31.985160133169153,23.700709009033954,40.171328282086456,0.999
house-ut-2,HOUSE,UT,2,False,standard,Blake Moore,R,-1,Peter Crosby,Blake Moore,,-29.9231434255034,-2.0,11.8569342565702,-4.00714262469264,-0.011729336095511654,-0.0,0.0,0.0,-0.3685,-0.00312163247586381,3.0,-4.656216456338197,0.30177079770579596,0.24253254676491817,-29.562809189646273,-23.506010814671214,-30.015446127488303,-17.013081130704187,0.00055
house-ut-3,HOUSE,UT,3,False,standard,Celeste Maloy,R,-1,Kent Udell,Celeste Maloy,,-42.41903846817411,-2.0,4.798317084819732,-3.118280158817572,-5.515325667206881e-05,-0.0,0.0,0.0,-0.1865000000000001,-7.4288372667461625e-06,1.0,-18.600740841596096,0.2909999999999999,0.2228329039478448,-40.557223745920254,-35.638330425060666,-42.196026808438326,-29.042799601008515,0.0001
house-ut-4,HOUSE,UT,4,False,standard,Mike Kennedy,R,-1,Jonny Larsen,Mike Kennedy,,-33.446643564909,-2.0,12.785920534601786,-2.8307521180873545,-0.0006993661010726071,-0.0,0.0,0.0,0.0164999999999999,8.832401097076208e-06,1.0,-9.423137514741454,0.2539999999999999,0.23920659533548558,-35.6483108078588,-29.40215496453802,-35.84806871377431,-22.860595743265474,0.0005
house-va-1,HOUSE,VA,1,False,standard,Rob Wittman,R,-1,Shannon Taylor,Rob Wittman,,-5.00442471396264,-2.0,7.674711528138682,-0.944174630078467,-1.5815714581006792,-0.0,0.0,0.0,-0.2395,-0.869228808938171,3.0,2.067595178812182,0.046335936262589375,0.42640345517857664,-3.1004322638403576,-0.8718337788795496,-6.76626375652071,4.952534066900241,0.42225
house-va-2,HOUSE,VA,2,False,standard,Jen Kiggans,R,-1,Elaine Luria,Jen Kiggans,,-0.25221671009308466,0.0,3.558796871487511,-0.285934344368051,-0.3579375682954035,0.0,0.0,0.0,0.1815,0.4922771660860171,1.0,-3.2241463923672087,0.06,0.34854820637627854,6.643135967010635,3.2554593560799203,-2.9202509030298565,9.325843422661785,0.757
house-va-3,HOUSE,VA,3,False,standard,Bobby Scott,D,1,Bobby Scott,Edwin Rivera,,35.171354784672296,2.0,,3.3855102482910024,4.811319104524159e-06,0.0,0.0,0.0,0.012,4.1698098905876053e-08,,,,0.0,44.677965086278185,44.76189867117151,37.52444887748407,51.918246886653,0.99985
house-va-4,HOUSE,VA,4,False,standard,Jennifer McClellan,D,1,Jennifer McClellan,Robert Murray,,33.178227120064946,2.0,1.926106553640481,,0.0,0.0,0.0,0.0,-0.2019999999999999,-9.310557926037663e-07,,,,0.0,44.22035358680213,44.15734182976341,36.89356909760239,51.509819958885274,0.99995
house-va-5,HOUSE,VA,5,False,standard,John McGuire,R,-1,Tom Perriello,John McGuire,,-12.407085063709836,0.0,2.530256581254638,0.138132675845518,0.14733531669522593,0.0,0.0,0.0,0.1984999999999999,0.4587362384326178,2.0,-5.131109357572901,0.031654162737148224,0.4480285513374301,-7.482118776378423,-6.474165629883069,-12.347777581196658,-0.6505186004655084,0.079
house-va-6,HOUSE,VA,6,False,standard,Ben Cline,R,-1,Beth Macy,Ben Cline,,-24.157705036448466,-2.0,4.653808404577879,-0.0667313378906842,-0.007632402388015462,-0.0,0.0,0.0,-0.0124999999999999,-0.0030976585296007926,,,,0.0,-19.68145645971179,-19.646945929342344,-26.991069775128143,-12.501391856606753,0.0044
house-va-7,HOUSE,VA,7,False,standard,Eugene Vindman,D,1,Eugene Vindman,Doug Ollivant,,2.914155482400608,2.0,-0.1426521302539942,3.8350624783316873,1.1161939484343661,0.0,0.0,0.0,-0.2329999999999998,-0.18783063721153845,,,,0.0,15.661907622751501,15.586533072039876,8.43392574378678,22.957848200853295,0.9908
house-va-8,HOUSE,VA,8,False,standard,Don Beyer,D,1,Don Beyer,Tony Sabio,,50.904224479584464,2.0,-2.0577590018806253,4.091817364175643,8.091989685816283e-10,0.0,0.0,0.0,0.075,4.3831610798171535e-11,,,,0.0,56.987218400210686,57.00346542700353,49.78835303922187,64.15360192557317,0.99995
house-va-9,HOUSE,VA,9,False,standard,Morgan Griffith,R,-1,Joy Powers,Morgan Griffith,,-44.42581664466825,-2.0,,-3.06821876444428,-9.337979707881457e-05,-0.0,0.0,0.0,-0.0384999999999999,-2.5964771354414768e-06,,,,0.0,-39.611442757152105,-39.60623943588334,-46.813048398735425,-32.43342823423708,0.00045
house-va-10,HOUSE,VA,10,False,standard,Suhas Subramanyam,D,1,Suhas Subramanyam,Dave Beckwith,,8.576451033971418,2.0,-3.886437970558408,2.372240527887434,0.46510560273454976,0.0,0.0,0.0,0.6545,0.2780318840877321,,,,0.0,18.330894692466284,18.331552465712775,11.03683586749526,25.667594088789077,0.9939
house-va-11,HOUSE,VA,11,False,standard,James Walkinshaw,D,1,James Walkinshaw,Arthur Purves,,35.29116354091677,2.0,,4.525681764703802,4.479224857668367e-06,0.0,0.0,0.0,0.0,0.0,,,,0.0,44.79307531530744,44.746950567039576,37.48948233604754,52.04994700665576,0.99985
house-vt-al,HOUSE,VT,0,False,standard,Becca Balint,D,1,Becca Balint,Gerald Malloy,,32.77043577168019,0.0,,2.6555273388129144,1.720414197278266e-05,0.0,0.0,0.0,-0.25,-3.5092503470226204e-06,4.0,25.574235477318346,0.13171101049703857,0.3617190460387873,42.36833713805939,36.30183449498833,30.191372404981937,42.376388106098865,0.99995
house-wa-1,HOUSE,WA,1,False,standard,Suzan DelBene,D,1,Suzan DelBene,Mary Silva,,29.71416626019093,2.0,-3.2733632356154514,5.1279509614944905,0.0006035839145019266,0.0,0.0,0.0,-0.118,-5.143876249144198e-05,,,,0.0,36.06056524886371,36.18149755596268,28.864631802932124,43.49273484769421,0.99965
house-wa-2,HOUSE,WA,2,False,standard,Rick Larsen,D,1,Rick Larsen,Edwin Feller,,24.449358063403622,0.0,3.734410420493576,,0.0,0.0,0.0,0.0,0.101,8.119541488795415e-05,,,,0.0,34.81663043032044,34.826585939449956,27.50438265689365,41.96980205179526,0.99975
house-wa-3,HOUSE,WA,3,False,standard,Marie Gluesenkamp Perez,D,1,Marie Gluesenkamp Perez,John Braun,,-3.396252192645398,0.0,7.412514312502439,1.1723654191744082,0.8687134540617462,0.0,0.0,0.0,-0.1669999999999999,-0.2681156230418576,3.0,-5.141662883274334,0.11534134634844265,0.30518934065773184,11.457509064695563,6.3611595643768615,0.03818214374089455,12.777981556695867,0.9012
house-wa-4,HOUSE,WA,4,False,standard,Dan Newhouse,,0,John Duresky,Amanda McKinney,,-21.23632345302414,-1.0,,-1.5963329175543814,-0.7749842456264021,-0.0,0.0,0.0,0.0,0.0,,,,0.0,-14.14524317707486,-14.196984402535332,-22.52065421976728,-5.7856567725855115,0.0242
house-wa-5,HOUSE,WA,5,False,standard,Michael Baumgartner,R,-1,Carmela Conroy,Michael Baumgartner,,-11.108555422659757,-2.0,10.079905812644675,-1.472892024901894,-1.1020630298819154,-0.0,0.0,0.0,-0.1494999999999999,-0.24236439403607626,1.0,-11.914155565323238,0.0,0.3514268444839059,-12.136676111395646,-12.082015490758222,-18.200153861334726,-5.810880454722899,0.0133
house-wa-6,HOUSE,WA,6,False,standard,Emily Randall,D,1,Emily Randall,Teresa Fox,,19.891451831750338,2.0,-6.136453702958522,3.2601594523000608,0.03281375135046409,0.0,0.0,0.0,-0.123,-0.0029149549116328933,,,,0.0,26.954630376281425,26.938697833645328,19.781459083252674,34.19678591266926,0.99845
house-wa-7,HOUSE,WA,7,False,standard,Pramila Jayapal,D,1,Pramila Jayapal,Nirav Sheth,,77.56051167435446,2.0,-9.082424552371911,4.804297389255944,2.1875513996428347e-18,0.0,0.0,0.0,0.5045000000000002,7.970586585865299e-19,,,,0.0,78.02875308809762,78.07060117125987,70.97597642480379,85.24217190862389,1.0
house-wa-8,HOUSE,WA,8,False,standard,Kim Schrier,D,1,Kim Schrier,Spencer Meline,,5.966932359880001,2.0,2.3278904041291115,3.7721516102463126,0.7128475709726685,0.0,0.0,0.0,-0.2149999999999998,-0.1106893867149226,,,,0.0,17.384550738659318,17.432905214884578,10.094065918035131,24.74963700018654,0.99285
house-wa-9,HOUSE,WA,9,False,standard,Adam Smith,D,1,Adam Smith,Doug Basler,,42.69428737721389,2.0,,4.199446988769716,3.84630097842141e-08,0.0,0.0,0.0,0.6375,1.7709010754815243e-08,,,,0.0,51.87967227097313,51.91525898030217,44.616605966116616,59.16853987676626,0.9999
house-wa-10,HOUSE,WA,10,False,standard,Marilyn Strickland,D,1,Marilyn Strickland,Chris Chung,,18.6042540382684,2.0,-1.1312334145655418,4.478702145625662,0.03881321776132509,0.0,0.0,0.0,0.135,0.0037842887317291966,,,,0.0,26.514500974578056,26.539888493803506,19.14132322093614,33.89222550964308,0.99865
house-wi-1,HOUSE,WI,1,False,standard,Bryan Steil,R,-1,Mitchell Berman,Bryan Steil,,-4.574926503161371,-2.0,5.722291735026506,-2.362730412274356,-3.9475153854121054,-0.0,0.0,0.0,0.0475000000000001,0.17194730425928167,3.0,-4.25182286865777,0.03912021875571893,0.41166128316620004,-2.8835770442311297,-3.3976516420446847,-9.40690074066836,2.543097445419037,0.2296
house-wi-2,HOUSE,WI,2,False,same_party,Mark Pocan,D,1,Mark Pocan,,D,40.745668109005265,0.0,-0.3391138527341359,,,,,0.0,-0.1119999999999999,,,,,,,,,,1.0
house-wi-3,HOUSE,WI,3,False,standard,Derrick Van Orden,R,-1,Rebecca Cooke,Derrick Van Orden,,-7.513658895468744,-2.0,-4.911379672142732,0.0351813333320443,0.05434722875188384,-0.0,0.0,0.0,0.1575,0.5271543189265107,4.0,-3.162965559253814,0.039986963447727016,0.399434417068602,4.057688609512472,1.151020877105637,-4.746825780110373,7.130291774893823,0.60275
house-wi-4,HOUSE,WI,4,False,standard,Gwen Moore,D,1,Gwen Moore,Tim Rogers,,52.46959330772252,2.0,1.529154114940071,,0.0,0.0,0.0,0.0,0.3595,1.2577215106657448e-11,,,,0.0,60.440078304785594,60.41999472066362,53.28012758759549,67.45518208427886,1.0
house-wi-5,HOUSE,WI,5,False,standard,Scott Fitzgerald,R,-1,Andrew Beck,Scott Fitzgerald,,-22.453536619855047,-2.0,6.353302332530933,-4.188650190590025,-0.42662236452403396,-0.0,0.0,0.0,0.1725000000000001,0.05315003624695259,,,,0.0,-19.230135525022877,-19.20574567100398,-26.57804500418068,-12.030109490496608,0.0037
house-wi-6,HOUSE,WI,6,False,standard,Glenn Grothman,R,-1,Brad Smith,Glenn Grothman,,-16.695392066092158,-2.0,5.774922636417382,-2.0680111854344525,-1.162581523536683,-0.0,0.0,0.0,0.2175,0.2649243615438012,1.0,-27.914155565323238,0.0,0.3425087387704608,-13.453225536626446,-18.33873898826249,-24.589484180181426,-12.150006752559172,0.00205
house-wi-7,HOUSE,WI,7,False,standard,Tom Tiffany,,0,Fred Clark,Michael Alfonso,,-22.842779803336647,1.0,,-1.1224471473670272,-0.39344987619946403,0.0,0.0,0.0,0.0,0.0,,,,0.0,-15.41554550715821,-15.387822818619995,-23.58410244193466,-7.043989600780156,0.0177
house-wi-8,HOUSE,WI,8,False,standard,Tony Wied,R,-1,Rick Crosson,Tony Wied,,-16.463834239873304,-1.0,-1.9298058929247877,-2.559960309870283,-2.137865964152893,-0.0,0.0,0.0,0.3065,0.5545871747388432,,,,0.0,-11.615863193608387,-11.575182392340192,-18.869352617297196,-4.3338547214008125,0.0287
house-wv-1,HOUSE,WV,1,False,standard,Carol Miller,R,-1,Vince George,Carol Miller,,-45.19875830196956,-2.0,-1.856375774022489,-2.0061016446065367,-0.00016208564378953407,-0.0,0.0,0.0,-0.0965,-1.689316529903046e-05,,,,0.0,-37.838013090438835,-37.89189423201144,-45.09367542177748,-30.66445779863033,0.00025
house-wv-2,HOUSE,WV,2,False,standard,Riley Moore,R,-1,Ace Parsi,Riley Moore,,-40.383313502646374,-2.0,1.030833813858805,-2.233515423091049,-0.00038520825913211724,-0.0,0.0,0.0,-0.1274999999999999,-4.764407735227417e-05,,,,0.0,-36.36676298975544,-36.38748295327337,-43.69290004076511,-29.121335758025417,0.00025
house-wy-al,HOUSE,WY,0,False,standard,Harriet Hageman,,0,Lisa Kinney,Chuck Gray,,-46.95834604821483,0.0,,-3.646279545613131,-7.703021605320397e-05,0.0,0.0,0.0,0.0,0.0,,,,0.0,-39.95975068454763,-39.96267527155305,-48.15830265790006,-31.71345442871183,0.00055
senate-ak,SEN,AK,0,False,rcv_bloc,Dan Sullivan,R,-1,Mary Peltola,Gerald Heikes; Dan J. Sullivan; Dan S. Sullivan,,-13.69312508474994,-1.0,1.4719906238951417,0.3666094504434499,1.1050210184873361,-0.0,0.0,11.31671315632245,0.1394999999999999,0.0,19.0,0.8151085493633186,0.01954098531051766,0.67528715569974,-6.717150568597464,-1.6069637936702845,-6.703823602646399,3.5697869710405303,0.3431
senate-al,SEN,AL,0,False,standard,Tommy Tuberville,R,0,Everett Wess,Barry Moore,,-30.88122385938789,-2.0,,,0.0,-0.0,0.0,0.0,0.0,0.0,2.0,-18.364453047586196,0.13383213835878682,0.6235720721818683,-23.27231328570317,-20.204686877882363,-28.145860581449845,-12.214675183505737,0.0055
senate-ar,SEN,AR,0,False,standard,Tom Cotton,R,-1,Hallie Shoffner,Tom Cotton,,-31.33998647229675,-3.0,,-2.18470237471752,-0.11636927747835595,-0.0,0.0,0.0,0.1705000000000001,0.0,4.0,-8.146811932199059,0.11572375050034427,0.7178570449040487,-25.46079592458783,-13.026806974675978,-20.199923774731314,-5.916894648108678,0.0168
senate-co,SEN,CO,0,False,standard,John Hickenlooper,D,1,John Hickenlooper,Mark Baisley,,11.293083462132921,2.0,-2.9701204541250323,4.59648896867292,0.9065924627421584,0.0,0.0,0.0,-0.0499999999999999,-0.0,,,,0.0,20.715326536195544,20.73121029674696,12.914616600033352,28.717401044780594,0.99475
senate-de,SEN,DE,0,False,standard,Chris Coons,D,1,Chris Coons,Michael Katz,,14.958471282996337,2.0,4.239865462704085,3.88472862417668,0.14004683058795034,0.0,0.0,0.0,0.246,0.0,,,,0.0,25.856521545153377,25.93968417382805,18.01952225567786,33.83714162737187,0.99785
senate-fl-special,SEN,FL,0,True,standard,Ashley Moody,R,-1,Angie Nixon,Ashley Moody,,-13.22213886698459,-2.0,,-3.6522466123839634,-9.959786915220079,-0.0,0.0,0.0,0.0,0.0,10.0,-5.238336375392955,0.07488340062079725,0.80262722364632,-16.835320599546296,-7.478944416827374,-13.704671424860024,-1.268227816605755,0.06275
senate-ga,SEN,GA,0,False,standard,Jon Ossoff,D,1,Jon Ossoff,Mike Collins,,-2.2087323027962817,1.0,,2.6013219567470403,8.216502369046658,0.0,0.0,0.0,-0.274,-0.0,16.0,8.656402626683409,0.05654354322567772,0.822076868120667,15.59531204629449,9.88981769593879,3.881208263482316,15.85629968750086,0.97775
senate-ia,SEN,IA,0,False,standard,Joni Ernst,R,0,Josh Turek,Ashley Hinson,,-13.445597709596235,-1.0,,-0.6741303388997628,-2.518689099862815,-0.0,0.0,0.0,0.0,0.0,22.0,2.006475799281002,0.07598809797390428,0.8154624990350605,-8.01984149294555,0.16136607277140574,-5.8087719626802725,6.238222088112071,0.51375
senate-id,SEN,ID,0,False,same_party,Jim Risch,R,-1,,Jim Risch,R,-37.52184118025308,0.0,-2.4760069518199472,,,,,0.0,-0.3195,,,,,,,,,,0.0
senate-il,SEN,IL,0,False,standard,Dick Durbin,D,0,Juliana Stratton,Don Tracy,,11.135530816543426,2.0,,0.8700654221035241,0.32661049650676927,0.0,0.0,0.0,0.0,0.0,,,,0.0,19.33071594945316,19.290458745651527,6.917626753920186,31.83871763817511,0.9637
senate-ks,SEN,KS,0,False,standard,Roger Marshall,R,-1,Adam Hamilton,Roger Marshall,,-16.411473894550323,-3.0,-4.312270332201006,-0.3633284401757001,-0.9877101351743697,-0.0,0.0,0.0,-0.1134999999999999,-0.0,7.0,0.5341232100189232,0.06932139910923467,0.5669837343699555,-9.708547032024615,-3.9286457527108727,-9.554144174358852,1.8175337565218364,0.18785
senate-ky,SEN,KY,0,False,standard,Mitch McConnell,R,0,Charles Booker,Andy Barr,,-31.02814203220417,-1.0,,-2.511890508194776,-0.2564371261391177,-0.0,0.0,15.495409793911385,0.0,0.0,2.0,-10.632473273339064,0.1100000750955406,0.46631981385509463,-23.67991852566202,-17.64991675117887,-26.90552483298467,-8.320511808683396,0.0192
senate-la,SEN,LA,0,False,standard,Bill Cassidy,R,0,Jamie Davis,Julia Letlow,,-22.357020818831867,-2.0,,-1.1327858035556986,-1.2023257868972497,-0.0,0.0,0.0,0.0,0.0,2.0,-7.888129571542608,0.08588336902617333,0.5837545279052794,-15.74486993172632,-11.074250712321302,-19.52313997411826,-2.6949590540933497,0.0535
senate-ma,SEN,MA,0,False,standard,Ed Markey,D,1,Ed Markey,John Deaton,,25.910638840838516,3.0,0.5085556465280519,1.8615419235886217,0.0015716709637636844,0.0,-0.0,-10.492920014718209,0.072,0.0,11.0,24.01970729260228,0.198547974501314,0.45955945884493726,35.20321713013656,30.03442951910924,23.962641233892267,36.177368178715476,0.99975
senate-me,SEN,ME,0,False,standard,Susan Collins,R,-1,Troy Jackson,Susan Collins,,7.08861163994892,-2.0,17.18453938781839,,0.0,-0.0,0.0,0.0,-0.9685,-0.0,17.0,1.6329277789077163,0.05074731913270822,0.644961382700421,7.913397248409994,3.8827518460900343,-1.3964765018771366,9.225019606281712,0.83115
senate-mi,SEN,MI,0,False,standard,Gary Peters,D,0,Abdul El-Sayed,Mike Rogers,,-1.4424736578339323,-2.0,,0.2325586573104284,0.7963635976722888,-0.0,0.0,2.7641752741633407,0.0444999999999999,0.0,42.0,3.4238970397332227,0.07154848554491867,0.826058130171082,7.339549726265619,4.1172037098641585,-1.6656542382907897,9.986705392056521,0.82235
senate-mn,SEN,MN,0,False,standard,Tina Smith,D,0,Peggy Flanagan,Michele Tafoya,,4.343404352188957,2.0,,0.2072829546676579,0.33445243158292265,0.0,0.0,0.0,0.0,0.0,10.0,2.4164290179876833,0.11295837251040203,0.7677720780955908,12.629727537962527,4.784706976468185,-1.688125896394587,11.31347636018658,0.83065
senate-ms,SEN,MS,0,False,standard,Cindy Hyde-Smith,R,-1,Scott Colom,Cindy Hyde-Smith,,-23.145028211183686,-2.0,-7.978080670910353,-0.87337473076951,-0.9552283844815757,-0.0,0.0,0.0,0.1634999999999999,0.0,3.0,-8.577333966974772,0.11995691357942562,0.28665885768900196,-15.34843732150735,-13.375213777636485,-20.34341253699605,-6.471606427107509,0.01315
senate-mt,SEN,MT,0,False,standard,Steve Daines,R,0,Alani Bankhead,Kurt Alme,,-20.5780970401637,0.0,,-3.100094666159993,-4.487659182221872,0.0,0.0,0.0,0.0,0.0,10.0,-24.785317150238864,0.3505089458599765,0.6304077253704984,-17.218459805070264,-21.91228564963281,-29.897046852218715,-14.056480353224206,0.00415
senate-nc,SEN,NC,0,False,standard,Thom Tillis,R,0,Roy Cooper,Michael Whatley,,-3.260680202600806,3.0,,1.130924536490559,4.463787694700711,0.0,0.0,2.8002416298553774,0.0,0.0,40.0,10.19731729275646,0.08959773106161974,0.811436784148342,9.192239417983473,9.996015694090323,3.8591810966705253,16.125778280648678,0.97405
senate-ne,SEN,NE,0,False,independent,Pete Ricketts,R,0,,Pete Ricketts,Dan Osborn,-20.840683303897794,-3.0,,,0.0,-0.0,0.0,0.0,0.0,0.0,11.0,-1.2385372829070616,0.05841868782218129,0.8197156138741484,-2.9980142909882126,-1.550862190064818,-8.050205956160063,5.07291627661081,0.37915
senate-nh,SEN,NH,0,False,standard,Jeanne Shaheen,D,0,Chris Pappas,John E. Sununu,,2.821214946726764,-1.0,,1.3443960496856378,2.7631582972234443,-0.0,0.0,0.0,0.0,0.0,24.0,6.2296675511153055,0.09729407865122369,0.7973682662620729,13.548470973186875,7.704856889241086,1.3573487813490202,14.026555696907996,0.9391
senate-nj,SEN,NJ,0,False,standard,Cory Booker,D,1,Cory Booker,Justin Murphy,,6.027747433233515,2.0,1.8359211034842104,6.424778117547163,2.2600526439631525,0.0,0.0,0.0,-0.6555,-0.0,,,,0.0,18.410875954183773,18.457548336803093,10.591208080955349,26.305309841350336,0.99225
senate-nm,SEN,NM,0,False,standard,Ben Ray Luján,D,1,Ben Ray Luján,Larry Marker,,6.141812228647307,3.0,,4.998948239051213,2.510025581507674,0.0,0.0,0.0,0.032,0.0,1.0,15.587572649572815,0.09,0.5981711865765906,18.186211243456263,16.711203450942346,8.471457302932821,24.981995329011923,0.9866
senate-oh-special,SEN,OH,0,True,standard,Jon Husted,R,-1,Sherrod Brown,Jon Husted,,-11.313229427274072,0.0,,0.9874911283901482,3.839953009623341,0.0,0.0,3.135714439187865,-0.0179999999999999,-0.0,28.0,3.717880548483868,0.09080461462664437,0.8050355750166518,-1.1103918715276535,2.8319488634533876,-3.2846310420831357,9.004608108910462,0.72745
senate-ok,SEN,OK,0,False,standard,Alan Armstrong,R,0,N'Kiyla Jasmine Thomas,Kevin Hern,,-34.94008381234161,-2.0,,-4.733979580565153,-0.07363221462796289,-0.0,0.0,0.0,0.0,0.0,1.0,-24.08123124099892,0.26,0.4172210607223936,-27.53112377184919,-26.118432930048684,-35.77693600008551,-16.50163205642186,0.0052
senate-or,SEN,OR,0,False,standard,Jeff Merkley,D,1,Jeff Merkley,David Brock Smith,,14.866116069775194,2.0,3.023806470271399,4.401444948859762,0.16595444142580054,0.0,0.0,0.0,-0.2629999999999999,-0.0,,,,0.0,25.40273366823289,25.398643447350153,17.492062977044633,33.119916257511434,0.99775
senate-ri,SEN,RI,0,False,standard,Jack Reed,D,1,Jack Reed,Raymond McKay,,14.162406267890672,2.0,13.344478460004396,3.4593541539465287,0.06334983566166281,0.0,0.0,0.0,0.3065,0.0,4.0,19.115487487906663,0.14868028055190594,0.45483410195590734,27.912459841765294,23.94347928078374,17.849273408724,30.087021448463858,0.9994
senate-sc,SEN,SC,0,False,standard,Darline Graham,R,-1,Annie Andrews,Darline Graham,,-18.123365227038146,-3.0,-2.800733662357596,3.371677357151427,6.023531374310644,-0.0,0.0,0.0,0.0,0.0,8.0,-0.8309384220790775,0.12962193262553257,0.49687275703115563,-4.916668303448915,-2.8700144849884017,-8.941716245467664,3.076400376095196,0.267
senate-sd,SEN,SD,0,False,same_party,Mike Rounds,R,-1,,Mike Rounds,R,-29.890199073853058,0.0,3.237586778515133,,,,,0.0,-0.1885000000000001,,,,,,,,,,0.0
senate-tn,SEN,TN,0,False,standard,Bill Hagerty,R,-1,Marquita Bradshaw,Bill Hagerty,,-30.121099654993333,-3.0,2.751456219205909,-6.430701456889573,-0.18206490615151014,-0.0,0.0,-2.751456219205909,0.1665000000000001,0.0,1.0,-20.230610717180973,0.18,0.3010693767097226,-25.153116807285507,-23.681327124570807,-30.431329765360783,-16.685695414367494,0.00135
senate-tx,SEN,TX,0,False,standard,John Cornyn,R,0,James Talarico,Ken Paxton,,-13.878067801618457,-1.0,,2.00170832364325,7.223738250847274,-0.0,0.0,0.0,0.0,0.0,43.0,2.446163820709914,0.06402676283453258,0.8318537790892464,1.285784025988727,2.265569026079346,-3.683651988057381,8.151624376212737,0.6891
senate-va,SEN,VA,0,False,standard,Mark Warner,D,1,Mark Warner,Bert Mizusawa,,5.891296826702209,3.0,3.1498030586139123,4.179985577981367,2.118690205706258,0.0,0.0,0.0,0.211,0.0,2.0,17.56793323467506,0.1692373502309966,0.299351526135929,18.554932442331822,18.2571072702896,11.467786916400145,25.123381589654215,0.99605
senate-wv,SEN,WV,0,False,standard,Shelley Moore Capito,R,-1,Rachel Fetty Anderson,Shelley Moore Capito,,-42.687784560047604,-2.0,3.5317300493123085,-4.71739321730529,-0.0005411627460398838,-0.0,0.0,0.0,-0.3605,-0.0,,,,0.0,-38.22883975110401,-38.27919365006433,-46.07846563868026,-30.290692996877585,0.00075
senate-wy,SEN,WY,0,False,standard,Cynthia Lummis,R,0,James W. Byrd,Harriet Hageman,,-46.95834604821483,-1.0,,-4.268705561410005,-0.00021137458076890162,-0.0,-0.0,-0.24938302490707986,0.0,0.0,,,,0.0,-39.959885030503116,-39.9275231025845,-52.31250575541416,-27.729171763767187,0.00385
