race_id,office,state_po,district,special,race_type,incumbent,incumbent_party,inc_side,dem_candidate,rep_candidate,race_note,pres24,quality_diff,prior_edge,money_log_ratio,money_adj,quality_adj,challenger_adj,chal_rec,ideology_gap,ideology_adj,poll_count,poll_avg,poll_undecided,poll_weight,fundamentals_mean,margin_median,margin_p10,margin_p90,p_dem
governor-ak,GOV,AK,0,False,rcv_bloc,Mike Dunleavy,R,0,Jonathan Kreiss-Tomkins,Dave Bronson; Treg Taylor; Bernadette Wilson,,-13.69312508474994,-1.0,,,0.0,-2.1581128355715116,0.0,0.0,0.0,0.0,3.0,5.636910128377877,0.09923362099745577,0.571250578880584,-7.83777280276091,-0.06285641945425532,-6.885758844386757,6.821827031374094,0.49495
governor-al,GOV,AL,0,False,standard,Kay Ivey,R,0,Doug Jones,Tommy Tuberville,,-30.88122385938789,0.0,,,0.0,0.0,0.0,13.586294974684805,0.0,0.0,3.0,-10.605784102380442,0.12856294835408205,0.43629092021780264,-23.203070232892884,-17.601615260518045,-25.462364216600655,-9.759281281248557,0.00905
governor-ar,GOV,AR,0,False,standard,Sarah Huckabee Sanders,R,-1,Fredrick Love,Sarah Huckabee Sanders,,-31.33998647229675,-2.0,-7.430304736258474,,0.0,-0.07352438665257338,0.0,0.0,0.0,0.0,1.0,-7.719938416553452,0.15,0.6235744339456705,-24.947232212082582,-14.213039564809119,-23.42417808823771,-4.827935373514141,0.03745
governor-az,GOV,AZ,0,False,standard,Katie Hobbs,D,1,Katie Hobbs,Andy Biggs,,-5.588317921733368,1.0,7.601347123459197,,0.0,0.3338933111335378,0.0,0.0,0.0,0.0,20.0,7.317056255468353,0.14740224881522537,0.8161687143952161,17.682862082833026,9.30379487530109,2.4164831963434703,16.18451172350533,0.95225
governor-ca,GOV,CA,0,False,standard,Gavin Newsom,D,0,Xavier Becerra,Steve Hilton,,20.80028514359668,2.0,,,0.0,0.018886081781487273,0.0,0.0,0.0,0.0,7.0,21.62012186119451,0.08737891453695447,0.7161880444319527,28.55701803439645,23.639267805953203,17.772649471540056,29.487247245085797,0.9996
governor-co,GOV,CO,0,False,standard,Jared Polis,D,0,Phil Weiser,Victor Marx,,11.293083462132921,2.0,,,0.0,0.4142454541111177,0.0,0.0,0.0,0.0,,,,0.0,19.64308211191625,19.631819616718644,9.914553458612048,29.560666722397162,0.9847
governor-ct,GOV,CT,0,False,standard,Ned Lamont,D,1,Ned Lamont,Ryan Fazio,,14.756464972518335,2.0,-0.0579333049323143,,0.0,0.008314678892367667,0.0,0.0,0.0,0.0,7.0,14.448667699838886,0.10115866839901563,0.836966160785843,30.546208685324522,17.103018724071852,10.56717916795276,23.656090708977022,0.99565
governor-fl,GOV,FL,0,False,standard,Ron DeSantis,R,0,David Jolly,Byron Donalds,,-13.22213886698459,0.0,,,0.0,0.0,0.0,0.0,0.0,0.0,23.0,-3.1157956693364013,0.09249457688771537,0.7130578135638179,-5.204039620464295,-3.6946098660755684,-9.619808284945119,2.242703578064584,0.21315
governor-ga,GOV,GA,0,False,standard,Brian Kemp,R,0,Keisha Lance Bottoms,Rick Jackson,,-2.2087323027962817,2.0,,,0.0,4.257703572533488,0.0,0.0,0.0,0.0,11.0,-1.453433069750132,0.06259698046484351,0.7452804903369908,10.107860568807922,1.4370443158349686,-4.202043533704497,7.18950291057566,0.6344
governor-hi,GOV,HI,0,False,standard,Josh Green,D,1,Josh Green,Gary Cordery,,23.560651661222998,3.0,3.649681188688071,,0.0,2.8811784363144133e-05,0.0,0.0,0.0,0.0,,,,0.0,42.505428230162906,42.515147774603804,27.983872480137858,56.88158412383128,0.99505
governor-ia,GOV,IA,0,False,standard,Kim Reynolds,R,0,Rob Sand,Zach Lahn,,-13.445597709596235,2.0,,,0.0,4.400278326747377,0.0,0.0,0.0,0.0,16.0,8.122341760964371,0.055013247088985834,0.7523425860220722,-1.0293889589839451,5.9034734922843075,0.23258563794009,11.505508304290233,0.9085
governor-id,GOV,ID,0,False,standard,Brad Little,R,-1,Terri Pickens,Brad Little,,-37.52184118025308,-3.0,10.683178915651183,,0.0,-1.0810978908130336e-06,0.0,0.0,0.0,0.0,2.0,-11.465121065467638,0.3454179485475144,0.5768136403220376,-47.74341156063964,-26.78863779750315,-36.69218651866222,-16.97432090840838,0.0054
governor-il,GOV,IL,0,False,standard,JB Pritzker,D,1,JB Pritzker,Darren Bailey,,11.135530816543426,2.0,2.843788380954962,,0.0,0.012192338361906684,-0.0,-1.6562116190450382,0.0,0.0,1.0,21.012623148442287,0.12000000000000001,0.0177634327864466,29.633838026853702,29.568562101488837,15.18326766832883,44.09965945135658,0.9839
governor-ks,GOV,KS,0,False,standard,Laura Kelly,D,0,Cindy Holscher,Ty Masterson,,-16.411473894550323,0.0,,,0.0,0.0,0.0,0.0,0.0,0.0,5.0,-4.570193909090683,0.03614343705274073,0.6997175011632322,-8.429443318705008,-5.689107677172266,-11.670124467285396,0.2916569145721187,0.1114
governor-ma,GOV,MA,0,False,standard,Maura Healey,D,1,Maura Healey,Mike Minogue,,25.910638840838516,3.0,2.68716674221502,,0.0,1.2399675832419267e-05,0.0,0.0,0.0,0.0,10.0,19.60540132995819,0.14335968260357382,0.799355596972449,43.910346237492575,24.519718992403547,17.455007473127345,31.779707923782812,0.99895
governor-md,GOV,MD,0,False,standard,Wes Moore,D,1,Wes Moore,Dan Cox,,29.509514054361844,2.0,6.797289058340606,,0.0,7.030183915976667e-08,0.0,6.797289058340606,0.0,0.0,1.0,22.30554862257683,0.11,0.480034031169814,51.13305027841227,37.25852908442388,26.729234642951464,47.79694269707196,0.99775
governor-me,GOV,ME,0,False,standard,Janet Mills,D,0,Hannah Pingree,Robert B. Charles,,7.08861163994892,1.0,,,0.0,0.5562442787329678,0.0,0.0,0.0,0.0,11.0,11.147140350291377,0.1358555452419065,0.6864018965650992,15.63905331996859,12.544140344657448,6.413296824192185,18.71761257421384,0.9909
governor-mi,GOV,MI,0,False,standard,Gretchen Whitmer,D,0,Jocelyn Benson,John James,,-1.4424736578339323,0.0,,,0.0,0.0,-0.0,-5.146484989306387,0.0,0.0,34.0,8.147018861108634,0.08690924066701204,0.74646700156322,6.6144812783406755,7.768863868459384,2.174545437986251,13.31015463963751,0.95795
governor-mn,GOV,MN,0,False,standard,Tim Walz,D,0,Amy Klobuchar,Lisa Demuth,,4.343404352188957,2.0,,,0.0,1.867251787997781,0.0,7.4622921755249205,0.0,0.0,7.0,7.276207652371847,0.10359988051730719,0.6517496105626102,14.233257527495315,9.703262632890839,3.3683111411567292,16.030014379564765,0.9704
governor-ne,GOV,NE,0,False,standard,Jim Pillen,R,-1,Lynne Walz,Jim Pillen,,-20.840683303897794,-2.0,-2.508114974921277,,0.0,-0.48805848206487196,0.0,0.0,0.0,0.0,8.0,-11.105551512991601,0.1851138739190401,0.7012150406937184,-19.092776568504608,-13.366953058939224,-21.78147911269628,-5.200920658289543,0.0285
governor-nh,GOV,NH,0,False,standard,Kelly Ayotte,R,-1,Cinde Warmington,Kelly Ayotte,,2.821214946726764,-2.0,11.35055113147892,,0.0,-3.6793811747349996,0.0,0.0,0.0,0.0,9.0,-9.851172603967724,0.09885059605112183,0.8458933284638335,-11.112161942250717,-10.015722302538856,-16.469313053813597,-3.5653363557044426,0.0302
governor-nm,GOV,NM,0,False,standard,Michelle Lujan Grisham,D,0,Deb Haaland,Gregg Hull,,6.141812228647307,0.0,,,0.0,0.0,0.0,0.0,0.0,0.0,3.0,9.178916755517971,0.148178096020034,0.4927912752829231,14.146680386191996,11.760653446832732,4.407169060847364,19.043366208595955,0.97225
governor-nv,GOV,NV,0,False,standard,Joe Lombardo,R,-1,Aaron Ford,Joe Lombardo,,-3.1590179085170167,-1.0,-3.307901712140107,,0.0,-2.6999560878358952,0.0,0.0,0.0,0.0,12.0,1.7911390374016232,0.12939564488314845,0.7715059922026691,-2.748350314046655,0.7577455946786014,-6.766132086013423,8.198682863728978,0.5531
governor-ny,GOV,NY,0,False,standard,Kathy Hochul,D,1,Kathy Hochul,Bruce Blakeman,,12.689486117138935,2.0,-9.718659304306652,,0.0,0.36292317645364797,0.0,0.0,0.0,0.0,23.0,14.194021604300268,0.06757444215828051,0.8683223120962179,20.080800345030887,14.930850645300136,8.816829165938374,21.064327712252712,0.99675
governor-oh,GOV,OH,0,False,standard,Mike DeWine,R,0,Amy Acton,Vivek Ramaswamy,,-11.313229427274072,0.0,,,0.0,0.0,0.0,0.0,0.0,0.0,23.0,3.7403493481908177,0.06611214686540233,0.7346936145189082,-3.2787939776122883,1.9002603740027282,-3.7186414818682416,7.554267645899443,0.67065
governor-ok,GOV,OK,0,False,standard,Kevin Stitt,R,0,Cyndi Munson,Mike Mazzei,,-34.94008381234161,0.0,,,0.0,0.0,0.0,0.0,0.0,0.0,,,,0.0,-27.38922567229862,-27.315242064013773,-37.034002699726386,-17.420644148433436,0.00555
governor-or,GOV,OR,0,False,standard,Tina Kotek,D,1,Tina Kotek,Christine Drazan,,14.866116069775194,2.0,-5.546544107267179,,0.0,0.05597900342091441,-0.0,-5.546544107267179,0.0,0.0,5.0,-0.0874601398179484,0.08341418580320809,0.7741224179729439,25.706740538885597,5.742727450761707,-1.7114814548387742,13.324354051910982,0.8455
governor-pa,GOV,PA,0,False,standard,Josh Shapiro,D,1,Josh Shapiro,Stacy Garrity,,-1.7263846921271542,1.0,21.207883058742727,,0.0,0.0010676123614684486,0.0,0.0,0.0,0.0,17.0,23.362418511489324,0.11466909898903005,0.8391702671307918,33.59159985295416,25.033251002022254,18.416442210923034,31.50582602672394,0.9991
governor-ri,GOV,RI,0,False,standard,Dan McKee,D,0,Helena Foulkes,Aaron Guckian,,14.162406267890672,0.0,,,0.0,0.0,0.0,0.0,0.0,0.0,4.0,24.240463300800187,0.39308127015177813,0.4324893083994866,22.04798040563819,23.09935998152094,15.378467712183944,30.758954052798572,0.99745
governor-sc,GOV,SC,0,False,standard,Henry McMaster,R,0,Jermaine Johnson,Alan Wilson,,-18.123365227038146,-1.0,,,0.0,-1.3174083555466873,0.0,0.0,0.0,0.0,2.0,-12.470917532631177,0.10058723250429855,0.38031219850440257,-11.48265739346609,-11.926403443826587,-19.733267048985756,-3.893270865809617,0.0368
governor-sd,GOV,SD,0,False,standard,Larry Rhoden,R,-1,Dan Ahlers,Larry Rhoden,,-29.890199073853058,-2.0,,,0.0,-0.009816804389308254,0.0,2.1624132214848673,0.0,0.0,,,,0.0,-30.153612779216747,-30.033167082791053,-39.991298813417046,-20.402171095343697,0.00295
governor-tn,GOV,TN,0,False,standard,Bill Lee,R,0,Jerri Green,Marsha Blackburn,,-30.121099654993333,-2.0,,,0.0,-0.16453403931197044,0.0,6.239376092885431,0.0,0.0,4.0,-13.68941116776761,0.19979073462888902,0.42198078135806516,-22.585713605285086,-18.827503468283737,-26.60803781808206,-11.051549591586687,0.00705
governor-tx,GOV,TX,0,False,standard,Greg Abbott,R,-1,Gina Hinojosa,Greg Abbott,,-13.878067801618457,-2.0,-1.932886592561596,,0.0,-1.9642433039304135,0.0,0.0,0.0,0.0,39.0,-3.635837951336501,0.05266339599158234,0.8958677784837877,-14.031804333567791,-4.723361871064483,-10.356853333624612,0.8750515103992764,0.1405
governor-vt,GOV,VT,0,False,standard,Phil Scott,R,-1,Amanda Janoo,Phil Scott,,32.77043577168019,-3.0,86.00196335393109,,0.0,-3.1759731211969843e-06,0.0,0.0,0.0,0.0,4.0,-3.4415460193003202,0.15049915872872804,0.769028197442114,-46.08962801359314,-13.360933745932615,-21.032179079528355,-5.80321336531049,0.0207
governor-wi,GOV,WI,0,False,standard,Tony Evers,D,0,David Crowley,Tom Tiffany,,-0.8733887823450505,-1.0,,,0.0,-1.887166052518941,0.0,0.0,0.0,0.0,7.0,2.637436551346037,0.06122105316119151,0.690975388496504,5.294565895764457,3.4230700133653484,-2.616175614702046,9.473199006671322,0.77055
governor-wy,GOV,WY,0,False,standard,Mark Gordon,R,0,Kenneth Casner,Eric Barlow,,-46.95834604821483,-1.0,,,0.0,-4.276417989360034e-05,0.0,0.0,0.0,0.0,,,,0.0,-39.89541662623083,-39.92863955343179,-49.64382488738874,-30.0912404642562,0.0011
house-ak-al,HOUSE,AK,0,False,independent,Nick Begich III,R,-1,Eric Hafner,Nick Begich III,Bill Hill,-13.69312508474994,0.0,-12.770549517046897,,0.0,0.0,0.0,0.0,0.0,0.0,10.0,-11.648393261457425,0.06093133985565006,0.546266601306992,-1.0166801997568622,-6.837262092823408,-12.920591076608508,-0.6908519267195083,0.0774
house-al-1,HOUSE,AL,1,False,standard,None (new seat),,0,Clyde Jones Jr.,Jerry Carl,,-36.345566221179666,-2.0,,-2.431121173534253,-0.01264964414508681,-0.0,0.0,0.0,0.1735,0.001955974927661726,,,,0.0,-28.853842664863645,-28.709065139716653,-36.89222812263079,-20.53516050345101,0.0018
house-al-2,HOUSE,AL,2,False,standard,Shomari Figures,D,1,Shomari Figures,Rhett Marques,,-14.464028814208385,1.0,1.1475379080899204,0.2395606374046885,0.3804169499459427,0.0,0.0,0.0,0.011,0.03784680184497702,3.0,-3.728562230312182,0.0649090290969521,0.40037519154383455,-2.4298718146014417,-2.895635401543071,-8.861176284985826,3.0819728825163177,0.26275
house-al-3,HOUSE,AL,3,False,standard,Mike Rogers,R,-1,Lee McInnis,Mike Rogers,,-47.07264752025102,-2.0,,-3.902197354795428,-2.005352882030877e-05,-0.0,0.0,0.0,-0.3685,-5.337023878538287e-06,,,,0.0,-42.31514864584588,-42.26859573533194,-49.59309418056151,-35.024472902961456,0.00025
house-al-4,HOUSE,AL,4,False,standard,Robert Aderholt,R,-1,Amanda Pusczek,Robert Aderholt,,-66.92238927771601,-2.0,,-4.105521583157128,-3.975666234396032e-12,-0.0,0.0,0.0,-0.1915,-5.498567272516068e-13,,,,0.0,-63.34844764890119,-63.3343017257087,-70.53595876278298,-56.073760581002155,0.0
house-al-5,HOUSE,AL,5,False,standard,Dale Strong,R,-1,Andrew Sneed,Dale Strong,,-29.494479149858233,-2.0,,-1.1794377138850516,-0.03537629776523241,-0.0,0.0,0.0,-0.2285,-0.01484963149169805,,,,0.0,-24.126738494574614,-24.1469975065258,-31.392084138268217,-16.80893731276234,0.00135
house-al-6,HOUSE,AL,6,False,standard,Gary Palmer,R,-1,Maurice Mercer,Gary Palmer,,-34.997225548319264,-1.0,1.069753467649206,-3.728361892596589,-0.016030651013749012,-0.0,0.0,0.0,0.1385,0.0016035103972363944,,,,0.0,-28.791064622439073,-28.772317299281315,-36.00961051730943,-21.543064294751627,0.00085
house-al-7,HOUSE,AL,7,False,standard,Terri Sewell,D,1,Terri Sewell,Ammie Akin,,17.94825384375597,2.0,3.2814848729842767,3.477072922003848,0.019107526353692922,0.0,0.0,0.0,0.396,0.005464752537156176,,,,0.0,28.358498652279177,28.437773431402665,21.150440635691247,35.72148986891656,0.99905
house-ar-1,HOUSE,AR,1,False,standard,Rick Crawford,R,-1,Terri Green,Rick Crawford,,-46.175871865422906,-2.0,,-3.077293238149337,-3.46120718499376e-05,-0.0,0.0,0.0,-0.1815,-4.5370657516626535e-06,,,,0.0,-41.3760567618439,-41.45686324514152,-48.77651089393158,-34.15926793125515,0.0001
house-ar-2,HOUSE,AR,2,False,standard,French Hill,R,-1,Chris Jones,French Hill,,-15.914419225205982,-2.0,,-1.6006980168392992,-1.335720257521728,-0.0,0.0,0.0,-0.2915,-0.5270317347629511,2.0,1.108129281010212,0.08009456531440119,0.39317570513949074,-11.900971999038118,-6.827310147707342,-12.885692965843258,-0.703181772214077,0.07855
house-ar-3,HOUSE,AR,3,False,standard,Steve Womack,R,-1,Robb Ryerse,Steve Womack,,-25.590736769421778,-2.0,7.803256216161354,-3.2514994389466443,-0.13626331592637936,-0.0,0.0,0.0,-0.2845,-0.02799832633076189,,,,0.0,-22.96606852032696,-22.978844771302395,-30.307398084510144,-15.633822554572435,0.00235
house-ar-4,HOUSE,AR,4,False,standard,Bruce Westerman,R,-1,James Russell,Bruce Westerman,,-40.66097964677422,-2.0,5.038389015066705,-5.377559988629998,-0.0004082165357084859,-0.0,0.0,0.0,-0.2455,-7.237905965075738e-05,,,,0.0,-36.83309004643291,-36.8472824066872,-44.18766098478762,-29.701203348574325,0.00045
house-az-1,HOUSE,AZ,1,False,standard,David Schweikert,,0,Amish Shah,Jay Feely,,-3.136835928138348,1.0,,-0.2158783661301358,-0.2732786082592464,0.0,0.0,0.0,-0.124,-0.3401028739862612,,,,0.0,5.770540752554039,5.788977002346867,-2.4808688241479846,14.106697443306489,0.82325
house-az-2,HOUSE,AZ,2,False,standard,Eli Crane,R,-1,Jonathan Nez,Eli Crane,,-15.120247407676915,-2.0,-6.280610068917462,-1.0425379600417812,-1.5519386957108832,-0.0,0.0,0.0,0.1675000000000002,0.5402435593768085,3.0,-5.432025791698468,0.08009948698045151,0.3828707326019152,-5.1849866572843935,-5.285692229093111,-11.252916706153666,0.8772484999237695,0.13185
house-az-3,HOUSE,AZ,3,False,same_party,Yassamin Ansari,D,1,Yassamin Ansari,,D,40.30739381027563,0.0,5.305098033369839,,,,,0.0,0.431,,,,,,,,,,1.0
house-az-4,HOUSE,AZ,4,False,standard,Greg Stanton,D,1,Greg Stanton,Zuhdi Jasser,,6.762673080066313,2.0,0.7821639108612466,1.6958555434852682,0.41183522684826335,0.0,0.0,0.0,0.0755000000000001,0.03972589496241708,,,,0.0,17.140248485933327,17.188336484827467,9.920792296182178,24.456439049320508,0.9927
house-az-5,HOUSE,AZ,5,False,standard,Andy Biggs,,0,Elizabeth Lee,Mark Lamb,,-20.192893032045866,-1.0,,-1.946264841600863,-1.158696327217226,-0.0,0.0,0.0,0.0,0.0,,,,0.0,-13.381097475408149,-13.327410936719978,-21.61935762737121,-5.145344846776343,0.0282
house-az-6,HOUSE,AZ,6,False,standard,Juan Ciscomani,R,-1,JoAnna Mendoza,Juan Ciscomani,,-0.7577863175811479,0.0,1.6926229756400386,0.0835124495755585,0.09868855878421345,0.0,0.0,0.0,-0.0854999999999999,-0.21891413325428438,3.0,-3.0481603042159637,0.08010862580964025,0.2937350242675057,6.99750935997814,4.077280423863819,-2.191803779239699,10.56711250220058,0.8059
house-az-7,HOUSE,AZ,7,False,standard,Adelita Grijalva,D,1,Adelita Grijalva,Daniel Butierez,,22.388102593577123,2.0,,2.5027491242181448,0.0028830206902995892,0.0,0.0,0.0,0.4515,0.0011268868153801216,,,,0.0,32.393119753996295,32.48147646386123,25.228633381247988,39.700625633556946,0.99955
house-az-8,HOUSE,AZ,8,False,standard,Abraham Hamadeh,R,-1,Bernadette Greene-Placentia,Abraham Hamadeh,,-16.479945618728582,-2.0,-3.602494534275597,-1.8431457459795928,-1.7514539338750441,-0.0,0.0,0.0,0.2655000000000002,0.5466327758720689,,,,0.0,-10.263202105721568,-10.24108653201807,-17.478286826644748,-2.838127065224974,0.0443
house-az-9,HOUSE,AZ,9,False,standard,Paul Gosar,R,-1,Dani Sterbinsky,Paul Gosar,,-31.342610456055603,-2.0,-0.8711098394813428,-0.6194512817681341,-0.01945383243112511,-0.0,0.0,0.0,0.2555,0.017385253239917246,,,,0.0,-23.94074150289939,-23.997496006799853,-31.331983140997732,-16.72326855976912,0.00155
house-ca-1,HOUSE,CA,1,False,standard,James Gallagher,R,-1,Mike McGuire,James Gallagher,,12.629463408737175,0.0,,-0.3709752082628805,-0.05866789136456288,0.0,0.0,0.0,0.0,0.0,,,,0.0,18.38793744713358,18.43095355139523,11.175255645315996,25.562144028602916,0.99495
house-ca-2,HOUSE,CA,2,False,standard,Jared Huffman,D,1,Jared Huffman,Robin Littau,,25.44160337217163,0.0,-2.8993666984930675,,0.0,0.0,0.0,0.0,-0.1869999999999999,-0.0005088139051056497,,,,0.0,32.19610892884355,32.27945444996777,24.99272181279097,39.45777482530405,0.99955
house-ca-3,HOUSE,CA,3,False,standard,Ami Bera,D,1,Ami Bera,Robb Tucker,,10.524576177817453,0.0,1.0762642409394418,2.4227575970708752,0.24219179741470345,0.0,0.0,0.0,0.01,0.00216591579377544,,,,0.0,20.401948652102373,20.380709578583527,13.096690559590686,27.695641959349807,0.9967
house-ca-4,HOUSE,CA,4,False,same_party,Mike Thompson,D,1,Eric Jones; Mike Thompson,,D,14.94839647088782,0.0,0.8037552636300811,,,,,0.0,0.0,,,,,,,,,,1.0
house-ca-5,HOUSE,CA,5,False,standard,Tom McClintock,R,-1,Michael Masuda,Tom McClintock,,-21.235866123925824,0.0,5.252533776953697,-1.116225321104394,-0.25635537916640544,0.0,0.0,0.0,0.0055,0.0027368144620751635,,,,0.0,-17.1814343549442,-17.162796859984518,-24.41755850263436,-9.829213903823996,0.0069
house-ca-6,HOUSE,CA,6,False,independent,Kevin Kiley,,0,Richard Pan,,Kevin Kiley,8.682513359130274,0.0,,,0.0,0.0,0.0,0.0,0.0,0.0,1.0,2.3391210388192105,0.26,0.37345420915225064,17.188525381120108,11.658687185142714,4.123827606589415,19.393126471085044,0.9673
house-ca-7,HOUSE,CA,7,False,same_party,Doris Matsui,D,1,Doris Matsui; Mai Vang,,D,13.242240467285542,0.0,2.7128337879861144,,,,,0.0,0.0,,,,,,,,,,1.0
house-ca-8,HOUSE,CA,8,False,standard,John Garamendi,D,1,John Garamendi,Rudy Recile,,35.16151506846601,0.0,3.08075322027645,3.0503884841823927,4.280645454749536e-06,0.0,0.0,0.0,0.5535000000000001,1.7111880205361276e-06,,,,0.0,44.8659067204281,44.90870160990105,37.573042998274985,52.07954166743928,0.9999
house-ca-9,HOUSE,CA,9,False,standard,Josh Harder,D,1,Josh Harder,John McBride,,11.79306950489872,0.0,5.563804813366509,4.670436788171247,0.09939922729237718,0.0,0.0,0.0,0.0845,0.006066113954482019,,,,0.0,23.88248052494551,23.938452344917852,16.63072391987272,31.14590852233765,0.99855
house-ca-10,HOUSE,CA,10,False,standard,Mark DeSaulnier,D,1,Mark DeSaulnier,Jeff Frese,,34.70519851744464,0.0,-1.9187440809793437,,0.0,0.0,0.0,0.0,-0.0499999999999999,-1.0502139197946068e-06,,,,0.0,41.677794055673914,41.731894774306625,34.49260741994067,48.989223894234144,0.9998
house-ca-11,HOUSE,CA,11,False,same_party,Nancy Pelosi,,0,Connie Chan; Scott Wiener,,D,70.62364833844883,0.0,,,,,,0.0,0.0,,,,,,,,,,1.0
house-ca-12,HOUSE,CA,12,False,same_party,Lateefah Simon,D,1,Jamie Joyce; Lateefah Simon,,D,77.64166603414307,0.0,,,,,,0.0,-0.134,,,,,,,,,,1.0
house-ca-13,HOUSE,CA,13,False,standard,Adam Gray,D,1,Adam Gray,Kevin Lincoln,,0.38467032128098666,0.0,5.756796081624154,0.8043669081225392,0.241419935635654,0.0,0.0,0.0,-0.0225,-0.014631658442673254,,,,0.0,15.97521184729303,15.963771878368282,8.648071599724828,23.249915307598936,0.9913
house-ca-14,HOUSE,CA,14,False,same_party,Aisha Wahab,D,1,Melissa Hernandez; Aisha Wahab,,D,36.20284739037839,0.0,,,,,,0.0,-0.244,,,,,,,,,,1.0
house-ca-15,HOUSE,CA,15,False,standard,Kevin Mullin,D,1,Kevin Mullin,Charles Hoelter,,49.63592027213561,0.0,-3.3193008313935186,3.630480023472267,3.385371211662594e-09,0.0,0.0,0.0,-0.008,-1.9559922556272766e-11,,,,0.0,55.149378994567726,55.13319919978247,48.080295516953356,62.29666447762608,0.9999
house-ca-16,HOUSE,CA,16,False,standard,Sam Liccardo,D,1,Sam Liccardo,Peter Soulé,,49.88409390678165,0.0,,4.988528402051517,1.9305067948424992e-10,0.0,0.0,0.0,0.155,2.1610951064486865e-11,,,,0.0,58.769961048380424,58.762967656782315,51.58322777055806,66.03426321385282,1.0
house-ca-17,HOUSE,CA,17,False,standard,Ro Khanna,D,1,Ro Khanna,Ritesh Tandon,,40.74153179236477,0.0,-4.232284072178678,5.981583956134133,1.8549196718008613e-06,0.0,0.0,0.0,-1.6015,-2.1454722281698908e-06,,,,0.0,46.18842721882855,46.24046796027135,38.991349825239425,53.556905532206784,0.99985
house-ca-18,HOUSE,CA,18,False,standard,Zoe Lofgren,D,1,Zoe Lofgren,Shane Lewis,,29.36942888310379,0.0,-1.068018686251352,2.7497850186687383,0.0003425325174423779,0.0,0.0,0.0,-0.14,-3.77853285203935e-05,,,,0.0,37.00520051259897,37.06564044075675,29.649863365761,44.313348237065746,0.99955
house-ca-19,HOUSE,CA,19,False,standard,Jimmy Panetta,D,1,Jimmy Panetta,Peter Coe Verbica,,35.65620730686175,0.0,3.030690413099209,4.191912414695078,3.2344698128624374e-06,0.0,0.0,0.0,0.492,1.1493149401704528e-06,,,,0.0,45.31339570212209,45.38869849160217,38.191704428751805,52.46560864598561,0.9998
house-ca-20,HOUSE,CA,20,False,standard,Vince Fong,R,-1,Sandra Van Scotter,Vince Fong,,-32.974775522914825,0.0,,-4.1835615831780615,-0.024833303077091477,0.0,0.0,0.0,-0.2704999999999999,-0.0048514616816995645,,,,0.0,-27.689556545947703,-27.66912100245208,-34.88251639185035,-20.42884888214249,0.0009
house-ca-21,HOUSE,CA,21,False,standard,Jim Costa,D,1,Jim Costa,Kyle Kirkland,,6.132521905498509,0.0,1.3700734439778768,1.4853933604826512,0.37946589648685586,0.0,0.0,0.0,0.679,0.3758314752846685,,,,0.0,17.224019596832868,17.269054308477514,10.049111699644728,24.615206883931663,0.9932
house-ca-22,HOUSE,CA,22,False,standard,David Valadao,R,-1,Randy Villegas,David Valadao,,-1.904550659129194,0.0,0.7632872083505973,-0.6509405274397485,-0.8161405188986491,0.0,0.0,0.0,-0.1845000000000001,-0.5012011983843383,1.0,0.8355503211801503,0.08,0.3262207348405405,5.174043071459404,3.7668525122296908,-2.5306006636945546,10.042593071248715,0.78145
house-ca-23,HOUSE,CA,23,False,standard,Jay Obernolte,R,-1,Tessa Lynn Hodge,Jay Obernolte,,-19.916752765341304,0.0,2.791437038838988,-3.241198290602025,-1.2395808163225228,0.0,0.0,0.0,-0.3105,-0.27797599806032575,,,,0.0,-15.72949281127919,-15.71203326776123,-22.912121105886687,-8.475278460041288,0.01045
house-ca-24,HOUSE,CA,24,False,standard,Salud Carbajal,D,1,Salud Carbajal,Bob Smith,,25.739617194559514,0.0,-0.3084910688449218,2.9525586745494854,0.0016882328248812993,0.0,0.0,0.0,-0.0509999999999999,-6.318239456421567e-05,,,,0.0,33.91206004198554,33.96570930135847,26.759544726886215,41.1888515704154,0.99905
house-ca-25,HOUSE,CA,25,False,standard,Raul Ruiz,D,1,Raul Ruiz,Joe Males,,5.945627014024418,0.0,10.070900393897332,1.4155785256537825,0.10823856089957186,0.0,0.0,0.0,0.033,0.0054670630869771905,,,,0.0,21.206926204275746,21.241301737709364,13.968974926900636,28.55821759632075,0.9966
house-ca-26,HOUSE,CA,26,False,standard,Julia Brownley,,0,Jacqui Irwin,Sam Gallucci,,15.718925391005014,0.0,,0.7479961898449257,0.02583237054226957,0.0,0.0,0.0,0.0,0.0,,,,0.0,23.676986997508497,23.66255534251691,15.408824034215263,31.82210587595572,0.99595
house-ca-27,HOUSE,CA,27,False,standard,George T. Whitesides,,0,George Whitesides,Jason Gibbs,,10.031526860467544,0.0,,2.423998442454749,0.3895800972423111,0.0,0.0,0.0,-0.14,-0.0487511161010329,,,,0.0,18.72433555165783,18.75863525241308,10.444214356461007,27.071537078359984,0.9908
house-ca-28,HOUSE,CA,28,False,standard,Judy Chu,D,1,Judy Chu,April Verlato,,26.1481226056064,0.0,2.163367124713017,4.935587316381753,0.0007345463346525089,0.0,0.0,0.0,-0.7244999999999999,-0.0003843513696069253,,,,0.0,35.66612585028898,35.72915305381018,28.55316645487007,42.93746071031328,1.0
house-ca-29,HOUSE,CA,29,False,same_party,Luz Rivas,D,1,Angelica Dueñas; Luz Rivas,,D,34.707532916037124,0.0,3.727003733491729,,,,,0.0,-0.3029999999999999,,,,,,,,,,1.0
house-ca-30,HOUSE,CA,30,False,standard,Laura Friedman,D,1,Laura Friedman,Scott Meyers,,41.437251814842114,0.0,-5.567047676241173,2.6770151994822355,4.802485740948843e-07,0.0,0.0,0.0,-0.122,-4.742061473675376e-08,,,,0.0,48.07862340166053,48.129899506730226,40.951993710809354,55.35446698673197,0.99985
house-ca-31,HOUSE,CA,31,False,standard,Gil Cisneros,D,1,Gil Cisneros,Eric Ching,,12.60519627223948,0.0,2.138382595491401,1.593293315234828,0.04003522208311044,0.0,0.0,0.0,-0.7074999999999999,-0.0385181175356003,,,,0.0,24.601788113462295,24.63262253741287,17.349367344811373,31.774366504417312,0.9987
house-ca-32,HOUSE,CA,32,False,standard,Brad Sherman,D,1,Brad Sherman,Larry Thompson,,25.747546353027406,0.0,0.2922952117154489,4.698073235406674,0.001461674962619172,0.0,0.0,0.0,-0.2525,-0.000266552670266524,,,,0.0,34.24974665585835,34.28950828520945,27.034325052706713,41.54189300568074,0.9996
house-ca-33,HOUSE,CA,33,False,standard,Pete Aguilar,D,1,Pete Aguilar,Stephanie Vargas,,10.074713405340932,0.0,8.79098950956989,,0.0,0.0,0.0,0.0,0.235,0.015682039836909047,,,,0.0,24.01284116477638,24.06672517435325,16.804081447977023,31.47364903353429,0.99795
house-ca-34,HOUSE,CA,34,False,same_party,Jimmy Gomez,D,1,Jimmy Gomez; Angela Gonzales-Torres,,D,53.04146587963031,0.0,,,,,,0.0,0.0,,,,,,,,,,1.0
house-ca-35,HOUSE,CA,35,False,standard,Norma Torres,D,1,Norma Torres,Mike Cargile,,8.045128888677315,0.0,6.330823280804872,3.609995347246432,0.24603627467960992,0.0,0.0,0.0,0.6525,0.11594459444276617,,,,0.0,21.214660850980067,21.283643627641077,13.961229241482183,28.50316634000715,0.9971
house-ca-36,HOUSE,CA,36,False,standard,Ted Lieu,D,1,Ted Lieu,Houston Brignano,,40.42823555904659,0.0,-2.874067918935096,4.496240124520736,1.389907214287561e-06,0.0,0.0,0.0,0.207,2.077911285359904e-07,,,,0.0,46.63614497632636,46.60440391637316,39.50880088034892,53.8592607472278,0.99985
house-ca-37,HOUSE,CA,37,False,same_party,Sydney Kamlager-Dove,D,1,Sydney Kamlager-Dove; Samantha Mota,,D,62.30874203046086,0.0,,,,,,0.0,0.0,,,,,,,,,,1.0
house-ca-38,HOUSE,CA,38,False,standard,None (new seat),,0,Hilda Solis,Pedro Casas,,12.742118430048967,0.0,,,0.0,0.0,0.0,0.0,0.0,0.0,,,,0.0,20.85088635120544,20.884187378380087,12.638172521908103,29.20318058584856,0.9941
house-ca-39,HOUSE,CA,39,False,standard,Mark Takano,D,1,Mark Takano,Steve Manos,,9.780058137498687,0.0,3.490835779056403,,0.0,0.0,0.0,0.0,-0.13,-0.023325615265737044,,,,0.0,20.795778715093103,20.860931197338708,13.59993479748013,28.11788012899137,0.99695
house-ca-40,HOUSE,CA,40,False,same_party,Young Kim,R,-1,,Ken Calvert; Young Kim,R,-12.603878865212948,0.0,8.018197579654693,,,,,0.0,0.1114999999999999,,,,,,,,,,0.0
house-ca-41,HOUSE,CA,41,False,standard,Linda Sánchez,D,1,Linda Sánchez,Mitch Clemmons,,14.644434716860998,0.0,3.1850697720503165,4.411924565984419,0.06292756803875665,0.0,0.0,0.0,0.1099999999999999,0.004999245683078996,,,,0.0,25.191172810352036,25.28985938482326,18.083718691375587,32.559703001882305,0.9983
house-ca-42,HOUSE,CA,42,False,standard,Robert Garcia,D,1,Robert Garcia,Brian Burley,,13.56070313007434,0.0,2.727948986440624,2.469245206024792,0.07978057130866677,0.0,0.0,0.0,0.3955000000000001,0.027686720243003133,,,,0.0,23.960562439328722,23.961776072245943,16.68985224559711,31.168786940132406,0.99815
house-ca-43,HOUSE,CA,43,False,standard,Maxine Waters,D,1,Maxine Waters,Cristian Morales,,50.587898039106896,0.0,-0.3495257582380011,,0.0,0.0,0.0,0.0,-0.002,-6.71217184306788e-13,,,,0.0,57.6837631211453,57.72911471044038,50.577115412856315,64.95062540961014,0.99975
house-ca-44,HOUSE,CA,44,False,standard,Nanette Barragán,D,1,Nanette Barragán,Genevieve Angel,,36.31627653527624,0.0,7.951769490274075,4.177481670150154,3.657953543912975e-07,0.0,0.0,0.0,0.132,3.487249045197036e-08,,,,0.0,48.653449355021735,48.69308384959142,41.43491126982,55.89129545232423,0.99995
house-ca-45,HOUSE,CA,45,False,standard,Derek Tran,D,1,Derek Tran,Chuong Vo,,4.054985173885471,0.0,-1.318767740662521,2.4415500370827883,0.83205920738209,0.0,0.0,0.0,-0.1719999999999999,-0.12700158775155906,,,,0.0,15.861578133736879,15.859807032644694,8.667744824358614,22.99648562631139,0.9909
house-ca-46,HOUSE,CA,46,False,standard,Lou Correa,D,1,Lou Correa,David Pan,,16.687679706845415,0.0,,3.366145791445452,0.03340264437237349,0.0,0.0,0.0,0.5785000000000001,0.01395581038902416,,,,0.0,26.924482295684818,26.92184445018006,19.550188576636714,34.21937910865009,0.99925
house-ca-47,HOUSE,CA,47,False,standard,Dave Min,D,1,Dave Min,Jenny Le Roux,,10.467836596792077,0.0,-1.2467872526652797,2.275777362991438,0.19011669130671416,0.0,0.0,0.0,-0.138,-0.024978230131433736,,,,0.0,20.954017967057514,20.966442821886375,13.722920090199976,28.235606402897094,0.99695
house-ca-48,HOUSE,CA,48,False,standard,Darrell Issa,,0,Marni von Wilpert,Jim Desmond,,3.483522109969155,0.0,,-0.0374571116730566,-0.020590359209347674,0.0,0.0,0.0,0.0,0.0,1.0,2.959273026260083,0.13,0.39103863289942525,12.662946528033473,8.956598448336223,2.038017072177444,15.645027429123092,0.9492
house-ca-49,HOUSE,CA,49,False,standard,Mike Levin,D,1,Mike Levin,Armen Kurdian,,12.472724656910152,0.0,-3.5536342683158777,3.8143991580810206,0.37054806355854447,0.0,0.0,0.0,-0.1669999999999999,-0.04469221366586664,,,,0.0,19.71311095704049,19.718010994086416,12.461716469049144,27.042386022712577,0.9959
house-ca-50,HOUSE,CA,50,False,standard,Scott Peters,D,1,Scott Peters,Steve Cohen,,18.835035308251694,0.0,-1.968226872948484,,0.0,0.0,0.0,0.0,0.056,0.001670223337810639,,,,0.0,26.304339951600298,26.343320352112904,19.085863020389223,33.591534702721425,0.9982
house-ca-51,HOUSE,CA,51,False,standard,Sara Jacobs,D,1,Sara Jacobs,Ricardo Cabrera,,18.80325794580321,0.0,-2.7329987170896137,4.303418797913867,0.04863045582578892,0.0,0.0,0.0,-0.0889999999999999,-0.0031258576328020956,,,,0.0,25.896834086676584,25.93512146538739,18.719801715884394,33.08119925833715,0.99855
house-ca-52,HOUSE,CA,52,False,standard,Juan Vargas,D,1,Juan Vargas,Jeff Belle,,18.041442893620868,0.0,10.976531094670182,2.846774211985893,0.0029068142415768204,0.0,0.0,0.0,0.52,0.0011504286846451104,,,,0.0,32.66010737994846,32.68901768102543,25.513375268129288,39.9981778610935,0.9993
house-co-1,HOUSE,CO,1,False,standard,Diana DeGette,,0,Melat Kiros,Christy Peterson,,57.612736564272474,0.0,,3.71973976808556,2.766927880012784e-12,0.0,0.0,0.0,0.0,0.0,,,,0.0,63.75907227140211,63.77880253638057,55.74399910768373,72.00858719294607,0.99995
house-co-2,HOUSE,CO,2,False,standard,Joe Neguse,D,1,Joe Neguse,Kelley Dennison,,40.91811325700261,2.0,-0.2738921648753267,,0.0,0.0,0.0,0.0,0.02,5.726551816110691e-09,,,,0.0,48.534196851722186,48.5237507265994,41.304092364191185,55.67077046445863,0.99975
house-co-3,HOUSE,CO,3,False,standard,Jeff Hurd,R,-1,Dwayne Romero,Jeff Hurd,,-9.976649536268868,-2.0,-4.944663168340056,-1.5878601171287483,-2.6418341651503403,-0.0,0.0,0.0,-0.0785,-0.28297956228988186,1.0,-4.740440744295207,0.09,0.304009221592544,-4.107141364787539,-4.300300965507047,-10.51223554342712,2.041175123763516,0.18765
house-co-4,HOUSE,CO,4,False,standard,Lauren Boebert,R,-1,Eileen Laubacher,Lauren Boebert,,-18.71337622079264,-2.0,-6.709335647869062,1.9490786631845332,2.1608245890438234,-0.0,0.0,0.0,0.4075,0.9788358363601434,,,,0.0,-4.596949724232751,-4.504838831691861,-11.89735094161141,2.723440140087195,0.20675
house-co-5,HOUSE,CO,5,False,standard,Jeff Crank,R,-1,Jessica Killin,Jeff Crank,,-9.337043356329268,-2.0,4.980302160664235,0.275477867330993,0.3629050108562369,-0.0,0.0,0.0,0.1394999999999999,0.39817369211554415,2.0,-4.42137866365765,0.11000015402565815,0.2820799223780102,-5.15627157468016,-4.924623857328548,-11.348780788169906,1.4936951014527593,0.16005
house-co-6,HOUSE,CO,6,False,standard,Jason Crow,D,1,Jason Crow,Jason Clark,,20.360281044369106,0.0,0.8208666217469522,,0.0,0.0,0.0,0.0,-0.1839999999999999,-0.0017155673701432486,,,,0.0,29.311648011042934,29.327333194038715,22.034753551184167,36.59892207557881,0.9992
house-co-7,HOUSE,CO,7,False,standard,Brittany Pettersen,D,1,Brittany Pettersen,Tim Bennett,,15.41488104034284,2.0,-0.5899832308996702,3.366112632166681,0.09939107091579762,0.0,0.0,0.0,0.075,0.005383683007939038,,,,0.0,23.882038425365486,23.875785693370446,16.578680631095843,31.167253039406763,0.9977
house-co-8,HOUSE,CO,8,False,standard,Gabe Evans,R,-1,Manny Rutinel,Gabe Evans,,-1.8800480977231158,-1.0,-1.2486186750236898,-0.246864482379053,-0.3319400788929882,-0.0,0.0,0.0,0.2504999999999999,0.7297950522608526,1.0,3.804390990055359,0.06,0.32451924827967626,6.060518261946251,5.350338975720096,-1.0025206709600527,11.530752449444073,0.8626
house-ct-1,HOUSE,CT,1,False,standard,John B. Larson,,0,Luke Bronin,Amy Chai,,23.26879227281734,2.0,,4.710546800792924,0.006525578485692984,0.0,0.0,0.0,0.0,0.0,,,,0.0,30.95031611417211,30.897563047620533,22.64851415611545,39.18133603674913,0.99845
house-ct-2,HOUSE,CT,2,False,standard,Joe Courtney,D,1,Joe Courtney,George Austin,,7.856473409463372,2.0,8.29878931008028,1.3374057506150538,0.08358575529607933,0.0,0.0,0.0,-0.0929999999999999,-0.012593432983531236,,,,0.0,21.841676903724576,21.712811615493315,14.601007407687439,29.105626918262118,0.99735
house-ct-3,HOUSE,CT,3,False,standard,Rosa DeLauro,D,1,Rosa DeLauro,Chris Lancia,,14.332117484384685,2.0,5.431502702137432,3.9347843674206193,0.04503941903623194,0.0,0.0,0.0,-0.0269999999999999,-0.0008782686712065195,,,,0.0,26.10826964781183,26.075491695085027,18.780646195644323,33.39780785852154,0.99885
house-ct-4,HOUSE,CT,4,False,standard,Jim Himes,D,1,Jim Himes,Michael Goldstein,,23.729413954381982,2.0,0.4989811530060501,3.922617215725456,0.0034309176805322884,0.0,0.0,0.0,0.088,0.00021805387925160765,,,,0.0,32.40883431290681,32.36659093360413,25.01885314633427,39.738486595653626,0.9995
house-ct-5,HOUSE,CT,5,False,standard,Jahana Hayes,D,1,Jahana Hayes,Chris Shea,,5.675230760185784,2.0,-1.2666356398500511,1.7837426521934596,0.6785525626119016,0.0,0.0,0.0,-0.1699999999999999,-0.14011748102865337,,,,0.0,15.163185653115958,15.16550499122779,7.886861574324428,22.41296171414003,0.9906
house-de-al,HOUSE,DE,0,False,standard,Sarah McBride,D,1,Sarah McBride,Joseph Arminio,,14.958471282996337,0.0,0.8909582243564254,5.164260075857007,0.044158753101251495,0.0,0.0,0.0,-0.0749999999999999,-0.0023919324596511195,,,,0.0,26.160367628140666,26.193057629484763,18.84811779128913,33.49959273108774,0.9986
house-fl-1,HOUSE,FL,1,False,standard,Jimmy Patronis,R,-1,Gay Valimont,Jimmy Patronis,,-37.5886728785613,-2.0,,-2.185732539719852,-0.0024708077658506665,-0.0,0.0,0.0,-0.1995,-0.0004886264158037554,,,,0.0,-32.43395566382096,-32.423198598261536,-39.731173491462144,-25.06420733384285,0.0005
house-fl-2,HOUSE,FL,2,False,standard,Neal Dunn,,0,Amanda Green,Austin Rogers,,-18.176177438099554,-3.0,,-1.0205239563158912,-0.8411986655322462,-0.0,0.0,0.0,0.0,0.0,,,,0.0,-10.96707564461822,-10.896219884390753,-19.318613019752174,-2.722917039903289,0.05235
house-fl-3,HOUSE,FL,3,False,standard,Kat Cammack,R,-1,Seth Harp,Kat Cammack,,-21.31654394584286,-2.0,1.7742408273770414,-3.823290069006792,-1.0350498190025446,-0.0,0.0,0.0,0.0584999999999999,0.04373085485285743,,,,0.0,-16.089190973145655,-16.145824378983704,-23.338990359769294,-8.825831585918095,0.0091
house-fl-4,HOUSE,FL,4,False,standard,Aaron Bean,R,-1,LaShonda Holloway,Aaron Bean,,-11.962520792109427,-2.0,2.4555568492913187,-3.8014478951635087,-4.078263237500044,-0.0,0.0,0.0,-0.3275,-0.9646225407586911,,,,0.0,-10.564644559503199,-10.651312365881614,-18.012286333786616,-3.2752352018345823,0.0384
house-fl-5,HOUSE,FL,5,False,standard,John Rutherford,R,-1,Rachel Grage,John Rutherford,,-21.67839300824128,-2.0,4.3421433214138885,-1.1526586392471585,-0.2675367724778679,-0.0,0.0,0.0,-0.5365,-0.2698016504501276,,,,0.0,-17.420119541638883,-17.365838255684913,-24.666706331374428,-10.135264591960318,0.00685
house-fl-6,HOUSE,FL,6,False,standard,Randy Fine,R,-1,Eric Yonce,Randy Fine,,-30.308187147843146,-2.0,,-1.8230312456254896,-0.04113509578689151,-0.0,0.0,0.0,-0.2135,-0.010437785842533655,,,,0.0,-24.96476371560781,-24.929911520843305,-32.13250672717166,-17.570841818562457,0.0021
house-fl-7,HOUSE,FL,7,False,standard,Cory Mills,,0,Bale Dalton,Ryan Elijah,,-12.617439168584001,0.0,,1.3037635090255264,1.9425319045225304,0.0,0.0,0.0,0.0,0.0,,,,0.0,-2.2153712073112533,-2.1865788203937484,-10.499367216220703,6.070844690189377,0.36345
house-fl-8,HOUSE,FL,8,False,standard,Mike Haridopolos,R,-1,Jennifer Jenkins,Mike Haridopolos,,-16.395271547785974,-1.0,1.8009870102269927,-1.0785981029654792,-0.6732476044566117,-0.0,0.0,0.0,-0.3255,-0.4402083331479971,2.0,-7.008961761041463,0.11519031386166517,0.33184324639105295,-13.053896395909137,-11.022466227909582,-17.313587592493192,-4.768563628244698,0.0183
house-fl-9,HOUSE,FL,9,False,standard,Darren Soto,D,1,Darren Soto,Dan Green,,-17.93494817151253,2.0,9.409546794910533,0.5496941359508347,0.8282879581327008,0.0,0.0,0.0,0.426,1.3907912334448873,1.0,-5.513380590906316,0.18,0.21085482063863564,-1.7390100028804398,-2.6091599504896186,-9.098835107867977,4.0373448974933215,0.30425
house-fl-10,HOUSE,FL,10,False,same_party,Maxwell Frost,D,1,Maxwell Frost,,D,24.292988534582708,0.0,1.8509874742375356,,,,,0.0,-0.2669999999999999,,,,,,,,,,1.0
house-fl-11,HOUSE,FL,11,False,standard,Daniel Webster,,0,James Pericola,Joe Strada,,-15.8391286849105,0.0,,-3.595440355275024,-3.35402805282916,0.0,0.0,0.0,0.0,0.0,1.0,-5.555580590906315,0.16,0.31989082487411374,-11.011909214118793,-9.243855758510843,-16.281736859536426,-2.2809226893633476,0.05195
house-fl-12,HOUSE,FL,12,False,standard,Gus Bilirakis,R,-1,Kimberly Overman,Gus Bilirakis,,-15.553760972030888,-1.0,7.094759437067757,-2.1645814901669307,-1.3389222915920618,-0.0,0.0,0.0,-0.2754999999999999,-0.3692284327725599,,,,0.0,-13.703084447308553,-13.641211773597714,-20.962200983899244,-6.317818015595641,0.0167
house-fl-13,HOUSE,FL,13,False,standard,Anna Paulina Luna,R,-1,Leela Gray,Anna Paulina Luna,,-13.453080359687094,-2.0,-2.44010282848756,-1.0811664212748688,-1.580467756531092,-0.0,0.0,0.0,0.3545,1.1227974886889633,5.0,-5.116399213458296,0.11371779092994606,0.3732851482065572,-4.93341964076066,-4.995542928476782,-10.99125126741875,1.1213305650198326,0.1456
house-fl-14,HOUSE,FL,14,False,standard,Kathy Castor,D,1,Kathy Castor,Mike Beltran,,-10.62098657326328,1.0,7.950182530103848,0.2090118605522644,0.3272715537070247,0.0,0.0,0.0,0.152,0.5156713662216419,1.0,8.134594290080008,0.16,0.2946307727961582,4.026778955193256,5.231356988884035,-1.2957411103083931,11.537468544283081,0.8526
house-fl-15,HOUSE,FL,15,False,standard,Laurel Lee,R,-1,Robert People,Laurel Lee,,-20.095141150578385,-2.0,0.8807636828702625,-3.8005361948675898,-1.4630833008587156,-0.0,0.0,0.0,-0.0705,-0.07449532473538958,,,,0.0,-14.883283678245004,-14.890579042103573,-22.220741544978203,-7.604398269925416,0.01265
house-fl-16,HOUSE,FL,16,False,standard,Vern Buchanan,,0,Kelly Kirschner,Sydney Gruters,,-13.811661289568429,2.0,,-1.241510054018505,-1.6944247175418639,0.0,0.0,0.0,0.0,0.0,1.0,0.7472611812455843,0.21,0.322168138094585,-7.164357670399544,-4.541728382403532,-11.656266494089147,2.5084531206270024,0.1968
house-fl-17,HOUSE,FL,17,False,standard,Greg Steube,R,-1,Matthew Montavon,Greg Steube,,-22.24156570778953,-2.0,,-3.1857596284373653,-0.737856238989455,-0.0,0.0,0.0,-0.1234999999999999,-0.06581267731653162,,,,0.0,-17.437471215008692,-17.419621931413996,-24.613297937599576,-10.086585683401434,0.006
house-fl-18,HOUSE,FL,18,False,standard,Scott Franklin,R,-1,Curtis Gibson,Scott Franklin,,-17.102886122235766,-1.0,0.8512849936619196,-3.739302145206497,-1.8029082040201059,-0.0,0.0,0.0,-0.2245,-0.2923215329684822,,,,0.0,-14.262099815117722,-14.305787949812403,-21.560528181208877,-7.071531408626282,0.0131
house-fl-19,HOUSE,FL,19,False,standard,Byron Donalds,,0,Victor Arias,Jim Schwartzel,,-30.416149231176274,0.0,,-3.228529993240168,-0.1396457682305212,0.0,0.0,0.0,0.0,0.0,,,,0.0,-22.863895844775357,-22.85283288577545,-31.150305574128538,-14.621731283868337,0.00365
house-fl-20,HOUSE,FL,20,False,standard,Debbie Wasserman Schultz,D,1,Debbie Wasserman Schultz,Brent Andersen,,37.50081626941555,2.0,3.685393198666764,3.91888919099027,8.206117238418315e-07,0.0,0.0,0.0,0.32,1.8965248728788996e-07,,,,0.0,47.442698517026564,47.4540640274276,40.31716305601809,54.67433942422345,1.0
house-fl-21,HOUSE,FL,21,False,standard,Brian Mast,R,-1,James Martin,Brian Mast,,-16.40535991568672,-2.0,6.836259767160008,-2.344816786842756,-1.2715362557349177,-0.0,0.0,0.0,0.1685000000000001,0.19797567865545151,,,,0.0,-13.834110527788447,-13.822692647438323,-21.143372794798154,-6.498437967679555,0.0158
house-fl-22,HOUSE,FL,22,False,standard,None (new seat),,0,Pia Dandiya,Casey Askar,,-10.371815924951084,0.0,,-0.1158857691058467,-0.19105059297054244,0.0,0.0,0.0,0.0,0.0,2.0,-0.9142509922863015,0.05167453441618452,0.49844887522972,-1.839051823795233,-1.3378816281710209,-7.650256042936733,4.792450352469262,0.38585
house-fl-23,HOUSE,FL,23,False,standard,Lois Frankel,D,1,Lois Frankel,Deborah Adeimy,,13.860283552064374,2.0,4.4163509868165605,2.589473894206645,0.055483658480429,0.0,0.0,0.0,0.5095000000000001,0.023653196682622786,,,,0.0,25.141375337791942,25.13167518756307,17.85158277840497,32.54906622546276,0.9985
house-fl-24,HOUSE,FL,24,False,standard,Frederica Wilson,,0,Oliver Gilbert,Te Mayonna Brown,,39.04931980196582,1.0,,0.9060069353321618,5.7106266229588e-07,0.0,0.0,0.0,0.0,0.0,,,,0.0,46.15845311114478,46.181954192595164,37.85970168061436,54.31729471933488,0.99985
house-fl-25,HOUSE,FL,25,False,standard,Jared Moskowitz,D,1,Jared Moskowitz,Scott Singer,,-9.218034236116692,0.0,3.0870778916786765,0.4602244670089471,0.749977174120712,0.0,0.0,0.0,0.483,1.7053659007270185,1.0,8.590524904369222,0.24,0.14599740608053713,4.5498626920697385,5.0998884430770435,-1.8790009139974433,11.995723530883199,0.8357
house-fl-26,HOUSE,FL,26,False,standard,Mario Díaz-Balart,R,-1,Nicole Locklin,Mario Díaz-Balart,,-18.540683907584068,-2.0,6.511737502652834,-2.3810732143778166,-0.8688792935255398,-0.0,0.0,0.0,-0.6755,-0.534077341680867,,,,0.0,-16.231073485952226,-16.22958243889215,-23.647615793433623,-9.059968762112078,0.00775
house-fl-27,HOUSE,FL,27,False,standard,María Elvira Salazar,R,-1,Eliott Rodriguez,María Elvira Salazar,,-14.697284015567739,-2.0,5.851854214290957,-1.702902474616086,-1.351797991946322,-0.0,0.0,0.0,-0.0335,-0.05761809951617514,3.0,-4.421971157471257,0.08000119732032146,0.37352534328577347,-11.799589425786227,-9.086995773360673,-15.154902238269637,-2.891397115967078,0.0347
house-fl-28,HOUSE,FL,28,False,standard,Carlos A. Giménez,,0,Phil Ehr,Carlos Giménez,,-25.62449782340173,-2.0,,-1.1608113437349743,-0.21577695680084902,-0.0,0.0,0.0,-0.4485,-0.18063336381307585,,,,0.0,-18.201042079590913,-18.21967559603644,-26.645014505258484,-10.046370006731793,0.00955
house-ga-1,HOUSE,GA,1,False,standard,Buddy Carter,,0,Amanda Hollowell,Jim Kingston,,-15.892812698763862,0.0,,-2.351771298389646,-2.613270277811004,0.0,0.0,0.0,0.0,0.0,,,,0.0,-10.328441287368905,-10.318034878204944,-18.626502405796558,-1.9221819832826554,0.0609
house-ga-2,HOUSE,GA,2,False,standard,Sanford Bishop,D,1,Sanford Bishop,Matt Day,,7.650507378170518,2.0,5.131041568381559,1.892993442224871,0.20615602805747013,0.0,0.0,0.0,0.445,0.10500235550303551,,,,0.0,20.160461293202736,20.24287154855775,12.747760807760159,27.436566128521736,0.99605
house-ga-3,HOUSE,GA,3,False,standard,Brian Jack,R,-1,Maura Keller,Brian Jack,,-29.876322455669797,-2.0,2.6106379824860677,-2.6549794320546907,-0.036517492295065006,-0.0,0.0,0.0,-0.2054999999999998,-0.006124120303182351,,,,0.0,-26.347546506082605,-26.24924946864584,-33.69151900305758,-18.898217381714623,0.0012
house-ga-4,HOUSE,GA,4,False,standard,Hank Johnson,D,1,Hank Johnson,James Duffie,,53.03852255145806,2.0,-1.7481010280365077,,0.0,0.0,0.0,0.0,0.01,9.562614508009914e-13,,,,0.0,59.23013108576169,59.081273265044345,51.97741951229135,66.24196968946934,0.99995
house-ga-5,HOUSE,GA,5,False,standard,Nikema Williams,D,1,Nikema Williams,John Oscar Salvesen,,72.33073290669485,2.0,,3.3654534994545418,3.169283316816724e-19,0.0,0.0,0.0,0.127,2.9069370867024513e-20,,,,0.0,79.79144378460458,79.79258566542882,72.63459721684812,86.9241947105727,1.0
house-ga-6,HOUSE,GA,6,False,standard,Lucy McBath,D,1,Lucy McBath,Kevin Martin,,50.345152979843064,0.0,-0.8546959983136082,4.031937785171063,6.965780176591372e-10,0.0,0.0,0.0,-0.0469999999999999,-2.3644953821651778e-11,,,,0.0,57.176250535281795,57.19109530433192,49.88939632109553,64.41798542732761,1.0
house-ga-7,HOUSE,GA,7,False,standard,Rich McCormick,R,-1,Tony Kozycki,Rich McCormick,,-22.30291135099771,-2.0,7.2767955893072545,-1.7762910032698032,-0.2344619723014554,-0.0,0.0,0.0,-0.0284999999999999,-0.008150706591973733,1.0,-8.823723197870521,0.11,0.28119941063632387,-19.381702865521195,-16.439219192983526,-22.907565181373307,-9.969395784683492,0.005
house-ga-8,HOUSE,GA,8,False,standard,Austin Scott,R,-1,Kelly Esti,Austin Scott,,-30.72180747930478,-2.0,6.987592458043152,-4.402150452933544,-0.02519779298575,-0.0,0.0,0.0,0.0455,0.0008280274750595068,,,,0.0,-27.64628702056753,-27.61020256596631,-34.88053233132955,-20.33830065516635,0.00125
house-ga-9,HOUSE,GA,9,False,standard,Andrew Clyde,R,-1,Caitlyn Gegen,Andrew Clyde,,-34.33522296479662,-2.0,3.5504409590688715,-2.450660283793968,-0.00994571538370637,-0.0,0.0,0.0,0.2204999999999999,0.0019388919614797128,,,,0.0,-29.464926549575623,-29.416859334590555,-36.85816155686382,-22.17803664349262,0.0007
house-ga-10,HOUSE,GA,10,False,standard,Mike Collins,,0,Pam Delancy,Houston Gaines,,-20.913860114633074,-1.0,,-4.191954583387389,-1.5679202524224267,-0.0,0.0,0.0,0.0,0.0,,,,0.0,-14.534896268660765,-14.559095503476325,-22.7389089150986,-6.375817063348539,0.021
house-ga-11,HOUSE,GA,11,False,standard,Barry Loudermilk,,0,Chris Harden,John Cowan,,-23.563722533183686,0.0,,-3.17001733717638,-0.9116934557551835,0.0,0.0,0.0,0.0544999999999999,0.03588526741125257,1.0,1.6822291651912464,0.18,0.3425468421591095,-16.567190768660836,-10.327119920573516,-17.432398713851075,-3.3654008377579143,0.0368
house-ga-12,HOUSE,GA,12,False,standard,Rick Allen,R,-1,Ceretta Smith,Rick Allen,,-14.231034879705307,-1.0,6.283421925551944,-3.7637177422160017,-2.4740470820550784,-0.0,0.0,0.0,0.1125,0.20101632541697514,,,,0.0,-12.395447067358274,-12.3854863509615,-19.781010010300196,-5.011207245343199,0.02445
house-ga-13,HOUSE,GA,13,False,standard,Everton Blair,,0,Jasmine Clark,Jonathan Chavez,,42.724453914937364,1.0,,,0.0,0.0,0.0,0.0,0.3025,3.9964047974567864e-08,,,,0.0,49.66839762392845,49.63599103684588,41.484949328825806,57.73784022235365,1.0
house-ga-14,HOUSE,GA,14,False,standard,Clay Fuller,R,-1,Shawn Harris,Clay Fuller,,-37.01635857495856,-2.0,,1.467812949399513,0.0021621201232773423,-0.0,0.0,0.0,-0.3234999999999999,-0.0010324653630835311,,,,0.0,-31.836734512937056,-31.85524785595382,-39.19129936056774,-24.468833228624646,0.00045
house-hi-1,HOUSE,HI,1,False,standard,Ed Case,D,1,Ed Case,Adriel Lam,,25.166334746889017,2.0,18.640783175923783,,0.0,0.0,0.0,0.0,0.5030000000000001,3.040146121494799e-06,,,,0.0,43.776857555138804,43.81701531844428,36.551328249705065,51.0729682511728,0.9997
house-hi-2,HOUSE,HI,2,False,standard,Jill Tokuda,D,1,Jill Tokuda,Brenton Awa,,22.062952000244117,1.0,15.616576458118669,2.218015975224514,9.117020087139255e-05,0.0,0.0,0.0,0.163,1.4516701548022413e-05,,,,0.0,39.10278162513471,39.15667989015722,31.90942513897034,46.34389461157168,0.99955
house-ia-1,HOUSE,IA,1,False,standard,Mariannette Miller-Meeks,R,-1,Christina Bohannan,Mariannette Miller-Meeks,,-8.590704180072024,-1.0,-8.521283143076325,-0.0794421672972864,-0.11728035449223681,-0.0,0.0,0.0,-0.0644999999999998,-0.2063127190243448,2.0,3.3154084223772666,0.24999999993058852,0.25192836000144103,3.990667016940793,3.87719207456593,-2.7100289839250045,10.339483593467268,0.78075
house-ia-2,HOUSE,IA,2,False,standard,Ashley Hinson,,0,Lindsay James,Joe Mitchell,,-10.127597485735269,0.0,,-0.1720623259636155,-0.2853083808787454,0.0,0.0,0.0,0.0,0.0,2.0,-2.4571595151086103,0.09159851293451703,0.3933585305746379,-1.6577187130184887,-1.9124152283511489,-8.748237702043097,4.853014949942583,0.3592
house-ia-3,HOUSE,IA,3,False,standard,Zach Nunn,R,-1,Sarah Trone Garriott,Zach Nunn,,-4.464251430326767,-1.0,-0.754455771234106,-0.0083406686317467,-0.012062108508892094,-0.0,0.0,0.0,0.1625000000000001,0.509175889649235,1.0,-0.8930701975188996,0.1,0.06894308413658777,5.1426510046652885,4.760097641082779,-2.444873035480804,11.811389088342283,0.809
house-ia-4,HOUSE,IA,4,False,standard,Randy Feenstra,,0,David Dawson,Chris McGowan,,-31.901561369041463,1.0,,-1.4783026766701204,-0.04178324921073844,0.0,0.0,0.0,0.0,0.0,,,,0.0,-24.29528881157891,-24.24648755968432,-32.537352378910306,-15.850916821095208,0.0035
house-id-1,HOUSE,ID,1,False,standard,Russ Fulcher,R,-1,Kaylee Peterson,Russ Fulcher,,-46.19778126853283,-2.0,0.9076352246212585,-1.3913910102249132,-2.8928938628755996e-05,-0.0,0.0,0.0,-0.0524999999999999,-2.3650194264867824e-06,2.0,-19.382105292007978,0.227684213113298,0.27390997353510216,-40.338180591600356,-34.53766202712332,-40.96008433505085,-28.27477946467809,0.0003
house-id-2,HOUSE,ID,2,False,standard,Mike Simpson,R,-1,Ellie Gilbreath,Mike Simpson,,-27.561138104639443,-2.0,5.233872944155752,-2.3674484767699004,-0.08847581205254144,-0.0,0.0,0.0,-0.4535,-0.036720908260091,,,,0.0,-23.53483366206793,-23.538555770351657,-30.776518686263337,-16.190552487974088,0.0015
house-il-1,HOUSE,IL,1,False,standard,Jonathan Jackson,D,1,Jonathan Jackson,Christian Maxwell,,32.45721176888944,2.0,-0.6283098800027416,1.701148349847759,3.768068247854344e-05,0.0,0.0,0.0,0.003,1.4397594197616652e-07,,,,0.0,40.22503359802381,40.18575264702416,32.90837119135124,47.430115524863744,0.9999
house-il-2,HOUSE,IL,2,False,standard,Robin Kelly,,0,Donna Miller,Michael Noack,,33.57708216310065,0.0,,,0.0,0.0,0.0,0.0,0.0,0.0,,,,0.0,40.908472562897984,40.97202511581116,32.642569857486464,49.09949708267704,0.99965
house-il-3,HOUSE,IL,3,False,standard,Delia Ramirez,D,1,Delia Ramirez,Angel Oakley,,31.83380528871024,2.0,2.8682636964648127,4.111692187436496,3.135665045361412e-05,0.0,0.0,0.0,-0.1469999999999999,-3.3290310564920307e-06,,,,0.0,41.547574253708405,41.529046330090694,34.17310229997256,48.7710576297617,0.9999
house-il-4,HOUSE,IL,4,False,standard,Chuy García,,0,Patty Garcia,Lupe Castillo,,28.752276035686318,0.0,,,0.0,0.0,0.0,0.0,0.0,0.0,,,,0.0,36.25596921899742,36.28977251957818,27.901200678369605,44.54325094355641,0.9995
house-il-5,HOUSE,IL,5,False,standard,Mike Quigley,D,1,Mike Quigley,Tommy Hanson,,37.56614329445709,2.0,0.5003447000653916,,0.0,0.0,0.0,0.0,0.052,9.195927601331706e-08,,,,0.0,45.75351872046508,45.784133268088105,38.653820339189735,52.916508407493254,0.99995
house-il-6,HOUSE,IL,6,False,standard,Sean Casten,D,1,Sean Casten,Niki Conforti,,5.575462312490821,2.0,2.964765839552494,2.087519346752857,0.4864183724028853,0.0,0.0,0.0,-0.0884999999999999,-0.044680171732700856,,,,0.0,17.307849900852307,17.344444564652576,10.091308381180022,24.65404966009265,0.9924
house-il-7,HOUSE,IL,7,False,standard,Danny Davis,,0,La Shawn Ford,Chad Koppie,,66.15598021500666,1.0,,2.228434091099001,1.1105186760863411e-15,0.0,0.0,0.0,0.3694999999999999,3.98962996922948e-16,,,,0.0,71.75362059660523,71.63482005855744,63.390407154758115,79.98887594719503,1.0
house-il-8,HOUSE,IL,8,False,standard,Raja Krishnamoorthi,,0,Melissa Bean,Jennifer Davis,,7.000325718967043,2.0,,0.3339292115176673,0.10076500944409014,0.0,0.0,0.0,0.0,0.0,,,,0.0,15.824573657324102,15.89630962407741,7.506177810554082,24.158316709708103,0.98135
house-il-9,HOUSE,IL,9,False,standard,Jan Schakowsky,,0,Daniel Biss,John Elleson,,36.986157350622044,1.0,,,0.0,0.0,0.0,0.0,0.9295,4.385150719475488e-06,,,,0.0,44.18243635779975,44.19059380601006,35.97741591551481,52.2192353608546,0.9995
house-il-10,HOUSE,IL,10,False,standard,Brad Schneider,D,1,Brad Schneider,Carl Lambrecht,,22.345356623267172,2.0,-2.2652301709088603,5.125619774484333,0.011759261215388879,0.0,0.0,0.0,0.2260000000000001,0.0019193727472673634,,,,0.0,29.555427311114677,29.473264731173582,22.14119343127275,36.71348778070141,0.9992
house-il-11,HOUSE,IL,11,False,standard,Bill Foster,D,1,Bill Foster,Jeff Walter,,11.606554064861559,0.0,-0.3003582183254645,2.454408278368989,0.23038590193891623,0.0,0.0,0.0,-0.2189999999999998,-0.04453949712989888,,,,0.0,20.56705789383492,20.542975492264127,13.188279725928762,27.924914907205775,0.9965
house-il-12,HOUSE,IL,12,False,standard,Mike Bost,R,-1,Julie Fortier,Mike Bost,,-44.08125909098338,-2.0,4.180216152299926,-2.741856278476134,-7.175612327733712e-05,-0.0,0.0,0.0,-0.2654999999999999,-1.5054658495167167e-05,,,,0.0,-39.92541649729755,-39.95576057949228,-47.17981804527694,-32.61956193355549,0.0002
house-il-13,HOUSE,IL,13,False,standard,Nikki Budzinski,D,1,Nikki Budzinski,Jeff Wilson,,10.649960605661136,1.0,5.699093840100404,2.5788729082839565,0.11671836498541414,0.0,0.0,0.0,-0.007,-0.0006864349654167592,,,,0.0,22.929094364565866,22.888805566245086,15.660368971829273,30.145520115030365,0.9979
house-il-14,HOUSE,IL,14,False,standard,Lauren Underwood,D,1,Lauren Underwood,James Marter,,5.2631897441173,2.0,5.068363312404505,2.981603577156067,0.5611923554757863,0.0,0.0,0.0,0.0555000000000001,0.02263325053102159,,,,0.0,18.337932526675957,18.359165514926403,11.079962342830965,25.597504176599323,0.99465
house-il-15,HOUSE,IL,15,False,standard,Mary Miller,R,-1,Jennifer Todd,Mary Miller,,-40.433634690775264,-2.0,,-2.701707479578671,-0.0007597932613711042,-0.0,0.0,0.0,0.3305,0.00020138201317474719,,,,0.0,-35.38558972638116,-35.37484397007341,-42.682704826126106,-28.119043347024487,0.00035
house-il-16,HOUSE,IL,16,False,standard,Darin LaHood,R,-1,Paul Nolley,Darin LaHood,,-23.049919660830685,-2.0,,-3.053507107786751,-0.6061590059370147,-0.0,0.0,0.0,-0.3245,-0.14206009814140536,,,,0.0,-18.212317688503582,-18.133475049617772,-25.371872354524967,-10.896707088634043,0.00595
house-il-17,HOUSE,IL,17,False,standard,Eric Sorensen,D,1,Eric Sorensen,Dillan Vancil,,4.828123190177733,2.0,4.148654374160702,1.937764575352899,0.45079071674256965,0.0,0.0,0.0,0.0494999999999999,0.02495004036382266,,,,0.0,17.348785865158376,17.30344246494507,10.18948774480021,24.47778883851881,0.9935
house-in-1,HOUSE,IN,1,False,standard,Frank J. Mrvan,,0,Frank Mrvan,Barb Regnitz,,0.4022301253280738,1.0,,0.0746375769875172,0.06349695060287906,0.0,0.0,0.0,0.038,0.0700440155032282,,,,0.0,10.032239091632375,9.963891887850732,1.7481643870411434,18.19077759993019,0.93305
house-in-2,HOUSE,IN,2,False,standard,Rudy Yakym,R,-1,Jamee Decio,Rudy Yakym,,-26.920260374288038,-2.0,1.8550214695547596,-2.8038189407098195,-0.22722699132947857,-0.0,0.0,0.0,0.2664999999999999,0.04679498023397583,,,,0.0,-21.074158492457663,-21.13730782540021,-28.477130560584186,-13.819652269468055,0.0028
house-in-3,HOUSE,IN,3,False,standard,Marlin Stutzman,R,-1,Kelly Thompson,Marlin Stutzman,,-31.72894798522732,-2.0,3.0134958605389803,-1.803419857987651,-0.011045897335454117,-0.0,0.0,0.0,0.2275,0.0030191011099377292,,,,0.0,-28.44112666467243,-28.476785065057122,-35.647226616858724,-21.180578892655014,0.00085
house-in-4,HOUSE,IN,4,False,standard,Jim Baird,R,-1,Drew Cox,Jim Baird,,-29.878658536585366,-2.0,5.398549230995093,-2.606323774000942,-0.04180609488761239,-0.0,0.0,0.0,0.0965,0.003353749737444733,,,,0.0,-25.91911039233489,-25.84070920831953,-33.120739217033595,-18.620899669551118,0.00145
house-in-5,HOUSE,IN,5,False,standard,Victoria Spartz,R,-1,J. D. Ford,Victoria Spartz,,-17.12743785454997,-1.0,2.3865274213933985,-1.015500082318891,-0.7276532376845162,-0.0,0.0,0.0,0.1414999999999999,0.21968127723898762,1.0,-7.450521927875624,0.06,0.32451924827967626,-11.585120173782803,-10.256014907420813,-16.497299167018305,-4.067681838022955,0.02295
house-in-6,HOUSE,IN,6,False,standard,Jefferson Shreve,R,-1,Cinde Wirth,Jefferson Shreve,,-33.09952049613334,-2.0,0.4805651133835615,-3.872300423106712,-0.018232017617909997,-0.0,0.0,0.0,-0.1185,-0.0015603568411327973,,,,0.0,-28.47265554855536,-28.484607443875753,-35.76917107949694,-21.182445997547067,0.001
house-in-7,HOUSE,IN,7,False,standard,André Carson,D,1,André Carson,Patrick McAuley,,42.161067786442715,0.0,-1.5523722223000282,,0.0,0.0,0.0,0.0,-0.0829999999999999,-1.7131365184077303e-08,,,,0.0,49.01735439285788,48.981257429063575,41.63149843695232,56.12806944135306,0.9999
house-in-8,HOUSE,IN,8,False,standard,Mark Messmer,R,-1,Mary Allen,Mark Messmer,,-36.49150182813958,-1.0,2.917961324114919,-1.5217366015143527,-0.0011574060400132882,-0.0,0.0,0.0,-1.0645,-0.0017542198683601403,,,,0.0,-33.302035781623445,-33.273217155406684,-40.68635797237353,-25.98814501081906,0.00045
house-in-9,HOUSE,IN,9,False,standard,Erin Houchin,R,-1,Brad Meyer,Erin Houchin,,-30.3858345174336,-2.0,2.047181420126676,-3.02875983830688,-0.0764512393777284,-0.0,0.0,0.0,-0.1394999999999999,-0.007702462367306131,,,,0.0,-24.643167999518084,-24.6556190595417,-31.837297336653304,-17.338667105431195,0.0014
house-ks-1,HOUSE,KS,1,False,standard,Tracey Mann,R,-1,Lauren Reinhold,Tracey Mann,,-31.848581559120564,-2.0,6.301345261018343,-3.806015691409785,-0.01858233429730313,-0.0,0.0,0.0,-0.0655000000000001,-0.00087904764745298,,,,0.0,-28.424122972781724,-28.4144303697057,-35.812813827620026,-21.084021332947938,0.0008
house-ks-2,HOUSE,KS,2,False,standard,Derek Schmidt,R,-1,Don Coover,Derek Schmidt,,-20.055354340614592,-2.0,-0.3680230366400758,-0.7382146787724481,-0.283515945817877,-0.0,0.0,0.0,0.1354999999999999,0.11275250793546202,,,,0.0,-14.7484674571176,-14.757145078529888,-22.077005041982915,-7.379594278401477,0.0124
house-ks-3,HOUSE,KS,3,False,standard,Sharice Davids,D,1,Sharice Davids,Eric Jenkins,,4.174028834088756,1.0,7.157275137333762,4.600955616274553,0.536314368853706,0.0,0.0,0.0,-0.1909999999999999,-0.07398158765909729,,,,0.0,18.424055534122576,18.514660686992748,11.195469226416257,25.71350563006736,0.99485
house-ks-4,HOUSE,KS,4,False,standard,Ron Estes,R,-1,Katy Tyndell,Ron Estes,,-23.69976552345745,-2.0,6.275852691558842,-2.528986830913205,-0.2625100277275538,-0.0,0.0,0.0,-0.1154999999999999,-0.025976068216653703,,,,0.0,-20.311156030214757,-20.21958156806937,-27.529628026203824,-12.908003706510712,0.00415
house-ky-1,HOUSE,KY,1,False,standard,James Comer,R,-1,Drew Williams,James Comer,,-47.91004767154219,-2.0,1.3978969625571684,-3.6089459034253775,-1.9057146025914475e-05,-0.0,0.0,0.0,0.1025,1.4107581710850577e-06,,,,0.0,-42.401766743159,-42.38411084751791,-49.718407554186626,-34.99099243728217,0.0002
house-ky-2,HOUSE,KY,2,False,standard,Brett Guthrie,R,-1,Megan Wingfield,Brett Guthrie,,-41.93201836717013,-2.0,4.147458952843933,-5.078749700002629,-0.0002652801580310372,-0.0,0.0,0.0,-0.2704999999999999,-5.182542642867456e-05,,,,0.0,-37.66604084512894,-37.58631105449936,-45.02686038266798,-30.183655765613974,0.00055
house-ky-3,HOUSE,KY,3,False,standard,Morgan McGarvey,D,1,Morgan McGarvey,Maria Rodriquez,,19.26899411654809,2.0,4.767103761865028,4.781345768246492,0.008134079762955668,0.0,0.0,0.0,0.405,0.0023792183306645333,,,,0.0,30.437314307099655,30.406399223196306,23.14608874432946,37.74797387280307,0.9995
house-ky-4,HOUSE,KY,4,False,standard,Thomas Massie,,0,Melissa Strange,Ed Gallrein,,-36.16019101367484,0.0,,-3.403540947643686,-0.016852624530373367,0.0,0.0,0.0,0.0,0.0,,,,0.0,-28.6681058945018,-28.691535744743867,-36.887083362322144,-20.41614521743004,0.00205
house-ky-5,HOUSE,KY,5,False,standard,Hal Rogers,R,-1,Ned Pillersdorf,Hal Rogers,,-64.66978795481056,-2.0,,-2.2413907177324863,-2.379905967642161e-11,-0.0,0.0,0.0,-0.3585,-8.247522155513277e-12,,,,0.0,-60.93739585035471,-60.99452149982119,-68.19006209615034,-53.845905576147395,0.0001
house-ky-6,HOUSE,KY,6,False,standard,Andy Barr,,0,Zach Dembo,Ralph Alvarado,,-15.313409908980443,-1.0,,-0.0381893615737427,-0.04522986461048482,-0.0,0.0,0.0,0.0,0.0,4.0,-6.160264270685633,0.10279627704437637,0.43582395216439196,-7.140398570717865,-6.7164259281739245,-13.282944656106777,-0.1797949452590692,0.09395
house-la-1,HOUSE,LA,1,False,jungle,Steve Scalise,R,-1,Lauren Jewett,Randall Arrington; Steve Scalise,,-38.94809735335349,-2.0,12.025910051031865,,0.0,-0.0,0.0,0.0,0.0,0.0,,,,0.0,-38.895627060012075,-38.9823630209161,-46.15141957274034,-31.671322234846055,0.0002
house-la-2,HOUSE,LA,2,False,jungle,Troy Carter,D,1,Troy Carter; Renada Collins,Peter Williams,,48.34454715461763,0.0,10.026227410449255,,0.0,0.0,0.0,0.0,0.0,0.0,,,,0.0,61.26585190124323,61.290259301069554,53.92280941531056,68.44927262323345,1.0
house-la-3,HOUSE,LA,3,False,jungle,Clay Higgins,R,-1,John Day; Priscilla Gonzalez; Tia LeBrun; Caleb Walker,Kate Cotten; Clay Higgins,,-36.49141918263314,-2.0,3.629297718232862,,0.0,-0.0,0.0,0.0,-0.0144999999999999,-4.8528423389610806e-05,,,,0.0,-31.730322125864728,-31.773660517991598,-38.99084329364512,-24.43136972171153,0.0006
house-la-4,HOUSE,LA,4,False,jungle,Mike Johnson,R,-1,Conrad Cable; Matt Gromlich,Gordon Heslop; Mike Johnson; Mike Nichols,,-34.66020705293809,-2.0,,-4.4286200430792935,-0.012461996137160094,-0.0,0.0,0.0,0.2215,0.00199357321538625,,,,0.0,-29.41041370510661,-29.46504974716157,-36.62980369918849,-22.194951673908843,0.0007
house-la-5,HOUSE,LA,5,False,jungle,Julia Letlow,,0,Dan McKay; Patricia Moore; Antonio Wilson,Stewart Cathey Jr.; Misti Cordell; Omar Dantzler; Michael Echols; Gabe Firment; Austin Magee,,-34.46022314691452,0.0,,,0.0,0.0,0.0,0.0,0.0,0.0,,,,0.0,-26.893311188278005,-26.945159390104585,-35.295597878661454,-18.69850758140564,0.00235
house-la-6,HOUSE,LA,6,False,jungle,Cleo Fields,,0,Pat Forbes; Lindsay Garcia,Monique Appeaning; Larry Davis; Rick Edmonds; Chris Johnson; Michael Mebruer; Blake Miguez; Stephen Wagley,,-30.628413524975773,-1.0,,,0.0,-0.0,0.0,0.0,0.0,0.0,,,,0.0,-22.942638323777608,-22.92436605658534,-31.24043626210024,-14.608301532955892,0.0042
house-ma-1,HOUSE,MA,1,False,same_party,Richard Neal,D,1,Richard Neal,,D,13.91472962033623,0.0,,,,,,0.0,0.396,,,,,,,,,,1.0
house-ma-2,HOUSE,MA,2,False,same_party,Jim McGovern,D,1,Jim McGovern,,D,24.287252795533576,0.0,,,,,,0.0,-0.0569999999999999,,,,,,,,,,1.0
house-ma-3,HOUSE,MA,3,False,standard,Lori Trahan,D,1,Lori Trahan,Gary Grossi,,19.39223989927893,2.0,,4.602917822939294,0.012040127159606784,0.0,0.0,0.0,0.193,0.0016782599468585235,,,,0.0,29.497882879471483,29.450726639664083,22.302605609361162,36.6680019367772,0.9994
house-ma-4,HOUSE,MA,4,False,standard,Jake Auchincloss,D,1,Jake Auchincloss,Thomas Stalcup,,20.13118266529218,2.0,,5.765852177419516,0.008949679887705534,0.0,0.0,0.0,0.5090000000000001,0.003290001767608196,,,,0.0,30.212078718417334,30.202733041348125,22.92368778037676,37.47817568516309,0.9993
house-ma-5,HOUSE,MA,5,False,same_party,Katherine Clark,D,1,Katherine Clark,,D,46.346449490580284,0.0,,,,,,0.0,0.103,,,,,,,,,,1.0
house-ma-6,HOUSE,MA,6,False,standard,Seth Moulton,,0,Dan Koh,Micah Jones,,21.088680178889774,1.0,,2.3034776042991005,0.012057280099286576,0.0,0.0,0.0,0.095,0.0010774101511288523,,,,0.0,28.841371897927882,28.74568604907845,20.57285891626177,37.31720925296031,0.9983
house-ma-7,HOUSE,MA,7,False,same_party,Ayanna Pressley,D,1,Ayanna Pressley,,D,65.14004345536927,0.0,,,,,,0.0,-0.2809999999999999,,,,,,,,,,1.0
house-ma-8,HOUSE,MA,8,False,standard,Stephen Lynch,D,1,Stephen Lynch,Robert Burke,,26.9861956166176,2.0,14.298747911823163,4.349485181727128,1.2204170297436518e-05,0.0,0.0,0.0,0.266,2.344556716029749e-06,,,,0.0,43.15188593739971,43.20655351283533,36.10625827519088,50.44221217122781,0.9998
house-ma-9,HOUSE,MA,9,False,standard,Bill Keating,D,1,Bill Keating,Tyler MacAllister,,10.942031882242684,1.0,,1.7503611501444836,0.11858178416551979,0.0,0.0,0.0,0.071,0.010421752750448113,,,,0.0,21.631343851087433,21.528086308512105,14.334498460395634,28.799509552376623,0.99755
house-md-1,HOUSE,MD,1,False,standard,Andy Harris,R,-1,Dan Schwartz,Andy Harris,,-17.30515700957555,-2.0,5.337279097997732,-1.4731728940375293,-0.7810267876969352,-0.0,0.0,0.0,-0.2704999999999999,-0.3107216980496412,1.0,-18.690423448049174,0.09,0.3023758686514117,-13.97908997708158,-15.410031758830435,-21.833437334742033,-8.944511330670322,0.0056
house-md-2,HOUSE,MD,2,False,standard,Johnny Olszewski,D,1,Johnny Olszewski,Dave Wallace,,18.938218026002716,2.0,0.266000010762796,3.367159589513458,0.011522650858002189,0.0,0.0,0.0,0.7454999999999999,0.0062039872661293445,,,,0.0,29.60897388662095,29.552568595168104,22.244666111793336,36.7505056988127,0.99895
house-md-3,HOUSE,MD,3,False,standard,Sarah Elfreth,D,1,Sarah Elfreth,Berney Flowers,,24.49027443115774,2.0,-2.323935412135426,3.879679397517795,0.00203025133141843,0.0,0.0,0.0,0.7745000000000002,0.0011356436405770259,,,,0.0,33.5538477727172,33.534445312926124,26.298924755319643,40.65210750466242,0.9993
house-md-4,HOUSE,MD,4,False,standard,Glenn Ivey,D,1,Glenn Ivey,George McDermott,,75.6651801829724,2.0,,3.716068236483568,9.719933319537324e-21,0.0,0.0,0.0,0.181,1.2706112833817402e-21,,,,0.0,82.87606443259756,82.87629338263096,75.64190417932606,90.12536165440413,1.0
house-md-5,HOUSE,MD,5,False,standard,Steny Hoyer,,0,Adrian Boafo,Chris Chaffee,,34.05016724003836,1.0,,,0.0,0.0,0.0,0.0,0.0,0.0,,,,0.0,41.363470032861564,41.36102292716902,33.18856690188662,49.64329254403532,0.99975
house-md-6,HOUSE,MD,6,False,standard,April McClain Delaney,D,1,April McClain Delaney,Robin Ficker,,5.925898469147308,1.0,0.5356131365762353,3.371052092149576,0.5594221170861108,0.0,0.0,0.0,0.342,0.13817726292026938,,,,0.0,18.489423747525905,18.4340447271202,11.189048152264215,25.678281314110745,0.9933
house-md-7,HOUSE,MD,7,False,standard,Kweisi Mfume,D,1,Kweisi Mfume,Scott Collier,,60.49731735411945,2.0,4.389203584551454,3.8338822565503943,1.2146873666709766e-14,0.0,0.0,0.0,0.124,1.0878200194853414e-15,,,,0.0,69.61976683273754,69.60058786294805,62.286357561164564,76.6708888796618,1.0
house-md-8,HOUSE,MD,8,False,standard,Jamie Raskin,D,1,Jamie Raskin,Cheryl Riley,,58.05566151736721,2.0,-0.0059471840819389,5.622304673504999,9.877150520744748e-13,0.0,0.0,0.0,0.0205000000000001,1.4623670076547156e-14,,,,0.0,64.91189032121457,64.87171052002041,57.64734961848165,72.08742295978172,0.99995
house-me-1,HOUSE,ME,1,False,standard,Chellie Pingree,D,1,Chellie Pingree,Ronald Russell,,22.08301794249629,2.0,1.5056209434328922,1.8930307861271725,0.0034374425198716286,0.0,0.0,0.0,-0.3235,-0.0012727530743521832,1.0,21.027098125008354,0.08,0.3754523269948093,31.363288188824487,27.486172672514275,21.5316228748988,33.59335222978583,0.9998
house-me-2,HOUSE,ME,2,False,standard,Jared Golden,,0,Matthew Dunlap,Paul LePage,,-9.23471064196821,-1.0,,-0.6957075364858891,-1.167723953583452,-0.0,0.0,0.0,0.0,0.0,8.0,1.0002666734588102,0.030097307593489886,0.5585013478305376,-1.52998980185978,0.017079053979696224,-6.080009468598758,5.9441832520399185,0.5013
house-mi-1,HOUSE,MI,1,False,standard,Jack Bergman,R,-1,Callie Barr,Jack Bergman,,-21.519722425890762,-2.0,0.2316726756453766,-0.8898274179139831,-0.35004363417227136,-0.0,0.0,0.0,-0.3004999999999999,-0.2561255942003659,,,,0.0,-15.064867140395771,-15.139681329849388,-22.375785575560514,-7.880922964132803,0.0109
house-mi-2,HOUSE,MI,2,False,standard,John Moolenaar,R,-1,Ben Ambrose,John Moolenaar,,-30.540216196830155,-2.0,3.8770253670758894,-3.3498424879426896,-0.05089494201155849,-0.0,0.0,0.0,-0.1514999999999999,-0.005568754905098021,,,,0.0,-25.78071849951793,-25.786006758999676,-32.89953594051531,-18.547563104891204,0.00105
house-mi-3,HOUSE,MI,3,False,standard,Hillary Scholten,D,1,Hillary Scholten,Terri DeBoer,,7.972385433101784,2.0,2.3010195922239145,1.6256937267342797,0.24888408678998528,0.0,0.0,0.0,-0.0779999999999999,-0.025872899658659028,,,,0.0,18.79588081740067,18.698402664789064,11.573159337336199,26.067412782420394,0.99505
house-mi-4,HOUSE,MI,4,False,standard,Bill Huizenga,R,-1,Sean McCann,Bill Huizenga,,-5.621377887750186,-1.0,6.147840019606269,-0.5010513514334808,-0.8407504551769747,-0.0,0.0,0.0,0.0155,0.05635191424108663,4.0,-2.070007673609485,0.0700026953151286,0.3654160203310008,-1.2013869041417666,-1.5178818684044804,-7.66478861671439,4.604686520415409,0.36745
house-mi-5,HOUSE,MI,5,False,standard,Tim Walberg,R,-1,Christian Vukasovich,Tim Walberg,,-27.40917258410124,-2.0,5.9077309581649216,-3.533420937766253,-0.10452314955889894,-0.0,0.0,0.0,0.0665,0.00502001459964823,,,,0.0,-23.723821143598162,-23.70504217570313,-30.964807145202823,-16.494868991499246,0.0016
house-mi-6,HOUSE,MI,6,False,standard,Debbie Dingell,D,1,Debbie Dingell,Heather Smiley,,23.922767554940073,2.0,4.0544345737160805,,0.0,0.0,0.0,0.0,0.4305,0.00039382683036495784,,,,0.0,34.548673065694956,34.592127036811824,27.36429446544725,41.722733044457016,0.9994
house-mi-7,HOUSE,MI,7,False,standard,Tom Barrett,R,-1,William Lawrence,Tom Barrett,,-1.303857115880356,-2.0,2.410882391128948,-1.7382445669946092,-2.5796175793869134,-0.0,0.0,0.0,0.2015,0.6479054000330992,2.0,-1.6851127610007484,0.042466584014603875,0.4192919243310972,2.2944071459700432,0.6017458254838116,-5.237175626862071,6.545938511109837,0.554
house-mi-8,HOUSE,MI,8,False,standard,Kristen McDonald Rivet,D,1,Kristen McDonald Rivet,Thomas Smith,,-2.009144166793344,2.0,9.05853067314203,5.09832166479946,1.0071528894749548,0.0,0.0,0.0,-0.0809999999999999,-0.05891844403428479,,,,0.0,16.175845093811727,16.176834369026935,8.897697583208883,23.65260953307682,0.99225
house-mi-9,HOUSE,MI,9,False,standard,Lisa McClain,R,-1,Ray Pooley,Lisa McClain,,-32.77545908113034,-2.0,5.805455279935123,-5.273263460476266,-0.014149324308153176,-0.0,0.0,0.0,-0.0224999999999999,-0.00022992652000748809,,,,0.0,-29.1016824360223,-29.11459641499158,-36.380287390824996,-21.954003911116267,0.00075
house-mi-10,HOUSE,MI,10,False,standard,John James,,0,Christina Hines,Mike Bouchard,,-6.684831205554229,0.0,,-0.1521755647335265,-0.24463027147768035,0.0,0.0,0.0,0.0,0.0,2.0,-3.4436879088445598,0.10000107097153631,0.3732125807266595,2.2748183586261397,0.13250639594983,-6.662988138590522,6.9963960743054825,0.51035
house-mi-11,HOUSE,MI,11,False,standard,Haley Stevens,,0,Jeremy Moss,Ethan Baker,,16.423294509151415,-1.0,,2.19675704633931,0.060633259548445895,-0.0,0.0,0.0,0.0,0.0,,,,0.0,24.384510996154305,24.377783112234276,16.03986894502336,32.58083457521683,0.9965
house-mi-12,HOUSE,MI,12,False,standard,Rashida Tlaib,D,1,Rashida Tlaib,James Hooper,,39.897191011235954,2.0,6.740255373846851,5.340050291667084,5.362191270907663e-08,0.0,0.0,0.0,-0.0714999999999999,-2.7689759923937037e-09,,,,0.0,51.416484106093876,51.41239555942263,44.31308523860689,58.60659498453206,1.0
house-mi-13,HOUSE,MI,13,False,standard,Shri Thanedar,,0,Donavan McKinney,T. P. Nykoriak,,41.99678274964389,1.0,,,0.0,0.0,0.0,0.0,0.0,0.0,,,,0.0,48.97444272944128,49.03643550289168,40.78121580045978,57.28709089532304,0.9997
house-mn-1,HOUSE,MN,1,False,standard,Brad Finstad,R,-1,Jake Johnson,Brad Finstad,,-12.233713055803454,-2.0,4.75157807356985,-0.0817357309336514,-0.0968910634276333,-0.0,0.0,0.0,-0.0124999999999999,-0.03210508963285399,3.0,-4.746280216923916,0.07000016414491038,0.3341606275461133,-7.215072388202354,-6.328314617969051,-12.516482552461541,-0.11239584909943169,0.09575
house-mn-2,HOUSE,MN,2,False,standard,Angie Craig,,0,Matt Little,Eric Pratt,,5.9507367864820395,0.0,,0.5706436769766289,0.2086413383673154,0.0,0.0,0.0,0.0,0.0,2.0,6.606591171587455,0.080982468186536,0.43344390527093163,15.027266771918924,11.410437870044458,4.709073814052923,17.924882522973142,0.97765
house-mn-3,HOUSE,MN,3,False,standard,Kelly Morrison,D,1,Kelly Morrison,Tyler Bass,,21.720150444274704,2.0,-4.60252185814226,,0.0,0.0,0.0,0.0,0.0,0.0,,,,0.0,29.609513197488017,29.651022591252115,22.365001422012885,36.77122046684817,0.999
house-mn-4,HOUSE,MN,4,False,standard,Betty McCollum,D,1,Betty McCollum,Paul Wikstrom,,36.46698138802974,2.0,-1.6101802176268754,3.83215516867897,9.667304039797847e-06,0.0,0.0,0.0,0.131,9.146343766542076e-07,,,,0.0,43.53895948827042,43.589257011968584,36.387583197941815,50.893886963233356,0.99995
house-mn-5,HOUSE,MN,5,False,standard,Ilhan Omar,D,1,Ilhan Omar,John Nagel,,63.542984491902445,2.0,-13.069564180094382,2.1154608785306404,4.274811559069625e-12,0.0,0.0,0.0,-0.3,-1.313485652982266e-12,,,,0.0,62.86711423606868,62.88227539420697,55.63348364433519,70.0876781260354,0.99995
house-mn-6,HOUSE,MN,6,False,standard,Tom Emmer,R,-1,Doug Chapin,Tom Emmer,,-20.06608890237427,-2.0,4.8763389132086905,-3.231449164368663,-0.9475818471596753,-0.0,0.0,0.0,-0.0674999999999999,-0.0461946150490341,,,,0.0,-16.50698756011719,-16.495710173418956,-23.743672842670783,-9.177171456705642,0.00795
house-mn-7,HOUSE,MN,7,False,standard,Michelle Fischbach,R,-1,Erik Osberg,Michelle Fischbach,,-37.09774237198466,-2.0,3.82631766493813,-1.6051921295735947,-0.001785618083702647,-0.0,0.0,0.0,0.0874999999999999,0.0002108927785850484,,,,0.0,-32.4682348362196,-32.4175154161303,-39.71101931630959,-25.276612719889123,0.0005
house-mn-8,HOUSE,MN,8,False,standard,Pete Stauber,R,-1,Trina Swanson,Pete Stauber,,-14.531388413157739,-2.0,1.43447499278819,-2.0479487256838023,-2.2595546448928916,-0.0,0.0,0.0,-0.0135,-0.03227227934676403,,,,0.0,-10.073017135692057,-10.046569419234018,-17.39389626849779,-2.7322743393551887,0.04705
house-mo-1,HOUSE,MO,1,False,standard,Wesley Bell,D,1,Wesley Bell,Paul Berry,,58.18768172722622,2.0,2.9716294497426725,,0.0,0.0,0.0,0.0,0.894,2.0215800396906753e-14,,,,0.0,68.63354453164811,68.66023170701494,61.35248786731779,75.78717988960524,1.0
house-mo-2,HOUSE,MO,2,False,standard,Ann Wagner,R,-1,Fred Wellman,Ann Wagner,,-8.036578251263439,-2.0,4.207181997151738,-1.7513577826849565,-2.8569442906872813,-0.0,0.0,0.0,0.0934999999999999,0.3304689100520453,2.0,-2.0207352449086264,0.14999999999999997,0.3196462519130404,-4.585184850545659,-3.7014445067578405,-10.06896340317702,2.5270383402781986,0.21755
house-mo-3,HOUSE,MO,3,False,standard,Bob Onder,R,-1,Bethany Mann,Bob Onder,,-27.09880132670149,-2.0,-0.2974415771232381,-2.721599347768508,-0.16590498696954872,-0.0,0.0,0.0,-0.1494999999999999,-0.019745518533657396,,,,0.0,-22.03868019646021,-21.97961371447869,-29.262579537687916,-14.719199360531606,0.0027
house-mo-4,HOUSE,MO,4,False,standard,Mark Alford,R,-1,Jordan Herrera,Mark Alford,,-42.811354448074596,-2.0,2.882068726654942,-3.539218868419995,-0.00023629834499563858,-0.0,0.0,0.0,-0.1125,-1.9199240530895637e-05,,,,0.0,-37.88648373685105,-37.965466958766136,-45.19451164558705,-30.75220411930248,0.0002
house-mo-5,HOUSE,MO,5,False,standard,Emanuel Cleaver,D,1,Emanuel Cleaver,Rick Brattin,,23.50937224201861,1.0,1.2184126690067822,1.874106207615429,0.0019741176975023767,0.0,0.0,0.0,0.3075,0.0007018043644572635,,,,0.0,32.590043853136585,32.60047468872682,25.37691344958351,39.642849040255726,0.99945
house-mo-6,HOUSE,MO,6,False,standard,Sam Graves,,0,Josh Smead,Chris Stigall,,-39.31892471811242,0.0,,-1.862502483332656,-0.0026379447620918134,0.0,0.0,0.0,0.0,0.0,,,,0.0,-31.929110887483297,-31.845106244502617,-40.06276634045866,-23.584285297976557,0.00105
house-mo-7,HOUSE,MO,7,False,standard,Eric Burlison,R,-1,Missi Hesketh,Eric Burlison,,-43.124014394889,0.0,3.03776442543215,-3.3818441974007443,-0.00019004784444941569,0.0,0.0,0.0,0.0775000000000001,1.063740018237703e-05,,,,0.0,-38.29812025958227,-38.282015954543226,-45.47332225218397,-30.967455512676228,0.00025
house-mo-8,HOUSE,MO,8,False,standard,Jason Smith,R,-1,Chris Reichard,Jason Smith,,-54.60781455423596,-2.0,0.7571927791819908,-5.642867503322933,-2.701282382832439e-07,-0.0,0.0,0.0,0.0164999999999999,3.2190281728753043e-09,,,,0.0,-49.100057463722514,-49.10384554785436,-56.24766959839591,-42.009480822579924,0.0
house-ms-1,HOUSE,MS,1,False,standard,Trent Kelly,R,-1,Cliff Johnson,Trent Kelly,,-37.53256379062851,-2.0,1.961787866264081,-1.0758979445378716,-0.0015474299169452384,-0.0,0.0,0.0,-0.0495000000000001,-0.00015425427610019502,,,,0.0,-31.893514605582297,-31.898245483585015,-39.09251823919518,-24.635453058855333,0.0006
house-ms-2,HOUSE,MS,2,False,standard,Bennie Thompson,D,1,Bennie Thompson,Ron Eller,,20.573389722299627,2.0,3.580985900573041,3.1477987759962702,0.00626616268563605,0.0,0.0,0.0,0.6975000000000001,0.0031565794528891607,,,,0.0,31.047457435264082,31.030193396592537,23.724289134850995,38.213673036603325,0.99925
house-ms-3,HOUSE,MS,3,False,standard,Michael Guest,R,-1,Michael Chiaradio,Michael Guest,,-29.463344005292292,-2.0,,-2.045235290297825,-0.062004754018794045,-0.0,0.0,0.0,-0.0115,-0.0007553907342416225,,,,0.0,-24.10727142410612,-24.1164645693948,-31.43193149717115,-16.82825213805651,0.0016
house-ms-4,HOUSE,MS,4,False,standard,Mike Ezell,R,-1,Jeffrey Hulum III,Mike Ezell,,-42.99199812853909,-1.0,4.783732566765081,-3.0353314029711926,-0.00012212320793976339,-0.0,0.0,0.0,-0.0974999999999999,-8.59950922575833e-06,,,,0.0,-39.12065747458636,-39.163402006889655,-46.40018321640906,-31.899456201130103,0.00035
house-mt-1,HOUSE,MT,1,False,standard,Ryan Zinke,,0,Sam Forstag,Aaron Flint,,-11.922412494511375,0.0,,0.0635156786567131,0.09853748571886912,0.0,0.0,0.0,0.0,0.0,6.0,-1.862674640375127,0.10566841874674156,0.4610753148973574,-3.288004864833424,-2.593606631129042,-9.036386763317386,3.715686279217365,0.2978
house-mt-2,HOUSE,MT,2,False,standard,Troy Downing,R,-1,Brian Miller,Troy Downing,,-30.507838926964144,-2.0,1.3480660134091798,-4.276495910059555,-0.04194473197060688,-0.0,0.0,0.0,0.2555,0.007739968180020597,1.0,-20.171977187895227,0.26,0.22603717966102047,-26.29422049364698,-24.866855347363504,-31.477537734064747,-18.349461903540035,0.0003
house-nc-1,HOUSE,NC,1,False,standard,Don Davis,D,1,Don Davis,Laurie Buckhout,,-11.640982218458934,2.0,5.026946521719204,0.1786801306703458,0.2997936014811476,0.0,0.0,0.0,0.3215000000000001,1.1687434156684382,4.0,3.815313855366074,0.07184055700290236,0.3858620377675693,1.900666729670696,2.657836890311157,-3.5386824796754657,8.649725162037104,0.7109
house-nc-2,HOUSE,NC,2,False,standard,Deborah Ross,D,1,Deborah Ross,Eugene Douglass,,34.43506519240677,2.0,1.126980153367172,,0.0,0.0,0.0,0.0,0.4135,3.7746868336867023e-06,,,,0.0,43.09333717727927,43.08572151537931,35.86716808671629,50.26779849174744,0.99995
house-nc-3,HOUSE,NC,3,False,standard,Greg Murphy,R,-1,Raymond Smith Jr.,Greg Murphy,,-13.756454677871803,-1.0,,-2.7768693520994554,-3.087456498337956,-0.0,0.0,0.0,-0.1294999999999999,-0.3119660041515333,1.0,-6.007977300303226,0.15,0.2634691819727967,-11.109087167273826,-9.765828731687957,-16.285761278167275,-3.1601173077662246,0.0348
house-nc-4,HOUSE,NC,4,False,standard,Valerie Foushee,D,1,Valerie Foushee,Max Ganorkar,,46.06391998673297,2.0,0.726365233790994,3.1214903757679835,8.1740325017931e-09,0.0,0.0,0.0,0.022,1.2987629419515705e-10,,,,0.0,53.98627767496903,54.006260357912566,46.85466595239999,61.19527174284446,1.0
house-nc-5,HOUSE,NC,5,False,standard,Virginia Foxx,R,-1,Chuck Hubbard,Virginia Foxx,,-17.953183297610543,-2.0,0.9004566182576133,-2.382014743822398,-1.6935725769194725,-0.0,0.0,0.0,-0.4265,-0.6570077688143626,,,,0.0,-13.478276854446927,-13.557549958042179,-20.813874754494712,-6.246642505713337,0.0166
house-nc-6,HOUSE,NC,6,False,standard,Addison McDowell,R,-1,Cyril Jefferson,Addison McDowell,,-17.37132543617617,0.0,,-1.8159916883842968,-1.2019678204695985,0.0,0.0,0.0,-0.0115,-0.016491832929778846,,,,0.0,-12.799954474664858,-12.844362241554293,-20.12935754958991,-5.503319194166279,0.0206
house-nc-7,HOUSE,NC,7,False,standard,David Rouzer,R,-1,Kimberly Hardy,David Rouzer,,-13.94974512852853,-2.0,3.0371662790510188,-2.4114259874364383,-2.5886113787346385,-0.0,0.0,0.0,-0.0484999999999999,-0.11280458691216667,1.0,-10.568380689670121,0.16,0.25108548047097523,-10.732370374840697,-10.655899845517165,-17.16166127288569,-4.2671936422467445,0.0229
house-nc-8,HOUSE,NC,8,False,standard,Mark Harris,R,-1,Colby Watson,Mark Harris,,-19.58539183387993,-2.0,-0.5226098593041444,-2.9714893398474422,-1.2784033094964042,-0.0,0.0,0.0,0.2424999999999999,0.2260463790072761,,,,0.0,-15.058188157605802,-15.128111245546707,-22.526160173419772,-7.841177498266997,0.01085
house-nc-9,HOUSE,NC,9,False,standard,Richard Hudson,R,-1,Richard Ojeda,Richard Hudson,,-16.01098912732778,-1.0,3.562598698207295,-0.5658622958580318,-0.43947750509488764,-0.0,0.0,0.0,-0.0055,-0.009255090812815007,1.0,-11.179026965299427,0.12,0.26852955424899283,-10.989337618777073,-11.080396207853704,-17.54353923765443,-4.572001464168677,0.0203
house-nc-10,HOUSE,NC,10,False,standard,Pat Harrigan,R,-1,Ashley Bell,Pat Harrigan,,-17.90491390090454,-2.0,2.14373170993112,-2.820939655170511,-1.2820720964124854,-0.0,0.0,0.0,0.2195,0.2161450423329419,1.0,-9.86009753834287,0.11,0.06378201936194454,-14.786846064658247,-14.354670135232894,-21.578833782454204,-7.315983143381742,0.01195
house-nc-11,HOUSE,NC,11,False,standard,Chuck Edwards,,0,Jamie Ager,Jennifer Balkcom,,-9.615756470815723,-1.0,,,0.0,-0.0,0.0,0.0,0.0,0.0,1.0,-1.7304762940657263,0.09,0.35307552544973453,-0.7937447435414334,-1.1091468026652662,-8.082552985525224,5.796024426192999,0.41715
house-nc-12,HOUSE,NC,12,False,standard,Alma Adams,D,1,Alma Adams,Jack Codiga,,47.05490301304412,2.0,1.1270365772888915,2.921350717741225,3.3005373546863507e-09,0.0,0.0,0.0,-0.0869999999999999,-2.1296699762205234e-10,,,,0.0,55.14782807543534,55.19054988375764,48.033285225064105,62.28882445958551,0.99995
house-nc-13,HOUSE,NC,13,False,standard,Brad Knott,R,-1,Paul Barringer,Brad Knott,,-16.650008567022674,-2.0,0.4560768947753066,-0.3592015682133619,-0.24199690822339268,-0.0,0.0,0.0,0.0774999999999999,0.1131267727327247,,,,0.0,-11.599718689913182,-11.521520112550682,-18.84512455100828,-4.23135930068321,0.02915
house-nc-14,HOUSE,NC,14,False,standard,Tim Moore,R,-1,Lakesha Womack,Tim Moore,,-15.227341475872397,-2.0,0.789457935210705,-4.191631695878629,-2.4689940316245287,-0.0,0.0,0.0,-0.2845,-0.5073096903312955,1.0,-2.8466277732764755,0.12000000000000001,0.061428676825564923,-13.113252060728064,-12.488740538439853,-19.605721331471987,-5.362052931747223,0.02125
house-nd-al,HOUSE,ND,0,False,standard,Julie Fedorchak,R,-1,Trygve Hammer,Julie Fedorchak,,-37.392986132786376,0.0,1.5166580299915813,-2.306827077689307,-0.001626686695304212,0.0,0.0,0.0,-0.1165,-0.00017799463050823723,,,,0.0,-33.46411581378684,-33.4635369013905,-40.75951173754317,-26.17101893100615,0.00035
house-ne-1,HOUSE,NE,1,False,standard,Mike Flood,R,-1,Chris Backemeyer,Mike Flood,,-13.228325882116762,0.0,6.85585176481844,-1.4734707971875542,-1.3503450999990456,0.0,0.0,0.0,-0.1254999999999999,-0.24919485282114437,3.0,0.3905583231164301,0.06136216523309833,0.4093389759172352,-10.941478745153933,-6.347492148240875,-12.247269688893681,-0.32448925624236813,0.0895
house-ne-2,HOUSE,NE,2,False,standard,Don Bacon,,0,Denise Powell,Brinker Harding,,4.684329452129328,-1.0,,0.3401203134819927,0.1543977272162961,-0.0,0.0,0.0,0.0,0.0,1.0,3.9372012394262277,0.11999999999999998,0.3650508615312776,13.88148140764336,10.28220629344517,3.5459848474781386,17.136070587702402,0.966
house-ne-3,HOUSE,NE,3,False,standard,Adrian Smith,R,-1,Becky Stille,Adrian Smith,,-54.43078179590726,-2.0,6.281908983757716,-3.5634760152249814,-3.6519011915402725e-08,-0.0,0.0,0.0,-0.0905,-2.3869231954706283e-09,,,,0.0,-51.95160063436657,-51.95128467977143,-59.09823224292413,-44.73233841234686,0.0001
house-nh-1,HOUSE,NH,1,False,standard,Chris Pappas,,0,Stefany Shaheen,Anthony DiLorenzo,,2.01995452407088,1.0,,-0.02745650817707,-0.018749308962943672,0.0,0.0,0.0,0.0,0.0,1.0,3.1251740143364186,0.12,0.40944190435094713,11.366968874880392,7.994795757423188,1.3156260672316262,14.66241198843614,0.93165
house-nh-2,HOUSE,NH,2,False,standard,Maggie Goodlander,D,1,Maggie Goodlander,Lily Tang Williams,,3.626907261452192,2.0,2.4630204395387385,1.1004297771301996,0.2565662655668235,0.0,0.0,0.0,0.2975000000000001,0.15028522684222248,8.0,19.3328158021973,0.10056995912721196,0.39702740256256847,17.270429358369928,18.145550324969875,12.115485850885213,24.1061055235785,0.9985
house-nj-1,HOUSE,NJ,1,False,standard,Donald Norcross,D,1,Donald Norcross,Damon Galdo,,19.018716043787666,2.0,-0.6562314713287689,4.573836065745343,0.02956765347552551,0.0,0.0,0.0,1.0475,0.022368751177942705,,,,0.0,27.25379618438852,27.343856994529474,20.029201491345074,34.7017143018985,0.9988
house-nj-2,HOUSE,NJ,2,False,standard,Jeff Van Drew,R,-1,Zack Mullock,Jeff Van Drew,,-12.73536038103531,0.0,4.1645729131194384,-2.213969712600671,-2.564104277900033,0.0,0.0,0.0,0.1605000000000001,0.4027459172385549,,,,0.0,-9.480096672485224,-9.50029160364593,-16.71956263746961,-2.0804431255310245,0.0552
house-nj-3,HOUSE,NJ,3,False,standard,Herb Conaway,D,1,Herb Conaway,Michael McGuire,,8.495531888848085,2.0,0.3985928017944582,2.302732629859251,0.24432111716538954,0.0,0.0,0.0,0.158,0.036321742853864865,,,,0.0,20.224347464435482,20.235990451556205,12.964375968092746,27.58084344651769,0.9965
house-nj-4,HOUSE,NJ,4,False,standard,Chris Smith,R,-1,Rachel Peace,Chris Smith,,-30.53695687107094,-2.0,5.412096666495109,-2.87931398118424,-0.0359936217635276,-0.0,0.0,0.0,-0.6265000000000001,-0.016968744080981875,,,,0.0,-26.618152969798206,-26.61947473079416,-33.75342815366295,-19.300437939032143,0.00145
house-nj-5,HOUSE,NJ,5,False,standard,Josh Gottheimer,D,1,Josh Gottheimer,Sean Kirrane,,1.5426974936227071,2.0,10.108780542572298,5.764249222090967,0.6377379777466669,0.0,0.0,0.0,0.5660000000000001,0.26069311334777645,,,,0.0,18.15188509770397,18.245544849187798,10.980016490750382,25.61485635512928,0.99535
house-nj-6,HOUSE,NJ,6,False,standard,Frank Pallone,D,1,Frank Pallone,Hillary Herzig,,6.589506910899613,2.0,9.844926059860338,5.136164539520171,0.20194394713980268,0.0,0.0,0.0,0.309,0.0450671575366993,,,,0.0,21.770780560496615,21.84676037875151,14.574081527752961,29.154359513188748,0.99735
house-nj-7,HOUSE,NJ,7,False,standard,Thomas Kean Jr.,R,-1,Rebecca Bennett,Thomas Kean Jr.,,-1.1969676211353153,-2.0,4.184102499735708,-0.1760146501612592,-0.24300146459684743,-0.0,0.0,0.0,-0.4455,-1.3326002323511876,2.0,4.519672251486773,0.10997898920063201,0.34812445102926903,3.741001709959397,4.102870893493659,-2.2343696746882005,10.295032761483597,0.80015
house-nj-8,HOUSE,NJ,8,False,same_party,Rob Menendez,D,1,Rob Menendez,,D,24.811967664433183,0.0,1.4689350950109177,,,,,0.0,0.468,,,,,,,,,,1.0
house-nj-9,HOUSE,NJ,9,False,standard,Nellie Pou,D,1,Nellie Pou,Rosie Pino,,-1.1707415175108455,1.0,6.356050412977262,1.88193531688059,0.722494310582266,0.0,0.0,0.0,0.346,0.2878047383677456,,,,0.0,15.589880269056478,15.688967377464476,8.305701674623176,22.868649903406702,0.98975
house-nj-10,HOUSE,NJ,10,False,standard,LaMonica McIver,D,1,LaMonica McIver,Carmen Bucco,,51.66747780945097,2.0,2.433459933561772,4.468671940968306,1.086613848799262e-11,0.0,0.0,0.0,-0.7625,-5.983922097901491e-12,,,,0.0,62.19517437795701,62.262619889471736,55.04004654389074,69.47985491331771,0.99995
house-nj-11,HOUSE,NJ,11,False,standard,Analilia Mejia,D,1,Analilia Mejia,Joe Hathaway,,8.896444150169497,0.0,,-0.075501282829264,-0.008621469734825,0.0,0.0,0.0,0.0,0.0,,,,0.0,19.6680411776077,19.706870584081965,12.53878531705047,26.975246317626556,0.9964
house-nj-12,HOUSE,NJ,12,False,standard,Bonnie Watson Coleman,,0,Adam Hamawy,Gregg Mele,,24.53718857974177,0.0,,2.7032364785647616,0.0034287258619064634,0.0,0.0,0.0,0.0255,7.00778882544936e-05,,,,0.0,32.17784657330917,32.23568717651251,24.022214785501717,40.55339309200278,0.99895
house-nm-1,HOUSE,NM,1,False,standard,Melanie Stansbury,D,1,Melanie Stansbury,Didi Okpareke,,12.99640454650893,2.0,-0.1351058694813423,2.545098087771315,0.1599424730260561,0.0,0.0,0.0,-0.1649999999999999,-0.02246649525279624,,,,0.0,21.88995133272305,21.951723650441025,14.671538492678716,29.21135695268478,0.99685
house-nm-2,HOUSE,NM,2,False,standard,Gabe Vasquez,D,1,Gabe Vasquez,Greg Cunningham,,-1.8466859656378058,2.0,6.128641962690037,1.102888155146477,0.7021900771181607,0.0,0.0,0.0,-0.1959999999999999,-0.27037802339673744,2.0,2.9261277808911856,0.11005846545564889,0.3478974557523761,12.252130472378587,9.063641734985106,2.834377589783819,15.209733038791734,0.96385
house-nm-3,HOUSE,NM,3,False,standard,Teresa Leger Fernandez,,0,Teresa Leger Fernández,Martin Zamora,,5.320573111539808,1.0,,1.3384049583296245,0.5460610299854645,0.0,0.0,0.0,-0.1549999999999999,-0.13701794420451274,,,,0.0,14.684993276502006,14.726437600167891,6.541892254827261,23.009480708347333,0.9776
house-nv-1,HOUSE,NV,1,False,standard,Dina Titus,D,1,Dina Titus,Carrie Buck,,2.3001314794627863,1.0,5.603080209551462,-0.0039612007823134,-0.0012659115863620873,0.0,0.0,0.0,-0.0569999999999999,-0.03946785066128675,,,,0.0,15.41808205091959,15.44309210313294,8.162884246873126,22.750685380618897,0.98905
house-nv-2,HOUSE,NV,2,False,standard,Mark Amodei,,0,Teresa Benitez-Thompson,David Flippo,,-14.269321190402676,0.0,,-2.081902387467621,-2.7311592719723126,0.0,0.0,0.0,0.3605,1.0246700329746135,3.0,-1.8833271928565753,0.17795711363849578,0.3877084916610703,-7.674601113413272,-5.393940789434515,-12.126324880160949,1.3871585693846262,0.15015
house-nv-3,HOUSE,NV,3,False,standard,Susie Lee,D,1,Susie Lee,Martin O'Donnell,,-0.7494067306702425,2.0,3.617845519200176,0.2737094067273298,0.18276399326244167,0.0,0.0,0.0,0.3925000000000002,0.5678487553472004,,,,0.0,12.27726777260931,12.280082004168415,5.0585357444336125,19.628513796955733,0.9783
house-nv-4,HOUSE,NV,4,False,standard,Steven Horsford,D,1,Steven Horsford,Cody Whipple,,2.359334791654918,2.0,6.082326887381565,1.3478409277054328,0.40216101374591,0.0,0.0,0.0,0.1159999999999999,0.07499139256258137,,,,0.0,16.252477333413342,16.226294699400796,8.972151134299601,23.530995337018037,0.99255
house-ny-1,HOUSE,NY,1,False,standard,Nick LaLota,R,-1,Chris Gallant,Nick LaLota,,-10.19098649580888,0.0,0.1150856651121694,-1.9182069368577728,-3.111526677862102,0.0,0.0,0.0,-0.3095,-1.0877543456361036,1.0,-7.466334577554389,0.21,0.004662010457780717,-6.446556401390582,-6.467075740018618,-13.664168363497765,0.7922924446974532,0.124
house-ny-2,HOUSE,NY,2,False,standard,Andrew Garbarino,R,-1,Patrick Halpin,Andrew Garbarino,,-14.07654671761222,-1.0,5.3370012983088335,-2.382738044101273,-2.157596085790147,-0.0,0.0,0.0,-0.5135,-1.0074567160490286,,,,0.0,-12.598986800942782,-12.557070195724537,-19.885111778918546,-5.317189024798502,0.0237
house-ny-3,HOUSE,NY,3,False,standard,Tom Suozzi,D,1,Tom Suozzi,Mike LiPetri,,-4.3468453348013485,1.0,8.046994457016226,1.5842487786789468,0.9430338767016547,0.0,0.0,0.0,-0.1234999999999999,-0.1592806329221238,,,,0.0,13.007019477591598,13.05449918635719,5.8068188460811045,20.28231576442263,0.98175
house-ny-4,HOUSE,NY,4,False,standard,Laura Gillen,D,1,Laura Gillen,Jeanine Driscoll,,1.2928081522715966,2.0,1.125822512392883,2.901899652082301,1.2390955820437382,0.0,0.0,0.0,0.36,0.3330558151108338,,,,0.0,15.616651313045091,15.594765911887457,8.43987982654038,22.929861714583698,0.991
house-ny-5,HOUSE,NY,5,False,standard,Gregory Meeks,D,1,Gregory Meeks,George Marsh,,42.80056553350199,0.0,6.95871981176503,5.100909761411157,6.416191505648027e-09,0.0,0.0,0.0,0.53,2.4559755263286066e-09,,,,0.0,54.30824981414044,54.30129319195866,47.126961078493146,61.431923134614195,0.9999
house-ny-6,HOUSE,NY,6,False,standard,Grace Meng,D,1,Grace Meng,Joseph Chou,,6.526551363448394,0.0,17.034007473833675,3.292268395120239,0.056633567893108756,0.0,0.0,0.0,-2.0685,-0.08460583096831338,,,,0.0,25.39549258781866,25.375365294599003,18.10972729955754,32.648942149168235,0.99855
house-ny-7,HOUSE,NY,7,False,standard,Nydia Velázquez,,0,Claire Valdez,Melvin Rivera,,47.1903032424627,1.0,,,0.0,0.0,0.0,0.0,0.0,0.0,,,,0.0,53.91648284005544,53.9572272629495,45.57859394906565,62.03805952117776,0.9999
house-ny-8,HOUSE,NY,8,False,standard,Hakeem Jeffries,D,1,Hakeem Jeffries,Lewis Mizrahi,,44.70400544553402,2.0,6.193204163217225,6.741222006781704,2.215810100297528e-09,0.0,0.0,0.0,0.015,2.4004609419889887e-11,,,,0.0,55.69997984247375,55.6452151413908,48.516152444022126,62.996896676185365,0.9999
house-ny-9,HOUSE,NY,9,False,standard,Yvette Clarke,D,1,Yvette Clarke,Joel Azumah,,41.46428833112162,2.0,7.162515442875766,,0.0,0.0,0.0,0.0,0.068,7.502613836180352e-10,,,,0.0,53.145689586747,53.05860352407794,45.883756117823125,60.26411576346941,1.0
house-ny-10,HOUSE,NY,10,False,standard,Dan Goldman,,0,Brad Lander,Jennifer Moore,,61.892367529836285,2.0,,,0.0,0.0,0.0,0.0,0.0,0.0,,,,0.0,67.7720102162699,67.75798124207715,59.56428123717028,75.93932950627271,1.0
house-ny-11,HOUSE,NY,11,False,standard,Nicole Malliotakis,R,-1,Michael DeCillis,Nicole Malliotakis,,-24.82593754669057,-2.0,3.250007789762239,-3.820946438532169,-0.35813597152747517,-0.0,0.0,0.0,-0.1365,-0.03530623785975027,,,,0.0,-19.90681720904957,-19.912672927664175,-27.27405221449287,-12.637244511027431,0.0042
house-ny-12,HOUSE,NY,12,False,standard,Jerry Nadler,,0,Micah Lasher,Caroline Shinkle,,64.89941854165914,1.0,,2.9216799192690206,4.6362731223337205e-15,0.0,0.0,0.0,0.0,0.0,,,,0.0,70.58185183765394,70.57419480368759,62.501063308942726,78.7764750589539,0.99995
house-ny-13,HOUSE,NY,13,False,standard,Adriano Espaillat,,0,Darializa Avila Chevalier,Jomo Williams,,60.27299582357136,0.0,,,0.0,0.0,0.0,0.0,0.0,0.0,,,,0.0,66.25549031850893,66.12408719856296,58.03059035553611,74.34904839265387,1.0
house-ny-14,HOUSE,NY,14,False,standard,Alexandria Ocasio-Cortez,D,1,Alexandria Ocasio-Cortez,Diamant Hysenaj,,32.36610727477116,2.0,6.1515586588277325,4.634311560156069,7.925826651362318e-06,0.0,0.0,0.0,-0.347,-1.9863002235719675e-06,,,,0.0,43.86618610559695,43.79604473378251,36.6458764837161,51.112884850868895,0.9999
house-ny-15,HOUSE,NY,15,False,standard,Ritchie Torres,D,1,Ritchie Torres,Stylo Sapaskis,,48.80797713394829,0.0,8.035282517873483,6.601886794374569,4.1989532045645917e-11,0.0,0.0,0.0,0.6200000000000001,1.8801979349328122e-11,,,,0.0,60.610106303246155,60.701597397388056,53.49846747468521,67.91851557301943,0.99995
house-ny-16,HOUSE,NY,16,False,standard,George Latimer,D,1,George Latimer,Joseph Cinquemani,,33.30969325456048,2.0,9.981136065162111,,0.0,0.0,0.0,0.0,1.2135,2.823903852443514e-07,,,,0.0,48.84083733613911,48.85159220184809,41.69885164113194,56.04181559226615,1.0
house-ny-17,HOUSE,NY,17,False,standard,Mike Lawler,R,-1,Cait Conley,Mike Lawler,,0.5597232177745115,-2.0,6.877263421848264,-0.7016754711456092,-0.9537143078009497,-0.0,0.0,0.0,-0.3535,-1.0410306667704892,4.0,2.503280322746475,0.04963980667201168,0.453728609641242,3.529175022904745,3.041580689512433,-2.7650572420940787,8.825086518080814,0.75365
house-ny-18,HOUSE,NY,18,False,standard,Pat Ryan,D,1,Pat Ryan,Jacqueline Auringer,,3.3539403039279723,2.0,11.119021499016792,3.7981200374535495,0.2104404821127761,0.0,0.0,0.0,-0.0259999999999999,-0.003951604608562114,1.0,10.501916264836257,0.08,0.31374103032001466,21.59195176763554,18.146921719496632,11.830715842600583,24.46481372744138,0.9971
house-ny-19,HOUSE,NY,19,False,standard,Josh Riley,D,1,Josh Riley,Peter Oberacker,,1.80061138988952,1.0,0.5404594298880883,1.3953587948041202,0.5796227962502333,0.0,0.0,0.0,-0.1759999999999999,-0.1584033395519013,,,,0.0,14.606230154186775,14.55393142518052,7.438909278765228,21.880849750447517,0.9888
house-ny-20,HOUSE,NY,20,False,standard,Paul Tonko,D,1,Paul Tonko,Ralph Ambrosio,,14.320901440778664,2.0,8.065636612737325,3.435000927966396,0.026378278136858682,0.0,0.0,0.0,-0.0459999999999999,-0.0008763450181023032,,,,0.0,27.527817293681437,27.512574076363244,20.169168930996562,34.8544443002869,0.99865
house-ny-21,HOUSE,NY,21,False,standard,Elise Stefanik,,0,Blake Gendebien,Anthony Constantino,,-20.759985363244855,0.0,,-0.7422264670742905,-0.3990980628907624,0.0,0.0,0.0,-0.558,-0.6500840099880683,5.0,-8.489013375613316,0.09601001285488447,0.47062042095329826,-13.857410297083552,-11.276728113341566,-17.758524690350132,-4.892139008988901,0.01945
house-ny-22,HOUSE,NY,22,False,standard,John Mannion,D,1,John Mannion,Kailee Buller,,7.694014964669066,2.0,1.5523099116897905,2.3326459953207626,0.2519767186941546,0.0,0.0,0.0,-0.128,-0.029958057698436204,,,,0.0,20.100827707662138,20.122876358328156,12.814414093817858,27.370580968335947,0.99655
house-ny-23,HOUSE,NY,23,False,standard,Nick Langworthy,R,-1,Aaron Gies,Nick Langworthy,,-21.18795208389146,-2.0,10.27642821648898,-2.789779796601702,-0.3216298801075249,-0.0,0.0,0.0,-0.4615,-0.11527901879899927,2.0,-19.53076651593053,0.12999999999999998,0.3196986358853168,-20.07849443920756,-19.87499288485263,-26.146045519925597,-13.629907579455049,0.00125
house-ny-24,HOUSE,NY,24,False,standard,Claudia Tenney,R,-1,Alissa Ellman,Claudia Tenney,,-23.23714041522547,-2.0,7.973784829564162,-2.7092184665244248,-0.24714438530790933,-0.0,0.0,0.0,0.1594999999999999,0.03152532051019627,,,,0.0,-20.697466245927384,-20.74037773714366,-27.96560962618179,-13.360980115283951,0.0034
house-ny-25,HOUSE,NY,25,False,standard,Joseph Morelle,D,1,Joseph Morelle,Virginia McIntyre,,18.654098607614007,1.0,3.108762003324924,4.061384204078744,0.01513482733837562,0.0,0.0,0.0,0.126,0.0013772692877921813,,,,0.0,28.93666851137043,28.940369774553005,21.683540672636646,36.28996810275832,0.99935
house-ny-26,HOUSE,NY,26,False,standard,Tim Kennedy,D,1,Tim Kennedy,Dennis Hannon,,19.560710081799225,2.0,10.902353793302002,,0.0,0.0,0.0,0.0,0.402,0.00017669168951691693,,,,0.0,36.04371976362164,35.94961455962584,28.729345666058123,43.220358047125046,0.99975
house-oh-1,HOUSE,OH,1,False,standard,Greg Landsman,D,1,Greg Landsman,Eric Conroy,,-2.6197222469283257,2.0,2.877949597463445,1.248303144638358,1.1585252065637905,0.0,0.0,0.0,0.161,0.32374524673124616,1.0,2.762393733418007,0.075,0.3725433223227235,10.72640809030169,7.777369237283045,1.7801676336848242,13.836868146802368,0.9475
house-oh-2,HOUSE,OH,2,False,standard,David Taylor,R,-1,Jennifer Mazzuckelli,David Taylor,,-42.48019552563594,-2.0,-0.9470432288946152,,0.0,-0.0,0.0,0.0,-0.2115,-4.6663702246727833e-05,,,,0.0,-37.3950144865101,-37.36507737774042,-44.57520535326618,-29.97109992762505,0.0004
house-oh-3,HOUSE,OH,3,False,standard,Joyce Beatty,D,1,Joyce Beatty,Cleophus Dulaney,,40.654067267595785,2.0,0.9510588596842676,5.067003526639993,2.980269492429542e-07,0.0,0.0,0.0,0.372,8.006990702994036e-08,,,,0.0,48.955717842141084,49.04925309467954,41.845094428345384,56.2439909062241,1.0
house-oh-4,HOUSE,OH,4,False,standard,Jim Jordan,R,-1,Joshua Kolasinski,Jim Jordan,,-43.01401244702379,-2.0,-0.2886907093336583,-5.803731675777787,-0.0005207244694053403,-0.0,0.0,0.0,0.3245,0.00012203756523257935,,,,0.0,-36.35405276222349,-36.37453591175335,-43.540187218786116,-29.116624001770994,0.00035
house-oh-5,HOUSE,OH,5,False,standard,Bob Latta,R,-1,Brian Shaver,Bob Latta,,-23.972456468406715,-1.0,,-3.951238896820313,-0.47881968353121696,-0.0,0.0,0.0,-0.1094999999999999,-0.03786665663926037,,,,0.0,-18.927350859562953,-18.7902702673196,-26.30119302284037,-11.617576895849309,0.0047
house-oh-6,HOUSE,OH,6,False,standard,Michael Rulli,R,-1,Elizabeth Kirtley,Michael Rulli,,-34.89692072203759,-2.0,-0.5852160648202238,-3.880388723453233,-0.010915248409866263,-0.0,0.0,0.0,-0.4485,-0.003535630880762514,,,,0.0,-29.737170947201164,-29.686743707585407,-36.95068277719132,-22.467798272355804,0.00095
house-oh-7,HOUSE,OH,7,False,standard,Max Miller,R,-1,Brian Poindexter,Max Miller,,-11.151670963328055,-1.0,6.298498260781678,-1.3603117515799368,-1.6686936261867478,-0.0,0.0,0.0,-0.4004999999999999,-1.0644684150098367,5.0,9.348273852246582,0.13954740917907577,0.3596472238375409,-9.462441014940664,-2.663226666300462,-8.728068706218771,3.440017368107915,0.28325
house-oh-8,HOUSE,OH,8,False,standard,Warren Davidson,R,-1,Vanessa Enoch,Warren Davidson,,-15.774611860237084,-2.0,1.6062013192192517,-3.67805348792612,-2.7955888625739562,-0.0,0.0,0.0,-0.1814999999999998,-0.36645510673573567,,,,0.0,-12.37444415206052,-12.342738379435174,-19.586383017836123,-5.081618433440909,0.02345
house-oh-9,HOUSE,OH,9,False,standard,Marcy Kaptur,D,1,Marcy Kaptur,Derek Merrin,,-10.679051092377328,1.0,7.558986951040739,,0.0,0.0,0.0,0.0,0.3605,1.237612190819462,2.0,-4.007275481613604,0.04002418796640984,0.3748090520583845,4.140930014630091,1.1084532319341764,-4.9841966966206055,7.210471348183298,0.59715
house-oh-10,HOUSE,OH,10,False,standard,Mike Turner,R,-1,Kristina Knickerbocker,Mike Turner,,-7.862840402157268,-2.0,13.100731986134754,-1.2934525386281046,-1.5830736729793635,-0.0,0.0,0.0,-0.4885,-1.2954101600200516,2.0,-11.79887319304498,0.09672959039352653,0.35525230888505055,-9.632048259992013,-10.358473472150683,-16.483851895389773,-4.308877641641153,0.0195
house-oh-11,HOUSE,OH,11,False,standard,Shontel Brown,D,1,Shontel Brown,Mike Kirchner,,55.46192877452597,2.0,4.566635427774672,,0.0,0.0,0.0,0.0,0.525,3.497532432240246e-13,,,,0.0,64.98770056719319,64.99959861653397,57.93193738542804,72.15393583591714,1.0
house-oh-12,HOUSE,OH,12,False,standard,Troy Balderson,R,-1,Jerrad Christian,Troy Balderson,,-30.355763886497893,-2.0,3.8833404841271095,-3.158364324000822,-0.05438450426907722,-0.0,0.0,0.0,-0.4585,-0.018008824316435267,,,,0.0,-25.610361567888454,-25.663452035831938,-32.8069441242818,-18.414372314889043,0.00125
house-oh-13,HOUSE,OH,13,False,standard,Emilia Sykes,D,1,Emilia Sykes,Carey Coleman,,3.32248331777791,2.0,2.294345920441325,3.103949148248991,1.1599795103641535,0.0,0.0,0.0,-0.131,-0.10974695034167521,,,,0.0,15.594528302561075,15.611889099556151,8.312466544398237,23.032640913139318,0.98935
house-oh-14,HOUSE,OH,14,False,standard,David Joyce,R,-1,Maria Jukic,David Joyce,,-20.532469622988483,-1.0,8.624096176095186,-4.199716269992327,-0.5237364669895938,-0.0,0.0,0.0,-0.4715,-0.1783468152451508,,,,0.0,-18.758685203799587,-18.668816432869345,-25.962291658684915,-11.390206415520034,0.0044
house-oh-15,HOUSE,OH,15,False,standard,Mike Carey,R,-1,Don Leonard,Mike Carey,,-10.11469405584615,-2.0,3.491416207919907,-1.7720105349286333,-2.661230594128726,-0.0,0.0,0.0,-0.2584999999999999,-0.8411411064146371,3.0,-5.158117594982221,0.10144921699656761,0.36501438588670065,-7.520489688914163,-6.599566197154541,-12.769563357985646,-0.46537447797542114,0.08435
house-ok-1,HOUSE,OK,1,False,standard,Kevin Hern,,0,John Croisant,Mark Tedford,,-21.998761071705406,0.0,,-2.371493376438966,-1.0047974301329685,0.0,0.0,0.0,0.0,0.0,,,,0.0,-15.088972588728812,-15.156088944874822,-23.369552899593398,-6.865849743845238,0.01955
house-ok-2,HOUSE,OK,2,False,standard,Josh Brecheen,R,-1,Brandon Wade,Josh Brecheen,,-56.511293397442095,-2.0,-1.4880994651168402,-2.55852987063112,-1.3489560772565405e-07,-0.0,0.0,0.0,0.0314999999999999,3.598404432544239e-09,,,,0.0,-49.87872044570997,-49.850423620727824,-57.1456639024947,-42.77067272663563,0.0001
house-ok-3,HOUSE,OK,3,False,standard,Frank Lucas,R,-1,Suzie Byrd,Frank Lucas,,-46.41821356574914,-2.0,,,0.0,-0.0,0.0,0.0,-0.1514999999999999,-3.271922365174005e-06,,,,0.0,-41.629708444515906,-41.61739581008385,-49.07288560786859,-34.53016708287448,0.00015
house-ok-4,HOUSE,OK,4,False,standard,Tom Cole,R,-1,Mitchell Jacob,Tom Cole,,-33.8874815283935,-2.0,5.52789183283739,-4.151483000326125,-0.009401794573872406,-0.0,0.0,0.0,-0.2724999999999999,-0.0018503254043301658,,,,0.0,-30.09336560984348,-30.032040473640386,-37.29804770975475,-22.925726432092688,0.0006
house-ok-5,HOUSE,OK,5,False,standard,Stephanie Bice,R,-1,Jena Nelson,Stephanie Bice,,-18.120004629945658,-2.0,3.1425896489637166,-1.9009250370295792,-1.0723870081622833,-0.0,0.0,0.0,-0.0914999999999999,-0.11184066716296519,1.0,-8.032163007446409,0.09,0.304009221592544,-13.719762249426118,-11.96745356040288,-18.409884034893008,-5.693913671323094,0.0133
house-or-1,HOUSE,OR,1,False,standard,Suzanne Bonamici,D,1,Suzanne Bonamici,Barbara Kahl,,39.11033167782459,2.0,2.9117732858649115,3.928886291229188,3.900622818901808e-07,0.0,0.0,0.0,-0.0519999999999999,-1.464900569765343e-08,,,,0.0,48.55830173936419,48.57643024023449,41.37525917642862,55.73015039120799,0.99985
house-or-2,HOUSE,OR,2,False,standard,Cliff Bentz,R,-1,Chris Beck,Cliff Bentz,,-27.87852040916719,-1.0,4.139821977072383,-2.8906137222995265,-0.11810690863555022,-0.0,0.0,0.0,-0.2704999999999999,-0.023946641562246775,,,,0.0,-23.275699777842416,-23.286590266590032,-30.557331752837197,-16.07280453025872,0.002
house-or-3,HOUSE,OR,3,False,standard,Maxine Dexter,D,1,Maxine Dexter,Loran Ayles,,47.613763803262344,2.0,-1.7741002875993097,3.8315948914951576,1.6985362333860485e-09,0.0,0.0,0.0,0.546,6.697894546985652e-10,,,,0.0,56.04257606058096,56.04513520354959,48.86960064204577,63.23114756233811,0.99985
house-or-4,HOUSE,OR,4,False,standard,Val Hoyle,D,1,Val Hoyle,Monique DeSpain,,12.442914801419136,2.0,-4.195091537067758,0.7506926118244909,0.10261816180833999,0.0,0.0,0.0,-0.003,-0.0008885368541633607,,,,0.0,19.108665668978485,19.085835541194196,11.894048644673768,26.315113597152937,0.9956
house-or-5,HOUSE,OR,5,False,standard,Janelle Bynum,D,1,Janelle Bynum,Patti Adair,,8.808655945204382,1.0,-5.740760742481606,2.1875678219046937,0.5126182527906178,0.0,0.0,0.0,-0.1859999999999999,-0.09443600047780336,,,,0.0,17.260164057431606,17.20542249171239,9.996889191621037,24.48364174419811,0.9931
house-or-6,HOUSE,OR,6,False,standard,Andrea Salinas,D,1,Andrea Salinas,David Russ,,11.741786607103235,0.0,-4.75375163830037,4.132405773482974,0.5238898664263227,0.0,0.0,0.0,-0.1429999999999999,-0.05410618120480741,,,,0.0,18.5252178352812,18.569861240819137,11.387140726941192,25.899609990497833,0.99595
house-pa-1,HOUSE,PA,1,False,standard,Brian Fitzpatrick,R,-1,Bob Harvie,Brian Fitzpatrick,,0.3223803661609427,-1.0,13.00458470436702,-1.719833311783359,-2.8154622467627477,-0.0,0.0,0.0,-0.7905,-2.803866473630863,5.0,-5.343351702792119,0.08825934852738859,0.3745325573462076,-3.688308674336228,-4.287410575947314,-10.409962569507607,1.862508663833715,0.18165
house-pa-2,HOUSE,PA,2,False,standard,Brendan Boyle,D,1,Brendan Boyle,Jessica Arriaga,,36.16987750404209,2.0,6.875239725748949,,0.0,0.0,0.0,0.0,0.468,2.0207837458701522e-07,,,,0.0,47.92089539962116,47.92373922468511,40.618463524307764,55.19709006140951,0.9999
house-pa-3,HOUSE,PA,3,False,same_party,Dwight Evans,,0,Chris Rabb,,D,78.25794319536355,0.0,,,,,,0.0,0.0,,,,,,,,,,1.0
house-pa-4,HOUSE,PA,4,False,standard,Madeleine Dean,D,1,Madeleine Dean,Aurora Stuski,,15.969585034454454,2.0,2.289383330634817,,0.0,0.0,0.0,0.0,-0.007,-0.00024251688053179238,,,,0.0,25.889122132447692,25.963117624423134,18.56899551660139,33.23912460372541,0.999
house-pa-5,HOUSE,PA,5,False,standard,Mary Gay Scanlon,D,1,Mary Gay Scanlon,Nicholas Manganaro,,28.934375196073226,2.0,1.76660720044707,3.7871637415687354,0.00020627463540780344,0.0,0.0,0.0,-0.0849999999999999,-1.2662970673645696e-05,,,,0.0,38.14379042121122,38.13570835598741,30.851439087398212,45.43428118900515,0.9998
house-pa-6,HOUSE,PA,6,False,standard,Chrissy Houlahan,D,1,Chrissy Houlahan,Marty Young,,11.526010296683289,2.0,0.9975946698571372,2.508355249645427,0.19585575539518152,0.0,0.0,0.0,-0.0529999999999999,-0.008966341289865485,,,,0.0,21.208471073973154,21.17258986446945,14.009027264733394,28.53155299456307,0.9972
house-pa-7,HOUSE,PA,7,False,standard,Ryan Mackenzie,R,-1,Bob Brooks,Ryan Mackenzie,,-3.2388654010275633,-2.0,-2.355699136867992,-0.6317339165053999,-0.899990530659357,-0.0,0.0,0.0,0.1665000000000001,0.5139372375815572,2.0,5.5494666740658944,0.1492719592603121,0.31389782732232874,4.486564977179328,4.758028636633481,-1.5113354506101166,11.061258369468318,0.83715
house-pa-8,HOUSE,PA,8,False,standard,Rob Bresnahan,R,-1,Paige Cognetti,Rob Bresnahan,,-8.56734175384965,0.0,-7.067747166199494,-0.1608595686124057,-0.26559194064670366,0.0,0.0,0.0,0.2355,0.8424633292503385,3.0,-4.93433637738774,0.08381650057006289,0.346744989038095,2.1581627062008093,-0.30375542898077934,-6.488360305868804,5.925892470314903,0.47405
house-pa-9,HOUSE,PA,9,False,standard,Dan Meuser,R,-1,Rachel Wallace,Dan Meuser,,-38.286959054699274,-2.0,2.608873568153924,-1.0679900369395,-0.0009194665304641659,-0.0,0.0,0.0,-0.2885,-0.0005381540874650818,,,,0.0,-33.031529270668656,-33.03571669780001,-40.41497548465533,-25.866933929343748,0.00045
house-pa-10,HOUSE,PA,10,False,standard,Scott Perry,R,-1,Janelle Stelson,Scott Perry,,-5.291422535038262,-2.0,-4.151129385491565,0.1494422773900157,0.20175334401665798,-0.0,0.0,0.0,0.0825,0.24131999908472374,4.0,3.534801943628483,0.08998493280028842,0.3407694487376157,6.054380680092475,5.13750765718506,-1.0859183108541532,11.347110519042806,0.8571
house-pa-11,HOUSE,PA,11,False,standard,Lloyd Smucker,R,-1,Nancy Mannion,Lloyd Smucker,,-21.57463662043542,-2.0,4.095484210414823,-2.380551743247054,-0.5846196297156944,-0.0,0.0,0.0,-0.1405,-0.07475912231305074,,,,0.0,-17.299705360209813,-17.283454762939783,-24.481638215900265,-9.994588824516702,0.0068
house-pa-12,HOUSE,PA,12,False,standard,Summer Lee,D,1,Summer Lee,James Hayes,,19.36501513829129,2.0,-6.417284853198422,3.542230104311741,0.08156904313762547,0.0,0.0,0.0,-0.3674999999999999,-0.021649783532778088,,,,0.0,24.42822782610203,24.491711868321445,17.270997726973615,31.62165994468828,0.9982
house-pa-13,HOUSE,PA,13,False,standard,John Joyce,R,-1,Beth Farnham,John Joyce,,-45.903263915331515,-1.0,2.371768990263837,-3.974147881246629,-4.713237411287804e-05,-0.0,0.0,0.0,-0.5894999999999999,-2.0066608278557824e-05,,,,0.0,-40.83526941276844,-40.86809065573583,-48.08338593998284,-33.6480171247385,0.00015
house-pa-14,HOUSE,PA,14,False,standard,Guy Reschenthaler,R,-1,Alan Bradstock,Guy Reschenthaler,,-33.59611755448029,-2.0,-0.5736424213984757,-3.0867150593980157,-0.03948071988370868,-0.0,0.0,0.0,0.0464999999999999,0.0013258941760945471,,,,0.0,-26.46363955928068,-26.48088947996,-33.65281814863745,-19.153341063704993,0.0014
house-pa-15,HOUSE,PA,15,False,standard,Glenn Thompson,R,-1,Ray Bilger,Glenn Thompson,,-38.28705018459166,-2.0,4.520306171266205,-2.854702730775781,-0.00150565570115113,-0.0,0.0,0.0,-0.1865000000000001,-0.00021312564983189946,,,,0.0,-34.08317291078672,-34.047777254632464,-41.24356628901994,-26.82652981316672,0.0003
house-pa-16,HOUSE,PA,16,False,standard,Mike Kelly,R,-1,Justin Wagner,Mike Kelly,,-22.959797174936618,-2.0,4.221778839893523,-3.309944842356144,-0.5137044241724318,-0.0,0.0,0.0,-0.2385,-0.08848558706370137,,,,0.0,-18.73574776535342,-18.717203251212243,-26.060946396909088,-11.442716807251571,0.00505
house-pa-17,HOUSE,PA,17,False,standard,Chris Deluzio,D,1,Chris Deluzio,Tony Guy,,5.556475855381876,1.0,2.318801483224491,3.1461326511754963,0.7618889877103545,0.0,0.0,0.0,-0.119,-0.06548012577710657,,,,0.0,17.190890126987988,17.184841027837088,9.82789696558175,24.567399578234212,0.99305
house-ri-1,HOUSE,RI,1,False,standard,Gabe Amo,D,1,Gabe Amo,Kellie Keenan,,22.659710215618045,2.0,10.12108999602192,4.280622740988987,0.00016007156921967806,0.0,0.0,0.0,-0.126,-1.4566512798990702e-05,,,,0.0,38.61944856553677,38.737280600486244,31.405385650304122,45.98642136650846,0.9997
house-ri-2,HOUSE,RI,2,False,standard,Seth Magaziner,D,1,Seth Magaziner,Vic Mellor,,6.934426897530219,2.0,9.9531269699233,-0.2676043123476803,-0.016174468042221255,0.0,0.0,0.0,0.01,0.001309570852976945,,,,0.0,21.866204019379254,21.844744349443275,14.634473905383407,29.036164852152837,0.99795
house-sc-1,HOUSE,SC,1,False,standard,Nancy Mace,,0,Nancy Lacore,Jenny Costa Honeycutt,,-13.209432555402822,-1.0,,1.3771859224041345,1.970205169437558,-0.0,0.0,0.0,0.0,0.0,2.0,-5.622223614049836,0.17584399943018852,0.3429087491627994,-2.8402585209631077,-3.820719001834963,-10.808202219173625,3.3530580504629808,0.24325
house-sc-2,HOUSE,SC,2,False,standard,Joe Wilson,R,-1,Zyon Khalifa,Joe Wilson,,-14.123469393416519,-2.0,5.083766349706159,-3.18960815411455,-2.74797423318295,-0.0,0.0,0.0,-0.3265,-0.6479875907080573,,,,0.0,-12.741659237390351,-12.703593870956654,-20.11062884114343,-5.322394336536639,0.02285
house-sc-3,HOUSE,SC,3,False,standard,Sheri Biggs,R,-1,Eunice Lehmacher,Sheri Biggs,,-43.61925875397908,-2.0,4.062430794403936,-2.3504465086640627,-2.7712792493977134e-05,-0.0,0.0,0.0,0.0055,1.4050271271262852e-07,,,,0.0,-41.33826939679058,-41.29326071730188,-48.73908349670587,-34.22844430271233,0.00025
house-sc-4,HOUSE,SC,4,False,standard,William Timmons,R,-1,Courtney McClain,William Timmons,,-23.96239999770522,-2.0,-0.8825024847807912,-4.182328735773561,-0.7865257897831056,-0.0,0.0,0.0,-0.0914999999999999,-0.051976245941500174,,,,0.0,-17.193475658113318,-17.20078911349745,-24.590421237814432,-9.863920891576544,0.00745
house-sc-5,HOUSE,SC,5,False,standard,Ralph Norman,,0,Mallory Dittmer,Wes Climer,,-23.088838343075633,-1.0,,-1.7084256700567788,-0.5764116124433364,-0.0,0.0,0.0,0.0,0.0,,,,0.0,-15.78046061457849,-15.792140172991193,-23.97279595685813,-7.490895483721274,0.0164
house-sc-6,HOUSE,SC,6,False,standard,Jim Clyburn,D,1,Jim Clyburn,John Peterson,,23.044582639922922,2.0,0.7520332985104341,,0.0,0.0,0.0,0.0,0.103,0.0003226813267431169,,,,0.0,31.88015315878453,31.931596722398076,24.65757082654753,39.148521951980676,0.9994
house-sc-7,HOUSE,SC,7,False,standard,Russell Fry,R,-1,John Vincent,Russell Fry,,-26.624063961841426,-2.0,3.211281233000242,-1.9979614653614692,-0.1422286963693854,-0.0,0.0,0.0,0.1385,0.021362004243889676,1.0,-9.277327418301102,0.22,0.22045458963839942,-21.456718770161164,-18.779966879392198,-25.29457064758822,-12.176664689394986,0.00325
house-sd-al,HOUSE,SD,0,False,standard,Dusty Johnson,,0,Nikki Gronli,Marty Jackley,,-29.890199073853058,0.0,,-1.6300692444743894,-0.08982038887782777,0.0,0.0,0.0,0.0,0.0,1.0,-11.222237066309532,0.1,0.3713698672409071,-22.273142460636347,-18.092570379306324,-24.96690460060823,-11.215661174878859,0.0041
house-tn-1,HOUSE,TN,1,False,standard,Diana Harshbarger,R,-1,Kristi Burke,Diana Harshbarger,,-58.4412194612654,-2.0,1.6563396393269647,-3.1003061328956925,-1.0477252158567042e-08,-0.0,0.0,0.0,-0.0215,-1.6268844323997158e-10,,,,0.0,-53.65417997949483,-53.65432761784814,-60.85655576163846,-46.460784863579036,0.00015
house-tn-2,HOUSE,TN,2,False,standard,Tim Burchett,R,-1,Michaela Barnett,Tim Burchett,,-34.325708961516874,-2.0,4.058296347738071,-2.070967037829489,-0.007523563011949326,-0.0,0.0,0.0,0.0464999999999999,0.00036601208981497184,,,,0.0,-29.733569826279535,-29.73927431944385,-37.069370157892195,-22.49893614873984,0.00065
house-tn-3,HOUSE,TN,3,False,standard,Chuck Fleischmann,R,-1,Anna Golladay,Chuck Fleischmann,,-36.206458812861825,-2.0,2.900817689221987,-4.169554931040088,-0.00627546162768823,-0.0,0.0,0.0,-0.1265,-0.0005733331470407386,,,,0.0,-31.041443379087692,-31.018592281701316,-38.330371573599294,-23.786506751420557,0.00055
house-tn-4,HOUSE,TN,4,False,standard,Scott DesJarlais,R,-1,Victoria Broderick,Scott DesJarlais,,-24.276339895406547,-2.0,0.4256528129548362,-2.001929890082561,-0.411177120517641,-0.0,0.0,0.0,-0.0744999999999997,-0.03315342886499309,,,,0.0,-17.840757744959976,-17.858300519373408,-25.274596988823916,-10.479776477981517,0.0056
house-tn-5,HOUSE,TN,5,False,standard,Andy Ogles,,0,Chaz Molder,Charlie Hatcher,,-23.390548243207476,0.0,,1.2600334787356715,0.3979533572797944,0.0,0.0,0.0,0.0,0.0,1.0,-13.314289432711215,0.12,0.34401199592871945,-15.115742795486957,-14.491974126058306,-21.44337040568524,-7.5415278507769115,0.01085
house-tn-6,HOUSE,TN,6,False,standard,John Rose,,0,Mike Croley,Johnny Garrett,,-26.87603213256081,-1.0,,-4.409684300615743,-0.4013828026111914,-0.0,0.0,0.0,0.0,0.0,,,,0.0,-19.489478327211312,-19.470155367246402,-27.749096184325513,-11.246669952425462,0.00865
house-tn-7,HOUSE,TN,7,False,standard,Matt Van Epps,R,-1,Darden Copeland,Matt Van Epps,,-22.72632896191422,-2.0,,-1.292893131043007,-0.28294009382442287,-0.0,0.0,0.0,0.0,0.0,,,,0.0,-17.41478969286796,-17.40812155007839,-24.79674582463153,-10.039855156183386,0.0063
house-tn-8,HOUSE,TN,8,False,standard,David Kustoff,R,-1,Heidi Kuhn,David Kustoff,,-20.43242219556846,-2.0,5.589980351150671,-4.1955003674277975,-0.7991923169842484,-0.0,0.0,0.0,-0.1494999999999999,-0.08629057044771589,,,,0.0,-17.16997255063881,-17.126177000864608,-24.443480630370754,-9.864670857568665,0.0068
house-tn-9,HOUSE,TN,9,False,standard,Steve Cohen,,0,Justin Pearson,Brent Taylor,,-21.425243647535822,0.0,,0.40894136279688,0.19400154115183507,0.0,0.0,0.0,0.0,0.0,1.0,-9.72090233003675,0.08,0.3722177573474767,-13.299994290710817,-12.037914386253082,-18.8026990851347,-5.091042067340609,0.02055
house-tx-1,HOUSE,TX,1,False,standard,Nathaniel Moran,R,-1,Yolanda Prince,Nathaniel Moran,,-49.90366327371402,-2.0,,-4.0808776873589006,-3.29070564288979e-06,-0.0,0.0,0.0,-0.0324999999999999,-7.724017411782954e-08,,,,0.0,-45.28599794539881,-45.29029608376719,-52.53943552471956,-37.92028844980043,0.00015
house-tx-2,HOUSE,TX,2,False,standard,Dan Crenshaw,,0,Shaun Finnie,Steve Toth,,-23.13431489842665,-1.0,,1.1769781686931509,0.3932036366576808,-0.0,0.0,0.0,0.5614999999999999,0.4064348886733721,,,,0.0,-14.451090210676815,-14.464942041226166,-22.836393540330334,-6.075814312540139,0.0235
house-tx-3,HOUSE,TX,3,False,standard,Keith Self,R,-1,Evan Hunt,Keith Self,,-23.981599143217043,-2.0,4.377038951909401,-0.5321954762621353,-0.06788372035356893,-0.0,0.0,0.0,-0.0894999999999999,-0.024734867842830643,,,,0.0,-19.360031760357213,-19.306517893482123,-26.582684774106934,-11.95001814704191,0.00395
house-tx-4,HOUSE,TX,4,False,standard,Pat Fallon,R,-1,Jason Pearce,Pat Fallon,,-25.158856069593824,-2.0,3.9926543055347343,-3.609844240555603,-0.29113862272189334,-0.0,0.0,0.0,-0.0415,-0.008726071497692302,,,,0.0,-20.563035843951393,-20.604189722242346,-27.862382247243737,-13.310489679257415,0.00305
house-tx-5,HOUSE,TX,5,False,standard,Lance Gooden,R,-1,Chelsey Hockett,Lance Gooden,,-21.843996130993506,-2.0,0.7706207290556284,-4.400731468227505,-1.0370124062780717,-0.0,0.0,0.0,0.0304999999999999,0.022843078838291894,,,,0.0,-16.10300477809067,-16.10894296194938,-23.510376683310007,-8.826166759296143,0.00845
house-tx-6,HOUSE,TX,6,False,standard,Jake Ellzey,R,-1,Danny Minton,Jake Ellzey,,-23.274848423140842,-2.0,1.933670214497201,-4.464409443518912,-0.6461807158882164,-0.0,0.0,0.0,0.3874999999999999,0.1808408531270494,,,,0.0,-17.663823216372013,-17.759514406889497,-25.123879719486172,-10.529860905749464,0.00555
house-tx-7,HOUSE,TX,7,False,standard,Lizzie Fletcher,D,1,Lizzie Fletcher,Alexander Hale,,24.093375271886345,2.0,1.041189715720237,3.326006034067751,0.0025516491404867815,0.0,0.0,0.0,0.192,0.0003538286808141671,,,,0.0,33.059413073761824,33.01134445495423,25.67830577557295,40.31074260505811,0.9994
house-tx-8,HOUSE,TX,8,False,standard,Morgan Luttrell,,0,Laura Jones,Jessica Hart Steinmann,,-27.993926866059134,0.0,,-3.647668193418901,-0.2934373300824442,0.0,0.0,0.0,-0.123,-0.026067016155657128,,,,0.0,-20.554711461163663,-20.502754983621116,-28.781803273190256,-12.262055695460568,0.00655
house-tx-9,HOUSE,TX,9,False,standard,None (new seat),,0,Leticia Gutierrez,Alex Mealer,,-19.967725626975657,0.0,,-3.2658243281499675,-1.8573833323533815,0.0,0.0,0.0,0.0,0.0,1.0,-5.368380689670122,0.16,0.3559774114493463,-13.846803040526854,-10.839659154817333,-17.738358828822943,-3.938862783788863,0.03075
house-tx-10,HOUSE,TX,10,False,standard,Michael McCaul,,0,Caitlin Rourk,Chris Gober,,-22.935141814419953,0.0,,-1.8936915323748045,-0.6604513589610631,0.0,0.0,0.0,0.0,0.0,1.0,-8.211608457568898,0.10999999999999999,0.4148602278455012,-15.706717812725026,-12.591482792075494,-19.36492448952911,-5.854723238271511,0.01635
house-tx-11,HOUSE,TX,11,False,standard,August Pfluger,R,-1,Claire Reynolds,August Pfluger,,-34.776226874930764,-2.0,,-3.942460227073517,-0.011865385399755405,-0.0,0.0,0.0,0.2495,0.0021380765302281475,,,,0.0,-29.529571185616806,-29.548269670663498,-36.862545526599774,-22.391432084338987,0.00055
house-tx-12,HOUSE,TX,12,False,standard,Craig Goldman,R,-1,Angela Rodriguez Prilliman,Craig Goldman,,-24.152059215739328,-2.0,3.551298924208573,-4.552849302759294,-0.2393162585670606,-0.0,0.0,0.0,-0.2165,-0.03741975609649956,,,,0.0,-21.224816150612675,-21.194609322839554,-28.49252510115153,-13.898439634530328,0.003
house-tx-13,HOUSE,TX,13,False,standard,Ronny Jackson,R,-1,Mark Nair,Ronny Jackson,,-46.66045241939511,-1.0,,-4.123729160530777,-2.581267400282108e-05,-0.0,0.0,0.0,0.3985000000000001,7.429030981756369e-06,,,,0.0,-41.88337245274818,-41.88568137699296,-49.16047118985626,-34.66492850810309,0.00015
house-tx-14,HOUSE,TX,14,False,standard,Randy Weber,R,-1,Thurman Bartie,Randy Weber,,-24.57811033271256,0.0,2.5586414324048965,-3.486899162545146,-0.4241307630444384,0.0,0.0,0.0,-0.1925,-0.058965957473261506,,,,0.0,-19.362111927783086,-19.300281955581873,-26.591409121190466,-11.854339307478314,0.0043
house-tx-15,HOUSE,TX,15,False,standard,Monica De La Cruz,R,-1,Bobby Pulido,Monica De La Cruz,,-18.01759130969824,-2.0,-3.06719418329246,-0.74062669080336,-0.7078063793449215,-0.0,0.0,0.0,0.3185,0.6595028125210058,6.0,6.354770074902882,0.04969518012368585,0.4549179431690502,-9.06125360904841,-1.9776260418376141,-7.936111655343188,3.822897735107054,0.33005
house-tx-16,HOUSE,TX,16,False,standard,Veronica Escobar,D,1,Veronica Escobar,Adam Bauman,,16.63676773389655,2.0,2.880079198126336,,0.0,0.0,0.0,0.0,0.271,0.006598298551822562,,,,0.0,26.85896985480237,26.870046676283003,19.438384287885572,34.00178192058206,0.99905
house-tx-17,HOUSE,TX,17,False,standard,Pete Sessions,R,-1,Casey Shepard,Pete Sessions,,-21.9502302161465,-2.0,3.27939312884149,-3.841873531374521,-0.7474256660715617,-0.0,0.0,0.0,-0.1134999999999999,-0.061268142793810466,,,,0.0,-17.386625422743517,-17.419713149224293,-24.84517090740329,-10.094124794412616,0.00655
house-tx-18,HOUSE,TX,18,False,standard,Christian Menefee,D,1,Christian Menefee,Ronald Whitfield,,55.72034781448782,2.0,,,0.0,0.0,0.0,0.0,0.0,0.0,,,,0.0,64.27933849258906,64.33582185050419,57.1160126044682,71.59764444063424,0.99995
house-tx-19,HOUSE,TX,19,False,standard,Jodey Arrington,,0,Kyle Rable,Tom Sell,,-52.16553105495645,0.0,,-3.738275075790237,-3.128220036386279e-06,0.0,0.0,0.0,0.0,0.0,,,,0.0,-45.36643517333944,-45.36875249393832,-53.576075981992894,-37.08416701995994,0.00025
house-tx-20,HOUSE,TX,20,False,standard,Joaquin Castro,D,1,Joaquin Castro,Edgardo Rafael Baez,,28.881561605032594,2.0,,2.294226033327514,0.00011843048606731686,0.0,0.0,0.0,-0.0229999999999999,-2.5724517999917363e-06,,,,0.0,38.68103901596339,38.71675025930497,31.36984500945592,45.97507326544902,0.9998
house-tx-21,HOUSE,TX,21,False,standard,Chip Roy,,0,Kristin Hook,Mark Teixeira,,-22.084735744258868,0.0,,-2.696274309601862,-1.1227596072748678,0.0,0.0,0.0,-0.1799999999999999,-0.16240048176027608,,,,0.0,-15.457739950050524,-15.581201181603282,-23.739348411649846,-7.158495200013702,0.0167
house-tx-22,HOUSE,TX,22,False,standard,Troy Nehls,,0,Marquette Greene-Scott,Trever Nehls,,-22.728896297178235,1.0,,-3.0907369778590583,-1.093296971953582,0.0,0.0,0.0,-0.1964999999999999,-0.15515706193641246,,,,0.0,-16.08294026370523,-16.055764483830693,-24.50591586093806,-7.786991002016321,0.01615
house-tx-23,HOUSE,TX,23,False,standard,Vacant,,0,Katy Padilla Stout,Brandon Herrera,,-14.973852558895206,0.0,,-1.4077439537212355,-1.7267549371767634,0.0,0.0,0.0,0.2704999999999999,0.7188965626562731,1.0,-6.533219017196253,0.18,0.04749047839840548,-7.737904030415381,-7.728341677549574,-15.951617302748236,0.6198993306072338,0.1146
house-tx-24,HOUSE,TX,24,False,standard,Beth Van Duyne,R,-1,Kevin Burge,Beth Van Duyne,,-16.38594296670372,-2.0,4.150819196649517,-2.9824077077977607,-2.076315145339885,-0.0,0.0,0.0,0.0064999999999999,0.009804641471524952,,,,0.0,-13.329454835844116,-13.273378062278947,-20.651863304852903,-5.858876546792149,0.01765
house-tx-25,HOUSE,TX,25,False,standard,Roger Williams,R,-1,Dione Sims,Roger Williams,,-24.33804955302802,-2.0,,,0.0,-0.0,0.0,0.0,-0.0375,-0.011770998343818716,,,,0.0,-18.79737096557546,-18.807296271633508,-26.173525022547672,-11.480870781152557,0.00475
house-tx-26,HOUSE,TX,26,False,standard,Brandon Gill,R,-1,Steven Shook,Brandon Gill,,-24.143127359490155,-2.0,3.651963273463141,-4.930306615906332,-0.23611710435286934,-0.0,0.0,0.0,0.3134999999999999,0.05346084771056215,,,,0.0,-21.17694167644673,-21.18924754247593,-28.498593014870927,-13.858212146979326,0.0029
house-tx-27,HOUSE,TX,27,False,standard,Michael Cloud,R,-1,Tanya Lloyd,Michael Cloud,,-21.457064940663432,-2.0,2.6691188187887525,-2.106562829182046,-0.6341454475340873,-0.0,0.0,0.0,-0.1434999999999999,-0.09359625357374092,,,,0.0,-16.462521135614907,-16.519476138875024,-23.797525118254303,-9.282553380183158,0.0069
house-tx-28,HOUSE,TX,28,False,standard,Henry Cuellar,D,1,Henry Cuellar,Tano Tijerina,,-10.459161706977333,1.0,12.783449903273231,0.6455803402855187,0.8429468217725928,0.0,0.0,0.0,0.966,2.732870857234827,3.0,10.510593670074352,0.20921965344801144,0.3015682656165174,9.600242972742583,9.858708043341789,3.4722640801109814,16.24382744593543,0.97095
house-tx-29,HOUSE,TX,29,False,standard,Sylvia Garcia,D,1,Sylvia Garcia,Martha Fierro,,30.845369895153603,2.0,9.494159693134456,4.0407394889597965,6.310003857249462e-06,0.0,0.0,0.0,0.275,1.2532368772037127e-06,,,,0.0,44.238818247042424,44.249340332316656,36.96182444397531,51.53421461547864,0.99975
house-tx-30,HOUSE,TX,30,False,standard,None (new seat),,0,Frederick Haynes III,Everett Jackson,,47.804896337119935,0.0,,2.355646780726939,4.359687563406471e-09,0.0,0.0,0.0,0.0,0.0,,,,0.0,54.499654476566064,54.4988643604079,46.28143875567442,62.76791200728157,0.99995
house-tx-31,HOUSE,TX,31,False,standard,John Carter,R,-1,Justin Early,John Carter,,-22.146914200858628,-2.0,5.50460131947117,-2.333948288272066,-0.41285695826240865,-0.0,0.0,0.0,-0.1985,-0.07607833373669814,,,,0.0,-18.492971900348483,-18.464819475934167,-25.86892321024173,-11.135222733896605,0.0053
house-tx-32,HOUSE,TX,32,False,standard,None (new seat),,0,Dan Barrios,Jace Yarbrough,,-18.113580215751295,1.0,,-1.9920184499570408,-1.6571268117659799,0.0,0.0,0.0,0.0,0.0,,,,0.0,-11.717514504459121,-11.71727881447709,-19.994881040510517,-3.4165856859884722,0.0428
house-tx-33,HOUSE,TX,33,False,standard,Jasmine Crockett,,0,Colin Allred,Patrick Gillespie,,33.340829756235884,2.0,,5.698024768164236,5.1426520335459736e-05,0.0,0.0,0.0,-0.2169999999999998,-8.059678548129545e-06,,,,0.0,40.68121616553614,40.695919061741975,32.414726532209805,48.94546232031464,0.99975
house-tx-34,HOUSE,TX,34,False,standard,Vicente Gonzalez,D,1,Vicente Gonzalez,Eric Flores,,-10.22506904859846,2.0,7.7580469982158204,0.5670429655065609,0.8738995031561011,0.0,0.0,0.0,0.445,1.48592756142731,4.0,2.5788508442741422,0.13028485329685902,0.36190952667333476,5.884304634363133,4.688256216300227,-1.527312449833989,10.881613308258862,0.8383
house-tx-35,HOUSE,TX,35,False,standard,None (new seat),,0,Johnny Garcia,Carlos De La Cruz,,-10.563314149260139,1.0,,-0.1154239105962223,-0.18929024898921243,0.0,0.0,0.0,0.0,0.0,1.0,-6.10325619503905,0.11000000000000001,0.35311816168546517,-2.0531099745596317,-3.4968877806844922,-10.436387777184132,3.3528583772703833,0.2492
house-tx-36,HOUSE,TX,36,False,standard,Brian Babin,R,-1,Rhonda Hart,Brian Babin,,-25.312327790203895,-2.0,1.2204653389580633,-4.272558505421538,-0.42226522038986863,-0.0,0.0,0.0,-0.2305,-0.07029542960545787,,,,0.0,-19.388380226170845,-19.348069601980317,-26.59860477388124,-12.054257873675198,0.00435
house-tx-37,HOUSE,TX,37,False,standard,Greg Casar,D,1,Greg Casar,Lauren Peña,,57.704254135704865,2.0,0.1564659071256935,2.423937150360713,9.911280982296632e-13,0.0,0.0,0.0,0.013,1.151711989011258e-14,,,,0.0,64.67111576153484,64.55647988453141,57.471196368593446,71.71455426316025,0.9999
house-tx-38,HOUSE,TX,38,False,standard,Wesley Hunt,,0,Melissa McDonough,Jon Bonck,,-21.29669299579903,0.0,,-2.5961749643330245,-1.26241530658888,0.0,0.0,0.0,-0.2179999999999999,-0.22967667356939334,,,,0.0,-14.853682139773364,-14.88493663932569,-23.246730627071084,-6.735459987167262,0.01925
house-ut-1,HOUSE,UT,1,False,standard,None (new seat),,0,Ben McAdams,Riley Owen,,24.325735111457707,2.0,,2.682011367190529,0.003727224922735582,0.0,0.0,0.0,0.118,0.0003553031816233294,,,,0.0,31.9733350426614,32.03227283720756,23.764295016585145,40.271576514551434,0.99895
house-ut-2,HOUSE,UT,2,False,standard,Blake Moore,R,-1,Peter Crosby,Blake Moore,,-29.9231434255034,-2.0,11.8569342565702,-4.00714262469264,-0.012068034242961476,-0.0,0.0,0.0,-0.3685,-0.00321177322449483,3.0,-4.635241481921272,0.301770797705796,0.24803779855001165,-29.49379016886667,-23.324157523285557,-29.816031455564076,-16.784133428717194,0.00065
house-ut-3,HOUSE,UT,3,False,standard,Celeste Maloy,R,-1,Kent Udell,Celeste Maloy,,-42.41903846817411,-2.0,4.798317084819732,-3.118280158817572,-5.7240260575201215e-05,-0.0,0.0,0.0,-0.1865000000000001,-7.709945098031968e-06,1.0,-18.579765867179173,0.2909999999999999,0.22610855192756232,-40.49123577988328,-35.50821901050348,-42.06859329606797,-28.915655748357583,0.0001
house-ut-4,HOUSE,UT,4,False,standard,Mike Kennedy,R,-1,Jonny Larsen,Mike Kennedy,,-33.446643564909,-2.0,12.785920534601786,-2.8307521180873545,-0.000723520405725276,-0.0,0.0,0.0,0.0164999999999999,9.137449492453321e-06,1.0,-9.402162540324529,0.2539999999999999,0.24266432120369624,-35.579688487515334,-29.258203986946917,-35.68946498179266,-22.695120978992183,0.0005
house-va-1,HOUSE,VA,1,False,standard,Rob Wittman,R,-1,Shannon Taylor,Rob Wittman,,-5.00442471396264,-2.0,7.674711528138682,-0.944174630078467,-1.5825358071521058,-0.0,0.0,0.0,-0.2395,-0.8697588134302721,3.0,2.088570153229107,0.04633593626258937,0.4328841578429716,-3.0304345489289686,-0.7827116962802247,-6.6941713542812105,5.036901854749914,0.4302
house-va-2,HOUSE,VA,2,False,standard,Jen Kiggans,R,-1,Elaine Luria,Jen Kiggans,,-0.25221671009308466,0.0,3.558796871487511,-0.285934344368051,-0.35562847491774585,0.0,0.0,0.0,0.1815,0.48910143365425635,1.0,-3.2031714179502844,0.06,0.35033032543785697,6.713472872940836,3.2792596413729544,-2.9046530128332986,9.349987466544267,0.75835
house-va-3,HOUSE,VA,3,False,standard,Bobby Scott,D,1,Bobby Scott,Edwin Rivera,,35.171354784672296,2.0,,3.3855102482910024,4.626796775431081e-06,0.0,0.0,0.0,0.012,4.009890538706937e-08,,,,0.0,44.74094192536157,44.82142837950839,37.56875274286632,51.98940117513636,0.99985
house-va-4,HOUSE,VA,4,False,standard,Jennifer McClellan,D,1,Jennifer McClellan,Robert Murray,,33.178227120064946,2.0,1.926106553640481,,0.0,0.0,0.0,0.0,-0.2019999999999999,-8.953057012470072e-07,,,,0.0,44.28405861197682,44.2142330417593,36.9673660158832,51.57058303733312,0.99995
house-va-5,HOUSE,VA,5,False,standard,John McGuire,R,-1,Tom Perriello,John McGuire,,-12.407085063709836,0.0,2.530256581254638,0.138132675845518,0.14851858407708957,0.0,0.0,0.0,0.1984999999999999,0.46242040350580915,3.0,-5.1754387283147105,0.04598757839109559,0.44387746918471155,-7.405728710618397,-6.45756625208225,-12.35444790166685,-0.587462760088616,0.08115
house-va-6,HOUSE,VA,6,False,standard,Ben Cline,R,-1,Beth Macy,Ben Cline,,-24.157705036448466,-2.0,4.653808404577879,-0.0667313378906842,-0.00778051490749228,-0.0,0.0,0.0,-0.0124999999999999,-0.003157770927502985,,,,0.0,-19.61118871266165,-19.5814742618251,-26.92803786153567,-12.375019601187345,0.0045
house-va-7,HOUSE,VA,7,False,standard,Eugene Vindman,D,1,Eugene Vindman,Doug Ollivant,,2.914155482400608,2.0,-0.1426521302539942,3.8350624783316873,1.1000787027991195,0.0,0.0,0.0,-0.2329999999999998,-0.1851187994876961,,,,0.0,15.719402053721659,15.64670163389361,8.424857020320145,22.99798926387162,0.9909
house-va-8,HOUSE,VA,8,False,standard,Don Beyer,D,1,Don Beyer,Tony Sabio,,50.904224479584464,2.0,-2.0577590018806253,4.091817364175643,7.739629133409114e-10,0.0,0.0,0.0,0.075,4.192299113929937e-11,,,,0.0,57.043440173421565,57.06502407917572,49.8228804139823,64.22936517687236,0.99995
house-va-9,HOUSE,VA,9,False,standard,Morgan Griffith,R,-1,Joy Powers,Morgan Griffith,,-44.42581664466825,-2.0,,-3.06821876444428,-9.67911419202487e-05,-0.0,0.0,0.0,-0.0384999999999999,-2.6913314739491306e-06,,,,0.0,-39.5461739640429,-39.542822686668835,-46.7525522256832,-32.33107721812603,0.00045
house-va-10,HOUSE,VA,10,False,standard,Suhas Subramanyam,D,1,Suhas Subramanyam,Dave Beckwith,,8.576451033971418,2.0,-3.886437970558408,2.372240527887434,0.4571900804871225,0.0,0.0,0.0,0.6545,0.273300125211788,,,,0.0,18.388377935890045,18.379845677932234,11.075933596209932,25.770532040899155,0.994
house-va-11,HOUSE,VA,11,False,standard,James Walkinshaw,D,1,James Walkinshaw,Arthur Purves,,35.29116354091677,2.0,,4.525681764703802,4.307125185323109e-06,0.0,0.0,0.0,0.0,0.0,,,,0.0,44.856007467394974,44.82178650990434,37.54276458133227,52.13624961827313,0.99985
house-vt-al,HOUSE,VT,0,False,standard,Becca Balint,D,1,Becca Balint,Gerald Malloy,,32.77043577168019,0.0,,2.6555273388129144,1.6569261025256575e-05,0.0,0.0,0.0,-0.25,-3.3797491961399643e-06,4.0,25.59521045173527,0.13171101049703854,0.3701732433743671,42.432186900824846,36.1916504236147,30.120444771884898,42.29964280931965,0.99995
house-wa-1,HOUSE,WA,1,False,standard,Suzan DelBene,D,1,Suzan DelBene,Mary Silva,,29.71416626019093,2.0,-3.2733632356154514,5.1279509614944905,0.0005842635635346368,0.0,0.0,0.0,-0.118,-4.9792239247896275e-05,,,,0.0,36.12544666542105,36.24143153903141,28.890807126749774,43.59460506336738,0.99965
house-wa-2,HOUSE,WA,2,False,standard,Rick Larsen,D,1,Rick Larsen,Edwin Feller,,24.449358063403622,0.0,3.734410420493576,,0.0,0.0,0.0,0.0,0.101,7.862210443748089e-05,,,,0.0,34.8831654845263,34.87696135512503,27.55741736381891,42.07682903774546,0.99975
house-wa-3,HOUSE,WA,3,False,standard,Marie Gluesenkamp Perez,D,1,Marie Gluesenkamp Perez,John Braun,,-3.396252192645398,0.0,7.412514312502439,1.1723654191744082,0.8593779565015272,0.0,0.0,0.0,-0.1669999999999999,-0.26523435910717247,4.0,-2.224925471147417,0.10510576939953711,0.36836369427508514,11.522472409624028,6.442963442910536,0.3233583126525822,12.676828484103217,0.90945
house-wa-4,HOUSE,WA,4,False,standard,Dan Newhouse,,0,John Duresky,Amanda McKinney,,-21.23632345302414,-1.0,,-1.5963329175543814,-0.7852227315654585,-0.0,0.0,0.0,0.0,0.0,,,,0.0,-14.08461615745491,-14.118843480539663,-22.46805301530961,-5.723515191005942,0.0249
house-wa-5,HOUSE,WA,5,False,standard,Michael Baumgartner,R,-1,Carmela Conroy,Michael Baumgartner,,-11.108555422659757,-2.0,10.079905812644675,-1.472892024901894,-1.1139072536065227,-0.0,0.0,0.0,-0.1494999999999999,-0.24496916166551916,1.0,-11.893180590906317,0.0,0.34592041850626454,-12.079570186471965,-12.034340448171978,-18.185597907642794,-5.770053416042628,0.0138
house-wa-6,HOUSE,WA,6,False,standard,Emily Randall,D,1,Emily Randall,Teresa Fox,,19.891451831750338,2.0,-6.136453702958522,3.2601594523000608,0.03199146260718304,0.0,0.0,0.0,-0.123,-0.0028419082616047598,,,,0.0,27.02166128229931,27.009984000709785,19.825077143915077,34.307352943701176,0.9984
house-wa-7,HOUSE,WA,7,False,standard,Pramila Jayapal,D,1,Pramila Jayapal,Nirav Sheth,,77.56051167435446,2.0,-9.082424552371911,4.804297389255944,2.0924424287652434e-18,0.0,0.0,0.0,0.5045000000000002,7.624046482809364e-19,,,,0.0,78.06975872538322,78.12951692413185,71.00842370125393,85.3000663362138,1.0
house-wa-8,HOUSE,WA,8,False,standard,Kim Schrier,D,1,Kim Schrier,Spencer Meline,,5.966932359880001,2.0,2.3278904041291115,3.7721516102463126,0.7012019345458297,0.0,0.0,0.0,-0.2149999999999998,-0.10888107816975512,,,,0.0,17.44523231619603,17.47724143783425,10.131214149993912,24.834792624027525,0.993
house-wa-9,HOUSE,WA,9,False,standard,Adam Smith,D,1,Adam Smith,Doug Basler,,42.69428737721389,2.0,,4.199446988769716,3.683553975313627e-08,0.0,0.0,0.0,0.6375,1.6959696428006493e-08,,,,0.0,51.939638723559746,51.98161988620891,44.66907818396462,59.24871570776751,0.9999
house-wa-10,HOUSE,WA,10,False,standard,Marilyn Strickland,D,1,Marilyn Strickland,Chris Chung,,18.6042540382684,2.0,-1.1312334145655418,4.478702145625662,0.03785224614660037,0.0,0.0,0.0,0.135,0.003690593999293536,,,,0.0,26.58154716754371,26.609094621746646,19.150982298118077,33.99586765726523,0.9986
house-wi-1,HOUSE,WI,1,False,standard,Bryan Steil,R,-1,Mitchell Berman,Bryan Steil,,-4.574926503161371,-2.0,5.722291735026506,-2.362730412274356,-3.943881565859252,-0.0,0.0,0.0,0.0475000000000001,0.1717890210316629,3.0,-4.2308478942408465,0.03912021875571893,0.4160744753303681,-2.808626997459859,-3.369347382747171,-9.392587156185392,2.5940839606408543,0.2334
house-wi-2,HOUSE,WI,2,False,same_party,Mark Pocan,D,1,Mark Pocan,,D,40.745668109005265,0.0,-0.3391138527341359,,,,,0.0,-0.1119999999999999,,,,,,,,,,1.0
house-wi-3,HOUSE,WI,3,False,standard,Derrick Van Orden,R,-1,Rebecca Cooke,Derrick Van Orden,,-7.513658895468744,-2.0,-4.911379672142732,0.0351813333320443,0.054157859209300746,-0.0,0.0,0.0,0.1575,0.5253174824485817,4.0,-3.1419905848368894,0.03998696344772702,0.40243720550773576,4.127222761335331,1.1834339701127323,-4.706342629969885,7.13791461566238,0.60395
house-wi-4,HOUSE,WI,4,False,standard,Gwen Moore,D,1,Gwen Moore,Tim Rogers,,52.46959330772252,2.0,1.529154114940071,,0.0,0.0,0.0,0.0,0.3595,1.2004888757179492e-11,,,,0.0,60.49553340108213,60.46682060316088,53.322717510492765,67.50782396039189,1.0
house-wi-5,HOUSE,WI,5,False,standard,Scott Fitzgerald,R,-1,Andrew Beck,Scott Fitzgerald,,-22.453536619855047,-2.0,6.353302332530933,-4.188650190590025,-0.43458185402876676,-0.0,0.0,0.0,0.1725000000000001,0.05414165598108389,,,,0.0,-19.16638959709159,-19.14047577719851,-26.532199390393192,-11.940665575492837,0.0039
house-wi-6,HOUSE,WI,6,False,standard,Glenn Grothman,R,-1,Brad Smith,Glenn Grothman,,-16.695392066092158,-2.0,5.774922636417382,-2.0680111854344525,-1.177085112293794,-0.0,0.0,0.0,0.2175,0.26822938051561723,1.0,-27.89318059090631,0.0,0.3366070495155832,-13.393124349602115,-18.20206180127601,-24.48728418164624,-11.992204760874284,0.0021
house-wi-7,HOUSE,WI,7,False,standard,Tom Tiffany,,0,Fred Clark,Michael Alfonso,,-22.842779803336647,1.0,,-1.1224471473670272,-0.39927961517661137,0.0,0.0,0.0,0.0,0.0,,,,0.0,-15.350713147645868,-15.328637397918447,-23.50763962704947,-7.022883654894434,0.018
house-wi-8,HOUSE,WI,8,False,standard,Tony Wied,R,-1,Rick Crosson,Tony Wied,,-16.463834239873304,-1.0,-1.9298058929247877,-2.559960309870283,-2.159140290459578,-0.0,0.0,0.0,0.3065,0.5601059812116203,,,,0.0,-11.56030231796444,-11.539279641987665,-18.806557667590198,-4.286530925058539,0.02915
house-wv-1,HOUSE,WV,1,False,standard,Carol Miller,R,-1,Vince George,Carol Miller,,-45.19875830196956,-2.0,-1.856375774022489,-2.0061016446065367,-0.0001677116197324683,-0.0,0.0,0.0,-0.0965,-1.747952532050013e-05,,,,0.0,-37.773035926508655,-37.82195211776197,-45.05399024408172,-30.581126814737235,0.00025
house-wv-2,HOUSE,WV,2,False,standard,Riley Moore,R,-1,Ace Parsi,Riley Moore,,-40.383313502646374,-2.0,1.030833813858805,-2.233515423091049,-0.00039838878470583504,-0.0,0.0,0.0,-0.1274999999999999,-4.927429675980369e-05,,,,0.0,-36.30010599675263,-36.337720842932406,-43.637266484948015,-29.045196784414877,0.00025
house-wy-al,HOUSE,WY,0,False,standard,Harriet Hageman,,0,Lisa Kinney,Chuck Gray,,-46.95834604821483,0.0,,-3.646279545613131,-7.982646920508366e-05,0.0,0.0,0.0,0.0,0.0,,,,0.0,-39.89545368692938,-39.89973144567381,-48.13095532719378,-31.65372706242455,0.00055
senate-ak,SEN,AK,0,False,rcv_bloc,Dan Sullivan,R,-1,Mary Peltola,Gerald Heikes; Dan J. Sullivan; Dan S. Sullivan,,-13.69312508474994,-1.0,1.4719906238951417,0.3666094504434499,1.113595503929086,-0.0,0.0,11.31671315632245,0.1394999999999999,0.0,20.0,0.2225528967728061,0.028776476104927198,0.6714621818811521,-6.6371014629067595,-2.002963116516922,-7.133507603489831,3.1814034675351177,0.30795
senate-al,SEN,AL,0,False,standard,Tommy Tuberville,R,0,Everett Wess,Barry Moore,,-30.88122385938789,-2.0,,,0.0,-0.0,0.0,0.0,0.0,0.0,2.0,-18.343478073169265,0.13383213835878682,0.6070095904575298,-23.203070232892884,-20.220167168537582,-28.34766314156312,-12.143557729730837,0.00595
senate-ar,SEN,AR,0,False,standard,Tom Cotton,R,-1,Hallie Shoffner,Tom Cotton,,-31.33998647229675,-3.0,,-2.18470237471752,-0.11923228733252077,-0.0,0.0,0.0,0.1705000000000001,0.0,4.0,-8.125836957782134,0.11572375050034427,0.7118135686782925,-25.39451742275774,-13.089142658709328,-20.33712043912285,-5.90078714331641,0.0172
senate-co,SEN,CO,0,False,standard,John Hickenlooper,D,1,John Hickenlooper,Mark Baisley,,11.293083462132921,2.0,-2.9701204541250323,4.59648896867292,0.889352136679046,0.0,0.0,0.0,-0.0499999999999999,-0.0,,,,0.0,20.767750249164166,20.799876808681585,12.937609400699467,28.776935268907888,0.9948
senate-de,SEN,DE,0,False,standard,Chris Coons,D,1,Chris Coons,Michael Katz,,14.958471282996337,2.0,4.239865462704085,3.88472862417668,0.13663619044175607,0.0,0.0,0.0,0.246,0.0,,,,0.0,25.922046694018565,26.024198554733168,18.064356093999105,33.94222427907736,0.9978
senate-fl-special,SEN,FL,0,True,standard,Ashley Moody,R,-1,Angie Nixon,Ashley Moody,,-13.22213886698459,-2.0,,-3.6522466123839634,-10.027661272273967,-0.0,0.0,0.0,0.0,0.0,10.0,-5.21736140097603,0.07488340062079725,0.8053566644762742,-16.83170089273826,-7.438669606650486,-13.617437964622468,-1.2317681357859949,0.0635
senate-ga,SEN,GA,0,False,standard,Jon Ossoff,D,1,Jon Ossoff,Mike Collins,,-2.2087323027962817,1.0,,2.6013219567470403,8.15635473099304,0.0,0.0,0.0,-0.274,-0.0,16.0,8.677377601100334,0.05654354322567774,0.825638685829694,15.606511727267474,9.864832584505026,3.902483804330752,15.81420477696924,0.9781
senate-ia,SEN,IA,0,False,standard,Joni Ernst,R,0,Josh Turek,Ashley Hinson,,-13.445597709596235,-1.0,,-0.6741303388997628,-2.5323934743793868,-0.0,0.0,0.0,0.0,0.0,22.0,2.0274507736979257,0.07598809797390427,0.8207016790865922,-7.96206076011071,0.24889148155929774,-5.668512301396578,6.285203626138728,0.52125
senate-id,SEN,ID,0,False,same_party,Jim Risch,R,-1,,Jim Risch,R,-37.52184118025308,0.0,-2.4760069518199472,,,,,0.0,-0.3195,,,,,,,,,,0.0
senate-il,SEN,IL,0,False,standard,Dick Durbin,D,0,Juliana Stratton,Don Tracy,,11.135530816543426,2.0,,0.8700654221035241,0.32064655994995916,0.0,0.0,0.0,0.0,0.0,,,,0.0,19.39444482177274,19.345741022117263,6.950916451844074,31.90496468828431,0.96405
senate-ks,SEN,KS,0,False,standard,Roger Marshall,R,-1,Adam Hamilton,Roger Marshall,,-16.411473894550323,-3.0,-4.312270332201006,-0.3633284401757001,-0.9962442212863047,-0.0,0.0,0.0,-0.1134999999999999,-0.0,9.0,1.418544106211762,0.07913749312790595,0.5710310002194752,-9.645761033686991,-3.3375804743201347,-8.976101628503345,2.3958450819692843,0.22395
senate-ky,SEN,KY,0,False,standard,Mitch McConnell,R,0,Charles Booker,Andy Barr,,-31.02814203220417,-1.0,,-2.511890508194776,-0.2622678533684189,-0.0,0.0,15.495409793911385,0.0,0.0,2.0,-10.611498298922138,0.1100000750955406,0.4374248240507077,-23.616538473246703,-17.979991506806854,-27.44011960245989,-8.413616116064318,0.01965
senate-la,SEN,LA,0,False,standard,Bill Cassidy,R,0,Jamie Davis,Julia Letlow,,-22.357020818831867,-2.0,,-1.1327858035556986,-1.2195822685255655,-0.0,0.0,0.0,0.0,0.0,2.0,-7.867154597125683,0.08588336902617334,0.5598841037162872,-15.691400035793357,-11.202133473866287,-19.871955674076094,-2.614747224933166,0.0551
senate-ma,SEN,MA,0,False,standard,Ed Markey,D,1,Ed Markey,John Deaton,,25.910638840838516,3.0,0.5085556465280519,1.8615419235886217,0.0015216416330547443,0.0,-0.0,-10.492920014718209,0.072,0.0,11.0,24.040682267019204,0.19854797450131403,0.45985403865594027,35.269271550923094,30.079700758437884,23.979602353238096,36.22386809623022,0.99975
senate-me,SEN,ME,0,False,standard,Susan Collins,R,-1,Troy Jackson,Susan Collins,,7.08861163994892,-2.0,17.18453938781839,,0.0,-0.0,0.0,0.0,-0.9685,-0.0,19.0,1.5310996037755906,0.04552854667780444,0.6625834145683708,7.983756437133739,3.7198230705367843,-1.4850686172520877,9.001840144435773,0.8237
senate-mi,SEN,MI,0,False,standard,Gary Peters,D,0,Abdul El-Sayed,Mike Rogers,,-1.4424736578339323,-2.0,,0.2325586573104284,0.7911926043708406,-0.0,0.0,2.7641752741633407,0.0444999999999999,0.0,42.0,3.444872014150147,0.07154848554491867,0.8326287423177269,7.405673882711516,4.124526910114939,-1.6139381334060623,9.92878474265721,0.8251
senate-mn,SEN,MN,0,False,standard,Tina Smith,D,0,Peggy Flanagan,Michele Tafoya,,4.343404352188957,2.0,,0.2072829546676579,0.3304255641130784,0.0,0.0,0.0,0.0,0.0,11.0,2.211183934193016,0.1097782660433694,0.7773006115330253,12.696431303610614,4.5312816388220885,-1.860503177667512,10.977042681310012,0.8224
senate-ms,SEN,MS,0,False,standard,Cindy Hyde-Smith,R,-1,Scott Colom,Cindy Hyde-Smith,,-23.145028211183686,-2.0,-7.978080670910353,-0.87337473076951,-0.9687759233857944,-0.0,0.0,0.0,0.1634999999999999,0.0,3.0,-8.556358992557847,0.11995691357942562,0.2657681374361795,-15.291363975074038,-13.449492467487568,-20.53618755811959,-6.484141015362308,0.0137
senate-mt,SEN,MT,0,False,standard,Steve Daines,R,0,Alani Bankhead,Kurt Alme,,-20.5780970401637,0.0,,-3.100094666159993,-4.544146303258168,0.0,0.0,0.0,0.0,0.0,10.0,-24.764342175821934,0.35050894585997655,0.6329003649850405,-17.204005645166564,-21.904438379075486,-29.910409757403517,-14.032724317061664,0.0041
senate-nc,SEN,NC,0,False,standard,Thom Tillis,R,0,Roy Cooper,Michael Whatley,,-3.260680202600806,3.0,,1.130924536490559,4.442745465233042,0.0,0.0,2.8002416298553774,0.0,0.0,40.0,10.218292267173386,0.08959773106161974,0.8179482950681723,9.242607399125836,10.025133108152543,3.9522182623326945,16.132526033498475,0.97525
senate-ne,SEN,NE,0,False,independent,Pete Ricketts,R,0,,Pete Ricketts,Dan Osborn,-20.840683303897794,-3.0,,,0.0,-0.0,0.0,0.0,0.0,0.0,12.0,-2.0609283113483183,0.07591211329143112,0.8207226466840698,-2.9271027136181025,-2.208820872329457,-8.742797415190381,4.399456203415194,0.3295
senate-nh,SEN,NH,0,False,standard,Jeanne Shaheen,D,0,Chris Pappas,John E. Sununu,,2.821214946726764,-1.0,,1.3443960496856378,2.7338685882104885,-0.0,0.0,0.0,0.0,0.0,24.0,6.250642525532231,0.09729407865122372,0.8022856141745296,13.590089350340586,7.671456561930332,1.400232927996812,14.006729833338898,0.94005
senate-nj,SEN,NJ,0,False,standard,Cory Booker,D,1,Cory Booker,Justin Murphy,,6.027747433233515,2.0,1.8359211034842104,6.424778117547163,2.2245104562739364,0.0,0.0,0.0,-0.6555,-0.0,,,,0.0,18.44584429305395,18.479366558589334,10.617154248278467,26.33207139497139,0.99245
senate-nm,SEN,NM,0,False,standard,Ben Ray Luján,D,1,Ben Ray Luján,Larry Marker,,6.141812228647307,3.0,,4.998948239051213,2.4717094213054254,0.0,0.0,0.0,0.032,0.0,1.0,15.60854762398974,0.09,0.5757589234404099,18.21838980749742,16.80520356571474,8.331131698459291,25.315754670162303,0.98495
senate-oh-special,SEN,OH,0,True,standard,Jon Husted,R,-1,Sherrod Brown,Jon Husted,,-11.313229427274072,0.0,,0.9874911283901482,3.858752885024015,0.0,0.0,3.135714439187865,-0.0179999999999999,-0.0,28.0,3.738855522900794,0.09080461462664438,0.8104820542294704,-1.0200410925882735,2.8869658235712023,-3.1938867672491495,9.02741147796266,0.733
senate-ok,SEN,OK,0,False,standard,Alan Armstrong,R,0,N'Kiyla Jasmine Thomas,Kevin Hern,,-34.94008381234161,-2.0,,-4.733979580565153,-0.07557184080374629,-0.0,0.0,0.0,0.0,0.0,1.0,-24.06025626658199,0.26,0.3924515862192776,-27.46479751310237,-26.15380379222594,-36.00670343496324,-16.351417191698275,0.0055
senate-or,SEN,OR,0,False,standard,Jeff Merkley,D,1,Jeff Merkley,David Brock Smith,,14.866116069775194,2.0,3.023806470271399,4.401444948859762,0.1619861158064734,0.0,0.0,0.0,-0.2629999999999999,-0.0,,,,0.0,25.467720859371134,25.438981148223213,17.54034819368327,33.2234910887328,0.99775
senate-ri,SEN,RI,0,False,standard,Jack Reed,D,1,Jack Reed,Raymond McKay,,14.162406267890672,2.0,13.344478460004396,3.4593541539465287,0.06167695650531862,0.0,0.0,0.0,0.3065,0.0,4.0,19.136462462323585,0.14868028055190596,0.44767136813509517,27.979890469344916,24.04665996729444,17.921681923885846,30.241060961209467,0.9994
senate-sc,SEN,SC,0,False,standard,Darline Graham,R,-1,Annie Andrews,Darline Graham,,-18.123365227038146,-3.0,-2.800733662357596,3.371677357151427,6.088823817227508,-0.0,0.0,0.0,0.0,0.0,9.0,-0.48094376076462686,0.10979626391426565,0.5353649415034405,-4.780190448737463,-2.449914738912999,-8.389566815261846,3.337716199878488,0.29055
senate-sd,SEN,SD,0,False,same_party,Mike Rounds,R,-1,,Mike Rounds,R,-29.890199073853058,0.0,3.237586778515133,,,,,0.0,-0.1885000000000001,,,,,,,,,,0.0
senate-tn,SEN,TN,0,False,standard,Bill Hagerty,R,-1,Marquita Bradshaw,Bill Hagerty,,-30.121099654993333,-3.0,2.751456219205909,-6.430701456889573,-0.1864944197447277,-0.0,0.0,-2.751456219205909,0.1665000000000001,0.0,1.0,-20.209635742764046,0.18,0.28370851123678337,-25.088139975863733,-23.7074215434699,-30.546995250987866,-16.636083239579325,0.00145
senate-tx,SEN,TX,0,False,standard,John Cornyn,R,0,James Talarico,Ken Paxton,,-13.878067801618457,-1.0,,2.00170832364325,7.2661825755853835,-0.0,0.0,0.0,0.0,0.0,43.0,2.46713879512684,0.0640267628345326,0.838354108326172,1.3996947467169538,2.3020694872046596,-3.55243185021183,8.160413262064504,0.69485
senate-va,SEN,VA,0,False,standard,Mark Warner,D,1,Mark Warner,Bert Mizusawa,,5.891296826702209,3.0,3.1498030586139123,4.179985577981367,2.0847793474389893,0.0,0.0,0.0,0.211,0.0,2.0,17.588908209091983,0.16923735023099656,0.27812653413037314,18.591550865253442,18.299452002246653,11.421842101766684,25.306596164059275,0.9958
senate-wv,SEN,WV,0,False,standard,Shelley Moore Capito,R,-1,Rachel Fetty Anderson,Shelley Moore Capito,,-42.687784560047604,-2.0,3.5317300493123085,-4.71739321730529,-0.0005604150905897479,-0.0,0.0,0.0,-0.3605,-0.0,,,,0.0,-38.1629621532707,-38.21796669543877,-46.019304017554354,-30.22359541601457,0.00075
senate-wy,SEN,WY,0,False,standard,Cynthia Lummis,R,0,James W. Byrd,Harriet Hageman,,-46.95834604821483,-1.0,,-4.268705561410005,-0.00021904763256610845,-0.0,-0.0,-0.24938302490707986,0.0,0.0,,,,0.0,-39.89559290968351,-39.83480105289253,-52.22386871209342,-27.63034371797298,0.00385
